,n,t_MAP_SCADA,t_MAP_PMU,t_WLS,caso
0,0,0.016125468995596748,0.003960476999054663,0.026299944998754654,1
1,0,0.016055439999036025,0.0039323480013990775,0.025092304997087922,3
2,0,0.01614768600120442,0.0031772629954502918,0.02526897200004896,5
3,0,0.01586481500271475,0.004027536000648979,0.025127449000137858,7
4,0,0.01571383599366527,0.003905331999703776,0.02479856799618574,9
5,0,0.015494679995754268,0.0038212360013858415,0.024699117995623965,11
6,0,0.015473129002202768,0.0038534550039912574,0.024904174002585933,13
7,0,0.01589566499751527,0.004016341001261026,0.02489261099981377,15
8,0,0.015449859005457256,0.003856059003737755,0.02780697599519044,17
9,0,0.0155039039964322,0.0038324320048559457,0.024814568998408504,19
10,0,0.01533248700434342,0.0040965389998746105,0.024559518999012653,21
11,0,0.015491356003622059,0.0038151779954205267,0.02450643300107913,23
12,0,0.015892942996288184,0.003837841002678033,0.027120594000734854,25
13,0,0.015807283998583443,0.004637574005755596,0.025563897004758473,27
14,0,0.01556256299954839,0.004621189000317827,0.025036159000592306,29
15,0,0.015604697000526357,0.004661593004129827,0.02781047300231876,31
16,0,0.015571232004731428,0.004614181998476852,0.02739330400072504,33
17,0,0.015631498994480353,0.004604006004228722,0.02741143100138288,35
18,0,0.015792768004757818,0.004740591000881977,0.027699701000528876,37
19,0,0.015794826998899225,0.004604257999744732,0.02755988499848172,39
20,0,0.013545499001338612,0.003885115002049133,0.027580923000641633,41
21,0,0.014567482998245396,0.003950296995753888,0.026241754996590316,43
22,0,0.013708186001167633,0.00401732099999208,0.02487168000516249,45
23,0,0.016568569997616578,0.004039161001855973,0.028473560996644665,47
24,0,0.01393489800102543,0.0038460319992736913,0.027606695999566,49
25,0,0.013728557001741137,0.0037986329989507794,0.024519380000128876,51
26,0,0.013778324995655566,0.00383133099967381,0.0274103989941068,53
27,0,0.013705579003726598,0.0038967069995123893,0.027522240998223424,55
28,0,0.013753929000813514,0.0038638069963781163,0.027395678000175394,57
29,0,0.013746974000241607,0.0038781289986218326,0.027639959997031838,59
30,0,0.013922641999670304,0.0038730430023861118,0.025208427003235556,61
31,0,0.014515328002744354,0.003854601993225515,0.027152575996296946,63
32,0,0.013735469001403544,0.0038147810046211816,0.0271124709979631,65
33,0,0.04901870799949393,0.0038531180034624413,0.024863253995135892,67
34,0,0.01406610900448868,0.003932781997718848,0.024672245999681763,69
35,0,0.014220138000382576,0.005567579995840788,0.02762560900009703,71
36,0,0.01386189200275112,0.005599061005341355,0.028080543997930363,73
37,0,0.013850351999280974,0.0055702609970467165,0.027668508999340702,75
38,0,0.014085241004067939,0.00555787199846236,0.02776724100112915,77
39,0,0.013775505001831334,0.005558295997616369,0.027472290996229276,79
40,0,0.016146397996635642,0.003937806999601889,0.025024579001183156,81
41,0,0.015841088999877684,0.003925217002688441,0.02486880699871108,83
42,0,0.015667991996451747,0.0039693650032859296,0.025223746000847314,85
43,0,0.015708034006820526,0.0039863819984020665,0.02587294600380119,87
44,0,0.015942573998472653,0.003977747001044918,0.025181030003295746,89
45,0,0.016221133999351878,0.003950323996832594,0.02484184499917319,91
46,0,0.015562608001346234,0.003903279997757636,0.024982101000205148,93
47,0,0.01595850299781887,0.003879442003380973,0.02485626000270713,95
48,0,0.015429650004080031,0.003835445997538045,0.024906851998821367,97
49,0,0.01583919699623948,0.0038377110031433403,0.025169327003823128,99
50,0,0.015508661999774631,0.004612866003299132,0.025124079998931848,101
51,0,0.015487858996493742,0.004675473996030632,0.02507995600171853,103
52,0,0.018008498998824507,0.004684874998929445,0.024775350000709295,105
53,0,0.016050484002334997,0.004610814001352992,0.02523327199742198,107
54,0,0.01555179400020279,0.004561967994959559,0.02494610099529382,109
55,0,0.015556862999801524,0.004608649993315339,0.02502269200340379,111
56,0,0.015484326999285258,0.004580627006362192,0.024753075005719438,113
57,0,0.015573860000586137,0.004679755998949986,0.02568245499423938,115
58,0,0.015756922999571543,0.004679012003180105,0.025306727999122813,117
59,0,0.015450533006514888,0.004610489995684475,0.02521402999991551,119
60,0,0.015499300003284588,0.0038352940027834848,0.024911738000810146,121
61,0,0.01592463300039526,0.003906587997335009,0.0259515419966192,123
62,0,0.015668000000005122,0.003886386002704967,0.024953524996817578,125
63,0,0.01579717199638253,0.003905566001776606,0.0249265159945935,127
64,0,0.015390904001833405,0.0038563859998248518,0.02536973200039938,129
65,0,0.015469804995518643,0.0038898009952390566,0.0246928230044432,131
66,0,0.015477020002435893,0.0038667699991492555,0.02467152799363248,133
67,0,0.01566657800140092,0.003931368999474216,0.024988484001369216,135
68,0,0.015593747004459146,0.0038250840007094666,0.02474220599833643,137
69,0,0.01557222399424063,0.003864764999889303,0.0248529949967633,139
70,0,0.015354504001152236,0.006104744999902323,0.02769595900463173,141
71,0,0.015405386002385058,0.006057955004507676,0.02768043700052658,143
72,0,0.01537085699965246,0.006071556003007572,0.02707281800394412,145
73,0,0.015707543003372848,0.006078532998799346,0.02726616900326917,147
74,0,0.015989840001566336,0.006197028997121379,0.028146708995336667,149
75,0,0.01598166500480147,0.0062914020018070005,0.02792486200632993,151
76,0,0.015603036001266446,0.006106674001784995,0.027919879998080432,153
77,0,0.015497884000069462,0.005326910002622753,0.02788260499801254,155
78,0,0.01616638000268722,0.00603492100344738,0.027454424001916777,157
79,0,0.01544961200124817,0.006031949997122865,0.02778848199523054,159
80,1,0.015474604006158188,0.004590766999172047,0.025322781002614647,1
81,1,0.01590802799910307,0.004572000994812697,0.024727875999815296,3
82,1,0.015433253996889107,0.0031020930036902428,0.02497753100033151,5
83,1,0.015434264998475555,0.0038594149955315515,0.024440521003270987,7
84,1,0.015376736999314744,0.0038243570015765727,0.024538920995837543,9
85,1,0.015408942999783903,0.0038625800007139333,0.024475737001921516,11
86,1,0.01550440100254491,0.0038494860054925084,0.02486664099706104,13
87,1,0.015360878001956735,0.004590065997035708,0.02482793599483557,15
88,1,0.01546720000624191,0.0038756889989599586,0.02499294599692803,17
89,1,0.015493298997171223,0.003912672997103073,0.024565637999330647,19
90,1,0.016067277996626217,0.0039003550045890734,0.024957155001175124,21
91,1,0.015402166005515028,0.0038811050035292283,0.0246151169994846,23
92,1,0.015531556004134472,0.003833306996966712,0.02766663299553329,25
93,1,0.015369720000308007,0.003872777000651695,0.027054277998104226,27
94,1,0.015356197996879928,0.0040092560011544265,0.027310398996633012,29
95,1,0.015876439996645786,0.0038676159965689294,0.027322186004312243,31
96,1,0.015886893001152202,0.0038662749939248897,0.027221645003010053,33
97,1,0.015715569999883883,0.00384184699942125,0.02800570499675814,35
98,1,0.015727660997072235,0.003981619003752712,0.027324408998538274,37
99,1,0.015496230000280775,0.0038408690015785396,0.027433993003796786,39
100,1,0.013817974999255966,0.003099686997302342,0.025477957002294715,41
101,1,0.013558793994889129,0.0031133299999055453,0.024776361999101937,43
102,1,0.013632103997224476,0.0031021519971545786,0.025259180001739878,45
103,1,0.01362184299796354,0.003105834999587387,0.02484085300238803,47
104,1,0.014678576000733301,0.0032255650003207847,0.024690443999134004,49
105,1,0.013641001001815312,0.0031061100016813725,0.025077380996663123,51
106,1,0.013508513002307154,0.003076379005506169,0.0255041100026574,53
107,1,0.01365712199913105,0.0030857699966873042,0.024351085994567256,55
108,1,0.013493182006641291,0.0030954419999034144,0.02509811100026127,57
109,1,0.013965029000246432,0.003125354996882379,0.024576854004408233,59
110,1,0.013882632003515027,0.0030939479984226637,0.024600117998488713,61
111,1,0.014236265000363346,0.0041521390012349,0.026265341002726927,63
112,1,0.014054573999601416,0.003099307003139984,0.024962832998426165,65
113,1,0.013873126001271885,0.00308103999850573,0.02477570100018056,67
114,1,0.014001974996062927,0.003427299001486972,0.02442917000007583,69
115,1,0.014684825997392181,0.00620825700025307,0.029584955002064817,71
116,1,0.013625897001475096,0.0061952290052431636,0.027600741996138822,73
117,1,0.013784752998617478,0.006207201004144736,0.027803267003037035,75
118,1,0.013449229998514056,0.006310261000180617,0.026951283995003905,77
119,1,0.013803155998175498,0.0062042899953667074,0.027481493998493534,79
120,1,0.016722252999898046,0.004905862995656207,0.024884751001081895,81
121,1,0.015992234002624173,0.004592864999722224,0.02526804499939317,83
122,1,0.016100558001198806,0.004603307999786921,0.024701688998902682,85
123,1,0.015757345005113166,0.004608919000020251,0.029457053999067284,87
124,1,0.015389177999168169,0.004570019998936914,0.024422947004495654,89
125,1,0.016548365005292,0.004882599001575727,0.025160184006381314,91
126,1,0.015316858996811789,0.004554383005597629,0.025406560002011247,93
127,1,0.015583462998620234,0.004686871005105786,0.024811414994474035,95
128,1,0.015828581003006548,0.004671198999858461,0.024737229003221728,97
129,1,0.016327511999406852,0.004715531998954248,0.026280261001375038,99
130,1,0.015306086999771651,0.0038736249989597127,0.02460756499931449,101
131,1,0.015395955000713002,0.0038478279966511764,0.024640916999487672,103
132,1,0.015259157000400592,0.003857021001749672,0.024544635001802817,105
133,1,0.015343434002716094,0.00385177099815337,0.024396380998950917,107
134,1,0.016057859997090418,0.003904839002643712,0.025346644993987866,109
135,1,0.01681438800005708,0.003952932995161973,0.02860450300067896,111
136,1,0.015425484998559114,0.0038986430008662865,0.02560954599903198,113
137,1,0.015423474003910087,0.0038870420030434616,0.024897998999222182,115
138,1,0.016057241999078542,0.004000414999609347,0.025149510001938324,117
139,1,0.015577941994706634,0.0038990480024949647,0.02476615300111007,119
140,1,0.015717914000560995,0.003968971002905164,0.025183424004353583,121
141,1,0.015790074001415633,0.0039049650004017167,0.02515944200422382,123
142,1,0.0157475029991474,0.003935084001568612,0.02521918799902778,125
143,1,0.015755222004372627,0.0038465430043288507,0.025355042002047412,127
144,1,0.015867801004787907,0.003882987999531906,0.025476153998170048,129
145,1,0.015813821002666373,0.0038977220028755255,0.02505689700046787,131
146,1,0.016667255003994796,0.00550377499894239,0.025331306998850778,133
147,1,0.015533685000264086,0.003971451005782001,0.025688622998131905,135
148,1,0.01619245899928501,0.0039697839965811,0.02472629799740389,137
149,1,0.01582264200260397,0.0038646370012429543,0.024897948998841457,139
150,1,0.01620030900085112,0.006515634995594155,0.027452075002656784,141
151,1,0.015541824999672826,0.00611511599709047,0.027962261003267486,143
152,1,0.01531619700108422,0.005372177001845557,0.02709678300016094,145
153,1,0.01579995900101494,0.006053243007045239,0.027515649002452847,147
154,1,0.015580844999931287,0.006081226005335338,0.02765119400282856,149
155,1,0.015263017994584516,0.006049377996532712,0.02760094700352056,151
156,1,0.015542836001259275,0.006059024002752267,0.027834398002596572,153
157,1,0.015621685997757595,0.006107018998591229,0.027279921996523626,155
158,1,0.016339394998794887,0.0062215810030465946,0.02735482899879571,157
159,1,0.015952319001371507,0.006156586001452524,0.028339076998236123,159
160,2,0.015715875997557305,0.003904983001120854,0.025483088997134473,1
161,2,0.015371764005976729,0.003837345000647474,0.02455345899943495,3
162,2,0.01541582200297853,0.003109035002125893,0.024572984999394976,5
163,2,0.015570511000987608,0.003099451001617126,0.024772379001660738,7
164,2,0.015406247002829332,0.0038806340016890317,0.02465534499788191,9
165,2,0.015466753000509925,0.0031074799990165047,0.024779810999461915,11
166,2,0.015762527000333648,0.003881536998960655,0.02437132400518749,13
167,2,0.015473334002308547,0.0038302590037346818,0.027086592999694403,15
168,2,0.015464665004401468,0.0031670859971200116,0.024830852999002673,17
169,2,0.01901159800036112,0.0031475329960812815,0.024650813997141086,19
170,2,0.015553047000139486,0.004830618003325071,0.02481594699929701,21
171,2,0.015754156003822573,0.003831648005871102,0.024645386001793668,23
172,2,0.015709544997662306,0.004342599000665359,0.024853864997567143,25
173,2,0.015694134999648668,0.0045707190001849085,0.02493232199776685,27
174,2,0.015633240996976383,0.004128625005250797,0.024876899995433632,29
175,2,0.015712639993580524,0.004094285002793185,0.02540673699695617,31
176,2,0.015491690995986573,0.004583597998134792,0.027470210996398237,33
177,2,0.01604791799763916,0.00464969399763504,0.027473879003082402,35
178,2,0.01569811999797821,0.004604164001648314,0.027756736999435816,37
179,2,0.015593778996844776,0.00458488600270357,0.027234425993810873,39
180,2,0.014179161997162737,0.003121162997558713,0.024690730002475902,41
181,2,0.014564705998054706,0.0031126379981287755,0.02469372499763267,43
182,2,0.01392850399861345,0.0031130229981499724,0.024928589002229273,45
183,2,0.013832944001478609,0.0030895019954186864,0.025253440006054007,47
184,2,0.01363480200234335,0.0031047809970914386,0.024679957001353614,49
185,2,0.02149551099864766,0.003230929003620986,0.02440982699772576,51
186,2,0.0135989789996529,0.0031340209970949218,0.025187529005052056,53
187,2,0.014441872001043521,0.003150550001009833,0.024626580001495313,55
188,2,0.013437029003398493,0.0030581899991375394,0.024291166999319103,57
189,2,0.01362569400225766,0.003137945997877978,0.02452604800055269,59
190,2,0.013788199998089112,0.0031253610068233684,0.02494041399768321,61
191,2,0.013634242997795809,0.0031701319967396557,0.024921826996433083,63
192,2,0.013659522999660112,0.0031405819972860627,0.02504362699983176,65
193,2,0.013777076004771516,0.0031256689981091768,0.02472182199562667,67
194,2,0.013623897000798024,0.0031024659983813763,0.025243588999728672,69
195,2,0.013977357004478108,0.005542448001506273,0.02736420399742201,71
196,2,0.014093582998611964,0.005482888998812996,0.027889534998394083,73
197,2,0.013770156001555733,0.005454967002151534,0.02765693800029112,75
198,2,0.013615208998089656,0.005482971995661501,0.027935031001106836,77
199,2,0.013626094005303457,0.005465016001835465,0.02716824199887924,79
200,2,0.015435801004059613,0.0031274549983209,0.02530735199979972,81
201,2,0.015703298995504156,0.0030856049997964874,0.02581957299844362,83
202,2,0.015519234002567828,0.0031002350006019697,0.02491046999784885,85
203,2,0.015891989001829643,0.003080811999097932,0.024673348001670092,87
204,2,0.01584912699763663,0.0038403380021918565,0.02608974500617478,89
205,2,0.015477517998078838,0.0038514690022566356,0.025857321001240052,91
206,2,0.015900507001788355,0.0038532439939444885,0.025155531002383213,93
207,2,0.01542075500037754,0.003099225999903865,0.025295567997090984,95
208,2,0.01540023399866186,0.0030908510016161017,0.024790650000795722,97
209,2,0.015422184005728923,0.0030854959986754693,0.0245344099967042,99
210,2,0.015458128000318538,0.004522055001871195,0.024549909998313524,101
211,2,0.015425805002450943,0.004566969000734389,0.024676605004060548,103
212,2,0.015585575005388819,0.004591256998537574,0.024606088001746684,105
213,2,0.015903236999292858,0.00461622400325723,0.024845545005518943,107
214,2,0.01591103399550775,0.004596749000484124,0.025037778999831062,109
215,2,0.015532309000263922,0.004574729005980771,0.02462573900265852,111
216,2,0.016315995002514683,0.004551787002128549,0.025108210000325926,113
217,2,0.015440846000274178,0.004563790003885515,0.024861685000360012,115
218,2,0.015382878998934757,0.004596403996401932,0.024758184001257177,117
219,2,0.015622589002305176,0.004642837004212197,0.024659055001393426,119
220,2,0.015578548998746555,0.0038663000013912097,0.027971781004453078,121
221,2,0.015401741002278868,0.0038369519970729016,0.024601477998658083,123
222,2,0.015454380001756363,0.003858366995700635,0.025029696997080464,125
223,2,0.015487153999856673,0.003135270999337081,0.024722205998841673,127
224,2,0.015805953000381123,0.003160118001687806,0.02529501800017897,129
225,2,0.015818603002117015,0.003119239001534879,0.025819280002906453,131
226,2,0.01565807100269012,0.0031793679954716936,0.025315120998129714,133
227,2,0.01610632299707504,0.004148692998569459,0.025259105997974984,135
228,2,0.015268957999069244,0.00383821200375678,0.024530333997972775,137
229,2,0.015377500996692106,0.0038748030056012794,0.024727711999730673,139
230,2,0.015326289998483844,0.005298552998283412,0.027347914001438767,141
231,2,0.015399792995594908,0.005281202000332996,0.027299442001094576,143
232,2,0.01531609599624062,0.00532837300124811,0.02713040099479258,145
233,2,0.015325943000789266,0.0052773459974559955,0.027246594996540807,147
234,2,0.015263246998074464,0.0052823809965047985,0.02732871999614872,149
235,2,0.015516393999860156,0.005401627997343894,0.027202037003007717,151
236,2,0.015650676999939606,0.005286100000375882,0.027853592997416854,153
237,2,0.015713080996647477,0.0053224219955154695,0.027320337998389732,155
238,2,0.015437670997926034,0.005298683994624298,0.027321401998051442,157
239,2,0.015413410001201555,0.005302060002577491,0.027620831999229267,159
240,3,0.015795972998603247,0.003877904004184529,0.025977367004088592,1
241,3,0.015718807000666857,0.0039639239985262975,0.02559263700095471,3
242,3,0.016208057997573633,0.003197081998223439,0.032806585004436783,5
243,3,0.016193673000088893,0.0034483630006434396,0.025095797005633358,7
244,3,0.015877413999987766,0.003933565996703692,0.02532760499889264,9
245,3,0.015499954999540932,0.0031355609971797094,0.02465744400251424,11
246,3,0.015962774996296503,0.003158873994834721,0.024939720999100246,13
247,3,0.016075414001534227,0.0031774870003573596,0.025422557002457324,15
248,3,0.02229424999677576,0.0032011349976528436,0.024516290999599732,17
249,3,0.01572615199984284,0.0031380180007545277,0.025473667999904137,19
250,3,0.015616791999491397,0.003889289000653662,0.02502034899953287,21
251,3,0.015658149000955746,0.0031374099999084137,0.024790488998405635,23
252,3,0.015496517000428867,0.003851806999591645,0.02458183900307631,25
253,3,0.01682729500316782,0.003955941996537149,0.024732632002269384,27
254,3,0.017636828000831883,0.01067291999788722,0.02563113199721556,29
255,3,0.01534079800330801,0.004616357997292653,0.02789533099712571,31
256,3,0.015301384002668783,0.004575079998176079,0.026976116001605988,33
257,3,0.015743358999316115,0.004571869998471811,0.02718583299429156,35
258,3,0.015436927002156153,0.004602584995154757,0.027299620996927842,37
259,3,0.015753928004414774,0.004633996002667118,0.02716669700021157,39
260,3,0.013709975995880086,0.0046484240010613576,0.024658233000081964,41
261,3,0.014267787002609111,0.0038961679965723306,0.02483048399881227,43
262,3,0.01370734500233084,0.0038731370004825294,0.0253673789993627,45
263,3,0.013719637005124241,0.003868716004944872,0.02476642399415141,47
264,3,0.013699297000130173,0.00384722399758175,0.02475871900242055,49
265,3,0.013651442000991665,0.0038162050041137263,0.024892687993997242,51
266,3,0.014659442000265699,0.0046309280005516484,0.02475931100343587,53
267,3,0.01358390099630924,0.0038448099949164316,0.025047419003385585,55
268,3,0.017719224997563288,0.0039571789966430515,0.025916718994267285,57
269,3,0.013775130995782092,0.0039404419949278235,0.025167812003928702,59
270,3,0.013621684003737755,0.0038248150012805127,0.024968110999907367,61
271,3,0.013586385000962764,0.0038323240005411208,0.024894212001527194,63
272,3,0.013637361997098196,0.0038184669974725693,0.025373911004862748,65
273,3,0.014243409998016432,0.004010287004348356,0.02504370299720904,67
274,3,0.014109449999523349,0.0039046039964887314,0.02529674000106752,69
275,3,0.014438170001085382,0.005856491996382829,0.027569165999011602,71
276,3,0.013747418001003098,0.005448233998322394,0.02757643099903362,73
277,3,0.013755942003626842,0.005455581995192915,0.028315054994891398,75
278,3,0.013950009000836872,0.005508238995389547,0.027534567001566757,77
279,3,0.014309398997284006,0.005493788004969247,0.027806851001514588,79
280,3,0.016012485000828747,0.0031231070024659857,0.0249236009985907,81
281,3,0.015734141998109408,0.003108718003204558,0.024746661001699977,83
282,3,0.015507834999880288,0.0031132430012803525,0.025165841994748916,85
283,3,0.015773428000102285,0.00324865600123303,0.025796297995839268,87
284,3,0.01580439600365935,0.0031926360024954192,0.025271328995586373,89
285,3,0.015794283004652243,0.003144071000861004,0.024721827001485508,91
286,3,0.015426466001372319,0.003897428003256209,0.024917604998336174,93
287,3,0.015411170999868773,0.003132293000817299,0.025516483998217154,95
288,3,0.015466067001398187,0.0031195449992083013,0.024904174999392126,97
289,3,0.015851085001486354,0.0031062950001796708,0.02457099300227128,99
290,3,0.01612331399519462,0.0047159500027191825,0.024920931995438877,101
291,3,0.015737014000478666,0.004651454000850208,0.02561827900353819,103
292,3,0.015775669999129605,0.004593469995597843,0.024801092004054226,105
293,3,0.015546343995083589,0.004623360000550747,0.02488335499947425,107
294,3,0.015929941000649706,0.0046917539948481135,0.02503339800023241,109
295,3,0.015739116999611724,0.004702233003627043,0.025080020997847896,111
296,3,0.015418794995639473,0.004589434000081383,0.024739104002946988,113
297,3,0.015459864000149537,0.004598280997015536,0.024905527003284078,115
298,3,0.015450497005076613,0.004588720999890938,0.025466660998063162,117
299,3,0.015591713003232144,0.004588049996527843,0.02519162899989169,119
300,3,0.015572145995975006,0.003120765002677217,0.025565304000338074,121
301,3,0.015856841004278976,0.003116896994470153,0.02501500499784015,123
302,3,0.015986967002390884,0.00310942399664782,0.024622485994768795,125
303,3,0.015327934001106769,0.003086275995883625,0.024382165000133682,127
304,3,0.015674825001042336,0.003105488001892809,0.025161664001643658,129
305,3,0.015501642003073357,0.0031198360011330806,0.02489280699955998,131
306,3,0.01588683299632976,0.0030951279986766167,0.025039748004928697,133
307,3,0.015665422994061373,0.003847801999654621,0.025341673004732,135
308,3,0.015237425999657717,0.0031178190038190223,0.026297044001694303,137
309,3,0.01563457600423135,0.0031029589954414405,0.025021736000780948,139
310,3,0.01518414099700749,0.006012835998262744,0.02695164899341762,141
311,3,0.015275965000910219,0.006060851999791339,0.026903030004177708,143
312,3,0.015298969003197271,0.006116300995927304,0.027741334000893403,145
313,3,0.015588464004395064,0.006037005005055107,0.027772624998760875,147
314,3,0.01604354400478769,0.006101113998738583,0.029778609998174943,149
315,3,0.01541413199447561,0.005967889999737963,0.02779429799556965,151
316,3,0.015525572001934052,0.006036840997694526,0.027257982997980434,153
317,3,0.015378231997601688,0.006030201002431568,0.027462372003355995,155
318,3,0.015436333997058682,0.007286127998668235,0.02748072900430998,157
319,3,0.015551946999039501,0.0060922490010852925,0.02782767800090369,159
320,4,0.01553608099493431,0.0038711180022801273,0.02585333099705167,1
321,4,0.015557857994281221,0.0038364629945135675,0.024954263994004577,3
322,4,0.01595141799771227,0.004678529003285803,0.024511107003490906,5
323,4,0.01551667300373083,0.003856380993966013,0.025050139003724325,7
324,4,0.015465177995793056,0.0038580449981964193,0.025459124000917654,9
325,4,0.015724179000244476,0.004093545001524035,0.025155231000098865,11
326,4,0.01546333000442246,0.003882914999849163,0.024738510001043323,13
327,4,0.01568633999704616,0.003900827003235463,0.02513236500089988,15
328,4,0.015970242995535955,0.004018476000055671,0.02453899700049078,17
329,4,0.015428167003847193,0.0038384929939638823,0.024454663005599286,19
330,4,0.015458352005225606,0.00387590000173077,0.02543492099357536,21
331,4,0.015414190995215904,0.0038971070025581867,0.025398881000000983,23
332,4,0.015789672994287685,0.004596578997734468,0.02469457899860572,25
333,4,0.015407092003442813,0.0038381600024877116,0.024659114998939913,27
334,4,0.015468008998141158,0.004608137001923751,0.025029871998413,29
335,4,0.015611356997396797,0.004614644996763673,0.02497968800162198,31
336,4,0.01537724999798229,0.004633450000255834,0.027983182997559197,33
337,4,0.015608588000759482,0.00468794100015657,0.02751129899843363,35
338,4,0.015318971003580373,0.004619186001946218,0.02757004799786955,37
339,4,0.015485676005482674,0.004643758002202958,0.027139510995766614,39
340,4,0.013671127999259625,0.0039008099993225187,0.025210095001966693,41
341,4,0.01368389900017064,0.0038554089987883344,0.02521318000071915,43
342,4,0.013751995997154154,0.0038379939942387864,0.024531221999495756,45
343,4,0.013624612998683006,0.003871467000863049,0.0270367180055473,47
344,4,0.013644008999108337,0.003913692002242897,0.02722037500643637,49
345,4,0.013597317003586795,0.0038463259988930076,0.02459536000242224,51
346,4,0.013915128001826815,0.00389359599648742,0.02527550800004974,53
347,4,0.013771325000561774,0.003846275998512283,0.02760928300267551,55
348,4,0.013564029999542981,0.003866834995278623,0.024921601005189586,57
349,4,0.013606979002361186,0.003875285001413431,0.02493494699592702,59
350,4,0.013884324005630333,0.003908892002073117,0.02804142799868714,61
351,4,0.013707760997931473,0.0038521550013683736,0.027459732998977415,63
352,4,0.014086620998568833,0.0039043659999151714,0.027450175999547355,65
353,4,0.013955190006527118,0.003854319998936262,0.02502017199731199,67
354,4,0.01368302600167226,0.0038811010017525405,0.02470247700694017,69
355,4,0.013789716998871882,0.0046391299983952194,0.02761797499988461,71
356,4,0.013672514003701508,0.004650201997719705,0.02727069300453877,73
357,4,0.013713248001295142,0.004632227995898575,0.027450702000351157,75
358,4,0.013750221994996537,0.004622934000508394,0.027239825001743156,77
359,4,0.014075324004807044,0.0038333329939632677,0.027468264997878578,79
360,4,0.013646031002281234,0.0031078280007932335,0.024569380999309942,81
361,4,0.014074718004849274,0.003125545001239516,0.024496172001818195,83
362,4,0.013675305002834648,0.003130655000859406,0.024595468006737065,85
363,4,0.013610035995952785,0.0031197640055324882,0.024493390999850817,87
364,4,0.01370113199664047,0.0031172179951681755,0.024932102001912426,89
365,4,0.014058622997254133,0.003222614999685902,0.02463438900304027,91
366,4,0.013902904000133276,0.003171794996887911,0.025971254995965865,93
367,4,0.013758039000094868,0.003147545001411345,0.02462304700020468,95
368,4,0.01469771199481329,0.003182882006512955,0.03442719899612712,97
369,4,0.013592930001323111,0.0031384510002681054,0.02433516800374491,99
370,4,0.013557353006035555,0.0046236060006776825,0.02467860100296093,101
371,4,0.014645834002294578,0.003908815997419879,0.024750714997935575,103
372,4,0.013691080996068195,0.003907437996531371,0.024909946994739585,105
373,4,0.013750717000220902,0.004629481001757085,0.024645837002026383,107
374,4,0.013948653999250382,0.0039415099963662215,0.024689716003194917,109
375,4,0.015926077001495287,0.004632859003322665,0.025397481003892608,111
376,4,0.013619343997561373,0.00464065300184302,0.025598195003112778,113
377,4,0.013777904998278245,0.0038671380025334656,0.024686462005774956,115
378,4,0.01762394300021697,0.0038819179972051643,0.029173822003940586,117
379,4,0.013570737995905802,0.004611910000676289,0.02444918199762469,119
380,4,0.015491156998905353,0.003874069996527396,0.024754015998041723,121
381,4,0.01549172900558915,0.003864993996103294,0.02448575299786171,123
382,4,0.015283606997400057,0.003833153998130001,0.02518856000097003,125
383,4,0.01542520599468844,0.0039020339972921647,0.024232738003775012,127
384,4,0.01580342699890025,0.003835513998637907,0.024919337003666442,129
385,4,0.015340805999585427,0.0038821659982204437,0.0250424629994086,131
386,4,0.01590168699476635,0.003887097002007067,0.024774426994554233,133
387,4,0.016477013006806374,0.00382514300144976,0.02421145300468197,135
388,4,0.015339543999289162,0.003851121000479907,0.024560476005717646,137
389,4,0.015593062998959795,0.0038508449943037704,0.024855071998899803,139
390,4,0.015566525005851872,0.006076423997001257,0.02692506399762351,141
391,4,0.016038421999837738,0.006142983002064284,0.027371751006285194,143
392,4,0.015372023000963964,0.00618582300376147,0.02733953300048597,145
393,4,0.015454438005690463,0.006051021999155637,0.02735185100027593,147
394,4,0.015387612002086826,0.006126520995167084,0.02770249400055036,149
395,4,0.01535003499884624,0.006364232998748776,0.02751451000222005,151
396,4,0.01530541900137905,0.0061240470022312365,0.027548149002541322,153
397,4,0.015440981005667709,0.006188921004650183,0.02734432800207287,155
398,4,0.015905002001090907,0.006201962998602539,0.027220657000725623,157
399,4,0.015530247997958213,0.006132327995146625,0.02710039899830008,159
400,5,0.016590152998105623,0.0038922829990042374,0.02485397400596412,1
401,5,0.015535897997324355,0.0038536930005648173,0.024768646006123163,3
402,5,0.015423853001266252,0.0038451010041171685,0.024398092995397747,5
403,5,0.015429012004460674,0.0031057859960128553,0.024813355004880577,7
404,5,0.0156387419992825,0.0031144579988904297,0.025117103999946266,9
405,5,0.016004161996534094,0.00312572799884947,0.025091927003813908,11
406,5,0.015261083004588727,0.0030806829963694327,0.02464739200513577,13
407,5,0.015228209005726967,0.003834805997030344,0.024493113000062294,15
408,5,0.015281960004358552,0.0030966120029916056,0.025195886999426875,17
409,5,0.01577164399350295,0.0040217630012193695,0.024376162997214124,19
410,5,0.015703628996561747,0.00381523300166009,0.02505655799905071,21
411,5,0.015470863996597473,0.0031124789966270328,0.024474138997902628,23
412,5,0.01582861100177979,0.0030889949994161725,0.02486076800414594,25
413,5,0.01570404099766165,0.005074268003227189,0.024594171001808718,27
414,5,0.015881576997344382,0.0038446159960585646,0.02748458799760556,29
415,5,0.015642275000573136,0.004595351994794328,0.027316596002492588,31
416,5,0.01602640499913832,0.0045839840022381395,0.02771234300598735,33
417,5,0.015700106996519025,0.004559150998829864,0.027333661004377063,35
418,5,0.015476519001822453,0.004588867996062618,0.027133185001730453,37
419,5,0.015530830001807772,0.004614504003257025,0.027620275999652222,39
420,5,0.012552118001622148,0.004608169001585338,0.025289409000833984,41
421,5,0.011857176003104541,0.004546720003418159,0.024731796998821665,43
422,5,0.011883654005941935,0.004572493999148719,0.02486037599737756,45
423,5,0.012012043000140693,0.004573418998916168,0.02488095100125065,47
424,5,0.011865781001688447,0.004584397000144236,0.02505859999655513,49
425,5,0.01221470800373936,0.004569990000163671,0.0248436780020711,51
426,5,0.011855807002575602,0.0045656479996978305,0.024903650002670474,53
427,5,0.011902505000762176,0.004557369000394829,0.024971239996375516,55
428,5,0.011885353000252508,0.00457156899938127,0.025050487005501054,57
429,5,0.011837412996101193,0.004573049001919571,0.02461751300143078,59
430,5,0.012304224997933488,0.004563351001706906,0.02444366100098705,61
431,5,0.01235670100140851,0.004555172003165353,0.024950737002654932,63
432,5,0.011693725005898159,0.004682702994614374,0.02519153300090693,65
433,5,0.011720194001100026,0.004545581999991555,0.02443890900030965,67
434,5,0.01166658600413939,0.004532202998234425,0.025078708000364713,69
435,5,0.012196499003039207,0.005435526996734552,0.026999952999176458,71
436,5,0.012013378996925894,0.005402025002695154,0.027088957001978997,73
437,5,0.011886828004207928,0.0054273509958875366,0.027189045002160128,75
438,5,0.011745366005925462,0.005465982998430263,0.027502698998432606,77
439,5,0.011678167000354733,0.005415977000666317,0.027515585999935865,79
440,5,0.015531678996921983,0.004286050003429409,0.024953817002824508,81
441,5,0.015177020002738573,0.003050701998290606,0.025687771005323157,83
442,5,0.015478872002859134,0.0030791539975325577,0.025476445000094827,85
443,5,0.015611360999173485,0.003109588004008401,0.02509166100207949,87
444,5,0.01527691500086803,0.003870795997499954,0.02444248800020432,89
445,5,0.015598795005644206,0.0039009699976304546,0.025588474003598094,91
446,5,0.017080839999835007,0.003144238995446358,0.024684035997779574,93
447,5,0.015856671998335514,0.0038362630002666265,0.02464230799523648,95
448,5,0.015376041003037244,0.003837803000351414,0.024508823997166473,97
449,5,0.01590635799948359,0.003972021004301496,0.02469258399651153,99
450,5,0.015363205995527096,0.004555353996693157,0.02427080699999351,101
451,5,0.015772783001011703,0.004606251000950579,0.0250207249991945,103
452,5,0.015573673001199495,0.004582096997182816,0.024861924001015723,105
453,5,0.015319576996262185,0.004567060001136269,0.025134718998742756,107
454,5,0.015317673998652026,0.004609894000168424,0.02508076199592324,109
455,5,0.015689482002926525,0.004562662994430866,0.025347531998704653,111
456,5,0.01554170699819224,0.0045264889995451085,0.02456232699478278,113
457,5,0.015356023999629542,0.004624326000339352,0.024739250999118667,115
458,5,0.0153325049977866,0.004540449001069646,0.02456535799865378,117
459,5,0.015624854000634514,0.004520201000559609,0.024420272995484993,119
460,5,0.013564191998739261,0.004530298996542115,0.024862845995812677,121
461,5,0.013606287000584416,0.004679341000155546,0.02452141500543803,123
462,5,0.013888420995499473,0.0045439870009431615,0.02525899500324158,125
463,5,0.013609702000394464,0.004563448004773818,0.02434750099928351,127
464,5,0.013646584993693978,0.004530965998128522,0.025442206002480816,129
465,5,0.013583966996520758,0.0038055990007705986,0.02453108500048984,131
466,5,0.013670505999471061,0.00454579500365071,0.025180454998917412,133
467,5,0.0137191059984616,0.00457093000295572,0.024717230997339357,135
468,5,0.01414411500445567,0.004567210999084637,0.024657946996740066,137
469,5,0.013623781997011974,0.004563971997413319,0.02464550200238591,139
470,5,0.013650948996655643,0.005295072005537804,0.027323999995132908,141
471,5,0.013858651000191458,0.005264272003842052,0.027489226005855016,143
472,5,0.013705531004234217,0.0052729779999936,0.027869908000866417,145
473,5,0.013584653002908453,0.005291623994708061,0.027481739001814276,147
474,5,0.013494366998202167,0.005296924005961046,0.02721127100085141,149
475,5,0.013566730995080434,0.005330301006324589,0.02752282199799083,151
476,5,0.013623863000248093,0.005305368002154864,0.02737867499672575,153
477,5,0.013650134002091363,0.005271690999506973,0.02729651000117883,155
478,5,0.01364956399629591,0.005264516003080644,0.02764017599838553,157
479,5,0.01409616300225025,0.005261402002361137,0.02734704199974658,159
480,6,0.015966418002790306,0.003138646003208123,0.025481941003818065,1
481,6,0.015495178995479364,0.00311357499595033,0.024561552003433462,3
482,6,0.015731996005342808,0.003118267995887436,0.02465278300223872,5
483,6,0.01545182999689132,0.0030869859983795322,0.02462415899935877,7
484,6,0.015531701996224001,0.003060078000999056,0.02460566599620506,9
485,6,0.015740796996396966,0.0031022019975353032,0.024719234999793116,11
486,6,0.01548328300123103,0.004540254005405586,0.02456582999730017,13
487,6,0.015722217998700216,0.0031337500040535815,0.025188118001096882,15
488,6,0.0158839049981907,0.0038314800040097907,0.02477677899878472,17
489,6,0.015258979001373518,0.0038084300031187013,0.025260604998038616,19
490,6,0.015411428001243621,0.0038616140009253286,0.025029010997968726,21
491,6,0.015381395998701919,0.0038159929972607642,0.024719218999962322,23
492,6,0.01579568300076062,0.0038227719996939413,0.02469843900325941,25
493,6,0.015426965997903608,0.003874599999107886,0.02462178800487891,27
494,6,0.015456761000677943,0.004563956994388718,0.02461780699377414,29
495,6,0.015680735996284056,0.004564383001707029,0.02757801100233337,31
496,6,0.015328551999118645,0.004552951002551708,0.027208828003495,33
497,6,0.015269274997990578,0.0045604289989569224,0.027152183996804524,35
498,6,0.015427029997226782,0.004576767001708504,0.02785555300215492,37
499,6,0.01536492099694442,0.0046547239981009625,0.02712161700037541,39
500,6,0.013639274999150075,0.003832571004750207,0.02516930799902184,41
501,6,0.013619780998851638,0.0038439619966084138,0.02470185999845853,43
502,6,0.01362762700591702,0.0038322180043905973,0.02477936499781208,45
503,6,0.013672287997906096,0.003894191002473235,0.02487360599479871,47
504,6,0.01404339599685045,0.003823135994025506,0.024700936999579426,49
505,6,0.013710120998439379,0.0038690450019203126,0.024749240001256112,51
506,6,0.013597391996881925,0.00387508900166722,0.024727377996896394,53
507,6,0.013699768998776563,0.00384607000160031,0.025611429999116808,55
508,6,0.01366905600298196,0.0038632699943264015,0.02513614199415315,57
509,6,0.013811941003950778,0.0038175809968379326,0.025084127999434713,59
510,6,0.013868935995560605,0.0038655169992125593,0.02479141700314358,61
511,6,0.013757177999650594,0.0038535300045623444,0.024580798999522813,63
512,6,0.013878082994779106,0.0038257289998000488,0.02515699000650784,65
513,6,0.013738551999267656,0.0038125209975987673,0.024749513999267947,67
514,6,0.013735689004533924,0.0038166279991855845,0.024550192996684927,69
515,6,0.013641839002957568,0.005426415998954326,0.02711950900265947,71
516,6,0.01363417699758429,0.0054427390059572645,0.027313286998833064,73
517,6,0.014060461006010883,0.005518850004591513,0.027084132998425048,75
518,6,0.014157203004288021,0.005426638999779243,0.027411194998421706,77
519,6,0.013725890996283852,0.005420625995611772,0.027878573993803002,79
520,6,0.01564441899972735,0.004628000002412591,0.024995132996991742,81
521,6,0.016732408999814652,0.003869494998070877,0.027240381998126395,83
522,6,0.01681885000289185,0.0038654339950880967,0.02467411899851868,85
523,6,0.015383804995508399,0.003856483999697957,0.02540756900270935,87
524,6,0.015633476999937557,0.003801834005571436,0.024532308998459484,89
525,6,0.016050108999479562,0.003827968997939024,0.02453399200021522,91
526,6,0.015269781004462857,0.003817869997874368,0.02458953900350025,93
527,6,0.015222399997583125,0.00381781900068745,0.024331269996764604,95
528,6,0.015227641000819858,0.003812365001067519,0.024449012998957187,97
529,6,0.01546533299551811,0.0038382010025088675,0.024991749996843282,99
530,6,0.01594177600054536,0.003862184996251017,0.024664112999744248,101
531,6,0.015369090004242025,0.0038126220024423674,0.025153089001832996,103
532,6,0.015404357000079472,0.0038332800031639636,0.025181516000884585,105
533,6,0.01594053999724565,0.0038184420045581646,0.024521054001525044,107
534,6,0.01541009100037627,0.003854244001558982,0.024806737004837487,109
535,6,0.01617302700469736,0.0038350780014297925,0.024458865002088714,111
536,6,0.01614026600145735,0.003873071000271011,0.02499458400416188,113
537,6,0.015396720998978708,0.003817036995314993,0.02487718499469338,115
538,6,0.015472043000045232,0.0038279939981293865,0.024564210005337372,117
539,6,0.015320582999265753,0.003855618000670802,0.024606258994026575,119
540,6,0.015319135003664996,0.003074418993492145,0.02520561299752444,121
541,6,0.01569362099689897,0.0030705220051459037,0.024614216999907512,123
542,6,0.01536597999802325,0.003078989000641741,0.02441250500123715,125
543,6,0.01547715700144181,0.0030994400003692135,0.025080450999666937,127
544,6,0.015286996000213549,0.0031769910056027584,0.02449519599758787,129
545,6,0.015225959999952465,0.0030705129975103773,0.02455687299516285,131
546,6,0.015379520998976659,0.0030785979979555123,0.024695330001122784,133
547,6,0.01595276399893919,0.0031016869979794137,0.024316413000633474,135
548,6,0.01581259299564408,0.003112612997938413,0.02515552799741272,137
549,6,0.01550307399884332,0.0030997110006865114,0.024629056999401655,139
550,6,0.015375900999060832,0.005327965001924895,0.027728025997930672,141
551,6,0.01543072200001916,0.005282439000438899,0.0278440930051147,143
552,6,0.015380980999907479,0.004565385999740101,0.02741440800309647,145
553,6,0.015409049003210384,0.005291927001962904,0.027313300997775514,147
554,6,0.015368444997875486,0.005271579997497611,0.02748181800416205,149
555,6,0.015211324003757909,0.005334776004019659,0.027502876000653487,151
556,6,0.015282758999092039,0.005312740002409555,0.027073234996350948,153
557,6,0.015132681000977755,0.005370526996557601,0.0277232400039793,155
558,6,0.015841581000131555,0.005345892001059838,0.0272839430035674,157
559,6,0.015204807998088654,0.0052847010010736994,0.02733413200621726,159
560,7,0.014061176996619906,0.004552803999104071,0.025023744005011395,1
561,7,0.013414575005299412,0.004558636996080168,0.02434790099505335,3
562,7,0.014233155001420528,0.0038345139982993715,0.024470306998409797,5
563,7,0.013432831001409795,0.004527750999841373,0.024167924995708745,7
564,7,0.013489379001839552,0.004550612000457477,0.024335474001418334,9
565,7,0.013460795002174564,0.004516294997301884,0.024385144999541808,11
566,7,0.013462219998473302,0.004538749999483116,0.024478709005052224,13
567,7,0.013467996002873406,0.004533412997261621,0.02435461900313385,15
568,7,0.013397123002505396,0.0038055260010878555,0.026784875000885222,17
569,7,0.0135890650053625,0.0038207510006031953,0.02443647100153612,19
570,7,0.013997126996400766,0.0038188749967957847,0.026706749995355494,21
571,7,0.01352715199755039,0.004589951000525616,0.025105623004492372,23
572,7,0.01344574899849249,0.0038488559948746115,0.027770540000346955,25
573,7,0.013848663002136163,0.0038591810007346794,0.027568352001253515,27
574,7,0.013786055998934899,0.003885049998643808,0.02757643700169865,29
575,7,0.013821852997352835,0.0038697010022588074,0.027373343997169286,31
576,7,0.013872842995624524,0.0055008950002957135,0.027870796002389397,33
577,7,0.013529214993468486,0.003787857996940147,0.02759351800341392,35
578,7,0.013459471003443468,0.004576890001771972,0.026959697999700438,37
579,7,0.013496078005118761,0.003799597005126998,0.02716043099644594,39
580,7,0.011995649001619313,0.0038312369943014346,0.024660552000568714,41
581,7,0.011877010001626331,0.003993650003394578,0.024953926003945526,43
582,7,0.011943327997869346,0.0038541819958481938,0.024829308997141197,45
583,7,0.01187497099454049,0.003859131997160148,0.02450731100543635,47
584,7,0.011947537001105957,0.0038360019971150905,0.025173974005156197,49
585,7,0.011820469997473992,0.0038315269994200207,0.024571335001382977,51
586,7,0.011773286998504773,0.003819536999799311,0.0243504350000876,53
587,7,0.011899074001121335,0.0038029129937058315,0.02520140499836998,55
588,7,0.011694451997755095,0.00384481500077527,0.024761584994848818,57
589,7,0.011665910998999607,0.0038552810001419857,0.025247956997191068,59
590,7,0.012077635001332965,0.0038580789987463504,0.024224376000347547,61
591,7,0.012073920996044762,0.0038282230016193353,0.024389118996623438,63
592,7,0.012135711993323639,0.00381248899793718,0.02447469400067348,65
593,7,0.011734414998500142,0.0038592929995502345,0.024336934002349153,67
594,7,0.011961883996264078,0.003874452995660249,0.024541307997424155,69
595,7,0.011814142002549488,0.005419280998467002,0.026934251000056975,71
596,7,0.01175262700417079,0.005444719005026855,0.02719574500224553,73
597,7,0.012296854001760948,0.005476981998072006,0.027106994995847344,75
598,7,0.01175895299820695,0.005446307004604023,0.027270985003269743,77
599,7,0.01194322999799624,0.005460873995616566,0.027435613999841735,79
600,7,0.015575514997181017,0.0043549089969019406,0.02498268299677875,81
601,7,0.015552336997643579,0.0038567829979001544,0.024536630997317843,83
602,7,0.015363742000772618,0.0038309629962895997,0.024543038998672273,85
603,7,0.015478795001399703,0.003847940002742689,0.024631601001601666,87
604,7,0.015328387002227828,0.003974031002144329,0.024875429000530858,89
605,7,0.015276459002052434,0.0038428530024248175,0.02559956899494864,91
606,7,0.015232505000312813,0.0038364400024875067,0.025086051995458547,93
607,7,0.015255684003932402,0.0038349599999492057,0.024752810000791214,95
608,7,0.01622002400108613,0.0038416899988078512,0.024611979999463074,97
609,7,0.015653267000743654,0.0038734280024073087,0.024808544003462885,99
610,7,0.015462302006199025,0.0038270389995886944,0.027351768003427424,101
611,7,0.015388789994176477,0.0037986220049788244,0.028579753001395147,103
612,7,0.015341728998464532,0.0038316919963108376,0.027487530001963023,105
613,7,0.015193478000583127,0.003848364001896698,0.027655293997668196,107
614,7,0.015248902003804687,0.0038223820010898635,0.027051887998823076,109
615,7,0.015199822999420576,0.0038241410002228804,0.02731873399898177,111
616,7,0.015446053999767173,0.0038155689981067553,0.026908225001534447,113
617,7,0.01540609299991047,0.0037996040045982227,0.027328152995323762,115
618,7,0.015300380997359753,0.0038814169965917245,0.027096790996438358,117
619,7,0.01571382200199878,0.0038137730007292703,0.027734581999538932,119
620,7,0.015474083003937267,0.0038004689995432273,0.024510723997082096,121
621,7,0.01568463099829387,0.003836664000118617,0.02443694799876539,123
622,7,0.015409218998684082,0.003839287004666403,0.025232831001630984,125
623,7,0.015672323999751825,0.0038562330009881407,0.024975254003948066,127
624,7,0.015353376002167352,0.0040779729970381595,0.024988183002278674,129
625,7,0.015332479997596238,0.00380043699988164,0.0248221529982402,131
626,7,0.01535946800140664,0.0038312679971568286,0.024635269001009874,133
627,7,0.015275903002475388,0.0038693500027875416,0.024552530005166773,135
628,7,0.015688764993683435,0.003870650994940661,0.024648130995046813,137
629,7,0.015959746000589803,0.0038134830028866418,0.024736623003263958,139
630,7,0.015448284000740387,0.00601092600118136,0.027015674000722356,141
631,7,0.015446713994606398,0.00602096899820026,0.02746484999806853,143
632,7,0.01557797900022706,0.006006757997965906,0.027333309000823647,145
633,7,0.015559261002636049,0.006002643996907864,0.027418628997111227,147
634,7,0.015438267000718042,0.006021516004693694,0.02714631400158396,149
635,7,0.015552642995317001,0.00600831100018695,0.027092520002042875,151
636,7,0.015383822996227536,0.006203413002367597,0.027602980997471604,153
637,7,0.01576896899496205,0.006041541004378814,0.027367907998268493,155
638,7,0.015433784006745555,0.0060112789942650124,0.027282619004836306,157
639,7,0.015445206998265348,0.006034578000253532,0.027624276001006365,159
640,8,0.015413815002830233,0.003868689003866166,0.025892664001730736,1
641,8,0.015391752000141423,0.0038690259971190244,0.02485060500475811,3
642,8,0.015422954995301552,0.003098171000601724,0.024986393997096457,5
643,8,0.015575208999507595,0.004622050997568294,0.02472815399960382,7
644,8,0.015390699001727626,0.0030951759981689975,0.024822988001687918,9
645,8,0.01538209799764445,0.003110591002041474,0.02457675099867629,11
646,8,0.015482612005143892,0.003121351001027506,0.024921804993937258,13
647,8,0.015397212002426386,0.0038000499989720993,0.02504540300287772,15
648,8,0.015302142004657071,0.0030953180030337535,0.02473688600002788,17
649,8,0.015298682999855373,0.004091492002771702,0.024388550998992287,19
650,8,0.015459724003449082,0.0030640620025224052,0.024487761002092157,21
651,8,0.01533665200258838,0.004504286000155844,0.02421695300290594,23
652,8,0.01562911800283473,0.0038231910002650693,0.025003841998113785,25
653,8,0.015667394000047352,0.0038005749956937507,0.02477794299920788,27
654,8,0.015281320003850851,0.0038016680045984685,0.024217700003646314,29
655,8,0.015302621002774686,0.004544014002021868,0.026986707998730708,31
656,8,0.016056854998169,0.00455592900107149,0.026921650001895614,33
657,8,0.015781009002239443,0.004579646003548987,0.027037097002903465,35
658,8,0.015336639000452124,0.00457942300272407,0.02705866500036791,37
659,8,0.015341240003181156,0.004527885997958947,0.02686709699628409,39
660,8,0.012036833999445662,0.003824815998086706,0.02454823299922282,41
661,8,0.011852431001898367,0.00382784400426317,0.02467719300329918,43
662,8,0.012101777007046621,0.0038969739980529994,0.024779963998298626,45
663,8,0.011780856999394018,0.003809857997111976,0.02433466100046644,47
664,8,0.01205937699705828,0.0038156449954840355,0.02481218599859858,49
665,8,0.011771393998060375,0.0038175340014277026,0.024541108999983408,51
666,8,0.011930326996662188,0.0038351999974111095,0.024767964001512155,53
667,8,0.01188376999925822,0.0038124550046632066,0.024523831001715735,55
668,8,0.011945937003474683,0.004022719003842212,0.024794873999780975,57
669,8,0.01214718799747061,0.003814814001088962,0.025273755003581755,59
670,8,0.01181397600157652,0.0038198660040507093,0.024667628000315744,61
671,8,0.011937390998355113,0.003857894000248052,0.0250532319987542,63
672,8,0.012183738996100146,0.00381591100449441,0.024481294996803626,65
673,8,0.011778747000789735,0.0038075789998401888,0.024502355998265557,67
674,8,0.011846463996334933,0.003828886998235248,0.024923603996285237,69
675,8,0.011820180996437557,0.005433935999462847,0.027071958997112233,71
676,8,0.011831168005301151,0.005418380998889916,0.02791079100279603,73
677,8,0.011837041995022446,0.005447383002319839,0.02770108600088861,75
678,8,0.011784216003434267,0.005438489999505691,0.027205632999539375,77
679,8,0.011785843002144247,0.005454104000818916,0.02719699899898842,79
680,8,0.013827906994265504,0.0038350459944922477,0.024639053001010325,81
681,8,0.013826581001922023,0.003808064000622835,0.025738101001479663,83
682,8,0.01347281599737471,0.003814168994722422,0.02429862300050445,85
683,8,0.013953749999927823,0.0038193200016394258,0.024494099998264574,87
684,8,0.013734455002122559,0.003822238002612721,0.02417252799932612,89
685,8,0.015237233004882,0.003820689998974558,0.024225271998147946,91
686,8,0.013647116000356618,0.0038439650015789084,0.024368885002331808,93
687,8,0.01351893499668222,0.0038108770022518,0.024234368996985722,95
688,8,0.013783663001959212,0.0037979670014465228,0.024638281000079587,97
689,8,0.01402436000353191,0.003813254996202886,0.02445998299663188,99
690,8,0.013841562999004964,0.004590213000483345,0.0246067540065269,101
691,8,0.01409072800015565,0.004580391003401019,0.024948918995505664,103
692,8,0.01364580899826251,0.004560761000902858,0.02469498799473513,105
693,8,0.013531402000808157,0.003828084998531267,0.024810194001474883,107
694,8,0.013943678000941873,0.003844100996502675,0.02540037300059339,109
695,8,0.013801584995235316,0.004599218002113048,0.024956043002021033,111
696,8,0.013486632000422105,0.00458973299828358,0.0248141289994237,113
697,8,0.01356051299808314,0.0038046160043450072,0.024484052999468986,115
698,8,0.013744486001087353,0.004559906999929808,0.024770636002358515,117
699,8,0.013515779995941557,0.004520346999925096,0.024839528996380977,119
700,8,0.015312261006329209,0.0030786789939156733,0.025519169998005964,121
701,8,0.0154247199970996,0.0031255009962478653,0.025027408999449108,123
702,8,0.015505100003792904,0.003076244000112638,0.024625584999739658,125
703,8,0.015640307996363845,0.0030809189993306063,0.024666560006153304,127
704,8,0.01570062899554614,0.003060105998883955,0.024330603999260347,129
705,8,0.015420365001773462,0.003078449000895489,0.024560937003116123,131
706,8,0.015441558003658429,0.0030781280001974665,0.024376419998588972,133
707,8,0.01532048599619884,0.0031078970059752464,0.024626599995826837,135
708,8,0.01534709100087639,0.0030852269992465153,0.024793776996375527,137
709,8,0.015318849000323098,0.0030558229991584085,0.024922869000874925,139
710,8,0.01530478299537208,0.005305487000441644,0.027269571997749154,141
711,8,0.015796888998011127,0.005296798997733276,0.027045351002016105,143
712,8,0.015410100997542031,0.005321862001437694,0.027445586005342193,145
713,8,0.015361827005108353,0.005304805003106594,0.02720300600049086,147
714,8,0.015440955001395196,0.005296381001244299,0.02754511799867032,149
715,8,0.015374317001260351,0.005357813999580685,0.02726853000058327,151
716,8,0.015367635001894087,0.005285209001158364,0.027155557996593416,153
717,8,0.01603687299939338,0.005324338999344036,0.027041344001190737,155
718,8,0.015565565998258535,0.005293303998769261,0.027315851002640557,157
719,8,0.015587775997119024,0.0053447169993887655,0.02721829900110606,159
720,9,0.015427721999003552,0.004592173005221412,0.02544447000400396,1
721,9,0.016099421001854353,0.0038435890019172803,0.02460866200271994,3
722,9,0.015388363004603889,0.00311287899967283,0.024599806994956452,5
723,9,0.01544684899999993,0.0038760320021538064,0.02498706799815409,7
724,9,0.015732462001324166,0.003869524000037927,0.025517301000945736,9
725,9,0.015398802999698091,0.0038528160002897494,0.0245527619990753,11
726,9,0.015454157000931446,0.003830323003057856,0.02470232300402131,13
727,9,0.0156622590002371,0.003801841005042661,0.024884751001081895,15
728,9,0.015372789996035863,0.0030833100026939064,0.0251113459962653,17
729,9,0.015548032999504358,0.003364682001119945,0.025147945001663174,19
730,9,0.015619292003975715,0.0037895989953540266,0.024662073999934364,21
731,9,0.015405332000227645,0.003826512001978699,0.025226751997251995,23
732,9,0.015449680002348032,0.005039235002186615,0.025209444997017272,25
733,9,0.015937206000671722,0.0031001660026959144,0.024894417998439167,27
734,9,0.015443879994563758,0.0038384459985536523,0.02724243199918419,29
735,9,0.015382284997031093,0.0038847350006108172,0.02709369600052014,31
736,9,0.015491701000428293,0.0045784239991917275,0.027745283994590864,33
737,9,0.015387287996418308,0.004576906998408958,0.02787538199481787,35
738,9,0.01547655100148404,0.004594499005179387,0.027081514002929907,37
739,9,0.015516358005697839,0.004583365996950306,0.027143084997078404,39
740,9,0.01374396000028355,0.0030551720046787523,0.0254789430036908,41
741,9,0.013617611002700869,0.0030804639973212034,0.02466630400158465,43
742,9,0.01355669999611564,0.0031124499946599826,0.024641309995786287,45
743,9,0.014227487001335248,0.0030746319971513003,0.03171174100134522,47
744,9,0.013748336998105515,0.0030859079997753724,0.024719565000850707,49
745,9,0.013611364003736526,0.0030647390012745745,0.024720304005313665,51
746,9,0.013477141001203563,0.003071655002713669,0.025020250002853572,53
747,9,0.013774357998045161,0.0030803019981249236,0.024528401998395566,55
748,9,0.013717786001507193,0.0030827919981675223,0.02567441700375639,57
749,9,0.013680032003321685,0.003130110002530273,0.026195637001364958,59
750,9,0.016361889996915124,0.0031041379988892004,0.024453613004880026,61
751,9,0.013614067000162322,0.003126570998574607,0.024524852997274138,63
752,9,0.013700665003852919,0.0031386499977088533,0.024482760003593285,65
753,9,0.013610050002171192,0.0030756380001548678,0.024513224998372607,67
754,9,0.013606175998575054,0.003098382003372535,0.024519988997781184,69
755,9,0.013708503000088967,0.00617901400255505,0.02784373299800791,71
756,9,0.014054715000384022,0.006167548002849799,0.027484307996928692,73
757,9,0.014262094999139663,0.006197344002430327,0.027511191001394764,75
758,9,0.013576760997239035,0.006167270999867469,0.026965407996613067,77
759,9,0.014210236004146282,0.006227857003977988,0.027147341999807395,79
760,9,0.013658374999067746,0.003138527004921343,0.024461777000396978,81
761,9,0.013969172003271524,0.003807542998401914,0.024916233000112697,83
762,9,0.013699702998565044,0.003115314000751823,0.025132630005828105,85
763,9,0.013734722997469362,0.0030695269961142913,0.03220151899586199,87
764,9,0.014026723998540547,0.0030773920007050037,0.024784230001387186,89
765,9,0.013952214998425916,0.003095523003139533,0.02527950200601481,91
766,9,0.013791680001304485,0.0031165330001385882,0.024596645002020523,93
767,9,0.013713136002479587,0.0031225019993144087,0.02501959100482054,95
768,9,0.014197292999597266,0.0033357789943693206,0.026762178000353742,97
769,9,0.013979588999063708,0.0030931099972804077,0.024725638002564665,99
770,9,0.013626812004076783,0.004575147002469748,0.024816664998070337,101
771,9,0.0141645210023853,0.004576879000524059,0.02477579600235913,103
772,9,0.013614985000458546,0.004536412001471035,0.02553302900196286,105
773,9,0.013679151998076122,0.004566479001368862,0.02446388200041838,107
774,9,0.014260591997299343,0.004543678995105438,0.02503753399651032,109
775,9,0.013633806003781501,0.004601792999892496,0.02495024900417775,111
776,9,0.013578127000073437,0.004595970000082161,0.025374401004228275,113
777,9,0.013744966003287118,0.004567140000290237,0.02553376400464913,115
778,9,0.013680489006219432,0.004575946004479192,0.025151994996122085,117
779,9,0.013674890004040208,0.004603899993526284,0.025076082994928584,119
780,9,0.015439005997905042,0.0030899129997123964,0.02545028099848423,121
781,9,0.01543757400213508,0.0030955460024415515,0.025132953000138514,123
782,9,0.01526500999898417,0.003083648996835109,0.02452849999826867,125
783,9,0.01524326800426934,0.003109130004304461,0.02428063499974087,127
784,9,0.015738832000351977,0.0031298429967137054,0.024339614996279124,129
785,9,0.015824725000129547,0.0031024490017443895,0.024540227997931652,131
786,9,0.01566547100082971,0.003080317997955717,0.024556438998843078,133
787,9,0.015596712997648865,0.003096562999417074,0.025210038998920936,135
788,9,0.015529987002082635,0.0030681869975524023,0.024835326003085356,137
789,9,0.015486016003706027,0.0030826369984424673,0.024549460998969153,139
790,9,0.01551068399567157,0.0052852240041829646,0.027094222001323942,141
791,9,0.015421326999785379,0.005296850999002345,0.02765769200050272,143
792,9,0.015293124997697305,0.005315551003150176,0.02733361999707995,145
793,9,0.015319937003368977,0.005327011000190396,0.027511874002811965,147
794,9,0.015521070999966469,0.005366967001464218,0.027511571999639273,149
795,9,0.015383568999823183,0.005319454001437407,0.0273369790011202,151
796,9,0.015339255005528685,0.00530096200236585,0.027216630995098967,153
797,9,0.015819309999642428,0.0053570240052067675,0.027026866999221966,155
798,9,0.015448969999852125,0.005301117998897098,0.027539408998563886,157
799,9,0.015361500998551492,0.005306920000293758,0.027129907000926323,159
800,10,0.015747810000902973,0.004577749998134095,0.025101186001847964,1
801,10,0.015314005999243818,0.004562501002510544,0.024524246000510175,3
802,10,0.01539725700422423,0.0030941489967517555,0.024787300004391,5
803,10,0.015455749999091495,0.003085233001911547,0.024521371997252572,7
804,10,0.015258178995281924,0.0038224599993554875,0.02500129800318973,9
805,10,0.0156382890054374,0.0038127350053400733,0.03033249399595661,11
806,10,0.015662074998544995,0.003818559998762794,0.02465606600162573,13
807,10,0.015889381000306457,0.0038149440006236546,0.024407233999227174,15
808,10,0.015462602001207415,0.0031225139973685145,0.025036163002368994,17
809,10,0.015306754001358058,0.003098351000517141,0.024552819995733444,19
810,10,0.01543798000056995,0.003843724996841047,0.02539891799824545,21
811,10,0.016180245998839382,0.0037987370014889166,0.024675359003595077,23
812,10,0.015349214001616929,0.0038370239999494515,0.027587456002947874,25
813,10,0.015355743998952676,0.003831140995316673,0.027552184998057783,27
814,10,0.015734116001112852,0.0038445009995484725,0.026903218997176737,29
815,10,0.015359144999820273,0.004567791998852044,0.02727245700225467,31
816,10,0.01558294200367527,0.0047773810001672246,0.027409870002884418,33
817,10,0.015529484000580851,0.004622756001481321,0.02758179600641597,35
818,10,0.015511115001572762,0.004776040994329378,0.02718041899788659,37
819,10,0.016060463996836916,0.004761619995406363,0.027177162999578286,39
820,10,0.017844923997472506,0.0031190809968393296,0.025982802006183192,41
821,10,0.014426503999857232,0.0030864849977660924,0.02448710399767151,43
822,10,0.013574509001045953,0.003075643995543942,0.02469357099471381,45
823,10,0.013668701001734007,0.003107926997472532,0.024478523002471775,47
824,10,0.013629190005303826,0.0030656960007036105,0.024544815998524427,49
825,10,0.01365220300067449,0.0031122479995246977,0.024439893000817392,51
826,10,0.013697999995201826,0.003866342995024752,0.024568653003370855,53
827,10,0.013499714004865382,0.003091726001002826,0.024646465994010214,55
828,10,0.013508992997230962,0.0030924540042178705,0.024319127995113377,57
829,10,0.013505611997970846,0.003070554004807491,0.024428167002042755,59
830,10,0.013551664997066837,0.0030955659967730753,0.024315392998687457,61
831,10,0.014142141000775155,0.0030819959938526154,0.02509747199655976,63
832,10,0.013837787002557889,0.0031211039968184195,0.024503057000401895,65
833,10,0.013604820000182372,0.0030885399974067695,0.024781956999504473,67
834,10,0.013595746997452807,0.003091532998951152,0.024781093998171855,69
835,10,0.013492397003574297,0.006144446000689641,0.02742711899918504,71
836,10,0.01398019099724479,0.006166243998450227,0.026710334997915197,73
837,10,0.013642970996443182,0.006177980001666583,0.027132201998028904,75
838,10,0.013630257002660073,0.006144334998680279,0.027476979994389694,77
839,10,0.013831246003974229,0.006143703001725953,0.02727581599901896,79
840,10,0.01353496299998369,0.00475931500113802,0.02484510400245199,81
841,10,0.014177861005009618,0.0038069399961386807,0.02491680599632673,83
842,10,0.01394614900345914,0.004235388994857203,0.025056882004719228,85
843,10,0.01363374300126452,0.003096513006312307,0.024541409002267756,87
844,10,0.013947701998404227,0.003979774002800696,0.024510057002771646,89
845,10,0.013850205003109295,0.0030607399967266247,0.024687753000762314,91
846,10,0.01466697599971667,0.004955554999469314,0.024925409998104442,93
847,10,0.014070355005969759,0.0030776930070715025,0.02497290699830046,95
848,10,0.013449639998725615,0.0030978680006228387,0.02444928700424498,97
849,10,0.01366187399980845,0.003057172005355824,0.02483197699621087,99
850,10,0.013473354003508575,0.004564429997117259,0.02452363799966406,101
851,10,0.013486371004546527,0.004569193995848764,0.02441985200130148,103
852,10,0.013475448999088258,0.0045730839992756955,0.02444405700225616,105
853,10,0.013471881000441499,0.0045473089994629845,0.02450416599458549,107
854,10,0.013705267003388144,0.004568106000078842,0.025065449997782707,109
855,10,0.013834373996360227,0.004589975003909785,0.025115853997704107,111
856,10,0.013731093997193966,0.004554205996100791,0.025038350002432708,113
857,10,0.01365104299475206,0.004565716997603886,0.025242130002880003,115
858,10,0.01365419699868653,0.00463853900146205,0.024895205002394505,117
859,10,0.01356572299846448,0.004541714995866641,0.025175287999445572,119
860,10,0.013738482004555408,0.0030902159996912815,0.025004959999932908,121
861,10,0.013536172002204694,0.0030838460006634705,0.024384103002375923,123
862,10,0.013990919993375428,0.003116580999630969,0.02505612900131382,125
863,10,0.01358366299973568,0.003106901000137441,0.024599739001132548,127
864,10,0.013505602997611277,0.0030856829980621114,0.024843608000082895,129
865,10,0.013804631998937111,0.00309679500060156,0.024501378000422847,131
866,10,0.014177145996654872,0.003093022998655215,0.02421466699888697,133
867,10,0.013517867999325972,0.0030698529953951947,0.024621855998702813,135
868,10,0.013757946995610837,0.003108693999820389,0.024304762002429925,137
869,10,0.013512926001567394,0.003076080000028014,0.02431998900283361,139
870,10,0.013397726994298864,0.005290583001624327,0.027036734005378094,141
871,10,0.014104183006566018,0.005279716002405621,0.027042094996431842,143
872,10,0.013459690002491698,0.005289402004564181,0.027055211998231243,145
873,10,0.013503788999514654,0.005264777995762415,0.02737143300328171,147
874,10,0.013957463001133874,0.005461938002554234,0.02726213599817129,149
875,10,0.01357123399793636,0.00526996699773008,0.02762553699722048,151
876,10,0.013577454999904148,0.005310058993927669,0.027284693002002314,153
877,10,0.014101692999247462,0.00527723299455829,0.027333068996085785,155
878,10,0.013446457000100054,0.005279135002638213,0.027222552002058364,157
879,10,0.01351677500497317,0.005289130000164732,0.02743569199810736,159
880,11,0.01534156099660322,0.0038157179951667786,0.025678279998828657,1
881,11,0.015972786997735966,0.003807790002611,0.02470369099319214,3
882,11,0.015328702997067012,0.0030727760022273287,0.024520801998733077,5
883,11,0.015659256001526956,0.003093248000368476,0.024344204997760244,7
884,11,0.01529363400186412,0.0030794940030318685,0.0245181930004037,9
885,11,0.015662272002373356,0.0038155529982759617,0.025052388999029063,11
886,11,0.015283603002899326,0.0038180409974302165,0.024322165998455603,13
887,11,0.015567105998343322,0.003823553997790441,0.02518664200033527,15
888,11,0.015525224000157323,0.0030634380018454976,0.024638827999297064,17
889,11,0.015595170996675733,0.003101709997281432,0.02458435700100381,19
890,11,0.015481094997085165,0.0038058749996707775,0.02453085099841701,21
891,11,0.015819142005057074,0.0030817070000921376,0.02463131600234192,23
892,11,0.015274333003617357,0.003825295003480278,0.024370325001655146,25
893,11,0.015361851998022757,0.0038234750027186237,0.025067689995921683,27
894,11,0.01586797000345541,0.003825339001195971,0.027626962000795174,29
895,11,0.015584844994009472,0.0038591029951930977,0.027400325001508463,31
896,11,0.015438902002642862,0.004773863998707384,0.028469263001170475,33
897,11,0.015242163004586473,0.00482666099560447,0.027640545995382126,35
898,11,0.015464388001419138,0.0047907309999573044,0.027315753999573644,37
899,11,0.015986145997885615,0.00463063800270902,0.02707438700599596,39
900,11,0.011768860000302084,0.003823923005256802,0.024391241997363977,41
901,11,0.01171348199568456,0.003798775993345771,0.024451632998534478,43
902,11,0.01174523100053193,0.0037905049975961447,0.02434633099619532,45
903,11,0.011895716001163237,0.003975239997089375,0.024847079999744892,47
904,11,0.012089799005480018,0.003778170001169201,0.024507246998837218,49
905,11,0.011825134002720006,0.0038402299978770316,0.02499981900473358,51
906,11,0.012085901995305903,0.003845323997666128,0.024659246002556756,53
907,11,0.01273496900103055,0.0038032129959901795,0.024695824002265,55
908,11,0.012137978003011085,0.003983546004747041,0.02480302600451978,57
909,11,0.012737062002997845,0.004348704998847097,0.024559961995691992,59
910,11,0.011754867002309766,0.003790416994888801,0.025190092004777398,61
911,11,0.011741734997485764,0.0038266830015345477,0.024435856998024974,63
912,11,0.01178524800343439,0.003816306001681369,0.02451456199923996,65
913,11,0.011859442995046265,0.0038376929951482452,0.024359522998565808,67
914,11,0.011827267000626307,0.0038280399967334233,0.024889637999876868,69
915,11,0.01213241700315848,0.00541432300087763,0.027106900997750927,71
916,11,0.012064045004080981,0.005385944998124614,0.02822153399756644,73
917,11,0.011786244998802431,0.005616285998257808,0.02749862599739572,75
918,11,0.012028475997794885,0.0054103799993754365,0.02746636200026842,77
919,11,0.01206216400169069,0.005416246000095271,0.03031765500054462,79
920,11,0.014279110000643414,0.0030509670032188296,0.02990148899698397,81
921,11,0.013513813995814417,0.003117947002465371,0.025196445996698458,83
922,11,0.013634264003485441,0.003108721000899095,0.024382997005886864,85
923,11,0.013587549998192117,0.0030788579970248975,0.024318927004060242,87
924,11,0.013570964001701213,0.003060377996007446,0.024702506001631264,89
925,11,0.013524342997698113,0.0030631259942310862,0.024208757997257635,91
926,11,0.01382540100166807,0.003103235001617577,0.025288784003350884,93
927,11,0.013914331997511908,0.003088596997258719,0.02426828700117767,95
928,11,0.013444869000522885,0.0030642950005130842,0.024619270996481646,97
929,11,0.013459980000334326,0.0031297050009015948,0.024628528000903316,99
930,11,0.014441441002418287,0.004572329999064095,0.026451345001987647,101
931,11,0.013568713999120519,0.0045696840024902485,0.02457440400030464,103
932,11,0.014270908002799843,0.004546213000139687,0.0256049029994756,105
933,11,0.013842161999491509,0.0052030689985258505,0.025304464994405862,107
934,11,0.013983240001834929,0.004524306998064276,0.028862808001576923,109
935,11,0.013486219999322202,0.004551824000373017,0.02457750600297004,111
936,11,0.013574259995948523,0.004540080000879243,0.02449095899646636,113
937,11,0.013991840998642147,0.004579442997055594,0.024523512001906056,115
938,11,0.013711043997318484,0.004730699001811445,0.025107179004407953,117
939,11,0.014417477003007662,0.004694764997111633,0.025190064996422734,119
940,11,0.015411075000884011,0.0031194580005831085,0.026517682999838144,121
941,11,0.01553149099345319,0.0030927739935577847,0.024963921998278238,123
942,11,0.015212256999802776,0.0030610360045102425,0.024546187996747904,125
943,11,0.015318514000682626,0.003115715997410007,0.024885341998015065,127
944,11,0.01582930199947441,0.0030821319960523397,0.024492078999173827,129
945,11,0.019137258001137525,0.003076818000408821,0.02436755399685353,131
946,11,0.016069650002464186,0.003064721000555437,0.04053804100112757,133
947,11,0.015157379995798692,0.003810550995694939,0.024330694999662228,135
948,11,0.015880646998994052,0.003111088997684419,0.024430318997474387,137
949,11,0.015618443001585547,0.0030880509948474355,0.024848342000041157,139
950,11,0.01549338799668476,0.006048989002010785,0.027278834000753704,141
951,11,0.015163930002017878,0.0062849239984643646,0.02791924500343157,143
952,11,0.015258744002494495,0.007274768999195658,0.0276635600021109,145
953,11,0.015359404998889659,0.006033998994098511,0.02756026700080838,147
954,11,0.015455884000402875,0.006008684998960234,0.027141445003508125,149
955,11,0.015547765004157554,0.005993163002131041,0.02710236100392649,151
956,11,0.015527499999734573,0.00599767600215273,0.027179913005966228,153
957,11,0.015529636999417562,0.006032199002220295,0.027625933005765546,155
958,11,0.015930992005451117,0.006050913994840812,0.028102269003284164,157
959,11,0.015515681996475905,0.006033732999640051,0.027648691000649706,159
960,12,0.015656621995731257,0.00388359200587729,0.025433535003685392,1
961,12,0.015531256998656318,0.003849403001368046,0.02467895700101508,3
962,12,0.01563583999814,0.005167053001059685,0.02511267900263192,5
963,12,0.015956821000145283,0.003982752001320478,0.025932680997357238,7
964,12,0.015679554002417717,0.004003827001724858,0.02481415300280787,9
965,12,0.015446028002770618,0.00310719200206222,0.024765553993347567,11
966,12,0.015749128004244994,0.0038579120009671897,0.024928482998802792,13
967,12,0.015788770993822254,0.003844795995973982,0.024977726003271528,15
968,12,0.015435344997968059,0.004049880000820849,0.02556986799754668,17
969,12,0.015574295000988059,0.0044092759999330156,0.025244461998227052,19
970,12,0.01562943400494987,0.0038128639935166575,0.024828458997944836,21
971,12,0.015832133998628706,0.00394511700142175,0.024559452998801135,23
972,12,0.01569480400212342,0.0038519369991263375,0.024354564004170243,25
973,12,0.015230666998832021,0.003913799999281764,0.024783468004898168,27
974,12,0.015330547001212835,0.0038662750012008473,0.02491826099867467,29
975,12,0.015450778002559673,0.004579551001370419,0.027084678993560374,31
976,12,0.015564515997539274,0.0045457460000761785,0.027848040997923817,33
977,12,0.015466947996173985,0.004536496999207884,0.027220633994147647,35
978,12,0.01596337099908851,0.004592442994180601,0.027186920997337438,37
979,12,0.015448518002813216,0.004591390999848954,0.027155169998877682,39
980,12,0.013683443998161238,0.00401479699939955,0.02528884899948025,41
981,12,0.013684803998330608,0.003961778995289933,0.02506142100173747,43
982,12,0.013735330998315476,0.004117008000321221,0.02502859300147975,45
983,12,0.013744988995313179,0.003084048003074713,0.024898545001633465,47
984,12,0.014040075002412777,0.0038374069990823045,0.024603968995506875,49
985,12,0.013825677000568248,0.005144929004018195,0.025053557998035103,51
986,12,0.013717087000259198,0.003950831000111066,0.02553969399741618,53
987,12,0.013687212995137088,0.0038348060043063015,0.024528811001800932,55
988,12,0.013536869999370538,0.004945606997353025,0.0246698880000622,57
989,12,0.013583230997028295,0.004390795998915564,0.024550688998715486,59
990,12,0.013667272003658582,0.0038212760046008043,0.024579523000284098,61
991,12,0.014334056999359746,0.0038378069948521443,0.024914805995649658,63
992,12,0.013647997999214567,0.003811870003119111,0.02441040000121575,65
993,12,0.013590135997219477,0.003127980999124702,0.024687041994184256,67
994,12,0.014226954001060221,0.0038468960046884604,0.02431269900262123,69
995,12,0.013555063000239898,0.005447657000331674,0.027394654003728647,71
996,12,0.014096289000008255,0.005660208000335842,0.027965387002041098,73
997,12,0.013721212999371346,0.005725429000449367,0.02815886800090084,75
998,12,0.013731352002650965,0.005477892998897005,0.027738646997022443,77
999,12,0.013417051995929796,0.005417783002485521,0.027512971995747648,79
1000,12,0.015280738000001293,0.003824651998002082,0.024983970004541334,81
1001,12,0.015239715998177417,0.0037919500027783215,0.02454734999628272,83
1002,12,0.015314917000068817,0.003841239995381329,0.024691814003745094,85
1003,12,0.015338862001954112,0.003806929998972919,0.024422590002359357,87
1004,12,0.01526147100230446,0.0038629080008831806,0.02507547099958174,89
1005,12,0.015292223004507832,0.0038217230030568317,0.024603896999906283,91
1006,12,0.015287241003534291,0.0038323449989547953,0.024630601998069324,93
1007,12,0.015348618995631114,0.0038464569952338934,0.02463590999832377,95
1008,12,0.015597207995597273,0.0038622690044576302,0.02473673799977405,97
1009,12,0.015328867993957829,0.0037928339952486567,0.024783632004982792,99
1010,12,0.01568658400356071,0.003787059999012854,0.02727686100115534,101
1011,12,0.015419929004565347,0.003822773003776092,0.02680701200006297,103
1012,12,0.015638677999959327,0.0038007130060577765,0.027058975996624213,105
1013,12,0.02253425600065384,0.003776212004595436,0.02752802099712426,107
1014,12,0.01572305499576032,0.0037777320030727424,0.027341280998371076,109
1015,12,0.01544225899851881,0.00381744700280251,0.02703409400419332,111
1016,12,0.015251682001689915,0.0038163420031196438,0.027031888996134512,113
1017,12,0.01532813000085298,0.003800557002250571,0.027162366997799836,115
1018,12,0.015270898999006022,0.0038060709994169883,0.02685931999440072,117
1019,12,0.01573356200242415,0.0038082970058894716,0.02723831399634946,119
1020,12,0.015439761999004986,0.0031778010015841573,0.024891387998650316,121
1021,12,0.015395333997730631,0.0030950610016589053,0.024404677998973057,123
1022,12,0.015432446001796052,0.0030782009998802096,0.024443353999231476,125
1023,12,0.015674579997721594,0.003130842997052241,0.024590453002019785,127
1024,12,0.01547194099839544,0.0030904090017429553,0.025521633004245814,129
1025,12,0.015401164004288148,0.0030887250031810254,0.025123499995970633,131
1026,12,0.01532709500315832,0.003066356002818793,0.024674928004969843,133
1027,12,0.01530531400203472,0.004932804004056379,0.024579131000791676,135
1028,12,0.01564531199983321,0.0030647169987787493,0.02473599299992202,137
1029,12,0.015471389000595082,0.0030947400009608828,0.02502246299991384,139
1030,12,0.01534491499478463,0.006004837996442802,0.0268076580032357,141
1031,12,0.015680352997151203,0.006052223005099222,0.027031568002712447,143
1032,12,0.015236154999001883,0.005324934994860087,0.027320050001435447,145
1033,12,0.015327498003898654,0.006067836002330296,0.027266250996035524,147
1034,12,0.015482580005482305,0.006042150002031121,0.027256043002125807,149
1035,12,0.015541342996584717,0.006024673995852936,0.027013339997211006,151
1036,12,0.015381230994535144,0.006013851998432074,0.027040564993512817,153
1037,12,0.015896900004008785,0.00601666600414319,0.026943223005218897,155
1038,12,0.015655003000574652,0.006004952003422659,0.0282752779967268,157
1039,12,0.015423611999722198,0.006011628000123892,0.027806017998955213,159
1040,13,0.015467960001842584,0.003881933997035958,0.025123243001871742,1
1041,13,0.01527018199703889,0.003827265005384106,0.024350016996322665,3
1042,13,0.015207960997940972,0.0038011209981050342,0.02439520900225034,5
1043,13,0.015580158004013356,0.0038364860010915436,0.024184845999116078,7
1044,13,0.01564249199873302,0.0038409170010709204,0.024426625001069624,9
1045,13,0.01619368600222515,0.003817317003267817,0.024476881000737194,11
1046,13,0.015377952993731014,0.003832169000816066,0.02445567600079812,13
1047,13,0.015466292999917641,0.0030917320036678575,0.02480750499671558,15
1048,13,0.015405161000671797,0.004531539998424705,0.024476417995174415,17
1049,13,0.01572048800153425,0.003829749002761673,0.025396158001967706,19
1050,13,0.015537259001575876,0.004540681999060325,0.02468223100004252,21
1051,13,0.01527673799864715,0.0037915059947408736,0.024776972000836395,23
1052,13,0.015287268994143233,0.004597387000103481,0.024786335001408588,25
1053,13,0.015571595999062993,0.004524173004028853,0.02488168399577262,27
1054,13,0.015381719000288285,0.004581555003824178,0.025113067000347655,29
1055,13,0.01542310699733207,0.004556874999252614,0.02464872699783882,31
1056,13,0.015587996997055598,0.0048616130006848834,0.025464921003731433,33
1057,13,0.01540875499631511,0.004572065001411829,0.024598876996606123,35
1058,13,0.015441414994711522,0.004558562002785038,0.024628534993098583,37
1059,13,0.01514819600561168,0.004527047996816691,0.024488425005984027,39
1060,13,0.015353898998000659,0.003824203995463904,0.024584755999967456,41
1061,13,0.015775364001456182,0.0038169660037965514,0.02482922899798723,43
1062,13,0.015755852000438608,0.0038168709943420254,0.024881759003619663,45
1063,13,0.015452676998393144,0.0038422139987233095,0.024418102999334224,47
1064,13,0.015317731005779933,0.003828777000308037,0.024632972999825142,49
1065,13,0.01527762600017013,0.003835149997030385,0.024394037005549762,51
1066,13,0.015341546997660771,0.0038337390069500543,0.02449260499997763,53
1067,13,0.015308198002458084,0.003826861000561621,0.025036835002538282,55
1068,13,0.01543579399731243,0.003907976002665237,0.025429260997043457,57
1069,13,0.01532730399776483,0.003838491997157689,0.02436092199786799,59
1070,13,0.01594753500103252,0.0038755790010327473,0.024554293995606713,61
1071,13,0.01578807800251525,0.003824399995210115,0.024984888004837558,63
1072,13,0.01675032899947837,0.003803979001531843,0.02638111299893353,65
1073,13,0.015111399996385444,0.003802101004112046,0.024707993994525168,67
1074,13,0.015646251995349303,0.003827669999736827,0.026005122002970893,69
1075,13,0.015616163000231609,0.0061300460001803,0.029430784998112358,71
1076,13,0.015122292999876663,0.006152001005830243,0.029794406997098122,73
1077,13,0.015277630001946818,0.0061616539969691075,0.030172491002304014,75
1078,13,0.015264654997736216,0.006180250005854759,0.029729686000791844,77
1079,13,0.015187990000413265,0.006144368002424017,0.030022138002095744,79
1080,13,0.014054844999918714,0.0037811399961356074,0.02473071099666413,81
1081,13,0.014039522000530269,0.003788654998061247,0.024340103998838458,83
1082,13,0.013387714003329165,0.0038213279985939153,0.02418665600271197,85
1083,13,0.013513910998881329,0.003970222001953516,0.02462237500003539,87
1084,13,0.013898033001169097,0.0038608230024692602,0.024801346997264773,89
1085,13,0.013533414996345527,0.0037807789994985797,0.02482840399898123,91
1086,13,0.013410277999355458,0.003806096996413544,0.024453870006254874,93
1087,13,0.013533730998460669,0.003833652997855097,0.024576243005867582,95
1088,13,0.013521515997126698,0.0038413459988078102,0.024405175994616002,97
1089,13,0.013609523004561197,0.004128833003051113,0.02513049799745204,99
1090,13,0.013766215997748077,0.004525249998550862,0.02430660100071691,101
1091,13,0.013575997996667866,0.004527140001300722,0.024747741997998673,103
1092,13,0.013982989999931306,0.004538282002613414,0.025246674005757086,105
1093,13,0.013604758001747541,0.004506987002969254,0.025007969001308084,107
1094,13,0.013614898998639546,0.004530963000433985,0.024598011004854925,109
1095,13,0.013696235997485928,0.00456192599813221,0.024298864998854697,111
1096,13,0.013486001000273973,0.004552954000246245,0.02490102699812269,113
1097,13,0.013919529999839142,0.004566802002955228,0.024662510993948672,115
1098,13,0.013502606001566164,0.004574658996716607,0.024512227006198373,117
1099,13,0.01360993400157895,0.004600116997607984,0.024623971999972127,119
1100,13,0.013555309000366833,0.0038566140065086074,0.02486163999856217,121
1101,13,0.013499454005795997,0.0038128820015117526,0.024699834000784904,123
1102,13,0.013830648000293877,0.003086839999014046,0.02452223600266734,125
1103,13,0.013841617001162376,0.0030613579947385006,0.02445654299663147,127
1104,13,0.01476577999710571,0.003143562003970146,0.037242661994241644,129
1105,13,0.013775118997727986,0.004008127994893584,0.02448739000101341,131
1106,13,0.013661018005223013,0.0031215969938784838,0.024716389998502564,133
1107,13,0.013672171997313853,0.003855839000607375,0.024547048000385985,135
1108,13,0.013699229995836504,0.0038326360008795746,0.025150617999315728,137
1109,13,0.01373763800074812,0.0030744680043426342,0.025164537997625303,139
1110,13,0.013582596002379432,0.005296923001878895,0.02843025600304827,141
1111,13,0.013534650999645237,0.005286394996801391,0.027206459002627525,143
1112,13,0.013647848994878586,0.005264110004645772,0.02800439299608115,145
1113,13,0.013483925999025814,0.00525830099650193,0.02776518899918301,147
1114,13,0.013411447005637456,0.00521563599613728,0.027080704996478744,149
1115,13,0.013673206005478278,0.005291598004987463,0.02749774900439661,151
1116,13,0.013816343001963105,0.004555906998575665,0.02782609000132652,153
1117,13,0.014354147999256384,0.005331480999302585,0.027445820996945258,155
1118,13,0.013940723001724109,0.0052995290025137365,0.028388172999257222,157
1119,13,0.013520045999030117,0.005267285996524151,0.027740780999010894,159
1120,14,0.01607106900337385,0.004630162999092136,0.02589069100213237,1
1121,14,0.015354422997916117,0.0038327470028889365,0.024937093003245536,3
1122,14,0.01541389399790205,0.003087259996391367,0.025246683006116655,5
1123,14,0.015384389000246301,0.0031227370054693893,0.024848752000252716,7
1124,14,0.015478383997105993,0.0038376489974325523,0.025166592000459787,9
1125,14,0.015579448998323642,0.0038654759991914034,0.025122176004515495,11
1126,14,0.015788295997481328,0.003814843003056012,0.024977450993901584,13
1127,14,0.015447939003934152,0.0038197430039872415,0.024650577994179912,15
1128,14,0.01543243999913102,0.0030984879995230585,0.02504930100258207,17
1129,14,0.015533901998423971,0.0041347099977429025,0.02499399599764729,19
1130,14,0.015625533000275027,0.0032868909984244965,0.025084426000830717,21
1131,14,0.015766649004945066,0.0038568659947486594,0.02450148500065552,23
1132,14,0.015345129002525937,0.003821407997747883,0.025268220000725705,25
1133,14,0.015766923999763094,0.003861479002807755,0.02501112999743782,27
1134,14,0.015392694003821816,0.0038535119965672493,0.02527228199323872,29
1135,14,0.015653939000912942,0.003822858001512941,0.027386327004933264,31
1136,14,0.015355094998085406,0.003839482997136656,0.027027204996556975,33
1137,14,0.01599508999788668,0.0038422489960794337,0.027063983005064074,35
1138,14,0.015668970001570415,0.003811649999988731,0.027436125004896894,37
1139,14,0.015406073005578946,0.0038357259982149117,0.02701411599991843,39
1140,14,0.013614341005450115,0.0030745850017410703,0.024649359002069104,41
1141,14,0.013818548002745956,0.0031222139950841665,0.025431750000279862,43
1142,14,0.013580069993622601,0.003094771003816277,0.024591581997810863,45
1143,14,0.013540227002522442,0.003095487001701258,0.024516869001672603,47
1144,14,0.013533944002119824,0.003103611001279205,0.024525986998924054,49
1145,14,0.01398581599642057,0.0030893049988662824,0.02499941800488159,51
1146,14,0.01357840499986196,0.003088715995545499,0.02438994599651778,53
1147,14,0.01366660199710168,0.0030817060032859445,0.024867148000339512,55
1148,14,0.013561092004238162,0.0031036600048537366,0.0249820440003532,57
1149,14,0.013603546998638194,0.0030612300033681095,0.025000886002089828,59
1150,14,0.01406399899860844,0.0031296099987230264,0.02462618300342001,61
1151,14,0.013514596997993067,0.0030579339945688844,0.024537614001019392,63
1152,14,0.01372413500212133,0.0031032139959279448,0.025064481000299565,65
1153,14,0.013742836999881547,0.003100378999079112,0.024731208999583032,67
1154,14,0.013723659001698252,0.0031122040018090047,0.024546994995034765,69
1155,14,0.013463978000800125,0.006143122001958545,0.02751212899602251,71
1156,14,0.013859687001968268,0.006163225996715482,0.02791228800197132,73
1157,14,0.013734948995988816,0.006191683998622466,0.028279947000555694,75
1158,14,0.013692366999748629,0.006337986997095868,0.028332205998594873,77
1159,14,0.013466211996274069,0.006136288997367956,0.02730389100179309,79
1160,14,0.015385051003249828,0.004515788998105563,0.024417079002887476,81
1161,14,0.015321915001550224,0.004525586002273485,0.024581627993029542,83
1162,14,0.01574641899787821,0.004514297004789114,0.02468081299593905,85
1163,14,0.01612785599718336,0.004592942997987848,0.024530484995921142,87
1164,14,0.01563663800334325,0.004571814002702013,0.024636207999719772,89
1165,14,0.015424074998009019,0.0045581340018543415,0.025021214001753833,91
1166,14,0.01572679600212723,0.004600824002409354,0.025712952003232203,93
1167,14,0.015312688999983948,0.004576500999974087,0.024914057001296896,95
1168,14,0.015798304993950296,0.004573143996822182,0.02471060899551958,97
1169,14,0.015263941000739578,0.004560451998258941,0.02500100099859992,99
1170,14,0.015507024996622931,0.0038499740039696917,0.025270150996220764,101
1171,14,0.015903314997558482,0.0038535040002898313,0.024465246002364438,103
1172,14,0.015615846998116467,0.003837412004941143,0.024993986000481527,105
1173,14,0.015635360003216192,0.0038218839981709607,0.025157768999633845,107
1174,14,0.015655698996852152,0.003802238999924157,0.024598894000519067,109
1175,14,0.015379404001578223,0.003819042001850903,0.0249701919965446,111
1176,14,0.015407321996462997,0.0038160559997777455,0.02499029399768915,113
1177,14,0.015398037998238578,0.0038160129988682456,0.02457377500104485,115
1178,14,0.01525435599614866,0.003833884999039583,0.02515181700437097,117
1179,14,0.015259377003530972,0.00381068200658774,0.024485991001711227,119
1180,14,0.0156345040013548,0.003981549998570699,0.02493305800453527,121
1181,14,0.015420652998727746,0.00503607299469877,0.024860855999577325,123
1182,14,0.015900326005066745,0.003073116000450682,0.02496729199629044,125
1183,14,0.015535922997514717,0.0030886539971106686,0.024445109003863763,127
1184,14,0.015297877995180897,0.004111688998818863,0.025018161999469157,129
1185,14,0.015532655001152307,0.003076615001191385,0.02507611100008944,131
1186,14,0.015857524995226413,0.003811886999756098,0.025340630003483966,133
1187,14,0.015178610003204085,0.004509792001044843,0.024449814001854975,135
1188,14,0.015406423000968061,0.003943579002225306,0.02505675399879692,137
1189,14,0.01515001400548499,0.0030698189948452637,0.024513599993952084,139
1190,14,0.015153087995713577,0.006015017999743577,0.02687151999998605,141
1191,14,0.016093798003566917,0.006006296003761236,0.02739920099702431,143
1192,14,0.015327937995607499,0.0059912919969065115,0.027748057997087017,145
1193,14,0.015151052997680381,0.006020935994456522,0.02691285400214838,147
1194,14,0.015368560001661535,0.0060305699953460135,0.027249221995589323,149
1195,14,0.015480533998925239,0.00597364800341893,0.02776990699931048,151
1196,14,0.01535526399675291,0.006005533003190067,0.02694399699976202,153
1197,14,0.015841271997487638,0.006020578002789989,0.027148355002282187,155
1198,14,0.016014704000554048,0.006016690000251401,0.02822574799938593,157
1199,14,0.015469263002160005,0.006029711999872234,0.09478418799699284,159
1200,15,0.015763749004690908,0.0038494999971590005,0.024858117001713254,1
1201,15,0.015299623999453615,0.003812228998867795,0.02473902299971087,3
1202,15,0.015293764001398813,0.0031113299992284738,0.024666015000548214,5
1203,15,0.015262895001797006,0.0030918279953766614,0.02451399999699788,7
1204,15,0.015305886001442559,0.003090033002081327,0.02465623800526373,9
1205,15,0.01525783399847569,0.0038143889978528023,0.0249327759956941,11
1206,15,0.01529627700074343,0.0037888739971094765,0.024459892993036192,13
1207,15,0.015209507000690792,0.003817184995568823,0.024678431000211276,15
1208,15,0.015252245997544378,0.0030683649965794757,0.024272191993077286,17
1209,15,0.015295678000256885,0.0037992690049577504,0.024478213999827858,19
1210,15,0.015165438999247272,0.003794156997173559,0.024447490002785344,21
1211,15,0.015214664999803063,0.003826097003184259,0.024613735993625596,23
1212,15,0.015269358998921234,0.0038084779953351244,0.02435380899987649,25
1213,15,0.015788789998623542,0.003835510004137177,0.02436185300030047,27
1214,15,0.015283229004126042,0.003830095003650058,0.02764729600312421,29
1215,15,0.015798216001712717,0.004548251999949571,0.026898711003013887,31
1216,15,0.015373431000625715,0.004547411997918971,0.0270833950053202,33
1217,15,0.015563959001156036,0.004535547006526031,0.02712060200428823,35
1218,15,0.015422325996041764,0.004559483000775799,0.027255532004346605,37
1219,15,0.01543757900071796,0.0046875490006641485,0.02868496200244408,39
1220,15,0.01405411300220294,0.003093584004091099,0.02464859699830413,41
1221,15,0.013441302005958278,0.00305698299780488,0.024689947000297252,43
1222,15,0.013380246004089713,0.003078410001762677,0.024688386998604983,45
1223,15,0.013775810002698563,0.004034639998280909,0.024740257998928428,47
1224,15,0.0140760610011057,0.0030482109941658564,0.025258046000089962,49
1225,15,0.013632488997245673,0.003895795001881197,0.024278463002701756,51
1226,15,0.01347296500171069,0.004103929997654632,0.024634175999381114,53
1227,15,0.014029691003088374,0.0030847759990138,0.024657337002281565,55
1228,15,0.013660837998031639,0.0030998209986137226,0.02453679800237296,57
1229,15,0.014438008998695295,0.003047452002647333,0.024443312002404127,59
1230,15,0.013714486005483195,0.0030766650015721098,0.025965603002987336,61
1231,15,0.01425798099808162,0.0030740029978915118,0.024484877998474985,63
1232,15,0.01383100199745968,0.0030873860014253296,0.024996221996843815,65
1233,15,0.013993746004416607,0.003128748001472559,0.024634739995235577,67
1234,15,0.013922126003308222,0.0031019900052342564,0.025062414002604783,69
1235,15,0.013667144994542468,0.006247463999898173,0.02707568900223123,71
1236,15,0.013563820997660514,0.0064309669978683814,0.028007222004816867,73
1237,15,0.01679373500519432,0.0061895600010757335,0.02708622899808688,75
1238,15,0.013552334996347781,0.0061706109991064295,0.03031783700134838,77
1239,15,0.013662544995895587,0.006272106998949312,0.027479167001729365,79
1240,15,0.013610196998342872,0.003856831004668493,0.026080205003381707,81
1241,15,0.013554584998928476,0.003827675995125901,0.02513657199597219,83
1242,15,0.014229449006961659,0.0038563080015592277,0.024898445000872016,85
1243,15,0.014283272001193836,0.0038338919985108078,0.02505568999913521,87
1244,15,0.0134616659997846,0.0038193009968381375,0.025046005001058802,89
1245,15,0.013420131996099371,0.0038519449954037555,0.024873059999663383,91
1246,15,0.013590546004706994,0.0037921710027148947,0.024781729996902868,93
1247,15,0.013899842997489031,0.0038139620010042563,0.02437311599351233,95
1248,15,0.01994860400009202,0.003837313000985887,0.024843696999596432,97
1249,15,0.013461835995258298,0.003824999999778811,0.024823004998324905,99
1250,15,0.013595477998023853,0.004643897002097219,0.024472552999213804,101
1251,15,0.013536289006879088,0.004567483003484085,0.025154144001135137,103
1252,15,0.01350640199962072,0.004540265996183734,0.024711924001167063,105
1253,15,0.013876707998861093,0.004634076998627279,0.02458725199539913,107
1254,15,0.01355302199954167,0.004535473002761137,0.024824929001624696,109
1255,15,0.013583304003986996,0.004531147998932283,0.02469277100317413,111
1256,15,0.014238496994948946,0.004589716001646593,0.02477818199986359,113
1257,15,0.013486518000718206,0.004619393002940342,0.02487330300209578,115
1258,15,0.014061346999369562,0.005244610001682304,0.02464253899961477,117
1259,15,0.013544377994548995,0.0053067169938003644,0.02460457300185226,119
1260,15,0.013617135999083985,0.003804514999501407,0.02491228299913928,121
1261,15,0.013609244000690524,0.0038287950010271743,0.024966898999991827,123
1262,15,0.014075181999942288,0.003832964997855015,0.024925548997998703,125
1263,15,0.014075496997975279,0.003829223998764064,0.025054145997273736,127
1264,15,0.01425260399992112,0.0038302489992929623,0.0252688029941055,129
1265,15,0.013645162005559541,0.0037907220030319877,0.025192360000801273,131
1266,15,0.014631400001235306,0.0038230970021686517,0.02515624000079697,133
1267,15,0.01360547300282633,0.003857714000332635,0.024964705000456888,135
1268,15,0.013478868997481186,0.0038234079984249547,0.0249641469999915,137
1269,15,0.013966222999442834,0.003832738999335561,0.02433069200196769,139
1270,15,0.013524570000299718,0.005322516000887845,0.02689187000214588,141
1271,15,0.013554419005231466,0.005273596994811669,0.04324026099493494,143
1272,15,0.013542761000280734,0.005276850002701394,0.02758686699962709,145
1273,15,0.01364142399688717,0.005311640998115763,0.03205846000491874,147
1274,15,0.01375428000028478,0.005286481995426584,0.027873398998053744,149
1275,15,0.01349541400122689,0.006002164998790249,0.02732406400173204,151
1276,15,0.01418898299743887,0.006164229002024513,0.027000203997886274,153
1277,15,0.014641488996858243,0.006227696001587901,0.027253662003204226,155
1278,15,0.013576305005699396,0.005278315002215095,0.02876656500302488,157
1279,15,0.013510027994925622,0.005292847999953665,0.027546711004106328,159
1280,16,0.01537355300388299,0.0038531720056198537,0.025443836995691527,1
1281,16,0.016322702998877503,0.0041181110063917,0.024779431005299557,3
1282,16,0.015982713004632387,0.003839712000626605,0.024824350002745632,5
1283,16,0.015580325001792517,0.0038721630044165067,0.024557174001529347,7
1284,16,0.015390373999252915,0.003806052998697851,0.024798323000140954,9
1285,16,0.015387107996502891,0.00394154799869284,0.025335551996249706,11
1286,16,0.015308572001231369,0.003136206003546249,0.02462560999993002,13
1287,16,0.01572013500117464,0.0031296770030166954,0.025056902995856944,15
1288,16,0.015453829000762198,0.0031082919958862476,0.024944502998550888,17
1289,16,0.015324994994443841,0.003100645000813529,0.024652454994793516,19
1290,16,0.01577844900020864,0.0038131219989736564,0.025149510001938324,21
1291,16,0.015420333998918068,0.003810246998909861,0.02448541899502743,23
1292,16,0.015337823002482764,0.0037939719986752607,0.02440957100043306,25
1293,16,0.015275386002031155,0.003820379999524448,0.024724278002395295,27
1294,16,0.015368180997029413,0.00462037500255974,0.024613184003101196,29
1295,16,0.015242674002365675,0.004572322002786677,0.02468647199566476,31
1296,16,0.016169144000741653,0.0037983989968779497,0.02475565100030508,33
1297,16,0.01571679100015899,0.0038272560050245374,0.02443250700162025,35
1298,16,0.015820376000192482,0.0038035859979572706,0.025490877000265755,37
1299,16,0.015351021000242326,0.003801274004217703,0.024591348999820184,39
1300,16,0.013644615006342065,0.003841163998004049,0.024534194002626464,41
1301,16,0.014047901997400913,0.003835167000943329,0.024609225998574402,43
1302,16,0.013965557998744771,0.003792550996877253,0.025017449996084906,45
1303,16,0.013607952001621015,0.003861283003061544,0.024593838999862783,47
1304,16,0.01344395500200335,0.003824881998298224,0.025177760995575227,49
1305,16,0.013548983995860908,0.003850210996461101,0.024389471000176854,51
1306,16,0.013596431999758352,0.0038452259977930225,0.024553331997594796,53
1307,16,0.013478745997417718,0.0038232429942581803,0.024261495003884193,55
1308,16,0.013630148998345248,0.0038405399973271415,0.024382044000958558,57
1309,16,0.013539628002035897,0.00380978400062304,0.024328790997969918,59
1310,16,0.013498977998096962,0.003857792995404452,0.024745073002122808,61
1311,16,0.013571609000791796,0.0038399719996959902,0.025003436996485107,63
1312,16,0.013540448002459016,0.003857784999127034,0.024772110999037977,65
1313,16,0.013493799000571016,0.003836434996628668,0.024565024999901652,67
1314,16,0.013810884993290529,0.0038400830017053522,0.024751939003181178,69
1315,16,0.013641669997014105,0.005447190000268165,0.027039544002036564,71
1316,16,0.0140968149935361,0.005416095998953097,0.02774587399471784,73
1317,16,0.013616148004075512,0.005403597002441529,0.02777204599988181,75
1318,16,0.01364572400052566,0.005431035999208689,0.02771641300205374,77
1319,16,0.013663068995811045,0.0054276139999274164,0.02804318900598446,79
1320,16,0.014085697999689728,0.003854356000374537,0.0250423339966801,81
1321,16,0.013629722998302896,0.0038166230006027035,0.02494015099364333,83
1322,16,0.013621512996905949,0.0038238679990172386,0.0249245829982101,85
1323,16,0.013559597995481454,0.0038121350007713772,0.025021148998348508,87
1324,16,0.013588551002612803,0.003815301002759952,0.025300920999143273,89
1325,16,0.013961308999569155,0.0038633389995084144,0.024684468997293152,91
1326,16,0.013623981998534873,0.003854463000607211,0.024468584997521248,93
1327,16,0.013568580005085096,0.0038391510024666786,0.025283611001214013,95
1328,16,0.013553153003158513,0.003842277998046484,0.024700000998564065,97
1329,16,0.013863507003406994,0.0038509450023411773,0.024408234996371903,99
1330,16,0.01370223899721168,0.00457437399745686,0.024768966999545228,101
1331,16,0.01387362299283268,0.004564820999803487,0.024745144000917207,103
1332,16,0.0136293680043309,0.004589255004248116,0.0247243459962192,105
1333,16,0.01381057599792257,0.004569876000459772,0.02511850299924845,107
1334,16,0.013712601001316216,0.004551239006104879,0.025012100995809305,109
1335,16,0.013631131005240604,0.0045426130018313415,0.02524309599539265,111
1336,16,0.01377891899755923,0.0046262350006145425,0.024885619997803587,113
1337,16,0.01364325300528435,0.0046234870023909025,0.025235499000700656,115
1338,16,0.0136053830065066,0.004635514997062273,0.02475319100631168,117
1339,16,0.014028452002094127,0.004553762002615258,0.024775019999651704,119
1340,16,0.013610886999231298,0.0038131569963297807,0.02452778500446584,121
1341,16,0.013611481997941155,0.004602982000506017,0.025188984000124037,123
1342,16,0.013527019000321161,0.004585274000419304,0.0253152389996103,125
1343,16,0.013582420004240703,0.004550718003883958,0.02457619199412875,127
1344,16,0.013698291004402563,0.004593990001012571,0.02476024099451024,129
1345,16,0.01358410700049717,0.004549703997327015,0.0255931520005106,131
1346,16,0.01410096199833788,0.003823241000645794,0.025021663001098204,133
1347,16,0.013614192997920327,0.004590926997479983,0.02520807899418287,135
1348,16,0.013623569000628777,0.004571393998048734,0.02474599400011357,137
1349,16,0.013661384000442922,0.004577666004479397,0.025249863996577915,139
1350,16,0.013604248997580726,0.0060276749936747365,0.02712191799946595,141
1351,16,0.013552723998145666,0.006029322001268156,0.02748479900037637,143
1352,16,0.014952420999179594,0.006025119000696577,0.027364434994524345,145
1353,16,0.013589731002866756,0.006036177997884806,0.028100138995796442,147
1354,16,0.013927986001363024,0.006028305993822869,0.0274887170016882,149
1355,16,0.013945648999651894,0.006025453003530856,0.027631579003355,151
1356,16,0.013739565001742449,0.006027707997418474,0.027526473000762053,153
1357,16,0.013582448998931795,0.006000172994390596,0.02802128400071524,155
1358,16,0.01388248500006739,0.006216458998096641,0.02765136100060772,157
1359,16,0.013781444999040104,0.006205860998306889,0.02774261099693831,159
1360,17,0.014073808997636661,0.0045731870050076395,0.02582342499954393,1
1361,17,0.013687092003237922,0.003808487999776844,0.025073647004319355,3
1362,17,0.014630351004598197,0.0038712599998689257,0.024648938000609633,5
1363,17,0.014568074999260716,0.0038204489974305034,0.024995308995130472,7
1364,17,0.014113117998931557,0.003958141001930926,0.025472722998529207,9
1365,17,0.013582325998868328,0.0038480700022773817,0.024705502000870183,11
1366,17,0.013820734995533712,0.003812677001405973,0.024971341001219116,13
1367,17,0.013671726002939977,0.0038130300017655827,0.02501816299627535,15
1368,17,0.01358081500075059,0.0038620320046902634,0.02459363800153369,17
1369,17,0.013810513002681546,0.0038207750039873645,0.024436373998469207,19
1370,17,0.015426063000631984,0.00384444699739106,0.025132794995442964,21
1371,17,0.013551291995099746,0.003059633992961608,0.02520855699549429,23
1372,17,0.013612269001896493,0.004880829998000991,0.026851525995880365,25
1373,17,0.013501360997906886,0.003822564998699818,0.026994342006219085,27
1374,17,0.013636016999953426,0.0038293550023809075,0.026751349003461655,29
1375,17,0.013614192001114134,0.0037895790010225028,0.027447380001831334,31
1376,17,0.014032506005605683,0.0045401030001812615,0.02682138799718814,33
1377,17,0.013463866998790763,0.004528254001343157,0.02711961900058668,35
1378,17,0.01350533300137613,0.004530713995336555,0.026945254001475405,37
1379,17,0.013589489994046744,0.004545829004200641,0.027639641004498117,39
1380,17,0.013552514996263199,0.003969596000388265,0.02459796600305708,41
1381,17,0.013510655997379217,0.0030780770030105487,0.024762601999100298,43
1382,17,0.013762485999905039,0.0031238869996741414,0.024507355999958236,45
1383,17,0.013685003999853507,0.0030639270044048317,0.024608368999906816,47
1384,17,0.013545199995860457,0.003821758000412956,0.024710033998417202,49
1385,17,0.013961502001620829,0.003088109995587729,0.024745139002334327,51
1386,17,0.013544462002755608,0.003084586998738814,0.024481920998368878,53
1387,17,0.01346251100039808,0.0030717100016772747,0.024894868998671882,55
1388,17,0.013876637996872887,0.0038224669988267124,0.02436037299776217,57
1389,17,0.013693823995708954,0.003069717000471428,0.024867035004717764,59
1390,17,0.013685190999240149,0.00308158400002867,0.024742925001191907,61
1391,17,0.013900177997129504,0.003991728997789323,0.025145988001895603,63
1392,17,0.013838007995218504,0.003126494004391134,0.025951864998205565,65
1393,17,0.013702889998967294,0.004120915000385139,0.025286126998253167,67
1394,17,0.01381635500001721,0.0030900630008545704,0.02529582299757749,69
1395,17,0.013913102004153188,0.006223210999451112,0.02755204099958064,71
1396,17,0.013820756001223344,0.0062317359988810495,0.027994358002615627,73
1397,17,0.014192964998073876,0.006154265996883623,0.02801507099502487,75
1398,17,0.014096113998675719,0.006201306001457851,0.027679609003826044,77
1399,17,0.014261999996961094,0.00617362699995283,0.027495925001858268,79
1400,17,0.01570516700303415,0.003860156000882853,0.02525521100324113,81
1401,17,0.015616131000570022,0.0030944730024202727,0.024583379999967292,83
1402,17,0.01588433400320355,0.003915927001798991,0.024330890002602246,85
1403,17,0.015617801000189502,0.003117424996162299,0.024407368000538554,87
1404,17,0.015393945999676362,0.0031077050007297657,0.024910208005167078,89
1405,17,0.015721281000878662,0.003120804001810029,0.024917793001804966,91
1406,17,0.01539943300304003,0.003088935001869686,0.02479959399352083,93
1407,17,0.01546434099873295,0.003815623000264168,0.02486915200279327,95
1408,17,0.015904047999356408,0.003857127005176153,0.02558712199970614,97
1409,17,0.015321263002988417,0.004503815005591605,0.025688663001346868,99
1410,17,0.015613325005688239,0.0047016500029712915,0.024428661999991164,101
1411,17,0.015626287000486627,0.004611937998561189,0.02508160699653672,103
1412,17,0.01549675300339004,0.004546008000033908,0.024802627995086368,105
1413,17,0.015603533996909391,0.0045290039997780696,0.02515645499806851,107
1414,17,0.015718524999101646,0.004545450996374711,0.02573793200281216,109
1415,17,0.015436150002642535,0.004550209996523336,0.024950938997790217,111
1416,17,0.015568205002637114,0.004571154997393023,0.03422838799451711,113
1417,17,0.01538183099910384,0.004521361996012274,0.024607402003312018,115
1418,17,0.015728789003333077,0.004562412002997007,0.025165362996631302,117
1419,17,0.015378009004052728,0.004517226996540558,0.024661167997692246,119
1420,17,0.015749020996736363,0.0037917270019534044,0.024420155001280364,121
1421,17,0.01519393199851038,0.003814429997873958,0.024245530999905895,123
1422,17,0.01524914099718444,0.0037939769972581416,0.02468502199917566,125
1423,17,0.015355578005255666,0.0038978000011411496,0.024670498998602852,127
1424,17,0.015367050997156184,0.0038573279962292872,0.025409517998923548,129
1425,17,0.015300818995456211,0.0038272230012807995,0.02501091599697247,131
1426,17,0.015453400999831501,0.003815514995949343,0.024757311002758797,133
1427,17,0.015325833002862055,0.0038386209998861887,0.0242707550060004,135
1428,17,0.015304994994949084,0.003832077003607992,0.024626070000522304,137
1429,17,0.01534316000470426,0.0038464090030174702,0.024513649004802573,139
1430,17,0.01571204799984116,0.005352738000510726,0.027308010998240206,141
1431,17,0.015323700004955754,0.005397471999458503,0.027661416999762878,143
1432,17,0.01540655099961441,0.006293213999015279,0.027708850997441914,145
1433,17,0.015828723000595346,0.005269879002298694,0.02716167300241068,147
1434,17,0.015514096005063038,0.006002248999720905,0.02737042099761311,149
1435,17,0.01580004299466964,0.005285532999550924,0.027259591006441042,151
1436,17,0.01558912899781717,0.006023515998094808,0.027259100002993364,153
1437,17,0.015832482000405435,0.005299283999192994,0.02727481500187423,155
1438,17,0.015410375002829824,0.006048382005246822,0.027437755998107605,157
1439,17,0.01558148999902187,0.0065338670028722845,0.02739189699786948,159
1440,18,0.015332918999774847,0.003852597998047713,0.025597803003620356,1
1441,18,0.015320721002353821,0.004555160005111247,0.02485410199733451,3
1442,18,0.01534587900096085,0.0038123780032037757,0.024669737002113834,5
1443,18,0.01577683099458227,0.0038284430047497153,0.024699259003682528,7
1444,18,0.015684982994571328,0.00381598700187169,0.02436188600404421,9
1445,18,0.015379230004327837,0.0038229989950195886,0.02466970200475771,11
1446,18,0.015792609003256075,0.003062019997742027,0.024441281995677855,13
1447,18,0.015381290999357589,0.0031336059983004816,0.024634754998260178,15
1448,18,0.015334445000917185,0.0045364499965216964,0.02447146800113842,17
1449,18,0.015350761997979134,0.0045818959988537244,0.02447518899862189,19
1450,18,0.015423465003550518,0.004580099994200282,0.025234800996258855,21
1451,18,0.01582120600505732,0.0038552969999727793,0.025075143996218685,23
1452,18,0.015426719997776672,0.004573580001306254,0.02474586600146722,25
1453,18,0.015453152002010029,0.004556908002996352,0.024829098001646344,27
1454,18,0.015448519996425603,0.0052895889966748655,0.024887275998480618,29
1455,18,0.015934012000798248,0.00528480600041803,0.02769410700420849,31
1456,18,0.015291009003703948,0.004549016994133126,0.02741786299884552,33
1457,18,0.015208575998258311,0.004558515000098851,0.027220132004003972,35
1458,18,0.015445602999534458,0.004606098998920061,0.026850563001062255,37
1459,18,0.01603293600055622,0.004539988003671169,0.027402867999626324,39
1460,18,0.013545967995014507,0.003086759999860078,0.02454415400279686,41
1461,18,0.0135159970013774,0.003108614997472614,0.024753275996772572,43
1462,18,0.013563565000367817,0.003208704998542089,0.024346320999029558,45
1463,18,0.014396116996067576,0.0030881440034136176,0.024685680997208692,47
1464,18,0.013554436001868453,0.0030626829975517467,0.02527808400191134,49
1465,18,0.013555531004385557,0.0030788110016146675,0.02423743099643616,51
1466,18,0.013671048000105657,0.003085766002186574,0.024623689998406917,53
1467,18,0.01367199000378605,0.003074592001212295,0.02443204799783416,55
1468,18,0.013702395997825079,0.0031191060043056495,0.025166696999804117,57
1469,18,0.013698306000151206,0.0031040140020195395,0.025812507003138307,59
1470,18,0.013586513996415306,0.0031137909973040223,0.024459766995278187,61
1471,18,0.01362714000424603,0.005083281997940503,0.024620126001536846,63
1472,18,0.013612374001240823,0.0030926549952710047,0.024850904002960306,65
1473,18,0.013631401001475751,0.0030984110053395852,0.02473305400053505,67
1474,18,0.013778831002127845,0.0030988409998826683,0.02457596900057979,69
1475,18,0.013556791003793478,0.0062329989959835075,0.026925277001282666,71
1476,18,0.013533234006899875,0.006193656998220831,0.027445672996691428,73
1477,18,0.013675150999915786,0.006207382000866346,0.02724531900457805,75
1478,18,0.013448436999169644,0.006158238000352867,0.02695370199944591,77
1479,18,0.013907476997701451,0.006200625000928994,0.02715920999617083,79
1480,18,0.015244189999066293,0.00307464599609375,0.025101539999013767,81
1481,18,0.015579523998894729,0.0030925809987820685,0.02440015700267395,83
1482,18,0.01579212900105631,0.003096272994298488,0.024655303001054563,85
1483,18,0.015251486001943704,0.0030975810004747473,0.025566173004335724,87
1484,18,0.015562870001303963,0.003089054996962659,0.024281625999719836,89
1485,18,0.015244051995978225,0.0031040929970913567,0.025355459001730196,91
1486,18,0.015815974002180155,0.0031237029979820363,0.024431290999928024,93
1487,18,0.01532802899600938,0.003089327998168301,0.024938589995144866,95
1488,18,0.015361067999037914,0.003104328003246337,0.02467964399693301,97
1489,18,0.01538132100540679,0.0030817470033071004,0.02439963199867634,99
1490,18,0.015251167998940218,0.004579170999932103,0.024327220999111887,101
1491,18,0.015344480001658667,0.004570970995700918,0.0245410389979952,103
1492,18,0.015321642997150775,0.004578433996357489,0.02464345000043977,105
1493,18,0.015365635001217015,0.00455643399618566,0.024810323004203383,107
1494,18,0.015428539998538326,0.004600560001563281,0.024727053998503834,109
1495,18,0.015833491997909732,0.004554169994662516,0.02470442699996056,111
1496,18,0.015275418998498935,0.004551068996079266,0.02532058300130302,113
1497,18,0.01523399700090522,0.0045283119980013,0.02456048200110672,115
1498,18,0.01575876699644141,0.0045499819971155375,0.024478334999002982,117
1499,18,0.015609570997185074,0.004561162997561041,0.024420705005468335,119
1500,18,0.013567960006184876,0.0038274909966276027,0.02455600100074662,121
1501,18,0.01357263200043235,0.0038958669974817894,0.024660948998644017,123
1502,18,0.019403004000196233,0.0038392089991248213,0.02497026399942115,125
1503,18,0.013731181003095116,0.0038395909941755235,0.025081602994760033,127
1504,18,0.013520400003471877,0.003800063001108356,0.024539388999983203,129
1505,18,0.013551268995797727,0.0030970029984018765,0.025300310997408815,131
1506,18,0.01352389800013043,0.0038606279995292425,0.02436401799786836,133
1507,18,0.01350561500294134,0.0030874299991410226,0.025191920998622663,135
1508,18,0.013650330001837574,0.0038575010039494373,0.024363343000004534,137
1509,18,0.01351270000304794,0.0038639740014332347,0.024502738000592217,139
1510,18,0.014046700998733286,0.006034771002305206,0.026990409998688847,141
1511,18,0.013555051998991985,0.006059503000869881,0.027194690999749582,143
1512,18,0.01358013300341554,0.006076593999750912,0.027204519996303134,145
1513,18,0.013585278997197747,0.006040915999619756,0.027059812004154082,147
1514,18,0.013496583000232931,0.006055901001673192,0.027213066001422703,149
1515,18,0.013537779996113386,0.006023415997333359,0.027791035994596314,151
1516,18,0.013689749997865874,0.006025470000167843,0.027098105994809885,153
1517,18,0.01351760899706278,0.006080373997974675,0.027367899994715117,155
1518,18,0.014088751006056555,0.007035226000880357,0.027545513003133237,157
1519,18,0.014106907001405489,0.006071515002986416,0.027492004999658093,159
1520,19,0.01572469100210583,0.003872230001434218,0.025512431006063707,1
1521,19,0.015436331996170338,0.003835704999801237,0.024729659999138676,3
1522,19,0.015467130004253704,0.003140196997264866,0.024859119999746326,5
1523,19,0.01593574500293471,0.0030998520014691167,0.024970227997982875,7
1524,19,0.01530926900159102,0.0030912189977243543,0.024650830993778072,9
1525,19,0.015332812996348366,0.0031039350069477223,0.024497448997863103,11
1526,19,0.016171446994121652,0.003132744997856207,0.025017324995133094,13
1527,19,0.015466738994291518,0.003817794000497088,0.024796625002636574,15
1528,19,0.01563789099600399,0.003802195002208464,0.025004800998431165,17
1529,19,0.01536630999908084,0.0038233129962463863,0.028403346994309686,19
1530,19,0.015319052996346727,0.0038101850004750304,0.02471868400607491,21
1531,19,0.016512030000740197,0.0038443899975391105,0.02465589400526369,23
1532,19,0.01552453600015724,0.0038399249970098026,0.024900878001062665,25
1533,19,0.016375068997149356,0.004586850001942366,0.024807608002447523,27
1534,19,0.015771379999932833,0.0039687620010226965,0.025470644002780318,29
1535,19,0.015430655999807641,0.003821787999186199,0.024701299000298604,31
1536,19,0.019396604999201372,0.0038303900000755675,0.025035770995600615,33
1537,19,0.015993599998182617,0.0038200100025278516,0.025136789998214226,35
1538,19,0.015347143002145458,0.0038222639996092767,0.024624856006994378,37
1539,19,0.016666433002683334,0.00384757699794136,0.024470992997521535,39
1540,19,0.013701641997613478,0.003076593995501753,0.02505835700139869,41
1541,19,0.014587006997317076,0.0031019559974083677,0.024448151998512913,43
1542,19,0.016222931997617707,0.0031039870009408332,0.025016980995133054,45
1543,19,0.013517989995307289,0.00307349200011231,0.024797649995889515,47
1544,19,0.014013511005032342,0.003086757002165541,0.024420219000603538,49
1545,19,0.013526684000680689,0.0030770939993089996,0.024388418001763057,51
1546,19,0.013732321000134107,0.003967969998484477,0.02421701500134077,53
1547,19,0.013667904000612907,0.0030854840006213635,0.024592826004663948,55
1548,19,0.01353485800063936,0.003090153004450258,0.02445539500331506,57
1549,19,0.014072090001718607,0.00313743700098712,0.024652318003063556,59
1550,19,0.014501525998639408,0.0031041190013638698,0.024480246000166517,61
1551,19,0.013465912001265679,0.0030701979994773865,0.025248788006138057,63
1552,19,0.013568798000051174,0.0031010739985504188,0.024538928002584726,65
1553,19,0.01359180400322657,0.003090163998422213,0.024482816996169277,67
1554,19,0.014643097994849086,0.003107541997451335,0.02525202500692103,69
1555,19,0.013762262999080122,0.0061697310011368245,0.026855730000534095,71
1556,19,0.013481400994351134,0.0061431229987647384,0.02694698699633591,73
1557,19,0.013538777995563578,0.006147359999886248,0.02725165399897378,75
1558,19,0.013742104994889814,0.006232298001123127,0.027337997002177872,77
1559,19,0.013530515003367327,0.006186450998939108,0.02707723899948178,79
1560,19,0.0157617590011796,0.0037948899989714846,0.02454617699549999,81
1561,19,0.015679008000006434,0.003852296002150979,0.024749890006205533,83
1562,19,0.01739971700590104,0.0038199599948711693,0.03509612299967557,85
1563,19,0.015311376999306958,0.003827656000794377,0.024936395995609928,87
1564,19,0.015255493002769072,0.0037872680040891282,0.024657064001075923,89
1565,19,0.015467703000467736,0.0038886559996171854,0.024903212004574016,91
1566,19,0.015638327997294255,0.0038448869963758625,0.024805847999232356,93
1567,19,0.01576505599950906,0.0037940070033073425,0.024594009002612438,95
1568,19,0.015574085002299398,0.003827633998298552,0.02460485500341747,97
1569,19,0.015487466000195127,0.003803722000156995,0.024505898996721953,99
1570,19,0.015548506999039091,0.004513428997597657,0.02726421199622564,101
1571,19,0.015462460003618617,0.004533084997092374,0.027220329000556376,103
1572,19,0.01615497700549895,0.004537376000371296,0.027124048996483907,105
1573,19,0.01551100799406413,0.004586418996041175,0.02716425299877301,107
1574,19,0.015524317001109011,0.00460842699976638,0.027610320998064708,109
1575,19,0.01549102200078778,0.004583615002047736,0.027300223002384882,111
1576,19,0.015316347002226394,0.004568206000840291,0.027178598000318743,113
1577,19,0.015359819997684099,0.004605271999025717,0.02708195299783256,115
1578,19,0.015267881004547235,0.004552089994831476,0.027121662002173252,117
1579,19,0.015359094002633356,0.004551134996290784,0.027581841000937857,119
1580,19,0.015439832997799385,0.0038979509990895167,0.02498403899517143,121
1581,19,0.015376002003904432,0.0038346959991031326,0.024843564002367202,123
1582,19,0.015392317000078037,0.0038295519989333116,0.02461231699999189,125
1583,19,0.01538886299385922,0.0038170039988472126,0.024592419002146926,127
1584,19,0.015366858002380468,0.003831173999060411,0.024760166998021305,129
1585,19,0.015406264996272512,0.0038354369971784763,0.024898971001675818,131
1586,19,0.015594860997225624,0.0038361810002243146,0.024937453999882564,133
1587,19,0.01539141200191807,0.003795605000050273,0.02491141499922378,135
1588,19,0.015624902000126895,0.0038700260047335178,0.02469221800129162,137
1589,19,0.015618597004504409,0.0038226809992920607,0.024780273000942543,139
1590,19,0.01573711200035177,0.005303041994920932,0.027400647006288636,141
1591,19,0.015368430002126843,0.006082831998355687,0.027540515002328902,143
1592,19,0.0153240689978702,0.005290956003591418,0.027390964998630807,145
1593,19,0.015301920000638347,0.00600937499984866,0.027533722000953276,147
1594,19,0.015331525995861739,0.006214865003130399,0.027754504000768065,149
1595,19,0.015461034003237728,0.006295138999121264,0.027935002006415743,151
1596,19,0.015330341004300863,0.006036337996192742,0.028206349001266062,153
1597,19,0.015426587997353636,0.006325807997200172,0.027411720002419315,155
1598,19,0.015508543001487851,0.005311171000357717,0.02811142300197389,157
1599,19,0.015467224002350122,0.0063079120009206235,0.02802726200025063,159
1600,20,0.015440606999618467,0.0031080190019565634,0.025590220997401047,1
1601,20,0.015538554995146114,0.003995625003881287,0.024501311003405135,3
1602,20,0.015584899003442843,0.004574400998535566,0.0250452789987321,5
1603,20,0.01569954199658241,0.004146993996982928,0.024790942996332888,7
1604,20,0.01583932599896798,0.0038250930010690354,0.024532365998311434,9
1605,20,0.015466595999896526,0.0038462509983219206,0.025219973002094775,11
1606,20,0.01544320399989374,0.003821215002972167,0.024573871996835805,13
1607,20,0.01543555600073887,0.0038452629960374907,0.02525920900370693,15
1608,20,0.015375745002529584,0.004608788003679365,0.025087080997764133,17
1609,20,0.015425703997607343,0.004590222000842914,0.025073090997466352,19
1610,20,0.015404445002786815,0.004560139001114294,0.02500172200234374,21
1611,20,0.0153706040000543,0.004567754003801383,0.024769511001068167,23
1612,20,0.015510691999224946,0.005360985000152141,0.025594207996618934,25
1613,20,0.01588326100318227,0.005299656004353892,0.024814516000333242,27
1614,20,0.015390828004456125,0.005268512999464292,0.025520975003018975,29
1615,20,0.015388906998850871,0.005294971000694204,0.027074589001131244,31
1616,20,0.015406758997414727,0.004561018999083899,0.027272216997516807,33
1617,20,0.01556680399517063,0.0046065329952398315,0.02722795600129757,35
1618,20,0.015931940004520584,0.004590415999700781,0.02707281200127909,37
1619,20,0.015192421000392642,0.004536919004749507,0.02744927699677646,39
1620,20,0.013605826003185939,0.0038439709969679825,0.024981811999168713,41
1621,20,0.013770753997960128,0.0038383369974326342,0.025239228998543695,43
1622,20,0.013477609005349223,0.0038281469969660975,0.02445656700001564,45
1623,20,0.014132217998849228,0.0038149479951243848,0.024550351001380477,47
1624,20,0.013448779005557299,0.003848250002192799,0.025190113003191072,49
1625,20,0.01435785299690906,0.0038326219946611673,0.0244552130025113,51
1626,20,0.01391908100049477,0.0038752429973101243,0.024308145002578385,53
1627,20,0.01350013699993724,0.003805437998380512,0.024513976997695863,55
1628,20,0.013640359000419267,0.003864612997858785,0.02498882399959257,57
1629,20,0.013926120001997333,0.003886083999532275,0.02473348299827194,59
1630,20,0.013575149998359848,0.003845355997327715,0.025191307002387475,61
1631,20,0.01398188500024844,0.0040875429986044765,0.02479518700420158,63
1632,20,0.014190144000167493,0.0038138079980853945,0.024887400002626237,65
1633,20,0.01364659200044116,0.003831009002169594,0.02471729499666253,67
1634,20,0.01353909399767872,0.0038512320024892688,0.025500821000605356,69
1635,20,0.013508413998351898,0.007015308998234104,0.029665006004506722,71
1636,20,0.013736505999986548,0.007085883000399917,0.030464203999144956,73
1637,20,0.014244646001316141,0.006988476998230908,0.03028449999692384,75
1638,20,0.013566092995461076,0.007035647002339829,0.029784751000988763,77
1639,20,0.01371316600125283,0.007059483999910299,0.029740397003479302,79
1640,20,0.015396463000797667,0.0038256609987001866,0.024817316996632144,81
1641,20,0.015438111004186794,0.0038658859994029626,0.024594545997388195,83
1642,20,0.01577112499944633,0.003849476997856982,0.024769538002146874,85
1643,20,0.015392322005936876,0.0038228699995670468,0.024582008001743816,87
1644,20,0.015342090002377518,0.0038544239941984415,0.0246460170019418,89
1645,20,0.015319874000851996,0.0038434699963545427,0.024660988994583022,91
1646,20,0.015391692002594937,0.0038174239962245338,0.02472719600336859,93
1647,20,0.015353246999438852,0.0038286010021693073,0.02503519200399751,95
1648,20,0.015544547000899911,0.0038694699978805147,0.024803886997688096,97
1649,20,0.01537598200229695,0.003796008000790607,0.024831144000927452,99
1650,20,0.015368597996712197,0.003849433000141289,0.02541141799883917,101
1651,20,0.015738391994091216,0.0038488869977300055,0.024600557000667322,103
1652,20,0.015394360998470802,0.0038535650019184686,0.02457493399560917,105
1653,20,0.01566229300078703,0.003856103001453448,0.024555670002882835,107
1654,20,0.01541644200187875,0.003813292001723312,0.024587509004049934,109
1655,20,0.01537710300181061,0.0038473899985547177,0.02477901199745247,111
1656,20,0.015326198998081964,0.0038535130006494,0.02483589600160485,113
1657,20,0.015315271004510578,0.0038489159996970557,0.02471297200099798,115
1658,20,0.015426731995830778,0.003867052000714466,0.02450149899959797,117
1659,20,0.015329303998441901,0.0038091959941084497,0.02458747300261166,119
1660,20,0.015259595995303243,0.0045816709971404634,0.02469956999993883,121
1661,20,0.015313112999137957,0.00456692700390704,0.025334718004160095,123
1662,20,0.015373109003121499,0.004543363000266254,0.024853826995240524,125
1663,20,0.015415151996421628,0.004543504001048859,0.024753029996645637,127
1664,20,0.015443506003066432,0.0045473479985957965,0.024655328001244925,129
1665,20,0.01541989700490376,0.004542050999589264,0.024959139998827595,131
1666,20,0.015723642994998954,0.004566231997159775,0.0245963110064622,133
1667,20,0.015331050002714619,0.004580893000820652,0.024426770003628917,135
1668,20,0.01539597800001502,0.004555706000246573,0.024617822004074696,137
1669,20,0.015437214999110438,0.0045103930024197325,0.024975271000585053,139
1670,20,0.015573728996969294,0.005292237001413014,0.027151984999363776,141
1671,20,0.015512580001086462,0.00530170099955285,0.027355873993656132,143
1672,20,0.015487399003177416,0.005307322004227899,0.027137149998452514,145
1673,20,0.015543079993221909,0.005308407999109477,0.0274853999944753,147
1674,20,0.015556164995359723,0.005328899998858105,0.02746734499669401,149
1675,20,0.015573053999105468,0.005328418999852147,0.027664668996294495,151
1676,20,0.015434665001521353,0.005360638999263756,0.027541060000658035,153
1677,20,0.015715216999524273,0.005393129998992663,0.0272047010003007,155
1678,20,0.01542821300245123,0.005381455994211137,0.027049225005612243,157
1679,20,0.01554543900419958,0.0055297250000876375,0.02823126900329953,159
1680,21,0.015480285001103766,0.004631187999621034,0.026677381996705662,1
1681,21,0.015980513002432417,0.004651470000681002,0.024900882999645546,3
1682,21,0.015734631997474935,0.0031078009997145273,0.02495751899550669,5
1683,21,0.015457595000043511,0.0038035839970689267,0.02476451700204052,7
1684,21,0.019247257994720712,0.003855967996059917,0.02470962799998233,9
1685,21,0.01556886100297561,0.0038122089972603135,0.03253800200036494,11
1686,21,0.015335096002672799,0.0045573009992949665,0.024568369997723494,13
1687,21,0.015553746998193674,0.004583550995448604,0.02493544900062261,15
1688,21,0.01603414800047176,0.005144235001353081,0.024384386000747327,17
1689,21,0.015561925996735226,0.0038187219979590736,0.024861235993739683,19
1690,21,0.015425710000272375,0.003827316999377217,0.024749084004724864,21
1691,21,0.015343111997935921,0.003816342999925837,0.02526706400385592,23
1692,21,0.015216601997963153,0.003068963997066021,0.024545940999814775,25
1693,21,0.015352298003563192,0.0038281169981928542,0.024416220003331546,27
1694,21,0.015387004998046905,0.003851073000987526,0.027463048994832207,29
1695,21,0.015822656998352613,0.0038371359987650067,0.027422951003245544,31
1696,21,0.015226547002384905,0.0045522610016632825,0.027519862000190187,33
1697,21,0.015287756999896374,0.004587016002915334,0.027633181001874618,35
1698,21,0.015522440997301601,0.004552693004370667,0.02709806700295303,37
1699,21,0.015521318004175555,0.00457307200122159,0.026836892000574153,39
1700,21,0.015289110997400712,0.0038262449961621314,0.024771089003479574,41
1701,21,0.015460487004020251,0.004532143000687938,0.024432721998891793,43
1702,21,0.015240426997479517,0.004563266003970057,0.025348033996124286,45
1703,21,0.015269668998371344,0.004571309000311885,0.02458128000580473,47
1704,21,0.015818015002878383,0.0038562459958484396,0.024447511001199018,49
1705,21,0.015431393003382254,0.004551194004307035,0.02470935600285884,51
1706,21,0.015491309000935871,0.003803151994361542,0.024410923004325014,53
1707,21,0.015520982000452932,0.004566692994558252,0.024570647001382895,55
1708,21,0.015348752996942494,0.003809340007137507,0.02468102399870986,57
1709,21,0.015311727998778224,0.0056672669961699285,0.024639229995955247,59
1710,21,0.015474570995138492,0.004562157999316696,0.025760982003703248,61
1711,21,0.01529627800482558,0.00383964699722128,0.025381845000083558,63
1712,21,0.015215324005112052,0.0038577240047743544,0.02451152900175657,65
1713,21,0.015240230997733306,0.004543814997305162,0.02455376400030218,67
1714,21,0.01547094399575144,0.0038012359946151264,0.02450431799661601,69
1715,21,0.015239234999171458,0.007765910995658487,0.02971709700068459,71
1716,21,0.015546220005489886,0.007772567005304154,0.03042649000417441,73
1717,21,0.015318327001295984,0.007742015004623681,0.029984880005940795,75
1718,21,0.015388084000733215,0.007732348996796645,0.029323499999009073,77
1719,21,0.015217845000734087,0.0077218430014909245,0.029895038998802193,79
1720,21,0.01622336299624294,0.003114470004220493,0.02491389700298896,81
1721,21,0.015171418999671005,0.0031026119977468625,0.024606056002085097,83
1722,21,0.015239794993249234,0.0030776409985264763,0.024340452000615187,85
1723,21,0.015265377995092422,0.0030751619997317903,0.024483080000209156,87
1724,21,0.01593661800143309,0.0030895009986124933,0.03587744700053008,89
1725,21,0.015243889996781945,0.0031010559978312813,0.02490560900332639,91
1726,21,0.0150509509985568,0.003778083002544008,0.0249655410007108,93
1727,21,0.01520870500098681,0.005048219994932879,0.024315048998687416,95
1728,21,0.015358467004261911,0.0039627000005566515,0.024450292003166396,97
1729,21,0.015242181994835846,0.003103306000411976,0.024431220997939818,99
1730,21,0.022523854997416493,0.004560690998914652,0.024759869003901258,101
1731,21,0.015406229002110194,0.00455455399787752,0.02506543300114572,103
1732,21,0.015310312999645248,0.004551786005322356,0.02467961499496596,105
1733,21,0.015223110996885225,0.0045112059960956685,0.0245627619951847,107
1734,21,0.015208782999252435,0.004534437997790519,0.02457969600072829,109
1735,21,0.01528852299816208,0.004607561997545417,0.02459327399992617,111
1736,21,0.015218455999274738,0.004561123001622036,0.02483184500306379,113
1737,21,0.01598577999538975,0.004605212001479231,0.027163826998730656,115
1738,21,0.015921830003208015,0.0045494799996959046,0.024220642997534014,117
1739,21,0.01548675599769922,0.004535690997727215,0.024966630000562873,119
1740,21,0.015262779001204763,0.0037855449991184287,0.02458904199738754,121
1741,21,0.01537390999874333,0.0038462830052594654,0.024607777006167453,123
1742,21,0.015271244003088214,0.0037909880047664046,0.02434428499691421,125
1743,21,0.01627762700081803,0.0038879369967617095,0.02429918199777603,127
1744,21,0.01575434600090375,0.0038788830061093904,0.026217981001536828,129
1745,21,0.015149241997278295,0.00383676600176841,0.024974709005618934,131
1746,21,0.015037220000522211,0.0038375719959731214,0.024572223002905957,133
1747,21,0.01529267000296386,0.003842376005195547,0.024795170000288635,135
1748,21,0.015107541999896057,0.0038161720003699884,0.025153813003271352,137
1749,21,0.015402425000502262,0.003861286000756081,0.025406713000847958,139
1750,21,0.01547419900452951,0.0069258509975043125,0.02664061500399839,141
1751,21,0.015238414001942147,0.0068737550027435645,0.02730359899578616,143
1752,21,0.015310829003283288,0.006315061000350397,0.026573645998723805,145
1753,21,0.01551899599871831,0.006907166003657039,0.027090700998087414,147
1754,21,0.01533219100383576,0.006054602003132459,0.028839673002948985,149
1755,21,0.01533366500370903,0.006922635999217164,0.027025091003451962,151
1756,21,0.01528123800380854,0.006065679001039825,0.027135823002026882,153
1757,21,0.01531414600322023,0.00604874699638458,0.027118661004351452,155
1758,21,0.015322853003453929,0.006946077999600675,0.026962837000610307,157
1759,21,0.015340361998823937,0.006105402004322968,0.02706001499609556,159
1760,22,0.015444288001162931,0.0039035030058585107,0.025173401001666207,1
1761,22,0.01601882400427712,0.003860573000565637,0.024384654003370088,3
1762,22,0.015766370001074392,0.0037874549961998127,0.024454537997371517,5
1763,22,0.015371053006674629,0.004368298999906983,0.024647467005706858,7
1764,22,0.015239295003993902,0.00306898800045019,0.024654722998093348,9
1765,22,0.015218221997201908,0.003054246997635346,0.025493920998997055,11
1766,22,0.016151777002960443,0.003084404997935053,0.025134723000519443,13
1767,22,0.015251176999299787,0.003959612004109658,0.02439888300432358,15
1768,22,0.015354470997408498,0.0038101509999250993,0.024705306001123972,17
1769,22,0.015762586997880135,0.0038002979999873787,0.024450447999697644,19
1770,22,0.015326738997828215,0.003807458997471258,0.02505199200095376,21
1771,22,0.015262689994415268,0.00381383399508195,0.02444503500009887,23
1772,22,0.015319386999181006,0.0037853250032640062,0.024467756993544754,25
1773,22,0.01533352200203808,0.003823277002084069,0.024709782999707386,27
1774,22,0.01530713200190803,0.003775078999751713,0.024586695995822083,29
1775,22,0.01531658299791161,0.004598213999997824,0.024233809002907947,31
1776,22,0.015239881999150384,0.0046032469981582835,0.02716551299818093,33
1777,22,0.015188370001851581,0.004531953003606759,0.027458755997940898,35
1778,22,0.015217902000586037,0.004598999003064819,0.02750191299855942,37
1779,22,0.015108801999303978,0.004619634004484396,0.026838156998564955,39
1780,22,0.011652374996629078,0.0038820219997433014,0.02497894300176995,41
1781,22,0.012245739999343641,0.003819131998170633,0.025020107001182623,43
1782,22,0.011634050999418832,0.0038385099978768267,0.024330965999979526,45
1783,22,0.011687321995850652,0.003838066004391294,0.02464666100422619,47
1784,22,0.012295679000089876,0.003943701995012816,0.025115488999290392,49
1785,22,0.011970380997809116,0.003955134998250287,0.02570349699817598,51
1786,22,0.011877871002070606,0.003822446997219231,0.0253092929997365,53
1787,22,0.012191948997497093,0.003845628998533357,0.025964366999687627,55
1788,22,0.014596673994674347,0.003846331004751846,0.024613913999928627,57
1789,22,0.011912753005162813,0.003858668002067134,0.025181144999805838,59
1790,22,0.011859459002153017,0.00380513200070709,0.024949781996838283,61
1791,22,0.012536237998574506,0.0038442329969257116,0.0383573119979701,63
1792,22,0.01192119200277375,0.0038049159993533976,0.024598531002993695,65
1793,22,0.01185124900075607,0.003849708999041468,0.02489685900218319,67
1794,22,0.01172174599923892,0.003809469999396242,0.02507645799778402,69
1795,22,0.011772924000979401,0.005414628998551052,0.027239711002039257,71
1796,22,0.012149410002166405,0.005422526999609545,0.027435988995421212,73
1797,22,0.012221308999869507,0.005445975999464281,0.02718154500325909,75
1798,22,0.011859839003591333,0.005436606996227056,0.027614279002591502,77
1799,22,0.01219489700451959,0.005456040998979006,0.027419925994763616,79
1800,22,0.01395034699817188,0.003847072999633383,0.02481122599419905,81
1801,22,0.014001979005115572,0.0038005859969416633,0.024797721998766065,83
1802,22,0.013628651002363767,0.003859528005705215,0.024561264996009413,85
1803,22,0.013613668998004869,0.0038146609949762933,0.02532852099830052,87
1804,22,0.013669652995304205,0.003803123996476643,0.024897703995520715,89
1805,22,0.014393739998922683,0.0038825150040793233,0.02493891199992504,91
1806,22,0.013862439001968596,0.0038570100005017594,0.025138741002592724,93
1807,22,0.014095610000367742,0.0038453710003523156,0.024654622000525706,95
1808,22,0.013554245000705123,0.003862628000206314,0.024835863994667307,97
1809,22,0.013826410999172367,0.0038602819986408576,0.024544032996345777,99
1810,22,0.01394087999506155,0.004570912002236582,0.02462569999624975,101
1811,22,0.013671038999746088,0.004586741000821348,0.024742150999372825,103
1812,22,0.013650214001245331,0.004600721993483603,0.0248385290033184,105
1813,22,0.013669498002855107,0.004620010004146025,0.024891277003916912,107
1814,22,0.014026076001755428,0.00460845600173343,0.025051413002074696,109
1815,22,0.013688498002011329,0.004572024001390673,0.025132316004601307,111
1816,22,0.013516013998014387,0.00456573799601756,0.024650680003105663,113
1817,22,0.02141683300578734,0.004587201998219825,0.028197293999255635,115
1818,22,0.013606708998850081,0.00452083600248443,0.02442608799901791,117
1819,22,0.013556044999859296,0.004534443993179593,0.02451058000588091,119
1820,22,0.015978194001945667,0.004567084994050674,0.024767139002506156,121
1821,22,0.013611333000881132,0.004581017994496506,0.02500243800022872,123
1822,22,0.013444529002299532,0.004592213001160417,0.02451368000038201,125
1823,22,0.01370188200235134,0.00456623500213027,0.024758731000474654,127
1824,22,0.014012558000104036,0.004632430005585775,0.0244417669964605,129
1825,22,0.013523393994546495,0.004545800002233591,0.024815617005515378,131
1826,22,0.013518485000531655,0.004543812996416818,0.024544495994632598,133
1827,22,0.013555432997236494,0.004553005004709121,0.02472333200421417,135
1828,22,0.013595739001175389,0.004581700006383471,0.024908612002036534,137
1829,22,0.013739394998992793,0.004625731999112759,0.025443352002184838,139
1830,22,0.013644910999573767,0.006092198003898375,0.026877844997216016,141
1831,22,0.013674701003765222,0.0060219280057935975,0.029753266004263423,143
1832,22,0.01365576199896168,0.005304095000610687,0.02736572099820478,145
1833,22,0.013636741001391783,0.006043138993845787,0.027671134994307067,147
1834,22,0.014098727995587979,0.006074671000533272,0.02700787000503624,149
1835,22,0.013476186999469064,0.006013861995597836,0.027450581001176033,151
1836,22,0.013779381995846052,0.0060206030029803514,0.027786724000179674,153
1837,22,0.013501714995072689,0.005978940003842581,0.027591508005571086,155
1838,22,0.013435191998723894,0.005266676002065651,0.027207596998778172,157
1839,22,0.013543519002269022,0.005338248003681656,0.026969816004566383,159
1840,23,0.014144978995318525,0.004611001000739634,0.0260756389980088,1
1841,23,0.014203416998498142,0.004525447002379224,0.024713489001442213,3
1842,23,0.013556824000261258,0.0045287680040928535,0.025022801994055044,5
1843,23,0.013603735002106987,0.004591008000716101,0.024901801996747963,7
1844,23,0.013670524000190198,0.004571101002511568,0.02466362199629657,9
1845,23,0.013851704003172927,0.004574180995405186,0.024938209004176315,11
1846,23,0.013569106995419133,0.004612373995769303,0.04083529299532529,13
1847,23,0.013617734002764337,0.004608852003002539,0.024840191996190697,15
1848,23,0.013595541997347027,0.0038526630014530383,0.02467304700257955,17
1849,23,0.014557538997905795,0.004572290999931283,0.02469796300283633,19
1850,23,0.01338999599829549,0.003799106998485513,0.025015733001055196,21
1851,23,0.013891975999285933,0.004592446995957289,0.025161038000078406,23
1852,23,0.013601132995972876,0.0038174239962245338,0.02765986799931852,25
1853,23,0.013500865999958478,0.0037958169996272773,0.027436173004389275,27
1854,23,0.013461736998579,0.0038328180016833358,0.026681864997954108,29
1855,23,0.013391328997386154,0.003808722998655867,0.027278107998427004,31
1856,23,0.013528285999200307,0.003885004000039771,0.027178069998626597,33
1857,23,0.013517358995159157,0.0038550190001842566,0.027238697999564465,35
1858,23,0.013562063002609648,0.00383856899861712,0.0273776639951393,37
1859,23,0.01403076700080419,0.0038254610044532456,0.027384298999095336,39
1860,23,0.013550253999710549,0.0031035309948492795,0.024772609998763073,41
1861,23,0.013594916003057733,0.0030942869998398237,0.024984809999295976,43
1862,23,0.013572529001976363,0.003078713998547755,0.02521906400215812,45
1863,23,0.013587082001322415,0.003084479001699947,0.024963076997664757,47
1864,23,0.013801088003674522,0.0030828830058453605,0.024554711002565455,49
1865,23,0.014004043005115818,0.003093662999162916,0.030223449000914115,51
1866,23,0.013658085001225118,0.003072161998716183,0.02594040599797154,53
1867,23,0.013516476996301208,0.0030870170012349263,0.024652978994708974,55
1868,23,0.013593419003882445,0.0030993990003480576,0.024508285001502372,57
1869,23,0.01357377300155349,0.003109738005150575,0.025580911002180073,59
1870,23,0.014138127000478562,0.0030863970023347065,0.028905043000122532,61
1871,23,0.013744290998147335,0.0030630690016550943,0.024692895996849984,63
1872,23,0.01358273300138535,0.003117973006737884,0.02448835299583152,65
1873,23,0.013595974996860605,0.003082654999161605,0.025090055001783185,67
1874,23,0.013852042997314129,0.0031079850014066324,0.02455169300083071,69
1875,23,0.014140931001747958,0.006272102000366431,0.02754696399642853,71
1876,23,0.013893945004383568,0.006118545003118925,0.02703595799539471,73
1877,23,0.022275539995462168,0.006220616996870376,0.027695135002431925,75
1878,23,0.013429281003482174,0.006138308999652509,0.028083828998205718,77
1879,23,0.013499496002623346,0.0053983950056135654,0.02714313499745913,79
1880,23,0.01654933799727587,0.003089383004407864,0.027098026999738067,81
1881,23,0.015240886001265608,0.0031354499951703474,0.02451248199940892,83
1882,23,0.01521125699946424,0.003110060999460984,0.024511030002031475,85
1883,23,0.01543306100211339,0.0030605099964304827,0.024309710999659728,87
1884,23,0.015188056000624783,0.003064299999095965,0.024188054994738195,89
1885,23,0.02165849500306649,0.0030798439984209836,0.02507932800654089,91
1886,23,0.015243775000271853,0.0030797670042375103,0.025006036994454917,93
1887,23,0.015305152999644633,0.0030596009964938276,0.024630993000755552,95
1888,23,0.015514316997723654,0.0030888250039424747,0.025066195004910696,97
1889,23,0.015365589002612978,0.0030911799985915422,0.024434726998151746,99
1890,23,0.015191792001132853,0.004526751006778795,0.024339478004549164,101
1891,23,0.015195467000012286,0.004542664006294217,0.025085622000915464,103
1892,23,0.015334976997110061,0.00458038599754218,0.025339078994875308,105
1893,23,0.015223087997583207,0.004508042002271395,0.024514712997188326,107
1894,23,0.015735462002339773,0.004514421998464968,0.024332537002919707,109
1895,23,0.015175597000052221,0.004531730999588035,0.02464468099788064,111
1896,23,0.015128933999221772,0.004516392000368796,0.024565763997088652,113
1897,23,0.015211080004519317,0.004550810001092032,0.024543999999877997,115
1898,23,0.015514703998633195,0.0045608040018123575,0.02470542299852241,117
1899,23,0.01517370699730236,0.004566164003335871,0.02486072799365502,119
1900,23,0.015177472996583674,0.003073196996410843,0.024624623998533934,121
1901,23,0.015863116997934412,0.003099845998804085,0.02449607500602724,123
1902,23,0.01531717499892693,0.0031034829953568988,0.025343542998598423,125
1903,23,0.015318908001063392,0.0038280250009847805,0.024634322995552793,127
1904,23,0.015281062995200045,0.003818483994109556,0.024582070000178646,129
1905,23,0.01547047199710505,0.0030861550039844587,0.025079345003177878,131
1906,23,0.016136187005031388,0.0030990090017439798,0.024923188997490797,133
1907,23,0.017259667001781054,0.003142478999507148,0.025478085000941064,135
1908,23,0.015519342996412888,0.0030719149945070967,0.025297571999544743,137
1909,23,0.015607274996000342,0.0031133170050452463,0.02458061600191286,139
1910,23,0.015583037995384075,0.0053042250001453795,0.027138304998516105,141
1911,23,0.01589922099810792,0.005262770995614119,0.02780487599375192,143
1912,23,0.015337097996962257,0.005247916997177526,0.02709462599887047,145
1913,23,0.015411926004162524,0.005295176997606177,0.027331006996973883,147
1914,23,0.01596629499545088,0.005318438998074271,0.027732403999834787,149
1915,23,0.015341785001510289,0.005303393001668155,0.027532519998203497,151
1916,23,0.015365460996690672,0.005371264000132214,0.027218228002311662,153
1917,23,0.015285223998944275,0.005319771000358742,0.0270971779973479,155
1918,23,0.015388952000648715,0.005270966001262423,0.027235216002736706,157
1919,23,0.01545140200323658,0.005299421005474869,0.027965599998424295,159
1920,24,0.015761800998006947,0.003875948998029344,0.027437686003395356,1
1921,24,0.015170671002124436,0.003084515003138222,0.02489500499359565,3
1922,24,0.0153906339983223,0.003093325001827907,0.024920725998526905,5
1923,24,0.015359703000285663,0.0030738030036445707,0.024652333995618392,7
1924,24,0.015848846996959765,0.0030964590041548945,0.030933978006942198,9
1925,24,0.015270850002707448,0.003089350000664126,0.024456098006339744,11
1926,24,0.016297537003993057,0.0030975320041761734,0.024890182001399808,13
1927,24,0.015877198995440267,0.0030532300006598234,0.024912663997383788,15
1928,24,0.015330179005104583,0.0031233000045176595,0.024993703002110124,17
1929,24,0.015368435000709724,0.004079339996678755,0.02453799000068102,19
1930,24,0.01542823099589441,0.003923117001249921,0.024754567006311845,21
1931,24,0.015771628000948112,0.003074672000366263,0.025058741004613694,23
1932,24,0.015375100003439002,0.003822024002147373,0.024755480997555424,25
1933,24,0.015199165005469695,0.00379240199981723,0.024382099996728357,27
1934,24,0.015284869004972279,0.0038389760011341423,0.025482719000137877,29
1935,24,0.015740406000986695,0.0038178909962880425,0.027550960003281944,31
1936,24,0.015262150001944974,0.003802340004767757,0.02791389499907382,33
1937,24,0.015326724002079573,0.003837514996121172,0.027470542998344172,35
1938,24,0.01560968400008278,0.003823040002316702,0.02695403499819804,37
1939,24,0.01544639100029599,0.0037960690024192445,0.027469576001749374,39
1940,24,0.011778064996178728,0.003082843999436591,0.024893034998967778,41
1941,24,0.011878377001266927,0.0030989450024208054,0.024593133995949756,43
1942,24,0.012079913001798559,0.003840514000330586,0.024426933996437583,45
1943,24,0.012042642003507353,0.003109227996901609,0.024651340005220845,47
1944,24,0.01187602600111859,0.0031069129981915466,0.024452313002257142,49
1945,24,0.011873638999531977,0.0038360970065696165,0.024481659995217342,51
1946,24,0.011811481999757234,0.0030921070065232925,0.024757213999691885,53
1947,24,0.011893713999597821,0.003056599001865834,0.026523393993556965,55
1948,24,0.011809342999185901,0.0030690899948240258,0.025019114000315312,57
1949,24,0.011735116997442674,0.0031019500020192936,0.02423957800056087,59
1950,24,0.011680358999001328,0.0031142410007305443,0.024298468997585587,61
1951,24,0.013209044001996517,0.0030848399983369745,0.02625097599957371,63
1952,24,0.011807139999291394,0.003139772998110857,0.025224893004633486,65
1953,24,0.01179978100117296,0.0030904959930921905,0.024657429996295832,67
1954,24,0.011880657999427058,0.0038155530055519193,0.024441925997962244,69
1955,24,0.012026753996906336,0.005485620997205842,0.0273522139978013,71
1956,24,0.011817605001851916,0.005415922998508904,0.027230605002841912,73
1957,24,0.011887191998539492,0.005427828000392765,0.027835797998704948,75
1958,24,0.011811298005341087,0.0054796860058559105,0.027675787001498975,77
1959,24,0.011823335000372026,0.005446390998258721,0.027199987998756114,79
1960,24,0.015460676993825473,0.003829954999673646,0.024929931001679506,81
1961,24,0.015164627999183722,0.008825142998830415,0.02611529400019208,83
1962,24,0.015245239999785554,0.0037805920001119375,0.025375441000505816,85
1963,24,0.015378625997982454,0.0038028920025681145,0.02457674199831672,87
1964,24,0.015082164994964842,0.003824307001195848,0.024579263001214713,89
1965,24,0.015435347995662596,0.003854317998047918,0.024473848003253806,91
1966,24,0.015216136998787988,0.003841124998871237,0.024818466998112854,93
1967,24,0.01522801900136983,0.0038435140013461933,0.02462534199730726,95
1968,24,0.015201854999759234,0.004007004994491581,0.024819009995553643,97
1969,24,0.015539176005404443,0.0038000350032234564,0.029180204997828696,99
1970,24,0.01554251799825579,0.003886321996105835,0.024720022003748454,101
1971,24,0.015211516001727432,0.003852597998047713,0.024932847001764458,103
1972,24,0.015295188000891358,0.0038563269990845583,0.02485636500205146,105
1973,24,0.015293051001208369,0.0038239179993979633,0.02432677400065586,107
1974,24,0.015361928002675995,0.0038287930001388304,0.024604266000096686,109
1975,24,0.01529222099634353,0.00383334000071045,0.024540704005630687,111
1976,24,0.015528743002505507,0.0038085470005171373,0.024410459001956042,113
1977,24,0.015425489000335801,0.003799792000791058,0.025026028000866063,115
1978,24,0.015880315004324075,0.0038578439998673275,0.024549943002057262,117
1979,24,0.015356595002231188,0.003825334999419283,0.0252067059991532,119
1980,24,0.01572954400035087,0.0030734440006199293,0.024603752004622947,121
1981,24,0.015496382002311293,0.00310155199986184,0.02462035300413845,123
1982,24,0.015384434998850338,0.0030969200015533715,0.024960308001027443,125
1983,24,0.015450350001628976,0.003067505000217352,0.024439198001346085,127
1984,24,0.015369300999736879,0.003097972003160976,0.024504541004716884,129
1985,24,0.015400525997392833,0.003975650994107127,0.024423174996627495,131
1986,24,0.015578408005239908,0.0030675939997308888,0.024697686996660195,133
1987,24,0.01535256900388049,0.0031153059971984476,0.024393733001488727,135
1988,24,0.015192353996098973,0.003075975000683684,0.02447882600245066,137
1989,24,0.015205779003736097,0.0037953529972583055,0.02472978200239595,139
1990,24,0.015606794993800577,0.0060189240030013025,0.027127645000291523,141
1991,24,0.015167735997238196,0.00627205400087405,0.027456773997982964,143
1992,24,0.015356915995653253,0.006129495995992329,0.02750607799680438,145
1993,24,0.01537873000052059,0.005970872000034433,0.027642777997243684,147
1994,24,0.015565437999612186,0.007188836003479082,0.026958231996104587,149
1995,24,0.015290989002096467,0.006015210994519293,0.0274114410058246,151
1996,24,0.015585863002343103,0.005997103005938698,0.02693732199986698,153
1997,24,0.015233885002089664,0.0062003959974390455,0.027859791000082623,155
1998,24,0.015243049994751345,0.005999786997563206,0.027460000004793983,157
1999,24,0.015201472000626381,0.006123093997302931,0.027231771004153416,159
2000,25,0.015327647000958677,0.003870561995427124,0.025236080000468064,1
2001,25,0.015503121001529507,0.0038749960003769957,0.02437010599533096,3
2002,25,0.01543969300109893,0.003110709003522061,0.025066063994017895,5
2003,25,0.01557863199559506,0.00310766400070861,0.02535939199879067,7
2004,25,0.015480585003388114,0.0038350769973476417,0.025290458994277287,9
2005,25,0.015499736000492703,0.003129894001176581,0.024966693999886047,11
2006,25,0.01536551299795974,0.0030889659974491224,0.024639062001369894,13
2007,25,0.015744185999210458,0.0038410600027418695,0.024676410997926723,15
2008,25,0.015395021997392178,0.003088675999606494,0.024699142995814327,17
2009,25,0.015473989995371085,0.004000289998657536,0.0255178520019399,19
2010,25,0.01575354299711762,0.0038262359958025627,0.025134199000603985,21
2011,25,0.016039289999753237,0.003840810000838246,0.02476335300161736,23
2012,25,0.015383312995254528,0.0038041250008973293,0.025058368002646603,25
2013,25,0.015408448998641688,0.003803145002166275,0.024836446995323058,27
2014,25,0.01555371200083755,0.003815002004557755,0.024743321002461016,29
2015,25,0.015335168995079584,0.004540330002782866,0.026987479999661446,31
2016,25,0.015440077004313935,0.004618282000592444,0.027100661005533766,33
2017,25,0.015818282001418993,0.004610823998518754,0.027408623005612753,35
2018,25,0.01528644299833104,0.004606330003298353,0.026802734995726496,37
2019,25,0.016332495004462544,0.00456297100026859,0.02690809199702926,39
2020,25,0.015237517000059597,0.0037971830024616793,0.027376584999728948,41
2021,25,0.015135846006160136,0.0037781610008096322,0.027580271002079826,43
2022,25,0.015199103007034864,0.0038270220029517077,0.027402870000514667,45
2023,25,0.015181791000941303,0.003787049005040899,0.026701309994678013,47
2024,25,0.01540654600103153,0.003827318003459368,0.027221440002904274,49
2025,25,0.015313602998503484,0.003786343993851915,0.027265190001344308,51
2026,25,0.015352902999438811,0.0038434029993368313,0.02709902399510611,53
2027,25,0.01529936299630208,0.0038120500030345283,0.02654575099586509,55
2028,25,0.015634372997737955,0.0038108170047053136,0.02722256500419462,57
2029,25,0.015319069003453478,0.0038241010042838752,0.026988836005330086,59
2030,25,0.015369480002846103,0.003825382998911664,0.027425421998486854,61
2031,25,0.015346410000347532,0.0038170400002854876,0.027021628004149534,63
2032,25,0.01547945700440323,0.003820316997007467,0.02695962299912935,65
2033,25,0.01551164000557037,0.0038320989988278598,0.02694982699904358,67
2034,25,0.015313208001316525,0.003778366997721605,0.027026544004911557,69
2035,25,0.01594009599648416,0.004540077999990899,0.02705623699876014,71
2036,25,0.01530796199949691,0.004595441001583822,0.027645369998936076,73
2037,25,0.015289968003344256,0.004569167998852208,0.027269218997389544,75
2038,25,0.01575113299622899,0.004557777996524237,0.02782382900477387,77
2039,25,0.015342031001637224,0.004588183997839224,0.027171920002729166,79
2040,25,0.014109152994933538,0.0030712860025232658,0.024789057999441866,81
2041,25,0.013613759001600556,0.003099565001321025,0.024454876001982484,83
2042,25,0.013618244003737345,0.003086112999881152,0.02473973000451224,85
2043,25,0.01353029599704314,0.0031115319943637587,0.02433842499885941,87
2044,25,0.013728049998462666,0.0030979130024206825,0.024484937996021472,89
2045,25,0.013606106003862806,0.003807307999522891,0.024554515002819244,91
2046,25,0.013634461996844038,0.0038209320046007633,0.024556461001338903,93
2047,25,0.014104911999311298,0.003160588996252045,0.024712371996429283,95
2048,25,0.014526029997796286,0.0031408229988301173,0.024431403995549772,97
2049,25,0.014010612001584377,0.003112876001978293,0.024976121996587608,99
2050,25,0.01368367399845738,0.0046540359981008805,0.02449645999877248,101
2051,25,0.013655469003424514,0.004589872005453799,0.025100289996771608,103
2052,25,0.013627817999804392,0.004592327997670509,0.024724606999370735,105
2053,25,0.013800628003082238,0.004674831994634587,0.024643399003252853,107
2054,25,0.01374887400015723,0.004621309002686758,0.024803063002764247,109
2055,25,0.013745827003731392,0.0045348409985308535,0.025107633002335206,111
2056,25,0.0135755759984022,0.003894736000802368,0.024577925003541168,113
2057,25,0.014103351000812836,0.004582386005495209,0.024608997999166604,115
2058,25,0.013487989002896938,0.004533300001639873,0.024675086002389435,117
2059,25,0.013570887000241783,0.0050875079978141,0.02503108900418738,119
2060,25,0.015696291004132945,0.0031106330061447807,0.02773931900446769,121
2061,25,0.015208504999463912,0.003101931004493963,0.02450838799995836,123
2062,25,0.015451512997969985,0.003068549995077774,0.02511831199808512,125
2063,25,0.015355023999291006,0.0030995939960121177,0.024228353002399672,127
2064,25,0.015199610003037378,0.003158247003739234,0.024301359997480176,129
2065,25,0.015473202998691704,0.003076230001170188,0.024623637000331655,131
2066,25,0.015357543001300655,0.0031317009998019785,0.025585707000573166,133
2067,25,0.015828226001758594,0.003061977004108485,0.024511351002729498,135
2068,25,0.01561231300001964,0.0030642889978480525,0.024781649000942707,137
2069,25,0.015693157001805957,0.0031315400046878494,0.025137595002888702,139
2070,25,0.01543619100266369,0.0060309789987513795,0.028105697994760703,141
2071,25,0.015696959002525546,0.006006474999594502,0.028437499000574462,143
2072,25,0.015768015997309703,0.0066926459985552356,0.027944310997554567,145
2073,25,0.01573901600204408,0.006787417994928546,0.027891235993593,147
2074,25,0.015292566000425722,0.005983793002087623,0.02757281600497663,149
2075,25,0.01540086299792165,0.00540506599645596,0.027514517998497467,151
2076,25,0.015487990996916778,0.006227124002180062,0.027579694004089106,153
2077,25,0.015587936999509111,0.006313575002423022,0.027755955001339316,155
2078,25,0.015571769996313378,0.006028896998031996,0.027282008006295655,157
2079,25,0.015291689996956848,0.007202729997516144,0.04251571800705278,159
2080,26,0.013462627000990324,0.00455572299688356,0.024818509999022353,1
2081,26,0.013414738001301885,0.0045331250003073364,0.02441677499882644,3
2082,26,0.013553302000218537,0.003827657004876528,0.024370281003939454,5
2083,26,0.013411590000032447,0.0037765509987366386,0.024291537003591657,7
2084,26,0.013623598002595827,0.0038438120027421974,0.02414590699481778,9
2085,26,0.013532987999496982,0.00458999999682419,0.024527155997930095,11
2086,26,0.01337766300275689,0.0045274069998413324,0.02502499600086594,13
2087,26,0.013340356999833602,0.0044872110011056066,0.02428992100612959,15
2088,26,0.013599084995803423,0.0038186880046851,0.027243436001299415,17
2089,26,0.013540210005885456,0.0038421610006480478,0.026913847999821883,19
2090,26,0.013620874997286592,0.0038108499938971363,0.02697976699710125,21
2091,26,0.013396913003816735,0.0045380079973256215,0.02443668599880766,23
2092,26,0.013783428999886382,0.0038235629981500097,0.02675542600627523,25
2093,26,0.01384451500052819,0.003831750000244938,0.027350396994734183,27
2094,26,0.013559332997829188,0.0037989650008967146,0.02697625500150025,29
2095,26,0.013973790999443736,0.0038306490023387596,0.02713374599989038,31
2096,26,0.01355235899973195,0.003916372996172868,0.027153685005032457,33
2097,26,0.013966147002065554,0.0038442809964180924,0.027511561995197553,35
2098,26,0.014284924000094179,0.003810053996858187,0.02704419400106417,37
2099,26,0.01356055599899264,0.003797037003096193,0.02740813400305342,39
2100,26,0.013726732999202795,0.0037925009964965284,0.026950774001306854,41
2101,26,0.013520184998924378,0.003812289003690239,0.027017875007004477,43
2102,26,0.013799925996863749,0.0038068500070949085,0.02740779399755411,45
2103,26,0.013568757996836212,0.003861668003082741,0.027588188997469842,47
2104,26,0.013695891997485887,0.003797919998760335,0.027640959997370373,49
2105,26,0.01374378299806267,0.003810731999692507,0.03198617300222395,51
2106,26,0.013740128997596912,0.0038136380026116967,0.02715347000048496,53
2107,26,0.013695587003894616,0.003819420002400875,0.027231963998929132,55
2108,26,0.013915789997554384,0.003804456995567307,0.02726508100022329,57
2109,26,0.01365427299606381,0.0038454840032500215,0.02689077700051712,59
2110,26,0.014212002002750523,0.0038149579995661043,0.02705450999928871,61
2111,26,0.013529056996048894,0.0038324060005834326,0.0273452880064724,63
2112,26,0.01377941999817267,0.0038231069993344136,0.02709568999853218,65
2113,26,0.013690886000404134,0.003825072999461554,0.027059805994213093,67
2114,26,0.013721023002290167,0.003827115004241932,0.027490651002153754,69
2115,26,0.013663265999639407,0.0054052289997343905,0.026946942001814023,71
2116,26,0.01375075399846537,0.005419503002485726,0.02720881799905328,73
2117,26,0.013948222003818955,0.005433938997157384,0.04019042599975364,75
2118,26,0.013512513993191533,0.005421381996711716,0.027430756003013812,77
2119,26,0.01354133700078819,0.005513115997018758,0.027362275999621488,79
2120,26,0.01538175500172656,0.003818933000729885,0.02479603700339794,81
2121,26,0.015297337995434646,0.003820867001195438,0.0246886530003394,83
2122,26,0.015338762997998856,0.0038207929974305443,0.025045595000847243,85
2123,26,0.015306387998862192,0.00386154400621308,0.027408244997786824,87
2124,26,0.015374965994851664,0.0038564960050280206,0.025006905001646373,89
2125,26,0.0152994310046779,0.0038600859988946468,0.024929352999606635,91
2126,26,0.01565947299968684,0.0038270820004981942,0.024750388001848478,93
2127,26,0.015246117000060622,0.0038337110017891973,0.02523236099659698,95
2128,26,0.015650969005946536,0.0037911170002189465,0.024724923001485877,97
2129,26,0.016038321999076288,0.0038522209943039343,0.024740410000958946,99
2130,26,0.01511087900144048,0.004535663996648509,0.024606111997854896,101
2131,26,0.015377723997517023,0.004556748004688416,0.024993113001983147,103
2132,26,0.015321873004722875,0.004529826997895725,0.02536735600006068,105
2133,26,0.015157014000578783,0.004510667000431567,0.024626251004519872,107
2134,26,0.015426789999764878,0.0045208430019556545,0.02523228100471897,109
2135,26,0.015467520999663975,0.004549806995783001,0.025137783006357495,111
2136,26,0.015248005001922138,0.004533628998615313,0.024646550002216827,113
2137,26,0.01523731299676001,0.004532172002654988,0.02449771600367967,115
2138,26,0.0154038649998256,0.004538565000984818,0.0249601339965011,117
2139,26,0.015278685998055153,0.004502611998759676,0.02491530399856856,119
2140,26,0.0157831120013725,0.0030701630021212623,0.02466739699593745,121
2141,26,0.015519590000621974,0.0031147699992288835,0.024521984996681567,123
2142,26,0.016572948996326886,0.0030788799995207228,0.02471744699869305,125
2143,26,0.015281084000889678,0.003144410999084357,0.024382210001931526,127
2144,26,0.0169981600047322,0.003078950998315122,0.025084779001190327,129
2145,26,0.015445721001015045,0.003074978005315643,0.024637302005430683,131
2146,26,0.015381299999717157,0.003070222999667749,0.024364718003198504,133
2147,26,0.015421110998431686,0.0030896469979779795,0.02457460399455158,135
2148,26,0.015402821001771372,0.0030494519960484467,0.024785428002360277,137
2149,26,0.015556286998616997,0.0038339680031640455,0.024445729999570176,139
2150,26,0.015464919997612014,0.005279558004986029,0.027684571003192104,141
2151,26,0.01601854700129479,0.005298402000335045,0.02710332299466245,143
2152,26,0.015780626999912784,0.005306219994963612,0.027694630000041798,145
2153,26,0.015409962994453963,0.00458984800206963,0.027481108001666144,147
2154,26,0.015628980996552855,0.004597052997269202,0.02836082299472764,149
2155,26,0.01540838299843017,0.005317396004102193,0.027583064998907503,151
2156,26,0.0154971049996675,0.00458388400147669,0.02738324699748773,153
2157,26,0.01579630699416157,0.005402929993579164,0.027386112000385765,155
2158,26,0.015780467001604848,0.004566019000776578,0.02792380499886349,157
2159,26,0.01574464100121986,0.00526702799834311,0.027010105004592333,159
2160,27,0.015422832999320235,0.005232863994024228,0.025223210999683943,1
2161,27,0.015810307995707262,0.0038668389970553108,0.024832262999552768,3
2162,27,0.015509645993006416,0.00381191199994646,0.02495625099982135,5
2163,27,0.015495565996388905,0.0030882669962011278,0.02463699000509223,7
2164,27,0.015156668996496592,0.004221390001475811,0.024467686002026312,9
2165,27,0.015730328996141907,0.0037896210051258095,0.025482416996965185,11
2166,27,0.01539336400310276,0.0038211599967326038,0.024584077000326943,13
2167,27,0.016471019000164233,0.003905309997207951,0.02695332500297809,15
2168,27,0.015109767999092583,0.0038135089998831972,0.025167299994791392,17
2169,27,0.01538662600069074,0.0031075930019142106,0.024712455000553746,19
2170,27,0.015520032997301314,0.0038388230022974312,0.024911464999604505,21
2171,27,0.015571623000141699,0.003856172006635461,0.024777320002613124,23
2172,27,0.01542334599798778,0.004589860996929929,0.025705241001560353,25
2173,27,0.01545568599976832,0.004010231998108793,0.02534595099859871,27
2174,27,0.01550766899890732,0.004730831999040674,0.02498142100375844,29
2175,27,0.015347906002716627,0.004546730000583921,0.02472654599841917,31
2176,27,0.015516800995101221,0.0038216609973460436,0.024810157003230415,33
2177,27,0.01527807900129119,0.0037952319980831817,0.024570141002186574,35
2178,27,0.01530274599645054,0.0038629340051556937,0.027131588001793716,37
2179,27,0.015824084002815653,0.003884223995555658,0.025672614996437915,39
2180,27,0.013851932999386918,0.00406276699504815,0.02527407700108597,41
2181,27,0.013745903001108672,0.0038313069962896407,0.024990866004372947,43
2182,27,0.014060982000955846,0.0038265390030574054,0.025187134997395333,45
2183,27,0.014078510001127142,0.003982392001489643,0.02533618400047999,47
2184,27,0.01369284899556078,0.005064185002993327,0.02464261100249132,49
2185,27,0.013664375997905154,0.00385210999957053,0.02471486099966569,51
2186,27,0.013613457995234057,0.0038527409997186624,0.02452040800562827,53
2187,27,0.013573953001468908,0.0038355380020220764,0.024617620998469647,55
2188,27,0.014093705001869239,0.0038996399962343276,0.026424500007124152,57
2189,27,0.013905364001402631,0.003827304004516918,0.02463766699656844,59
2190,27,0.013561269995989278,0.0030729470017831773,0.024588388005213346,61
2191,27,0.013504784001270309,0.0038236390028032474,0.02421333600068465,63
2192,27,0.013404732999333646,0.003838765995169524,0.024401905997365247,65
2193,27,0.013444993004668504,0.0038077499993960373,0.024339609997696243,67
2194,27,0.013412665997748263,0.0038275359984254465,0.024610625005152542,69
2195,27,0.013405345001956448,0.006160518998512998,0.026821197003300767,71
2196,27,0.013484127004630864,0.0061634879966732115,0.027582088005146943,73
2197,27,0.013564136002969462,0.006205373996635899,0.027995741002087016,75
2198,27,0.013561742001911625,0.006132508002338,0.027382139000110328,77
2199,27,0.014187050001055468,0.006153787995572202,0.027958820995991118,79
2200,27,0.015671692999603692,0.0038289809963316657,0.025165083003230393,81
2201,27,0.01537935899978038,0.003781128005357459,0.024932815998909064,83
2202,27,0.015375045994005632,0.003832472000794951,0.02453258899913635,85
2203,27,0.015185487005510367,0.0038244660026975907,0.024351238003873732,87
2204,27,0.015865787005168386,0.0037951020058244467,0.024391389000811614,89
2205,27,0.015273198005161248,0.0038100629972177558,0.024560871999710798,91
2206,27,0.016391963996284176,0.003803065003012307,0.024754775993642397,93
2207,27,0.015082562000316102,0.0038015690006432123,0.025266406999435276,95
2208,27,0.015344182000262663,0.0038002319997758605,0.02468548899923917,97
2209,27,0.015332101000240073,0.003822713995759841,0.025285568000981584,99
2210,27,0.015655814000638202,0.00453020200075116,0.024374024993448984,101
2211,27,0.015167573998041917,0.00457011900289217,0.024274306997540407,103
2212,27,0.015505046001635492,0.004549486002360936,0.024331241998879705,105
2213,27,0.015707030004705302,0.004553959995973855,0.024932774002081715,107
2214,27,0.0157543599998462,0.004549790995952208,0.024745996001001913,109
2215,27,0.015786627001943998,0.004580111999530345,0.02506281199748628,111
2216,27,0.015683149998949375,0.004588463001709897,0.02513161500246497,113
2217,27,0.02345033000165131,0.004653000003600027,0.025742167003045324,115
2218,27,0.015402018005261198,0.004548930999590084,0.024448432995995972,117
2219,27,0.01599960799649125,0.004573600002913736,0.024872681002307218,119
2220,27,0.015634067000064533,0.003197903002728708,0.025501030002487823,121
2221,27,0.015326219996495638,0.0031232839974109083,0.024544633000914473,123
2222,27,0.017526511997857597,0.00309632300195517,0.02430145800462924,125
2223,27,0.01528429999598302,0.0030934090027585626,0.024612184999568854,127
2224,27,0.01537864000420086,0.0030844549983157776,0.0244747040051152,129
2225,27,0.016244384001765866,0.003101410999079235,0.024454286001855507,131
2226,27,0.015135929003008641,0.003075052001804579,0.024408328004938085,133
2227,27,0.015295074997993652,0.003899691997503396,0.024487470000167377,135
2228,27,0.015171318002103362,0.0030750260048080236,0.024332952001714148,137
2229,27,0.015384972000902053,0.0030433979991357774,0.024374214000999928,139
2230,27,0.015365967999969143,0.005961842995020561,0.027040470005886164,141
2231,27,0.015464667005289812,0.0060048239975003526,0.03789001100085443,143
2232,27,0.015212381003948394,0.006031035998603329,0.02689778700005263,145
2233,27,0.015228195996314753,0.005999140004860237,0.027139218000229448,147
2234,27,0.015158381997025572,0.005964149000647012,0.027701950995833613,149
2235,27,0.015554685000097379,0.005997608001052868,0.026892440997471567,151
2236,27,0.015507955999055412,0.006106679997174069,0.02738917699753074,153
2237,27,0.015231616998789832,0.0059891549972235225,0.02790916799858678,155
2238,27,0.015227265997964423,0.006027456001902465,0.027071573000284843,157
2239,27,0.015275628997187596,0.006018017003952991,0.0275789990046178,159
2240,28,0.015328001994930673,0.004581310997309629,0.025530479004373774,1
2241,28,0.015287315000023227,0.0038161379998200573,0.02469487499911338,3
2242,28,0.01563225199788576,0.0030788309959461913,0.025166825005726423,5
2243,28,0.015851023999857716,0.0038039669962017797,0.02989699500176357,7
2244,28,0.015226668001560029,0.0038118010052130558,0.024960285001725424,9
2245,28,0.01614641700143693,0.003799791003984865,0.02436142800434027,11
2246,28,0.015315490003558807,0.0038050809962442145,0.024576263000199106,13
2247,28,0.01532136799505679,0.00382675499713514,0.02487580200249795,15
2248,28,0.01580728300177725,0.003819883997493889,0.02435634599532932,17
2249,28,0.015442939999047667,0.0038448010018328205,0.024465444999805186,19
2250,28,0.015429734005010687,0.004253159000654705,0.024562327002058737,21
2251,28,0.015568667004117742,0.004563963993859943,0.024722869995457586,23
2252,28,0.015312497998820618,0.0037987469986546785,0.02738762200169731,25
2253,28,0.016372581994801294,0.0031091950004338287,0.027398063000873663,27
2254,28,0.015724921999208163,0.0037814980023540556,0.026621231001627166,29
2255,28,0.015252175995556172,0.0038689400025759824,0.027195428003324196,31
2256,28,0.015443714000866748,0.003861293997033499,0.027406638997490518,33
2257,28,0.01533022500370862,0.004590830998495221,0.027154276001965627,35
2258,28,0.015526317998592276,0.003765581001061946,0.02716682100435719,37
2259,28,0.015378005999082234,0.0037984320006216876,0.026751027995487675,39
2260,28,0.013497047002601903,0.0030677779941470362,0.02434756800357718,41
2261,28,0.013470083998981863,0.003094724001130089,0.024253274001239333,43
2262,28,0.013607225999294315,0.0030975169938756153,0.024728210002649575,45
2263,28,0.013954930996987969,0.003846282997983508,0.024638214003061876,47
2264,28,0.01352097799826879,0.003223344996513333,0.02472408000176074,49
2265,28,0.013389283994911239,0.0030490459976135753,0.024177098996005952,51
2266,28,0.013611913003842346,0.0030874049989506602,0.02488367500336608,53
2267,28,0.013430642000457738,0.003064119999180548,0.024710083998797927,55
2268,28,0.013389130996074528,0.0030987329955678433,0.02468211099767359,57
2269,28,0.013388496998231858,0.0030869980037095957,0.024695119995158166,59
2270,28,0.013908808999985922,0.0030806559952907264,0.02461923499504337,61
2271,28,0.013900987003580667,0.0030920509962015785,0.024454600003082305,63
2272,28,0.013821571003063582,0.0031627370044589043,0.024694494997675065,65
2273,28,0.01359447499999078,0.0030733160019735806,0.02415637599915499,67
2274,28,0.013656570998136885,0.0031045380019349977,0.025514676999591757,69
2275,28,0.014072548001422547,0.005420409004727844,0.027244238001003396,71
2276,28,0.014079797998419963,0.005441406996396836,0.02722097100195242,73
2277,28,0.013498224005161319,0.005435888000647537,0.027555207001569215,75
2278,28,0.01344909799809102,0.005467123999551404,0.027036031999159604,77
2279,28,0.014055414001632016,0.005411537000327371,0.027204982994589955,79
2280,28,0.01349065599788446,0.003965600997617003,0.024437537998892367,81
2281,28,0.013389152998570353,0.0030476409956463613,0.024591079003585037,83
2282,28,0.013864057997125201,0.0030821160034975037,0.02411059199948795,85
2283,28,0.013589551999757532,0.0030942259982111864,0.02428127600433072,87
2284,28,0.013544263994845096,0.003090054997301195,0.02467383699695347,89
2285,28,0.013541089996579103,0.003079901995079126,0.024262518003524747,91
2286,28,0.013569965994975064,0.0030812129989499226,0.024557935001212172,93
2287,28,0.014031104998139199,0.0030743720053578727,0.024261218000901863,95
2288,28,0.013817979997838847,0.0030692380023538135,0.02437723999901209,97
2289,28,0.013554475001001265,0.0038322020045598038,0.024959545000456274,99
2290,28,0.013595646996691357,0.004584552996675484,0.024396263004746288,101
2291,28,0.013657410003361292,0.004581485998642165,0.02474717199947918,103
2292,28,0.013922042999183759,0.004570803997921757,0.02509982400079025,105
2293,28,0.013615882999147289,0.0038161260017659515,0.025001915004395414,107
2294,28,0.013652546003868338,0.004563340000458993,0.024819530997774564,109
2295,28,0.013735410997469444,0.00455759500619024,0.0247210309971706,111
2296,28,0.013519982996513136,0.004568912001559511,0.024621958000352606,113
2297,28,0.013623455000924878,0.004556856001727283,0.02469417300017085,115
2298,28,0.013552035998145584,0.004653869997127913,0.024496189995261375,117
2299,28,0.01341014100034954,0.004560234003292862,0.02503352300118422,119
2300,28,0.013487766002072021,0.003080280002905056,0.025478706003923435,121
2301,28,0.013485798001056537,0.003077140005188994,0.024586623003415298,123
2302,28,0.013526520000596065,0.003083032999711577,0.024431475998426322,125
2303,28,0.013473797996994108,0.0030830450050416403,0.024487805996614043,127
2304,28,0.013525055001082364,0.0038285129994619638,0.024321990997123066,129
2305,28,0.013442640003631823,0.004650588001823053,0.024591159999545198,131
2306,28,0.01402282799972454,0.003833685004792642,0.024600463002570905,133
2307,28,0.01355287500336999,0.0038088939982117154,0.024491522999596782,135
2308,28,0.01388005099579459,0.0030843010026728734,0.025008955999510363,137
2309,28,0.01350297999306349,0.0031243679986801,0.025050329997611698,139
2310,28,0.013598215002275538,0.005313733003276866,0.02696017600101186,141
2311,28,0.013523681001970544,0.00526303899823688,0.027233695996983442,143
2312,28,0.01354721499956213,0.005308645995683037,0.02709211099863751,145
2313,28,0.013705450000998098,0.005289909997372888,0.027301304995489772,147
2314,28,0.014126353999017738,0.005298317999404389,0.027182423997146543,149
2315,28,0.01352331099769799,0.005268822998914402,0.027312874000926968,151
2316,28,0.013685937999980524,0.005326464997779112,0.026880607998464257,153
2317,28,0.013983744000142906,0.00528285899781622,0.027507494000019506,155
2318,28,0.013633623995701782,0.0052381119967321865,0.02736157999606803,157
2319,28,0.013574564996815752,0.005283387996314559,0.027105329994810745,159
2320,29,0.01547195999592077,0.0030898650002200156,0.025642861000960693,1
2321,29,0.015446462995896582,0.0030906710017006844,0.02461350499652326,3
2322,29,0.015412108004966285,0.003874062000249978,0.02455455099698156,5
2323,29,0.015529835000052117,0.003317296999739483,0.024780596999335103,7
2324,29,0.015516788000240922,0.003097129003435839,0.024468816998705734,9
2325,29,0.015430578001542017,0.0031178359931800514,0.02540085899818223,11
2326,29,0.015468404002604075,0.003814601994236,0.025589538003259804,13
2327,29,0.015392765002616215,0.004016367005533539,0.025151795001875143,15
2328,29,0.015507000003708526,0.005151985002157744,0.024792872995021753,17
2329,29,0.015469359001144767,0.004068364003614988,0.024826478998875245,19
2330,29,0.015717684997071046,0.0038654829986626282,0.02521256999898469,21
2331,29,0.015331782997236587,0.003090316000452731,0.024989967998408247,23
2332,29,0.015599520003888756,0.003846075000183191,0.024601577999419533,25
2333,29,0.015897516001132317,0.003821145000983961,0.02538047499547247,27
2334,29,0.01623984299658332,0.004605105001246557,0.024926199999754317,29
2335,29,0.015865847002714872,0.004545967000012752,0.027549485996132717,31
2336,29,0.015326151995395776,0.0038602720014750957,0.027560528003959917,33
2337,29,0.015622138002072461,0.0037985969975125045,0.027001962000213098,35
2338,29,0.016166647998034023,0.003840972000034526,0.027659656007017475,37
2339,29,0.015569108996714931,0.0038032020020182244,0.027770061999035534,39
2340,29,0.015479423003853299,0.003850583001621999,0.024529270005587023,41
2341,29,0.015486699994653463,0.003844020997348707,0.02480726299836533,43
2342,29,0.015324237996537704,0.003836576004687231,0.02521472099761013,45
2343,29,0.015415412999573164,0.0038348000016412698,0.025888775002385955,47
2344,29,0.015477957000257447,0.003832729998975992,0.025189977000991348,49
2345,29,0.015558323000732344,0.0038286019989755005,0.024804713000776246,51
2346,29,0.015548026000033133,0.0038566759976674803,0.02464925700041931,53
2347,29,0.015827258001081645,0.003841427998850122,0.02481031099887332,55
2348,29,0.015897520999715198,0.003836773001239635,0.024867367996193934,57
2349,29,0.015550741998595186,0.0038185669982340187,0.02476814699912211,59
2350,29,0.015587526999297552,0.00380123400100274,0.024677729001268744,61
2351,29,0.015548481002042536,0.0038339700040523894,0.0246834760037018,63
2352,29,0.01559648200054653,0.0038358109959517606,0.024777092003205325,65
2353,29,0.015883300999121275,0.003856672999972943,0.024285903993586544,67
2354,29,0.01562494699464878,0.0038356309960363433,0.024765649002802093,69
2355,29,0.015431115003593732,0.006994060997385532,0.02991526000550948,71
2356,29,0.015612929993949365,0.007112970000889618,0.030149228005029727,73
2357,29,0.015317049997975118,0.007106011005816981,0.030328818000270985,75
2358,29,0.01596138999593677,0.007128347999241669,0.029773887996270787,77
2359,29,0.01532125399535289,0.007061509000777733,0.030039028999453876,79
2360,29,0.013540027997805737,0.0038387769964174367,0.024769768002443016,81
2361,29,0.013870394999685232,0.0038474829998449422,0.026780758998938836,83
2362,29,0.013450636994093657,0.003850815999612678,0.024984623996715527,85
2363,29,0.014096635997702833,0.003067800003918819,0.024540758997318335,87
2364,29,0.013691362000827212,0.0030641389967058785,0.024221948995545972,89
2365,29,0.013509684002201539,0.0030570789967896417,0.024770449999778066,91
2366,29,0.013343439997697715,0.003820385994913522,0.02460475899715675,93
2367,29,0.013414356995781418,0.0030720389986527152,0.02440658799605444,95
2368,29,0.013478578002832364,0.0030727870034752414,0.024455090999254026,97
2369,29,0.01352647000021534,0.0038468540005851537,0.024252525996416807,99
2370,29,0.013450878002913669,0.004507584999373648,0.02443173199571902,101
2371,29,0.013707034006074537,0.004524365998804569,0.024604236001323443,103
2372,29,0.013440142000035848,0.004500194001593627,0.024580429002526216,105
2373,29,0.013465823998558335,0.004529393001575954,0.02460129500104813,107
2374,29,0.013539915002183989,0.004594758000166621,0.02564546500070719,109
2375,29,0.013657326002430636,0.004537165994406678,0.02557901500404114,111
2376,29,0.013474332001351286,0.004571837002004031,0.02497856599802617,113
2377,29,0.013518011000996921,0.004552457001409493,0.02484999799344223,115
2378,29,0.013517797000531573,0.004590803997416515,0.02507866199448472,117
2379,29,0.01378982200549217,0.004608579998603091,0.025141402998997364,119
2380,29,0.015330777001508977,0.003890976993716322,0.025420325000595767,121
2381,29,0.015589695001835935,0.00406398899940541,0.024970323000161443,123
2382,29,0.015598345999023877,0.0038210420025279745,0.02466493999963859,125
2383,29,0.015361207006208133,0.0038504559997818433,0.02481716300098924,127
2384,29,0.015657272000680678,0.0038349660026142374,0.025393791001988575,129
2385,29,0.015688657003920525,0.003867012004775461,0.02479304000007687,131
2386,29,0.015756940003484488,0.0038567589945159853,0.02500363400031347,133
2387,29,0.01567195900133811,0.003838333999738097,0.024549027002649382,135
2388,29,0.015647713997168466,0.00383741500263568,0.025256764005462173,137
2389,29,0.01599274400359718,0.003779810002015438,0.024696307998965494,139
2390,29,0.015512970996496733,0.00608522000402445,0.027176342002348974,141
2391,29,0.01520105200324906,0.006047515002137516,0.027611049998085946,143
2392,29,0.015539954998530447,0.006122704995505046,0.02739744700375013,145
2393,29,0.015300553000997752,0.006078899998101406,0.027013485996576492,147
2394,29,0.01518013799795881,0.006059226994693745,0.027080047999334056,149
2395,29,0.015305791996070184,0.006052858996554278,0.027413666997745167,151
2396,29,0.016029942002205644,0.006057965001673438,0.027395286000682972,153
2397,29,0.015200159003143199,0.006007561998558231,0.027234843000769615,155
2398,29,0.015240116001223214,0.005983570001262706,0.02683458499814151,157
2399,29,0.01524783400236629,0.006026146002113819,0.027920125001401175,159
2400,30,0.015388952000648715,0.0038000290005584247,0.025603104004403576,1
2401,30,0.015694783003709745,0.0038332290059770457,0.024716088999412023,3
2402,30,0.015164159005507827,0.004071182003826834,0.024886186998628546,5
2403,30,0.015095868999196682,0.0030725210017408244,0.02442531499400502,7
2404,30,0.018126554998161737,0.003173930999764707,0.029449410998495296,9
2405,30,0.015386537997983396,0.0048235180001938716,0.025476678005361464,11
2406,30,0.015259599000273738,0.00405961400247179,0.02478244599478785,13
2407,30,0.015731012004835065,0.003993954996985849,0.02589940300094895,15
2408,30,0.015335953998146579,0.0038643709995085374,0.02463316299690632,17
2409,30,0.015281706000678241,0.0038030130017432384,0.02470431700203335,19
2410,30,0.015342152000812348,0.003811453003436327,0.024862291000317782,21
2411,30,0.01543722600035835,0.003827095999440644,0.02520807600376429,23
2412,30,0.015483451999898534,0.004540071000519674,0.025635013000282925,25
2413,30,0.015719579998403788,0.004834554994886275,0.025426669999433216,27
2414,30,0.015864981003687717,0.004624412002158351,0.02496954899834236,29
2415,30,0.01548337400163291,0.004548503005935345,0.024798641999950632,31
2416,30,0.015937152005790267,0.004622469998139422,0.027352919001714326,33
2417,30,0.015155541004787665,0.004572042002109811,0.02708361900295131,35
2418,30,0.016253171001153532,0.004571425000904128,0.02760025399766164,37
2419,30,0.015443008000147529,0.004555516999971587,0.026837056000658777,39
2420,30,0.013958802999695763,0.003089468998950906,0.025606420000258368,41
2421,30,0.014683834000607021,0.0031219750017044134,0.024529197995434515,43
2422,30,0.013598252997326199,0.0030628669992438518,0.02573922000010498,45
2423,30,0.014070190001802985,0.0031046600051922724,0.024709543999051675,47
2424,30,0.013712733998545446,0.003103351999016013,0.02437806499801809,49
2425,30,0.0136704100004863,0.0030920939971110784,0.024411514998064376,51
2426,30,0.013428638005279936,0.0030680779964313842,0.0244109980048961,53
2427,30,0.013447036006255075,0.003083592004259117,0.024349302002519835,55
2428,30,0.020871995002380572,0.0030960930016590282,0.026710853999247774,57
2429,30,0.013782824993540999,0.0030964679972385056,0.024578543998359237,59
2430,30,0.01353501500125276,0.0031030639947857708,0.024546414002543315,61
2431,30,0.014059616994927637,0.003086615994106978,0.024454667000100017,63
2432,30,0.013719812995987013,0.003089931000431534,0.025531448001856916,65
2433,30,0.013535252001020126,0.0030666790044051595,0.024639240000396967,67
2434,30,0.014193960996635724,0.0030851849951432087,0.02446967500145547,69
2435,30,0.01383722000173293,0.005501136001839768,0.031587329001922626,71
2436,30,0.013950320004369132,0.005487349997565616,0.029736444994341582,73
2437,30,0.013600842998130247,0.005494559998624027,0.029704047003178857,75
2438,30,0.013972136002848856,0.005458043000544421,0.030390692001674324,77
2439,30,0.014610129001084715,0.005453096004202962,0.029540780997194815,79
2440,30,0.01570528600132093,0.0038697459967806935,0.025153536000289023,81
2441,30,0.015778504995978437,0.0038962420003372245,0.02448338800604688,83
2442,30,0.015320951999456156,0.003832772999885492,0.024328285006049555,85
2443,30,0.015297417005058378,0.0037964209986967035,0.024833991003106348,87
2444,30,0.015171576000284404,0.0038325670029735193,0.024529976995836478,89
2445,30,0.015754155996546615,0.003819500001554843,0.02472501000011107,91
2446,30,0.015443791999132372,0.0038152950000949204,0.024924000004830305,93
2447,30,0.015288201000657864,0.00382487999740988,0.02527467699837871,95
2448,30,0.015295903001970146,0.0038503889954881743,0.02482066100492375,97
2449,30,0.01529451700480422,0.0038164020006661303,0.024419465000391938,99
2450,30,0.015390676002425607,0.0038046999979997054,0.024503792003088165,101
2451,30,0.015346546002547257,0.0038129319946165197,0.0249956719999318,103
2452,30,0.01552005999838002,0.0038408879991038702,0.024404089999734424,105
2453,30,0.015405525002279319,0.0038672160007990897,0.024555033996875864,107
2454,30,0.01542740200238768,0.0038194559965631925,0.024519601996871643,109
2455,30,0.01550028400379233,0.0038740029995096847,0.024550923000788316,111
2456,30,0.015825759001018014,0.003826099004072603,0.025102131003222894,113
2457,30,0.015979612995579373,0.0038121329998830333,0.024483997003699187,115
2458,30,0.016125775000546128,0.0038890530049684457,0.0245024010000634,117
2459,30,0.015364544997282792,0.0038617230020463467,0.025240078997740056,119
2460,30,0.015411799002322368,0.003144933005387429,0.024806239998724777,121
2461,30,0.015386282000690699,0.0030894720039214008,0.025059713996597566,123
2462,30,0.015371815003163647,0.003843099002551753,0.02449628400063375,125
2463,30,0.015214704995742068,0.003069184000196401,0.02460682700620964,127
2464,30,0.015238722000503913,0.003093175000685733,0.024506426001607906,129
2465,30,0.01525911800126778,0.003155170998070389,0.025018872998771258,131
2466,30,0.015343462997407187,0.0030917039985070005,0.02425836800102843,133
2467,30,0.015239649001159705,0.0038412659996538423,0.024490665004123002,135
2468,30,0.015468371006136294,0.003093521998380311,0.02442828399944119,137
2469,30,0.016516594994754996,0.0030834469944238663,0.02507620600226801,139
2470,30,0.015236466999340337,0.005269362001854461,0.027772681998612825,141
2471,30,0.015634830997441895,0.005338105002010707,0.027445580999483354,143
2472,30,0.015206519005005248,0.005295098999340553,0.026930559004540555,145
2473,30,0.015542612003628165,0.0054276400041999295,0.027039779000915587,147
2474,30,0.015118770003027748,0.0052896589986630715,0.026954348002618644,149
2475,30,0.015220724999380764,0.005292263995215762,0.026782403998367954,151
2476,30,0.015105476006283425,0.005268367000098806,0.027105815999675542,153
2477,30,0.01589248800155474,0.00529600399750052,0.02697990600427147,155
2478,30,0.015202392998617142,0.005307423998601735,0.02725331900001038,157
2479,30,0.015209985002002213,0.005568207998294383,0.027301841000735294,159
2480,31,0.015496915999392513,0.0038596290032728575,0.026039033000415657,1
2481,31,0.01549354999588104,0.003824513994914014,0.024632355001813266,3
2482,31,0.015516970001044683,0.003953555002226494,0.02494899299927056,5
2483,31,0.015414731999044307,0.0030844579960103147,0.02474467400315916,7
2484,31,0.015425300000060815,0.003139218002615962,0.025134657000307925,9
2485,31,0.015298605998395942,0.003103388000454288,0.024678757996298373,11
2486,31,0.015705101999628823,0.003145750997646246,0.024658128000737634,13
2487,31,0.015497761996812187,0.003951890997996088,0.02461893500003498,15
2488,31,0.015494789004151244,0.003111507001449354,0.02450011600012658,17
2489,31,0.015429791004862636,0.003864152000460308,0.02450261500052875,19
2490,31,0.015581380001094658,0.0038343109990819357,0.02463840099517256,21
2491,31,0.015456309003639035,0.003984586997830775,0.024497057995176874,23
2492,31,0.015397256996948272,0.0038371379996533506,0.024614002999442164,25
2493,31,0.015269244999217335,0.0038694760005455464,0.025033218997123186,27
2494,31,0.015366929001174867,0.0039010030013741925,0.024972457002149895,29
2495,31,0.01565322800161084,0.00458779600012349,0.027405099994211923,31
2496,31,0.016121972003020346,0.0045579529978567734,0.027412411000113934,33
2497,31,0.01533557299990207,0.004572926998662297,0.027700880003976636,35
2498,31,0.015207933996862266,0.0045611120003741235,0.02701789600541815,37
2499,31,0.015581561994622461,0.004551938996883109,0.027018659995519556,39
2500,31,0.015861892999964766,0.003828393993899226,0.02442846899793949,41
2501,31,0.015302723004424479,0.0038022439985070378,0.024339591000170913,43
2502,31,0.01512140400154749,0.003794103999098297,0.029253982000227552,45
2503,31,0.015149619001022074,0.003793039002630394,0.02413266299845418,47
2504,31,0.015337974000431132,0.0038167270031408407,0.025559925998095423,49
2505,31,0.015190437996352557,0.0038535089988727123,0.025011681995238177,51
2506,31,0.01524351099942578,0.003816198994172737,0.024344074001419358,53
2507,31,0.015310795002733357,0.0038462169977719896,0.024317752999195363,55
2508,31,0.01538172100117663,0.003808856003161054,0.024381386996537913,57
2509,31,0.015245688002323732,0.003812748000200372,0.024348526996618602,59
2510,31,0.015158062997215893,0.003817558004811872,0.024309781998454127,61
2511,31,0.015225780000037048,0.003775517994654365,0.024460517000989057,63
2512,31,0.015215221996186301,0.0038180109986569732,0.024911717999202665,65
2513,31,0.01517891199910082,0.003811242997471709,0.02495952900062548,67
2514,31,0.015424600002006628,0.0038340179962688126,0.024318250005308073,69
2515,31,0.015196686996205244,0.007054517001961358,0.029403200001979712,71
2516,31,0.016239504002442118,0.007071400003042072,0.029432969000481535,73
2517,31,0.01560987999982899,0.006966537999687716,0.02999145999638131,75
2518,31,0.01585782899928745,0.00704563400358893,0.030112009000731632,77
2519,31,0.015148853999562562,0.007023558995570056,0.029648511997947935,79
2520,31,0.015357105003204197,0.004545047995634377,0.024737808998906985,81
2521,31,0.015588324997224845,0.00456723700335715,0.02470032500423258,83
2522,31,0.015538712999841664,0.0045367089987848885,0.024498160993971396,85
2523,31,0.015170229999057483,0.0045035340008325875,0.024657820002175868,87
2524,31,0.015261554995959159,0.004500540999288205,0.02452564099803567,89
2525,31,0.01544469300279161,0.0045593940012622625,0.024569189998146612,91
2526,31,0.015385031001642346,0.004572145000565797,0.02442231000168249,93
2527,31,0.015283971995813772,0.004558549000648782,0.024556005002523307,95
2528,31,0.015268948001903482,0.004582797999319155,0.024805802997434512,97
2529,31,0.015356917007011361,0.004567033996863756,0.024650398998346645,99
2530,31,0.015336012998886872,0.0045595909978146665,0.024833870003931224,101
2531,31,0.015173578998656012,0.004521372000453994,0.02511815600155387,103
2532,31,0.015165359996899497,0.004538168002909515,0.024247669003671035,105
2533,31,0.015449687001819257,0.004492344000027515,0.02449008700205013,107
2534,31,0.015453804000571836,0.005288790998747572,0.025262857998313848,109
2535,31,0.015093556998181157,0.004500629001995549,0.024509999006113503,111
2536,31,0.015179287998762447,0.005261917001917027,0.024842273000103887,113
2537,31,0.015463543000805657,0.004539360998023767,0.02490598499571206,115
2538,31,0.015958420000970364,0.004523775998677593,0.024807232002785895,117
2539,31,0.015507555996009614,0.005216042998654302,0.02429760700033512,119
2540,31,0.013390342995990068,0.0037924150019534864,0.02448403099697316,121
2541,31,0.01348028799839085,0.0038060669976403005,0.02418628799932776,123
2542,31,0.013460636000672821,0.0038255879990174435,0.024266231994261034,125
2543,31,0.013456726999720559,0.003802273000474088,0.024385060998611152,127
2544,31,0.013772054997389205,0.003789928996411618,0.0245534729983774,129
2545,31,0.015530237003986258,0.003824455001449678,0.025655019002442714,131
2546,31,0.013840052000887226,0.0038043120002839714,0.025131909998890478,133
2547,31,0.0141806949977763,0.0037808150009368546,0.024772552998911124,135
2548,31,0.01331577399832895,0.0038203100048121996,0.02422367999679409,137
2549,31,0.0134632019980927,0.003801422004471533,0.024352353997528553,139
2550,31,0.01332997900317423,0.0052593069995054975,0.026879597004153766,141
2551,31,0.013381659999140538,0.005234066004049964,0.026822646999789868,143
2552,31,0.013502679001248907,0.005316383998433594,0.026879523997195065,145
2553,31,0.014208943000994623,0.005316675997164566,0.026994754996849224,147
2554,31,0.013970057996630203,0.005323513003531843,0.026984237003489397,149
2555,31,0.014112523997027893,0.005405965996033046,0.027430695998191368,151
2556,31,0.013792190999083687,0.005300371994962916,0.027234909000981133,153
2557,31,0.014015009001013823,0.005261140002403408,0.026965692995872814,155
2558,31,0.013700237999728415,0.005284921993734315,0.027333754005667288,157
2559,31,0.013638377000461332,0.005252069000562187,0.02819970100244973,159
2560,32,0.01791660999879241,0.00395607700193068,0.02517482900293544,1
2561,32,0.015226043004076928,0.0038269240030786023,0.025219163995643612,3
2562,32,0.015264412999385968,0.003870603999530431,0.024368706996028777,5
2563,32,0.015532860001258086,0.0038352980045601726,0.024629803003335837,7
2564,32,0.015466144999663811,0.003853285001241602,0.024760196996794548,9
2565,32,0.015379071999632288,0.0038158969982760027,0.024966224998934194,11
2566,32,0.01541560699843103,0.0038333029951900244,0.02443838900217088,13
2567,32,0.01550247299746843,0.00308523000421701,0.024694498999451753,15
2568,32,0.015193797000392806,0.004541727001196705,0.02586189499561442,17
2569,32,0.015156575995206367,0.0038107790023786947,0.02446981200046139,19
2570,32,0.015156266999838408,0.004542907998256851,0.02440760899480665,21
2571,32,0.015233961996273138,0.003790308997849934,0.024614715999632608,23
2572,32,0.015427904996613506,0.004548520002572332,0.02507930800493341,25
2573,32,0.015167607001785655,0.004520413000136614,0.02449771000101464,27
2574,32,0.01569248399755452,0.00458010500005912,0.02449808199889958,29
2575,32,0.015367403997515794,0.005277648997434881,0.024338029004866257,31
2576,32,0.015330456997617148,0.004544368006463628,0.0276647110003978,33
2577,32,0.015627464999852236,0.004542839997156989,0.027594182000029832,35
2578,32,0.0157347020067391,0.004562938003800809,0.027860861002409365,37
2579,32,0.016098846994282212,0.004555081999569666,0.027116469005704857,39
2580,32,0.01352700399729656,0.0037947870005154982,0.0245510969980387,41
2581,32,0.013490229997842107,0.0038079670048318803,0.024617306000436656,43
2582,32,0.013868734997231513,0.0038263489987002686,0.024773469995125197,45
2583,32,0.013526333998015616,0.003776917001232505,0.024916975999076385,47
2584,32,0.013447582998196594,0.0038261769950622693,0.024987230004626326,49
2585,32,0.013628796994453296,0.003804635001870338,0.024728145996050444,51
2586,32,0.013727331002883147,0.0037866200000280514,0.02479678500094451,53
2587,32,0.0141000739968149,0.0038369279936887324,0.024206620000768453,55
2588,32,0.013975579000543803,0.006844675001048017,0.024466540999128483,57
2589,32,0.013735197004280053,0.003842576996248681,0.025318255000456702,59
2590,32,0.013609342000563629,0.0037999820051481947,0.025620452004659455,61
2591,32,0.013673240995558444,0.003835665003862232,0.025125098996795714,63
2592,32,0.013738087000092492,0.00383230500301579,0.02463184999942314,65
2593,32,0.01362375099415658,0.0038271800003712997,0.024667039993801154,67
2594,32,0.013794255995890126,0.0038035299949115142,0.02458893199946033,69
2595,32,0.01361302100121975,0.007132011000066996,0.027428487002907787,71
2596,32,0.013555186000303365,0.0071408699950552545,0.027603791997535154,73
2597,32,0.01374484300322365,0.007036654002149589,0.027665566994983237,75
2598,32,0.013823658002365846,0.007086735000484623,0.027268730002106167,77
2599,32,0.023144005004724022,0.007028984000498895,0.0369270500013954,79
2600,32,0.013513479003449902,0.004581080000207294,0.025555074003932532,81
2601,32,0.013554184006352443,0.004523848001554143,0.02517631700175116,83
2602,32,0.013563608001277316,0.0045714070001849905,0.030792233999818563,85
2603,32,0.013505662995157763,0.00458236599661177,0.024545098000089638,87
2604,32,0.013509688003978226,0.004545892996247858,0.02482373300153995,89
2605,32,0.013555057994381059,0.004558503998850938,0.025251954000850674,91
2606,32,0.014136615995084867,0.0045774769969284534,0.02486717200372368,93
2607,32,0.013507650000974536,0.00454327499755891,0.02467964500101516,95
2608,32,0.013584264997916762,0.004556056002911646,0.024524751999706496,97
2609,32,0.01390630300011253,0.004573256999719888,0.024901710996346083,99
2610,32,0.013639408003655262,0.004563754999253433,0.02457198100455571,101
2611,32,0.013775439001619816,0.004557289998047054,0.0247166230037692,103
2612,32,0.013556658996094484,0.004549983998003881,0.024856470001395792,105
2613,32,0.013754234998486936,0.004544060997432098,0.02460303700354416,107
2614,32,0.013543168002797756,0.004632062999007758,0.024683663999894634,109
2615,32,0.013587759000074584,0.004566504998365417,0.025279966001107823,111
2616,32,0.013555049998103641,0.004552587997750379,0.02472554600535659,113
2617,32,0.013534707999497186,0.004576222003379371,0.024866725005267654,115
2618,32,0.013609197994810529,0.004548115000943653,0.02475967299687909,117
2619,32,0.013498148997314274,0.00457107800320955,0.025039089006895665,119
2620,32,0.015349966000940185,0.0030948150015319698,0.024588678999862168,121
2621,32,0.015282585998647846,0.0031267969970940612,0.024886176994186826,123
2622,32,0.015521198998612817,0.0031044819988892414,0.024669288002769463,125
2623,32,0.015454134001629427,0.003130839002551511,0.024402525996265467,127
2624,32,0.0156528560037259,0.0030722509982297197,0.024525613996956963,129
2625,32,0.0158427189962822,0.0031646869974792935,0.0245111080002971,131
2626,32,0.015456307999556884,0.003114456994808279,0.02462490500329295,133
2627,32,0.015452863997779787,0.0038188540056580678,0.02440012900478905,135
2628,32,0.015541287000814918,0.003069295999011956,0.024623434997920413,137
2629,32,0.015425138000864536,0.0031156390032265335,0.025065831003303174,139
2630,32,0.015539271000307053,0.005414747000031639,0.02754765700228745,141
2631,32,0.015376003000710625,0.005300454002281185,0.027499551993969362,143
2632,32,0.015310164999391418,0.005336993002856616,0.027183165999304038,145
2633,32,0.015360525001597125,0.005321686003298964,0.027532371997949667,147
2634,32,0.01538976099982392,0.005292083995300345,0.027053985999373253,149
2635,32,0.01573859999916749,0.005270184999972116,0.02721247699810192,151
2636,32,0.015340660000219941,0.005294190006679855,0.027366523005184717,153
2637,32,0.015375589005998336,0.005288932996336371,0.02711524800542975,155
2638,32,0.015370661996712442,0.005429775999800768,0.02717286100232741,157
2639,32,0.015318341997044627,0.005292098001518752,0.027254193999397103,159
2640,33,0.015387694002129138,0.0050681459979387,0.03458614299597684,1
2641,33,0.01580709999689134,0.003103681003267411,0.024759820000326727,3
2642,33,0.015313283001887612,0.003827924003417138,0.024612891000288073,5
2643,33,0.015286050998838618,0.003817714998149313,0.02450550199864665,7
2644,33,0.015758961999381427,0.004120586003409699,0.024621385004138574,9
2645,33,0.015239428001223132,0.00380519000464119,0.025039545995241497,11
2646,33,0.01537284099322278,0.0030837349986541085,0.024426554999081418,13
2647,33,0.015355575000285171,0.0030874689982738346,0.02434006200201111,15
2648,33,0.015382298995973542,0.0038533120023203082,0.025248819998523686,17
2649,33,0.015835901998798363,0.004525707001448609,0.024816703000396956,19
2650,33,0.015347726999607403,0.004562581998470705,0.024739963002502918,21
2651,33,0.01539056700130459,0.0037882620017626323,0.024784412002190948,23
2652,33,0.015771469996252563,0.004558883003483061,0.02451811199716758,25
2653,33,0.015361010999185964,0.004538332002994139,0.024802358995657414,27
2654,33,0.015298810998501722,0.004609891002473887,0.02455862100032391,29
2655,33,0.015248743002302945,0.004560929999570362,0.024523070998839103,31
2656,33,0.01616925599955721,0.004883654000877868,0.024889221000194084,33
2657,33,0.015770404002978466,0.004606282003805973,0.027872290003870148,35
2658,33,0.01602299300429877,0.004567890995531343,0.02489678300480591,37
2659,33,0.015568326001812238,0.004735506998258643,0.02475910499924794,39
2660,33,0.013851126001100056,0.00382362499658484,0.025020332999702077,41
2661,33,0.01375141800235724,0.0031068719981703907,0.02483488900179509,43
2662,33,0.013779384004010353,0.0033166439970955253,0.025253284999052994,45
2663,33,0.0136044850005419,0.0032050570007413626,0.02461075599421747,47
2664,33,0.013751596001384314,0.0031138560007093474,0.024669288999575656,49
2665,33,0.013626697997096926,0.0032835859965416603,0.02499064800213091,51
2666,33,0.013552071002777666,0.0031094610021682456,0.024624575999041554,53
2667,33,0.0136453849991085,0.003081179005675949,0.024776881997240707,55
2668,33,0.013570749993959907,0.0030666139937238768,0.024758865998592228,57
2669,33,0.013450954000290949,0.003084101997956168,0.024506793000909965,59
2670,33,0.013524694004445337,0.0030896409953129478,0.02474864300165791,61
2671,33,0.013572275995102245,0.0030984839977463707,0.02514582799631171,63
2672,33,0.013814149002428167,0.0031082070054253563,0.02565353800309822,65
2673,33,0.014696361002279446,0.0031132919975789264,0.027155820003827102,67
2674,33,0.013498915999662131,0.0030848650058032945,0.024789540999336168,69
2675,33,0.013865370005078148,0.00615330599976005,0.026886808998824563,71
2676,33,0.013502961002814118,0.006143713995697908,0.027492483997775707,73
2677,33,0.013990788997034542,0.006292132995440625,0.027572018996579573,75
2678,33,0.016432630996860098,0.006446724997658748,0.027991553004540037,77
2679,33,0.013528032999602146,0.00618142299936153,0.032572367003012914,79
2680,33,0.015868048001721036,0.0038486909979837947,0.02481424400320975,81
2681,33,0.015223417998640798,0.0038191769999684766,0.024925685000198428,83
2682,33,0.015626531996531412,0.0038114280032459646,0.024640219002321828,85
2683,33,0.01574069299385883,0.0038968840017332695,0.02696189800190041,87
2684,33,0.01539361599861877,0.0038121550023788586,0.02523146900057327,89
2685,33,0.01571305499965092,0.003869872001814656,0.02556131900200853,91
2686,33,0.0155754080042243,0.0038172149943420663,0.025692380004329607,93
2687,33,0.015697180999268312,0.0038339519960572943,0.024733849997573998,95
2688,33,0.01570658399577951,0.003853062997222878,0.02501544400001876,97
2689,33,0.015531788994849194,0.0038367930028471164,0.0245722680047038,99
2690,33,0.015489862002141308,0.0038438390038209036,0.02461708299961174,101
2691,33,0.01560782400338212,0.003821528000116814,0.02481864800211042,103
2692,33,0.01578410399815766,0.0038482240051962435,0.024811206996673718,105
2693,33,0.015983336998033337,0.004010570999525953,0.025250838996726088,107
2694,33,0.015234180005791131,0.0038248950004344806,0.024881429999368265,109
2695,33,0.015607558001647703,0.0037973250000504777,0.024457086001348216,111
2696,33,0.01556009999330854,0.003850809996947646,0.025816196997766383,113
2697,33,0.015522205998422578,0.003955473999667447,0.02512359899992589,115
2698,33,0.015276802994776517,0.003858152005705051,0.024835920994519256,117
2699,33,0.015464482996321749,0.003940979004255496,0.02451618100167252,119
2700,33,0.01397865100443596,0.003906789999746252,0.024833864998072386,121
2701,33,0.013685767997230869,0.0038107869986561127,0.025024745998962317,123
2702,33,0.013568016998760868,0.0038297439969028346,0.02487906999886036,125
2703,33,0.013575479999417439,0.0038661850048811175,0.024531907998607494,127
2704,33,0.013445122000121046,0.0038035469988244586,0.027345756003342103,129
2705,33,0.013560047998907976,0.003849546999845188,0.024412300997937564,131
2706,33,0.01375984799960861,0.004024986003059894,0.02511588899506023,133
2707,33,0.013527703995350748,0.0038286389972199686,0.02473270599875832,135
2708,33,0.013749076999374665,0.003839290999167133,0.02469743200344965,137
2709,33,0.014264058001572266,0.0038659409983665682,0.025253979001718108,139
2710,33,0.013858790000085719,0.005292538000503555,0.027399380000133533,141
2711,33,0.014204544997483026,0.005485592999320943,0.027733315000659786,143
2712,33,0.013558086997363716,0.005402239003160503,0.027632156998151913,145
2713,33,0.014003525997395627,0.005292036999890115,0.027512200002092868,147
2714,33,0.013929647000622936,0.005260157005977817,0.026859199999307748,149
2715,33,0.013639547003549524,0.006156422998174094,0.027260802999080624,151
2716,33,0.013557104000938125,0.005231985996942967,0.02721130799909588,153
2717,33,0.01358004599751439,0.005276274998323061,0.02724135800235672,155
2718,33,0.013625302999571431,0.00529600000299979,0.02724805099569494,157
2719,33,0.014053284998226445,0.005302641002344899,0.027450413996120915,159
2720,34,0.015436107001733035,0.0038548660013475455,0.024838991004799027,1
2721,34,0.015385806997073814,0.0038472569940495305,0.025169726999592967,3
2722,34,0.015279893996194005,0.003799518002779223,0.024857087002601475,5
2723,34,0.01548923699738225,0.003830836998531595,0.024566528998548165,7
2724,34,0.01555262399779167,0.00308932299958542,0.024704540002858266,9
2725,34,0.015447299003426451,0.0030921639990992844,0.026134697000088636,11
2726,34,0.015436948000569828,0.004255788997397758,0.024657622998347506,13
2727,34,0.015449400998477358,0.003840894001768902,0.02471769200201379,15
2728,34,0.01557075600430835,0.0038593689969275147,0.024736530001973733,17
2729,34,0.01559735100454418,0.00387045100069372,0.024666237004566938,19
2730,34,0.015499895998800639,0.003872968998621218,0.024818929996399675,21
2731,34,0.015480522000871133,0.003856079994875472,0.025076732999878004,23
2732,34,0.015351318994362373,0.0038371129994629882,0.024993961997097358,25
2733,34,0.015543961999355815,0.00385437099612318,0.02591841099638259,27
2734,34,0.01535482100007357,0.0038168050014064647,0.02492383999924641,29
2735,34,0.015546324000752065,0.003856314993754495,0.024950425999122672,31
2736,34,0.016092637000838295,0.0038379909965442494,0.02477679800358601,33
2737,34,0.015226587995130103,0.0038117030053399503,0.025174773996695876,35
2738,34,0.01589380899531534,0.0038255879990174435,0.024614838999696076,37
2739,34,0.01537219900637865,0.00382019899552688,0.024934259003202897,39
2740,34,0.01374247099738568,0.0038170430052559823,0.025073774995689746,41
2741,34,0.013556926001911052,0.0038058270001783967,0.024671321996720508,43
2742,34,0.013938711999799125,0.003959365996706765,0.024594757000159007,45
2743,34,0.013618324999697506,0.003074143998674117,0.02461393900011899,47
2744,34,0.013960142001451459,0.00385134200041648,0.02439043299818877,49
2745,34,0.013982685006340034,0.0038159440009621903,0.02462591899529798,51
2746,34,0.013653407004312612,0.0038346369983628392,0.024625143996672705,53
2747,34,0.013535606994992122,0.0038204869997571222,0.02458630799810635,55
2748,34,0.01354755400097929,0.00395625400415156,0.024892777000786737,57
2749,34,0.01568346699787071,0.0037994009981048293,0.024783259999821894,59
2750,34,0.014090035001572687,0.003832436996162869,0.0245266160054598,61
2751,34,0.013757086999248713,0.004376711003715172,0.030274101001850795,63
2752,34,0.013831983997079078,0.003836165997199714,0.029986302004544996,65
2753,34,0.013825620000716299,0.0038086080021457747,0.024640456002089195,67
2754,34,0.013436753004498314,0.0045087609978509136,0.024558501994761173,69
2755,34,0.013441909002722241,0.006158860000141431,0.027109466995170806,71
2756,34,0.013513652003894094,0.006144708997453563,0.028102087002480403,73
2757,34,0.013578951999079436,0.006151952002255712,0.027190532004169654,75
2758,34,0.01360270499571925,0.006154550996143371,0.02726366400020197,77
2759,34,0.013501171000825707,0.006119031000707764,0.02812724399700528,79
2760,34,0.011689876002492383,0.0045179790031397715,0.02495980099774897,81
2761,34,0.012088944000424817,0.005236930002865847,0.024231135001173243,83
2762,34,0.012424658001691569,0.005523089996131603,0.03600156600441551,85
2763,34,0.01180031600233633,0.0045452859994838946,0.024694577004993334,87
2764,34,0.011663714001770131,0.004535586995189078,0.02469340999959968,89
2765,34,0.01165636999940034,0.004586656003084499,0.024358716000278946,91
2766,34,0.011779438005760312,0.0045576789998449385,0.0244111830033944,93
2767,34,0.011783666996052489,0.0045624109989148565,0.024608830994111486,95
2768,34,0.012223571000504307,0.004825475996767636,0.025338544000987895,97
2769,34,0.01163616900157649,0.004553074999421369,0.024497851001797244,99
2770,34,0.011649624997517094,0.003815376003331039,0.02703541899973061,101
2771,34,0.01165648799360497,0.0038058240024838597,0.027145152998855338,103
2772,34,0.01220950700371759,0.0038367300003301352,0.02728909999859752,105
2773,34,0.011628834996372461,0.00380429199867649,0.027419849997386336,107
2774,34,0.011842528001579922,0.003847881998808589,0.027233392997004557,109
2775,34,0.012359883003227878,0.003936032000638079,0.027838043999508955,111
2776,34,0.011661719996482134,0.003801774000748992,0.02736313600325957,113
2777,34,0.011847376001242083,0.003830260000540875,0.026709531994129065,115
2778,34,0.011744086994440295,0.003828963999694679,0.02692415199999232,117
2779,34,0.01177879700117046,0.003818008000962436,0.026974307002092246,119
2780,34,0.01633686300192494,0.0038062030071159825,0.02585093700326979,121
2781,34,0.015764397001476027,0.0038385209991247393,0.024736299994401634,123
2782,34,0.015401600001496263,0.0038623360014753416,0.024861542995495256,125
2783,34,0.015419741997902747,0.0038323339977068827,0.025334166995889973,127
2784,34,0.015912004993879236,0.003837969998130575,0.025254840998968575,129
2785,34,0.015883405001659412,0.003905678997398354,0.0249905380042037,131
2786,34,0.01575795199460117,0.00403140999696916,0.025139892000879627,133
2787,34,0.015487411001231521,0.003814581999904476,0.025195763002557214,135
2788,34,0.015320582999265753,0.0038052739982958883,0.024894691996451,137
2789,34,0.015733510001155082,0.0037982549984008074,0.0245304420022876,139
2790,34,0.015455886998097412,0.005317743001796771,0.027301258996885736,141
2791,34,0.01541434300452238,0.005299506003211718,0.027584952003962826,143
2792,34,0.015797346997715067,0.005285053004627116,0.027819310998893343,145
2793,34,0.015769799996633083,0.005274602001009043,0.027585335999901872,147
2794,34,0.01534536899998784,0.00526554500538623,0.027163094004208688,149
2795,34,0.015467570003238507,0.005282933001581114,0.02698482399864588,151
2796,34,0.0155815239995718,0.0052833190056844614,0.02701313199941069,153
2797,34,0.015807910996954888,0.005342835000192281,0.026938408002024516,155
2798,34,0.01564319199678721,0.005310102002113126,0.027156574993568938,157
2799,34,0.016608165999059565,0.0055096060023061,0.027305615003569983,159
2800,35,0.01635238900053082,0.003105748997768387,0.024633824999909848,1
2801,35,0.0157605339991278,0.003080295995459892,0.02510391300165793,3
2802,35,0.015243150999594945,0.003056291003304068,0.024890455999411643,5
2803,35,0.015314748998207506,0.0030727429984835908,0.0243715760007035,7
2804,35,0.015269167000951711,0.0030829709940007888,0.024459124004351906,9
2805,35,0.01622523900005035,0.004271043995686341,0.024509958995622583,11
2806,35,0.015339033998316154,0.0030779350054217502,0.024625269004900474,13
2807,35,0.016492424001626205,0.005071425999631174,0.024858829005097505,15
2808,35,0.015382522993604653,0.0035212700022384524,0.025089939001190942,17
2809,35,0.016252966997853946,0.0030644720027339645,0.025821228002314456,19
2810,35,0.015187760000117123,0.0037822619997314177,0.02445459599402966,21
2811,35,0.015382830999442376,0.0037969469995005056,0.024477823004417587,23
2812,35,0.015885755005001556,0.0038218229965423234,0.037808846005646046,25
2813,35,0.015471370999875944,0.0038116779978736304,0.025393877003807575,27
2814,35,0.016235146002145484,0.003828585999144707,0.024177070998121053,29
2815,35,0.015248137999151368,0.004547577002085745,0.025497832997643854,31
2816,35,0.015383252000901848,0.004550821999146137,0.02732783199462574,33
2817,35,0.015417413997056428,0.0045676299996557645,0.02703798999573337,35
2818,35,0.015388407999125775,0.004571987999952398,0.02768794999428792,37
2819,35,0.015375413000583649,0.004576691004331224,0.027378163002140354,39
2820,35,0.013500597997335717,0.003905331999703776,0.025500956995529123,41
2821,35,0.013600162994407583,0.0030516620026901364,0.024468208001053426,43
2822,35,0.013586929999291897,0.0031059910033945926,0.024379232003411744,45
2823,35,0.013573229996836744,0.0031037570006446913,0.02497526499792002,47
2824,35,0.013500439999916125,0.0030934899987187237,0.024324019002960995,49
2825,35,0.013573856005677953,0.0038007359980838373,0.024295882001752034,51
2826,35,0.014176250995660666,0.0037990010023349896,0.02452268000342883,53
2827,35,0.01366433200018946,0.003093965999141801,0.024479829997289926,55
2828,35,0.014050288998987526,0.003098317996773403,0.02438460099801887,57
2829,35,0.013958894996903837,0.00396852500125533,0.024622195000119973,59
2830,35,0.013663751000422053,0.00309617100720061,0.02480574399669422,61
2831,35,0.013659213000210002,0.0038176929956534877,0.0246579400045448,63
2832,35,0.013663769997947384,0.003933476000383962,0.02455334799742559,65
2833,35,0.013976630005345214,0.003098282999417279,0.024400234993663616,67
2834,35,0.013542895001592115,0.004146204999415204,0.024568863002059516,69
2835,35,0.013577432997408323,0.006205103003594559,0.029875586995331105,71
2836,35,0.013594940006441902,0.006181522003316786,0.030968360995757394,73
2837,35,0.013747771001362707,0.006155500996101182,0.02981516699946951,75
2838,35,0.013828148003085516,0.006181065000419039,0.02923320199624868,77
2839,35,0.013959881995106116,0.006157812000310514,0.0294550580001669,79
2840,35,0.015152509993640706,0.0037758699982077815,0.02514951200282667,81
2841,35,0.015241029002936557,0.003810530004557222,0.024294742004713044,83
2842,35,0.015464150994375814,0.0038079560035839677,0.02453488299943274,85
2843,35,0.015260014995874371,0.0037862749959458597,0.024310686996614095,87
2844,35,0.015282781001587864,0.003809367997746449,0.0324943540035747,89
2845,35,0.015573153999866918,0.003861552002490498,0.02492454100138275,91
2846,35,0.01578589199925773,0.0038437399998656474,0.024503963002644014,93
2847,35,0.01535676800267538,0.0038338209997164086,0.02464980100194225,95
2848,35,0.015424211997014936,0.0038216500033740886,0.024882670004444662,97
2849,35,0.015805390001332853,0.0038301480017253198,0.025726851003128104,99
2850,35,0.015746043995022774,0.004547198994259816,0.026952933993015904,101
2851,35,0.015538704996288288,0.004603770998073742,0.02747770000132732,103
2852,35,0.015449657999852207,0.004521974005911034,0.027304528004606254,105
2853,35,0.015375528993899934,0.004555930005153641,0.027468383996165358,107
2854,35,0.015760741996928118,0.00453984899650095,0.027071846001490485,109
2855,35,0.01591598199593136,0.0045432699989760295,0.02756457999930717,111
2856,35,0.015588554000714794,0.004554738996375818,0.027804589000879787,113
2857,35,0.015897308003332,0.00455232599779265,0.027657731996441726,115
2858,35,0.015822150999156293,0.004564848997688387,0.02733668300061254,117
2859,35,0.01569302500138292,0.004562914997222833,0.027500431999214925,119
2860,35,0.013687116996152326,0.003848132000712212,0.024507039997843094,121
2861,35,0.013663106001331471,0.003831011999864131,0.024507923997589387,123
2862,35,0.013649394000822213,0.0038526689968421124,0.02439549100381555,125
2863,35,0.01363566200598143,0.0038451360014732927,0.024481070999172516,127
2864,35,0.013634180002554785,0.003848288004519418,0.024929125000198837,129
2865,35,0.013608845001726877,0.003797229001065716,0.02508679300080985,131
2866,35,0.0135997179968399,0.0038648520057904534,0.025003305003338028,133
2867,35,0.013602440005342942,0.003839946999505628,0.024885989994800184,135
2868,35,0.013931851004599594,0.003816684002231341,0.024497974998666905,137
2869,35,0.013602450999314897,0.0037905869976384565,0.02516878800088307,139
2870,35,0.013875538999855053,0.006088738999096677,0.027220295996812638,141
2871,35,0.01358669299952453,0.0060329709958750755,0.027961384002992418,143
2872,35,0.014065959003346507,0.006103596999309957,0.02749478100304259,145
2873,35,0.013641765995998867,0.0060850619993289,0.02762567099853186,147
2874,35,0.013480593006534036,0.0060539769983734,0.02795443800278008,149
2875,35,0.013468498000293039,0.0059981589947710745,0.026958297996316105,151
2876,35,0.013679085997864604,0.006004119000863284,0.027137928998854477,153
2877,35,0.013551022995670792,0.006043638997653034,0.027116230994579382,155
2878,35,0.013700568000786006,0.0060022260004188865,0.027467237996461336,157
2879,35,0.01355641500413185,0.006049520001397468,0.027512282998941373,159
2880,36,0.01568267599941464,0.0031150680006248876,0.025672891999420244,1
2881,36,0.015429443003085908,0.00309046299662441,0.025160786994092632,3
2882,36,0.01530890599678969,0.0030992940010037273,0.024665065000590403,5
2883,36,0.015311891998862848,0.003084061994741205,0.024846823995176237,7
2884,36,0.015614074996847194,0.004090050999366213,0.024446023999189492,9
2885,36,0.015392410998174455,0.0031030840036692098,0.024641812000481877,11
2886,36,0.015228381002089009,0.003100292000453919,0.024511141004040837,13
2887,36,0.015363702994363848,0.003952765000576619,0.024755206002737395,15
2888,36,0.015479326000786386,0.003890384999976959,0.02483030400617281,17
2889,36,0.016705130001355428,0.003089917001489084,0.02495478600030765,19
2890,36,0.01534550199721707,0.0038403109938371927,0.02444821300014155,21
2891,36,0.015428844999405555,0.003839028002403211,0.024738954998611007,23
2892,36,0.015512614998442587,0.0038497979985550046,0.02483597200625809,25
2893,36,0.01540054399811197,0.0038370339971152134,0.024928687998908572,27
2894,36,0.015425159996084403,0.004591144999722019,0.02452823700150475,29
2895,36,0.015511235993471928,0.004608096001902595,0.02720676099852426,31
2896,36,0.015387270002975129,0.004579604996251874,0.027078323997557163,33
2897,36,0.015499125001952052,0.004543092996755149,0.027804618002846837,35
2898,36,0.015448627003934234,0.004584891001286451,0.027571275000809692,37
2899,36,0.01596132299891906,0.004586242001096252,0.027118795995193068,39
2900,36,0.01367457499873126,0.0038486949997604825,0.025023089998285286,41
2901,36,0.013584252003056463,0.003851496003335342,0.024660761999257375,43
2902,36,0.013576037999882828,0.003904830002284143,0.024618665003799833,45
2903,36,0.014056366002478171,0.0038393920040107332,0.025067700000363402,47
2904,36,0.013772760998108424,0.003855841998301912,0.02515550999669358,49
2905,36,0.013579555001342669,0.003816381999058649,0.024804217006021645,51
2906,36,0.013632110996695701,0.00385308400291251,0.024740077002206817,53
2907,36,0.013663299003383145,0.0038229709971346892,0.02460208400589181,55
2908,36,0.014495415998680983,0.003803838997555431,0.024463540001306683,57
2909,36,0.014183301995217334,0.0038013759985915385,0.02483811799902469,59
2910,36,0.014396030004718341,0.003815149000729434,0.02442746800079476,61
2911,36,0.013497775005816948,0.0038065650005592033,0.02492102899850579,63
2912,36,0.01353755900345277,0.0038598150058533065,0.025043803005246446,65
2913,36,0.01390392699977383,0.0038341140025295317,0.02480936599749839,67
2914,36,0.01353009099693736,0.0038324510023812763,0.02495442800136516,69
2915,36,0.013631075002194848,0.005447073999675922,0.027264714997727424,71
2916,36,0.013538516002881806,0.005441600005724467,0.027557673995033838,73
2917,36,0.014097232000494841,0.005444417001854163,0.027323096997861285,75
2918,36,0.013559361999796238,0.005460952997964341,0.02751844999875175,77
2919,36,0.01356576599937398,0.005432994999864604,0.027099719998659566,79
2920,36,0.015343115999712609,0.004639165003027301,0.024590265995357186,81
2921,36,0.01559321400418412,0.00459774900082266,0.02502137400006177,83
2922,36,0.015321878003305756,0.004583937996358145,0.02468681200116407,85
2923,36,0.01538948399684159,0.004548208002233878,0.024930460000177845,87
2924,36,0.015439927999977954,0.004597151004418265,0.02465317399764899,89
2925,36,0.015661894998629577,0.004555947998596821,0.02586980599880917,91
2926,36,0.015256267004588153,0.004568910000671167,0.024988880002638325,93
2927,36,0.015971474997058976,0.004650481001590379,0.024875278999388684,95
2928,36,0.015507557996897958,0.004533321000053547,0.024751459997787606,97
2929,36,0.015745240001706406,0.0045511999996961094,0.025297727006545756,99
2930,36,0.015406323997012805,0.0038190120030776598,0.024743925001530442,101
2931,36,0.015499460001592524,0.0038315260026138276,0.02472389299509814,103
2932,36,0.015335181997215841,0.0037950889964122325,0.024809152004309,105
2933,36,0.015484447998460382,0.0038454870009445585,0.024930538005719427,107
2934,36,0.016035731001466047,0.003811102003965061,0.024592080000729766,109
2935,36,0.015357737996964715,0.0038280950029729865,0.024826056003803387,111
2936,36,0.015379662996565457,0.0039000140022835694,0.024905614998715464,113
2937,36,0.01535394300299231,0.0038358840029104613,0.024686030999873765,115
2938,36,0.015599065998685546,0.0038518500005011447,0.024779815998044796,117
2939,36,0.016080739995231852,0.0038140919932629913,0.025286054995376617,119
2940,36,0.013585740998678375,0.004598381005052943,0.025184070000250358,121
2941,36,0.013972961001854856,0.004554849001578987,0.024864084996806923,123
2942,36,0.013520351996703539,0.004577230996801518,0.02444487900356762,125
2943,36,0.013539306004531682,0.004553319995466154,0.024473789002513513,127
2944,36,0.013565920002292842,0.004558041000564117,0.02443108899751678,129
2945,36,0.013522725996153895,0.004562825997709297,0.024625409998407122,131
2946,36,0.013507761999790091,0.004706458006694447,0.024586337996879593,133
2947,36,0.01399894699716242,0.004555742998491041,0.024513448996003717,135
2948,36,0.013507763003872242,0.004559779001283459,0.025272958999266848,137
2949,36,0.013555468001868576,0.004539822999504395,0.025027254996530246,139
2950,36,0.013581250001152512,0.006021508997946512,0.027150023997819517,141
2951,36,0.013563542001065798,0.006074878001527395,0.027320227003656328,143
2952,36,0.013643190999573562,0.006014195998432115,0.028485905997513328,145
2953,36,0.013532315999327693,0.006018476000463124,0.027445027000794653,147
2954,36,0.013636558993312065,0.0060588850028580055,0.02771109700552188,149
2955,36,0.014020515998709016,0.006015872000716627,0.02858859000116354,151
2956,36,0.013568497997766826,0.006004027993185446,0.02709298500121804,153
2957,36,0.013521045999368653,0.006002159003401175,0.027359444997273386,155
2958,36,0.014130256997304969,0.006022110996127594,0.027059084000939038,157
2959,36,0.013664051999512594,0.006041508000635076,0.02730567399703432,159
2960,37,0.01547396899695741,0.0046172720030881464,0.025457001000177115,1
2961,37,0.015493838000111282,0.004556182997475844,0.024701645997993182,3
2962,37,0.015488621000258718,0.0038132620029500686,0.024677362001966685,5
2963,37,0.015604231004545,0.003917850997822825,0.02491843399911886,7
2964,37,0.015770559999509715,0.00384855100128334,0.024811375995341223,9
2965,37,0.015424915996845812,0.0038602330023422837,0.024440296001557726,11
2966,37,0.01564963399869157,0.003796453995164484,0.024455415994452778,13
2967,37,0.015644364997569937,0.004568146003293805,0.024535511998692527,15
2968,37,0.015301804996852297,0.003099797999311704,0.024519147002138197,17
2969,37,0.015865583998674992,0.004558284999802709,0.024672096995345782,19
2970,37,0.015734527994936798,0.003826403000857681,0.024558523997256998,21
2971,37,0.015229119002469815,0.0038073260002420284,0.024398756002483424,23
2972,37,0.015620028003468178,0.00470250299986219,0.024917506001656875,25
2973,37,0.01577468500181567,0.0030747310011065565,0.024673325002368074,27
2974,37,0.015330160000303295,0.0050371210018056445,0.024875050999980886,29
2975,37,0.016087894997326657,0.0038119300006655976,0.02502056199591607,31
2976,37,0.015426382000441663,0.0038381940030376427,0.027269569000054616,33
2977,37,0.0158686850045342,0.0038304609988699667,0.02714041600120254,35
2978,37,0.015363657999841962,0.0038425199963967316,0.027439409001090098,37
2979,37,0.01569021899922518,0.0037887899961788207,0.02720730000146432,39
2980,37,0.013648945998284034,0.0038320130042848177,0.024849863002600614,41
2981,37,0.01360062100138748,0.003044012002646923,0.024923834003857337,43
2982,37,0.013558168997406028,0.003833347996987868,0.024509289003617596,45
2983,37,0.01411133499641437,0.00425284200173337,0.02465351700084284,47
2984,37,0.013993982996908017,0.0038057110068621114,0.024554290001105983,49
2985,37,0.013556624006014317,0.005059700000856537,0.02457669000432361,51
2986,37,0.013743756004259922,0.0038252099984674715,0.02464033799333265,53
2987,37,0.014048422002815641,0.0039593879992025904,0.02446831900306279,55
2988,37,0.013719768001465127,0.0041376109948032536,0.02449320199957583,57
2989,37,0.013681808995897882,0.0038419810007326305,0.025151812995318323,59
2990,37,0.013623740000184625,0.004253161998349242,0.024733420003030915,61
2991,37,0.013957729002868291,0.003931881998141762,0.02514255499409046,63
2992,37,0.014123018001555465,0.004224847005389165,0.02466017300321255,65
2993,37,0.013707152000279166,0.0038332170006469823,0.024640101997647434,67
2994,37,0.013676674003363587,0.003828777000308037,0.024866027000825852,69
2995,37,0.013637105999805499,0.0054398239954025485,0.02741728999535553,71
2996,37,0.013832411001203582,0.005413901002611965,0.027470428998640273,73
2997,37,0.013741976996243466,0.005408190998423379,0.02752899099868955,75
2998,37,0.013748794001003262,0.0054313529981300235,0.027446767999208532,77
2999,37,0.013801900000544265,0.005471876000228804,0.027466303996334318,79
3000,37,0.01425452200055588,0.003844970000500325,0.02475734600011492,81
3001,37,0.013754254003288224,0.00385445800202433,0.02478821099794004,83
3002,37,0.013754617000813596,0.0038863709996803664,0.024808278001728468,85
3003,37,0.01374999899417162,0.0039007430023048073,0.025302134003140964,87
3004,37,0.01371135800582124,0.0038526130010723136,0.02515825799491722,89
3005,37,0.01371774700237438,0.003848329004540574,0.025060649000806734,91
3006,37,0.013729730002523866,0.0038395020019379444,0.02470784400065895,93
3007,37,0.014011370003572665,0.0038736770002287813,0.024576071002229583,95
3008,37,0.013605717002064921,0.003833647999272216,0.025853041996015236,97
3009,37,0.013515993996406905,0.003834207003819756,0.024786360998405144,99
3010,37,0.013541432999772951,0.004546862001006957,0.02475699300703127,101
3011,37,0.013481070003763307,0.00452365600358462,0.024408249999396503,103
3012,37,0.013440613998682238,0.004550263998680748,0.024416694999672472,105
3013,37,0.013574839998909738,0.004559799999697134,0.02480812100111507,107
3014,37,0.013670415995875373,0.004592067998601124,0.02449966099811718,109
3015,37,0.013619471996207722,0.004541139998764265,0.024662671006808523,111
3016,37,0.01350766600080533,0.0045403670010273345,0.02496425199933583,113
3017,37,0.013579532998846844,0.00454423000337556,0.025273244005802553,115
3018,37,0.013897969998652115,0.00454556100157788,0.024893577996408567,117
3019,37,0.013622394006233662,0.00456710800062865,0.024733095997362398,119
3020,37,0.016004963996238075,0.0038416449970100075,0.024288591004733462,121
3021,37,0.01527263499883702,0.0038152199995238334,0.024838678000378422,123
3022,37,0.015238911000778899,0.0038261180015979335,0.0246147599973483,125
3023,37,0.01530962800461566,0.0038582259949180298,0.024766752001596615,127
3024,37,0.015227482996124309,0.0038074260010034777,0.024569802997575607,129
3025,37,0.015321441998821683,0.0038576980005018413,0.02476343799935421,131
3026,37,0.015277487000275869,0.0038448420018539764,0.024665577999257948,133
3027,37,0.015341906997491606,0.0038370690017472953,0.024863393999112304,135
3028,37,0.015303300999221392,0.003835670999251306,0.02416762400389416,137
3029,37,0.015317356999730691,0.003809231006016489,0.024503786997229327,139
3030,37,0.015424167999299243,0.0052853559973300435,0.0270714720027172,141
3031,37,0.015858498998568393,0.005313298002874944,0.02711535800335696,143
3032,37,0.015368000997113995,0.005251415001112036,0.02713522499834653,145
3033,37,0.015381432000140194,0.005272556998534128,0.04122442699735984,147
3034,37,0.01575144000526052,0.005311022003297694,0.02708342900587013,149
3035,37,0.015386676997877657,0.005296914001519326,0.0270692379999673,151
3036,37,0.016806726998765953,0.005543753002712037,0.027430522997747175,153
3037,37,0.015303768996091094,0.005385727999964729,0.030946924001909792,155
3038,37,0.015302456005883869,0.0053663700018660165,0.027674630997353233,157
3039,37,0.015549732997897081,0.005378869995183777,0.026866400003200397,159
3040,38,0.015319721002015285,0.0038206710014492273,0.025293664999480825,1
3041,38,0.015367405998404138,0.0038461839940282516,0.02566705899516819,3
3042,38,0.01563999999780208,0.003840167002636008,0.024737774998357054,5
3043,38,0.015272224001819268,0.003829157998552546,0.025026764000358526,7
3044,38,0.0158414260004065,0.0038333620032062754,0.02478213200083701,9
3045,38,0.015294700002414174,0.003807101005804725,0.02453166699706344,11
3046,38,0.015510757002630271,0.0038075580014265142,0.025274847001128364,13
3047,38,0.015281971005606465,0.004032421995361801,0.02485109700501198,15
3048,38,0.015360051002062391,0.004382276005344465,0.024732069003221113,17
3049,38,0.015841905995330308,0.003846840998448897,0.024673845000506844,19
3050,38,0.015576654004689772,0.0038843860020278953,0.0247600840011728,21
3051,38,0.015357924996351358,0.004602141001669224,0.024366263998672366,23
3052,38,0.015593609998177271,0.0038446559992735274,0.02461924999806797,25
3053,38,0.015649976005079225,0.004558113003440667,0.024312533998454455,27
3054,38,0.01527846600220073,0.003854320995742455,0.0275477850009338,29
3055,38,0.015478386005270295,0.0045666029982385226,0.026995993001037277,31
3056,38,0.015922936996503267,0.004550648001895752,0.02788075499847764,33
3057,38,0.015499492001254112,0.004589928001223598,0.02770719899854157,35
3058,38,0.01530654100497486,0.004558720997010823,0.027348891999281477,37
3059,38,0.01529304599534953,0.0045409469967125915,0.027453398004581686,39
3060,38,0.011800309999671299,0.003834798000752926,0.02449967999564251,41
3061,38,0.011818519997177646,0.0038528959994437173,0.02459766299580224,43
3062,38,0.011789228999987245,0.003843639002298005,0.02463262000674149,45
3063,38,0.012077109000529163,0.0038167069942574017,0.024430997000308707,47
3064,38,0.011933566005609464,0.0038596099984715693,0.024647960999573115,49
3065,38,0.012071498997102026,0.003820772995823063,0.024808240996208042,51
3066,38,0.01184981300320942,0.0038192900028661825,0.024731296995014418,53
3067,38,0.012114254997868557,0.003854818998661358,0.02453665299981367,55
3068,38,0.011978333001025021,0.003849581000395119,0.02469863399892347,57
3069,38,0.011895700998138636,0.0038506670025526546,0.024748997995629907,59
3070,38,0.011882218001119327,0.00384997199580539,0.024647885002195835,61
3071,38,0.011872522998601198,0.0038727089995518327,0.02507062000222504,63
3072,38,0.011965516998316161,0.003853818001516629,0.024994465995405335,65
3073,38,0.01192631999583682,0.003852519999782089,0.024647625999932643,67
3074,38,0.012126830995839555,0.003882568002154585,0.024763649998931214,69
3075,38,0.011885343999892939,0.005512005998753011,0.027541153998754453,71
3076,38,0.011865737003972754,0.005466162001539487,0.027494153997395188,73
3077,38,0.012055670005793218,0.005571548994339537,0.027386385001591407,75
3078,38,0.012129918999562506,0.00569720400380902,0.028000755999528337,77
3079,38,0.011883454993949272,0.0059474650042830035,0.027587074000621215,79
3080,38,0.013660106000315864,0.003848912994726561,0.02482093199796509,81
3081,38,0.013587681998615153,0.003848199005005881,0.02488273600465618,83
3082,38,0.013763361996097956,0.0037857809948036447,0.024653410000610165,85
3083,38,0.013408508995780721,0.0038157000017235987,0.024383119998674374,87
3084,38,0.013442925999697763,0.003790900002059061,0.02442603999952553,89
3085,38,0.013578755999333225,0.0038399369950639084,0.024536396995245013,91
3086,38,0.014124507004453335,0.003812984999967739,0.025006456002302002,93
3087,38,0.013708025995583739,0.003851206995022949,0.02539271500427276,95
3088,38,0.014096881001023576,0.0030816250000498258,0.024879062999389134,97
3089,38,0.013661459997820202,0.003099072004260961,0.024613932000647765,99
3090,38,0.013764707997324876,0.004591589000483509,0.024787387003016192,101
3091,38,0.014168667999911122,0.004586754999763798,0.025221416995918844,103
3092,38,0.01373768200573977,0.004550670004391577,0.02502330700372113,105
3093,38,0.013587886998720933,0.0045253479984239675,0.025087408001127187,107
3094,38,0.01384990499354899,0.004535812004178297,0.02455707600165624,109
3095,38,0.013580197999544907,0.004552828002488241,0.024661037998157553,111
3096,38,0.013693868000700604,0.004724688005808275,0.024647377998917364,113
3097,38,0.013690505998965818,0.004600362000928726,0.024774125005933456,115
3098,38,0.014099713996984065,0.004580087996146176,0.024464685993734747,117
3099,38,0.013702522999665234,0.004571243000100367,0.024810123999486677,119
3100,38,0.015409435996843968,0.0031069500037119724,0.02547745299671078,121
3101,38,0.015454642998520285,0.003109145000053104,0.02533681500062812,123
3102,38,0.015380019998701755,0.0031024080017232336,0.0248679770011222,125
3103,38,0.015908696004771627,0.0031120339990593493,0.024584008002420887,127
3104,38,0.015680655000323895,0.003114914994512219,0.02457073899859097,129
3105,38,0.015427110003656708,0.0031391380034619942,0.02445146700483747,131
3106,38,0.01581865699699847,0.003135864004434552,0.025456281000515446,133
3107,38,0.016042379997088574,0.003112159000011161,0.024284580002131406,135
3108,38,0.016456279998237733,0.0030904060040484183,0.024612734996480867,137
3109,38,0.015240517997881398,0.003091758000664413,0.024281876998429652,139
3110,38,0.015825520997168496,0.005334443005267531,0.027588422999542672,141
3111,38,0.01529459199809935,0.005406795004091691,0.02784886900190031,143
3112,38,0.015424338998855092,0.00527559300098801,0.02769055200042203,145
3113,38,0.015253368001140188,0.005273440001474228,0.03543403599906014,147
3114,38,0.01585502899979474,0.005347106001863722,0.028147024000645615,149
3115,38,0.015596389006532263,0.0039222139967023395,0.02708379599789623,151
3116,38,0.015533563004282769,0.0052985419970355,0.026886239000305068,153
3117,38,0.01517772000079276,0.005261143000097945,0.02726442200219026,155
3118,38,0.01523399700090522,0.005247036002401728,0.027154362003784627,157
3119,38,0.015288750997569878,0.00529876599466661,0.026844767002330627,159
3120,39,0.015813946003618184,0.0038593260032939725,0.030999198999779765,1
3121,39,0.01564325999788707,0.0038310920062940568,0.024552711001888383,3
3122,39,0.015190787002211437,0.0031019989983178675,0.024463211993861478,5
3123,39,0.016064907002146356,0.004769127001054585,0.024906874998123385,7
3124,39,0.015302434003388043,0.003973708997364156,0.024952974999905564,9
3125,39,0.015298619000532199,0.003785644003073685,0.025007890006236266,11
3126,39,0.01546756700554397,0.003782756997679826,0.024442447000183165,13
3127,39,0.01571278199844528,0.004062706000695471,0.025740356999449432,15
3128,39,0.015697044000262395,0.0038109859960968606,0.025380495004355907,17
3129,39,0.015318313999159727,0.005085873002826702,0.024746769995545037,19
3130,39,0.015429219994985033,0.00381340499734506,0.0255177789949812,21
3131,39,0.015264923000358976,0.003830948000540957,0.024562373000662774,23
3132,39,0.015463012001418974,0.0038268599964794703,0.027098866004962474,25
3133,39,0.015793439000844955,0.003818104996753391,0.027037738997023553,27
3134,39,0.01594968599965796,0.003889364001224749,0.026923501005512662,29
3135,39,0.016498599004989956,0.00457298200490186,0.02705597299791407,31
3136,39,0.015254397003445774,0.0038322539985529147,0.02656107999791857,33
3137,39,0.015694415000325534,0.004561057998216711,0.027902276000531856,35
3138,39,0.015455896005732939,0.003838476004602853,0.02789782200125046,37
3139,39,0.015300012004445307,0.003864461999910418,0.027483116995426826,39
3140,39,0.013737282002693973,0.003853704998618923,0.025045903996215202,41
3141,39,0.01366680900537176,0.0038502110037370585,0.024628122002468444,43
3142,39,0.01351794400397921,0.0038368449968402274,0.02492805299698375,45
3143,39,0.013566608999099117,0.0038294630066957325,0.03991913500067312,47
3144,39,0.013492525002220646,0.0038486519988509826,0.024745113994868007,49
3145,39,0.013577573001384735,0.0038370690017472953,0.025174816000799183,51
3146,39,0.01351549999526469,0.0038318869992508553,0.024664357006258797,53
3147,39,0.013579986996774096,0.003811542999756057,0.024546241998905316,55
3148,39,0.013559270999394357,0.003829068999039009,0.024933262000558898,57
3149,39,0.01354548900417285,0.003847530999337323,0.024765021000348497,59
3150,39,0.013549809002142865,0.003829308996500913,0.02468550000048708,61
3151,39,0.013557302998378873,0.0038316409991239198,0.02463595000153873,63
3152,39,0.013704002994927578,0.0038430819986388087,0.02519124199898215,65
3153,39,0.013447495999571402,0.003835403003904503,0.02458509700227296,67
3154,39,0.013436404995445628,0.0038047759953769855,0.024501237996446434,69
3155,39,0.013505101000191644,0.007064714998705313,0.027181122000911273,71
3156,39,0.013601481994555797,0.007078801005263813,0.027661438994982745,73
3157,39,0.013569805996667128,0.007033487003354821,0.0277470680011902,75
3158,39,0.01659073799964972,0.007172985999204684,0.027770100001362152,77
3159,39,0.013581023005826864,0.007042797995381989,0.02724653000041144,79
3160,39,0.015287991998775396,0.0038450489955721423,0.027827905003505293,81
3161,39,0.015582621999783441,0.0038305100024444982,0.027857629000209272,83
3162,39,0.015337434997491073,0.0038441919969045557,0.02774512600444723,85
3163,39,0.015663443999073934,0.0038293670004350133,0.027236386005824897,87
3164,39,0.0152277269953629,0.0038279149957816117,0.02691554399643792,89
3165,39,0.015377750001789536,0.003846193998469971,0.024373397005547304,91
3166,39,0.015898305005976,0.003800677994149737,0.024985038995509967,93
3167,39,0.015768141995067708,0.0037968000033288263,0.027013595004973467,95
3168,39,0.01585181699920213,0.0038217230030568317,0.027392023002903443,97
3169,39,0.015332980998209678,0.00384054899768671,0.027085985995654482,99
3170,39,0.015484363997529726,0.005239124999206979,0.024388820995227434,101
3171,39,0.015309271999285556,0.005256782002106775,0.024874681999790482,103
3172,39,0.0153651410000748,0.005305819999193773,0.024817170000460465,105
3173,39,0.01530490400182316,0.005343567994714249,0.024599689997558016,107
3174,39,0.0153124190037488,0.005358777998480946,0.02445779900153866,109
3175,39,0.015342496000812389,0.0053078459968674,0.02443050800502533,111
3176,39,0.015403407996927854,0.00528607600426767,0.024980943999253213,113
3177,39,0.01521409099950688,0.0053073010058142245,0.024648517995956354,115
3178,39,0.015223394002532586,0.005276381001749542,0.024509198003215715,117
3179,39,0.015552641998510808,0.005268330001854338,0.02455321500019636,119
3180,39,0.013517928004148416,0.003828685999906156,0.02463418299885234,121
3181,39,0.013634085000376217,0.003804793996096123,0.024610587999632116,123
3182,39,0.01378316499904031,0.0038103710030554794,0.024567077001847792,125
3183,39,0.013507704999938142,0.0038036749974708073,0.024595835006039124,127
3184,39,0.013585792999947444,0.0038387430031434633,0.02491226799611468,129
3185,39,0.013573044998338446,0.003944937001506332,0.02498179200483719,131
3186,39,0.013624608996906318,0.0037798289995407686,0.02476793400273891,133
3187,39,0.0135277200024575,0.003835743998934049,0.02456689899554476,135
3188,39,0.013455631997203454,0.0038105580024421215,0.024845146996085532,137
3189,39,0.013918715005274862,0.0038239470013650134,0.024321237004187424,139
3190,39,0.01598231800016947,0.006207047998032067,0.02712751999933971,141
3191,39,0.013764654999249615,0.0061451690053218044,0.027763980004237965,143
3192,39,0.01355746899935184,0.006011618999764323,0.02770317200338468,145
3193,39,0.01344534400413977,0.006008807999023702,0.027301100999466144,147
3194,39,0.013414311004453339,0.005999556997267064,0.027774347996455617,149
3195,39,0.013528839001082815,0.006020667999109719,0.027247172001807485,151
3196,39,0.0135665150010027,0.00604611900052987,0.02708928799984278,153
3197,39,0.014181938000547234,0.006002747999446001,0.02706972500163829,155
3198,39,0.013479240995366126,0.00599374900048133,0.0279216830022051,157
3199,39,0.01377232899540104,0.00598432999686338,0.02751288199942792,159
3200,40,0.015483039001992438,0.003839140001218766,0.025202481003361754,1
3201,40,0.016035729000577703,0.0040845240000635386,0.02467449699906865,3
3202,40,0.01571870400221087,0.0038363310013664886,0.02488432399695739,5
3203,40,0.015829887001018506,0.003874343994539231,0.02489732499816455,7
3204,40,0.015622045000782236,0.0038181569980224594,0.02534750199993141,9
3205,40,0.015325706997828092,0.0038255730032688007,0.024576630996307358,11
3206,40,0.015515516999585088,0.0038480330040329136,0.02446011300344253,13
3207,40,0.015199187000689562,0.003823861996352207,0.02482148099807091,15
3208,40,0.016204462001041975,0.0038137259980430827,0.024897114002669696,17
3209,40,0.01551472600112902,0.0038389649998862296,0.02472928100178251,19
3210,40,0.016265562000626232,0.004601918000844307,0.024851802001649048,21
3211,40,0.016216111005633138,0.0038968440057942644,0.024825966997013893,23
3212,40,0.015408008999656886,0.004555626001092605,0.024647940997965634,25
3213,40,0.015303346997825429,0.004556337997200899,0.024766043003182858,27
3214,40,0.015231760000460781,0.004562326997984201,0.024613904002762865,29
3215,40,0.0153350100008538,0.004645663000701461,0.024288920998515096,31
3216,40,0.01519914800155675,0.0038829769982839935,0.02501943300012499,33
3217,40,0.01525264800147852,0.0038186169986147434,0.0256939879982383,35
3218,40,0.015063227001519408,0.003797657001996413,0.03448743699846091,37
3219,40,0.015267425005731639,0.0038407870015362278,0.02442001899908064,39
3220,40,0.013676982998731546,0.0038461029980680905,0.0277189839980565,41
3221,40,0.013609064000775106,0.003837243995803874,0.02716564099682728,43
3222,40,0.013431938998110127,0.0038503449977724813,0.027276051994704176,45
3223,40,0.013868588001059834,0.003852950998407323,0.027567454999370966,47
3224,40,0.013590613998530898,0.0038496130000567064,0.027139830999658443,49
3225,40,0.013525761001801584,0.003850348002742976,0.027029903001675848,51
3226,40,0.013510081997083034,0.003947844001231715,0.02937519499391783,53
3227,40,0.013981188996694982,0.003850075001537334,0.02799268500530161,55
3228,40,0.014133486998616718,0.0038405779996537603,0.026918759002001025,57
3229,40,0.013570726994657889,0.0038246710028033704,0.027538127003936097,59
3230,40,0.013923605001764372,0.0037974070000927895,0.027039834996685386,61
3231,40,0.013555527999415062,0.00308062100521056,0.026856037002289668,63
3232,40,0.013500699002179317,0.003801005004788749,0.02721978699992178,65
3233,40,0.01393652399565326,0.0037976009989506565,0.02710821499931626,67
3234,40,0.013644867001858074,0.0037962120040901937,0.027615227998467162,69
3235,40,0.013545262001571245,0.00540733800153248,0.027004573996237013,71
3236,40,0.014085909999266732,0.005439726002805401,0.02715895699657267,73
3237,40,0.013688319995708298,0.005429827004263643,0.02706735399988247,75
3238,40,0.013613414994324557,0.005532415001653135,0.02777694700489519,77
3239,40,0.013602732004073914,0.005500363004102837,0.027242254000157118,79
3240,40,0.015495594998355955,0.004643426000257023,0.025004155999340583,81
3241,40,0.015418678005516995,0.0045974949971423484,0.024710812002012972,83
3242,40,0.015518109998083673,0.004611846001353115,0.024702119997527916,85
3243,40,0.015838708997762296,0.004594681995513383,0.02552491299866233,87
3244,40,0.01601927499723388,0.004880470994976349,0.025038295003469102,89
3245,40,0.015761060996737797,0.003985451003245544,0.025297325999417808,91
3246,40,0.015576742000121158,0.004616063997673336,0.025265117998060305,93
3247,40,0.015428721002535895,0.004608422997989692,0.024958360998425633,95
3248,40,0.015438353999343235,0.0038713979956810363,0.02461531900189584,97
3249,40,0.015384961996460333,0.004609599003742915,0.024711758000194095,99
3250,40,0.015332652001234237,0.0038519779991474934,0.02729332599847112,101
3251,40,0.015499807996093296,0.004005167000286747,0.027635644997644704,103
3252,40,0.015853475997573696,0.00464989899774082,0.026864489002036862,105
3253,40,0.015237570005410817,0.003074708001804538,0.027619649001280777,107
3254,40,0.015289055998437107,0.0031197249991237186,0.027016874999389984,109
3255,40,0.015481370995985344,0.0039645240030949935,0.02689658400049666,111
3256,40,0.015357743002823554,0.003126494004391134,0.026958294001815375,113
3257,40,0.015746716999274213,0.0031033190025482327,0.026878554999711923,115
3258,40,0.01606120599899441,0.0031289510006899945,0.0269786450007814,117
3259,40,0.015466882003238425,0.0031223559999489225,0.02700300199649064,119
3260,40,0.015355620002083015,0.0030978149952716194,0.0254845630042837,121
3261,40,0.015803581998625305,0.0031156810000538826,0.024766465001448523,123
3262,40,0.015832926001166925,0.0030904770028428175,0.024468340998282656,125
3263,40,0.015665735998481978,0.0031360180000774562,0.024657998998009134,127
3264,40,0.015482206996239256,0.0031601650043739937,0.024622898003144655,129
3265,40,0.015402612996695098,0.0031065829971339554,0.024664769000082742,131
3266,40,0.015412853004818317,0.003100109999650158,0.025249888996768277,133
3267,40,0.015443068004969973,0.0030980260053183883,0.025331062002805993,135
3268,40,0.015413207998790313,0.0031228259977069683,0.024327638995600864,137
3269,40,0.016024903001380153,0.0030824240020592697,0.02453768899431452,139
3270,40,0.01537091399950441,0.0060424840048654005,0.026871499001572374,141
3271,40,0.015437486996233929,0.006011404999298975,0.028075023998098914,143
3272,40,0.015832849996513687,0.00605838999763364,0.0272070770006394,145
3273,40,0.01540849699813407,0.006038359002559446,0.027117573998111766,147
3274,40,0.015910225003608502,0.006160886994621251,0.02807971800211817,149
3275,40,0.015551324999250937,0.0061017000043648295,0.027394623997679446,151
3276,40,0.015464266994968057,0.0061037960040266626,0.02760484100144822,153
3277,40,0.015439652997883968,0.006052279997675214,0.027315557999827433,155
3278,40,0.015313027004594915,0.006076390003727283,0.026980226000887342,157
3279,40,0.015340074998675846,0.00604152400046587,0.027177108997420873,159
3280,41,0.015576101999613456,0.0038707709973095916,0.025490354004432447,1
3281,41,0.015390846005175263,0.003813593000813853,0.024600925004051533,3
3282,41,0.01591022800130304,0.003874907000863459,0.025730907000252046,5
3283,41,0.016651157995511312,0.003876046001096256,0.024589902997831814,7
3284,41,0.015550345000519883,0.00312928699713666,0.024911715001508128,9
3285,41,0.01548133700271137,0.0038141999975778162,0.025470417000178713,11
3286,41,0.015456277003977448,0.0038466089972644113,0.024678631998540368,13
3287,41,0.015454956999747083,0.0038527789947693236,0.02488184300455032,15
3288,41,0.015500305002206005,0.005107633005536627,0.02504511300503509,17
3289,41,0.015576240999507718,0.004141329998674337,0.02483815599407535,19
3290,41,0.01572568000119645,0.004132851005124394,0.025137318996712565,21
3291,41,0.015309059999708552,0.003135908998956438,0.02449589300522348,23
3292,41,0.015314968004531693,0.0038864849993842654,0.0272142459944007,25
3293,41,0.01539408900134731,0.003101366004557349,0.027524454999365844,27
3294,41,0.015500922003411688,0.0038163780045579188,0.0273740659977193,29
3295,41,0.015508103002503049,0.00463406799826771,0.027151759000844322,31
3296,41,0.015396369999507442,0.004538686996966135,0.027457767995656468,33
3297,41,0.015425369994773064,0.004567210999084637,0.027412639996327925,35
3298,41,0.015614405994710978,0.004557387001113966,0.02743277799891075,37
3299,41,0.015606900997227058,0.004620116000296548,0.026844246000109706,39
3300,41,0.011843480002426077,0.0046106000008876435,0.02506942600302864,41
3301,41,0.012834017994464375,0.004801381001016125,0.026565600994217675,43
3302,41,0.012016508997476194,0.0045736639949609526,0.024795889999950305,45
3303,41,0.01200369700381998,0.004556291998596862,0.025159074997645803,47
3304,41,0.011850810995383654,0.00457319099950837,0.02489642900036415,49
3305,41,0.011878789999173023,0.004644367996661458,0.02452898600313347,51
3306,41,0.011795336002251133,0.004539084999123588,0.024867592001101002,53
3307,41,0.011777252002502792,0.004548164004518185,0.02466809199540876,55
3308,41,0.01180678100354271,0.004549131001112983,0.0246988959988812,57
3309,41,0.011866695000207983,0.004599615000188351,0.025075437995838,59
3310,41,0.011868561996379867,0.0046286389988381416,0.025144924999040086,61
3311,41,0.012500894998083822,0.004585151000355836,0.02495112099859398,63
3312,41,0.011763116999645717,0.004540274996543303,0.024980679001600947,65
3313,41,0.011653740002657287,0.004533603998424951,0.024777951002761256,67
3314,41,0.01194988600036595,0.004702395999629516,0.024760004998825025,69
3315,41,0.011737631997675635,0.005452680001326371,0.02727382200100692,71
3316,41,0.011727869001333602,0.005436667997855693,0.02708194500155514,73
3317,41,0.011774965001677629,0.005432546000520233,0.027050798998971004,75
3318,41,0.012070076998497825,0.005441289002192207,0.026980101996741723,77
3319,41,0.011722057999577373,0.005428712996945251,0.027035069004341494,79
3320,41,0.015221871006360743,0.0031152540032053366,0.025033940000867005,81
3321,41,0.015171627994277515,0.003120125002169516,0.024722408001252916,83
3322,41,0.015106644998013508,0.0030920209974283352,0.024237543002527673,85
3323,41,0.015338353005063254,0.003075578002608381,0.024569696994149126,87
3324,41,0.015307870002288837,0.0030957439958001487,0.024579977005487308,89
3325,41,0.015258293999067973,0.0030588650042773224,0.024564110004575923,91
3326,41,0.015205267998680938,0.0030998209986137226,0.02453193000110332,93
3327,41,0.01569558199844323,0.00311764999787556,0.024380902003031224,95
3328,41,0.015192375001788605,0.0031055760046001524,0.02490315600152826,97
3329,41,0.01532962400233373,0.0031026809956529178,0.024733779995585792,99
3330,41,0.015215529005217832,0.0038240150024648756,0.024913282002671622,101
3331,41,0.015844458001083694,0.0045517640028265305,0.025083919004828203,103
3332,41,0.015219196000543889,0.00382667899975786,0.024856108997482806,105
3333,41,0.015605200002028141,0.0045846310022170655,0.025113119001616724,107
3334,41,0.01520954399893526,0.00454115700267721,0.024683661002200097,109
3335,41,0.016133725999679882,0.004542156995739788,0.024253051000414416,111
3336,41,0.015323288993386086,0.004541521004284732,0.02475716000481043,113
3337,41,0.01566152899613371,0.00457160800579004,0.02464044399675913,115
3338,41,0.015302662999602035,0.004541768998024054,0.024731226003495976,117
3339,41,0.01547855899843853,0.0045652210028492846,0.024586663996160496,119
3340,41,0.015488192002521828,0.003796664997935295,0.02486190900526708,121
3341,41,0.015490994999709073,0.003843600003165193,0.025056073995074257,123
3342,41,0.015618899000401143,0.003814007999608293,0.02457355899969116,125
3343,41,0.019103844999335706,0.0038722099998267367,0.024514427001122385,127
3344,41,0.015251796998200007,0.0038200999988475814,0.02475985499768285,129
3345,41,0.015303631000278983,0.0038117559961392544,0.024722968999412842,131
3346,41,0.01518284799385583,0.0037969969998812303,0.024752323995926417,133
3347,41,0.015344546001870185,0.003860706005070824,0.025034620994119905,135
3348,41,0.015357322998170275,0.00382125900068786,0.024506863999704365,137
3349,41,0.015677107003284618,0.003808512003161013,0.024505032000888605,139
3350,41,0.015554101999441627,0.0052844580059172586,0.02708523700130172,141
3351,41,0.01536081799713429,0.0052861609947285615,0.027187314997718204,143
3352,41,0.015249830001266673,0.005301572004100308,0.027125780994538218,145
3353,41,0.015220982000755612,0.005293315000017174,0.02722022099624155,147
3354,41,0.01532837800186826,0.0053010530027677305,0.02684549699915806,149
3355,41,0.015201353999145795,0.0052823369987891056,0.026988138000888284,151
3356,41,0.015687826002249494,0.003841133999230806,0.027951950003625825,153
3357,41,0.01590290899912361,0.00535080300323898,0.027128633999382146,155
3358,41,0.015315749995352235,0.005271936002827715,0.028038502001436427,157
3359,41,0.015460713002539705,0.005307620995154139,0.02758499999617925,159
3360,42,0.017223271999682765,0.0038712980021955445,0.025626827002270147,1
3361,42,0.017209343997819815,0.004577284002152737,0.024798478007141966,3
3362,42,0.017162937998364214,0.004562121001072228,0.02496460499969544,5
3363,42,0.01722573200095212,0.004552880003757309,0.02494792499783216,7
3364,42,0.017144167999504134,0.00457292400096776,0.02486769600363914,9
3365,42,0.017318509999313392,0.004603991001204122,0.024867887994332705,11
3366,42,0.017160595998575445,0.004592793993651867,0.02480616100365296,13
3367,42,0.017719848998240195,0.00473352600238286,0.02521923499443801,15
3368,42,0.017043066000042018,0.00452764899819158,0.024463440000545233,17
3369,42,0.017050693997589406,0.00456729900179198,0.024700469002709724,19
3370,42,0.020715464001114015,0.004570334996969905,0.038152913002704736,21
3371,42,0.017175063003378455,0.004547591997834388,0.02493009000318125,23
3372,42,0.017409549000149127,0.004533232997346204,0.02490054499503458,25
3373,42,0.020127425996179227,0.00464205499883974,0.024416184998699464,27
3374,42,0.01736019599775318,0.004548477001662832,0.024761975997535046,29
3375,42,0.01784348499495536,0.004541950002021622,0.02443279800354503,31
3376,42,0.017461440998886246,0.004573983002046589,0.025446913998166565,33
3377,42,0.017312201001914218,0.004593522993673105,0.024778320999757852,35
3378,42,0.017211001002578996,0.00465499100391753,0.024783861001196783,37
3379,42,0.016981476001092233,0.004540823996649124,0.02586163599335123,39
3380,42,0.012393263998092152,0.0031058889944688417,0.02433049600222148,41
3381,42,0.011804227004176937,0.003104321993305348,0.02544947899878025,43
3382,42,0.011844290995213669,0.003105815005255863,0.025016040999616962,45
3383,42,0.012342368005192839,0.00308498099911958,0.024695251995581202,47
3384,42,0.012370846001431346,0.0030827770024188794,0.02466197700414341,49
3385,42,0.011942552999244072,0.0031819119976717047,0.024498548998963088,51
3386,42,0.011944932004553266,0.0031121819993131794,0.02432103299361188,53
3387,42,0.012467446002119686,0.0031867549987509847,0.024285275998408906,55
3388,42,0.0118142240025918,0.0031695600046077743,0.025188583000272047,57
3389,42,0.011908594002306927,0.0031821430020499974,0.02475999199668877,59
3390,42,0.011704260999977123,0.0030944039972382598,0.02458167999429861,61
3391,42,0.011724205003702082,0.003173623998009134,0.024389168997004163,63
3392,42,0.011797465005656704,0.00309241399372695,0.025569422999978997,65
3393,42,0.012167813001724426,0.0030846380032016896,0.024689275000127964,67
3394,42,0.011762223002733663,0.0030726829936611466,0.024638786999275908,69
3395,42,0.011982923999312334,0.005451008000818547,0.027063346999057103,71
3396,42,0.01171432199771516,0.005440860004455317,0.028199006002978422,73
3397,42,0.01180273799400311,0.00542052999662701,0.027755161994718947,75
3398,42,0.01170670199644519,0.005440130000351928,0.02713569300249219,77
3399,42,0.012234106005053036,0.005401324997365009,0.027399247999710497,79
3400,42,0.015169295998930465,0.003083745999902021,0.025015546001668554,81
3401,42,0.015602007006236818,0.0030638910029665567,0.024512069998309016,83
3402,42,0.015240401000482962,0.003083445997617673,0.02443825600494165,85
3403,42,0.015326959000958595,0.003087944001890719,0.02487215199653292,87
3404,42,0.016544436002732255,0.00503469500108622,0.02478718000202207,89
3405,42,0.01585933699971065,0.0030909830020391382,0.024763207002251875,91
3406,42,0.015520688000833616,0.0030937240007915534,0.024477052997099236,93
3407,42,0.01551207800366683,0.003115275001619011,0.02502386500418652,95
3408,42,0.015461000002687797,0.0031244890051311813,0.024614664005639497,97
3409,42,0.015704573001130484,0.003099531000771094,0.02448759500111919,99
3410,42,0.015360614001110662,0.00460699600080261,0.02452867300598882,101
3411,42,0.015495343999646138,0.0046823230004520155,0.024863045997335576,103
3412,42,0.01541223400272429,0.004591379001794849,0.02500834500096971,105
3413,42,0.015899881000223104,0.0046364939989871345,0.024641869000333827,107
3414,42,0.0156329530000221,0.0046194870010367595,0.025386881003214512,109
3415,42,0.015401812001073267,0.004601583998010028,0.025088714995945338,111
3416,42,0.015380635995825287,0.00459539099392714,0.024633790002553724,113
3417,42,0.01555078700039303,0.004572951998852659,0.0251190150011098,115
3418,42,0.015538599000137765,0.004581336004775949,0.025550120997650083,117
3419,42,0.015510644996538758,0.004590908996760845,0.0247615339976619,119
3420,42,0.015596417004417162,0.0038559039967367426,0.025261934999434743,121
3421,42,0.01603363799949875,0.005099116999190301,0.02505097600078443,123
3422,42,0.015440035997016821,0.00398267200216651,0.025181533994327765,125
3423,42,0.015216825995594263,0.004512430001341272,0.024798956997983623,127
3424,42,0.015451897997991182,0.003830228997685481,0.02466787000594195,129
3425,42,0.015242153000144754,0.0038093819966888987,0.02478995300043607,131
3426,42,0.016228489999775775,0.0038246740004979074,0.024150805998942815,133
3427,42,0.015165782999247313,0.003078900001128204,0.024622072000056505,135
3428,42,0.015159535003476776,0.0038614339937339537,0.024169364995032083,137
3429,42,0.015134734996536281,0.00399156600178685,0.024766184003965463,139
3430,42,0.015159284994297195,0.005267592001473531,0.02759282099577831,141
3431,42,0.015165662996878382,0.005279516997688916,0.027452746995550115,143
3432,42,0.015184664000116754,0.005284443002892658,0.027119325997773558,145
3433,42,0.015149883001868147,0.0052983549976488575,0.02754357099911431,147
3434,42,0.015127220998692792,0.0052901249946444295,0.02817887499986682,149
3435,42,0.01551541800290579,0.005292612004268449,0.027449601999251172,151
3436,42,0.01532530600525206,0.005295921000652015,0.02788722900004359,153
3437,42,0.0154675430021598,0.005318629999237601,0.027151187001436483,155
3438,42,0.01590040400333237,0.005299499993270729,0.027092315001937095,157
3439,42,0.020231625996530056,0.005299012002069503,0.03513326300162589,159
3440,43,0.015409820000058971,0.0038557470033993013,0.032925667001109105,1
3441,43,0.015496938001888338,0.003077526002016384,0.02458280700375326,3
3442,43,0.01625809400138678,0.0031204170009004883,0.024691263999557123,5
3443,43,0.0157745190008427,0.003117792002740316,0.026898201002040878,7
3444,43,0.015749247002531774,0.0030846750014461577,0.025081486004637554,9
3445,43,0.015683060002629645,0.0030921160068828613,0.024844311003107578,11
3446,43,0.015254472004016861,0.0031159189966274425,0.024413355000433512,13
3447,43,0.015203315997496247,0.0030948700004955754,0.02428551599587081,15
3448,43,0.015588482005114201,0.0038154720023158006,0.02424660699762171,17
3449,43,0.0160238950047642,0.0031017750006867573,0.024536035998607986,19
3450,43,0.015598576996126212,0.0038350870017893612,0.02475398599926848,21
3451,43,0.015328690002206713,0.0034073069982696325,0.024515919998520985,23
3452,43,0.015259870997397229,0.003798644000198692,0.0246810290045687,25
3453,43,0.015149852995818947,0.003790321003179997,0.024430326993751805,27
3454,43,0.015244310998241417,0.003824152998276986,0.024616312999569345,29
3455,43,0.015179672001977451,0.004605820999131538,0.024388686004385818,31
3456,43,0.015198888002487365,0.003819313998974394,0.026952412001264747,33
3457,43,0.01518262100580614,0.00379084099404281,0.02713875700283097,35
3458,43,0.01530620099947555,0.003849732005619444,0.026955909001117107,37
3459,43,0.015333269999246113,0.0038206930039450526,0.026941812997392844,39
3460,43,0.01377180899726227,0.003852282003208529,0.02458955699694343,41
3461,43,0.014503621001495048,0.003113530001428444,0.024954885004262906,43
3462,43,0.01349455500167096,0.003096863001701422,0.024270550995424856,45
3463,43,0.013475922001816798,0.0030699630005983636,0.024304206999659073,47
3464,43,0.01381480000418378,0.003094763000262901,0.024689453006430995,49
3465,43,0.01353342099901056,0.003118671003903728,0.024980572998174466,51
3466,43,0.01349169099557912,0.003084282005147543,0.02474411400180543,53
3467,43,0.014679305997560732,0.003119432003586553,0.024583209000411443,55
3468,43,0.013583138999820221,0.003076585002418142,0.030246463997173123,57
3469,43,0.01357306200225139,0.003965599993534852,0.024295393995998893,59
3470,43,0.01412714699836215,0.0030765510018682107,0.024612933993921615,61
3471,43,0.013846606001607142,0.0030843509957776405,0.025042456996743567,63
3472,43,0.013647560997924302,0.0030718810012331232,0.02440334000129951,65
3473,43,0.013578331003373023,0.003103842005657498,0.02430337899568258,67
3474,43,0.013479474997438956,0.003108646000328008,0.024657663998368662,69
3475,43,0.013489053002558649,0.006155369999760296,0.0270754679950187,71
3476,43,0.013454316002025735,0.006105007996666245,0.02725232800003141,73
3477,43,0.013487856995197944,0.006151875000796281,0.027459308999823406,75
3478,43,0.013504779999493621,0.006173610003315844,0.02757293899776414,77
3479,43,0.013590596005087718,0.006226073994184844,0.02713437999773305,79
3480,43,0.015390332002425566,0.003107283999270294,0.025152816000627354,81
3481,43,0.01550115200370783,0.0030918080010451376,0.024343791003047954,83
3482,43,0.015213291997497436,0.003830214998743031,0.024205276000429876,85
3483,43,0.01551472600112902,0.0032689930012566037,0.024243841995485127,87
3484,43,0.015411580003274139,0.0030670339983771555,0.02441922300204169,89
3485,43,0.01529896300053224,0.003100529000221286,0.024342479999177158,91
3486,43,0.015380870005174074,0.00308374100131914,0.024287978994834702,93
3487,43,0.015363507001893595,0.0030865239968989044,0.024393006999162026,95
3488,43,0.015670504995796364,0.0030711049985256977,0.031755059004353825,97
3489,43,0.015149828002904542,0.0030948669955250807,0.02442136999889044,99
3490,43,0.015115519003302325,0.004622621003363747,0.02486741100437939,101
3491,43,0.015217617001326289,0.004560585999570321,0.0243782910038135,103
3492,43,0.015423024000483565,0.004621856001904234,0.024988668999867514,105
3493,43,0.015123472003324423,0.004531170998234302,0.02448870700027328,107
3494,43,0.015232078003464267,0.004527754004811868,0.024429067001619842,109
3495,43,0.015900991995295044,0.004730510998342652,0.02442927999800304,111
3496,43,0.01587109400134068,0.004592543999024201,0.024838903002091683,113
3497,43,0.015373053996881936,0.00454630399326561,0.02479618399956962,115
3498,43,0.015878634003456682,0.004536102998827118,0.024583770005847327,117
3499,43,0.016167474997928366,0.004555036997771822,0.025413478004338685,119
3500,43,0.015069713001139462,0.0031257810042006895,0.02462601099978201,121
3501,43,0.015137608999793883,0.004114841001864988,0.024763401997915935,123
3502,43,0.015297332996851765,0.003107588992861565,0.024556983000366017,125
3503,43,0.015212180995149538,0.0038149140018504113,0.024397301000135485,127
3504,43,0.015366583000286482,0.0031592689992976375,0.024910086998715997,129
3505,43,0.015748664001876023,0.003104996998445131,0.024389245998463593,131
3506,43,0.015386191997095011,0.0030764460025238805,0.024347279999346938,133
3507,43,0.015334745003201533,0.0030827859955024906,0.024793577002128586,135
3508,43,0.015323027000704315,0.0031185810003080405,0.02446441099891672,137
3509,43,0.01548025900410721,0.0030934120004530996,0.024529923000955023,139
3510,43,0.015260634005244356,0.0052521710022119805,0.026586138999846298,141
3511,43,0.015261499996995553,0.004526302000158466,0.026870189998589922,143
3512,43,0.015379620999738108,0.0053004500005044974,0.026960469003824983,145
3513,43,0.015697041002567858,0.005324014004145283,0.027462609999929555,147
3514,43,0.02134072499757167,0.005378456000471488,0.02734104000410298,149
3515,43,0.015902993000054266,0.0052683499961858615,0.027148024004418403,151
3516,43,0.015621125996403862,0.003798454999923706,0.027558408997720107,153
3517,43,0.015471989005163778,0.0053153140033828095,0.02707474399358034,155
3518,43,0.015262157998222392,0.005294909999065567,0.02683295000315411,157
3519,43,0.015227180003421381,0.0038077859935583547,0.026934995999909006,159
3520,44,0.013657766998221632,0.004919951003103051,0.025394853997568134,1
3521,44,0.013910940004279837,0.00381381600163877,0.029014923005888704,3
3522,44,0.014029578000190668,0.0038240689973463304,0.02429026299796533,5
3523,44,0.013439820999337826,0.0038289079966489226,0.024644085999170784,7
3524,44,0.013546549002057873,0.0038150319960550405,0.02439474999846425,9
3525,44,0.013442964998830575,0.0050670179989538155,0.024538754994864576,11
3526,44,0.013854981996701099,0.00309462400036864,0.024749117997998837,13
3527,44,0.013592844996310305,0.0031151869989116676,0.024352992004423868,15
3528,44,0.013566593996074516,0.0042482490025577135,0.024481508997268975,17
3529,44,0.013524916997994296,0.003841439996904228,0.024813140000333078,19
3530,44,0.014377088999026455,0.0038080049998825416,0.027328665993991308,21
3531,44,0.013511953002307564,0.0038411749992519617,0.024920158997701947,23
3532,44,0.013634465998620726,0.0031178200006252155,0.027115364995552227,25
3533,44,0.013578837999375537,0.0030730850048712455,0.032995081004628446,27
3534,44,0.01374367400421761,0.003838078999251593,0.02771154099900741,29
3535,44,0.013535270001739264,0.004571249999571592,0.027021234003768768,31
3536,44,0.014843912998912856,0.004602391003572848,0.027171113004442304,33
3537,44,0.013720144001126755,0.004527974997472484,0.027656573001877405,35
3538,44,0.0137874499996542,0.004562966998491902,0.03231310300179757,37
3539,44,0.013471910999214742,0.0045312880029086955,0.02671932100201957,39
3540,44,0.014262530996347778,0.003771916999539826,0.02694466100365389,41
3541,44,0.013700865994906053,0.003817290998995304,0.027574735999223776,43
3542,44,0.013613394999993034,0.0037888719962211326,0.02722384800290456,45
3543,44,0.01375539199943887,0.003812764996837359,0.027356787999451626,47
3544,44,0.013677893002750352,0.003831704998447094,0.027029693002987187,49
3545,44,0.013713701999222394,0.0038569190000998788,0.02728562599804718,51
3546,44,0.013749266996455844,0.0038099649973446503,0.03154875399923185,53
3547,44,0.01382454300619429,0.004075500997714698,0.027401107996411156,55
3548,44,0.013552680000429973,0.003922834002878517,0.027423736006312538,57
3549,44,0.013584959000581875,0.003819548001047224,0.02715979699860327,59
3550,44,0.0135237650029012,0.0038432380024460144,0.027436757998657413,61
3551,44,0.013519455002096947,0.0038284859983832575,0.02726423100102693,63
3552,44,0.013494269995135255,0.003856033996271435,0.027037240004574414,65
3553,44,0.013683333003427833,0.0038462289958260953,0.027133417999721132,67
3554,44,0.014216272997146007,0.0038155229995027184,0.02725900299992645,69
3555,44,0.013628021995828021,0.005462433997308835,0.027698279001924675,71
3556,44,0.013671741995494813,0.0054584130048169754,0.027548751997528598,73
3557,44,0.013601779995951802,0.005463349996716715,0.02714975900016725,75
3558,44,0.013611043999844696,0.005457471001136582,0.027109250004286878,77
3559,44,0.013570310002251063,0.005464615001983475,0.02703544300311478,79
3560,44,0.015374114998849109,0.00381328599905828,0.024535338998248335,81
3561,44,0.01566860399907455,0.0038561990004382096,0.02482495400181506,83
3562,44,0.015506593001191504,0.003839714998321142,0.025179346004733816,85
3563,44,0.015333279996411875,0.0038438479969045147,0.02443298299476737,87
3564,44,0.01532972400309518,0.003840673998638522,0.024597744006314315,89
3565,44,0.015556554004433565,0.0038551640027435496,0.02528780900320271,91
3566,44,0.015419237002788577,0.003832468995824456,0.024840238998876885,93
3567,44,0.015801959001692012,0.003841659003228415,0.02521687300031772,95
3568,44,0.015638390003005043,0.003864277998218313,0.024971454004116822,97
3569,44,0.01535922000039136,0.003832964001048822,0.024710034995223396,99
3570,44,0.015624591003870592,0.004563315000268631,0.02441480500419857,101
3571,44,0.015293369004211854,0.004587682000419591,0.024649161998240743,103
3572,44,0.015268009999999776,0.004578647000016645,0.024885658000130206,105
3573,44,0.015444981996552087,0.0045500460037146695,0.02456681400508387,107
3574,44,0.015608232002705336,0.004615144993294962,0.024539976002415642,109
3575,44,0.015421815995068755,0.004584244001307525,0.02526041599776363,111
3576,44,0.015394064001156949,0.004586547001963481,0.024901717995817307,113
3577,44,0.015997540998796467,0.004590067001117859,0.02445645799889462,115
3578,44,0.015392065004562028,0.004555532002996188,0.024517600002582185,117
3579,44,0.015310374001273885,0.004556776002573315,0.025058778999664355,119
3580,44,0.015434348002600018,0.0038516589993378147,0.024558960998547263,121
3581,44,0.015407721002702601,0.0038569210009882227,0.024606309001683258,123
3582,44,0.015808402000402566,0.003863459001877345,0.024755878999712877,125
3583,44,0.015349686997069512,0.0038503379983012564,0.024290901004860643,127
3584,44,0.015300470004149247,0.003875549002259504,0.024583860002167057,129
3585,44,0.015303173997381236,0.0038351559996954165,0.024676526001712773,131
3586,44,0.015338172001065686,0.0038513319959747605,0.024795580997306388,133
3587,44,0.015371246001450345,0.0038347859954228625,0.02469913999811979,135
3588,44,0.015341391001129523,0.003840858000330627,0.02519400999881327,137
3589,44,0.015287895999790635,0.0038542110050912015,0.024880971999664325,139
3590,44,0.015383614001621027,0.005284646998916287,0.027452176000224426,141
3591,44,0.015322423001634888,0.005281297999317758,0.02743595499487128,143
3592,44,0.015642933001799975,0.005355731998861302,0.02726888799952576,145
3593,44,0.015287936999811791,0.005287602994940244,0.02923040599853266,147
3594,44,0.015264544003002811,0.005518837002455257,0.026893868001934607,149
3595,44,0.01582984100241447,0.005281660000036936,0.02675301200360991,151
3596,44,0.015243278001435101,0.005753459001425654,0.026797377002367284,153
3597,44,0.015461918999790214,0.005330685002263635,0.02779894100240199,155
3598,44,0.015688526997109875,0.005280692996166181,0.028769090000423603,157
3599,44,0.015441055002156645,0.005282965998048894,0.02685823699721368,159
3600,45,0.01580264000222087,0.003836586001852993,0.026271684000676032,1
3601,45,0.015735321001557168,0.0037769210030091926,0.0253246569991461,3
3602,45,0.015430596999067347,0.004121477002627216,0.024792622003587894,5
3603,45,0.015395121001347434,0.003859883996483404,0.024890075997973327,7
3604,45,0.01534992600500118,0.00504788300168002,0.02458577899960801,9
3605,45,0.015392503002658486,0.0038261040026554838,0.024601203003840055,11
3606,45,0.015718049995484762,0.004149854001298081,0.024654145003296435,13
3607,45,0.01579087400023127,0.0038566239963984117,0.025272198996390216,15
3608,45,0.01626932499493705,0.0038367639936041087,0.024707255004614126,17
3609,45,0.015549559997452889,0.003827287997410167,0.024557633994845673,19
3610,45,0.01544510800158605,0.0038275119950412773,0.025228201993741095,21
3611,45,0.015509789998759516,0.003057777001231443,0.024710960999072995,23
3612,45,0.015719178001745604,0.0038371479968191124,0.024452022000332363,25
3613,45,0.015482246999454219,0.00456891099747736,0.024770878000708763,27
3614,45,0.015357509000750724,0.0045519220002461225,0.02455052400182467,29
3615,45,0.015942606005410198,0.00466816799598746,0.02538370199908968,31
3616,45,0.015630221001629252,0.004584968002745882,0.02729868899768917,33
3617,45,0.015128798004298005,0.004541185000562109,0.027772520006692503,35
3618,45,0.015322970997658558,0.004534818006504793,0.027008598000975326,37
3619,45,0.015181219001533464,0.004704318002040964,0.026853597002627794,39
3620,45,0.01564017299824627,0.0038077060016803443,0.024512927993782796,41
3621,45,0.015341693004302215,0.0038580719992751256,0.02476777100673644,43
3622,45,0.01612137700431049,0.0039055029992596246,0.024791008996544406,45
3623,45,0.015389845000754576,0.0038154499998199753,0.024924300996644888,47
3624,45,0.015739055001176894,0.0038429810010711662,0.025180718999763485,49
3625,45,0.015548153001873288,0.003805289998126682,0.024705689000256825,51
3626,45,0.015370936002000235,0.003840698998828884,0.024439111999527086,53
3627,45,0.015595238997775596,0.003842144004011061,0.02473997400375083,55
3628,45,0.015351950998592656,0.0038236640029936098,0.024712778998946305,57
3629,45,0.015637876000255346,0.0038424320009653457,0.024761734006460756,59
3630,45,0.015420818999700714,0.003834004994132556,0.02522001400211593,61
3631,45,0.01539279999997234,0.0038268770003924146,0.02513841299514752,63
3632,45,0.015459368994925171,0.0038323690023389645,0.02447685100196395,65
3633,45,0.015364193001005333,0.003810784997767769,0.024796116005745716,67
3634,45,0.016176700999494642,0.003920276998542249,0.02479273000062676,69
3635,45,0.015218139000353403,0.006997380995017011,0.030168590004905127,71
3636,45,0.015566087000479456,0.007032470006379299,0.030294273994513787,73
3637,45,0.015578521997667849,0.007081902003847063,0.030233365003368817,75
3638,45,0.01542053100274643,0.007024259997706395,0.029919287000666372,77
3639,45,0.015702680000686087,0.007086930003424641,0.030103547003818676,79
3640,45,0.01388635399780469,0.003231811002478935,0.025707116001285613,81
3641,45,0.01359345500532072,0.003111979996901937,0.02516559699870413,83
3642,45,0.013620639001601376,0.0030887299944879487,0.024403877003351226,85
3643,45,0.013640204997500405,0.003105566996964626,0.025341624997963663,87
3644,45,0.013955469003121834,0.0030802330002188683,0.024307055995450355,89
3645,45,0.0135928910021903,0.003109217999735847,0.024719066997931805,91
3646,45,0.013610850997793023,0.0031163449966697954,0.024837867000314873,93
3647,45,0.013614520001283381,0.0031085219961823896,0.024409105004451703,95
3648,45,0.013569875998655334,0.0030794600024819374,0.02419128800102044,97
3649,45,0.014029555997694843,0.003109411001787521,0.02518897499976447,99
3650,45,0.013661778000823688,0.004593354002281558,0.02444303999800468,101
3651,45,0.013567892005085014,0.0045832649993826635,0.02477317699958803,103
3652,45,0.013600686004792806,0.004587234994687606,0.02478531100496184,105
3653,45,0.013588818001153413,0.004588094998325687,0.024677347995748278,107
3654,45,0.013777308995486237,0.004589878000842873,0.02485857799911173,109
3655,45,0.013650361994223204,0.004576343002554495,0.025127050997980405,111
3656,45,0.013710926999920048,0.004535691994533408,0.02476848700462142,113
3657,45,0.013601822000055108,0.004566504001559224,0.024691446997167077,115
3658,45,0.013612460999866016,0.004552607002551667,0.025547337005264126,117
3659,45,0.013728288002312183,0.004606458998750895,0.024771026997768786,119
3660,45,0.015269295996404253,0.003124600996670779,0.02482757400139235,121
3661,45,0.015442880998307373,0.0030851439951220527,0.025060355001187418,123
3662,45,0.015502230999118183,0.003118216998700518,0.02468638600112172,125
3663,45,0.015302507003070787,0.0030748099961783737,0.024587947002146393,127
3664,45,0.015739287999167573,0.0030579790036426857,0.024638898998091463,129
3665,45,0.01598779499909142,0.0030838480015518144,0.024775908997980878,131
3666,45,0.015489448000153061,0.003098321998550091,0.025630271004047245,133
3667,45,0.016138722996402066,0.003079284004343208,0.024622355995234102,135
3668,45,0.015576445999613497,0.003178352002578322,0.025361690000863746,137
3669,45,0.016052382001362275,0.0031319629997597076,0.025392741998075508,139
3670,45,0.015402564000396524,0.005277119002130348,0.02771269100048812,141
3671,45,0.015416559996083379,0.005305532002239488,0.027730633002647664,143
3672,45,0.01546468900050968,0.005282633996102959,0.02770549999695504,145
3673,45,0.01539146000141045,0.005300764001731295,0.027246484998613596,147
3674,45,0.015416791000461672,0.0052999589970568195,0.027647280003293417,149
3675,45,0.015410403000714723,0.00531955999758793,0.027266454002528917,151
3676,45,0.015922007005428895,0.005317812996509019,0.027575378997426014,153
3677,45,0.015659757002140395,0.005317966002621688,0.027937334001762792,155
3678,45,0.015419187999214046,0.005290480003168341,0.027303338996716775,157
3679,45,0.01546736599993892,0.005333750996214803,0.027422469996963628,159
3680,46,0.015794906001247,0.0045786929986206815,0.02606194099644199,1
3681,46,0.016067889002442826,0.004579744003422093,0.02457927099749213,3
3682,46,0.015342446997237857,0.003119369001069572,0.025372428994160146,5
3683,46,0.01584464599727653,0.0038623000000370666,0.02469202999782283,7
3684,46,0.015309481001168024,0.0038411060013459064,0.024537874000088777,9
3685,46,0.015280835999874398,0.003816452001046855,0.025397694997082,11
3686,46,0.015262599998095538,0.0038522009999724105,0.026301489997422323,13
3687,46,0.015492549995542504,0.00384063499950571,0.024430860998108983,15
3688,46,0.015764354000566527,0.003828501001407858,0.024978565001219977,17
3689,46,0.015491010002733674,0.0038184139993973076,0.02458385199861368,19
3690,46,0.015518162996158935,0.0038513690014951862,0.02529235499969218,21
3691,46,0.01592960400012089,0.0038204849988687783,0.024701025999092963,23
3692,46,0.015466892000404187,0.0038335349963745102,0.02726410900504561,25
3693,46,0.015477388995350339,0.003840213998046238,0.02728038400528021,27
3694,46,0.015467530996829737,0.003836094001599122,0.027595952997216955,29
3695,46,0.015403539000544697,0.0038284589973045513,0.027359163999790326,31
3696,46,0.015531204000581056,0.004560738001600839,0.027569725003559142,33
3697,46,0.015438883994647767,0.00455530799808912,0.027581825997913256,35
3698,46,0.015421192001667805,0.004583786001603585,0.027336596001987346,37
3699,46,0.015421539996168576,0.004634443001123145,0.027986826004053,39
3700,46,0.013887477995012887,0.0031706959998700768,0.024988782999571413,41
3701,46,0.013666539998666849,0.0031125219975365326,0.02462201200251002,43
3702,46,0.013793297999654897,0.003091215003223624,0.025178385993058328,45
3703,46,0.013979780000227038,0.0030968119972385466,0.024886049999622628,47
3704,46,0.013641090001328848,0.003078145004110411,0.024840969999786466,49
3705,46,0.013606963002530392,0.0031104679947020486,0.024499279003066476,51
3706,46,0.013541480999265332,0.00308648500504205,0.02468006100389175,53
3707,46,0.013580394006567076,0.0030761820016778074,0.02443870400020387,55
3708,46,0.013623883001855575,0.0030878840043442324,0.02482794599927729,57
3709,46,0.013701616997423116,0.0030804920024820603,0.024604159996670205,59
3710,46,0.013886547996662557,0.003959244000725448,0.024600754004495684,61
3711,46,0.013704167002288159,0.0031535989983240142,0.024526059001800604,63
3712,46,0.014120111001830082,0.003109903998847585,0.0245598039982724,65
3713,46,0.013690444997337181,0.005076851994090248,0.024714207000215538,67
3714,46,0.013815309997880831,0.0031102260036277585,0.024844097999448422,69
3715,46,0.013825230998918414,0.006140502999187447,0.027920995002205018,71
3716,46,0.01401561799866613,0.006457509000028949,0.027751066001656,73
3717,46,0.013720529997954145,0.006444744998589158,0.027982412997516803,75
3718,46,0.013763042996288277,0.006463262994657271,0.027789354004198685,77
3719,46,0.01373380099539645,0.006259879002755042,0.027834673004690558,79
3720,46,0.014007550998940133,0.0038109480010461994,0.024719287997868378,81
3721,46,0.013820526000927202,0.003859238997392822,0.02501278200361412,83
3722,46,0.013773411999864038,0.0038890389987500384,0.024965137999970466,85
3723,46,0.014151722003589384,0.0038610979972872883,0.024876503994164523,87
3724,46,0.013632330003019888,0.003863805999571923,0.02492595000512665,89
3725,46,0.013636679002956953,0.0038155200018081814,0.02475695299654035,91
3726,46,0.01370575100008864,0.003866398001264315,0.024870408000424504,93
3727,46,0.013695241003006231,0.003824208994046785,0.024823573003232013,95
3728,46,0.013707332000194583,0.003854091002722271,0.0249252100038575,97
3729,46,0.013830724004947115,0.0038368250025087036,0.02483433399902424,99
3730,46,0.014079583001148421,0.004570924997096881,0.024805836997984443,101
3731,46,0.01370551800209796,0.004656762997910846,0.02489294100087136,103
3732,46,0.01419428399822209,0.0046194480019039474,0.02542475500376895,105
3733,46,0.013683637000212912,0.004537029999482911,0.02474280199385248,107
3734,46,0.013766341995506082,0.004576381994411349,0.02519250600016676,109
3735,46,0.014197764001437463,0.004616839003574569,0.025415738004085142,111
3736,46,0.013748078999924473,0.0045829130031052046,0.02503554100258043,113
3737,46,0.014087704999838024,0.004561032998026349,0.02547652300563641,115
3738,46,0.013601765997009352,0.004569413002172951,0.02470083299704129,117
3739,46,0.013608613000542391,0.00457840599847259,0.024777013997663744,119
3740,46,0.014023881005414296,0.003880770003888756,0.025952305004466325,121
3741,46,0.014126167996437289,0.003851033005048521,0.02485189800063381,123
3742,46,0.013880612998036668,0.003843067002890166,0.024786510999547318,125
3743,46,0.01396726600069087,0.003862659999867901,0.025560118003340904,127
3744,46,0.013956728005723562,0.003857905998302158,0.024648746999446303,129
3745,46,0.013776781001070049,0.003821106001851149,0.02492688000347698,131
3746,46,0.01385481099714525,0.0038133519992697984,0.02455002300121123,133
3747,46,0.013735148997511715,0.0038313839977490716,0.024457236999296583,135
3748,46,0.01369282099767588,0.0038453340021078475,0.024682880997715984,137
3749,46,0.013640664998092689,0.003854770002362784,0.024583749000157695,139
3750,46,0.014054718005354516,0.005349954997655004,0.02719371200510068,141
3751,46,0.013801190005324315,0.005398453999077901,0.027577742002904415,143
3752,46,0.013728384998103138,0.005366858997149393,0.027460773002530914,145
3753,46,0.013637051000841893,0.0053318630016292445,0.027466797997476533,147
3754,46,0.013988241000333801,0.005312958994181827,0.027501711003424134,149
3755,46,0.013654710994160268,0.005298917996697128,0.02720789700106252,151
3756,46,0.01342385400494095,0.005289501998049673,0.027029600998503156,153
3757,46,0.013526700997317676,0.005273208000289742,0.0273741670025629,155
3758,46,0.013556960002460983,0.0060026810024282895,0.02730172900191974,157
3759,46,0.022707803997036535,0.0063323209978989325,0.02711272399756126,159
3760,47,0.015368899999884889,0.0038573629935854115,0.02573321199452039,1
3761,47,0.015341844002250582,0.0038589629984926432,0.025026734998391476,3
3762,47,0.01541211799485609,0.0038055210025049746,0.024784246998024173,5
3763,47,0.015275813995685894,0.004575823004415724,0.02488629900472006,7
3764,47,0.015347554995969404,0.004571203004161362,0.024510041999747045,9
3765,47,0.015339612000389025,0.004555089995847084,0.024777632002951577,11
3766,47,0.015510795994487125,0.004580790999170858,0.024557488002756145,13
3767,47,0.015407757993671112,0.0045752289952361025,0.024815721000777557,15
3768,47,0.015380933000415098,0.0038001880020601675,0.024479314000927843,17
3769,47,0.015377727999293711,0.004565196002658922,0.02470425899809925,19
3770,47,0.015812017001735512,0.0038218179979594424,0.025021620996994898,21
3771,47,0.015395920003356878,0.004601234999427106,0.024977009001304395,23
3772,47,0.015437460999237373,0.003821446000074502,0.02511587100161705,25
3773,47,0.015500143003009725,0.003987087002315093,0.02505811800074298,27
3774,47,0.015403356999740936,0.003853858004731592,0.0247105630041915,29
3775,47,0.015363054000772536,0.004540162000921555,0.024732771002163645,31
3776,47,0.015433071996085346,0.00457979100610828,0.027192293004191015,33
3777,47,0.015386441998998635,0.0046019479996175505,0.027807331003714353,35
3778,47,0.015687570004956797,0.00457461199403042,0.027047407995269168,37
3779,47,0.015646148000087123,0.004533537998213433,0.027974051001365297,39
3780,47,0.013639302997034974,0.003813101997366175,0.024833720999595243,41
3781,47,0.013711424006032757,0.003830405003100168,0.024794621996989008,43
3782,47,0.013543799002945889,0.003825506995781325,0.024636288995679934,45
3783,47,0.014268863000324927,0.0038641459977952763,0.025419475001399405,47
3784,47,0.013634807997732423,0.0038441490032710135,0.025231876999896485,49
3785,47,0.013532611999835353,0.003842917001747992,0.024533832001907285,51
3786,47,0.014224136997654568,0.003880600997945294,0.024823926003591623,53
3787,47,0.014440546998230275,0.0038421270000981167,0.024914503999752924,55
3788,47,0.01361989099677885,0.0038016209946363233,0.024823892003041692,57
3789,47,0.013652494999405462,0.003838796001218725,0.024693453997315373,59
3790,47,0.0139900200010743,0.0038182560019777156,0.025341157997900154,61
3791,47,0.013514674006728455,0.003822628001216799,0.027052450001065154,63
3792,47,0.013575229997513816,0.0038155200018081814,0.02459226299833972,65
3793,47,0.01427086400508415,0.0038423709993367083,0.02496388999861665,67
3794,47,0.014015754000865854,0.0038203910007723607,0.02494965699588647,69
3795,47,0.013682464996236376,0.005422087000624742,0.027456831994641107,71
3796,47,0.013553636003052816,0.00544196800183272,0.027246336001553573,73
3797,47,0.013667765000718646,0.005428374002804048,0.02731818499887595,75
3798,47,0.013557287995354272,0.00542653300362872,0.02771464200486662,77
3799,47,0.013555878998886328,0.005424297996796668,0.027331627999956254,79
3800,47,0.013605100997665431,0.0038335179997375235,0.02513899999757996,81
3801,47,0.013618463999591768,0.0038600450061494485,0.025280825000663754,83
3802,47,0.013943126003141515,0.0038304930058075115,0.02470342499873368,85
3803,47,0.013884360996598843,0.0038264169998001307,0.024955406996014062,87
3804,47,0.014290872997662518,0.003800050006248057,0.02489318000152707,89
3805,47,0.013619698002003133,0.003798762998485472,0.025195391004672274,91
3806,47,0.013614711002446711,0.003854480994050391,0.025232849002350122,93
3807,47,0.013798482999845874,0.0037987809992046095,0.025292787999205757,95
3808,47,0.013643891994433943,0.0038385790030588396,0.025089071001275443,97
3809,47,0.013689954997971654,0.0038078920042607933,0.024866601001122035,99
3810,47,0.013513427002180833,0.004526108001300599,0.024748836003709584,101
3811,47,0.014153406002151314,0.004569671000353992,0.025659705999714788,103
3812,47,0.013732445004279725,0.0040937629964901134,0.024958949004940223,105
3813,47,0.013575486998888664,0.00456961800227873,0.027729827001166996,107
3814,47,0.01365221699961694,0.0038369559988495894,0.02460513100231765,109
3815,47,0.013448933001200203,0.0045207319999462925,0.02460865800094325,111
3816,47,0.013581794999481644,0.0038365739965229295,0.024441048997687176,113
3817,47,0.013471350001054816,0.00381653100339463,0.024756040002102964,115
3818,47,0.013528309995308518,0.004597913997713476,0.024719247994653415,117
3819,47,0.01346918600029312,0.004572903999360278,0.024922338001488242,119
3820,47,0.015810728997166734,0.003866337996441871,0.02534318399557378,121
3821,47,0.015127917999052443,0.0038123170015751384,0.024088851001579314,123
3822,47,0.015150346000154968,0.00383002900343854,0.02410967899777461,125
3823,47,0.015449124002770986,0.0038246459953370504,0.024309778003953397,127
3824,47,0.016149404997122474,0.003828385997621808,0.0244575180040556,129
3825,47,0.015913178001937922,0.003823956001724582,0.024524688997189514,131
3826,47,0.015710635998402722,0.003794299998844508,0.02481415199872572,133
3827,47,0.015259218002029229,0.003823049002676271,0.026143687005969696,135
3828,47,0.015535601996816695,0.003810020993114449,0.024558456003433093,137
3829,47,0.015263795998180285,0.0037988319963915274,0.025101263003307395,139
3830,47,0.015344336003181525,0.005236905999481678,0.027351536002242938,141
3831,47,0.015381122997496277,0.005292529000143986,0.02762419099599356,143
3832,47,0.015342776998295449,0.004557045998808462,0.027302278998831753,145
3833,47,0.015302490995964035,0.004579227999784052,0.027335070000845008,147
3834,47,0.015348342996730935,0.005286396000883542,0.029452843002218287,149
3835,47,0.01565131900133565,0.005267810003715567,0.02773700499528786,151
3836,47,0.01548061100038467,0.005248075998679269,0.026891499997873325,153
3837,47,0.015523820999078453,0.004537618995527737,0.027378695005609188,155
3838,47,0.015205710005830042,0.0045329650019994006,0.02705461799632758,157
3839,47,0.015237735999107827,0.004571883997414261,0.02741438799421303,159
3840,48,0.01579901900549885,0.004387950997625012,0.025557249995472375,1
3841,48,0.01531064699520357,0.003823737002676353,0.024727749994781334,3
3842,48,0.015995612004189752,0.004002387999207713,0.025237579000531696,5
3843,48,0.015991807995305862,0.00507261700113304,0.02477470799931325,7
3844,48,0.015360217999841552,0.0030726089971722104,0.024764881003648043,9
3845,48,0.015277746999345254,0.0030838949969620444,0.024579140997957438,11
3846,48,0.015869251001277007,0.004133385999011807,0.024449739001283888,13
3847,48,0.01563284899748396,0.0038305879934341647,0.02488287800224498,15
3848,48,0.01581611399888061,0.0038642569998046383,0.02433187399583403,17
3849,48,0.015334479001467116,0.003086318996793125,0.025786270998651162,19
3850,48,0.01536104800470639,0.003797655997914262,0.0248048959983862,21
3851,48,0.015469977995962836,0.0038470520012197085,0.024619037998490967,23
3852,48,0.015344947998528369,0.00456811000185553,0.025085283996304497,25
3853,48,0.0153117360023316,0.004610123003658373,0.025104433996602893,27
3854,48,0.01544193100562552,0.004645533001166768,0.024822027000482194,29
3855,48,0.015457020002941135,0.004576228995574638,0.027983659005258232,31
3856,48,0.015610510999977123,0.004569118005747441,0.02739524599746801,33
3857,48,0.015172665000136476,0.004585627997585107,0.027117258003272582,35
3858,48,0.015306310000596568,0.004570358003547881,0.026847656998143066,37
3859,48,0.015953793001244776,0.0045988609999767505,0.02691529599542264,39
3860,48,0.013504898000974208,0.003814629999396857,0.024806649002130143,41
3861,48,0.01351168299879646,0.0045403280018945225,0.02481989800435258,43
3862,48,0.013487579999491572,0.003820396996161435,0.02442352599609876,45
3863,48,0.013427821999357548,0.0038411549976444803,0.025049083997146226,47
3864,48,0.013726286000746768,0.004583754998748191,0.025502299999061506,49
3865,48,0.01353532999928575,0.004578272004437167,0.02468229299847735,51
3866,48,0.013531436998164281,0.004587905998050701,0.02462074699724326,53
3867,48,0.013502093002898619,0.004550300000119023,0.024853479000739753,55
3868,48,0.01435349699750077,0.004547680000541732,0.024732489000598434,57
3869,48,0.013458116001856979,0.004551952006295323,0.024747923998802435,59
3870,48,0.013860587001545355,0.0048120350038516335,0.024554752999392804,61
3871,48,0.013935859999037348,0.0037711719996877946,0.024296890005643945,63
3872,48,0.013485738993040286,0.0045281399943633005,0.024695311003597453,65
3873,48,0.013527538998459931,0.004578441999910865,0.024449661999824457,67
3874,48,0.013527538001653738,0.004609092000464443,0.024646465004479978,69
3875,48,0.013537994003854692,0.0045405950004351325,0.02740538099897094,71
3876,48,0.013519779000489507,0.004534784995485097,0.02735643200139748,73
3877,48,0.01369303600222338,0.004574030004732776,0.027417363999120425,75
3878,48,0.013532138997106813,0.0045570209986181,0.027639122999971732,77
3879,48,0.013625467996462248,0.004558751999866217,0.02698071199847618,79
3880,48,0.015449553000507876,0.003068844998779241,0.024918597999203485,81
3881,48,0.015378860000055283,0.0031042539994814433,0.024540437996620312,83
3882,48,0.01534814600017853,0.0031033650011522695,0.024496796002495103,85
3883,48,0.015267429000232369,0.0031095119993551634,0.024591134999354836,87
3884,48,0.01541417499538511,0.003069563004828524,0.024198318002163433,89
3885,48,0.01530397699389141,0.003055918001336977,0.024620841999421827,91
3886,48,0.015545419999398291,0.003077041998039931,0.024601263998192735,93
3887,48,0.015379070006019901,0.0030792690013186075,0.024350134997803252,95
3888,48,0.015664919003029354,0.0032286369969369844,0.027643902001727838,97
3889,48,0.01585831700504059,0.003103252995060757,0.025311543002317194,99
3890,48,0.015368013002444059,0.004570265002257656,0.02520874799665762,101
3891,48,0.015421027004776988,0.004550263001874555,0.02451726800063625,103
3892,48,0.015281945998140145,0.004560145003779326,0.024648192003951408,105
3893,48,0.015698374998464715,0.004586900002323091,0.02461751300143078,107
3894,48,0.015338213001086842,0.004572496000037063,0.02446359899477102,109
3895,48,0.015294659002393018,0.004515003995038569,0.024604496000392828,111
3896,48,0.015283570006431546,0.004649734997656196,0.024311373999807984,113
3897,48,0.015201532994979061,0.004582522000418976,0.024593037996964995,115
3898,48,0.015750060003483668,0.004539902998658363,0.028429001999029424,117
3899,48,0.015397713999846019,0.004613637996953912,0.024709854005777743,119
3900,48,0.015355784998973832,0.0038494160035043024,0.025470909000432584,121
3901,48,0.015405903999635484,0.005147828000190202,0.02485575299942866,123
3902,48,0.01588050799909979,0.003874001995427534,0.02521603799687,125
3903,48,0.015720237999630626,0.003811081995081622,0.024704285999177955,127
3904,48,0.025993720002588816,0.0038049860013416037,0.02464804500050377,129
3905,48,0.015429017003043555,0.004001198998594191,0.02620281899726251,131
3906,48,0.015459979003935587,0.0038312230026349425,0.024849512003129348,133
3907,48,0.015259995001542848,0.003808761997788679,0.02497484399646055,135
3908,48,0.01581814199744258,0.003841400997771416,0.024482294997142162,137
3909,48,0.015072196001710836,0.003770385999814607,0.024753764002525713,139
3910,48,0.01557075899472693,0.006020023000019137,0.027454488998046145,141
3911,48,0.015404013996885624,0.006534890002512839,0.02700555600313237,143
3912,48,0.015505901996220928,0.006075372999475803,0.027418879995821044,145
3913,48,0.016031174003728665,0.006164847996842582,0.027052728000853676,147
3914,48,0.015891424998699222,0.00599209400388645,0.028104123994125985,149
3915,48,0.015354937000665814,0.007539286998508032,0.02686078099941369,151
3916,48,0.015672907000407577,0.0059847970042028464,0.027283706003800035,153
3917,48,0.015331572998547927,0.007208467002783436,0.027219686002354138,155
3918,48,0.01536506500269752,0.006057979000615887,0.027578002998779994,157
3919,48,0.01541520099999616,0.006175254005938768,0.02733691300090868,159
3920,49,0.015313236996007618,0.003894533001584932,0.028160221998405177,1
3921,49,0.015756383996631484,0.003848719999950845,0.02480918999935966,3
3922,49,0.01526944299985189,0.0030846910012769513,0.02456055900256615,5
3923,49,0.015240987995639443,0.003949803998693824,0.024326343002030626,7
3924,49,0.015388651998364367,0.0039203790001920424,0.024704775998543482,9
3925,49,0.01518607899924973,0.0038296260026982054,0.024876729999959935,11
3926,49,0.015246636998199392,0.0030607169974246062,0.0243449010013137,13
3927,49,0.015295621000404935,0.003092431004915852,0.024794301003566943,15
3928,49,0.015250607997586485,0.0038081960010458715,0.024659801994857844,17
3929,49,0.015734394000901375,0.003802263003308326,0.024580338002124336,19
3930,49,0.01529976899473695,0.003822146994934883,0.025059585001145024,21
3931,49,0.015384377998998389,0.004656791999877896,0.02481267799885245,23
3932,49,0.015424825993250124,0.004583855996315833,0.024988858996948693,25
3933,49,0.015371766996395309,0.004546418000245467,0.024879794000298716,27
3934,49,0.01839811499667121,0.004678830999182537,0.024601054996310268,29
3935,49,0.02082673300174065,0.004720898999948986,0.024760916996456217,31
3936,49,0.015427235994138755,0.004548005999822635,0.026944418998027686,33
3937,49,0.015408757994009648,0.004531390004558489,0.02826212900254177,35
3938,49,0.015360417004558258,0.004639046004740521,0.027108160000352655,37
3939,49,0.015532575998804532,0.004586946000927128,0.027822556003229693,39
3940,49,0.015395560003526043,0.0045397979993140325,0.025139850993582513,41
3941,49,0.015355561001342721,0.004567955998936668,0.025070761003007647,43
3942,49,0.015438665002875496,0.004585751004924532,0.025077504993532784,45
3943,49,0.01566941600322025,0.004565677001664881,0.02531643099791836,47
3944,49,0.015334388001065236,0.004559219996735919,0.024843159000738524,49
3945,49,0.015306129003874958,0.00457242300035432,0.025409054003830533,51
3946,49,0.015397344002849422,0.004555405997962225,0.02490013700298732,53
3947,49,0.015268531002220698,0.004549703000520822,0.024516912999388296,55
3948,49,0.015589654001814779,0.004576438994263299,0.02491268500307342,57
3949,49,0.015967324005032424,0.004554181999992579,0.02469451200158801,59
3950,49,0.015576816003886051,0.004594343001372181,0.024743236004724167,61
3951,49,0.015529219002928585,0.004618785998900421,0.025809054997807834,63
3952,49,0.015576607998809777,0.004520371003309265,0.025179958996886853,65
3953,49,0.015820633998373523,0.004561396999633871,0.02513383000041358,67
3954,49,0.015505900999414735,0.004563870003039483,0.0252028069953667,69
3955,49,0.015474160005396698,0.007848938003007788,0.029803470002661925,71
3956,49,0.015489249002712313,0.007886691004387103,0.030637429001217242,73
3957,49,0.015518369997153059,0.007867366999562364,0.029985067994857673,75
3958,49,0.015470443999220151,0.007812310999725014,0.03016473499883432,77
3959,49,0.015809092998097185,0.007846124994102865,0.030199446002370678,79
3960,49,0.013684047997230664,0.003866513005050365,0.02531452199764317,81
3961,49,0.01395115699415328,0.003817835997324437,0.02533446700545028,83
3962,49,0.013640356999530923,0.003852742003800813,0.024821148996124975,85
3963,49,0.013632327994855586,0.003827291999186855,0.024980097005027346,87
3964,49,0.013736966000578832,0.003109256998868659,0.024591051995230373,89
3965,49,0.014344512004754506,0.0038438080009655096,0.02460309400339611,91
3966,49,0.013957139002741314,0.0038674129973514937,0.025028935000591446,93
3967,49,0.013601097998616751,0.003832271999272052,0.025077772996155545,95
3968,49,0.013647209001646843,0.003827582004305441,0.024748582996835466,97
3969,49,0.013695314999495167,0.003086529002757743,0.02463622999493964,99
3970,49,0.013603113002318423,0.004546707998088095,0.024705426003492903,101
3971,49,0.013883654995879624,0.004558091000944842,0.02464597000653157,103
3972,49,0.013696790003450587,0.00459209499967983,0.024583713995525613,105
3973,49,0.01366323399997782,0.004584988993883599,0.02470953099691542,107
3974,49,0.013662320001458284,0.004564675000438001,0.0251805299994885,109
3975,49,0.01348787899769377,0.004569926000840496,0.025047884999366943,111
3976,49,0.0141674510014127,0.004547696000372525,0.024835509997501504,113
3977,49,0.013533006997022312,0.0045733840015600435,0.024705197000002954,115
3978,49,0.013534721998439636,0.004525865995674394,0.025150708999717608,117
3979,49,0.014072131998545956,0.004543408998870291,0.0245677290004096,119
3980,49,0.015302755993616302,0.0038567849987884983,0.024724290997255594,121
3981,49,0.015293006996216718,0.0038482889940496534,0.024938063994341064,123
3982,49,0.016098815998702776,0.003848562999337446,0.024820266000460833,125
3983,49,0.016046258999267593,0.005070959996373858,0.025149111002974678,127
3984,49,0.015443651005625725,0.0038363339990610257,0.024920780000684317,129
3985,49,0.015449318001628853,0.0038703579994034953,0.024582122998253908,131
3986,49,0.015917602999252267,0.003872130000672769,0.0245275120032602,133
3987,49,0.015487488002690952,0.003830560002825223,0.024820739999995567,135
3988,49,0.015519733999099117,0.003871365996019449,0.0248963289996027,137
3989,49,0.01532057300209999,0.0031320389971369877,0.02512662899971474,139
3990,49,0.015382033998321276,0.005368775004171766,0.027212512002734,141
3991,49,0.015483230003155768,0.005301500001223758,0.02785401200526394,143
3992,49,0.015368586995464284,0.005304391001118347,0.027334373000485357,145
3993,49,0.01539319099538261,0.005308507003064733,0.027161575999343768,147
3994,49,0.015342084996518679,0.005309184001816902,0.027366551003069617,149
3995,49,0.016407201997935772,0.005294317998050246,0.02729350000299746,151
3996,49,0.01547324000421213,0.005276807998598088,0.027704949003236834,153
3997,49,0.015446655001142062,0.00531025599775603,0.027489227999467403,155
3998,49,0.015371143999800552,0.005298182004480623,0.027267430996289477,157
3999,49,0.015539584004727658,0.005308771003910806,0.027956641002674587,159
4000,50,0.01532063000195194,0.003851117995509412,0.025277299006120302,1
4001,50,0.01521002099616453,0.0038174239962245338,0.025059683997824322,3
4002,50,0.01547494300029939,0.0031178680001175962,0.024881350000214297,5
4003,50,0.01565605100040557,0.003830912995908875,0.024368701000639703,7
4004,50,0.015319764002924785,0.0030673029978061095,0.02450486199813895,9
4005,50,0.015258626001013909,0.0038385110019589774,0.024714006001886446,11
4006,50,0.016142540000146255,0.003817770993919112,0.02464883200445911,13
4007,50,0.015514512000663672,0.0038291560049401596,0.02451623699744232,15
4008,50,0.015452054001798388,0.004133984999498352,0.025213403001544066,17
4009,50,0.01573158700193744,0.003817561999312602,0.024683634997927584,19
4010,50,0.015561350002826657,0.004563882997899782,0.02444175800337689,21
4011,50,0.015536557002633344,0.0038318770020850934,0.024622504999570083,23
4012,50,0.01530025200190721,0.003889291998348199,0.025558772998920176,25
4013,50,0.015514327002165373,0.003828011998848524,0.024969510996015742,27
4014,50,0.015890306000073906,0.0038267769996309653,0.025235679000616074,29
4015,50,0.015365765000751708,0.004556575004244223,0.027900843000679743,31
4016,50,0.01539740899897879,0.004539761001069564,0.027190387998416554,33
4017,50,0.015700167998147663,0.004556517000310123,0.027080038002168294,35
4018,50,0.015859007005929016,0.004559431996312924,0.027429969995864667,37
4019,50,0.015464520998648368,0.004590169999573845,0.02706655800284352,39
4020,50,0.015484946998185478,0.0038064589971327223,0.02483250200020848,41
4021,50,0.01573611500498373,0.003841587997158058,0.02495072099554818,43
4022,50,0.01622430699353572,0.0038867030016263016,0.02446162600244861,45
4023,50,0.015419334995385725,0.0038706249979441054,0.024879220996808726,47
4024,50,0.015349428002082277,0.003858978998323437,0.02432830500038108,49
4025,50,0.015371583998785354,0.0038513269973918796,0.024583598002209328,51
4026,50,0.01539700400462607,0.003827580003417097,0.024579598000855185,53
4027,50,0.015448243997525424,0.0038962930048001,0.024560744997870643,55
4028,50,0.015412770000693854,0.0038324989945976995,0.02521698400232708,57
4029,50,0.015676220995374024,0.0038305849957396276,0.02448784399894066,59
4030,50,0.015695171998231672,0.0038446109974756837,0.025274036001064815,61
4031,50,0.015298206999432296,0.0038329579983837903,0.024618421994091477,63
4032,50,0.015625631000148132,0.0038475639958051033,0.024573670998506714,65
4033,50,0.015788125005201437,0.0038452269945992157,0.024979971996799577,67
4034,50,0.015308646004996262,0.0038181869967957027,0.024608614003227558,69
4035,50,0.015727674996014684,0.007080219998897519,0.029427456996927503,71
4036,50,0.015461183000297751,0.007023051999567542,0.03055015700374497,73
4037,50,0.015565403002256062,0.007087308003974613,0.030402893004065845,75
4038,50,0.015495635001570918,0.0070806939984322526,0.03038724000361981,77
4039,50,0.01547570700495271,0.007034276997728739,0.02972244700504234,79
4040,50,0.01638716099841986,0.0045530269999289885,0.02422109600593103,81
4041,50,0.01538655500189634,0.004555648003588431,0.024846401996910572,83
4042,50,0.015685431004385464,0.0046056919964030385,0.02490347600542009,85
4043,50,0.015663243000744842,0.004573577003611717,0.025117122000665404,87
4044,50,0.015558875995338894,0.004611814998497721,0.025100842001847923,89
4045,50,0.015449222999450285,0.004569884993543383,0.025658184000349138,91
4046,50,0.015519050997681916,0.00458203699963633,0.02470155400078511,93
4047,50,0.01615107299585361,0.004562293994240463,0.024740048000239767,95
4048,50,0.015487001001019962,0.004559719993267208,0.025162476005789358,97
4049,50,0.015670528999180533,0.004546131000097375,0.02498509799625026,99
4050,50,0.015845616995648015,0.003834646995528601,0.02787539199925959,101
4051,50,0.01574232599523384,0.003858782001771033,0.027679054001055192,103
4052,50,0.015581357998598833,0.0037972599966451526,0.027439509001851548,105
4053,50,0.015633814000466373,0.003846274994430132,0.02737002600042615,107
4054,50,0.0157080959979794,0.0038174729997990653,0.02973813399876235,109
4055,50,0.015448933001607656,0.003831031994195655,0.03293214500445174,111
4056,50,0.015445514000020921,0.003829041997960303,0.027533758999197744,113
4057,50,0.015530692995525897,0.003887794999172911,0.027517437003552914,115
4058,50,0.015296603000024334,0.003877764000208117,0.027317772000969853,117
4059,50,0.015412551001645625,0.003903042997990269,0.027448544002254494,119
4060,50,0.01527372800046578,0.003930776001652703,0.024924448000092525,121
4061,50,0.015461450006114319,0.003819018995272927,0.024581558995123487,123
4062,50,0.01541212900337996,0.0038701550001860596,0.024410770005488303,125
4063,50,0.01547412700165296,0.003839864999463316,0.024812602998281363,127
4064,50,0.015457396002602763,0.003917303998605348,0.024838196994096506,129
4065,50,0.01545535599871073,0.003935093998734374,0.02457565499935299,131
4066,50,0.015534479003690649,0.0038486460034619085,0.02474180899298517,133
4067,50,0.015427161997649819,0.0038327359943650663,0.02459922900015954,135
4068,50,0.015392437002446968,0.003854094000416808,0.024725351002416573,137
4069,50,0.015466294003999792,0.003891729997121729,0.02441904700390296,139
4070,50,0.015357179996499326,0.005287772000883706,0.02697407399682561,141
4071,50,0.0153124319986091,0.005287911000777967,0.027294193998386618,143
4072,50,0.015290729999833275,0.005356588000722695,0.027265994998742826,145
4073,50,0.01546184100152459,0.004179944997304119,0.026883794998866506,147
4074,50,0.015296205994673073,0.005305410995788407,0.027226844998949673,149
4075,50,0.015802709996933118,0.005302669000229798,0.027081421001639683,151
4076,50,0.015352506998169702,0.005305187005433254,0.027186881001398433,153
4077,50,0.015850465999392327,0.00536923500476405,0.027174921000550967,155
4078,50,0.015210986995953135,0.005299475000356324,0.027419524994911626,157
4079,50,0.01904370500415098,0.005402202004916035,0.027105116998427548,159
4080,51,0.01555102600104874,0.003874831003486179,0.025167897998471744,1
4081,51,0.01520648999576224,0.003823544997430872,0.024847317996318452,3
4082,51,0.015519685002800543,0.00308543899882352,0.02429077399574453,5
4083,51,0.015284970999346115,0.003858394004055299,0.023924127002828754,7
4084,51,0.015309542999602854,0.0038011110009392723,0.02438878200337058,9
4085,51,0.015284161003364716,0.0038160850017447956,0.02434321700275177,11
4086,51,0.015288950002286583,0.0038602830027230084,0.024352170003112406,13
4087,51,0.015237321000313386,0.0038332549956976436,0.024287521999212913,15
4088,51,0.015265198999259155,0.0038511379971168935,0.024448261996440124,17
4089,51,0.015474820000235923,0.00426727000012761,0.024953748004918452,19
4090,51,0.015498879001825117,0.00395003599987831,0.024566123996919487,21
4091,51,0.01548172699403949,0.003914731998520438,0.025291956000728533,23
4092,51,0.015313660005631391,0.0038166680024005473,0.02439387699996587,25
4093,51,0.015641616002540104,0.0038353830022970214,0.02432453200162854,27
4094,51,0.016196131000469904,0.004558331995212939,0.027202344994293526,29
4095,51,0.015069665998453274,0.0045206989962025546,0.027490594002301805,31
4096,51,0.015095800001290627,0.00451909899857128,0.027163398000993766,33
4097,51,0.01518381800269708,0.004601823995471932,0.026585945997794624,35
4098,51,0.015270584000973031,0.004586548995575868,0.026898412994341925,37
4099,51,0.015316210003220476,0.0045506259993999265,0.026983470997947734,39
4100,51,0.013545786998292897,0.0038338769954862073,0.024010383000131696,41
4101,51,0.013443745003314689,0.0031024179988889955,0.024713462000363506,43
4102,51,0.01351378300023498,0.003077454006415792,0.024339625000720844,45
4103,51,0.013387706996581983,0.0030971849992056377,0.024149206998117734,47
4104,51,0.013482964001013897,0.0030550609953934327,0.024381290000746958,49
4105,51,0.013752027000009548,0.003118020002148114,0.02458257199759828,51
4106,51,0.013363163998292293,0.0030716780020156875,0.02416115799860563,53
4107,51,0.013450849997752812,0.0031105069938348606,0.024297802003275137,55
4108,51,0.027319212997099385,0.0030837340018479154,0.024442397996608634,57
4109,51,0.013491172998328693,0.004662042003474198,0.025218779999704566,59
4110,51,0.013524074005545117,0.003072892999625765,0.02488165200338699,61
4111,51,0.013476984000590164,0.003794305994233582,0.025382320003700443,63
4112,51,0.013547843002015725,0.0031367389965453185,0.024756610997428652,65
4113,51,0.013580812003056053,0.003099155997915659,0.024855873998603784,67
4114,51,0.013862764993973542,0.003087845994741656,0.02408698799990816,69
4115,51,0.013429614999040496,0.0061435009993147105,0.02737485500256298,71
4116,51,0.013673695997567847,0.0061964160049683414,0.028731326005072333,73
4117,51,0.014050206998945214,0.006149048000224866,0.027468307998788077,75
4118,51,0.013838162005413324,0.006158559997857083,0.027753362999646924,77
4119,51,0.014722186999279074,0.006262669994612224,0.026943402997858357,79
4120,51,0.01413631300238194,0.0031143469968810678,0.02513181700487621,81
4121,51,0.013542102999053895,0.003833628994470928,0.027410736001911573,83
4122,51,0.013605943000584375,0.003960652997193392,0.024642263000714593,85
4123,51,0.01362387600238435,0.003980655004852451,0.02459501599514624,87
4124,51,0.013624459003040101,0.00380818999838084,0.02451543100323761,89
4125,51,0.013500021006620955,0.0031261339972843416,0.02522443999623647,91
4126,51,0.013486363997799344,0.003866853003273718,0.02445406699553132,93
4127,51,0.01347402799729025,0.003821985003014561,0.02479179899819428,95
4128,51,0.013711847001104616,0.003848206004477106,0.025432907001231797,97
4129,51,0.013724327000090852,0.0038581789995077997,0.024585366998508107,99
4130,51,0.013467671000398695,0.00458980500116013,0.024299192999023944,101
4131,51,0.01353181299782591,0.004546824995486531,0.02473199499945622,103
4132,51,0.013572886004112661,0.004558526998152956,0.02469419699627906,105
4133,51,0.014056558000447694,0.004542852999293245,0.02581233600358246,107
4134,51,0.013768094999250025,0.004592428995238151,0.025488710001809523,109
4135,51,0.01358122500096215,0.004550694000499789,0.02517734299908625,111
4136,51,0.013627161002659705,0.004579082000418566,0.025351418000354897,113
4137,51,0.013510131000657566,0.004555698003969155,0.02487911799835274,115
4138,51,0.013512153003830463,0.004542021997622214,0.024674747997778468,117
4139,51,0.013496703999408055,0.0045485359951271676,0.025031274002685677,119
4140,51,0.015189931000350043,0.0038282099994830787,0.025128266999672633,121
4141,51,0.015450344995770138,0.004565178001939785,0.024464513000566512,123
4142,51,0.015229791999445297,0.004560235996905249,0.024519273996702395,125
4143,51,0.01527474400063511,0.003789647998928558,0.024437415995635092,127
4144,51,0.0156567250014632,0.00454602900572354,0.02511223899637116,129
4145,51,0.01590848700288916,0.0045660719988518395,0.024950851999165025,131
4146,51,0.015430462000949774,0.0038258560016402043,0.025446763000218198,133
4147,51,0.015268098999513313,0.003855315000691917,0.025039612002728973,135
4148,51,0.015432769003382418,0.003774017000978347,0.025284800998633727,137
4149,51,0.01525947100162739,0.0038335249992087483,0.024960556998848915,139
4150,51,0.015247606999764685,0.006157217001600657,0.027342096997017507,141
4151,51,0.015310237999074161,0.007253530005982611,0.027370176001568325,143
4152,51,0.015728411002783105,0.006018390995450318,0.02792023599613458,145
4153,51,0.015895694996288512,0.006036734004737809,0.027345133006747346,147
4154,51,0.015409617997647729,0.006022596004186198,0.02742128299723845,149
4155,51,0.015502957001444884,0.006068613001843914,0.028106331003073137,151
4156,51,0.015513372003624681,0.005282313002680894,0.027462378006021027,153
4157,51,0.015841644002648536,0.006062063002900686,0.027441684003861155,155
4158,51,0.015371012006653473,0.006127765998826362,0.027337100997101516,157
4159,51,0.015278100996511057,0.006119559999206103,0.02733258000080241,159
4160,52,0.013643140002386644,0.004602007000357844,0.026766457995108794,1
4161,52,0.01361763499880908,0.004578179003146943,0.024858110999048222,3
4162,52,0.014476976000878494,0.0038632110008620657,0.025190886000928003,5
4163,52,0.013680019001185428,0.004589505995681975,0.02488039700256195,7
4164,52,0.01358126800187165,0.004565244998957496,0.02501181800471386,9
4165,52,0.013614822993986309,0.004582948000461329,0.02585742399969604,11
4166,52,0.01366023300215602,0.004594542006088886,0.02533474800293334,13
4167,52,0.013690409999981057,0.004600063999532722,0.025059742001758423,15
4168,52,0.013736438995692879,0.004022693006845657,0.025066283997148275,17
4169,52,0.013495849001628812,0.0038513219988089986,0.024912878005125094,19
4170,52,0.013527322000300046,0.0038155250003910623,0.0244557670012,21
4171,52,0.013420440998743288,0.004526698001427576,0.024374069005716592,23
4172,52,0.013504331996955443,0.003056986999581568,0.024544220003008377,25
4173,52,0.01365363399963826,0.0030835700017632917,0.024325393998879008,27
4174,52,0.013491482997778803,0.003817976998107042,0.027889763994608074,29
4175,52,0.013579603997641243,0.003809083005762659,0.02690384599554818,31
4176,52,0.013474822000716813,0.003818804005277343,0.027271471000858583,33
4177,52,0.01402024200069718,0.00383693199546542,0.02708594800060382,35
4178,52,0.01352388799568871,0.0038522710019606166,0.02744381299999077,37
4179,52,0.013732772000366822,0.0038100989986560307,0.027599403998465277,39
4180,52,0.014288318998296745,0.003113733997452073,0.025051422002434265,41
4181,52,0.013558386999648064,0.003976553998654708,0.0252368219953496,43
4182,52,0.013564741995651275,0.0038423259975388646,0.024746145005337894,45
4183,52,0.01359977700485615,0.0038409499975387007,0.025000034002005123,47
4184,52,0.0135608519995003,0.0030781620007473975,0.024901789001887664,49
4185,52,0.013651169996592216,0.0031200630037346855,0.024738487998547498,51
4186,52,0.014190585003234446,0.0030730549988220446,0.024904999001591932,53
4187,52,0.013808504001644906,0.0031123970038606785,0.02457851199869765,55
4188,52,0.013751824997598305,0.0031363539965241216,0.024656173001858406,57
4189,52,0.01378472099895589,0.004414324997924268,0.024753183002758306,59
4190,52,0.013721752999117598,0.003099545996519737,0.02542320400243625,61
4191,52,0.013769758996204473,0.004178274000878446,0.02473484400252346,63
4192,52,0.013713609005208127,0.004006530994956847,0.02525790099753067,65
4193,52,0.013747926001087762,0.003978501001256518,0.024911107997468207,67
4194,52,0.013660844997502863,0.00317908499710029,0.025007289994391613,69
4195,52,0.013416629000857938,0.005436118000943679,0.027725469997676555,71
4196,52,0.014608962999773212,0.005449910997413099,0.02671419199759839,73
4197,52,0.013554077006119769,0.005498073005583137,0.027189291999093257,75
4198,52,0.014063189999433234,0.005497122998349369,0.027937139995628968,77
4199,52,0.013570878996688407,0.00546392999967793,0.027975046999927144,79
4200,52,0.01538689799781423,0.0038711000015609898,0.024900295997213107,81
4201,52,0.01538386400352465,0.003804369000135921,0.025184502999763936,83
4202,52,0.01542327900097007,0.003831246998743154,0.025612033998186234,85
4203,52,0.015785192998009734,0.0038144509962876327,0.025000085995998234,87
4204,52,0.015788299002451822,0.003826607993687503,0.02518544500344433,89
4205,52,0.015354827999544796,0.0038081480015534908,0.024680031994648743,91
4206,52,0.01541065399942454,0.0038282199966488406,0.02491020900197327,93
4207,52,0.015363738995802123,0.0038605939989793114,0.024554190000344533,95
4208,52,0.01608435600064695,0.0038287740026134998,0.024549388996092603,97
4209,52,0.015364062994194683,0.0038265799958026037,0.02460873299423838,99
4210,52,0.01588190200709505,0.0038328299997374415,0.027758162999816705,101
4211,52,0.015276604004611727,0.003810503003478516,0.027125470995088108,103
4212,52,0.01528421100374544,0.003826796993962489,0.027406968001741916,105
4213,52,0.015343840997957159,0.003834680996078532,0.025133221002761275,107
4214,52,0.015364826998848002,0.003829121997114271,0.025457092000578996,109
4215,52,0.015348606000770815,0.0038469139981316403,0.02708256600453751,111
4216,52,0.0153039680008078,0.0038305770067381673,0.024348196006030776,113
4217,52,0.015371608002169523,0.003841697995085269,0.02717613500135485,115
4218,52,0.015364276005129796,0.0038535359999514185,0.024653569002111908,117
4219,52,0.015622191000147723,0.0038497159985126927,0.02502929600450443,119
4220,52,0.015576311998302117,0.003849363994959276,0.024872349000361282,121
4221,52,0.015543661000265274,0.0038555969949811697,0.02570978700532578,123
4222,52,0.015503861002798658,0.003807572997175157,0.025009889002831187,125
4223,52,0.015451311999640893,0.003844063001452014,0.024713835002330597,127
4224,52,0.01579442500224104,0.0038604319997830316,0.02484800899401307,129
4225,52,0.016134152996528428,0.0038194360022316687,0.024907808998250403,131
4226,52,0.016880866001883987,0.003856417002680246,0.024309781998454127,133
4227,52,0.015685225997003727,0.0038829370023449883,0.025180014003126416,135
4228,52,0.017288340997765772,0.0038424750018748455,0.02474574599909829,137
4229,52,0.015791349003848154,0.003855948001728393,0.02515368699823739,139
4230,52,0.01532648900320055,0.005340050993254408,0.02726059099950362,141
4231,52,0.015331201000662986,0.005308630999934394,0.027335433995176572,143
4232,52,0.015360705998318736,0.005301049997797236,0.027109953996841796,145
4233,52,0.01533562099939445,0.0060371520012267865,0.027406048000557348,147
4234,52,0.015251682998496108,0.005286296996928286,0.027592646001721732,149
4235,52,0.015609504996973556,0.005292604000715073,0.02759997199609643,151
4236,52,0.01529292199847987,0.006373506003001239,0.027511968997714575,153
4237,52,0.01547647899860749,0.005330523999873549,0.02761858099984238,155
4238,52,0.015368647000286728,0.005306154998834245,0.02737535100459354,157
4239,52,0.015308909998566378,0.005284400998789351,0.02706184799899347,159
4240,53,0.015460645001439843,0.003890898995450698,0.02613345900317654,1
4241,53,0.015439861002960242,0.003851916000712663,0.024821209997753613,3
4242,53,0.015332349001255352,0.0030965719997766428,0.02509918799478328,5
4243,53,0.015358732001914177,0.003966288000810891,0.024771033000433818,7
4244,53,0.015446081997652072,0.0038327040019794367,0.02503751999756787,9
4245,53,0.015846520000195596,0.0038320789972203784,0.024941523995948955,11
4246,53,0.015411984000820667,0.003806585998972878,0.024984038005641196,13
4247,53,0.015844376997847576,0.0038241360016399994,0.02484859599644551,15
4248,53,0.015335757001594175,0.00381103900144808,0.02483805700467201,17
4249,53,0.0164184889945318,0.003831372996501159,0.024777774000540376,19
4250,53,0.015327213004638907,0.003817028002231382,0.024686828997801058,21
4251,53,0.015340081001340877,0.003846154002530966,0.02509486599592492,23
4252,53,0.015680632001021877,0.004565322000416927,0.024540725993574597,25
4253,53,0.015468937999685295,0.0038132749978103675,0.02476087200193433,27
4254,53,0.01610425199760357,0.0038694409959134646,0.025582336995285004,29
4255,53,0.0156776079966221,0.004555639003228862,0.024803117994451895,31
4256,53,0.015376244999060873,0.004581704000884201,0.024444508999295067,33
4257,53,0.015398935000121128,0.004555419000098482,0.0246429580001859,35
4258,53,0.01537262700003339,0.0045720229973085225,0.0244820269945194,37
4259,53,0.015422853000927716,0.0045278600009623915,0.025359762999869417,39
4260,53,0.015472156999749132,0.0038855389939271845,0.024799120001262054,41
4261,53,0.015294908000214491,0.0038631479983450845,0.024538773999665864,43
4262,53,0.015857980004511774,0.0038641509963781573,0.024650784995174035,45
4263,53,0.015408639002998825,0.0038380890036933124,0.024759647996688727,47
4264,53,0.015389102001790889,0.00384577799559338,0.02463854399684351,49
4265,53,0.01538429799984442,0.003864493999572005,0.024619076000817586,51
4266,53,0.015298467005777638,0.0038554459970328026,0.02493099499406526,53
4267,53,0.015367473002697807,0.003807841996604111,0.02459474899660563,55
4268,53,0.018101695000950713,0.0038968189983279444,0.02569340699847089,57
4269,53,0.01584982799977297,0.003842030004307162,0.024539676000131294,59
4270,53,0.015301694002118893,0.0038455630055977963,0.02479945599770872,61
4271,53,0.015662908997910563,0.0038846740062581375,0.02499020799587015,63
4272,53,0.015536972001427785,0.0038614960067206994,0.02560557700053323,65
4273,53,0.015517508996708784,0.0038893589953659102,0.024971489001472946,67
4274,53,0.015785026997036766,0.0038843000002088957,0.024561437996453606,69
4275,53,0.015427907004777808,0.007082488002197351,0.030095487003563903,71
4276,53,0.01543336600298062,0.007088454003678635,0.031019663001643494,73
4277,53,0.015260915999533609,0.007048300001770258,0.030128187005175278,75
4278,53,0.015381946999696083,0.007006371000898071,0.029986945999553427,77
4279,53,0.015277113998308778,0.007052838001982309,0.03010284699848853,79
4280,53,0.013519075000658631,0.003094963998591993,0.025197654002113268,81
4281,53,0.013528700001188554,0.0030862740022712387,0.024695674997929018,83
4282,53,0.013935905997641385,0.003095077001489699,0.024603850004496053,85
4283,53,0.013487696000083815,0.003099836001638323,0.02495658499537967,87
4284,53,0.01347242600604659,0.0030810890020802617,0.024706090000108816,89
4285,53,0.01352918399788905,0.003996309998910874,0.024840019003022462,91
4286,53,0.013494238999555819,0.0031105749949347228,0.024930006002250593,93
4287,53,0.013617708995298017,0.0031617079948773608,0.024827665998600423,95
4288,53,0.013743948999035638,0.0031136649995460175,0.02488148499833187,97
4289,53,0.01390273900324246,0.004091306000191253,0.024644822005939204,99
4290,53,0.013676591996045318,0.004543079994618893,0.024564682003983762,101
4291,53,0.013748915000178386,0.004567696996673476,0.02551009799935855,103
4292,53,0.013768806005828083,0.0038310909949359484,0.025445094004680868,105
4293,53,0.013719069000217132,0.004553753002255689,0.025069117000384722,107
4294,53,0.013694058005057741,0.004590590004227124,0.025064755995117594,109
4295,53,0.013875459000701085,0.003865530001348816,0.02552453600219451,111
4296,53,0.013556167999922764,0.0045905119986855425,0.02504715399845736,113
4297,53,0.013522900000680238,0.004563536997011397,0.024561296995671,115
4298,53,0.013706066994927824,0.004630563998944126,0.19936064300418366,117
4299,53,0.013606608001282439,0.0039039390030666254,0.02465414700418478,119
4300,53,0.01573868100240361,0.003878989002259914,0.02502013799676206,121
4301,53,0.015554735000478104,0.003874519999953918,0.02500077700096881,123
4302,53,0.015547702001640573,0.003844361999654211,0.02520179200655548,125
4303,53,0.01538653999887174,0.0038555179999093525,0.024540733997127973,127
4304,53,0.015386653001769446,0.003939797999919392,0.025033389996679034,129
4305,53,0.015333927003666759,0.003841851998004131,0.02450857000076212,131
4306,53,0.015169148005952593,0.003850122004223522,0.02460389999760082,133
4307,53,0.015273860000888817,0.003822360005869996,0.024505642999429256,135
4308,53,0.015357222997408826,0.0038478950009448454,0.02550579899980221,137
4309,53,0.015559166997263674,0.003833189002762083,0.02483307100192178,139
4310,53,0.015398932999232784,0.006024876005540136,0.027345160000550095,141
4311,53,0.015729945997009054,0.006090278999181464,0.027484263002406806,143
4312,53,0.01568745599797694,0.006069286995625589,0.027468660002341494,145
4313,53,0.01552127199829556,0.00605134799843654,0.02770479000173509,147
4314,53,0.015381438002805226,0.006010694996803068,0.028138617999502458,149
4315,53,0.015603774001647253,0.006038391999027226,0.03353642899310216,151
4316,53,0.015269636998709757,0.006011552999552805,0.02824450399930356,153
4317,53,0.01551916800235631,0.006045091002306435,0.027567827004531864,155
4318,53,0.015436427005624864,0.006027862000337336,0.027065729998867027,157
4319,53,0.015483704999496695,0.00634625199745642,0.027557270994293503,159
4320,54,0.01712809099990409,0.003857714000332635,0.025236403998860624,1
4321,54,0.017145439000159968,0.003836239004158415,0.02467733500088798,3
4322,54,0.017390204993716907,0.003082648996496573,0.024620049000077415,5
4323,54,0.017499205998319667,0.0038455270041595213,0.02433446999930311,7
4324,54,0.01724341900262516,0.003827551001450047,0.024683016999915708,9
4325,54,0.01712381099787308,0.0038749270024709404,0.024262741004349664,11
4326,54,0.01765989100385923,0.0038120050012366846,0.024162795998563524,13
4327,54,0.018140603002393618,0.003827253996860236,0.024232410003605764,15
4328,54,0.017137340000772383,0.0038420220007537864,0.02503722500114236,17
4329,54,0.01748405899706995,0.0038577850064029917,0.02444202000333462,19
4330,54,0.017930847003299277,0.003844592996756546,0.02508969000336947,21
4331,54,0.017068938999727834,0.0038407249958254397,0.02470908800023608,23
4332,54,0.017165756995382253,0.0038271989978966303,0.024566676001995802,25
4333,54,0.017157119000330567,0.003850013999908697,0.02492390199768124,27
4334,54,0.017181590003019664,0.004568078999000136,0.02471973900537705,29
4335,54,0.01810754699545214,0.0038569429962080903,0.02481375099887373,31
4336,54,0.017200436996063218,0.004570584002067335,0.027514235000126064,33
4337,54,0.01717212599760387,0.00457896899752086,0.027030850003939122,35
4338,54,0.017170420003822073,0.004542294002021663,0.0270529780027573,37
4339,54,0.017385113998898305,0.004551940997771453,0.027051242999732494,39
4340,54,0.011773821999668144,0.0038031259973649867,0.025140981997537892,41
4341,54,0.011712158004229423,0.003848262000246905,0.024613529996713623,43
4342,54,0.011686180005199276,0.003820285994152073,0.025083750995690934,45
4343,54,0.011817548001999967,0.00388623899925733,0.02449352099938551,47
4344,54,0.01177688900497742,0.003856875999190379,0.025302722002379596,49
4345,54,0.011809451003500726,0.003898887000104878,0.024702955000975635,51
4346,54,0.01188936200196622,0.0038484739998239093,0.024602466997748706,53
4347,54,0.011933312998735346,0.003865341997880023,0.025194287998601794,55
4348,54,0.01196589799656067,0.00385746900428785,0.024976150001748465,57
4349,54,0.01190052700258093,0.003840744997432921,0.024826392000250053,59
4350,54,0.012120425002649426,0.003845592000288889,0.025187860999722034,61
4351,54,0.01173199999902863,0.0038398519973270595,0.024800952996884007,63
4352,54,0.01177867800288368,0.003847343999950681,0.02482437800063053,65
4353,54,0.011907230000360869,0.0038376439988496713,0.024539750003896188,67
4354,54,0.011735576998034958,0.003974799001298379,0.024383169002248906,69
4355,54,0.013574008000432514,0.0054453760021715425,0.03725814299832564,71
4356,54,0.01203474299836671,0.005442323999886867,0.027314475002640393,73
4357,54,0.011803006003901828,0.0054652899998473,0.027398911995987874,75
4358,54,0.011925273996894248,0.005426784999144729,0.027112386000226252,77
4359,54,0.011783581001509447,0.005443664995254949,0.027011571000912227,79
4360,54,0.01535980099288281,0.0038288260038825683,0.024946867997641675,81
4361,54,0.01582864000374684,0.0038636460012639873,0.03652575599699048,83
4362,54,0.015319243000703864,0.0038145379949128255,0.02455747500061989,85
4363,54,0.015204203002213035,0.003893932997016236,0.024815958997351117,87
4364,54,0.01525852600025246,0.003841473000647966,0.0247423160035396,89
4365,54,0.01516598800662905,0.003794297997956164,0.024736690997087862,91
4366,54,0.015200789006485138,0.003815575000771787,0.02432455999951344,93
4367,54,0.015203378003207035,0.0038144040008774027,0.024396995999268256,95
4368,54,0.015225733004626818,0.0038378319950425066,0.024326099002792034,97
4369,54,0.01516346300195437,0.0038253259990597144,0.024284720995638054,99
4370,54,0.015168717996857595,0.0038095319978310727,0.024295429000630975,101
4371,54,0.015248379000695422,0.0038271550001809373,0.024613551002403256,103
4372,54,0.015315903001464903,0.0038289290023385547,0.02458981599920662,105
4373,54,0.015321131999371573,0.0038578750027227215,0.024395653999818023,107
4374,54,0.015303699001378845,0.003845781997370068,0.024709944998903666,109
4375,54,0.015482258000702132,0.003799440004513599,0.024797005993605126,111
4376,54,0.015408011997351423,0.003845667997666169,0.02471281399630243,113
4377,54,0.015400798998598475,0.0038422649959102273,0.025236695000785403,115
4378,54,0.01525904599839123,0.0038534890045411885,0.024874861002899706,117
4379,54,0.015276252997864503,0.003863505000481382,0.02441700900089927,119
4380,54,0.01524903099925723,0.0038152089982759207,0.024493985998560674,121
4381,54,0.015891798000666313,0.0038151379994815215,0.025011685000208672,123
4382,54,0.015367047999461647,0.0038433269946835935,0.025075505996937864,125
4383,54,0.015582054998958483,0.0038339489983627573,0.02561311500176089,127
4384,54,0.015453660002094693,0.003112689999397844,0.024669687998539302,129
4385,54,0.015282386004400905,0.003834296003333293,0.024562449994846247,131
4386,54,0.015953490998072084,0.0038356110017048195,0.02484434499638155,133
4387,54,0.015548541996395215,0.003839058001176454,0.024696428001334425,135
4388,54,0.015500072993745562,0.0038082710016169585,0.025426107000384945,137
4389,54,0.015575655001157429,0.0038392400019802153,0.024726213996473234,139
4390,54,0.015614757998264395,0.0060303680002107285,0.027236736998020206,141
4391,54,0.015631967995432205,0.00603561699972488,0.027611735997197684,143
4392,54,0.015500759000133257,0.006005553004797548,0.028443500996218063,145
4393,54,0.015916702002868988,0.006176332994073164,0.027320039000187535,147
4394,54,0.015574302997265477,0.006294531995081343,0.027381186999264173,149
4395,54,0.01571980099834036,0.006194417001097463,0.02824171400425257,151
4396,54,0.015751797996927053,0.006106603999796789,0.027873685998201836,153
4397,54,0.016061132002505474,0.006060831998183858,0.027580943999055307,155
4398,54,0.015325230000598822,0.006097091994888615,0.026971500999934506,157
4399,54,0.015400735996081494,0.006062839005608112,0.027211900996917393,159
4400,55,0.015594293996400665,0.0031099279949557967,0.025747536994458642,1
4401,55,0.015536384998995345,0.0030979119983385317,0.02476100499916356,3
4402,55,0.015471803002583329,0.003122517002339009,0.024811168004816864,5
4403,55,0.015326232001825701,0.0030934149981476367,0.024571992995333858,7
4404,55,0.0154620069952216,0.003838374999759253,0.02500632600276731,9
4405,55,0.01547213300364092,0.0031022669936646707,0.02510955900652334,11
4406,55,0.015417811002407689,0.003102668000792619,0.025073499004065525,13
4407,55,0.015530374002992176,0.0031074770013219677,0.024849961999279913,15
4408,55,0.01539132100151619,0.0038191169951460324,0.024555917996622156,17
4409,55,0.015416530994116329,0.003888340994308237,0.025368449998495635,19
4410,55,0.015352798996900674,0.0038316540012601763,0.03183906000049319,21
4411,55,0.015232064994052052,0.003076992004935164,0.025276070002291817,23
4412,55,0.015192851999017876,0.00381381600163877,0.024711099998967256,25
4413,55,0.015297047000785824,0.004563025002426002,0.024487032998877112,27
4414,55,0.015263276996847708,0.00455304700153647,0.02477486499992665,29
4415,55,0.015665364000597037,0.004614448000211269,0.024658481001097243,31
4416,55,0.01541991999692982,0.004543823000858538,0.02765485900454223,33
4417,55,0.015383131998532917,0.00457781500153942,0.027841971001180355,35
4418,55,0.01532600700011244,0.004589942000166047,0.027342674999090377,37
4419,55,0.015966326995112468,0.004563034999591764,0.02739848700002767,39
4420,55,0.013749832003668416,0.003111536003416404,0.024664636999659706,41
4421,55,0.01594042600481771,0.003097272005106788,0.024393681000219658,43
4422,55,0.013872304996766616,0.0037280149990692735,0.024931250998633914,45
4423,55,0.013589089998276904,0.003105828000116162,0.029148604000511114,47
4424,55,0.014028612997208256,0.003829942004813347,0.024423853996268008,49
4425,55,0.013764229996013455,0.003108430995780509,0.02473696400556946,51
4426,55,0.013662053999723867,0.0030829429961158894,0.02488649100268958,53
4427,55,0.014037537999683991,0.0038334049968398176,0.024564508996263612,55
4428,55,0.014025970005604904,0.003097863002039958,0.024642691998451483,57
4429,55,0.013932342000771314,0.003094006999162957,0.02447886799927801,59
4430,55,0.01412557699950412,0.00310085600358434,0.024959754999144934,61
4431,55,0.013596782999229617,0.003097908993368037,0.031344344999524765,63
4432,55,0.014011075996677391,0.0031512170025962405,0.02464075000170851,65
4433,55,0.013593114003015216,0.0030932209992897697,0.02449478600465227,67
4434,55,0.013625612999021541,0.003101898000750225,0.024470741998811718,69
4435,55,0.013758543005678803,0.0062229629984358326,0.026947405000100844,71
4436,55,0.013567747999331914,0.006200426003488246,0.02739770900370786,73
4437,55,0.013684482000826392,0.006201602001965512,0.027889310993487015,75
4438,55,0.013706541001738515,0.0061601609995705076,0.02746662899880903,77
4439,55,0.01364433100388851,0.006164072998217307,0.02780048300337512,79
4440,55,0.01356378200580366,0.0031070999975781888,0.024943750999227632,81
4441,55,0.013535774996853434,0.0030613959970651194,0.02500525800132891,83
4442,55,0.014054389001103118,0.0030923820013413206,0.02478732299641706,85
4443,55,0.01359194600081537,0.003115694002190139,0.024566021995269693,87
4444,55,0.013581106999481563,0.003091007994953543,0.025867140997434035,89
4445,55,0.025211389001924545,0.0031038689994602464,0.030027890999917872,91
4446,55,0.013562567997723818,0.003098970999417361,0.024617640003270935,93
4447,55,0.013436248002108186,0.003086158001678996,0.025040213993634097,95
4448,55,0.013581917999545112,0.0030604489948018454,0.025297446998592932,97
4449,55,0.013450997998006642,0.0031131249997997656,0.024442767004074994,99
4450,55,0.013554154000303242,0.00452485699497629,0.024951496998255607,101
4451,55,0.0136679909992381,0.004539098001259845,0.025501607000478543,103
4452,55,0.013516081999114249,0.004555130006338004,0.024691270002222154,105
4453,55,0.013516551996872295,0.004644724998797756,0.024677590001374483,107
4454,55,0.01389706099871546,0.004538851004326716,0.024945185003161896,109
4455,55,0.01365888800501125,0.004564836999634281,0.024935209003160708,111
4456,55,0.013687108999874908,0.004615092999301851,0.02511809799761977,113
4457,55,0.013877787001547404,0.004598161998728756,0.02491611000004923,115
4458,55,0.013754092004091945,0.004553184000542387,0.02480252500390634,117
4459,55,0.013826287002302706,0.004575090002617799,0.02526157100510318,119
4460,55,0.013732363004237413,0.0038397950047510676,0.025397229997906834,121
4461,55,0.013811265998810995,0.003831699999864213,0.02526772700366564,123
4462,55,0.01438316899293568,0.0038378860044758767,0.024980567002785392,125
4463,55,0.014217775998986326,0.0038300870000966825,0.025461040997470263,127
4464,55,0.01445124300516909,0.003857791998598259,0.02556478699989384,129
4465,55,0.014363451999088284,0.003887409002345521,0.02534967300016433,131
4466,55,0.013537225000618491,0.0038254280007095076,0.024627744998724665,133
4467,55,0.013787996002065483,0.0038326759968185797,0.024703002003661823,135
4468,55,0.013663363999512512,0.003880194002704229,0.024750955002673436,137
4469,55,0.013630139001179487,0.003832290996797383,0.025113595998845994,139
4470,55,0.013644284001202323,0.005309338004735764,0.027283586998237297,141
4471,55,0.013718201000301633,0.005278240998450201,0.0280704050019267,143
4472,55,0.0137525239988463,0.005299948999891058,0.02838137400249252,145
4473,55,0.013781248999293894,0.005325073994754348,0.027553512998565566,147
4474,55,0.01363021200086223,0.005326526996213943,0.02744436099601444,149
4475,55,0.013717438996536657,0.005275607996736653,0.02756825299729826,151
4476,55,0.013589725000201724,0.005327778999344446,0.02734445099486038,153
4477,55,0.013506093004252762,0.005423682996479329,0.027480399003252387,155
4478,55,0.013672465000126977,0.0053276710023055784,0.02707402299711248,157
4479,55,0.01441682300355751,0.0053128409999771975,0.027330010998412035,159
4480,56,0.01537172999815084,0.003846128995064646,0.025387334993865807,1
4481,56,0.015314407995902002,0.0038361059996532276,0.024695594001968857,3
4482,56,0.015333070004999172,0.0031186580017674714,0.024553121998906136,5
4483,56,0.015379204996861517,0.00309255799948005,0.025160706994938664,7
4484,56,0.015301054998417385,0.003104911003902089,0.02472599299653666,9
4485,56,0.016284813995298464,0.0038319309969665483,0.024762328001088463,11
4486,56,0.016232357003900688,0.003935516993806232,0.02471897500072373,13
4487,56,0.015421713003888726,0.003835479001281783,0.02485844399780035,15
4488,56,0.015801936002389994,0.0038518599976669066,0.02453421099926345,17
4489,56,0.01555421800003387,0.004414612005348317,0.02463953699771082,19
4490,56,0.015754308995383326,0.0038674190000165254,0.024918302995502017,21
4491,56,0.015689371000917163,0.003152321995003149,0.02590447100374149,23
4492,56,0.01552296600129921,0.0038417390023823828,0.02476182099780999,25
4493,56,0.015529117001278792,0.003880705000483431,0.025244096999813337,27
4494,56,0.015541778004262596,0.0038399049954023212,0.024631717999000102,29
4495,56,0.015505929004575592,0.0045894799986854196,0.024724908005737234,31
4496,56,0.015465069001947995,0.004584925998642575,0.024959104004665278,33
4497,56,0.015985562997229863,0.004553949998808093,0.02479777699772967,35
4498,56,0.01551770900550764,0.004602786997566,0.025103120002313517,37
4499,56,0.015437621004821267,0.004618053004378453,0.025231394000002183,39
4500,56,0.011922022000362631,0.003890729996783193,0.024965593998786062,41
4501,56,0.011897953001607675,0.0038308099974528886,0.02496553499804577,43
4502,56,0.011896534000698011,0.0038646690009045415,0.024801473999104928,45
4503,56,0.01199672999791801,0.0038423980004154146,0.024565175001043826,47
4504,56,0.011891583002579864,0.0038693719980074093,0.024527451998437755,49
4505,56,0.011851058006868698,0.003863231002469547,0.02499872999760555,51
4506,56,0.011966142999881413,0.003859163996821735,0.024835807002091315,53
4507,56,0.012156618002336472,0.0038682040030835196,0.02611502700165147,55
4508,56,0.012196463001600932,0.00385246699443087,0.025131674003205262,57
4509,56,0.011878370001795702,0.0038526189964613877,0.024882914003683254,59
4510,56,0.011932544999581296,0.003844252998533193,0.025169074004224967,61
4511,56,0.011917818002984859,0.003822783000941854,0.02548460899561178,63
4512,56,0.011804464003944304,0.0038141509940032847,0.02554188900103327,65
4513,56,0.011931398999877274,0.003819698998995591,0.024911407999752555,67
4514,56,0.011871517999679781,0.00381827700039139,0.02497486400534399,69
4515,56,0.011946619000809733,0.005443050999019761,0.027241175004746765,71
4516,56,0.011916047005797736,0.0054914020001888275,0.027121158003865276,73
4517,56,0.011826998998003546,0.005435599996417295,0.027600944005826022,75
4518,56,0.011830378003651276,0.005418255001131911,0.027473634996567853,77
4519,56,0.011891694994119462,0.005442836998554412,0.027379642000596505,79
4520,56,0.015245436996337958,0.003818090001004748,0.025400872000318486,81
4521,56,0.01523661700048251,0.003801466002187226,0.025044875997991767,83
4522,56,0.015734184999018908,0.0038704269973095506,0.025293334998423234,85
4523,56,0.015526531999057624,0.0038980300014372915,0.025433574002818204,87
4524,56,0.015891488998022396,0.0038292090030154213,0.0249382819965831,89
4525,56,0.01532931299880147,0.0038498040012200363,0.024509048998879734,91
4526,56,0.015709461004007608,0.003824142004305031,0.025278685003286228,93
4527,56,0.0156367359959404,0.0037773529984406196,0.02449451299617067,95
4528,56,0.015826789000129793,0.0039052139982231893,0.02450230999966152,97
4529,56,0.0156405059969984,0.003813486000581179,0.02444312199804699,99
4530,56,0.016151869000168517,0.004571131998091005,0.024693799001397565,101
4531,56,0.015393620997201651,0.004571470002701972,0.02454160599882016,103
4532,56,0.015328713998314925,0.004560767003567889,0.02459033600462135,105
4533,56,0.015268367002136074,0.004613457000232302,0.024795247001748066,107
4534,56,0.015240533000905998,0.004597445004037581,0.024741332003031857,109
4535,56,0.015487329997995403,0.0045341910008573905,0.024991161000798456,111
4536,56,0.015175908003584482,0.004527830002189148,0.024618941999506205,113
4537,56,0.01600247200258309,0.004532049999397714,0.024691697995876893,115
4538,56,0.015326920001825783,0.00454785100009758,0.02551636299904203,117
4539,56,0.015246103001118172,0.004539399000350386,0.024741378998442087,119
4540,56,0.01577489399642218,0.0038423680016421713,0.024815557997499127,121
4541,56,0.015590285998769104,0.0037756569945486262,0.024366914003621787,123
4542,56,0.016332896004314534,0.00380180700449273,0.0253696109939483,125
4543,56,0.015730266000900883,0.004871921002632007,0.024422659000265412,127
4544,56,0.015259127998433542,0.0038250120051088743,0.024467823997838423,129
4545,56,0.015139601004193537,0.003787663001276087,0.024758794002991635,131
4546,56,0.015297579004254658,0.00379582800087519,0.02469893100351328,133
4547,56,0.015376397997897584,0.003815468997345306,0.024436217994662,135
4548,56,0.015328093999414705,0.0038358509991667233,0.02470111000002362,137
4549,56,0.015263032000802923,0.004364179003459867,0.02495739999721991,139
4550,56,0.016167332003533375,0.0060437880019890144,0.027711690003343392,141
4551,56,0.01598463200207334,0.006015252001816407,0.02783149700553622,143
4552,56,0.015772749997267965,0.0053251229983288795,0.028093360000639223,145
4553,56,0.015474886997253634,0.006139782002719585,0.0277594159997534,147
4554,56,0.015509971999563277,0.00633817000198178,0.027741311001591384,149
4555,56,0.015223836002405733,0.005954893997113686,0.027603941001871135,151
4556,56,0.01515011300216429,0.00652149800589541,0.026942387004964985,153
4557,56,0.015644390994566493,0.005261115002213046,0.02706783499888843,155
4558,56,0.015797344996826723,0.006009718999848701,0.027137147000757977,157
4559,56,0.015210304001811892,0.006025021997629665,0.02706099399802042,159
4560,57,0.01544552300038049,0.0038299049992929213,0.025333646997751202,1
4561,57,0.01541793499927735,0.00398739999945974,0.024664773998665623,3
4562,57,0.015348932000051718,0.0038057530036894605,0.024576919997343794,5
4563,57,0.015619916994182859,0.003102549999312032,0.024671940998814534,7
4564,57,0.015432718995725736,0.0031079109976417385,0.025203477001923602,9
4565,57,0.015548561001196504,0.003091995997237973,0.024582158999692183,11
4566,57,0.015412532004120294,0.0038700020013493486,0.024902914999984205,13
4567,57,0.016138705002958886,0.0031288050013245083,0.024585665996710304,15
4568,57,0.020071692997589707,0.0038728709987481125,0.025413802002731245,17
4569,57,0.01599734199407976,0.003955009997298475,0.03088967200164916,19
4570,57,0.015327882996643893,0.004589057003613561,0.024978225999802817,21
4571,57,0.015253985999152064,0.005057572001533117,0.02442546900419984,23
4572,57,0.015249960997607559,0.004563811999105383,0.024547151995648164,25
4573,57,0.015344216000812594,0.004538282002613414,0.025140104997262824,27
4574,57,0.01569642200047383,0.004543467999610584,0.025285889001679607,29
4575,57,0.015238123000017367,0.004575853003188968,0.02452234899828909,31
4576,57,0.01619494600163307,0.0045903959980933,0.026943746997858398,33
4577,57,0.015270784999302123,0.0045571179944090545,0.027176308001799043,35
4578,57,0.015338504999817815,0.0045512310025515035,0.027401656996516977,37
4579,57,0.015330465997976717,0.004563139002129901,0.027318813998135738,39
4580,57,0.013492088997736573,0.0038394540024455637,0.024744998998357914,41
4581,57,0.013555994999478571,0.003849440996418707,0.024673857995367143,43
4582,57,0.013542845998017583,0.0038334479977493174,0.024704173003556207,45
4583,57,0.0137036129963235,0.0038128720043459907,0.02933943000243744,47
4584,57,0.013462104005157016,0.005142335998243652,0.025985517997469287,49
4585,57,0.013427496000076644,0.003826095002295915,0.02471598800184438,51
4586,57,0.013759879999270197,0.003919130998838227,0.024562271006288938,53
4587,57,0.013427034005871974,0.004356076999101788,0.02473235800425755,55
4588,57,0.013446197001030669,0.0037978140026098117,0.02455021900095744,57
4589,57,0.013945878999948036,0.00408191500173416,0.02448969899705844,59
4590,57,0.013331524001841899,0.0038356139993993565,0.025385417000507005,61
4591,57,0.013558361999457702,0.0030943250021664426,0.024544478001189418,63
4592,57,0.013850677001755685,0.0038240180001594126,0.02956399599497672,65
4593,57,0.01349633900099434,0.0038529299999936484,0.024961062998045236,67
4594,57,0.014022572999238037,0.004144928003370296,0.024650309002026916,69
4595,57,0.013891920003516134,0.005449256997962948,0.027222373006225098,71
4596,57,0.013823979999870062,0.005511606999789365,0.031203124002786353,73
4597,57,0.014077863001148216,0.005520458995306399,0.027460238001367543,75
4598,57,0.013646334999066312,0.005447688999993261,0.02726809200248681,77
4599,57,0.013551024996559136,0.005465296999318525,0.02739663399552228,79
4600,57,0.015512322999711614,0.0038751559986849315,0.025254542000766378,81
4601,57,0.015840861000469886,0.0038590609983657487,0.02456836400233442,83
4602,57,0.015841120002733078,0.003832358997897245,0.02458298199780984,85
4603,57,0.015281717001926154,0.003842532998532988,0.02440851099527208,87
4604,57,0.016091008998046163,0.0038525499985553324,0.024533454998163506,89
4605,57,0.015384464000817388,0.0038837669999338686,0.024743622001551557,91
4606,57,0.015440221002791077,0.0038785540018579923,0.02462913100316655,93
4607,57,0.015684737998526543,0.0040262679976876825,0.024746367998886853,95
4608,57,0.015947658001095988,0.003824765000899788,0.024899711999751162,97
4609,57,0.015487980999751016,0.0038390129993786104,0.02460687300481368,99
4610,57,0.015457427994988393,0.00533162599458592,0.02494250600284431,101
4611,57,0.015380921999167185,0.005313269997714087,0.025417299999389797,103
4612,57,0.015304241998819634,0.005349869999918155,0.024670847997185774,105
4613,57,0.015369959000963718,0.005263363003905397,0.024679614005435724,107
4614,57,0.015533761994447559,0.005334255998604931,0.025104169006226584,109
4615,57,0.01545885900122812,0.005311798995535355,0.02479006599605782,111
4616,57,0.015714745000877883,0.005307987994456198,0.02521805599826621,113
4617,57,0.015303354994102847,0.005288668005960062,0.025021018998813815,115
4618,57,0.015562631997454446,0.005439304994069971,0.024926882004365325,117
4619,57,0.015408332001243252,0.005281714999000542,0.024809096001263242,119
4620,57,0.015555069003312383,0.004106307002075482,0.02485747099854052,121
4621,57,0.01549371199507732,0.0031036750006023794,0.025186363003740553,123
4622,57,0.015394238995213527,0.0031439459999091923,0.02524750899465289,125
4623,57,0.015450783001142554,0.003149680997012183,0.02483335599390557,127
4624,57,0.015247187002387363,0.0030974699984653853,0.025466760002018418,129
4625,57,0.015300650004064664,0.0031370099968626164,0.024373447995458264,131
4626,57,0.015266921000147704,0.0031116559985093772,0.024532883006031625,133
4627,57,0.015287490001355764,0.00308599800337106,0.024419262997980695,135
4628,57,0.016007623002224136,0.003106833995843772,0.0246009190013865,137
4629,57,0.015470338999875821,0.003120161003607791,0.02447573399695102,139
4630,57,0.015374896000139415,0.005287311993015464,0.0270838759970502,141
4631,57,0.015507188996707555,0.005319421004969627,0.027327904994308483,143
4632,57,0.015432842003065161,0.005316653005138505,0.027368415998353157,145
4633,57,0.015628416993422434,0.005322802004229743,0.02785654499894008,147
4634,57,0.01546711400442291,0.005298693999066018,0.027477641000587028,149
4635,57,0.0154218329989817,0.005371106999518815,0.027451791997009423,151
4636,57,0.015383106998342555,0.005382360999647062,0.027888586999324616,153
4637,57,0.015455566994205583,0.005346838996047154,0.02753023499826668,155
4638,57,0.01604101799603086,0.005353237997042015,0.02704943199933041,157
4639,57,0.015438461996382102,0.005308633000822738,0.027121607003209647,159
4640,58,0.01549257699662121,0.003844751998258289,0.025314295999123715,1
4641,58,0.015280246996553615,0.0038245130053837784,0.024614003996248357,3
4642,58,0.01544152000133181,0.0038412580033764243,0.02446040399809135,5
4643,58,0.015619343997968826,0.003970352001488209,0.024441813002340496,7
4644,58,0.015627059001417365,0.0038349399983417243,0.02502715800073929,9
4645,58,0.01525806800054852,0.0037777679972350597,0.02459223899495555,11
4646,58,0.015281101994332857,0.0031041280017234385,0.02520061699760845,13
4647,58,0.015148137994401623,0.0030740310030523688,0.026460354994924273,15
4648,58,0.01837567999609746,0.003890512998623308,0.03548890900128754,17
4649,58,0.015453989995876327,0.0038395840019802563,0.024745304996031336,19
4650,58,0.015327761000662576,0.0038234849998843856,0.024737455998547375,21
4651,58,0.01598055099748308,0.0038086259955889545,0.024493545999575872,23
4652,58,0.015283449996786658,0.0046214379981392995,0.02432413600035943,25
4653,58,0.01538173999870196,0.004562497997540049,0.02452236799581442,27
4654,58,0.01572227200085763,0.004569397002342157,0.024563150996982586,29
4655,58,0.015413419001561124,0.004561082998407073,0.0251825640007155,31
4656,58,0.015306237997720018,0.004624474000593182,0.02778638800373301,33
4657,58,0.015789703000336885,0.00461949199961964,0.02716170100029558,35
4658,58,0.015354087998275645,0.004584677000821102,0.027722583996364847,37
4659,58,0.015325594999012537,0.0045920720003778115,0.02715452000120422,39
4660,58,0.013606114000140224,0.0038544920025742613,0.024692887003766373,41
4661,58,0.014016066998010501,0.0038734320041839965,0.024648954000440426,43
4662,58,0.01385906199720921,0.0038424800004577264,0.02460065099876374,45
4663,58,0.014601032999053132,0.003809406000073068,0.027524685006937943,47
4664,58,0.014109527997788973,0.003856184004689567,0.02424939400225412,49
4665,58,0.013554701996326912,0.0038645540043944493,0.024744971000473015,51
4666,58,0.01443464699696051,0.0038250850047916174,0.02460778900422156,53
4667,58,0.013775378996797372,0.0038650520000373945,0.024774650002655108,55
4668,58,0.013731676997849718,0.003837497999484185,0.02476890099933371,57
4669,58,0.013829564995830879,0.0038472099986393005,0.02484002699929988,59
4670,58,0.013678541996341664,0.0039050150007824413,0.02472329800366424,61
4671,58,0.013675809001142625,0.003843106002022978,0.024899723997805268,63
4672,58,0.013627649997943081,0.003842581994831562,0.024962920004327316,65
4673,58,0.013623468003061134,0.003840744997432921,0.024635288995341398,67
4674,58,0.013748846999078523,0.003888890001690015,0.024728958000196144,69
4675,58,0.013899335004680324,0.007081003001076169,0.02749538700300036,71
4676,58,0.013515705002646428,0.00709636700048577,0.027729184002964757,73
4677,58,0.013640334000228904,0.007171269004174974,0.027613771002506837,75
4678,58,0.013615710005979054,0.007146862000809051,0.028398419999575708,77
4679,58,0.013802811998175457,0.007109027006663382,0.02744574600365013,79
4680,58,0.015468069002963603,0.003117598003882449,0.025410533999092877,81
4681,58,0.01536874799785437,0.0030945389953558333,0.02495129399903817,83
4682,58,0.015372014000604395,0.004766362995724194,0.02479991399741266,85
4683,58,0.015572958000120707,0.0031485959989367984,0.024818472993501928,87
4684,58,0.015331832000811119,0.003086958000494633,0.024416396001470275,89
4685,58,0.015407047998451162,0.0031222429970512167,0.024701784997887444,91
4686,58,0.01526771600038046,0.0031276299996534362,0.024561335005273577,93
4687,58,0.015337696000642609,0.0030878860052325763,0.024736200997722335,95
4688,58,0.015441329996974673,0.0031255909998435527,0.02473936699971091,97
4689,58,0.015285987996321637,0.0031088649993762374,0.024830242997268215,99
4690,58,0.015435285000421572,0.005359914997825399,0.024701456000912003,101
4691,58,0.01543860500532901,0.005351562998839654,0.025002672999107745,103
4692,58,0.01533922199450899,0.005352092994144186,0.025147285996354185,105
4693,58,0.01554700900305761,0.005360340997867752,0.024967786004708614,107
4694,58,0.015558044004137628,0.005304295998939779,0.02514320600312203,109
4695,58,0.015393672001664527,0.005293412999890279,0.0249113540048711,111
4696,58,0.015634996998414863,0.0052821119970758446,0.025169585998810362,113
4697,58,0.015442939999047667,0.005270421999739483,0.02493672200216679,115
4698,58,0.016151527997863013,0.005309669999405742,0.02495823200297309,117
4699,58,0.015424911995069124,0.005258653000055347,0.02502418000221951,119
4700,58,0.013665815000422299,0.0038466679980047047,0.024834625000949018,121
4701,58,0.018987545001436956,0.0038657499972032383,0.025485701000434346,123
4702,58,0.013636174000566825,0.003872968998621218,0.02464525400137063,125
4703,58,0.01349140999809606,0.003822092003247235,0.024668286001542583,127
4704,58,0.01348198300547665,0.0038885329995537177,0.025182780002069194,129
4705,58,0.01397755699872505,0.0038240210051299073,0.024588743995991535,131
4706,58,0.013560213999880943,0.003836709998722654,0.024537976998544764,133
4707,58,0.013455298998451326,0.003854539005260449,0.02475968400540296,135
4708,58,0.013477880995196756,0.003847644002235029,0.024566666994360276,137
4709,58,0.013500232002115808,0.0038711110028089024,0.025382911997439805,139
4710,58,0.013859765000233892,0.005303919002471957,0.028331567002169322,141
4711,58,0.013497220999852289,0.005331658001523465,0.027456482996058185,143
4712,58,0.013630725996335968,0.005305085003783461,0.0272994059996563,145
4713,58,0.013492944002791774,0.005320966003637295,0.027131237999128643,147
4714,58,0.013542528999096248,0.005286201994749717,0.02707696799916448,149
4715,58,0.01347492999775568,0.005275201998301782,0.027169027998752426,151
4716,58,0.013470123994920868,0.005573549999098759,0.02719902599346824,153
4717,58,0.01354830900527304,0.0052752060000784695,0.027717855999071617,155
4718,58,0.013941606004664209,0.005505664004886057,0.027624538000964094,157
4719,58,0.013596552998933475,0.005344037999748252,0.027754158996685874,159
4720,59,0.015189106998150237,0.004526107994024642,0.02519212500192225,1
4721,59,0.01542750599764986,0.003836363997834269,0.02505368999845814,3
4722,59,0.015505614996072836,0.004030193995276932,0.025575120002031326,5
4723,59,0.01562361200194573,0.0038142590055940673,0.025047709001228213,7
4724,59,0.015456005006853957,0.0038642089930363,0.025300804001744837,9
4725,59,0.015270864001649898,0.003852718000416644,0.024653424996358808,11
4726,59,0.015266213005816098,0.0038580670006922446,0.02504319299623603,13
4727,59,0.015605175998643972,0.003946716002246831,0.026388806996692438,15
4728,59,0.015413581000757404,0.003796140998019837,0.024645251003676094,17
4729,59,0.01573683899914613,0.0040274089988088235,0.024680902002728544,19
4730,59,0.015573591001157183,0.003792956005781889,0.024910179003200028,21
4731,59,0.015756059001432732,0.0038631030038231984,0.024378475995035842,23
4732,59,0.01570135999645572,0.003820271995209623,0.024754037003731355,25
4733,59,0.015246311995724682,0.0039465960071538575,0.024637114998768084,27
4734,59,0.016265718993963674,0.0037714149948442355,0.02720284299721243,29
4735,59,0.015433622000273317,0.0038297800056170672,0.026892774003499653,31
4736,59,0.015157080000790302,0.003873177003697492,0.026688004996685777,33
4737,59,0.015168019002885558,0.0038785690048825927,0.026740879002318252,35
4738,59,0.015495810999709647,0.0038366410008165985,0.027204468002310023,37
4739,59,0.015384733997052535,0.003831474998150952,0.027010846002667677,39
4740,59,0.013991391002491582,0.003095343003224116,0.02476206799474312,41
4741,59,0.01370541699725436,0.003063805001147557,0.024553533003199846,43
4742,59,0.013614044997666497,0.00308443300309591,0.02439914899878204,45
4743,59,0.013821906002704054,0.0031185030020424165,0.025035792001290247,47
4744,59,0.013449885998852551,0.003217967998352833,0.025088898997637443,49
4745,59,0.014478932003839873,0.0030915410025045276,0.02444997400016291,51
4746,59,0.013678549003088847,0.003079565998632461,0.02453976499964483,53
4747,59,0.013548381997679826,0.003827057000307832,0.025838963003479876,55
4748,59,0.01370481099729659,0.003092863000347279,0.024497272999724373,57
4749,59,0.014058430002478417,0.0031239559975801967,0.024672544001077767,59
4750,59,0.013506561001122463,0.003082481001911219,0.02438269399863202,61
4751,59,0.01369429499754915,0.0031842370008234866,0.0249865830046474,63
4752,59,0.013316960998054128,0.0030751669983146712,0.024984559997392353,65
4753,59,0.013715563000005204,0.0031194170005619526,0.024999052002385724,67
4754,59,0.013706259000173304,0.003126645999145694,0.024617674003820866,69
4755,59,0.01357148199895164,0.005464982001285534,0.02713019600196276,71
4756,59,0.014015524997375906,0.005570576002355665,0.02805550400080392,73
4757,59,0.013518291001673788,0.005412329999671783,0.027883449001819827,75
4758,59,0.01356787999975495,0.005423767994216178,0.027365055000700522,77
4759,59,0.01360127900261432,0.00543875199946342,0.027477248004288413,79
4760,59,0.013908322995121125,0.003098552995652426,0.025083802996960003,81
4761,59,0.013490591998561285,0.003092489998380188,0.02458274899981916,83
4762,59,0.013489684999512974,0.0031135370008996688,0.024886100996809546,85
4763,59,0.013634233000630047,0.0030901430000085384,0.02423463100421941,87
4764,59,0.013725123993935995,0.00308969100296963,0.024478155995893758,89
4765,59,0.014121088999672793,0.003084292999119498,0.024464408998028375,91
4766,59,0.014157409001199994,0.0031157170014921576,0.024766160000581294,93
4767,59,0.01408325200463878,0.0031443460029549897,0.024886102000891697,95
4768,59,0.013759198001935147,0.003883440003846772,0.02461549900181126,97
4769,59,0.013571253002737649,0.005060679999587592,0.02494641800149111,99
4770,59,0.013694592002138961,0.004631404000974726,0.024805187997117173,101
4771,59,0.013587954999820795,0.0046105190049274825,0.02490593300171895,103
4772,59,0.013688553997781128,0.004591500997776166,0.025833062994934153,105
4773,59,0.013588169000286143,0.00458591099595651,0.02470345299661858,107
4774,59,0.013505057999282144,0.004590934004227165,0.0250192320017959,109
4775,59,0.013664570004038978,0.00457940799969947,0.025009826000314206,111
4776,59,0.013651687004312407,0.0045790369986207224,0.025127557004452683,113
4777,59,0.013797665000311099,0.004571821998979431,0.024780555999313947,115
4778,59,0.0136705110053299,0.004550296005618293,0.02495223799633095,117
4779,59,0.013733675994444638,0.0038658859994029626,0.025271988000895362,119
4780,59,0.013691908003238495,0.003812427996308543,0.02539345900004264,121
4781,59,0.013585900000180118,0.003857699004583992,0.024906136000936385,123
4782,59,0.013572202995419502,0.00383323899586685,0.025074495002627373,125
4783,59,0.01395223099825671,0.003837623000435997,0.024647779995575547,127
4784,59,0.014589614002034068,0.00381130200548796,0.024720022003748454,129
4785,59,0.013672396999027114,0.003841894998913631,0.025167084000713658,131
4786,59,0.013583248997747432,0.003841844001726713,0.02524896099930629,133
4787,59,0.013601530998130329,0.0038370979964383878,0.024706766998860985,135
4788,59,0.013606626002001576,0.0038783810014138,0.02545686899975408,137
4789,59,0.014179878999129869,0.003851989997201599,0.025149591005174443,139
4790,59,0.013687211998330895,0.0045995750042493455,0.02823780500330031,141
4791,59,0.013565434994234238,0.005284445003781002,0.02819153699965682,143
4792,59,0.013696919995709322,0.004604818997904658,0.02873995499976445,145
4793,59,0.013609312001790386,0.005280345998471603,0.027281340000627097,147
4794,59,0.013533984994865023,0.0053038370024296455,0.02724360600404907,149
4795,59,0.013865888999134768,0.005445741997391451,0.02719183699809946,151
4796,59,0.013705258003028575,0.005302767000102904,0.027677639001922216,153
4797,59,0.013592520001111552,0.0065878620007424615,0.027201879005588125,155
4798,59,0.014286559002357535,0.004553655999188777,0.027756082003179472,157
4799,59,0.01380745999631472,0.005250665999483317,0.02809357500518672,159
4800,60,0.01366648799739778,0.00455132399656577,0.025365511006384622,1
4801,60,0.013867671994375996,0.004563870999845676,0.025018104002811015,3
4802,60,0.014125763998890761,0.003868821993819438,0.02487422699778108,5
4803,60,0.013800880005874205,0.0038909319991944358,0.024796865000098478,7
4804,60,0.014559309005562682,0.003849672997603193,0.025215392997779418,9
4805,60,0.013548538001487032,0.0038395790033973753,0.02490273200237425,11
4806,60,0.013497390995325986,0.0038482399977510795,0.02446295700065093,13
4807,60,0.013647266998304985,0.004547527998511214,0.02547871699789539,15
4808,60,0.01350652999826707,0.0038134960050228983,0.027705827000318095,17
4809,60,0.013504128997738007,0.0038335959980031475,0.024729474003834184,19
4810,60,0.013505960996553767,0.0030693250009790063,0.027161713005625643,21
4811,60,0.01354911000089487,0.0038283710018731654,0.024454459999105893,23
4812,60,0.01368560700211674,0.003831399000773672,0.027007199001673143,25
4813,60,0.013470136000250932,0.003813789997366257,0.02719683099712711,27
4814,60,0.013589050999144092,0.0038533869956154376,0.026907359999313485,29
4815,60,0.013408054001047276,0.0038107860018499196,0.02695438799855765,31
4816,60,0.01347817399800988,0.00469691600301303,0.027213373003178276,33
4817,60,0.01347349400020903,0.004663405998144299,0.02717234600277152,35
4818,60,0.013900660997023806,0.00457495099544758,0.027247022997471504,37
4819,60,0.013532971002859995,0.004595327001879923,0.02716112900088774,39
4820,60,0.011859396996442229,0.0030945239996071905,0.025082922002184205,41
4821,60,0.011833400996692944,0.003106013005890418,0.025224807002814487,43
4822,60,0.011739891000615899,0.0031113509976421483,0.02497944100468885,45
4823,60,0.011743363000277895,0.0038342670013662428,0.024752748002356384,47
4824,60,0.01170754300255794,0.005046302001574077,0.02539481900021201,49
4825,60,0.011808650997409131,0.003090341000643093,0.025234561995603144,51
4826,60,0.012129602000641171,0.0030682159995194525,0.024941702002251986,53
4827,60,0.01228924299357459,0.003093008002906572,0.024675143002241384,55
4828,60,0.011758761000237428,0.0030654360016342252,0.0245024010000634,57
4829,60,0.011757478001527488,0.0038010059943189844,0.02474194799287943,59
4830,60,0.012356846003967803,0.003089694000664167,0.025574573999620043,61
4831,60,0.011942917997657787,0.0038098079967312515,0.025208901999576483,63
4832,60,0.011810390999016818,0.0031014100022730418,0.024391854996792972,65
4833,60,0.012333992999629118,0.003820345002168324,0.02481624599749921,67
4834,60,0.01184772299893666,0.003080286995100323,0.025423564999073278,69
4835,60,0.01182441600394668,0.005401012000220362,0.027020171997719444,71
4836,60,0.011884118001034949,0.005389728998125065,0.027725599997211248,73
4837,60,0.011715255001035985,0.005387783996411599,0.027558289002627134,75
4838,60,0.012125025001296308,0.005423137998150196,0.027070547002949752,77
4839,60,0.012196898002002854,0.0054320749986800365,0.027514913002960384,79
4840,60,0.017360067999106832,0.0038354179996531457,0.02525681000406621,81
4841,60,0.013781866000499576,0.0037953030041535385,0.025231649000488687,83
4842,60,0.013486101001035422,0.003837876000034157,0.024535092001315206,85
4843,60,0.0136648609986878,0.003832176997093484,0.02457043500180589,87
4844,60,0.013576042001659516,0.003827278000244405,0.02512998900056118,89
4845,60,0.01349799000308849,0.0038125089995446615,0.02457257199421292,91
4846,60,0.013734223000938073,0.003831745001662057,0.024429043995041866,93
4847,60,0.013507249001122545,0.003801439997914713,0.024777113998425193,95
4848,60,0.013421186005871277,0.0038282729947241023,0.02520351899875095,97
4849,60,0.014973555000324268,0.0038523510011145845,0.024508909998985473,99
4850,60,0.014452688999881502,0.004563141999824438,0.024702079994312953,101
4851,60,0.01384317900374299,0.004581214998324867,0.02506723700207658,103
4852,60,0.013475703999574762,0.004553427999780979,0.02483738899900345,105
4853,60,0.013740650996624026,0.004557361004117411,0.025403127001482062,107
4854,60,0.013999414994032122,0.0045839790036552586,0.024644363998959307,109
4855,60,0.013519783999072388,0.004535036998277064,0.025323972004116513,111
4856,60,0.013479747001838405,0.004565991002891678,0.024851002999639604,113
4857,60,0.013482854003086686,0.004571520003082696,0.024810449001961388,115
4858,60,0.013525296002626419,0.004565315997751895,0.02491145900421543,117
4859,60,0.013443518997519277,0.004560658999253064,0.024931073996413033,119
4860,60,0.015440089999174234,0.0038144209975143895,0.024896345996239688,121
4861,60,0.015573222997772973,0.004330956006015185,0.03384600400022464,123
4862,60,0.015380204997200053,0.003852873996947892,0.025519370996335056,125
4863,60,0.015275624995410908,0.00408719099505106,0.024783232001936994,127
4864,60,0.015482410999538843,0.0038353189956978895,0.024658839996845927,129
4865,60,0.015314003998355474,0.00412610599596519,0.02483230800135061,131
4866,60,0.015556172998913098,0.0038098049990367144,0.024937827998655848,133
4867,60,0.01603258199611446,0.00507560400001239,0.024838317003741395,135
4868,60,0.015379378004581667,0.0038132210029289126,0.0247715059958864,137
4869,60,0.015876679004577454,0.003988376003690064,0.02462893999472726,139
4870,60,0.015591161994962022,0.00602894199982984,0.027049527001508977,141
4871,60,0.01561247499921592,0.005426805000752211,0.027518370996403974,143
4872,60,0.015829591000510845,0.006058028004190419,0.027848917001392692,145
4873,60,0.015477979002753273,0.00608450299478136,0.027700755999831017,147
4874,60,0.01543139100249391,0.006098992002080195,0.02730123699438991,149
4875,60,0.015428448001330253,0.006132783004431985,0.02776029300002847,151
4876,60,0.015314787000534125,0.0060555660020327196,0.027857574001245666,153
4877,60,0.01596922399767209,0.004584333997627255,0.027090313997177873,155
4878,60,0.01527146700391313,0.006185776997881476,0.027563097995880526,157
4879,60,0.015362990998255555,0.006043690002115909,0.02718061500490876,159
4880,61,0.015687415005231742,0.004101376995095052,0.02634065099846339,1
4881,61,0.015555044999928214,0.0038279010041151196,0.025726551000843756,3
4882,61,0.01556618399627041,0.0031176670017885044,0.02548883199779084,5
4883,61,0.015416555004776455,0.0031016259963507764,0.025431734997255262,7
4884,61,0.015466464996279683,0.003847728999971878,0.024922306998632848,9
4885,61,0.015440804003446829,0.003141020002658479,0.025062927001272328,11
4886,61,0.015272418997483328,0.0031148020061664283,0.024965873002656735,13
4887,61,0.01523401099984767,0.0038609740004176274,0.024578265998570714,15
4888,61,0.01632278299803147,0.0031203309990814887,0.024678583999047987,17
4889,61,0.01617834100034088,0.0031263619966921397,0.02496275799785508,19
4890,61,0.015715740002633538,0.0030921399957151152,0.025036220999027137,21
4891,61,0.015951317000144627,0.003084426003624685,0.02445884199551074,23
4892,61,0.015358141004981007,0.0038359870013664477,0.0246568419970572,25
4893,61,0.01565365600254154,0.003831469002761878,0.02483860999927856,27
4894,61,0.015437554000527598,0.003819243000179995,0.027264502001344226,29
4895,61,0.015581285006192047,0.004554147002636455,0.028172965001431294,31
4896,61,0.015872094001679216,0.004551857004116755,0.027588898003159557,33
4897,61,0.015649070002837107,0.004627847993106116,0.027051005003158934,35
4898,61,0.01608982500329148,0.004562964997603558,0.02735179400042398,37
4899,61,0.015604615997290239,0.0045808610011590645,0.027092537995486055,39
4900,61,0.013752989005297422,0.003087069002503995,0.024739378997765016,41
4901,61,0.013658923002367374,0.0031096589955268428,0.024614009002107196,43
4902,61,0.013982096999825444,0.0030913319933461025,0.024421011003141757,45
4903,61,0.013426570993033238,0.003085420001298189,0.02466460600408027,47
4904,61,0.013656962997629307,0.003072389001317788,0.025157816002320033,49
4905,61,0.0136508759969729,0.0030512360026477836,0.024451113000395708,51
4906,61,0.013631809000798967,0.003094766005233396,0.024497432001226116,53
4907,61,0.013838617000146769,0.0030826570000499487,0.025152048001473304,55
4908,61,0.013530501004424877,0.003101401998719666,0.02458929600106785,57
4909,61,0.013487796000845265,0.003083792995312251,0.024789211005554534,59
4910,61,0.013534553996578325,0.005096411005069967,0.02462148300401168,61
4911,61,0.013545501002226956,0.003094888001214713,0.02503699899534695,63
4912,61,0.013518312996893656,0.0030890260022715665,0.024356702000659425,65
4913,61,0.013638612006616313,0.0031024390045786276,0.02483949300221866,67
4914,61,0.013625028994283639,0.0031044429997564293,0.024568428001657594,69
4915,61,0.01358992799941916,0.006144730003143195,0.02942064200033201,71
4916,61,0.013953531000879593,0.006154465998406522,0.02989199799776543,73
4917,61,0.013695585003006272,0.006173825000587385,0.029869726997276302,75
4918,61,0.013578131001850124,0.00618228099483531,0.03000162500393344,77
4919,61,0.014152686002489645,0.006186860999150667,0.029812705994118005,79
4920,61,0.013560274994233623,0.0031220569944707677,0.024756471000728197,81
4921,61,0.013783175003482029,0.0031091799974092282,0.024500065002939664,83
4922,61,0.013763740003923886,0.00308810099522816,0.02464446700469125,85
4923,61,0.013962147000711411,0.0030800039967289194,0.024644730998261366,87
4924,61,0.013540334002755117,0.003057171001273673,0.02448558600008255,89
4925,61,0.013607640998088755,0.0030829680035822093,0.02458963000390213,91
4926,61,0.0138122749995091,0.0030903309962013736,0.024556262003898155,93
4927,61,0.013583735999418423,0.0030812850018264726,0.025385421002283692,95
4928,61,0.013635467999847606,0.0031090089978533797,0.024534158997994382,97
4929,61,0.013586738998128567,0.0030921080033294857,0.02538668399938615,99
4930,61,0.014219696997315623,0.004534929001238197,0.024480406995280646,101
4931,61,0.013446839002426714,0.0038032929951441474,0.024551454000175,103
4932,61,0.013445796001178678,0.0038196749956114218,0.02439288500318071,105
4933,61,0.013711911997233983,0.004048148002766538,0.026393444000859745,107
4934,61,0.014081775996601209,0.0038171159976627678,0.024936690999311395,109
4935,61,0.013883653002267238,0.00383753000642173,0.02455250899947714,111
4936,61,0.013637694006320089,0.004547055999864824,0.02508385400142288,113
4937,61,0.013606724998680875,0.0045281319980858825,0.024844260995450895,115
4938,61,0.013836621001246385,0.003834320006717462,0.024704215000383556,117
4939,61,0.013853375996404793,0.0038425709935836494,0.024938359994848724,119
4940,61,0.014119365994702093,0.0031019259986351244,0.025106821005465463,121
4941,61,0.013545689005695749,0.0031180130026768893,0.024434102000668645,123
4942,61,0.013472318001731765,0.0031356749968836084,0.025023399000929203,125
4943,61,0.013542631997552235,0.003085630996793043,0.024509580005542375,127
4944,61,0.014226812003471423,0.003142241999739781,0.024574119997851085,129
4945,61,0.013711961000808515,0.0030786679999437183,0.02465402300003916,131
4946,61,0.013920238998252898,0.003128896998532582,0.024554326002544258,133
4947,61,0.013635561997944023,0.0030660370030091144,0.024692195998795796,135
4948,61,0.013457789995300118,0.003052739004488103,0.024295689996506553,137
4949,61,0.013464326999383047,0.0030569320006179623,0.024883132995455526,139
4950,61,0.01348157699976582,0.007108393998350948,0.026792206001118757,141
4951,61,0.013536038997699507,0.006039567997504491,0.02829558999656001,143
4952,61,0.01360509100049967,0.006280374997004401,0.02798995500052115,145
4953,61,0.013557499005401041,0.006929818999196868,0.03054689199780114,147
4954,61,0.01361940899369074,0.006035951002559159,0.02718210800230736,149
4955,61,0.013572822994319722,0.006008181000652257,0.027358538995031267,151
4956,61,0.013648654996359255,0.004578096995828673,0.02771440799551783,153
4957,61,0.013568672999099363,0.006592110003111884,0.027319974004058167,155
4958,61,0.01359440400119638,0.004575843995553441,0.0277349050011253,157
4959,61,0.013544392000767402,0.0064687080011935905,0.027244147000601515,159
4960,62,0.015895124997769017,0.003907070997229312,0.025446117004321422,1
4961,62,0.015423377997649368,0.0038515550040756352,0.02493565299664624,3
4962,62,0.015318100995500572,0.003947055003663991,0.024584598002547864,5
4963,62,0.015274813995347358,0.003111509999143891,0.024927783000748605,7
4964,62,0.015307117006159388,0.0030538650025846437,0.024903673998778686,9
4965,62,0.015375009003037121,0.003819689001829829,0.02513123300013831,11
4966,62,0.015507011994486675,0.0038512050014105625,0.024735977000091225,13
4967,62,0.015440875002241228,0.0038114790004328825,0.024679989997821394,15
4968,62,0.015512199002841953,0.0038169010003912263,0.024615861002530437,17
4969,62,0.015312155002902728,0.003834445000393316,0.025262337003368884,19
4970,62,0.015339170000515878,0.0038616180027020164,0.024657221001689322,21
4971,62,0.015329601999837905,0.003855157003272325,0.024700885005586315,23
4972,62,0.015482622999115847,0.0030985150006017648,0.02436606099945493,25
4973,62,0.016019406000850722,0.0038598039973294362,0.024397197004873306,27
4974,62,0.01548681799613405,0.0038615439989371225,0.02697975699993549,29
4975,62,0.01534589799848618,0.00462829000025522,0.02727744400181109,31
4976,62,0.015386193997983355,0.004617531994881574,0.027617896004812792,33
4977,62,0.015333515999373049,0.004604216999723576,0.027667918999213725,35
4978,62,0.015608594003424514,0.004585490998579189,0.027120489998196717,37
4979,62,0.016804659993795212,0.0045540490027633496,0.02718842500325991,39
4980,62,0.013522209999791812,0.003816943004494533,0.024678558998857625,41
4981,62,0.013449088997731451,0.0038183069991646335,0.024400964000960812,43
4982,62,0.013622665996081196,0.003067785997700412,0.0244878619996598,45
4983,62,0.013409343002422247,0.0038000509957782924,0.024500426996382885,47
4984,62,0.013599855003121775,0.0038250199941103347,0.024568426997575443,49
4985,62,0.01353909399767872,0.003835973002423998,0.024549549001676496,51
4986,62,0.013874172000214458,0.005045142999733798,0.024612013003206812,53
4987,62,0.013871764997020364,0.0038387690001400188,0.024749962001806125,55
4988,62,0.013516960003471468,0.0030656610033474863,0.025799655995797366,57
4989,62,0.013463401002809405,0.003869029998895712,0.024365467004827224,59
4990,62,0.013520300999516621,0.0030692770014866255,0.024931774998549372,61
4991,62,0.014064474002225325,0.004104072002519388,0.024434762002783827,63
4992,62,0.013704245997359976,0.004296904000511859,0.02468647299974691,65
4993,62,0.014200243000232149,0.003864258003886789,0.025296344996604603,67
4994,62,0.0136511490054545,0.005051050997280981,0.025340202999359462,69
4995,62,0.014107023001997732,0.005406757001765072,0.027570140002353583,71
4996,62,0.01400251599989133,0.005433532001916319,0.027700667997123674,73
4997,62,0.01376812200032873,0.005437806001282297,0.027612771998974495,75
4998,62,0.013629955996293575,0.005425599003501702,0.027142043996718712,77
4999,62,0.01352888900146354,0.005400347996328492,0.027331211997079663,79
5000,62,0.013760847999947146,0.003791564995481167,0.024974124004074838,81
5001,62,0.013756202002696227,0.003828304004855454,0.024713384998904075,83
5002,62,0.014297228000941686,0.003834759001620114,0.024811034003505483,85
5003,62,0.014249910003854893,0.0038320590028888546,0.024540573002013844,87
5004,62,0.013991427003929857,0.0038688220010953955,0.024682784998731222,89
5005,62,0.013745602998824324,0.0038702380043105222,0.02532416899339296,91
5006,62,0.014297904999693856,0.0038021119980840012,0.024979637004435062,93
5007,62,0.013620498997624964,0.0038715799964847974,0.024702048998733517,95
5008,62,0.013906826003221795,0.0038769780003349297,0.0248633820010582,97
5009,62,0.01399587500054622,0.0038848069962114096,0.02484686000389047,99
5010,62,0.013763393995759543,0.004579863998515066,0.024712052996619605,101
5011,62,0.01411815400206251,0.005825507003464736,0.024752156001341064,103
5012,62,0.013683028999366798,0.004597776998707559,0.025740589000633918,105
5013,62,0.013714636996155605,0.004610509000485763,0.02517305400397163,107
5014,62,0.014174780997564085,0.0045944059966132045,0.025779085997783113,109
5015,62,0.013795128994388506,0.004712153997388668,0.02494542399654165,111
5016,62,0.014183448001858778,0.0045645790014532395,0.025169817999994848,113
5017,62,0.013682561002497096,0.004557897002086975,0.02466419499978656,115
5018,62,0.013563597000029404,0.004548721000901423,0.02488943699427182,117
5019,62,0.013586244000180159,0.004579730004479643,0.024832741997670382,119
5020,62,0.015287036003428511,0.0031045629948494025,0.02489432400034275,121
5021,62,0.015296432997274678,0.0038171369960764423,0.025279189001594204,123
5022,62,0.015313851996324956,0.003094304003752768,0.024478608000208624,125
5023,62,0.015236990002449602,0.0031227290019160137,0.024493782002537046,127
5024,62,0.01865030200133333,0.003147012001136318,0.02510977700148942,129
5025,62,0.01580289800040191,0.003138927000691183,0.025020111999765504,131
5026,62,0.01561767599923769,0.0030986710044089705,0.025029855001776014,133
5027,62,0.015334900002926588,0.0031102819993975572,0.02524468000046909,135
5028,62,0.015341106998675968,0.0030777269930695184,0.02451128899701871,137
5029,62,0.015598764999595005,0.0031453499977942556,0.025376992001838516,139
5030,62,0.015323919004003983,0.0052956400031689554,0.027077325001300778,141
5031,62,0.01592701800109353,0.005311539993272163,0.027831059996969998,143
5032,62,0.01531030899786856,0.005292231995554175,0.02746112400200218,145
5033,62,0.015517861997068394,0.005364397999073844,0.02747584399912739,147
5034,62,0.015313426003558561,0.005310947002726607,0.027518179995240644,149
5035,62,0.015342573999078013,0.00529424400156131,0.02729116100090323,151
5036,62,0.015718291004304774,0.005341919000784401,0.027189231004740577,153
5037,62,0.015625997999450192,0.005266482003207784,0.027542181000171695,155
5038,62,0.015431154999532737,0.005276903000776656,0.027020168003218714,157
5039,62,0.0162425379967317,0.005346311998437159,0.027241001997026615,159
5040,63,0.01566463399649365,0.003139840002404526,0.02512065100017935,1
5041,63,0.015381418001197744,0.0030979540024418384,0.024414850005996414,3
5042,63,0.015159056994889397,0.0030880989943398163,0.0242463829999906,5
5043,63,0.015162602998316288,0.0038660729987896048,0.024247772998933215,7
5044,63,0.015218743996229023,0.003131639998173341,0.024396292996243574,9
5045,63,0.015343061000749003,0.0030888529945514165,0.02580876300635282,11
5046,63,0.015334153998992406,0.003072079001867678,0.024684646996320225,13
5047,63,0.01563739599805558,0.0031416120036737993,0.024821355000312906,15
5048,63,0.015603107000060845,0.0038850310011184774,0.024866113999451045,17
5049,63,0.015387614999781363,0.0038628389957011677,0.024548599001718685,19
5050,63,0.01635413100302685,0.0038768310041632503,0.024652731997775845,21
5051,63,0.015754738000396173,0.004559986999083776,0.024807079003949184,23
5052,63,0.015292134004994296,0.004550088997348212,0.024633662003907375,25
5053,63,0.015367774001788348,0.003826122992904857,0.024818003999826033,27
5054,63,0.01547889900393784,0.004653862000850495,0.025170619002892636,29
5055,63,0.015527885996561963,0.0045635830028913915,0.03188012199825607,31
5056,63,0.015427645004820079,0.004592436998791527,0.028092649001337122,33
5057,63,0.015358057004050352,0.004554999999527354,0.027436184005637188,35
5058,63,0.015512638994550798,0.00460862199543044,0.027228243998251855,37
5059,63,0.015350035995652433,0.004606135997164529,0.02766177200101083,39
5060,63,0.013599459998658858,0.00311535999935586,0.024836442004016135,41
5061,63,0.013971214000775944,0.0031157210032688454,0.024912040003982838,43
5062,63,0.013962728000478819,0.003107012998952996,0.025036620994796976,45
5063,63,0.013516891995095648,0.00304791300004581,0.02440726200438803,47
5064,63,0.014434141005040146,0.003088664001552388,0.02432948500063503,49
5065,63,0.013495303006493486,0.0030934649985283613,0.024507454996637534,51
5066,63,0.013507468000170775,0.0030526100017596036,0.0244515140002477,53
5067,63,0.01392127999861259,0.0030319649958983064,0.024446067996905185,55
5068,63,0.013484651994076557,0.00380860100267455,0.024878156997147016,57
5069,63,0.013613529001304414,0.0030309009962365963,0.024377294997975696,59
5070,63,0.01396600999578368,0.004789056001754943,0.024521903003915213,61
5071,63,0.013708792001125403,0.0031357209954876453,0.02530251400457928,63
5072,63,0.013914798000769224,0.0031561879950459115,0.024913731998822186,65
5073,63,0.013678879004146438,0.0030657759998575784,0.024800815001071896,67
5074,63,0.013673727997229435,0.003064316995732952,0.02482463899650611,69
5075,63,0.01395799100282602,0.005417850996309426,0.027092712000012398,71
5076,63,0.013829363000695594,0.005494324999745004,0.028059527998266276,73
5077,63,0.014208262000465766,0.00551514499966288,0.027242526994086802,75
5078,63,0.013997489004395902,0.00545703100215178,0.027603375005128328,77
5079,63,0.013866351000615396,0.005402552997111343,0.027121343002363574,79
5080,63,0.015289490998839028,0.003849733002425637,0.02451619500061497,81
5081,63,0.01546926500304835,0.00311155199597124,0.024497393002093304,83
5082,63,0.015692055007093586,0.003143043999443762,0.02470672700292198,85
5083,63,0.01574281699868152,0.0030951970038586296,0.025144084997009486,87
5084,63,0.015455353001016192,0.0030890459966030903,0.024529676004021894,89
5085,63,0.01546344900270924,0.0030928979977034032,0.02474253899708856,91
5086,63,0.015846066002268344,0.0031663460031268187,0.024574127004598267,93
5087,63,0.015251650002028327,0.003121005000139121,0.024713032005820423,95
5088,63,0.01525926600152161,0.0031060479959705845,0.02465259200107539,97
5089,63,0.015268814000592101,0.0031132410003920086,0.024636289999762084,99
5090,63,0.015303775006032083,0.004591484997945372,0.02469438500702381,101
5091,63,0.015549955998721998,0.004553550999844447,0.024523721003788523,103
5092,63,0.015316174001782201,0.004577102001348976,0.02495980099774897,105
5093,63,0.015362484999059234,0.004603114000929054,0.024774937999609392,107
5094,63,0.015504339993640315,0.004562139998597559,0.024614257999928668,109
5095,63,0.015324914005759638,0.00456848199974047,0.025538072004565038,111
5096,63,0.015779205001308583,0.004584005997458007,0.025051222000911366,113
5097,63,0.015558355997200124,0.004593144003592897,0.028370535997964907,115
5098,63,0.01568479900015518,0.0045431149992509745,0.03247360399836907,117
5099,63,0.015305603999877349,0.004558747001283336,0.025074224002310075,119
5100,63,0.015604579995851964,0.0031162070008576848,0.025313404999906197,121
5101,63,0.01566227900184458,0.0033754090036381967,0.02455731299414765,123
5102,63,0.015461003000382334,0.0030776090061408468,0.025471237000601832,125
5103,63,0.015456471999641508,0.003815834003034979,0.024848493994795717,127
5104,63,0.015572776996123139,0.0048984800014295615,0.024481901004037354,129
5105,63,0.01527926300332183,0.0030908489934518,0.024795728000754025,131
5106,63,0.015361280995421112,0.003100305999396369,0.024286222003865987,133
5107,63,0.015885089000221342,0.003054460001294501,0.02501230799680343,135
5108,63,0.01514914100698661,0.0030783830006839707,0.02414087100623874,137
5109,63,0.015398964002088178,0.0030828880044282414,0.025129884998023044,139
5110,63,0.02439937000599457,0.005356513000151608,0.026698640001995955,141
5111,63,0.015235016995575279,0.005340267998690251,0.035334833002707455,143
5112,63,0.015329478002968244,0.0053620900071109645,0.028058210002200212,145
5113,63,0.015513705999183003,0.0053229420009301975,0.027810038001916837,147
5114,63,0.0160996780032292,0.005293042995617725,0.0270178369974019,149
5115,63,0.015241859000525437,0.0053086429979885,0.02734338300069794,151
5116,63,0.015247003000695258,0.006096003999118693,0.026968919002683833,153
5117,63,0.01534086500032572,0.0060523290012497455,0.027310673998726998,155
5118,63,0.015243472997099161,0.00530724100099178,0.027105639994260855,157
5119,63,0.01568471299833618,0.005382205999922007,0.027373358003387693,159
5120,64,0.013633954004035331,0.0053324449982028455,0.025539313995977864,1
5121,64,0.014215948998753447,0.005348581995349377,0.025083027998334728,3
5122,64,0.013692442997125909,0.004569586002617143,0.02540638500067871,5
5123,64,0.013644550999742933,0.004593400000885595,0.02455997499782825,7
5124,64,0.014182492996042129,0.004574714999762364,0.02507158599473769,9
5125,64,0.013675451999006327,0.005298343996400945,0.024622854994959198,11
5126,64,0.01360608400136698,0.005322968994732946,0.0251361150003504,13
5127,64,0.014647836003859993,0.005730843993660528,0.024874272996385116,15
5128,64,0.01422016900323797,0.0038482630043290555,0.02518453299853718,17
5129,64,0.013553476994275115,0.004581257999234367,0.02455790100066224,19
5130,64,0.013541920998250134,0.0038163030039868318,0.02747872100007953,21
5131,64,0.013930814995546825,0.004554482002276927,0.025037486004293896,23
5132,64,0.01712849699833896,0.003834682000160683,0.027876009997271467,25
5133,64,0.01343816699954914,0.0038091899987193756,0.026929198000289034,27
5134,64,0.013390683001489379,0.0038224550007726066,0.02730823199817678,29
5135,64,0.013657727002282627,0.0038762729964219034,0.02706480499909958,31
5136,64,0.013512299003195949,0.004544054994767066,0.027742837002733722,33
5137,64,0.013661985998624004,0.00459386600414291,0.027345730995875783,35
5138,64,0.013723058000323363,0.004565251998428721,0.027758161995734554,37
5139,64,0.013827130998834036,0.004559460001473781,0.02735055000084685,39
5140,64,0.013539828003558796,0.0031059920002007857,0.024618202005513012,41
5141,64,0.013937617994088214,0.003833850998489652,0.02474926699505886,43
5142,64,0.013694583998585586,0.0031413270044140518,0.024817873003485147,45
5143,64,0.013853917000233196,0.0038358120000339113,0.02504094599862583,47
5144,64,0.013528962001146283,0.0038578829990001395,0.02488998699845979,49
5145,64,0.013408129001618363,0.0038570549950236455,0.02489423399674706,51
5146,64,0.013893444003770128,0.0031053619968588464,0.024489500996423885,53
5147,64,0.01404500000353437,0.003852039997582324,0.025264257994422223,55
5148,64,0.013604744002805091,0.00386873800016474,0.02459531700151274,57
5149,64,0.013625347004563082,0.0030952910019550472,0.025338692001241725,59
5150,64,0.013657217001309618,0.003859129996271804,0.024490558003890328,61
5151,64,0.013589097005024087,0.003832930000498891,0.02512532999389805,63
5152,64,0.013562292995629832,0.0038509119985974394,0.024937230002251454,65
5153,64,0.014000071001646575,0.003864052996505052,0.02488137500040466,67
5154,64,0.013601171995105688,0.0038631549978163093,0.02526348500396125,69
5155,64,0.013522059998649638,0.005422467002063058,0.027669491995766293,71
5156,64,0.013591827999334782,0.005483109998749569,0.029130121001799125,73
5157,64,0.013608148001367226,0.005454355996334925,0.02717582299374044,75
5158,64,0.013618038996355608,0.005458887004351709,0.027465658000437543,77
5159,64,0.013556354999309406,0.005469734001962934,0.027216522001253907,79
5160,64,0.013699228002224118,0.0031254280038410798,0.02566571500210557,81
5161,64,0.013820535001286771,0.005106240001623519,0.024773732002358884,83
5162,64,0.013693298998987302,0.005100189002405386,0.024972711005830206,85
5163,64,0.014141710002149921,0.0031326400057878345,0.02540408899949398,87
5164,64,0.013698122995265294,0.004117513999517541,0.02467896699818084,89
5165,64,0.013586065993877128,0.004503967997152358,0.025024289003340527,91
5166,64,0.013644737002323382,0.003867237006488722,0.025196215996402316,93
5167,64,0.013726666998991277,0.0039846610015956685,0.024880344004486687,95
5168,64,0.01366680800128961,0.0030593240007874556,0.024932446001912467,97
5169,64,0.013574181000876706,0.0030856290031806566,0.024585426996054593,99
5170,64,0.013845288995071314,0.004539750996627845,0.02458152300096117,101
5171,64,0.013642112993693445,0.00457447899680119,0.02491997499600984,103
5172,64,0.013813500001560897,0.004610678995959461,0.024800307997793425,105
5173,64,0.013840006999089383,0.004563687994959764,0.024781840002106037,107
5174,64,0.013798025000141934,0.004576314997393638,0.025111062001087703,109
5175,64,0.013944184000138193,0.004572190002363641,0.02480375999584794,111
5176,64,0.013761141002760269,0.004579132997605484,0.024763790002907626,113
5177,64,0.01373466500081122,0.004577065999910701,0.0252328669957933,115
5178,64,0.013790061995678116,0.004620822997821961,0.02493892200436676,117
5179,64,0.013831951000611298,0.004627908005204517,0.0250037820005673,119
5180,64,0.015412633001687936,0.0031257619993994012,0.02557048900052905,121
5181,64,0.016017235997423995,0.0030894740048097447,0.025250031001633033,123
5182,64,0.01521710300585255,0.0030808879964752123,0.026001491001807153,125
5183,64,0.015347448003012687,0.0031034909989102744,0.02507235499797389,127
5184,64,0.015258907995303161,0.003142747998936102,0.02502630300296005,129
5185,64,0.015264637004293036,0.003123238006082829,0.024361707000934985,131
5186,64,0.015525153001362924,0.003071907995035872,0.02671867300523445,133
5187,64,0.015398271003505215,0.0031045590003486723,0.02448123000067426,135
5188,64,0.015676312999858055,0.003087615994445514,0.025507055994239636,137
5189,64,0.015706165999290533,0.0038494339969474822,0.025034528000105638,139
5190,64,0.015422526994370855,0.005319543997757137,0.027091353003925178,141
5191,64,0.015648186003090814,0.004573092002829071,0.027108821996080223,143
5192,64,0.015248263996909373,0.0052916019994881935,0.027455327995994594,145
5193,64,0.015633795002941042,0.005300359000102617,0.027399760998378042,147
5194,64,0.015346558000601362,0.005322277000232134,0.02746573800686747,149
5195,64,0.015360864999820478,0.005284152000967879,0.027687342997523956,151
5196,64,0.015330560003349092,0.005309724998369347,0.02808339200419141,153
5197,64,0.01546574900567066,0.005294896000123117,0.02821354300249368,155
5198,64,0.016770996997365728,0.006044832996849436,0.027797009999630973,157
5199,64,0.01536626699817134,0.005311710003297776,0.02801059200282907,159
5200,65,0.01406135100114625,0.004520704002061393,0.025448481996136252,1
5201,65,0.013655955997819547,0.004542365000816062,0.024886933002562728,3
5202,65,0.013506190000043716,0.003833587994449772,0.025459355994826183,5
5203,65,0.013758642999164294,0.00456255999597488,0.024662752999574877,7
5204,65,0.013583817999460734,0.004586682000081055,0.025026367999089416,9
5205,65,0.013591039998573251,0.004559162000077777,0.02504131199384574,11
5206,65,0.01365192099910928,0.004535597996436991,0.02478552400134504,13
5207,65,0.013745927994023077,0.004552892001811415,0.035829371998261195,15
5208,65,0.013861781000741757,0.0038240009962464683,0.027011045996914618,17
5209,65,0.015757278000819497,0.0038328619993990287,0.027059603999077808,19
5210,65,0.014118640996457543,0.003819616002147086,0.027722874998289626,21
5211,65,0.01353425200068159,0.004535204003332183,0.024568205000832677,23
5212,65,0.013497182000719476,0.0038141249970067292,0.027094782002677675,25
5213,65,0.013553019998653326,0.0038326700014295056,0.02713470500020776,27
5214,65,0.013891062000766397,0.003919760005373973,0.028387635000399314,29
5215,65,0.013659557997016236,0.0038563939961022697,0.027631552999082487,31
5216,65,0.013550203999329824,0.0045457849992089905,0.027325224997184705,33
5217,65,0.013674144996912219,0.004547049997199792,0.02794375799567206,35
5218,65,0.01376915699802339,0.004523663999862038,0.027355103004083503,37
5219,65,0.013712213993130717,0.004541800000879448,0.027572400998906232,39
5220,65,0.01353875499626156,0.003100172005360946,0.02532020099897636,41
5221,65,0.013496450999809895,0.003078829999139998,0.024478088998876046,43
5222,65,0.013616206997539848,0.003103247996477876,0.025263737006753217,45
5223,65,0.013483536000421736,0.0030971020023571327,0.02472746699640993,47
5224,65,0.013979809999000281,0.0030871709968778305,0.02468183600285556,49
5225,65,0.013835780999215785,0.003075316002650652,0.02518795799551299,51
5226,65,0.014117220001935493,0.0031367269984912127,0.024674492997291964,53
5227,65,0.013841669002431445,0.0030800390013610013,0.024977088993182406,55
5228,65,0.01353749600093579,0.003119793997029774,0.02424108200648334,57
5229,65,0.013527540002542082,0.0030698830014443956,0.02438157199503621,59
5230,65,0.01398798800073564,0.004395913005282637,0.024984493997180834,61
5231,65,0.013544494002417196,0.0030703639931743965,0.035140959997079335,63
5232,65,0.013560792998760007,0.0031215109993354417,0.02492925999831641,65
5233,65,0.013395560999924783,0.0030526999980793335,0.024692946994036902,67
5234,65,0.013445365002553444,0.003047827005502768,0.02450459499959834,69
5235,65,0.013456417997076642,0.006118577002780512,0.027044210997701157,71
5236,65,0.01339531099802116,0.006144979997770861,0.02719141200213926,73
5237,65,0.013467840995872393,0.006140659999800846,0.02702883899473818,75
5238,65,0.013457571003527846,0.00610013899859041,0.027460025004984345,77
5239,65,0.015833869998459704,0.00646381700062193,0.027208603998587932,79
5240,65,0.013921218996983953,0.003102087997831404,0.025123838997387793,81
5241,65,0.014476188996923156,0.0030986079946160316,0.024653263004438486,83
5242,65,0.013559030994656496,0.0030638349999208003,0.025013336999109015,85
5243,65,0.013531743003113661,0.003094357998634223,0.024731468001846224,87
5244,65,0.013588716996309813,0.0030711810031789355,0.02439383500313852,89
5245,65,0.013597477998700924,0.003069791004236322,0.02489034100290155,91
5246,65,0.013625617000798229,0.003067933001148049,0.02441971899679629,93
5247,65,0.01350399300281424,0.003107122000074014,0.024610873995698057,95
5248,65,0.013521265995223075,0.0030934110036469065,0.024735601000429597,97
5249,65,0.013566667003033217,0.0030587529981858097,0.024615727001219057,99
5250,65,0.01377346600202145,0.004566048002743628,0.024338985997019336,101
5251,65,0.01369020099809859,0.004617110003891867,0.024609211999631952,103
5252,65,0.01359146399772726,0.004593377998389769,0.025373087002662942,105
5253,65,0.01372663399524754,0.00454472099954728,0.024667063997185323,107
5254,65,0.013510363998648245,0.004548255004920065,0.02491321400157176,109
5255,65,0.013570604001870379,0.004576213999825995,0.025762311997823417,111
5256,65,0.013790222998068202,0.004561950001516379,0.024894194000808056,113
5257,65,0.013557505997596309,0.004586408998875413,0.02479237999796169,115
5258,65,0.013660984994203318,0.004568247000861447,0.025154670998745132,117
5259,65,0.013572807001764886,0.004563458998745773,0.02492141599941533,119
5260,65,0.015313012998376507,0.003828887995041441,0.02475944899924798,121
5261,65,0.01600578799843788,0.003099649002251681,0.024449197000649292,123
5262,65,0.015839391002373304,0.0031349779965239577,0.024503446999005973,125
5263,65,0.015841433996683918,0.003108381002675742,0.02521730800071964,127
5264,65,0.015435863999300636,0.0030921669967938215,0.024717595995753072,129
5265,65,0.015319270998588763,0.0031092960052774288,0.02485180800431408,131
5266,65,0.015390828004456125,0.0030925449973437935,0.024543004998122342,133
5267,65,0.015423172997543588,0.003109288001724053,0.02473710999765899,135
5268,65,0.01536823199421633,0.0030999899972812273,0.024707076001504902,137
5269,65,0.01542883799993433,0.00307750899810344,0.02501556700008223,139
5270,65,0.015424096993228886,0.005301812001562212,0.027231470005062874,141
5271,65,0.015898512996500358,0.005290803994284943,0.02755464999791002,143
5272,65,0.015432881002197973,0.005315061003784649,0.027443834995210636,145
5273,65,0.015790077006386127,0.005281896999804303,0.02781599500303855,147
5274,65,0.015650824003387243,0.005307667001034133,0.02756323899666313,149
5275,65,0.01600774899998214,0.005297495001286734,0.02742312099871924,151
5276,65,0.015552926997770555,0.005290426001010928,0.027319253000314347,153
5277,65,0.015624125997419469,0.005374820000724867,0.02726148699730402,155
5278,65,0.016111101002024952,0.005245385000307579,0.027631251999991946,157
5279,65,0.015565228997729719,0.005275524003081955,0.02767056399898138,159
5280,66,0.015289107999706175,0.004601690998242702,0.024942502001067623,1
5281,66,0.015379194999695756,0.004617935002897866,0.0251593180000782,3
5282,66,0.015211297999485396,0.003843939004582353,0.02482208800211083,5
5283,66,0.015291702999093104,0.0030811459946562536,0.024674509004398715,7
5284,66,0.015285558001778554,0.0030840889958199114,0.02437383299547946,9
5285,66,0.01560076200257754,0.003841209996608086,0.024477416998706758,11
5286,66,0.015237981999234762,0.003821251004410442,0.02483871999720577,13
5287,66,0.01526260100217769,0.0038079980004113168,0.025161595003737602,15
5288,66,0.015494677005335689,0.0031085139999049716,0.024961783004982863,17
5289,66,0.015842929999053013,0.003864074002194684,0.025648296999861486,19
5290,66,0.015499850000196602,0.005068143997050356,0.02829727000062121,21
5291,66,0.01618367999617476,0.004523269002675079,0.02490474899968831,23
5292,66,0.015707989005022682,0.0038729939988115802,0.027332607001881115,25
5293,66,0.015305478002119344,0.003852756999549456,0.027603579001151957,27
5294,66,0.01538575300219236,0.0038455690009868704,0.027228788996580988,29
5295,66,0.015686651997384615,0.0038475149995065294,0.02683832199545577,31
5296,66,0.015755935994093306,0.004536091997579206,0.027442828999483027,33
5297,66,0.015293673997803126,0.004553282000415493,0.02694916000473313,35
5298,66,0.015409400999487843,0.004544909999822266,0.027212181004870217,37
5299,66,0.01543710599798942,0.004538331995718181,0.027279321999230888,39
5300,66,0.013586023997049779,0.004520942005910911,0.024632774999190588,41
5301,66,0.013705210003536195,0.004580499997246079,0.024655938999785576,43
5302,66,0.013529584000934847,0.004548377000901382,0.024840804006089456,45
5303,66,0.014373400998010766,0.004577145999064669,0.024930740000854712,47
5304,66,0.01349112400203012,0.004560728993965313,0.02515384399885079,49
5305,66,0.013483467999321874,0.004557350999675691,0.024967422999907285,51
5306,66,0.01354421900032321,0.004579081003612373,0.02451014499820303,53
5307,66,0.013633850001497194,0.004559199005598202,0.02511179599969182,55
5308,66,0.013946591003332287,0.004539749999821652,0.025359890001709573,57
5309,66,0.013836352998623624,0.004575367005600128,0.02478871300263563,59
5310,66,0.013637784999446012,0.004567208998196293,0.024951104998763185,61
5311,66,0.013967844999569934,0.004805273994861636,0.02554937899549259,63
5312,66,0.013670480999280699,0.004595131998939905,0.025388948000909295,65
5313,66,0.013707589001569431,0.004573086000164039,0.02485448899824405,67
5314,66,0.013697499998670537,0.004574085993226618,0.025018819003889803,69
5315,66,0.013892194998334162,0.004747847997350618,0.028090138999687042,71
5316,66,0.01367115399625618,0.005833782997797243,0.027806880003481638,73
5317,66,0.013591590999567416,0.005408147997513879,0.027536640998732764,75
5318,66,0.013630087996716611,0.004763190998346545,0.027872583996213507,77
5319,66,0.013668362000316847,0.004576088002067991,0.02751047900528647,79
5320,66,0.013626721003674902,0.0040374399977736175,0.024682588002178818,81
5321,66,0.013909043998864945,0.003849396998703014,0.024798695005301852,83
5322,66,0.0136610629997449,0.004794672000571154,0.024599618001957424,85
5323,66,0.013590249000117183,0.0039676599990343675,0.024788618997263256,87
5324,66,0.013638466996781062,0.003970020996348467,0.024769955001829658,89
5325,66,0.013503458998457063,0.0039890909974928945,0.02475029799825279,91
5326,66,0.013677013004780747,0.003822775004664436,0.024561480000556912,93
5327,66,0.01370176199998241,0.003139309999824036,0.024883920996217057,95
5328,66,0.014164134001475759,0.003984264003520366,0.02572557500388939,97
5329,66,0.013574730000982527,0.004139406999456696,0.025262588998884894,99
5330,66,0.01356872399628628,0.0045807000060449354,0.02472373099590186,101
5331,66,0.013760380003077444,0.0045639710006071255,0.025088700000196695,103
5332,66,0.013456660002702847,0.004553298000246286,0.024354799003049266,105
5333,66,0.013464830000884831,0.004604991998348851,0.02471220399456797,107
5334,66,0.013583466999989469,0.0045680850016651675,0.02484419199754484,109
5335,66,0.013551711002946831,0.0045413249972625636,0.02472192400455242,111
5336,66,0.013677700000698678,0.004535437998129055,0.024850924994098023,113
5337,66,0.013563827000325546,0.0045879579993197694,0.024638652001158334,115
5338,66,0.013467996999679599,0.0045964960008859634,0.030161659997247625,117
5339,66,0.013522953995561693,0.004575841005134862,0.025029554999491666,119
5340,66,0.013648421998368576,0.003828918997896835,0.024933084001531824,121
5341,66,0.013501143002940807,0.003820946003543213,0.024580122000770643,123
5342,66,0.013880667997000273,0.003809369998634793,0.024404996998782735,125
5343,66,0.013860515995474998,0.0038030539944884367,0.02474318799795583,127
5344,66,0.014064513001358137,0.0038222170041990466,0.024583858001278713,129
5345,66,0.013804340000206139,0.0038413610018324107,0.024788914997770917,131
5346,66,0.013709909995668568,0.0038336270008585416,0.025094996999541763,133
5347,66,0.013593477997346781,0.003820828002062626,0.025162769001326524,135
5348,66,0.01399721999769099,0.003808645000390243,0.02463824000005843,137
5349,66,0.01350197000283515,0.0038479489958263002,0.024422802998742554,139
5350,66,0.01344996700208867,0.006077432997699361,0.027478007999889087,141
5351,66,0.013796300001558848,0.007100809998519253,0.02742239899816923,143
5352,66,0.01367725300224265,0.00608023299719207,0.02809236600296572,145
5353,66,0.01363375800428912,0.005324450998159591,0.02768595700035803,147
5354,66,0.013642743993841577,0.005324179997842293,0.027371623000362888,149
5355,66,0.013623551996715833,0.005318109004292637,0.0272313630048302,151
5356,66,0.013725192999118008,0.006205828001839109,0.027669360002619214,153
5357,66,0.013779526001599152,0.006082680003601126,0.028287938999710605,155
5358,66,0.013773677004792262,0.006086469998990651,0.028059039999789093,157
5359,66,0.013449497004330624,0.007216031997813843,0.027183233003597707,159
5360,67,0.01562605499930214,0.003846036001050379,0.025036053004441783,1
5361,67,0.015417024005728308,0.0038698979988112114,0.024539694997656625,3
5362,67,0.015333540999563411,0.003078592002566438,0.024446531999274157,5
5363,67,0.015352499001892284,0.0031062950001796708,0.024612439003249165,7
5364,67,0.015295311997761019,0.0040720530014368705,0.02440383600333007,9
5365,67,0.01621198799693957,0.003090913000050932,0.02470187899598386,11
5366,67,0.015310531998693477,0.0030825070061837323,0.025403703999472782,13
5367,67,0.015626226006133948,0.003830098001344595,0.0251859650015831,15
5368,67,0.015974976995494217,0.0038971129979472607,0.024952288003987633,17
5369,67,0.01533534900227096,0.0031205210034386255,0.024674836997292005,19
5370,67,0.017567248003615532,0.003842151003482286,0.024542920000385493,21
5371,67,0.015529422998952214,0.0038428580010076985,0.025244741002097726,23
5372,67,0.01528511300421087,0.00383509600214893,0.02464344500185689,25
5373,67,0.01529524200304877,0.0037813119997736067,0.02470171599998139,27
5374,67,0.015963528996508103,0.0038481060037156567,0.0248189390040352,29
5375,67,0.015273804994649254,0.0038104519990156405,0.02693335599906277,31
5376,67,0.015394850997836329,0.004505204000452068,0.027352315999451093,33
5377,67,0.015428200997121166,0.004576494000502862,0.027096735997474752,35
5378,67,0.015375315000710543,0.004534862004220486,0.027313525999488775,37
5379,67,0.015899910002190154,0.004589387004671153,0.027157128002727404,39
5380,67,0.013593793999461923,0.003819475998170674,0.024983366005471908,41
5381,67,0.013589663001766894,0.003176213998813182,0.02497246299753897,43
5382,67,0.01408601900038775,0.003121082001598552,0.024840267993567977,45
5383,67,0.013578534002590459,0.003075820997764822,0.02451603199733654,47
5384,67,0.01393257799645653,0.0031084450019989163,0.02430368899513269,49
5385,67,0.015167947000009008,0.003165145004459191,0.024577240001235623,51
5386,67,0.013516876999347005,0.0030860170008963905,0.024600406002718955,53
5387,67,0.01346185800503008,0.0030962370001361705,0.02454356299858773,55
5388,67,0.013721528004680295,0.0031069960023160093,0.02461617199878674,57
5389,67,0.013522950997867156,0.0030667579994769767,0.024619461000838783,59
5390,67,0.01352869900438236,0.0030792960023973137,0.024351525004021823,61
5391,67,0.014048120996449143,0.003080053997109644,0.024463257999741472,63
5392,67,0.013846244997694157,0.003820678000920452,0.02453866699943319,65
5393,67,0.013566070003435016,0.0030983320029918104,0.024536361001082696,67
5394,67,0.013539942003262695,0.0030821550026303157,0.024331342996447347,69
5395,67,0.01369960600277409,0.007028236999758519,0.027007495002180804,71
5396,67,0.013723496995226014,0.007282664999365807,0.027881200003321283,73
5397,67,0.014427050999074709,0.0070131150059751235,0.028412359999492764,75
5398,67,0.014615780994063243,0.007094236003467813,0.027526951998879667,77
5399,67,0.013926919004006777,0.0070625380030833185,0.027099931001430377,79
5400,67,0.013984402998175938,0.0045601599995279685,0.024917439004639164,81
5401,67,0.013654171998496167,0.004563047994452063,0.025205202000506688,83
5402,67,0.013571372997830622,0.004531611004495062,0.025092409996432252,85
5403,67,0.013672900000528898,0.0045994300016900524,0.024842337996233255,87
5404,67,0.01504337299411418,0.0045486859962693416,0.025854649997199886,89
5405,67,0.01357785700383829,0.004581795001286082,0.025241153001843486,91
5406,67,0.013470031000906602,0.004532961997028906,0.025034430000232533,93
5407,67,0.014132975993561558,0.004573384998366237,0.025558825000189245,95
5408,67,0.0134989250000217,0.004583597001328599,0.024542936000216287,97
5409,67,0.01362857600179268,0.004562838999845553,0.02454550899710739,99
5410,67,0.013807777999318205,0.005317807997926138,0.025179004995152354,101
5411,67,0.01363955900160363,0.005301015000441112,0.02469321399985347,103
5412,67,0.013542504995712079,0.005261519996565767,0.02466778199595865,105
5413,67,0.013721605995669961,0.005276783005683683,0.024910676998842973,107
5414,67,0.013736910004809033,0.005309626001690049,0.024977296001452487,109
5415,67,0.01360120800381992,0.005289130000164732,0.02473244500288274,111
5416,67,0.013575641001807526,0.005304482998326421,0.024892036002711393,113
5417,67,0.01386999299575109,0.0053781940005137585,0.024609657004475594,115
5418,67,0.013930102002632339,0.005337185000826139,0.02501187100278912,117
5419,67,0.014047505996131804,0.005293873000482563,0.024802222003927454,119
5420,67,0.01378364300035173,0.003805570006079506,0.02506675799668301,121
5421,67,0.013811516000714619,0.004005533002782613,0.0266487619956024,123
5422,67,0.013920948003942613,0.004062685999087989,0.025212871994881425,125
5423,67,0.013793179001368117,0.003853365997201763,0.024905119003960863,127
5424,67,0.013673209999979008,0.0038418740004999563,0.02519659999961732,129
5425,67,0.013556932004576083,0.0038008690025890246,0.02884970399463782,131
5426,67,0.013868946000002325,0.0039761230000294745,0.024969512996904086,133
5427,67,0.013794076003250666,0.003920874994946644,0.02501559200027259,135
5428,67,0.013580271996033844,0.003853907997836359,0.02498047900007805,137
5429,67,0.01361333100066986,0.003857556002913043,0.024732208003115375,139
5430,67,0.013702268995984923,0.005306020000716671,0.027602549002040178,141
5431,67,0.013687054997717496,0.004559883993351832,0.027571054997679312,143
5432,67,0.013583759005996399,0.004575236998789478,0.027637414998025633,145
5433,67,0.013664120000612456,0.005279338001855649,0.027421956998296082,147
5434,67,0.013766100993962027,0.0053240569977788255,0.02727019599842606,149
5435,67,0.013511279001249932,0.0045844169944757596,0.027711399998224806,151
5436,67,0.013530229996831622,0.004567142997984774,0.027157869000802748,153
5437,67,0.013492673002474476,0.005293859001540113,0.027346376999048516,155
5438,67,0.013561097999627236,0.005323441997461487,0.027732013004424516,157
5439,67,0.013783667993266135,0.00456195399601711,0.027241894000326283,159
5440,68,0.015615131000231486,0.004545288997178432,0.025468525003816467,1
5441,68,0.01524597699608421,0.004588342999340966,0.024982151997392066,3
5442,68,0.015147395002713893,0.0031421419989783317,0.0247661160028656,5
5443,68,0.015230830998916645,0.003832724003586918,0.024305138998897746,7
5444,68,0.01632631400570972,0.003856381998048164,0.024365330995351542,9
5445,68,0.015421098003571387,0.0038722679964848794,0.02452559799712617,11
5446,68,0.01535819900163915,0.0038333399934344925,0.02549017799901776,13
5447,68,0.015222285001073033,0.004562793001241516,0.024150889003067277,15
5448,68,0.015314087002479937,0.003993865000666119,0.0243884910014458,17
5449,68,0.01571013899956597,0.0030896710013621487,0.024415321000560652,19
5450,68,0.015715035995526705,0.003101777001575101,0.02450767299887957,21
5451,68,0.015302286999940407,0.0038494539985549636,0.0245652540033916,23
5452,68,0.015355341005488299,0.003886563004925847,0.024478049999743234,25
5453,68,0.015467511002498213,0.003881822995026596,0.02545684499636991,27
5454,68,0.015411814994877204,0.0038592159980908036,0.02786566800205037,29
5455,68,0.015690686996094882,0.0047507210038020276,0.02782317899982445,31
5456,68,0.015503385999181774,0.004645257999072783,0.02777704499749234,33
5457,68,0.015606394001224544,0.004610748001141474,0.028126726996561047,35
5458,68,0.015588120004395023,0.004612388001987711,0.027923574998567346,37
5459,68,0.015526839000813197,0.0045913529975223355,0.027451693000330124,39
5460,68,0.013871675000700634,0.004139543998462614,0.025060881998797413,41
5461,68,0.013976161004393362,0.0039952250008354895,0.025313539001217578,43
5462,68,0.01364750400534831,0.003085422998992726,0.025131843001872767,45
5463,68,0.013912082999013364,0.0031162110026343726,0.024965657001303043,47
5464,68,0.013966718994197436,0.004066119996423367,0.024972875995445065,49
5465,68,0.013792170000670012,0.004383947001770139,0.025076527999772225,51
5466,68,0.013542961001803633,0.0031038230008562095,0.02494278599624522,53
5467,68,0.013585812004748732,0.005207331996643916,0.02483259799919324,55
5468,68,0.013801806002447847,0.00326048400165746,0.025196853996021673,57
5469,68,0.01347796500340337,0.003094612002314534,0.024470078999002,59
5470,68,0.013637636002385989,0.0030651670022052713,0.026096462999703363,61
5471,68,0.013488734999555163,0.0031002370014903136,0.024939198003266938,63
5472,68,0.013624792998598423,0.004536735999863595,0.02451419999852078,65
5473,68,0.013561757004936226,0.0031006319986772723,0.02508854100597091,67
5474,68,0.013502386995241977,0.004138705000514165,0.024256614000478294,69
5475,68,0.0138193750026403,0.005400065994763281,0.0298452159986482,71
5476,68,0.014089964999584481,0.005416198997409083,0.029823122997186147,73
5477,68,0.013590565999038517,0.005448709998745471,0.02981313500640681,75
5478,68,0.013546076996135525,0.005433008998807054,0.03007690500089666,77
5479,68,0.013620585996250156,0.005434075996163301,0.029829573002643883,79
5480,68,0.01535858399438439,0.003786072993534617,0.025034609003341757,81
5481,68,0.01518400900386041,0.0038018869963707402,0.025073561002500355,83
5482,68,0.015369573004136328,0.004080391998286359,0.027520402996742632,85
5483,68,0.015320888996939175,0.0038191400017240085,0.024546410000766627,87
5484,68,0.015276552003342658,0.0038460979994852096,0.02466753000044264,89
5485,68,0.015257932995154988,0.0038529880039277487,0.024996102998557035,91
5486,68,0.01542872299614828,0.003843257996777538,0.02463203700608574,93
5487,68,0.015277351005352102,0.0038440779972006567,0.024386590004723985,95
5488,68,0.015355684001406189,0.0038300070009427145,0.02525635100028012,97
5489,68,0.015345391999289859,0.003089049998379778,0.024703256000066176,99
5490,68,0.015276793004886713,0.004609028001141269,0.024499612998624798,101
5491,68,0.015285395995306317,0.004550306002784055,0.024517300000297837,103
5492,68,0.015197975000774022,0.004527570999925956,0.02517894999618875,105
5493,68,0.015465878001123201,0.004553641003440134,0.025018513995746616,107
5494,68,0.015897072000370827,0.004572799000015948,0.02463543399790069,109
5495,68,0.01526267699955497,0.004528653997112997,0.02485644099942874,111
5496,68,0.01531645100476453,0.004555225001240615,0.024872326997865457,113
5497,68,0.015297120000468567,0.0045744520029984415,0.024585696002759505,115
5498,68,0.015381572004116606,0.0045653810011572205,0.024626537997392006,117
5499,68,0.015433616004884243,0.004557328997179866,0.025038332998519763,119
5500,68,0.015509179000218865,0.003990247998444829,0.02504992700414732,121
5501,68,0.015398602001369,0.0038500930022564717,0.025055813996004872,123
5502,68,0.015585408997139893,0.0038588950046687387,0.025081132000195794,125
5503,68,0.015616516000591218,0.003113266000582371,0.025676714001747314,127
5504,68,0.01535960200271802,0.0038283309986582026,0.025258831003156956,129
5505,68,0.015341975005867425,0.003833167997072451,0.025138960001640953,131
5506,68,0.015332080998632591,0.003860178003378678,0.024812142000882886,133
5507,68,0.01559577599982731,0.0038642479994450696,0.024835668002197053,135
5508,68,0.01563144600368105,0.0038393490031012334,0.02501136000500992,137
5509,68,0.015397385999676771,0.0038062790044932626,0.024657196998305153,139
5510,68,0.01536375199793838,0.005978106004477013,0.027302170004986692,141
5511,68,0.01556561599863926,0.006025823000527453,0.02732244200160494,143
5512,68,0.015526438000961207,0.0060434159968281165,0.027581611000641715,145
5513,68,0.016069019999122247,0.006009976998029742,0.027459169003122952,147
5514,68,0.01588487299886765,0.00604419600131223,0.02779422199819237,149
5515,68,0.015244088004692458,0.005940103001194075,0.027302185997541528,151
5516,68,0.015569937000691425,0.006031142998836003,0.02715951100253733,153
5517,68,0.015895618998911232,0.005997864995151758,0.02707053199992515,155
5518,68,0.015438406997418497,0.006039145002432633,0.02718893100245623,157
5519,68,0.015847552997001912,0.0061123470004531555,0.027182523997907992,159
5520,69,0.015597400997648947,0.004614982004568446,0.02519442499760771,1
5521,69,0.01582811000116635,0.004599656000209507,0.025454713999351952,3
5522,69,0.01589667300140718,0.003096872998867184,0.024706702002731618,5
5523,69,0.015341240003181156,0.003811351998592727,0.024418337998213246,7
5524,69,0.015284134999092203,0.003848332999041304,0.024285390005388763,9
5525,69,0.015329250003560446,0.003822749997198116,0.024744193004153203,11
5526,69,0.015260159998433664,0.003809154004557058,0.0245418359991163,13
5527,69,0.01520027299557114,0.003830279005342163,0.024430542995105498,15
5528,69,0.01522152399411425,0.0049304799977107905,0.02456977300607832,17
5529,69,0.015226039999106433,0.0038504170006490313,0.024544466999941505,19
5530,69,0.015349501998571213,0.0030851109986542724,0.02450760200008517,21
5531,69,0.015268245006154757,0.003819419005594682,0.024324042002263013,23
5532,69,0.015361252000730019,0.0038258400018094108,0.027191146000404842,25
5533,69,0.01545293699746253,0.0038256610059761442,0.027294981002341956,27
5534,69,0.01571513000089908,0.0038072169991210103,0.027210395004658494,29
5535,69,0.015683867000916507,0.0038080670055933297,0.0270158179991995,31
5536,69,0.015525593000347726,0.00454728800104931,0.02814166299503995,33
5537,69,0.015570199997455347,0.004536691994871944,0.027443831000709906,35
5538,69,0.015584900997055229,0.0045642069962923415,0.02747906399599742,37
5539,69,0.015267237999069039,0.004541454996797256,0.02709145299741067,39
5540,69,0.013887077999243047,0.003845929000817705,0.02458792700053891,41
5541,69,0.013748956000199541,0.003844863000267651,0.02486540599784348,43
5542,69,0.013663773999724071,0.0038858210027683526,0.02454559000034351,45
5543,69,0.0136897720003617,0.0038312690012389794,0.026856265001697466,47
5544,69,0.013775965999229811,0.003830478999589104,0.02435858500393806,49
5545,69,0.01371659099822864,0.003924727003322914,0.024785096997220535,51
5546,69,0.013758291999693029,0.003823366998403799,0.026868192006077152,53
5547,69,0.013922156002081465,0.003823732004093472,0.02484017999813659,55
5548,69,0.013566978006565478,0.0038476260015158914,0.02432062399748247,57
5549,69,0.014061361005587969,0.0037950080004520714,0.024867802996595856,59
5550,69,0.014094610000029206,0.003916583002137486,0.02573214899894083,61
5551,69,0.013627558000735007,0.003911524996510707,0.024554219002311584,63
5552,69,0.013669681000465062,0.003900828000041656,0.025262479997763876,65
5553,69,0.013493871003447566,0.0038464839963125996,0.025112903997069225,67
5554,69,0.01350834799814038,0.003876973998558242,0.024591191002400592,69
5555,69,0.013540640000428539,0.005526821994862985,0.02680069600319257,71
5556,69,0.013724762000492774,0.005524782995053101,0.027192141002160497,73
5557,69,0.013523504996555857,0.00548749999870779,0.0402747569969506,75
5558,69,0.01387223100027768,0.005472422002640087,0.027150966998306103,77
5559,69,0.01364993199968012,0.005454246995213907,0.027427533001173288,79
5560,69,0.013478609005687758,0.0038371519985958003,0.02467834800336277,81
5561,69,0.013525974994990975,0.0038471809966722503,0.024586598003224935,83
5562,69,0.013492923004378099,0.0038211369974305853,0.024668029000167735,85
5563,69,0.01352628799941158,0.0038747069993405603,0.025098947997321375,87
5564,69,0.013597330995253287,0.00384437100001378,0.024827651999657974,89
5565,69,0.013563790002081078,0.0038428569969255477,0.02472373099590186,91
5566,69,0.01372652999998536,0.00386336499650497,0.02492165500007104,93
5567,69,0.013610499001515564,0.0038459889983641915,0.02524416999949608,95
5568,69,0.014050860998395365,0.0038349300011759624,0.02459648099465994,97
5569,69,0.013585269000031985,0.0038402220015996136,0.024811718001728877,99
5570,69,0.013666332000866532,0.005322744000295643,0.024645710000186227,101
5571,69,0.013632969006721396,0.005324434001522604,0.024902024000766687,103
5572,69,0.01365394399908837,0.005341620999388397,0.025154649003525265,105
5573,69,0.01353596399712842,0.005296083996654488,0.025323418994958047,107
5574,69,0.013673549001396168,0.005491832998814061,0.025627524002629798,109
5575,69,0.013634080001793336,0.005387058998167049,0.025616730003093835,111
5576,69,0.014474600997345988,0.0052998839964857325,0.024713623002753593,113
5577,69,0.013606875996629242,0.005313738001859747,0.025108533998718485,115
5578,69,0.013611308997496963,0.005408580997027457,0.03809382199688116,117
5579,69,0.013505201000953093,0.0054189209986361675,0.02493860200047493,119
5580,69,0.01564430100552272,0.003828084001725074,0.02508400300575886,121
5581,69,0.015732514002593234,0.00382473199715605,0.02469830499467207,123
5582,69,0.015489530000195373,0.0038576880033360794,0.024984682000649627,125
5583,69,0.015514426995650865,0.003864767000777647,0.02544186399609316,127
5584,69,0.015531117998762056,0.003812445000221487,0.024542425002437085,129
5585,69,0.01543012200272642,0.0038594090001424775,0.02467355700355256,131
5586,69,0.015340550999098923,0.0038298250001389533,0.024809707996610086,133
5587,69,0.015278783001122065,0.0038596029990003444,0.024609542000689544,135
5588,69,0.015174139000009745,0.0038672139999107458,0.028358873001707252,137
5589,69,0.015324913001677487,0.0038389740002457984,0.024766659997112583,139
5590,69,0.015346774998761248,0.005329168998287059,0.027102487001684494,141
5591,69,0.015131740001379512,0.005282705998979509,0.027219078001508024,143
5592,69,0.015215184997941833,0.005330199004674796,0.02767719599796692,145
5593,69,0.015627879998646677,0.005304496000462677,0.027872988997842185,147
5594,69,0.015370764005638193,0.005326587001036387,0.0276037530056783,149
5595,69,0.015388792002340779,0.005266800995741505,0.027250621002167463,151
5596,69,0.015482294002140407,0.005310694003128447,0.027367313996364828,153
5597,69,0.015688930005126167,0.005347903999791015,0.02731318499718327,155
5598,69,0.015433966000273358,0.005284775004838593,0.027120003003801685,157
5599,69,0.015667792002204806,0.005316064001817722,0.027083815999503713,159
5600,70,0.01559501800511498,0.003892014006851241,0.025196936003339943,1
5601,70,0.015416702000948135,0.0038940340018598363,0.024883763995603658,3
5602,70,0.015260975000273902,0.004226527002174407,0.02498734500113642,5
5603,70,0.015291058996808715,0.0031003419935586862,0.02450656700239051,7
5604,70,0.015500859000894707,0.0030965909973019734,0.024639925002702512,9
5605,70,0.015355665993411094,0.003806394997809548,0.024489383002219256,11
5606,70,0.015301561004889663,0.0038098929944681004,0.02477157799876295,13
5607,70,0.015414610999869183,0.003803794999839738,0.024794912998913787,15
5608,70,0.015884642998571508,0.003833882001345046,0.02460375800001202,17
5609,70,0.015749188998597674,0.0038324479974107817,0.025116742006503046,19
5610,70,0.015376757997728419,0.003857142997730989,0.024857517004420515,21
5611,70,0.015376265000668354,0.004544640003587119,0.024905782993300818,23
5612,70,0.015396387003420386,0.0038491380037157796,0.02487410000321688,25
5613,70,0.015341100996010937,0.004562540001643356,0.02471345100639155,27
5614,70,0.015392416004033294,0.004545028998109046,0.024798810001811944,29
5615,70,0.015405079997435678,0.004564842995023355,0.024741541004914325,31
5616,70,0.015672266999899875,0.0045952670043334365,0.024970841004687827,33
5617,70,0.015477902001293842,0.004791553001268767,0.02493986999616027,35
5618,70,0.01559993700357154,0.004531779995886609,0.024767114999121986,37
5619,70,0.015340797996032052,0.004708314001618419,0.024698405002709478,39
5620,70,0.012350321994745173,0.0038440670032287017,0.02458970499719726,41
5621,70,0.011857554003654514,0.003937314002541825,0.024666049001098145,43
5622,70,0.01172888000292005,0.003833727998426184,0.024717740998312365,45
5623,70,0.011708699996233918,0.003857392002828419,0.02473842199833598,47
5624,70,0.011771646997658536,0.003868799001793377,0.024816525001369882,49
5625,70,0.011754956001823302,0.003803528001299128,0.024438567001197953,51
5626,70,0.012126970999815967,0.003863500001898501,0.02469906000624178,53
5627,70,0.011718988003849518,0.003861901997879613,0.02510600799723761,55
5628,70,0.011772350000683218,0.0038606990055995993,0.02486748099909164,57
5629,70,0.011750685000151861,0.003824004998023156,0.024772821001533885,59
5630,70,0.01182274500024505,0.0038226909964578226,0.024731517005420756,61
5631,70,0.012006444005237427,0.0038187090030987747,0.024646780999319162,63
5632,70,0.012348657000984531,0.0038483829994220287,0.02493174499977613,65
5633,70,0.011759442000766285,0.0038017609986127354,0.025507815000310075,67
5634,70,0.0121934710041387,0.003953685001761187,0.02534143199591199,69
5635,70,0.01175050199526595,0.0055020020008669235,0.027108572001452558,71
5636,70,0.011808877003204543,0.005440836001071148,0.027157729004102293,73
5637,70,0.011913740003365092,0.005418588007159997,0.027176966999832075,75
5638,70,0.011816739002824761,0.005460581000079401,0.027208588995563332,77
5639,70,0.012130765004258137,0.005462777997308876,0.027040184002544265,79
5640,70,0.015952184003253933,0.003084399999352172,0.02501457100152038,81
5641,70,0.015519209999183659,0.003097209002589807,0.0251946440039319,83
5642,70,0.01600501500070095,0.0031175240001175553,0.024877379000827204,85
5643,70,0.015344783998443745,0.003074401000048965,0.024836217999109067,87
5644,70,0.01538775099470513,0.003933266001695301,0.02475358499941649,89
5645,70,0.015452840001671575,0.0031077309977263212,0.02476497000316158,91
5646,70,0.015485534000617918,0.0030872700008330867,0.025186934995872434,93
5647,70,0.015741367998998612,0.0031151180010056123,0.025245695003832225,95
5648,70,0.015345822997915093,0.003082563001953531,0.024669983999046963,97
5649,70,0.015387519997602794,0.00308288599626394,0.02446455400058767,99
5650,70,0.015658152995456476,0.00455565099400701,0.024410956997598987,101
5651,70,0.015475909996894188,0.004535293999651913,0.025205436002579518,103
5652,70,0.015424309000081848,0.004678792000049725,0.025068233997444622,105
5653,70,0.015480736998142675,0.004568327996821608,0.02498808499512961,107
5654,70,0.015400112999486737,0.004567010997561738,0.025144514998828527,109
5655,70,0.015742244002467487,0.004647168003430124,0.02499171300587477,111
5656,70,0.015416185997310095,0.004844884999329224,0.02516534399910597,113
5657,70,0.015268390998244286,0.004601501001161523,0.02524963799805846,115
5658,70,0.01533680399734294,0.004575472004944459,0.025527621997753158,117
5659,70,0.01537160600128118,0.0045464729992090724,0.024647928003105335,119
5660,70,0.015547779999906197,0.003841509002086241,0.024929667997639626,121
5661,70,0.015525148002780043,0.0038555209976038896,0.024577326999860816,123
5662,70,0.016021946001274046,0.003801131999352947,0.02543611900182441,125
5663,70,0.015405513004225213,0.003804896005021874,0.025237298003048636,127
5664,70,0.015415713001857512,0.0038358559977496043,0.025731450004968792,129
5665,70,0.015325511994888075,0.0037869860025239177,0.02496370799781289,131
5666,70,0.015287914000509772,0.003830487999948673,0.025105159998929594,133
5667,70,0.015264594003383536,0.003831939997326117,0.024686531993211247,135
5668,70,0.015585667002596892,0.0038448869963758625,0.024952580999524798,137
5669,70,0.01562831999763148,0.00387240199779626,0.024908532002882566,139
5670,70,0.015494496998144314,0.006074955999793019,0.027177284995559603,141
5671,70,0.01539123600377934,0.006054338002286386,0.027361723994545173,143
5672,70,0.015257908002240583,0.006023998997989111,0.027503254998009652,145
5673,70,0.01581227799761109,0.006054186000255868,0.027083471999503672,147
5674,70,0.015251222997903824,0.006022578003467061,0.027241661002335604,149
5675,70,0.015318889003538061,0.006077015001210384,0.02765837799961446,151
5676,70,0.015831241995329037,0.006035338999936357,0.02771459399809828,153
5677,70,0.015828818999580108,0.006121841004642192,0.027214381996600423,155
5678,70,0.015430070998263545,0.006141395999293309,0.027168404005351476,157
5679,70,0.015342567996412981,0.006056389996956568,0.027387802001612727,159
5680,71,0.015445823999471031,0.0031000020026112907,0.025026759001775645,1
5681,71,0.015643380000256002,0.003826183994533494,0.025285727002483327,3
5682,71,0.015882482002780307,0.0038519220033776946,0.024620329997560475,5
5683,71,0.015607905996148475,0.003843639999104198,0.02487933300290024,7
5684,71,0.015567665002890863,0.003818957004114054,0.024898686999222264,9
5685,71,0.015569361996313091,0.0038395700030378066,0.025276558000769,11
5686,71,0.015519582004344556,0.0038409150001825765,0.024479432999214623,13
5687,71,0.015274307996151038,0.0038161630000104196,0.02447215499705635,15
5688,71,0.015334709998569451,0.0045828400034224615,0.024539737998566125,17
5689,71,0.015203366994683165,0.0045654560017283075,0.024634891000459902,19
5690,71,0.015679418000217993,0.00461390899727121,0.024577035001129843,21
5691,71,0.015334282994444948,0.0038382880011340603,0.024724456001422368,23
5692,71,0.015756704997329507,0.0045830650051357225,0.02438926800095942,25
5693,71,0.015299334001610987,0.004575576000206638,0.024481428998115007,27
5694,71,0.01544170099805342,0.004533936000370886,0.02454836299875751,29
5695,71,0.015332192997448146,0.004564096001558937,0.02525833099934971,31
5696,71,0.015336342999944463,0.0045574790055979975,0.027303138995193876,33
5697,71,0.01550546500220662,0.004605294001521543,0.02713097399828257,35
5698,71,0.015333309005654883,0.004740098003821913,0.027932814999076072,37
5699,71,0.01539002299978165,0.0038110639943624847,0.027155310999660287,39
5700,71,0.013510553006199189,0.004580238994094543,0.027040551998652518,41
5701,71,0.013701029994990677,0.004558376997010782,0.026999327004887164,43
5702,71,0.013562013002228923,0.004562610003631562,0.02744773499580333,45
5703,71,0.014011068997206166,0.004640363004000392,0.027232442997046746,47
5704,71,0.01411658699362306,0.004548283999611158,0.027821761002996936,49
5705,71,0.01378913399821613,0.00457602999813389,0.027423527993960306,51
5706,71,0.013716766996367369,0.004602540997439064,0.027726913001970388,53
5707,71,0.013523374000214972,0.004673764000472147,0.02800473199749831,55
5708,71,0.014520365999487694,0.004623320004611742,0.027212064997002017,57
5709,71,0.014368022995768115,0.004639010003302246,0.027901946996280458,59
5710,71,0.01386938699579332,0.004563943999528419,0.027783493002061732,61
5711,71,0.013476883003022522,0.004542692004179116,0.02692364199901931,63
5712,71,0.01418037099938374,0.004565794006339274,0.02678088100219611,65
5713,71,0.013516621002054308,0.004541064001386985,0.026797696998983156,67
5714,71,0.013470905003487132,0.004546974996628705,0.02689542900043307,69
5715,71,0.013466518998029642,0.005430973003967665,0.02697446599631803,71
5716,71,0.014030935999471694,0.005425198003649712,0.02760247400146909,73
5717,71,0.013558664002630394,0.005416440995759331,0.027499280993652064,75
5718,71,0.01344752000295557,0.005390118996729143,0.028087104998121504,77
5719,71,0.02034508899669163,0.005379203001211863,0.027646392001770437,79
5720,71,0.013896117001422681,0.00306717000057688,0.024398282999754883,81
5721,71,0.01362684900232125,0.0030907899999874644,0.024438716005533934,83
5722,71,0.013490186000126414,0.0030646340019302443,0.024150042998371646,85
5723,71,0.013952400004200172,0.005081740004243329,0.024208939998061396,87
5724,71,0.01342620700597763,0.003275661001680419,0.025473408000834752,89
5725,71,0.013774895000096876,0.0030779000007896684,0.02445848999923328,91
5726,71,0.013374661997659132,0.0030626489970018156,0.024814339994918555,93
5727,71,0.013466769996739458,0.0030735370019101538,0.024413320003077388,95
5728,71,0.013398716000665445,0.0030621550031355582,0.024219238002842758,97
5729,71,0.013444014002743643,0.003077380002650898,0.024566952997702174,99
5730,71,0.013434669002890587,0.004543561997707002,0.024872811998648103,101
5731,71,0.013496632003807463,0.005289706998155452,0.024953330001153518,103
5732,71,0.013456638000207022,0.0045580200021504425,0.02464192199840909,105
5733,71,0.013872715004254133,0.004526391996478196,0.025184624006215017,107
5734,71,0.01347005000570789,0.00454355200054124,0.024450122997222934,109
5735,71,0.01349700699938694,0.004541695001535118,0.02516015300352592,111
5736,71,0.013449609003146179,0.004473672001040541,0.02447377300268272,113
5737,71,0.013500974004273303,0.005373596999561414,0.024464576999889687,115
5738,71,0.013532998003938701,0.004536350999842398,0.02455151599860983,117
5739,71,0.013417050999123603,0.00457307599572232,0.02455752199603012,119
5740,71,0.015609288995619863,0.003058057998714503,0.024961363000329584,121
5741,71,0.015114833004190587,0.0039533649978693575,0.024303329999384005,123
5742,71,0.021956673001113813,0.003800867998506874,0.025452992995269597,125
5743,71,0.015858233004109934,0.004116039002838079,0.025277751999965403,127
5744,71,0.016486372995132115,0.0031321909991675057,0.030538320002960972,129
5745,71,0.015270190997398458,0.003808304994890932,0.02490140100417193,131
5746,71,0.01529076600127155,0.0037703010020777583,0.024655118999362458,133
5747,71,0.015547866001725197,0.004587606999848504,0.024530419999791775,135
5748,71,0.015621539001585916,0.0030621370024164207,0.024367119993257802,137
5749,71,0.015410970998345874,0.0030638290045317262,0.02418540899816435,139
5750,71,0.015386217004561331,0.005289331005769782,0.026655749999918044,141
5751,71,0.01569333500083303,0.005283153004711494,0.02785742299602134,143
5752,71,0.01581939699826762,0.0045603800026583485,0.027177864998520818,145
5753,71,0.0165762340038782,0.005307981999067124,0.0275818150039413,147
5754,71,0.015444705000845715,0.004544356001133565,0.027143658000568394,149
5755,71,0.015628118002496194,0.005810217997350264,0.0445434959983686,151
5756,71,0.015210318000754341,0.005373801999667194,0.027252423999016173,153
5757,71,0.015250591000949498,0.00383201299700886,0.026976140994520392,155
5758,71,0.015299656995921396,0.0055782580020604655,0.02712268599862,157
5759,71,0.015292241994757205,0.005331854998075869,0.027322576999722514,159
5760,72,0.015235302998917177,0.003831481997622177,0.0253376019973075,1
5761,72,0.015181394999672193,0.0038412970025092363,0.02465055899665458,3
5762,72,0.01525254400621634,0.003807686000072863,0.024118471999827307,5
5763,72,0.01578628899733303,0.003854390000924468,0.024399132002145052,7
5764,72,0.015535111000644974,0.0038280100052361377,0.02513956400071038,9
5765,72,0.0152123779989779,0.003901860000041779,0.02461106800183188,11
5766,72,0.015238218999002129,0.003841500001726672,0.024422673996014055,13
5767,72,0.015436444999068044,0.0045268799949553795,0.02457385200250428,15
5768,72,0.015352317997894716,0.004548089003947098,0.024801655003102496,17
5769,72,0.015185080002993345,0.0038624299995717593,0.024793564996798523,19
5770,72,0.015383537996967789,0.004598448002070654,0.024503877997631207,21
5771,72,0.015665852995880414,0.004575500999635551,0.02497237300121924,23
5772,72,0.01531690699630417,0.0038360859980457462,0.024613839996163733,25
5773,72,0.015555035999568645,0.0045391519961413,0.024652788997627795,27
5774,72,0.01542456800234504,0.00462892899668077,0.029749968001851812,29
5775,72,0.015792222999152727,0.004553561993816402,0.026984388998243958,31
5776,72,0.015219241999147926,0.004543763003312051,0.02722849400015548,33
5777,72,0.015171687999099959,0.004565217001072597,0.027324292001139838,35
5778,72,0.016540320997592062,0.00458298200101126,0.02723895400413312,37
5779,72,0.01525832499464741,0.004573152000375558,0.02696786700107623,39
5780,72,0.0140287009999156,0.0031148019988904707,0.024532768002245575,41
5781,72,0.01362472499749856,0.003109595003479626,0.02456449899909785,43
5782,72,0.013399858995398972,0.0031351829966297373,0.024971211001684424,45
5783,72,0.013568418995419051,0.0031279640024877153,0.024351970001589507,47
5784,72,0.013768743003311101,0.003102745999058243,0.025231924999388866,49
5785,72,0.013612384995212778,0.0031191679954645224,0.02479575900360942,51
5786,72,0.013635458002681844,0.0030881649945513345,0.024644313998578582,53
5787,72,0.013474179002514575,0.003058281996345613,0.024258637000457384,55
5788,72,0.013638849995913915,0.003105299998424016,0.02432484999735607,57
5789,72,0.013443137002468575,0.0030758290013181977,0.024201271000492852,59
5790,72,0.013465069001540542,0.003094134997809306,0.024363551005080808,61
5791,72,0.013718606998736504,0.003125702998659108,0.025022054003784433,63
5792,72,0.013487447002262343,0.0030780169981881045,0.02420624300430063,65
5793,72,0.013344585000595544,0.003088940000452567,0.024222529005783144,67
5794,72,0.013760956993792206,0.0030855540026095696,0.0245622509974055,69
5795,72,0.013602607003122102,0.006221765994268935,0.026956319001328666,71
5796,72,0.013629321998450905,0.006238283000129741,0.0276429579971591,73
5797,72,0.01371833799930755,0.006143446997157298,0.027769316999183502,75
5798,72,0.013601676000689622,0.007024165999609977,0.027443507002317347,77
5799,72,0.013726484998187516,0.007034969996311702,0.02750235800340306,79
5800,72,0.015234305006742943,0.0038704309990862384,0.025152856003842317,81
5801,72,0.015306526998756453,0.003815919997578021,0.025090693001402542,83
5802,72,0.015485589996387716,0.0038557169973501004,0.024788401002297178,85
5803,72,0.015528271003859118,0.0038372499984689057,0.02510818199516507,87
5804,72,0.015446554993104655,0.003892708002240397,0.025165507999190595,89
5805,72,0.015525350005191285,0.004044314999191556,0.02540473399858456,91
5806,72,0.015596443001413718,0.004266695003025234,0.02496252099808771,93
5807,72,0.01563798300048802,0.0038470130020868964,0.024821047998557333,95
5808,72,0.015425645004143007,0.0038025949979783036,0.024744549999013543,97
5809,72,0.015224524999212008,0.0038066039996920153,0.02463416399405105,99
5810,72,0.015245517002767883,0.003824471998086665,0.024665427998115774,101
5811,72,0.015445116994669661,0.004081102000782266,0.024779020001005847,103
5812,72,0.01562608400126919,0.0041184560031979345,0.025255227003071923,105
5813,72,0.015632736001862213,0.003985101997386664,0.02517254799749935,107
5814,72,0.0154784109981847,0.0038507040007971227,0.024816521996399388,109
5815,72,0.01576077599747805,0.0038087290013208985,0.025196564005455002,111
5816,72,0.015208625001832843,0.0037918199959676713,0.02433281500270823,113
5817,72,0.01568633999704616,0.003838755001197569,0.024285904997668695,115
5818,72,0.0153496350030764,0.0038244480019784532,0.02465793000010308,117
5819,72,0.01546414999756962,0.0038457319969893433,0.024288288004754577,119
5820,72,0.01541620799980592,0.0038384459985536523,0.024498077000316698,121
5821,72,0.015337090997491032,0.003838538999843877,0.02470493700093357,123
5822,72,0.015532785000687,0.0038291590026346967,0.02465890699386364,125
5823,72,0.015338572004111484,0.0038086510030552745,0.02472700000362238,127
5824,72,0.016428679999080487,0.0038633410003967583,0.02487049800402019,129
5825,72,0.015776531996380072,0.003861639997921884,0.02509501000167802,131
5826,72,0.015641768004570622,0.003857966003124602,0.024653346998093184,133
5827,72,0.02090748599584913,0.003843598999083042,0.027841035000164993,135
5828,72,0.015263458997651469,0.003861444005451631,0.03003114299644949,137
5829,72,0.015373882997664623,0.0038732879984308966,0.02467098100169096,139
5830,72,0.015426445002958644,0.005354137996619102,0.027789284999016672,141
5831,72,0.015795352002896834,0.005296310999256093,0.027387770998757333,143
5832,72,0.015345614992838819,0.005355449000489898,0.027243693002674263,145
5833,72,0.015353207003499847,0.0053160390016273595,0.02743963799730409,147
5834,72,0.015651683002943173,0.005350767998606898,0.027282342001853976,149
5835,72,0.01587573700089706,0.005308093001076486,0.027250617000390776,151
5836,72,0.015356431998952758,0.0053188880046946,0.027223747994867153,153
5837,72,0.015325114000006579,0.005303931997332256,0.027058385996497236,155
5838,72,0.015357383999798913,0.005297926996718161,0.027949822004302405,157
5839,72,0.015367489999334794,0.0053003339999122545,0.027202020995900966,159
5840,73,0.013663450998137705,0.0038886589973117225,0.025094556993281003,1
5841,73,0.013668734005477745,0.003847041996777989,0.025402428000234067,3
5842,73,0.013573720003478229,0.00386114700086182,0.025191301996528637,5
5843,73,0.013644806000229437,0.003821438003797084,0.024668349004059564,7
5844,73,0.013583412997832056,0.003806922999501694,0.024906689999625087,9
5845,73,0.013656369999807794,0.003880438001942821,0.025007056996400934,11
5846,73,0.013847373993485235,0.003122451998933684,0.02521540899761021,13
5847,73,0.013725438999244943,0.0038510550002683885,0.024672147003002465,15
5848,73,0.01366630599659402,0.0038448800041805953,0.025394274001882877,17
5849,73,0.013602896993688773,0.00456573400151683,0.02488411800004542,19
5850,73,0.013610341004095972,0.004527308999968227,0.025131832997431047,21
5851,73,0.013692542001081165,0.0038600349944317713,0.02475177300220821,23
5852,73,0.014272000997152645,0.003865460996166803,0.027360799002053682,25
5853,73,0.01351205100218067,0.003826518004643731,0.02882728799886536,27
5854,73,0.013519656997232232,0.0038379379984689876,0.027202015997318085,29
5855,73,0.017338040001050103,0.004583413996442687,0.027067064002039842,31
5856,73,0.013570679002441466,0.004577674997563008,0.027905681999982335,33
5857,73,0.013481738002155907,0.0045733969964203425,0.02675695599464234,35
5858,73,0.013505281996913254,0.004599813997629099,0.02739472199755255,37
5859,73,0.01832977600133745,0.004660326994780917,0.029046272997220512,39
5860,73,0.013845743000274524,0.0033501490033813752,0.02644457999849692,41
5861,73,0.013522933004423976,0.0030768290016567335,0.028446150994568598,43
5862,73,0.013437066998449154,0.003073421998124104,0.0247469390014885,45
5863,73,0.01344511399656767,0.003076862994930707,0.024716838001040742,47
5864,73,0.013849397000740282,0.003113070997642353,0.024465542002872098,49
5865,73,0.013419302005786449,0.0030673379951622337,0.024325377999048214,51
5866,73,0.013517533996491693,0.0031082740024430677,0.024596982999355532,53
5867,73,0.014177059994835872,0.004898556006082799,0.024810977003653534,55
5868,73,0.013712063002458308,0.003088150995608885,0.025938439997844398,57
5869,73,0.013527884002542123,0.0030652089990326203,0.024651028994412627,59
5870,73,0.01347195800190093,0.003070831000513863,0.02439116800087504,61
5871,73,0.013600582002254669,0.0031309330006479286,0.02502733800065471,63
5872,73,0.013532789002056234,0.00309084499895107,0.024904833000618964,65
5873,73,0.013527470000553876,0.003082197996263858,0.024330747000931296,67
5874,73,0.013672975001099985,0.003839033000986092,0.024807433001114987,69
5875,73,0.013377246999880299,0.006110454000008758,0.02694049500132678,71
5876,73,0.013890516995161306,0.0061532269974122755,0.02735995799594093,73
5877,73,0.013946450999355875,0.006149750006443355,0.02747171200462617,75
5878,73,0.013491167999745812,0.00611793599819066,0.027454283997940365,77
5879,73,0.013510826000128873,0.006136036005045753,0.02749377799773356,79
5880,73,0.013513990001229104,0.0031047149968799204,0.024713031001738273,81
5881,73,0.013862983003491536,0.0030736310000065714,0.02454030400258489,83
5882,73,0.01356004999979632,0.0030790720047662035,0.02476821400341578,85
5883,73,0.013519491993065458,0.003100071000517346,0.02455659199767979,87
5884,73,0.013517578001483344,0.0039472480057156645,0.030413613996643107,89
5885,73,0.013519095999072306,0.005044849996920675,0.02502979399287142,91
5886,73,0.013737440996919759,0.004120479999983218,0.025311905003036372,93
5887,73,0.01361172299948521,0.0030954340036259964,0.02436225800192915,95
5888,73,0.013715638997382484,0.0031455260032089427,0.025108046000241302,97
5889,73,0.013567260997660924,0.003070671002205927,0.02501759099686751,99
5890,73,0.014039882997167297,0.005259869998553768,0.024575659997935873,101
5891,73,0.013518439001927618,0.005277208001643885,0.02464349300134927,103
5892,73,0.013420010996924248,0.005289603999699466,0.02460067000356503,105
5893,73,0.013503097005013842,0.005326508995494805,0.02474418200290529,107
5894,73,0.013457802997436374,0.005340117000741884,0.025079716004256625,109
5895,73,0.013517090999812353,0.005328403000021353,0.024698822999198455,111
5896,73,0.013556015997892246,0.005318581002939027,0.0247614780018921,113
5897,73,0.013491139994584955,0.005325785998138599,0.02461922100337688,115
5898,73,0.013595914999314118,0.0053146809950703755,0.02537980800116202,117
5899,73,0.01367322100122692,0.005304886995872948,0.024614570997073315,119
5900,73,0.015343118997407146,0.003845061997708399,0.024862377998942975,121
5901,73,0.01554158900398761,0.00383106799563393,0.024704586001462303,123
5902,73,0.015181659000518266,0.0038777639929321595,0.024323521996848285,125
5903,73,0.015480803995160386,0.0038535839994437993,0.02445546999661019,127
5904,73,0.015278323997335974,0.0038311570024234243,0.024686316995939706,129
5905,73,0.015286722999007907,0.0038820990012027323,0.0247831300002872,131
5906,73,0.015505223003856372,0.003834374001598917,0.024682903997018002,133
5907,73,0.015450883001904003,0.003857120005704928,0.02465867000137223,135
5908,73,0.015583503001835197,0.004011922996141948,0.024977228000352625,137
5909,73,0.015305845001421403,0.0038763750053476542,0.02469320100499317,139
5910,73,0.015408097999170423,0.006058071005099919,0.027566532997298054,141
5911,73,0.015451515006134287,0.006020821005222388,0.027514006003912073,143
5912,73,0.015274559998943005,0.006026526003552135,0.02794208900013473,145
5913,73,0.015801143999851774,0.006037430997821502,0.027721867001673672,147
5914,73,0.01542475799942622,0.0059950669965473935,0.0272374940032023,149
5915,73,0.015300692000892013,0.0060718249951605685,0.027359950996469706,151
5916,73,0.015450357997906394,0.006036405997292604,0.027537171998119447,153
5917,73,0.015649305998522323,0.006014861995936371,0.02758760200231336,155
5918,73,0.015687477003666572,0.006071873001928907,0.027788259998487774,157
5919,73,0.01541995400475571,0.006036832004610915,0.027222542004892603,159
5920,74,0.01565716299955966,0.003888642997480929,0.025674361000710633,1
5921,74,0.015415046997077297,0.0031161730003077537,0.024854500996298157,3
5922,74,0.015562676002446096,0.0030778299988014624,0.024927056998421904,5
5923,74,0.016426308000518475,0.003115820996754337,0.025150671004666947,7
5924,74,0.015476234999368899,0.00315115500416141,0.024590701999841258,9
5925,74,0.01551054200535873,0.0031156080003711395,0.02470359499420738,11
5926,74,0.01561251800012542,0.0031277669986593537,0.02454242700332543,13
5927,74,0.01574714999878779,0.0031140569990384392,0.025075628000195138,15
5928,74,0.01536107600259129,0.00389719500526553,0.024569875000452157,17
5929,74,0.01543555499665672,0.0038725319973309524,0.025464739999733865,19
5930,74,0.015399614996567834,0.0038734370027668774,0.02464157399663236,21
5931,74,0.015310602997487877,0.0038832400023238733,0.02501176000077976,23
5932,74,0.01538094400166301,0.003832469999906607,0.024651624997204635,25
5933,74,0.015571313997497782,0.00392927599750692,0.024711471996852197,27
5934,74,0.015785225994477514,0.004599659005180001,0.02718939400074305,29
5935,74,0.015384147001896054,0.0045784600006300025,0.02748525700008031,31
5936,74,0.015413260000059381,0.004651495000871364,0.027504392994160298,33
5937,74,0.015451404004124925,0.00457521500356961,0.027476394003315363,35
5938,74,0.01556495400291169,0.004611841999576427,0.027362492997781374,37
5939,74,0.01614585799688939,0.0046679999941261485,0.027520950003236067,39
5940,74,0.01174902400089195,0.003080098998907488,0.024889211999834515,41
5941,74,0.01180744900193531,0.003080692004004959,0.025038431005668826,43
5942,74,0.011737265995179769,0.0030817169972578995,0.024356221001653466,45
5943,74,0.011755718005588278,0.003061903000343591,0.024509741000656504,47
5944,74,0.01177021699550096,0.0030575399941881187,0.02465083100105403,49
5945,74,0.01217491500574397,0.0030677699978696182,0.02484795700001996,51
5946,74,0.011796557999332435,0.003066748999117408,0.025067679001949728,53
5947,74,0.011741513000742998,0.003077261004364118,0.024629419996927027,55
5948,74,0.011875955999130383,0.003106673000729643,0.024961158000223804,57
5949,74,0.011957499002164695,0.0030742889939574525,0.025171526001940947,59
5950,74,0.0121508480006014,0.003063977994315792,0.024458626998239197,61
5951,74,0.011746588999812957,0.003093352002906613,0.0245887560013216,63
5952,74,0.01190987400332233,0.003097364002314862,0.024624500001664273,65
5953,74,0.011820855994301382,0.0030793149999226443,0.02942714700475335,67
5954,74,0.011859598998853471,0.003097827000601683,0.024364208002225496,69
5955,74,0.011759357999835629,0.005435349004983436,0.026757827996334527,71
5956,74,0.012238397001056,0.005419279994384851,0.027279270005237777,73
5957,74,0.012076161001459695,0.005426105999504216,0.027310329001920763,75
5958,74,0.011777801999414805,0.005431276993476786,0.026981759001500905,77
5959,74,0.011792179000622127,0.005464909998408984,0.026815512996108737,79
5960,74,0.015353451002738439,0.0038628330003120936,0.024599819000286516,81
5961,74,0.015240501998050604,0.0038383520004572347,0.02433062400086783,83
5962,74,0.015274665995093528,0.0038699970027664676,0.02487910399941029,85
5963,74,0.01538094400166301,0.003863968995574396,0.025339683001220692,87
5964,74,0.015444675002072472,0.003854121001495514,0.02481853199424222,89
5965,74,0.01543475799553562,0.003818541001237463,0.02558437299740035,91
5966,74,0.015932192996842787,0.0038416000024881214,0.02502950399502879,93
5967,74,0.015902981998806354,0.003806220003752969,0.02476735100208316,95
5968,74,0.015234983999107499,0.0038482800009660423,0.024365514000237454,97
5969,74,0.015306928005884402,0.0039594739937456325,0.0253865409977152,99
5970,74,0.015244829999573994,0.0038282120003714226,0.02482232200418366,101
5971,74,0.015529254000284709,0.003850200002489146,0.024459223001031205,103
5972,74,0.015349889996286947,0.0038130419998196885,0.02464632700139191,105
5973,74,0.015313469004468061,0.0038254280007095076,0.024683416995685548,107
5974,74,0.015270862997567747,0.003835665003862232,0.02465941000264138,109
5975,74,0.015481258000363596,0.0040593880039523356,0.024571565998485312,111
5976,74,0.015288365000742488,0.0038644379965262488,0.02509676899353508,113
5977,74,0.015306343004340306,0.003836361996945925,0.024842414000886492,115
5978,74,0.015379270000266843,0.0038160179974511266,0.025219953000487294,117
5979,74,0.015251042001182213,0.0038442619988927618,0.024735833001614083,119
5980,74,0.015323802996135782,0.0030914769959053956,0.025057403996470384,121
5981,74,0.015358411001216155,0.003110630001174286,0.025912060002156068,123
5982,74,0.015434904998983257,0.003079481000895612,0.02439474200218683,125
5983,74,0.015222902002278715,0.0030817469960311428,0.02443387499806704,127
5984,74,0.015210641999146901,0.0030891470014466904,0.024751272998400964,129
5985,74,0.015751001999888103,0.003848507003567647,0.02445060900208773,131
5986,74,0.015993589993740898,0.003069636004511267,0.025183854006172623,133
5987,74,0.015600787999574095,0.003122039001027588,0.02539876600349089,135
5988,74,0.015845850997720845,0.0032084780032164417,0.025426495005376637,137
5989,74,0.015606975997798145,0.0031324150040745735,0.024422823000350036,139
5990,74,0.015495289997488726,0.005316517002938781,0.027163102000486106,141
5991,74,0.01558441100496566,0.0052650719953817315,0.028137836001405958,143
5992,74,0.015247273004206363,0.005301902005157899,0.02717152100376552,145
5993,74,0.01533242900040932,0.005269845998554956,0.02717578099691309,147
5994,74,0.01595423799881246,0.005433170001197141,0.02757500999723561,149
5995,74,0.01560164900001837,0.0054302099961205386,0.02770660099486122,151
5996,74,0.015979452997271437,0.005339944997103885,0.027325460003339685,153
5997,74,0.015404320001835003,0.005333088003681041,0.027027855001506396,155
5998,74,0.015448767000634689,0.00536080299934838,0.027132230999995954,157
5999,74,0.015328219000366516,0.005534544994588941,0.027903930000320543,159
6000,75,0.015614001000358257,0.004035518999444321,0.02573606599617051,1
6001,75,0.01580037500389153,0.004097249999176711,0.025017214997205883,3
6002,75,0.01536530299927108,0.0031022160037537105,0.026269096000760328,5
6003,75,0.015753785002743825,0.0038542500042240135,0.024654998996993527,7
6004,75,0.015376011004264,0.003069467995373998,0.024897084003896452,9
6005,75,0.015602625004248694,0.003853135000099428,0.02449521399830701,11
6006,75,0.01562664200173458,0.003953207997255959,0.0246958089992404,13
6007,75,0.015580456994939595,0.0038502860043081455,0.025314869999419898,15
6008,75,0.015342653001425788,0.003836124000372365,0.024782404005236458,17
6009,75,0.01555866000126116,0.0038636469980701804,0.02509159900364466,19
6010,75,0.015401471995573957,0.0038715269984095357,0.0246302960003959,21
6011,75,0.015376297000329942,0.003970324003603309,0.0245325750001939,23
6012,75,0.015752731000247877,0.004561752997688018,0.02579504899767926,25
6013,75,0.015308724003261887,0.0038556340005015954,0.024935144996561576,27
6014,75,0.015398417002870701,0.004571194003801793,0.025176269002258778,29
6015,75,0.01529940700129373,0.004617616999894381,0.02513694500521524,31
6016,75,0.015612754999892786,0.004553276005026419,0.02774207099719206,33
6017,75,0.015911416005110368,0.004589964002661873,0.027682981999532785,35
6018,75,0.015284014996723272,0.00456624900107272,0.027908643998671323,37
6019,75,0.015316552002332173,0.0045743489972664975,0.027009376004571095,39
6020,75,0.013608565997856203,0.003088894998654723,0.024683720999746583,41
6021,75,0.01352869800030021,0.003223150000849273,0.02470698900287971,43
6022,75,0.013728695004829206,0.003064189004362561,0.025180193995765876,45
6023,75,0.013992874999530613,0.00307941299979575,0.02478511299705133,47
6024,75,0.013670842999999877,0.0031305459997383878,0.024377408997679595,49
6025,75,0.014051408994419035,0.0031215290000545792,0.024449092998111155,51
6026,75,0.01372450700000627,0.003087716999289114,0.024819302998366766,53
6027,75,0.014027558994712308,0.0030820149986539036,0.024356722002266906,55
6028,75,0.013519489999453072,0.0030817049992037937,0.02460143400094239,57
6029,75,0.013937027004431002,0.003110974001174327,0.024825234999298118,59
6030,75,0.013494611004716717,0.0038700880031683482,0.024489907998940907,61
6031,75,0.013597021999885328,0.0031188919965643436,0.024577340001997072,63
6032,75,0.013499798995326273,0.0031161020015133545,0.025231449995771982,65
6033,75,0.013474996994773392,0.003107393000391312,0.02508384999964619,67
6034,75,0.01414937300432939,0.0031077949970494956,0.02468323799985228,69
6035,75,0.01363739199587144,0.006152652997116093,0.030011235998244956,71
6036,75,0.013540551000915002,0.0061393509968183935,0.030380623997189105,73
6037,75,0.013521590997697785,0.006181552002090029,0.030064413003856316,75
6038,75,0.013495115999830887,0.006142019999970216,0.030038049000722822,77
6039,75,0.013652253997861408,0.006149392000224907,0.030010325004695915,79
6040,75,0.013580109996837564,0.003829974004474934,0.02441378699586494,81
6041,75,0.013514849997591227,0.0038282450041151606,0.024567742002545856,83
6042,75,0.013772188998700585,0.003832547001366038,0.025108279995038174,85
6043,75,0.013536507001845166,0.0038206990066100843,0.024669915001140907,87
6044,75,0.013485885996487923,0.0038065929984441027,0.026972027000738308,89
6045,75,0.013449899997795,0.00385666099464288,0.024945706005382817,91
6046,75,0.014014094995218329,0.003818860997853335,0.025737449002917856,93
6047,75,0.01380131999758305,0.0038234360035858117,0.03566602299542865,95
6048,75,0.013482551999913994,0.003858511001453735,0.0246802879992174,97
6049,75,0.013527330003853422,0.0038695969997206703,0.02473713899962604,99
6050,75,0.013605218002339825,0.005271023001114372,0.025439495002501644,101
6051,75,0.013553459000831936,0.005254775998764671,0.024984447001770604,103
6052,75,0.013826333000906743,0.005284250997647177,0.02472290600417182,105
6053,75,0.014034628999070264,0.005284659993776586,0.025171849003527313,107
6054,75,0.014126178000879008,0.0053015500016044825,0.024851207999745384,109
6055,75,0.01355526500265114,0.0053229469995130785,0.024711104000743944,111
6056,75,0.013565577995905187,0.005249085996183567,0.024859598001057748,113
6057,75,0.013508706004358828,0.005270272005873267,0.025229910999769345,115
6058,75,0.01367566800036002,0.005270311994536314,0.02493074900121428,117
6059,75,0.014106702001299709,0.005268832996080164,0.03304046799894422,119
6060,75,0.015503987000556663,0.003821297003014479,0.024641078998683952,121
6061,75,0.015346533997217193,0.004572181002004072,0.02481224400253268,123
6062,75,0.01565165200008778,0.003795951997744851,0.025413650000700727,125
6063,75,0.01556337399961194,0.0038039270002627745,0.02459081300185062,127
6064,75,0.015452711006219033,0.0038455260000773706,0.0250027849979233,129
6065,75,0.015363803002401255,0.003840981997200288,0.024484834997565486,131
6066,75,0.0158136430036393,0.0038016359976609237,0.02480766300141113,133
6067,75,0.015239954002026934,0.003803343999607023,0.02520052299951203,135
6068,75,0.015606660999765154,0.003089776997512672,0.02442295299988473,137
6069,75,0.015268435003235936,0.0030680339987156913,0.024534815005608834,139
6070,75,0.015484864998143166,0.005309433996444568,0.02737971099850256,141
6071,75,0.015357629999925848,0.005308164996677078,0.02756640200095717,143
6072,75,0.015732244995888323,0.005306251005094964,0.027639681997243315,145
6073,75,0.01525297699845396,0.00534504400275182,0.027269260994216893,147
6074,75,0.015314254000259098,0.005351980995328631,0.026992034996510483,149
6075,75,0.01542595600039931,0.005250895999779459,0.027785458994912915,151
6076,75,0.015150729996094014,0.005215313998633064,0.027957583995885216,153
6077,75,0.015697214999818243,0.005265950996545143,0.026927131999400444,155
6078,75,0.015298790000088047,0.005261349004285876,0.026965882003423758,157
6079,75,0.015235938000841998,0.0052591430066968314,0.02689592999377055,159
6080,76,0.015300449005735572,0.0030960810036049224,0.025042074004886672,1
6081,76,0.01537174500117544,0.0038296550046652555,0.024578652999480255,3
6082,76,0.016286373996990733,0.005075431996374391,0.02461210700130323,5
6083,76,0.015257316001225263,0.003097732005699072,0.02502864100097213,7
6084,76,0.01514627599681262,0.0031007779980427586,0.024489296003594063,9
6085,76,0.015463752002688125,0.003118967004411388,0.024267458997201174,11
6086,76,0.015282938999007456,0.0038300820015138015,0.025060911997570656,13
6087,76,0.01523290899785934,0.003809218993410468,0.02488285899744369,15
6088,76,0.01568722700176295,0.003808747002040036,0.0246329000001424,17
6089,76,0.01535073700506473,0.003802731000178028,0.024938358001236338,19
6090,76,0.015269111994712148,0.004514575994107872,0.02493120300641749,21
6091,76,0.015722450996690895,0.003836166004475672,0.024554178002290428,23
6092,76,0.01575883499754127,0.0038531519967364147,0.024591806999524124,25
6093,76,0.015402372999233194,0.0038538899971172214,0.024943956996139605,27
6094,76,0.015320017002522945,0.0038125760038383305,0.02544666900212178,29
6095,76,0.015452694002306089,0.0045657980008400045,0.024668363999808207,31
6096,76,0.015419982999446802,0.004586209004628472,0.027765288003138267,33
6097,76,0.015351641006418504,0.004591250995872542,0.027723892002541106,35
6098,76,0.015412019994982984,0.004586775001371279,0.026605024002492428,37
6099,76,0.015249465002852958,0.0045720510024693795,0.02803802600101335,39
6100,76,0.013607569002488162,0.0038249819990596734,0.024632115004351363,41
6101,76,0.013577278994489461,0.0030732029990758747,0.024673959997016937,43
6102,76,0.01357406299939612,0.0031126849935390055,0.02510082600201713,45
6103,76,0.014196326003002468,0.003839550001430325,0.02448536199517548,47
6104,76,0.013587396002549212,0.00309233799634967,0.025134226998488884,49
6105,76,0.013579631005995907,0.003092497994657606,0.024707276999833994,51
6106,76,0.013702440999622922,0.0031272060004994273,0.024775776000751648,53
6107,76,0.014064426999539137,0.003131377001409419,0.02450331099680625,55
6108,76,0.013670952001120895,0.003122262001852505,0.024626990001706872,57
6109,76,0.01359491400216939,0.003110318000835832,0.025000369001645595,59
6110,76,0.013543838998884894,0.0031283489952329546,0.024618553994514514,61
6111,76,0.013637611002195626,0.003123981994576752,0.0246559739971417,63
6112,76,0.013608877998194657,0.003110439000010956,0.024551146001613233,65
6113,76,0.01371113800269086,0.0031035860010888427,0.02453537999826949,67
6114,76,0.013669874002516735,0.0030817219958407804,0.025425660001928918,69
6115,76,0.013738738001848105,0.005416273001173977,0.027578109999012668,71
6116,76,0.013648924003064167,0.005434227998193819,0.027586187999986578,73
6117,76,0.013738266003201716,0.005478350001794752,0.02753330900304718,75
6118,76,0.013655974995344877,0.005456911996589042,0.027392127994971815,77
6119,76,0.013761171998339705,0.005482955995830707,0.02739785700396169,79
6120,76,0.015412881002703216,0.0038562859990634024,0.02484122999885585,81
6121,76,0.0154364580012043,0.0038828620017739013,0.024676612003531773,83
6122,76,0.0158024740012479,0.0038353390045813285,0.024751231998379808,85
6123,76,0.015360019999206997,0.0038268389980657957,0.024706839998543728,87
6124,76,0.015711781998106744,0.0038626919995294884,0.024562797996622976,89
6125,76,0.01583528499759268,0.0038285600021481514,0.024507957001333125,91
6126,76,0.015506092997384258,0.003798774996539578,0.02463055800035363,93
6127,76,0.015577409001707565,0.0038464270037366077,0.024810564995277673,95
6128,76,0.01559627200185787,0.003852042995276861,0.02512328000011621,97
6129,76,0.015413595996506047,0.003855914001178462,0.02459287400415633,99
6130,76,0.015337725999415852,0.003868423002131749,0.02452463399822591,101
6131,76,0.015517801999521907,0.003892222994181793,0.024836443000822328,103
6132,76,0.015240228000038769,0.0038689759967382997,0.024669852005899884,105
6133,76,0.015757474000565708,0.003797582001425326,0.024662183997861575,107
6134,76,0.01548890900448896,0.00545690099534113,0.024474392004776746,109
6135,76,0.015226709998387378,0.0037906240031588823,0.025554993997502606,111
6136,76,0.01523178799834568,0.0038094460032880306,0.024769739000475965,113
6137,76,0.015394858004583512,0.0038402709978981875,0.02473419600573834,115
6138,76,0.015369713000836782,0.0038134729984449223,0.024599018004664686,117
6139,76,0.015376183000626042,0.003812572998867836,0.02444236400333466,119
6140,76,0.013916827003413346,0.003811032001976855,0.024532814000849612,121
6141,76,0.013816346996463835,0.004061447994899936,0.024809627000649925,123
6142,76,0.014112358003330883,0.0038609819966950454,0.02533253799629165,125
6143,76,0.013555819998146035,0.003850608001812361,0.02488747699680971,127
6144,76,0.01434450299711898,0.003825257001153659,0.024648472004628275,129
6145,76,0.013571280003816355,0.0038250180004979484,0.0245841180003481,131
6146,76,0.013532607998058666,0.005059283001173753,0.024471315002301708,133
6147,76,0.013471135003783274,0.003985178998846095,0.024572526999691036,135
6148,76,0.0139721810046467,0.0038406169987865724,0.02445463399635628,137
6149,76,0.014044028001080733,0.0038247060001594946,0.0250158740018378,139
6150,76,0.013737907996983267,0.005321099997672718,0.02766217700263951,141
6151,76,0.013838352999300696,0.005298507996485569,0.0279384969981038,143
6152,76,0.013650052998855244,0.005353391999960877,0.028387462996761315,145
6153,76,0.013412731997959781,0.00610920899634948,0.027599007000389975,147
6154,76,0.01353617000131635,0.005294496004353277,0.027769099004217423,149
6155,76,0.013625494000734761,0.006032924997271039,0.027650121002807282,151
6156,76,0.013590722999651916,0.006032176002918277,0.027556206005101558,153
6157,76,0.014254822002840228,0.005979528003081214,0.027353391000360716,155
6158,76,0.013820255997416098,0.005370591003156733,0.027792007000243757,157
6159,76,0.013750525999057572,0.00529343300149776,0.02740101399831474,159
6160,77,0.0158547860046383,0.0038149840038386174,0.027027124000596814,1
6161,77,0.015563175998977385,0.0038462989978143014,0.025061790001927875,3
6162,77,0.01569797099364223,0.005085932003566995,0.024769880998064764,5
6163,77,0.015506619994994253,0.0031171940063359216,0.024624682002468035,7
6164,77,0.015473417995963246,0.0031141900035436265,0.02484076700056903,9
6165,77,0.015645188999769744,0.003974051003751811,0.025141060999885667,11
6166,77,0.01599975200224435,0.0038579920001211576,0.024961835995782167,13
6167,77,0.015425124998728279,0.0038001499997335486,0.02458265900349943,15
6168,77,0.015552983000816312,0.003870609994919505,0.025089351998758502,17
6169,77,0.015342118000262417,0.004557678003038745,0.024650498999108095,19
6170,77,0.015360281999164727,0.00567723999847658,0.02461131100426428,21
6171,77,0.015322487997764256,0.0038482029995066114,0.02483795199805172,23
6172,77,0.015448808997462038,0.0038247870033956133,0.02472552499966696,25
6173,77,0.016138767001393717,0.004592880002746824,0.02511866599525092,27
6174,77,0.016105139002320357,0.004568017000565305,0.02720608500385424,29
6175,77,0.01598026600549929,0.004538630993920378,0.027149631001520902,31
6176,77,0.015305597000406124,0.004602110006089788,0.027565732001676224,33
6177,77,0.015457975001481827,0.004585192000376992,0.02746284999739146,35
6178,77,0.015757806002511643,0.00460613700124668,0.027325267998094205,37
6179,77,0.015808844000275712,0.004613413999322802,0.02725790999829769,39
6180,77,0.013610556001367513,0.004608957999153063,0.024934409993875306,41
6181,77,0.01403923200268764,0.004592515004333109,0.025389310998434667,43
6182,77,0.013662188001035247,0.004579221997119021,0.024672704996191896,45
6183,77,0.013784488000965212,0.004568026000924874,0.024625092002679594,47
6184,77,0.014195301999279764,0.00456363899866119,0.024977802000648808,49
6185,77,0.013876189994334709,0.004559164997772314,0.025708790999487974,51
6186,77,0.013923152000643313,0.0046305430005304515,0.025126409003860317,53
6187,77,0.013559818005887792,0.0045261109989951365,0.024916782000218518,55
6188,77,0.013749202000326477,0.004636562000086997,0.025112909999734256,57
6189,77,0.013652215995534789,0.004609942996466998,0.024952226995083038,59
6190,77,0.013491683996107895,0.004542174996458925,0.02518491099908715,61
6191,77,0.014558903996658046,0.00456119700538693,0.024852688999089878,63
6192,77,0.014068625998334028,0.004547173994069453,0.02468441499513574,65
6193,77,0.013699863004148938,0.004560655004752334,0.02477482699760003,67
6194,77,0.013695920999452937,0.004552098995191045,0.02504557000065688,69
6195,77,0.013684037003258709,0.004571937999571674,0.02812923799501732,71
6196,77,0.01374357799795689,0.004553473001578823,0.028125753997301217,73
6197,77,0.013948015002824832,0.004574487000354566,0.027749929002311546,75
6198,77,0.013666906001162715,0.004624219000106677,0.027906850998988375,77
6199,77,0.013619294993986841,0.005430866003734991,0.027955500001553446,79
6200,77,0.01411073900089832,0.0031054079954628833,0.02495267300400883,81
6201,77,0.013894440002331976,0.00435328199819196,0.0248057360004168,83
6202,77,0.0140488600009121,0.003832150003290735,0.02469663599913474,85
6203,77,0.013683660996321123,0.0030737779961782508,0.024899135001760442,87
6204,77,0.013766399999440182,0.003110705998551566,0.0251091140016797,89
6205,77,0.01399785000103293,0.0031431800016434863,0.024854627998138312,91
6206,77,0.01410259900148958,0.0030662690041936003,0.02483240300352918,93
6207,77,0.013592120994871948,0.0031136580000747927,0.024558288001571782,95
6208,77,0.013709546998143196,0.00307315299869515,0.024796066994895227,97
6209,77,0.013879965001251549,0.0031661239991080947,0.02504130399756832,99
6210,77,0.013819841005897615,0.004578125997795723,0.025457807998463977,101
6211,77,0.013553766999393702,0.0045678289970965125,0.024703841998416465,103
6212,77,0.013489361997926608,0.0038405049999710172,0.024732178993872367,105
6213,77,0.013590733004093636,0.0038461479998659343,0.02502333899610676,107
6214,77,0.013607212000351865,0.004573851001623552,0.025037785002496094,109
6215,77,0.013678868002898525,0.0038345070061041042,0.02535809500113828,111
6216,77,0.013623352002468891,0.0038403869984904304,0.024999531997309532,113
6217,77,0.013720120994548779,0.00461504100530874,0.025326146998850163,115
6218,77,0.013800752996758092,0.004570080003759358,0.02511483499984024,117
6219,77,0.013588656998763327,0.004580203996738419,0.02582821000396507,119
6220,77,0.015546742004517,0.0038458990020444617,0.02529691599920625,121
6221,77,0.015351071000623051,0.0038371519985958003,0.02491857700078981,123
6222,77,0.01535809799679555,0.0038470480067189783,0.024814575001073536,125
6223,77,0.015335695999965537,0.0038684510000166483,0.0245997400052147,127
6224,77,0.015431754996825475,0.003857283001707401,0.0249585399942589,129
6225,77,0.015361218996986281,0.0038179140028660186,0.024626646998513024,131
6226,77,0.01564099900133442,0.003797356999712065,0.02522026599763194,133
6227,77,0.015543142006208654,0.0038147149971337058,0.025088695998420008,135
6228,77,0.01567014600004768,0.0038639790000161156,0.024887980995117687,137
6229,77,0.015898077996098436,0.0038519170047948137,0.024770197000179905,139
6230,77,0.01547088300139876,0.005298823001794517,0.027659658997436054,141
6231,77,0.015459483998711221,0.005326557999069337,0.02771094399940921,143
6232,77,0.015553165001620073,0.005301109005813487,0.027844459997140802,145
6233,77,0.015347380998719018,0.005336084999726154,0.02782031099923188,147
6234,77,0.015370560002338607,0.0053617510056938045,0.027125856002385262,149
6235,77,0.015469735997612588,0.00532383999961894,0.027748668995627668,151
6236,77,0.015371612003946211,0.0052872500018565916,0.027874184997926932,153
6237,77,0.015180028000031598,0.005298665004374925,0.026957748996210285,155
6238,77,0.015329884001403116,0.0052790639965678565,0.026941749005345628,157
6239,77,0.01519338900106959,0.005290231994877104,0.027226442995015532,159
6240,78,0.01559757399809314,0.00390301500010537,0.02537432600365719,1
6241,78,0.01536049299465958,0.003811082999163773,0.024499352999555413,3
6242,78,0.015319457001169212,0.0031084260044735856,0.02508904499700293,5
6243,78,0.015357201998995151,0.0030780930028413422,0.024528324000129942,7
6244,78,0.01526882300095167,0.0031049960016389377,0.02513042800273979,9
6245,78,0.01548132199968677,0.0030955100010032766,0.02535695900587598,11
6246,78,0.015406292004627176,0.003083858005993534,0.02474517899827333,13
6247,78,0.015325111002312042,0.003805129999818746,0.024579246004577726,15
6248,78,0.015405174002808053,0.0038192229985725135,0.02472941500309389,17
6249,78,0.015424586999870371,0.0043623829988064244,0.024702626004000194,19
6250,78,0.015166858000156935,0.003176371996232774,0.02468678199511487,21
6251,78,0.01577049100160366,0.0031085640002856962,0.025723029000801034,23
6252,78,0.015824982001504395,0.003820687001280021,0.02487798199581448,25
6253,78,0.015273746001184918,0.003830528999969829,0.025285119998443406,27
6254,78,0.015365332998044323,0.0038122780024423264,0.025173101006657816,29
6255,78,0.015622396000253502,0.004561741996440105,0.02754922600433929,31
6256,78,0.015405140999064315,0.004689353001595009,0.027380493003875017,33
6257,78,0.015418563001730945,0.0045511560019804165,0.027720715996110812,35
6258,78,0.01522140599990962,0.004599931002303492,0.027241743002377916,37
6259,78,0.015399251999042463,0.004550261997792404,0.027179422999324743,39
6260,78,0.011876561999088153,0.0038205980017664842,0.025001961999805644,41
6261,78,0.012410331000864971,0.003811044000030961,0.02456940800038865,43
6262,78,0.011839754006359726,0.0037990519995219074,0.025003855997056235,45
6263,78,0.012199662000057288,0.003800901999056805,0.025027766001585405,47
6264,78,0.011639491000096314,0.003832194001006428,0.026102417999936733,49
6265,78,0.011827770998934284,0.0038409420012612827,0.025161195000691805,51
6266,78,0.011751830999855883,0.0038168840037542395,0.024321700999280438,53
6267,78,0.011743768998712767,0.003840363999188412,0.02451183900120668,55
6268,78,0.01191916400421178,0.0038567800002056174,0.024683578994881827,57
6269,78,0.012265256998944096,0.0038273850004770793,0.02501029500126606,59
6270,78,0.012244328994711395,0.003819587000180036,0.025438379001570866,61
6271,78,0.012488510001276154,0.003906568999809679,0.024527399000362493,63
6272,78,0.011749571000109427,0.0038264670001808554,0.025284752002335154,65
6273,78,0.011741834998247214,0.003825504994892981,0.02490987399505684,67
6274,78,0.011683139004162513,0.003826405001746025,0.024388791003730148,69
6275,78,0.011834873002953827,0.0054458109952975065,0.02754469300271012,71
6276,78,0.011725590004061814,0.005416937005065847,0.02740613899368327,73
6277,78,0.012013068000669591,0.005412053003965411,0.02723442999558756,75
6278,78,0.011788338000769727,0.00542604999645846,0.027511248001246713,77
6279,78,0.011964106997766066,0.005436963998363353,0.027220873002079315,79
6280,78,0.013505716000508983,0.0038112820038804784,0.024847109001711942,81
6281,78,0.013752247999946121,0.0038522730028489605,0.024619356998300646,83
6282,78,0.013475921005010605,0.0038430120039265603,0.024622930002806243,85
6283,78,0.013761178001004737,0.0038274000035016797,0.024595135997515172,87
6284,78,0.01379487899976084,0.0038740430027246475,0.02528733700455632,89
6285,78,0.01368472399917664,0.003820540994638577,0.024698444998648483,91
6286,78,0.01350802799424855,0.0038083170002209954,0.02523145000304794,93
6287,78,0.01414339400071185,0.003797459001361858,0.02543533300195122,95
6288,78,0.01353051600017352,0.0038037210033508018,0.02467109999997774,97
6289,78,0.014041749003808945,0.0037814109964529052,0.02529054700426059,99
6290,78,0.013604114996269345,0.004533568993792869,0.02525066299858736,101
6291,78,0.013522389002901036,0.004536044994893018,0.02484148599614855,103
6292,78,0.01352936599869281,0.004575642000418156,0.024528199006454088,105
6293,78,0.013591514994914178,0.004552498001430649,0.025146271000267006,107
6294,78,0.013604974003101233,0.004550744000880513,0.024926076002884656,109
6295,78,0.014074598002480343,0.004527016993961297,0.024535969998396467,111
6296,78,0.013572737996582873,0.004529022000497207,0.024739253996813204,113
6297,78,0.014133138996839989,0.004523502000665758,0.025358337996294722,115
6298,78,0.013516638995497487,0.0045552340016001835,0.024508848000550643,117
6299,78,0.013850237002770882,0.004535909996775445,0.03254937200108543,119
6300,78,0.01539822499762522,0.0030893040020600893,0.02532240899745375,121
6301,78,0.015583248998154886,0.003306544000224676,0.025040116997843143,123
6302,78,0.015551288997812662,0.003120779001619667,0.02462850599840749,125
6303,78,0.015329367000958882,0.0031005919954623096,0.024664445001690183,127
6304,78,0.015428468002937734,0.003132485995593015,0.0248507049982436,129
6305,78,0.015251800003170501,0.0030653689973405562,0.024676197004737332,131
6306,78,0.01523878300213255,0.0031297040040954016,0.024437809996015858,133
6307,78,0.015949109998473432,0.003111650003120303,0.02430560299399076,135
6308,78,0.01536292300443165,0.003099722001934424,0.024350012005015742,137
6309,78,0.0154510379943531,0.003093963001447264,0.024866983003448695,139
6310,78,0.015355490999354515,0.005299128999467939,0.027280475995212328,141
6311,78,0.01540675200521946,0.005288886997732334,0.027562739000131842,143
6312,78,0.015410205000080168,0.005329533996700775,0.027353330995538272,145
6313,78,0.015413806999276858,0.0053165799981798045,0.02810745299939299,147
6314,78,0.015476520005904604,0.005309547996148467,0.027711328999430407,149
6315,78,0.015425947996845935,0.005321714001183864,0.027863135997904465,151
6316,78,0.015646774001652375,0.005316101996868383,0.02710200699948473,153
6317,78,0.01616176099923905,0.005294447997584939,0.02699708200088935,155
6318,78,0.015758636996906716,0.005301086996041704,0.02724782299628714,157
6319,78,0.01600617000076454,0.005293465997965541,0.027577068001846783,159
6320,79,0.014230901004339103,0.004552605998469517,0.025697764001961332,1
6321,79,0.013471188001858536,0.00450914200337138,0.024866460997145623,3
6322,79,0.013643268001032993,0.0038381300037144683,0.024600916003691964,5
6323,79,0.013476208005158696,0.0038364119973266497,0.024504966000677086,7
6324,79,0.013915988005464897,0.003822478000074625,0.024883095000404865,9
6325,79,0.013583214000391308,0.004555659994366579,0.024742604000493884,11
6326,79,0.013585897999291774,0.004545267998764757,0.025191971006279346,13
6327,79,0.01400808000471443,0.00452176700491691,0.025552708997565787,15
6328,79,0.014263879995269235,0.005118020002555568,0.027388662005250808,17
6329,79,0.013815533995511942,0.004571512996335514,0.02741579699795693,19
6330,79,0.013758599998254795,0.003869680003845133,0.027517548005562276,21
6331,79,0.013529329000448342,0.004564875998767093,0.02480509199813241,23
6332,79,0.013528209005016834,0.0038403830039897002,0.026879552999162115,25
6333,79,0.013676476002729032,0.003832670998235699,0.026789019000716507,27
6334,79,0.013532056000258308,0.0038560430039069615,0.02701336199970683,29
6335,79,0.013450127997202799,0.0038833180005894974,0.026915385002212133,31
6336,79,0.014070887002162635,0.0038670240028295666,0.026974933003657497,33
6337,79,0.013604138002847321,0.0038503139949170873,0.02802086799783865,35
6338,79,0.0135773850051919,0.003850656001304742,0.027174383998499252,37
6339,79,0.013800583998090588,0.0038313410041155294,0.027269017999060452,39
6340,79,0.013734402004047297,0.0038767649966757745,0.025033123994944617,41
6341,79,0.013552324002375826,0.003090569000050891,0.024463643996568862,43
6342,79,0.01378935799584724,0.0038355049982783385,0.025453754999034572,45
6343,79,0.014047810996999033,0.00394229700032156,0.024577834003139287,47
6344,79,0.013643941005284432,0.004100293997908011,0.024469660005706828,49
6345,79,0.013810686999931931,0.003871638997225091,0.025314102000265848,51
6346,79,0.013869733003957663,0.004115172996534966,0.024931314001150895,53
6347,79,0.013629954002681188,0.00381728500360623,0.02464357300050324,55
6348,79,0.0135897330037551,0.003095767999184318,0.025139504999970086,57
6349,79,0.01390792500023963,0.003080247995967511,0.024503738000930753,59
6350,79,0.013599628997326363,0.0030809939999016933,0.024860922996595036,61
6351,79,0.013938260002760217,0.004004591995908413,0.02467103300296003,63
6352,79,0.013562512001954019,0.0031023049959912896,0.02512764600396622,65
6353,79,0.013827194001351018,0.003882162993249949,0.02496032099588774,67
6354,79,0.01340687300398713,0.005014355992898345,0.024442983005428687,69
6355,79,0.013455678003083449,0.005400756999733858,0.030015568001545034,71
6356,79,0.019881668995367363,0.0054074740037322044,0.030093544999544974,73
6357,79,0.01342778999969596,0.005439617998490576,0.03002178799943067,75
6358,79,0.0136019950004993,0.005421959998784587,0.029728460001933854,77
6359,79,0.013456232998578344,0.005450190998089965,0.030630642002506647,79
6360,79,0.015210165998723824,0.0045787520066369325,0.024635758003569208,81
6361,79,0.016055646003223956,0.004558715998427942,0.024813705000269692,83
6362,79,0.015554532998066861,0.0045473790014511906,0.024688763995072804,85
6363,79,0.016126682996400632,0.0038162970013218,0.02465870500600431,87
6364,79,0.015451583996764384,0.003947025994420983,0.024803904998407234,89
6365,79,0.015514304002863355,0.004531859995040577,0.024670741004229058,91
6366,79,0.015599036996718496,0.004662161998567171,0.02644012800010387,93
6367,79,0.01876799599995138,0.004511573999479879,0.025186733997543342,95
6368,79,0.016320524999173358,0.0038412939975387417,0.02434969100431772,97
6369,79,0.015492824000830296,0.0038360390026355162,0.028566334993229248,99
6370,79,0.01600985900586238,0.0038395800002035685,0.02480428000126267,101
6371,79,0.015466648001165595,0.0038571470067836344,0.02464695099479286,103
6372,79,0.015230318997055292,0.0038253649981925264,0.02453578600398032,105
6373,79,0.015476314998522867,0.0038319339946610853,0.024619388997962233,107
6374,79,0.015244191003148444,0.0038341580002452247,0.0245528910018038,109
6375,79,0.01597328500065487,0.0039227779998327605,0.0249645289950422,111
6376,79,0.015445936005562544,0.0038687089981976897,0.02502798799832817,113
6377,79,0.015957645999151282,0.003831437003100291,0.024529456997697707,115
6378,79,0.015204880997771397,0.0038281660017673858,0.025099261998548172,117
6379,79,0.01532627399865305,0.003825344996585045,0.025011764002556447,119
6380,79,0.013794837999739684,0.0038170440020621754,0.024979360001452733,121
6381,79,0.013565185996412765,0.003959362002206035,0.025250560000131372,123
6382,79,0.014266452002630103,0.0038045429973863065,0.024768853996647522,125
6383,79,0.013708659003896173,0.003863958998408634,0.024259322999569122,127
6384,79,0.01341987399791833,0.0038083700055722147,0.024367856996832415,129
6385,79,0.013465917996654753,0.0038218870031414554,0.024755799997365102,131
6386,79,0.013935372000560164,0.004093008996278513,0.02477173499937635,133
6387,79,0.01353257800656138,0.0038248070050030947,0.024595915994723327,135
6388,79,0.013746841003012378,0.003800596001383383,0.02490637200389756,137
6389,79,0.01361576899944339,0.003824544997769408,0.024772856995696202,139
6390,79,0.013667808998434339,0.005277038995700423,0.027479119002236985,141
6391,79,0.013582284998847172,0.005260489997453988,0.02746208300231956,143
6392,79,0.013572623996878974,0.005302082005073316,0.027192182998987846,145
6393,79,0.014695072000904474,0.005273127993859816,0.027175492003152613,147
6394,79,0.013515904000087176,0.00529823199758539,0.02731852500437526,149
6395,79,0.013524706999305636,0.0053051519935252145,0.02710414200555533,151
6396,79,0.014541199001541827,0.005281569996441249,0.027028500000596978,153
6397,79,0.01361432299745502,0.005275250994600356,0.027631671997369267,155
6398,79,0.01360209899576148,0.005307061997882556,0.02701329500268912,157
6399,79,0.013627585998619907,0.005326531994796824,0.0279153219962609,159
6400,80,0.013696592999622226,0.004583677000482567,0.02543836599943461,1
6401,80,0.013673576002474874,0.004632406002201606,0.02475659199990332,3
6402,80,0.014091410994296893,0.004061587998876348,0.02803376600058982,5
6403,80,0.013629854001919739,0.0038678990022162907,0.025041697001142893,7
6404,80,0.01361624099808978,0.003861176999635063,0.024826918001053855,9
6405,80,0.013729924001381733,0.003861203003907576,0.024507010995876044,11
6406,80,0.013697918002435472,0.0038459110000985675,0.024745555005210917,13
6407,80,0.013646052997501101,0.004605513000569772,0.025084048000280745,15
6408,80,0.013586852997832466,0.0038415629969676957,0.0274019930002396,17
6409,80,0.013567810994572937,0.0038465129982796498,0.027150968999194447,19
6410,80,0.013619655001093633,0.003807310000411235,0.0272118010034319,21
6411,80,0.013406070997007191,0.0038010999996913597,0.025400127997272648,23
6412,80,0.013794077996863052,0.003813854003965389,0.027231801999732852,25
6413,80,0.013572947005741298,0.0038299389998428524,0.026696822002122644,27
6414,80,0.01359680799941998,0.0038390019981306978,0.027041531997383572,29
6415,80,0.013578512000094634,0.0038004500020178966,0.027386973997636233,31
6416,80,0.013803716996335424,0.004554138999083079,0.027041518995247316,33
6417,80,0.013581929000793025,0.004581683002470527,0.027190565000637434,35
6418,80,0.013602387996797916,0.004607328002748545,0.027951379997830372,37
6419,80,0.013744219999352936,0.0038479979994008318,0.02762992199859582,39
6420,80,0.015248765994329005,0.00457430199458031,0.02457188600237714,41
6421,80,0.015395636997709516,0.004646814995794557,0.02549066899518948,43
6422,80,0.015487798002141062,0.004606205999152735,0.02538249799545156,45
6423,80,0.015820167995116208,0.003870180000376422,0.024932268002885394,47
6424,80,0.015616545002558269,0.004586682000081055,0.02486528300505597,49
6425,80,0.015679186006309465,0.004770243998791557,0.02493374100595247,51
6426,80,0.015371350003988482,0.004563746995700058,0.025309071999799926,53
6427,80,0.015460360998986289,0.004577628002152778,0.025349558993184473,55
6428,80,0.015309349000744987,0.004586447001202032,0.024705704003281426,57
6429,80,0.015440934999787714,0.004555074003292248,0.02482189200236462,59
6430,80,0.01552347200049553,0.004653948002669495,0.025165789003949612,61
6431,80,0.01568480300193187,0.00461254899710184,0.024841545993695036,63
6432,80,0.015702573000453413,0.004699356999481097,0.024927473001298495,65
6433,80,0.015528555995842908,0.004697077994933352,0.025034370002686046,67
6434,80,0.015812788995390292,0.00473299599980237,0.02632551800343208,69
6435,80,0.015401531003590208,0.006172184999741148,0.030020933998457622,71
6436,80,0.015741545001219492,0.006228469996131025,0.02942468400578946,73
6437,80,0.015652286005206406,0.00625610799761489,0.02958115900401026,75
6438,80,0.015849353003432043,0.006238900998141617,0.030504820999340154,77
6439,80,0.015720832998340484,0.006227082005352713,0.029546721998485737,79
6440,80,0.015248374002112541,0.0038106779975350946,0.025039493004442193,81
6441,80,0.015790452998771798,0.003845441999146715,0.024872588997823186,83
6442,80,0.016038337998907082,0.003853781003272161,0.02490216000296641,85
6443,80,0.015572411997709423,0.003843445003440138,0.02462196399574168,87
6444,80,0.015252145996782929,0.0038477519992738962,0.02436567399854539,89
6445,80,0.015179746005742345,0.0038237199987634085,0.024463867004669737,91
6446,80,0.015334749004978221,0.003816878997895401,0.024496357997122686,93
6447,80,0.01534530599747086,0.003959745001338888,0.024839701000018977,95
6448,80,0.015437766000104602,0.0038405950035667047,0.02459470599569613,97
6449,80,0.015347519001807086,0.00386156199965626,0.024551230999350082,99
6450,80,0.01536261699948227,0.003840485995169729,0.024578320000728127,101
6451,80,0.015340532001573592,0.003821518999757245,0.02450062200659886,103
6452,80,0.016205615997023415,0.003829123998002615,0.025170863002131227,105
6453,80,0.015205742995021865,0.0038612839998677373,0.02468856599443825,107
6454,80,0.015260986001521815,0.003815768999629654,0.024794881996058393,109
6455,80,0.015534813006524928,0.003831350004475098,0.024763059001998045,111
6456,80,0.015154786000493914,0.003800642996793613,0.02454362499702256,113
6457,80,0.015303560998290777,0.0037922590054222383,0.025187573999573942,115
6458,80,0.015655654002330266,0.003806319997238461,0.02537488100642804,117
6459,80,0.015262385000823997,0.003841767000267282,0.02507010000408627,119
6460,80,0.015177715999016073,0.0031197709977277555,0.024690115998964757,121
6461,80,0.015521114997682162,0.003067158002522774,0.024326099999598227,123
6462,80,0.01515311899856897,0.0030896879979991354,0.024254010000731796,125
6463,80,0.015088672000274528,0.0030517350023728795,0.024497402002452873,127
6464,80,0.016015517998312134,0.003860117001750041,0.025477573995885905,129
6465,80,0.015376210998510942,0.0031209919980028644,0.02484734599420335,131
6466,80,0.015325987005780917,0.0030876930031809025,0.024397718996624462,133
6467,80,0.015272203003405593,0.003102741000475362,0.024766107999312226,135
6468,80,0.015310016999137588,0.003125269002339337,0.025052552999113686,137
6469,80,0.015391715998703148,0.0038625719971605577,0.02453610499651404,139
6470,80,0.015382805999252014,0.005333979999704752,0.027151614995091222,141
6471,80,0.01533148500311654,0.005374043001211248,0.0273113290022593,143
6472,80,0.015259736996085849,0.005377526998927351,0.03338919000088936,145
6473,80,0.015136754998820834,0.005341594005585648,0.027377195001463406,147
6474,80,0.015431573003297672,0.005294835005770437,0.02690983900538413,149
6475,80,0.01583872700575739,0.005312570996466093,0.027366057001927402,151
6476,80,0.015667781997763086,0.005337820999557152,0.027586696996877436,153
6477,80,0.01522754700272344,0.005257910001091659,0.027440937999926973,155
6478,80,0.015165104996412992,0.0052592729989555664,0.026974086998961866,157
6479,80,0.015202219001366757,0.0052784869985771365,0.027476716997625772,159
6480,81,0.014030511003511492,0.00470731699897442,0.025263329000154044,1
6481,81,0.013409218998276629,0.004534966996288858,0.025544964999426156,3
6482,81,0.013555735997215379,0.0037866860002395697,0.028582062004716136,5
6483,81,0.013648915002704598,0.003840026998659596,0.025036145001649857,7
6484,81,0.0136624699953245,0.00384146100259386,0.02486788300302578,9
6485,81,0.01356432100146776,0.0038341740000760183,0.024632643995573744,11
6486,81,0.013641671001096256,0.0038285490009002388,0.024947054997028317,13
6487,81,0.013378395000472665,0.004504173994064331,0.024704199997358955,15
6488,81,0.013656351002282463,0.003796318000240717,0.024736512001254596,17
6489,81,0.013687324993952643,0.0038268089992925525,0.025330533004307654,19
6490,81,0.013937839001300745,0.00392843200097559,0.03237646799971117,21
6491,81,0.01352736700209789,0.0038218800036702305,0.024782501001027413,23
6492,81,0.014468681998550892,0.004584627000440378,0.027281396003672853,25
6493,81,0.013507933996152133,0.004535123000096064,0.02760540800227318,27
6494,81,0.014389229996595532,0.003875130001688376,0.02718190800078446,29
6495,81,0.013565897999797016,0.0038257930063991807,0.02741801000229316,31
6496,81,0.013565491994086187,0.004573445999994874,0.027686511995852925,33
6497,81,0.013522945999284275,0.004600152999046259,0.027213656998355873,35
6498,81,0.013743385999987368,0.0045724009978584945,0.028148616998805664,37
6499,81,0.013704812001378741,0.00761679499555612,0.027531131003343035,39
6500,81,0.01397602100041695,0.0030851129995426163,0.02488153299782425,41
6501,81,0.014227194995328318,0.003075023996643722,0.024605209997389466,43
6502,81,0.013859857004717924,0.003089202997216489,0.035428358998615295,45
6503,81,0.013726764998864383,0.003823849001491908,0.024394444000790827,47
6504,81,0.013877275996492244,0.0031214280024869367,0.025138940996839665,49
6505,81,0.013585697000962682,0.003136901999823749,0.02467891400010558,51
6506,81,0.013635976996738464,0.00312738299544435,0.02522976100590313,53
6507,81,0.014637111999036279,0.003088560995820444,0.024711061996640638,55
6508,81,0.015506284005823545,0.003922884003259242,0.028225955000380054,57
6509,81,0.013566351000918075,0.0031255120047717355,0.02534620900405571,59
6510,81,0.013708803002373315,0.0030980649971752428,0.024163255999155808,61
6511,81,0.013589993999630678,0.0031250530009856448,0.026290512003470212,63
6512,81,0.01388453700201353,0.003103358998487238,0.030193712998880073,65
6513,81,0.013646031999087427,0.0030998270012787543,0.024601156001153868,67
6514,81,0.013547408998419996,0.0038440729986177757,0.02478608800447546,69
6515,81,0.013684520003153011,0.007046618004096672,0.02983541099820286,71
6516,81,0.01376404199982062,0.007064830002491362,0.030164623000018764,73
6517,81,0.013510185002814978,0.0070392919951700605,0.03353040200454416,75
6518,81,0.013554843004385475,0.007035028997051995,0.031099343003006652,77
6519,81,0.013523146997613367,0.007040215998131316,0.029747915999905672,79
6520,81,0.015355969000665937,0.0045614649934577756,0.024722360001760535,81
6521,81,0.015140918003453407,0.004545158997643739,0.024164366004697513,83
6522,81,0.015133556000364479,0.004563952999887988,0.024474656995153055,85
6523,81,0.015182380004262086,0.004567589996440802,0.024474739999277517,87
6524,81,0.0152518280010554,0.004563926995615475,0.02509396000095876,89
6525,81,0.01574568999785697,0.004568648000713438,0.024866795996786095,91
6526,81,0.015278257000318263,0.004551773999992292,0.025190106003719848,93
6527,81,0.015603460997226648,0.0045468179960153066,0.02522271299676504,95
6528,81,0.015774535000673495,0.004570395001792349,0.02459367600386031,97
6529,81,0.015756157001305837,0.004566162002447527,0.025081523999688216,99
6530,81,0.015419907002069522,0.00383169900305802,0.02463316299690632,101
6531,81,0.015367275998869445,0.003846537001663819,0.024674109001352917,103
6532,81,0.015817123996384908,0.0038520840025739744,0.02479005199711537,105
6533,81,0.01541684199764859,0.003843727994535584,0.02470523800002411,107
6534,81,0.015680607997637708,0.0038461340009234846,0.024589021995780058,109
6535,81,0.015466345997992903,0.0038256610059761442,0.024663472002430353,111
6536,81,0.015491639998799656,0.003823585000645835,0.024833251001837198,113
6537,81,0.015529615004197694,0.003857563999190461,0.024523468004190363,115
6538,81,0.015467366996745113,0.0038532849939656444,0.02457994400174357,117
6539,81,0.015482941002119333,0.003846522005915176,0.02444724900124129,119
6540,81,0.01442101700376952,0.003100262998486869,0.02651200800028164,121
6541,81,0.013376867995248176,0.0031106390015338548,0.03592022500379244,123
6542,81,0.013867774003301747,0.0030955149995861575,0.024943463002273347,125
6543,81,0.01352894600131549,0.0038744350022170693,0.024491401003615465,127
6544,81,0.014085360999160912,0.0031210429951897822,0.025285221003287006,129
6545,81,0.013658063995535485,0.003113416001724545,0.02472963799664285,131
6546,81,0.013853085998562165,0.0031019249945529737,0.02526589400076773,133
6547,81,0.013448841003992129,0.0031088500036275946,0.02499874500063015,135
6548,81,0.013541366999561433,0.0031007409997982904,0.02480916600325145,137
6549,81,0.013949331994808745,0.0030733660023543052,0.024618636998638976,139
6550,81,0.013390037005592603,0.006177921997732483,0.02709047999815084,141
6551,81,0.0136687149934005,0.005303552999976091,0.028047407999110874,143
6552,81,0.01360650800052099,0.005300734999764245,0.0275920279964339,145
6553,81,0.013771022000582889,0.005293848997098394,0.02772422300040489,147
6554,81,0.013659954005561303,0.005289496999466792,0.027712606999557465,149
6555,81,0.013715248001972213,0.005327325998223387,0.027505313002620824,151
6556,81,0.014337166001496371,0.005301236997183878,0.027685519999067765,153
6557,81,0.013566028996137902,0.005279789998894557,0.027597811000305228,155
6558,81,0.013612959999591112,0.005300286000419874,0.02740994700434385,157
6559,81,0.013982488999317866,0.006081364001147449,0.027572220002184622,159
6560,82,0.015565720001177397,0.0038505609991261736,0.0259437050044653,1
6561,82,0.015694672998506576,0.0030850690018269233,0.02504183900600765,3
6562,82,0.015842936998524237,0.003913668995664921,0.024891401000786573,5
6563,82,0.015484864998143166,0.003882301003613975,0.02479243299603695,7
6564,82,0.015314104995923117,0.003837053998722695,0.02539221000188263,9
6565,82,0.015303011001378763,0.003080467999097891,0.024504049004463013,11
6566,82,0.015469949998077936,0.0030913640002836473,0.024512508003681432,13
6567,82,0.015573623997624964,0.003089746998739429,0.024716917003388517,15
6568,82,0.015402869998069946,0.0038314080011332408,0.024372528998355847,17
6569,82,0.015412522996484768,0.003828695000265725,0.024527528999897186,19
6570,82,0.015318244993977714,0.004606252005032729,0.024868991997209378,21
6571,82,0.015343326995207462,0.003838568001810927,0.024105970995151438,23
6572,82,0.015147735000937246,0.0037748359973193146,0.030027736000192817,25
6573,82,0.015467472003365401,0.003846089995931834,0.024481460997776594,27
6574,82,0.01516313900356181,0.0038543270056834444,0.024311293003847823,29
6575,82,0.015933725000650156,0.0038504209951497614,0.027972167001280468,31
6576,82,0.02040192999993451,0.004572400001052301,0.02688023800146766,33
6577,82,0.016006235004169866,0.004634621000150219,0.02745562199561391,35
6578,82,0.015295763994799927,0.004622480999387335,0.027266714998404495,37
6579,82,0.015344452003773768,0.005548162000195589,0.027491561995702796,39
6580,82,0.014642599002399947,0.0038407940010074526,0.025660851002612617,41
6581,82,0.013787930998660158,0.003805512002145406,0.024648465994687285,43
6582,82,0.013453357998514548,0.0038571539989789017,0.024488291994202882,45
6583,82,0.013751361999311484,0.003832654001598712,0.02443382300407393,47
6584,82,0.014494742004899308,0.0038459930001408793,0.024823032996209804,49
6585,82,0.013497517997166142,0.003850685003271792,0.02431549900211394,51
6586,82,0.013527090995921753,0.0038340219980455004,0.024425671006611083,53
6587,82,0.013430080995021854,0.0038381630001822487,0.02441923200240126,55
6588,82,0.013514369005861226,0.003818834993580822,0.02515558199957013,57
6589,82,0.013465233998431358,0.003850171997328289,0.02494347199535696,59
6590,82,0.013968940002087038,0.0039068839978426695,0.024952288993517868,61
6591,82,0.014345792005769908,0.0038016100006643683,0.02481816500221612,63
6592,82,0.013666537997778505,0.00384366100479383,0.024520994003978558,65
6593,82,0.013733318002778105,0.0038560899993171915,0.024900076998164877,67
6594,82,0.014396888996998314,0.0038570879987673834,0.024576233001425862,69
6595,82,0.013663568999618292,0.005464644003950525,0.027636958999210037,71
6596,82,0.01365874899784103,0.005438120999315288,0.027773224006523378,73
6597,82,0.013611573005618993,0.005428716998721939,0.02775740300421603,75
6598,82,0.01355609899474075,0.0054537610049010254,0.027216759001021273,77
6599,82,0.013645704995724373,0.005452797995531,0.026978253001288977,79
6600,82,0.013698859998839907,0.0030650390035589226,0.025084430002607405,81
6601,82,0.018412630997772794,0.0031177880009636283,0.02444998799910536,83
6602,82,0.013635139002872165,0.0031550089988741092,0.024610492997453548,85
6603,82,0.014077008003368974,0.0030765339979552664,0.024877786003344227,87
6604,82,0.013766070005658548,0.003128356001980137,0.024820457001624163,89
6605,82,0.013730612998188008,0.003120897999906447,0.02481063499726588,91
6606,82,0.014163494000968058,0.003100526002526749,0.024701237998669967,93
6607,82,0.013579031001427211,0.0032668700005160645,0.024877030002244283,95
6608,82,0.013958249997813255,0.003107856995484326,0.024862402999133337,97
6609,82,0.013586525994469412,0.003971375001128763,0.024482874003297184,99
6610,82,0.013417513000604231,0.00453376099903835,0.024948117999883834,101
6611,82,0.013374319998547435,0.00453219200426247,0.024719877997995354,103
6612,82,0.013396279995504301,0.00453476400434738,0.024844585997925606,105
6613,82,0.013454769003146794,0.004529307996563148,0.024631476997456048,107
6614,82,0.013493903999915347,0.004538526001852006,0.02447830099845305,109
6615,82,0.013537952996557578,0.004528972000116482,0.024658216003444977,111
6616,82,0.01378132399986498,0.004575546998239588,0.024760126994806342,113
6617,82,0.013841157000570092,0.0048154710020753555,0.025311155994131695,115
6618,82,0.014208676999260206,0.0045642789991688915,0.025800768999033608,117
6619,82,0.013613176000944804,0.004563189999316819,0.025174191003316082,119
6620,82,0.01531609700032277,0.003102467002463527,0.025256717002775986,121
6621,82,0.015381259006971959,0.003060028000618331,0.024681155002326705,123
6622,82,0.01538380599959055,0.003115899999102112,0.024869517001206987,125
6623,82,0.0157811640019645,0.003043415999854915,0.02499542000441579,127
6624,82,0.015530328004388139,0.003100713001913391,0.024788490998616908,129
6625,82,0.015451391998794861,0.0031196039999485947,0.024697510998521466,131
6626,82,0.015301774998079054,0.0030902529979357496,0.025199636002071202,133
6627,82,0.015600507998897228,0.003076614004385192,0.025510897001367994,135
6628,82,0.015718834998551756,0.003065912998863496,0.02478110599622596,137
6629,82,0.015408138002385385,0.0030578860023524612,0.02479493300052127,139
6630,82,0.015357037002104335,0.005288735999783967,0.027540372997464146,141
6631,82,0.015193140003248118,0.005261505997623317,0.027486890998261515,143
6632,82,0.015255562000675127,0.005291697998472955,0.0268565110018244,145
6633,82,0.015448995000042487,0.005370988998038229,0.026994503998139407,147
6634,82,0.01551351400121348,0.005274035000184085,0.027105863999167923,149
6635,82,0.015862002001085784,0.005276664000120945,0.026956385998346377,151
6636,82,0.016393166995840147,0.005533899005968124,0.026991178005118854,153
6637,82,0.015468069999769796,0.005293885995342862,0.027033243997721,155
6638,82,0.015737189998617396,0.0053298889979487285,0.027092522999737412,157
6639,82,0.015323416999308392,0.005278233998978976,0.02731160099938279,159
6640,83,0.015471755999897141,0.003877303999615833,0.03095110200229101,1
6641,83,0.015407632999995258,0.004257337001035921,0.024684396994416602,3
6642,83,0.015315024997107685,0.0038239149944274686,0.025451191002503037,5
6643,83,0.015398411997011863,0.003840599994873628,0.02505008799926145,7
6644,83,0.01571175099525135,0.0038297800056170672,0.02459660999738844,9
6645,83,0.015315040000132285,0.0038163240024005063,0.024330433996510692,11
6646,83,0.015406162005092483,0.005082019000838045,0.024304740996740293,13
6647,83,0.01534948599874042,0.0039876959999674,0.024904173995309975,15
6648,83,0.015882804997090716,0.0038747299986425787,0.02465674700215459,17
6649,83,0.015157279995037243,0.0037911920007900335,0.025474945003225002,19
6650,83,0.0152854180050781,0.0038251170044532046,0.025110565999057144,21
6651,83,0.015316827004426159,0.003821458994934801,0.02431760299805319,23
6652,83,0.015551466000033543,0.004528513003606349,0.02455224200093653,25
6653,83,0.015287319001799915,0.004544549999991432,0.024460345004627015,27
6654,83,0.015473231003852561,0.004562877998978365,0.024739221997151617,29
6655,83,0.015771266997035127,0.004647677000320982,0.024698890003492124,31
6656,83,0.01589517799584428,0.00463862899778178,0.024865077997674234,33
6657,83,0.01545098600035999,0.004571809004119132,0.02519153799948981,35
6658,83,0.015397905997815542,0.004556568994303234,0.024701346999790985,37
6659,83,0.015443771997524891,0.004594142003043089,0.024466396003845148,39
6660,83,0.013608436995127704,0.003105408999545034,0.024598219999461435,41
6661,83,0.013693346998479683,0.0030953069945098832,0.025541094997606706,43
6662,83,0.013571438001235947,0.0030829160023131408,0.024595887000032235,45
6663,83,0.014030673999513965,0.003079389003687538,0.024781123996945098,47
6664,83,0.013736774999415502,0.003060716000618413,0.02477291000104742,49
6665,83,0.01342897299764445,0.0030616510048275813,0.025229997001588345,51
6666,83,0.013465983000060078,0.003064077995077241,0.025531716994009912,53
6667,83,0.013606013999378774,0.003109378994849976,0.02475657699687872,55
6668,83,0.013629691995447502,0.003071233004448004,0.024534609001420904,57
6669,83,0.013826638998580165,0.003112001999397762,0.024762086002738215,59
6670,83,0.013652371002535801,0.0030900199999450706,0.024723170994548127,61
6671,83,0.013626400999783073,0.0030905949970474467,0.024753839999902993,63
6672,83,0.014058047003345564,0.0030837260055704974,0.02418120099900989,65
6673,83,0.013652428999193944,0.0031091339988051914,0.026502441003685817,67
6674,83,0.013585075001174118,0.0030680339987156913,0.024385248005273752,69
6675,83,0.013550092000514269,0.005514089003554545,0.02678923399798805,71
6676,83,0.01354504899791209,0.005484134999278467,0.02724335800303379,73
6677,83,0.013633738999487832,0.005434587998024654,0.027382369997212663,75
6678,83,0.014127328999165911,0.005475905003549997,0.02716113399947062,77
6679,83,0.013581948995124549,0.00547571100469213,0.027571204002015293,79
6680,83,0.015509578995988704,0.0038321000029100105,0.024711570993531495,81
6681,83,0.015601761995640118,0.0038504800031660125,0.024450425000395626,83
6682,83,0.01536046100227395,0.0038362389968824573,0.024595748996944167,85
6683,83,0.015532670993707143,0.003821149999566842,0.02471301499463152,87
6684,83,0.015285617002518848,0.003828418004559353,0.02481000099942321,89
6685,83,0.015342605001933407,0.003810349000559654,0.02469436500541633,91
6686,83,0.015774866995343473,0.004037791004520841,0.024568406995967962,93
6687,83,0.015132022999750916,0.0038426230021286756,0.024507630994776264,95
6688,83,0.01580294599989429,0.0037918090019957162,0.024760286003584042,97
6689,83,0.015197770997474436,0.0037972089994582348,0.024674941996636335,99
6690,83,0.015151248000620399,0.005682645001797937,0.02462917400407605,101
6691,83,0.015665343998989556,0.0038349160022335127,0.028856656004791148,103
6692,83,0.015183564995822962,0.003837088996078819,0.02487219600152457,105
6693,83,0.015143041004193947,0.003796053999394644,0.02468583400332136,107
6694,83,0.015222257003188133,0.0038135849972604774,0.02477050400193548,109
6695,83,0.016970313001365867,0.0038073589967098087,0.027159201999893412,111
6696,83,0.015067692002048716,0.0038276819977909327,0.02717844000289915,113
6697,83,0.015231737001158763,0.0038016079997760244,0.024817552999593318,115
6698,83,0.015220414999930654,0.003848260996164754,0.024809788003040012,117
6699,83,0.015370995999546722,0.003796176999458112,0.024867758998880163,119
6700,83,0.0152105839952128,0.003783919004490599,0.024905353995563928,121
6701,83,0.015178158995695412,0.0038162189957802184,0.026178435997280758,123
6702,83,0.015618771998560987,0.0038429210035246797,0.02477755099971546,125
6703,83,0.016084000999398995,0.0037955459993099794,0.02430804700270528,127
6704,83,0.015293354997993447,0.0037834629983990453,0.02443712900276296,129
6705,83,0.015523478003160562,0.003831547001027502,0.02438268299738411,131
6706,83,0.01552068100136239,0.003808531997492537,0.02446023099764716,133
6707,83,0.015367054002126679,0.0037703889975091442,0.024722580004890915,135
6708,83,0.01542537400382571,0.0038104780032881536,0.024333713998203166,137
6709,83,0.015222558999084868,0.0038445889949798584,0.024301319004734978,139
6710,83,0.015697603004809935,0.006072297997889109,0.028128611003921833,141
6711,83,0.015565536996291485,0.005315220005286392,0.027709908004908357,143
6712,83,0.015269325995177496,0.005306713996105827,0.027556020999327302,145
6713,83,0.019028353999601677,0.005267742002615705,0.02874431700183777,147
6714,83,0.0152170439978363,0.0061310349992709234,0.02811178499541711,149
6715,83,0.01522280400240561,0.005277547003061045,0.02715282099961769,151
6716,83,0.015320498001528904,0.005242469000222627,0.027980132996162865,153
6717,83,0.015735815002699383,0.005311533997883089,0.026842453000426758,155
6718,83,0.015464668998902198,0.005229654001595918,0.027155195995874237,157
6719,83,0.01596929600054864,0.005297256000631023,0.02758299199922476,159
6720,84,0.015377969000837766,0.003804240004683379,0.025361016996612307,1
6721,84,0.015689348001615144,0.0030508389972965233,0.02433902699704049,3
6722,84,0.015533936995780095,0.0038145829967106692,0.024326666003616992,5
6723,84,0.015783542003191542,0.003852756999549456,0.024674298001627903,7
6724,84,0.0164921690011397,0.004717010000604205,0.025013802995090373,9
6725,84,0.030652220993943047,0.0038144930003909394,0.02466615099547198,11
6726,84,0.015459722002560738,0.0038098020013421774,0.024859921002644114,13
6727,84,0.015199687004496809,0.0037869549996685237,0.024610672997368965,15
6728,84,0.01560500799678266,0.0038456909969681874,0.02469245999964187,17
6729,84,0.01535571800195612,0.0039669719990342855,0.025048575997061562,19
6730,84,0.015817411003808957,0.0037644769981852733,0.024999729001137894,21
6731,84,0.015884843000094406,0.0038023930028430186,0.024954715998319443,23
6732,84,0.015247415001795162,0.0038349880051100627,0.02482850899832556,25
6733,84,0.01566693499626126,0.003820152996922843,0.024928074999479577,27
6734,84,0.015337908000219613,0.003809433001151774,0.02455623899732018,29
6735,84,0.015514759994402993,0.0038064120017224923,0.024954296000942122,31
6736,84,0.015482137001527008,0.004602932000125293,0.02426487200136762,33
6737,84,0.015326617998653091,0.0045151250014896505,0.026028223997855093,35
6738,84,0.015655743998649996,0.0045754820021102205,0.033446447996539064,37
6739,84,0.01525363999826368,0.004525094998825807,0.024074897999526,39
6740,84,0.011932086003071163,0.003796245000557974,0.025479060001089238,41
6741,84,0.012350190998404287,0.003088259996729903,0.024617340000986587,43
6742,84,0.011880427002324723,0.0039430570031981915,0.024749766998866107,45
6743,84,0.011743536000722088,0.0038083430044935085,0.024794903001748025,47
6744,84,0.011649084997770842,0.004128324995690491,0.025000597997859586,49
6745,84,0.012155728996731341,0.003822136997769121,0.024809331996948458,51
6746,84,0.012078702995495405,0.003898361996107269,0.02447098200354958,53
6747,84,0.011843783999211155,0.0039785629996913485,0.025032407000253443,55
6748,84,0.01239025699760532,0.0038037449994590133,0.02505918200040469,57
6749,84,0.01206224100315012,0.0038505609991261736,0.024126339005306363,59
6750,84,0.012072082005033735,0.003095841995673254,0.02506557100423379,61
6751,84,0.012152101000538096,0.003828344000794459,0.024588786000094842,63
6752,84,0.01185436899686465,0.004017475999717135,0.02446160099498229,65
6753,84,0.01383205199817894,0.004385353000543546,0.0249843769997824,67
6754,84,0.012340348999714479,0.0050589759994181804,0.024875661998521537,69
6755,84,0.011835494005936198,0.005427362004411407,0.02784497899847338,71
6756,84,0.011821922002127394,0.005464176996611059,0.02788376600074116,73
6757,84,0.011983222000708338,0.005457981998915784,0.027192153997020796,75
6758,84,0.011851383998873644,0.00544352299766615,0.0276044920028653,77
6759,84,0.011971425999945495,0.005417346998001449,0.027581153000937775,79
6760,84,0.01529307100281585,0.0038438909978140146,0.02505172500241315,81
6761,84,0.015491824997297954,0.0031498720054514706,0.02503057799913222,83
6762,84,0.015384896003524773,0.0038355790020432323,0.02451695699710399,85
6763,84,0.015400547003082465,0.0030621120022260584,0.025304696006060112,87
6764,84,0.015345062005508225,0.0031126180037972517,0.02512951599783264,89
6765,84,0.015429441999003757,0.0038873200028319843,0.02494105000369018,91
6766,84,0.01567574300133856,0.0031024689960759133,0.025321376997453626,93
6767,84,0.015654852999432478,0.003058593996684067,0.02435548300127266,95
6768,84,0.015298215999791864,0.003090164995228406,0.02429349799785996,97
6769,84,0.01549819800129626,0.0031002690011519007,0.024667050995049067,99
6770,84,0.015391551998618525,0.004559146000246983,0.024592298999777995,101
6771,84,0.015575081000861246,0.004598409999744035,0.024825651998980902,103
6772,84,0.01584935600112658,0.004527805998804979,0.02504163000412518,105
6773,84,0.01604593900265172,0.004533118000836112,0.024765529997239355,107
6774,84,0.015511771001911256,0.0045678629976464435,0.024628121995192487,109
6775,84,0.01546542900177883,0.004604612004186492,0.02470303299924126,111
6776,84,0.015443457996298093,0.004559677996439859,0.02489633799996227,113
6777,84,0.015382434998173267,0.004624544002581388,0.024768859999312554,115
6778,84,0.015360662997409236,0.004619555002136622,0.024793478994979523,117
6779,84,0.015418417999171652,0.004609073999745306,0.024725604998820927,119
6780,84,0.016287967999232933,0.0038150620021042414,0.025024730995937716,121
6781,84,0.015337513003032655,0.0038253719976637512,0.02455788599763764,123
6782,84,0.015279401995940134,0.003839668999717105,0.024721094996493775,125
6783,84,0.015490919999137986,0.0037931769984425046,0.02519333599775564,127
6784,84,0.015769666999403853,0.0038205899982131086,0.024063855002168566,129
6785,84,0.015289216993551236,0.003858475996821653,0.024727820004045498,131
6786,84,0.01536866700189421,0.0038348079979186878,0.025113563002378214,133
6787,84,0.015842845998122357,0.003819274999841582,0.024663359006808605,135
6788,84,0.015490556004806422,0.003819434998149518,0.02509138399909716,137
6789,84,0.01544000300054904,0.0038415180024458095,0.024454045997117646,139
6790,84,0.015627180997398682,0.005987762000586372,0.028180583998619113,141
6791,84,0.015213503000268247,0.00599626299663214,0.027499869996972848,143
6792,84,0.015886836998106446,0.005386333999922499,0.028064632002497092,145
6793,84,0.015421966003486887,0.006030022996128537,0.02779340999404667,147
6794,84,0.01568801399844233,0.006174531998112798,0.027541374001884833,149
6795,84,0.015506487994571216,0.006048338997061364,0.02761170099984156,151
6796,84,0.016000806004740298,0.005331145002855919,0.028037496005708817,153
6797,84,0.015949612999975216,0.014325930998893455,0.027972732001217082,155
6798,84,0.01579036399925826,0.006002261005050968,0.029013070001383312,157
6799,84,0.015148590005992446,0.006012953999743331,0.027289211000606883,159
6800,85,0.01522941700386582,0.004559680994134396,0.02528029299719492,1
6801,85,0.015153518004808575,0.0030797200015513226,0.024937128997407854,3
6802,85,0.016138345999934245,0.0038337969963322394,0.024644537996209692,5
6803,85,0.015673617999709677,0.00314894100301899,0.02570835899678059,7
6804,85,0.015583747001073789,0.0038529679950443096,0.024795851000817493,9
6805,85,0.016061413996794727,0.003844511003990192,0.024646602003485896,11
6806,85,0.015447660000063479,0.0031164219981292263,0.024788106995401904,13
6807,85,0.01607926600263454,0.004032113996800035,0.024352442000235897,15
6808,85,0.015579767001327127,0.0038464430035674013,0.02540441500605084,17
6809,85,0.015455003995157313,0.003861290002532769,0.024838830999215133,19
6810,85,0.015756476001115516,0.003876094000588637,0.02464731399959419,21
6811,85,0.016024675998778548,0.004002572000899818,0.0248093619957217,23
6812,85,0.015473280000151135,0.004642148000129964,0.025004656999954022,25
6813,85,0.015567010996164754,0.00461710099625634,0.025046113994903862,27
6814,85,0.015355265000835061,0.004622994994861074,0.025444282000535168,29
6815,85,0.01569813000241993,0.004586365997965913,0.024469992000376806,31
6816,85,0.015391733002616093,0.003819772995484527,0.027290129000903107,33
6817,85,0.015733204993011896,0.0038565409995499067,0.027140942998812534,35
6818,85,0.015584434004267678,0.0038377840028260835,0.02769827200245345,37
6819,85,0.015515238002990372,0.003848817003017757,0.02723695799795678,39
6820,85,0.013743271003477275,0.003119413995591458,0.02457860799768241,41
6821,85,0.013880614002118818,0.003095239997492172,0.02507488899573218,43
6822,85,0.013573513002484106,0.0031043290000525303,0.024943127005826682,45
6823,85,0.013981958996737376,0.0031108830007724464,0.024662392999744043,47
6824,85,0.013867171001038514,0.0031316300010075793,0.02506920099403942,49
6825,85,0.01357826099410886,0.003084247000515461,0.024583085003541782,51
6826,85,0.01374195099924691,0.003149709998979233,0.024249104004411492,53
6827,85,0.013575062999734655,0.003107317999820225,0.025607915995351505,55
6828,85,0.013692619002540596,0.003106598000158556,0.024626414000522345,57
6829,85,0.013831423995725345,0.003145374997984618,0.02454064699850278,59
6830,85,0.01364147199637955,0.0031225470011122525,0.025107884001045022,61
6831,85,0.013666915998328477,0.0030812790064373985,0.024753058998612687,63
6832,85,0.014209654000296723,0.0031301760027417913,0.024999382003443316,65
6833,85,0.01352142199903028,0.0031000000017229468,0.024691868005902506,67
6834,85,0.013716444998863153,0.003110186997218989,0.025270018995797727,69
6835,85,0.013798744999803603,0.0061674939934164286,0.0300640050045331,71
6836,85,0.01374273799592629,0.006175208000058774,0.030198975997336674,73
6837,85,0.0137362919995212,0.006177071998536121,0.030382446995645296,75
6838,85,0.013777790998574346,0.006173645997478161,0.029993987001944333,77
6839,85,0.0138076950024697,0.006184313002449926,0.030103134995442815,79
6840,85,0.015523756999755278,0.0038372550043277442,0.025281039001129102,81
6841,85,0.01587732399639208,0.0038744260018575005,0.025008780998177826,83
6842,85,0.015495640000153799,0.0031245589998434298,0.024581525001849514,85
6843,85,0.01589523599977838,0.003088213998125866,0.04187955499946838,87
6844,85,0.015622345003066584,0.0038314589983201586,0.02431266499479534,89
6845,85,0.015517353000177536,0.003855463000945747,0.024682748000486754,91
6846,85,0.01547293399926275,0.0030941869990783744,0.024691605001862627,93
6847,85,0.015610353999363724,0.0038294059995678253,0.02525882199552143,95
6848,85,0.015459294998436235,0.003903162003553007,0.024642215001222212,97
6849,85,0.016209614994295407,0.003122793001239188,0.02489138399687363,99
6850,85,0.015305053995689377,0.004598872001224663,0.025114133997703902,101
6851,85,0.015732642001239583,0.0045191799945314415,0.024594182999862824,103
6852,85,0.015334335999796167,0.004559175999020226,0.02456433300540084,105
6853,85,0.015251216005708557,0.004565016002743505,0.024537027995393146,107
6854,85,0.015466066004591994,0.004587393996189348,0.025759447999007534,109
6855,85,0.015502326001296751,0.004565779003314674,0.02508141699945554,111
6856,85,0.015623512997990474,0.004562185000395402,0.025082583000767045,113
6857,85,0.015346643995144404,0.0045760100038023666,0.024664389005920384,115
6858,85,0.015350137997302227,0.004571946999931242,0.02542335200269008,117
6859,85,0.015345252999395598,0.004603488996508531,0.024841799000569154,119
6860,85,0.015389558000606485,0.0038446129983640276,0.025324105001345742,121
6861,85,0.015394998001283966,0.003850547000183724,0.0245125450019259,123
6862,85,0.015644369996152818,0.0038315709971357137,0.024659948001499288,125
6863,85,0.015433631997439079,0.003836438001599163,0.024969575002614874,127
6864,85,0.015258658997481689,0.003804090003541205,0.025201739998010453,129
6865,85,0.015302595995308366,0.0037828300046385266,0.02496481100388337,131
6866,85,0.015579995997541118,0.003832896996755153,0.02500790500198491,133
6867,85,0.015501866000704467,0.0038039589999243617,0.024979114001325797,135
6868,85,0.015264541005308274,0.003796092998527456,0.02475107600184856,137
6869,85,0.016259599004115444,0.0037876770002185367,0.02475830900220899,139
6870,85,0.016041039001720492,0.006280602996412199,0.027142806000483688,141
6871,85,0.01558298400050262,0.006245092001336161,0.028714523003145587,143
6872,85,0.015484342002309859,0.006047911003406625,0.028068489002180286,145
6873,85,0.01550765000138199,0.004595373997290153,0.027859523994266056,147
6874,85,0.015304487002140377,0.004587315997923724,0.027898670996364672,149
6875,85,0.015423925004142802,0.0061539020025520585,0.026946151003357954,151
6876,85,0.015830045005714055,0.00458027099375613,0.02708439800335327,153
6877,85,0.01541796899982728,0.006675546006590594,0.027394532997277565,155
6878,85,0.015371209003205877,0.004606385002261959,0.027603148999332916,157
6879,85,0.015414108005643357,0.004578446001687553,0.02744377499766415,159
6880,86,0.015315089003706817,0.0031805929975234903,0.02564054499816848,1
6881,86,0.015208470002107788,0.0037947739983792417,0.024343208002392203,3
6882,86,0.01578276800137246,0.003820616999291815,0.02419840599759482,5
6883,86,0.015455467997526284,0.003834141003608238,0.024611738001112826,7
6884,86,0.01578591699944809,0.0038821419948362745,0.024523277999833226,9
6885,86,0.016311472994857468,0.0038390119952964596,0.024841634003678337,11
6886,86,0.016711263997422066,0.0038110040040919557,0.024667341000167653,13
6887,86,0.015306959001463838,0.003849328000796959,0.024766675996943377,15
6888,86,0.01552100499975495,0.0045480330009013414,0.02706456700252602,17
6889,86,0.016026678000343964,0.004629736999049783,0.025149109998892527,19
6890,86,0.015324004998547025,0.003845055995043367,0.02540520200273022,21
6891,86,0.01575086700177053,0.004542941002000589,0.024526972003513947,23
6892,86,0.015789140001288615,0.004565053000987973,0.024724428993067704,25
6893,86,0.01542895199963823,0.004567733994917944,0.025245140997867566,27
6894,86,0.015121368996915407,0.0045726389944320545,0.024740469998505432,29
6895,86,0.015230404998874292,0.004587038005411159,0.024479024003085215,31
6896,86,0.015703690005466342,0.004590318996633869,0.028532905998872593,33
6897,86,0.015490862999286037,0.004678209996200167,0.027705321001121774,35
6898,86,0.015225675997498911,0.0045692729981965385,0.02717893000226468,37
6899,86,0.015828117000637576,0.004682188999140635,0.027803687000414357,39
6900,86,0.01372003700089408,0.0037970949997543357,0.02757270599977346,41
6901,86,0.01341138099814998,0.0038036180048948154,0.0269801250033197,43
6902,86,0.014226662999135442,0.0038104599952930585,0.02738185400085058,45
6903,86,0.013506721996236593,0.003841798003122676,0.028327004998573102,47
6904,86,0.01364693100185832,0.003810286994848866,0.02726344900293043,49
6905,86,0.013583348998508882,0.0038129860040498897,0.026998159002687316,51
6906,86,0.013762246999249328,0.003860273995087482,0.02702288000000408,53
6907,86,0.01402458000666229,0.0038656530014122836,0.02702511400275398,55
6908,86,0.013907938999182079,0.0038895269972272217,0.027920339998672716,57
6909,86,0.013595607997558545,0.004054579003422987,0.02738078899710672,59
6910,86,0.013719588998355903,0.0038282649984466843,0.027674971999658737,61
6911,86,0.01351970799441915,0.0038132789995870553,0.02976089699950535,63
6912,86,0.013612504000775516,0.003920841998478863,0.02791998400061857,65
6913,86,0.01371854199533118,0.0038188280013855547,0.028154204999736976,67
6914,86,0.01353115499659907,0.0038456490001408383,0.026738513995951507,69
6915,86,0.013488792996213306,0.005414775005192496,0.0268502079998143,71
6916,86,0.013811825003358535,0.005407679003837984,0.027401516999816522,73
6917,86,0.013558359001763165,0.005461376000312157,0.027466284998808987,75
6918,86,0.014596023000194691,0.005456887993204873,0.02753619499708293,77
6919,86,0.013956135000626091,0.00540410300163785,0.027206031998503022,79
6920,86,0.013576518998888787,0.0038532300022779964,0.025007272000948433,81
6921,86,0.013556953999795951,0.003798910998739302,0.0250562910005101,83
6922,86,0.013601081998785958,0.0038093069961178117,0.02517663199978415,85
6923,86,0.013536899001337588,0.0038218970003072172,0.024910543994337786,87
6924,86,0.014020725997397676,0.0038577789964620024,0.024821775004966184,89
6925,86,0.013534345001971815,0.003835103998426348,0.024435115003143437,91
6926,86,0.013582658997620456,0.003845444996841252,0.02460464899922954,93
6927,86,0.013697126996703446,0.003831009002169594,0.02451292700425256,95
6928,86,0.013652367000759114,0.0038431950015365146,0.02451720999670215,97
6929,86,0.013639948003401514,0.0038255650069913827,0.024980371999845374,99
6930,86,0.013797223000437953,0.005319607000274118,0.024674346997926477,101
6931,86,0.013730132006458007,0.00529226400249172,0.025067652997677214,103
6932,86,0.013754996994975954,0.0053206080046948045,0.02570257199840853,105
6933,86,0.01338411799952155,0.005331683001713827,0.024958459005574696,107
6934,86,0.01343627800088143,0.005313134999596514,0.02458997299982002,109
6935,86,0.013497999003448058,0.0053030010021757334,0.02574400199955562,111
6936,86,0.013486084993928671,0.005255119998764712,0.025019665001309477,113
6937,86,0.013490596000337973,0.005319176998455077,0.024744159003603272,115
6938,86,0.013497032996383496,0.005310084998200182,0.025105718996201176,117
6939,86,0.01426735700079007,0.0053381470061140135,0.02487931799987564,119
6940,86,0.01570529499440454,0.0037777760007884353,0.024586243001976982,121
6941,86,0.015293411997845396,0.0038287060015136376,0.02505497400125023,123
6942,86,0.015246725000906736,0.003809857997111976,0.02449320199957583,125
6943,86,0.015528524003457278,0.0038161749980645254,0.02483026499976404,127
6944,86,0.016333460000168998,0.00382465599977877,0.024629224004456773,129
6945,86,0.015425664001668338,0.0038245699979597703,0.024670408995007165,131
6946,86,0.01560705500014592,0.0038507619974552654,0.024763273999269586,133
6947,86,0.015709103994595353,0.0038408690015785396,0.024520953993487637,135
6948,86,0.015396393006085418,0.0038539120068890043,0.024388164005358703,137
6949,86,0.01529847599886125,0.0038360399994417094,0.024574144001235254,139
6950,86,0.015184522999334149,0.005367719000787474,0.02772498700505821,141
6951,86,0.015241674002027139,0.005313358000421431,0.02751399299449986,143
6952,86,0.015094788002897985,0.005284660997858737,0.02741360599611653,145
6953,86,0.015193881998129655,0.00531980799860321,0.027255540997430217,147
6954,86,0.015173639003478456,0.005283654994855169,0.026963217002048623,149
6955,86,0.015254004996677395,0.005245952001132537,0.02743944199755788,151
6956,86,0.015215446997899562,0.00530400600109715,0.027380270999856293,153
6957,86,0.015424974997586105,0.00526318300398998,0.026833618998352904,155
6958,86,0.015641772995877545,0.005315957998391241,0.02733162100048503,157
6959,86,0.01550669100106461,0.0053010140036349185,0.02743894599552732,159
6960,87,0.015419204995851032,0.003113183003733866,0.025226203993952367,1
6961,87,0.01569872999971267,0.0038119050004752353,0.024488882001605816,3
6962,87,0.015960768003424164,0.003136678002192639,0.02537314700020943,5
6963,87,0.015322911000112072,0.003111964004347101,0.024652734005940147,7
6964,87,0.0157342590027838,0.0032528039955650456,0.025109971000347286,9
6965,87,0.015390398002637085,0.0031158049969235435,0.024779216000752058,11
6966,87,0.01572236400534166,0.003070754995860625,0.024769405004917644,13
6967,87,0.0156433219963219,0.0030574240008718334,0.024990637000882998,15
6968,87,0.015285237001080532,0.003960991998610552,0.025077985003008507,17
6969,87,0.015460913004062604,0.003944502001104411,0.02486418400076218,19
6970,87,0.01593087799847126,0.00380561900237808,0.024798528997052927,21
6971,87,0.015285882000171114,0.00380452600074932,0.02507488000264857,23
6972,87,0.015879478996794205,0.0038375440053641796,0.02452757900027791,25
6973,87,0.015488957993511576,0.0038741989992558956,0.025055338002857752,27
6974,87,0.015770997997606173,0.0038452660010079853,0.024973931002023164,29
6975,87,0.01543009199667722,0.004585179005516693,0.024780867002846207,31
6976,87,0.015353907001554035,0.003850701999908779,0.027512774999195244,33
6977,87,0.015528465999523178,0.0038439399941125885,0.027129621994390618,35
6978,87,0.015538864005065989,0.0038938020006753504,0.0268715490019531,37
6979,87,0.015858244005357847,0.003844635000859853,0.027230876999965403,39
6980,87,0.013511914999980945,0.0038422910001827404,0.024652934000187088,41
6981,87,0.013491193996742368,0.0038641869978164323,0.025016668005264364,43
6982,87,0.013472034996084403,0.00387626800511498,0.02513629599707201,45
6983,87,0.013398152004810981,0.0037993459991412237,0.024498221995600034,47
6984,87,0.013495842002157588,0.003115500003332272,0.02488524399814196,49
6985,87,0.013719353002670687,0.003823660998023115,0.02469840599951567,51
6986,87,0.013638192001963034,0.0038265889961621724,0.024725347000639886,53
6987,87,0.013469395998981781,0.0038056019984651357,0.0243939819993102,55
6988,87,0.013986941004986875,0.003836738003883511,0.025071644995477982,57
6989,87,0.014025358999788295,0.0038393790018744767,0.025128048000624403,59
6990,87,0.013684598001418635,0.003802234001341276,0.024373754997213837,61
6991,87,0.013517068000510335,0.0038641129940515384,0.02462701700278558,63
6992,87,0.013474993000272661,0.0038170080006239004,0.02450505299930228,65
6993,87,0.013794870996207464,0.0038376349984901026,0.02500877800048329,67
6994,87,0.013669746993400622,0.003826517997367773,0.025077315003727563,69
6995,87,0.013559985003666952,0.005444278001959901,0.027007283999409992,71
6996,87,0.013810076998197474,0.005474874000356067,0.03285063699877355,73
6997,87,0.013516294995497447,0.005399592999310698,0.0283674499951303,75
6998,87,0.013404667995928321,0.005388554003729951,0.026949983002850786,77
6999,87,0.013420023002254311,0.005430486999102868,0.027751143999921624,79
7000,87,0.013488169999618549,0.003085049997025635,0.02464258600230096,81
7001,87,0.013587540997832548,0.0030954489993746392,0.02554690500255674,83
7002,87,0.014081196000915952,0.0038347299996530637,0.02500156899623107,85
7003,87,0.013903794999350794,0.0038876329999766313,0.024476320002577268,87
7004,87,0.013781540998024866,0.0030738639979972504,0.02467031099513406,89
7005,87,0.01338271999702556,0.003964260999055114,0.024703641000087373,91
7006,87,0.014042724003957119,0.0038179679977474734,0.024562886996136513,93
7007,87,0.01350700699549634,0.0030989400038379245,0.024511240000720136,95
7008,87,0.01362829299614532,0.0030844329958199523,0.02492156399966916,97
7009,87,0.013558888000261504,0.00310625099518802,0.024278326003695838,99
7010,87,0.013457811997795943,0.0045542820007540286,0.024233403004473075,101
7011,87,0.013815682999847922,0.0045296120006241836,0.0248455430046306,103
7012,87,0.014321427006507292,0.004522237002674956,0.02511735500593204,105
7013,87,0.019267393996415194,0.004609553005138878,0.025982870000007097,107
7014,87,0.013457870998536237,0.004537560002063401,0.0249738479978987,109
7015,87,0.013664420999702998,0.004706970998086035,0.025081621002755128,111
7016,87,0.014238918003684375,0.004593447003571782,0.028663129000051413,113
7017,87,0.013674553003511392,0.0045837200013920665,0.024943760996393394,115
7018,87,0.013547577000281308,0.00455465500272112,0.024578844997449778,117
7019,87,0.01379964999796357,0.004687772001489066,0.025786783000512514,119
7020,87,0.01412769599846797,0.00403530900075566,0.025352003998705186,121
7021,87,0.013944668004114646,0.003845769999315962,0.024646411002322566,123
7022,87,0.013575872006185818,0.003806496999459341,0.02469095699780155,125
7023,87,0.014078004001930822,0.0037816269978065975,0.024895049005863257,127
7024,87,0.013544748995627742,0.003851385998132173,0.024801692998153158,129
7025,87,0.013544907000323292,0.003833456998108886,0.025059681000129785,131
7026,87,0.014150281000183895,0.0038763740012655035,0.025202824996085837,133
7027,87,0.013841575004335027,0.004003759997431189,0.024599194002803415,135
7028,87,0.014051721002033446,0.003839549004624132,0.024696956999832764,137
7029,87,0.013561881001805887,0.0038293369943858124,0.025221238000085577,139
7030,87,0.013536669001041446,0.004532189996098168,0.027025707000575494,141
7031,87,0.01360045799810905,0.006535036998684518,0.02727562399377348,143
7032,87,0.013620578996778931,0.005304281999997329,0.027969682996626943,145
7033,87,0.013610422000056133,0.0046268299993244,0.02731323199986946,147
7034,87,0.0135835870023584,0.005278977994748857,0.027652930999465752,149
7035,87,0.013608350993308704,0.005270206005661748,0.028042158999596722,151
7036,87,0.013576764999015722,0.005338950999430381,0.027920609005377628,153
7037,87,0.014053186001547147,0.0045465869989129715,0.027630698001303244,155
7038,87,0.01351625900133513,0.005283924998366274,0.02769778500078246,157
7039,87,0.014254521003749687,0.004598672996507958,0.02727189500001259,159
7040,88,0.01574930599599611,0.004612308999639936,0.025475203998212237,1
7041,88,0.015514196995354723,0.003842568999971263,0.024916898997616954,3
7042,88,0.01558327899692813,0.003152504999889061,0.025010127006680705,5
7043,88,0.015530589000263717,0.003976540996518452,0.024625328005640768,7
7044,88,0.015368764994491357,0.0038415620001615025,0.0254704339968157,9
7045,88,0.015369977001682855,0.003836472002149094,0.02481079400604358,11
7046,88,0.015900766004051547,0.003818836994469166,0.02600406100100372,13
7047,88,0.016231691995926667,0.0038166939993971027,0.024886501996661536,15
7048,88,0.015176811000856105,0.003200346000085119,0.024939807000919245,17
7049,88,0.01530429599370109,0.0030882380015100352,0.02489892299490748,19
7050,88,0.016514276998350397,0.004129839006054681,0.024500623003405053,21
7051,88,0.015267160000803415,0.0038499459988088347,0.024660973002028186,23
7052,88,0.015778814995428547,0.0031295160006266087,0.025342696004372556,25
7053,88,0.015218153996102046,0.0031000810049590655,0.02510397000150988,27
7054,88,0.015178367000771686,0.0038627639951300807,0.026798175000294577,29
7055,88,0.0152734649964259,0.0038525540003320202,0.027166785002918914,31
7056,88,0.01563764399907086,0.004568616997858044,0.026911361994280014,33
7057,88,0.01528192499972647,0.004599313004291616,0.027578199005802162,35
7058,88,0.015322731000196654,0.00458401300420519,0.027426681001088582,37
7059,88,0.015904703999694902,0.004554441002255771,0.02723925399914151,39
7060,88,0.013622176003991626,0.0038328610025928356,0.024684112002432812,41
7061,88,0.013525091999326833,0.004080001999682281,0.024714375998883042,43
7062,88,0.014154516997223254,0.0038128960004542023,0.024687250006536487,45
7063,88,0.013672121000126936,0.0031498239986831322,0.024659957001858857,47
7064,88,0.013901361999160144,0.0030586110005970113,0.025242793002689723,49
7065,88,0.013574158001574688,0.003859771000861656,0.02478120599698741,51
7066,88,0.013526916001865175,0.003112352002062835,0.024699690999113955,53
7067,88,0.013626550004119053,0.0031164530009846203,0.024599188000138383,55
7068,88,0.013732608997088391,0.003087716999289114,0.025047266004548874,57
7069,88,0.01364000300236512,0.0031289209946407937,0.024678403002326377,59
7070,88,0.013538234998122789,0.0038301259992294945,0.02465608900092775,61
7071,88,0.013874718999431934,0.0031018399968161248,0.024595313996542245,63
7072,88,0.01557902500644559,0.003112999998847954,0.024703872004465666,65
7073,88,0.013520447006158065,0.0031638700020266697,0.024467638999340124,67
7074,88,0.013755612999375444,0.003079723996052053,0.025041836001037154,69
7075,88,0.013873664996935986,0.005431548001070041,0.026910414999292698,71
7076,88,0.013688052000361495,0.005418598993855994,0.0278402219992131,73
7077,88,0.013708539001527242,0.005432935999124311,0.028078005998395383,75
7078,88,0.01361727300536586,0.005414491999545135,0.0274393960062298,77
7079,88,0.014107385999523103,0.005415134997747373,0.027461104000394698,79
7080,88,0.013588866997451987,0.003787978996115271,0.02468701099860482,81
7081,88,0.013655502996698488,0.0030853720018058084,0.02459842700045556,83
7082,88,0.01387594199331943,0.0030958309944253415,0.02478916999825742,85
7083,88,0.014088853997236583,0.0031222809993778355,0.024856854004610796,87
7084,88,0.013667719998920802,0.0031002409959910437,0.024877169002138544,89
7085,88,0.01377238800341729,0.0031068720054463483,0.02551433500048006,91
7086,88,0.0136252969969064,0.003080779999436345,0.024891563996789046,93
7087,88,0.013627558000735007,0.0031188110006041825,0.02441014799842378,95
7088,88,0.013745522999670357,0.0030938099953345954,0.0246597289951751,97
7089,88,0.013530525997339282,0.003125572002318222,0.024550667993025854,99
7090,88,0.013760845999058802,0.004639220001990907,0.025092468000366352,101
7091,88,0.014028440004040021,0.004631649004295468,0.025095600001804996,103
7092,88,0.014184082006977405,0.004554098995868117,0.02489370500552468,105
7093,88,0.013709152000956237,0.0045711019993177615,0.02543399199930718,107
7094,88,0.01420690799568547,0.004590880002069753,0.02528580899524968,109
7095,88,0.013979524999740534,0.004651354000088759,0.026531649004027713,111
7096,88,0.013785453003947623,0.004604274996381719,0.02509290599846281,113
7097,88,0.014188736997311935,0.004614700999809429,0.025105164997512475,115
7098,88,0.013996321002196055,0.004615650002961047,0.025093830001424067,117
7099,88,0.013660425000125542,0.004560842004138976,0.024638314003823325,119
7100,88,0.013584129999799188,0.0038861129942233674,0.02462106700113509,121
7101,88,0.01362813200103119,0.0038659990023006685,0.02566674000263447,123
7102,88,0.01393831900350051,0.003912223000952508,0.025359810999361798,125
7103,88,0.013698075999855064,0.0038504510011989623,0.02553880699997535,127
7104,88,0.013713868000195362,0.003864801001327578,0.024967550998553634,129
7105,88,0.014087135998124722,0.0038944069965509698,0.025144692001049407,131
7106,88,0.013802435001707636,0.003849057997285854,0.02477870599977905,133
7107,88,0.013566846995672677,0.0038654009986203164,0.024839049998263363,135
7108,88,0.01361069699487416,0.004017687002487946,0.025207039005181286,137
7109,88,0.013929663997259922,0.003858085001411382,0.025338397004816215,139
7110,88,0.013845082001353148,0.006083647000195924,0.027419513004133478,141
7111,88,0.013823641995259095,0.006052365999494214,0.02799272300035227,143
7112,88,0.013730548998864833,0.007272914997884072,0.02828687700093724,145
7113,88,0.01386468300188426,0.006014417995174881,0.02802774399606278,147
7114,88,0.013822547000017948,0.006184368998219725,0.02769086600164883,149
7115,88,0.013871285002096556,0.0060633100001723506,0.027618756001174916,151
7116,88,0.013835032004863024,0.006082441002945416,0.02718328199989628,153
7117,88,0.013746295997407287,0.006112920003943145,0.02784047600289341,155
7118,88,0.013727682002354413,0.00610527800017735,0.027604909999354277,157
7119,88,0.013714524000533856,0.006076720004784875,0.02754095199634321,159
7120,89,0.014062348003790248,0.003888095998263452,0.02532912300375756,1
7121,89,0.013623787002870813,0.003825685002084356,0.02510491499560885,3
7122,89,0.01368174099479802,0.0038413340007537045,0.025976570002967492,5
7123,89,0.01365294300194364,0.0038726740021957085,0.025339077998069115,7
7124,89,0.013692769993213005,0.003807576998951845,0.024809542002913076,9
7125,89,0.014052739999897312,0.0038229900019359775,0.024772570002824068,11
7126,89,0.01368798800103832,0.005097015993669629,0.024915125999541488,13
7127,89,0.01376281600096263,0.0038854930025991052,0.025205884005117696,15
7128,89,0.013744083000347018,0.0038524799965671264,0.024731347999477293,17
7129,89,0.013685641999472864,0.0038712239984306507,0.02473935199668631,19
7130,89,0.013665031998243649,0.004602762004651595,0.027662702996167354,21
7131,89,0.013714628003071994,0.004602499000611715,0.02500824299931992,23
7132,89,0.013590857000963297,0.0051830119991791435,0.02846698399662273,25
7133,89,0.01390321600047173,0.004612451994034927,0.02744191000238061,27
7134,89,0.013787440002488438,0.003888259998348076,0.02784965499449754,29
7135,89,0.013699980998353567,0.00460097000177484,0.027441614998679142,31
7136,89,0.013722124997002538,0.004548303004412446,0.027778260999184567,33
7137,89,0.013791356002911925,0.004605941998306662,0.028457676999096293,35
7138,89,0.013659233998623677,0.004569749005895574,0.02743725400068797,37
7139,89,0.01358326800254872,0.004571944999042898,0.028064748003089335,39
7140,89,0.013714158994844183,0.003156360995490104,0.024965853001049254,41
7141,89,0.01367637899966212,0.0038104819977888837,0.024705828000151087,43
7142,89,0.013651306006067898,0.003853214002447203,0.024839440004143398,45
7143,89,0.013572648997069336,0.0038423369987867773,0.025108907000685576,47
7144,89,0.01373599200451281,0.0038348939997376874,0.02567267899576109,49
7145,89,0.01372959299624199,0.0038542990005225874,0.025036081002326682,51
7146,89,0.015099076998012606,0.004154796995862853,0.024886143997719046,53
7147,89,0.014050365003640763,0.003819199002464302,0.024824282998451963,55
7148,89,0.013891686998249497,0.004944305997923948,0.02503096900181845,57
7149,89,0.013684511999599636,0.0038490820006700233,0.024908487001084723,59
7150,89,0.014007249003043398,0.0051306910027051345,0.02521821000118507,61
7151,89,0.01351741400139872,0.005079799004306551,0.024948332000349183,63
7152,89,0.013706138997804374,0.003092822000326123,0.02460386800521519,65
7153,89,0.01362424900435144,0.004102211998542771,0.024755651997111272,67
7154,89,0.013691209998796694,0.0038252800004556775,0.024343889999727253,69
7155,89,0.013680215997737832,0.0054865580023033544,0.0274448870040942,71
7156,89,0.013602509003248997,0.005454961996292695,0.02727028200024506,73
7157,89,0.013714423002966214,0.005415667001216207,0.027939300998696126,75
7158,89,0.013977130001876503,0.005460841006424744,0.027478288997372147,77
7159,89,0.01359793399751652,0.0054256610019365326,0.0274741479952354,79
7160,89,0.015770430996781215,0.003818669996690005,0.024647498001286294,81
7161,89,0.015431404994160403,0.0038334080018103123,0.024856688003637828,83
7162,89,0.015387147999717854,0.0038417649993789382,0.024881374003598467,85
7163,89,0.01534287299728021,0.0038610789997619577,0.02523226700577652,87
7164,89,0.02696876900154166,0.0038437010007328354,0.025081690000661183,89
7165,89,0.015601864004565869,0.0038038929997128434,0.024337578004633542,91
7166,89,0.015206131000013556,0.0038526239950442687,0.02503206199617125,93
7167,89,0.015234910999424756,0.003803869003604632,0.025013898994075134,95
7168,89,0.01580025600560475,0.00383289599994896,0.024482406995957717,97
7169,89,0.015620934995240532,0.003858308002236299,0.024419788998784497,99
7170,89,0.015558002996840514,0.004557806998491287,0.025017177998961415,101
7171,89,0.016069345001596957,0.00453888600168284,0.02492190300108632,103
7172,89,0.015348160995927174,0.004589405994920526,0.02502026300498983,105
7173,89,0.01567752700066194,0.004535266998573206,0.025005912997585256,107
7174,89,0.015755952001200058,0.004546970005321782,0.025041881002834998,109
7175,89,0.015360235003754497,0.0038181840063771233,0.024835850003000814,111
7176,89,0.015312340998207219,0.004596676997607574,0.024671413004398346,113
7177,89,0.016097716004878748,0.0039985789990169,0.025715376999869477,115
7178,89,0.015533531994151417,0.0038644129963358864,0.025039592997927684,117
7179,89,0.015655600000172853,0.0037943589995848015,0.024937091999163385,119
7180,89,0.015399544005049393,0.0030759959990973584,0.024736013998335693,121
7181,89,0.015422288997797295,0.003965504001826048,0.025588459000573494,123
7182,89,0.015876718003710266,0.0031146189940045588,0.024635793997731525,125
7183,89,0.015490596000745427,0.0030968830033089034,0.02471707099903142,127
7184,89,0.01580450700566871,0.0031515240043518133,0.02502764400560409,129
7185,89,0.01567392500146525,0.0031728459944133647,0.02488504799839575,131
7186,89,0.01542696300020907,0.0030988590006018057,0.02527333200123394,133
7187,89,0.015551484997558873,0.003090382997470442,0.024792882999463473,135
7188,89,0.01551032599672908,0.003865267994115129,0.025377192003361415,137
7189,89,0.01539319999574218,0.003120059998764191,0.02546352599892998,139
7190,89,0.015474901003472041,0.00604815599945141,0.02681543500511907,141
7191,89,0.015407548999064602,0.0061522690011770464,0.028259549995709676,143
7192,89,0.016192636998312082,0.006014578000758775,0.02789566600404214,145
7193,89,0.01532862200110685,0.006037763996573631,0.027174678005394526,147
7194,89,0.01543669200327713,0.0060352810032782145,0.02760883299924899,149
7195,89,0.015475298998353537,0.006019066000590101,0.027584804003708996,151
7196,89,0.015763018003781326,0.006004312002914958,0.02722715400159359,153
7197,89,0.015473455001483671,0.0060765020025428385,0.027726656997401733,155
7198,89,0.01563803500175709,0.0060273870039964095,0.02748311500181444,157
7199,89,0.015351314999861643,0.00602336399606429,0.028211131000716705,159
7200,90,0.015531050004938152,0.003907559999788646,0.025706965003337245,1
7201,90,0.01554378800210543,0.003956929998821579,0.025367059002746828,3
7202,90,0.015582133004500065,0.003118221000477206,0.025200557000061963,5
7203,90,0.01567776600131765,0.0030885660016792826,0.025131360001978464,7
7204,90,0.015463442003238015,0.0031090170014067553,0.025398755999049172,9
7205,90,0.015231680998113006,0.0031014339983812533,0.028220319996762555,11
7206,90,0.015168120997259393,0.0031108089970075525,0.024595276001491584,13
7207,90,0.01552258799347328,0.0030851359988446347,0.024729075994400773,15
7208,90,0.0153029989960487,0.003812367001955863,0.025007008996908553,17
7209,90,0.01533095000195317,0.003087293000135105,0.02450520599813899,19
7210,90,0.015813072997843847,0.003814663999946788,0.02495823999925051,21
7211,90,0.016272541994112544,0.0031214810005621985,0.024798026999633294,23
7212,90,0.015419260002090596,0.0038344170025084168,0.025318355998024344,25
7213,90,0.01572149399726186,0.0038204009979381226,0.024742341003729962,27
7214,90,0.015282831998774782,0.0037946039956295863,0.024340317002497613,29
7215,90,0.015321951002988499,0.004561879999528173,0.02441343600366963,31
7216,90,0.015951398003380746,0.0038525370036950335,0.02712380199955078,33
7217,90,0.015376098999695387,0.003808453999226913,0.02719156999955885,35
7218,90,0.01543985100579448,0.003876969996781554,0.027507621998665854,37
7219,90,0.01549700899340678,0.003830606998235453,0.02766675300517818,39
7220,90,0.013511695004126523,0.0038634000011370517,0.024468599003739655,41
7221,90,0.014060463996429462,0.0038353019990609027,0.025037006998900324,43
7222,90,0.0134531590010738,0.0030984010008978657,0.025660387000243645,45
7223,90,0.013625467996462248,0.003814812997006811,0.024845529995218385,47
7224,90,0.013892408001993317,0.0038261400040937588,0.024871701003576163,49
7225,90,0.013676098998985253,0.0030960889998823404,0.024972784995043185,51
7226,90,0.013843091997841839,0.0031194219991448335,0.025092397998378146,53
7227,90,0.013802373003272805,0.0030925780010875314,0.024318805000802968,55
7228,90,0.013972941000247374,0.00307960799545981,0.02497841900185449,57
7229,90,0.01398407100350596,0.0030684000012115575,0.025256961002014577,59
7230,90,0.013796186998661142,0.0030794659978710115,0.024542742998164613,61
7231,90,0.01360429399937857,0.0038392029964597896,0.024483241999405436,63
7232,90,0.013580463994003367,0.003797584999119863,0.025435554001887795,65
7233,90,0.014202184000168927,0.0038627389949397184,0.025045584996405523,67
7234,90,0.013679451003554277,0.0030928880005376413,0.024971524006105028,69
7235,90,0.013989917002618313,0.005433575999632012,0.026977159999660216,71
7236,90,0.01368199499847833,0.0054762310028309,0.02753104300063569,73
7237,90,0.014090019998548087,0.005406461001257412,0.02803208499972243,75
7238,90,0.013695779001864139,0.005436617997474968,0.02824611999676563,77
7239,90,0.013652503002958838,0.005434417995274998,0.027852105005877092,79
7240,90,0.015470348997041583,0.003845723003905732,0.025048144998436328,81
7241,90,0.01821873400331242,0.0038316900026984513,0.025014042999828234,83
7242,90,0.015370446002634708,0.004104460997041315,0.024877225994714536,85
7243,90,0.015881921994150616,0.003082221002841834,0.025112895003985614,87
7244,90,0.015307991998270154,0.003073375999520067,0.025103200001467485,89
7245,90,0.015280774001439568,0.003821504993538838,0.025367871996422764,91
7246,90,0.015587084999424405,0.004125234001548961,0.024498004997440148,93
7247,90,0.015555269004835282,0.00501502300176071,0.025773075998586137,95
7248,90,0.015203552997263614,0.0030827919981675223,0.024280094999994617,97
7249,90,0.016214363000472076,0.0038297479986795224,0.024336134003533516,99
7250,90,0.015931529997033067,0.004509854996285867,0.025149624001642223,101
7251,90,0.015303575004509185,0.0038307469949359074,0.024585186001786496,103
7252,90,0.015518956002779305,0.003821762998995837,0.02434040600201115,105
7253,90,0.01527114200143842,0.004570593999233097,0.025073561002500355,107
7254,90,0.015165254000748973,0.0038712880050297827,0.024794106000626925,109
7255,90,0.015932496993627865,0.00459236199822044,0.02486753900302574,111
7256,90,0.01654534899716964,0.003839791999780573,0.02481217300373828,113
7257,90,0.015859106002608314,0.00526933199580526,0.024550885005737655,115
7258,90,0.01551283200387843,0.004575929997372441,0.025369798997417092,117
7259,90,0.015696566995757166,0.003836695999780204,0.024794199998723343,119
7260,90,0.013531616998079699,0.0037840180011698976,0.02512797600502381,121
7261,90,0.013889370005927049,0.003807727000094019,0.025225530000170693,123
7262,90,0.013459327994496562,0.0038290540032903664,0.02474337399326032,125
7263,90,0.013477155000146013,0.0037659169975086115,0.024662863004778046,127
7264,90,0.013593718998890836,0.003809851004916709,0.024774069999693893,129
7265,90,0.01385605099494569,0.003942623996408656,0.024662206997163594,131
7266,90,0.013553388002037536,0.00379033200442791,0.025272193001001142,133
7267,90,0.01352318800491048,0.003824801002338063,0.026033270994958002,135
7268,90,0.01352562999818474,0.0038032459997339174,0.024540573998820037,137
7269,90,0.013420450006378815,0.003802910003287252,0.024893367997719906,139
7270,90,0.014292436004325282,0.005279263998090755,0.027005299998563714,141
7271,90,0.013685511999938171,0.00530466900090687,0.027670598996337503,143
7272,90,0.013655682996613905,0.005280089004372712,0.027967889996943995,145
7273,90,0.01399214900447987,0.005293188005452976,0.02767343699815683,147
7274,90,0.013813165001920424,0.005292504996759817,0.027738972996303346,149
7275,90,0.013699940005608369,0.0052629679994424805,0.027616668994596694,151
7276,90,0.013830065996444318,0.005328261999238748,0.02750347399705788,153
7277,90,0.013862423998943996,0.005255082993244287,0.0280156770022586,155
7278,90,0.013566007000918034,0.005263920997094829,0.02781999599392293,157
7279,90,0.013428191996354144,0.005239383004663978,0.027212717999645974,159
7280,91,0.015519344000495039,0.0038319020022754557,0.025372099997184705,1
7281,91,0.015664799000660423,0.003808528999798,0.024833525996655226,3
7282,91,0.015684082005464006,0.003781993997108657,0.025201584001479205,5
7283,91,0.015354779003246222,0.003049781000299845,0.02440032000595238,7
7284,91,0.015904684994893614,0.004120498000702355,0.024448124000628013,9
7285,91,0.015535247002844699,0.003836463001789525,0.025069919000088703,11
7286,91,0.015410489002533723,0.0038237129992921837,0.024853973001881968,13
7287,91,0.015207461001409683,0.0031163669991656207,0.025162723002722487,15
7288,91,0.015426467994984705,0.0038634629963780753,0.028427043005649466,17
7289,91,0.015656359995773528,0.0038205550008569844,0.025195624999469146,19
7290,91,0.015504723996855319,0.003842689002340194,0.02458525900146924,21
7291,91,0.01546605900512077,0.005005892999179196,0.024628639002912678,23
7292,91,0.015733514999737963,0.004567394993500784,0.02477119599643629,25
7293,91,0.015518592001171783,0.003847681000479497,0.025257282999518793,27
7294,91,0.015441010000358801,0.00456037499679951,0.02527624300273601,29
7295,91,0.015583501000946853,0.004581581997626927,0.02549831299984362,31
7296,91,0.01561534299980849,0.004575455001031514,0.024896939998143353,33
7297,91,0.016253768000751734,0.0045775700054946356,0.024701460999494884,35
7298,91,0.015915812997263856,0.004570111996144988,0.024751079006819054,37
7299,91,0.015516632003709674,0.004593243000272196,0.024814462994982023,39
7300,91,0.013666211001691408,0.0038364499996532686,0.025245190001442097,41
7301,91,0.013661865996255074,0.003826872998615727,0.024918445997172967,43
7302,91,0.014221203004126437,0.003868396997859236,0.02485453199915355,45
7303,91,0.014136660000076517,0.0038293600009637885,0.02514131499629002,47
7304,91,0.013591659000667278,0.003095795000263024,0.024952608997409698,49
7305,91,0.013823889996274374,0.003779001002840232,0.02463155100122094,51
7306,91,0.013627759006340057,0.003815192001638934,0.02533415699872421,53
7307,91,0.013717738002014812,0.0038317950020427816,0.024969605001388118,55
7308,91,0.013584542000899091,0.0038337340010912158,0.02464614099881146,57
7309,91,0.013438314002996776,0.0038477159978356212,0.025332910001452547,59
7310,91,0.013526522001484409,0.0038309890005621128,0.02466285500122467,61
7311,91,0.013956846996734384,0.003846317995339632,0.025695552001707256,63
7312,91,0.01355852400592994,0.003829988003417384,0.024653232001583092,65
7313,91,0.013634730996272992,0.003807371002039872,0.025113520998274907,67
7314,91,0.013845661997038405,0.0038319129962474108,0.02469626299716765,69
7315,91,0.013664412996149622,0.004559786000754684,0.02735584000038216,71
7316,91,0.013613684001029469,0.004549146004137583,0.027612787001999095,73
7317,91,0.013557895006670151,0.004542687995126471,0.02722057799837785,75
7318,91,0.01403369200124871,0.004563941998640075,0.02704102599818725,77
7319,91,0.013676697002665605,0.004600375999871176,0.02702220699575264,79
7320,91,0.015433917003974784,0.003839404002064839,0.02484350500162691,81
7321,91,0.015381021999928635,0.003993366000941023,0.024682982999365777,83
7322,91,0.015607485998771153,0.0038556689978577197,0.025122987004579045,85
7323,91,0.015659857002901845,0.00384664699959103,0.024408714998571668,87
7324,91,0.015274204997695051,0.003839680997771211,0.024658337999426294,89
7325,91,0.015280107996659353,0.0038732059983885847,0.024796836005407386,91
7326,91,0.015243724003084935,0.003893297995091416,0.024826125998515636,93
7327,91,0.015365339000709355,0.0030801419998169877,0.024951718005468138,95
7328,91,0.015251379998517223,0.0038157210001372732,0.024704659001145046,97
7329,91,0.015380864002509043,0.0038378579993150197,0.025023005000548437,99
7330,91,0.015297287995053921,0.0038063660031184554,0.02509163200011244,101
7331,91,0.01554948500415776,0.0038201299976208247,0.02467093699669931,103
7332,91,0.015612837996741291,0.0038718099967809394,0.025365615001646802,105
7333,91,0.015261041997291613,0.004634672004613094,0.02461471199785592,107
7334,91,0.015371497996966355,0.003888749997713603,0.025039526997716166,109
7335,91,0.015444680000655353,0.0038487940037157387,0.02468804199452279,111
7336,91,0.0153613860020414,0.004574730999593157,0.025706441003421787,113
7337,91,0.015356362993770745,0.0038462900047306903,0.02487067400215892,115
7338,91,0.015397900999232661,0.0038546310024685226,0.024711389000003692,117
7339,91,0.015430517996719573,0.003859239994199015,0.02497815099923173,119
7340,91,0.015450195001903921,0.0038382209968403913,0.02492082500248216,121
7341,91,0.015465315998881124,0.0038406120002036914,0.024951218998467084,123
7342,91,0.015604927997628693,0.0038282189998426475,0.025481796001258772,125
7343,91,0.016219287004787475,0.0038514719999511726,0.025190134001604747,127
7344,91,0.015290022005501669,0.0038541430039913394,0.02653434700187063,129
7345,91,0.015414948000397999,0.003806880005868152,0.024923033997765742,131
7346,91,0.015356545998656657,0.003800097001658287,0.030400581999856513,133
7347,91,0.015656458999728784,0.0038405059967772104,0.025157841002510395,135
7348,91,0.015589912996802013,0.003821297999820672,0.02527233499858994,137
7349,91,0.015648214997781906,0.003826451000350062,0.025295822000771295,139
7350,91,0.015579564002109692,0.005299048993038014,0.027755538001656532,141
7351,91,0.01543434400082333,0.00539152499550255,0.029992039999342524,143
7352,91,0.015645060993847437,0.005337524002243299,0.027351954995538108,145
7353,91,0.015519246997428127,0.0060421119997045025,0.027757317999203224,147
7354,91,0.015411589003633708,0.005348446000425611,0.027683640997565817,149
7355,91,0.015281022002454847,0.006098054000176489,0.027581445006944705,151
7356,91,0.015265873000316788,0.0061264090036274865,0.02733123100188095,153
7357,91,0.015455210996151436,0.005343249002180528,0.028580225000041537,155
7358,91,0.015509992997976951,0.006063105000066571,0.027530753002793062,157
7359,91,0.01586921000125585,0.006035888000042178,0.027555580003536306,159
7360,92,0.015381921002699528,0.0031023889969219454,0.025627091999922413,1
7361,92,0.01650748600513907,0.003866794999339618,0.02486469499854138,3
7362,92,0.015417764996527694,0.003070560000196565,0.025369684000907,5
7363,92,0.015327736997278407,0.003094438994594384,0.024714849001611583,7
7364,92,0.0157008109963499,0.004116976997465827,0.02517718099988997,9
7365,92,0.015446093995706178,0.0030924689999665134,0.025073103002796415,11
7366,92,0.01535774200601736,0.003135184000711888,0.02532576799421804,13
7367,92,0.01532994800072629,0.004101252001419198,0.024687174998689443,15
7368,92,0.015574283002933953,0.0038388510001823306,0.024709293997148052,17
7369,92,0.015610073001880664,0.0038245870018727146,0.02476818099967204,19
7370,92,0.015406482001708355,0.0038464829995064065,0.025202309006999712,21
7371,92,0.015618757999618538,0.0031117460021050647,0.02462373900198145,23
7372,92,0.015338609999162145,0.004577783998684026,0.02747064299910562,25
7373,92,0.015427852995344438,0.004580574997817166,0.027747760999773163,27
7374,92,0.015483971998037305,0.004552165002678521,0.027677735000906978,29
7375,92,0.015319976999307983,0.004580168002576102,0.02802207100467058,31
7376,92,0.015383036996354349,0.004580278000503313,0.027346688002580777,33
7377,92,0.015273825003532693,0.00455885299743386,0.02763861999846995,35
7378,92,0.015301493003789801,0.004574191996653099,0.02725365900550969,37
7379,92,0.015275028999894857,0.0038278370047919452,0.027074716999777593,39
7380,92,0.015775008003402036,0.0030956740010879003,0.02471727999363793,41
7381,92,0.015355059003923088,0.0041105960044660605,0.024606473998574074,43
7382,92,0.015540607004368212,0.0038460979994852096,0.024970263002614956,45
7383,92,0.015497307002078742,0.0030952129964134656,0.025003684000694193,47
7384,92,0.01571882699499838,0.0031084059955901466,0.024937099995440803,49
7385,92,0.015292128999135457,0.0030860900005791336,0.02469282400124939,51
7386,92,0.015387557999929413,0.003966333999414928,0.024400655005592853,53
7387,92,0.01534614599950146,0.003826334999757819,0.024836257995048072,55
7388,92,0.015540940999926534,0.0031069579999893904,0.024635955000121612,57
7389,92,0.015694148998591118,0.003084697003941983,0.02459518799878424,59
7390,92,0.015324519001296721,0.0038840459965285845,0.025092060001043137,61
7391,92,0.015249504998791963,0.003837648000626359,0.025055099999008235,63
7392,92,0.015252662997227162,0.003114090002782177,0.024515301003702916,65
7393,92,0.015697426002589054,0.0030990659943199717,0.02507862100173952,67
7394,92,0.015473656996618956,0.003817932003585156,0.02445912899565883,69
7395,92,0.015683066005294677,0.007749550997687038,0.029940254004031885,71
7396,92,0.015287875998183154,0.0077872039983049035,0.029935734004538972,73
7397,92,0.01531519499985734,0.007799257000442594,0.030240837004384957,75
7398,92,0.015507379001064692,0.007748326002911199,0.03133960899867816,77
7399,92,0.015358639000623953,0.007763148001686204,0.03001227799541084,79
7400,92,0.015897757999482565,0.0031020409951452166,0.025838904999545775,81
7401,92,0.015431359999638516,0.003833989998383913,0.02507584900013171,83
7402,92,0.015793686994584277,0.003110586003458593,0.024660571005370002,85
7403,92,0.015566305999527685,0.0031110769996303134,0.024847009000950493,87
7404,92,0.015403518998937216,0.003078226000070572,0.02506041799642844,89
7405,92,0.01535958800377557,0.0030728799974895082,0.02482960700581316,91
7406,92,0.015431340005306993,0.0031574020031257533,0.0245570030019735,93
7407,92,0.015406416001496837,0.003091871003562119,0.024981422997370828,95
7408,92,0.015662165998946875,0.0031134689997998066,0.025563503004377708,97
7409,92,0.015311729999666568,0.0031275139990611933,0.02475481200235663,99
7410,92,0.015344970001024194,0.0038366700027836487,0.0250150920037413,101
7411,92,0.01533456700417446,0.003804899999522604,0.02507049999985611,103
7412,92,0.015392693996545859,0.004590983000525739,0.02479563000088092,105
7413,92,0.015460463000636082,0.004572580000967719,0.024772672994004097,107
7414,92,0.01551120899966918,0.00453909499628935,0.024999230001412798,109
7415,92,0.01587473900144687,0.003883363002387341,0.025187095001456328,111
7416,92,0.015618290002748836,0.0038328000009641983,0.0247234220005339,113
7417,92,0.016179874997760635,0.004539893001492601,0.024884458995074965,115
7418,92,0.01583048600150505,0.0038614379955106415,0.024474368001392577,117
7419,92,0.015492359998461325,0.003820767000433989,0.025146284002403263,119
7420,92,0.01591021199419629,0.0038045859982958063,0.0246193549974123,121
7421,92,0.01590385800227523,0.0038351510011125356,0.024905076999857556,123
7422,92,0.015326994005590677,0.0038461760050267912,0.03349436099961167,125
7423,92,0.015355490999354515,0.003834342998743523,0.02435177499864949,127
7424,92,0.015323011000873521,0.003859650998492725,0.02433318800467532,129
7425,92,0.01604670200322289,0.0038152569977683015,0.02416406299744267,131
7426,92,0.015822809997189324,0.0038187609970918857,0.02424347600026522,133
7427,92,0.01620336699852487,0.0038931410017539747,0.024372463994950522,135
7428,92,0.01590705899434397,0.0038330620009219274,0.024617036993731745,137
7429,92,0.015354600000136998,0.003858714997477364,0.024666582001373172,139
7430,92,0.01538220199290663,0.006015617000230122,0.02718645500135608,141
7431,92,0.01574506399629172,0.006029799005773384,0.028100545998313464,143
7432,92,0.015611242000886705,0.006028661999152973,0.027067021001130342,145
7433,92,0.015486061995034106,0.00602066900319187,0.02752679499826627,147
7434,92,0.01536769400263438,0.006083341002522502,0.027806885998870712,149
7435,92,0.015523073001531884,0.006050627998774871,0.027036932995542884,151
7436,92,0.01572664699779125,0.006023025998729281,0.02770641999813961,153
7437,92,0.015452632003871258,0.006024022994097322,0.02789440099877538,155
7438,92,0.015643039005226456,0.006034800004272256,0.02832719499565428,157
7439,92,0.015355702002125327,0.006026779999956489,0.0273624569963431,159
7440,93,0.01542498199705733,0.004566513001918793,0.025551963997713756,1
7441,93,0.015420379000715911,0.003864665995934047,0.025365615998452995,3
7442,93,0.015731837003841065,0.0031246069993358105,0.024825431006320287,5
7443,93,0.015300458995625377,0.0038456080001196824,0.026121835995581932,7
7444,93,0.0159851560019888,0.0038441119977505878,0.02513703500153497,9
7445,93,0.015556974001810886,0.003836939999018796,0.02460768799937796,11
7446,93,0.015464194999367464,0.0038662410006509162,0.024549515997932758,13
7447,93,0.015266711998265237,0.0038463719974970445,0.024327384002390318,15
7448,93,0.015367237996542826,0.0038007550028851256,0.02448481900501065,17
7449,93,0.015919973004201893,0.0038445690006483346,0.024954895001428667,19
7450,93,0.01568738600326469,0.0038275309998425655,0.02524352099862881,21
7451,93,0.01576993799972115,0.003835935000097379,0.02530879800178809,23
7452,93,0.01566127200203482,0.003810455003986135,0.024756564002018422,25
7453,93,0.015534876001765952,0.0038704600010532886,0.02474693400290562,27
7454,93,0.015480002999538556,0.003914192995580379,0.02497076999861747,29
7455,93,0.015583607004373334,0.003836540003248956,0.02744583599996986,31
7456,93,0.015366961000836454,0.0045819709994248115,0.027063638000981882,33
7457,93,0.015344835999712814,0.00461333199928049,0.027709217996743973,35
7458,93,0.015566739995847456,0.004621448002581019,0.02760758400108898,37
7459,93,0.015307319001294672,0.0045709850019193254,0.02766382400295697,39
7460,93,0.013667863000591751,0.0030970340012572706,0.02494430400111014,41
7461,93,0.013436478002404328,0.0030733259991393425,0.02495482399535831,43
7462,93,0.013703429998713546,0.0030994479966466315,0.024881954996089917,45
7463,93,0.013708909995330032,0.004028816998470575,0.025100407001446,47
7464,93,0.013471466001647059,0.0030646369996247813,0.024993080005515367,49
7465,93,0.01367900799959898,0.003095482003118377,0.025092623000091407,51
7466,93,0.013521281995053869,0.003047981997951865,0.02481114200054435,53
7467,93,0.01356581299478421,0.0030714439999428578,0.024451999001030345,55
7468,93,0.013483162001648452,0.0030918689953978173,0.02457401400170056,57
7469,93,0.013573206997534726,0.0030902619982953183,0.02491988499969011,59
7470,93,0.013475656996888574,0.003612227003031876,0.024315229995409027,61
7471,93,0.013525005997507833,0.0030907510008546524,0.02667135999945458,63
7472,93,0.013929885004472453,0.003071095998166129,0.024715531995752826,65
7473,93,0.013561725994804874,0.0031176130069070496,0.02484015600202838,67
7474,93,0.013782931004243437,0.0031106440001167357,0.025994907999120187,69
7475,93,0.013620268000522628,0.0070130450039869174,0.02939310800138628,71
7476,93,0.013605334002932068,0.006179866999445949,0.03082214800087968,73
7477,93,0.013523227004043292,0.007010952002019621,0.0302431419986533,75
7478,93,0.013633615002618171,0.006153353999252431,0.029983143002027646,77
7479,93,0.013616643998830114,0.007070116997056175,0.030312611001136247,79
7480,93,0.01628769500530325,0.0030891520000295714,0.02571488700050395,81
7481,93,0.013862405998224858,0.00379327499831561,0.024753038000199012,83
7482,93,0.013877764002245385,0.0030798070001765154,0.024652770996908657,85
7483,93,0.013634139999339823,0.0031169269932433963,0.024915891997807194,87
7484,93,0.01403462199959904,0.0030937389965401962,0.02514676799910376,89
7485,93,0.014385640999535099,0.003154368998366408,0.0249189780006418,91
7486,93,0.014144868997391313,0.003145673996186815,0.02492355299909832,93
7487,93,0.013706486999581102,0.003096861000813078,0.024802913998428266,95
7488,93,0.01364729900524253,0.003864096994220745,0.02713624599709874,97
7489,93,0.013775695995718706,0.0030735800028196536,0.025147020001895726,99
7490,93,0.01358376799908001,0.004584716996760108,0.024424367999017704,101
7491,93,0.0139790940011153,0.004588761003105901,0.024840041995048523,103
7492,93,0.013491624995367602,0.004674537995015271,0.024608683001133613,105
7493,93,0.01354559199535288,0.004610942996805534,0.02451296400249703,107
7494,93,0.013652362002176233,0.004563874004816171,0.02536847099690931,109
7495,93,0.014072782003495377,0.004535332998784725,0.02537132499855943,111
7496,93,0.013676531001692638,0.004601555992849171,0.025124108004092705,113
7497,93,0.013697254995349795,0.004571907003992237,0.025777770999411587,115
7498,93,0.0137205129940412,0.004585922994010616,0.025129834000836127,117
7499,93,0.014017959001648705,0.004552380996756256,0.024376695000682957,119
7500,93,0.016399918000388425,0.0039216009972733445,0.02485567700205138,121
7501,93,0.015371664994745515,0.0039179759987746365,0.02483393000147771,123
7502,93,0.015477307999390177,0.0038181350028025918,0.02510672400239855,125
7503,93,0.01583586299966555,0.0038117969961604103,0.025018599000759423,127
7504,93,0.017262469002162106,0.0038748500010115094,0.027211840999370907,129
7505,93,0.015434069995535538,0.0038081470047472976,0.02508928000315791,131
7506,93,0.01577726999676088,0.003847230000246782,0.02460378999967361,133
7507,93,0.015299288999813143,0.0038538049993803725,0.025338523999380413,135
7508,93,0.015450462997250725,0.003828581997368019,0.02519615199707914,137
7509,93,0.01540058200043859,0.0038620859995717183,0.024945231001765933,139
7510,93,0.01553991800028598,0.00605007400008617,0.027526991005288437,141
7511,93,0.015874789998633787,0.006005105999065563,0.028473362006479874,143
7512,93,0.016126607995829545,0.006048080998880323,0.027857019995281007,145
7513,93,0.016788643995823804,0.0066910829991684295,0.027451492998807225,147
7514,93,0.015646969004592393,0.006012729005306028,0.028081764998205472,149
7515,93,0.015459094000107143,0.006022097993991338,0.0274897420022171,151
7516,93,0.015403353994770441,0.006022997004038189,0.027587871001742315,153
7517,93,0.016010905004804954,0.006320912005321588,0.027368660004867706,155
7518,93,0.016367891999834683,0.006049322000762913,0.028556324999954086,157
7519,93,0.015719359005743172,0.006091544993978459,0.02852052399975946,159
7520,94,0.014272350999817718,0.005321435994119383,0.02564195300510619,1
7521,94,0.014114505996985827,0.00456964700424578,0.02461659200344002,3
7522,94,0.013769780001894105,0.004607754999597091,0.027246941994235385,5
7523,94,0.0141373630031012,0.004580401000566781,0.024987746997794602,7
7524,94,0.01388673600013135,0.0045965459939907305,0.024726752999413293,9
7525,94,0.013538171995605808,0.004606902999512386,0.02440025999385398,11
7526,94,0.013993328000651672,0.004631789000995923,0.025215050001861528,13
7527,94,0.013714611995965242,0.0053162719996180385,0.025118513003690168,15
7528,94,0.013884747997508384,0.0045936089954921044,0.02764922699861927,17
7529,94,0.014077173997065984,0.004591095996147487,0.027733506001823116,19
7530,94,0.014018355002917815,0.0038405449959100224,0.0269815470019239,21
7531,94,0.013548150003771298,0.0045825270062778145,0.024864187005732674,23
7532,94,0.013674608002474997,0.004568482996546663,0.027187578001758084,25
7533,94,0.013623283994093072,0.004592266996041872,0.02734780200262321,27
7534,94,0.013821223001286853,0.0038472070009447634,0.027474433998577297,29
7535,94,0.014169533998938277,0.0038579620013479143,0.028833074000431225,31
7536,94,0.014125064000836574,0.0041339879971928895,0.027332340003340505,33
7537,94,0.013932940004451666,0.003830294997896999,0.027608589000010397,35
7538,94,0.0139876009998261,0.0038508329962496646,0.02714014600496739,37
7539,94,0.013497924999683164,0.0038356529985321686,0.02732374000333948,39
7540,94,0.011922145000426099,0.004804358002729714,0.024957089000963606,41
7541,94,0.011749501994927414,0.0031084310030564666,0.03805063699837774,43
7542,94,0.012153088006016333,0.0031079790060175583,0.024429975004750304,45
7543,94,0.011795732003520243,0.0041285339975729585,0.024691415004781447,47
7544,94,0.011774889004300348,0.0038668730048811994,0.025380514001881238,49
7545,94,0.012173312999948394,0.0031025700009195134,0.025012883997987956,51
7546,94,0.01189817900012713,0.0030726289987796918,0.024686006996489596,53
7547,94,0.011963491000642534,0.003856044997519348,0.02482991199940443,55
7548,94,0.012306020005780738,0.004405259001941886,0.02525977700133808,57
7549,94,0.011928642001294065,0.005056859001342673,0.025179860000207555,59
7550,94,0.012069441996573005,0.003830487999948673,0.025520404997223523,61
7551,94,0.011971795000135899,0.0030929610002203844,0.025895487997331657,63
7552,94,0.011899375000211876,0.003817181001068093,0.024788981994788628,65
7553,94,0.011858416997711174,0.003863761005050037,0.025394496995431837,67
7554,94,0.011973443994065747,0.0030983449978521094,0.024392812003497966,69
7555,94,0.011782056993979495,0.00543774499965366,0.027626128001429606,71
7556,94,0.011761148998630233,0.005473853001603857,0.027200044998608064,73
7557,94,0.011773737001931295,0.005502136002178304,0.027326789997459855,75
7558,94,0.011918306001462042,0.005480110005009919,0.027342531997419428,77
7559,94,0.011748281001928262,0.005461147004098166,0.02724680199753493,79
7560,94,0.01525244300137274,0.003868084997520782,0.02484414500213461,81
7561,94,0.015287387002899777,0.003853400005027652,0.024494086996128317,83
7562,94,0.015396185997815337,0.003795631004322786,0.024724626004172023,85
7563,94,0.015565482004603837,0.003787738998653367,0.024464046000503004,87
7564,94,0.015206693999061827,0.003822880993539002,0.02455342399480287,89
7565,94,0.015524980997724924,0.0038280399967334233,0.024387951001699548,91
7566,94,0.015162044997850899,0.0038933030009502545,0.02457974400022067,93
7567,94,0.015140456998778973,0.0038316930003929883,0.024714982995647006,95
7568,94,0.015674783004214987,0.003785848995903507,0.024330603999260347,97
7569,94,0.015242920999298804,0.003795830998569727,0.024487390997819602,99
7570,94,0.015259883999533486,0.004535387000942137,0.024480995001795236,101
7571,94,0.015220635999867227,0.004554256993287709,0.02495886100223288,103
7572,94,0.015259316001902334,0.004545522002445068,0.024660111994307954,105
7573,94,0.015174377993389498,0.004538866000075359,0.02449321700260043,107
7574,94,0.015641566998965573,0.004519997994066216,0.027826965000713244,109
7575,94,0.015248167997924611,0.004528363002464175,0.02559762300370494,111
7576,94,0.015846676004002802,0.004569871998683084,0.025160680001135916,113
7577,94,0.01518542600388173,0.004548734999843873,0.024905431993829552,115
7578,94,0.015220838999084663,0.004520162001426797,0.0247180450023734,117
7579,94,0.015539239000645466,0.004554077997454442,0.024671211001987103,119
7580,94,0.01518076399952406,0.003056179004488513,0.02487919499981217,121
7581,94,0.015769249002914876,0.0031063069982337765,0.02458218600077089,123
7582,94,0.01521650100039551,0.0030895599993527867,0.0251328839949565,125
7583,94,0.015111481996427756,0.00308465700072702,0.024340837997442577,127
7584,94,0.01520794700627448,0.003077814995776862,0.02424934499867959,129
7585,94,0.015694808003900107,0.0032113659981405362,0.02454298899829155,131
7586,94,0.015283036002074368,0.0030465200034086592,0.024447992000204977,133
7587,94,0.015586043999064714,0.003106399999524001,0.024600857999757864,135
7588,94,0.015302002000680659,0.0030846060035401024,0.02429524100443814,137
7589,94,0.015354001996456645,0.0030834299977868795,0.02457802100252593,139
7590,94,0.01534062599967001,0.005306374994688667,0.02800814299553167,141
7591,94,0.015168676996836439,0.005278335003822576,0.027546262004761957,143
7592,94,0.01530341100442456,0.005280290999507997,0.02746871999988798,145
7593,94,0.015519082997343503,0.0053748069985886104,0.02745128999958979,147
7594,94,0.015400028001749888,0.005429281998658553,0.027426888002082705,149
7595,94,0.015375146998849232,0.00536542700137943,0.02724789000058081,151
7596,94,0.015303442000003997,0.0038484999968204647,0.027474359994812403,153
7597,94,0.017906360000779387,0.005312177003361285,0.027343943998857867,155
7598,94,0.015260443004081026,0.0052952629994251765,0.027542002993868664,157
7599,94,0.015618639001331758,0.005245681000815239,0.02701505000004545,159
7600,95,0.015775264000694733,0.004622822998499032,0.02545180299784988,1
7601,95,0.015433541004313156,0.004565975003060885,0.02495241600263398,3
7602,95,0.015524301998084411,0.005074449996754993,0.025027586001669988,5
7603,95,0.01548019999609096,0.003080210997723043,0.025101176004682202,7
7604,95,0.01514339999994263,0.003101022004557308,0.02471052600594703,9
7605,95,0.015754273998027202,0.0038138050003908575,0.024462270004733,11
7606,95,0.015301006998925004,0.0037851599990972318,0.024875664996216074,13
7607,95,0.015491633996134624,0.003802569000981748,0.02449272299418226,15
7608,95,0.015094180998858064,0.0038970899986452423,0.024385174001508858,17
7609,95,0.01527101299870992,0.0041189920011674985,0.024836627002514433,19
7610,95,0.015318765996198636,0.0038305390044115484,0.024528121000912506,21
7611,95,0.015383034995466005,0.0037973029975546524,0.024768422001216095,23
7612,95,0.015498765002121218,0.0038595610021729954,0.025131357004283927,25
7613,95,0.015483853996556718,0.0038213070001802407,0.024769151001237333,27
7614,95,0.015785993993631564,0.0038131480032461695,0.025004782000905834,29
7615,95,0.01581725500000175,0.004582986999594141,0.024884115999157075,31
7616,95,0.015541007996944245,0.004604098001436796,0.02743149799789535,33
7617,95,0.015610724993166514,0.004571894998662174,0.02753249699890148,35
7618,95,0.015490871002839413,0.004571099998429418,0.027834922999318223,37
7619,95,0.01558434799517272,0.0045797540005878545,0.0273035610007355,39
7620,95,0.015563765999104362,0.0038130889952299185,0.025240298004064243,41
7621,95,0.015669827000238,0.0038465929974336177,0.024989331999677233,43
7622,95,0.01564301599864848,0.0038626189998467453,0.024755133999860846,45
7623,95,0.015516938998189289,0.0038952120012254454,0.024958220004918985,47
7624,95,0.01560348099883413,0.003870027001539711,0.02510617000370985,49
7625,95,0.01566078999894671,0.003864842998154927,0.024594699003500864,51
7626,95,0.016622699004074093,0.003955918000428937,0.024720201996387914,53
7627,95,0.015579130995320156,0.003844092003419064,0.025119450001511723,55
7628,95,0.015557532002276275,0.0038571110053453594,0.02449161599361105,57
7629,95,0.0156930579978507,0.0037839979995624162,0.02458941900113132,59
7630,95,0.015151125000556931,0.003830102003121283,0.024736273997405078,61
7631,95,0.015203898998151999,0.0037808609995408915,0.02412875599839026,63
7632,95,0.01523733700014418,0.003820488003839273,0.024425199000688735,65
7633,95,0.015165987999353092,0.003816699994786177,0.024798320002446417,67
7634,95,0.015506142997764982,0.003781912993872538,0.024154307000571862,69
7635,95,0.015189956000540406,0.007740676999674179,0.02978700200037565,71
7636,95,0.015388458996312693,0.007704902003752068,0.030068953994486947,73
7637,95,0.015298589998565149,0.007812269002897665,0.030004523003299255,75
7638,95,0.015530976001173258,0.007746740004222374,0.02987808499892708,77
7639,95,0.015389504995255265,0.007781026004522573,0.030000719001691323,79
7640,95,0.01563915999577148,0.0030969180006650276,0.02490484100417234,81
7641,95,0.015443459997186437,0.003106915006355848,0.024933833999966737,83
7642,95,0.01539566699648276,0.0031243300036294386,0.025045595997653436,85
7643,95,0.015483746996324044,0.0033554850015207194,0.024873024005501065,87
7644,95,0.015373189002275467,0.0030969940053182654,0.024764622998191044,89
7645,95,0.015421058000356425,0.0031054310020408593,0.02490637700248044,91
7646,95,0.01541394599917112,0.003089701996941585,0.024839662997692358,93
7647,95,0.01593776699883165,0.003183038999850396,0.025362906999362167,95
7648,95,0.015451002000190783,0.0030929240019759163,0.025631354001234286,97
7649,95,0.01532587400288321,0.0030890949929016642,0.024742980000155512,99
7650,95,0.015401674005261157,0.004566178999084514,0.024862239995854907,101
7651,95,0.015483422001125291,0.004598178995365743,0.02473375700355973,103
7652,95,0.015261069995176513,0.004568994998408016,0.024907450999307912,105
7653,95,0.015665762999560684,0.004575131002638955,0.0245621240028413,107
7654,95,0.015460087997780647,0.004581596003845334,0.024541302998841275,109
7655,95,0.016656747000524774,0.0046221160009736195,0.026426418997289147,111
7656,95,0.015680247997806873,0.004567563002638053,0.025032283003383782,113
7657,95,0.015612991999660153,0.004678133002016693,0.025007059004565235,115
7658,95,0.015429576000315137,0.004598856998200063,0.024926897000113968,117
7659,95,0.01590386900352314,0.004567007999867201,0.024659568000060972,119
7660,95,0.016029143997002393,0.004062088999489788,0.02512070900411345,121
7661,95,0.01603072800207883,0.003864459999022074,0.025647728005424142,123
7662,95,0.01535168499685824,0.003882308999891393,0.024757614002737682,125
7663,95,0.015330952999647707,0.0038709270011167973,0.025204322002537083,127
7664,95,0.015294705000997055,0.003833950999251101,0.02472449899505591,129
7665,95,0.015403195000544656,0.003845043000183068,0.02508665600180393,131
7666,95,0.015275800004019402,0.0038507320059579797,0.02467610900202999,133
7667,95,0.01569392099918332,0.0051100009950459935,0.02486872099689208,135
7668,95,0.015577040001517162,0.004031957003462594,0.025368173002789263,137
7669,95,0.015521062996413093,0.003816071999608539,0.024808203997963574,139
7670,95,0.015535060003458057,0.0060855400006403215,0.02752536000480177,141
7671,95,0.01537465000001248,0.004567887001030613,0.0272679820045596,143
7672,95,0.015463545001694001,0.003839172000880353,0.027354334000847302,145
7673,95,0.015348283995990641,0.005308918000082485,0.02791255600459408,147
7674,95,0.015405391000967938,0.005281332996673882,0.02717995599959977,149
7675,95,0.015456349996384233,0.003852103996905498,0.02786981400277,151
7676,95,0.01548461000493262,0.005294544003845658,0.02709185399726266,153
7677,95,0.016076222993433475,0.005306077000568621,0.027348272000381257,155
7678,95,0.015359657998487819,0.0052719329978572205,0.02721376599947689,157
7679,95,0.015383516998554114,0.005323088000295684,0.0273145450046286,159
7680,96,0.015470389000256546,0.004430184999364428,0.02598798699909821,1
7681,96,0.01533693300007144,0.0038196789973881096,0.02557872900069924,3
7682,96,0.015553983001154847,0.0038263059977907687,0.025464881997322664,5
7683,96,0.015304961998481303,0.003860267999698408,0.024782735003100242,7
7684,96,0.015364686005341355,0.0038190009945537895,0.025053500998183154,9
7685,96,0.015352289003203623,0.003802116996666882,0.02506988000095589,11
7686,96,0.015939349999825936,0.003833153001323808,0.02448136799648637,13
7687,96,0.01585371200053487,0.0045626749997609295,0.02454543400381226,15
7688,96,0.015971224995155353,0.004582835994369816,0.024887181003578007,17
7689,96,0.015583009000692982,0.0038480020011775196,0.025018166998052038,19
7690,96,0.015377780997368973,0.004607695002050605,0.02480567299789982,21
7691,96,0.015335862997744698,0.0038315779966069385,0.02536712100118166,23
7692,96,0.015329522000683937,0.004556179002975114,0.02521550899837166,25
7693,96,0.015351321999332868,0.0045767290066578425,0.024894680005672853,27
7694,96,0.01530066200211877,0.004585044996929355,0.02531902200280456,29
7695,96,0.015497412998229265,0.004607855997164734,0.02480842300428776,31
7696,96,0.015173761996265966,0.00461579900002107,0.02547147500445135,33
7697,96,0.015779029999976046,0.0038151029948494397,0.025031157994817477,35
7698,96,0.015170939004747197,0.004566351999528706,0.02446416299790144,37
7699,96,0.015942022000672296,0.004567128999042325,0.024927816004492342,39
7700,96,0.013576548000855837,0.003867207000439521,0.025144943996565416,41
7701,96,0.013365209000767209,0.0038066679990151897,0.024825062006129883,43
7702,96,0.013826292000885587,0.0038480910006910563,0.02475351299653994,45
7703,96,0.013680274001671933,0.0039017889939714223,0.02460060400335351,47
7704,96,0.013953598005173262,0.004054532000736799,0.025464411999564618,49
7705,96,0.013755526000750251,0.003813793999142945,0.024957279994850978,51
7706,96,0.013886575005017221,0.003852815003483556,0.02484820100653451,53
7707,96,0.013916707001044415,0.0038592599958064966,0.025229131999367382,55
7708,96,0.014017076995514799,0.00401179600157775,0.02493428000161657,57
7709,96,0.013688391001778655,0.003789066002354957,0.025074324999877717,59
7710,96,0.013802461995510384,0.0038147209997987375,0.024351000000024214,61
7711,96,0.01407287400070345,0.003821947000687942,0.02460173000145005,63
7712,96,0.013605153995740693,0.0038917450001463294,0.02533758700155886,65
7713,96,0.013549171999329701,0.0038664880048600025,0.025265013995522168,67
7714,96,0.013826146001520101,0.0038433090012404136,0.02471005300321849,69
7715,96,0.013776747000520118,0.007191922995843925,0.027735135998227634,71
7716,96,0.014456789001997095,0.006942729000002146,0.027861634000146296,73
7717,96,0.014094147001742385,0.0070336189965019,0.027109028000268154,75
7718,96,0.013924088001658674,0.007107814999471884,0.02742006300104549,77
7719,96,0.014012225001351908,0.007289869005035143,0.02818243899673689,79
7720,96,0.015661746001569554,0.0030877739991410635,0.025151399000606034,81
7721,96,0.015266463000443764,0.0030907760010450147,0.02541914199537132,83
7722,96,0.015969983003742527,0.004539863999525551,0.024664222000865266,85
7723,96,0.0153891689988086,0.0038352760020643473,0.02509368199389428,87
7724,96,0.0158599630012759,0.0030942149969632737,0.024475223995978013,89
7725,96,0.01592085399897769,0.004294571997888852,0.024932353997428436,91
7726,96,0.015293821001250762,0.0030951750013628043,0.025199974996212404,93
7727,96,0.015324315005273093,0.00311276000138605,0.02453707400127314,95
7728,96,0.015337378004915081,0.003099228000792209,0.0246085709950421,97
7729,96,0.015693426998041105,0.005083516000013333,0.024584234997746535,99
7730,96,0.015283802000340074,0.004596659004164394,0.02485185399564216,101
7731,96,0.015367688996775541,0.004593500998453237,0.024716398998862132,103
7732,96,0.015391105000162497,0.004582678004226182,0.025132202994427644,105
7733,96,0.015371009001682978,0.004578264997689985,0.02488604700192809,107
7734,96,0.01538729299500119,0.004638309997972101,0.025094643999182153,109
7735,96,0.015389000000141095,0.004570940000121482,0.024657586000103038,111
7736,96,0.015601153005263768,0.004548156997771002,0.024581844001659192,113
7737,96,0.015345978004916105,0.0045922610006527975,0.024846388994774316,115
7738,96,0.015391237997391727,0.004565146999084391,0.024944253003923222,117
7739,96,0.015759474998048972,0.004579635999107268,0.024748538999119774,119
7740,96,0.015509703996940516,0.0038469260034617037,0.024833937000948936,121
7741,96,0.015368891996331513,0.0038586360024055466,0.02479824500187533,123
7742,96,0.015424101999087725,0.003901668002072256,0.025099990001763217,125
7743,96,0.015517918996920343,0.003850501001579687,0.024926735000917688,127
7744,96,0.01551516500330763,0.0038583069981541485,0.024851123002008535,129
7745,96,0.015450806997250766,0.003826478998234961,0.0246333249961026,131
7746,96,0.015498135995585471,0.003825346997473389,0.02482749699993292,133
7747,96,0.015390553999168333,0.0038379850011551753,0.02480311199906282,135
7748,96,0.015541955006483477,0.003836782001599204,0.025161962999845855,137
7749,96,0.016264429003058467,0.003842758000246249,0.0254039420033223,139
7750,96,0.01578258999506943,0.005327955004759133,0.02725532399927033,141
7751,96,0.015430758998263627,0.005285559003823437,0.027795036003226414,143
7752,96,0.015342551996582188,0.005332335997081827,0.027519329996721353,145
7753,96,0.015586588997393847,0.005324525001924485,0.027881134999915957,147
7754,96,0.015530952005065046,0.005306511004164349,0.027450758003396913,149
7755,96,0.015342339997005183,0.005333793997124303,0.027581456997722853,151
7756,96,0.016057083994382992,0.005304557002091315,0.028043067002727184,153
7757,96,0.015855305995501112,0.005474707999383099,0.02749398299783934,155
7758,96,0.015853477001655847,0.005547145003220066,0.028222287000971846,157
7759,96,0.01584657900093589,0.005298609998135362,0.02780023399827769,159
7760,97,0.01554268200561637,0.0038621510029770434,0.02511960999981966,1
7761,97,0.015611903996614274,0.0031122209984459914,0.024376296998525504,3
7762,97,0.015479868001420982,0.0030861039995215833,0.02451914300036151,5
7763,97,0.015411572996526957,0.003877606002788525,0.02502461600670358,7
7764,97,0.015385359001811594,0.003880618001858238,0.025422949001949746,9
7765,97,0.015530985001532827,0.003174963996571023,0.02517650899972068,11
7766,97,0.01568383000267204,0.0031137350015342236,0.02506097999867052,13
7767,97,0.015675344999181107,0.0051617230055853724,0.025506925994704943,15
7768,97,0.016165537999768276,0.0038551690013264306,0.02480641799775185,17
7769,97,0.015473897998163011,0.00384321700403234,0.024702003996935673,19
7770,97,0.015813830999832135,0.0038501480012200773,0.024961572999018244,21
7771,97,0.01568333299655933,0.0039368139987345785,0.024921850999817252,23
7772,97,0.015634734998457134,0.0038450749998446554,0.025233483996998984,25
7773,97,0.016028627003834117,0.003895679001288954,0.025263836003432516,27
7774,97,0.015506808995269239,0.003938465997634921,0.02739829500205815,29
7775,97,0.015731388004496694,0.004595610000251327,0.027538478003407363,31
7776,97,0.015585837005346548,0.004591338998579886,0.027209833002416417,33
7777,97,0.015337764998548664,0.0045594799958053045,0.027376440004445612,35
7778,97,0.015420676994835958,0.004635752004105598,0.027562192997720558,37
7779,97,0.015402365999761969,0.0045629000014741905,0.02720335399499163,39
7780,97,0.013688863000425044,0.004582620000292081,0.024456999999529216,41
7781,97,0.013648487001773901,0.004607217997545376,0.02548689000104787,43
7782,97,0.013607311004307121,0.004565784001897555,0.02546435099793598,45
7783,97,0.01364813800319098,0.004539789995760657,0.02508714699797565,47
7784,97,0.013590356000349857,0.004579804997774772,0.024858859003870748,49
7785,97,0.013699269999051467,0.004600057000061497,0.025129169000138063,51
7786,97,0.013664141006302088,0.00455403899832163,0.025402860999747645,53
7787,97,0.013569580994953867,0.004603954002959654,0.025114326002949383,55
7788,97,0.01367478600150207,0.004579915002977941,0.025162199999613222,57
7789,97,0.013596500997664407,0.004603321001923177,0.0251772580013494,59
7790,97,0.013686441001482308,0.004572937999910209,0.024589031003415585,61
7791,97,0.01376291600172408,0.004573893005726859,0.024573020993557293,63
7792,97,0.013557905003835913,0.0045686730009038,0.02511803200468421,65
7793,97,0.013506012001016643,0.004575187995214947,0.025048742994840723,67
7794,97,0.014095483005803544,0.004532537001068704,0.02510129399888683,69
7795,97,0.013671498003532179,0.004539929002930876,0.027495525006088428,71
7796,97,0.01357315199857112,0.004556355001113843,0.027682953004841693,73
7797,97,0.014054942002985626,0.0045995109976502135,0.02739139700133819,75
7798,97,0.013563803004217334,0.0054770190035924315,0.02726499100390356,77
7799,97,0.013976260997878853,0.0045584839972434565,0.027551406004931778,79
7800,97,0.013578029997006524,0.003862671997922007,0.024633579996589106,81
7801,97,0.013823829998727888,0.0038359230020432733,0.024842530001478735,83
7802,97,0.013576134006143548,0.0038510900049004704,0.025215926994860638,85
7803,97,0.01356416800263105,0.0038173080029082485,0.024960256996564567,87
7804,97,0.013690645995666273,0.0038112480033305474,0.02479797699925257,89
7805,97,0.013492286001564935,0.0038341049948940054,0.024914857000112534,91
7806,97,0.013869160997273866,0.0038447679980890825,0.02491206899867393,93
7807,97,0.013567937996413093,0.0038149899992276914,0.0248143849967164,95
7808,97,0.013570935996540356,0.0038564019996556453,0.024713130995223764,97
7809,97,0.013691678999748547,0.0038632669966318645,0.024841252001351677,99
7810,97,0.013737408997258171,0.004562191999866627,0.025141263999103103,101
7811,97,0.013637595002364833,0.004573640995658934,0.024754599995503668,103
7812,97,0.013446500997815747,0.004633993994502816,0.02501265300088562,105
7813,97,0.013552113996411208,0.0045568459972855635,0.024555857002269477,107
7814,97,0.01370339399727527,0.004572402001940645,0.024746084003709257,109
7815,97,0.013502254005288705,0.004555816994979978,0.024576804004027508,111
7816,97,0.013491028003045358,0.0045855159987695515,0.024705572999664582,113
7817,97,0.013683056000445504,0.004553268998279236,0.025292434998846147,115
7818,97,0.013814687998092268,0.004531257996859495,0.024920170995756052,117
7819,97,0.013774986000498757,0.004532515995379072,0.02477153999643633,119
7820,97,0.015234949001751374,0.003800391001277603,0.025098452002566773,121
7821,97,0.015182303002802655,0.003808292000030633,0.024535066993848886,123
7822,97,0.015349055000115186,0.0038301960012177005,0.02494248100265395,125
7823,97,0.015327526998589747,0.0038292390017886646,0.024802648003969807,127
7824,97,0.015551680997305084,0.0038398149990825914,0.024580759993114043,129
7825,97,0.015416171001561452,0.0038456780021078885,0.02516579700022703,131
7826,97,0.015409040999657009,0.003866901002766099,0.024615224996523466,133
7827,97,0.01548165999702178,0.003863316000206396,0.02484546600317117,135
7828,97,0.016848532999574672,0.003976291998696979,0.02476106199901551,137
7829,97,0.015289743001630995,0.003807907000009436,0.02543842799786944,139
7830,97,0.015261547996487934,0.006105542001023423,0.02787084100418724,141
7831,97,0.015241180997691117,0.00607617299829144,0.02752472599968314,143
7832,97,0.01765965199592756,0.006146321997221094,0.02746956500050146,145
7833,97,0.015214528000797145,0.006073960001231171,0.028036274001351558,147
7834,97,0.015600917999108788,0.006123288003436755,0.02716197299741907,149
7835,97,0.015240627995808609,0.006026522001775447,0.027744537001126446,151
7836,97,0.015237448998959735,0.006027976000041235,0.027084900000772905,153
7837,97,0.01544535099674249,0.006026940995070618,0.02703100200596964,155
7838,97,0.01544823800213635,0.006065626999770757,0.027733499999158084,157
7839,97,0.015736323002784047,0.006031653996615205,0.027115917000628542,159
7840,98,0.023800405993824825,0.0038957029973971657,0.026403155003208667,1
7841,98,0.015717863003374077,0.0031537519971607253,0.025079301005462185,3
7842,98,0.015742556999612134,0.0031370509968837723,0.024702164002519567,5
7843,98,0.015263970002706628,0.0030848859969410114,0.024972027000330854,7
7844,98,0.0153551109979162,0.0030977329952293076,0.024439278000500053,9
7845,98,0.015789327000675257,0.003098285000305623,0.024940041999798268,11
7846,98,0.015284836998034734,0.003084926000155974,0.02483317499718396,13
7847,98,0.015301632003684063,0.0038451389991678298,0.024524704000214115,15
7848,98,0.02456170199729968,0.003907590995368082,0.025161924000713043,17
7849,98,0.015177472996583674,0.0038093499970273115,0.024574751005275175,19
7850,98,0.015243478999764193,0.0038380050027626567,0.02482205500564305,21
7851,98,0.01537499400001252,0.003102959002717398,0.024931335996370763,23
7852,98,0.015292282005248126,0.004558294000162277,0.024774696998065338,25
7853,98,0.01558298400050262,0.004596701000991743,0.0249142969987588,27
7854,98,0.015176082000834867,0.004567069998302031,0.02527265600656392,29
7855,98,0.015291088995581958,0.0045334280002862215,0.024560570003814064,31
7856,98,0.015296363999368623,0.0038201799980015494,0.027175698000064585,33
7857,98,0.015725272001873236,0.0038230779973673634,0.02705240399518516,35
7858,98,0.01574933499796316,0.0038450620049843565,0.02710356199531816,37
7859,98,0.015374079994217027,0.0038064399996073917,0.027357138998922892,39
7860,98,0.013581751998572145,0.0030466019961750135,0.02471672699903138,41
7861,98,0.013749278004979715,0.003812374001427088,0.0243751460002386,43
7862,98,0.013503708003554493,0.0038113639966468327,0.024598489995696582,45
7863,98,0.013469434998114593,0.003803457999310922,0.024665574004757218,47
7864,98,0.013501394998456817,0.003838564000034239,0.024592620000476018,49
7865,98,0.013367742001719307,0.0038423510050051846,0.02423653000005288,51
7866,98,0.013485759001923725,0.003839782999421004,0.024732999001571443,53
7867,98,0.01347123699815711,0.003841927995381411,0.024437785999907646,55
7868,98,0.013557885002228431,0.0038161219999892637,0.024198156999773346,57
7869,98,0.013452027000312228,0.0038341600011335686,0.024696257001778577,59
7870,98,0.01350468500459101,0.003839254997728858,0.02472234400192974,61
7871,98,0.013735688997257967,0.0038933129981160164,0.024595443996076938,63
7872,98,0.01350001800165046,0.0038317170037771575,0.02446160600084113,65
7873,98,0.013531502001569606,0.003827849999652244,0.024935102002928033,67
7874,98,0.013521106004191097,0.0038416460010921583,0.02459404800174525,69
7875,98,0.01351859699934721,0.007039151001663413,0.029658398998435587,71
7876,98,0.013449037993268576,0.007068521001201589,0.030392059998121113,73
7877,98,0.013814878002449404,0.007043122001050506,0.029829524995875545,75
7878,98,0.01352480000059586,0.0070046269975136966,0.029980556995724328,77
7879,98,0.01375819699751446,0.007043523997708689,0.03140934700059006,79
7880,98,0.015307563000533264,0.0038145200014696456,0.025401995997526683,81
7881,98,0.015412715998536441,0.0038715740010957234,0.02466160100448178,83
7882,98,0.015973820998624433,0.0038313300028676167,0.024659178001456894,85
7883,98,0.015359126002294943,0.0038431279972428456,0.024818993006192613,87
7884,98,0.015453259999048896,0.0038534230043296702,0.025327804003609344,89
7885,98,0.015890567003225442,0.003882005999912508,0.02521474499371834,91
7886,98,0.015246509996359237,0.0038571709956158884,0.024842507002176717,93
7887,98,0.015375322996987961,0.003848661006486509,0.024688613004400395,95
7888,98,0.015400935997604392,0.0038396219970309176,0.025739652999618556,97
7889,98,0.015387974002806004,0.0038366829976439476,0.02485778499976732,99
7890,98,0.015954736998537555,0.004552518999844324,0.02543754700309364,101
7891,98,0.015291415998945013,0.004558034997899085,0.024761288994341157,103
7892,98,0.015593311996781267,0.004603577996022068,0.02508261900220532,105
7893,98,0.015527762996498495,0.004579843996907584,0.024615647998871282,107
7894,98,0.015402896999148652,0.004567689000396058,0.0246172650004155,109
7895,98,0.015458053996553645,0.004592113000398967,0.024729454999032896,111
7896,98,0.01548204300343059,0.004539462002867367,0.024945524004579056,113
7897,98,0.015495890998863615,0.004558554996037856,0.024946935998741537,115
7898,98,0.016286714002490044,0.004575858001771849,0.02490961200237507,117
7899,98,0.01559847599855857,0.004618487997504417,0.025005812000017613,119
7900,98,0.015374029004306067,0.0038792409977759235,0.0246616799995536,121
7901,98,0.015298425001674332,0.0038437719995272346,0.024676378998265136,123
7902,98,0.015342755999881774,0.003849893997539766,0.025131209993560333,125
7903,98,0.015330756999901496,0.0038276559935184196,0.02499313300359063,127
7904,98,0.01615070099796867,0.00381846800155472,0.025116778000665363,129
7905,98,0.015301691993954591,0.003838573000393808,0.0247225669954787,131
7906,98,0.015368270003818907,0.0038009659983799793,0.02480899799411418,133
7907,98,0.015212621998216491,0.0038456490001408383,0.02520253099646652,135
7908,98,0.015301579995139036,0.0038223070005187765,0.02536527899792418,137
7909,98,0.015443727999809198,0.0038291649980237707,0.024807102003251202,139
7910,98,0.015707206002844032,0.005316385002515744,0.027309888006129768,141
7911,98,0.015756572000100277,0.005280140998365823,0.027393948003009427,143
7912,98,0.015304749002098106,0.005258094002783764,0.027306263997161295,145
7913,98,0.015279824001481757,0.005258956996840425,0.0272779669976444,147
7914,98,0.015862505002587568,0.005280698002025019,0.027340291999280453,149
7915,98,0.015427319005539175,0.005313554000167642,0.02769167799851857,151
7916,98,0.015261571999872103,0.005276015006529633,0.027514225002960302,153
7917,98,0.01534327000263147,0.005298269999912009,0.0273764290031977,155
7918,98,0.01531611099926522,0.005279672994220164,0.027175895993423183,157
7919,98,0.01543619100266369,0.005292474997986574,0.028236777005076874,159
7920,99,0.013732661995163653,0.0045847159999539144,0.02533413199853385,1
7921,99,0.01355413000419503,0.004507361001742538,0.024465472000883892,3
7922,99,0.01378093699895544,0.0038284760012174957,0.0247756050011958,5
7923,99,0.018985986003826838,0.0038605500012636185,0.02499326999532059,7
7924,99,0.014000137001858093,0.003900556002918165,0.02427852200344205,9
7925,99,0.013711395004065707,0.004574108999804594,0.025338103994727135,11
7926,99,0.014106372997048311,0.004721427998447325,0.025162789002934005,13
7927,99,0.013786174000415485,0.004573983998852782,0.025066408998100087,15
7928,99,0.013720750001084525,0.0038427449981099926,0.024774441997578833,17
7929,99,0.014208129003236536,0.00391143599699717,0.024665856995852664,19
7930,99,0.013722718998906203,0.003966547999880277,0.02758899100444978,21
7931,99,0.013934757000242826,0.00384058800409548,0.024727178002649453,23
7932,99,0.01377130900073098,0.00383890800003428,0.027047124996897765,25
7933,99,0.013891438997234218,0.003842079000605736,0.027468045002024155,27
7934,99,0.013595236996479798,0.0038941800012253225,0.027357190003385767,29
7935,99,0.013521722001314629,0.003853292000712827,0.02734944300027564,31
7936,99,0.013426666999293957,0.0038545759962289594,0.02776781799911987,33
7937,99,0.01352859300095588,0.004068519003340043,0.02713197599950945,35
7938,99,0.013573864001955371,0.0038336590005201288,0.027828998005134054,37
7939,99,0.01360365899745375,0.003852533998724539,0.027825392004160676,39
7940,99,0.013657373005116824,0.003115364997938741,0.025115230004303157,41
7941,99,0.01399728700198466,0.0031302460047299974,0.02487516800465528,43
7942,99,0.013757248998444993,0.0030699019989697263,0.02490455100632971,45
7943,99,0.013744151998253074,0.003076724002312403,0.024622347998956684,47
7944,99,0.013651560999278445,0.0031167560009635054,0.02472209100233158,49
7945,99,0.013570574003097136,0.003074362000916153,0.024766810005530715,51
7946,99,0.013542477005103137,0.003108261000306811,0.024501624997355975,53
7947,99,0.013967549006338231,0.0031043950002640486,0.024588423999375664,55
7948,99,0.013602908999018837,0.003078744004596956,0.024796617006359156,57
7949,99,0.01358091600559419,0.0031000879971543327,0.025030753000464756,59
7950,99,0.013645182996697258,0.0031085459995665587,0.024728372001845855,61
7951,99,0.013821765001921449,0.0031245029967976734,0.024785735993646085,63
7952,99,0.013743974006501958,0.0030748159988434054,0.024874182003259193,65
7953,99,0.013671376997081097,0.003071314000408165,0.024961224997241516,67
7954,99,0.013634328002808616,0.003101665999565739,0.024990614998387173,69
7955,99,0.013622047001263127,0.006178871997690294,0.027609586002654396,71
7956,99,0.013779581000562757,0.006178834999445826,0.027550034996238537,73
7957,99,0.013698344002477825,0.006175325004733168,0.027759732998674735,75
7958,99,0.01375701299548382,0.006207662998349406,0.027647215996694285,77
7959,99,0.013675281006726436,0.006216642999788746,0.02734109800076112,79
7960,99,0.013739747999352403,0.004603586996381637,0.024903616002120543,81
7961,99,0.013819236999552231,0.004599140003847424,0.025142010003037285,83
7962,99,0.01377125200087903,0.004568288000882603,0.025316954001027625,85
7963,99,0.013750141006312333,0.0046124729997245595,0.025030737000633962,87
7964,99,0.014105466005275957,0.004721242999949027,0.024897398994653486,89
7965,99,0.013925108003604691,0.004584816000715364,0.025277378997998312,91
7966,99,0.013697181006136816,0.004616792997694574,0.025210304993379395,93
7967,99,0.013665154001500923,0.0046702290055691265,0.0249197599987383,95
7968,99,0.01362595600221539,0.004630805997294374,0.024892241999623366,97
7969,99,0.013628332999360282,0.0045924420046503656,0.024915567999414634,99
7970,99,0.013892051996663213,0.005276629002764821,0.02480607500183396,101
7971,99,0.01364410600217525,0.005365908000385389,0.024974667001515627,103
7972,99,0.01378096499684034,0.005359186005080119,0.024790313000266906,105
7973,99,0.01381143600156065,0.005524908003280871,0.025274079998780508,107
7974,99,0.013463724004395772,0.005345662000763696,0.02565703100117389,109
7975,99,0.013566485002229456,0.005337550996046048,0.025303932998212986,111
7976,99,0.013598144003481138,0.005311928005539812,0.0245483540056739,113
7977,99,0.013593865995062515,0.005342402000678703,0.025604848000511993,115
7978,99,0.013656349001394119,0.005388161000155378,0.02491868599463487,117
7979,99,0.013975645997561514,0.005307605999405496,0.025174216003506444,119
7980,99,0.015437285001098644,0.0030995999986771494,0.024905301004764624,121
7981,99,0.015352356997027528,0.00319668700103648,0.024742123001487926,123
7982,99,0.01542579299712088,0.003159091000270564,0.02471234300173819,125
7983,99,0.015455989996553399,0.003126987998257391,0.024633668996102642,127
7984,99,0.015730567996797618,0.0031374060054076836,0.024650379993545357,129
7985,99,0.015515325001615565,0.003084062998823356,0.02510289599740645,131
7986,99,0.015835942002013326,0.003112159996817354,0.025058774001081474,133
7987,99,0.015484755997022148,0.003160765001666732,0.025451291003264487,135
7988,99,0.015459669994015712,0.0031092009958229028,0.025198748997354414,137
7989,99,0.015619085002981592,0.0031752189970575273,0.02535922500101151,139
7990,99,0.015947244995913934,0.0062661940028192475,0.02739786099846242,141
7991,99,0.015425483994476963,0.0060826059998362325,0.027484753998578526,143
7992,99,0.015952932997606695,0.006244799995329231,0.02671351900062291,145
7993,99,0.01589587600028608,0.006135518997325562,0.027791286003775895,147
7994,99,0.015478845998586621,0.006076824000047054,0.027442266000434756,149
7995,99,0.01574048299517017,0.006206147001648787,0.028300476995354984,151
7996,99,0.015624933999788482,0.006076325000321958,0.028170261000923347,153
7997,99,0.015618493001966272,0.006088035996071994,0.02733858300052816,155
7998,99,0.01756541500071762,0.006038303996319883,0.02779575799650047,157
7999,99,0.015969022002536803,0.006035858998075128,0.028256671997951344,159
