,tipo,de,val,sample,method,scenario
0,v,0,1.06,ref,PF,0
1,teta,0,0.0,ref,PF,0
2,v,1,1.045,ref,PF,0
3,teta,1,-0.08876835616869147,ref,PF,0
4,v,2,1.0201,ref,PF,0
5,teta,2,-0.1762066609740759,ref,PF,0
6,v,3,1.0224915673189579,ref,PF,0
7,teta,3,-0.1662688922659264,ref,PF,0
8,v,4,1.0240038746425266,ref,PF,0
9,teta,4,-0.1440642892112175,ref,PF,0
10,v,5,1.0807,ref,PF,0
11,teta,5,-0.23730741149780793,ref,PF,0
12,v,6,1.0655469019019348,ref,PF,0
13,teta,6,-0.21921434075663354,ref,PF,0
14,v,7,1.09,ref,PF,0
15,teta,7,-0.2192143407566335,ref,PF,0
16,v,8,1.061994870117585,ref,PF,0
17,teta,8,-0.2466247265879916,ref,PF,0
18,v,9,1.057937800133334,ref,PF,0
19,teta,9,-0.2498436720022191,ref,PF,0
20,v,10,1.0657480748278252,ref,PF,0
21,teta,10,-0.24576173552272276,ref,PF,0
22,v,11,1.0665261161918176,ref,PF,0
23,teta,11,-0.2505884902966155,ref,PF,0
24,v,12,1.060755098983334,ref,PF,0
25,teta,12,-0.2524796510162817,ref,PF,0
26,v,13,1.0436175203760183,ref,PF,0
27,teta,13,-0.266353578108849,ref,PF,0
28,v,14,1.0292739440009762,ref,PF,0
29,teta,14,0.002626069234116886,ref,PF,0
30,v,15,1.0818997305436606,ref,PF,0
31,teta,15,-0.235250350678412,ref,PF,0
0,v,0,1.06,ref,PF,1
1,teta,0,0.0,ref,PF,1
2,v,1,1.045,ref,PF,1
3,teta,1,-0.0887308205204743,ref,PF,1
4,v,2,1.0201,ref,PF,1
5,teta,2,-0.1760476058648395,ref,PF,1
6,v,3,1.0225292093433147,ref,PF,1
7,teta,3,-0.16612327882434957,ref,PF,1
8,v,4,1.024016932545312,ref,PF,1
9,teta,4,-0.1440374101773336,ref,PF,1
10,v,5,1.0807,ref,PF,1
11,teta,5,-0.23751067043115154,ref,PF,1
12,v,6,1.065570517602035,ref,PF,1
13,teta,6,-0.2191820610616307,ref,PF,1
14,v,7,1.09,ref,PF,1
15,teta,7,-0.2191820610616307,ref,PF,1
16,v,8,1.0620304654568251,ref,PF,1
17,teta,8,-0.24665117119629465,ref,PF,1
18,v,9,1.0579693853685597,ref,PF,1
19,teta,9,-0.24990124998809485,ref,PF,1
20,v,10,1.0657664556014104,ref,PF,1
21,teta,10,-0.24589129275592345,ref,PF,1
22,v,11,1.0660242986311061,ref,PF,1
23,teta,11,-0.2513313221694143,ref,PF,1
24,v,12,1.0606630162952175,ref,PF,1
25,teta,12,-0.2528493380169825,ref,PF,1
26,v,13,1.0435982034196392,ref,PF,1
27,teta,13,-0.26653025168017486,ref,PF,1
28,v,14,1.0292079986893634,ref,PF,1
29,teta,14,0.002811551140025269,ref,PF,1
30,v,15,1.0814048320643572,ref,PF,1
31,teta,15,-0.23597893848341286,ref,PF,1
0,v,0,1.06,ref,PF,2
1,teta,0,0.0,ref,PF,2
2,v,1,1.045,ref,PF,2
3,teta,1,-0.08908540942641598,ref,PF,2
4,v,2,1.0201,ref,PF,2
5,teta,2,-0.17702841527275592,ref,PF,2
6,v,3,1.022449597061381,ref,PF,2
7,teta,3,-0.16707983644742103,ref,PF,2
8,v,4,1.0239344001370008,ref,PF,2
9,teta,4,-0.1447820298154052,ref,PF,2
10,v,5,1.0807,ref,PF,2
11,teta,5,-0.2380328569544018,ref,PF,2
12,v,6,1.065524897388443,ref,PF,2
13,teta,6,-0.22000114072301255,ref,PF,2
14,v,7,1.09,ref,PF,2
15,teta,7,-0.22000114072301255,ref,PF,2
16,v,8,1.0619690024316883,ref,PF,2
17,teta,8,-0.24739857802124565,ref,PF,2
18,v,9,1.0579157439933766,ref,PF,2
19,teta,9,-0.2506089569144475,ref,PF,2
20,v,10,1.0657361382369304,ref,PF,2
21,teta,10,-0.24650719329591925,ref,PF,2
22,v,11,1.0665575310378979,ref,PF,2
23,teta,11,-0.25124296696350273,ref,PF,2
24,v,12,1.0607540984986228,ref,PF,2
25,teta,12,-0.25318858546238304,ref,PF,2
26,v,13,1.0436020139791171,ref,PF,2
27,teta,13,-0.26709963292823435,ref,PF,2
28,v,14,1.02954453422618,ref,PF,2
29,teta,14,0.0016958941263092,ref,PF,2
30,v,15,1.0819307124428277,ref,PF,2
31,teta,15,-0.2359057183975696,ref,PF,2
0,v,0,1.06,ref,PF,3
1,teta,0,0.0,ref,PF,3
2,v,1,1.045,ref,PF,3
3,teta,1,-0.08848950562314178,ref,PF,3
4,v,2,1.0201,ref,PF,3
5,teta,2,-0.1753966791218106,ref,PF,3
6,v,3,1.0226365834879598,ref,PF,3
7,teta,3,-0.16550989599022092,ref,PF,3
8,v,4,1.0241065067626685,ref,PF,3
9,teta,4,-0.14351478685358746,ref,PF,3
10,v,5,1.0807,ref,PF,3
11,teta,5,-0.23662119561101483,ref,PF,3
12,v,6,1.0656147347121898,ref,PF,3
13,teta,6,-0.21846734118356512,ref,PF,3
14,v,7,1.09,ref,PF,3
15,teta,7,-0.21846734118356512,ref,PF,3
16,v,8,1.062063473585446,ref,PF,3
17,teta,8,-0.24588605128720362,ref,PF,3
18,v,9,1.0579954418650255,ref,PF,3
19,teta,9,-0.24911438777772352,ref,PF,3
20,v,10,1.0657783805378904,ref,PF,3
21,teta,10,-0.24505424328944406,ref,PF,3
22,v,11,1.066569875690107,ref,PF,3
23,teta,11,-0.2497276938252007,ref,PF,3
24,v,12,1.060763468310592,ref,PF,3
25,teta,12,-0.2517357513463801,ref,PF,3
26,v,13,1.0436606459869184,ref,PF,3
27,teta,13,-0.265611391623306,ref,PF,3
28,v,14,1.0289833987064245,ref,PF,3
29,teta,14,0.0035524943974151904,ref,PF,3
30,v,15,1.0819428869724634,ref,PF,3
31,teta,15,-0.23439079538245586,ref,PF,3
0,v,0,1.06,ref,PF,4
1,teta,0,0.0,ref,PF,4
2,v,1,1.045,ref,PF,4
3,teta,1,-0.08847604156194014,ref,PF,4
4,v,2,1.0201,ref,PF,4
5,teta,2,-0.17530434330348732,ref,PF,4
6,v,3,1.0226386865606203,ref,PF,4
7,teta,3,-0.16541745348630263,ref,PF,4
8,v,4,1.024083630093652,ref,PF,4
9,teta,4,-0.1435350109375984,ref,PF,4
10,v,5,1.0807,ref,PF,4
11,teta,5,-0.23683244908498619,ref,PF,4
12,v,6,1.0656282078410706,ref,PF,4
13,teta,6,-0.21847411641027614,ref,PF,4
14,v,7,1.09,ref,PF,4
15,teta,7,-0.21847411641027614,ref,PF,4
16,v,8,1.0620956962578023,ref,PF,4
17,teta,8,-0.2459433841036255,ref,PF,4
18,v,9,1.0580239645512757,ref,PF,4
19,teta,9,-0.24919882461470746,ref,PF,4
20,v,10,1.0657949091003645,ref,PF,4
21,teta,10,-0.2452013477097228,ref,PF,4
22,v,11,1.0663896175982464,ref,PF,4
23,teta,11,-0.25059229676632655,ref,PF,4
24,v,12,1.0607715168373566,ref,PF,4
25,teta,12,-0.25212440820893056,ref,PF,4
26,v,13,1.0436837068061546,ref,PF,4
27,teta,13,-0.26581213287190036,ref,PF,4
28,v,14,1.0289397367037683,ref,PF,4
29,teta,14,0.0036623312627811584,ref,PF,4
30,v,15,1.0817651133961184,ref,PF,4
31,teta,15,-0.23525028459708977,ref,PF,4
0,v,0,1.06,ref,PF,5
1,teta,0,0.0,ref,PF,5
2,v,1,1.045,ref,PF,5
3,teta,1,-0.08890249608759075,ref,PF,5
4,v,2,1.0201,ref,PF,5
5,teta,2,-0.17652986112344865,ref,PF,5
6,v,3,1.022550945657659,ref,PF,5
7,teta,3,-0.1666176812106886,ref,PF,5
8,v,4,1.0240304309460428,ref,PF,5
9,teta,4,-0.1443952480253146,ref,PF,5
10,v,5,1.0807,ref,PF,5
11,teta,5,-0.23754041230960046,ref,PF,5
12,v,6,1.0655753684127944,ref,PF,5
13,teta,6,-0.21952520295695754,ref,PF,5
14,v,7,1.09,ref,PF,5
15,teta,7,-0.21952520295695757,ref,PF,5
16,v,8,1.062022556645528,ref,PF,5
17,teta,8,-0.2469168439098327,ref,PF,5
18,v,9,1.0579601610804235,ref,PF,5
19,teta,9,-0.2501254853601738,ref,PF,5
20,v,10,1.0657588772673496,ref,PF,5
21,teta,10,-0.24601978074797212,ref,PF,5
22,v,11,1.0668221141522638,ref,PF,5
23,teta,11,-0.2507270781271019,ref,PF,5
24,v,12,1.060834530341376,ref,PF,5
25,teta,12,-0.252672043256468,ref,PF,5
26,v,13,1.0436683181944995,ref,PF,5
27,teta,13,-0.2666005435360244,ref,PF,5
28,v,14,1.029375925611492,ref,PF,5
29,teta,14,0.0022620039917108483,ref,PF,5
30,v,15,1.0821916501230284,ref,PF,5
31,teta,15,-0.2353973311429748,ref,PF,5
0,v,0,1.06,ref,PF,6
1,teta,0,0.0,ref,PF,6
2,v,1,1.045,ref,PF,6
3,teta,1,-0.08975843389454834,ref,PF,6
4,v,2,1.0201,ref,PF,6
5,teta,2,-0.1789568424842235,ref,PF,6
6,v,3,1.022197835652265,ref,PF,6
7,teta,3,-0.16892260783143917,ref,PF,6
8,v,4,1.023757564307118,ref,PF,6
9,teta,4,-0.14613909293023555,ref,PF,6
10,v,5,1.0807,ref,PF,6
11,teta,5,-0.23979141527863024,ref,PF,6
12,v,6,1.0654054541597062,ref,PF,6
13,teta,6,-0.2218456206207551,ref,PF,6
14,v,7,1.09,ref,PF,6
15,teta,7,-0.2218456206207551,ref,PF,6
16,v,8,1.0618472859571813,ref,PF,6
17,teta,8,-0.24924033434224382,ref,PF,6
18,v,9,1.0578135851441,ref,PF,6
19,teta,9,-0.25243578198071387,ref,PF,6
20,v,10,1.0656825429059091,ref,PF,6
21,teta,10,-0.24829935779198725,ref,PF,6
22,v,11,1.066214369788914,ref,PF,6
23,teta,11,-0.2535408189850687,ref,PF,6
24,v,12,1.0606819975606365,ref,PF,6
25,teta,12,-0.2551319429405849,ref,PF,6
26,v,13,1.043500417551759,ref,PF,6
27,teta,13,-0.2689887381619574,ref,PF,6
28,v,14,1.0301953451726527,ref,PF,6
29,teta,14,-0.0004932031025717341,ref,PF,6
30,v,15,1.0815922817973864,ref,PF,6
31,teta,15,-0.23819383278360232,ref,PF,6
0,v,0,1.06,ref,PF,7
1,teta,0,0.0,ref,PF,7
2,v,1,1.045,ref,PF,7
3,teta,1,-0.089374328132505,ref,PF,7
4,v,2,1.0201,ref,PF,7
5,teta,2,-0.17787064052892976,ref,PF,7
6,v,3,1.02225377632098,ref,PF,7
7,teta,3,-0.16785093579839958,ref,PF,7
8,v,4,1.0238006539407836,ref,PF,7
9,teta,4,-0.1453485539746781,ref,PF,7
10,v,5,1.0807,ref,PF,7
11,teta,5,-0.2390426495664924,ref,PF,7
12,v,6,1.0654381782657143,ref,PF,7
13,teta,6,-0.2208675711140794,ref,PF,7
14,v,7,1.09,ref,PF,7
15,teta,7,-0.22086757111407943,ref,PF,7
16,v,8,1.0618917763027702,ref,PF,7
17,teta,8,-0.24831106582998103,ref,PF,7
18,v,9,1.0578526127540262,ref,PF,7
19,teta,9,-0.2515383219767337,ref,PF,7
20,v,10,1.0657048035771137,ref,PF,7
21,teta,10,-0.2474754430757902,ref,PF,7
22,v,11,1.0659401691738606,ref,PF,7
23,teta,11,-0.25302732501651254,ref,PF,7
24,v,12,1.060631716701942,ref,PF,7
25,teta,12,-0.25444745968169535,ref,PF,7
26,v,13,1.0435044402419593,ref,PF,7
27,teta,13,-0.2681660451088874,ref,PF,7
28,v,14,1.0298352099029215,ref,PF,7
29,teta,14,0.0007372270152908349,ref,PF,7
30,v,15,1.081321863183182,ref,PF,7
31,teta,15,-0.23767255138599194,ref,PF,7
0,v,0,1.06,ref,PF,8
1,teta,0,0.0,ref,PF,8
2,v,1,1.045,ref,PF,8
3,teta,1,-0.08923444709372619,ref,PF,8
4,v,2,1.0201,ref,PF,8
5,teta,2,-0.17745142552869442,ref,PF,8
6,v,3,1.022420948101999,ref,PF,8
7,teta,3,-0.16749460368945873,ref,PF,8
8,v,4,1.0239091038903634,ref,PF,8
9,teta,4,-0.14508597069479479,ref,PF,8
10,v,5,1.0807,ref,PF,8
11,teta,5,-0.23854622760130276,ref,PF,8
12,v,6,1.0655177368858288,ref,PF,8
13,teta,6,-0.2204585022244686,ref,PF,8
14,v,7,1.09,ref,PF,8
15,teta,7,-0.2204585022244686,ref,PF,8
16,v,8,1.061970849569984,ref,PF,8
17,teta,8,-0.24787715935270538,ref,PF,8
18,v,9,1.0579176709406597,ref,PF,8
19,teta,9,-0.25109365048110127,ref,PF,8
20,v,10,1.0657375480573652,ref,PF,8
21,teta,10,-0.24700601069636482,ref,PF,8
22,v,11,1.0664376285469357,ref,PF,8
23,teta,11,-0.25228428227748395,ref,PF,8
24,v,12,1.0607631253268737,ref,PF,8
25,teta,12,-0.253854119545371,ref,PF,8
26,v,13,1.0436076299957977,ref,PF,8
27,teta,13,-0.2676593239136955,ref,PF,8
28,v,14,1.0296892334447512,ref,PF,8
29,teta,14,0.0012149152935356804,ref,PF,8
30,v,15,1.0818124625283985,ref,PF,8
31,teta,15,-0.2369436323755563,ref,PF,8
0,v,0,1.06,ref,PF,9
1,teta,0,0.0,ref,PF,9
2,v,1,1.045,ref,PF,9
3,teta,1,-0.08976230882580066,ref,PF,9
4,v,2,1.0201,ref,PF,9
5,teta,2,-0.17898299443215387,ref,PF,9
6,v,3,1.0221012413891788,ref,PF,9
7,teta,3,-0.16891086898473875,ref,PF,9
8,v,4,1.0237177385641518,ref,PF,9
9,teta,4,-0.1461364680130335,ref,PF,9
10,v,5,1.0807,ref,PF,9
11,teta,5,-0.23943960738144135,ref,PF,9
12,v,6,1.0653557773712528,ref,PF,9
13,teta,6,-0.2217145703822317,ref,PF,9
14,v,7,1.09,ref,PF,9
15,teta,7,-0.2217145703822317,ref,PF,9
16,v,8,1.0617870251090151,ref,PF,9
17,teta,8,-0.24904653462395474,ref,PF,9
18,v,9,1.057761690829861,ref,PF,9
19,teta,9,-0.2522140787301564,ref,PF,9
20,v,10,1.0656539233402398,ref,PF,9
21,teta,10,-0.2480131122051722,ref,PF,9
22,v,11,1.066850045353352,ref,PF,9
23,teta,11,-0.25244503701155935,ref,PF,9
24,v,12,1.0607930102586953,ref,PF,9
25,teta,12,-0.25454410122765353,ref,PF,9
26,v,13,1.0435137571477384,ref,PF,9
27,teta,13,-0.26862266475802443,ref,PF,9
28,v,14,1.0302066163208636,ref,PF,9
29,teta,14,-0.0005238682694573922,ref,PF,9
30,v,15,1.0822191965857553,ref,PF,9
31,teta,15,-0.2371160816258146,ref,PF,9
0,v,0,1.06,ref,PF,10
1,teta,0,0.0,ref,PF,10
2,v,1,1.045,ref,PF,10
3,teta,1,-0.08862944456953506,ref,PF,10
4,v,2,1.0201,ref,PF,10
5,teta,2,-0.17579947270620636,ref,PF,10
6,v,3,1.0226499577101378,ref,PF,10
7,teta,3,-0.16592105545096272,ref,PF,10
8,v,4,1.0241218723339511,ref,PF,10
9,teta,4,-0.14379856542349162,ref,PF,10
10,v,5,1.0807,ref,PF,10
11,teta,5,-0.23683764091284043,ref,PF,10
12,v,6,1.0656228851352112,ref,PF,10
13,teta,6,-0.21882094927298,ref,PF,10
14,v,7,1.09,ref,PF,10
15,teta,7,-0.21882094927297996,ref,PF,10
16,v,8,1.0620712840603055,ref,PF,10
17,teta,8,-0.24621003934248661,ref,PF,10
18,v,9,1.0580007297017713,ref,PF,10
19,teta,9,-0.24941951870451845,ref,PF,10
20,v,10,1.065779812060946,ref,PF,10
21,teta,10,-0.2453158165140666,ref,PF,10
22,v,11,1.0669861879954168,ref,PF,10
23,teta,11,-0.24993555796365013,ref,PF,10
24,v,12,1.060880659008574,ref,PF,10
25,teta,12,-0.2519324418849759,ref,PF,10
26,v,13,1.0437166598939618,ref,PF,10
27,teta,13,-0.2658779172147686,ref,PF,10
28,v,14,1.0291279407362963,ref,PF,10
29,teta,14,0.0030917684934890837,ref,PF,10
30,v,15,1.0823534642002053,ref,PF,10
31,teta,15,-0.23461046012365025,ref,PF,10
0,v,0,1.06,ref,PF,11
1,teta,0,0.0,ref,PF,11
2,v,1,1.045,ref,PF,11
3,teta,1,-0.0896816874459753,ref,PF,11
4,v,2,1.0201,ref,PF,11
5,teta,2,-0.1787329425115737,ref,PF,11
6,v,3,1.0222267351323553,ref,PF,11
7,teta,3,-0.16870855286669653,ref,PF,11
8,v,4,1.0237879894872646,ref,PF,11
9,teta,4,-0.14599094591679335,ref,PF,11
10,v,5,1.0807,ref,PF,11
11,teta,5,-0.23948133396904422,ref,PF,11
12,v,6,1.0654180732395375,ref,PF,11
13,teta,6,-0.22159415833620216,ref,PF,11
14,v,7,1.09,ref,PF,11
15,teta,7,-0.2215941583362022,ref,PF,11
16,v,8,1.061857269747454,ref,PF,11
17,teta,8,-0.24897003869666448,ref,PF,11
18,v,9,1.0578214403329538,ref,PF,11
19,teta,9,-0.25215852805223327,ref,PF,11
20,v,10,1.0656861084786375,ref,PF,11
21,teta,10,-0.24800604223153086,ref,PF,11
22,v,11,1.0664743310419034,ref,PF,11
23,teta,11,-0.25295240461862734,ref,PF,11
24,v,12,1.0607344627148114,ref,PF,11
25,teta,12,-0.2547299445383191,ref,PF,11
26,v,13,1.0435290007721254,ref,PF,11
27,teta,13,-0.2686601237111945,ref,PF,11
28,v,14,1.030120654120697,ref,PF,11
29,teta,14,-0.0002393941135225515,ref,PF,11
30,v,15,1.0818486591281078,ref,PF,11
31,teta,15,-0.2376127959950062,ref,PF,11
0,v,0,1.06,ref,PF,12
1,teta,0,0.0,ref,PF,12
2,v,1,1.045,ref,PF,12
3,teta,1,-0.08928205509439595,ref,PF,12
4,v,2,1.0201,ref,PF,12
5,teta,2,-0.17761157528793706,ref,PF,12
6,v,3,1.0223444991592645,ref,PF,12
7,teta,3,-0.1676258371467092,ref,PF,12
8,v,4,1.0238702270165232,ref,PF,12
9,teta,4,-0.1451603402392718,ref,PF,12
10,v,5,1.0807,ref,PF,12
11,teta,5,-0.23868274770968181,ref,PF,12
12,v,6,1.0654790131601453,ref,PF,12
13,teta,6,-0.22059416630189085,ref,PF,12
14,v,7,1.09,ref,PF,12
15,teta,7,-0.22059416630189088,ref,PF,12
16,v,8,1.0619287865554972,ref,PF,12
17,teta,8,-0.2480141510173422,ref,PF,12
18,v,9,1.0578826846422298,ref,PF,12
19,teta,9,-0.2512304474588421,ref,PF,12
20,v,10,1.0657195300398952,ref,PF,12
21,teta,10,-0.24714230004888127,ref,PF,12
22,v,11,1.0662541787288786,ref,PF,12
23,teta,11,-0.2523965413542666,ref,PF,12
24,v,12,1.0607033112593685,ref,PF,12
25,teta,12,-0.25399691753746845,ref,PF,12
26,v,13,1.0435569755951533,ref,PF,12
27,teta,13,-0.2678005262112238,ref,PF,12
28,v,14,1.0297482337985522,ref,PF,12
29,teta,14,0.0010311311255631734,ref,PF,12
30,v,15,1.081631541810684,ref,PF,12
31,teta,15,-0.23705068525538073,ref,PF,12
0,v,0,1.06,ref,PF,13
1,teta,0,0.0,ref,PF,13
2,v,1,1.045,ref,PF,13
3,teta,1,-0.08944175162120152,ref,PF,13
4,v,2,1.0201,ref,PF,13
5,teta,2,-0.17805863514953826,ref,PF,13
6,v,3,1.0223554225906681,ref,PF,13
7,teta,3,-0.16808035269203603,ref,PF,13
8,v,4,1.0238795482511487,ref,PF,13
9,teta,4,-0.14549535030235894,ref,PF,13
10,v,5,1.0807,ref,PF,13
11,teta,5,-0.23887212110119127,ref,PF,13
12,v,6,1.065479913817508,ref,PF,13
13,teta,6,-0.22096497985607175,ref,PF,13
14,v,7,1.09,ref,PF,13
15,teta,7,-0.22096497985607177,ref,PF,13
16,v,8,1.061921172731689,ref,PF,13
17,teta,8,-0.24834215329763729,ref,PF,13
18,v,9,1.0578747943276225,ref,PF,13
19,teta,9,-0.25153409211597494,ref,PF,13
20,v,10,1.065713801855983,ref,PF,13
21,teta,10,-0.24738966127407244,ref,PF,13
22,v,11,1.0666310556913567,ref,PF,13
23,teta,11,-0.25226341924279577,ref,PF,13
24,v,12,1.0607814686078665,ref,PF,13
25,teta,12,-0.254085338635196,ref,PF,13
26,v,13,1.043586502896607,ref,PF,13
27,teta,13,-0.26802314876884414,ref,PF,13
28,v,14,1.0298977399793474,ref,PF,13
29,teta,14,0.0005241870849391027,ref,PF,13
30,v,15,1.0820032239018822,ref,PF,13
31,teta,15,-0.23692825583159827,ref,PF,13
0,v,0,1.06,ref,PF,14
1,teta,0,0.0,ref,PF,14
2,v,1,1.045,ref,PF,14
3,teta,1,-0.0895163564435956,ref,PF,14
4,v,2,1.0201,ref,PF,14
5,teta,2,-0.1782959388397392,ref,PF,14
6,v,3,1.0222489231388576,ref,PF,14
7,teta,3,-0.16827739513396778,ref,PF,14
8,v,4,1.0238075211956434,ref,PF,14
9,teta,4,-0.1456206996119368,ref,PF,14
10,v,5,1.0807,ref,PF,14
11,teta,5,-0.2391967106391348,ref,PF,14
12,v,6,1.0654335338196181,ref,PF,14
13,teta,6,-0.22121052989890647,ref,PF,14
14,v,7,1.09,ref,PF,14
15,teta,7,-0.22121052989890647,ref,PF,14
16,v,8,1.0618807064849436,ref,PF,14
17,teta,8,-0.248610986631547,ref,PF,14
18,v,9,1.0578417683870616,ref,PF,14
19,teta,9,-0.25181260575114106,ref,PF,14
20,v,10,1.0656974692474028,ref,PF,14
21,teta,10,-0.24769048426623758,ref,PF,14
22,v,11,1.0663630264854205,ref,PF,14
23,teta,11,-0.2529577920903109,ref,PF,14
24,v,12,1.0607303890409028,ref,PF,14
25,teta,12,-0.2545257194809064,ref,PF,14
26,v,13,1.0435411306396922,ref,PF,14
27,teta,13,-0.26836809113155924,ref,PF,14
28,v,14,1.0299816651302955,ref,PF,14
29,teta,14,0.0002532706888391235,ref,PF,14
30,v,15,1.0817388888577093,ref,PF,14
31,teta,15,-0.23761502534448048,ref,PF,14
0,v,0,1.06,ref,PF,15
1,teta,0,0.0,ref,PF,15
2,v,1,1.045,ref,PF,15
3,teta,1,-0.08934338492197433,ref,PF,15
4,v,2,1.0201,ref,PF,15
5,teta,2,-0.17772778902155928,ref,PF,15
6,v,3,1.022359059272787,ref,PF,15
7,teta,3,-0.16774839980617565,ref,PF,15
8,v,4,1.0238513437869436,ref,PF,15
9,teta,4,-0.1453370440550012,ref,PF,15
10,v,5,1.0807,ref,PF,15
11,teta,5,-0.2388438572444185,ref,PF,15
12,v,6,1.0654880487743925,ref,PF,15
13,teta,6,-0.2207266905457783,ref,PF,15
14,v,7,1.09,ref,PF,15
15,teta,7,-0.2207266905457783,ref,PF,15
16,v,8,1.0619408445358578,ref,PF,15
17,teta,8,-0.24815190771501058,ref,PF,15
18,v,9,1.0578929746903367,ref,PF,15
19,teta,9,-0.2513723359590297,ref,PF,15
20,v,10,1.0657251080662355,ref,PF,15
21,teta,10,-0.24729375080329855,ref,PF,15
22,v,11,1.0662941693401229,ref,PF,15
23,teta,11,-0.25259248428733433,ref,PF,15
24,v,12,1.060719534074001,ref,PF,15
25,teta,12,-0.2541621032258305,ref,PF,15
26,v,13,1.0435711729401835,ref,PF,15
27,teta,13,-0.26794974204642125,ref,PF,15
28,v,14,1.0297769149090241,ref,PF,15
29,teta,14,0.0009034287034361569,ref,PF,15
30,v,15,1.081670981028745,ref,PF,15
31,teta,15,-0.2372477633231811,ref,PF,15
0,v,0,1.06,ref,PF,16
1,teta,0,0.0,ref,PF,16
2,v,1,1.045,ref,PF,16
3,teta,1,-0.08984931045683581,ref,PF,16
4,v,2,1.0201,ref,PF,16
5,teta,2,-0.1791994272493499,ref,PF,16
6,v,3,1.022119849749674,ref,PF,16
7,teta,3,-0.16913600888258773,ref,PF,16
8,v,4,1.0237009548810239,ref,PF,16
9,teta,4,-0.14633847790335003,ref,PF,16
10,v,5,1.0807,ref,PF,16
11,teta,5,-0.23990967677997652,ref,PF,16
12,v,6,1.0653680560092176,ref,PF,16
13,teta,6,-0.22202629239176172,ref,PF,16
14,v,7,1.09,ref,PF,16
15,teta,7,-0.2220262923917617,ref,PF,16
16,v,8,1.061807257963784,ref,PF,16
17,teta,8,-0.24940301895012185,ref,PF,16
18,v,9,1.0577797966430087,ref,PF,16
19,teta,9,-0.2525905599857621,ref,PF,16
20,v,10,1.065664612878074,ref,PF,16
21,teta,10,-0.24843581628084477,ref,PF,16
22,v,11,1.0663795479382374,ref,PF,16
23,teta,11,-0.25345778657363355,ref,PF,16
24,v,12,1.0607069956634763,ref,PF,16
25,teta,12,-0.2551867996372888,ref,PF,16
26,v,13,1.0434881590638312,ref,PF,16
27,teta,13,-0.2691047514652232,ref,PF,16
28,v,14,1.0302719160383655,ref,PF,16
29,teta,14,-0.0007664477278939249,ref,PF,16
30,v,15,1.0817551825504015,ref,PF,16
31,teta,15,-0.23811548866394103,ref,PF,16
0,v,0,1.06,ref,PF,17
1,teta,0,0.0,ref,PF,17
2,v,1,1.045,ref,PF,17
3,teta,1,-0.08964264661211797,ref,PF,17
4,v,2,1.0201,ref,PF,17
5,teta,2,-0.17861394070564254,ref,PF,17
6,v,3,1.0222192316465364,ref,PF,17
7,teta,3,-0.16858573733268065,ref,PF,17
8,v,4,1.0237892643822701,ref,PF,17
9,teta,4,-0.14592042095090751,ref,PF,17
10,v,5,1.0807,ref,PF,17
11,teta,5,-0.23925642709912967,ref,PF,17
12,v,6,1.065410973478793,ref,PF,17
13,teta,6,-0.22143181827798014,ref,PF,17
14,v,7,1.09,ref,PF,17
15,teta,7,-0.22143181827798014,ref,PF,17
16,v,8,1.0618442881596242,ref,PF,17
17,teta,8,-0.24878738665399266,ref,PF,17
18,v,9,1.0578101686864805,ref,PF,17
19,teta,9,-0.25196842263498703,ref,PF,17
20,v,10,1.0656797967930067,ref,PF,17
21,teta,10,-0.24779870058489134,ref,PF,17
22,v,11,1.0666356637019365,ref,PF,17
23,teta,11,-0.25235903905589785,ref,PF,17
24,v,12,1.060748463833238,ref,PF,17
25,teta,12,-0.25439519754244855,ref,PF,17
26,v,13,1.0435272797586317,ref,PF,17
27,teta,13,-0.26841130295254056,ref,PF,17
28,v,14,1.0300798939157962,ref,PF,17
29,teta,14,-0.00010406966468041666,ref,PF,17
30,v,15,1.0820077684168734,ref,PF,17
31,teta,15,-0.23702400631350423,ref,PF,17
0,v,0,1.06,ref,PF,18
1,teta,0,0.0,ref,PF,18
2,v,1,1.045,ref,PF,18
3,teta,1,-0.08898328922280899,ref,PF,18
4,v,2,1.0201,ref,PF,18
5,teta,2,-0.17675984360567135,ref,PF,18
6,v,3,1.0224344902377542,ref,PF,18
7,teta,3,-0.16680342679374718,ref,PF,18
8,v,4,1.0239354537805714,ref,PF,18
9,teta,4,-0.14455355990912427,ref,PF,18
10,v,5,1.0807,ref,PF,18
11,teta,5,-0.23777070397150518,ref,PF,18
12,v,6,1.0655186769912515,ref,PF,18
13,teta,6,-0.2197264316991925,ref,PF,18
14,v,7,1.09,ref,PF,18
15,teta,7,-0.21972643169919248,ref,PF,18
16,v,8,1.0619638046859339,ref,PF,18
17,teta,8,-0.24712447803080811,ref,PF,18
18,v,9,1.0579115556039491,ref,PF,18
19,teta,9,-0.25033694039553284,ref,PF,18
20,v,10,1.065734125370761,ref,PF,18
21,teta,10,-0.24623998317210088,ref,PF,18
22,v,11,1.0665920220585676,ref,PF,18
23,teta,11,-0.25093481187164607,ref,PF,18
24,v,12,1.0607598058661192,ref,PF,18
25,teta,12,-0.25290951661500105,ref,PF,18
26,v,13,1.0436015392572788,ref,PF,18
27,teta,13,-0.2668233586972506,ref,PF,18
28,v,14,1.0294558753106997,ref,PF,18
29,teta,14,0.0019999872275350233,ref,PF,18
30,v,15,1.0819647281494031,ref,PF,18
31,teta,15,-0.23559854152171616,ref,PF,18
0,v,0,1.06,ref,PF,19
1,teta,0,0.0,ref,PF,19
2,v,1,1.045,ref,PF,19
3,teta,1,-0.08951378946709795,ref,PF,19
4,v,2,1.0201,ref,PF,19
5,teta,2,-0.17827867201714906,ref,PF,19
6,v,3,1.0222295001100226,ref,PF,19
7,teta,3,-0.16825230475936725,ref,PF,19
8,v,4,1.0237993605460114,ref,PF,19
9,teta,4,-0.14562627337623638,ref,PF,19
10,v,5,1.0807,ref,PF,19
11,teta,5,-0.23945880340670392,ref,PF,19
12,v,6,1.0654255910597872,ref,PF,19
13,teta,6,-0.221282148190715,ref,PF,19
14,v,7,1.09,ref,PF,19
15,teta,7,-0.221282148190715,ref,PF,19
16,v,8,1.061878316222582,ref,PF,19
17,teta,8,-0.24873217123832694,ref,PF,19
18,v,9,1.0578413633319028,ref,PF,19
19,teta,9,-0.2519585223721386,ref,PF,19
20,v,10,1.0656989525289045,ref,PF,19
21,teta,10,-0.24789353399971795,ref,PF,19
22,v,11,1.0657458787523493,ref,PF,19
23,teta,11,-0.2536408586650229,ref,PF,19
24,v,12,1.0605901844519006,ref,PF,19
25,teta,12,-0.2549334841046616,ref,PF,19
26,v,13,1.043478495625785,ref,PF,19
27,teta,13,-0.26861629537519416,ref,PF,19
28,v,14,1.0299741037710797,ref,PF,19
29,teta,14,0.0002735658024293693,ref,PF,19
30,v,15,1.0811302536756104,ref,PF,19
31,teta,15,-0.23828056351992855,ref,PF,19
0,v,0,1.06,ref,PF,20
1,teta,0,0.0,ref,PF,20
2,v,1,1.045,ref,PF,20
3,teta,1,-0.0891492805971386,ref,PF,20
4,v,2,1.0201,ref,PF,20
5,teta,2,-0.17721830216974932,ref,PF,20
6,v,3,1.022429038831502,ref,PF,20
7,teta,3,-0.16726302554578146,ref,PF,20
8,v,4,1.0239311718023085,ref,PF,20
9,teta,4,-0.14490693091460324,ref,PF,20
10,v,5,1.0807,ref,PF,20
11,teta,5,-0.23829511014901603,ref,PF,20
12,v,6,1.0655158090729464,ref,PF,20
13,teta,6,-0.2202155144489255,ref,PF,20
14,v,7,1.09,ref,PF,20
15,teta,7,-0.2202155144489255,ref,PF,20
16,v,8,1.0619618634945052,ref,PF,20
17,teta,8,-0.2476287180167169,ref,PF,20
18,v,9,1.0579101677670146,ref,PF,20
19,teta,9,-0.25084471543938175,ref,PF,20
20,v,10,1.0657336529944201,ref,PF,20
21,teta,10,-0.24675592268094512,ref,PF,20
22,v,11,1.0663315275368737,ref,PF,20
23,teta,11,-0.25174048160544343,ref,PF,20
24,v,12,1.0607081190732777,ref,PF,20
25,teta,12,-0.2535292037055453,ref,PF,20
26,v,13,1.043577874773641,ref,PF,20
27,teta,13,-0.26737870434784405,ref,PF,20
28,v,14,1.0296112787098068,ref,PF,20
29,teta,14,0.0014792675784080706,ref,PF,20
30,v,15,1.0817078241631126,ref,PF,20
31,teta,15,-0.23639682094156675,ref,PF,20
0,v,0,1.06,ref,PF,21
1,teta,0,0.0,ref,PF,21
2,v,1,1.045,ref,PF,21
3,teta,1,-0.08952308275906073,ref,PF,21
4,v,2,1.0201,ref,PF,21
5,teta,2,-0.17834445316842468,ref,PF,21
6,v,3,1.0222136233937271,ref,PF,21
7,teta,3,-0.1683124289657648,ref,PF,21
8,v,4,1.0238015593449858,ref,PF,21
9,teta,4,-0.14560898168780148,ref,PF,21
10,v,5,1.0807,ref,PF,21
11,teta,5,-0.23912559375991496,ref,PF,21
12,v,6,1.0654094215586698,ref,PF,21
13,teta,6,-0.22121040385179916,ref,PF,21
14,v,7,1.09,ref,PF,21
15,teta,7,-0.22121040385179916,ref,PF,21
16,v,8,1.0618462459277698,ref,PF,21
17,teta,8,-0.24859261581730713,ref,PF,21
18,v,9,1.0578125165563124,ref,PF,21
19,teta,9,-0.25178488237701785,ref,PF,21
20,v,10,1.0656817750282357,ref,PF,21
21,teta,10,-0.2476411078641293,ref,PF,21
22,v,11,1.0662987546439087,ref,PF,21
23,teta,11,-0.2525532607516801,ref,PF,21
24,v,12,1.060679809383405,ref,PF,21
25,teta,12,-0.2543721947573591,ref,PF,21
26,v,13,1.043498515916923,ref,PF,21
27,teta,13,-0.26829235874478347,ref,PF,21
28,v,14,1.0300031371948084,ref,PF,21
29,teta,14,0.00019615699551082876,ref,PF,21
30,v,15,1.0816755031125267,ref,PF,21
31,teta,15,-0.2372086699335062,ref,PF,21
0,v,0,1.06,ref,PF,22
1,teta,0,0.0,ref,PF,22
2,v,1,1.045,ref,PF,22
3,teta,1,-0.08963831453898416,ref,PF,22
4,v,2,1.0201,ref,PF,22
5,teta,2,-0.17858714440246834,ref,PF,22
6,v,3,1.0222310028942427,ref,PF,22
7,teta,3,-0.16856334635567422,ref,PF,22
8,v,4,1.0237863852301659,ref,PF,22
9,teta,4,-0.14592345630151357,ref,PF,22
10,v,5,1.0807,ref,PF,22
11,teta,5,-0.23964422093320534,ref,PF,22
12,v,6,1.0654226352701581,ref,PF,22
13,teta,6,-0.22155008199972484,ref,PF,22
14,v,7,1.09,ref,PF,22
15,teta,7,-0.22155008199972484,ref,PF,22
16,v,8,1.0618692514275625,ref,PF,22
17,teta,8,-0.24897808084541176,ref,PF,22
18,v,9,1.0578331456351122,ref,PF,22
19,teta,9,-0.2521937876090922,ref,PF,22
20,v,10,1.065693995869472,ref,PF,22
21,teta,10,-0.24810419601778247,ref,PF,22
22,v,11,1.0659045109625394,ref,PF,22
23,teta,11,-0.25354004604456626,ref,PF,22
24,v,12,1.0606102516781546,ref,PF,22
25,teta,12,-0.25503457840967086,ref,PF,22
26,v,13,1.0434817520608004,ref,PF,22
27,teta,13,-0.2687990441784479,ref,PF,22
28,v,14,1.0300684205712967,ref,PF,22
29,teta,14,-7.267870064600423e-05,ref,PF,22
30,v,15,1.0812866969328465,ref,PF,22
31,teta,15,-0.23818425927005496,ref,PF,22
0,v,0,1.06,ref,PF,23
1,teta,0,0.0,ref,PF,23
2,v,1,1.045,ref,PF,23
3,teta,1,-0.08936953692828155,ref,PF,23
4,v,2,1.0201,ref,PF,23
5,teta,2,-0.1778723732197533,ref,PF,23
6,v,3,1.0223043623188532,ref,PF,23
7,teta,3,-0.16787270122413445,ref,PF,23
8,v,4,1.0238595878300907,ref,PF,23
9,teta,4,-0.14533094966387525,ref,PF,23
10,v,5,1.0807,ref,PF,23
11,teta,5,-0.23879883265403648,ref,PF,23
12,v,6,1.0654554929265803,ref,PF,23
13,teta,6,-0.22080000962314014,ref,PF,23
14,v,7,1.09,ref,PF,23
15,teta,7,-0.22080000962314014,ref,PF,23
16,v,8,1.0618979323162652,ref,PF,23
17,teta,8,-0.24819849407800032,ref,PF,23
18,v,9,1.0578562582708377,ref,PF,23
19,teta,9,-0.25140272496314564,ref,PF,23
20,v,10,1.0657051048547588,ref,PF,23
21,teta,10,-0.24728666070351338,ref,PF,23
22,v,11,1.066320721653077,ref,PF,23
23,teta,11,-0.25227774959567056,ref,PF,23
24,v,12,1.0606981793127797,ref,PF,23
25,teta,12,-0.25405047391214064,ref,PF,23
26,v,13,1.0435365792169558,ref,PF,23
27,teta,13,-0.26792858092874555,ref,PF,23
28,v,14,1.0298386006479185,ref,PF,23
29,teta,14,0.0007341361889120576,ref,PF,23
30,v,15,1.0816971672579956,ref,PF,23
31,teta,15,-0.23693378225046577,ref,PF,23
0,v,0,1.06,ref,PF,24
1,teta,0,0.0,ref,PF,24
2,v,1,1.045,ref,PF,24
3,teta,1,-0.08899460394372509,ref,PF,24
4,v,2,1.0201,ref,PF,24
5,teta,2,-0.1767952808364129,ref,PF,24
6,v,3,1.022493006649719,ref,PF,24
7,teta,3,-0.16686221953904223,ref,PF,24
8,v,4,1.0239802997189082,ref,PF,24
9,teta,4,-0.14457622354178148,ref,PF,24
10,v,5,1.0807,ref,PF,24
11,teta,5,-0.2381089464967731,ref,PF,24
12,v,6,1.0655467119176243,ref,PF,24
13,teta,6,-0.21988452832710004,ref,PF,24
14,v,7,1.09,ref,PF,24
15,teta,7,-0.2198845283271,ref,PF,24
16,v,8,1.061997085645414,ref,PF,24
17,teta,8,-0.24733465958096607,ref,PF,24
18,v,9,1.0579406705619259,ref,PF,24
19,teta,9,-0.25056969147683855,ref,PF,24
20,v,10,1.0657506513348176,ref,PF,24
21,teta,10,-0.24652492352744718,ref,PF,24
22,v,11,1.0659325339244166,ref,PF,24
23,teta,11,-0.2518361167726508,ref,PF,24
24,v,12,1.0606233689240396,ref,PF,24
25,teta,12,-0.25343828806786356,ref,PF,24
26,v,13,1.043561180952527,ref,PF,24
27,teta,13,-0.26717384094987673,ref,PF,24
28,v,14,1.0294687592223106,ref,PF,24
29,teta,14,0.0019593878620992066,ref,PF,24
30,v,15,1.0813143332713897,ref,PF,24
31,teta,15,-0.23648112621294332,ref,PF,24
0,v,0,1.06,ref,PF,25
1,teta,0,0.0,ref,PF,25
2,v,1,1.045,ref,PF,25
3,teta,1,-0.08913609740509679,ref,PF,25
4,v,2,1.0201,ref,PF,25
5,teta,2,-0.17721487911321818,ref,PF,25
6,v,3,1.0223889989307835,ref,PF,25
7,teta,3,-0.16724391572813435,ref,PF,25
8,v,4,1.02390264496664,ref,PF,25
9,teta,4,-0.14484454417039475,ref,PF,25
10,v,5,1.0807,ref,PF,25
11,teta,5,-0.23803121359464,ref,PF,25
12,v,6,1.065494265222799,ref,PF,25
13,teta,6,-0.22011422825339452,ref,PF,25
14,v,7,1.09,ref,PF,25
15,teta,7,-0.2201142282533945,ref,PF,25
16,v,8,1.061933391610404,ref,PF,25
17,teta,8,-0.24748458048186314,ref,PF,25
18,v,9,1.0578851434548266,ref,PF,25
19,teta,9,-0.2506794777241114,ref,PF,25
20,v,10,1.0657193304488455,ref,PF,25
21,teta,10,-0.2465418981811719,ref,PF,25
22,v,11,1.0667668426769459,ref,PF,25
23,teta,11,-0.2510588135098927,ref,PF,25
24,v,12,1.060792933210749,ref,PF,25
25,teta,12,-0.25313085894740944,ref,PF,25
26,v,13,1.0435983113321396,ref,PF,25
27,teta,13,-0.2671230470943794,ref,PF,25
28,v,14,1.0296164347171817,ref,PF,25
29,teta,14,0.0014806250594988734,ref,PF,25
30,v,15,1.0821371400401893,ref,PF,25
31,teta,15,-0.2357274998964712,ref,PF,25
0,v,0,1.06,ref,PF,26
1,teta,0,0.0,ref,PF,26
2,v,1,1.045,ref,PF,26
3,teta,1,-0.08951506106644896,ref,PF,26
4,v,2,1.0201,ref,PF,26
5,teta,2,-0.17829369992853378,ref,PF,26
6,v,3,1.0221765071666513,ref,PF,26
7,teta,3,-0.16824656670161303,ref,PF,26
8,v,4,1.0237651026776653,ref,PF,26
9,teta,4,-0.14561671147333444,ref,PF,26
10,v,5,1.0807,ref,PF,26
11,teta,5,-0.23894995455430632,ref,PF,26
12,v,6,1.065393123588341,ref,PF,26
13,teta,6,-0.2211015190139825,ref,PF,26
14,v,7,1.09,ref,PF,26
15,teta,7,-0.2211015190139825,ref,PF,26
16,v,8,1.0618292130284817,ref,PF,26
17,teta,8,-0.24846092118328342,ref,PF,26
18,v,9,1.0577978568200248,ref,PF,26
19,teta,9,-0.2516454267931845,ref,PF,26
20,v,10,1.06567369885162,ref,PF,26
21,teta,10,-0.24748370014218413,ref,PF,26
22,v,11,1.06665513558529,ref,PF,26
23,teta,11,-0.2520793909270454,ref,PF,26
24,v,12,1.0607546037157936,ref,PF,26
25,teta,12,-0.2540921789777635,ref,PF,26
26,v,13,1.0435214052118873,ref,PF,26
27,teta,13,-0.26809516961142105,ref,PF,26
28,v,14,1.0299811799184653,ref,PF,26
29,teta,14,0.00025570392467735674,ref,PF,26
30,v,15,1.0820269719951556,ref,PF,26
31,teta,15,-0.2367449103281453,ref,PF,26
0,v,0,1.06,ref,PF,27
1,teta,0,0.0,ref,PF,27
2,v,1,1.045,ref,PF,27
3,teta,1,-0.08918318487252841,ref,PF,27
4,v,2,1.0201,ref,PF,27
5,teta,2,-0.17733085186112152,ref,PF,27
6,v,3,1.022389143589979,ref,PF,27
7,teta,3,-0.16736071327339413,ref,PF,27
8,v,4,1.0239064865742775,ref,PF,27
9,teta,4,-0.14495993351737663,ref,PF,27
10,v,5,1.0807,ref,PF,27
11,teta,5,-0.2386480590110892,ref,PF,27
12,v,6,1.0655052342044802,ref,PF,27
13,teta,6,-0.2204054349903628,ref,PF,27
14,v,7,1.09,ref,PF,27
15,teta,7,-0.2204054349903628,ref,PF,27
16,v,8,1.0619645955078838,ref,PF,27
17,teta,8,-0.24786521173730286,ref,PF,27
18,v,9,1.0579137466772637,ref,PF,27
19,teta,9,-0.2511016604608742,ref,PF,27
20,v,10,1.0657368924049782,ref,PF,27
21,teta,10,-0.24706012040106212,ref,PF,27
22,v,11,1.065961445917854,ref,PF,27
23,teta,11,-0.2527996511075722,ref,PF,27
24,v,12,1.0606615825758603,ref,PF,27
25,teta,12,-0.2540924867071513,ref,PF,27
26,v,13,1.0435597893480264,ref,PF,27
27,teta,13,-0.26775803241151064,ref,PF,27
28,v,14,1.029652770040477,ref,PF,27
29,teta,14,0.0013500960731815347,ref,PF,27
30,v,15,1.081342846395748,ref,PF,27
31,teta,15,-0.237445481957996,ref,PF,27
0,v,0,1.06,ref,PF,28
1,teta,0,0.0,ref,PF,28
2,v,1,1.045,ref,PF,28
3,teta,1,-0.08911536570465786,ref,PF,28
4,v,2,1.0201,ref,PF,28
5,teta,2,-0.1771735095263914,ref,PF,28
6,v,3,1.0223809265727222,ref,PF,28
7,teta,3,-0.16719913090571578,ref,PF,28
8,v,4,1.0239312493845778,ref,PF,28
9,teta,4,-0.1447931698273542,ref,PF,28
10,v,5,1.0807,ref,PF,28
11,teta,5,-0.23814159754397438,ref,PF,28
12,v,6,1.0654881630487172,ref,PF,28
13,teta,6,-0.2201228668670198,ref,PF,28
14,v,7,1.09,ref,PF,28
15,teta,7,-0.2201228668670198,ref,PF,28
16,v,8,1.0619269574636996,ref,PF,28
17,teta,8,-0.24752080655811667,ref,PF,28
18,v,9,1.0578806264349616,ref,PF,28
19,teta,9,-0.2507287054933418,ref,PF,28
20,v,10,1.0657178962941964,ref,PF,28
21,teta,10,-0.24662115496841566,ref,PF,28
22,v,11,1.0663074007710358,ref,PF,28
23,teta,11,-0.2513548027718791,ref,PF,28
24,v,12,1.0606771949186826,ref,PF,28
25,teta,12,-0.253317763174735,ref,PF,28
26,v,13,1.043543804330902,ref,PF,28
27,teta,13,-0.2672268592464457,ref,PF,28
28,v,14,1.0296055300207447,ref,PF,28
29,teta,14,0.0015263632448717474,ref,PF,28
30,v,15,1.0816840300323134,ref,PF,28
31,teta,15,-0.23601045735470624,ref,PF,28
0,v,0,1.06,ref,PF,29
1,teta,0,0.0,ref,PF,29
2,v,1,1.045,ref,PF,29
3,teta,1,-0.08936687539118121,ref,PF,29
4,v,2,1.0201,ref,PF,29
5,teta,2,-0.1778999325167248,ref,PF,29
6,v,3,1.022279109866286,ref,PF,29
7,teta,3,-0.1678906262180144,ref,PF,29
8,v,4,1.0238547654431094,ref,PF,29
9,teta,4,-0.14529299077683797,ref,PF,29
10,v,5,1.0807,ref,PF,29
11,teta,5,-0.2384274328164051,ref,PF,29
12,v,6,1.0654349230812938,ref,PF,29
13,teta,6,-0.22068586831169623,ref,PF,29
14,v,7,1.09,ref,PF,29
15,teta,7,-0.22068586831169623,ref,PF,29
16,v,8,1.0618614312831283,ref,PF,29
17,teta,8,-0.24801629797657024,ref,PF,29
18,v,9,1.0578237731094373,ref,PF,29
19,teta,9,-0.25118721386142806,ref,PF,29
20,v,10,1.0656861033578708,ref,PF,29
21,teta,10,-0.2469941348734055,ref,PF,29
22,v,11,1.066882359173813,ref,PF,29
23,teta,11,-0.25111433695074215,ref,PF,29
24,v,12,1.0607866160368935,ref,PF,29
25,teta,12,-0.25343910178113915,ref,PF,29
26,v,13,1.04355346406037,ref,PF,29
27,teta,13,-0.26755884108454975,ref,PF,29
28,v,14,1.0298542967093018,ref,PF,29
29,teta,14,0.0007002900104279642,ref,PF,29
30,v,15,1.08225106532293,ref,PF,29
31,teta,15,-0.2357862972950709,ref,PF,29
0,v,0,1.06,ref,PF,30
1,teta,0,0.0,ref,PF,30
2,v,1,1.045,ref,PF,30
3,teta,1,-0.08930201081815085,ref,PF,30
4,v,2,1.0201,ref,PF,30
5,teta,2,-0.1776634055848002,ref,PF,30
6,v,3,1.0223318265126922,ref,PF,30
7,teta,3,-0.16767301854588332,ref,PF,30
8,v,4,1.0238588148156842,ref,PF,30
9,teta,4,-0.14520511930873545,ref,PF,30
10,v,5,1.0807,ref,PF,30
11,teta,5,-0.23891041808019955,ref,PF,30
12,v,6,1.065475314177365,ref,PF,30
13,teta,6,-0.22070390906990386,ref,PF,30
14,v,7,1.09,ref,PF,30
15,teta,7,-0.22070390906990386,ref,PF,30
16,v,8,1.0619303933425042,ref,PF,30
17,teta,8,-0.24815587563050917,ref,PF,30
18,v,9,1.0578849855647778,ref,PF,30
19,teta,9,-0.25138726475923234,ref,PF,30
20,v,10,1.0657217457235688,ref,PF,30
21,teta,10,-0.24733398780726118,ref,PF,30
22,v,11,1.0659002182428055,ref,PF,30
23,teta,11,-0.25297297829302845,ref,PF,30
24,v,12,1.0606319885926592,ref,PF,30
25,teta,12,-0.2543375419552333,ref,PF,30
26,v,13,1.0435268897247951,ref,PF,30
27,teta,13,-0.26802991445868546,ref,PF,30
28,v,14,1.0297648980612604,ref,PF,30
29,teta,14,0.0009726256524343855,ref,PF,30
30,v,15,1.0812824634399891,ref,PF,30
31,teta,15,-0.23761706954427855,ref,PF,30
0,v,0,1.06,ref,PF,31
1,teta,0,0.0,ref,PF,31
2,v,1,1.045,ref,PF,31
3,teta,1,-0.09004870810273728,ref,PF,31
4,v,2,1.0201,ref,PF,31
5,teta,2,-0.17982150578874015,ref,PF,31
6,v,3,1.0220380613142162,ref,PF,31
7,teta,3,-0.16973018854861624,ref,PF,31
8,v,4,1.0236716495751896,ref,PF,31
9,teta,4,-0.14669710403604505,ref,PF,31
10,v,5,1.0807,ref,PF,31
11,teta,5,-0.24015310236264098,ref,PF,31
12,v,6,1.0653170713002593,ref,PF,31
13,teta,6,-0.22251272181155032,ref,PF,31
14,v,7,1.09,ref,PF,31
15,teta,7,-0.22251272181155032,ref,PF,31
16,v,8,1.0617367592997025,ref,PF,31
17,teta,8,-0.24983334103480534,ref,PF,31
18,v,9,1.0577190611889125,ref,PF,31
19,teta,9,-0.25298787747116475,ref,PF,31
20,v,10,1.0656310918301868,ref,PF,31
21,teta,10,-0.2487567958401976,ref,PF,31
22,v,11,1.0665381051288187,ref,PF,31
23,teta,11,-0.25314133540122474,ref,PF,31
24,v,12,1.0606946233943457,ref,PF,31
25,teta,12,-0.2552841436114137,ref,PF,31
26,v,13,1.0434411414188198,ref,PF,31
27,teta,13,-0.269391610979738,ref,PF,31
28,v,14,1.0304829700458986,ref,PF,31
29,teta,14,-0.0014730247675240613,ref,PF,31
30,v,15,1.081911554251097,ref,PF,31
31,teta,15,-0.2378035358469412,ref,PF,31
0,v,0,1.06,ref,PF,32
1,teta,0,0.0,ref,PF,32
2,v,1,1.045,ref,PF,32
3,teta,1,-0.08896734806652648,ref,PF,32
4,v,2,1.0201,ref,PF,32
5,teta,2,-0.17674236798292303,ref,PF,32
6,v,3,1.0224846574918172,ref,PF,32
7,teta,3,-0.16680572284649123,ref,PF,32
8,v,4,1.0239975298302428,ref,PF,32
9,teta,4,-0.14450154925187433,ref,PF,32
10,v,5,1.0807,ref,PF,32
11,teta,5,-0.23803780753671727,ref,PF,32
12,v,6,1.0655437496879236,ref,PF,32
13,teta,6,-0.21982452323632615,ref,PF,32
14,v,7,1.09,ref,PF,32
15,teta,7,-0.21982452323632615,ref,PF,32
16,v,8,1.0619950388491972,ref,PF,32
17,teta,8,-0.2472726681359832,ref,PF,32
18,v,9,1.0579388657871573,ref,PF,32
19,teta,9,-0.25050608877787056,ref,PF,32
20,v,10,1.065749612514084,ref,PF,32
21,teta,10,-0.24645759541469273,ref,PF,32
22,v,11,1.0659803780904766,ref,PF,32
23,teta,11,-0.2518022830916737,ref,PF,32
24,v,12,1.0606395877841361,ref,PF,32
25,teta,12,-0.2533751591877273,ref,PF,32
26,v,13,1.0435671848281376,ref,PF,32
27,teta,13,-0.267111114031433,ref,PF,32
28,v,14,1.0294550553414386,ref,PF,32
29,teta,14,0.0020177913852599226,ref,PF,32
30,v,15,1.0813615173915634,ref,PF,32
31,teta,15,-0.2364486517829506,ref,PF,32
0,v,0,1.06,ref,PF,33
1,teta,0,0.0,ref,PF,33
2,v,1,1.045,ref,PF,33
3,teta,1,-0.0890727638029209,ref,PF,33
4,v,2,1.0201,ref,PF,33
5,teta,2,-0.17701170940259892,ref,PF,33
6,v,3,1.02241838094597,ref,PF,33
7,teta,3,-0.16705077076926797,ref,PF,33
8,v,4,1.0239249803560093,ref,PF,33
9,teta,4,-0.14473918304194502,ref,PF,33
10,v,5,1.0807,ref,PF,33
11,teta,5,-0.23792564482414086,ref,PF,33
12,v,6,1.0655095137001909,ref,PF,33
13,teta,6,-0.2199457609461043,ref,PF,33
14,v,7,1.09,ref,PF,33
15,teta,7,-0.21994576094610427,ref,PF,33
16,v,8,1.0619515069780188,ref,PF,33
17,teta,8,-0.2473291996890509,ref,PF,33
18,v,9,1.0579007689762627,ref,PF,33
19,teta,9,-0.2505328900921057,ref,PF,33
20,v,10,1.0657279739451058,ref,PF,33
21,teta,10,-0.24641565002205384,ref,PF,33
22,v,11,1.0666958513160263,ref,PF,33
23,teta,11,-0.2509965346713178,ref,PF,33
24,v,12,1.0607794315566568,ref,PF,33
25,teta,12,-0.2530367185505691,ref,PF,33
26,v,13,1.0436029296279818,ref,PF,33
27,teta,13,-0.2669942359895405,ref,PF,33
28,v,14,1.0295423783267519,ref,PF,33
29,teta,14,0.001713463732708287,ref,PF,33
30,v,15,1.0820671267292443,ref,PF,33
31,teta,15,-0.23566320850915062,ref,PF,33
0,v,0,1.06,ref,PF,34
1,teta,0,0.0,ref,PF,34
2,v,1,1.045,ref,PF,34
3,teta,1,-0.08954549020678157,ref,PF,34
4,v,2,1.0201,ref,PF,34
5,teta,2,-0.17833762119136556,ref,PF,34
6,v,3,1.0223048864423683,ref,PF,34
7,teta,3,-0.16834129596990063,ref,PF,34
8,v,4,1.0238403827949325,ref,PF,34
9,teta,4,-0.14572149077556,ref,PF,34
10,v,5,1.0807,ref,PF,34
11,teta,5,-0.2392038279296843,ref,PF,34
12,v,6,1.0654570941035706,ref,PF,34
13,teta,6,-0.22125230562675827,ref,PF,34
14,v,7,1.09,ref,PF,34
15,teta,7,-0.22125230562675827,ref,PF,34
16,v,8,1.0619003744381625,ref,PF,34
17,teta,8,-0.24864230964042744,ref,PF,34
18,v,9,1.0578578527118956,ref,PF,34
19,teta,9,-0.2518397317414642,ref,PF,34
20,v,10,1.0657054591008968,ref,PF,34
21,teta,10,-0.24770794075425576,ref,PF,34
22,v,11,1.0664509288071733,ref,PF,34
23,teta,11,-0.25276249418190894,ref,PF,34
24,v,12,1.0607413528653622,ref,PF,34
25,teta,12,-0.25447297675080105,ref,PF,34
26,v,13,1.043557041957994,ref,PF,34
27,teta,13,-0.26836235842323203,ref,PF,34
28,v,14,1.0299881165841338,ref,PF,34
29,teta,14,0.00020900457327511113,ref,PF,34
30,v,15,1.0818255794584157,ref,PF,34
31,teta,15,-0.23742222163089732,ref,PF,34
0,v,0,1.06,ref,PF,35
1,teta,0,0.0,ref,PF,35
2,v,1,1.045,ref,PF,35
3,teta,1,-0.08918262901215636,ref,PF,35
4,v,2,1.0201,ref,PF,35
5,teta,2,-0.17731966302524282,ref,PF,35
6,v,3,1.022383558720851,ref,PF,35
7,teta,3,-0.16734720277218462,ref,PF,35
8,v,4,1.0238992124555013,ref,PF,35
9,teta,4,-0.14496736637014493,ref,PF,35
10,v,5,1.0807,ref,PF,35
11,teta,5,-0.2384320696357052,ref,PF,35
12,v,6,1.0654989901210083,ref,PF,35
13,teta,6,-0.22031999986292145,ref,PF,35
14,v,7,1.09,ref,PF,35
15,teta,7,-0.22031999986292145,ref,PF,35
16,v,8,1.0619509877935938,ref,PF,35
17,teta,8,-0.24774277039608034,ref,PF,35
18,v,9,1.0579013804058857,ref,PF,35
19,teta,9,-0.25096276032292003,ref,PF,35
20,v,10,1.065729403863555,ref,PF,35
21,teta,10,-0.24688317652075578,ref,PF,35
22,v,11,1.0663316911299652,ref,PF,35
23,teta,11,-0.2521113911436597,ref,PF,35
24,v,12,1.0607259594833056,ref,PF,35
25,teta,12,-0.25372862409854857,ref,PF,35
26,v,13,1.0435797777480054,ref,PF,35
27,teta,13,-0.26752974898520776,ref,PF,35
28,v,14,1.0296471676655399,ref,PF,35
29,teta,14,0.0013635292396092726,ref,PF,35
30,v,15,1.0817079855008018,ref,PF,35
31,teta,15,-0.23676773512263494,ref,PF,35
0,v,0,1.06,ref,PF,36
1,teta,0,0.0,ref,PF,36
2,v,1,1.045,ref,PF,36
3,teta,1,-0.08887781727264878,ref,PF,36
4,v,2,1.0201,ref,PF,36
5,teta,2,-0.17648707158685606,ref,PF,36
6,v,3,1.022471290806043,ref,PF,36
7,teta,3,-0.16654326723903598,ref,PF,36
8,v,4,1.0239840294174336,ref,PF,36
9,teta,4,-0.14431734630003173,ref,PF,36
10,v,5,1.0807,ref,PF,36
11,teta,5,-0.2374201947123729,ref,PF,36
12,v,6,1.065534949601018,ref,PF,36
13,teta,6,-0.21943386349889002,ref,PF,36
14,v,7,1.09,ref,PF,36
15,teta,7,-0.21943386349889002,ref,PF,36
16,v,8,1.0619776264750012,ref,PF,36
17,teta,8,-0.24681577276391212,ref,PF,36
18,v,9,1.0579225804834007,ref,PF,36
19,teta,9,-0.25002093324176,ref,PF,36
20,v,10,1.0657392992347323,ref,PF,36
21,teta,10,-0.2459071250566148,ref,PF,36
22,v,11,1.0668003677742697,ref,PF,36
23,teta,11,-0.25039669298764317,ref,PF,36
24,v,12,1.0608052351314097,ref,PF,36
25,teta,12,-0.2524965049509801,ref,PF,36
26,v,13,1.0436292914512657,ref,PF,36
27,teta,13,-0.26646830626808965,ref,PF,36
28,v,14,1.0293661887596044,ref,PF,36
29,teta,14,0.0023086950383266604,ref,PF,36
30,v,15,1.0821702033035747,ref,PF,36
31,teta,15,-0.23506632964697272,ref,PF,36
0,v,0,1.06,ref,PF,37
1,teta,0,0.0,ref,PF,37
2,v,1,1.045,ref,PF,37
3,teta,1,-0.08936592849225662,ref,PF,37
4,v,2,1.0201,ref,PF,37
5,teta,2,-0.17788277759935475,ref,PF,37
6,v,3,1.0222846529774352,ref,PF,37
7,teta,3,-0.16787548162260058,ref,PF,37
8,v,4,1.0238491061980668,ref,PF,37
9,teta,4,-0.14530318809663165,ref,PF,37
10,v,5,1.0807,ref,PF,37
11,teta,5,-0.23870328657046552,ref,PF,37
12,v,6,1.0654468768018295,ref,PF,37
13,teta,6,-0.22077105275511502,ref,PF,37
14,v,7,1.09,ref,PF,37
15,teta,7,-0.22077105275511502,ref,PF,37
16,v,8,1.0618885770357946,ref,PF,37
17,teta,8,-0.24815283249457443,ref,PF,37
18,v,9,1.0578479171442758,ref,PF,37
19,teta,9,-0.2513482805862363,ref,PF,37
20,v,10,1.0657002108331362,ref,PF,37
21,teta,10,-0.24721191319539282,ref,PF,37
22,v,11,1.0665433297649387,ref,PF,37
23,teta,11,-0.2520894760279732,ref,PF,37
24,v,12,1.0607521601490213,ref,PF,37
25,teta,12,-0.2539186527311998,ref,PF,37
26,v,13,1.0435548530912804,ref,PF,37
27,teta,13,-0.2678446886907309,ref,PF,37
28,v,14,1.0298458808541937,ref,PF,37
29,teta,14,0.000720815794189081,ref,PF,37
30,v,15,1.0819167068832183,ref,PF,37
31,teta,15,-0.23675182466598757,ref,PF,37
0,v,0,1.06,ref,PF,38
1,teta,0,0.0,ref,PF,38
2,v,1,1.045,ref,PF,38
3,teta,1,-0.08883264982122663,ref,PF,38
4,v,2,1.0201,ref,PF,38
5,teta,2,-0.1764017156861662,ref,PF,38
6,v,3,1.0225278597017737,ref,PF,38
7,teta,3,-0.166479764060017,ref,PF,38
8,v,4,1.0240371551745167,ref,PF,38
9,teta,4,-0.14418692461249716,ref,PF,38
10,v,5,1.0807,ref,PF,38
11,teta,5,-0.23742072648537596,ref,PF,38
12,v,6,1.0655628422124084,ref,PF,38
13,teta,6,-0.21939795021762884,ref,PF,38
14,v,7,1.09,ref,PF,38
15,teta,7,-0.21939795021762884,ref,PF,38
16,v,8,1.062008476431323,ref,PF,38
17,teta,8,-0.24679485326930015,ref,PF,38
18,v,9,1.0579484774154218,ref,PF,38
19,teta,9,-0.2500038617746015,ref,PF,38
20,v,10,1.06575288973935,ref,PF,38
21,teta,10,-0.24589898599072937,ref,PF,38
22,v,11,1.066649210278377,ref,PF,38
23,teta,11,-0.25070025676339486,ref,PF,38
24,v,12,1.060790822743881,ref,PF,38
25,teta,12,-0.2525905912533786,ref,PF,38
26,v,13,1.043640987379121,ref,PF,38
27,teta,13,-0.26649714627873083,ref,PF,38
28,v,14,1.0293445578849016,ref,PF,38
29,teta,14,0.0024027184388626635,ref,PF,38
30,v,15,1.0820211283326795,ref,PF,38
31,teta,15,-0.2353656081500184,ref,PF,38
0,v,0,1.06,ref,PF,39
1,teta,0,0.0,ref,PF,39
2,v,1,1.045,ref,PF,39
3,teta,1,-0.08889857810678166,ref,PF,39
4,v,2,1.0201,ref,PF,39
5,teta,2,-0.1765079978346357,ref,PF,39
6,v,3,1.0225089157434573,ref,PF,39
7,teta,3,-0.16657903610244482,ref,PF,39
8,v,4,1.023994701596755,ref,PF,39
9,teta,4,-0.14439504940515266,ref,PF,39
10,v,5,1.0807,ref,PF,39
11,teta,5,-0.23772178324194282,ref,PF,39
12,v,6,1.0655596611675646,ref,PF,39
13,teta,6,-0.21955994381547475,ref,PF,39
14,v,7,1.09,ref,PF,39
15,teta,7,-0.21955994381547475,ref,PF,39
16,v,8,1.062014564175148,ref,PF,39
17,teta,8,-0.2469886313833741,ref,PF,39
18,v,9,1.057954744842909,ref,PF,39
19,teta,9,-0.2502164884221725,ref,PF,39
20,v,10,1.065757404155212,ref,PF,39
21,teta,10,-0.2461551683066672,ref,PF,39
22,v,11,1.0664650061482195,ref,PF,39
23,teta,11,-0.2512788096326415,ref,PF,39
24,v,12,1.0607633068235698,ref,PF,39
25,teta,12,-0.2529696966941785,ref,PF,39
26,v,13,1.0436328502790415,ref,PF,39
27,teta,13,-0.26677187702170924,ref,PF,39
28,v,14,1.029366277721683,ref,PF,39
29,teta,14,0.00228773314372584,ref,PF,39
30,v,15,1.081839462762639,ref,PF,39
31,teta,15,-0.2359389364645548,ref,PF,39
0,v,0,1.06,ref,PF,40
1,teta,0,0.0,ref,PF,40
2,v,1,1.045,ref,PF,40
3,teta,1,-0.08949558209708386,ref,PF,40
4,v,2,1.0201,ref,PF,40
5,teta,2,-0.178188360699526,ref,PF,40
6,v,3,1.022299649105674,ref,PF,40
7,teta,3,-0.16818889562762235,ref,PF,40
8,v,4,1.0238238775425104,ref,PF,40
9,teta,4,-0.1456230842685766,ref,PF,40
10,v,5,1.0807,ref,PF,40
11,teta,5,-0.23927145102829822,ref,PF,40
12,v,6,1.0654563481285877,ref,PF,40
13,teta,6,-0.221172058143732,ref,PF,40
14,v,7,1.09,ref,PF,40
15,teta,7,-0.221172058143732,ref,PF,40
16,v,8,1.0619047635856866,ref,PF,40
17,teta,8,-0.24859913341058626,ref,PF,40
18,v,9,1.0578627481225729,ref,PF,40
19,teta,9,-0.25181601919002805,ref,PF,40
20,v,10,1.0657093105817834,ref,PF,40
21,teta,10,-0.247729200255028,ref,PF,40
22,v,11,1.0660373052904957,ref,PF,40
23,teta,11,-0.2531255766476959,ref,PF,40
24,v,12,1.060649567088266,ref,PF,40
25,teta,12,-0.25464004393906237,ref,PF,40
26,v,13,1.0435195331536478,ref,PF,40
27,teta,13,-0.26841208477188505,ref,PF,40
28,v,14,1.0299369535503913,ref,PF,40
29,teta,14,0.0003787558924836311,ref,PF,40
30,v,15,1.0814176593105864,ref,PF,40
31,teta,15,-0.23777356240446818,ref,PF,40
0,v,0,1.06,ref,PF,41
1,teta,0,0.0,ref,PF,41
2,v,1,1.045,ref,PF,41
3,teta,1,-0.08891147526138168,ref,PF,41
4,v,2,1.0201,ref,PF,41
5,teta,2,-0.176565358166768,ref,PF,41
6,v,3,1.022491558152437,ref,PF,41
7,teta,3,-0.16663005769842187,ref,PF,41
8,v,4,1.0239819197995146,ref,PF,41
9,teta,4,-0.1444000918264229,ref,PF,41
10,v,5,1.0807,ref,PF,41
11,teta,5,-0.23785608980244652,ref,PF,41
12,v,6,1.0655548072692638,ref,PF,41
13,teta,6,-0.21964330893772016,ref,PF,41
14,v,7,1.09,ref,PF,41
15,teta,7,-0.21964330893772016,ref,PF,41
16,v,8,1.0620148650445607,ref,PF,41
17,teta,8,-0.24708825575933943,ref,PF,41
18,v,9,1.0579553841285998,ref,PF,41
19,teta,9,-0.2503222019228649,ref,PF,41
20,v,10,1.0657581491365047,ref,PF,41
21,teta,10,-0.24627495037581118,ref,PF,41
22,v,11,1.066337406951748,ref,PF,41
23,teta,11,-0.251716553255086,ref,PF,41
24,v,12,1.0607518913440832,ref,PF,41
25,teta,12,-0.25319395462621863,ref,PF,41
26,v,13,1.0436283324654272,ref,PF,41
27,teta,13,-0.26692588227210945,ref,PF,41
28,v,14,1.0293901700896964,ref,PF,41
29,teta,14,0.0022207993102851685,ref,PF,41
30,v,15,1.0817136225207924,ref,PF,41
31,teta,15,-0.23637305945077824,ref,PF,41
0,v,0,1.06,ref,PF,42
1,teta,0,0.0,ref,PF,42
2,v,1,1.045,ref,PF,42
3,teta,1,-0.08972829559297013,ref,PF,42
4,v,2,1.0201,ref,PF,42
5,teta,2,-0.1789047829596179,ref,PF,42
6,v,3,1.022165013584996,ref,PF,42
7,teta,3,-0.16885736249222594,ref,PF,42
8,v,4,1.023771071246383,ref,PF,42
9,teta,4,-0.14605228112143384,ref,PF,42
10,v,5,1.0807,ref,PF,42
11,teta,5,-0.2394690135122293,ref,PF,42
12,v,6,1.0653820808819268,ref,PF,42
13,teta,6,-0.2216916072715458,ref,PF,42
14,v,7,1.09,ref,PF,42
15,teta,7,-0.2216916072715458,ref,PF,42
16,v,8,1.0618107239747294,ref,PF,42
17,teta,8,-0.24904046660839865,ref,PF,42
18,v,9,1.0577817994261063,ref,PF,42
19,teta,9,-0.25221430288118807,ref,PF,42
20,v,10,1.0656647035019,ref,PF,42
21,teta,10,-0.24802790355786744,ref,PF,42
22,v,11,1.0665150795443912,ref,PF,42
23,teta,11,-0.25259355100114683,ref,PF,42
24,v,12,1.0607106628327456,ref,PF,42
25,teta,12,-0.2546273628961764,ref,PF,42
26,v,13,1.0434911797551887,ref,PF,42
27,teta,13,-0.2686564661781963,ref,PF,42
28,v,14,1.0301842448072123,ref,PF,42
29,teta,14,-0.0004366987034567966,ref,PF,42
30,v,15,1.0818888460045823,ref,PF,42
31,teta,15,-0.23725509832055167,ref,PF,42
0,v,0,1.06,ref,PF,43
1,teta,0,0.0,ref,PF,43
2,v,1,1.045,ref,PF,43
3,teta,1,-0.0896439919554415,ref,PF,43
4,v,2,1.0201,ref,PF,43
5,teta,2,-0.17863437612904332,ref,PF,43
6,v,3,1.0221960528637397,ref,PF,43
7,teta,3,-0.1685972289277056,ref,PF,43
8,v,4,1.023748813080607,ref,PF,43
9,teta,4,-0.14589962273392654,ref,PF,43
10,v,5,1.0807,ref,PF,43
11,teta,5,-0.23925564582086886,ref,PF,43
12,v,6,1.0654007583020564,ref,PF,43
13,teta,6,-0.22144107268520163,ref,PF,43
14,v,7,1.09,ref,PF,43
15,teta,7,-0.22144107268520163,ref,PF,43
16,v,8,1.0618346568964034,ref,PF,43
17,teta,8,-0.2487951115358384,ref,PF,43
18,v,9,1.0578020632042164,ref,PF,43
19,teta,9,-0.25197462822178374,ref,PF,43
20,v,10,1.0656755213535505,ref,PF,43
21,teta,10,-0.2478013834679865,ref,PF,43
22,v,11,1.066655117306393,ref,PF,43
23,teta,11,-0.25239816152842237,ref,PF,43
24,v,12,1.0607558156269667,ref,PF,43
25,teta,12,-0.25440507635053267,ref,PF,43
26,v,13,1.0435250064032369,ref,PF,43
27,teta,13,-0.2684199931442914,ref,PF,43
28,v,14,1.0300896362986198,ref,PF,43
29,teta,14,-0.00012840652723513504,ref,PF,43
30,v,15,1.0820269539681218,ref,PF,43
31,teta,15,-0.2370636804112188,ref,PF,43
0,v,0,1.06,ref,PF,44
1,teta,0,0.0,ref,PF,44
2,v,1,1.045,ref,PF,44
3,teta,1,-0.0894814136011522,ref,PF,44
4,v,2,1.0201,ref,PF,44
5,teta,2,-0.17813710432548716,ref,PF,44
6,v,3,1.0222519077711754,ref,PF,44
7,teta,3,-0.16811839831320843,ref,PF,44
8,v,4,1.0237993229438425,ref,PF,44
9,teta,4,-0.14560597537528905,ref,PF,44
10,v,5,1.0807,ref,PF,44
11,teta,5,-0.2391139936027909,ref,PF,44
12,v,6,1.065429120801537,ref,PF,44
13,teta,6,-0.22106649311308418,ref,PF,44
14,v,7,1.09,ref,PF,44
15,teta,7,-0.22106649311308418,ref,PF,44
16,v,8,1.0618702794388,ref,PF,44
17,teta,8,-0.24847503774709148,ref,PF,44
18,v,9,1.0578336951991314,ref,PF,44
19,teta,9,-0.251685974644608,ref,PF,44
20,v,10,1.0656939524023616,ref,PF,44
21,teta,10,-0.24758536507895476,ref,PF,44
22,v,11,1.0661094208645367,ref,PF,44
23,teta,11,-0.2525565565479977,ref,PF,44
24,v,12,1.060632050770136,ref,PF,44
25,teta,12,-0.25436596519471144,ref,PF,44
26,v,13,1.043491509898299,ref,PF,44
27,teta,13,-0.2682236228467749,ref,PF,44
28,v,14,1.0299178050633602,ref,PF,44
29,teta,14,0.0004376814689617273,ref,PF,44
30,v,15,1.0814887802003983,ref,PF,44
31,teta,15,-0.23720659044374198,ref,PF,44
0,v,0,1.06,ref,PF,45
1,teta,0,0.0,ref,PF,45
2,v,1,1.045,ref,PF,45
3,teta,1,-0.08959031963111294,ref,PF,45
4,v,2,1.0201,ref,PF,45
5,teta,2,-0.17846948263956047,ref,PF,45
6,v,3,1.0222061196996408,ref,PF,45
7,teta,3,-0.16843511813459058,ref,PF,45
8,v,4,1.0237738305293185,ref,PF,45
9,teta,4,-0.14580686381866176,ref,PF,45
10,v,5,1.0807,ref,PF,45
11,teta,5,-0.23938298650596124,ref,PF,45
12,v,6,1.0654140964046281,ref,PF,45
13,teta,6,-0.2213757865217771,ref,PF,45
14,v,7,1.09,ref,PF,45
15,teta,7,-0.2213757865217771,ref,PF,45
16,v,8,1.0618622022850925,ref,PF,45
17,teta,8,-0.24877947020646582,ref,PF,45
18,v,9,1.05782657969413,ref,PF,45
19,teta,9,-0.25198416360656295,ref,PF,45
20,v,10,1.0656898633269638,ref,PF,45
21,teta,10,-0.24786911922492771,ref,PF,45
22,v,11,1.0663327387277735,ref,PF,45
23,teta,11,-0.25312813262641565,ref,PF,45
24,v,12,1.060718394968197,ref,PF,45
25,teta,12,-0.2547073817904842,ref,PF,45
26,v,13,1.0435252207249819,ref,PF,45
27,teta,13,-0.26854280487501253,ref,PF,45
28,v,14,1.030032776981132,ref,PF,45
29,teta,14,5.925731109303709e-05,ref,PF,45
30,v,15,1.081709018655736,ref,PF,45
31,teta,15,-0.2377845063367095,ref,PF,45
0,v,0,1.06,ref,PF,46
1,teta,0,0.0,ref,PF,46
2,v,1,1.045,ref,PF,46
3,teta,1,-0.08878275654416289,ref,PF,46
4,v,2,1.0201,ref,PF,46
5,teta,2,-0.17624453693226771,ref,PF,46
6,v,3,1.0225610209959668,ref,PF,46
7,teta,3,-0.16633443195241424,ref,PF,46
8,v,4,1.0240609543328216,ref,PF,46
9,teta,4,-0.1441011709803589,ref,PF,46
10,v,5,1.0807,ref,PF,46
11,teta,5,-0.2371920818977312,ref,PF,46
12,v,6,1.0655767493578947,ref,PF,46
13,teta,6,-0.21921984917259854,ref,PF,46
14,v,7,1.09,ref,PF,46
15,teta,7,-0.2192198491725985,ref,PF,46
16,v,8,1.0620191483158996,ref,PF,46
17,teta,8,-0.2466004115775408,ref,PF,46
18,v,9,1.0579569680533463,ref,PF,46
19,teta,9,-0.24980344440849814,ref,PF,46
20,v,10,1.0657568500698933,ref,PF,46
21,teta,10,-0.24568477698114258,ref,PF,46
22,v,11,1.0668505956712884,ref,PF,46
23,teta,11,-0.250204344991365,ref,PF,46
24,v,12,1.0608276017296734,ref,PF,46
25,teta,12,-0.2522767199300853,ref,PF,46
26,v,13,1.0436630520312256,ref,PF,46
27,teta,13,-0.2662499789972323,ref,PF,46
28,v,14,1.0292866477271898,ref,PF,46
29,teta,14,0.0025831025738071336,ref,PF,46
30,v,15,1.0822197393235191,ref,PF,46
31,teta,15,-0.23487540520158456,ref,PF,46
0,v,0,1.06,ref,PF,47
1,teta,0,0.0,ref,PF,47
2,v,1,1.045,ref,PF,47
3,teta,1,-0.08966982850568701,ref,PF,47
4,v,2,1.0201,ref,PF,47
5,teta,2,-0.17869865821738815,ref,PF,47
6,v,3,1.0221996340451112,ref,PF,47
7,teta,3,-0.16866333432408895,ref,PF,47
8,v,4,1.0237611148261898,ref,PF,47
9,teta,4,-0.14596439918465456,ref,PF,47
10,v,5,1.0807,ref,PF,47
11,teta,5,-0.2393605374965226,ref,PF,47
12,v,6,1.0654041644336651,ref,PF,47
13,teta,6,-0.22152107969115722,ref,PF,47
14,v,7,1.09,ref,PF,47
15,teta,7,-0.22152107969115722,ref,PF,47
16,v,8,1.0618406716507462,ref,PF,47
17,teta,8,-0.24888225050643695,ref,PF,47
18,v,9,1.0578072652003623,ref,PF,47
19,teta,9,-0.25206490016190974,ref,PF,47
20,v,10,1.0656784132899508,ref,PF,47
21,teta,10,-0.2478989012057974,ref,PF,47
22,v,11,1.0666223025965438,ref,PF,47
23,teta,11,-0.25262314967794736,ref,PF,47
24,v,12,1.060757208834641,ref,PF,47
25,teta,12,-0.25454385149434844,ref,PF,47
26,v,13,1.0435292378365755,ref,PF,47
27,teta,13,-0.26852946669185834,ref,PF,47
28,v,14,1.0301092351856291,ref,PF,47
29,teta,14,-0.0002005371005139553,ref,PF,47
30,v,15,1.081994591420813,ref,PF,47
31,teta,15,-0.23728773805171224,ref,PF,47
0,v,0,1.06,ref,PF,48
1,teta,0,0.0,ref,PF,48
2,v,1,1.045,ref,PF,48
3,teta,1,-0.08929270929565802,ref,PF,48
4,v,2,1.0201,ref,PF,48
5,teta,2,-0.17769189626952211,ref,PF,48
6,v,3,1.0222545220437498,ref,PF,48
7,teta,3,-0.16767142109124203,ref,PF,48
8,v,4,1.0238199953703337,ref,PF,48
9,teta,4,-0.14513286834920852,ref,PF,48
10,v,5,1.0807,ref,PF,48
11,teta,5,-0.23848703757440798,ref,PF,48
12,v,6,1.0654320452083674,ref,PF,48
13,teta,6,-0.22055996228856548,ref,PF,48
14,v,7,1.09,ref,PF,48
15,teta,7,-0.22055996228856548,ref,PF,48
16,v,8,1.0618725375063462,ref,PF,48
17,teta,8,-0.24793771190424063,ref,PF,48
18,v,9,1.0578345654393808,ref,PF,48
19,teta,9,-0.25113291896093703,ref,PF,48
20,v,10,1.065693323279858,ref,PF,48
21,teta,10,-0.24699597307090954,ref,PF,48
22,v,11,1.0665710973030762,ref,PF,48
23,teta,11,-0.2517503731769194,ref,PF,48
24,v,12,1.0607481225626252,ref,PF,48
25,teta,12,-0.25366597710679367,ref,PF,48
26,v,13,1.0435437319185392,ref,PF,48
27,teta,13,-0.2676135623543557,ref,PF,48
28,v,14,1.0297846298409916,ref,PF,48
29,teta,14,0.0009362311593016053,ref,PF,48
30,v,15,1.081944091750502,ref,PF,48
31,teta,15,-0.2364135093813054,ref,PF,48
0,v,0,1.06,ref,PF,49
1,teta,0,0.0,ref,PF,49
2,v,1,1.045,ref,PF,49
3,teta,1,-0.08941340568282545,ref,PF,49
4,v,2,1.0201,ref,PF,49
5,teta,2,-0.17796508257682336,ref,PF,49
6,v,3,1.0223337818316869,ref,PF,49
7,teta,3,-0.16797755188802088,ref,PF,49
8,v,4,1.0238465487287287,ref,PF,49
9,teta,4,-0.14544495874751395,ref,PF,49
10,v,5,1.0807,ref,PF,49
11,teta,5,-0.23883101059918466,ref,PF,49
12,v,6,1.0654670553072305,ref,PF,49
13,teta,6,-0.22087884347800857,ref,PF,49
14,v,7,1.09,ref,PF,49
15,teta,7,-0.2208788434780086,ref,PF,49
16,v,8,1.0619058675853141,ref,PF,49
17,teta,8,-0.2482644527866179,ref,PF,49
18,v,9,1.0578624776761967,ref,PF,49
19,teta,9,-0.25146277431729297,ref,PF,49
20,v,10,1.0657079008077155,ref,PF,49
21,teta,10,-0.24733306868089824,ref,PF,49
22,v,11,1.0664330729434859,ref,PF,49
23,teta,11,-0.2521244895587972,ref,PF,49
24,v,12,1.0607157723316611,ref,PF,49
25,teta,12,-0.25402678176646204,ref,PF,49
26,v,13,1.0435486644477172,ref,PF,49
27,teta,13,-0.267955131610124,ref,PF,49
28,v,14,1.029863958433411,ref,PF,49
29,teta,14,0.0006312700952747818,ref,PF,49
30,v,15,1.081807969720172,ref,PF,49
31,teta,15,-0.23678371040349985,ref,PF,49
0,v,0,1.06,ref,PF,50
1,teta,0,0.0,ref,PF,50
2,v,1,1.045,ref,PF,50
3,teta,1,-0.08912442890024741,ref,PF,50
4,v,2,1.0201,ref,PF,50
5,teta,2,-0.17723070462323093,ref,PF,50
6,v,3,1.0224050056787906,ref,PF,50
7,teta,3,-0.16726636279583634,ref,PF,50
8,v,4,1.0239521692599063,ref,PF,50
9,teta,4,-0.14478207059194392,ref,PF,50
10,v,5,1.0807,ref,PF,50
11,teta,5,-0.23802113243119732,ref,PF,50
12,v,6,1.0655018718437008,ref,PF,50
13,teta,6,-0.22013178145578807,ref,PF,50
14,v,7,1.09,ref,PF,50
15,teta,7,-0.22013178145578807,ref,PF,50
16,v,8,1.061940946209597,ref,PF,50
17,teta,8,-0.24749983575363543,ref,PF,50
18,v,9,1.057891141030547,ref,PF,50
19,teta,9,-0.2506903052952919,ref,PF,50
20,v,10,1.0657221134579142,ref,PF,50
21,teta,10,-0.24654250654874416,ref,PF,50
22,v,11,1.0667724992931125,ref,PF,50
23,teta,11,-0.2511712520495667,ref,PF,50
24,v,12,1.0608048958037641,ref,PF,50
25,teta,12,-0.2531578032225213,ref,PF,50
26,v,13,1.043607987814498,ref,PF,50
27,teta,13,-0.2671430615005124,ref,PF,50
28,v,14,1.0296309486603215,ref,PF,50
29,teta,14,0.001458985088771543,ref,PF,50
30,v,15,1.0821427187302275,ref,PF,50
31,teta,15,-0.2358400987797508,ref,PF,50
0,v,0,1.06,ref,PF,51
1,teta,0,0.0,ref,PF,51
2,v,1,1.045,ref,PF,51
3,teta,1,-0.08904819345487781,ref,PF,51
4,v,2,1.0201,ref,PF,51
5,teta,2,-0.17702538174203963,ref,PF,51
6,v,3,1.0223736127410559,ref,PF,51
7,teta,3,-0.16704721102593117,ref,PF,51
8,v,4,1.0239441565018477,ref,PF,51
9,teta,4,-0.14461712145781783,ref,PF,51
10,v,5,1.0807,ref,PF,51
11,teta,5,-0.23759741910765755,ref,PF,51
12,v,6,1.0654781886375986,ref,PF,51
13,teta,6,-0.2198363786669598,ref,PF,51
14,v,7,1.09,ref,PF,51
15,teta,7,-0.21983637866695976,ref,PF,51
16,v,8,1.0619035059145432,ref,PF,51
17,teta,8,-0.2471651096444151,ref,PF,51
18,v,9,1.0578590023926207,ref,PF,51
19,teta,9,-0.25033985632036104,ref,PF,51
20,v,10,1.0657044958793191,ref,PF,51
21,teta,10,-0.24615568307533148,ref,PF,51
22,v,11,1.0669847958120786,ref,PF,51
23,teta,11,-0.25003599927625825,ref,PF,51
24,v,12,1.060801741511343,ref,PF,51
25,teta,12,-0.2525299879202996,ref,PF,51
26,v,13,1.0435841687799796,ref,PF,51
27,teta,13,-0.26668153699889474,ref,PF,51
28,v,14,1.0295626709884003,ref,PF,51
29,teta,14,0.0016916614329744578,ref,PF,51
30,v,15,1.0823520911884794,ref,PF,51
31,teta,15,-0.23471086199665897,ref,PF,51
0,v,0,1.06,ref,PF,52
1,teta,0,0.0,ref,PF,52
2,v,1,1.045,ref,PF,52
3,teta,1,-0.08902914554215652,ref,PF,52
4,v,2,1.0201,ref,PF,52
5,teta,2,-0.1769256145931022,ref,PF,52
6,v,3,1.0223740861122483,ref,PF,52
7,teta,3,-0.16694672301988095,ref,PF,52
8,v,4,1.0238968161428765,ref,PF,52
9,teta,4,-0.14461129314674692,ref,PF,52
10,v,5,1.0807,ref,PF,52
11,teta,5,-0.2379218179296392,ref,PF,52
12,v,6,1.0654948577956824,ref,PF,52
13,teta,6,-0.21987871671205478,ref,PF,52
14,v,7,1.09,ref,PF,52
15,teta,7,-0.21987871671205478,ref,PF,52
16,v,8,1.0619453816674196,ref,PF,52
17,teta,8,-0.2472802694844983,ref,PF,52
18,v,9,1.0578961818601837,ref,PF,52
19,teta,9,-0.25049186162378445,ref,PF,52
20,v,10,1.06572615417766,ref,PF,52
21,teta,10,-0.24639286867407914,ref,PF,52
22,v,11,1.06663949328865,ref,PF,52
23,teta,11,-0.25135173651608556,ref,PF,52
24,v,12,1.0607922334729962,ref,PF,52
25,teta,12,-0.2531318258282668,ref,PF,52
26,v,13,1.043605511368538,ref,PF,52
27,teta,13,-0.2670078194989719,ref,PF,52
28,v,14,1.0295198040298748,ref,PF,52
29,teta,14,0.0018086027657708721,ref,PF,52
30,v,15,1.0820115452345955,ref,PF,52
31,teta,15,-0.23601681236755992,ref,PF,52
0,v,0,1.06,ref,PF,53
1,teta,0,0.0,ref,PF,53
2,v,1,1.045,ref,PF,53
3,teta,1,-0.08952283586390723,ref,PF,53
4,v,2,1.0201,ref,PF,53
5,teta,2,-0.17824029919580867,ref,PF,53
6,v,3,1.0223122159826405,ref,PF,53
7,teta,3,-0.1682460599000759,ref,PF,53
8,v,4,1.0238307302764358,ref,PF,53
9,teta,4,-0.1457043359439551,ref,PF,53
10,v,5,1.0807,ref,PF,53
11,teta,5,-0.23943116304611883,ref,PF,53
12,v,6,1.0654627833275456,ref,PF,53
13,teta,6,-0.22126304769882799,ref,PF,53
14,v,7,1.09,ref,PF,53
15,teta,7,-0.22126304769882799,ref,PF,53
16,v,8,1.0619133545391963,ref,PF,53
17,teta,8,-0.24870773619668615,ref,PF,53
18,v,9,1.057870466410987,ref,PF,53
19,teta,9,-0.25193361754231114,ref,PF,53
20,v,10,1.0657138975379103,ref,PF,53
21,teta,10,-0.2478675924862925,ref,PF,53
22,v,11,1.0658381420269896,ref,PF,53
23,teta,11,-0.253427880467593,ref,PF,53
24,v,12,1.0606061827893882,ref,PF,53
25,teta,12,-0.25484806153358375,ref,PF,53
26,v,13,1.0435055455967905,ref,PF,53
27,teta,13,-0.2685645089710869,ref,PF,53
28,v,14,1.0299496833455113,ref,PF,53
29,teta,14,0.00032171902480002324,ref,PF,53
30,v,15,1.0812212437427855,ref,PF,53
31,teta,15,-0.23807020771038595,ref,PF,53
0,v,0,1.06,ref,PF,54
1,teta,0,0.0,ref,PF,54
2,v,1,1.045,ref,PF,54
3,teta,1,-0.08975387354763292,ref,PF,54
4,v,2,1.0201,ref,PF,54
5,teta,2,-0.17896221596156642,ref,PF,54
6,v,3,1.0221331426364337,ref,PF,54
7,teta,3,-0.16890255257589376,ref,PF,54
8,v,4,1.0237146670645103,ref,PF,54
9,teta,4,-0.14611024826737293,ref,PF,54
10,v,5,1.0807,ref,PF,54
11,teta,5,-0.23965582047339187,ref,PF,54
12,v,6,1.065371706567212,ref,PF,54
13,teta,6,-0.22178506065691067,ref,PF,54
14,v,7,1.09,ref,PF,54
15,teta,7,-0.22178506065691067,ref,PF,54
16,v,8,1.0618076359572393,ref,PF,54
17,teta,8,-0.24915811162634166,ref,PF,54
18,v,9,1.0577800102617614,ref,PF,54
19,teta,9,-0.2523440824823269,ref,PF,54
20,v,10,1.065664615164531,ref,PF,54
21,teta,10,-0.24818571192486338,ref,PF,54
22,v,11,1.0663452474175477,ref,PF,54
23,teta,11,-0.2530929445520476,ref,PF,54
24,v,12,1.060688170198498,ref,PF,54
25,teta,12,-0.25490553736241556,ref,PF,54
26,v,13,1.0434799288167025,ref,PF,54
27,teta,13,-0.26884434851842587,ref,PF,54
28,v,14,1.030200372399623,ref,PF,54
29,teta,14,-0.0005005895987953143,ref,PF,54
30,v,15,1.081721354894454,ref,PF,54
31,teta,15,-0.23774967325830976,ref,PF,54
0,v,0,1.06,ref,PF,55
1,teta,0,0.0,ref,PF,55
2,v,1,1.045,ref,PF,55
3,teta,1,-0.08976650008691567,ref,PF,55
4,v,2,1.0201,ref,PF,55
5,teta,2,-0.17899515984516212,ref,PF,55
6,v,3,1.0221356719931651,ref,PF,55
7,teta,3,-0.16893670928450563,ref,PF,55
8,v,4,1.0237300202270134,ref,PF,55
9,teta,4,-0.14614268514292025,ref,PF,55
10,v,5,1.0807,ref,PF,55
11,teta,5,-0.2396103551746815,ref,PF,55
12,v,6,1.0653734826062093,ref,PF,55
13,teta,6,-0.22179220243445907,ref,PF,55
14,v,7,1.09,ref,PF,55
15,teta,7,-0.22179220243445907,ref,PF,55
16,v,8,1.0618089074589687,ref,PF,55
17,teta,8,-0.24915131442054175,ref,PF,55
18,v,9,1.0577806322784604,ref,PF,55
19,teta,9,-0.2523304996568954,ref,PF,55
20,v,10,1.06566446989982,ref,PF,55
21,teta,10,-0.2481564549269304,ref,PF,55
22,v,11,1.0665526048007048,ref,PF,55
23,teta,11,-0.25294729937598276,ref,PF,55
24,v,12,1.0607387855135249,ref,PF,55
25,teta,12,-0.25482157581966425,ref,PF,55
26,v,13,1.0435028453902162,ref,PF,55
27,teta,13,-0.2688031166740059,ref,PF,55
28,v,14,1.0302106485793172,ref,PF,55
29,teta,14,-0.000537648278488106,ref,PF,55
30,v,15,1.0819258540955083,ref,PF,55
31,teta,15,-0.2376099110871085,ref,PF,55
0,v,0,1.06,ref,PF,56
1,teta,0,0.0,ref,PF,56
2,v,1,1.045,ref,PF,56
3,teta,1,-0.08917840436630993,ref,PF,56
4,v,2,1.0201,ref,PF,56
5,teta,2,-0.17734394361555578,ref,PF,56
6,v,3,1.0223739272155083,ref,PF,56
7,teta,3,-0.16736800058836698,ref,PF,56
8,v,4,1.0239174667299689,ref,PF,56
9,teta,4,-0.14492863963515493,ref,PF,56
10,v,5,1.0807,ref,PF,56
11,teta,5,-0.2382494258170244,ref,PF,56
12,v,6,1.0654910043478754,ref,PF,56
13,teta,6,-0.22027426985350998,ref,PF,56
14,v,7,1.09,ref,PF,56
15,teta,7,-0.22027426985350998,ref,PF,56
16,v,8,1.0619360478456237,ref,PF,56
17,teta,8,-0.24766275137311208,ref,PF,56
18,v,9,1.057887802799155,ref,PF,56
19,teta,9,-0.2508646851976115,ref,PF,56
20,v,10,1.0657211810112839,ref,PF,56
21,teta,10,-0.2467433658888062,ref,PF,56
22,v,11,1.0666351367718687,ref,PF,56
23,teta,11,-0.251608050977853,ref,PF,56
24,v,12,1.0607830147528272,ref,PF,56
25,teta,12,-0.25344643343678536,ref,PF,56
26,v,13,1.0435958598974673,ref,PF,56
27,teta,13,-0.26736109248529666,ref,PF,56
28,v,14,1.029662181556465,ref,PF,56
29,teta,14,0.001333234056517739,ref,PF,56
30,v,15,1.082007248747555,ref,PF,56
31,teta,15,-0.23627300329345377,ref,PF,56
0,v,0,1.06,ref,PF,57
1,teta,0,0.0,ref,PF,57
2,v,1,1.045,ref,PF,57
3,teta,1,-0.08829830441237908,ref,PF,57
4,v,2,1.0201,ref,PF,57
5,teta,2,-0.17486367899345004,ref,PF,57
6,v,3,1.022754775601471,ref,PF,57
7,teta,3,-0.16501941305509257,ref,PF,57
8,v,4,1.0241911437784896,ref,PF,57
9,teta,4,-0.14311659668917495,ref,PF,57
10,v,5,1.0807,ref,PF,57
11,teta,5,-0.2359772373792122,ref,PF,57
12,v,6,1.0656720939445263,ref,PF,57
13,teta,6,-0.2179193694455397,ref,PF,57
14,v,7,1.09,ref,PF,57
15,teta,7,-0.2179193694455397,ref,PF,57
16,v,8,1.0621208754919873,ref,PF,57
17,teta,8,-0.24531002060021986,ref,PF,57
18,v,9,1.058042416581027,ref,PF,57
19,teta,9,-0.24852658587680768,ref,PF,57
20,v,10,1.0658017498987145,ref,PF,57
21,teta,10,-0.24443932349847503,ref,PF,57
22,v,11,1.0671123898360146,ref,PF,57
23,teta,11,-0.2488121804001269,ref,PF,57
24,v,12,1.0609027428668787,ref,PF,57
25,teta,12,-0.25098492007924267,ref,PF,57
26,v,13,1.043754803395601,ref,PF,57
27,teta,13,-0.26495607658353215,ref,PF,57
28,v,14,1.0287932034484968,ref,PF,57
29,teta,14,0.0041617351147496505,ref,PF,57
30,v,15,1.0824779283222903,ref,PF,57
31,teta,15,-0.2334906571424297,ref,PF,57
0,v,0,1.06,ref,PF,58
1,teta,0,0.0,ref,PF,58
2,v,1,1.045,ref,PF,58
3,teta,1,-0.08870562752729562,ref,PF,58
4,v,2,1.0201,ref,PF,58
5,teta,2,-0.1760161631360438,ref,PF,58
6,v,3,1.0225724043592654,ref,PF,58
7,teta,3,-0.16610879934960082,ref,PF,58
8,v,4,1.0240754026703758,ref,PF,58
9,teta,4,-0.14395425309483126,ref,PF,58
10,v,5,1.0807,ref,PF,58
11,teta,5,-0.23697640226374136,ref,PF,58
12,v,6,1.0655865969092226,ref,PF,58
13,teta,6,-0.21899334690091757,ref,PF,58
14,v,7,1.09,ref,PF,58
15,teta,7,-0.21899334690091754,ref,PF,58
16,v,8,1.0620341766878814,ref,PF,58
17,teta,8,-0.2463733766887899,ref,PF,58
18,v,9,1.0579695937927573,ref,PF,58
19,teta,9,-0.2495784429876172,ref,PF,58
20,v,10,1.065763486771655,ref,PF,58
21,teta,10,-0.2454644941260078,ref,PF,58
22,v,11,1.0670569264281276,ref,PF,58
23,teta,11,-0.25000809727219026,ref,PF,58
24,v,12,1.0608902586204612,ref,PF,58
25,teta,12,-0.25205008042316546,ref,PF,58
26,v,13,1.0436994438186125,ref,PF,58
27,teta,13,-0.26602181256515295,ref,PF,58
28,v,14,1.0292045986966774,ref,PF,58
29,teta,14,0.0028443564141526568,ref,PF,58
30,v,15,1.082423228562712,ref,PF,58
31,teta,15,-0.23468500320415378,ref,PF,58
0,v,0,1.06,ref,PF,59
1,teta,0,0.0,ref,PF,59
2,v,1,1.045,ref,PF,59
3,teta,1,-0.0890322679004769,ref,PF,59
4,v,2,1.0201,ref,PF,59
5,teta,2,-0.17692781006071312,ref,PF,59
6,v,3,1.0223824763257598,ref,PF,59
7,teta,3,-0.1669522182194152,ref,PF,59
8,v,4,1.0239212895832137,ref,PF,59
9,teta,4,-0.1446294749749419,ref,PF,59
10,v,5,1.0807,ref,PF,59
11,teta,5,-0.2380255135013557,ref,PF,59
12,v,6,1.0655020858778586,ref,PF,59
13,teta,6,-0.21991801840103029,ref,PF,59
14,v,7,1.09,ref,PF,59
15,teta,7,-0.21991801840103029,ref,PF,59
16,v,8,1.061957914321685,ref,PF,59
17,teta,8,-0.24733696136025657,ref,PF,59
18,v,9,1.0579071323489704,ref,PF,59
19,teta,9,-0.25055683853926214,ref,PF,59
20,v,10,1.065732356230637,ref,PF,59
21,teta,10,-0.24647700380934054,ref,PF,59
22,v,11,1.0665337082561084,ref,PF,59
23,teta,11,-0.25169628158598223,ref,PF,59
24,v,12,1.0607838623794057,ref,PF,59
25,teta,12,-0.25330501330284005,ref,PF,59
26,v,13,1.0436093532595374,ref,PF,59
27,teta,13,-0.267115109034749,ref,PF,59
28,v,14,1.0295193110192369,ref,PF,59
29,teta,14,0.0018066048210640486,ref,PF,59
30,v,15,1.081907217974964,ref,PF,59
31,teta,15,-0.23635835731654464,ref,PF,59
0,v,0,1.06,ref,PF,60
1,teta,0,0.0,ref,PF,60
2,v,1,1.045,ref,PF,60
3,teta,1,-0.08939338611046488,ref,PF,60
4,v,2,1.0201,ref,PF,60
5,teta,2,-0.17786569134402533,ref,PF,60
6,v,3,1.0223009038254247,ref,PF,60
7,teta,3,-0.16786432066906362,ref,PF,60
8,v,4,1.0238158455936497,ref,PF,60
9,teta,4,-0.1454434679467087,ref,PF,60
10,v,5,1.0807,ref,PF,60
11,teta,5,-0.23896981569122192,ref,PF,60
12,v,6,1.0654609993328248,ref,PF,60
13,teta,6,-0.22084620982865744,ref,PF,60
14,v,7,1.09,ref,PF,60
15,teta,7,-0.22084620982865744,ref,PF,60
16,v,8,1.0619140336696027,ref,PF,60
17,teta,8,-0.2482724205743315,ref,PF,60
18,v,9,1.0578707390118187,ref,PF,60
19,teta,9,-0.2514937336010492,ref,PF,60
20,v,10,1.0657137255835825,ref,PF,60
21,teta,10,-0.24741715550954557,ref,PF,60
22,v,11,1.0662550536665336,ref,PF,60
23,teta,11,-0.2527208582264179,ref,PF,60
24,v,12,1.060705178522031,ref,PF,60
25,teta,12,-0.2542906454247844,ref,PF,60
26,v,13,1.043549426817322,ref,PF,60
27,teta,13,-0.26807441906884266,ref,PF,60
28,v,14,1.0298227251011491,ref,PF,60
29,teta,14,0.0007471769194159355,ref,PF,60
30,v,15,1.0816324046842294,ref,PF,60
31,teta,15,-0.23737502696400303,ref,PF,60
0,v,0,1.06,ref,PF,61
1,teta,0,0.0,ref,PF,61
2,v,1,1.045,ref,PF,61
3,teta,1,-0.08881833760019456,ref,PF,61
4,v,2,1.0201,ref,PF,61
5,teta,2,-0.17635661540324107,ref,PF,61
6,v,3,1.0225249963811147,ref,PF,61
7,teta,3,-0.166433181588233,ref,PF,61
8,v,4,1.0240304455523548,ref,PF,61
9,teta,4,-0.14416069332147377,ref,PF,61
10,v,5,1.0807,ref,PF,61
11,teta,5,-0.23736168499004406,ref,PF,61
12,v,6,1.0655618271968315,ref,PF,61
13,teta,6,-0.21934569317766445,ref,PF,61
14,v,7,1.09,ref,PF,61
15,teta,7,-0.21934569317766442,ref,PF,61
16,v,8,1.0620075791873793,ref,PF,61
17,teta,8,-0.24673960681003163,ref,PF,61
18,v,9,1.057947688589799,ref,PF,61
19,teta,9,-0.24994794671903292,ref,PF,61
20,v,10,1.0657524380294388,ref,PF,61
21,teta,10,-0.245841524995711,ref,PF,61
22,v,11,1.066708026565019,ref,PF,61
23,teta,11,-0.2505921010362978,ref,PF,61
24,v,12,1.0608034883278774,ref,PF,61
25,teta,12,-0.25251395006894395,ref,PF,61
26,v,13,1.0436460173037596,ref,PF,61
27,teta,13,-0.26643239647401834,ref,PF,61
28,v,14,1.0293279638490709,ref,PF,61
29,teta,14,0.0024544680627968515,ref,PF,61
30,v,15,1.0820791342308493,ref,PF,61
31,teta,15,-0.2352591200608134,ref,PF,61
0,v,0,1.06,ref,PF,62
1,teta,0,0.0,ref,PF,62
2,v,1,1.045,ref,PF,62
3,teta,1,-0.08944418481433192,ref,PF,62
4,v,2,1.0201,ref,PF,62
5,teta,2,-0.17809080283660525,ref,PF,62
6,v,3,1.0223429540306737,ref,PF,62
7,teta,3,-0.16810792395944213,ref,PF,62
8,v,4,1.0238913474432778,ref,PF,62
9,teta,4,-0.14548007466326934,ref,PF,62
10,v,5,1.0807,ref,PF,62
11,teta,5,-0.23862229765198906,ref,PF,62
12,v,6,1.06546176276002,ref,PF,62
13,teta,6,-0.22089746555648432,ref,PF,62
14,v,7,1.09,ref,PF,62
15,teta,7,-0.22089746555648432,ref,PF,62
16,v,8,1.0618846485753752,ref,PF,62
17,teta,8,-0.2482260556833769,ref,PF,62
18,v,9,1.0578429135132594,ref,PF,62
19,teta,9,-0.25139441953835323,ref,PF,62
20,v,10,1.0656957780706535,ref,PF,62
21,teta,10,-0.24719547531236577,ref,PF,62
22,v,11,1.0668167180265442,ref,PF,62
23,teta,11,-0.25127456569829126,ref,PF,62
24,v,12,1.0607678123697026,ref,PF,62
25,teta,12,-0.25363119457578726,ref,PF,62
26,v,13,1.043558426389767,ref,PF,62
27,teta,13,-0.26776086839462687,ref,PF,62
28,v,14,1.0299131167145412,ref,PF,62
29,teta,14,0.00048586071705598985,ref,PF,62
30,v,15,1.0821863283284183,ref,PF,62
31,teta,15,-0.2359446657754859,ref,PF,62
0,v,0,1.06,ref,PF,63
1,teta,0,0.0,ref,PF,63
2,v,1,1.045,ref,PF,63
3,teta,1,-0.08914964494090989,ref,PF,63
4,v,2,1.0201,ref,PF,63
5,teta,2,-0.17719884276090062,ref,PF,63
6,v,3,1.02244001918779,ref,PF,63
7,teta,3,-0.167247676134931,ref,PF,63
8,v,4,1.0239365733412682,ref,PF,63
9,teta,4,-0.14492790523862542,ref,PF,63
10,v,5,1.0807,ref,PF,63
11,teta,5,-0.23842909849874638,ref,PF,63
12,v,6,1.0655242976761439,ref,PF,63
13,teta,6,-0.22024982229299206,ref,PF,63
14,v,7,1.09,ref,PF,63
15,teta,7,-0.22024982229299206,ref,PF,63
16,v,8,1.0619764183212543,ref,PF,63
17,teta,8,-0.2476886341127035,ref,PF,63
18,v,9,1.0579231035389185,ref,PF,63
19,teta,9,-0.2509176737246183,ref,PF,63
20,v,10,1.0657412016165642,ref,PF,63
21,teta,10,-0.24685903276914717,ref,PF,63
22,v,11,1.0661296787038246,ref,PF,63
23,teta,11,-0.25215286352272953,ref,PF,63
24,v,12,1.060676087844827,ref,PF,63
25,teta,12,-0.2537469257647833,ref,PF,63
26,v,13,1.0435725190595089,ref,PF,63
27,teta,13,-0.2675075446925753,ref,PF,63
28,v,14,1.0296008004256931,ref,PF,63
29,teta,14,0.001502924775141011,ref,PF,63
30,v,15,1.0815087586475767,ref,PF,63
31,teta,15,-0.23680347268359664,ref,PF,63
0,v,0,1.06,ref,PF,64
1,teta,0,0.0,ref,PF,64
2,v,1,1.045,ref,PF,64
3,teta,1,-0.08884109588092678,ref,PF,64
4,v,2,1.0201,ref,PF,64
5,teta,2,-0.1764092077692195,ref,PF,64
6,v,3,1.0225052596730588,ref,PF,64
7,teta,3,-0.16647833138213672,ref,PF,64
8,v,4,1.0240199045320586,ref,PF,64
9,teta,4,-0.14421971235875938,ref,PF,64
10,v,5,1.0807,ref,PF,64
11,teta,5,-0.23739895540727604,ref,PF,64
12,v,6,1.0655511081530322,ref,PF,64
13,teta,6,-0.21938667703714054,ref,PF,64
14,v,7,1.09,ref,PF,64
15,teta,7,-0.21938667703714054,ref,PF,64
16,v,8,1.0619949338790207,ref,PF,64
17,teta,8,-0.24677823273830796,ref,PF,64
18,v,9,1.0579371571033747,ref,PF,64
19,teta,9,-0.24998630096785093,ref,PF,64
20,v,10,1.0657469997158937,ref,PF,64
21,teta,10,-0.2458792343139552,ref,PF,64
22,v,11,1.0666828874675176,ref,PF,64
23,teta,11,-0.25053471484846246,ref,PF,64
24,v,12,1.060787036753361,ref,PF,64
25,teta,12,-0.2525266290803533,ref,PF,64
26,v,13,1.0436313838163869,ref,PF,64
27,teta,13,-0.2664602210510718,ref,PF,64
28,v,14,1.0293440440111354,ref,PF,64
29,teta,14,0.0023954322670995485,ref,PF,64
30,v,15,1.0820543414971713,ref,PF,64
31,teta,15,-0.23520102112887015,ref,PF,64
0,v,0,1.06,ref,PF,65
1,teta,0,0.0,ref,PF,65
2,v,1,1.045,ref,PF,65
3,teta,1,-0.08919334911326764,ref,PF,65
4,v,2,1.0201,ref,PF,65
5,teta,2,-0.17740580660896868,ref,PF,65
6,v,3,1.0223744784719024,ref,PF,65
7,teta,3,-0.1674306020043953,ref,PF,65
8,v,4,1.0239325799783556,ref,PF,65
9,teta,4,-0.14494374369249974,ref,PF,65
10,v,5,1.0807,ref,PF,65
11,teta,5,-0.23809587769536864,ref,PF,65
12,v,6,1.065486046639718,ref,PF,65
13,teta,6,-0.22026480315469607,ref,PF,65
14,v,7,1.09,ref,PF,65
15,teta,7,-0.22026480315469607,ref,PF,65
16,v,8,1.0619219175904313,ref,PF,65
17,teta,8,-0.24761638072826683,ref,PF,65
18,v,9,1.0578748456642706,ref,PF,65
19,teta,9,-0.25079946104423056,ref,PF,65
20,v,10,1.0657132208977484,ref,PF,65
21,teta,10,-0.24663456542627574,ref,PF,65
22,v,11,1.0669222031084,ref,PF,65
23,teta,11,-0.25104410318069376,ref,PF,65
24,v,12,1.0608281615360122,ref,PF,65
25,teta,12,-0.25316999231171494,ref,PF,65
26,v,13,1.0436070367206307,ref,PF,65
27,teta,13,-0.26721413571541036,ref,PF,65
28,v,14,1.0296868580165905,ref,PF,65
29,teta,14,0.001261485788145545,ref,PF,65
30,v,15,1.082290360490814,ref,PF,65
31,teta,15,-0.2357171925358691,ref,PF,65
0,v,0,1.06,ref,PF,66
1,teta,0,0.0,ref,PF,66
2,v,1,1.045,ref,PF,66
3,teta,1,-0.08924927492123719,ref,PF,66
4,v,2,1.0201,ref,PF,66
5,teta,2,-0.17755409007280257,ref,PF,66
6,v,3,1.0223492801582765,ref,PF,66
7,teta,3,-0.16756996570737556,ref,PF,66
8,v,4,1.0239046744752283,ref,PF,66
9,teta,4,-0.1450656783526634,ref,PF,66
10,v,5,1.0807,ref,PF,66
11,teta,5,-0.2383865892011715,ref,PF,66
12,v,6,1.0654775829627952,ref,PF,66
13,teta,6,-0.2204578094288908,ref,PF,66
14,v,7,1.09,ref,PF,66
15,teta,7,-0.2204578094288908,ref,PF,66
16,v,8,1.0619195970772768,ref,PF,66
17,teta,8,-0.24783652297006442,ref,PF,66
18,v,9,1.0578737100837332,ref,PF,66
19,teta,9,-0.25103198599465804,ref,PF,66
20,v,10,1.065713485388669,ref,PF,66
21,teta,10,-0.2468956949685886,ref,PF,66
22,v,11,1.0666594041831041,ref,PF,66
23,teta,11,-0.2516884518774456,ref,PF,66
24,v,12,1.060782559542105,ref,PF,66
25,teta,12,-0.2535702415081049,ref,PF,66
26,v,13,1.0435860518650788,ref,PF,66
27,teta,13,-0.2675134085445508,ref,PF,66
28,v,14,1.0297353038506936,ref,PF,66
29,teta,14,0.0010937957315424191,ref,PF,66
30,v,15,1.0820311817767467,ref,PF,66
31,teta,15,-0.23635409231466759,ref,PF,66
0,v,0,1.06,ref,PF,67
1,teta,0,0.0,ref,PF,67
2,v,1,1.045,ref,PF,67
3,teta,1,-0.08870041698847522,ref,PF,67
4,v,2,1.0201,ref,PF,67
5,teta,2,-0.17599970740785031,ref,PF,67
6,v,3,1.0225746340738073,ref,PF,67
7,teta,3,-0.16609309244809267,ref,PF,67
8,v,4,1.02406644422429,ref,PF,67
9,teta,4,-0.14394254000444795,ref,PF,67
10,v,5,1.0807,ref,PF,67
11,teta,5,-0.23736387576425858,ref,PF,67
12,v,6,1.065588041775127,ref,PF,67
13,teta,6,-0.2191159982219171,ref,PF,67
14,v,7,1.09,ref,PF,67
15,teta,7,-0.2191159982219171,ref,PF,67
16,v,8,1.0620421970593321,ref,PF,67
17,teta,8,-0.2465674639226149,ref,PF,67
18,v,9,1.057978434783455,ref,PF,67
19,teta,9,-0.2498064990609268,ref,PF,67
20,v,10,1.065770359058482,ref,PF,67
21,teta,10,-0.2457710432401833,ref,PF,67
22,v,11,1.0661204152525425,ref,PF,67
23,teta,11,-0.25103522343721096,ref,PF,67
24,v,12,1.060678831210829,ref,PF,67
25,teta,12,-0.2526616107966616,ref,PF,67
26,v,13,1.0436116495856234,ref,PF,67
27,teta,13,-0.26640086186488743,ref,PF,67
28,v,14,1.0291984789854105,ref,PF,67
29,teta,14,0.002863264623106165,ref,PF,67
30,v,15,1.0814996229547438,ref,PF,67
31,teta,15,-0.2356855695463705,ref,PF,67
0,v,0,1.06,ref,PF,68
1,teta,0,0.0,ref,PF,68
2,v,1,1.045,ref,PF,68
3,teta,1,-0.08869250599340252,ref,PF,68
4,v,2,1.0201,ref,PF,68
5,teta,2,-0.17593801269325063,ref,PF,68
6,v,3,1.0225941669672627,ref,PF,68
7,teta,3,-0.1660384755667324,ref,PF,68
8,v,4,1.0240542150354384,ref,PF,68
9,teta,4,-0.14395939359038065,ref,PF,68
10,v,5,1.0807,ref,PF,68
11,teta,5,-0.2373593058557524,ref,PF,68
12,v,6,1.0655986273802647,ref,PF,68
13,teta,6,-0.219073997402207,ref,PF,68
14,v,7,1.09,ref,PF,68
15,teta,7,-0.219073997402207,ref,PF,68
16,v,8,1.06205503900201,ref,PF,68
17,teta,8,-0.24653218283731002,ref,PF,68
18,v,9,1.0579894587986138,ref,PF,68
19,teta,9,-0.24977664299863442,ref,PF,68
20,v,10,1.0657764025798533,ref,PF,68
21,teta,10,-0.24575373922441468,ref,PF,68
22,v,11,1.0661222912356643,ref,PF,68
23,teta,11,-0.2510321677957678,ref,PF,68
24,v,12,1.0606817351938587,ref,PF,68
25,teta,12,-0.2526537086879132,ref,PF,68
26,v,13,1.0436203973681397,ref,PF,68
27,teta,13,-0.26637722965924276,ref,PF,68
28,v,14,1.029169172431666,ref,PF,68
29,teta,14,0.0029367041411374082,ref,PF,68
30,v,15,1.0815014730647592,ref,PF,68
31,teta,15,-0.23568256717725644,ref,PF,68
0,v,0,1.06,ref,PF,69
1,teta,0,0.0,ref,PF,69
2,v,1,1.045,ref,PF,69
3,teta,1,-0.08905213099551892,ref,PF,69
4,v,2,1.0201,ref,PF,69
5,teta,2,-0.17694346715416415,ref,PF,69
6,v,3,1.0224907512280752,ref,PF,69
7,teta,3,-0.16701054014906883,ref,PF,69
8,v,4,1.0239525168928292,ref,PF,69
9,teta,4,-0.14470258704118508,ref,PF,69
10,v,5,1.0807,ref,PF,69
11,teta,5,-0.238349587240313,ref,PF,69
12,v,6,1.0655528323113355,ref,PF,69
13,teta,6,-0.22006748422933448,ref,PF,69
14,v,7,1.09,ref,PF,69
15,teta,7,-0.22006748422933448,ref,PF,69
16,v,8,1.062012984144676,ref,PF,69
17,teta,8,-0.2475350622629865,ref,PF,69
18,v,9,1.057954343404403,ref,PF,69
19,teta,9,-0.25077719989344205,ref,PF,69
20,v,10,1.0657581728220225,ref,PF,69
21,teta,10,-0.2467488709928253,ref,PF,69
22,v,11,1.0659468671904264,ref,PF,69
23,teta,11,-0.2524756922778479,ref,PF,69
24,v,12,1.0606622538970083,ref,PF,69
25,teta,12,-0.2537846169432932,ref,PF,69
26,v,13,1.0435879654069717,ref,PF,69
27,teta,13,-0.2674367800970668,ref,PF,69
28,v,14,1.029517073637385,ref,PF,69
29,teta,14,0.0017918441274523897,ref,PF,69
30,v,15,1.0813284687935267,ref,PF,69
31,teta,15,-0.2371211089445382,ref,PF,69
0,v,0,1.06,ref,PF,70
1,teta,0,0.0,ref,PF,70
2,v,1,1.045,ref,PF,70
3,teta,1,-0.08942361838693272,ref,PF,70
4,v,2,1.0201,ref,PF,70
5,teta,2,-0.17796958520691508,ref,PF,70
6,v,3,1.0223334354834317,ref,PF,70
7,teta,3,-0.16798185558669693,ref,PF,70
8,v,4,1.02384659895171,ref,PF,70
9,teta,4,-0.1454904910981889,ref,PF,70
10,v,5,1.0807,ref,PF,70
11,teta,5,-0.23886927099398259,ref,PF,70
12,v,6,1.0654674482096302,ref,PF,70
13,teta,6,-0.2208920945332755,ref,PF,70
14,v,7,1.09,ref,PF,70
15,teta,7,-0.2208920945332755,ref,PF,70
16,v,8,1.0619072925764474,ref,PF,70
17,teta,8,-0.24828228644195377,ref,PF,70
18,v,9,1.0578638924456039,ref,PF,70
19,teta,9,-0.25148419788921855,ref,PF,70
20,v,10,1.065708874741059,ref,PF,70
21,teta,10,-0.24736278784933072,ref,PF,70
22,v,11,1.0664086291127166,ref,PF,70
23,teta,11,-0.25215830239190434,ref,PF,70
24,v,12,1.0607090052691708,ref,PF,70
25,teta,12,-0.2540631111736985,ref,PF,70
26,v,13,1.04354654182191,ref,PF,70
27,teta,13,-0.2679810997487496,ref,PF,70
28,v,14,1.0298609962267142,ref,PF,70
29,teta,14,0.0006279539282726398,ref,PF,70
30,v,15,1.081783862835955,ref,PF,70
31,teta,15,-0.2368168296788268,ref,PF,70
0,v,0,1.06,ref,PF,71
1,teta,0,0.0,ref,PF,71
2,v,1,1.045,ref,PF,71
3,teta,1,-0.08872077302082719,ref,PF,71
4,v,2,1.0201,ref,PF,71
5,teta,2,-0.17600937454207494,ref,PF,71
6,v,3,1.0226034351348807,ref,PF,71
7,teta,3,-0.16611399344975947,ref,PF,71
8,v,4,1.0240670741211064,ref,PF,71
9,teta,4,-0.14402827043221783,ref,PF,71
10,v,5,1.0807,ref,PF,71
11,teta,5,-0.23716100347078362,ref,PF,71
12,v,6,1.0655983549130073,ref,PF,71
13,teta,6,-0.21905497413768837,ref,PF,71
14,v,7,1.09,ref,PF,71
15,teta,7,-0.21905497413768837,ref,PF,71
16,v,8,1.062045306420566,ref,PF,71
17,teta,8,-0.2464647458421428,ref,PF,71
18,v,9,1.0579798970060275,ref,PF,71
19,teta,9,-0.2496862079218632,ref,PF,71
20,v,10,1.0657699108915784,ref,PF,71
21,teta,10,-0.2456101554573511,ref,PF,71
22,v,11,1.0666054686722553,ref,PF,71
23,teta,11,-0.25028042695205294,ref,PF,71
24,v,12,1.0607715790848968,ref,PF,71
25,teta,12,-0.25228111450373863,ref,PF,71
26,v,13,1.0436536961063019,ref,PF,71
27,teta,13,-0.2661757466119148,ref,PF,71
28,v,14,1.029192659528529,ref,PF,71
29,teta,14,0.002855929653824882,ref,PF,71
30,v,15,1.0819779894656825,ref,PF,71
31,teta,15,-0.2349445379425926,ref,PF,71
0,v,0,1.06,ref,PF,72
1,teta,0,0.0,ref,PF,72
2,v,1,1.045,ref,PF,72
3,teta,1,-0.08984168354582263,ref,PF,72
4,v,2,1.0201,ref,PF,72
5,teta,2,-0.1792030889229008,ref,PF,72
6,v,3,1.0221406102705448,ref,PF,72
7,teta,3,-0.16914798344491636,ref,PF,72
8,v,4,1.023723295019506,ref,PF,72
9,teta,4,-0.14630010362687265,ref,PF,72
10,v,5,1.0807,ref,PF,72
11,teta,5,-0.23982719161026275,ref,PF,72
12,v,6,1.0653774706207617,ref,PF,72
13,teta,6,-0.22200945731230395,ref,PF,72
14,v,7,1.09,ref,PF,72
15,teta,7,-0.22200945731230395,ref,PF,72
16,v,8,1.0618150965789563,ref,PF,72
17,teta,8,-0.24937163563054152,ref,PF,72
18,v,9,1.0577857401102315,ref,PF,72
19,teta,9,-0.2525502256826004,ref,PF,72
20,v,10,1.0656670576442697,ref,PF,72
21,teta,10,-0.24837481421056415,ref,PF,72
22,v,11,1.0665518233908193,ref,PF,72
23,teta,11,-0.2533230218875087,ref,PF,72
24,v,12,1.0607520562499675,ref,PF,72
25,teta,12,-0.2550833854104211,ref,PF,72
26,v,13,1.0435124064416068,ref,PF,72
27,teta,13,-0.2690411552816368,ref,PF,72
28,v,14,1.0302775962308584,ref,PF,72
29,teta,14,-0.0007723837394995503,ref,PF,72
30,v,15,1.081925083454509,ref,PF,72
31,teta,15,-0.2379856114353172,ref,PF,72
0,v,0,1.06,ref,PF,73
1,teta,0,0.0,ref,PF,73
2,v,1,1.045,ref,PF,73
3,teta,1,-0.08866280961844873,ref,PF,73
4,v,2,1.0201,ref,PF,73
5,teta,2,-0.17583027531374568,ref,PF,73
6,v,3,1.0226621435478545,ref,PF,73
7,teta,3,-0.16595663306250227,ref,PF,73
8,v,4,1.024088733983828,ref,PF,73
9,teta,4,-0.14392053205559932,ref,PF,73
10,v,5,1.0807,ref,PF,73
11,teta,5,-0.236900126044562,ref,PF,73
12,v,6,1.0656242618776395,ref,PF,73
13,teta,6,-0.218858725686649,ref,PF,73
14,v,7,1.09,ref,PF,73
15,teta,7,-0.218858725686649,ref,PF,73
16,v,8,1.0620678071739689,ref,PF,73
17,teta,8,-0.24624936956810897,ref,PF,73
18,v,9,1.0579980983713932,ref,PF,73
19,teta,9,-0.24946290422850936,ref,PF,73
20,v,10,1.0657787354607973,ref,PF,73
21,teta,10,-0.24536856688792194,ref,PF,73
22,v,11,1.0668544414669494,ref,PF,73
23,teta,11,-0.24975258311718235,ref,PF,73
24,v,12,1.0608232842028016,ref,PF,73
25,teta,12,-0.251933106045609,ref,PF,73
26,v,13,1.0436891319457817,ref,PF,73
27,teta,13,-0.26590146358101374,ref,PF,73
28,v,14,1.029126538819904,ref,PF,73
29,teta,14,0.0030615277397476512,ref,PF,73
30,v,15,1.0822235321467863,ref,PF,73
31,teta,15,-0.23442375231618345,ref,PF,73
0,v,0,1.06,ref,PF,74
1,teta,0,0.0,ref,PF,74
2,v,1,1.045,ref,PF,74
3,teta,1,-0.08854564139626186,ref,PF,74
4,v,2,1.0201,ref,PF,74
5,teta,2,-0.17553168486365336,ref,PF,74
6,v,3,1.0226624200310797,ref,PF,74
7,teta,3,-0.1656560216237669,ref,PF,74
8,v,4,1.0241015606867068,ref,PF,74
9,teta,4,-0.14364920721899685,ref,PF,74
10,v,5,1.0807,ref,PF,74
11,teta,5,-0.23665390275645543,ref,PF,74
12,v,6,1.0656265365287008,ref,PF,74
13,teta,6,-0.21857533846066002,ref,PF,74
14,v,7,1.09,ref,PF,74
15,teta,7,-0.21857533846066002,ref,PF,74
16,v,8,1.0620733089938028,ref,PF,74
17,teta,8,-0.24597475971076224,ref,PF,74
18,v,9,1.0580029926904704,ref,PF,74
19,teta,9,-0.24919329193180728,ref,PF,74
20,v,10,1.065781596070897,ref,PF,74
21,teta,10,-0.2451105087907254,ref,PF,74
22,v,11,1.0668255243470517,ref,PF,74
23,teta,11,-0.24960667877824785,ref,PF,74
24,v,12,1.0608243439398315,ref,PF,74
25,teta,12,-0.2517136459670185,ref,PF,74
26,v,13,1.043692930410333,ref,PF,74
27,teta,13,-0.26565072796010863,ref,PF,74
28,v,14,1.0290269249475112,ref,PF,74
29,teta,14,0.0034000426514441016,ref,PF,74
30,v,15,1.0821950133430709,ref,PF,74
31,teta,15,-0.2342770284457596,ref,PF,74
0,v,0,1.06,ref,PF,75
1,teta,0,0.0,ref,PF,75
2,v,1,1.045,ref,PF,75
3,teta,1,-0.0890617033045606,ref,PF,75
4,v,2,1.0201,ref,PF,75
5,teta,2,-0.17702399243945532,ref,PF,75
6,v,3,1.022447409010721,ref,PF,75
7,teta,3,-0.16707476712939665,ref,PF,75
8,v,4,1.0239760146008727,ref,PF,75
9,teta,4,-0.14468163061279304,ref,PF,75
10,v,5,1.0807,ref,PF,75
11,teta,5,-0.23781150184501917,ref,PF,75
12,v,6,1.0655215596419927,ref,PF,75
13,teta,6,-0.21992804662956644,ref,PF,75
14,v,7,1.09,ref,PF,75
15,teta,7,-0.21992804662956644,ref,PF,75
16,v,8,1.0619600004618606,ref,PF,75
17,teta,8,-0.24729046486194387,ref,PF,75
18,v,9,1.057906984252345,ref,PF,75
19,teta,9,-0.25048093988722275,ref,PF,75
20,v,10,1.0657302670423008,ref,PF,75
21,teta,10,-0.24633317939348076,ref,PF,75
22,v,11,1.0669006077955387,ref,PF,75
23,teta,11,-0.2507891398011137,ref,PF,75
24,v,12,1.0608300880071375,ref,PF,75
25,teta,12,-0.2528907684209354,ref,PF,75
26,v,13,1.0436299232482034,ref,PF,75
27,teta,13,-0.2669078839477948,ref,PF,75
28,v,14,1.0295547686216653,ref,PF,75
29,teta,14,0.0016962166879576541,ref,PF,75
30,v,15,1.0822690626033804,ref,PF,75
31,teta,15,-0.23546161725065298,ref,PF,75
0,v,0,1.06,ref,PF,76
1,teta,0,0.0,ref,PF,76
2,v,1,1.045,ref,PF,76
3,teta,1,-0.08882600277068564,ref,PF,76
4,v,2,1.0201,ref,PF,76
5,teta,2,-0.17633992362056755,ref,PF,76
6,v,3,1.022493157745559,ref,PF,76
7,teta,3,-0.1664036523342646,ref,PF,76
8,v,4,1.0239819208569365,ref,PF,76
9,teta,4,-0.14420710610305632,ref,PF,76
10,v,5,1.0807,ref,PF,76
11,teta,5,-0.23743964491995034,ref,PF,76
12,v,6,1.0655470489821552,ref,PF,76
13,teta,6,-0.219347415870915,ref,PF,76
14,v,7,1.09,ref,PF,76
15,teta,7,-0.219347415870915,ref,PF,76
16,v,8,1.061994259199226,ref,PF,76
17,teta,8,-0.2467569883977298,ref,PF,76
18,v,9,1.0579372917547407,ref,PF,76
19,teta,9,-0.2499759272044039,ref,PF,76
20,v,10,1.065747812753277,ref,PF,76
21,teta,10,-0.24589397461752652,ref,PF,76
22,v,11,1.0665206511658463,ref,PF,76
23,teta,11,-0.25068109137251554,ref,PF,76
24,v,12,1.060750275222895,ref,PF,76
25,teta,12,-0.2526012032034384,ref,PF,76
26,v,13,1.0436150007068277,ref,PF,76
27,teta,13,-0.26648127464928123,ref,PF,76
28,v,14,1.0293148219957569,ref,PF,76
29,teta,14,0.0024764259382330975,ref,PF,76
30,v,15,1.0818943408369368,ref,PF,76
31,teta,15,-0.2353427967361444,ref,PF,76
0,v,0,1.06,ref,PF,77
1,teta,0,0.0,ref,PF,77
2,v,1,1.045,ref,PF,77
3,teta,1,-0.08932737344168974,ref,PF,77
4,v,2,1.0201,ref,PF,77
5,teta,2,-0.17774847059299181,ref,PF,77
6,v,3,1.0222614225461255,ref,PF,77
7,teta,3,-0.16773095914144015,ref,PF,77
8,v,4,1.023828256203365,ref,PF,77
9,teta,4,-0.14524699697195165,ref,PF,77
10,v,5,1.0807,ref,PF,77
11,teta,5,-0.23867485317043494,ref,PF,77
12,v,6,1.0654344115581291,ref,PF,77
13,teta,6,-0.2206597340393819,ref,PF,77
14,v,7,1.09,ref,PF,77
15,teta,7,-0.2206597340393819,ref,PF,77
16,v,8,1.0618756993650047,ref,PF,77
17,teta,8,-0.2480583997795176,ref,PF,77
18,v,9,1.057837949731991,ref,PF,77
19,teta,9,-0.2512654004922327,ref,PF,77
20,v,10,1.0656958725136692,ref,PF,77
21,teta,10,-0.2471557048962292,ref,PF,77
22,v,11,1.066286756884464,ref,PF,77
23,teta,11,-0.25201972506235215,ref,PF,77
24,v,12,1.0606751381634212,ref,PF,77
25,teta,12,-0.2538893025278988,ref,PF,77
26,v,13,1.0435135309510608,ref,PF,77
27,teta,13,-0.26778006796073545,ref,PF,77
28,v,14,1.0297960563885074,ref,PF,77
29,teta,14,0.000875079849446939,ref,PF,77
30,v,15,1.0816636707735918,ref,PF,77
31,teta,15,-0.236674793704896,ref,PF,77
0,v,0,1.06,ref,PF,78
1,teta,0,0.0,ref,PF,78
2,v,1,1.045,ref,PF,78
3,teta,1,-0.08970254663437394,ref,PF,78
4,v,2,1.0201,ref,PF,78
5,teta,2,-0.17876881657449556,ref,PF,78
6,v,3,1.022180702975274,ref,PF,78
7,teta,3,-0.16872641962204363,ref,PF,78
8,v,4,1.0237429629858277,ref,PF,78
9,teta,4,-0.14605251924111182,ref,PF,78
10,v,5,1.0807,ref,PF,78
11,teta,5,-0.23962597727797572,ref,PF,78
12,v,6,1.065395662639874,ref,PF,78
13,teta,6,-0.22165186360349576,ref,PF,78
14,v,7,1.09,ref,PF,78
15,teta,7,-0.22165186360349576,ref,PF,78
16,v,8,1.0618355294791602,ref,PF,78
17,teta,8,-0.24904767903659028,ref,PF,78
18,v,9,1.0578041141648924,ref,PF,78
19,teta,9,-0.25224787372812224,ref,PF,78
20,v,10,1.0656779941034737,ref,PF,78
21,teta,10,-0.24812240020906448,ref,PF,78
22,v,11,1.0661738327658057,ref,PF,78
23,teta,11,-0.25315984995439245,ref,PF,78
24,v,12,1.0606521189552494,ref,PF,78
25,teta,12,-0.25490577682330984,ref,PF,78
26,v,13,1.0434803260129355,ref,PF,78
27,teta,13,-0.2687822055300726,ref,PF,78
28,v,14,1.0301282942572034,ref,PF,78
29,teta,14,-0.00027832764938786556,ref,PF,78
30,v,15,1.0815523037798447,ref,PF,78
31,teta,15,-0.23781171285367683,ref,PF,78
0,v,0,1.06,ref,PF,79
1,teta,0,0.0,ref,PF,79
2,v,1,1.045,ref,PF,79
3,teta,1,-0.08965813186042179,ref,PF,79
4,v,2,1.0201,ref,PF,79
5,teta,2,-0.17868762176330488,ref,PF,79
6,v,3,1.022153284944186,ref,PF,79
7,teta,3,-0.168634011723785,ref,PF,79
8,v,4,1.0237487943445434,ref,PF,79
9,teta,4,-0.14592215476394832,ref,PF,79
10,v,5,1.0807,ref,PF,79
11,teta,5,-0.23922025232489305,ref,PF,79
12,v,6,1.0653827334162966,ref,PF,79
13,teta,6,-0.22145422070930643,ref,PF,79
14,v,7,1.09,ref,PF,79
15,teta,7,-0.2214542207093064,ref,PF,79
16,v,8,1.061817797264731,ref,PF,79
17,teta,8,-0.24879532359270423,ref,PF,79
18,v,9,1.057787641043376,ref,PF,79
19,teta,9,-0.2519685436694081,ref,PF,79
20,v,10,1.0656676673992995,ref,PF,79
21,teta,10,-0.2477807301871162,ref,PF,79
22,v,11,1.0668716222163406,ref,PF,79
23,teta,11,-0.2523140274295083,ref,PF,79
24,v,12,1.060810871796183,ref,PF,79
25,teta,12,-0.2543443068449708,ref,PF,79
26,v,13,1.0435395146086504,ref,PF,79
27,teta,13,-0.2683930192031412,ref,PF,79
28,v,14,1.0301095714914932,ref,PF,79
29,teta,14,-0.00018963532091110185,ref,PF,79
30,v,15,1.0822404762511009,ref,PF,79
31,teta,15,-0.2369856835120072,ref,PF,79
0,v,0,1.06,ref,PF,80
1,teta,0,0.0,ref,PF,80
2,v,1,1.045,ref,PF,80
3,teta,1,-0.08953404756095905,ref,PF,80
4,v,2,1.0201,ref,PF,80
5,teta,2,-0.17832881104197482,ref,PF,80
6,v,3,1.022197233505264,ref,PF,80
7,teta,3,-0.16829003185492222,ref,PF,80
8,v,4,1.0237777389716143,ref,PF,80
9,teta,4,-0.14567459456561446,ref,PF,80
10,v,5,1.0807,ref,PF,80
11,teta,5,-0.23909543435168676,ref,PF,80
12,v,6,1.0654008048577321,ref,PF,80
13,teta,6,-0.221178815041834,ref,PF,80
14,v,7,1.09,ref,PF,80
15,teta,7,-0.221178815041834,ref,PF,80
16,v,8,1.0618361043087536,ref,PF,80
17,teta,8,-0.24855609471921372,ref,PF,80
18,v,9,1.0578041540191714,ref,PF,80
19,teta,9,-0.2517494510264063,ref,PF,80
20,v,10,1.0656775461848897,ref,PF,80
21,teta,10,-0.2476081803753593,ref,PF,80
22,v,11,1.0663601484640814,ref,PF,80
23,teta,11,-0.2523102285154156,ref,PF,80
24,v,12,1.0606790565236428,ref,PF,80
25,teta,12,-0.25427712820800535,ref,PF,80
26,v,13,1.0434921766958873,ref,PF,80
27,teta,13,-0.2682305548131344,ref,PF,80
28,v,14,1.0299894696082152,ref,PF,80
29,teta,14,0.00021727284734271817,ref,PF,80
30,v,15,1.0817360505126359,ref,PF,80
31,teta,15,-0.23696738009659993,ref,PF,80
0,v,0,1.06,ref,PF,81
1,teta,0,0.0,ref,PF,81
2,v,1,1.045,ref,PF,81
3,teta,1,-0.08977574539733485,ref,PF,81
4,v,2,1.0201,ref,PF,81
5,teta,2,-0.17897474237325575,ref,PF,81
6,v,3,1.0221231067032053,ref,PF,81
7,teta,3,-0.16891101888310406,ref,PF,81
8,v,4,1.0236971819255065,ref,PF,81
9,teta,4,-0.14620173023885705,ref,PF,81
10,v,5,1.0807,ref,PF,81
11,teta,5,-0.23969576057452108,ref,PF,81
12,v,6,1.065369335044112,ref,PF,81
13,teta,6,-0.22179895979937647,ref,PF,81
14,v,7,1.09,ref,PF,81
15,teta,7,-0.22179895979937647,ref,PF,81
16,v,8,1.0618081580819232,ref,PF,81
17,teta,8,-0.2491745386683621,ref,PF,81
18,v,9,1.057780709124628,ref,PF,81
19,teta,9,-0.25236463916715296,ref,PF,81
20,v,10,1.0656652578934704,ref,PF,81
21,teta,10,-0.2482158094247402,ref,PF,81
22,v,11,1.0664245844123053,ref,PF,81
23,teta,11,-0.2530950503020004,ref,PF,81
24,v,12,1.0607083066891367,ref,PF,81
25,teta,12,-0.2549262000406346,ref,PF,81
26,v,13,1.0434891606397239,ref,PF,81
27,teta,13,-0.26886226742170793,ref,PF,81
28,v,14,1.0301956429906467,ref,PF,81
29,teta,14,-0.0005112222451032449,ref,PF,81
30,v,15,1.0817995981977153,ref,PF,81
31,teta,15,-0.23775403030240333,ref,PF,81
0,v,0,1.06,ref,PF,82
1,teta,0,0.0,ref,PF,82
2,v,1,1.045,ref,PF,82
3,teta,1,-0.08923722270176976,ref,PF,82
4,v,2,1.0201,ref,PF,82
5,teta,2,-0.17747834115150551,ref,PF,82
6,v,3,1.0223922720592304,ref,PF,82
7,teta,3,-0.16751047408892972,ref,PF,82
8,v,4,1.0239061163548506,ref,PF,82
9,teta,4,-0.14507624977935601,ref,PF,82
10,v,5,1.0807,ref,PF,82
11,teta,5,-0.23869339870776635,ref,PF,82
12,v,6,1.0655039786474099,ref,PF,82
13,teta,6,-0.22052102581059976,ref,PF,82
14,v,7,1.09,ref,PF,82
15,teta,7,-0.22052102581059974,ref,PF,82
16,v,8,1.0619587083225104,ref,PF,82
17,teta,8,-0.24796336200272937,ref,PF,82
18,v,9,1.0579082583109019,ref,PF,82
19,teta,9,-0.2511905240531365,ref,PF,82
20,v,10,1.065733433629871,ref,PF,82
21,teta,10,-0.2471275207296566,ref,PF,82
22,v,11,1.0660846537237274,ref,PF,82
23,teta,11,-0.25265931876929776,ref,PF,82
24,v,12,1.0606801428850479,ref,PF,82
25,teta,12,-0.2540832938358601,ref,PF,82
26,v,13,1.043564315116568,ref,PF,82
27,teta,13,-0.2678092903467316,ref,PF,82
28,v,14,1.0297019103287302,ref,PF,82
29,teta,14,0.0011829214578578404,ref,PF,82
30,v,15,1.0814643546565719,ref,PF,82
31,teta,15,-0.23730864930479384,ref,PF,82
0,v,0,1.06,ref,PF,83
1,teta,0,0.0,ref,PF,83
2,v,1,1.045,ref,PF,83
3,teta,1,-0.08935686580690909,ref,PF,83
4,v,2,1.0201,ref,PF,83
5,teta,2,-0.17783871506460028,ref,PF,83
6,v,3,1.0223148412514347,ref,PF,83
7,teta,3,-0.1678429482798116,ref,PF,83
8,v,4,1.0238633454281911,ref,PF,83
9,teta,4,-0.1453019805225938,ref,PF,83
10,v,5,1.0807,ref,PF,83
11,teta,5,-0.2384754332686931,ref,PF,83
12,v,6,1.0654591973893157,ref,PF,83
13,teta,6,-0.22066907378402206,ref,PF,83
14,v,7,1.09,ref,PF,83
15,teta,7,-0.22066907378402206,ref,PF,83
16,v,8,1.0618958173934412,ref,PF,83
17,teta,8,-0.24801555021733748,ref,PF,83
18,v,9,1.057852918988582,ref,PF,83
19,teta,9,-0.25119511700703845,ref,PF,83
20,v,10,1.0657016960320695,ref,PF,83
21,teta,10,-0.24702206937104274,ref,PF,83
22,v,11,1.0669783567346158,ref,PF,83
23,teta,11,-0.25146047374136904,ref,PF,83
24,v,12,1.0608434008238072,ref,PF,83
25,teta,12,-0.2535578232397159,ref,PF,83
26,v,13,1.0435987490430212,ref,PF,83
27,teta,13,-0.267608531233706,ref,PF,83
28,v,14,1.0298276897898313,ref,PF,83
29,teta,14,0.0007721646137433455,ref,PF,83
30,v,15,1.0823457407835069,ref,PF,83
31,teta,15,-0.23613515404511737,ref,PF,83
0,v,0,1.06,ref,PF,84
1,teta,0,0.0,ref,PF,84
2,v,1,1.045,ref,PF,84
3,teta,1,-0.08934179968854032,ref,PF,84
4,v,2,1.0201,ref,PF,84
5,teta,2,-0.17778892064410043,ref,PF,84
6,v,3,1.0222357919813443,ref,PF,84
7,teta,3,-0.1677615800920008,ref,PF,84
8,v,4,1.0237987695645057,ref,PF,84
9,teta,4,-0.14527338967334702,ref,PF,84
10,v,5,1.0807,ref,PF,84
11,teta,5,-0.23871541888476763,ref,PF,84
12,v,6,1.0654256586068622,ref,PF,84
13,teta,6,-0.2206944468297216,ref,PF,84
14,v,7,1.09,ref,PF,84
15,teta,7,-0.2206944468297216,ref,PF,84
16,v,8,1.0618708051014014,ref,PF,84
17,teta,8,-0.24809466841393993,ref,PF,84
18,v,9,1.0578339277895747,ref,PF,84
19,teta,9,-0.2513024104873123,ref,PF,84
20,v,10,1.0656938534793141,ref,PF,84
21,teta,10,-0.24719442091568372,ref,PF,84
22,v,11,1.0663681606989495,ref,PF,84
23,teta,11,-0.2521646178821561,ref,PF,84
24,v,12,1.060706210340367,ref,PF,84
25,teta,12,-0.25395246925638065,ref,PF,84
26,v,13,1.043524560549504,ref,PF,84
27,teta,13,-0.267827584641423,ref,PF,84
28,v,14,1.029809615861828,ref,PF,84
29,teta,14,0.0008291985087781883,ref,PF,84
30,v,15,1.0817439522916963,ref,PF,84
31,teta,15,-0.23682199683434083,ref,PF,84
0,v,0,1.06,ref,PF,85
1,teta,0,0.0,ref,PF,85
2,v,1,1.045,ref,PF,85
3,teta,1,-0.08882653689442892,ref,PF,85
4,v,2,1.0201,ref,PF,85
5,teta,2,-0.17633489320421078,ref,PF,85
6,v,3,1.0225520612204375,ref,PF,85
7,teta,3,-0.16642179028183587,ref,PF,85
8,v,4,1.0240315481320454,ref,PF,85
9,teta,4,-0.14421871435514513,ref,PF,85
10,v,5,1.0807,ref,PF,85
11,teta,5,-0.23763010601465262,ref,PF,85
12,v,6,1.0655776704964,ref,PF,85
13,teta,6,-0.21942654667891212,ref,PF,85
14,v,7,1.09,ref,PF,85
15,teta,7,-0.21942654667891212,ref,PF,85
16,v,8,1.0620312013327091,ref,PF,85
17,teta,8,-0.24686830063987067,ref,PF,85
18,v,9,1.0579689023054704,ref,PF,85
19,teta,9,-0.2501012317483785,ref,PF,85
20,v,10,1.0657650365785194,ref,PF,85
21,teta,10,-0.24605165782954685,ref,PF,85
22,v,11,1.0662250512641362,ref,PF,85
23,teta,11,-0.2512866520319953,ref,PF,85
24,v,12,1.0607054514377292,ref,PF,85
25,teta,12,-0.25292013566036176,ref,PF,85
26,v,13,1.0436169960760306,ref,PF,85
27,teta,13,-0.2666830284963199,ref,PF,85
28,v,14,1.0293118178931153,ref,PF,85
29,teta,14,0.0024826601412835,ref,PF,85
30,v,15,1.0816028159816584,ref,PF,85
31,teta,15,-0.2359399690701848,ref,PF,85
0,v,0,1.06,ref,PF,86
1,teta,0,0.0,ref,PF,86
2,v,1,1.045,ref,PF,86
3,teta,1,-0.08954559256001944,ref,PF,86
4,v,2,1.0201,ref,PF,86
5,teta,2,-0.17836595915096,ref,PF,86
6,v,3,1.0222195651450772,ref,PF,86
7,teta,3,-0.1683362690662126,ref,PF,86
8,v,4,1.0237987429009598,ref,PF,86
9,teta,4,-0.1456959604494198,ref,PF,86
10,v,5,1.0807,ref,PF,86
11,teta,5,-0.23898149386331505,ref,PF,86
12,v,6,1.0654101210530338,ref,PF,86
13,teta,6,-0.22117171084022802,ref,PF,86
14,v,7,1.09,ref,PF,86
15,teta,7,-0.22117171084022802,ref,PF,86
16,v,8,1.061841808196279,ref,PF,86
17,teta,8,-0.248521848462316,ref,PF,86
18,v,9,1.0578080004548887,ref,PF,86
19,teta,9,-0.2517012283158153,ref,PF,86
20,v,10,1.0656785673756235,ref,PF,86
21,teta,10,-0.24752767696770175,ref,PF,86
22,v,11,1.0666825046738542,ref,PF,86
23,teta,11,-0.25196974901008573,ref,PF,86
24,v,12,1.0607521503880486,ref,PF,86
25,teta,12,-0.2540859697728262,ref,PF,86
26,v,13,1.043527353707001,ref,PF,86
27,teta,13,-0.2681267431444717,ref,PF,86
28,v,14,1.0300026217982174,ref,PF,86
29,teta,14,0.00017485742280204448,ref,PF,86
30,v,15,1.0820539639777202,ref,PF,86
31,teta,15,-0.23663604443713018,ref,PF,86
0,v,0,1.06,ref,PF,87
1,teta,0,0.0,ref,PF,87
2,v,1,1.045,ref,PF,87
3,teta,1,-0.0892880316257434,ref,PF,87
4,v,2,1.0201,ref,PF,87
5,teta,2,-0.17763710427296384,ref,PF,87
6,v,3,1.0223651629700272,ref,PF,87
7,teta,3,-0.16765973435108772,ref,PF,87
8,v,4,1.0238971988722754,ref,PF,87
9,teta,4,-0.14516790357306947,ref,PF,87
10,v,5,1.0807,ref,PF,87
11,teta,5,-0.2385008069999076,ref,PF,87
12,v,6,1.0654823777247122,ref,PF,87
13,teta,6,-0.2205545875107488,ref,PF,87
14,v,7,1.09,ref,PF,87
15,teta,7,-0.2205545875107488,ref,PF,87
16,v,8,1.061921698068732,ref,PF,87
17,teta,8,-0.24793729850210497,ref,PF,87
18,v,9,1.0578756085388887,ref,PF,87
19,teta,9,-0.25113512703745317,ref,PF,87
20,v,10,1.0657146244307183,ref,PF,87
21,teta,10,-0.24700430385967356,ref,PF,87
22,v,11,1.066525301525553,ref,PF,87
23,teta,11,-0.2517448916173018,ref,PF,87
24,v,12,1.0607401438154247,ref,PF,87
25,teta,12,-0.25367653983822086,ref,PF,87
26,v,13,1.0435684892768202,ref,PF,87
27,teta,13,-0.26761727165086413,ref,PF,87
28,v,14,1.0297584583717978,ref,PF,87
29,teta,14,0.001001506489244365,ref,PF,87
30,v,15,1.0818989271051236,ref,PF,87
31,teta,15,-0.23640672889082598,ref,PF,87
0,v,0,1.06,ref,PF,88
1,teta,0,0.0,ref,PF,88
2,v,1,1.045,ref,PF,88
3,teta,1,-0.08929242955520408,ref,PF,88
4,v,2,1.0201,ref,PF,88
5,teta,2,-0.1776302537491085,ref,PF,88
6,v,3,1.0223207263496656,ref,PF,88
7,teta,3,-0.167635227332831,ref,PF,88
8,v,4,1.0238419664491625,ref,PF,88
9,teta,4,-0.1451887104079695,ref,PF,88
10,v,5,1.0807,ref,PF,88
11,teta,5,-0.23839671040997157,ref,PF,88
12,v,6,1.065459655431406,ref,PF,88
13,teta,6,-0.22049857595181332,ref,PF,88
14,v,7,1.09,ref,PF,88
15,teta,7,-0.22049857595181332,ref,PF,88
16,v,8,1.0618952865650295,ref,PF,88
17,teta,8,-0.24786447977421586,ref,PF,88
18,v,9,1.0578532919905315,ref,PF,88
19,teta,9,-0.25105674650288706,ref,PF,88
20,v,10,1.0657027588315777,ref,PF,88
21,teta,10,-0.2469130383976677,ref,PF,88
22,v,11,1.0666798148847092,ref,PF,88
23,teta,11,-0.2513428266514978,ref,PF,88
24,v,12,1.0607563098807928,ref,PF,88
25,teta,12,-0.25348131381661304,ref,PF,88
26,v,13,1.0435600971215853,ref,PF,88
27,teta,13,-0.26749137290933883,ref,PF,88
28,v,14,1.0297525771462495,ref,PF,88
29,teta,14,0.0010107128479581217,ref,PF,88
30,v,15,1.0820513112491315,ref,PF,88
31,teta,15,-0.2360090458145889,ref,PF,88
0,v,0,1.06,ref,PF,89
1,teta,0,0.0,ref,PF,89
2,v,1,1.045,ref,PF,89
3,teta,1,-0.08989301848482396,ref,PF,89
4,v,2,1.0201,ref,PF,89
5,teta,2,-0.17930281947855484,ref,PF,89
6,v,3,1.022134567181356,ref,PF,89
7,teta,3,-0.16924583538667204,ref,PF,89
8,v,4,1.0237101866455245,ref,PF,89
9,teta,4,-0.14644905716408135,ref,PF,89
10,v,5,1.0807,ref,PF,89
11,teta,5,-0.23994247333485222,ref,PF,89
12,v,6,1.0653740880080802,ref,PF,89
13,teta,6,-0.22210953699235803,ref,PF,89
14,v,7,1.09,ref,PF,89
15,teta,7,-0.22210953699235803,ref,PF,89
16,v,8,1.0618111629524871,ref,PF,89
17,teta,8,-0.2494728072250688,ref,PF,89
18,v,9,1.05778262768946,ref,PF,89
19,teta,9,-0.25265386403543094,ref,PF,89
20,v,10,1.0656656251544776,ref,PF,89
21,teta,10,-0.2484841459543638,ref,PF,89
22,v,11,1.066536146363504,ref,PF,89
23,teta,11,-0.2533509860874788,ref,PF,89
24,v,12,1.0607403254197791,ref,PF,89
25,teta,12,-0.25517363668993337,ref,PF,89
26,v,13,1.043504916466925,ref,PF,89
27,teta,13,-0.26913784006340996,ref,PF,89
28,v,14,1.0303019206840571,ref,PF,89
29,teta,14,-0.0008818536392007131,ref,PF,89
30,v,15,1.0819096224809317,ref,PF,89
31,teta,15,-0.23801313097395083,ref,PF,89
0,v,0,1.06,ref,PF,90
1,teta,0,0.0,ref,PF,90
2,v,1,1.045,ref,PF,90
3,teta,1,-0.08916538491560232,ref,PF,90
4,v,2,1.0201,ref,PF,90
5,teta,2,-0.17728121169369257,ref,PF,90
6,v,3,1.0223546525725715,ref,PF,90
7,teta,3,-0.16729711081129417,ref,PF,90
8,v,4,1.0238756121398123,ref,PF,90
9,teta,4,-0.14491972729746622,ref,PF,90
10,v,5,1.0807,ref,PF,90
11,teta,5,-0.2382781074517723,ref,PF,90
12,v,6,1.065479416428792,ref,PF,90
13,teta,6,-0.22023239945545145,ref,PF,90
14,v,7,1.09,ref,PF,90
15,teta,7,-0.22023239945545145,ref,PF,90
16,v,8,1.0619227510509819,ref,PF,90
17,teta,8,-0.2476357198814276,ref,PF,90
18,v,9,1.0578773709124727,ref,PF,90
19,teta,9,-0.2508473990464883,ref,PF,90
20,v,10,1.0657164796251197,ref,PF,90
21,teta,10,-0.24674857616204757,ref,PF,90
22,v,11,1.0663629888543467,ref,PF,90
23,teta,11,-0.25158596464410726,ref,PF,90
24,v,12,1.0607005360183956,ref,PF,90
25,teta,12,-0.2534739548059736,ref,PF,90
26,v,13,1.043551848240021,ref,PF,90
27,teta,13,-0.26735939292116395,ref,PF,90
28,v,14,1.0296359870292882,ref,PF,90
29,teta,14,0.0014064596031266436,ref,PF,90
30,v,15,1.081738851745406,ref,PF,90
31,teta,15,-0.23624319683039693,ref,PF,90
0,v,0,1.06,ref,PF,91
1,teta,0,0.0,ref,PF,91
2,v,1,1.045,ref,PF,91
3,teta,1,-0.08901184048515569,ref,PF,91
4,v,2,1.0201,ref,PF,91
5,teta,2,-0.17687073567023204,ref,PF,91
6,v,3,1.0224210322723069,ref,PF,91
7,teta,3,-0.16690994120398092,ref,PF,91
8,v,4,1.0239537137776697,ref,PF,91
9,teta,4,-0.14458916185902115,ref,PF,91
10,v,5,1.0807,ref,PF,91
11,teta,5,-0.23772861886523888,ref,PF,91
12,v,6,1.0655141760920364,ref,PF,91
13,teta,6,-0.219787191472322,ref,PF,91
14,v,7,1.09,ref,PF,91
15,teta,7,-0.219787191472322,ref,PF,91
16,v,8,1.0619593263153497,ref,PF,91
17,teta,8,-0.2471613220274504,ref,PF,91
18,v,9,1.0579069440425668,ref,PF,91
19,teta,9,-0.2503599162575016,ref,PF,91
20,v,10,1.0657308027325554,ref,PF,91
21,teta,10,-0.2462309129648438,ref,PF,91
22,v,11,1.0669387331939617,ref,PF,91
23,teta,11,-0.2508384004340411,ref,PF,91
24,v,12,1.060852389124132,ref,PF,91
25,teta,12,-0.2528363646904118,ref,PF,91
26,v,13,1.0436396405866009,ref,PF,91
27,teta,13,-0.26681087305996565,ref,PF,91
28,v,14,1.0294998044833512,ref,PF,91
29,teta,14,0.0018714944978172451,ref,PF,91
30,v,15,1.0823066629203248,ref,PF,91
31,teta,15,-0.23551195814640966,ref,PF,91
0,v,0,1.06,ref,PF,92
1,teta,0,0.0,ref,PF,92
2,v,1,1.045,ref,PF,92
3,teta,1,-0.0894774424777477,ref,PF,92
4,v,2,1.0201,ref,PF,92
5,teta,2,-0.17815988560448792,ref,PF,92
6,v,3,1.0222208754106594,ref,PF,92
7,teta,3,-0.1681292231549624,ref,PF,92
8,v,4,1.0237911756829439,ref,PF,92
9,teta,4,-0.1455664187406863,ref,PF,92
10,v,5,1.0807,ref,PF,92
11,teta,5,-0.23905264132776358,ref,PF,92
12,v,6,1.0654199901582182,ref,PF,92
13,teta,6,-0.22105693807341287,ref,PF,92
14,v,7,1.09,ref,PF,92
15,teta,7,-0.22105693807341287,ref,PF,92
16,v,8,1.0618663895632363,ref,PF,92
17,teta,8,-0.24845420875424687,ref,PF,92
18,v,9,1.0578300048291795,ref,PF,92
19,teta,9,-0.2516580208056223,ref,PF,92
20,v,10,1.0656915656343005,ref,PF,92
21,teta,10,-0.2475409460231516,ref,PF,92
22,v,11,1.066416188877722,ref,PF,92
23,teta,11,-0.2526202705681076,ref,PF,92
24,v,12,1.0607284380085804,ref,PF,92
25,teta,12,-0.2543219530967232,ref,PF,92
26,v,13,1.0435318972275736,ref,PF,92
27,teta,13,-0.26819114299995833,ref,PF,92
28,v,14,1.0299316200509476,ref,PF,92
29,teta,14,0.0004093671069435787,ref,PF,92
30,v,15,1.0817913183916665,ref,PF,92
31,teta,15,-0.2372790123572493,ref,PF,92
0,v,0,1.06,ref,PF,93
1,teta,0,0.0,ref,PF,93
2,v,1,1.045,ref,PF,93
3,teta,1,-0.08957662947081496,ref,PF,93
4,v,2,1.0201,ref,PF,93
5,teta,2,-0.1784499136964104,ref,PF,93
6,v,3,1.022205841977449,ref,PF,93
7,teta,3,-0.16841537648851074,ref,PF,93
8,v,4,1.0237739898812472,ref,PF,93
9,teta,4,-0.14575953574256573,ref,PF,93
10,v,5,1.0807,ref,PF,93
11,teta,5,-0.23924777919753362,ref,PF,93
12,v,6,1.0654065389648557,ref,PF,93
13,teta,6,-0.22131662772481148,ref,PF,93
14,v,7,1.09,ref,PF,93
15,teta,7,-0.2213166277248115,ref,PF,93
16,v,8,1.0618443655629397,ref,PF,93
17,teta,8,-0.2487003745053695,ref,PF,93
18,v,9,1.0578111150906564,ref,PF,93
19,teta,9,-0.2518951688984017,ref,PF,93
20,v,10,1.0656812270153706,ref,PF,93
21,teta,10,-0.24775723164202187,ref,PF,93
22,v,11,1.0663222703663329,ref,PF,93
23,teta,11,-0.2526341224494766,ref,PF,93
24,v,12,1.0606832379670696,ref,PF,93
25,teta,12,-0.25447931467456947,ref,PF,93
26,v,13,1.0434989517382653,ref,PF,93
27,teta,13,-0.26839981159616727,ref,PF,93
28,v,14,1.0300297649234065,ref,PF,93
29,teta,14,8.00325172244265e-05,ref,PF,93
30,v,15,1.0816986946192628,ref,PF,93
31,teta,15,-0.23729019905879634,ref,PF,93
0,v,0,1.06,ref,PF,94
1,teta,0,0.0,ref,PF,94
2,v,1,1.045,ref,PF,94
3,teta,1,-0.08952945741356498,ref,PF,94
4,v,2,1.0201,ref,PF,94
5,teta,2,-0.1783324930420566,ref,PF,94
6,v,3,1.0221935053759112,ref,PF,94
7,teta,3,-0.16829233160145932,ref,PF,94
8,v,4,1.0237815366845213,ref,PF,94
9,teta,4,-0.1456500173148603,ref,PF,94
10,v,5,1.0807,ref,PF,94
11,teta,5,-0.23914790112642964,ref,PF,94
12,v,6,1.0654057406774275,ref,PF,94
13,teta,6,-0.22120168077163246,ref,PF,94
14,v,7,1.09,ref,PF,94
15,teta,7,-0.22120168077163244,ref,PF,94
16,v,8,1.0618496209572243,ref,PF,94
17,teta,8,-0.24858915029353648,ref,PF,94
18,v,9,1.0578156132824712,ref,PF,94
19,teta,9,-0.25178595076206634,ref,PF,94
20,v,10,1.065683679300282,ref,PF,94
21,teta,10,-0.24765265503394496,ref,PF,94
22,v,11,1.0664492351811312,ref,PF,94
23,teta,11,-0.25269310266877343,ref,PF,94
24,v,12,1.0607331504477948,ref,PF,94
25,teta,12,-0.2544131867054136,ref,PF,94
26,v,13,1.043524215183511,ref,PF,94
27,teta,13,-0.2683072668864428,ref,PF,94
28,v,14,1.0299937203648701,ref,PF,94
29,teta,14,0.00021188845713256146,ref,PF,94
30,v,15,1.0818239091770054,ref,PF,94
31,teta,15,-0.23735278206749252,ref,PF,94
0,v,0,1.06,ref,PF,95
1,teta,0,0.0,ref,PF,95
2,v,1,1.045,ref,PF,95
3,teta,1,-0.0885568579564304,ref,PF,95
4,v,2,1.0201,ref,PF,95
5,teta,2,-0.17557615900932091,ref,PF,95
6,v,3,1.0226395797529133,ref,PF,95
7,teta,3,-0.1656918815139596,ref,PF,95
8,v,4,1.0240956873580818,ref,PF,95
9,teta,4,-0.14366153309323343,ref,PF,95
10,v,5,1.0807,ref,PF,95
11,teta,5,-0.2368170052226258,ref,PF,95
12,v,6,1.0656180292922703,ref,PF,95
13,teta,6,-0.2186568736266224,ref,PF,95
14,v,7,1.09,ref,PF,95
15,teta,7,-0.2186568736266224,ref,PF,95
16,v,8,1.062069283061314,ref,PF,95
17,teta,8,-0.2460794187994015,ref,PF,95
18,v,9,1.0580003006155632,ref,PF,95
19,teta,9,-0.24930819937682913,ref,PF,95
20,v,10,1.0657809113094567,ref,PF,95
21,teta,10,-0.24524908899050368,ref,PF,95
22,v,11,1.0665734345453155,ref,PF,95
23,teta,11,-0.25006667026303403,ref,PF,95
24,v,12,1.0607767858718826,ref,PF,95
25,teta,12,-0.25197108898170056,ref,PF,95
26,v,13,1.0436700089762938,ref,PF,95
27,teta,13,-0.2658226895740326,ref,PF,95
28,v,14,1.029045238677231,ref,PF,95
29,teta,14,0.003348228260644661,ref,PF,95
30,v,15,1.08194639678351,ref,PF,95
31,teta,15,-0.2347298727555152,ref,PF,95
0,v,0,1.06,ref,PF,96
1,teta,0,0.0,ref,PF,96
2,v,1,1.045,ref,PF,96
3,teta,1,-0.08961803694458263,ref,PF,96
4,v,2,1.0201,ref,PF,96
5,teta,2,-0.1785541276207666,ref,PF,96
6,v,3,1.0222421209306094,ref,PF,96
7,teta,3,-0.1685345808419894,ref,PF,96
8,v,4,1.0238054627367732,ref,PF,96
9,teta,4,-0.14586051263647007,ref,PF,96
10,v,5,1.0807,ref,PF,96
11,teta,5,-0.23943437786976218,ref,PF,96
12,v,6,1.0654264747385531,ref,PF,96
13,teta,6,-0.22146130628261398,ref,PF,96
14,v,7,1.09,ref,PF,96
15,teta,7,-0.221461306282614,ref,PF,96
16,v,8,1.0618688953047626,ref,PF,96
17,teta,8,-0.24885857000602618,ref,PF,96
18,v,9,1.0578318343112654,ref,PF,96
19,teta,9,-0.2520584166470509,ref,PF,96
20,v,10,1.0656922355969505,ref,PF,96
21,teta,10,-0.24793218431110176,ref,PF,96
22,v,11,1.0662567565224093,ref,PF,96
23,teta,11,-0.25307399735633185,ref,PF,96
24,v,12,1.0606885713076672,ref,PF,96
25,teta,12,-0.2547383189507728,ref,PF,96
26,v,13,1.0435157153726795,ref,PF,96
27,teta,13,-0.26860135939635704,ref,PF,96
28,v,14,1.0300619098481865,ref,PF,96
29,teta,14,-3.705458981275376e-05,ref,PF,96
30,v,15,1.081634084060265,ref,PF,96
31,teta,15,-0.2377282144319715,ref,PF,96
0,v,0,1.06,ref,PF,97
1,teta,0,0.0,ref,PF,97
2,v,1,1.045,ref,PF,97
3,teta,1,-0.08883514966737505,ref,PF,97
4,v,2,1.0201,ref,PF,97
5,teta,2,-0.17640413396463742,ref,PF,97
6,v,3,1.022487388929129,ref,PF,97
7,teta,3,-0.16646621874256212,ref,PF,97
8,v,4,1.0240150886838295,ref,PF,97
9,teta,4,-0.14419715973019379,ref,PF,97
10,v,5,1.0807,ref,PF,97
11,teta,5,-0.23727117244901563,ref,PF,97
12,v,6,1.0655485281279784,ref,PF,97
13,teta,6,-0.2193366579410867,ref,PF,97
14,v,7,1.09,ref,PF,97
15,teta,7,-0.2193366579410867,ref,PF,97
16,v,8,1.0619972973069334,ref,PF,97
17,teta,8,-0.24670806277766377,ref,PF,97
18,v,9,1.0579384748730696,ref,PF,97
19,teta,9,-0.24990602350525934,ref,PF,97
20,v,10,1.0657469856999633,ref,PF,97
21,teta,10,-0.2457756079315154,ref,PF,97
22,v,11,1.0671453726403433,ref,PF,97
23,teta,11,-0.25041059579761366,ref,PF,97
24,v,12,1.0609186380324962,ref,PF,97
25,teta,12,-0.2523729526106535,ref,PF,97
26,v,13,1.0436907791234358,ref,PF,97
27,teta,13,-0.2663514681241023,ref,PF,97
28,v,14,1.0293445139479958,ref,PF,97
29,teta,14,0.0024003177660833963,ref,PF,97
30,v,15,1.0825104570378223,ref,PF,97
31,teta,15,-0.23509000655039103,ref,PF,97
0,v,0,1.06,ref,PF,98
1,teta,0,0.0,ref,PF,98
2,v,1,1.045,ref,PF,98
3,teta,1,-0.08942343220570312,ref,PF,98
4,v,2,1.0201,ref,PF,98
5,teta,2,-0.17803717421138643,ref,PF,98
6,v,3,1.0222633943514832,ref,PF,98
7,teta,3,-0.16802254541553632,ref,PF,98
8,v,4,1.023831726115324,ref,PF,98
9,teta,4,-0.145428884741709,ref,PF,98
10,v,5,1.0807,ref,PF,98
11,teta,5,-0.23900927527955404,ref,PF,98
12,v,6,1.0654370790205308,ref,PF,98
13,teta,6,-0.2209740329894487,ref,PF,98
14,v,7,1.09,ref,PF,98
15,teta,7,-0.2209740329894487,ref,PF,98
16,v,8,1.0618813789619428,ref,PF,98
17,teta,8,-0.2483843541761618,ref,PF,98
18,v,9,1.0578427682377478,ref,PF,98
19,teta,9,-0.25159285665798037,ref,PF,98
20,v,10,1.0656984549957007,ref,PF,98
21,teta,10,-0.2474866382408139,ref,PF,98
22,v,11,1.0661486601721628,ref,PF,98
23,teta,11,-0.2526752302703718,ref,PF,98
24,v,12,1.06066235635471,ref,PF,98
25,teta,12,-0.25432264254611425,ref,PF,98
26,v,13,1.043511453646271,ref,PF,98
27,teta,13,-0.26815284202365286,ref,PF,98
28,v,14,1.0298961143738306,ref,PF,98
29,teta,14,0.000546299114187013,ref,PF,98
30,v,15,1.0815274783362636,ref,PF,98
31,teta,15,-0.2373263784218236,ref,PF,98
0,v,0,1.06,ref,PF,99
1,teta,0,0.0,ref,PF,99
2,v,1,1.045,ref,PF,99
3,teta,1,-0.08943051365969344,ref,PF,99
4,v,2,1.0201,ref,PF,99
5,teta,2,-0.17800541774666562,ref,PF,99
6,v,3,1.0222833251937533,ref,PF,99
7,teta,3,-0.1679982311364534,ref,PF,99
8,v,4,1.0238162411985376,ref,PF,99
9,teta,4,-0.1454881951374167,ref,PF,99
10,v,5,1.0807,ref,PF,99
11,teta,5,-0.23892413256983705,ref,PF,99
12,v,6,1.065452251992644,ref,PF,99
13,teta,6,-0.2209243254430094,ref,PF,99
14,v,7,1.09,ref,PF,99
15,teta,7,-0.2209243254430094,ref,PF,99
16,v,8,1.0619021907415527,ref,PF,99
17,teta,8,-0.24832150800364736,ref,PF,99
18,v,9,1.0578598254172928,ref,PF,99
19,teta,9,-0.2515261515862309,ref,PF,99
20,v,10,1.0657069688336198,ref,PF,99
21,teta,10,-0.2474110465580947,ref,PF,99
22,v,11,1.0665780810949983,ref,PF,99
23,teta,11,-0.25252897540437297,ref,PF,99
24,v,12,1.0607823912736707,ref,PF,99
25,teta,12,-0.2541918428421201,ref,PF,99
26,v,13,1.043576381207078,ref,PF,99
27,teta,13,-0.26805808176230267,ref,PF,99
28,v,14,1.0298760013365205,ref,PF,99
29,teta,14,0.0005861113687071048,ref,PF,99
30,v,15,1.08195097930011,ref,PF,99
31,teta,15,-0.23719230967944813,ref,PF,99
