,tipo,de,val,sample,method,scenario
0,v,0,1.0599297986958003,0,WLS,0
1,teta,0,-0.00012517141399690513,0,WLS,0
2,v,1,1.0449629163873944,0,WLS,0
3,teta,1,-0.08700377223242575,0,WLS,0
4,v,2,1.0200671352852297,0,WLS,0
5,teta,2,-0.2199958610752926,0,WLS,0
6,v,3,1.0239055041009162,0,WLS,0
7,teta,3,-0.17977889794270774,0,WLS,0
8,v,4,1.0256458928292038,0,WLS,0
9,teta,4,-0.1538164933163062,0,WLS,0
10,v,5,1.091365695405525,0,WLS,0
11,teta,5,-0.248421188278406,0,WLS,0
12,v,6,1.0682677868414008,0,WLS,0
13,teta,6,-0.23132986463561048,0,WLS,0
14,v,7,1.089937428431335,0,WLS,0
15,teta,7,-0.23132986464841618,0,WLS,0
16,v,8,1.067064373486982,0,WLS,0
17,teta,8,-0.2579287016778302,0,WLS,0
18,v,9,1.0640714648520833,0,WLS,0
19,teta,9,-0.2609560231971245,0,WLS,0
20,v,10,1.0741443305661815,0,WLS,0
21,teta,10,-0.2567545546582069,0,WLS,0
22,v,11,1.0932539643083934,0,WLS,0
23,teta,11,-0.274246261375455,0,WLS,0
24,v,12,1.0764771571967913,0,WLS,0
25,teta,12,-0.2657121639737577,0,WLS,0
26,v,13,1.053503325012895,0,WLS,0
27,teta,13,-0.27811813778482464,0,WLS,0
28,v,14,1.0447887788243018,0,WLS,0
29,teta,14,-0.08108191197685764,0,WLS,0
30,v,15,1.1219773895792193,0,WLS,0
31,teta,15,-0.26511314814358333,0,WLS,0
0,v,0,1.0599774923608118,1,WLS,0
1,teta,0,-0.00015112883402248776,1,WLS,0
2,v,1,1.0449954645117487,1,WLS,0
3,teta,1,-0.08693490632066231,1,WLS,0
4,v,2,1.0200915485498512,1,WLS,0
5,teta,2,-0.21990987355279015,1,WLS,0
6,v,3,1.0239331488895402,1,WLS,0
7,teta,3,-0.17969094707292255,1,WLS,0
8,v,4,1.0256726301793344,1,WLS,0
9,teta,4,-0.15374927187758822,1,WLS,0
10,v,5,1.0913962840040266,1,WLS,0
11,teta,5,-0.24838573245561735,1,WLS,0
12,v,6,1.0682593637290168,1,WLS,0
13,teta,6,-0.23126542923213564,1,WLS,0
14,v,7,1.089912911235257,1,WLS,0
15,teta,7,-0.2312654292670374,1,WLS,0
16,v,8,1.0670477582035114,1,WLS,0
17,teta,8,-0.2578775248022901,1,WLS,0
18,v,9,1.0640507649109279,1,WLS,0
19,teta,9,-0.26085452040703005,1,WLS,0
20,v,10,1.0741599640650596,1,WLS,0
21,teta,10,-0.25667337032442805,1,WLS,0
22,v,11,1.0933861187872034,1,WLS,0
23,teta,11,-0.27423502717446235,1,WLS,0
24,v,12,1.076490738778346,1,WLS,0
25,teta,12,-0.26568065277997144,1,WLS,0
26,v,13,1.053515905806594,1,WLS,0
27,teta,13,-0.27809245806213695,1,WLS,0
28,v,14,1.0448194270447326,1,WLS,0
29,teta,14,-0.08095165893225567,1,WLS,0
30,v,15,1.1223178799259415,1,WLS,0
31,teta,15,-0.2650052173738368,1,WLS,0
0,v,0,1.0598389908349979,2,WLS,0
1,teta,0,6.708501412588828e-05,2,WLS,0
2,v,1,1.0448177924807318,2,WLS,0
3,teta,1,-0.08699270640644177,2,WLS,0
4,v,2,1.0199233882989813,2,WLS,0
5,teta,2,-0.2199923043218479,2,WLS,0
6,v,3,1.0237634226524406,2,WLS,0
7,teta,3,-0.17975928860957446,2,WLS,0
8,v,4,1.0255081785199642,2,WLS,0
9,teta,4,-0.15377225125151414,2,WLS,0
10,v,5,1.0911842927339201,2,WLS,0
11,teta,5,-0.24833553819780718,2,WLS,0
12,v,6,1.0682098569624392,2,WLS,0
13,teta,6,-0.2313749282957437,2,WLS,0
14,v,7,1.089970556005437,2,WLS,0
15,teta,7,-0.23137492828675563,2,WLS,0
16,v,8,1.066998126440664,2,WLS,0
17,teta,8,-0.25800507025555525,2,WLS,0
18,v,9,1.0639343061172113,2,WLS,0
19,teta,9,-0.26105564020338384,2,WLS,0
20,v,10,1.0739307528377011,2,WLS,0
21,teta,10,-0.2568197349060825,2,WLS,0
22,v,11,1.093370373178236,2,WLS,0
23,teta,11,-0.2742394228772672,2,WLS,0
24,v,12,1.0764990363965723,2,WLS,0
25,teta,12,-0.2656721230384106,2,WLS,0
26,v,13,1.0535305401979054,2,WLS,0
27,teta,13,-0.2780890361217408,2,WLS,0
28,v,14,1.044648102673863,2,WLS,0
29,teta,14,-0.08118899881711268,2,WLS,0
30,v,15,1.1221863005194173,2,WLS,0
31,teta,15,-0.26505928148752295,2,WLS,0
0,v,0,1.0601442834031911,3,WLS,0
1,teta,0,-0.00017762582563324872,3,WLS,0
2,v,1,1.0451502724269373,3,WLS,0
3,teta,1,-0.0869861451779943,3,WLS,0
4,v,2,1.0202542037022944,3,WLS,0
5,teta,2,-0.21991145978275956,3,WLS,0
6,v,3,1.0240945462253357,3,WLS,0
7,teta,3,-0.179709691506902,3,WLS,0
8,v,4,1.0258293152530287,3,WLS,0
9,teta,4,-0.15379717313562438,3,WLS,0
10,v,5,1.0915842227203938,3,WLS,0
11,teta,5,-0.2483894734271133,3,WLS,0
12,v,6,1.0684729373469175,3,WLS,0
13,teta,6,-0.2312643461813795,3,WLS,0
14,v,7,1.0901610061089881,3,WLS,0
15,teta,7,-0.23126434625085687,3,WLS,0
16,v,8,1.067264614997248,3,WLS,0
17,teta,8,-0.25786500429389053,3,WLS,0
18,v,9,1.0642100226829772,3,WLS,0
19,teta,9,-0.26093158216520335,3,WLS,0
20,v,10,1.074339787531273,3,WLS,0
21,teta,10,-0.25672970156757635,3,WLS,0
22,v,11,1.093578542939771,3,WLS,0
23,teta,11,-0.2742221457364388,3,WLS,0
24,v,12,1.076727031447159,3,WLS,0
25,teta,12,-0.26568370259802715,3,WLS,0
26,v,13,1.053759310708547,3,WLS,0
27,teta,13,-0.27810237872028104,3,WLS,0
28,v,14,1.0449721113880948,3,WLS,0
29,teta,14,-0.08095625774392802,3,WLS,0
30,v,15,1.1224519394141912,3,WLS,0
31,teta,15,-0.2649725272782392,3,WLS,0
0,v,0,1.0601585136361316,4,WLS,0
1,teta,0,-0.00012073542526512867,4,WLS,0
2,v,1,1.0451702413717303,4,WLS,0
3,teta,1,-0.08698290360453928,4,WLS,0
4,v,2,1.020270308964352,4,WLS,0
5,teta,2,-0.2199353305695248,4,WLS,0
6,v,3,1.0241125037334022,4,WLS,0
7,teta,3,-0.17971592154026744,4,WLS,0
8,v,4,1.0258531398570117,4,WLS,0
9,teta,4,-0.15377478042929446,4,WLS,0
10,v,5,1.0915804912238503,4,WLS,0
11,teta,5,-0.24838676462440903,4,WLS,0
12,v,6,1.0684638436946206,4,WLS,0
13,teta,6,-0.23132945303032845,4,WLS,0
14,v,7,1.0901422687504407,4,WLS,0
15,teta,7,-0.23132945303066524,4,WLS,0
16,v,8,1.0672496669797995,4,WLS,0
17,teta,8,-0.25796131024624397,4,WLS,0
18,v,9,1.0641485806857616,4,WLS,0
19,teta,9,-0.2609882309227526,4,WLS,0
20,v,10,1.0742376990259428,4,WLS,0
21,teta,10,-0.25676981125360276,4,WLS,0
22,v,11,1.0936664010603034,4,WLS,0
23,teta,11,-0.274316827710491,4,WLS,0
24,v,12,1.0767282950404173,4,WLS,0
25,teta,12,-0.2656831132264612,4,WLS,0
26,v,13,1.053748982792566,4,WLS,0
27,teta,13,-0.2780970848616652,4,WLS,0
28,v,14,1.0449876833005751,4,WLS,0
29,teta,14,-0.0808339247919356,4,WLS,0
30,v,15,1.1226101691302768,4,WLS,0
31,teta,15,-0.2650715275707108,4,WLS,0
0,v,0,1.060015500984789,5,WLS,0
1,teta,0,0.00013377920575228006,5,WLS,0
2,v,1,1.044991043811129,5,WLS,0
3,teta,1,-0.08694850468582212,5,WLS,0
4,v,2,1.0200836936296593,5,WLS,0
5,teta,2,-0.21997327455779844,5,WLS,0
6,v,3,1.0239234024750516,5,WLS,0
7,teta,3,-0.17975217097795348,5,WLS,0
8,v,4,1.0256719309728055,5,WLS,0
9,teta,4,-0.153746906046593,5,WLS,0
10,v,5,1.0913714233607261,5,WLS,0
11,teta,5,-0.24828008448356365,5,WLS,0
12,v,6,1.0682767659443957,5,WLS,0
13,teta,6,-0.23120510965300795,5,WLS,0
14,v,7,1.0899322852854485,5,WLS,0
15,teta,7,-0.23120510965893237,5,WLS,0
16,v,8,1.0670730787622582,5,WLS,0
17,teta,8,-0.2577536473686351,5,WLS,0
18,v,9,1.0640317789979945,5,WLS,0
19,teta,9,-0.26080660145021256,5,WLS,0
20,v,10,1.0740812079585669,5,WLS,0
21,teta,10,-0.2566038770010697,5,WLS,0
22,v,11,1.0932867841339617,5,WLS,0
23,teta,11,-0.27419791916659036,5,WLS,0
24,v,12,1.0764511504636618,5,WLS,0
25,teta,12,-0.2657024537425581,5,WLS,0
26,v,13,1.0534778390618718,5,WLS,0
27,teta,13,-0.2781128016932567,5,WLS,0
28,v,14,1.0448127980550086,5,WLS,0
29,teta,14,-0.08090582735512644,5,WLS,0
30,v,15,1.1221272350608522,5,WLS,0
31,teta,15,-0.26479296514426387,5,WLS,0
0,v,0,1.06026653722453,6,WLS,0
1,teta,0,-0.00013672005624060192,6,WLS,0
2,v,1,1.0452791321801516,6,WLS,0
3,teta,1,-0.08701595052352418,6,WLS,0
4,v,2,1.0203883942678842,6,WLS,0
5,teta,2,-0.21991314224521072,6,WLS,0
6,v,3,1.0242271182867448,6,WLS,0
7,teta,3,-0.17971708202000075,6,WLS,0
8,v,4,1.0259652454133874,6,WLS,0
9,teta,4,-0.15378418176679193,6,WLS,0
10,v,5,1.0917140601712285,6,WLS,0
11,teta,5,-0.2483715096248382,6,WLS,0
12,v,6,1.068622413197673,6,WLS,0
13,teta,6,-0.23122978978507772,6,WLS,0
14,v,7,1.0903195591679369,6,WLS,0
15,teta,7,-0.23122978976811875,6,WLS,0
16,v,8,1.0674140809445705,6,WLS,0
17,teta,8,-0.2578085370880351,6,WLS,0
18,v,9,1.0643562461709075,6,WLS,0
19,teta,9,-0.2608807908090661,6,WLS,0
20,v,10,1.074425993342686,6,WLS,0
21,teta,10,-0.2566724090036663,6,WLS,0
22,v,11,1.0936239117291362,6,WLS,0
23,teta,11,-0.2741946890299369,6,WLS,0
24,v,12,1.0768000128750836,6,WLS,0
25,teta,12,-0.2656879243811762,6,WLS,0
26,v,13,1.053823611999026,6,WLS,0
27,teta,13,-0.2781041587213558,6,WLS,0
28,v,14,1.045112288207846,6,WLS,0
29,teta,14,-0.08130067496296497,6,WLS,0
30,v,15,1.1224125969710035,6,WLS,0
31,teta,15,-0.26491683059484894,6,WLS,0
0,v,0,1.0600454979629197,7,WLS,0
1,teta,0,-0.00020348790394340567,7,WLS,0
2,v,1,1.0450792418217614,7,WLS,0
3,teta,1,-0.08699171870884466,7,WLS,0
4,v,2,1.0201836187279083,7,WLS,0
5,teta,2,-0.21994510579809126,7,WLS,0
6,v,3,1.024024791581812,7,WLS,0
7,teta,3,-0.17972149659962966,7,WLS,0
8,v,4,1.025764656067506,7,WLS,0
9,teta,4,-0.15378044166299476,7,WLS,0
10,v,5,1.091490925262961,7,WLS,0
11,teta,5,-0.24836633724942803,7,WLS,0
12,v,6,1.0683558044138748,7,WLS,0
13,teta,6,-0.2312790050743676,7,WLS,0
14,v,7,1.0900131296845905,7,WLS,0
15,teta,7,-0.23127900505175095,7,WLS,0
16,v,8,1.067142648334572,7,WLS,0
17,teta,8,-0.2578823633129407,7,WLS,0
18,v,9,1.064088072995296,7,WLS,0
19,teta,9,-0.26100079287879024,7,WLS,0
20,v,10,1.074144616438268,7,WLS,0
21,teta,10,-0.25683240172916466,7,WLS,0
22,v,11,1.0934584260169764,7,WLS,0
23,teta,11,-0.27429687012788917,7,WLS,0
24,v,12,1.0765841148380717,7,WLS,0
25,teta,12,-0.2657008763582249,7,WLS,0
26,v,13,1.0536176439325526,7,WLS,0
27,teta,13,-0.278115712112404,7,WLS,0
28,v,14,1.0448957127699496,7,WLS,0
29,teta,14,-0.08081922847019615,7,WLS,0
30,v,15,1.1223816973495806,7,WLS,0
31,teta,15,-0.26506809688415933,7,WLS,0
0,v,0,1.06021200075063,8,WLS,0
1,teta,0,-3.275048624964602e-05,8,WLS,0
2,v,1,1.0451920523455513,8,WLS,0
3,teta,1,-0.08697422301083593,8,WLS,0
4,v,2,1.02029342686985,8,WLS,0
5,teta,2,-0.21991017354778813,8,WLS,0
6,v,3,1.0241327944014258,8,WLS,0
7,teta,3,-0.17970978145909322,8,WLS,0
8,v,4,1.0258768228539414,8,WLS,0
9,teta,4,-0.15373972537523178,8,WLS,0
10,v,5,1.0915986087331984,8,WLS,0
11,teta,5,-0.24832520279189677,8,WLS,0
12,v,6,1.0685669939140725,8,WLS,0
13,teta,6,-0.2312628267778002,8,WLS,0
14,v,7,1.090300584857538,8,WLS,0
15,teta,7,-0.2312628267744344,8,WLS,0
16,v,8,1.0673591007443897,8,WLS,0
17,teta,8,-0.25786129345184894,8,WLS,0
18,v,9,1.0642763721188717,8,WLS,0
19,teta,9,-0.2609190052682152,8,WLS,0
20,v,10,1.0743410913860465,8,WLS,0
21,teta,10,-0.2566769787186717,8,WLS,0
22,v,11,1.0936181761986319,8,WLS,0
23,teta,11,-0.2742077786197517,8,WLS,0
24,v,12,1.076748194888274,8,WLS,0
25,teta,12,-0.2657047271938587,8,WLS,0
26,v,13,1.0537718659621755,8,WLS,0
27,teta,13,-0.27812302413205725,8,WLS,0
28,v,14,1.0450128571940178,8,WLS,0
29,teta,14,-0.08091585215777004,8,WLS,0
30,v,15,1.1224042029958927,8,WLS,0
31,teta,15,-0.26492615292089733,8,WLS,0
0,v,0,1.06002829064156,9,WLS,0
1,teta,0,2.1726781419750167e-05,9,WLS,0
2,v,1,1.0450200640295013,9,WLS,0
3,teta,1,-0.08697330791069526,9,WLS,0
4,v,2,1.0201239262514976,9,WLS,0
5,teta,2,-0.2199254386339744,9,WLS,0
6,v,3,1.0239621772270602,9,WLS,0
7,teta,3,-0.17972201899296333,9,WLS,0
8,v,4,1.0257043717503624,9,WLS,0
9,teta,4,-0.1537602143631794,9,WLS,0
10,v,5,1.091441001749705,9,WLS,0
11,teta,5,-0.24833576306561486,9,WLS,0
12,v,6,1.0682803691192844,9,WLS,0
13,teta,6,-0.23121052163401698,9,WLS,0
14,v,7,1.0899091701844457,9,WLS,0
15,teta,7,-0.23121052166990358,9,WLS,0
16,v,8,1.0670759893856632,9,WLS,0
17,teta,8,-0.25777833142953105,9,WLS,0
18,v,9,1.0640342805613536,9,WLS,0
19,teta,9,-0.260846152103339,9,WLS,0
20,v,10,1.0740843810564893,9,WLS,0
21,teta,10,-0.2567253919448142,9,WLS,0
22,v,11,1.0933995345326268,9,WLS,0
23,teta,11,-0.27421660095279704,9,WLS,0
24,v,12,1.0765347015705136,9,WLS,0
25,teta,12,-0.26556355607008464,9,WLS,0
26,v,13,1.0535528544663382,9,WLS,0
27,teta,13,-0.27796742143537173,9,WLS,0
28,v,14,1.0448410624034943,9,WLS,0
29,teta,14,-0.08091875397405288,9,WLS,0
30,v,15,1.1223242258319566,9,WLS,0
31,teta,15,-0.26494836004179645,9,WLS,0
0,v,0,1.060166022781232,10,WLS,0
1,teta,0,7.649889779300204e-05,10,WLS,0
2,v,1,1.0451612716988992,10,WLS,0
3,teta,1,-0.0869855652573015,10,WLS,0
4,v,2,1.020265205153739,10,WLS,0
5,teta,2,-0.21991497433904714,10,WLS,0
6,v,3,1.024107131182926,10,WLS,0
7,teta,3,-0.17969615761514857,10,WLS,0
8,v,4,1.02584974756343,10,WLS,0
9,teta,4,-0.15373823129824446,10,WLS,0
10,v,5,1.0915652949874715,10,WLS,0
11,teta,5,-0.24829931531462843,10,WLS,0
12,v,6,1.0684857519740851,10,WLS,0
13,teta,6,-0.23120940941002097,10,WLS,0
14,v,7,1.090165271124743,10,WLS,0
15,teta,7,-0.23120940938400966,10,WLS,0
16,v,8,1.0672809728378496,10,WLS,0
17,teta,8,-0.2577886380483863,10,WLS,0
18,v,9,1.0642741898450627,10,WLS,0
19,teta,9,-0.2608251800803613,10,WLS,0
20,v,10,1.0743134591537036,10,WLS,0
21,teta,10,-0.2566050914831999,10,WLS,0
22,v,11,1.093518889785475,10,WLS,0
23,teta,11,-0.27407053619758603,10,WLS,0
24,v,12,1.0766627430872608,10,WLS,0
25,teta,12,-0.26560503983743805,10,WLS,0
26,v,13,1.0536945803867186,10,WLS,0
27,teta,13,-0.278017497725147,10,WLS,0
28,v,14,1.0449826576779002,10,WLS,0
29,teta,14,-0.08094426189631561,10,WLS,0
30,v,15,1.1223527270365248,10,WLS,0
31,teta,15,-0.2647301515443484,10,WLS,0
0,v,0,1.0599203275406728,11,WLS,0
1,teta,0,6.093287501858449e-05,11,WLS,0
2,v,1,1.0449138946148935,11,WLS,0
3,teta,1,-0.0869617834480143,11,WLS,0
4,v,2,1.0200117449002042,11,WLS,0
5,teta,2,-0.22000170625120272,11,WLS,0
6,v,3,1.0238430633581928,11,WLS,0
7,teta,3,-0.17980860868331008,11,WLS,0
8,v,4,1.0255897299271313,11,WLS,0
9,teta,4,-0.15380371459114645,11,WLS,0
10,v,5,1.091308525901457,11,WLS,0
11,teta,5,-0.2483921049359822,11,WLS,0
12,v,6,1.068262471348139,11,WLS,0
13,teta,6,-0.2313413820465211,11,WLS,0
14,v,7,1.0900101957429749,11,WLS,0
15,teta,7,-0.23134138205673288,11,WLS,0
16,v,8,1.067040219205523,11,WLS,0
17,teta,8,-0.257929818067733,11,WLS,0
18,v,9,1.0639800106387491,11,WLS,0
19,teta,9,-0.261018019071205,11,WLS,0
20,v,10,1.0740385189536859,11,WLS,0
21,teta,10,-0.2568681186236479,11,WLS,0
22,v,11,1.0932644886220975,11,WLS,0
23,teta,11,-0.2743070836555571,11,WLS,0
24,v,12,1.0764628355028845,11,WLS,0
25,teta,12,-0.2657612388183912,11,WLS,0
26,v,13,1.0534975566516225,11,WLS,0
27,teta,13,-0.27817339291238546,11,WLS,0
28,v,14,1.0447325421812812,11,WLS,0
29,teta,14,-0.08084104029641911,11,WLS,0
30,v,15,1.1220344503809643,11,WLS,0
31,teta,15,-0.26505329697694063,11,WLS,0
0,v,0,1.0600075884890419,12,WLS,0
1,teta,0,0.00020892493976777373,12,WLS,0
2,v,1,1.0449885748946113,12,WLS,0
3,teta,1,-0.08696115751174462,12,WLS,0
4,v,2,1.0200889354518128,12,WLS,0
5,teta,2,-0.219938736303282,12,WLS,0
6,v,3,1.0239285249016026,12,WLS,0
7,teta,3,-0.17972079456870851,12,WLS,0
8,v,4,1.0256748876157071,12,WLS,0
9,teta,4,-0.15373639074432274,12,WLS,0
10,v,5,1.091406619805296,12,WLS,0
11,teta,5,-0.24832186240822274,12,WLS,0
12,v,6,1.0683045553720256,12,WLS,0
13,teta,6,-0.2312704942459476,12,WLS,0
14,v,7,1.0899870047014129,12,WLS,0
15,teta,7,-0.23127049424283921,12,WLS,0
16,v,8,1.0671000692981503,12,WLS,0
17,teta,8,-0.25786838616408997,12,WLS,0
18,v,9,1.0640297194522075,12,WLS,0
19,teta,9,-0.26089325661485707,12,WLS,0
20,v,10,1.0741263792321518,12,WLS,0
21,teta,10,-0.25667142671892246,12,WLS,0
22,v,11,1.093207205140574,12,WLS,0
23,teta,11,-0.27428127565486016,12,WLS,0
24,v,12,1.0764778743675798,12,WLS,0
25,teta,12,-0.2657480882519425,12,WLS,0
26,v,13,1.0535047643162299,12,WLS,0
27,teta,13,-0.2781639770096806,12,WLS,0
28,v,14,1.0448141812088285,12,WLS,0
29,teta,14,-0.08102738150242543,12,WLS,0
30,v,15,1.1219951780514528,12,WLS,0
31,teta,15,-0.26491490069413165,12,WLS,0
0,v,0,1.0599608712225,13,WLS,0
1,teta,0,-6.866394605056556e-06,13,WLS,0
2,v,1,1.0449549116944945,13,WLS,0
3,teta,1,-0.08693342555780902,13,WLS,0
4,v,2,1.0200493678875162,13,WLS,0
5,teta,2,-0.2199276379084844,13,WLS,0
6,v,3,1.023893014710575,13,WLS,0
7,teta,3,-0.17969172000499897,13,WLS,0
8,v,4,1.0256359346284645,13,WLS,0
9,teta,4,-0.15373134203669403,13,WLS,0
10,v,5,1.0913298548241581,13,WLS,0
11,teta,5,-0.24829151827426033,13,WLS,0
12,v,6,1.0682275278076176,13,WLS,0
13,teta,6,-0.23125536118060264,13,WLS,0
14,v,7,1.089892788307344,13,WLS,0
15,teta,7,-0.23125536121182713,13,WLS,0
16,v,8,1.0670129351029256,13,WLS,0
17,teta,8,-0.25786169190145425,13,WLS,0
18,v,9,1.0639804607522334,13,WLS,0
19,teta,9,-0.26099185334354336,13,WLS,0
20,v,10,1.074025151414473,13,WLS,0
21,teta,10,-0.256777072437885,13,WLS,0
22,v,11,1.093108330222383,13,WLS,0
23,teta,11,-0.2740940909785298,13,WLS,0
24,v,12,1.0764474075654482,13,WLS,0
25,teta,12,-0.2656473831079715,13,WLS,0
26,v,13,1.0534706378876262,13,WLS,0
27,teta,13,-0.2780614297150436,13,WLS,0
28,v,14,1.0447715680688723,13,WLS,0
29,teta,14,-0.08075297614175175,13,WLS,0
30,v,15,1.1217624966495658,13,WLS,0
31,teta,15,-0.2647565506491418,13,WLS,0
0,v,0,1.0596505602600432,14,WLS,0
1,teta,0,-0.00019130891090222402,14,WLS,0
2,v,1,1.044686399387113,14,WLS,0
3,teta,1,-0.08697915541070482,14,WLS,0
4,v,2,1.0197914706219207,14,WLS,0
5,teta,2,-0.22001685192500534,14,WLS,0
6,v,3,1.0236265567182128,14,WLS,0
7,teta,3,-0.17979404397614268,14,WLS,0
8,v,4,1.0253657975788975,14,WLS,0
9,teta,4,-0.15382759309528327,14,WLS,0
10,v,5,1.0910442726130227,14,WLS,0
11,teta,5,-0.24842556459890577,14,WLS,0
12,v,6,1.0679945668747113,14,WLS,0
13,teta,6,-0.23133494151341039,14,WLS,0
14,v,7,1.0896912600974142,14,WLS,0
15,teta,7,-0.2313349415130951,14,WLS,0
16,v,8,1.0667798357823306,14,WLS,0
17,teta,8,-0.2579284327537887,14,WLS,0
18,v,9,1.0637266040356683,14,WLS,0
19,teta,9,-0.26103931940868436,14,WLS,0
20,v,10,1.0737635904827334,14,WLS,0
21,teta,10,-0.2569157305478812,14,WLS,0
22,v,11,1.093066267944763,14,WLS,0
23,teta,11,-0.2743445513551907,14,WLS,0
24,v,12,1.0761551896369594,14,WLS,0
25,teta,12,-0.2657844060199856,14,WLS,0
26,v,13,1.0531745983712317,14,WLS,0
27,teta,13,-0.2782061397048649,14,WLS,0
28,v,14,1.0445127464868875,14,WLS,0
29,teta,14,-0.08106613097839735,14,WLS,0
30,v,15,1.1219558994758028,14,WLS,0
31,teta,15,-0.2650853839168742,14,WLS,0
0,v,0,1.05990163238965,15,WLS,0
1,teta,0,-8.857571605974382e-05,15,WLS,0
2,v,1,1.04490634669683,15,WLS,0
3,teta,1,-0.08698353765243969,15,WLS,0
4,v,2,1.0200132143208187,15,WLS,0
5,teta,2,-0.21995571383978016,15,WLS,0
6,v,3,1.0238515016477299,15,WLS,0
7,teta,3,-0.17973547107386353,15,WLS,0
8,v,4,1.025590245726868,15,WLS,0
9,teta,4,-0.1537852413440265,15,WLS,0
10,v,5,1.0913074563592313,15,WLS,0
11,teta,5,-0.24833524409998545,15,WLS,0
12,v,6,1.0682101570068245,15,WLS,0
13,teta,6,-0.23122169313715776,15,WLS,0
14,v,7,1.0898797461513883,15,WLS,0
15,teta,7,-0.23122169315291993,15,WLS,0
16,v,8,1.0670026676976088,15,WLS,0
17,teta,8,-0.25778728061868295,15,WLS,0
18,v,9,1.0639455646683094,15,WLS,0
19,teta,9,-0.2608757232809753,15,WLS,0
20,v,10,1.0739509814720924,15,WLS,0
21,teta,10,-0.2566828854777802,15,WLS,0
22,v,11,1.0932757279614762,15,WLS,0
23,teta,11,-0.2742060643242794,15,WLS,0
24,v,12,1.0764262978975374,15,WLS,0
25,teta,12,-0.26562078621547464,15,WLS,0
26,v,13,1.0534493737160096,15,WLS,0
27,teta,13,-0.27803825331736365,15,WLS,0
28,v,14,1.0447345723818284,15,WLS,0
29,teta,14,-0.08112526823119963,15,WLS,0
30,v,15,1.122207567771773,15,WLS,0
31,teta,15,-0.26490616601219164,15,WLS,0
0,v,0,1.0599622781124116,16,WLS,0
1,teta,0,-0.0002285483154489633,16,WLS,0
2,v,1,1.0449882023458719,16,WLS,0
3,teta,1,-0.08696673990535796,16,WLS,0
4,v,2,1.02009259390682,16,WLS,0
5,teta,2,-0.21991159766520663,16,WLS,0
6,v,3,1.0239319296918763,16,WLS,0
7,teta,3,-0.1797038472419154,16,WLS,0
8,v,4,1.025669402749258,16,WLS,0
9,teta,4,-0.15377529655423897,16,WLS,0
10,v,5,1.0914042137666242,16,WLS,0
11,teta,5,-0.24839235913066177,16,WLS,0
12,v,6,1.068230573700277,16,WLS,0
13,teta,6,-0.23122814462649777,16,WLS,0
14,v,7,1.089852835216009,16,WLS,0
15,teta,7,-0.23122814457860588,16,WLS,0
16,v,8,1.067021866295122,16,WLS,0
17,teta,8,-0.2578149756813468,16,WLS,0
18,v,9,1.0639819170480995,16,WLS,0
19,teta,9,-0.260895885489767,16,WLS,0
20,v,10,1.074075917074446,16,WLS,0
21,teta,10,-0.256739191972985,16,WLS,0
22,v,11,1.0932655161135463,16,WLS,0
23,teta,11,-0.2742190961821835,16,WLS,0
24,v,12,1.0763809893231386,16,WLS,0
25,teta,12,-0.2656875064384036,16,WLS,0
26,v,13,1.0534058075401476,16,WLS,0
27,teta,13,-0.2781051451069152,16,WLS,0
28,v,14,1.044813508095327,16,WLS,0
29,teta,14,-0.08102690617445035,16,WLS,0
30,v,15,1.1221736938666451,16,WLS,0
31,teta,15,-0.2648554547037691,16,WLS,0
0,v,0,1.0600686637684409,17,WLS,0
1,teta,0,3.092881472262556e-05,17,WLS,0
2,v,1,1.0450769481029427,17,WLS,0
3,teta,1,-0.08692066003798425,17,WLS,0
4,v,2,1.020164818077354,17,WLS,0
5,teta,2,-0.2199305595441346,17,WLS,0
6,v,3,1.0240059332223304,17,WLS,0
7,teta,3,-0.17971664813961408,17,WLS,0
8,v,4,1.0257541336237639,17,WLS,0
9,teta,4,-0.15371409605376937,17,WLS,0
10,v,5,1.0914748556420637,17,WLS,0
11,teta,5,-0.24829250059252397,17,WLS,0
12,v,6,1.0684306267125498,17,WLS,0
13,teta,6,-0.23130776124130403,17,WLS,0
14,v,7,1.0901674056441752,17,WLS,0
15,teta,7,-0.2313077612345057,17,WLS,0
16,v,8,1.067218746706959,17,WLS,0
17,teta,8,-0.2579260589912606,17,WLS,0
18,v,9,1.0642419346615166,17,WLS,0
19,teta,9,-0.2609631372149138,17,WLS,0
20,v,10,1.0743415492074777,17,WLS,0
21,teta,10,-0.2567283101829036,17,WLS,0
22,v,11,1.0934704335672587,17,WLS,0
23,teta,11,-0.274378763450485,17,WLS,0
24,v,12,1.0766093634170353,17,WLS,0
25,teta,12,-0.2658019525537117,17,WLS,0
26,v,13,1.0536251905544056,17,WLS,0
27,teta,13,-0.2782215075979795,17,WLS,0
28,v,14,1.0449023679019833,17,WLS,0
29,teta,14,-0.08097250990261061,17,WLS,0
30,v,15,1.1223424871643495,17,WLS,0
31,teta,15,-0.2651296532426747,17,WLS,0
0,v,0,1.0600660659519077,18,WLS,0
1,teta,0,-1.1955723112608955e-06,18,WLS,0
2,v,1,1.0450723440020269,18,WLS,0
3,teta,1,-0.08698330938739812,18,WLS,0
4,v,2,1.0201696307349508,18,WLS,0
5,teta,2,-0.21997833018066942,18,WLS,0
6,v,3,1.0240101609685992,18,WLS,0
7,teta,3,-0.17976130844589147,18,WLS,0
8,v,4,1.0257551673839589,18,WLS,0
9,teta,4,-0.15377678598838557,18,WLS,0
10,v,5,1.0914636505080288,18,WLS,0
11,teta,5,-0.24832531707826344,18,WLS,0
12,v,6,1.0683846922363434,18,WLS,0
13,teta,6,-0.2313035301046345,18,WLS,0
14,v,7,1.0900785547757263,18,WLS,0
15,teta,7,-0.2313035300917552,18,WLS,0
16,v,8,1.0671710953478715,18,WLS,0
17,teta,8,-0.25789791639471843,18,WLS,0
18,v,9,1.0640535637870474,18,WLS,0
19,teta,9,-0.26098273029756264,18,WLS,0
20,v,10,1.074047667700786,18,WLS,0
21,teta,10,-0.25676122486249064,18,WLS,0
22,v,11,1.0935427633559578,18,WLS,0
23,teta,11,-0.27424891225534725,18,WLS,0
24,v,12,1.0766227844670964,18,WLS,0
25,teta,12,-0.2656895853214502,18,WLS,0
26,v,13,1.053656787112128,18,WLS,0
27,teta,13,-0.2781103033963167,18,WLS,0
28,v,14,1.0448881313042127,18,WLS,0
29,teta,14,-0.08078732277930616,18,WLS,0
30,v,15,1.122506298676668,18,WLS,0
31,teta,15,-0.26481688789178476,18,WLS,0
0,v,0,1.0599442326159034,19,WLS,0
1,teta,0,6.738010932344217e-05,19,WLS,0
2,v,1,1.0449519828587504,19,WLS,0
3,teta,1,-0.08698681952867135,19,WLS,0
4,v,2,1.0200550041770575,19,WLS,0
5,teta,2,-0.2199913488923892,19,WLS,0
6,v,3,1.0238916211340081,19,WLS,0
7,teta,3,-0.1797731254583883,19,WLS,0
8,v,4,1.0256347556911343,19,WLS,0
9,teta,4,-0.15379589221166895,19,WLS,0
10,v,5,1.0913392283435943,19,WLS,0
11,teta,5,-0.24840979915588998,19,WLS,0
12,v,6,1.0682432823557655,19,WLS,0
13,teta,6,-0.23136815743645298,19,WLS,0
14,v,7,1.089917214432894,19,WLS,0
15,teta,7,-0.2313681574285871,19,WLS,0
16,v,8,1.067033653074824,19,WLS,0
17,teta,8,-0.2579901217005949,19,WLS,0
18,v,9,1.0639287453557418,19,WLS,0
19,teta,9,-0.26104212725299253,19,WLS,0
20,v,10,1.0739651322255592,19,WLS,0
21,teta,10,-0.2567927540884114,19,WLS,0
22,v,11,1.0932612066842986,19,WLS,0
23,teta,11,-0.27437957258396745,19,WLS,0
24,v,12,1.0764181094943668,19,WLS,0
25,teta,12,-0.2657812152186759,19,WLS,0
26,v,13,1.0534438778907005,19,WLS,0
27,teta,13,-0.2781981827366064,19,WLS,0
28,v,14,1.044774966409397,19,WLS,0
29,teta,14,-0.08098666418661706,19,WLS,0
30,v,15,1.1220963268091182,19,WLS,0
31,teta,15,-0.26516647124773013,19,WLS,0
0,v,0,1.0601436316953323,20,WLS,0
1,teta,0,-0.0003230454674921711,20,WLS,0
2,v,1,1.0451768545883064,20,WLS,0
3,teta,1,-0.08702780628896271,20,WLS,0
4,v,2,1.0202886341811543,20,WLS,0
5,teta,2,-0.2199387295153572,20,WLS,0
6,v,3,1.0241257488868467,20,WLS,0
7,teta,3,-0.1797443105032875,20,WLS,0
8,v,4,1.0258621564424184,20,WLS,0
9,teta,4,-0.1538169712901379,20,WLS,0
10,v,5,1.091578987417023,20,WLS,0
11,teta,5,-0.24838161154529761,20,WLS,0
12,v,6,1.0684954823628388,20,WLS,0
13,teta,6,-0.23133015482535976,20,WLS,0
14,v,7,1.0901903050522128,20,WLS,0
15,teta,7,-0.23133015479974822,20,WLS,0
16,v,8,1.0672794007510251,20,WLS,0
17,teta,8,-0.2579473377729532,20,WLS,0
18,v,9,1.0642514089794566,20,WLS,0
19,teta,9,-0.26102123357692303,20,WLS,0
20,v,10,1.0743330824787902,20,WLS,0
21,teta,10,-0.25683273951271324,20,WLS,0
22,v,11,1.0936725180769982,20,WLS,0
23,teta,11,-0.27418077643101685,20,WLS,0
24,v,12,1.0768152360968708,20,WLS,0
25,teta,12,-0.2655865294950245,20,WLS,0
26,v,13,1.0538374979727405,20,WLS,0
27,teta,13,-0.27800506469227554,20,WLS,0
28,v,14,1.0450012354069216,20,WLS,0
29,teta,14,-0.08107528475201632,20,WLS,0
30,v,15,1.1225514600923507,20,WLS,0
31,teta,15,-0.2648993899816671,20,WLS,0
0,v,0,1.060286754797262,21,WLS,0
1,teta,0,-0.00020851882689053167,21,WLS,0
2,v,1,1.045297112098313,21,WLS,0
3,teta,1,-0.08701085638622508,21,WLS,0
4,v,2,1.020405333630955,21,WLS,0
5,teta,2,-0.2199009295393569,21,WLS,0
6,v,3,1.0242451725225532,21,WLS,0
7,teta,3,-0.17970476310616335,21,WLS,0
8,v,4,1.025981623586938,21,WLS,0
9,teta,4,-0.1537783562272786,21,WLS,0
10,v,5,1.0917128733102193,21,WLS,0
11,teta,5,-0.24834353620940333,21,WLS,0
12,v,6,1.06864288084722,21,WLS,0
13,teta,6,-0.23126050860757325,21,WLS,0
14,v,7,1.090338384466087,21,WLS,0
15,teta,7,-0.2312605085900654,21,WLS,0
16,v,8,1.0674384989590333,21,WLS,0
17,teta,8,-0.2578613077837812,21,WLS,0
18,v,9,1.0644283386382596,21,WLS,0
19,teta,9,-0.2608330687638818,21,WLS,0
20,v,10,1.0744604881774265,21,WLS,0
21,teta,10,-0.25662274149696584,21,WLS,0
22,v,11,1.093647029850731,21,WLS,0
23,teta,11,-0.2741994966713742,21,WLS,0
24,v,12,1.0768327666228346,21,WLS,0
25,teta,12,-0.26569750641201034,21,WLS,0
26,v,13,1.053864295779221,21,WLS,0
27,teta,13,-0.2781071704573896,21,WLS,0
28,v,14,1.045121100680044,21,WLS,0
29,teta,14,-0.08104573428577129,21,WLS,0
30,v,15,1.1224455510235696,21,WLS,0
31,teta,15,-0.264980983380698,21,WLS,0
0,v,0,1.0600220009019516,22,WLS,0
1,teta,0,-5.4280455055900996e-05,22,WLS,0
2,v,1,1.0450207888494796,22,WLS,0
3,teta,1,-0.0869345551952529,22,WLS,0
4,v,2,1.0201158077060202,22,WLS,0
5,teta,2,-0.21992300393680717,22,WLS,0
6,v,3,1.0239547321537883,22,WLS,0
7,teta,3,-0.17971437910230992,22,WLS,0
8,v,4,1.0256986460335797,22,WLS,0
9,teta,4,-0.15375037625811505,22,WLS,0
10,v,5,1.09142291544428,22,WLS,0
11,teta,5,-0.24835148153921102,22,WLS,0
12,v,6,1.068318136823407,22,WLS,0
13,teta,6,-0.23130473798742307,22,WLS,0
14,v,7,1.090001288800788,22,WLS,0
15,teta,7,-0.23130473800638218,22,WLS,0
16,v,8,1.0671080446767036,22,WLS,0
17,teta,8,-0.25792407747059143,22,WLS,0
18,v,9,1.0640885028670115,22,WLS,0
19,teta,9,-0.2608856850307389,22,WLS,0
20,v,10,1.0741902334714484,22,WLS,0
21,teta,10,-0.2566885186302773,22,WLS,0
22,v,11,1.0933929920251992,22,WLS,0
23,teta,11,-0.27430147828711215,22,WLS,0
24,v,12,1.0765110442560832,22,WLS,0
25,teta,12,-0.26577228144033727,22,WLS,0
26,v,13,1.053535257338909,22,WLS,0
27,teta,13,-0.2781837447826157,22,WLS,0
28,v,14,1.0448456063075648,22,WLS,0
29,teta,14,-0.0809750574538701,22,WLS,0
30,v,15,1.1223955041722655,22,WLS,0
31,teta,15,-0.2648807488565665,22,WLS,0
0,v,0,1.0598423811460846,23,WLS,0
1,teta,0,-0.0005065426686330133,23,WLS,0
2,v,1,1.0449151668591012,23,WLS,0
3,teta,1,-0.08699231960481195,23,WLS,0
4,v,2,1.0200169030226474,23,WLS,0
5,teta,2,-0.21999663584273627,23,WLS,0
6,v,3,1.0238581681221517,23,WLS,0
7,teta,3,-0.1797634417630104,23,WLS,0
8,v,4,1.0255938176342536,23,WLS,0
9,teta,4,-0.15383516549843554,23,WLS,0
10,v,5,1.0912823782097867,23,WLS,0
11,teta,5,-0.24841795691467025,23,WLS,0
12,v,6,1.0682305322303132,23,WLS,0
13,teta,6,-0.23131266188963134,23,WLS,0
14,v,7,1.0899342558634573,23,WLS,0
15,teta,7,-0.23131266189434857,23,WLS,0
16,v,8,1.067011572216335,23,WLS,0
17,teta,8,-0.25791068486376756,23,WLS,0
18,v,9,1.0639591776242754,23,WLS,0
19,teta,9,-0.26104665012802525,23,WLS,0
20,v,10,1.0739996870000996,23,WLS,0
21,teta,10,-0.2569839814643739,23,WLS,0
22,v,11,1.0933580703991124,23,WLS,0
23,teta,11,-0.2743406279081733,23,WLS,0
24,v,12,1.0764423025956074,23,WLS,0
25,teta,12,-0.2657603842900293,23,WLS,0
26,v,13,1.0534632851654624,23,WLS,0
27,teta,13,-0.27817221485144383,23,WLS,0
28,v,14,1.0447380843860568,23,WLS,0
29,teta,14,-0.08098759579266351,23,WLS,0
30,v,15,1.1221936782861819,23,WLS,0
31,teta,15,-0.2651672049496559,23,WLS,0
0,v,0,1.059921590761365,24,WLS,0
1,teta,0,0.00010888584605575994,24,WLS,0
2,v,1,1.0449131351966725,24,WLS,0
3,teta,1,-0.08690541725680506,24,WLS,0
4,v,2,1.0200021191885373,24,WLS,0
5,teta,2,-0.21993738852271935,24,WLS,0
6,v,3,1.0238417972282023,24,WLS,0
7,teta,3,-0.17971743579636903,24,WLS,0
8,v,4,1.0255882723847907,24,WLS,0
9,teta,4,-0.15372625191173692,24,WLS,0
10,v,5,1.0912949366094502,24,WLS,0
11,teta,5,-0.24835372593098057,24,WLS,0
12,v,6,1.0682278853696723,24,WLS,0
13,teta,6,-0.23120995689799592,24,WLS,0
14,v,7,1.0899367912529867,24,WLS,0
15,teta,7,-0.23120995688254384,24,WLS,0
16,v,8,1.0670106416925875,24,WLS,0
17,teta,8,-0.25777834194795607,24,WLS,0
18,v,9,1.0639777839634101,24,WLS,0
19,teta,9,-0.2609502594913849,24,WLS,0
20,v,10,1.0740560220076358,24,WLS,0
21,teta,10,-0.25673045551036455,24,WLS,0
22,v,11,1.0932925502398498,24,WLS,0
23,teta,11,-0.27430434772895557,24,WLS,0
24,v,12,1.0763615326864115,24,WLS,0
25,teta,12,-0.26574068499118036,24,WLS,0
26,v,13,1.0533835685835986,24,WLS,0
27,teta,13,-0.27815312877281156,24,WLS,0
28,v,14,1.044732568024731,24,WLS,0
29,teta,14,-0.08079410397967204,24,WLS,0
30,v,15,1.1222305426245567,24,WLS,0
31,teta,15,-0.2649847620870523,24,WLS,0
0,v,0,1.0599443080122135,25,WLS,0
1,teta,0,-0.00017990379163066635,25,WLS,0
2,v,1,1.044964116439482,25,WLS,0
3,teta,1,-0.08700272951879072,25,WLS,0
4,v,2,1.02006937209362,25,WLS,0
5,teta,2,-0.21998533452417285,25,WLS,0
6,v,3,1.0239085987745105,25,WLS,0
7,teta,3,-0.17976293434995075,25,WLS,0
8,v,4,1.025647714578586,25,WLS,0
9,teta,4,-0.15381590421671085,25,WLS,0
10,v,5,1.0913572846216868,25,WLS,0
11,teta,5,-0.24836284393115252,25,WLS,0
12,v,6,1.0682553335386136,25,WLS,0
13,teta,6,-0.2312727163160241,25,WLS,0
14,v,7,1.0899276130436912,25,WLS,0
15,teta,7,-0.23127271628620033,25,WLS,0
16,v,8,1.0670402991581924,25,WLS,0
17,teta,8,-0.2578509971653039,25,WLS,0
18,v,9,1.0640164029726236,25,WLS,0
19,teta,9,-0.2608921662275549,25,WLS,0
20,v,10,1.074113158928532,25,WLS,0
21,teta,10,-0.2567181727022068,25,WLS,0
22,v,11,1.093344194785739,25,WLS,0
23,teta,11,-0.27451670295355096,25,WLS,0
24,v,12,1.0763754644893229,25,WLS,0
25,teta,12,-0.2658403772779071,25,WLS,0
26,v,13,1.0533988581949094,25,WLS,0
27,teta,13,-0.27825416171801,25,WLS,0
28,v,14,1.0447915528004108,25,WLS,0
29,teta,14,-0.08112391737159462,25,WLS,0
30,v,15,1.12241832053164,25,WLS,0
31,teta,15,-0.2651880770669921,25,WLS,0
0,v,0,1.0599819250366123,26,WLS,0
1,teta,0,0.00023172499335853125,26,WLS,0
2,v,1,1.0449255588522675,26,WLS,0
3,teta,1,-0.08695586775951672,26,WLS,0
4,v,2,1.020025802806007,26,WLS,0
5,teta,2,-0.21993457386883727,26,WLS,0
6,v,3,1.0238671258783183,26,WLS,0
7,teta,3,-0.17971151193132984,26,WLS,0
8,v,4,1.0256144225731574,26,WLS,0
9,teta,4,-0.1537187194817242,26,WLS,0
10,v,5,1.0913164598679024,26,WLS,0
11,teta,5,-0.24833816466691186,26,WLS,0
12,v,6,1.0682120385115854,26,WLS,0
13,teta,6,-0.23116621382388555,26,WLS,0
14,v,7,1.0898728745249786,26,WLS,0
15,teta,7,-0.23116621382889568,26,WLS,0
16,v,8,1.0670012708437455,26,WLS,0
17,teta,8,-0.25771598825212005,26,WLS,0
18,v,9,1.0640281233969602,26,WLS,0
19,teta,9,-0.260750368589949,26,WLS,0
20,v,10,1.0740757765653068,26,WLS,0
21,teta,10,-0.25660060864087453,26,WLS,0
22,v,11,1.093401042871735,26,WLS,0
23,teta,11,-0.27423297615656145,26,WLS,0
24,v,12,1.0764462855456622,26,WLS,0
25,teta,12,-0.26557838846453957,26,WLS,0
26,v,13,1.053467214570339,26,WLS,0
27,teta,13,-0.27798682454497986,26,WLS,0
28,v,14,1.0447485798983935,26,WLS,0
29,teta,14,-0.0809502954113797,26,WLS,0
30,v,15,1.1223756369758615,26,WLS,0
31,teta,15,-0.2650558350003288,26,WLS,0
0,v,0,1.0598815276075677,27,WLS,0
1,teta,0,-0.00010533849380766438,27,WLS,0
2,v,1,1.0449246143106956,27,WLS,0
3,teta,1,-0.08694796520499552,27,WLS,0
4,v,2,1.020021124656926,27,WLS,0
5,teta,2,-0.2199720422585678,27,WLS,0
6,v,3,1.0238589444442578,27,WLS,0
7,teta,3,-0.17974728514271152,27,WLS,0
8,v,4,1.025607220934745,27,WLS,0
9,teta,4,-0.15374131778754127,27,WLS,0
10,v,5,1.0912881564625576,27,WLS,0
11,teta,5,-0.24831862591529164,27,WLS,0
12,v,6,1.0682271444907607,27,WLS,0
13,teta,6,-0.2313985799137859,27,WLS,0
14,v,7,1.0899221882621364,27,WLS,0
15,teta,7,-0.2313985798874539,27,WLS,0
16,v,8,1.0670157996566576,27,WLS,0
17,teta,8,-0.2580491509521577,27,WLS,0
18,v,9,1.0639724051282053,27,WLS,0
19,teta,9,-0.26097510575894833,27,WLS,0
20,v,10,1.074027876015111,27,WLS,0
21,teta,10,-0.25670229441630904,27,WLS,0
22,v,11,1.093305870604388,27,WLS,0
23,teta,11,-0.27424762537878083,27,WLS,0
24,v,12,1.0765055477573615,27,WLS,0
25,teta,12,-0.2657212735704979,27,WLS,0
26,v,13,1.0535283264051538,27,WLS,0
27,teta,13,-0.2781353774745706,27,WLS,0
28,v,14,1.044743957330804,27,WLS,0
29,teta,14,-0.0808431511310274,27,WLS,0
30,v,15,1.1221451424117261,27,WLS,0
31,teta,15,-0.2649003981829728,27,WLS,0
0,v,0,1.0598536750658487,28,WLS,0
1,teta,0,-1.0932447672235473e-05,28,WLS,0
2,v,1,1.0448488396461342,28,WLS,0
3,teta,1,-0.08692987686643373,28,WLS,0
4,v,2,1.0199451759412248,28,WLS,0
5,teta,2,-0.21992539406577452,28,WLS,0
6,v,3,1.023786866033515,28,WLS,0
7,teta,3,-0.17970120927851935,28,WLS,0
8,v,4,1.0255301371385195,28,WLS,0
9,teta,4,-0.15373423792746005,28,WLS,0
10,v,5,1.091223481552661,28,WLS,0
11,teta,5,-0.24831797911243275,28,WLS,0
12,v,6,1.0681956376525197,28,WLS,0
13,teta,6,-0.23129959633440195,28,WLS,0
14,v,7,1.0899274079338381,28,WLS,0
15,teta,7,-0.2312995963341986,28,WLS,0
16,v,8,1.0669811808771958,28,WLS,0
17,teta,8,-0.25792187556334056,28,WLS,0
18,v,9,1.0639696253506112,28,WLS,0
19,teta,9,-0.26097079460194755,28,WLS,0
20,v,10,1.073979104449952,28,WLS,0
21,teta,10,-0.2568018995369091,28,WLS,0
22,v,11,1.0931547650209654,28,WLS,0
23,teta,11,-0.27432189511187227,28,WLS,0
24,v,12,1.0763729921543435,28,WLS,0
25,teta,12,-0.2657733236353814,28,WLS,0
26,v,13,1.0533994031412048,28,WLS,0
27,teta,13,-0.2781972471524941,28,WLS,0
28,v,14,1.0446693417585946,28,WLS,0
29,teta,14,-0.0808508512206257,28,WLS,0
30,v,15,1.1219572858639966,28,WLS,0
31,teta,15,-0.26507873941409044,28,WLS,0
0,v,0,1.059938371871502,29,WLS,0
1,teta,0,-4.3068808812679316e-05,29,WLS,0
2,v,1,1.0449469635012052,29,WLS,0
3,teta,1,-0.08701185033234395,29,WLS,0
4,v,2,1.0200534140970698,29,WLS,0
5,teta,2,-0.22000498796204568,29,WLS,0
6,v,3,1.02388946371377,29,WLS,0
7,teta,3,-0.17979534927109822,29,WLS,0
8,v,4,1.0256364177923922,29,WLS,0
9,teta,4,-0.1537942011353389,29,WLS,0
10,v,5,1.0913392474021886,29,WLS,0
11,teta,5,-0.24841981548339745,29,WLS,0
12,v,6,1.0682510379645276,29,WLS,0
13,teta,6,-0.23139432820487518,29,WLS,0
14,v,7,1.089944278058189,29,WLS,0
15,teta,7,-0.2313943282015022,29,WLS,0
16,v,8,1.0670347571367422,29,WLS,0
17,teta,8,-0.25801824402001367,29,WLS,0
18,v,9,1.0640020743360752,29,WLS,0
19,teta,9,-0.26107439686246614,29,WLS,0
20,v,10,1.0741567000528764,29,WLS,0
21,teta,10,-0.25689868046049913,29,WLS,0
22,v,11,1.0932595263923317,29,WLS,0
23,teta,11,-0.27433107541485596,29,WLS,0
24,v,12,1.0764459520555172,29,WLS,0
25,teta,12,-0.2658043452638132,29,WLS,0
26,v,13,1.0534698867863128,29,WLS,0
27,teta,13,-0.27822390314818823,29,WLS,0
28,v,14,1.0447755868539315,29,WLS,0
29,teta,14,-0.08116696451711639,29,WLS,0
30,v,15,1.1220706947149486,29,WLS,0
31,teta,15,-0.2650730607859226,29,WLS,0
0,v,0,1.0600334910693672,30,WLS,0
1,teta,0,7.522433333117088e-05,30,WLS,0
2,v,1,1.0450237922905548,30,WLS,0
3,teta,1,-0.08697691165580905,30,WLS,0
4,v,2,1.0201259599141215,30,WLS,0
5,teta,2,-0.21994379380116597,30,WLS,0
6,v,3,1.023965235627469,30,WLS,0
7,teta,3,-0.17973144474559755,30,WLS,0
8,v,4,1.025712053509396,30,WLS,0
9,teta,4,-0.1537407663098784,30,WLS,0
10,v,5,1.091439901085419,30,WLS,0
11,teta,5,-0.24834303205253824,30,WLS,0
12,v,6,1.0683218003121453,30,WLS,0
13,teta,6,-0.23122064814380675,30,WLS,0
14,v,7,1.089982739348133,30,WLS,0
15,teta,7,-0.23122064814444543,30,WLS,0
16,v,8,1.0671175197636278,30,WLS,0
17,teta,8,-0.25778786445374957,30,WLS,0
18,v,9,1.0641081476517216,30,WLS,0
19,teta,9,-0.26094688230740126,30,WLS,0
20,v,10,1.0741931143567245,30,WLS,0
21,teta,10,-0.2568444401793659,30,WLS,0
22,v,11,1.093307533632919,30,WLS,0
23,teta,11,-0.2742284543649074,30,WLS,0
24,v,12,1.0765151536834583,30,WLS,0
25,teta,12,-0.2656641571151765,30,WLS,0
26,v,13,1.0535319565594625,30,WLS,0
27,teta,13,-0.2780817696066537,30,WLS,0
28,v,14,1.0448491274751495,30,WLS,0
29,teta,14,-0.081038244191123,30,WLS,0
30,v,15,1.122040439152425,30,WLS,0
31,teta,15,-0.2650617494909784,30,WLS,0
0,v,0,1.0600996218920788,31,WLS,0
1,teta,0,4.116801085520158e-05,31,WLS,0
2,v,1,1.0450919612308036,31,WLS,0
3,teta,1,-0.08701754879630981,31,WLS,0
4,v,2,1.0201951291200024,31,WLS,0
5,teta,2,-0.2200181189552264,31,WLS,0
6,v,3,1.0240306616684478,31,WLS,0
7,teta,3,-0.17981077960021688,31,WLS,0
8,v,4,1.025773893734672,31,WLS,0
9,teta,4,-0.1538303668754235,31,WLS,0
10,v,5,1.0915006531793343,31,WLS,0
11,teta,5,-0.24841445460038186,31,WLS,0
12,v,6,1.068434344304981,31,WLS,0
13,teta,6,-0.23136556152772841,31,WLS,0
14,v,7,1.0901432426409108,31,WLS,0
15,teta,7,-0.23136556153639287,31,WLS,0
16,v,8,1.0672270002758293,31,WLS,0
17,teta,8,-0.2579655632233184,31,WLS,0
18,v,9,1.0641300544052525,31,WLS,0
19,teta,9,-0.2610847058346138,31,WLS,0
20,v,10,1.074155413029113,31,WLS,0
21,teta,10,-0.2568489157098704,31,WLS,0
22,v,11,1.0934139117019985,31,WLS,0
23,teta,11,-0.2741967751599126,31,WLS,0
24,v,12,1.0766919590471162,31,WLS,0
25,teta,12,-0.2656856506494892,31,WLS,0
26,v,13,1.0537103832253196,31,WLS,0
27,teta,13,-0.27808741196757136,31,WLS,0
28,v,14,1.0449138453701197,31,WLS,0
29,teta,14,-0.0809923990121134,31,WLS,0
30,v,15,1.1221438683618568,31,WLS,0
31,teta,15,-0.2649198267657737,31,WLS,0
0,v,0,1.0601312480186962,32,WLS,0
1,teta,0,-2.208468803850205e-05,32,WLS,0
2,v,1,1.0451137031010787,32,WLS,0
3,teta,1,-0.08695603710357865,32,WLS,0
4,v,2,1.0202132538416184,32,WLS,0
5,teta,2,-0.2199282045633742,32,WLS,0
6,v,3,1.024048373368031,32,WLS,0
7,teta,3,-0.17973167847748153,32,WLS,0
8,v,4,1.0257927911821583,32,WLS,0
9,teta,4,-0.15375860827394244,32,WLS,0
10,v,5,1.0914977984237868,32,WLS,0
11,teta,5,-0.2483395346978512,32,WLS,0
12,v,6,1.0683968007893565,32,WLS,0
13,teta,6,-0.2313236327496302,32,WLS,0
14,v,7,1.0900604960299116,32,WLS,0
15,teta,7,-0.23132363273657633,32,WLS,0
16,v,8,1.0671900485730916,32,WLS,0
17,teta,8,-0.2579441837115496,32,WLS,0
18,v,9,1.0641308511631538,32,WLS,0
19,teta,9,-0.26106074126509965,32,WLS,0
20,v,10,1.074126270319796,32,WLS,0
21,teta,10,-0.2569345473034318,32,WLS,0
22,v,11,1.0934056327516333,32,WLS,0
23,teta,11,-0.2742409316752321,32,WLS,0
24,v,12,1.076639767697652,32,WLS,0
25,teta,12,-0.265735586564,32,WLS,0
26,v,13,1.0536581218939112,32,WLS,0
27,teta,13,-0.27815348719091554,32,WLS,0
28,v,14,1.044926417966259,32,WLS,0
29,teta,14,-0.08068103361495091,32,WLS,0
30,v,15,1.1222109491026095,32,WLS,0
31,teta,15,-0.2649272234303409,32,WLS,0
0,v,0,1.060098358585994,33,WLS,0
1,teta,0,0.00011977207470753759,33,WLS,0
2,v,1,1.0450581306574531,33,WLS,0
3,teta,1,-0.08698100160386751,33,WLS,0
4,v,2,1.0201592062768547,33,WLS,0
5,teta,2,-0.21995199063430954,33,WLS,0
6,v,3,1.0239991266517547,33,WLS,0
7,teta,3,-0.1797381489841967,33,WLS,0
8,v,4,1.0257446673466408,33,WLS,0
9,teta,4,-0.1537621622726795,33,WLS,0
10,v,5,1.091477898497818,33,WLS,0
11,teta,5,-0.24839343147676543,33,WLS,0
12,v,6,1.0683871242159333,33,WLS,0
13,teta,6,-0.2312254197323471,33,WLS,0
14,v,7,1.0900723072122052,33,WLS,0
15,teta,7,-0.23122541972943603,33,WLS,0
16,v,8,1.067183779960056,33,WLS,0
17,teta,8,-0.25779086907225773,33,WLS,0
18,v,9,1.0641115465327282,33,WLS,0
19,teta,9,-0.26087906213278544,33,WLS,0
20,v,10,1.0741671919193951,33,WLS,0
21,teta,10,-0.25669110602594314,33,WLS,0
22,v,11,1.0933178425889964,33,WLS,0
23,teta,11,-0.2742708019317989,33,WLS,0
24,v,12,1.0765617804205296,33,WLS,0
25,teta,12,-0.26574081422222495,33,WLS,0
26,v,13,1.053594854480312,33,WLS,0
27,teta,13,-0.278159843804206,33,WLS,0
28,v,14,1.0448779503575398,33,WLS,0
29,teta,14,-0.08089443257743702,33,WLS,0
30,v,15,1.1221244951743583,33,WLS,0
31,teta,15,-0.264968990485201,33,WLS,0
0,v,0,1.059929525245333,34,WLS,0
1,teta,0,-0.00016925800930334595,34,WLS,0
2,v,1,1.0449753496294503,34,WLS,0
3,teta,1,-0.08701707977200521,34,WLS,0
4,v,2,1.020083975585686,34,WLS,0
5,teta,2,-0.21999720637527648,34,WLS,0
6,v,3,1.0239188132058026,34,WLS,0
7,teta,3,-0.17979369571789855,34,WLS,0
8,v,4,1.0256603485575317,34,WLS,0
9,teta,4,-0.1538218410114677,34,WLS,0
10,v,5,1.09136647063462,34,WLS,0
11,teta,5,-0.24837439171230932,34,WLS,0
12,v,6,1.068268916786522,34,WLS,0
13,teta,6,-0.23133941711954897,34,WLS,0
14,v,7,1.0899469208054013,34,WLS,0
15,teta,7,-0.2313394170907866,34,WLS,0
16,v,8,1.0670535139664175,34,WLS,0
17,teta,8,-0.2579361660535762,34,WLS,0
18,v,9,1.064005721394007,34,WLS,0
19,teta,9,-0.2610576666331734,34,WLS,0
20,v,10,1.0740944620258641,34,WLS,0
21,teta,10,-0.25681226405304275,34,WLS,0
22,v,11,1.0932013902624411,34,WLS,0
23,teta,11,-0.27416200868346197,34,WLS,0
24,v,12,1.076477951909349,34,WLS,0
25,teta,12,-0.26567842535038216,34,WLS,0
26,v,13,1.0535011999665382,34,WLS,0
27,teta,13,-0.2780913948016099,34,WLS,0
28,v,14,1.044796725666088,34,WLS,0
29,teta,14,-0.08097929194882657,34,WLS,0
30,v,15,1.1219012980140837,34,WLS,0
31,teta,15,-0.26487593807269855,34,WLS,0
0,v,0,1.0600383957634174,35,WLS,0
1,teta,0,3.569766927686022e-05,35,WLS,0
2,v,1,1.0450450028126395,35,WLS,0
3,teta,1,-0.08698159428271411,35,WLS,0
4,v,2,1.0201490967419884,35,WLS,0
5,teta,2,-0.2199439150442817,35,WLS,0
6,v,3,1.023985594894934,35,WLS,0
7,teta,3,-0.17974312500672096,35,WLS,0
8,v,4,1.0257281929163424,35,WLS,0
9,teta,4,-0.15377798456480893,35,WLS,0
10,v,5,1.0914523714293662,35,WLS,0
11,teta,5,-0.24838322094380172,35,WLS,0
12,v,6,1.068381275681389,35,WLS,0
13,teta,6,-0.2313924134620734,35,WLS,0
14,v,7,1.090107810512088,35,WLS,0
15,teta,7,-0.2313924134367755,35,WLS,0
16,v,8,1.0671632674815394,35,WLS,0
17,teta,8,-0.2580415633390284,35,WLS,0
18,v,9,1.0641167751282306,35,WLS,0
19,teta,9,-0.2610573507066045,35,WLS,0
20,v,10,1.0741579424693894,35,WLS,0
21,teta,10,-0.25684579268632657,35,WLS,0
22,v,11,1.0934559454802644,35,WLS,0
23,teta,11,-0.27445462035456375,35,WLS,0
24,v,12,1.0765830386936792,35,WLS,0
25,teta,12,-0.265903787395409,35,WLS,0
26,v,13,1.0536105440615497,35,WLS,0
27,teta,13,-0.2783174420438679,35,WLS,0
28,v,14,1.0448743364044772,35,WLS,0
29,teta,14,-0.08115382983323945,35,WLS,0
30,v,15,1.1222848679013837,35,WLS,0
31,teta,15,-0.2652467242594331,35,WLS,0
0,v,0,1.060077265902994,36,WLS,0
1,teta,0,-0.0001055193407596434,36,WLS,0
2,v,1,1.0450887569203924,36,WLS,0
3,teta,1,-0.08700395286134392,36,WLS,0
4,v,2,1.0201933117088595,36,WLS,0
5,teta,2,-0.21996520315166238,36,WLS,0
6,v,3,1.0240329477967878,36,WLS,0
7,teta,3,-0.17975048853266162,36,WLS,0
8,v,4,1.025773303899568,36,WLS,0
9,teta,4,-0.15379644878614676,36,WLS,0
10,v,5,1.0914836820561493,36,WLS,0
11,teta,5,-0.2483072599107349,36,WLS,0
12,v,6,1.0684037012113696,36,WLS,0
13,teta,6,-0.23124386551972131,36,WLS,0
14,v,7,1.0900817610601357,36,WLS,0
15,teta,7,-0.23124386551824253,36,WLS,0
16,v,8,1.067195640991771,36,WLS,0
17,teta,8,-0.2578130457578308,36,WLS,0
18,v,9,1.0641479105459188,36,WLS,0
19,teta,9,-0.26087509643078377,36,WLS,0
20,v,10,1.0741658908425293,36,WLS,0
21,teta,10,-0.25668116175000877,36,WLS,0
22,v,11,1.093423494600233,36,WLS,0
23,teta,11,-0.27423769178133833,36,WLS,0
24,v,12,1.0765778065729008,36,WLS,0
25,teta,12,-0.2657368525690351,36,WLS,0
26,v,13,1.0535925438989977,36,WLS,0
27,teta,13,-0.278156589170459,36,WLS,0
28,v,14,1.0449093184270088,36,WLS,0
29,teta,14,-0.08094162960380537,36,WLS,0
30,v,15,1.1223181094067047,36,WLS,0
31,teta,15,-0.2648752630823486,36,WLS,0
0,v,0,1.059678212079518,37,WLS,0
1,teta,0,-0.00014907862854100003,37,WLS,0
2,v,1,1.0447086578304017,37,WLS,0
3,teta,1,-0.08697921633612372,37,WLS,0
4,v,2,1.0198114158949299,37,WLS,0
5,teta,2,-0.22000576505726765,37,WLS,0
6,v,3,1.0236515627039808,37,WLS,0
7,teta,3,-0.17977189584025527,37,WLS,0
8,v,4,1.02539295777221,37,WLS,0
9,teta,4,-0.15380267613494958,37,WLS,0
10,v,5,1.0910950804458306,37,WLS,0
11,teta,5,-0.24835491772000334,37,WLS,0
12,v,6,1.0680032909042088,37,WLS,0
13,teta,6,-0.23131808740414278,37,WLS,0
14,v,7,1.0896682869656331,37,WLS,0
15,teta,7,-0.23131808741530538,37,WLS,0
16,v,8,1.0667997511129779,37,WLS,0
17,teta,8,-0.2579144616456614,37,WLS,0
18,v,9,1.0637198733913606,37,WLS,0
19,teta,9,-0.2610063775390082,37,WLS,0
20,v,10,1.073782973301385,37,WLS,0
21,teta,10,-0.2568112075908773,37,WLS,0
22,v,11,1.0931789236933835,37,WLS,0
23,teta,11,-0.2743293088405874,37,WLS,0
24,v,12,1.0762396705583708,37,WLS,0
25,teta,12,-0.2656407478751529,37,WLS,0
26,v,13,1.0532747295267648,37,WLS,0
27,teta,13,-0.2780566108677368,37,WLS,0
28,v,14,1.044537479747048,37,WLS,0
29,teta,14,-0.08113033123016034,37,WLS,0
30,v,15,1.122239386307758,37,WLS,0
31,teta,15,-0.2650993024994787,37,WLS,0
0,v,0,1.0599052249670293,38,WLS,0
1,teta,0,1.4888014960233155e-05,38,WLS,0
2,v,1,1.0448948855570872,38,WLS,0
3,teta,1,-0.08701090025190576,38,WLS,0
4,v,2,1.0200039231518847,38,WLS,0
5,teta,2,-0.22000171405852378,38,WLS,0
6,v,3,1.023841473519126,38,WLS,0
7,teta,3,-0.17977349158884162,38,WLS,0
8,v,4,1.025586487496226,38,WLS,0
9,teta,4,-0.15378298443782956,38,WLS,0
10,v,5,1.0913065243133664,38,WLS,0
11,teta,5,-0.2483762098191781,38,WLS,0
12,v,6,1.0681887879514012,38,WLS,0
13,teta,6,-0.2312316072436683,38,WLS,0
14,v,7,1.089846595530271,38,WLS,0
15,teta,7,-0.2312316072120339,38,WLS,0
16,v,8,1.066981595058856,38,WLS,0
17,teta,8,-0.2577829663392847,38,WLS,0
18,v,9,1.0639137964494287,38,WLS,0
19,teta,9,-0.26086991950474475,38,WLS,0
20,v,10,1.0739730701425605,38,WLS,0
21,teta,10,-0.2567080498824937,38,WLS,0
22,v,11,1.0930929786966181,38,WLS,0
23,teta,11,-0.27419691429419374,38,WLS,0
24,v,12,1.0763068441118555,38,WLS,0
25,teta,12,-0.2656625269006588,38,WLS,0
26,v,13,1.0533368018682614,38,WLS,0
27,teta,13,-0.27808319462845704,38,WLS,0
28,v,14,1.044719928166946,38,WLS,0
29,teta,14,-0.08107033443242626,38,WLS,0
30,v,15,1.1219362027686641,38,WLS,0
31,teta,15,-0.26484584529621596,38,WLS,0
0,v,0,1.0601660441117018,39,WLS,0
1,teta,0,0.00016785598714701724,39,WLS,0
2,v,1,1.0451449834614592,39,WLS,0
3,teta,1,-0.08698703030793223,39,WLS,0
4,v,2,1.0202397488995523,39,WLS,0
5,teta,2,-0.2200062142370953,39,WLS,0
6,v,3,1.0240793291720667,39,WLS,0
7,teta,3,-0.17978185162571708,39,WLS,0
8,v,4,1.0258320326329557,39,WLS,0
9,teta,4,-0.1537594647595738,39,WLS,0
10,v,5,1.0915492346424007,39,WLS,0
11,teta,5,-0.2483082181633595,39,WLS,0
12,v,6,1.0685107764962098,39,WLS,0
13,teta,6,-0.23130917359804834,39,WLS,0
14,v,7,1.09024433364556,39,WLS,0
15,teta,7,-0.2313091735786508,39,WLS,0
16,v,8,1.0673009258845836,39,WLS,0
17,teta,8,-0.2578944382255484,39,WLS,0
18,v,9,1.0642702057777647,39,WLS,0
19,teta,9,-0.26097707835339834,39,WLS,0
20,v,10,1.0743092965068155,39,WLS,0
21,teta,10,-0.2567620597028191,39,WLS,0
22,v,11,1.0935947010230644,39,WLS,0
23,teta,11,-0.2742499832498093,39,WLS,0
24,v,12,1.0767392257664035,39,WLS,0
25,teta,12,-0.26567424011404794,39,WLS,0
26,v,13,1.0537628355888693,39,WLS,0
27,teta,13,-0.2780841146714884,39,WLS,0
28,v,14,1.0449673703005307,39,WLS,0
29,teta,14,-0.08096855946363306,39,WLS,0
30,v,15,1.1224494271688936,39,WLS,0
31,teta,15,-0.2650516866836226,39,WLS,0
0,v,0,1.0598252143023474,40,WLS,0
1,teta,0,5.384388504013008e-05,40,WLS,0
2,v,1,1.0448039615855726,40,WLS,0
3,teta,1,-0.08700809786804535,40,WLS,0
4,v,2,1.0199085302075146,40,WLS,0
5,teta,2,-0.22004756690112973,40,WLS,0
6,v,3,1.0237447407943272,40,WLS,0
7,teta,3,-0.17982110759609252,40,WLS,0
8,v,4,1.0254873773473911,40,WLS,0
9,teta,4,-0.15383956446982874,40,WLS,0
10,v,5,1.091190044825319,40,WLS,0
11,teta,5,-0.24844664291415025,40,WLS,0
12,v,6,1.068108430269451,40,WLS,0
13,teta,6,-0.2313517852165345,40,WLS,0
14,v,7,1.0897841816156633,40,WLS,0
15,teta,7,-0.23135178523199895,40,WLS,0
16,v,8,1.0669027950474854,40,WLS,0
17,teta,8,-0.2579400118792208,40,WLS,0
18,v,9,1.0638791344515561,40,WLS,0
19,teta,9,-0.26102889208385444,40,WLS,0
20,v,10,1.0739105114772338,40,WLS,0
21,teta,10,-0.2568517231661399,40,WLS,0
22,v,11,1.093293391156887,40,WLS,0
23,teta,11,-0.27426037176641,40,WLS,0
24,v,12,1.0763576907116457,40,WLS,0
25,teta,12,-0.2656469250709729,40,WLS,0
26,v,13,1.0533901662857894,40,WLS,0
27,teta,13,-0.27806038169368913,40,WLS,0
28,v,14,1.044629271623807,40,WLS,0
29,teta,14,-0.08107048709441969,40,WLS,0
30,v,15,1.1222394210220128,40,WLS,0
31,teta,15,-0.2649834480674372,40,WLS,0
0,v,0,1.059919650358379,41,WLS,0
1,teta,0,-0.0002620709121513903,41,WLS,0
2,v,1,1.0449631314357728,41,WLS,0
3,teta,1,-0.08697534109761144,41,WLS,0
4,v,2,1.0200688380965033,41,WLS,0
5,teta,2,-0.21994255197742008,41,WLS,0
6,v,3,1.0239036985537813,41,WLS,0
7,teta,3,-0.17974548002281304,41,WLS,0
8,v,4,1.0256439570531861,41,WLS,0
9,teta,4,-0.1537920861879193,41,WLS,0
10,v,5,1.0913388852732258,41,WLS,0
11,teta,5,-0.24837525901929738,41,WLS,0
12,v,6,1.0683006622419828,41,WLS,0
13,teta,6,-0.23134429876084572,41,WLS,0
14,v,7,1.0900088409740611,41,WLS,0
15,teta,7,-0.23134429874908835,41,WLS,0
16,v,8,1.067093493428773,41,WLS,0
17,teta,8,-0.2579670363797629,41,WLS,0
18,v,9,1.0640146815176859,41,WLS,0
19,teta,9,-0.2610087280077956,41,WLS,0
20,v,10,1.0740732770328165,41,WLS,0
21,teta,10,-0.2567847519923671,41,WLS,0
22,v,11,1.0934385009744776,41,WLS,0
23,teta,11,-0.27436804764184614,41,WLS,0
24,v,12,1.076505131423929,41,WLS,0
25,teta,12,-0.26570313508668253,41,WLS,0
26,v,13,1.0535290699718558,41,WLS,0
27,teta,13,-0.2781191097510114,41,WLS,0
28,v,14,1.04479119078154,41,WLS,0
29,teta,14,-0.0811126245882021,41,WLS,0
30,v,15,1.1223442839900504,41,WLS,0
31,teta,15,-0.2652195021517162,41,WLS,0
0,v,0,1.0598058550678766,42,WLS,0
1,teta,0,-0.00016577480410001708,42,WLS,0
2,v,1,1.0448315894551083,42,WLS,0
3,teta,1,-0.08698367275863597,42,WLS,0
4,v,2,1.0199360649233977,42,WLS,0
5,teta,2,-0.2199676638591205,42,WLS,0
6,v,3,1.023781750375922,42,WLS,0
7,teta,3,-0.1797100123438647,42,WLS,0
8,v,4,1.0255165006468787,42,WLS,0
9,teta,4,-0.15379319805441946,42,WLS,0
10,v,5,1.0912138518446244,42,WLS,0
11,teta,5,-0.24841318781814933,42,WLS,0
12,v,6,1.0681234480432205,42,WLS,0
13,teta,6,-0.23126138687083683,42,WLS,0
14,v,7,1.0897854152785256,42,WLS,0
15,teta,7,-0.2312613868712638,42,WLS,0
16,v,8,1.066915353543374,42,WLS,0
17,teta,8,-0.25786093419151057,42,WLS,0
18,v,9,1.0638414091043618,42,WLS,0
19,teta,9,-0.2609251987947836,42,WLS,0
20,v,10,1.0739233737438154,42,WLS,0
21,teta,10,-0.25675826293038834,42,WLS,0
22,v,11,1.0930937261663038,42,WLS,0
23,teta,11,-0.27452975579920713,42,WLS,0
24,v,12,1.0762348981092762,42,WLS,0
25,teta,12,-0.2658805955203825,42,WLS,0
26,v,13,1.0532495186615267,42,WLS,0
27,teta,13,-0.2782977399912631,42,WLS,0
28,v,14,1.0446516640289754,42,WLS,0
29,teta,14,-0.08090155106390116,42,WLS,0
30,v,15,1.1220001476835464,42,WLS,0
31,teta,15,-0.2653202046195011,42,WLS,0
0,v,0,1.0600891980701892,43,WLS,0
1,teta,0,-0.00021226006965640367,43,WLS,0
2,v,1,1.045105860032054,43,WLS,0
3,teta,1,-0.08702263170180041,43,WLS,0
4,v,2,1.0202119352872752,43,WLS,0
5,teta,2,-0.22000618335522348,43,WLS,0
6,v,3,1.024047335429118,43,WLS,0
7,teta,3,-0.17979813666369707,43,WLS,0
8,v,4,1.0257885488867153,43,WLS,0
9,teta,4,-0.15383441717442634,43,WLS,0
10,v,5,1.0915021918296637,43,WLS,0
11,teta,5,-0.2483576014790661,43,WLS,0
12,v,6,1.0684348464385096,43,WLS,0
13,teta,6,-0.23130577033088218,43,WLS,0
14,v,7,1.0901349149351875,43,WLS,0
15,teta,7,-0.2313057703342722,43,WLS,0
16,v,8,1.0672223106760546,43,WLS,0
17,teta,8,-0.25788201102878644,43,WLS,0
18,v,9,1.064127150169965,43,WLS,0
19,teta,9,-0.2609167280622134,43,WLS,0
20,v,10,1.0741782232575836,43,WLS,0
21,teta,10,-0.25666582624964884,43,WLS,0
22,v,11,1.0933968992093919,43,WLS,0
23,teta,11,-0.27438885853920153,43,WLS,0
24,v,12,1.0765901833286122,43,WLS,0
25,teta,12,-0.2657983009541576,43,WLS,0
26,v,13,1.053613496580546,43,WLS,0
27,teta,13,-0.27821797247440766,43,WLS,0
28,v,14,1.0449304096100622,43,WLS,0
29,teta,14,-0.08107159658183019,43,WLS,0
30,v,15,1.1223058969635955,43,WLS,0
31,teta,15,-0.26500546350411297,43,WLS,0
0,v,0,1.0600770142234532,44,WLS,0
1,teta,0,-0.0001416477045063599,44,WLS,0
2,v,1,1.0451080705517994,44,WLS,0
3,teta,1,-0.08697492564848622,44,WLS,0
4,v,2,1.020207372438366,44,WLS,0
5,teta,2,-0.21994866996854637,44,WLS,0
6,v,3,1.0240460566237959,44,WLS,0
7,teta,3,-0.17974006213902974,44,WLS,0
8,v,4,1.0257861091649325,44,WLS,0
9,teta,4,-0.15379233319987276,44,WLS,0
10,v,5,1.0915110980930907,44,WLS,0
11,teta,5,-0.2483643181470461,44,WLS,0
12,v,6,1.068428645062241,44,WLS,0
13,teta,6,-0.23132868375547738,44,WLS,0
14,v,7,1.0901209793529572,44,WLS,0
15,teta,7,-0.23132868374920462,44,WLS,0
16,v,8,1.067221847156216,44,WLS,0
17,teta,8,-0.25794666269418476,44,WLS,0
18,v,9,1.0641420340259529,44,WLS,0
19,teta,9,-0.2610209112849626,44,WLS,0
20,v,10,1.0742019659830606,44,WLS,0
21,teta,10,-0.25681200227407913,44,WLS,0
22,v,11,1.093580396953585,44,WLS,0
23,teta,11,-0.27419823256641407,44,WLS,0
24,v,12,1.0766818179393176,44,WLS,0
25,teta,12,-0.26566836941453664,44,WLS,0
26,v,13,1.0537011441316817,44,WLS,0
27,teta,13,-0.2780797412184959,44,WLS,0
28,v,14,1.044931542207893,44,WLS,0
29,teta,14,-0.08098598827932488,44,WLS,0
30,v,15,1.1224562192666725,44,WLS,0
31,teta,15,-0.2648916886875304,44,WLS,0
0,v,0,1.0596915768720379,45,WLS,0
1,teta,0,-0.00014393765437608233,45,WLS,0
2,v,1,1.0447318763468871,45,WLS,0
3,teta,1,-0.08695678863187235,45,WLS,0
4,v,2,1.0198337002958295,45,WLS,0
5,teta,2,-0.21997435678255467,45,WLS,0
6,v,3,1.0236712754819923,45,WLS,0
7,teta,3,-0.17975548985013445,45,WLS,0
8,v,4,1.0254108314274708,45,WLS,0
9,teta,4,-0.1537951504630063,45,WLS,0
10,v,5,1.091109643279772,45,WLS,0
11,teta,5,-0.24840682234899003,45,WLS,0
12,v,6,1.0680576428528465,45,WLS,0
13,teta,6,-0.23134618958137831,45,WLS,0
14,v,7,1.0897666780674173,45,WLS,0
15,teta,7,-0.2313461895501737,45,WLS,0
16,v,8,1.0668465152766666,45,WLS,0
17,teta,8,-0.2579648594602171,45,WLS,0
18,v,9,1.063793498790202,45,WLS,0
19,teta,9,-0.261033942658654,45,WLS,0
20,v,10,1.0737997361725429,45,WLS,0
21,teta,10,-0.2568489858111314,45,WLS,0
22,v,11,1.093178723873237,45,WLS,0
23,teta,11,-0.27432988663888064,45,WLS,0
24,v,12,1.0762740146182008,45,WLS,0
25,teta,12,-0.2656972923319485,45,WLS,0
26,v,13,1.0532962028298571,45,WLS,0
27,teta,13,-0.27812012209048237,45,WLS,0
28,v,14,1.0445515888057595,45,WLS,0
29,teta,14,-0.08086127610513641,45,WLS,0
30,v,15,1.122138611535803,45,WLS,0
31,teta,15,-0.2650761015418956,45,WLS,0
0,v,0,1.05996389467825,46,WLS,0
1,teta,0,-4.009093067911298e-05,46,WLS,0
2,v,1,1.044947115035263,46,WLS,0
3,teta,1,-0.08697706778265081,46,WLS,0
4,v,2,1.0200447796948693,46,WLS,0
5,teta,2,-0.2200065320027768,46,WLS,0
6,v,3,1.0238855165141758,46,WLS,0
7,teta,3,-0.17976539649904727,46,WLS,0
8,v,4,1.0256323558258345,46,WLS,0
9,teta,4,-0.15377167548173074,46,WLS,0
10,v,5,1.0913388169663982,46,WLS,0
11,teta,5,-0.24836962817782493,46,WLS,0
12,v,6,1.0682712427356822,46,WLS,0
13,teta,6,-0.23124230592908934,46,WLS,0
14,v,7,1.0899693432142958,46,WLS,0
15,teta,7,-0.23124230591589467,46,WLS,0
16,v,8,1.0670594150398114,46,WLS,0
17,teta,8,-0.257802561174565,46,WLS,0
18,v,9,1.0639883973755613,46,WLS,0
19,teta,9,-0.2609501322333142,46,WLS,0
20,v,10,1.0739973726551932,46,WLS,0
21,teta,10,-0.25677218244685573,46,WLS,0
22,v,11,1.093301115122727,46,WLS,0
23,teta,11,-0.2742580201714697,46,WLS,0
24,v,12,1.076440312203109,46,WLS,0
25,teta,12,-0.26572727075532154,46,WLS,0
26,v,13,1.0534634596603079,46,WLS,0
27,teta,13,-0.2781310739722696,46,WLS,0
28,v,14,1.0447695927215088,46,WLS,0
29,teta,14,-0.08095881164413017,46,WLS,0
30,v,15,1.1221940657764025,46,WLS,0
31,teta,15,-0.26489170593984646,46,WLS,0
0,v,0,1.0600506344516167,47,WLS,0
1,teta,0,0.00011516812420586945,47,WLS,0
2,v,1,1.0450505831129586,47,WLS,0
3,teta,1,-0.08696790498072059,47,WLS,0
4,v,2,1.0201474679748452,47,WLS,0
5,teta,2,-0.21997506039570483,47,WLS,0
6,v,3,1.0239871338247715,47,WLS,0
7,teta,3,-0.1797469840424589,47,WLS,0
8,v,4,1.0257352505190485,47,WLS,0
9,teta,4,-0.15375126739900336,47,WLS,0
10,v,5,1.0914499133986755,47,WLS,0
11,teta,5,-0.24831892222395255,47,WLS,0
12,v,6,1.06839385313575,47,WLS,0
13,teta,6,-0.23121072968334822,47,WLS,0
14,v,7,1.0901031496967821,47,WLS,0
15,teta,7,-0.23121072968137898,47,WLS,0
16,v,8,1.0671844120153426,47,WLS,0
17,teta,8,-0.2577637220524789,47,WLS,0
18,v,9,1.0641082043849464,47,WLS,0
19,teta,9,-0.26089790911123395,47,WLS,0
20,v,10,1.0741361113428365,47,WLS,0
21,teta,10,-0.25670944649245225,47,WLS,0
22,v,11,1.0932772445372054,47,WLS,0
23,teta,11,-0.27429711389188255,47,WLS,0
24,v,12,1.0764868041956064,47,WLS,0
25,teta,12,-0.2657158925307199,47,WLS,0
26,v,13,1.0535241531320974,47,WLS,0
27,teta,13,-0.2781237116397959,47,WLS,0
28,v,14,1.0448732929564526,47,WLS,0
29,teta,14,-0.08095649794753078,47,WLS,0
30,v,15,1.1220980869743005,47,WLS,0
31,teta,15,-0.2649542894208839,47,WLS,0
0,v,0,1.0600834233299932,48,WLS,0
1,teta,0,-1.5683972478083723e-05,48,WLS,0
2,v,1,1.0450773146637038,48,WLS,0
3,teta,1,-0.08700943717925183,48,WLS,0
4,v,2,1.020180482636475,48,WLS,0
5,teta,2,-0.21998972823506766,48,WLS,0
6,v,3,1.0240203716616625,48,WLS,0
7,teta,3,-0.1797685003451594,48,WLS,0
8,v,4,1.0257599978291378,48,WLS,0
9,teta,4,-0.15381969335611603,48,WLS,0
10,v,5,1.0915040508280967,48,WLS,0
11,teta,5,-0.24841858886477602,48,WLS,0
12,v,6,1.0683683718009604,48,WLS,0
13,teta,6,-0.2313569051498805,48,WLS,0
14,v,7,1.09004145277229,48,WLS,0
15,teta,7,-0.23135690513289942,48,WLS,0
16,v,8,1.0671556832028706,48,WLS,0
17,teta,8,-0.2579757551816406,48,WLS,0
18,v,9,1.0640456858457616,48,WLS,0
19,teta,9,-0.2610678038964204,48,WLS,0
20,v,10,1.0741543680794399,48,WLS,0
21,teta,10,-0.2568644767804752,48,WLS,0
22,v,11,1.0934006384220625,48,WLS,0
23,teta,11,-0.2742930686390297,48,WLS,0
24,v,12,1.0766497844785186,48,WLS,0
25,teta,12,-0.2657154955256379,48,WLS,0
26,v,13,1.053672790241694,48,WLS,0
27,teta,13,-0.2781279638180702,48,WLS,0
28,v,14,1.0449030109427784,48,WLS,0
29,teta,14,-0.08108461459120432,48,WLS,0
30,v,15,1.1221537010296951,48,WLS,0
31,teta,15,-0.26505383677627864,48,WLS,0
0,v,0,1.0600540393520936,49,WLS,0
1,teta,0,2.0125824954393095e-05,49,WLS,0
2,v,1,1.045050006290581,49,WLS,0
3,teta,1,-0.08698140216189816,49,WLS,0
4,v,2,1.0201525897303372,49,WLS,0
5,teta,2,-0.21994422802719174,49,WLS,0
6,v,3,1.0239909668734672,49,WLS,0
7,teta,3,-0.17973959565778072,49,WLS,0
8,v,4,1.0257330780979295,49,WLS,0
9,teta,4,-0.1537820123741088,49,WLS,0
10,v,5,1.0914659058314309,49,WLS,0
11,teta,5,-0.2483998477160386,49,WLS,0
12,v,6,1.0683472251683483,49,WLS,0
13,teta,6,-0.2312790943772105,49,WLS,0
14,v,7,1.090017760173123,49,WLS,0
15,teta,7,-0.23127909435961233,49,WLS,0
16,v,8,1.06713867782482,49,WLS,0
17,teta,8,-0.25787238605974727,49,WLS,0
18,v,9,1.0640547882936449,49,WLS,0
19,teta,9,-0.26099816627158595,49,WLS,0
20,v,10,1.074145678756934,49,WLS,0
21,teta,10,-0.25690639064480775,49,WLS,0
22,v,11,1.0935162762570318,49,WLS,0
23,teta,11,-0.27446082949240597,49,WLS,0
24,v,12,1.0765316395245221,49,WLS,0
25,teta,12,-0.26574757230185236,49,WLS,0
26,v,13,1.0535602255152428,49,WLS,0
27,teta,13,-0.27815981873559065,49,WLS,0
28,v,14,1.0448690913842285,49,WLS,0
29,teta,14,-0.08087609081171918,49,WLS,0
30,v,15,1.1225912427430866,49,WLS,0
31,teta,15,-0.265165093884613,49,WLS,0
0,v,0,1.0601055420166368,50,WLS,0
1,teta,0,-0.00021778194222511508,50,WLS,0
2,v,1,1.0451421141502468,50,WLS,0
3,teta,1,-0.08697993986310718,50,WLS,0
4,v,2,1.02024168169622,50,WLS,0
5,teta,2,-0.2199451693607888,50,WLS,0
6,v,3,1.024082621115599,50,WLS,0
7,teta,3,-0.179727088439197,50,WLS,0
8,v,4,1.025821528531788,50,WLS,0
9,teta,4,-0.15378409158734097,50,WLS,0
10,v,5,1.0915527010394734,50,WLS,0
11,teta,5,-0.24836737356103378,50,WLS,0
12,v,6,1.068434938518533,50,WLS,0
13,teta,6,-0.23128489813014336,50,WLS,0
14,v,7,1.0901058807093904,50,WLS,0
15,teta,7,-0.23128489814381284,50,WLS,0
16,v,8,1.0672238697173333,50,WLS,0
17,teta,8,-0.2578878891389708,50,WLS,0
18,v,9,1.0641697641750885,50,WLS,0
19,teta,9,-0.2609781384326974,50,WLS,0
20,v,10,1.0741629202601364,50,WLS,0
21,teta,10,-0.25676591983863767,50,WLS,0
22,v,11,1.093366961179997,50,WLS,0
23,teta,11,-0.27427768220815907,50,WLS,0
24,v,12,1.0765925968579033,50,WLS,0
25,teta,12,-0.26583381264087524,50,WLS,0
26,v,13,1.053620100624184,50,WLS,0
27,teta,13,-0.27826051158106424,50,WLS,0
28,v,14,1.0449607575933773,50,WLS,0
29,teta,14,-0.08086248313484758,50,WLS,0
30,v,15,1.1221357995258956,50,WLS,0
31,teta,15,-0.2649550375626208,50,WLS,0
0,v,0,1.0599861964321147,51,WLS,0
1,teta,0,-8.844977498580867e-05,51,WLS,0
2,v,1,1.044967232720337,51,WLS,0
3,teta,1,-0.08704131622515116,51,WLS,0
4,v,2,1.0200771974471632,51,WLS,0
5,teta,2,-0.22001461734768216,51,WLS,0
6,v,3,1.0239176147517934,51,WLS,0
7,teta,3,-0.1797862679896719,51,WLS,0
8,v,4,1.0256566237393305,51,WLS,0
9,teta,4,-0.15384048035020412,51,WLS,0
10,v,5,1.0913882595953304,51,WLS,0
11,teta,5,-0.24843931102351074,51,WLS,0
12,v,6,1.0682954584304478,51,WLS,0
13,teta,6,-0.2313877100839871,51,WLS,0
14,v,7,1.0899897582363796,51,WLS,0
15,teta,7,-0.2313877100769241,51,WLS,0
16,v,8,1.06708686990204,51,WLS,0
17,teta,8,-0.2580123275972342,51,WLS,0
18,v,9,1.0640221089297817,51,WLS,0
19,teta,9,-0.26106180896183,51,WLS,0
20,v,10,1.0741311939739757,51,WLS,0
21,teta,10,-0.25686680436904186,51,WLS,0
22,v,11,1.0934209428878723,51,WLS,0
23,teta,11,-0.2743124215479402,51,WLS,0
24,v,12,1.0764894984938893,51,WLS,0
25,teta,12,-0.26579093846808355,51,WLS,0
26,v,13,1.053518415491413,51,WLS,0
27,teta,13,-0.2782195505324784,51,WLS,0
28,v,14,1.0447911356863955,51,WLS,0
29,teta,14,-0.08107209401949848,51,WLS,0
30,v,15,1.1223185869770524,51,WLS,0
31,teta,15,-0.26498551912865065,51,WLS,0
0,v,0,1.0602033331695355,52,WLS,0
1,teta,0,1.9117108140099557e-05,52,WLS,0
2,v,1,1.0451876158980795,52,WLS,0
3,teta,1,-0.08700225484371371,52,WLS,0
4,v,2,1.0202910710630508,52,WLS,0
5,teta,2,-0.21994363075268156,52,WLS,0
6,v,3,1.0241306031549307,52,WLS,0
7,teta,3,-0.17974232787072122,52,WLS,0
8,v,4,1.025874314163641,52,WLS,0
9,teta,4,-0.15378011916303289,52,WLS,0
10,v,5,1.091600617774772,52,WLS,0
11,teta,5,-0.24835466111413018,52,WLS,0
12,v,6,1.0685235286801487,52,WLS,0
13,teta,6,-0.23124280973310582,52,WLS,0
14,v,7,1.0902238790930785,52,WLS,0
15,teta,7,-0.23124280971169184,52,WLS,0
16,v,8,1.0673124613063028,52,WLS,0
17,teta,8,-0.2578152787689841,52,WLS,0
18,v,9,1.0642852833132033,52,WLS,0
19,teta,9,-0.2609536196929448,52,WLS,0
20,v,10,1.0743059522103762,52,WLS,0
21,teta,10,-0.2567826502296598,52,WLS,0
22,v,11,1.0934247572669014,52,WLS,0
23,teta,11,-0.274100767011276,52,WLS,0
24,v,12,1.076745029859287,52,WLS,0
25,teta,12,-0.26561172069116384,52,WLS,0
26,v,13,1.053775054613341,52,WLS,0
27,teta,13,-0.2780200021507148,52,WLS,0
28,v,14,1.045016865120525,52,WLS,0
29,teta,14,-0.08117434579176576,52,WLS,0
30,v,15,1.122069519655233,52,WLS,0
31,teta,15,-0.2648833647544784,52,WLS,0
0,v,0,1.059656083273753,53,WLS,0
1,teta,0,1.4747173598574243e-05,53,WLS,0
2,v,1,1.0446550071098024,53,WLS,0
3,teta,1,-0.08698485404132937,53,WLS,0
4,v,2,1.0197622828866881,53,WLS,0
5,teta,2,-0.2200013919699169,53,WLS,0
6,v,3,1.0236007783335566,53,WLS,0
7,teta,3,-0.1797689487362631,53,WLS,0
8,v,4,1.025341582739997,53,WLS,0
9,teta,4,-0.15379439030677367,53,WLS,0
10,v,5,1.0910263283453838,53,WLS,0
11,teta,5,-0.24839261242762584,53,WLS,0
12,v,6,1.067992215436594,53,WLS,0
13,teta,6,-0.231361369990118,53,WLS,0
14,v,7,1.0897060152400342,53,WLS,0
15,teta,7,-0.23136136999822748,53,WLS,0
16,v,8,1.0667816080580501,53,WLS,0
17,teta,8,-0.25798071376863996,53,WLS,0
18,v,9,1.063727576143765,53,WLS,0
19,teta,9,-0.26100482262341707,53,WLS,0
20,v,10,1.0737872346879174,53,WLS,0
21,teta,10,-0.2566851596232858,53,WLS,0
22,v,11,1.0930380341956318,53,WLS,0
23,teta,11,-0.27431553021425725,53,WLS,0
24,v,12,1.0762314377522966,53,WLS,0
25,teta,12,-0.2656943230474212,53,WLS,0
26,v,13,1.0532487873577785,53,WLS,0
27,teta,13,-0.2781137363264468,53,WLS,0
28,v,14,1.044475268755771,53,WLS,0
29,teta,14,-0.08090798739996083,53,WLS,0
30,v,15,1.121841389192495,53,WLS,0
31,teta,15,-0.26513594071763913,53,WLS,0
0,v,0,1.0598833370376886,54,WLS,0
1,teta,0,2.47929689214363e-05,54,WLS,0
2,v,1,1.0448796245377654,54,WLS,0
3,teta,1,-0.0870108349666862,54,WLS,0
4,v,2,1.0199818339404931,54,WLS,0
5,teta,2,-0.22005216663144286,54,WLS,0
6,v,3,1.0238231107272644,54,WLS,0
7,teta,3,-0.17979748917154076,54,WLS,0
8,v,4,1.0255691121031958,54,WLS,0
9,teta,4,-0.15380467620594573,54,WLS,0
10,v,5,1.0912714602119118,54,WLS,0
11,teta,5,-0.2483698632423963,54,WLS,0
12,v,6,1.0681677601232495,54,WLS,0
13,teta,6,-0.2313548283262807,54,WLS,0
14,v,7,1.0898406629229884,54,WLS,0
15,teta,7,-0.23135482834691204,54,WLS,0
16,v,8,1.0669542023012017,54,WLS,0
17,teta,8,-0.2579575573642633,54,WLS,0
18,v,9,1.063943927050395,54,WLS,0
19,teta,9,-0.2609671423700583,54,WLS,0
20,v,10,1.074112278015153,54,WLS,0
21,teta,10,-0.2567564046347392,54,WLS,0
22,v,11,1.0931234153686178,54,WLS,0
23,teta,11,-0.2742448786774248,54,WLS,0
24,v,12,1.076402019062159,54,WLS,0
25,teta,12,-0.2657129094918326,54,WLS,0
26,v,13,1.0534241639076485,54,WLS,0
27,teta,13,-0.2781309769803728,54,WLS,0
28,v,14,1.0447033031934987,54,WLS,0
29,teta,14,-0.08102909972896573,54,WLS,0
30,v,15,1.1218612538406103,54,WLS,0
31,teta,15,-0.26500199491453924,54,WLS,0
0,v,0,1.0597819797758168,55,WLS,0
1,teta,0,-8.616349754182535e-05,55,WLS,0
2,v,1,1.0448045216666737,55,WLS,0
3,teta,1,-0.086968008038105,55,WLS,0
4,v,2,1.0199094298139728,55,WLS,0
5,teta,2,-0.21994450859810386,55,WLS,0
6,v,3,1.0237508222962972,55,WLS,0
7,teta,3,-0.1797144758387505,55,WLS,0
8,v,4,1.02548725797944,55,WLS,0
9,teta,4,-0.1537789875724901,55,WLS,0
10,v,5,1.0911925313603026,55,WLS,0
11,teta,5,-0.24838986490326503,55,WLS,0
12,v,6,1.0680874257111856,55,WLS,0
13,teta,6,-0.2312215347609326,55,WLS,0
14,v,7,1.0897405867327241,55,WLS,0
15,teta,7,-0.2312215347735468,55,WLS,0
16,v,8,1.0668805793504337,55,WLS,0
17,teta,8,-0.2577982942636009,55,WLS,0
18,v,9,1.0638237788021225,55,WLS,0
19,teta,9,-0.2609886059777869,55,WLS,0
20,v,10,1.073914274283526,55,WLS,0
21,teta,10,-0.25680468604338047,55,WLS,0
22,v,11,1.0931431387165196,55,WLS,0
23,teta,11,-0.2741877264606732,55,WLS,0
24,v,12,1.0762862277464225,55,WLS,0
25,teta,12,-0.265653879411671,55,WLS,0
26,v,13,1.0533167485443702,55,WLS,0
27,teta,13,-0.2780718888983266,55,WLS,0
28,v,14,1.0446239203352592,55,WLS,0
29,teta,14,-0.08086680574570643,55,WLS,0
30,v,15,1.1220295988234865,55,WLS,0
31,teta,15,-0.26486932252179096,55,WLS,0
0,v,0,1.059856218284326,56,WLS,0
1,teta,0,2.0850979782888313e-06,56,WLS,0
2,v,1,1.0448513335032121,56,WLS,0
3,teta,1,-0.08701250436484635,56,WLS,0
4,v,2,1.0199585822631996,56,WLS,0
5,teta,2,-0.22002942607689183,56,WLS,0
6,v,3,1.023794408544301,56,WLS,0
7,teta,3,-0.17980608848200152,56,WLS,0
8,v,4,1.0255383328955352,56,WLS,0
9,teta,4,-0.15381869649596794,56,WLS,0
10,v,5,1.0912651079644569,56,WLS,0
11,teta,5,-0.2484187225565706,56,WLS,0
12,v,6,1.068153024928231,56,WLS,0
13,teta,6,-0.2313607997954852,56,WLS,0
14,v,7,1.0898350560478127,56,WLS,0
15,teta,7,-0.2313607998079614,56,WLS,0
16,v,8,1.06694130324575,56,WLS,0
17,teta,8,-0.25796174954169226,56,WLS,0
18,v,9,1.0638604157737859,56,WLS,0
19,teta,9,-0.26099884571102344,56,WLS,0
20,v,10,1.0738516630142088,56,WLS,0
21,teta,10,-0.2568988070457244,56,WLS,0
22,v,11,1.0932799032577374,56,WLS,0
23,teta,11,-0.27420861631878773,56,WLS,0
24,v,12,1.0764740554041552,56,WLS,0
25,teta,12,-0.265617952606469,56,WLS,0
26,v,13,1.0535101501140898,56,WLS,0
27,teta,13,-0.27804017891926897,56,WLS,0
28,v,14,1.044681411301185,56,WLS,0
29,teta,14,-0.08120696318603747,56,WLS,0
30,v,15,1.1220769488011106,56,WLS,0
31,teta,15,-0.2649765711917334,56,WLS,0
0,v,0,1.0598170694056968,57,WLS,0
1,teta,0,0.00018826994218158353,57,WLS,0
2,v,1,1.044782239898381,57,WLS,0
3,teta,1,-0.08695559629055113,57,WLS,0
4,v,2,1.0198835129462929,57,WLS,0
5,teta,2,-0.2199623989957123,57,WLS,0
6,v,3,1.0237206733107778,57,WLS,0
7,teta,3,-0.17975215354396354,57,WLS,0
8,v,4,1.0254653483809468,57,WLS,0
9,teta,4,-0.1537568911381181,57,WLS,0
10,v,5,1.091162411016221,57,WLS,0
11,teta,5,-0.24837156714044106,57,WLS,0
12,v,6,1.0680982027609527,57,WLS,0
13,teta,6,-0.23126365631864307,57,WLS,0
14,v,7,1.0897879277644693,57,WLS,0
15,teta,7,-0.23126365632277154,57,WLS,0
16,v,8,1.0668905514134244,57,WLS,0
17,teta,8,-0.25784167588308654,57,WLS,0
18,v,9,1.0638535485175802,57,WLS,0
19,teta,9,-0.26098269539333646,57,WLS,0
20,v,10,1.0738999216121032,57,WLS,0
21,teta,10,-0.256811913754682,57,WLS,0
22,v,11,1.093179112633751,57,WLS,0
23,teta,11,-0.27417163819966206,57,WLS,0
24,v,12,1.0763352381346138,57,WLS,0
25,teta,12,-0.26555665527588035,57,WLS,0
26,v,13,1.0533586960910999,57,WLS,0
27,teta,13,-0.27797477807066867,57,WLS,0
28,v,14,1.0446103282402817,57,WLS,0
29,teta,14,-0.08108577378933111,57,WLS,0
30,v,15,1.1220059872523709,57,WLS,0
31,teta,15,-0.26498806705131783,57,WLS,0
0,v,0,1.059708610899517,58,WLS,0
1,teta,0,-9.04507021627983e-05,58,WLS,0
2,v,1,1.0447210551187054,58,WLS,0
3,teta,1,-0.08700175005110435,58,WLS,0
4,v,2,1.01983004064354,58,WLS,0
5,teta,2,-0.22001684387850579,58,WLS,0
6,v,3,1.0236650102160165,58,WLS,0
7,teta,3,-0.17979994000886865,58,WLS,0
8,v,4,1.0254073054427264,58,WLS,0
9,teta,4,-0.15381637253535488,58,WLS,0
10,v,5,1.091117538916484,58,WLS,0
11,teta,5,-0.2483975403290944,58,WLS,0
12,v,6,1.0680552500236147,58,WLS,0
13,teta,6,-0.23129073099640904,58,WLS,0
14,v,7,1.0897665241627679,58,WLS,0
15,teta,7,-0.231290730979203,58,WLS,0
16,v,8,1.0668405330232311,58,WLS,0
17,teta,8,-0.2578578719272817,58,WLS,0
18,v,9,1.06380910893906,58,WLS,0
19,teta,9,-0.26095317159725806,58,WLS,0
20,v,10,1.073875332187381,58,WLS,0
21,teta,10,-0.2568014398971482,58,WLS,0
22,v,11,1.0930735650939982,58,WLS,0
23,teta,11,-0.2742090041728177,58,WLS,0
24,v,12,1.0762684038143269,58,WLS,0
25,teta,12,-0.26564168576925534,58,WLS,0
26,v,13,1.0532828196221315,58,WLS,0
27,teta,13,-0.27805949178608147,58,WLS,0
28,v,14,1.0445508104509258,58,WLS,0
29,teta,14,-0.08118508571491904,58,WLS,0
30,v,15,1.1218245868246897,58,WLS,0
31,teta,15,-0.26504112718693684,58,WLS,0
0,v,0,1.0598049002584162,59,WLS,0
1,teta,0,-7.433264956075308e-05,59,WLS,0
2,v,1,1.0448574676915217,59,WLS,0
3,teta,1,-0.08693729453702255,59,WLS,0
4,v,2,1.0199613314954061,59,WLS,0
5,teta,2,-0.2198883573921377,59,WLS,0
6,v,3,1.023799305279253,59,WLS,0
7,teta,3,-0.17968692677202117,59,WLS,0
8,v,4,1.0255416650081766,59,WLS,0
9,teta,4,-0.15372816423349484,59,WLS,0
10,v,5,1.0912452266079045,59,WLS,0
11,teta,5,-0.24834567025114643,59,WLS,0
12,v,6,1.0681291278273821,59,WLS,0
13,teta,6,-0.23126152064831013,59,WLS,0
14,v,7,1.0897879207382086,59,WLS,0
15,teta,7,-0.23126152063363944,59,WLS,0
16,v,8,1.0669175845563985,59,WLS,0
17,teta,8,-0.2578734416907822,59,WLS,0
18,v,9,1.0638171062508064,59,WLS,0
19,teta,9,-0.2609773583929375,59,WLS,0
20,v,10,1.073856461177848,59,WLS,0
21,teta,10,-0.2567723759419683,59,WLS,0
22,v,11,1.093256546804357,59,WLS,0
23,teta,11,-0.2743479624631246,59,WLS,0
24,v,12,1.0763261170308238,59,WLS,0
25,teta,12,-0.2657095148278059,59,WLS,0
26,v,13,1.0533495654426244,59,WLS,0
27,teta,13,-0.2781266312441589,59,WLS,0
28,v,14,1.0446797286633798,59,WLS,0
29,teta,14,-0.08091105721668877,59,WLS,0
30,v,15,1.1222338157094434,59,WLS,0
31,teta,15,-0.26509214993036134,59,WLS,0
0,v,0,1.0601233480348402,60,WLS,0
1,teta,0,0.00011662178420907103,60,WLS,0
2,v,1,1.0450883850037143,60,WLS,0
3,teta,1,-0.086943566083731,60,WLS,0
4,v,2,1.020187024897553,60,WLS,0
5,teta,2,-0.21989347527262776,60,WLS,0
6,v,3,1.0240259984974467,60,WLS,0
7,teta,3,-0.17969335234133554,60,WLS,0
8,v,4,1.0257696525817834,60,WLS,0
9,teta,4,-0.15372886137987038,60,WLS,0
10,v,5,1.0914904001219212,60,WLS,0
11,teta,5,-0.24832278240167574,60,WLS,0
12,v,6,1.0684544166495817,60,WLS,0
13,teta,6,-0.23127215420651331,60,WLS,0
14,v,7,1.0902125094990334,60,WLS,0
15,teta,7,-0.2312721541915636,60,WLS,0
16,v,8,1.0672304426247297,60,WLS,0
17,teta,8,-0.2578843340103661,60,WLS,0
18,v,9,1.064192743222288,60,WLS,0
19,teta,9,-0.2609066138679287,60,WLS,0
20,v,10,1.0742669188238718,60,WLS,0
21,teta,10,-0.25667615499991736,60,WLS,0
22,v,11,1.0935950856893992,60,WLS,0
23,teta,11,-0.27430515898783875,60,WLS,0
24,v,12,1.0767061371811064,60,WLS,0
25,teta,12,-0.26561394554697193,60,WLS,0
26,v,13,1.0537195427233965,60,WLS,0
27,teta,13,-0.2780350723075578,60,WLS,0
28,v,14,1.0449088248513305,60,WLS,0
29,teta,14,-0.08086982596002848,60,WLS,0
30,v,15,1.122512581822144,60,WLS,0
31,teta,15,-0.26521742234109597,60,WLS,0
0,v,0,1.0596364702170904,61,WLS,0
1,teta,0,-4.261397054956321e-05,61,WLS,0
2,v,1,1.0446621148348905,61,WLS,0
3,teta,1,-0.08694567743873602,61,WLS,0
4,v,2,1.0197594401773733,61,WLS,0
5,teta,2,-0.2200095667952915,61,WLS,0
6,v,3,1.0235994021530148,61,WLS,0
7,teta,3,-0.17976064595798635,61,WLS,0
8,v,4,1.0253432550202135,61,WLS,0
9,teta,4,-0.15377510462781357,61,WLS,0
10,v,5,1.0910402588481716,61,WLS,0
11,teta,5,-0.24836018964681508,61,WLS,0
12,v,6,1.0680224242611083,61,WLS,0
13,teta,6,-0.23130399171465096,61,WLS,0
14,v,7,1.0897550989864162,61,WLS,0
15,teta,7,-0.23130399169315602,61,WLS,0
16,v,8,1.06681453641872,61,WLS,0
17,teta,8,-0.25789717444766097,61,WLS,0
18,v,9,1.0636902256955372,61,WLS,0
19,teta,9,-0.26097219045370784,61,WLS,0
20,v,10,1.0737515094486045,61,WLS,0
21,teta,10,-0.2567608320625107,61,WLS,0
22,v,11,1.0931604988210946,61,WLS,0
23,teta,11,-0.2742188941401832,61,WLS,0
24,v,12,1.07627652667953,61,WLS,0
25,teta,12,-0.2656395046409387,61,WLS,0
26,v,13,1.053307616480882,61,WLS,0
27,teta,13,-0.2780494183826774,61,WLS,0
28,v,14,1.0444863080800755,61,WLS,0
29,teta,14,-0.08096659703960679,61,WLS,0
30,v,15,1.122049100917772,61,WLS,0
31,teta,15,-0.2649553584162735,61,WLS,0
0,v,0,1.0601697363766445,62,WLS,0
1,teta,0,-3.882242239992698e-05,62,WLS,0
2,v,1,1.0451705815568115,62,WLS,0
3,teta,1,-0.08694373797974546,62,WLS,0
4,v,2,1.0202653257218777,62,WLS,0
5,teta,2,-0.21989719965121207,62,WLS,0
6,v,3,1.0241099028568603,62,WLS,0
7,teta,3,-0.17967105570598088,62,WLS,0
8,v,4,1.0258579975204065,62,WLS,0
9,teta,4,-0.15369014532191486,62,WLS,0
10,v,5,1.0915729807630563,62,WLS,0
11,teta,5,-0.24826264443948418,62,WLS,0
12,v,6,1.0684984742333963,62,WLS,0
13,teta,6,-0.23118308246306435,62,WLS,0
14,v,7,1.0901902751770363,62,WLS,0
15,teta,7,-0.23118308246372232,62,WLS,0
16,v,8,1.0672911743876672,62,WLS,0
17,teta,8,-0.2577614972554901,62,WLS,0
18,v,9,1.0642002695588784,62,WLS,0
19,teta,9,-0.2608763707266934,62,WLS,0
20,v,10,1.0742170139542038,62,WLS,0
21,teta,10,-0.2567134239536684,62,WLS,0
22,v,11,1.093505713496899,62,WLS,0
23,teta,11,-0.2743027330072972,62,WLS,0
24,v,12,1.0766089514700676,62,WLS,0
25,teta,12,-0.26578157842158456,62,WLS,0
26,v,13,1.0536305079546102,62,WLS,0
27,teta,13,-0.2781953279757658,62,WLS,0
28,v,14,1.044990157332962,62,WLS,0
29,teta,14,-0.08084522500865482,62,WLS,0
30,v,15,1.1224422586596505,62,WLS,0
31,teta,15,-0.26502886593655656,62,WLS,0
0,v,0,1.0599263510294934,63,WLS,0
1,teta,0,6.144462620488726e-05,63,WLS,0
2,v,1,1.0448947713664412,63,WLS,0
3,teta,1,-0.08695359543816074,63,WLS,0
4,v,2,1.0199962799939286,63,WLS,0
5,teta,2,-0.21993474619719447,63,WLS,0
6,v,3,1.0238352944446578,63,WLS,0
7,teta,3,-0.17971817451119088,63,WLS,0
8,v,4,1.0255793099064952,63,WLS,0
9,teta,4,-0.1537432003424385,63,WLS,0
10,v,5,1.0912673272211237,63,WLS,0
11,teta,5,-0.24833278598553588,63,WLS,0
12,v,6,1.0682073164001464,63,WLS,0
13,teta,6,-0.23129619695747608,63,WLS,0
14,v,7,1.089895855902682,63,WLS,0
15,teta,7,-0.2312961969471108,63,WLS,0
16,v,8,1.06699914020655,63,WLS,0
17,teta,8,-0.2579087869515425,63,WLS,0
18,v,9,1.063915373670287,63,WLS,0
19,teta,9,-0.2608997201135174,63,WLS,0
20,v,10,1.073931507810339,63,WLS,0
21,teta,10,-0.25669250508258207,63,WLS,0
22,v,11,1.0931473442677841,63,WLS,0
23,teta,11,-0.27435944964673775,63,WLS,0
24,v,12,1.076375526427675,63,WLS,0
25,teta,12,-0.2658269702028429,63,WLS,0
26,v,13,1.0534056250255832,63,WLS,0
27,teta,13,-0.27823718170780565,63,WLS,0
28,v,14,1.044719272420488,63,WLS,0
29,teta,14,-0.0809885711840685,63,WLS,0
30,v,15,1.1218716129795538,63,WLS,0
31,teta,15,-0.26511170503856907,63,WLS,0
0,v,0,1.0598573942150196,64,WLS,0
1,teta,0,3.4014067626794074e-05,64,WLS,0
2,v,1,1.0448557774661158,64,WLS,0
3,teta,1,-0.08698335463188347,64,WLS,0
4,v,2,1.0199625286354697,64,WLS,0
5,teta,2,-0.2199661259269966,64,WLS,0
6,v,3,1.0238008702954715,64,WLS,0
7,teta,3,-0.17974184045379918,64,WLS,0
8,v,4,1.0255395489954071,64,WLS,0
9,teta,4,-0.1537931710573262,64,WLS,0
10,v,5,1.0912427391986237,64,WLS,0
11,teta,5,-0.24835374266391214,64,WLS,0
12,v,6,1.0682057405565628,64,WLS,0
13,teta,6,-0.2313643246217964,64,WLS,0
14,v,7,1.0899239425773104,64,WLS,0
15,teta,7,-0.2313643246215266,64,WLS,0
16,v,8,1.066998591171826,64,WLS,0
17,teta,8,-0.25799895840256015,64,WLS,0
18,v,9,1.0639693622594675,64,WLS,0
19,teta,9,-0.26102158735426706,64,WLS,0
20,v,10,1.0740041663367186,64,WLS,0
21,teta,10,-0.2568606451777836,64,WLS,0
22,v,11,1.0931997449558981,64,WLS,0
23,teta,11,-0.2743993944703612,64,WLS,0
24,v,12,1.07640326894562,64,WLS,0
25,teta,12,-0.26592445550775173,64,WLS,0
26,v,13,1.0534220836614439,64,WLS,0
27,teta,13,-0.27833829222856676,64,WLS,0
28,v,14,1.0446773328228758,64,WLS,0
29,teta,14,-0.08094433135728361,64,WLS,0
30,v,15,1.1219613483302675,64,WLS,0
31,teta,15,-0.2650841885621232,64,WLS,0
0,v,0,1.0597716852155592,65,WLS,0
1,teta,0,-5.257124957884889e-05,65,WLS,0
2,v,1,1.0447771300798565,65,WLS,0
3,teta,1,-0.08700782559721915,65,WLS,0
4,v,2,1.0198847742310926,65,WLS,0
5,teta,2,-0.2200327129355822,65,WLS,0
6,v,3,1.0237174483667173,65,WLS,0
7,teta,3,-0.17982810559757478,65,WLS,0
8,v,4,1.0254611787609804,65,WLS,0
9,teta,4,-0.15384397174405742,65,WLS,0
10,v,5,1.0911724392341406,65,WLS,0
11,teta,5,-0.2484331506608189,65,WLS,0
12,v,6,1.0680712737956857,65,WLS,0
13,teta,6,-0.23126600326274963,65,WLS,0
14,v,7,1.0897394560885012,65,WLS,0
15,teta,7,-0.2312660032449327,65,WLS,0
16,v,8,1.0668614896741584,65,WLS,0
17,teta,8,-0.2578067094518071,65,WLS,0
18,v,9,1.0638100002901938,65,WLS,0
19,teta,9,-0.26098441768323616,65,WLS,0
20,v,10,1.0738617755723168,65,WLS,0
21,teta,10,-0.2567459358467626,65,WLS,0
22,v,11,1.0930050673795053,65,WLS,0
23,teta,11,-0.27429168427379197,65,WLS,0
24,v,12,1.0761955791910847,65,WLS,0
25,teta,12,-0.26573239351840877,65,WLS,0
26,v,13,1.0532261031828776,65,WLS,0
27,teta,13,-0.2781520226358602,65,WLS,0
28,v,14,1.0445983707453566,65,WLS,0
29,teta,14,-0.08096240605614118,65,WLS,0
30,v,15,1.1218616206392056,65,WLS,0
31,teta,15,-0.26499355177362405,65,WLS,0
0,v,0,1.0599611273298801,66,WLS,0
1,teta,0,1.4903880189074034e-05,66,WLS,0
2,v,1,1.0449585830176424,66,WLS,0
3,teta,1,-0.08697073974100586,66,WLS,0
4,v,2,1.0200601235672113,66,WLS,0
5,teta,2,-0.21994481817418715,66,WLS,0
6,v,3,1.0239000011896626,66,WLS,0
7,teta,3,-0.1797325527412798,66,WLS,0
8,v,4,1.0256384264360907,66,WLS,0
9,teta,4,-0.15379145833168856,66,WLS,0
10,v,5,1.0913703055668014,66,WLS,0
11,teta,5,-0.24841048766780735,66,WLS,0
12,v,6,1.068258924531927,66,WLS,0
13,teta,6,-0.23126678790061797,66,WLS,0
14,v,7,1.089933538660553,66,WLS,0
15,teta,7,-0.2312667879061975,66,WLS,0
16,v,8,1.0670499811267808,66,WLS,0
17,teta,8,-0.2578572133520483,66,WLS,0
18,v,9,1.0639537454582688,66,WLS,0
19,teta,9,-0.2609656235870378,66,WLS,0
20,v,10,1.0741132255824224,66,WLS,0
21,teta,10,-0.25680888000769625,66,WLS,0
22,v,11,1.0934142698819944,66,WLS,0
23,teta,11,-0.27433746685607785,66,WLS,0
24,v,12,1.0764511798374048,66,WLS,0
25,teta,12,-0.2657291261038799,66,WLS,0
26,v,13,1.0534737885687364,66,WLS,0
27,teta,13,-0.27814483947951535,66,WLS,0
28,v,14,1.044775627470827,66,WLS,0
29,teta,14,-0.08080769579172901,66,WLS,0
30,v,15,1.1223928579933047,66,WLS,0
31,teta,15,-0.26501770771358885,66,WLS,0
0,v,0,1.0600353396822366,67,WLS,0
1,teta,0,4.889697055133877e-06,67,WLS,0
2,v,1,1.0450281668844539,67,WLS,0
3,teta,1,-0.0869601446964614,67,WLS,0
4,v,2,1.0201305665345453,67,WLS,0
5,teta,2,-0.2199161124640652,67,WLS,0
6,v,3,1.0239665912919242,67,WLS,0
7,teta,3,-0.17972359399808555,67,WLS,0
8,v,4,1.0257132994907738,67,WLS,0
9,teta,4,-0.15374012506817344,67,WLS,0
10,v,5,1.0914400717560988,67,WLS,0
11,teta,5,-0.24835995841603017,67,WLS,0
12,v,6,1.0683501224178493,67,WLS,0
13,teta,6,-0.23117396177282454,67,WLS,0
14,v,7,1.090025083190789,67,WLS,0
15,teta,7,-0.23117396180086552,67,WLS,0
16,v,8,1.0671495776757984,67,WLS,0
17,teta,8,-0.2577203902536712,67,WLS,0
18,v,9,1.0641007797886088,67,WLS,0
19,teta,9,-0.260838794716989,67,WLS,0
20,v,10,1.0741826334560949,67,WLS,0
21,teta,10,-0.25667168321264705,67,WLS,0
22,v,11,1.093424413395358,67,WLS,0
23,teta,11,-0.27418849736321577,67,WLS,0
24,v,12,1.0765454177118594,67,WLS,0
25,teta,12,-0.2656326924907106,67,WLS,0
26,v,13,1.053560275838271,67,WLS,0
27,teta,13,-0.2780413759940454,67,WLS,0
28,v,14,1.0448537050948021,67,WLS,0
29,teta,14,-0.08102645764464995,67,WLS,0
30,v,15,1.1223523701274858,67,WLS,0
31,teta,15,-0.26476641322264916,67,WLS,0
0,v,0,1.0597659774380563,68,WLS,0
1,teta,0,-8.763139779909584e-05,68,WLS,0
2,v,1,1.044777684423322,68,WLS,0
3,teta,1,-0.08698381517517864,68,WLS,0
4,v,2,1.0198861088980202,68,WLS,0
5,teta,2,-0.21996766595424336,68,WLS,0
6,v,3,1.0237216580730182,68,WLS,0
7,teta,3,-0.17976212161946917,68,WLS,0
8,v,4,1.0254608952103015,68,WLS,0
9,teta,4,-0.15380070676043456,68,WLS,0
10,v,5,1.0911546030139214,68,WLS,0
11,teta,5,-0.24837717571618964,68,WLS,0
12,v,6,1.06806224232535,68,WLS,0
13,teta,6,-0.23128248772227136,68,WLS,0
14,v,7,1.0897318968541128,68,WLS,0
15,teta,7,-0.23128248773430105,68,WLS,0
16,v,8,1.0668480757258008,68,WLS,0
17,teta,8,-0.2578661616507023,68,WLS,0
18,v,9,1.0638083668306715,68,WLS,0
19,teta,9,-0.2609644256175629,68,WLS,0
20,v,10,1.073847047964136,68,WLS,0
21,teta,10,-0.256768487985744,68,WLS,0
22,v,11,1.0930128498473717,68,WLS,0
23,teta,11,-0.2743107211062634,68,WLS,0
24,v,12,1.0761790735946926,68,WLS,0
25,teta,12,-0.26579466229350496,68,WLS,0
26,v,13,1.053217797086563,68,WLS,0
27,teta,13,-0.2782166276089854,68,WLS,0
28,v,14,1.0446078088741253,68,WLS,0
29,teta,14,-0.08117577054713337,68,WLS,0
30,v,15,1.1218502306727716,68,WLS,0
31,teta,15,-0.264989495502499,68,WLS,0
0,v,0,1.0598439219672953,69,WLS,0
1,teta,0,-6.914666304369347e-05,69,WLS,0
2,v,1,1.044886797525214,69,WLS,0
3,teta,1,-0.08698146286691504,69,WLS,0
4,v,2,1.0199928836464078,69,WLS,0
5,teta,2,-0.21995278379965266,69,WLS,0
6,v,3,1.0238300144273147,69,WLS,0
7,teta,3,-0.17974742217048628,69,WLS,0
8,v,4,1.0255721509474436,69,WLS,0
9,teta,4,-0.15377301359701587,69,WLS,0
10,v,5,1.0912826330395746,69,WLS,0
11,teta,5,-0.24832165361939393,69,WLS,0
12,v,6,1.0681920034992496,69,WLS,0
13,teta,6,-0.23121328749209832,69,WLS,0
14,v,7,1.0898528362415711,69,WLS,0
15,teta,7,-0.23121328746594144,69,WLS,0
16,v,8,1.0669910894941377,69,WLS,0
17,teta,8,-0.2577681090305833,69,WLS,0
18,v,9,1.0639154980232066,69,WLS,0
19,teta,9,-0.2609518745649377,69,WLS,0
20,v,10,1.0740289505329115,69,WLS,0
21,teta,10,-0.256777578873701,69,WLS,0
22,v,11,1.0932536936332136,69,WLS,0
23,teta,11,-0.27422637137854106,69,WLS,0
24,v,12,1.0764111065808037,69,WLS,0
25,teta,12,-0.265622582101262,69,WLS,0
26,v,13,1.0534246690700702,69,WLS,0
27,teta,13,-0.27803461571610216,69,WLS,0
28,v,14,1.044713083947992,69,WLS,0
29,teta,14,-0.08106902984822795,69,WLS,0
30,v,15,1.122126355960884,69,WLS,0
31,teta,15,-0.2650450037801972,69,WLS,0
0,v,0,1.0599209427261411,70,WLS,0
1,teta,0,0.00010575669921483266,70,WLS,0
2,v,1,1.044911837850966,70,WLS,0
3,teta,1,-0.08697620530206349,70,WLS,0
4,v,2,1.0200054456847927,70,WLS,0
5,teta,2,-0.22004003885886064,70,WLS,0
6,v,3,1.0238463908417905,70,WLS,0
7,teta,3,-0.17979474652993055,70,WLS,0
8,v,4,1.025598293491056,70,WLS,0
9,teta,4,-0.15376565482660315,70,WLS,0
10,v,5,1.0913045026586996,70,WLS,0
11,teta,5,-0.24832800251642018,70,WLS,0
12,v,6,1.068244057802095,70,WLS,0
13,teta,6,-0.23129090217232123,70,WLS,0
14,v,7,1.089950585179747,70,WLS,0
15,teta,7,-0.23129090218680515,70,WLS,0
16,v,8,1.0670344907566156,70,WLS,0
17,teta,8,-0.2578606865159772,70,WLS,0
18,v,9,1.0639874527847388,70,WLS,0
19,teta,9,-0.2609297472520121,70,WLS,0
20,v,10,1.073991646560424,70,WLS,0
21,teta,10,-0.2567958281908254,70,WLS,0
22,v,11,1.0933045854209733,70,WLS,0
23,teta,11,-0.2742703542715236,70,WLS,0
24,v,12,1.0764354490106567,70,WLS,0
25,teta,12,-0.2656125474038145,70,WLS,0
26,v,13,1.0534562380946257,70,WLS,0
27,teta,13,-0.27801666189200447,70,WLS,0
28,v,14,1.0447370337016246,70,WLS,0
29,teta,14,-0.08102799103069495,70,WLS,0
30,v,15,1.1222457816746128,70,WLS,0
31,teta,15,-0.26500859716613206,70,WLS,0
0,v,0,1.0599053921319532,71,WLS,0
1,teta,0,-0.0001002853053187549,71,WLS,0
2,v,1,1.0449460622844735,71,WLS,0
3,teta,1,-0.08694379262788206,71,WLS,0
4,v,2,1.0200427552161049,71,WLS,0
5,teta,2,-0.21993730433767553,71,WLS,0
6,v,3,1.0238832320756825,71,WLS,0
7,teta,3,-0.1797170864203989,71,WLS,0
8,v,4,1.0256233676576785,71,WLS,0
9,teta,4,-0.15376391210915882,71,WLS,0
10,v,5,1.0913513363465368,71,WLS,0
11,teta,5,-0.24835843947979702,71,WLS,0
12,v,6,1.0682796880097702,71,WLS,0
13,teta,6,-0.23132233265997532,71,WLS,0
14,v,7,1.089993776664105,71,WLS,0
15,teta,7,-0.23132233268414323,71,WLS,0
16,v,8,1.0670690590080447,71,WLS,0
17,teta,8,-0.2579484618919049,71,WLS,0
18,v,9,1.0640508488938736,71,WLS,0
19,teta,9,-0.26092783415231957,71,WLS,0
20,v,10,1.0741522959324479,71,WLS,0
21,teta,10,-0.25666136592317595,71,WLS,0
22,v,11,1.0933805431720938,71,WLS,0
23,teta,11,-0.2741729424507385,71,WLS,0
24,v,12,1.0765397052520582,71,WLS,0
25,teta,12,-0.26564679027117083,71,WLS,0
26,v,13,1.0535663412109595,71,WLS,0
27,teta,13,-0.2780671847355185,71,WLS,0
28,v,14,1.044764904246635,71,WLS,0
29,teta,14,-0.0808239321654619,71,WLS,0
30,v,15,1.1222470391259414,71,WLS,0
31,teta,15,-0.2649135790437555,71,WLS,0
0,v,0,1.059881275632307,72,WLS,0
1,teta,0,6.405302852606923e-06,72,WLS,0
2,v,1,1.0448907662298104,72,WLS,0
3,teta,1,-0.08699117280452502,72,WLS,0
4,v,2,1.0199913988246219,72,WLS,0
5,teta,2,-0.22002335873004164,72,WLS,0
6,v,3,1.0238282613611733,72,WLS,0
7,teta,3,-0.17980335675339412,72,WLS,0
8,v,4,1.0255752548664672,72,WLS,0
9,teta,4,-0.15379781035101872,72,WLS,0
10,v,5,1.0912855184398242,72,WLS,0
11,teta,5,-0.24840051221429704,72,WLS,0
12,v,6,1.0682442609773535,72,WLS,0
13,teta,6,-0.23139211443051222,72,WLS,0
14,v,7,1.0899849633824776,72,WLS,0
15,teta,7,-0.23139211444759328,72,WLS,0
16,v,8,1.0670271678056253,72,WLS,0
17,teta,8,-0.2580093576006947,72,WLS,0
18,v,9,1.0639652032776774,72,WLS,0
19,teta,9,-0.26106682026914735,72,WLS,0
20,v,10,1.073925127152171,72,WLS,0
21,teta,10,-0.25678854107222315,72,WLS,0
22,v,11,1.0932794745528722,72,WLS,0
23,teta,11,-0.27436415683044996,72,WLS,0
24,v,12,1.0764375074615338,72,WLS,0
25,teta,12,-0.2657724729989835,72,WLS,0
26,v,13,1.0534575630567775,72,WLS,0
27,teta,13,-0.2781957978634352,72,WLS,0
28,v,14,1.04471552635534,72,WLS,0
29,teta,14,-0.08103626541881738,72,WLS,0
30,v,15,1.1221735973642337,72,WLS,0
31,teta,15,-0.2650190444508018,72,WLS,0
0,v,0,1.0601647836355697,73,WLS,0
1,teta,0,9.963678517124369e-06,73,WLS,0
2,v,1,1.0451569333678015,73,WLS,0
3,teta,1,-0.08696287799381235,73,WLS,0
4,v,2,1.020248049084642,73,WLS,0
5,teta,2,-0.21998038423448502,73,WLS,0
6,v,3,1.0240896386433858,73,WLS,0
7,teta,3,-0.1797504576554235,73,WLS,0
8,v,4,1.0258360450615085,73,WLS,0
9,teta,4,-0.15376904848277315,73,WLS,0
10,v,5,1.091573516053717,73,WLS,0
11,teta,5,-0.24835931004125306,73,WLS,0
12,v,6,1.0684751363185878,73,WLS,0
13,teta,6,-0.23133132547281915,73,WLS,0
14,v,7,1.0901657026238925,73,WLS,0
15,teta,7,-0.23133132548636384,73,WLS,0
16,v,8,1.067270169723569,73,WLS,0
17,teta,8,-0.25794523389761503,73,WLS,0
18,v,9,1.0641672377123543,73,WLS,0
19,teta,9,-0.26094994254238846,73,WLS,0
20,v,10,1.0742187259431404,73,WLS,0
21,teta,10,-0.2566582193852014,73,WLS,0
22,v,11,1.0934514015470558,73,WLS,0
23,teta,11,-0.2742572776701125,73,WLS,0
24,v,12,1.0766738896930153,73,WLS,0
25,teta,12,-0.26569502259602656,73,WLS,0
26,v,13,1.0537064447393372,73,WLS,0
27,teta,13,-0.2781110912592461,73,WLS,0
28,v,14,1.0449745616788044,73,WLS,0
29,teta,14,-0.08081303409715819,73,WLS,0
30,v,15,1.1222442700324524,73,WLS,0
31,teta,15,-0.26501383699657893,73,WLS,0
0,v,0,1.0601117675924843,74,WLS,0
1,teta,0,4.002772286965496e-06,74,WLS,0
2,v,1,1.0451205765974982,74,WLS,0
3,teta,1,-0.08696501729769952,74,WLS,0
4,v,2,1.0202185976479887,74,WLS,0
5,teta,2,-0.21993275713206484,74,WLS,0
6,v,3,1.0240595590539356,74,WLS,0
7,teta,3,-0.17971507196124265,74,WLS,0
8,v,4,1.0258010689273926,74,WLS,0
9,teta,4,-0.15375717566753289,74,WLS,0
10,v,5,1.0915265752779788,74,WLS,0
11,teta,5,-0.2483801214051828,74,WLS,0
12,v,6,1.0684503258610325,74,WLS,0
13,teta,6,-0.23120417819026837,74,WLS,0
14,v,7,1.0901448195458125,74,WLS,0
15,teta,7,-0.2312041782066894,74,WLS,0
16,v,8,1.0672420543295797,74,WLS,0
17,teta,8,-0.25777069112838685,74,WLS,0
18,v,9,1.0641512173073837,74,WLS,0
19,teta,9,-0.26091991232848527,74,WLS,0
20,v,10,1.0741960938196629,74,WLS,0
21,teta,10,-0.25673958318801704,74,WLS,0
22,v,11,1.0935023681254465,74,WLS,0
23,teta,11,-0.27416843035012145,74,WLS,0
24,v,12,1.0766064587970787,74,WLS,0
25,teta,12,-0.2656771662787426,74,WLS,0
26,v,13,1.053632743804264,74,WLS,0
27,teta,13,-0.27808893990471767,74,WLS,0
28,v,14,1.044937208440604,74,WLS,0
29,teta,14,-0.08079163697279663,74,WLS,0
30,v,15,1.122266748804192,74,WLS,0
31,teta,15,-0.2649807027164431,74,WLS,0
0,v,0,1.0598920928357527,75,WLS,0
1,teta,0,1.803199203503926e-06,75,WLS,0
2,v,1,1.0448913907564357,75,WLS,0
3,teta,1,-0.08699165056518049,75,WLS,0
4,v,2,1.0199925928093014,75,WLS,0
5,teta,2,-0.22002006985063408,75,WLS,0
6,v,3,1.0238319786874106,75,WLS,0
7,teta,3,-0.1797830326640914,75,WLS,0
8,v,4,1.0255759651488021,75,WLS,0
9,teta,4,-0.15380731871303724,75,WLS,0
10,v,5,1.0912995667790932,75,WLS,0
11,teta,5,-0.2483772871678853,75,WLS,0
12,v,6,1.0681758455716848,75,WLS,0
13,teta,6,-0.23124407490372162,75,WLS,0
14,v,7,1.089831641451527,75,WLS,0
15,teta,7,-0.23124407489256646,75,WLS,0
16,v,8,1.0669683243623251,75,WLS,0
17,teta,8,-0.25779702709774105,75,WLS,0
18,v,9,1.0639434497324192,75,WLS,0
19,teta,9,-0.2610091603676654,75,WLS,0
20,v,10,1.074048408704651,75,WLS,0
21,teta,10,-0.25684273495434295,75,WLS,0
22,v,11,1.0931207338361963,75,WLS,0
23,teta,11,-0.2743636742292362,75,WLS,0
24,v,12,1.076300031584549,75,WLS,0
25,teta,12,-0.265809150042166,75,WLS,0
26,v,13,1.0533299410528851,75,WLS,0
27,teta,13,-0.2782282502759499,75,WLS,0
28,v,14,1.0447068838359854,75,WLS,0
29,teta,14,-0.08078940224949636,75,WLS,0
30,v,15,1.1220363535422666,75,WLS,0
31,teta,15,-0.26500712360214845,75,WLS,0
0,v,0,1.060153743023154,76,WLS,0
1,teta,0,-0.00018693464072966267,76,WLS,0
2,v,1,1.0451712382706713,76,WLS,0
3,teta,1,-0.08697504185576875,76,WLS,0
4,v,2,1.020268399772254,76,WLS,0
5,teta,2,-0.2199581275278507,76,WLS,0
6,v,3,1.0241063483169615,76,WLS,0
7,teta,3,-0.1797522438852663,76,WLS,0
8,v,4,1.0258484642901238,76,WLS,0
9,teta,4,-0.15379589926906417,76,WLS,0
10,v,5,1.0915851001295507,76,WLS,0
11,teta,5,-0.24837344143673334,76,WLS,0
12,v,6,1.0684475651608176,76,WLS,0
13,teta,6,-0.23125984789028356,76,WLS,0
14,v,7,1.0901097469369978,76,WLS,0
15,teta,7,-0.23125984783991793,76,WLS,0
16,v,8,1.067233718900425,76,WLS,0
17,teta,8,-0.25783732102894547,76,WLS,0
18,v,9,1.0642310033220312,76,WLS,0
19,teta,9,-0.2608139523837181,76,WLS,0
20,v,10,1.0742385252108961,76,WLS,0
21,teta,10,-0.25665186714345656,76,WLS,0
22,v,11,1.0935150210565714,76,WLS,0
23,teta,11,-0.2742542729066788,76,WLS,0
24,v,12,1.076640044957091,76,WLS,0
25,teta,12,-0.26564440977628057,76,WLS,0
26,v,13,1.0536610835803635,76,WLS,0
27,teta,13,-0.2780563486819615,76,WLS,0
28,v,14,1.0449978553350474,76,WLS,0
29,teta,14,-0.08107125163728271,76,WLS,0
30,v,15,1.1224099507615943,76,WLS,0
31,teta,15,-0.26502873891801587,76,WLS,0
0,v,0,1.0598315814330244,77,WLS,0
1,teta,0,-3.093126704603891e-05,77,WLS,0
2,v,1,1.044808803114407,77,WLS,0
3,teta,1,-0.08699313163907181,77,WLS,0
4,v,2,1.0199170104109596,77,WLS,0
5,teta,2,-0.2199765847576349,77,WLS,0
6,v,3,1.0237572852886874,77,WLS,0
7,teta,3,-0.17974230803407612,77,WLS,0
8,v,4,1.025497841122502,77,WLS,0
9,teta,4,-0.15378490478029974,77,WLS,0
10,v,5,1.0911941530895533,77,WLS,0
11,teta,5,-0.24839175142748648,77,WLS,0
12,v,6,1.068098550187794,77,WLS,0
13,teta,6,-0.2311685054385235,77,WLS,0
14,v,7,1.089743003445804,77,WLS,0
15,teta,7,-0.23116850545626055,77,WLS,0
16,v,8,1.0668960497829383,77,WLS,0
17,teta,8,-0.2577033514974631,77,WLS,0
18,v,9,1.0638038294929701,77,WLS,0
19,teta,9,-0.26083663552458497,77,WLS,0
20,v,10,1.073861972037351,77,WLS,0
21,teta,10,-0.2566881798750913,77,WLS,0
22,v,11,1.0931247653224454,77,WLS,0
23,teta,11,-0.2742663847386157,77,WLS,0
24,v,12,1.0762985326808072,77,WLS,0
25,teta,12,-0.26569599686099243,77,WLS,0
26,v,13,1.0533203919685097,77,WLS,0
27,teta,13,-0.2781008558101014,77,WLS,0
28,v,14,1.0446283827024831,77,WLS,0
29,teta,14,-0.08090151594251008,77,WLS,0
30,v,15,1.1219995482778127,77,WLS,0
31,teta,15,-0.26494218745608594,77,WLS,0
0,v,0,1.060085246952132,78,WLS,0
1,teta,0,6.351035609714847e-05,78,WLS,0
2,v,1,1.0450606779073328,78,WLS,0
3,teta,1,-0.08696227700235873,78,WLS,0
4,v,2,1.0201611100876151,78,WLS,0
5,teta,2,-0.21991384204783024,78,WLS,0
6,v,3,1.0240035330783825,78,WLS,0
7,teta,3,-0.1796925814799352,78,WLS,0
8,v,4,1.0257487870204365,78,WLS,0
9,teta,4,-0.15372210575880604,78,WLS,0
10,v,5,1.0914761365599104,78,WLS,0
11,teta,5,-0.2483561970391524,78,WLS,0
12,v,6,1.068361561639015,78,WLS,0
13,teta,6,-0.23120245882326532,78,WLS,0
14,v,7,1.0900182984847357,78,WLS,0
15,teta,7,-0.2312024588311619,78,WLS,0
16,v,8,1.0671611508654115,78,WLS,0
17,teta,8,-0.2577802428110265,78,WLS,0
18,v,9,1.0641544451274552,78,WLS,0
19,teta,9,-0.26085244053510354,78,WLS,0
20,v,10,1.0742196877111205,78,WLS,0
21,teta,10,-0.25669169124321733,78,WLS,0
22,v,11,1.0933934189669587,78,WLS,0
23,teta,11,-0.2743194852812844,78,WLS,0
24,v,12,1.0764764217329001,78,WLS,0
25,teta,12,-0.26581148705291957,78,WLS,0
26,v,13,1.053504288296882,78,WLS,0
27,teta,13,-0.27823583865060825,78,WLS,0
28,v,14,1.0448820062010509,78,WLS,0
29,teta,14,-0.08091370908500065,78,WLS,0
30,v,15,1.1222585523197448,78,WLS,0
31,teta,15,-0.26501935022093914,78,WLS,0
0,v,0,1.0602427758668234,79,WLS,0
1,teta,0,-0.00012397000959094866,79,WLS,0
2,v,1,1.0452471841768094,79,WLS,0
3,teta,1,-0.0870206403806154,79,WLS,0
4,v,2,1.020349200024168,79,WLS,0
5,teta,2,-0.22000618992780988,79,WLS,0
6,v,3,1.0241855596577767,79,WLS,0
7,teta,3,-0.17979577222238288,79,WLS,0
8,v,4,1.025928941493188,79,WLS,0
9,teta,4,-0.15382331841683483,79,WLS,0
10,v,5,1.0916587363074626,79,WLS,0
11,teta,5,-0.24837905418798917,79,WLS,0
12,v,6,1.0685815588737362,79,WLS,0
13,teta,6,-0.2312774330618789,79,WLS,0
14,v,7,1.0902805657659196,79,WLS,0
15,teta,7,-0.231277433060849,79,WLS,0
16,v,8,1.0673715471242962,79,WLS,0
17,teta,8,-0.2578401522796608,79,WLS,0
18,v,9,1.0643757218476688,79,WLS,0
19,teta,9,-0.26083802481400975,79,WLS,0
20,v,10,1.0744425229392356,79,WLS,0
21,teta,10,-0.25664576664094274,79,WLS,0
22,v,11,1.0936326967543326,79,WLS,0
23,teta,11,-0.2742242077902768,79,WLS,0
24,v,12,1.076758730092907,79,WLS,0
25,teta,12,-0.26569326244967445,79,WLS,0
26,v,13,1.053788455496618,79,WLS,0
27,teta,13,-0.2781079282153828,79,WLS,0
28,v,14,1.0450728904165307,79,WLS,0
29,teta,14,-0.081100755625062,79,WLS,0
30,v,15,1.122515566083714,79,WLS,0
31,teta,15,-0.26496043678617315,79,WLS,0
0,v,0,1.0598364622491252,80,WLS,0
1,teta,0,-0.00018991054667788905,80,WLS,0
2,v,1,1.0448552381662441,80,WLS,0
3,teta,1,-0.08697125124439757,80,WLS,0
4,v,2,1.019954642148593,80,WLS,0
5,teta,2,-0.21998663067036092,80,WLS,0
6,v,3,1.023794927144037,80,WLS,0
7,teta,3,-0.17975860384508632,80,WLS,0
8,v,4,1.0255358597861983,80,WLS,0
9,teta,4,-0.1538010195533981,80,WLS,0
10,v,5,1.0912280804653416,80,WLS,0
11,teta,5,-0.24839875945002846,80,WLS,0
12,v,6,1.0681450596327113,80,WLS,0
13,teta,6,-0.23122152609156932,80,WLS,0
14,v,7,1.0898214656562493,80,WLS,0
15,teta,7,-0.23122152611200794,80,WLS,0
16,v,8,1.0669284426017691,80,WLS,0
17,teta,8,-0.257775479280106,80,WLS,0
18,v,9,1.063884139284112,80,WLS,0
19,teta,9,-0.26083584838111656,80,WLS,0
20,v,10,1.0738634681075656,80,WLS,0
21,teta,10,-0.25670782128883984,80,WLS,0
22,v,11,1.0931724302886034,80,WLS,0
23,teta,11,-0.27412446361789133,80,WLS,0
24,v,12,1.0763191652737183,80,WLS,0
25,teta,12,-0.26556360400614415,80,WLS,0
26,v,13,1.0533515411484644,80,WLS,0
27,teta,13,-0.2779827542183891,80,WLS,0
28,v,14,1.0446707835991678,80,WLS,0
29,teta,14,-0.08076582703158094,80,WLS,0
30,v,15,1.1220361440663307,80,WLS,0
31,teta,15,-0.2649189938521777,80,WLS,0
0,v,0,1.0597411598594262,81,WLS,0
1,teta,0,-0.00011183975486143884,81,WLS,0
2,v,1,1.0447557099330587,81,WLS,0
3,teta,1,-0.0869737876488431,81,WLS,0
4,v,2,1.0198589219132363,81,WLS,0
5,teta,2,-0.2199842715627677,81,WLS,0
6,v,3,1.0236988965374947,81,WLS,0
7,teta,3,-0.17975292426418618,81,WLS,0
8,v,4,1.0254392328156374,81,WLS,0
9,teta,4,-0.1537935466969352,81,WLS,0
10,v,5,1.0911467887165298,81,WLS,0
11,teta,5,-0.24835176549173582,81,WLS,0
12,v,6,1.0680325597865068,81,WLS,0
13,teta,6,-0.23127359486529225,81,WLS,0
14,v,7,1.0896835642667089,81,WLS,0
15,teta,7,-0.23127359485598797,81,WLS,0
16,v,8,1.0668266567267843,81,WLS,0
17,teta,8,-0.257857368459981,81,WLS,0
18,v,9,1.063748580845337,81,WLS,0
19,teta,9,-0.2610202479144602,81,WLS,0
20,v,10,1.0737649335241213,81,WLS,0
21,teta,10,-0.2568939601540715,81,WLS,0
22,v,11,1.0930634255163196,81,WLS,0
23,teta,11,-0.27431517021033514,81,WLS,0
24,v,12,1.0762138034255555,81,WLS,0
25,teta,12,-0.26571557549151453,81,WLS,0
26,v,13,1.0532354737507674,81,WLS,0
27,teta,13,-0.27812963302229354,81,WLS,0
28,v,14,1.0445821967297495,81,WLS,0
29,teta,14,-0.0810623120916164,81,WLS,0
30,v,15,1.1219510760717764,81,WLS,0
31,teta,15,-0.2650591686161132,81,WLS,0
0,v,0,1.060059110670237,82,WLS,0
1,teta,0,0.00021997917630092696,82,WLS,0
2,v,1,1.0450353207708099,82,WLS,0
3,teta,1,-0.08695568230601464,82,WLS,0
4,v,2,1.0201308078975229,82,WLS,0
5,teta,2,-0.2199572932799378,82,WLS,0
6,v,3,1.0239686705847824,82,WLS,0
7,teta,3,-0.17975163013143228,82,WLS,0
8,v,4,1.025719691647001,82,WLS,0
9,teta,4,-0.15373645817601916,82,WLS,0
10,v,5,1.0914145307330685,82,WLS,0
11,teta,5,-0.2482921631101864,82,WLS,0
12,v,6,1.0683627922030234,82,WLS,0
13,teta,6,-0.23129704000863074,82,WLS,0
14,v,7,1.0900687742626074,82,WLS,0
15,teta,7,-0.23129704002607523,82,WLS,0
16,v,8,1.067152506567031,82,WLS,0
17,teta,8,-0.25789245575175507,82,WLS,0
18,v,9,1.0641220235785114,82,WLS,0
19,teta,9,-0.2609605240966312,82,WLS,0
20,v,10,1.074249466324701,82,WLS,0
21,teta,10,-0.25666995208459353,82,WLS,0
22,v,11,1.093364967714239,82,WLS,0
23,teta,11,-0.27427734774683166,82,WLS,0
24,v,12,1.0765514153176619,82,WLS,0
25,teta,12,-0.26579110207194623,82,WLS,0
26,v,13,1.053569824245404,82,WLS,0
27,teta,13,-0.27821331145566586,82,WLS,0
28,v,14,1.0448658906184343,82,WLS,0
29,teta,14,-0.08115435496295886,82,WLS,0
30,v,15,1.1222002685665078,82,WLS,0
31,teta,15,-0.26484504581234186,82,WLS,0
0,v,0,1.0599968128602708,83,WLS,0
1,teta,0,1.4877852940928153e-05,83,WLS,0
2,v,1,1.0449772179205477,83,WLS,0
3,teta,1,-0.08697982935664597,83,WLS,0
4,v,2,1.0200811146668651,83,WLS,0
5,teta,2,-0.21995534857903545,83,WLS,0
6,v,3,1.0239192072509873,83,WLS,0
7,teta,3,-0.17974016260873332,83,WLS,0
8,v,4,1.0256629841997005,83,WLS,0
9,teta,4,-0.15376600168822382,83,WLS,0
10,v,5,1.0914043553180344,83,WLS,0
11,teta,5,-0.248431889865906,83,WLS,0
12,v,6,1.0682608939727019,83,WLS,0
13,teta,6,-0.2313265633476886,83,WLS,0
14,v,7,1.0899248236009291,83,WLS,0
15,teta,7,-0.23132656334777305,83,WLS,0
16,v,8,1.0670516000339623,83,WLS,0
17,teta,8,-0.25794434647345593,83,WLS,0
18,v,9,1.064074189650508,83,WLS,0
19,teta,9,-0.26102789294858286,83,WLS,0
20,v,10,1.0741854350531554,83,WLS,0
21,teta,10,-0.25683397062234825,83,WLS,0
22,v,11,1.09337433656386,83,WLS,0
23,teta,11,-0.2742016882347634,83,WLS,0
24,v,12,1.0765490932142794,83,WLS,0
25,teta,12,-0.265673542477961,83,WLS,0
26,v,13,1.053570210225781,83,WLS,0
27,teta,13,-0.27808306298276386,83,WLS,0
28,v,14,1.04480322457995,83,WLS,0
29,teta,14,-0.08106055420920397,83,WLS,0
30,v,15,1.122245845149001,83,WLS,0
31,teta,15,-0.2648992355855691,83,WLS,0
0,v,0,1.0601601663630893,84,WLS,0
1,teta,0,-9.455738529980161e-05,84,WLS,0
2,v,1,1.0451834135290408,84,WLS,0
3,teta,1,-0.08699414035847206,84,WLS,0
4,v,2,1.02028996819879,84,WLS,0
5,teta,2,-0.2199269693289778,84,WLS,0
6,v,3,1.0241244794129576,84,WLS,0
7,teta,3,-0.17974154761536176,84,WLS,0
8,v,4,1.025869570512609,84,WLS,0
9,teta,4,-0.15375848494887903,84,WLS,0
10,v,5,1.0916001942275366,84,WLS,0
11,teta,5,-0.24833196435900054,84,WLS,0
12,v,6,1.0684870315375663,84,WLS,0
13,teta,6,-0.23123305706271027,84,WLS,0
14,v,7,1.0901537952035527,84,WLS,0
15,teta,7,-0.2312330570532515,84,WLS,0
16,v,8,1.0672806508576962,84,WLS,0
17,teta,8,-0.2578015327800193,84,WLS,0
18,v,9,1.0642833434659777,84,WLS,0
19,teta,9,-0.260867574640269,84,WLS,0
20,v,10,1.0744154144064109,84,WLS,0
21,teta,10,-0.25667279515305114,84,WLS,0
22,v,11,1.0935543615450767,84,WLS,0
23,teta,11,-0.27402078684599185,84,WLS,0
24,v,12,1.0767929137689902,84,WLS,0
25,teta,12,-0.26552943931966444,84,WLS,0
26,v,13,1.0538044780322158,84,WLS,0
27,teta,13,-0.2779372253092621,84,WLS,0
28,v,14,1.0450133548272724,84,WLS,0
29,teta,14,-0.08118786119697913,84,WLS,0
30,v,15,1.1223176577068548,84,WLS,0
31,teta,15,-0.2646965861965994,84,WLS,0
0,v,0,1.0598670531244074,85,WLS,0
1,teta,0,-4.0806189175311435e-07,85,WLS,0
2,v,1,1.0448812383699433,85,WLS,0
3,teta,1,-0.08696307056073894,85,WLS,0
4,v,2,1.019984991483805,85,WLS,0
5,teta,2,-0.21994353082553217,85,WLS,0
6,v,3,1.0238220292567533,85,WLS,0
7,teta,3,-0.17973467280451932,85,WLS,0
8,v,4,1.025562768776214,85,WLS,0
9,teta,4,-0.1537766668403867,85,WLS,0
10,v,5,1.0912756126730792,85,WLS,0
11,teta,5,-0.24839329293721257,85,WLS,0
12,v,6,1.068218981017901,85,WLS,0
13,teta,6,-0.23124845786202766,85,WLS,0
14,v,7,1.0899305210274108,85,WLS,0
15,teta,7,-0.2312484578801161,85,WLS,0
16,v,8,1.0670069274895275,85,WLS,0
17,teta,8,-0.2578273864797455,85,WLS,0
18,v,9,1.0639354329975619,85,WLS,0
19,teta,9,-0.2609240146734341,85,WLS,0
20,v,10,1.0740002870685856,85,WLS,0
21,teta,10,-0.256709059980003,85,WLS,0
22,v,11,1.093345818137573,85,WLS,0
23,teta,11,-0.27422527818170267,85,WLS,0
24,v,12,1.0764744672926376,85,WLS,0
25,teta,12,-0.2656529943209957,85,WLS,0
26,v,13,1.0534892633552801,85,WLS,0
27,teta,13,-0.278066406061169,85,WLS,0
28,v,14,1.0447014695148507,85,WLS,0
29,teta,14,-0.08088562186022841,85,WLS,0
30,v,15,1.122249894590005,85,WLS,0
31,teta,15,-0.26492769471351674,85,WLS,0
0,v,0,1.059781481652817,86,WLS,0
1,teta,0,-0.00018255507781073078,86,WLS,0
2,v,1,1.0448137831154176,86,WLS,0
3,teta,1,-0.0869910901395172,86,WLS,0
4,v,2,1.019914809767592,86,WLS,0
5,teta,2,-0.22004002689864263,86,WLS,0
6,v,3,1.023748860748802,86,WLS,0
7,teta,3,-0.1798315656674117,86,WLS,0
8,v,4,1.0254908450091087,86,WLS,0
9,teta,4,-0.1538521153647689,86,WLS,0
10,v,5,1.0912056546360906,86,WLS,0
11,teta,5,-0.24844136464917763,86,WLS,0
12,v,6,1.0681636244254344,86,WLS,0
13,teta,6,-0.23145444045290153,86,WLS,0
14,v,7,1.0898952045241668,86,WLS,0
15,teta,7,-0.23145444045531097,86,WLS,0
16,v,8,1.0669538970685581,86,WLS,0
17,teta,8,-0.25808903818361034,86,WLS,0
18,v,9,1.0638930281161239,86,WLS,0
19,teta,9,-0.26109567925436755,86,WLS,0
20,v,10,1.0738848837547914,86,WLS,0
21,teta,10,-0.2568929142322249,86,WLS,0
22,v,11,1.093278649782101,86,WLS,0
23,teta,11,-0.27428226602775174,86,WLS,0
24,v,12,1.0764542201342109,86,WLS,0
25,teta,12,-0.2657021034384321,86,WLS,0
26,v,13,1.0534834093904835,86,WLS,0
27,teta,13,-0.2781136936488461,86,WLS,0
28,v,14,1.0446341045550749,86,WLS,0
29,teta,14,-0.08091631846022902,86,WLS,0
30,v,15,1.122080965432494,86,WLS,0
31,teta,15,-0.26501044645614,86,WLS,0
0,v,0,1.0598342926776483,87,WLS,0
1,teta,0,-0.00011835701195138745,87,WLS,0
2,v,1,1.0448614663236238,87,WLS,0
3,teta,1,-0.08695389401259812,87,WLS,0
4,v,2,1.0199621264598133,87,WLS,0
5,teta,2,-0.21994963383180513,87,WLS,0
6,v,3,1.023803899892329,87,WLS,0
7,teta,3,-0.17971038145385823,87,WLS,0
8,v,4,1.0255482229741573,87,WLS,0
9,teta,4,-0.1537332428057131,87,WLS,0
10,v,5,1.0912500754888006,87,WLS,0
11,teta,5,-0.24833298087385883,87,WLS,0
12,v,6,1.0681352963286566,87,WLS,0
13,teta,6,-0.23126433987151424,87,WLS,0
14,v,7,1.0897848321025931,87,WLS,0
15,teta,7,-0.23126433986722358,87,WLS,0
16,v,8,1.0669294227057184,87,WLS,0
17,teta,8,-0.2578654443479772,87,WLS,0
18,v,9,1.0638797138294505,87,WLS,0
19,teta,9,-0.2609979797482688,87,WLS,0
20,v,10,1.0739747276647897,87,WLS,0
21,teta,10,-0.2567336448401127,87,WLS,0
22,v,11,1.0931937835808272,87,WLS,0
23,teta,11,-0.27425889766393663,87,WLS,0
24,v,12,1.0763680265397955,87,WLS,0
25,teta,12,-0.2656728554175765,87,WLS,0
26,v,13,1.0534002922425234,87,WLS,0
27,teta,13,-0.27808320729917246,87,WLS,0
28,v,14,1.0446852701566813,87,WLS,0
29,teta,14,-0.08096919520064207,87,WLS,0
30,v,15,1.122059831224512,87,WLS,0
31,teta,15,-0.2649741985655724,87,WLS,0
0,v,0,1.059791044968583,88,WLS,0
1,teta,0,-2.5170048249099538e-05,88,WLS,0
2,v,1,1.0448099782352858,88,WLS,0
3,teta,1,-0.08699668072330645,88,WLS,0
4,v,2,1.0199153385155069,88,WLS,0
5,teta,2,-0.2200151783555915,88,WLS,0
6,v,3,1.0237519908657795,88,WLS,0
7,teta,3,-0.17979289187439182,88,WLS,0
8,v,4,1.0254986180733123,88,WLS,0
9,teta,4,-0.15379100479661165,88,WLS,0
10,v,5,1.0912027678394705,88,WLS,0
11,teta,5,-0.24840605753992145,88,WLS,0
12,v,6,1.0680981451538278,88,WLS,0
13,teta,6,-0.23133843720374833,88,WLS,0
14,v,7,1.089754652873554,88,WLS,0
15,teta,7,-0.23133843724357772,88,WLS,0
16,v,8,1.0668958698796833,88,WLS,0
17,teta,8,-0.25793469120805346,88,WLS,0
18,v,9,1.0638434820696279,88,WLS,0
19,teta,9,-0.26096920306930976,88,WLS,0
20,v,10,1.0738359031197722,88,WLS,0
21,teta,10,-0.25682999654766275,88,WLS,0
22,v,11,1.0931342538903526,88,WLS,0
23,teta,11,-0.27440666407920933,88,WLS,0
24,v,12,1.0762372693261464,88,WLS,0
25,teta,12,-0.26581082773935016,88,WLS,0
26,v,13,1.053266379098982,88,WLS,0
27,teta,13,-0.278228744010871,88,WLS,0
28,v,14,1.0446319171426102,88,WLS,0
29,teta,14,-0.08096776251836357,88,WLS,0
30,v,15,1.1220451779444045,88,WLS,0
31,teta,15,-0.26519512828172165,88,WLS,0
0,v,0,1.060034239636294,89,WLS,0
1,teta,0,3.696299111014566e-05,89,WLS,0
2,v,1,1.045049090171389,89,WLS,0
3,teta,1,-0.08699031362287492,89,WLS,0
4,v,2,1.0201540598704641,89,WLS,0
5,teta,2,-0.21996410942596528,89,WLS,0
6,v,3,1.0239887431515622,89,WLS,0
7,teta,3,-0.17976423571634756,89,WLS,0
8,v,4,1.0257343793510147,89,WLS,0
9,teta,4,-0.15377353535309513,89,WLS,0
10,v,5,1.0914560200244823,89,WLS,0
11,teta,5,-0.24835967544154275,89,WLS,0
12,v,6,1.0683574874232873,89,WLS,0
13,teta,6,-0.23136836887091747,89,WLS,0
14,v,7,1.0900521154176166,89,WLS,0
15,teta,7,-0.2313683688904477,89,WLS,0
16,v,8,1.0671432647325514,89,WLS,0
17,teta,8,-0.25799481650047196,89,WLS,0
18,v,9,1.0640947041502855,89,WLS,0
19,teta,9,-0.2609956356934463,89,WLS,0
20,v,10,1.0741242220261686,89,WLS,0
21,teta,10,-0.25682484865378374,89,WLS,0
22,v,11,1.0934886752930542,89,WLS,0
23,teta,11,-0.2742288246141625,89,WLS,0
24,v,12,1.0765929333646218,89,WLS,0
25,teta,12,-0.2656658216821789,89,WLS,0
26,v,13,1.0536110661154086,89,WLS,0
27,teta,13,-0.2780781191665979,89,WLS,0
28,v,14,1.0448760444871683,89,WLS,0
29,teta,14,-0.08110016409947546,89,WLS,0
30,v,15,1.1223690283934769,89,WLS,0
31,teta,15,-0.2648756844847238,89,WLS,0
0,v,0,1.0601745426211844,90,WLS,0
1,teta,0,-0.0002712771799328652,90,WLS,0
2,v,1,1.045189006081807,90,WLS,0
3,teta,1,-0.08699299774648087,90,WLS,0
4,v,2,1.020290512138263,90,WLS,0
5,teta,2,-0.21995479315758737,90,WLS,0
6,v,3,1.0241279202826887,90,WLS,0
7,teta,3,-0.17975367950500537,90,WLS,0
8,v,4,1.0258641571335716,90,WLS,0
9,teta,4,-0.15382277051707122,90,WLS,0
10,v,5,1.0915847920498167,90,WLS,0
11,teta,5,-0.24838429521117347,90,WLS,0
12,v,6,1.0684884117592734,90,WLS,0
13,teta,6,-0.2312769935488895,90,WLS,0
14,v,7,1.0901684778840055,90,WLS,0
15,teta,7,-0.2312769935441665,90,WLS,0
16,v,8,1.0672739731183571,90,WLS,0
17,teta,8,-0.257862124789883,90,WLS,0
18,v,9,1.064243649936941,90,WLS,0
19,teta,9,-0.26085536744932925,90,WLS,0
20,v,10,1.0742380039052697,90,WLS,0
21,teta,10,-0.2566534688293746,90,WLS,0
22,v,11,1.093386016268432,90,WLS,0
23,teta,11,-0.2742249729487226,90,WLS,0
24,v,12,1.0766610617824381,90,WLS,0
25,teta,12,-0.26572277588763593,90,WLS,0
26,v,13,1.053678342269372,90,WLS,0
27,teta,13,-0.27814062137091017,90,WLS,0
28,v,14,1.0450102655768767,90,WLS,0
29,teta,14,-0.0809490525371644,90,WLS,0
30,v,15,1.1220515364476402,90,WLS,0
31,teta,15,-0.26498590947394857,90,WLS,0
0,v,0,1.0602148913272718,91,WLS,0
1,teta,0,0.00017779181983455623,91,WLS,0
2,v,1,1.0451686227944295,91,WLS,0
3,teta,1,-0.08697487107607531,91,WLS,0
4,v,2,1.0202676146351695,91,WLS,0
5,teta,2,-0.21993368663533386,91,WLS,0
6,v,3,1.0241069453824214,91,WLS,0
7,teta,3,-0.17973058121438062,91,WLS,0
8,v,4,1.0258577541127474,91,WLS,0
9,teta,4,-0.15372172010956167,91,WLS,0
10,v,5,1.091591343932545,91,WLS,0
11,teta,5,-0.2482970547221524,91,WLS,0
12,v,6,1.0684684233913442,91,WLS,0
13,teta,6,-0.23126705491159696,91,WLS,0
14,v,7,1.0901547200554662,91,WLS,0
15,teta,7,-0.23126705493402716,91,WLS,0
16,v,8,1.0672514042846253,91,WLS,0
17,teta,8,-0.257858989575724,91,WLS,0
18,v,9,1.0642483579688378,91,WLS,0
19,teta,9,-0.2609614047556522,91,WLS,0
20,v,10,1.0743935303677339,91,WLS,0
21,teta,10,-0.2567366726652352,91,WLS,0
22,v,11,1.0933271657662025,91,WLS,0
23,teta,11,-0.2742185222305736,91,WLS,0
24,v,12,1.076603462839503,91,WLS,0
25,teta,12,-0.2657365883164832,91,WLS,0
26,v,13,1.0536253451937452,91,WLS,0
27,teta,13,-0.2781482538194246,91,WLS,0
28,v,14,1.0449931606379106,91,WLS,0
29,teta,14,-0.08101500540038505,91,WLS,0
30,v,15,1.1220296831717902,91,WLS,0
31,teta,15,-0.26488895849276156,91,WLS,0
0,v,0,1.0599561186169173,92,WLS,0
1,teta,0,-0.00010791116732591505,92,WLS,0
2,v,1,1.0449949394114113,92,WLS,0
3,teta,1,-0.08695452678492221,92,WLS,0
4,v,2,1.0200925444334865,92,WLS,0
5,teta,2,-0.2199495357140682,92,WLS,0
6,v,3,1.0239333731203901,92,WLS,0
7,teta,3,-0.1797202073794552,92,WLS,0
8,v,4,1.025675341505118,92,WLS,0
9,teta,4,-0.15376283117357586,92,WLS,0
10,v,5,1.091393370253411,92,WLS,0
11,teta,5,-0.24837036182178893,92,WLS,0
12,v,6,1.0682965252227632,92,WLS,0
13,teta,6,-0.2312911401354071,92,WLS,0
14,v,7,1.0899651092172258,92,WLS,0
15,teta,7,-0.2312911401217246,92,WLS,0
16,v,8,1.0670947885941426,92,WLS,0
17,teta,8,-0.25790023820896835,92,WLS,0
18,v,9,1.0640334155139186,92,WLS,0
19,teta,9,-0.2609033060101781,92,WLS,0
20,v,10,1.074111307664277,92,WLS,0
21,teta,10,-0.2567407070890855,92,WLS,0
22,v,11,1.0934470276425587,92,WLS,0
23,teta,11,-0.27448955254459123,92,WLS,0
24,v,12,1.0764613403127483,92,WLS,0
25,teta,12,-0.2658071096578954,92,WLS,0
26,v,13,1.0534832605957694,92,WLS,0
27,teta,13,-0.2782212234081297,92,WLS,0
28,v,14,1.044814784643165,92,WLS,0
29,teta,14,-0.08086434425846786,92,WLS,0
30,v,15,1.1223994962940531,92,WLS,0
31,teta,15,-0.26540060877522026,92,WLS,0
0,v,0,1.0598152003899346,93,WLS,0
1,teta,0,-6.016908538703795e-05,93,WLS,0
2,v,1,1.044833322371582,93,WLS,0
3,teta,1,-0.08695449220380898,93,WLS,0
4,v,2,1.019933606047197,93,WLS,0
5,teta,2,-0.21996920156832833,93,WLS,0
6,v,3,1.023768882685778,93,WLS,0
7,teta,3,-0.17976383095519133,93,WLS,0
8,v,4,1.0255084651250561,93,WLS,0
9,teta,4,-0.15380292000460258,93,WLS,0
10,v,5,1.0912213139148679,93,WLS,0
11,teta,5,-0.24841242531004698,93,WLS,0
12,v,6,1.0681506990734424,93,WLS,0
13,teta,6,-0.23135293130423773,93,WLS,0
14,v,7,1.0898639442325857,93,WLS,0
15,teta,7,-0.23135293126548476,93,WLS,0
16,v,8,1.0669334354333262,93,WLS,0
17,teta,8,-0.25797114592280884,93,WLS,0
18,v,9,1.063866817607539,93,WLS,0
19,teta,9,-0.26099657197567533,93,WLS,0
20,v,10,1.0739681845179376,93,WLS,0
21,teta,10,-0.25670620370680386,93,WLS,0
22,v,11,1.0933005178257607,93,WLS,0
23,teta,11,-0.2743208178351858,93,WLS,0
24,v,12,1.0763709059503972,93,WLS,0
25,teta,12,-0.2656999781386115,93,WLS,0
26,v,13,1.0533892331822663,93,WLS,0
27,teta,13,-0.2781186500277243,93,WLS,0
28,v,14,1.0446574015519572,93,WLS,0
29,teta,14,-0.0809774276993708,93,WLS,0
30,v,15,1.1222441667553764,93,WLS,0
31,teta,15,-0.2650364403246061,93,WLS,0
0,v,0,1.0600120407378246,94,WLS,0
1,teta,0,-0.00016545298387744465,94,WLS,0
2,v,1,1.045029393271297,94,WLS,0
3,teta,1,-0.08698896232997856,94,WLS,0
4,v,2,1.0201288666942132,94,WLS,0
5,teta,2,-0.21999101090283527,94,WLS,0
6,v,3,1.0239680928932007,94,WLS,0
7,teta,3,-0.17977125437227032,94,WLS,0
8,v,4,1.0257131688972239,94,WLS,0
9,teta,4,-0.15378336139992835,94,WLS,0
10,v,5,1.091420746072219,94,WLS,0
11,teta,5,-0.24831411578598703,94,WLS,0
12,v,6,1.0683493710519507,94,WLS,0
13,teta,6,-0.23132030896351238,94,WLS,0
14,v,7,1.0900437769436815,94,WLS,0
15,teta,7,-0.23132030895449052,94,WLS,0
16,v,8,1.0671397258525366,94,WLS,0
17,teta,8,-0.25791790764215,94,WLS,0
18,v,9,1.0640783370898648,94,WLS,0
19,teta,9,-0.26098247993228985,94,WLS,0
20,v,10,1.0741288956705581,94,WLS,0
21,teta,10,-0.2567216237409415,94,WLS,0
22,v,11,1.093513075025307,94,WLS,0
23,teta,11,-0.27418498374957173,94,WLS,0
24,v,12,1.0765996184112092,94,WLS,0
25,teta,12,-0.26560727938129863,94,WLS,0
26,v,13,1.053626942216426,94,WLS,0
27,teta,13,-0.278028269993546,94,WLS,0
28,v,14,1.0448504868277204,94,WLS,0
29,teta,14,-0.08093619945220995,94,WLS,0
30,v,15,1.1224494710020962,94,WLS,0
31,teta,15,-0.2648457417848145,94,WLS,0
0,v,0,1.0599587474532632,95,WLS,0
1,teta,0,7.703382881045085e-05,95,WLS,0
2,v,1,1.0449429069920497,95,WLS,0
3,teta,1,-0.08695789109019425,95,WLS,0
4,v,2,1.020042644848518,95,WLS,0
5,teta,2,-0.21994527869227196,95,WLS,0
6,v,3,1.0238833856876202,95,WLS,0
7,teta,3,-0.17971784942293328,95,WLS,0
8,v,4,1.0256253625142708,95,WLS,0
9,teta,4,-0.15375119678113122,95,WLS,0
10,v,5,1.091338284380812,95,WLS,0
11,teta,5,-0.2483736557325657,95,WLS,0
12,v,6,1.068272003536213,95,WLS,0
13,teta,6,-0.23130279815925064,95,WLS,0
14,v,7,1.089965295907478,95,WLS,0
15,teta,7,-0.23130279813187135,95,WLS,0
16,v,8,1.0670693635362585,95,WLS,0
17,teta,8,-0.2579184579862866,95,WLS,0
18,v,9,1.0640533350537378,95,WLS,0
19,teta,9,-0.2609600833664406,95,WLS,0
20,v,10,1.07411602558912,95,WLS,0
21,teta,10,-0.2567098841012834,95,WLS,0
22,v,11,1.0933287668956542,95,WLS,0
23,teta,11,-0.27441620946571765,95,WLS,0
24,v,12,1.076424274365436,95,WLS,0
25,teta,12,-0.26582035158615114,95,WLS,0
26,v,13,1.0534482407230485,95,WLS,0
27,teta,13,-0.27824159847012325,95,WLS,0
28,v,14,1.0447627834627566,95,WLS,0
29,teta,14,-0.08086873954110069,95,WLS,0
30,v,15,1.1222423714707426,95,WLS,0
31,teta,15,-0.26514314027731406,95,WLS,0
0,v,0,1.0599267550433678,96,WLS,0
1,teta,0,6.6789023795794e-05,96,WLS,0
2,v,1,1.0449284479671002,96,WLS,0
3,teta,1,-0.08692952436013193,96,WLS,0
4,v,2,1.0200225740352202,96,WLS,0
5,teta,2,-0.2199377933936791,96,WLS,0
6,v,3,1.0238621285737557,96,WLS,0
7,teta,3,-0.17972125401910602,96,WLS,0
8,v,4,1.0256103891057298,96,WLS,0
9,teta,4,-0.15372214660618858,96,WLS,0
10,v,5,1.0912950481459474,96,WLS,0
11,teta,5,-0.24831322777921996,96,WLS,0
12,v,6,1.0682856670292422,96,WLS,0
13,teta,6,-0.23121576373468242,96,WLS,0
14,v,7,1.0900173107143196,96,WLS,0
15,teta,7,-0.2312157637568642,96,WLS,0
16,v,8,1.0670737762132783,96,WLS,0
17,teta,8,-0.25778412948082546,96,WLS,0
18,v,9,1.0639960395966073,96,WLS,0
19,teta,9,-0.26083346117895595,96,WLS,0
20,v,10,1.0740310742822354,96,WLS,0
21,teta,10,-0.25669910704438675,96,WLS,0
22,v,11,1.093191628671835,96,WLS,0
23,teta,11,-0.27426148336142325,96,WLS,0
24,v,12,1.0764294968942185,96,WLS,0
25,teta,12,-0.26572287366641134,96,WLS,0
26,v,13,1.0534620759175197,96,WLS,0
27,teta,13,-0.2781416220935231,96,WLS,0
28,v,14,1.0447526567088192,96,WLS,0
29,teta,14,-0.08095114821104307,96,WLS,0
30,v,15,1.1219643432952462,96,WLS,0
31,teta,15,-0.26507039948010175,96,WLS,0
0,v,0,1.0597790365390332,97,WLS,0
1,teta,0,5.355743804817057e-05,97,WLS,0
2,v,1,1.0447657527821836,97,WLS,0
3,teta,1,-0.08697511042884128,97,WLS,0
4,v,2,1.0198698798993173,97,WLS,0
5,teta,2,-0.21998805093526885,97,WLS,0
6,v,3,1.023708226585686,97,WLS,0
7,teta,3,-0.17975861191412998,97,WLS,0
8,v,4,1.0254520306416006,97,WLS,0
9,teta,4,-0.15377152334253047,97,WLS,0
10,v,5,1.09113957793029,97,WLS,0
11,teta,5,-0.24837381169013717,97,WLS,0
12,v,6,1.0680676467496473,97,WLS,0
13,teta,6,-0.2312235428291104,97,WLS,0
14,v,7,1.0897449028541555,97,WLS,0
15,teta,7,-0.2312235428585039,97,WLS,0
16,v,8,1.0668563968842666,97,WLS,0
17,teta,8,-0.25777807597752345,97,WLS,0
18,v,9,1.0638240048239629,97,WLS,0
19,teta,9,-0.26088721889557603,97,WLS,0
20,v,10,1.0738230566902438,97,WLS,0
21,teta,10,-0.25673404285216317,97,WLS,0
22,v,11,1.093022779105862,97,WLS,0
23,teta,11,-0.27424992126784964,97,WLS,0
24,v,12,1.0761867980045876,97,WLS,0
25,teta,12,-0.2656509870712657,97,WLS,0
26,v,13,1.0532175710784457,97,WLS,0
27,teta,13,-0.27807282255627774,97,WLS,0
28,v,14,1.0445881838999869,97,WLS,0
29,teta,14,-0.08095596037275783,97,WLS,0
30,v,15,1.1218971372731752,97,WLS,0
31,teta,15,-0.26498581673083316,97,WLS,0
0,v,0,1.0599755497639685,98,WLS,0
1,teta,0,-1.3653135551149352e-05,98,WLS,0
2,v,1,1.044989952273664,98,WLS,0
3,teta,1,-0.08697439307571757,98,WLS,0
4,v,2,1.0200871095296695,98,WLS,0
5,teta,2,-0.21998876127394765,98,WLS,0
6,v,3,1.0239257984117536,98,WLS,0
7,teta,3,-0.1797721735395446,98,WLS,0
8,v,4,1.025670770337761,98,WLS,0
9,teta,4,-0.15378095461358116,98,WLS,0
10,v,5,1.0913905418622438,98,WLS,0
11,teta,5,-0.24836704934698026,98,WLS,0
12,v,6,1.068327164980927,98,WLS,0
13,teta,6,-0.2313613733423232,98,WLS,0
14,v,7,1.0900328588950585,98,WLS,0
15,teta,7,-0.23136137332121595,98,WLS,0
16,v,8,1.0671232101897559,98,WLS,0
17,teta,8,-0.25797898447011725,98,WLS,0
18,v,9,1.0641078324556217,98,WLS,0
19,teta,9,-0.26097594910220256,98,WLS,0
20,v,10,1.0741531031515188,98,WLS,0
21,teta,10,-0.2567442884890311,98,WLS,0
22,v,11,1.0934075201648554,98,WLS,0
23,teta,11,-0.2744347749044803,98,WLS,0
24,v,12,1.0765391791953143,98,WLS,0
25,teta,12,-0.2657741450285522,98,WLS,0
26,v,13,1.0535606038278436,98,WLS,0
27,teta,13,-0.27818965302179144,98,WLS,0
28,v,14,1.0448109331567756,98,WLS,0
29,teta,14,-0.08091553183208364,98,WLS,0
30,v,15,1.1223421381176333,98,WLS,0
31,teta,15,-0.2651520898074291,98,WLS,0
0,v,0,1.0600186791180926,99,WLS,0
1,teta,0,0.00012189326042316267,99,WLS,0
2,v,1,1.0450083184461578,99,WLS,0
3,teta,1,-0.08695503781988803,99,WLS,0
4,v,2,1.0201097820589409,99,WLS,0
5,teta,2,-0.21990433885401292,99,WLS,0
6,v,3,1.0239500828767245,99,WLS,0
7,teta,3,-0.17969554690175663,99,WLS,0
8,v,4,1.0256949045324395,99,WLS,0
9,teta,4,-0.15372658289663263,99,WLS,0
10,v,5,1.091406272034576,99,WLS,0
11,teta,5,-0.24834384244652483,99,WLS,0
12,v,6,1.0683184674245991,99,WLS,0
13,teta,6,-0.23134238509098146,99,WLS,0
14,v,7,1.0900072042442335,99,WLS,0
15,teta,7,-0.23134238504889226,99,WLS,0
16,v,8,1.0671099873170402,99,WLS,0
17,teta,8,-0.2579906779651923,99,WLS,0
18,v,9,1.0640947247165906,99,WLS,0
19,teta,9,-0.2609819483934394,99,WLS,0
20,v,10,1.074117263252496,99,WLS,0
21,teta,10,-0.2567966584935526,99,WLS,0
22,v,11,1.0933010719454774,99,WLS,0
23,teta,11,-0.27437833273051915,99,WLS,0
24,v,12,1.0765056922398593,99,WLS,0
25,teta,12,-0.26581416044493167,99,WLS,0
26,v,13,1.0535368150626117,99,WLS,0
27,teta,13,-0.2782384542933728,99,WLS,0
28,v,14,1.0448349091057103,99,WLS,0
29,teta,14,-0.08104745508082654,99,WLS,0
30,v,15,1.122118395551636,99,WLS,0
31,teta,15,-0.2651310591826217,99,WLS,0
0,v,0,1.0593435999278153,0,MAP_SCADA,0
1,teta,0,0.0,0,MAP_SCADA,0
2,v,1,1.04418421340647,0,MAP_SCADA,0
3,teta,1,-0.08726463481329078,0,MAP_SCADA,0
4,v,2,1.0196116630478314,0,MAP_SCADA,0
5,teta,2,-0.22151576201080897,0,MAP_SCADA,0
6,v,3,1.0233192849583317,0,MAP_SCADA,0
7,teta,3,-0.1802381360865554,0,MAP_SCADA,0
8,v,4,1.025031290665829,0,MAP_SCADA,0
9,teta,4,-0.1542027532736465,0,MAP_SCADA,0
10,v,5,1.0908930910213754,0,MAP_SCADA,0
11,teta,5,-0.2490899579280174,0,MAP_SCADA,0
12,v,6,1.067665209968961,0,MAP_SCADA,0
13,teta,6,-0.2319038092041778,0,MAP_SCADA,0
14,v,7,1.0893408980387487,0,MAP_SCADA,0
15,teta,7,-0.23190409214990418,0,MAP_SCADA,0
16,v,8,1.0664606462505992,0,MAP_SCADA,0
17,teta,8,-0.2585614322577078,0,MAP_SCADA,0
18,v,9,1.063491275791022,0,MAP_SCADA,0
19,teta,9,-0.26160187416164343,0,MAP_SCADA,0
20,v,10,1.0736040328802299,0,MAP_SCADA,0
21,teta,10,-0.25740964215505674,0,MAP_SCADA,0
22,v,11,1.0925702730103775,0,MAP_SCADA,0
23,teta,11,-0.27509690808629267,0,MAP_SCADA,0
24,v,12,1.0757826949875904,0,MAP_SCADA,0
25,teta,12,-0.2665520170683537,0,MAP_SCADA,0
26,v,13,1.0528713488693213,0,MAP_SCADA,0
27,teta,13,-0.2788169526856163,0,MAP_SCADA,0
28,v,14,1.0440517755406313,0,MAP_SCADA,0
29,teta,14,-0.0828967772678247,0,MAP_SCADA,0
30,v,15,1.121311874019206,0,MAP_SCADA,0
31,teta,15,-0.26595270363887935,0,MAP_SCADA,0
0,v,0,1.0620567032936934,1,MAP_SCADA,0
1,teta,0,0.0,1,MAP_SCADA,0
2,v,1,1.0468646195470037,1,MAP_SCADA,0
3,teta,1,-0.08693936892266475,1,MAP_SCADA,0
4,v,2,1.0222216327933895,1,MAP_SCADA,0
5,teta,2,-0.2199299393387762,1,MAP_SCADA,0
6,v,3,1.0259954806740041,1,MAP_SCADA,0
7,teta,3,-0.17939508406015447,1,MAP_SCADA,0
8,v,4,1.0277119924620912,1,MAP_SCADA,0
9,teta,4,-0.1534662051705614,1,MAP_SCADA,0
10,v,5,1.0934757367827244,1,MAP_SCADA,0
11,teta,5,-0.24763726187973836,1,MAP_SCADA,0
12,v,6,1.0703707941099765,1,MAP_SCADA,0
13,teta,6,-0.2305992189878326,1,MAP_SCADA,0
14,v,7,1.0919977956831604,1,MAP_SCADA,0
15,teta,7,-0.23059962858506594,1,MAP_SCADA,0
16,v,8,1.0691635188403896,1,MAP_SCADA,0
17,teta,8,-0.2570209052945245,1,MAP_SCADA,0
18,v,9,1.0661747778001698,1,MAP_SCADA,0
19,teta,9,-0.2600024067227634,1,MAP_SCADA,0
20,v,10,1.076268592019542,1,MAP_SCADA,0
21,teta,10,-0.25585453762350124,1,MAP_SCADA,0
22,v,11,1.095609533370973,1,MAP_SCADA,0
23,teta,11,-0.27318225462799633,1,MAP_SCADA,0
24,v,12,1.0787493427892207,1,MAP_SCADA,0
25,teta,12,-0.2646629296460635,1,MAP_SCADA,0
26,v,13,1.055727080138376,1,MAP_SCADA,0
27,teta,13,-0.2770104427806629,1,MAP_SCADA,0
28,v,14,1.046718993899651,1,MAP_SCADA,0
29,teta,14,-0.08212671463241186,1,MAP_SCADA,0
30,v,15,1.124481901074598,1,MAP_SCADA,0
31,teta,15,-0.2639887538041481,1,MAP_SCADA,0
0,v,0,1.0565068518593936,2,MAP_SCADA,0
1,teta,0,0.0,2,MAP_SCADA,0
2,v,1,1.0415448274480785,2,MAP_SCADA,0
3,teta,1,-0.08773158204385127,2,MAP_SCADA,0
4,v,2,1.016504219083313,2,MAP_SCADA,0
5,teta,2,-0.22094960843315073,2,MAP_SCADA,0
6,v,3,1.0204708840449666,2,MAP_SCADA,0
7,teta,3,-0.180569636706503,2,MAP_SCADA,0
8,v,4,1.022206643946635,2,MAP_SCADA,0
9,teta,4,-0.15455659897025495,2,MAP_SCADA,0
10,v,5,1.0878340106548676,2,MAP_SCADA,0
11,teta,5,-0.24967711684237404,2,MAP_SCADA,0
12,v,6,1.0648520922891214,2,MAP_SCADA,0
13,teta,6,-0.23256219105202167,2,MAP_SCADA,0
14,v,7,1.0866494034512364,2,MAP_SCADA,0
15,teta,7,-0.23256201950613684,2,MAP_SCADA,0
16,v,8,1.0636347862441053,2,MAP_SCADA,0
17,teta,8,-0.259385054979729,2,MAP_SCADA,0
18,v,9,1.0605481441154225,2,MAP_SCADA,0
19,teta,9,-0.26246030372009393,2,MAP_SCADA,0
20,v,10,1.0705601489192493,2,MAP_SCADA,0
21,teta,10,-0.25820077507634237,2,MAP_SCADA,0
22,v,11,1.0900826423751082,2,MAP_SCADA,0
23,teta,11,-0.27573212600634106,2,MAP_SCADA,0
24,v,12,1.0731590684232588,2,MAP_SCADA,0
25,teta,12,-0.2671125162290069,2,MAP_SCADA,0
26,v,13,1.0500952699672588,2,MAP_SCADA,0
27,teta,13,-0.27966419198602505,2,MAP_SCADA,0
28,v,14,1.041354338609188,2,MAP_SCADA,0
29,teta,14,-0.08108602853295571,2,MAP_SCADA,0
30,v,15,1.1189864970712886,2,MAP_SCADA,0
31,teta,15,-0.2664981970643922,2,MAP_SCADA,0
0,v,0,1.0600905936465084,3,MAP_SCADA,0
1,teta,0,0.0,3,MAP_SCADA,0
2,v,1,1.0447587670519471,3,MAP_SCADA,0
3,teta,1,-0.08827112615908944,3,MAP_SCADA,0
4,v,2,1.0201182032049545,3,MAP_SCADA,0
5,teta,2,-0.2215970630316324,3,MAP_SCADA,0
6,v,3,1.0240029311018042,3,MAP_SCADA,0
7,teta,3,-0.1804715371996218,3,MAP_SCADA,0
8,v,4,1.0257071612309996,3,MAP_SCADA,0
9,teta,4,-0.15447025899205571,3,MAP_SCADA,0
10,v,5,1.0914303190028196,3,MAP_SCADA,0
11,teta,5,-0.24866860704642177,3,MAP_SCADA,0
12,v,6,1.06835798270625,3,MAP_SCADA,0
13,teta,6,-0.23165124077522553,3,MAP_SCADA,0
14,v,7,1.089998006589537,3,MAP_SCADA,0
15,teta,7,-0.23165199837652728,3,MAP_SCADA,0
16,v,8,1.0671522928869626,3,MAP_SCADA,0
17,teta,8,-0.2580584933000975,3,MAP_SCADA,0
18,v,9,1.0640878233588573,3,MAP_SCADA,0
19,teta,9,-0.2611464969625685,3,MAP_SCADA,0
20,v,10,1.0742086199444814,3,MAP_SCADA,0
21,teta,10,-0.2569626493927717,3,MAP_SCADA,0
22,v,11,1.0935823733678411,3,MAP_SCADA,0
23,teta,11,-0.2740344687662563,3,MAP_SCADA,0
24,v,12,1.0767309224301957,3,MAP_SCADA,0
25,teta,12,-0.2654960860555561,3,MAP_SCADA,0
26,v,13,1.0537576941308482,3,MAP_SCADA,0
27,teta,13,-0.27805154846301944,3,MAP_SCADA,0
28,v,14,1.0446074548885096,3,MAP_SCADA,0
29,teta,14,-0.08327100655817171,3,MAP_SCADA,0
30,v,15,1.1224556675880317,3,MAP_SCADA,0
31,teta,15,-0.2647849131299755,3,MAP_SCADA,0
0,v,0,1.0602975924260853,4,MAP_SCADA,0
1,teta,0,0.0,4,MAP_SCADA,0
2,v,1,1.0452983679091665,4,MAP_SCADA,0
3,teta,1,-0.08665595811058255,4,MAP_SCADA,0
4,v,2,1.020428308669165,4,MAP_SCADA,0
5,teta,2,-0.21820955093295685,4,MAP_SCADA,0
6,v,3,1.0242905599801646,4,MAP_SCADA,0
7,teta,3,-0.17895542179056403,4,MAP_SCADA,0
8,v,4,1.0260331347829603,4,MAP_SCADA,0
9,teta,4,-0.15313739078703423,4,MAP_SCADA,0
10,v,5,1.0916734085643436,4,MAP_SCADA,0
11,teta,5,-0.24748339686179952,4,MAP_SCADA,0
12,v,6,1.0686497277195817,4,MAP_SCADA,0
13,teta,6,-0.23046543239901998,4,MAP_SCADA,0
14,v,7,1.090323338674913,4,MAP_SCADA,0
15,teta,7,-0.23046530164107842,4,MAP_SCADA,0
16,v,8,1.0674363082895646,4,MAP_SCADA,0
17,teta,8,-0.2570439654359504,4,MAP_SCADA,0
18,v,9,1.0643163904856248,4,MAP_SCADA,0
19,teta,9,-0.26007298615669144,4,MAP_SCADA,0
20,v,10,1.074379206304725,4,MAP_SCADA,0
21,teta,10,-0.2558560509198878,4,MAP_SCADA,0
22,v,11,1.0937864849051828,4,MAP_SCADA,0
23,teta,11,-0.2731864453026745,4,MAP_SCADA,0
24,v,12,1.0768502872729828,4,MAP_SCADA,0
25,teta,12,-0.2645546461817153,4,MAP_SCADA,0
26,v,13,1.053964175174297,4,MAP_SCADA,0
27,teta,13,-0.27710196452302577,4,MAP_SCADA,0
28,v,14,1.0451029256815445,4,MAP_SCADA,0
29,teta,14,-0.08008470613771748,4,MAP_SCADA,0
30,v,15,1.12272703940057,4,MAP_SCADA,0
31,teta,15,-0.2639431132041747,4,MAP_SCADA,0
0,v,0,1.05975318499475,5,MAP_SCADA,0
1,teta,0,0.0,5,MAP_SCADA,0
2,v,1,1.0446715837098492,5,MAP_SCADA,0
3,teta,1,-0.08757539189788299,5,MAP_SCADA,0
4,v,2,1.020118989931924,5,MAP_SCADA,0
5,teta,2,-0.2204326634905014,5,MAP_SCADA,0
6,v,3,1.0236344299861855,5,MAP_SCADA,0
7,teta,3,-0.1804493827352394,5,MAP_SCADA,0
8,v,4,1.0253714379533048,5,MAP_SCADA,0
9,teta,4,-0.15438884630616712,5,MAP_SCADA,0
10,v,5,1.091129895364117,5,MAP_SCADA,0
11,teta,5,-0.2491916533433758,5,MAP_SCADA,0
12,v,6,1.067967655492308,5,MAP_SCADA,0
13,teta,6,-0.2320146386858087,5,MAP_SCADA,0
14,v,7,1.0896202718991264,5,MAP_SCADA,0
15,teta,7,-0.2320149918896575,5,MAP_SCADA,0
16,v,8,1.066763117890293,5,MAP_SCADA,0
17,teta,8,-0.258621086267724,5,MAP_SCADA,0
18,v,9,1.063734053732976,5,MAP_SCADA,0
19,teta,9,-0.2616866369190705,5,MAP_SCADA,0
20,v,10,1.0738047440104135,5,MAP_SCADA,0
21,teta,10,-0.2574944732384031,5,MAP_SCADA,0
22,v,11,1.093013324069521,5,MAP_SCADA,0
23,teta,11,-0.2748926802461737,5,MAP_SCADA,0
24,v,12,1.0761733673529483,5,MAP_SCADA,0
25,teta,12,-0.2663929185656171,5,MAP_SCADA,0
26,v,13,1.0532006408997365,5,MAP_SCADA,0
27,teta,13,-0.2789106313723052,5,MAP_SCADA,0
28,v,14,1.0445229156389346,5,MAP_SCADA,0
29,teta,14,-0.08270043171335695,5,MAP_SCADA,0
30,v,15,1.1218610743764308,5,MAP_SCADA,0
31,teta,15,-0.26548316125528815,5,MAP_SCADA,0
0,v,0,1.06251386331839,6,MAP_SCADA,0
1,teta,0,0.0,6,MAP_SCADA,0
2,v,1,1.0474637340109816,6,MAP_SCADA,0
3,teta,1,-0.0870378286800529,6,MAP_SCADA,0
4,v,2,1.022494594578949,6,MAP_SCADA,0
5,teta,2,-0.21824216395409513,6,MAP_SCADA,0
6,v,3,1.0263941604115223,6,MAP_SCADA,0
7,teta,3,-0.17906690432299507,6,MAP_SCADA,0
8,v,4,1.0281783146814947,6,MAP_SCADA,0
9,teta,4,-0.15325640597248888,6,MAP_SCADA,0
10,v,5,1.0940938379980432,6,MAP_SCADA,0
11,teta,5,-0.24749225206505177,6,MAP_SCADA,0
12,v,6,1.0707809610163972,6,MAP_SCADA,0
13,teta,6,-0.2303756570507035,6,MAP_SCADA,0
14,v,7,1.0924135487049482,6,MAP_SCADA,0
15,teta,7,-0.23037541406967937,6,MAP_SCADA,0
16,v,8,1.0695764462385537,6,MAP_SCADA,0
17,teta,8,-0.2568517716542434,6,MAP_SCADA,0
18,v,9,1.0665811011927528,6,MAP_SCADA,0
19,teta,9,-0.2599183433289935,6,MAP_SCADA,0
20,v,10,1.0767049774655735,6,MAP_SCADA,0
21,teta,10,-0.2557433529171339,6,MAP_SCADA,0
22,v,11,1.0958190126896108,6,MAP_SCADA,0
23,teta,11,-0.2728864905978108,6,MAP_SCADA,0
24,v,12,1.0790296920187386,6,MAP_SCADA,0
25,teta,12,-0.26441412443820017,6,MAP_SCADA,0
26,v,13,1.0560712678595576,6,MAP_SCADA,0
27,teta,13,-0.2769308913672662,6,MAP_SCADA,0
28,v,14,1.047278173028674,6,MAP_SCADA,0
29,teta,14,-0.08064407541222239,6,MAP_SCADA,0
30,v,15,1.1245493749825037,6,MAP_SCADA,0
31,teta,15,-0.2636446531392306,6,MAP_SCADA,0
0,v,0,1.0614695348708354,7,MAP_SCADA,0
1,teta,0,0.0,7,MAP_SCADA,0
2,v,1,1.0464892957600793,7,MAP_SCADA,0
3,teta,1,-0.08654619925498362,7,MAP_SCADA,0
4,v,2,1.0217409619871078,7,MAP_SCADA,0
5,teta,2,-0.2186225378857128,7,MAP_SCADA,0
6,v,3,1.02547569677767,7,MAP_SCADA,0
7,teta,3,-0.17892688740482918,7,MAP_SCADA,0
8,v,4,1.0271917244929805,7,MAP_SCADA,0
9,teta,4,-0.15311780861814944,7,MAP_SCADA,0
10,v,5,1.0928688841766714,7,MAP_SCADA,0
11,teta,5,-0.24766443437419158,7,MAP_SCADA,0
12,v,6,1.069823565403053,7,MAP_SCADA,0
13,teta,6,-0.2304750176472794,7,MAP_SCADA,0
14,v,7,1.0914673488093638,7,MAP_SCADA,0
15,teta,7,-0.2304747261450311,7,MAP_SCADA,0
16,v,8,1.068611752686807,7,MAP_SCADA,0
17,teta,8,-0.25707479382695847,7,MAP_SCADA,0
18,v,9,1.0655488177824066,7,MAP_SCADA,0
19,teta,9,-0.26020364343539515,7,MAP_SCADA,0
20,v,10,1.075577340400047,7,MAP_SCADA,0
21,teta,10,-0.2560630599146263,7,MAP_SCADA,0
22,v,11,1.0950648090013757,7,MAP_SCADA,0
23,teta,11,-0.27337601953472684,7,MAP_SCADA,0
24,v,12,1.0782159060683747,7,MAP_SCADA,0
25,teta,12,-0.2648054935386656,7,MAP_SCADA,0
26,v,13,1.05513368147984,7,MAP_SCADA,0
27,teta,13,-0.27720657512496677,7,MAP_SCADA,0
28,v,14,1.046313689735991,7,MAP_SCADA,0
29,teta,14,-0.08073204979708312,7,MAP_SCADA,0
30,v,15,1.1239451617482146,7,MAP_SCADA,0
31,teta,15,-0.2641734857725336,7,MAP_SCADA,0
0,v,0,1.0601151204141157,8,MAP_SCADA,0
1,teta,0,0.0,8,MAP_SCADA,0
2,v,1,1.0451964628033097,8,MAP_SCADA,0
3,teta,1,-0.0871167046395296,8,MAP_SCADA,0
4,v,2,1.020120368673447,8,MAP_SCADA,0
5,teta,2,-0.21956509241332,8,MAP_SCADA,0
6,v,3,1.0240152597298584,8,MAP_SCADA,0
7,teta,3,-0.17971297101626077,8,MAP_SCADA,0
8,v,4,1.0257793531969692,8,MAP_SCADA,0
9,teta,4,-0.1537556368001142,8,MAP_SCADA,0
10,v,5,1.0914549099183923,8,MAP_SCADA,0
11,teta,5,-0.24827422072455302,8,MAP_SCADA,0
12,v,6,1.068398851222434,8,MAP_SCADA,0
13,teta,6,-0.23126344917520889,8,MAP_SCADA,0
14,v,7,1.090091471648194,8,MAP_SCADA,0
15,teta,7,-0.23126342545122958,8,MAP_SCADA,0
16,v,8,1.0671910918921301,8,MAP_SCADA,0
17,teta,8,-0.25786174191588934,8,MAP_SCADA,0
18,v,9,1.064112303476542,8,MAP_SCADA,0
19,teta,9,-0.26090903393028697,8,MAP_SCADA,0
20,v,10,1.074183127684845,8,MAP_SCADA,0
21,teta,10,-0.25665508152992356,8,MAP_SCADA,0
22,v,11,1.0935835394556581,8,MAP_SCADA,0
23,teta,11,-0.2741513573294353,8,MAP_SCADA,0
24,v,12,1.0767130100218458,8,MAP_SCADA,0
25,teta,12,-0.2656477618153154,8,MAP_SCADA,0
26,v,13,1.053595212379801,8,MAP_SCADA,0
27,teta,13,-0.27815263940262996,8,MAP_SCADA,0
28,v,14,1.0449964031657122,8,MAP_SCADA,0
29,teta,14,-0.08023175906978768,8,MAP_SCADA,0
30,v,15,1.122370488289155,8,MAP_SCADA,0
31,teta,15,-0.26486916110838,8,MAP_SCADA,0
0,v,0,1.0601617098711744,9,MAP_SCADA,0
1,teta,0,0.0,9,MAP_SCADA,0
2,v,1,1.0453122326651605,9,MAP_SCADA,0
3,teta,1,-0.08696659761595278,9,MAP_SCADA,0
4,v,2,1.0195839159561797,9,MAP_SCADA,0
5,teta,2,-0.2168845769553201,9,MAP_SCADA,0
6,v,3,1.0240961714880066,9,MAP_SCADA,0
7,teta,3,-0.17852717766720097,9,MAP_SCADA,0
8,v,4,1.0259086466333716,9,MAP_SCADA,0
9,teta,4,-0.15287200104672652,9,MAP_SCADA,0
10,v,5,1.0915903592125507,9,MAP_SCADA,0
11,teta,5,-0.24702117044911026,9,MAP_SCADA,0
12,v,6,1.0683784363068283,9,MAP_SCADA,0
13,teta,6,-0.2299357968828626,9,MAP_SCADA,0
14,v,7,1.0899677134004468,9,MAP_SCADA,0
15,teta,7,-0.22993641836378528,9,MAP_SCADA,0
16,v,8,1.067174972711354,9,MAP_SCADA,0
17,teta,8,-0.25646302806812027,9,MAP_SCADA,0
18,v,9,1.0641447540220195,9,MAP_SCADA,0
19,teta,9,-0.25952963545740504,9,MAP_SCADA,0
20,v,10,1.0742084464674182,9,MAP_SCADA,0
21,teta,10,-0.25541093057041364,9,MAP_SCADA,0
22,v,11,1.0935266389649234,9,MAP_SCADA,0
23,teta,11,-0.2730541658877435,9,MAP_SCADA,0
24,v,12,1.0766638182884833,9,MAP_SCADA,0
25,teta,12,-0.26440315356446575,9,MAP_SCADA,0
26,v,13,1.053646840409866,9,MAP_SCADA,0
27,teta,13,-0.27666984610911577,9,MAP_SCADA,0
28,v,14,1.0450357801178065,9,MAP_SCADA,0
29,teta,14,-0.0767655091021044,9,MAP_SCADA,0
30,v,15,1.122447928965045,9,MAP_SCADA,0
31,teta,15,-0.2637880149231044,9,MAP_SCADA,0
0,v,0,1.0626955422003184,10,MAP_SCADA,0
1,teta,0,0.0,10,MAP_SCADA,0
2,v,1,1.0478639067456679,10,MAP_SCADA,0
3,teta,1,-0.08604723622024005,10,MAP_SCADA,0
4,v,2,1.0225865194306507,10,MAP_SCADA,0
5,teta,2,-0.21607943636703406,10,MAP_SCADA,0
6,v,3,1.0266575095103758,10,MAP_SCADA,0
7,teta,3,-0.17804738605821446,10,MAP_SCADA,0
8,v,4,1.0284321054715726,10,MAP_SCADA,0
9,teta,4,-0.15241369063792384,10,MAP_SCADA,0
10,v,5,1.094183679598396,10,MAP_SCADA,0
11,teta,5,-0.24675957860802109,10,MAP_SCADA,0
12,v,6,1.0711334865118038,10,MAP_SCADA,0
13,teta,6,-0.22950210205393423,10,MAP_SCADA,0
14,v,7,1.0928432634141838,10,MAP_SCADA,0
15,teta,7,-0.22950184569434515,10,MAP_SCADA,0
16,v,8,1.0699310902398644,10,MAP_SCADA,0
17,teta,8,-0.25605150427846396,10,MAP_SCADA,0
18,v,9,1.0669372925038858,10,MAP_SCADA,0
19,teta,9,-0.2591078011191733,10,MAP_SCADA,0
20,v,10,1.0769626467184195,10,MAP_SCADA,0
21,teta,10,-0.2549440635424881,10,MAP_SCADA,0
22,v,11,1.0961580941845184,10,MAP_SCADA,0
23,teta,11,-0.2720843596450329,10,MAP_SCADA,0
24,v,12,1.0793435850220907,10,MAP_SCADA,0
25,teta,12,-0.26365999862943007,10,MAP_SCADA,0
26,v,13,1.0564297614586786,10,MAP_SCADA,0
27,teta,13,-0.2760614091143744,10,MAP_SCADA,0
28,v,14,1.0476295020768387,10,MAP_SCADA,0
29,teta,14,-0.07782856467202327,10,MAP_SCADA,0
30,v,15,1.1249217208617701,10,MAP_SCADA,0
31,teta,15,-0.26278755561424477,10,MAP_SCADA,0
0,v,0,1.059515297398914,11,MAP_SCADA,0
1,teta,0,0.0,11,MAP_SCADA,0
2,v,1,1.0445340592706027,11,MAP_SCADA,0
3,teta,1,-0.08669116757730981,11,MAP_SCADA,0
4,v,2,1.0198933464664148,11,MAP_SCADA,0
5,teta,2,-0.22019793292026857,11,MAP_SCADA,0
6,v,3,1.0234713395745503,11,MAP_SCADA,0
7,teta,3,-0.17988828763102213,11,MAP_SCADA,0
8,v,4,1.0251992768770186,11,MAP_SCADA,0
9,teta,4,-0.15385969095984203,11,MAP_SCADA,0
10,v,5,1.090934473978893,11,MAP_SCADA,0
11,teta,5,-0.24867694881258706,11,MAP_SCADA,0
12,v,6,1.0678669978805004,11,MAP_SCADA,0
13,teta,6,-0.2314733388551318,11,MAP_SCADA,0
14,v,7,1.0896057185138313,11,MAP_SCADA,0
15,teta,7,-0.23147363161683907,11,MAP_SCADA,0
16,v,8,1.066644117288674,11,MAP_SCADA,0
17,teta,8,-0.2580887603398753,11,MAP_SCADA,0
18,v,9,1.0635857355846476,11,MAP_SCADA,0
19,teta,9,-0.2612097628514157,11,MAP_SCADA,0
20,v,10,1.0736554732155765,11,MAP_SCADA,0
21,teta,10,-0.2570871724580755,11,MAP_SCADA,0
22,v,11,1.092945301576177,11,MAP_SCADA,0
23,teta,11,-0.2744181411941186,11,MAP_SCADA,0
24,v,12,1.0761386130792316,11,MAP_SCADA,0
25,teta,12,-0.2658672522348594,11,MAP_SCADA,0
26,v,13,1.0531428913272924,11,MAP_SCADA,0
27,teta,13,-0.2782459063472206,11,MAP_SCADA,0
28,v,14,1.0443806648948444,11,MAP_SCADA,0
29,teta,14,-0.08164081145458876,11,MAP_SCADA,0
30,v,15,1.1217237615725821,11,MAP_SCADA,0
31,teta,15,-0.26515911094798705,11,MAP_SCADA,0
0,v,0,1.0618177592487363,12,MAP_SCADA,0
1,teta,0,0.0,12,MAP_SCADA,0
2,v,1,1.0468785070887476,12,MAP_SCADA,0
3,teta,1,-0.08650573182702004,12,MAP_SCADA,0
4,v,2,1.0218409988152977,12,MAP_SCADA,0
5,teta,2,-0.21852905933452546,12,MAP_SCADA,0
6,v,3,1.0257260612039563,12,MAP_SCADA,0
7,teta,3,-0.17902640459431335,12,MAP_SCADA,0
8,v,4,1.027504812002303,12,MAP_SCADA,0
9,teta,4,-0.15314654914290246,12,MAP_SCADA,0
10,v,5,1.0932556509967055,12,MAP_SCADA,0
11,teta,5,-0.2473089232289385,12,MAP_SCADA,0
12,v,6,1.0700997899460418,12,MAP_SCADA,0
13,teta,6,-0.23035797970935665,12,MAP_SCADA,0
14,v,7,1.0917290190269324,12,MAP_SCADA,0
15,teta,7,-0.2303579353614337,12,MAP_SCADA,0
16,v,8,1.0688986542069603,12,MAP_SCADA,0
17,teta,8,-0.2568452801568361,12,MAP_SCADA,0
18,v,9,1.0658529388193712,12,MAP_SCADA,0
19,teta,9,-0.2598543793398686,12,MAP_SCADA,0
20,v,10,1.075957003308569,12,MAP_SCADA,0
21,teta,10,-0.255644311101694,12,MAP_SCADA,0
22,v,11,1.094963804053946,12,MAP_SCADA,0
23,teta,11,-0.27315948726733774,12,MAP_SCADA,0
24,v,12,1.0782620099755271,12,MAP_SCADA,0
25,teta,12,-0.2646539364547561,12,MAP_SCADA,0
26,v,13,1.0553528148368816,12,MAP_SCADA,0
27,teta,13,-0.2770129416275785,12,MAP_SCADA,0
28,v,14,1.0466875217776752,12,MAP_SCADA,0
29,teta,14,-0.07993427544870686,12,MAP_SCADA,0
30,v,15,1.1237050734375664,12,MAP_SCADA,0
31,teta,15,-0.2638222347190546,12,MAP_SCADA,0
0,v,0,1.0605337919005182,13,MAP_SCADA,0
1,teta,0,0.0,13,MAP_SCADA,0
2,v,1,1.045444889499942,13,MAP_SCADA,0
3,teta,1,-0.08728056788561017,13,MAP_SCADA,0
4,v,2,1.020651065378911,13,MAP_SCADA,0
5,teta,2,-0.221204526838641,13,MAP_SCADA,0
6,v,3,1.0244390744067364,13,MAP_SCADA,0
7,teta,3,-0.18017520269500292,13,MAP_SCADA,0
8,v,4,1.0261619370959487,13,MAP_SCADA,0
9,teta,4,-0.15413644779861224,13,MAP_SCADA,0
10,v,5,1.0919054139755677,13,MAP_SCADA,0
11,teta,5,-0.24873178579316482,13,MAP_SCADA,0
12,v,6,1.068787675627521,13,MAP_SCADA,0
13,teta,6,-0.23172247454696424,13,MAP_SCADA,0
14,v,7,1.0904534120596312,13,MAP_SCADA,0
15,teta,7,-0.2317231440016464,13,MAP_SCADA,0
16,v,8,1.0675736132075946,13,MAP_SCADA,0
17,teta,8,-0.25832014591180663,13,MAP_SCADA,0
18,v,9,1.0645485402930628,13,MAP_SCADA,0
19,teta,9,-0.26144039175031647,13,MAP_SCADA,0
20,v,10,1.074594724750764,13,MAP_SCADA,0
21,teta,10,-0.25722446153214923,13,MAP_SCADA,0
22,v,11,1.093638388400308,13,MAP_SCADA,0
23,teta,11,-0.27444964461993615,13,MAP_SCADA,0
24,v,12,1.0769857472414932,13,MAP_SCADA,0
25,teta,12,-0.2660112036341312,13,MAP_SCADA,0
26,v,13,1.0540103234685962,13,MAP_SCADA,0
27,teta,13,-0.27854919863691524,13,MAP_SCADA,0
28,v,14,1.0452839085109271,13,MAP_SCADA,0
29,teta,14,-0.0819201402556198,13,MAP_SCADA,0
30,v,15,1.1222785139873908,13,MAP_SCADA,0
31,teta,15,-0.2651208834382055,13,MAP_SCADA,0
0,v,0,1.0581238109777604,14,MAP_SCADA,0
1,teta,0,0.0,14,MAP_SCADA,0
2,v,1,1.0428988026716484,14,MAP_SCADA,0
3,teta,1,-0.08777931520535921,14,MAP_SCADA,0
4,v,2,1.0192323569390223,14,MAP_SCADA,0
5,teta,2,-0.22658194302481713,14,MAP_SCADA,0
6,v,3,1.0220577433206495,14,MAP_SCADA,0
7,teta,3,-0.18250374660104235,14,MAP_SCADA,0
8,v,4,1.0236954670920948,14,MAP_SCADA,0
9,teta,4,-0.15589740197331117,14,MAP_SCADA,0
10,v,5,1.0893621710609303,14,MAP_SCADA,0
11,teta,5,-0.25103042465629766,14,MAP_SCADA,0
12,v,6,1.0663662484141183,14,MAP_SCADA,0
13,teta,6,-0.23410019209421637,14,MAP_SCADA,0
14,v,7,1.088046438119175,14,MAP_SCADA,0
15,teta,7,-0.23410012777003425,14,MAP_SCADA,0
16,v,8,1.0651497722632433,14,MAP_SCADA,0
17,teta,8,-0.26072224456861615,14,MAP_SCADA,0
18,v,9,1.0620724101228853,14,MAP_SCADA,0
19,teta,9,-0.2638065549377776,14,MAP_SCADA,0
20,v,10,1.072095826665291,14,MAP_SCADA,0
21,teta,10,-0.25963162129585865,14,MAP_SCADA,0
22,v,11,1.0914825190345594,14,MAP_SCADA,0
23,teta,11,-0.27722404560677705,14,MAP_SCADA,0
24,v,12,1.0745462704924538,14,MAP_SCADA,0
25,teta,12,-0.26863879177667294,14,MAP_SCADA,0
26,v,13,1.0514757898345308,14,MAP_SCADA,0
27,teta,13,-0.2811715299099433,14,MAP_SCADA,0
28,v,14,1.0429139373490395,14,MAP_SCADA,0
29,teta,14,-0.08823930701116998,14,MAP_SCADA,0
30,v,15,1.1204145306797588,14,MAP_SCADA,0
31,teta,15,-0.26793880246838225,14,MAP_SCADA,0
0,v,0,1.0593909474895813,15,MAP_SCADA,0
1,teta,0,0.0,15,MAP_SCADA,0
2,v,1,1.0445474669252237,15,MAP_SCADA,0
3,teta,1,-0.08673322744688139,15,MAP_SCADA,0
4,v,2,1.019367533854019,15,MAP_SCADA,0
5,teta,2,-0.21862429511652448,15,MAP_SCADA,0
6,v,3,1.0233758698526711,15,MAP_SCADA,0
7,teta,3,-0.1791310558702859,15,MAP_SCADA,0
8,v,4,1.025126904611426,15,MAP_SCADA,0
9,teta,4,-0.15329648457095563,15,MAP_SCADA,0
10,v,5,1.0906641668970811,15,MAP_SCADA,0
11,teta,5,-0.24776831459165008,15,MAP_SCADA,0
12,v,6,1.0676807748119987,15,MAP_SCADA,0
13,teta,6,-0.23065004930079808,15,MAP_SCADA,0
14,v,7,1.0893164530196828,15,MAP_SCADA,0
15,teta,7,-0.230650367383745,15,MAP_SCADA,0
16,v,8,1.0664727161049028,15,MAP_SCADA,0
17,teta,8,-0.2572331865101052,15,MAP_SCADA,0
18,v,9,1.0633873392244952,15,MAP_SCADA,0
19,teta,9,-0.26032499026946676,15,MAP_SCADA,0
20,v,10,1.0733634095867746,15,MAP_SCADA,0
21,teta,10,-0.256123810386007,15,MAP_SCADA,0
22,v,11,1.0927518760056407,15,MAP_SCADA,0
23,teta,11,-0.27377586586117,15,MAP_SCADA,0
24,v,12,1.0758941531904695,15,MAP_SCADA,0
25,teta,12,-0.2651822663667526,15,MAP_SCADA,0
26,v,13,1.052898214115986,15,MAP_SCADA,0
27,teta,13,-0.27754332066441184,15,MAP_SCADA,0
28,v,14,1.0443382016549423,15,MAP_SCADA,0
29,teta,14,-0.07937805929762692,15,MAP_SCADA,0
30,v,15,1.1216977487248754,15,MAP_SCADA,0
31,teta,15,-0.26446731720508027,15,MAP_SCADA,0
0,v,0,1.0612688987099606,16,MAP_SCADA,0
1,teta,0,0.0,16,MAP_SCADA,0
2,v,1,1.0462198334590276,16,MAP_SCADA,0
3,teta,1,-0.08714402699347018,16,MAP_SCADA,0
4,v,2,1.0213536744238974,16,MAP_SCADA,0
5,teta,2,-0.2192169664198115,16,MAP_SCADA,0
6,v,3,1.025205280102973,16,MAP_SCADA,0
7,teta,3,-0.17937636822003575,16,MAP_SCADA,0
8,v,4,1.0269410847638438,16,MAP_SCADA,0
9,teta,4,-0.15350682474650865,16,MAP_SCADA,0
10,v,5,1.0926412838613802,16,MAP_SCADA,0
11,teta,5,-0.24791493215308105,16,MAP_SCADA,0
12,v,6,1.0695057424178578,16,MAP_SCADA,0
13,teta,6,-0.23080636633805007,16,MAP_SCADA,0
14,v,7,1.0910983174817113,16,MAP_SCADA,0
15,teta,7,-0.23080539027241456,16,MAP_SCADA,0
16,v,8,1.06829882073112,16,MAP_SCADA,0
17,teta,8,-0.25734643471928326,16,MAP_SCADA,0
18,v,9,1.0652600189772055,16,MAP_SCADA,0
19,teta,9,-0.2604129880894825,16,MAP_SCADA,0
20,v,10,1.075337790420489,16,MAP_SCADA,0
21,teta,10,-0.25625885351870575,16,MAP_SCADA,0
22,v,11,1.0944989816196253,16,MAP_SCADA,0
23,teta,11,-0.2739324080237327,16,MAP_SCADA,0
24,v,12,1.0776339841720592,16,MAP_SCADA,0
25,teta,12,-0.2654202394909992,16,MAP_SCADA,0
26,v,13,1.0546592621099462,16,MAP_SCADA,0
27,teta,13,-0.27767902369225933,16,MAP_SCADA,0
28,v,14,1.0460420026217143,16,MAP_SCADA,0
29,teta,14,-0.0811217597498963,16,MAP_SCADA,0
30,v,15,1.1233742041884647,16,MAP_SCADA,0
31,teta,15,-0.2645892240739341,16,MAP_SCADA,0
0,v,0,1.0584304399586888,17,MAP_SCADA,0
1,teta,0,0.0,17,MAP_SCADA,0
2,v,1,1.0434819447218584,17,MAP_SCADA,0
3,teta,1,-0.08700782423946948,17,MAP_SCADA,0
4,v,2,1.0185327538185185,17,MAP_SCADA,0
5,teta,2,-0.2216531852209095,17,MAP_SCADA,0
6,v,3,1.0223829705642908,17,MAP_SCADA,0
7,teta,3,-0.1802477219197494,17,MAP_SCADA,0
8,v,4,1.024126249416563,17,MAP_SCADA,0
9,teta,4,-0.15410776403597784,17,MAP_SCADA,0
10,v,5,1.089719157651485,17,MAP_SCADA,0
11,teta,5,-0.24878258843215909,17,MAP_SCADA,0
12,v,6,1.06671466022465,17,MAP_SCADA,0
13,teta,6,-0.23187618206592858,17,MAP_SCADA,0
14,v,7,1.0884060198092498,17,MAP_SCADA,0
15,teta,7,-0.2318758611982165,17,MAP_SCADA,0
16,v,8,1.0655012858069095,17,MAP_SCADA,0
17,teta,8,-0.2585145915404958,17,MAP_SCADA,0
18,v,9,1.0625030547719174,17,MAP_SCADA,0
19,teta,9,-0.26154636157949823,17,MAP_SCADA,0
20,v,10,1.0725957217280062,17,MAP_SCADA,0
21,teta,10,-0.2572799382976002,17,MAP_SCADA,0
22,v,11,1.0917278403194346,17,MAP_SCADA,0
23,teta,11,-0.2748486984087768,17,MAP_SCADA,0
24,v,12,1.074839147989983,17,MAP_SCADA,0
25,teta,12,-0.26624419928903376,17,MAP_SCADA,0
26,v,13,1.0518677604059445,17,MAP_SCADA,0
27,teta,13,-0.27890408557978397,17,MAP_SCADA,0
28,v,14,1.043316989347362,17,MAP_SCADA,0
29,teta,14,-0.08136075733758666,17,MAP_SCADA,0
30,v,15,1.1206465093059021,17,MAP_SCADA,0
31,teta,15,-0.2655709276964508,17,MAP_SCADA,0
0,v,0,1.0577644483163893,18,MAP_SCADA,0
1,teta,0,0.0,18,MAP_SCADA,0
2,v,1,1.0427237676502008,18,MAP_SCADA,0
3,teta,1,-0.08685250867609631,18,MAP_SCADA,0
4,v,2,1.0182210448154945,18,MAP_SCADA,0
5,teta,2,-0.22239811681633695,18,MAP_SCADA,0
6,v,3,1.0217618954974863,18,MAP_SCADA,0
7,teta,3,-0.1806561372570273,18,MAP_SCADA,0
8,v,4,1.023459625400432,18,MAP_SCADA,0
9,teta,4,-0.15446086121152072,18,MAP_SCADA,0
10,v,5,1.0891803778692162,18,MAP_SCADA,0
11,teta,5,-0.24958974975128911,18,MAP_SCADA,0
12,v,6,1.0661353564478824,18,MAP_SCADA,0
13,teta,6,-0.23245201396302156,18,MAP_SCADA,0
14,v,7,1.0878908474344289,18,MAP_SCADA,0
15,teta,7,-0.23245175829915476,18,MAP_SCADA,0
16,v,8,1.064917763882983,18,MAP_SCADA,0
17,teta,8,-0.2591751052884634,18,MAP_SCADA,0
18,v,9,1.061776581166017,18,MAP_SCADA,0
19,teta,9,-0.2622798454108413,18,MAP_SCADA,0
20,v,10,1.071770939837087,18,MAP_SCADA,0
21,teta,10,-0.2580444082796183,18,MAP_SCADA,0
22,v,11,1.0914113253783084,18,MAP_SCADA,0
23,teta,11,-0.2754837007934958,18,MAP_SCADA,0
24,v,12,1.0744574542802867,18,MAP_SCADA,0
25,teta,12,-0.26689058114232783,18,MAP_SCADA,0
26,v,13,1.0513785138147258,18,MAP_SCADA,0
27,teta,13,-0.27946997784962696,18,MAP_SCADA,0
28,v,14,1.042598308850999,18,MAP_SCADA,0
29,teta,14,-0.08278107512356692,18,MAP_SCADA,0
30,v,15,1.1204320487714587,18,MAP_SCADA,0
31,teta,15,-0.26601591028817184,18,MAP_SCADA,0
0,v,0,1.0600898908889789,19,MAP_SCADA,0
1,teta,0,0.0,19,MAP_SCADA,0
2,v,1,1.0451099883405346,19,MAP_SCADA,0
3,teta,1,-0.08728126366310668,19,MAP_SCADA,0
4,v,2,1.0203290526211652,19,MAP_SCADA,0
5,teta,2,-0.22113753710168674,19,MAP_SCADA,0
6,v,3,1.0240013000108439,19,MAP_SCADA,0
7,teta,3,-0.18041902362704318,19,MAP_SCADA,0
8,v,4,1.025733709260861,19,MAP_SCADA,0
9,teta,4,-0.15433538437666142,19,MAP_SCADA,0
10,v,5,1.091467797549749,19,MAP_SCADA,0
11,teta,5,-0.249239575194614,19,MAP_SCADA,0
12,v,6,1.0683524471119932,19,MAP_SCADA,0
13,teta,6,-0.232092036030274,19,MAP_SCADA,0
14,v,7,1.0900301397244132,19,MAP_SCADA,0
15,teta,7,-0.23209204580627657,19,MAP_SCADA,0
16,v,8,1.0671423816027237,19,MAP_SCADA,0
17,teta,8,-0.2587543432994886,19,MAP_SCADA,0
18,v,9,1.0640425346741929,19,MAP_SCADA,0
19,teta,9,-0.2618202445998143,19,MAP_SCADA,0
20,v,10,1.0740855221673173,19,MAP_SCADA,0
21,teta,10,-0.25758683003868504,19,MAP_SCADA,0
22,v,11,1.0935367645251144,19,MAP_SCADA,0
23,teta,11,-0.2751160252145777,19,MAP_SCADA,0
24,v,12,1.0766980258700158,19,MAP_SCADA,0
25,teta,12,-0.26652204825786796,19,MAP_SCADA,0
26,v,13,1.053572659282068,19,MAP_SCADA,0
27,teta,13,-0.2789294807891971,19,MAP_SCADA,0
28,v,14,1.044953599334247,19,MAP_SCADA,0
29,teta,14,-0.08204480891815948,19,MAP_SCADA,0
30,v,15,1.122364531491513,19,MAP_SCADA,0
31,teta,15,-0.2659074266393392,19,MAP_SCADA,0
0,v,0,1.0591721498908093,20,MAP_SCADA,0
1,teta,0,0.0,20,MAP_SCADA,0
2,v,1,1.044085941740471,20,MAP_SCADA,0
3,teta,1,-0.08687980209292365,20,MAP_SCADA,0
4,v,2,1.01948756087674,20,MAP_SCADA,0
5,teta,2,-0.22112027173891682,20,MAP_SCADA,0
6,v,3,1.023189885785428,20,MAP_SCADA,0
7,teta,3,-0.1799323396072327,20,MAP_SCADA,0
8,v,4,1.0248827663107727,20,MAP_SCADA,0
9,teta,4,-0.15393198036146438,20,MAP_SCADA,0
10,v,5,1.090637044861766,20,MAP_SCADA,0
11,teta,5,-0.24883431487321597,20,MAP_SCADA,0
12,v,6,1.0675670908515575,20,MAP_SCADA,0
13,teta,6,-0.23165715155048244,20,MAP_SCADA,0
14,v,7,1.0892969647660304,20,MAP_SCADA,0
15,teta,7,-0.23165660036820118,20,MAP_SCADA,0
16,v,8,1.0663490882953626,20,MAP_SCADA,0
17,teta,8,-0.25834521752386086,20,MAP_SCADA,0
18,v,9,1.0633115193980631,20,MAP_SCADA,0
19,teta,9,-0.2614412040081274,20,MAP_SCADA,0
20,v,10,1.073395011724865,20,MAP_SCADA,0
21,teta,10,-0.25726068634867416,20,MAP_SCADA,0
22,v,11,1.0927713111812762,20,MAP_SCADA,0
23,teta,11,-0.2746485411674135,20,MAP_SCADA,0
24,v,12,1.0758997575107987,20,MAP_SCADA,0
25,teta,12,-0.2660399626875678,20,MAP_SCADA,0
26,v,13,1.052898035393825,20,MAP_SCADA,0
27,teta,13,-0.2784361514523817,20,MAP_SCADA,0
28,v,14,1.043948621677363,20,MAP_SCADA,0
29,teta,14,-0.08234938043922756,20,MAP_SCADA,0
30,v,15,1.1216743498591126,20,MAP_SCADA,0
31,teta,15,-0.2653522980134735,20,MAP_SCADA,0
0,v,0,1.0610030469538452,21,MAP_SCADA,0
1,teta,0,0.0,21,MAP_SCADA,0
2,v,1,1.046040506061205,21,MAP_SCADA,0
3,teta,1,-0.08642733510610245,21,MAP_SCADA,0
4,v,2,1.0214489008887766,21,MAP_SCADA,0
5,teta,2,-0.22143798407021711,21,MAP_SCADA,0
6,v,3,1.0249345014940892,21,MAP_SCADA,0
7,teta,3,-0.18004696057718708,21,MAP_SCADA,0
8,v,4,1.02665145529169,21,MAP_SCADA,0
9,teta,4,-0.15391851329581988,21,MAP_SCADA,0
10,v,5,1.0924508769981498,21,MAP_SCADA,0
11,teta,5,-0.2486824964437184,21,MAP_SCADA,0
12,v,6,1.0693534259279163,21,MAP_SCADA,0
13,teta,6,-0.2316289687034429,21,MAP_SCADA,0
14,v,7,1.0910561136737411,21,MAP_SCADA,0
15,teta,7,-0.23162882556395864,21,MAP_SCADA,0
16,v,8,1.068149444207548,21,MAP_SCADA,0
17,teta,8,-0.2582435866675014,21,MAP_SCADA,0
18,v,9,1.0651503865695346,21,MAP_SCADA,0
19,teta,9,-0.26119835080068227,21,MAP_SCADA,0
20,v,10,1.0751862649139932,21,MAP_SCADA,0
21,teta,10,-0.25698192781728535,21,MAP_SCADA,0
22,v,11,1.0943322646141957,21,MAP_SCADA,0
23,teta,11,-0.27451396395137656,21,MAP_SCADA,0
24,v,12,1.0775288021778817,21,MAP_SCADA,0
25,teta,12,-0.26602272664564564,21,MAP_SCADA,0
26,v,13,1.0545689424003657,21,MAP_SCADA,0
27,teta,13,-0.27849329776229914,21,MAP_SCADA,0
28,v,14,1.0459191273169002,21,MAP_SCADA,0
29,teta,14,-0.08244185752632205,21,MAP_SCADA,0
30,v,15,1.1231125534811575,21,MAP_SCADA,0
31,teta,15,-0.26530664184618946,21,MAP_SCADA,0
0,v,0,1.0585231923446774,22,MAP_SCADA,0
1,teta,0,0.0,22,MAP_SCADA,0
2,v,1,1.0434265948132109,22,MAP_SCADA,0
3,teta,1,-0.08743091011883769,22,MAP_SCADA,0
4,v,2,1.0189704844210448,22,MAP_SCADA,0
5,teta,2,-0.22210225396645855,22,MAP_SCADA,0
6,v,3,1.022441328183855,22,MAP_SCADA,0
7,teta,3,-0.18088566255106453,22,MAP_SCADA,0
8,v,4,1.0241532372402633,22,MAP_SCADA,0
9,teta,4,-0.15467349482436937,22,MAP_SCADA,0
10,v,5,1.0898322576719226,22,MAP_SCADA,0
11,teta,5,-0.2495930642908619,22,MAP_SCADA,0
12,v,6,1.0667899250722688,22,MAP_SCADA,0
13,teta,6,-0.23252810732259613,22,MAP_SCADA,0
14,v,7,1.0884932097804159,22,MAP_SCADA,0
15,teta,7,-0.23252840836748678,22,MAP_SCADA,0
16,v,8,1.065577954792058,22,MAP_SCADA,0
17,teta,8,-0.2591729342238966,22,MAP_SCADA,0
18,v,9,1.0625335723563993,22,MAP_SCADA,0
19,teta,9,-0.26214822401976456,22,MAP_SCADA,0
20,v,10,1.0726240392513537,22,MAP_SCADA,0
21,teta,10,-0.25794091129602864,22,MAP_SCADA,0
22,v,11,1.0917735211659862,22,MAP_SCADA,0
23,teta,11,-0.27548803874527933,22,MAP_SCADA,0
24,v,12,1.0748658760929153,22,MAP_SCADA,0
25,teta,12,-0.2669332580521954,22,MAP_SCADA,0
26,v,13,1.0520006249441032,22,MAP_SCADA,0
27,teta,13,-0.2794410936194365,22,MAP_SCADA,0
28,v,14,1.043307287078033,22,MAP_SCADA,0
29,teta,14,-0.08353738064654558,22,MAP_SCADA,0
30,v,15,1.120819541689604,22,MAP_SCADA,0
31,teta,15,-0.266040191384527,22,MAP_SCADA,0
0,v,0,1.0605034646561602,23,MAP_SCADA,0
1,teta,0,0.0,23,MAP_SCADA,0
2,v,1,1.0454770707789796,23,MAP_SCADA,0
3,teta,1,-0.08699512218855632,23,MAP_SCADA,0
4,v,2,1.020207020747496,23,MAP_SCADA,0
5,teta,2,-0.21909130387114453,23,MAP_SCADA,0
6,v,3,1.024492345517097,23,MAP_SCADA,0
7,teta,3,-0.17893616899018353,23,MAP_SCADA,0
8,v,4,1.0262549099694775,23,MAP_SCADA,0
9,teta,4,-0.15310410527931526,23,MAP_SCADA,0
10,v,5,1.091888431033664,23,MAP_SCADA,0
11,teta,5,-0.24706055028371343,23,MAP_SCADA,0
12,v,6,1.0688330418236742,23,MAP_SCADA,0
13,teta,6,-0.23016828458511954,23,MAP_SCADA,0
14,v,7,1.0904727651619552,23,MAP_SCADA,0
15,teta,7,-0.23016791248598137,23,MAP_SCADA,0
16,v,8,1.0676169957444013,23,MAP_SCADA,0
17,teta,8,-0.2566044070569347,23,MAP_SCADA,0
18,v,9,1.0645691894810532,23,MAP_SCADA,0
19,teta,9,-0.2597227472094026,23,MAP_SCADA,0
20,v,10,1.0746059576376261,23,MAP_SCADA,0
21,teta,10,-0.2556514279347484,23,MAP_SCADA,0
22,v,11,1.0939231466912873,23,MAP_SCADA,0
23,teta,11,-0.2729976560219811,23,MAP_SCADA,0
24,v,12,1.0770163478139996,23,MAP_SCADA,0
25,teta,12,-0.2644263682658167,23,MAP_SCADA,0
26,v,13,1.0540721945664948,23,MAP_SCADA,0
27,teta,13,-0.2768446641796959,23,MAP_SCADA,0
28,v,14,1.0452604239086487,23,MAP_SCADA,0
29,teta,14,-0.07937329135783135,23,MAP_SCADA,0
30,v,15,1.122743685229031,23,MAP_SCADA,0
31,teta,15,-0.26383342573104945,23,MAP_SCADA,0
0,v,0,1.0610247681048586,24,MAP_SCADA,0
1,teta,0,0.0,24,MAP_SCADA,0
2,v,1,1.0460465023801309,24,MAP_SCADA,0
3,teta,1,-0.08649334031810806,24,MAP_SCADA,0
4,v,2,1.0205464581461892,24,MAP_SCADA,0
5,teta,2,-0.21747951194979045,24,MAP_SCADA,0
6,v,3,1.024995041175701,24,MAP_SCADA,0
7,teta,3,-0.1781496047115503,24,MAP_SCADA,0
8,v,4,1.0267694944103314,24,MAP_SCADA,0
9,teta,4,-0.15248030532294937,24,MAP_SCADA,0
10,v,5,1.0922925005669586,24,MAP_SCADA,0
11,teta,5,-0.2465389397922295,24,MAP_SCADA,0
12,v,6,1.069351601996443,24,MAP_SCADA,0
13,teta,6,-0.22943040395586226,24,MAP_SCADA,0
14,v,7,1.0909970008112704,24,MAP_SCADA,0
15,teta,7,-0.22942977192474695,24,MAP_SCADA,0
16,v,8,1.0681370365423624,24,MAP_SCADA,0
17,teta,8,-0.2558918915584006,24,MAP_SCADA,0
18,v,9,1.0650848897651142,24,MAP_SCADA,0
19,teta,9,-0.2590704201093698,24,MAP_SCADA,0
20,v,10,1.0751247604681031,24,MAP_SCADA,0
21,teta,10,-0.25486852315670266,24,MAP_SCADA,0
22,v,11,1.094559984180423,24,MAP_SCADA,0
23,teta,11,-0.2722754702507602,24,MAP_SCADA,0
24,v,12,1.0776490774364338,24,MAP_SCADA,0
25,teta,12,-0.26373182712362186,24,MAP_SCADA,0
26,v,13,1.0545612474742598,24,MAP_SCADA,0
27,teta,13,-0.2761593065983142,24,MAP_SCADA,0
28,v,14,1.0457990490700866,24,MAP_SCADA,0
29,teta,14,-0.07760870132205505,24,MAP_SCADA,0
30,v,15,1.123464095515618,24,MAP_SCADA,0
31,teta,15,-0.2629768078101754,24,MAP_SCADA,0
0,v,0,1.0594340368456678,25,MAP_SCADA,0
1,teta,0,0.0,25,MAP_SCADA,0
2,v,1,1.0444811905259348,25,MAP_SCADA,0
3,teta,1,-0.08692874373853127,25,MAP_SCADA,0
4,v,2,1.01988957416726,25,MAP_SCADA,0
5,teta,2,-0.22094684334251893,25,MAP_SCADA,0
6,v,3,1.0233965621188528,25,MAP_SCADA,0
7,teta,3,-0.18024657724376367,25,MAP_SCADA,0
8,v,4,1.025112405554465,25,MAP_SCADA,0
9,teta,4,-0.15416501969311597,25,MAP_SCADA,0
10,v,5,1.0908372217615991,25,MAP_SCADA,0
11,teta,5,-0.24897504840364285,25,MAP_SCADA,0
12,v,6,1.0677292667412028,25,MAP_SCADA,0
13,teta,6,-0.23184662130692746,25,MAP_SCADA,0
14,v,7,1.0894065023682038,25,MAP_SCADA,0
15,teta,7,-0.23184613836221063,25,MAP_SCADA,0
16,v,8,1.0665131491765913,25,MAP_SCADA,0
17,teta,8,-0.25847159273558257,25,MAP_SCADA,0
18,v,9,1.063486764555035,25,MAP_SCADA,0
19,teta,9,-0.2615159822489433,25,MAP_SCADA,0
20,v,10,1.073587295635231,25,MAP_SCADA,0
21,teta,10,-0.2573379144113142,25,MAP_SCADA,0
22,v,11,1.0927757994276595,25,MAP_SCADA,0
23,teta,11,-0.27515115999951545,25,MAP_SCADA,0
24,v,12,1.0757980108098466,25,MAP_SCADA,0
25,teta,12,-0.2664657136160165,25,MAP_SCADA,0
26,v,13,1.0528609862951241,25,MAP_SCADA,0
27,teta,13,-0.2788983750210331,25,MAP_SCADA,0
28,v,14,1.0443466953251372,25,MAP_SCADA,0
29,teta,14,-0.0824782794875242,25,MAP_SCADA,0
30,v,15,1.1218652208922593,25,MAP_SCADA,0
31,teta,15,-0.2658131194437073,25,MAP_SCADA,0
0,v,0,1.0599141934353091,26,MAP_SCADA,0
1,teta,0,0.0,26,MAP_SCADA,0
2,v,1,1.0449099120669731,26,MAP_SCADA,0
3,teta,1,-0.08694558791789338,26,MAP_SCADA,0
4,v,2,1.019578592361035,26,MAP_SCADA,0
5,teta,2,-0.21855070201687943,26,MAP_SCADA,0
6,v,3,1.0238001319674073,26,MAP_SCADA,0
7,teta,3,-0.17918009027059836,26,MAP_SCADA,0
8,v,4,1.0256032293891038,26,MAP_SCADA,0
9,teta,4,-0.15332602727006808,26,MAP_SCADA,0
10,v,5,1.091359742932939,26,MAP_SCADA,0
11,teta,5,-0.24747097128892148,26,MAP_SCADA,0
12,v,6,1.0681218607122216,26,MAP_SCADA,0
13,teta,6,-0.23046329450699052,26,MAP_SCADA,0
14,v,7,1.0897502534165053,26,MAP_SCADA,0
15,teta,7,-0.2304631487602048,26,MAP_SCADA,0
16,v,8,1.0669125383512148,26,MAP_SCADA,0
17,teta,8,-0.25692519830796623,26,MAP_SCADA,0
18,v,9,1.0639667326785867,26,MAP_SCADA,0
19,teta,9,-0.25994190583157856,26,MAP_SCADA,0
20,v,10,1.0740495137345292,26,MAP_SCADA,0
21,teta,10,-0.25577794817978305,26,MAP_SCADA,0
22,v,11,1.093388393681009,26,MAP_SCADA,0
23,teta,11,-0.27342073265548766,26,MAP_SCADA,0
24,v,12,1.0764334350007967,26,MAP_SCADA,0
25,teta,12,-0.26476594258122227,26,MAP_SCADA,0
26,v,13,1.0534015389879388,26,MAP_SCADA,0
27,teta,13,-0.27715536513667766,26,MAP_SCADA,0
28,v,14,1.0446817122594405,26,MAP_SCADA,0
29,teta,14,-0.0788513717068626,26,MAP_SCADA,0
30,v,15,1.1223633268612678,26,MAP_SCADA,0
31,teta,15,-0.264243385617527,26,MAP_SCADA,0
0,v,0,1.0584681748556974,27,MAP_SCADA,0
1,teta,0,0.0,27,MAP_SCADA,0
2,v,1,1.043490922655765,27,MAP_SCADA,0
3,teta,1,-0.08743025717829314,27,MAP_SCADA,0
4,v,2,1.0192169893523937,27,MAP_SCADA,0
5,teta,2,-0.2244508144936841,27,MAP_SCADA,0
6,v,3,1.0223929772384972,27,MAP_SCADA,0
7,teta,3,-0.18182089204298493,27,MAP_SCADA,0
8,v,4,1.024087582097497,27,MAP_SCADA,0
9,teta,4,-0.15536161986026617,27,MAP_SCADA,0
10,v,5,1.0898327077668257,27,MAP_SCADA,0
11,teta,5,-0.2507561101453744,27,MAP_SCADA,0
12,v,6,1.066733135703414,27,MAP_SCADA,0
13,teta,6,-0.23374472346868613,27,MAP_SCADA,0
14,v,7,1.0884537839238415,27,MAP_SCADA,0
15,teta,7,-0.23374448340481693,27,MAP_SCADA,0
16,v,8,1.065518554578608,27,MAP_SCADA,0
17,teta,8,-0.26053520876923547,27,MAP_SCADA,0
18,v,9,1.0624726942140192,27,MAP_SCADA,0
19,teta,9,-0.2634643608414447,27,MAP_SCADA,0
20,v,10,1.0725443072083296,27,MAP_SCADA,0
21,teta,10,-0.2591747375563175,27,MAP_SCADA,0
22,v,11,1.0920037916019494,27,MAP_SCADA,0
23,teta,11,-0.27666439364608614,27,MAP_SCADA,0
24,v,12,1.075182905160753,27,MAP_SCADA,0
25,teta,12,-0.26811748000599556,27,MAP_SCADA,0
26,v,13,1.0520025681337406,27,MAP_SCADA,0
27,teta,13,-0.2807089559909329,27,MAP_SCADA,0
28,v,14,1.043412362097149,27,MAP_SCADA,0
29,teta,14,-0.08492915591566486,27,MAP_SCADA,0
30,v,15,1.1208778534699497,27,MAP_SCADA,0
31,teta,15,-0.26729553369598896,27,MAP_SCADA,0
0,v,0,1.059211098773851,28,MAP_SCADA,0
1,teta,0,0.0,28,MAP_SCADA,0
2,v,1,1.0440936718803773,28,MAP_SCADA,0
3,teta,1,-0.08733531341763938,28,MAP_SCADA,0
4,v,2,1.0189436348528775,28,MAP_SCADA,0
5,teta,2,-0.21907739607089893,28,MAP_SCADA,0
6,v,3,1.023176732176737,28,MAP_SCADA,0
7,teta,3,-0.17923679621013422,28,MAP_SCADA,0
8,v,4,1.0249249247281382,28,MAP_SCADA,0
9,teta,4,-0.15343671893858726,28,MAP_SCADA,0
10,v,5,1.090533790943355,28,MAP_SCADA,0
11,teta,5,-0.2477734917275415,28,MAP_SCADA,0
12,v,6,1.0675573363386015,28,MAP_SCADA,0
13,teta,6,-0.23081223342968293,28,MAP_SCADA,0
14,v,7,1.08927490006758,28,MAP_SCADA,0
15,teta,7,-0.23081193502032757,28,MAP_SCADA,0
16,v,8,1.0663425113317637,28,MAP_SCADA,0
17,teta,8,-0.25742293955037304,28,MAP_SCADA,0
18,v,9,1.0633150602306836,28,MAP_SCADA,0
19,teta,9,-0.26046811795059055,28,MAP_SCADA,0
20,v,10,1.0733115672574864,28,MAP_SCADA,0
21,teta,10,-0.2562845783747992,28,MAP_SCADA,0
22,v,11,1.0923005916637225,28,MAP_SCADA,0
23,teta,11,-0.27396963752521847,28,MAP_SCADA,0
24,v,12,1.0755053567398825,28,MAP_SCADA,0
25,teta,12,-0.26540755670704436,28,MAP_SCADA,0
26,v,13,1.0527061387305034,28,MAP_SCADA,0
27,teta,13,-0.2778102804873459,28,MAP_SCADA,0
28,v,14,1.0438769281407476,28,MAP_SCADA,0
29,teta,14,-0.07979467115736043,28,MAP_SCADA,0
30,v,15,1.1211258861660816,28,MAP_SCADA,0
31,teta,15,-0.2647124532510581,28,MAP_SCADA,0
0,v,0,1.060654948724109,29,MAP_SCADA,0
1,teta,0,0.0,29,MAP_SCADA,0
2,v,1,1.045542954223024,29,MAP_SCADA,0
3,teta,1,-0.08754684067819103,29,MAP_SCADA,0
4,v,2,1.0208907658993662,29,MAP_SCADA,0
5,teta,2,-0.2213022161445402,29,MAP_SCADA,0
6,v,3,1.0245731706654106,29,MAP_SCADA,0
7,teta,3,-0.18047859267211278,29,MAP_SCADA,0
8,v,4,1.0262821899321581,29,MAP_SCADA,0
9,teta,4,-0.15438753851731968,29,MAP_SCADA,0
10,v,5,1.0920460318681877,29,MAP_SCADA,0
11,teta,5,-0.2492434173290348,29,MAP_SCADA,0
12,v,6,1.0690046789143421,29,MAP_SCADA,0
13,teta,6,-0.2321613796757201,29,MAP_SCADA,0
14,v,7,1.0907513211016773,29,MAP_SCADA,0
15,teta,7,-0.23216146352416397,29,MAP_SCADA,0
16,v,8,1.0677880854793838,29,MAP_SCADA,0
17,teta,8,-0.25882743735436264,29,MAP_SCADA,0
18,v,9,1.0647510315873832,29,MAP_SCADA,0
19,teta,9,-0.26187974002009196,29,MAP_SCADA,0
20,v,10,1.0748899771152063,29,MAP_SCADA,0
21,teta,10,-0.25770926058173493,29,MAP_SCADA,0
22,v,11,1.0940405582371633,29,MAP_SCADA,0
23,teta,11,-0.27527451520397334,29,MAP_SCADA,0
24,v,12,1.0772392990405695,29,MAP_SCADA,0
25,teta,12,-0.26676007957933734,29,MAP_SCADA,0
26,v,13,1.0542001887965808,29,MAP_SCADA,0
27,teta,13,-0.2790857318760985,29,MAP_SCADA,0
28,v,14,1.0454043670126572,29,MAP_SCADA,0
29,teta,14,-0.0829364903559569,29,MAP_SCADA,0
30,v,15,1.1228309257968556,29,MAP_SCADA,0
31,teta,15,-0.2660293195705962,29,MAP_SCADA,0
0,v,0,1.0626193189278557,30,MAP_SCADA,0
1,teta,0,0.0,30,MAP_SCADA,0
2,v,1,1.0474571646141333,30,MAP_SCADA,0
3,teta,1,-0.08728399269711472,30,MAP_SCADA,0
4,v,2,1.0227314159425491,30,MAP_SCADA,0
5,teta,2,-0.22039925236672647,30,MAP_SCADA,0
6,v,3,1.0264954710393726,30,MAP_SCADA,0
7,teta,3,-0.1797784246666834,30,MAP_SCADA,0
8,v,4,1.0282314904802885,30,MAP_SCADA,0
9,teta,4,-0.15375823786801057,30,MAP_SCADA,0
10,v,5,1.0939420805007738,30,MAP_SCADA,0
11,teta,5,-0.2478813162178273,30,MAP_SCADA,0
12,v,6,1.07088198818589,30,MAP_SCADA,0
13,teta,6,-0.2309030243867793,30,MAP_SCADA,0
14,v,7,1.0924919152850243,30,MAP_SCADA,0
15,teta,7,-0.23090284801611077,30,MAP_SCADA,0
16,v,8,1.0696824950767612,30,MAP_SCADA,0
17,teta,8,-0.25728412036293175,30,MAP_SCADA,0
18,v,9,1.0666790372670722,30,MAP_SCADA,0
19,teta,9,-0.26042756588167587,30,MAP_SCADA,0
20,v,10,1.0767377958217892,30,MAP_SCADA,0
21,teta,10,-0.2563440650798836,30,MAP_SCADA,0
22,v,11,1.0958102017411357,30,MAP_SCADA,0
23,teta,11,-0.2735727656270956,30,MAP_SCADA,0
24,v,12,1.0790571826732507,30,MAP_SCADA,0
25,teta,12,-0.2650479537618211,30,MAP_SCADA,0
26,v,13,1.0561670677441286,30,MAP_SCADA,0
27,teta,13,-0.2773955013085231,30,MAP_SCADA,0
28,v,14,1.0473080219608821,30,MAP_SCADA,0
29,teta,14,-0.08231685383925134,30,MAP_SCADA,0
30,v,15,1.1244767221680771,30,MAP_SCADA,0
31,teta,15,-0.2644466457432592,30,MAP_SCADA,0
0,v,0,1.0621688835571057,31,MAP_SCADA,0
1,teta,0,0.0,31,MAP_SCADA,0
2,v,1,1.0471435025537341,31,MAP_SCADA,0
3,teta,1,-0.08683044321882503,31,MAP_SCADA,0
4,v,2,1.0218762513755764,31,MAP_SCADA,0
5,teta,2,-0.21762390328249523,31,MAP_SCADA,0
6,v,3,1.026055589621894,31,MAP_SCADA,0
7,teta,3,-0.17875729966335324,31,MAP_SCADA,0
8,v,4,1.0278554227200698,31,MAP_SCADA,0
9,teta,4,-0.1530004717467651,31,MAP_SCADA,0
10,v,5,1.093728252664718,31,MAP_SCADA,0
11,teta,5,-0.24713582912577386,31,MAP_SCADA,0
12,v,6,1.070499506685386,31,MAP_SCADA,0
13,teta,6,-0.23022852045306202,31,MAP_SCADA,0
14,v,7,1.0921976199853627,31,MAP_SCADA,0
15,teta,7,-0.2302288674258844,31,MAP_SCADA,0
16,v,8,1.069294705041536,31,MAP_SCADA,0
17,teta,8,-0.25678627407209736,31,MAP_SCADA,0
18,v,9,1.0662473014566203,31,MAP_SCADA,0
19,teta,9,-0.2598608983718874,31,MAP_SCADA,0
20,v,10,1.0763061975702222,31,MAP_SCADA,0
21,teta,10,-0.255616337418733,31,MAP_SCADA,0
22,v,11,1.0953076695971284,31,MAP_SCADA,0
23,teta,11,-0.2731603587695261,31,MAP_SCADA,0
24,v,12,1.0786153906311677,31,MAP_SCADA,0
25,teta,12,-0.26467895103094813,31,MAP_SCADA,0
26,v,13,1.0557378329642677,31,MAP_SCADA,0
27,teta,13,-0.2769707642313053,31,MAP_SCADA,0
28,v,14,1.0469161767256987,31,MAP_SCADA,0
29,teta,14,-0.07886413386143183,31,MAP_SCADA,0
30,v,15,1.1239873782177692,31,MAP_SCADA,0
31,teta,15,-0.2639144994724001,31,MAP_SCADA,0
0,v,0,1.0608389367474573,32,MAP_SCADA,0
1,teta,0,0.0,32,MAP_SCADA,0
2,v,1,1.0457927303086576,32,MAP_SCADA,0
3,teta,1,-0.08688942946042387,32,MAP_SCADA,0
4,v,2,1.0208891320211775,32,MAP_SCADA,0
5,teta,2,-0.22080060887623804,32,MAP_SCADA,0
6,v,3,1.0247226744405666,32,MAP_SCADA,0
7,teta,3,-0.18001244658522378,32,MAP_SCADA,0
8,v,4,1.0264574077019102,32,MAP_SCADA,0
9,teta,4,-0.15396493379805948,32,MAP_SCADA,0
10,v,5,1.0922608022800089,32,MAP_SCADA,0
11,teta,5,-0.2488176443563808,32,MAP_SCADA,0
12,v,6,1.0691531023047476,32,MAP_SCADA,0
13,teta,6,-0.23171755782835776,32,MAP_SCADA,0
14,v,7,1.0908828987752799,32,MAP_SCADA,0
15,teta,7,-0.23171749479122786,32,MAP_SCADA,0
16,v,8,1.0679458202834862,32,MAP_SCADA,0
17,teta,8,-0.2583951719723001,32,MAP_SCADA,0
18,v,9,1.0648939231093466,32,MAP_SCADA,0
19,teta,9,-0.26151029239947127,32,MAP_SCADA,0
20,v,10,1.0748892055456627,32,MAP_SCADA,0
21,teta,10,-0.2573937246987497,32,MAP_SCADA,0
22,v,11,1.0940683702643081,32,MAP_SCADA,0
23,teta,11,-0.274618056298082,32,MAP_SCADA,0
24,v,12,1.0773129249080031,32,MAP_SCADA,0
25,teta,12,-0.2661231178287052,32,MAP_SCADA,0
26,v,13,1.0543996099299382,32,MAP_SCADA,0
27,teta,13,-0.27861644200356234,32,MAP_SCADA,0
28,v,14,1.0456180737531837,32,MAP_SCADA,0
29,teta,14,-0.08104709940989378,32,MAP_SCADA,0
30,v,15,1.122856041553297,32,MAP_SCADA,0
31,teta,15,-0.2653152888895807,32,MAP_SCADA,0
0,v,0,1.059024656653083,33,MAP_SCADA,0
1,teta,0,0.0,33,MAP_SCADA,0
2,v,1,1.0440780840858512,33,MAP_SCADA,0
3,teta,1,-0.0870584505056654,33,MAP_SCADA,0
4,v,2,1.0189931556330252,33,MAP_SCADA,0
5,teta,2,-0.21929186403742879,33,MAP_SCADA,0
6,v,3,1.0229392870288287,33,MAP_SCADA,0
7,teta,3,-0.1797368540988392,33,MAP_SCADA,0
8,v,4,1.024702001386772,33,MAP_SCADA,0
9,teta,4,-0.15382822626194248,33,MAP_SCADA,0
10,v,5,1.0904670949889912,33,MAP_SCADA,0
11,teta,5,-0.24873446648831732,33,MAP_SCADA,0
12,v,6,1.0673221986581987,33,MAP_SCADA,0
13,teta,6,-0.23148360203838,33,MAP_SCADA,0
14,v,7,1.089043730084038,33,MAP_SCADA,0
15,teta,7,-0.2314837830728593,33,MAP_SCADA,0
16,v,8,1.0661160231243592,33,MAP_SCADA,0
17,teta,8,-0.2581818072750738,33,MAP_SCADA,0
18,v,9,1.0630478591172623,33,MAP_SCADA,0
19,teta,9,-0.2612686148641337,33,MAP_SCADA,0
20,v,10,1.073122092626806,33,MAP_SCADA,0
21,teta,10,-0.25706599214370746,33,MAP_SCADA,0
22,v,11,1.0922312656132698,33,MAP_SCADA,0
23,teta,11,-0.2749191603793262,33,MAP_SCADA,0
24,v,12,1.0754580989995377,33,MAP_SCADA,0
25,teta,12,-0.2663720183294956,33,MAP_SCADA,0
26,v,13,1.0524507771246507,33,MAP_SCADA,0
27,teta,13,-0.2787325729887899,33,MAP_SCADA,0
28,v,14,1.0438703579901032,33,MAP_SCADA,0
29,teta,14,-0.07989617826495213,33,MAP_SCADA,0
30,v,15,1.121066900711842,33,MAP_SCADA,0
31,teta,15,-0.26559938902083574,33,MAP_SCADA,0
0,v,0,1.0598561580477237,34,MAP_SCADA,0
1,teta,0,0.0,34,MAP_SCADA,0
2,v,1,1.0449954244740585,34,MAP_SCADA,0
3,teta,1,-0.08675958034603787,34,MAP_SCADA,0
4,v,2,1.0202396276556387,34,MAP_SCADA,0
5,teta,2,-0.21991513707203675,34,MAP_SCADA,0
6,v,3,1.0238202889881556,34,MAP_SCADA,0
7,teta,3,-0.1798812163752572,34,MAP_SCADA,0
8,v,4,1.0255645279069738,34,MAP_SCADA,0
9,teta,4,-0.1538549001479778,34,MAP_SCADA,0
10,v,5,1.091292206398747,34,MAP_SCADA,0
11,teta,5,-0.24881985190454858,34,MAP_SCADA,0
12,v,6,1.0681468437650357,34,MAP_SCADA,0
13,teta,6,-0.23163391659456595,34,MAP_SCADA,0
14,v,7,1.0898233062708538,34,MAP_SCADA,0
15,teta,7,-0.23163372303411273,34,MAP_SCADA,0
16,v,8,1.06693000466182,34,MAP_SCADA,0
17,teta,8,-0.2583380384511205,34,MAP_SCADA,0
18,v,9,1.0638918499972656,34,MAP_SCADA,0
19,teta,9,-0.2614704877276578,34,MAP_SCADA,0
20,v,10,1.073995949469479,34,MAP_SCADA,0
21,teta,10,-0.25723588754834836,34,MAP_SCADA,0
22,v,11,1.0931425856597834,34,MAP_SCADA,0
23,teta,11,-0.27447168606785755,34,MAP_SCADA,0
24,v,12,1.0764182241820663,34,MAP_SCADA,0
25,teta,12,-0.26598718051446846,34,MAP_SCADA,0
26,v,13,1.05336923343186,34,MAP_SCADA,0
27,teta,13,-0.2785107456226389,34,MAP_SCADA,0
28,v,14,1.0448310257620064,34,MAP_SCADA,0
29,teta,14,-0.08127620553077781,34,MAP_SCADA,0
30,v,15,1.1218440550273394,34,MAP_SCADA,0
31,teta,15,-0.2651846461087137,34,MAP_SCADA,0
0,v,0,1.0582069565244958,35,MAP_SCADA,0
1,teta,0,0.0,35,MAP_SCADA,0
2,v,1,1.0431070631998585,35,MAP_SCADA,0
3,teta,1,-0.08738479621230544,35,MAP_SCADA,0
4,v,2,1.0189476842426395,35,MAP_SCADA,0
5,teta,2,-0.22442090344670482,35,MAP_SCADA,0
6,v,3,1.0221930927608354,35,MAP_SCADA,0
7,teta,3,-0.181457412098026,35,MAP_SCADA,0
8,v,4,1.0238422503868951,35,MAP_SCADA,0
9,teta,4,-0.1551239491358941,35,MAP_SCADA,0
10,v,5,1.0894306517006638,35,MAP_SCADA,0
11,teta,5,-0.2502799958656922,35,MAP_SCADA,0
12,v,6,1.0665373420938287,35,MAP_SCADA,0
13,teta,6,-0.2332833456931368,35,MAP_SCADA,0
14,v,7,1.0882683898317402,35,MAP_SCADA,0
15,teta,7,-0.2332827896913449,35,MAP_SCADA,0
16,v,8,1.0653163375298342,35,MAP_SCADA,0
17,teta,8,-0.26002340194219936,35,MAP_SCADA,0
18,v,9,1.062217656806908,35,MAP_SCADA,0
19,teta,9,-0.26303909264575565,35,MAP_SCADA,0
20,v,10,1.0722153738829565,35,MAP_SCADA,0
21,teta,10,-0.2587949987017849,35,MAP_SCADA,0
22,v,11,1.0916939664782748,35,MAP_SCADA,0
23,teta,11,-0.2765253346455072,35,MAP_SCADA,0
24,v,12,1.0747930973765019,35,MAP_SCADA,0
25,teta,12,-0.26794657688843204,35,MAP_SCADA,0
26,v,13,1.051694323610738,35,MAP_SCADA,0
27,teta,13,-0.28047843593743726,35,MAP_SCADA,0
28,v,14,1.043048621378553,35,MAP_SCADA,0
29,teta,14,-0.08552277000893337,35,MAP_SCADA,0
30,v,15,1.1205699756934417,35,MAP_SCADA,0
31,teta,15,-0.26728858046361853,35,MAP_SCADA,0
0,v,0,1.0603157298795955,36,MAP_SCADA,0
1,teta,0,0.0,36,MAP_SCADA,0
2,v,1,1.0452260502862905,36,MAP_SCADA,0
3,teta,1,-0.08733080421109946,36,MAP_SCADA,0
4,v,2,1.0199061818202437,36,MAP_SCADA,0
5,teta,2,-0.21851775580572846,36,MAP_SCADA,0
6,v,3,1.0242598145944282,36,MAP_SCADA,0
7,teta,3,-0.1791097345489204,36,MAP_SCADA,0
8,v,4,1.0260276018692343,36,MAP_SCADA,0
9,teta,4,-0.15335139454116103,36,MAP_SCADA,0
10,v,5,1.0917873490193433,36,MAP_SCADA,0
11,teta,5,-0.2476409331862675,36,MAP_SCADA,0
12,v,6,1.0686638850720904,36,MAP_SCADA,0
13,teta,6,-0.23054101638264377,36,MAP_SCADA,0
14,v,7,1.0903609513437287,36,MAP_SCADA,0
15,teta,7,-0.23054077309961946,36,MAP_SCADA,0
16,v,8,1.067456370748847,36,MAP_SCADA,0
17,teta,8,-0.25707772897034653,36,MAP_SCADA,0
18,v,9,1.0644197252101697,36,MAP_SCADA,0
19,teta,9,-0.2601526483651005,36,MAP_SCADA,0
20,v,10,1.0744503147351487,36,MAP_SCADA,0
21,teta,10,-0.25597672551167105,36,MAP_SCADA,0
22,v,11,1.0936783053419128,36,MAP_SCADA,0
23,teta,11,-0.27343826561755036,36,MAP_SCADA,0
24,v,12,1.076836644577212,36,MAP_SCADA,0
25,teta,12,-0.26494142792626235,36,MAP_SCADA,0
26,v,13,1.053870781194257,36,MAP_SCADA,0
27,teta,13,-0.2773747734307649,36,MAP_SCADA,0
28,v,14,1.0449920281154348,36,MAP_SCADA,0
29,teta,14,-0.0790713760300552,36,MAP_SCADA,0
30,v,15,1.1225661112318408,36,MAP_SCADA,0
31,teta,15,-0.2640800683412143,36,MAP_SCADA,0
0,v,0,1.0581323740343052,37,MAP_SCADA,0
1,teta,0,0.0,37,MAP_SCADA,0
2,v,1,1.0430910489307423,37,MAP_SCADA,0
3,teta,1,-0.08715124539182509,37,MAP_SCADA,0
4,v,2,1.0189639079859343,37,MAP_SCADA,0
5,teta,2,-0.22304334786582214,37,MAP_SCADA,0
6,v,3,1.0221171651289298,37,MAP_SCADA,0
7,teta,3,-0.1811944799376261,37,MAP_SCADA,0
8,v,4,1.023787237060052,37,MAP_SCADA,0
9,teta,4,-0.15488503464692402,37,MAP_SCADA,0
10,v,5,1.0894364265431442,37,MAP_SCADA,0
11,teta,5,-0.250059459196623,37,MAP_SCADA,0
12,v,6,1.0664756700343005,37,MAP_SCADA,0
13,teta,6,-0.23296306758053198,37,MAP_SCADA,0
14,v,7,1.0881932241965278,37,MAP_SCADA,0
15,teta,7,-0.23296346233441204,37,MAP_SCADA,0
16,v,8,1.0652689046478647,37,MAP_SCADA,0
17,teta,8,-0.25967215367386115,37,MAP_SCADA,0
18,v,9,1.0621496133108996,37,MAP_SCADA,0
19,teta,9,-0.26276811545763923,37,MAP_SCADA,0
20,v,10,1.0721817583062538,37,MAP_SCADA,0
21,teta,10,-0.25855031246066906,37,MAP_SCADA,0
22,v,11,1.0917285864033897,37,MAP_SCADA,0
23,teta,11,-0.2761131897978586,37,MAP_SCADA,0
24,v,12,1.0747662372088078,37,MAP_SCADA,0
25,teta,12,-0.2674012902971685,37,MAP_SCADA,0
26,v,13,1.051706015645359,37,MAP_SCADA,0
27,teta,13,-0.27991875163891006,37,MAP_SCADA,0
28,v,14,1.0430223949623538,37,MAP_SCADA,0
29,teta,14,-0.08496886817812488,37,MAP_SCADA,0
30,v,15,1.1208280929743346,37,MAP_SCADA,0
31,teta,15,-0.26685938843911183,37,MAP_SCADA,0
0,v,0,1.0598136403253995,38,MAP_SCADA,0
1,teta,0,0.0,38,MAP_SCADA,0
2,v,1,1.0447497224555784,38,MAP_SCADA,0
3,teta,1,-0.08721921957728078,38,MAP_SCADA,0
4,v,2,1.0200063057372302,38,MAP_SCADA,0
5,teta,2,-0.2201838717590851,38,MAP_SCADA,0
6,v,3,1.023787897105376,38,MAP_SCADA,0
7,teta,3,-0.17974194042296826,38,MAP_SCADA,0
8,v,4,1.0254991002739076,38,MAP_SCADA,0
9,teta,4,-0.1537817824984751,38,MAP_SCADA,0
10,v,5,1.0910359893058517,38,MAP_SCADA,0
11,teta,5,-0.24830424734952797,38,MAP_SCADA,0
12,v,6,1.0680933756841817,38,MAP_SCADA,0
13,teta,6,-0.23118178780109133,38,MAP_SCADA,0
14,v,7,1.0897157673749525,38,MAP_SCADA,0
15,teta,7,-0.2311810097204636,38,MAP_SCADA,0
16,v,8,1.0668861126899545,38,MAP_SCADA,0
17,teta,8,-0.25772521007314564,38,MAP_SCADA,0
18,v,9,1.0637799379595714,38,MAP_SCADA,0
19,teta,9,-0.26081133064848805,38,MAP_SCADA,0
20,v,10,1.0737908077703058,38,MAP_SCADA,0
21,teta,10,-0.2566409457220158,38,MAP_SCADA,0
22,v,11,1.0928563795701138,38,MAP_SCADA,0
23,teta,11,-0.27426337078439905,38,MAP_SCADA,0
24,v,12,1.0760665151009041,38,MAP_SCADA,0
25,teta,12,-0.2657252489802248,38,MAP_SCADA,0
26,v,13,1.0531817946387836,38,MAP_SCADA,0
27,teta,13,-0.2781428906199875,38,MAP_SCADA,0
28,v,14,1.044587373924842,38,MAP_SCADA,0
29,teta,14,-0.08178274427932969,38,MAP_SCADA,0
30,v,15,1.121705920340829,38,MAP_SCADA,0
31,teta,15,-0.26490837407449785,38,MAP_SCADA,0
0,v,0,1.061729067974578,39,MAP_SCADA,0
1,teta,0,0.0,39,MAP_SCADA,0
2,v,1,1.0465586349363,39,MAP_SCADA,0
3,teta,1,-0.08735628615459606,39,MAP_SCADA,0
4,v,2,1.0220777581624572,39,MAP_SCADA,0
5,teta,2,-0.2218793879345912,39,MAP_SCADA,0
6,v,3,1.025594295623429,39,MAP_SCADA,0
7,teta,3,-0.18057597764940606,39,MAP_SCADA,0
8,v,4,1.027323909776951,39,MAP_SCADA,0
9,teta,4,-0.1543371155546254,39,MAP_SCADA,0
10,v,5,1.0930175859697948,39,MAP_SCADA,0
11,teta,5,-0.2484030476736796,39,MAP_SCADA,0
12,v,6,1.070059681509404,39,MAP_SCADA,0
13,teta,6,-0.23171467411591076,39,MAP_SCADA,0
14,v,7,1.0917627786192508,39,MAP_SCADA,0
15,teta,7,-0.2317139617320965,39,MAP_SCADA,0
16,v,8,1.0688537690611981,39,MAP_SCADA,0
17,teta,8,-0.25810065630560275,39,MAP_SCADA,0
18,v,9,1.0658164432763406,39,MAP_SCADA,0
19,teta,9,-0.2611430471712763,39,MAP_SCADA,0
20,v,10,1.0758231162549383,39,MAP_SCADA,0
21,teta,10,-0.2569072090992222,39,MAP_SCADA,0
22,v,11,1.0951225547783374,39,MAP_SCADA,0
23,teta,11,-0.27425274144955064,39,MAP_SCADA,0
24,v,12,1.0782912164879446,39,MAP_SCADA,0
25,teta,12,-0.2657011628316036,39,MAP_SCADA,0
26,v,13,1.0553415063325484,39,MAP_SCADA,0
27,teta,13,-0.2782086909012234,39,MAP_SCADA,0
28,v,14,1.0464431038673556,39,MAP_SCADA,0
29,teta,14,-0.08360931038605025,39,MAP_SCADA,0
30,v,15,1.1239365549189506,39,MAP_SCADA,0
31,teta,15,-0.26507933014098417,39,MAP_SCADA,0
0,v,0,1.058195307590937,40,MAP_SCADA,0
1,teta,0,0.0,40,MAP_SCADA,0
2,v,1,1.043204079660431,40,MAP_SCADA,0
3,teta,1,-0.08731835458797765,40,MAP_SCADA,0
4,v,2,1.0187530198100225,40,MAP_SCADA,0
5,teta,2,-0.22170845459443772,40,MAP_SCADA,0
6,v,3,1.0221305872388058,40,MAP_SCADA,0
7,teta,3,-0.18082315693927417,40,MAP_SCADA,0
8,v,4,1.0238452010464825,40,MAP_SCADA,0
9,teta,4,-0.15463727887882664,40,MAP_SCADA,0
10,v,5,1.0894555939646653,40,MAP_SCADA,0
11,teta,5,-0.24944222254658827,40,MAP_SCADA,0
12,v,6,1.0664208770400219,40,MAP_SCADA,0
13,teta,6,-0.23239750623652852,40,MAP_SCADA,0
14,v,7,1.088068055111132,40,MAP_SCADA,0
15,teta,7,-0.23239779357533272,40,MAP_SCADA,0
16,v,8,1.0652137006571687,40,MAP_SCADA,0
17,teta,8,-0.25900824032784114,40,MAP_SCADA,0
18,v,9,1.0621674616109167,40,MAP_SCADA,0
19,teta,9,-0.2620976595663836,40,MAP_SCADA,0
20,v,10,1.0721908012815682,40,MAP_SCADA,0
21,teta,10,-0.2578950917171281,40,MAP_SCADA,0
22,v,11,1.0917122136441701,40,MAP_SCADA,0
23,teta,11,-0.2752004291517718,40,MAP_SCADA,0
24,v,12,1.074751340306403,40,MAP_SCADA,0
25,teta,12,-0.26656175519265773,40,MAP_SCADA,0
26,v,13,1.0517079901293225,40,MAP_SCADA,0
27,teta,13,-0.2791351564419088,40,MAP_SCADA,0
28,v,14,1.0430809634461302,40,MAP_SCADA,0
29,teta,14,-0.0833013081391508,40,MAP_SCADA,0
30,v,15,1.1207006446053127,40,MAP_SCADA,0
31,teta,15,-0.26589742881342504,40,MAP_SCADA,0
0,v,0,1.0586664703207964,41,MAP_SCADA,0
1,teta,0,0.0,41,MAP_SCADA,0
2,v,1,1.0437550574942145,41,MAP_SCADA,0
3,teta,1,-0.08661251514162248,41,MAP_SCADA,0
4,v,2,1.019137168867705,41,MAP_SCADA,0
5,teta,2,-0.22158918419934326,41,MAP_SCADA,0
6,v,3,1.0226876101302598,41,MAP_SCADA,0
7,teta,3,-0.18015546595690954,41,MAP_SCADA,0
8,v,4,1.0243742547654233,41,MAP_SCADA,0
9,teta,4,-0.1540546960349749,41,MAP_SCADA,0
10,v,5,1.0899364936329794,41,MAP_SCADA,0
11,teta,5,-0.2493371072360636,41,MAP_SCADA,0
12,v,6,1.0670612663702006,41,MAP_SCADA,0
13,teta,6,-0.23204335768837397,41,MAP_SCADA,0
14,v,7,1.088796017997422,41,MAP_SCADA,0
15,teta,7,-0.23204333188281875,41,MAP_SCADA,0
16,v,8,1.065850768952691,41,MAP_SCADA,0
17,teta,8,-0.2588145432598787,41,MAP_SCADA,0
18,v,9,1.0627278027389258,41,MAP_SCADA,0
19,teta,9,-0.2618964559623412,41,MAP_SCADA,0
20,v,10,1.0727498275710563,41,MAP_SCADA,0
21,teta,10,-0.25768862250955377,41,MAP_SCADA,0
22,v,11,1.0922568366953134,41,MAP_SCADA,0
23,teta,11,-0.27503056399511067,41,MAP_SCADA,0
24,v,12,1.0753046589709616,41,MAP_SCADA,0
25,teta,12,-0.2663466920659211,41,MAP_SCADA,0
26,v,13,1.0522855165973184,41,MAP_SCADA,0
27,teta,13,-0.27897654162603513,41,MAP_SCADA,0
28,v,14,1.0436272640131983,41,MAP_SCADA,0
29,teta,14,-0.0823683823156788,41,MAP_SCADA,0
30,v,15,1.1211942577553697,41,MAP_SCADA,0
31,teta,15,-0.26586281110274956,41,MAP_SCADA,0
0,v,0,1.0618510800586598,42,MAP_SCADA,0
1,teta,0,0.0,42,MAP_SCADA,0
2,v,1,1.0469749963262025,42,MAP_SCADA,0
3,teta,1,-0.08624168377558773,42,MAP_SCADA,0
4,v,2,1.0216124025229982,42,MAP_SCADA,0
5,teta,2,-0.2166568134417307,42,MAP_SCADA,0
6,v,3,1.0258019808350876,42,MAP_SCADA,0
7,teta,3,-0.1781797122719854,42,MAP_SCADA,0
8,v,4,1.0275923970163252,42,MAP_SCADA,0
9,teta,4,-0.15254578638784305,42,MAP_SCADA,0
10,v,5,1.0934325089258552,42,MAP_SCADA,0
11,teta,5,-0.2469969467759863,42,MAP_SCADA,0
12,v,6,1.0701996709349577,42,MAP_SCADA,0
13,teta,6,-0.22974344131563218,42,MAP_SCADA,0
14,v,7,1.0918719738797744,42,MAP_SCADA,0
15,teta,7,-0.22974377705322696,42,MAP_SCADA,0
16,v,8,1.0689933947244443,42,MAP_SCADA,0
17,teta,8,-0.2563498246740184,42,MAP_SCADA,0
18,v,9,1.065965375801469,42,MAP_SCADA,0
19,teta,9,-0.2594141428918668,42,MAP_SCADA,0
20,v,10,1.07608108116507,42,MAP_SCADA,0
21,teta,10,-0.2552820875131988,42,MAP_SCADA,0
22,v,11,1.0951094545926265,42,MAP_SCADA,0
23,teta,11,-0.27279488376134853,42,MAP_SCADA,0
24,v,12,1.0782824758790797,42,MAP_SCADA,0
25,teta,12,-0.2641778665150295,42,MAP_SCADA,0
26,v,13,1.0553762537761031,42,MAP_SCADA,0
27,teta,13,-0.2766510201457875,42,MAP_SCADA,0
28,v,14,1.0467345553033263,42,MAP_SCADA,0
29,teta,14,-0.07773818859491516,42,MAP_SCADA,0
30,v,15,1.1239620591390185,42,MAP_SCADA,0
31,teta,15,-0.26361818553772715,42,MAP_SCADA,0
0,v,0,1.062467037933934,43,MAP_SCADA,0
1,teta,0,0.0,43,MAP_SCADA,0
2,v,1,1.0475323779173094,43,MAP_SCADA,0
3,teta,1,-0.08678889963767439,43,MAP_SCADA,0
4,v,2,1.0218354780790775,43,MAP_SCADA,0
5,teta,2,-0.2170169014611125,43,MAP_SCADA,0
6,v,3,1.0263681586725977,43,MAP_SCADA,0
7,teta,3,-0.1782626272927501,43,MAP_SCADA,0
8,v,4,1.0281858534402908,43,MAP_SCADA,0
9,teta,4,-0.15258484741691844,43,MAP_SCADA,0
10,v,5,1.0939343337432588,43,MAP_SCADA,0
11,teta,5,-0.24634362881083705,43,MAP_SCADA,0
12,v,6,1.0707669316855288,43,MAP_SCADA,0
13,teta,6,-0.22948141808707587,43,MAP_SCADA,0
14,v,7,1.0924097819411394,43,MAP_SCADA,0
15,teta,7,-0.2294813458637031,43,MAP_SCADA,0
16,v,8,1.0695587219114644,43,MAP_SCADA,0
17,teta,8,-0.25591080043508346,43,MAP_SCADA,0
18,v,9,1.0665018152015244,43,MAP_SCADA,0
19,teta,9,-0.25891186693492285,43,MAP_SCADA,0
20,v,10,1.0765692784544925,43,MAP_SCADA,0
21,teta,10,-0.2546641330734787,43,MAP_SCADA,0
22,v,11,1.0957430705608304,43,MAP_SCADA,0
23,teta,11,-0.2722250642765875,43,MAP_SCADA,0
24,v,12,1.0789732751488017,43,MAP_SCADA,0
25,teta,12,-0.2636716260676742,43,MAP_SCADA,0
26,v,13,1.0559703606320192,43,MAP_SCADA,0
27,teta,13,-0.2761747224317692,43,MAP_SCADA,0
28,v,14,1.047270599662787,43,MAP_SCADA,0
29,teta,14,-0.07717037808837547,43,MAP_SCADA,0
30,v,15,1.1245894738872773,43,MAP_SCADA,0
31,teta,15,-0.26288060442247996,43,MAP_SCADA,0
0,v,0,1.062094679500413,44,MAP_SCADA,0
1,teta,0,0.0,44,MAP_SCADA,0
2,v,1,1.0472978732322336,44,MAP_SCADA,0
3,teta,1,-0.08574099072058794,44,MAP_SCADA,0
4,v,2,1.022439021087459,44,MAP_SCADA,0
5,teta,2,-0.21781151738261592,44,MAP_SCADA,0
6,v,3,1.0260775207838506,44,MAP_SCADA,0
7,teta,3,-0.17875739285084963,44,MAP_SCADA,0
8,v,4,1.0278116250020026,44,MAP_SCADA,0
9,teta,4,-0.15292201133396555,44,MAP_SCADA,0
10,v,5,1.0936141118792757,44,MAP_SCADA,0
11,teta,5,-0.247835009696417,44,MAP_SCADA,0
12,v,6,1.070589281517881,44,MAP_SCADA,0
13,teta,6,-0.2304985333473465,44,MAP_SCADA,0
14,v,7,1.0923655697487087,44,MAP_SCADA,0
15,teta,7,-0.23049897551343054,44,MAP_SCADA,0
16,v,8,1.0693827339347366,44,MAP_SCADA,0
17,teta,8,-0.25719378015686556,44,MAP_SCADA,0
18,v,9,1.0663069581892015,44,MAP_SCADA,0
19,teta,9,-0.2602985745304517,44,MAP_SCADA,0
20,v,10,1.076348467579171,44,MAP_SCADA,0
21,teta,10,-0.25614854842348034,44,MAP_SCADA,0
22,v,11,1.0956732711373274,44,MAP_SCADA,0
23,teta,11,-0.2733358485033203,44,MAP_SCADA,0
24,v,12,1.0788078095029463,44,MAP_SCADA,0
25,teta,12,-0.26483887489939245,44,MAP_SCADA,0
26,v,13,1.0559302000790292,44,MAP_SCADA,0
27,teta,13,-0.27715166451797896,44,MAP_SCADA,0
28,v,14,1.0471218717067727,44,MAP_SCADA,0
29,teta,14,-0.07981170624002777,44,MAP_SCADA,0
30,v,15,1.1244933143282414,44,MAP_SCADA,0
31,teta,15,-0.26406375634101575,44,MAP_SCADA,0
0,v,0,1.0591255630691894,45,MAP_SCADA,0
1,teta,0,0.0,45,MAP_SCADA,0
2,v,1,1.0442118107337148,45,MAP_SCADA,0
3,teta,1,-0.08709232477869967,45,MAP_SCADA,0
4,v,2,1.0195213617720513,45,MAP_SCADA,0
5,teta,2,-0.221961424500026,45,MAP_SCADA,0
6,v,3,1.0230602886513973,45,MAP_SCADA,0
7,teta,3,-0.18068998575473066,45,MAP_SCADA,0
8,v,4,1.0247863633969083,45,MAP_SCADA,0
9,teta,4,-0.1545165856218021,45,MAP_SCADA,0
10,v,5,1.090563355796336,45,MAP_SCADA,0
11,teta,5,-0.24962996588538156,45,MAP_SCADA,0
12,v,6,1.0674230296283846,45,MAP_SCADA,0
13,teta,6,-0.23245410268518837,45,MAP_SCADA,0
14,v,7,1.0891371248928297,45,MAP_SCADA,0
15,teta,7,-0.23245372879215828,45,MAP_SCADA,0
16,v,8,1.0662103581924982,45,MAP_SCADA,0
17,teta,8,-0.25916241370450127,45,MAP_SCADA,0
18,v,9,1.0631717275342978,45,MAP_SCADA,0
19,teta,9,-0.26224295053284485,45,MAP_SCADA,0
20,v,10,1.073205880508124,45,MAP_SCADA,0
21,teta,10,-0.2580634388608616,45,MAP_SCADA,0
22,v,11,1.0926926736082463,45,MAP_SCADA,0
23,teta,11,-0.27515773591988024,45,MAP_SCADA,0
24,v,12,1.0757802465047412,45,MAP_SCADA,0
25,teta,12,-0.2665173799413025,45,MAP_SCADA,0
26,v,13,1.0526994841107151,45,MAP_SCADA,0
27,teta,13,-0.27923918156285943,45,MAP_SCADA,0
28,v,14,1.0440697893337203,45,MAP_SCADA,0
29,teta,14,-0.08238856556491195,45,MAP_SCADA,0
30,v,15,1.1216655908142426,45,MAP_SCADA,0
31,teta,15,-0.2658959654947511,45,MAP_SCADA,0
0,v,0,1.0580453399058356,46,MAP_SCADA,0
1,teta,0,0.0,46,MAP_SCADA,0
2,v,1,1.0430489275410229,46,MAP_SCADA,0
3,teta,1,-0.0871160264293763,46,MAP_SCADA,0
4,v,2,1.0184932740214618,46,MAP_SCADA,0
5,teta,2,-0.22145854080928645,46,MAP_SCADA,0
6,v,3,1.0220262160573255,46,MAP_SCADA,0
7,teta,3,-0.1804444465710526,46,MAP_SCADA,0
8,v,4,1.0237189148250536,46,MAP_SCADA,0
9,teta,4,-0.15434450651881787,46,MAP_SCADA,0
10,v,5,1.0893151341536451,46,MAP_SCADA,0
11,teta,5,-0.24948454898361713,46,MAP_SCADA,0
12,v,6,1.066356011542123,46,MAP_SCADA,0
13,teta,6,-0.23211813538143172,46,MAP_SCADA,0
14,v,7,1.088057600577251,46,MAP_SCADA,0
15,teta,7,-0.23211786203806067,46,MAP_SCADA,0
16,v,8,1.065141026831145,46,MAP_SCADA,0
17,teta,8,-0.25877954649237117,46,MAP_SCADA,0
18,v,9,1.0620325483050281,46,MAP_SCADA,0
19,teta,9,-0.26197982473985504,46,MAP_SCADA,0
20,v,10,1.0720235382225818,46,MAP_SCADA,0
21,teta,10,-0.2578212813871665,46,MAP_SCADA,0
22,v,11,1.091559045622759,46,MAP_SCADA,0
23,teta,11,-0.2749882677365402,46,MAP_SCADA,0
24,v,12,1.0746706361840974,46,MAP_SCADA,0
25,teta,12,-0.26642999235010595,46,MAP_SCADA,0
26,v,13,1.0515646936935574,46,MAP_SCADA,0
27,teta,13,-0.27907896733107035,46,MAP_SCADA,0
28,v,14,1.0429120386462856,46,MAP_SCADA,0
29,teta,14,-0.08261730244432225,46,MAP_SCADA,0
30,v,15,1.1204986262352181,46,MAP_SCADA,0
31,teta,15,-0.2655929320952146,46,MAP_SCADA,0
0,v,0,1.0608546668614731,47,MAP_SCADA,0
1,teta,0,0.0,47,MAP_SCADA,0
2,v,1,1.0457817820547028,47,MAP_SCADA,0
3,teta,1,-0.08709087371062593,47,MAP_SCADA,0
4,v,2,1.0209519432931178,47,MAP_SCADA,0
5,teta,2,-0.22129346519574863,47,MAP_SCADA,0
6,v,3,1.0247881235955894,47,MAP_SCADA,0
7,teta,3,-0.18003475249012077,47,MAP_SCADA,0
8,v,4,1.0265081823038482,47,MAP_SCADA,0
9,teta,4,-0.1539865297783542,47,MAP_SCADA,0
10,v,5,1.0922091850682576,47,MAP_SCADA,0
11,teta,5,-0.24857243688976105,47,MAP_SCADA,0
12,v,6,1.0692109683258844,47,MAP_SCADA,0
13,teta,6,-0.23140396367619726,47,MAP_SCADA,0
14,v,7,1.0909114548330037,47,MAP_SCADA,0
15,teta,7,-0.23140382182940064,47,MAP_SCADA,0
16,v,8,1.0680028475842847,47,MAP_SCADA,0
17,teta,8,-0.25790870824854845,47,MAP_SCADA,0
18,v,9,1.0649201075888262,47,MAP_SCADA,0
19,teta,9,-0.26106039470887504,47,MAP_SCADA,0
20,v,10,1.0749313736860817,47,MAP_SCADA,0
21,teta,10,-0.2568985650571109,47,MAP_SCADA,0
22,v,11,1.0940741121423665,47,MAP_SCADA,0
23,teta,11,-0.274556984977665,47,MAP_SCADA,0
24,v,12,1.0772962167913496,47,MAP_SCADA,0
25,teta,12,-0.2659883832955043,47,MAP_SCADA,0
26,v,13,1.0543761587541527,47,MAP_SCADA,0
27,teta,13,-0.27819276004219673,47,MAP_SCADA,0
28,v,14,1.0456270608432887,47,MAP_SCADA,0
29,teta,14,-0.08189339212987512,47,MAP_SCADA,0
30,v,15,1.1228737281537589,47,MAP_SCADA,0
31,teta,15,-0.26522736027631477,47,MAP_SCADA,0
0,v,0,1.0593064103151146,48,MAP_SCADA,0
1,teta,0,0.0,48,MAP_SCADA,0
2,v,1,1.0441569950623517,48,MAP_SCADA,0
3,teta,1,-0.08805248526035378,48,MAP_SCADA,0
4,v,2,1.0196726445979407,48,MAP_SCADA,0
5,teta,2,-0.22165759161637563,48,MAP_SCADA,0
6,v,3,1.0232290058273754,48,MAP_SCADA,0
7,teta,3,-0.18091551130306177,48,MAP_SCADA,0
8,v,4,1.0249149306361567,48,MAP_SCADA,0
9,teta,4,-0.15485155254447375,48,MAP_SCADA,0
10,v,5,1.0906330754967037,48,MAP_SCADA,0
11,teta,5,-0.2499241525849099,48,MAP_SCADA,0
12,v,6,1.0675879776145196,48,MAP_SCADA,0
13,teta,6,-0.2326863181413508,48,MAP_SCADA,0
14,v,7,1.0893000753122333,48,MAP_SCADA,0
15,teta,7,-0.23268606277964138,48,MAP_SCADA,0
16,v,8,1.0663730498713606,48,MAP_SCADA,0
17,teta,8,-0.2593983322114472,48,MAP_SCADA,0
18,v,9,1.0632378496838677,48,MAP_SCADA,0
19,teta,9,-0.26251827022868,48,MAP_SCADA,0
20,v,10,1.0733272269578253,48,MAP_SCADA,0
21,teta,10,-0.2583277723828423,48,MAP_SCADA,0
22,v,11,1.0927258431514737,48,MAP_SCADA,0
23,teta,11,-0.2757517039475804,48,MAP_SCADA,0
24,v,12,1.0759643727972814,48,MAP_SCADA,0
25,teta,12,-0.26716342324835984,48,MAP_SCADA,0
26,v,13,1.0528835950599338,48,MAP_SCADA,0
27,teta,13,-0.2795805386000907,48,MAP_SCADA,0
28,v,14,1.044025150578284,48,MAP_SCADA,0
29,teta,14,-0.08373946838768674,48,MAP_SCADA,0
30,v,15,1.1214968658630124,48,MAP_SCADA,0
31,teta,15,-0.2665014002511503,48,MAP_SCADA,0
0,v,0,1.0597792690511503,49,MAP_SCADA,0
1,teta,0,0.0,49,MAP_SCADA,0
2,v,1,1.0448008330070973,49,MAP_SCADA,0
3,teta,1,-0.08690889748240663,49,MAP_SCADA,0
4,v,2,1.0196854459750821,49,MAP_SCADA,0
5,teta,2,-0.2209458324828482,49,MAP_SCADA,0
6,v,3,1.0236923130720488,49,MAP_SCADA,0
7,teta,3,-0.17996151073868494,49,MAP_SCADA,0
8,v,4,1.0254543841039028,49,MAP_SCADA,0
9,teta,4,-0.1539264552702396,49,MAP_SCADA,0
10,v,5,1.0912604009636389,49,MAP_SCADA,0
11,teta,5,-0.2485251747679489,49,MAP_SCADA,0
12,v,6,1.0680431125687853,49,MAP_SCADA,0
13,teta,6,-0.2315080618041683,49,MAP_SCADA,0
14,v,7,1.0897149567912103,49,MAP_SCADA,0
15,teta,7,-0.23150765246162391,49,MAP_SCADA,0
16,v,8,1.0668343948961154,49,MAP_SCADA,0
17,teta,8,-0.25810507777834696,49,MAP_SCADA,0
18,v,9,1.0637691781713496,49,MAP_SCADA,0
19,teta,9,-0.2612089276267082,49,MAP_SCADA,0
20,v,10,1.0738856790547162,49,MAP_SCADA,0
21,teta,10,-0.2570948275709937,49,MAP_SCADA,0
22,v,11,1.0931563935316422,49,MAP_SCADA,0
23,teta,11,-0.2749795990044316,49,MAP_SCADA,0
24,v,12,1.0761660163585847,49,MAP_SCADA,0
25,teta,12,-0.26626054342883754,49,MAP_SCADA,0
26,v,13,1.0532083713546876,49,MAP_SCADA,0
27,teta,13,-0.27850777708986874,49,MAP_SCADA,0
28,v,14,1.0446119874242965,49,MAP_SCADA,0
29,teta,14,-0.08040316916668029,49,MAP_SCADA,0
30,v,15,1.1222410432780177,49,MAP_SCADA,0
31,teta,15,-0.2656779272141814,49,MAP_SCADA,0
0,v,0,1.0606113656688276,50,MAP_SCADA,0
1,teta,0,0.0,50,MAP_SCADA,0
2,v,1,1.0458488482117219,50,MAP_SCADA,0
3,teta,1,-0.08597717282985429,50,MAP_SCADA,0
4,v,2,1.020230116296726,50,MAP_SCADA,0
5,teta,2,-0.21619401635664157,50,MAP_SCADA,0
6,v,3,1.024603133252685,50,MAP_SCADA,0
7,teta,3,-0.1779460995088842,50,MAP_SCADA,0
8,v,4,1.0264200483204575,50,MAP_SCADA,0
9,teta,4,-0.15230001852394762,50,MAP_SCADA,0
10,v,5,1.0922097665521324,50,MAP_SCADA,0
11,teta,5,-0.2465208610655449,50,MAP_SCADA,0
12,v,6,1.0689672833497816,50,MAP_SCADA,0
13,teta,6,-0.22947907818313268,50,MAP_SCADA,0
14,v,7,1.0906361763860821,50,MAP_SCADA,0
15,teta,7,-0.22947942616028638,50,MAP_SCADA,0
16,v,8,1.0677570516781063,50,MAP_SCADA,0
17,teta,8,-0.25606927364659415,50,MAP_SCADA,0
18,v,9,1.0647331556908366,50,MAP_SCADA,0
19,teta,9,-0.25914673933322613,50,MAP_SCADA,0
20,v,10,1.0747574592233198,50,MAP_SCADA,0
21,teta,10,-0.2549339479813799,50,MAP_SCADA,0
22,v,11,1.093771655447433,50,MAP_SCADA,0
23,teta,11,-0.27239344172648966,50,MAP_SCADA,0
24,v,12,1.077003659423337,50,MAP_SCADA,0
25,teta,12,-0.26395588431583883,50,MAP_SCADA,0
26,v,13,1.0541635817320203,50,MAP_SCADA,0
27,teta,13,-0.27640446462978385,50,MAP_SCADA,0
28,v,14,1.0455819823639934,50,MAP_SCADA,0
29,teta,14,-0.07628759846535321,50,MAP_SCADA,0
30,v,15,1.122529727794313,50,MAP_SCADA,0
31,teta,15,-0.2630774880820106,50,MAP_SCADA,0
0,v,0,1.0603288139835954,51,MAP_SCADA,0
1,teta,0,0.0,51,MAP_SCADA,0
2,v,1,1.0454290606903653,51,MAP_SCADA,0
3,teta,1,-0.08616295632893628,51,MAP_SCADA,0
4,v,2,1.019802441326445,51,MAP_SCADA,0
5,teta,2,-0.2157379838750578,51,MAP_SCADA,0
6,v,3,1.0243078295993755,51,MAP_SCADA,0
7,teta,3,-0.17764858423252236,51,MAP_SCADA,0
8,v,4,1.0261244007791503,51,MAP_SCADA,0
9,teta,4,-0.15210293218614054,51,MAP_SCADA,0
10,v,5,1.0918287990202407,51,MAP_SCADA,0
11,teta,5,-0.24610555349038146,51,MAP_SCADA,0
12,v,6,1.068654451791111,51,MAP_SCADA,0
13,teta,6,-0.22915157439369316,51,MAP_SCADA,0
14,v,7,1.0903068526244568,51,MAP_SCADA,0
15,teta,7,-0.22915128578428018,51,MAP_SCADA,0
16,v,8,1.0674471967237757,51,MAP_SCADA,0
17,teta,8,-0.25572676508138026,51,MAP_SCADA,0
18,v,9,1.064402449478472,51,MAP_SCADA,0
19,teta,9,-0.25876103512525217,51,MAP_SCADA,0
20,v,10,1.07453131126597,51,MAP_SCADA,0
21,teta,10,-0.2545589381355783,51,MAP_SCADA,0
22,v,11,1.0936529287822554,51,MAP_SCADA,0
23,teta,11,-0.2721685267922745,51,MAP_SCADA,0
24,v,12,1.076725170774037,51,MAP_SCADA,0
25,teta,12,-0.26365069669510094,51,MAP_SCADA,0
26,v,13,1.0538566807479157,51,MAP_SCADA,0
27,teta,13,-0.275975087439693,51,MAP_SCADA,0
28,v,14,1.0451588632337936,51,MAP_SCADA,0
29,teta,14,-0.07626713687865423,51,MAP_SCADA,0
30,v,15,1.1225443710294865,51,MAP_SCADA,0
31,teta,15,-0.2628454630603972,51,MAP_SCADA,0
0,v,0,1.0640206058990136,52,MAP_SCADA,0
1,teta,0,0.0,52,MAP_SCADA,0
2,v,1,1.0489918799835674,52,MAP_SCADA,0
3,teta,1,-0.08633538187915639,52,MAP_SCADA,0
4,v,2,1.0235030498739068,52,MAP_SCADA,0
5,teta,2,-0.21496431035372343,52,MAP_SCADA,0
6,v,3,1.0279588664417136,52,MAP_SCADA,0
7,teta,3,-0.17736031159186053,52,MAP_SCADA,0
8,v,4,1.0297494881035558,52,MAP_SCADA,0
9,teta,4,-0.15192297800064258,52,MAP_SCADA,0
10,v,5,1.0956049030356434,52,MAP_SCADA,0
11,teta,5,-0.24584626472873936,52,MAP_SCADA,0
12,v,6,1.0724652696445314,52,MAP_SCADA,0
13,teta,6,-0.22866533511186604,52,MAP_SCADA,0
14,v,7,1.0941744582904733,52,MAP_SCADA,0
15,teta,7,-0.22866500902643055,52,MAP_SCADA,0
16,v,8,1.071258819843914,52,MAP_SCADA,0
17,teta,8,-0.2551382983169475,52,MAP_SCADA,0
18,v,9,1.0682733915413611,52,MAP_SCADA,0
19,teta,9,-0.25827533905627476,52,MAP_SCADA,0
20,v,10,1.0782997279145496,52,MAP_SCADA,0
21,teta,10,-0.2541618557862566,52,MAP_SCADA,0
22,v,11,1.0971311289111267,52,MAP_SCADA,0
23,teta,11,-0.27148030488246583,52,MAP_SCADA,0
24,v,12,1.080509210057815,52,MAP_SCADA,0
25,teta,12,-0.2630491041368456,52,MAP_SCADA,0
26,v,13,1.057762479856311,52,MAP_SCADA,0
27,teta,13,-0.2752004958996654,52,MAP_SCADA,0
28,v,14,1.048737772107575,52,MAP_SCADA,0
29,teta,14,-0.07714220165572408,52,MAP_SCADA,0
30,v,15,1.1256780256231562,52,MAP_SCADA,0
31,teta,15,-0.26232323639729316,52,MAP_SCADA,0
0,v,0,1.0602012777663838,53,MAP_SCADA,0
1,teta,0,0.0,53,MAP_SCADA,0
2,v,1,1.0450871641745265,53,MAP_SCADA,0
3,teta,1,-0.08715765766081006,53,MAP_SCADA,0
4,v,2,1.0200266344592135,53,MAP_SCADA,0
5,teta,2,-0.22011939425564594,53,MAP_SCADA,0
6,v,3,1.0241279231159295,53,MAP_SCADA,0
7,teta,3,-0.1795841773479703,53,MAP_SCADA,0
8,v,4,1.0258842374020365,53,MAP_SCADA,0
9,teta,4,-0.1536454485114046,53,MAP_SCADA,0
10,v,5,1.0916127137389213,53,MAP_SCADA,0
11,teta,5,-0.24788008910892817,53,MAP_SCADA,0
12,v,6,1.0685181134045003,53,MAP_SCADA,0
13,teta,6,-0.23096195540006284,53,MAP_SCADA,0
14,v,7,1.0902037023919107,53,MAP_SCADA,0
15,teta,7,-0.2309618046848184,53,MAP_SCADA,0
16,v,8,1.0673095900233291,53,MAP_SCADA,0
17,teta,8,-0.257471252571969,53,MAP_SCADA,0
18,v,9,1.0642720736062667,53,MAP_SCADA,0
19,teta,9,-0.2604888581744093,53,MAP_SCADA,0
20,v,10,1.0743458209616712,53,MAP_SCADA,0
21,teta,10,-0.2561723525120956,53,MAP_SCADA,0
22,v,11,1.0934359384929648,53,MAP_SCADA,0
23,teta,11,-0.27405640426582856,53,MAP_SCADA,0
24,v,12,1.076635618219404,53,MAP_SCADA,0
25,teta,12,-0.26544153518110003,53,MAP_SCADA,0
26,v,13,1.0537771010624437,53,MAP_SCADA,0
27,teta,13,-0.2775961358306802,53,MAP_SCADA,0
28,v,14,1.044893676043045,53,MAP_SCADA,0
29,teta,14,-0.08051191800049602,53,MAP_SCADA,0
30,v,15,1.122228692669074,53,MAP_SCADA,0
31,teta,15,-0.2648832942712157,53,MAP_SCADA,0
0,v,0,1.0601662302258967,54,MAP_SCADA,0
1,teta,0,0.0,54,MAP_SCADA,0
2,v,1,1.0449184746663274,54,MAP_SCADA,0
3,teta,1,-0.08775316906013449,54,MAP_SCADA,0
4,v,2,1.0209153825483974,54,MAP_SCADA,0
5,teta,2,-0.22531314711298892,54,MAP_SCADA,0
6,v,3,1.02405998415674,54,MAP_SCADA,0
7,teta,3,-0.18185166785783274,54,MAP_SCADA,0
8,v,4,1.025713213124393,54,MAP_SCADA,0
9,teta,4,-0.1554128316881116,54,MAP_SCADA,0
10,v,5,1.0914190905642267,54,MAP_SCADA,0
11,teta,5,-0.2503983951770731,54,MAP_SCADA,0
12,v,6,1.0683991561630106,54,MAP_SCADA,0
13,teta,6,-0.23333424257049085,54,MAP_SCADA,0
14,v,7,1.090057103214666,54,MAP_SCADA,0
15,teta,7,-0.23333459346490004,54,MAP_SCADA,0
16,v,8,1.0671862951032605,54,MAP_SCADA,0
17,teta,8,-0.2598985629887569,54,MAP_SCADA,0
18,v,9,1.0641594926846234,54,MAP_SCADA,0
19,teta,9,-0.26292672999024136,54,MAP_SCADA,0
20,v,10,1.0743053900768325,54,MAP_SCADA,0
21,teta,10,-0.2587348575929519,54,MAP_SCADA,0
22,v,11,1.093416152109388,54,MAP_SCADA,0
23,teta,11,-0.2759233582152325,54,MAP_SCADA,0
24,v,12,1.0766993474420776,54,MAP_SCADA,0
25,teta,12,-0.2673960023483675,54,MAP_SCADA,0
26,v,13,1.053713488437443,54,MAP_SCADA,0
27,teta,13,-0.279940302626632,54,MAP_SCADA,0
28,v,14,1.0448847198812345,54,MAP_SCADA,0
29,teta,14,-0.08670261823075731,54,MAP_SCADA,0
30,v,15,1.122146212615186,54,MAP_SCADA,0
31,teta,15,-0.26668527380871926,54,MAP_SCADA,0
0,v,0,1.0593422690364267,55,MAP_SCADA,0
1,teta,0,0.0,55,MAP_SCADA,0
2,v,1,1.044263398152025,55,MAP_SCADA,0
3,teta,1,-0.08747130229141231,55,MAP_SCADA,0
4,v,2,1.0190582829580959,55,MAP_SCADA,0
5,teta,2,-0.2196261887143114,55,MAP_SCADA,0
6,v,3,1.0233172937408186,55,MAP_SCADA,0
7,teta,3,-0.17938975179989353,55,MAP_SCADA,0
8,v,4,1.0250716440204852,55,MAP_SCADA,0
9,teta,4,-0.15356043881554196,55,MAP_SCADA,0
10,v,5,1.0906908676780405,55,MAP_SCADA,0
11,teta,5,-0.24764875066208442,55,MAP_SCADA,0
12,v,6,1.067579674248191,55,MAP_SCADA,0
13,teta,6,-0.23063724420988896,55,MAP_SCADA,0
14,v,7,1.0891571109572584,55,MAP_SCADA,0
15,teta,7,-0.2306369620743342,55,MAP_SCADA,0
16,v,8,1.0663746384407318,55,MAP_SCADA,0
17,teta,8,-0.2570816812116813,55,MAP_SCADA,0
18,v,9,1.063314904505826,55,MAP_SCADA,0
19,teta,9,-0.2602714047099322,55,MAP_SCADA,0
20,v,10,1.0734078641427633,55,MAP_SCADA,0
21,teta,10,-0.2560797320907903,55,MAP_SCADA,0
22,v,11,1.0925154582893726,55,MAP_SCADA,0
23,teta,11,-0.27336232544104083,55,MAP_SCADA,0
24,v,12,1.0756486077484586,55,MAP_SCADA,0
25,teta,12,-0.2648185672962038,55,MAP_SCADA,0
26,v,13,1.0528429212592272,55,MAP_SCADA,0
27,teta,13,-0.2772790795032064,55,MAP_SCADA,0
28,v,14,1.0440456963153435,55,MAP_SCADA,0
29,teta,14,-0.07987479146961766,55,MAP_SCADA,0
30,v,15,1.121418706891967,55,MAP_SCADA,0
31,teta,15,-0.26403353100727234,55,MAP_SCADA,0
0,v,0,1.060680939624477,56,MAP_SCADA,0
1,teta,0,0.0,56,MAP_SCADA,0
2,v,1,1.0456464017918095,56,MAP_SCADA,0
3,teta,1,-0.08678624769220428,56,MAP_SCADA,0
4,v,2,1.0207538864850128,56,MAP_SCADA,0
5,teta,2,-0.22011189617201354,56,MAP_SCADA,0
6,v,3,1.024595672775232,56,MAP_SCADA,0
7,teta,3,-0.17967496277480638,56,MAP_SCADA,0
8,v,4,1.026358299094844,56,MAP_SCADA,0
9,teta,4,-0.1536500513613868,56,MAP_SCADA,0
10,v,5,1.0921605875589617,56,MAP_SCADA,0
11,teta,5,-0.2478980210132835,56,MAP_SCADA,0
12,v,6,1.0689656231254698,56,MAP_SCADA,0
13,teta,6,-0.2310672111126293,56,MAP_SCADA,0
14,v,7,1.090629091944393,56,MAP_SCADA,0
15,teta,7,-0.2310673825250612,56,MAP_SCADA,0
16,v,8,1.067755864518455,56,MAP_SCADA,0
17,teta,8,-0.2575847873970469,56,MAP_SCADA,0
18,v,9,1.0646979596272166,56,MAP_SCADA,0
19,teta,9,-0.2605813376809912,56,MAP_SCADA,0
20,v,10,1.0747042722977682,56,MAP_SCADA,0
21,teta,10,-0.2564552815977717,56,MAP_SCADA,0
22,v,11,1.0940638390672086,56,MAP_SCADA,0
23,teta,11,-0.27379544018649316,56,MAP_SCADA,0
24,v,12,1.0772703501658856,56,MAP_SCADA,0
25,teta,12,-0.2652172115119406,56,MAP_SCADA,0
26,v,13,1.0543061038500738,56,MAP_SCADA,0
27,teta,13,-0.2776931603168486,56,MAP_SCADA,0
28,v,14,1.045482543471838,56,MAP_SCADA,0
29,teta,14,-0.08119740277979116,56,MAP_SCADA,0
30,v,15,1.1228400120737032,56,MAP_SCADA,0
31,teta,15,-0.2645762256860655,56,MAP_SCADA,0
0,v,0,1.0603567514099919,57,MAP_SCADA,0
1,teta,0,0.0,57,MAP_SCADA,0
2,v,1,1.045143561925183,57,MAP_SCADA,0
3,teta,1,-0.08746164007302205,57,MAP_SCADA,0
4,v,2,1.0206660873790074,57,MAP_SCADA,0
5,teta,2,-0.22192418566842587,57,MAP_SCADA,0
6,v,3,1.024210013511317,57,MAP_SCADA,0
7,teta,3,-0.18052823862944128,57,MAP_SCADA,0
8,v,4,1.0259489979057057,57,MAP_SCADA,0
9,teta,4,-0.15436766472028687,57,MAP_SCADA,0
10,v,5,1.0916997774523924,57,MAP_SCADA,0
11,teta,5,-0.24879381465149164,57,MAP_SCADA,0
12,v,6,1.0685137629942256,57,MAP_SCADA,0
13,teta,6,-0.23185297261750196,57,MAP_SCADA,0
14,v,7,1.0901165580679941,57,MAP_SCADA,0
15,teta,7,-0.2318529303238175,57,MAP_SCADA,0
16,v,8,1.0673083452234131,57,MAP_SCADA,0
17,teta,8,-0.25833700337593174,57,MAP_SCADA,0
18,v,9,1.064299978185665,57,MAP_SCADA,0
19,teta,9,-0.2614561260784245,57,MAP_SCADA,0
20,v,10,1.0743760621028753,57,MAP_SCADA,0
21,teta,10,-0.25727419272172813,57,MAP_SCADA,0
22,v,11,1.0935979266327964,57,MAP_SCADA,0
23,teta,11,-0.2746117608674269,57,MAP_SCADA,0
24,v,12,1.0767606745398652,57,MAP_SCADA,0
25,teta,12,-0.2660034456087085,57,MAP_SCADA,0
26,v,13,1.053785913182263,57,MAP_SCADA,0
27,teta,13,-0.278443655463277,57,MAP_SCADA,0
28,v,14,1.0450289958247063,57,MAP_SCADA,0
29,teta,14,-0.08371096043686023,57,MAP_SCADA,0
30,v,15,1.1224136312000161,57,MAP_SCADA,0
31,teta,15,-0.265435012834776,57,MAP_SCADA,0
0,v,0,1.0599220009031058,58,MAP_SCADA,0
1,teta,0,0.0,58,MAP_SCADA,0
2,v,1,1.0450196705811101,58,MAP_SCADA,0
3,teta,1,-0.08670369829136763,58,MAP_SCADA,0
4,v,2,1.0200645683324963,58,MAP_SCADA,0
5,teta,2,-0.21997131504430237,58,MAP_SCADA,0
6,v,3,1.0238497396475736,58,MAP_SCADA,0
7,teta,3,-0.1798329646245628,58,MAP_SCADA,0
8,v,4,1.0256106823293285,58,MAP_SCADA,0
9,teta,4,-0.1537908823340025,58,MAP_SCADA,0
10,v,5,1.0914042467333072,58,MAP_SCADA,0
11,teta,5,-0.24843413389004357,58,MAP_SCADA,0
12,v,6,1.0682658712319468,58,MAP_SCADA,0
13,teta,6,-0.2313533225385574,58,MAP_SCADA,0
14,v,7,1.0899978986592216,58,MAP_SCADA,0
15,teta,7,-0.23135311112197407,58,MAP_SCADA,0
16,v,8,1.067051095528123,58,MAP_SCADA,0
17,teta,8,-0.2579353942518086,58,MAP_SCADA,0
18,v,9,1.0640375828164017,58,MAP_SCADA,0
19,teta,9,-0.2610186229558447,58,MAP_SCADA,0
20,v,10,1.0741231561102669,58,MAP_SCADA,0
21,teta,10,-0.25686077504630345,58,MAP_SCADA,0
22,v,11,1.093201529588957,58,MAP_SCADA,0
23,teta,11,-0.2742265948689622,58,MAP_SCADA,0
24,v,12,1.0763983869194076,58,MAP_SCADA,0
25,teta,12,-0.26566130281301986,58,MAP_SCADA,0
26,v,13,1.0534887500366545,58,MAP_SCADA,0
27,teta,13,-0.2781347527219765,58,MAP_SCADA,0
28,v,14,1.0448474659068485,58,MAP_SCADA,0
29,teta,14,-0.08078826961396066,58,MAP_SCADA,0
30,v,15,1.1219491472963026,58,MAP_SCADA,0
31,teta,15,-0.2650608002210462,58,MAP_SCADA,0
0,v,0,1.0575675205731692,59,MAP_SCADA,0
1,teta,0,0.0,59,MAP_SCADA,0
2,v,1,1.0427598209218196,59,MAP_SCADA,0
3,teta,1,-0.08695845236707798,59,MAP_SCADA,0
4,v,2,1.0173344523147023,59,MAP_SCADA,0
5,teta,2,-0.21749894162085998,59,MAP_SCADA,0
6,v,3,1.0216516951755987,59,MAP_SCADA,0
7,teta,3,-0.17884967908764163,59,MAP_SCADA,0
8,v,4,1.0234067735362085,59,MAP_SCADA,0
9,teta,4,-0.1531428275115763,59,MAP_SCADA,0
10,v,5,1.0888710042408252,59,MAP_SCADA,0
11,teta,5,-0.2477942085692917,59,MAP_SCADA,0
12,v,6,1.0659562062549763,59,MAP_SCADA,0
13,teta,6,-0.23066016830752623,59,MAP_SCADA,0
14,v,7,1.0876531913918046,59,MAP_SCADA,0
15,teta,7,-0.23065976105153474,59,MAP_SCADA,0
16,v,8,1.0647407188976075,59,MAP_SCADA,0
17,teta,8,-0.2573924520927375,59,MAP_SCADA,0
18,v,9,1.0615809886358771,59,MAP_SCADA,0
19,teta,9,-0.260503594745826,59,MAP_SCADA,0
20,v,10,1.071572793503822,59,MAP_SCADA,0
21,teta,10,-0.2562673550116531,59,MAP_SCADA,0
22,v,11,1.0910318395156486,59,MAP_SCADA,0
23,teta,11,-0.27429601546597693,59,MAP_SCADA,0
24,v,12,1.0740659691673984,59,MAP_SCADA,0
25,teta,12,-0.26562193024066105,59,MAP_SCADA,0
26,v,13,1.0510540203666028,59,MAP_SCADA,0
27,teta,13,-0.27793406984040714,59,MAP_SCADA,0
28,v,14,1.0425059786882598,59,MAP_SCADA,0
29,teta,14,-0.07782773193474954,59,MAP_SCADA,0
30,v,15,1.1200688862621737,59,MAP_SCADA,0
31,teta,15,-0.26500355525710884,59,MAP_SCADA,0
0,v,0,1.0609218979978872,60,MAP_SCADA,0
1,teta,0,0.0,60,MAP_SCADA,0
2,v,1,1.045934905651976,60,MAP_SCADA,0
3,teta,1,-0.08714336439397907,60,MAP_SCADA,0
4,v,2,1.0208092615734818,60,MAP_SCADA,0
5,teta,2,-0.21891145844152507,60,MAP_SCADA,0
6,v,3,1.0247947324367384,60,MAP_SCADA,0
7,teta,3,-0.179475778243402,60,MAP_SCADA,0
8,v,4,1.0265694923378463,60,MAP_SCADA,0
9,teta,4,-0.15360375067197862,60,MAP_SCADA,0
10,v,5,1.0923450205440057,60,MAP_SCADA,0
11,teta,5,-0.24796378315767764,60,MAP_SCADA,0
12,v,6,1.0692123578590789,60,MAP_SCADA,0
13,teta,6,-0.23092778814050208,60,MAP_SCADA,0
14,v,7,1.0909364489546494,60,MAP_SCADA,0
15,teta,7,-0.23092744822530697,60,MAP_SCADA,0
16,v,8,1.067990243836796,60,MAP_SCADA,0
17,teta,8,-0.2574758372295179,60,MAP_SCADA,0
18,v,9,1.0649786707682707,60,MAP_SCADA,0
19,teta,9,-0.26050121346087834,60,MAP_SCADA,0
20,v,10,1.0750776851489305,60,MAP_SCADA,0
21,teta,10,-0.25628817137719595,60,MAP_SCADA,0
22,v,11,1.094385663687054,60,MAP_SCADA,0
23,teta,11,-0.2738359468985561,60,MAP_SCADA,0
24,v,12,1.0775092369077646,60,MAP_SCADA,0
25,teta,12,-0.26515741628995265,60,MAP_SCADA,0
26,v,13,1.0545343725839924,60,MAP_SCADA,0
27,teta,13,-0.27750285177187367,60,MAP_SCADA,0
28,v,14,1.0457255782845007,60,MAP_SCADA,0
29,teta,14,-0.07990756706704451,60,MAP_SCADA,0
30,v,15,1.1232820321926047,60,MAP_SCADA,0
31,teta,15,-0.2647609403820697,60,MAP_SCADA,0
0,v,0,1.059369365692487,61,MAP_SCADA,0
1,teta,0,0.0,61,MAP_SCADA,0
2,v,1,1.0445518812922072,61,MAP_SCADA,0
3,teta,1,-0.08661584344789594,61,MAP_SCADA,0
4,v,2,1.0191711615850032,61,MAP_SCADA,0
5,teta,2,-0.21727941129620698,61,MAP_SCADA,0
6,v,3,1.0233516616765834,61,MAP_SCADA,0
7,teta,3,-0.17879688281995787,61,MAP_SCADA,0
8,v,4,1.0251361486614108,61,MAP_SCADA,0
9,teta,4,-0.15306239777969402,61,MAP_SCADA,0
10,v,5,1.090880006087583,61,MAP_SCADA,0
11,teta,5,-0.24781208409672473,61,MAP_SCADA,0
12,v,6,1.067790986471947,61,MAP_SCADA,0
13,teta,6,-0.23056042297693355,61,MAP_SCADA,0
14,v,7,1.0895597912303598,61,MAP_SCADA,0
15,teta,7,-0.23056024781469409,61,MAP_SCADA,0
16,v,8,1.0665812530956145,61,MAP_SCADA,0
17,teta,8,-0.2572666258274656,61,MAP_SCADA,0
18,v,9,1.0634709055898923,61,MAP_SCADA,0
19,teta,9,-0.2603624741763454,61,MAP_SCADA,0
20,v,10,1.0735554743320102,61,MAP_SCADA,0
21,teta,10,-0.25617086471275397,61,MAP_SCADA,0
22,v,11,1.0929614182982306,61,MAP_SCADA,0
23,teta,11,-0.27352583468394637,61,MAP_SCADA,0
24,v,12,1.0760742891835176,61,MAP_SCADA,0
25,teta,12,-0.2649432862698303,61,MAP_SCADA,0
26,v,13,1.053064154278401,61,MAP_SCADA,0
27,teta,13,-0.277438383080157,61,MAP_SCADA,0
28,v,14,1.0443099913088452,61,MAP_SCADA,0
29,teta,14,-0.07796383660319045,61,MAP_SCADA,0
30,v,15,1.121855344010986,61,MAP_SCADA,0
31,teta,15,-0.2642590252493091,61,MAP_SCADA,0
0,v,0,1.0602784148295277,62,MAP_SCADA,0
1,teta,0,0.0,62,MAP_SCADA,0
2,v,1,1.045334098433858,62,MAP_SCADA,0
3,teta,1,-0.08601557450324536,62,MAP_SCADA,0
4,v,2,1.0207274608646248,62,MAP_SCADA,0
5,teta,2,-0.219748162649906,62,MAP_SCADA,0
6,v,3,1.024282222305607,62,MAP_SCADA,0
7,teta,3,-0.17913977336561457,62,MAP_SCADA,0
8,v,4,1.0260060398490891,62,MAP_SCADA,0
9,teta,4,-0.15315295940213353,62,MAP_SCADA,0
10,v,5,1.0915977255412188,62,MAP_SCADA,0
11,teta,5,-0.24774582815524768,62,MAP_SCADA,0
12,v,6,1.0686151562537447,62,MAP_SCADA,0
13,teta,6,-0.23066828841242387,62,MAP_SCADA,0
14,v,7,1.0902581101049182,62,MAP_SCADA,0
15,teta,7,-0.23066839486325527,62,MAP_SCADA,0
16,v,8,1.0674079704944393,62,MAP_SCADA,0
17,teta,8,-0.2572567014433763,62,MAP_SCADA,0
18,v,9,1.0642982006034531,62,MAP_SCADA,0
19,teta,9,-0.2603683834272407,62,MAP_SCADA,0
20,v,10,1.0742888319228456,62,MAP_SCADA,0
21,teta,10,-0.2562006450348807,62,MAP_SCADA,0
22,v,11,1.0936988978307651,62,MAP_SCADA,0
23,teta,11,-0.27376155136506464,62,MAP_SCADA,0
24,v,12,1.0768051996295165,62,MAP_SCADA,0
25,teta,12,-0.26524343911783127,62,MAP_SCADA,0
26,v,13,1.0537231757793197,62,MAP_SCADA,0
27,teta,13,-0.27774403103681305,62,MAP_SCADA,0
28,v,14,1.0451906458054525,62,MAP_SCADA,0
29,teta,14,-0.08130749282756822,62,MAP_SCADA,0
30,v,15,1.1226302717670122,62,MAP_SCADA,0
31,teta,15,-0.2644908617548324,62,MAP_SCADA,0
0,v,0,1.061832224456585,63,MAP_SCADA,0
1,teta,0,0.0,63,MAP_SCADA,0
2,v,1,1.0467528122371574,63,MAP_SCADA,0
3,teta,1,-0.08621320775714064,63,MAP_SCADA,0
4,v,2,1.021951979726799,63,MAP_SCADA,0
5,teta,2,-0.21972840691297585,63,MAP_SCADA,0
6,v,3,1.0257344654547251,63,MAP_SCADA,0
7,teta,3,-0.17923089683032317,63,MAP_SCADA,0
8,v,4,1.0274724320626156,63,MAP_SCADA,0
9,teta,4,-0.15332391916634497,63,MAP_SCADA,0
10,v,5,1.0934338574137692,63,MAP_SCADA,0
11,teta,5,-0.24821675967200907,63,MAP_SCADA,0
12,v,6,1.0701974150141547,63,MAP_SCADA,0
13,teta,6,-0.23099635729746504,63,MAP_SCADA,0
14,v,7,1.0919423307084872,63,MAP_SCADA,0
15,teta,7,-0.23099665859478466,63,MAP_SCADA,0
16,v,8,1.0689895352322152,63,MAP_SCADA,0
17,teta,8,-0.25770512481134755,63,MAP_SCADA,0
18,v,9,1.06595847038035,63,MAP_SCADA,0
19,teta,9,-0.2606951656806469,63,MAP_SCADA,0
20,v,10,1.0760175375109096,63,MAP_SCADA,0
21,teta,10,-0.25652144653135645,63,MAP_SCADA,0
22,v,11,1.0950289930749058,63,MAP_SCADA,0
23,teta,11,-0.2743684765168238,63,MAP_SCADA,0
24,v,12,1.0782867500824291,63,MAP_SCADA,0
25,teta,12,-0.26586560064939496,63,MAP_SCADA,0
26,v,13,1.055375200209393,63,MAP_SCADA,0
27,teta,13,-0.2780611316261148,63,MAP_SCADA,0
28,v,14,1.046598300710798,63,MAP_SCADA,0
29,teta,14,-0.08102981383061314,63,MAP_SCADA,0
30,v,15,1.123703335084925,63,MAP_SCADA,0
31,teta,15,-0.26515154085830983,63,MAP_SCADA,0
0,v,0,1.0591413968213101,64,MAP_SCADA,0
1,teta,0,0.0,64,MAP_SCADA,0
2,v,1,1.044062223345492,64,MAP_SCADA,0
3,teta,1,-0.08733173343414359,64,MAP_SCADA,0
4,v,2,1.0195839081124507,64,MAP_SCADA,0
5,teta,2,-0.22071691768569826,64,MAP_SCADA,0
6,v,3,1.0230868031565798,64,MAP_SCADA,0
7,teta,3,-0.18031222233124106,64,MAP_SCADA,0
8,v,4,1.0248034506485788,64,MAP_SCADA,0
9,teta,4,-0.15426221453620925,64,MAP_SCADA,0
10,v,5,1.090458578697575,64,MAP_SCADA,0
11,teta,5,-0.24894694060743608,64,MAP_SCADA,0
12,v,6,1.0674656724817548,64,MAP_SCADA,0
13,teta,6,-0.23200520918765632,64,MAP_SCADA,0
14,v,7,1.0891809056292328,64,MAP_SCADA,0
15,teta,7,-0.2320052593988479,64,MAP_SCADA,0
16,v,8,1.0662574078947327,64,MAP_SCADA,0
17,teta,8,-0.25867608765106304,64,MAP_SCADA,0
18,v,9,1.063213069311587,64,MAP_SCADA,0
19,teta,9,-0.26168719919960165,64,MAP_SCADA,0
20,v,10,1.0732363821758129,64,MAP_SCADA,0
21,teta,10,-0.25750268695466905,64,MAP_SCADA,0
22,v,11,1.0924153246806911,64,MAP_SCADA,0
23,teta,11,-0.27522502230390194,64,MAP_SCADA,0
24,v,12,1.0756064742194418,64,MAP_SCADA,0
25,teta,12,-0.26673778293229955,64,MAP_SCADA,0
26,v,13,1.0526389565172494,64,MAP_SCADA,0
27,teta,13,-0.27911742577728094,64,MAP_SCADA,0
28,v,14,1.0439242901570174,64,MAP_SCADA,0
29,teta,14,-0.08284006293970388,64,MAP_SCADA,0
30,v,15,1.1211978149528616,64,MAP_SCADA,0
31,teta,15,-0.26589683479078363,64,MAP_SCADA,0
0,v,0,1.0582543588737863,65,MAP_SCADA,0
1,teta,0,0.0,65,MAP_SCADA,0
2,v,1,1.0434636575716258,65,MAP_SCADA,0
3,teta,1,-0.08627494373961196,65,MAP_SCADA,0
4,v,2,1.0182470802470671,65,MAP_SCADA,0
5,teta,2,-0.2193803690386827,65,MAP_SCADA,0
6,v,3,1.022237766197922,65,MAP_SCADA,0
7,teta,3,-0.17950817925529006,65,MAP_SCADA,0
8,v,4,1.0240063977965954,65,MAP_SCADA,0
9,teta,4,-0.1535417930881223,65,MAP_SCADA,0
10,v,5,1.0897534826824298,65,MAP_SCADA,0
11,teta,5,-0.2484514058723979,65,MAP_SCADA,0
12,v,6,1.066610011778975,65,MAP_SCADA,0
13,teta,6,-0.231185298889632,65,MAP_SCADA,0
14,v,7,1.0883406370559456,65,MAP_SCADA,0
15,teta,7,-0.23118508513345365,65,MAP_SCADA,0
16,v,8,1.0653970853125738,65,MAP_SCADA,0
17,teta,8,-0.25784755021350514,65,MAP_SCADA,0
18,v,9,1.0623441538712177,65,MAP_SCADA,0
19,teta,9,-0.26103446503774513,65,MAP_SCADA,0
20,v,10,1.072413536424545,65,MAP_SCADA,0
21,teta,10,-0.25678528422711583,65,MAP_SCADA,0
22,v,11,1.0915312971207307,65,MAP_SCADA,0
23,teta,11,-0.27454752324319925,65,MAP_SCADA,0
24,v,12,1.0746985104213425,65,MAP_SCADA,0
25,teta,12,-0.26596485759096516,65,MAP_SCADA,0
26,v,13,1.0517132039005637,65,MAP_SCADA,0
27,teta,13,-0.27831606766513306,65,MAP_SCADA,0
28,v,14,1.0432537152389207,65,MAP_SCADA,0
29,teta,14,-0.07892991977437946,65,MAP_SCADA,0
30,v,15,1.1204272663333397,65,MAP_SCADA,0
31,teta,15,-0.2652250249748689,65,MAP_SCADA,0
0,v,0,1.0593273357285486,66,MAP_SCADA,0
1,teta,0,0.0,66,MAP_SCADA,0
2,v,1,1.0443193505691974,66,MAP_SCADA,0
3,teta,1,-0.08726018136954325,66,MAP_SCADA,0
4,v,2,1.0198242639042896,66,MAP_SCADA,0
5,teta,2,-0.22242144364896074,66,MAP_SCADA,0
6,v,3,1.0232511892620713,66,MAP_SCADA,0
7,teta,3,-0.18082075807675366,66,MAP_SCADA,0
8,v,4,1.0249504737744506,66,MAP_SCADA,0
9,teta,4,-0.154651034014123,66,MAP_SCADA,0
10,v,5,1.0906402934948876,66,MAP_SCADA,0
11,teta,5,-0.24968308799377212,66,MAP_SCADA,0
12,v,6,1.0675528226363244,66,MAP_SCADA,0
13,teta,6,-0.23242580978856922,66,MAP_SCADA,0
14,v,7,1.0891967502027433,66,MAP_SCADA,0
15,teta,7,-0.23242601076498431,66,MAP_SCADA,0
16,v,8,1.0663429337469827,66,MAP_SCADA,0
17,teta,8,-0.25905339440667857,66,MAP_SCADA,0
18,v,9,1.0632362451881145,66,MAP_SCADA,0
19,teta,9,-0.26218695659832264,66,MAP_SCADA,0
20,v,10,1.0733941428466862,66,MAP_SCADA,0
21,teta,10,-0.25804380233741314,66,MAP_SCADA,0
22,v,11,1.0925969588981495,66,MAP_SCADA,0
23,teta,11,-0.27589143200703437,66,MAP_SCADA,0
24,v,12,1.075620846296486,66,MAP_SCADA,0
25,teta,12,-0.26727007429832805,66,MAP_SCADA,0
26,v,13,1.0527510546289074,66,MAP_SCADA,0
27,teta,13,-0.279381839390198,66,MAP_SCADA,0
28,v,14,1.04419726866592,66,MAP_SCADA,0
29,teta,14,-0.08330427669708887,66,MAP_SCADA,0
30,v,15,1.1215974736153576,66,MAP_SCADA,0
31,teta,15,-0.2665581432957819,66,MAP_SCADA,0
0,v,0,1.0621871025601484,67,MAP_SCADA,0
1,teta,0,0.0,67,MAP_SCADA,0
2,v,1,1.047167279617971,67,MAP_SCADA,0
3,teta,1,-0.08669902745369895,67,MAP_SCADA,0
4,v,2,1.0220017263188141,67,MAP_SCADA,0
5,teta,2,-0.21805387532356202,67,MAP_SCADA,0
6,v,3,1.02610029632912,67,MAP_SCADA,0
7,teta,3,-0.1787172656892361,67,MAP_SCADA,0
8,v,4,1.0278783121800632,67,MAP_SCADA,0
9,teta,4,-0.15292430041172422,67,MAP_SCADA,0
10,v,5,1.0936505515693813,67,MAP_SCADA,0
11,teta,5,-0.24699836211617615,67,MAP_SCADA,0
12,v,6,1.0704998273660424,67,MAP_SCADA,0
13,teta,6,-0.22993299117949467,67,MAP_SCADA,0
14,v,7,1.0921294954859901,67,MAP_SCADA,0
15,teta,7,-0.2299335201202876,67,MAP_SCADA,0
16,v,8,1.0693029821691065,67,MAP_SCADA,0
17,teta,8,-0.25635983086160397,67,MAP_SCADA,0
18,v,9,1.066282824164554,67,MAP_SCADA,0
19,teta,9,-0.2594560231491832,67,MAP_SCADA,0
20,v,10,1.0763723519692363,67,MAP_SCADA,0
21,teta,10,-0.25529996883989275,67,MAP_SCADA,0
22,v,11,1.0955129675159607,67,MAP_SCADA,0
23,teta,11,-0.27256039100290025,67,MAP_SCADA,0
24,v,12,1.0786669893425387,67,MAP_SCADA,0
25,teta,12,-0.26403750970470036,67,MAP_SCADA,0
26,v,13,1.0557548603658482,67,MAP_SCADA,0
27,teta,13,-0.2765581055710648,67,MAP_SCADA,0
28,v,14,1.0469590037957859,67,MAP_SCADA,0
29,teta,14,-0.079439835293425,67,MAP_SCADA,0
30,v,15,1.124385144792913,67,MAP_SCADA,0
31,teta,15,-0.26317312714658536,67,MAP_SCADA,0
0,v,0,1.058349721492213,68,MAP_SCADA,0
1,teta,0,0.0,68,MAP_SCADA,0
2,v,1,1.0433754407463793,68,MAP_SCADA,0
3,teta,1,-0.08684879343046659,68,MAP_SCADA,0
4,v,2,1.0192323026259913,68,MAP_SCADA,0
5,teta,2,-0.22274899013004396,68,MAP_SCADA,0
6,v,3,1.022298395195506,68,MAP_SCADA,0
7,teta,3,-0.1811021406003781,68,MAP_SCADA,0
8,v,4,1.0239995933959591,68,MAP_SCADA,0
9,teta,4,-0.15476536219302395,68,MAP_SCADA,0
10,v,5,1.089709803526901,68,MAP_SCADA,0
11,teta,5,-0.24975202653470455,68,MAP_SCADA,0
12,v,6,1.0666046770309865,68,MAP_SCADA,0
13,teta,6,-0.23275505481056932,68,MAP_SCADA,0
14,v,7,1.0882824372114777,68,MAP_SCADA,0
15,teta,7,-0.23275549172078636,68,MAP_SCADA,0
16,v,8,1.0653883856721829,68,MAP_SCADA,0
17,teta,8,-0.2594062091860551,68,MAP_SCADA,0
18,v,9,1.0623406771059791,68,MAP_SCADA,0
19,teta,9,-0.2624811538982064,68,MAP_SCADA,0
20,v,10,1.0723847776372155,68,MAP_SCADA,0
21,teta,10,-0.2582414507105892,68,MAP_SCADA,0
22,v,11,1.0914942281692457,68,MAP_SCADA,0
23,teta,11,-0.2761264949809796,68,MAP_SCADA,0
24,v,12,1.0746364128971848,68,MAP_SCADA,0
25,teta,12,-0.26758647193654295,68,MAP_SCADA,0
26,v,13,1.0516970350074795,68,MAP_SCADA,0
27,teta,13,-0.2799107061370328,68,MAP_SCADA,0
28,v,14,1.0433071541401606,68,MAP_SCADA,0
29,teta,14,-0.08467374560138159,68,MAP_SCADA,0
30,v,15,1.1203721940234472,68,MAP_SCADA,0
31,teta,15,-0.26678010038593525,68,MAP_SCADA,0
0,v,0,1.0600694224183318,69,MAP_SCADA,0
1,teta,0,0.0,69,MAP_SCADA,0
2,v,1,1.0452103877084582,69,MAP_SCADA,0
3,teta,1,-0.08644410478835075,69,MAP_SCADA,0
4,v,2,1.0198953873459704,69,MAP_SCADA,0
5,teta,2,-0.21695556830305696,69,MAP_SCADA,0
6,v,3,1.024075056698869,69,MAP_SCADA,0
7,teta,3,-0.17851949055648336,69,MAP_SCADA,0
8,v,4,1.0258710535154045,69,MAP_SCADA,0
9,teta,4,-0.1527909918511582,69,MAP_SCADA,0
10,v,5,1.0916695889644241,69,MAP_SCADA,0
11,teta,5,-0.24704851950776058,69,MAP_SCADA,0
12,v,6,1.0684642879626887,69,MAP_SCADA,0
13,teta,6,-0.2300219973779318,69,MAP_SCADA,0
14,v,7,1.0901463141089698,69,MAP_SCADA,0
15,teta,7,-0.23002156585955674,69,MAP_SCADA,0
16,v,8,1.0672634101263285,69,MAP_SCADA,0
17,teta,8,-0.2565955658367736,69,MAP_SCADA,0
18,v,9,1.0642145901617752,69,MAP_SCADA,0
19,teta,9,-0.2597523626956739,69,MAP_SCADA,0
20,v,10,1.0743563372333456,69,MAP_SCADA,0
21,teta,10,-0.2555598972080731,69,MAP_SCADA,0
22,v,11,1.093563078562808,69,MAP_SCADA,0
23,teta,11,-0.2730016389962312,69,MAP_SCADA,0
24,v,12,1.076725380119726,69,MAP_SCADA,0
25,teta,12,-0.2644027667051816,69,MAP_SCADA,0
26,v,13,1.0536802344287148,69,MAP_SCADA,0
27,teta,13,-0.2769021404636586,69,MAP_SCADA,0
28,v,14,1.0449755884032883,69,MAP_SCADA,0
29,teta,14,-0.07809296734568082,69,MAP_SCADA,0
30,v,15,1.1224274818908215,69,MAP_SCADA,0
31,teta,15,-0.26382530862091014,69,MAP_SCADA,0
0,v,0,1.0582796094814926,70,MAP_SCADA,0
1,teta,0,0.0,70,MAP_SCADA,0
2,v,1,1.043359547015933,70,MAP_SCADA,0
3,teta,1,-0.08724749962775627,70,MAP_SCADA,0
4,v,2,1.0186811780718743,70,MAP_SCADA,0
5,teta,2,-0.2216080640042914,70,MAP_SCADA,0
6,v,3,1.0222236387146044,70,MAP_SCADA,0
7,teta,3,-0.18075389726673885,70,MAP_SCADA,0
8,v,4,1.0239433586678703,70,MAP_SCADA,0
9,teta,4,-0.1545505820667058,70,MAP_SCADA,0
10,v,5,1.0895051366857067,70,MAP_SCADA,0
11,teta,5,-0.249576514716754,70,MAP_SCADA,0
12,v,6,1.0665911220402498,70,MAP_SCADA,0
13,teta,6,-0.2324143049076748,70,MAP_SCADA,0
14,v,7,1.0883159034212493,70,MAP_SCADA,0
15,teta,7,-0.2324146693825798,70,MAP_SCADA,0
16,v,8,1.0653787634408716,70,MAP_SCADA,0
17,teta,8,-0.25906766050600477,70,MAP_SCADA,0
18,v,9,1.062288218491814,70,MAP_SCADA,0
19,teta,9,-0.2621637696177613,70,MAP_SCADA,0
20,v,10,1.0722602637280438,70,MAP_SCADA,0
21,teta,10,-0.2580275919547238,70,MAP_SCADA,0
22,v,11,1.0916196867551846,70,MAP_SCADA,0
23,teta,11,-0.27559376045722167,70,MAP_SCADA,0
24,v,12,1.0747238258918306,70,MAP_SCADA,0
25,teta,12,-0.2669089286976624,70,MAP_SCADA,0
26,v,13,1.0517858365832433,70,MAP_SCADA,0
27,teta,13,-0.2792697906216629,70,MAP_SCADA,0
28,v,14,1.0432149559439967,70,MAP_SCADA,0
29,teta,14,-0.08242752576306045,70,MAP_SCADA,0
30,v,15,1.1206060642330355,70,MAP_SCADA,0
31,teta,15,-0.26630425805549746,70,MAP_SCADA,0
0,v,0,1.0600463925325387,71,MAP_SCADA,0
1,teta,0,0.0,71,MAP_SCADA,0
2,v,1,1.0451392543842482,71,MAP_SCADA,0
3,teta,1,-0.08633584399929671,71,MAP_SCADA,0
4,v,2,1.019899727025888,71,MAP_SCADA,0
5,teta,2,-0.21780168751392587,71,MAP_SCADA,0
6,v,3,1.0240463126737684,71,MAP_SCADA,0
7,teta,3,-0.17868424257923093,71,MAP_SCADA,0
8,v,4,1.0258319172084582,71,MAP_SCADA,0
9,teta,4,-0.15288581124029615,71,MAP_SCADA,0
10,v,5,1.0916308851623076,71,MAP_SCADA,0
11,teta,5,-0.2470231891430725,71,MAP_SCADA,0
12,v,6,1.0684729962862223,71,MAP_SCADA,0
13,teta,6,-0.23014920165179098,71,MAP_SCADA,0
14,v,7,1.0901981960594158,71,MAP_SCADA,0
15,teta,7,-0.23014951738080228,71,MAP_SCADA,0
16,v,8,1.0672635295133417,71,MAP_SCADA,0
17,teta,8,-0.25670218411666607,71,MAP_SCADA,0
18,v,9,1.0642649485576017,71,MAP_SCADA,0
19,teta,9,-0.25965867509109003,71,MAP_SCADA,0
20,v,10,1.0743872785208948,71,MAP_SCADA,0
21,teta,10,-0.25537462333654,71,MAP_SCADA,0
22,v,11,1.0935719978590064,71,MAP_SCADA,0
23,teta,11,-0.2727769933164696,71,MAP_SCADA,0
24,v,12,1.076734184146452,71,MAP_SCADA,0
25,teta,12,-0.26425385610460034,71,MAP_SCADA,0
26,v,13,1.053778235955967,71,MAP_SCADA,0
27,teta,13,-0.27677735131072567,71,MAP_SCADA,0
28,v,14,1.0449132865810236,71,MAP_SCADA,0
29,teta,14,-0.07843627067921828,71,MAP_SCADA,0
30,v,15,1.1224333845104915,71,MAP_SCADA,0
31,teta,15,-0.26352077405208324,71,MAP_SCADA,0
0,v,0,1.0606216308615488,72,MAP_SCADA,0
1,teta,0,0.0,72,MAP_SCADA,0
2,v,1,1.0457585577876203,72,MAP_SCADA,0
3,teta,1,-0.08650019242713633,72,MAP_SCADA,0
4,v,2,1.0206251887923483,72,MAP_SCADA,0
5,teta,2,-0.21849720742938047,72,MAP_SCADA,0
6,v,3,1.024569745655378,72,MAP_SCADA,0
7,teta,3,-0.17913182072011433,72,MAP_SCADA,0
8,v,4,1.0263497291175252,72,MAP_SCADA,0
9,teta,4,-0.1531957357542145,72,MAP_SCADA,0
10,v,5,1.0919918747964943,72,MAP_SCADA,0
11,teta,5,-0.24737966059341462,72,MAP_SCADA,0
12,v,6,1.0689877074280707,72,MAP_SCADA,0
13,teta,6,-0.2304512606959246,72,MAP_SCADA,0
14,v,7,1.0906945464464228,72,MAP_SCADA,0
15,teta,7,-0.2304514067092501,72,MAP_SCADA,0
16,v,8,1.0677732619131615,72,MAP_SCADA,0
17,teta,8,-0.2569302075468963,72,MAP_SCADA,0
18,v,9,1.0647084610726865,72,MAP_SCADA,0
19,teta,9,-0.2599940170853861,72,MAP_SCADA,0
20,v,10,1.0746560710290234,72,MAP_SCADA,0
21,teta,10,-0.25573140341231304,72,MAP_SCADA,0
22,v,11,1.094009600756218,72,MAP_SCADA,0
23,teta,11,-0.2731758294562512,72,MAP_SCADA,0
24,v,12,1.0771791637535195,72,MAP_SCADA,0
25,teta,12,-0.2645957240443416,72,MAP_SCADA,0
26,v,13,1.0542927034697638,72,MAP_SCADA,0
27,teta,13,-0.276914452010712,72,MAP_SCADA,0
28,v,14,1.0455544324558201,72,MAP_SCADA,0
29,teta,14,-0.07940597805065215,72,MAP_SCADA,0
30,v,15,1.122884227381099,72,MAP_SCADA,0
31,teta,15,-0.2638428094350323,72,MAP_SCADA,0
0,v,0,1.0608709697262544,73,MAP_SCADA,0
1,teta,0,0.0,73,MAP_SCADA,0
2,v,1,1.0459424935325523,73,MAP_SCADA,0
3,teta,1,-0.08663345087249616,73,MAP_SCADA,0
4,v,2,1.0211616368399064,73,MAP_SCADA,0
5,teta,2,-0.22200188821905165,73,MAP_SCADA,0
6,v,3,1.0247385102799422,73,MAP_SCADA,0
7,teta,3,-0.18042120570613052,73,MAP_SCADA,0
8,v,4,1.0264851360580152,73,MAP_SCADA,0
9,teta,4,-0.15420623746618572,73,MAP_SCADA,0
10,v,5,1.0923084006878852,73,MAP_SCADA,0
11,teta,5,-0.24902756903908554,73,MAP_SCADA,0
12,v,6,1.0691229354532423,73,MAP_SCADA,0
13,teta,6,-0.23197611137880098,73,MAP_SCADA,0
14,v,7,1.090798112605851,73,MAP_SCADA,0
15,teta,7,-0.23197658057245582,73,MAP_SCADA,0
16,v,8,1.0679189238755933,73,MAP_SCADA,0
17,teta,8,-0.25857701811924505,73,MAP_SCADA,0
18,v,9,1.064839342347608,73,MAP_SCADA,0
19,teta,9,-0.26158294729658865,73,MAP_SCADA,0
20,v,10,1.074912778358402,73,MAP_SCADA,0
21,teta,10,-0.25730470924446414,73,MAP_SCADA,0
22,v,11,1.0940273122825805,73,MAP_SCADA,0
23,teta,11,-0.27506233403993585,73,MAP_SCADA,0
24,v,12,1.0772588624538089,73,MAP_SCADA,0
25,teta,12,-0.2665091831662404,73,MAP_SCADA,0
26,v,13,1.0543813108297548,73,MAP_SCADA,0
27,teta,13,-0.2786835594712392,73,MAP_SCADA,0
28,v,14,1.0458010135027407,73,MAP_SCADA,0
29,teta,14,-0.08193621192676404,73,MAP_SCADA,0
30,v,15,1.1228048516813984,73,MAP_SCADA,0
31,teta,15,-0.2658283328030815,73,MAP_SCADA,0
0,v,0,1.0601586557543765,74,MAP_SCADA,0
1,teta,0,0.0,74,MAP_SCADA,0
2,v,1,1.0450827885496754,74,MAP_SCADA,0
3,teta,1,-0.0875153537455558,74,MAP_SCADA,0
4,v,2,1.019987152760986,74,MAP_SCADA,0
5,teta,2,-0.21892974948176683,74,MAP_SCADA,0
6,v,3,1.0240861100383691,74,MAP_SCADA,0
7,teta,3,-0.1796173876383313,74,MAP_SCADA,0
8,v,4,1.0258422342960731,74,MAP_SCADA,0
9,teta,4,-0.15378663078010435,74,MAP_SCADA,0
10,v,5,1.091677753161965,74,MAP_SCADA,0
11,teta,5,-0.2484316796556043,74,MAP_SCADA,0
12,v,6,1.068531905376697,74,MAP_SCADA,0
13,teta,6,-0.2311099141896904,74,MAP_SCADA,0
14,v,7,1.090272643565621,74,MAP_SCADA,0
15,teta,7,-0.23111019340886316,74,MAP_SCADA,0
16,v,8,1.0673235388418223,74,MAP_SCADA,0
17,teta,8,-0.257676672671666,74,MAP_SCADA,0
18,v,9,1.0642480232908689,74,MAP_SCADA,0
19,teta,9,-0.2608583398556099,74,MAP_SCADA,0
20,v,10,1.0743156384302823,74,MAP_SCADA,0
21,teta,10,-0.2567132804166153,74,MAP_SCADA,0
22,v,11,1.0935923655403406,74,MAP_SCADA,0
23,teta,11,-0.2738661613958566,74,MAP_SCADA,0
24,v,12,1.076697883110799,74,MAP_SCADA,0
25,teta,12,-0.26537630961922076,74,MAP_SCADA,0
26,v,13,1.0537856749072152,74,MAP_SCADA,0
27,teta,13,-0.27783106792073947,74,MAP_SCADA,0
28,v,14,1.044865206155647,74,MAP_SCADA,0
29,teta,14,-0.08003861787828796,74,MAP_SCADA,0
30,v,15,1.1223543518382775,74,MAP_SCADA,0
31,teta,15,-0.2646799004914992,74,MAP_SCADA,0
0,v,0,1.058453843822271,75,MAP_SCADA,0
1,teta,0,0.0,75,MAP_SCADA,0
2,v,1,1.0433968064133543,75,MAP_SCADA,0
3,teta,1,-0.08787022468173973,75,MAP_SCADA,0
4,v,2,1.019123041898482,75,MAP_SCADA,0
5,teta,2,-0.22303671763528468,75,MAP_SCADA,0
6,v,3,1.022356678649325,75,MAP_SCADA,0
7,teta,3,-0.18153210093120617,75,MAP_SCADA,0
8,v,4,1.0240534590141661,75,MAP_SCADA,0
9,teta,4,-0.15525557215029856,75,MAP_SCADA,0
10,v,5,1.089770309539691,75,MAP_SCADA,0
11,teta,5,-0.25047394475128726,75,MAP_SCADA,0
12,v,6,1.066640040665589,75,MAP_SCADA,0
13,teta,6,-0.23321388815437685,75,MAP_SCADA,0
14,v,7,1.0882897177553477,75,MAP_SCADA,0
15,teta,7,-0.23321389079424742,75,MAP_SCADA,0
16,v,8,1.0654298618988207,75,MAP_SCADA,0
17,teta,8,-0.2598806898789853,75,MAP_SCADA,0
18,v,9,1.062395226837242,75,MAP_SCADA,0
19,teta,9,-0.2631115208622285,75,MAP_SCADA,0
20,v,10,1.0725090523661647,75,MAP_SCADA,0
21,teta,10,-0.25894129105595104,75,MAP_SCADA,0
22,v,11,1.091619298667855,75,MAP_SCADA,0
23,teta,11,-0.2764226099270686,75,MAP_SCADA,0
24,v,12,1.0747748615287458,75,MAP_SCADA,0
25,teta,12,-0.2678443008341401,75,MAP_SCADA,0
26,v,13,1.0517836274428571,75,MAP_SCADA,0
27,teta,13,-0.2803453416515432,75,MAP_SCADA,0
28,v,14,1.0432920188882389,75,MAP_SCADA,0
29,teta,14,-0.08454513351891253,75,MAP_SCADA,0
30,v,15,1.1205751324587898,75,MAP_SCADA,0
31,teta,15,-0.2670410809445141,75,MAP_SCADA,0
0,v,0,1.0586895901938849,76,MAP_SCADA,0
1,teta,0,0.0,76,MAP_SCADA,0
2,v,1,1.043563323854845,76,MAP_SCADA,0
3,teta,1,-0.08758949637397909,76,MAP_SCADA,0
4,v,2,1.0197859557507323,76,MAP_SCADA,0
5,teta,2,-0.22444612061582758,76,MAP_SCADA,0
6,v,3,1.0226235183137355,76,MAP_SCADA,0
7,teta,3,-0.18185007679025986,76,MAP_SCADA,0
8,v,4,1.0242682722644718,76,MAP_SCADA,0
9,teta,4,-0.15545177263788312,76,MAP_SCADA,0
10,v,5,1.0899854274303165,76,MAP_SCADA,0
11,teta,5,-0.25096609261458325,76,MAP_SCADA,0
12,v,6,1.0669002113300126,76,MAP_SCADA,0
13,teta,6,-0.23362315130799782,76,MAP_SCADA,0
14,v,7,1.0885569811303473,76,MAP_SCADA,0
15,teta,7,-0.23362238194122859,76,MAP_SCADA,0
16,v,8,1.0656831853741089,76,MAP_SCADA,0
17,teta,8,-0.2603381381330974,76,MAP_SCADA,0
18,v,9,1.0626582803010527,76,MAP_SCADA,0
19,teta,9,-0.2633513856574551,76,MAP_SCADA,0
20,v,10,1.072660471525055,76,MAP_SCADA,0
21,teta,10,-0.2592019978256249,76,MAP_SCADA,0
22,v,11,1.0919769870902445,76,MAP_SCADA,0
23,teta,11,-0.2767021407475618,76,MAP_SCADA,0
24,v,12,1.07507762024792,76,MAP_SCADA,0
25,teta,12,-0.2680677571702557,76,MAP_SCADA,0
26,v,13,1.0521041635477446,76,MAP_SCADA,0
27,teta,13,-0.28057734756554287,76,MAP_SCADA,0
28,v,14,1.0435442400996549,76,MAP_SCADA,0
29,teta,14,-0.0870039769727708,76,MAP_SCADA,0
30,v,15,1.1209130768531124,76,MAP_SCADA,0
31,teta,15,-0.26745138397415785,76,MAP_SCADA,0
0,v,0,1.060835310790395,77,MAP_SCADA,0
1,teta,0,0.0,77,MAP_SCADA,0
2,v,1,1.045788981746018,77,MAP_SCADA,0
3,teta,1,-0.08695354276042416,77,MAP_SCADA,0
4,v,2,1.0208690880400901,77,MAP_SCADA,0
5,teta,2,-0.2200274454980992,77,MAP_SCADA,0
6,v,3,1.0247585067395801,77,MAP_SCADA,0
7,teta,3,-0.17957390145213267,77,MAP_SCADA,0
8,v,4,1.0264755597824187,77,MAP_SCADA,0
9,teta,4,-0.15367907274615103,77,MAP_SCADA,0
10,v,5,1.0921749041608817,77,MAP_SCADA,0
11,teta,5,-0.24857687385856844,77,MAP_SCADA,0
12,v,6,1.0691321635236488,77,MAP_SCADA,0
13,teta,6,-0.23108056263412813,77,MAP_SCADA,0
14,v,7,1.0907918323073553,77,MAP_SCADA,0
15,teta,7,-0.23108113060331506,77,MAP_SCADA,0
16,v,8,1.0679298831927573,77,MAP_SCADA,0
17,teta,8,-0.25765677532978204,77,MAP_SCADA,0
18,v,9,1.064833759539617,77,MAP_SCADA,0
19,teta,9,-0.2608343869230745,77,MAP_SCADA,0
20,v,10,1.0748792993143543,77,MAP_SCADA,0
21,teta,10,-0.25674159585485345,77,MAP_SCADA,0
22,v,11,1.094239479179063,77,MAP_SCADA,0
23,teta,11,-0.2740832262542083,77,MAP_SCADA,0
24,v,12,1.0774308377359356,77,MAP_SCADA,0
25,teta,12,-0.2655304721598139,77,MAP_SCADA,0
26,v,13,1.0544218732543535,77,MAP_SCADA,0
27,teta,13,-0.27790086991860463,77,MAP_SCADA,0
28,v,14,1.0456103589513326,77,MAP_SCADA,0
29,teta,14,-0.08091642426311148,77,MAP_SCADA,0
30,v,15,1.1230845084955325,77,MAP_SCADA,0
31,teta,15,-0.26477744832118727,77,MAP_SCADA,0
0,v,0,1.0582405897545888,78,MAP_SCADA,0
1,teta,0,0.0,78,MAP_SCADA,0
2,v,1,1.0432962026601598,78,MAP_SCADA,0
3,teta,1,-0.08651756579875307,78,MAP_SCADA,0
4,v,2,1.0181618474755418,78,MAP_SCADA,0
5,teta,2,-0.21964967540115138,78,MAP_SCADA,0
6,v,3,1.0222259474929831,78,MAP_SCADA,0
7,teta,3,-0.1794352663713405,78,MAP_SCADA,0
8,v,4,1.0239815201294422,78,MAP_SCADA,0
9,teta,4,-0.153494278748586,78,MAP_SCADA,0
10,v,5,1.0896786867903845,78,MAP_SCADA,0
11,teta,5,-0.24817051146644578,78,MAP_SCADA,0
12,v,6,1.0665861233001657,78,MAP_SCADA,0
13,teta,6,-0.23101311292490453,78,MAP_SCADA,0
14,v,7,1.0882834377122539,78,MAP_SCADA,0
15,teta,7,-0.2310130601751228,78,MAP_SCADA,0
16,v,8,1.06538350618874,78,MAP_SCADA,0
17,teta,8,-0.2576241077629298,78,MAP_SCADA,0
18,v,9,1.0623590763085669,78,MAP_SCADA,0
19,teta,9,-0.260707341392542,78,MAP_SCADA,0
20,v,10,1.0724247933748827,78,MAP_SCADA,0
21,teta,10,-0.2565313055685052,78,MAP_SCADA,0
22,v,11,1.0918448357512973,78,MAP_SCADA,0
23,teta,11,-0.2741932140271193,78,MAP_SCADA,0
24,v,12,1.0749032109465988,78,MAP_SCADA,0
25,teta,12,-0.26566080812448567,78,MAP_SCADA,0
26,v,13,1.0517173953216579,78,MAP_SCADA,0
27,teta,13,-0.27813467896523303,78,MAP_SCADA,0
28,v,14,1.0430935422217675,78,MAP_SCADA,0
29,teta,14,-0.07947759676111314,78,MAP_SCADA,0
30,v,15,1.1207513862623415,78,MAP_SCADA,0
31,teta,15,-0.26486747405193806,78,MAP_SCADA,0
0,v,0,1.0614847601375625,79,MAP_SCADA,0
1,teta,0,0.0,79,MAP_SCADA,0
2,v,1,1.046226973687963,79,MAP_SCADA,0
3,teta,1,-0.08702674592293427,79,MAP_SCADA,0
4,v,2,1.021697172806788,79,MAP_SCADA,0
5,teta,2,-0.22058670816634998,79,MAP_SCADA,0
6,v,3,1.0254256282536043,79,MAP_SCADA,0
7,teta,3,-0.17959325121586073,79,MAP_SCADA,0
8,v,4,1.0271413655193093,79,MAP_SCADA,0
9,teta,4,-0.1536399565474933,79,MAP_SCADA,0
10,v,5,1.0929809638459944,79,MAP_SCADA,0
11,teta,5,-0.24803567751941646,79,MAP_SCADA,0
12,v,6,1.069818112574615,79,MAP_SCADA,0
13,teta,6,-0.23093871597119686,79,MAP_SCADA,0
14,v,7,1.0914798140232493,79,MAP_SCADA,0
15,teta,7,-0.23093858977389373,79,MAP_SCADA,0
16,v,8,1.0686103848122759,79,MAP_SCADA,0
17,teta,8,-0.2574326158992362,79,MAP_SCADA,0
18,v,9,1.0656416257114834,79,MAP_SCADA,0
19,teta,9,-0.2604323439842358,79,MAP_SCADA,0
20,v,10,1.075728664647589,79,MAP_SCADA,0
21,teta,10,-0.2562626573420784,79,MAP_SCADA,0
22,v,11,1.0949317520084367,79,MAP_SCADA,0
23,teta,11,-0.2737049539083128,79,MAP_SCADA,0
24,v,12,1.078078320728294,79,MAP_SCADA,0
25,teta,12,-0.26519444219219107,79,MAP_SCADA,0
26,v,13,1.055065365063959,79,MAP_SCADA,0
27,teta,13,-0.2776084010160198,79,MAP_SCADA,0
28,v,14,1.0460969464295855,79,MAP_SCADA,0
29,teta,14,-0.08277128404666928,79,MAP_SCADA,0
30,v,15,1.1237799733755334,79,MAP_SCADA,0
31,teta,15,-0.26446249451549886,79,MAP_SCADA,0
0,v,0,1.0568584195396726,80,MAP_SCADA,0
1,teta,0,0.0,80,MAP_SCADA,0
2,v,1,1.0420180494429305,80,MAP_SCADA,0
3,teta,1,-0.08707760525901748,80,MAP_SCADA,0
4,v,2,1.0164589246599998,80,MAP_SCADA,0
5,teta,2,-0.2175601308422974,80,MAP_SCADA,0
6,v,3,1.0208895006041394,80,MAP_SCADA,0
7,teta,3,-0.17897853140483014,80,MAP_SCADA,0
8,v,4,1.0226661971235331,80,MAP_SCADA,0
9,teta,4,-0.15327127973222027,80,MAP_SCADA,0
10,v,5,1.0882344640368262,80,MAP_SCADA,0
11,teta,5,-0.2479544729554568,80,MAP_SCADA,0
12,v,6,1.065196109110856,80,MAP_SCADA,0
13,teta,6,-0.23066886011441723,80,MAP_SCADA,0
14,v,7,1.0869082806000907,80,MAP_SCADA,0
15,teta,7,-0.23066909847105857,80,MAP_SCADA,0
16,v,8,1.0639752313875146,80,MAP_SCADA,0
17,teta,8,-0.2573380512448214,80,MAP_SCADA,0
18,v,9,1.0608998859420533,80,MAP_SCADA,0
19,teta,9,-0.2604264889061367,80,MAP_SCADA,0
20,v,10,1.070879326674906,80,MAP_SCADA,0
21,teta,10,-0.25628257567783874,80,MAP_SCADA,0
22,v,11,1.0901775424606426,80,MAP_SCADA,0
23,teta,11,-0.27395740424706577,80,MAP_SCADA,0
24,v,12,1.0732767623524007,80,MAP_SCADA,0
25,teta,12,-0.2653489512346167,80,MAP_SCADA,0
26,v,13,1.0503434665765305,80,MAP_SCADA,0
27,teta,13,-0.2776970737283057,80,MAP_SCADA,0
28,v,14,1.0417442225776286,80,MAP_SCADA,0
29,teta,14,-0.0771641948899777,80,MAP_SCADA,0
30,v,15,1.1191214515795254,80,MAP_SCADA,0
31,teta,15,-0.2647028239878678,80,MAP_SCADA,0
0,v,0,1.0585036030159538,81,MAP_SCADA,0
1,teta,0,0.0,81,MAP_SCADA,0
2,v,1,1.0436829429300016,81,MAP_SCADA,0
3,teta,1,-0.08675875523357254,81,MAP_SCADA,0
4,v,2,1.018332461416765,81,MAP_SCADA,0
5,teta,2,-0.2184888705307975,81,MAP_SCADA,0
6,v,3,1.0225109809587507,81,MAP_SCADA,0
7,teta,3,-0.17914546168511253,81,MAP_SCADA,0
8,v,4,1.0242610521611666,81,MAP_SCADA,0
9,teta,4,-0.15335098941389974,81,MAP_SCADA,0
10,v,5,1.0898495532109052,81,MAP_SCADA,0
11,teta,5,-0.24816498833968115,81,MAP_SCADA,0
12,v,6,1.0668313656423059,81,MAP_SCADA,0
13,teta,6,-0.23084606934899035,81,MAP_SCADA,0
14,v,7,1.0885079987985298,81,MAP_SCADA,0
15,teta,7,-0.23084589132669217,81,MAP_SCADA,0
16,v,8,1.0656229726532016,81,MAP_SCADA,0
17,teta,8,-0.2575218820416105,81,MAP_SCADA,0
18,v,9,1.0625156620066147,81,MAP_SCADA,0
19,teta,9,-0.2607320199215194,81,MAP_SCADA,0
20,v,10,1.0725150883308878,81,MAP_SCADA,0
21,teta,10,-0.25663054202074714,81,MAP_SCADA,0
22,v,11,1.0918475189724481,81,MAP_SCADA,0
23,teta,11,-0.27404809571603317,81,MAP_SCADA,0
24,v,12,1.07497864181767,81,MAP_SCADA,0
25,teta,12,-0.26542914033123194,81,MAP_SCADA,0
26,v,13,1.0520384134878151,81,MAP_SCADA,0
27,teta,13,-0.27778902455021465,81,MAP_SCADA,0
28,v,14,1.0434543138550112,81,MAP_SCADA,0
29,teta,14,-0.07858315974535313,81,MAP_SCADA,0
30,v,15,1.1207677033905143,81,MAP_SCADA,0
31,teta,15,-0.26477209009520064,81,MAP_SCADA,0
0,v,0,1.0614735701247913,82,MAP_SCADA,0
1,teta,0,0.0,82,MAP_SCADA,0
2,v,1,1.0464297542933407,82,MAP_SCADA,0
3,teta,1,-0.08764544769129862,82,MAP_SCADA,0
4,v,2,1.0212294094782617,82,MAP_SCADA,0
5,teta,2,-0.21933827520692828,82,MAP_SCADA,0
6,v,3,1.025343187544288,82,MAP_SCADA,0
7,teta,3,-0.1797400198581223,82,MAP_SCADA,0
8,v,4,1.0271098729891701,82,MAP_SCADA,0
9,teta,4,-0.15386946636398627,82,MAP_SCADA,0
10,v,5,1.0929178695005919,82,MAP_SCADA,0
11,teta,5,-0.24824961787991165,82,MAP_SCADA,0
12,v,6,1.0697620173511608,82,MAP_SCADA,0
13,teta,6,-0.23121894883124156,82,MAP_SCADA,0
14,v,7,1.091457557765424,82,MAP_SCADA,0
15,teta,7,-0.231219368635915,82,MAP_SCADA,0
16,v,8,1.0685536158317421,82,MAP_SCADA,0
17,teta,8,-0.2577805974581871,82,MAP_SCADA,0
18,v,9,1.0655557969971265,82,MAP_SCADA,0
19,teta,9,-0.26084982724128847,82,MAP_SCADA,0
20,v,10,1.0757085192403357,82,MAP_SCADA,0
21,teta,10,-0.25658457682189906,82,MAP_SCADA,0
22,v,11,1.0945643121072257,82,MAP_SCADA,0
23,teta,11,-0.2742013727482027,82,MAP_SCADA,0
24,v,12,1.077769668540151,82,MAP_SCADA,0
25,teta,12,-0.26573391017724474,82,MAP_SCADA,0
26,v,13,1.0549984517718858,82,MAP_SCADA,0
27,teta,13,-0.27801769924173664,82,MAP_SCADA,0
28,v,14,1.0462252486913588,82,MAP_SCADA,0
29,teta,14,-0.0804412108374323,82,MAP_SCADA,0
30,v,15,1.123367646444529,82,MAP_SCADA,0
31,teta,15,-0.2647891146455195,82,MAP_SCADA,0
0,v,0,1.059429667859079,83,MAP_SCADA,0
1,teta,0,0.0,83,MAP_SCADA,0
2,v,1,1.044370186172702,83,MAP_SCADA,0
3,teta,1,-0.0869390972863212,83,MAP_SCADA,0
4,v,2,1.0196782687981114,83,MAP_SCADA,0
5,teta,2,-0.2209981601280115,83,MAP_SCADA,0
6,v,3,1.0234128320682025,83,MAP_SCADA,0
7,teta,3,-0.17992795421691815,83,MAP_SCADA,0
8,v,4,1.0251008968365405,83,MAP_SCADA,0
9,teta,4,-0.15392547581288807,83,MAP_SCADA,0
10,v,5,1.0907010202977934,83,MAP_SCADA,0
11,teta,5,-0.24886432941070014,83,MAP_SCADA,0
12,v,6,1.067758656973614,83,MAP_SCADA,0
13,teta,6,-0.23167845571328755,83,MAP_SCADA,0
14,v,7,1.0894491845294314,83,MAP_SCADA,0
15,teta,7,-0.23167849698401044,83,MAP_SCADA,0
16,v,8,1.0665474340463663,83,MAP_SCADA,0
17,teta,8,-0.258380241046434,83,MAP_SCADA,0
18,v,9,1.0635230428587856,83,MAP_SCADA,0
19,teta,9,-0.2614696227788258,83,MAP_SCADA,0
20,v,10,1.0735801211186153,83,MAP_SCADA,0
21,teta,10,-0.25726684815436107,83,MAP_SCADA,0
22,v,11,1.0927956351365486,83,MAP_SCADA,0
23,teta,11,-0.27476246982183083,83,MAP_SCADA,0
24,v,12,1.0759612481549927,83,MAP_SCADA,0
25,teta,12,-0.26622519518182797,83,MAP_SCADA,0
26,v,13,1.0529988863053843,83,MAP_SCADA,0
27,teta,13,-0.2786682122629873,83,MAP_SCADA,0
28,v,14,1.0442251037260721,83,MAP_SCADA,0
29,teta,14,-0.0820989591489565,83,MAP_SCADA,0
30,v,15,1.121682607520175,83,MAP_SCADA,0
31,teta,15,-0.26545045953087176,83,MAP_SCADA,0
0,v,0,1.0599799547564654,84,MAP_SCADA,0
1,teta,0,0.0,84,MAP_SCADA,0
2,v,1,1.0448879180799122,84,MAP_SCADA,0
3,teta,1,-0.08802408509010015,84,MAP_SCADA,0
4,v,2,1.020083721721902,84,MAP_SCADA,0
5,teta,2,-0.22165108905753608,84,MAP_SCADA,0
6,v,3,1.023896588307185,84,MAP_SCADA,0
7,teta,3,-0.18068707181801189,84,MAP_SCADA,0
8,v,4,1.025622291007995,84,MAP_SCADA,0
9,teta,4,-0.15455694105053036,84,MAP_SCADA,0
10,v,5,1.0912599955536166,84,MAP_SCADA,0
11,teta,5,-0.24893894961703536,84,MAP_SCADA,0
12,v,6,1.0682432999934253,84,MAP_SCADA,0
13,teta,6,-0.23203901062850435,84,MAP_SCADA,0
14,v,7,1.0898899043392523,84,MAP_SCADA,0
15,teta,7,-0.23203855187120231,84,MAP_SCADA,0
16,v,8,1.0670376487434718,84,MAP_SCADA,0
17,teta,8,-0.258535947096573,84,MAP_SCADA,0
18,v,9,1.0640172368568819,84,MAP_SCADA,0
19,teta,9,-0.2615756835978939,84,MAP_SCADA,0
20,v,10,1.0741193788302128,84,MAP_SCADA,0
21,teta,10,-0.257347577313331,84,MAP_SCADA,0
22,v,11,1.0932924926818992,84,MAP_SCADA,0
23,teta,11,-0.2748917265530252,84,MAP_SCADA,0
24,v,12,1.076526927002193,84,MAP_SCADA,0
25,teta,12,-0.2663962701104432,84,MAP_SCADA,0
26,v,13,1.0535313303367055,84,MAP_SCADA,0
27,teta,13,-0.2787475805101319,84,MAP_SCADA,0
28,v,14,1.0447327911466495,84,MAP_SCADA,0
29,teta,14,-0.08277355607297773,84,MAP_SCADA,0
30,v,15,1.1220627541651573,84,MAP_SCADA,0
31,teta,15,-0.26556319335927886,84,MAP_SCADA,0
0,v,0,1.0579588897647016,85,MAP_SCADA,0
1,teta,0,0.0,85,MAP_SCADA,0
2,v,1,1.0430584878993479,85,MAP_SCADA,0
3,teta,1,-0.08744581275997453,85,MAP_SCADA,0
4,v,2,1.018017377684074,85,MAP_SCADA,0
5,teta,2,-0.21981148203859613,85,MAP_SCADA,0
6,v,3,1.0219616297738217,85,MAP_SCADA,0
7,teta,3,-0.1800923030756429,85,MAP_SCADA,0
8,v,4,1.0236713551102588,85,MAP_SCADA,0
9,teta,4,-0.15421126229271184,85,MAP_SCADA,0
10,v,5,1.0893234284039708,85,MAP_SCADA,0
11,teta,5,-0.24954615709032,85,MAP_SCADA,0
12,v,6,1.0663896185220438,85,MAP_SCADA,0
13,teta,6,-0.23211654469083917,85,MAP_SCADA,0
14,v,7,1.0882037142125192,85,MAP_SCADA,0
15,teta,7,-0.23211728125157433,85,MAP_SCADA,0
16,v,8,1.0651718029472015,85,MAP_SCADA,0
17,teta,8,-0.258955588488659,85,MAP_SCADA,0
18,v,9,1.0620609775371517,85,MAP_SCADA,0
19,teta,9,-0.26207746745320804,85,MAP_SCADA,0
20,v,10,1.0721010457057965,85,MAP_SCADA,0
21,teta,10,-0.2578566504287833,85,MAP_SCADA,0
22,v,11,1.091694669565339,85,MAP_SCADA,0
23,teta,11,-0.27544993220138353,85,MAP_SCADA,0
24,v,12,1.0747971233779994,85,MAP_SCADA,0
25,teta,12,-0.2668514215566522,85,MAP_SCADA,0
26,v,13,1.0515657402757435,85,MAP_SCADA,0
27,teta,13,-0.2794209279289411,85,MAP_SCADA,0
28,v,14,1.0428533404300264,85,MAP_SCADA,0
29,teta,14,-0.0803858329587286,85,MAP_SCADA,0
30,v,15,1.1206429721901403,85,MAP_SCADA,0
31,teta,15,-0.2661250559783095,85,MAP_SCADA,0
0,v,0,1.060236885195019,86,MAP_SCADA,0
1,teta,0,0.0,86,MAP_SCADA,0
2,v,1,1.045097476415754,86,MAP_SCADA,0
3,teta,1,-0.08717968244028261,86,MAP_SCADA,0
4,v,2,1.0208933930735935,86,MAP_SCADA,0
5,teta,2,-0.2236683138719005,86,MAP_SCADA,0
6,v,3,1.024183979072121,86,MAP_SCADA,0
7,teta,3,-0.1810402692631873,86,MAP_SCADA,0
8,v,4,1.0258454474418879,86,MAP_SCADA,0
9,teta,4,-0.15476101855020324,86,MAP_SCADA,0
10,v,5,1.0915927554899303,86,MAP_SCADA,0
11,teta,5,-0.24980275851495706,86,MAP_SCADA,0
12,v,6,1.068611081648652,86,MAP_SCADA,0
13,teta,6,-0.2327335096634353,86,MAP_SCADA,0
14,v,7,1.0903508262192847,86,MAP_SCADA,0
15,teta,7,-0.23273369104848615,86,MAP_SCADA,0
16,v,8,1.0674011026126562,86,MAP_SCADA,0
17,teta,8,-0.25940442959001436,86,MAP_SCADA,0
18,v,9,1.0643308041665795,86,MAP_SCADA,0
19,teta,9,-0.2624176030701247,86,MAP_SCADA,0
20,v,10,1.0743056054890452,86,MAP_SCADA,0
21,teta,10,-0.2582256033015268,86,MAP_SCADA,0
22,v,11,1.0935275582037354,86,MAP_SCADA,0
23,teta,11,-0.2759438318673411,86,MAP_SCADA,0
24,v,12,1.0767070577398643,86,MAP_SCADA,0
25,teta,12,-0.26736761482354526,86,MAP_SCADA,0
26,v,13,1.053888474758894,86,MAP_SCADA,0
27,teta,13,-0.2795114929102142,86,MAP_SCADA,0
28,v,14,1.0450266939832908,86,MAP_SCADA,0
29,teta,14,-0.084943595675065,86,MAP_SCADA,0
30,v,15,1.1223232445469389,86,MAP_SCADA,0
31,teta,15,-0.26667610476117937,86,MAP_SCADA,0
0,v,0,1.0595444239934722,87,MAP_SCADA,0
1,teta,0,0.0,87,MAP_SCADA,0
2,v,1,1.0445501363470724,87,MAP_SCADA,0
3,teta,1,-0.08694232614135614,87,MAP_SCADA,0
4,v,2,1.0201416023755696,87,MAP_SCADA,0
5,teta,2,-0.22211613914344377,87,MAP_SCADA,0
6,v,3,1.023474006215445,87,MAP_SCADA,0
7,teta,3,-0.1806482593055425,87,MAP_SCADA,0
8,v,4,1.0251944445026433,87,MAP_SCADA,0
9,teta,4,-0.15441090370933194,87,MAP_SCADA,0
10,v,5,1.090942015279714,87,MAP_SCADA,0
11,teta,5,-0.2494189382474588,87,MAP_SCADA,0
12,v,6,1.0677735716366936,87,MAP_SCADA,0
13,teta,6,-0.23234744875422542,87,MAP_SCADA,0
14,v,7,1.08941399423448,87,MAP_SCADA,0
15,teta,7,-0.23234764512261383,87,MAP_SCADA,0
16,v,8,1.0665664473455647,87,MAP_SCADA,0
17,teta,8,-0.25902379606453235,87,MAP_SCADA,0
18,v,9,1.0635257831178928,87,MAP_SCADA,0
19,teta,9,-0.26214272710537795,87,MAP_SCADA,0
20,v,10,1.0736356397470086,87,MAP_SCADA,0
21,teta,10,-0.25786160086055626,87,MAP_SCADA,0
22,v,11,1.092870708436067,87,MAP_SCADA,0
23,teta,11,-0.2752840867473544,87,MAP_SCADA,0
24,v,12,1.0760398465444723,87,MAP_SCADA,0
25,teta,12,-0.2666929146014617,87,MAP_SCADA,0
26,v,13,1.0529940325719755,87,MAP_SCADA,0
27,teta,13,-0.279330815543394,87,MAP_SCADA,0
28,v,14,1.0444443101253478,87,MAP_SCADA,0
29,teta,14,-0.08351585920791676,87,MAP_SCADA,0
30,v,15,1.1217453874469783,87,MAP_SCADA,0
31,teta,15,-0.26599406241290097,87,MAP_SCADA,0
0,v,0,1.060269402960385,88,MAP_SCADA,0
1,teta,0,0.0,88,MAP_SCADA,0
2,v,1,1.045367276766526,88,MAP_SCADA,0
3,teta,1,-0.08688609842480072,88,MAP_SCADA,0
4,v,2,1.0196857239357704,88,MAP_SCADA,0
5,teta,2,-0.21708141116947421,88,MAP_SCADA,0
6,v,3,1.024271003700328,88,MAP_SCADA,0
7,teta,3,-0.17838027627831907,88,MAP_SCADA,0
8,v,4,1.026054064337594,88,MAP_SCADA,0
9,teta,4,-0.1527444103535642,88,MAP_SCADA,0
10,v,5,1.0917056931187035,88,MAP_SCADA,0
11,teta,5,-0.2469799838437664,88,MAP_SCADA,0
12,v,6,1.068628003883325,88,MAP_SCADA,0
13,teta,6,-0.22980780710485632,88,MAP_SCADA,0
14,v,7,1.090274522812958,88,MAP_SCADA,0
15,teta,7,-0.22980835816975947,88,MAP_SCADA,0
16,v,8,1.0674270145842624,88,MAP_SCADA,0
17,teta,8,-0.25634309848862546,88,MAP_SCADA,0
18,v,9,1.0643726742503994,88,MAP_SCADA,0
19,teta,9,-0.25941045881024516,88,MAP_SCADA,0
20,v,10,1.0743596848817385,88,MAP_SCADA,0
21,teta,10,-0.25530996505862796,88,MAP_SCADA,0
22,v,11,1.0937462827607447,88,MAP_SCADA,0
23,teta,11,-0.2726233933940335,88,MAP_SCADA,0
24,v,12,1.0768590001166327,88,MAP_SCADA,0
25,teta,12,-0.2640372729547893,88,MAP_SCADA,0
26,v,13,1.0538665498964497,88,MAP_SCADA,0
27,teta,13,-0.27648119210855143,88,MAP_SCADA,0
28,v,14,1.0450979560433844,88,MAP_SCADA,0
29,teta,14,-0.07699146199110986,88,MAP_SCADA,0
30,v,15,1.1226408454571757,88,MAP_SCADA,0
31,teta,15,-0.2634218556098047,88,MAP_SCADA,0
0,v,0,1.0603617248856865,89,MAP_SCADA,0
1,teta,0,0.0,89,MAP_SCADA,0
2,v,1,1.0453112462407164,89,MAP_SCADA,0
3,teta,1,-0.08743652713783999,89,MAP_SCADA,0
4,v,2,1.0204206233319644,89,MAP_SCADA,0
5,teta,2,-0.221275777230544,89,MAP_SCADA,0
6,v,3,1.0242888583153784,89,MAP_SCADA,0
7,teta,3,-0.18023635954970718,89,MAP_SCADA,0
8,v,4,1.0260235198777954,89,MAP_SCADA,0
9,teta,4,-0.15418772037883668,89,MAP_SCADA,0
10,v,5,1.0917803106112776,89,MAP_SCADA,0
11,teta,5,-0.2487737677356754,89,MAP_SCADA,0
12,v,6,1.0686339447575772,89,MAP_SCADA,0
13,teta,6,-0.23178101859305203,89,MAP_SCADA,0
14,v,7,1.0902979983122534,89,MAP_SCADA,0
15,teta,7,-0.2317813405716858,89,MAP_SCADA,0
16,v,8,1.0674205918445823,89,MAP_SCADA,0
17,teta,8,-0.2583774766792489,89,MAP_SCADA,0
18,v,9,1.064384215251145,89,MAP_SCADA,0
19,teta,9,-0.2613823661967787,89,MAP_SCADA,0
20,v,10,1.074426498585765,89,MAP_SCADA,0
21,teta,10,-0.2572212517843227,89,MAP_SCADA,0
22,v,11,1.0936953373473683,89,MAP_SCADA,0
23,teta,11,-0.27476519863401394,89,MAP_SCADA,0
24,v,12,1.0768028710028332,89,MAP_SCADA,0
25,teta,12,-0.26620546444662885,89,MAP_SCADA,0
26,v,13,1.0538870657267627,89,MAP_SCADA,0
27,teta,13,-0.27846070988586413,89,MAP_SCADA,0
28,v,14,1.0451491980523742,89,MAP_SCADA,0
29,teta,14,-0.0819297798978638,89,MAP_SCADA,0
30,v,15,1.1225701717313634,89,MAP_SCADA,0
31,teta,15,-0.26541548640711216,89,MAP_SCADA,0
0,v,0,1.060707569034592,90,MAP_SCADA,0
1,teta,0,0.0,90,MAP_SCADA,0
2,v,1,1.0456724922747225,90,MAP_SCADA,0
3,teta,1,-0.08671936499465757,90,MAP_SCADA,0
4,v,2,1.0205665981167582,90,MAP_SCADA,0
5,teta,2,-0.21856775470544032,90,MAP_SCADA,0
6,v,3,1.024649464681412,90,MAP_SCADA,0
7,teta,3,-0.1789360335098417,90,MAP_SCADA,0
8,v,4,1.0264215034549589,90,MAP_SCADA,0
9,teta,4,-0.15310541770498332,90,MAP_SCADA,0
10,v,5,1.0921827747693162,90,MAP_SCADA,0
11,teta,5,-0.24714380440439057,90,MAP_SCADA,0
12,v,6,1.0690057528688757,90,MAP_SCADA,0
13,teta,6,-0.23031739068388585,90,MAP_SCADA,0
14,v,7,1.0906609792532767,90,MAP_SCADA,0
15,teta,7,-0.2303171392053933,90,MAP_SCADA,0
16,v,8,1.067792923023553,90,MAP_SCADA,0
17,teta,8,-0.2568300926365811,90,MAP_SCADA,0
18,v,9,1.0647830333594268,90,MAP_SCADA,0
19,teta,9,-0.25977065183192205,90,MAP_SCADA,0
20,v,10,1.0747920941233469,90,MAP_SCADA,0
21,teta,10,-0.2555254922477763,90,MAP_SCADA,0
22,v,11,1.0938959368563776,90,MAP_SCADA,0
23,teta,11,-0.27345950948312636,90,MAP_SCADA,0
24,v,12,1.077178983139506,90,MAP_SCADA,0
25,teta,12,-0.2649653202686838,90,MAP_SCADA,0
26,v,13,1.0541283383149243,90,MAP_SCADA,0
27,teta,13,-0.2772664509469936,90,MAP_SCADA,0
28,v,14,1.0454650253690267,90,MAP_SCADA,0
29,teta,14,-0.07955793687105622,90,MAP_SCADA,0
30,v,15,1.1225479409556933,90,MAP_SCADA,0
31,teta,15,-0.2642287997400714,90,MAP_SCADA,0
0,v,0,1.0573027010915348,91,MAP_SCADA,0
1,teta,0,0.0,91,MAP_SCADA,0
2,v,1,1.0422610261066823,91,MAP_SCADA,0
3,teta,1,-0.08783699325562057,91,MAP_SCADA,0
4,v,2,1.017287331153399,91,MAP_SCADA,0
5,teta,2,-0.22098547211033254,91,MAP_SCADA,0
6,v,3,1.0212303519365682,91,MAP_SCADA,0
7,teta,3,-0.18058313580303184,91,MAP_SCADA,0
8,v,4,1.022969184172217,91,MAP_SCADA,0
9,teta,4,-0.1545551691943914,91,MAP_SCADA,0
10,v,5,1.0886655170246347,91,MAP_SCADA,0
11,teta,5,-0.24959072599457194,91,MAP_SCADA,0
12,v,6,1.0655270280663827,91,MAP_SCADA,0
13,teta,6,-0.23237905572755585,91,MAP_SCADA,0
14,v,7,1.087232967984752,91,MAP_SCADA,0
15,teta,7,-0.23237944578701306,91,MAP_SCADA,0
16,v,8,1.0643057076545641,91,MAP_SCADA,0
17,teta,8,-0.25910321537335246,91,MAP_SCADA,0
18,v,9,1.061284450585042,91,MAP_SCADA,0
19,teta,9,-0.2622468089332629,91,MAP_SCADA,0
20,v,10,1.0714478873714213,91,MAP_SCADA,0
21,teta,10,-0.25802067272893237,91,MAP_SCADA,0
22,v,11,1.09046977469075,91,MAP_SCADA,0
23,teta,11,-0.2756000746023613,91,MAP_SCADA,0
24,v,12,1.073701112584051,91,MAP_SCADA,0
25,teta,12,-0.267073177722349,91,MAP_SCADA,0
26,v,13,1.050653872233174,91,MAP_SCADA,0
27,teta,13,-0.2794844885791614,91,MAP_SCADA,0
28,v,14,1.0420718689292008,91,MAP_SCADA,0
29,teta,14,-0.08133496779487878,91,MAP_SCADA,0
30,v,15,1.1192483465414103,91,MAP_SCADA,0
31,teta,15,-0.2662230331867356,91,MAP_SCADA,0
0,v,0,1.060566834745283,92,MAP_SCADA,0
1,teta,0,0.0,92,MAP_SCADA,0
2,v,1,1.0454367747706563,92,MAP_SCADA,0
3,teta,1,-0.08724678672557513,92,MAP_SCADA,0
4,v,2,1.0207138238445932,92,MAP_SCADA,0
5,teta,2,-0.2202996960483022,92,MAP_SCADA,0
6,v,3,1.0245197212824397,92,MAP_SCADA,0
7,teta,3,-0.1798604313601109,92,MAP_SCADA,0
8,v,4,1.0262550514835214,92,MAP_SCADA,0
9,teta,4,-0.15388866556047626,92,MAP_SCADA,0
10,v,5,1.0921216281851736,92,MAP_SCADA,0
11,teta,5,-0.24832973592914323,92,MAP_SCADA,0
12,v,6,1.0689254981949694,92,MAP_SCADA,0
13,teta,6,-0.23143475172144307,92,MAP_SCADA,0
14,v,7,1.0906193476742314,92,MAP_SCADA,0
15,teta,7,-0.23143451731211145,92,MAP_SCADA,0
16,v,8,1.067724246512941,92,MAP_SCADA,0
17,teta,8,-0.2580452876225978,92,MAP_SCADA,0
18,v,9,1.0646884661170755,92,MAP_SCADA,0
19,teta,9,-0.26099952562856865,92,MAP_SCADA,0
20,v,10,1.0747864973919385,92,MAP_SCADA,0
21,teta,10,-0.2568001538146521,92,MAP_SCADA,0
22,v,11,1.0940264285318275,92,MAP_SCADA,0
23,teta,11,-0.27461238280943306,92,MAP_SCADA,0
24,v,12,1.077049972901437,92,MAP_SCADA,0
25,teta,12,-0.2659392287928584,92,MAP_SCADA,0
26,v,13,1.054050790276089,92,MAP_SCADA,0
27,teta,13,-0.2784944895801715,92,MAP_SCADA,0
28,v,14,1.045275084304535,92,MAP_SCADA,0
29,teta,14,-0.08187795974447701,92,MAP_SCADA,0
30,v,15,1.1229633890639068,92,MAP_SCADA,0
31,teta,15,-0.2655327759548011,92,MAP_SCADA,0
0,v,0,1.0606398725299178,93,MAP_SCADA,0
1,teta,0,0.0,93,MAP_SCADA,0
2,v,1,1.045715746328712,93,MAP_SCADA,0
3,teta,1,-0.08692321180838666,93,MAP_SCADA,0
4,v,2,1.0206725385994666,93,MAP_SCADA,0
5,teta,2,-0.21878570591445612,93,MAP_SCADA,0
6,v,3,1.0245567459456337,93,MAP_SCADA,0
7,teta,3,-0.17947312952989233,93,MAP_SCADA,0
8,v,4,1.0263165572266402,93,MAP_SCADA,0
9,teta,4,-0.15360045998532518,93,MAP_SCADA,0
10,v,5,1.0921133426389509,93,MAP_SCADA,0
11,teta,5,-0.24840308370590983,93,MAP_SCADA,0
12,v,6,1.068980100811652,93,MAP_SCADA,0
13,teta,6,-0.2312619403869766,93,MAP_SCADA,0
14,v,7,1.0907297505024598,93,MAP_SCADA,0
15,teta,7,-0.23126156439576567,93,MAP_SCADA,0
16,v,8,1.0677621074134243,93,MAP_SCADA,0
17,teta,8,-0.25798318126092645,93,MAP_SCADA,0
18,v,9,1.0647154319824776,93,MAP_SCADA,0
19,teta,9,-0.2609948920503257,93,MAP_SCADA,0
20,v,10,1.074830752754959,93,MAP_SCADA,0
21,teta,10,-0.25670494350793194,93,MAP_SCADA,0
22,v,11,1.0940114525670044,93,MAP_SCADA,0
23,teta,11,-0.27447794148934107,93,MAP_SCADA,0
24,v,12,1.077093137813319,93,MAP_SCADA,0
25,teta,12,-0.2658684240019791,93,MAP_SCADA,0
26,v,13,1.0541775249763268,93,MAP_SCADA,0
27,teta,13,-0.278211886651695,93,MAP_SCADA,0
28,v,14,1.0455173107444051,93,MAP_SCADA,0
29,teta,14,-0.08008857067233273,93,MAP_SCADA,0
30,v,15,1.1229360663106658,93,MAP_SCADA,0
31,teta,15,-0.2652052670882304,93,MAP_SCADA,0
0,v,0,1.059652684106665,94,MAP_SCADA,0
1,teta,0,0.0,94,MAP_SCADA,0
2,v,1,1.0445922222377693,94,MAP_SCADA,0
3,teta,1,-0.08717336527985421,94,MAP_SCADA,0
4,v,2,1.0199022312839745,94,MAP_SCADA,0
5,teta,2,-0.22067624220903184,94,MAP_SCADA,0
6,v,3,1.0236121172574986,94,MAP_SCADA,0
7,teta,3,-0.1800575903293211,94,MAP_SCADA,0
8,v,4,1.0253219867143457,94,MAP_SCADA,0
9,teta,4,-0.15404642546904984,94,MAP_SCADA,0
10,v,5,1.091054093352533,94,MAP_SCADA,0
11,teta,5,-0.249080525838117,94,MAP_SCADA,0
12,v,6,1.0680055721491928,94,MAP_SCADA,0
13,teta,6,-0.23179738136806335,94,MAP_SCADA,0
14,v,7,1.089732318196718,94,MAP_SCADA,0
15,teta,7,-0.23179736236610693,94,MAP_SCADA,0
16,v,8,1.0667941702931998,94,MAP_SCADA,0
17,teta,8,-0.25849270500250887,94,MAP_SCADA,0
18,v,9,1.063725365511315,94,MAP_SCADA,0
19,teta,9,-0.2616056957900616,94,MAP_SCADA,0
20,v,10,1.0737761854730354,94,MAP_SCADA,0
21,teta,10,-0.25738657651332464,94,MAP_SCADA,0
22,v,11,1.0932060890581163,94,MAP_SCADA,0
23,teta,11,-0.2744148029630716,94,MAP_SCADA,0
24,v,12,1.0762877615113886,94,MAP_SCADA,0
25,teta,12,-0.2658322333937002,94,MAP_SCADA,0
26,v,13,1.0533306133665696,94,MAP_SCADA,0
27,teta,13,-0.2784856258038638,94,MAP_SCADA,0
28,v,14,1.0444367639804,94,MAP_SCADA,0
29,teta,14,-0.08201731147821578,94,MAP_SCADA,0
30,v,15,1.1221506991669883,94,MAP_SCADA,0
31,teta,15,-0.2650704731762525,94,MAP_SCADA,0
0,v,0,1.0602209232501636,95,MAP_SCADA,0
1,teta,0,0.0,95,MAP_SCADA,0
2,v,1,1.0452860751372488,95,MAP_SCADA,0
3,teta,1,-0.08649829348197553,95,MAP_SCADA,0
4,v,2,1.0201687522393208,95,MAP_SCADA,0
5,teta,2,-0.21869283353180516,95,MAP_SCADA,0
6,v,3,1.0241583131184915,95,MAP_SCADA,0
7,teta,3,-0.17917144862341863,95,MAP_SCADA,0
8,v,4,1.025933227451149,95,MAP_SCADA,0
9,teta,4,-0.15327545061427583,95,MAP_SCADA,0
10,v,5,1.0916927983454043,95,MAP_SCADA,0
11,teta,5,-0.2475604774767776,95,MAP_SCADA,0
12,v,6,1.068581144566072,95,MAP_SCADA,0
13,teta,6,-0.23069330709940475,95,MAP_SCADA,0
14,v,7,1.0902931801301068,95,MAP_SCADA,0
15,teta,7,-0.23069270391460242,95,MAP_SCADA,0
16,v,8,1.067379130395502,95,MAP_SCADA,0
17,teta,8,-0.25727624210264183,95,MAP_SCADA,0
18,v,9,1.0643748914027205,95,MAP_SCADA,0
19,teta,9,-0.2602753151401714,95,MAP_SCADA,0
20,v,10,1.0744445905245368,95,MAP_SCADA,0
21,teta,10,-0.2559882262882322,95,MAP_SCADA,0
22,v,11,1.093635187694738,95,MAP_SCADA,0
23,teta,11,-0.273738388631805,95,MAP_SCADA,0
24,v,12,1.0767355562619914,95,MAP_SCADA,0
25,teta,12,-0.26514739705422596,95,MAP_SCADA,0
26,v,13,1.0537197710941024,95,MAP_SCADA,0
27,teta,13,-0.2776795927906432,95,MAP_SCADA,0
28,v,14,1.0450794343023788,95,MAP_SCADA,0
29,teta,14,-0.07936204014469785,95,MAP_SCADA,0
30,v,15,1.1225405972428588,95,MAP_SCADA,0
31,teta,15,-0.2644703600976085,95,MAP_SCADA,0
0,v,0,1.0606644476407372,96,MAP_SCADA,0
1,teta,0,0.0,96,MAP_SCADA,0
2,v,1,1.0456300256296762,96,MAP_SCADA,0
3,teta,1,-0.08735184099564013,96,MAP_SCADA,0
4,v,2,1.0200317590228403,96,MAP_SCADA,0
5,teta,2,-0.2187097450843267,96,MAP_SCADA,0
6,v,3,1.0245777566396665,96,MAP_SCADA,0
7,teta,3,-0.17904132972786352,96,MAP_SCADA,0
8,v,4,1.0263764853679025,96,MAP_SCADA,0
9,teta,4,-0.15324800351420828,96,MAP_SCADA,0
10,v,5,1.0920814609901695,96,MAP_SCADA,0
11,teta,5,-0.24715841383606857,96,MAP_SCADA,0
12,v,6,1.0689772581603574,96,MAP_SCADA,0
13,teta,6,-0.23018642057128685,96,MAP_SCADA,0
14,v,7,1.0906469694928878,96,MAP_SCADA,0
15,teta,7,-0.2301863508858063,96,MAP_SCADA,0
16,v,8,1.0677687528642754,96,MAP_SCADA,0
17,teta,8,-0.2565759225422099,96,MAP_SCADA,0
18,v,9,1.0647159806834268,96,MAP_SCADA,0
19,teta,9,-0.2596299037282547,96,MAP_SCADA,0
20,v,10,1.0747752149877747,96,MAP_SCADA,0
21,teta,10,-0.2555133547201314,96,MAP_SCADA,0
22,v,11,1.093913818101884,96,MAP_SCADA,0
23,teta,11,-0.2729170643324071,96,MAP_SCADA,0
24,v,12,1.0771630432298829,96,MAP_SCADA,0
25,teta,12,-0.264389843322596,96,MAP_SCADA,0
26,v,13,1.054228841564836,96,MAP_SCADA,0
27,teta,13,-0.27676812716920624,96,MAP_SCADA,0
28,v,14,1.0453826900289465,96,MAP_SCADA,0
29,teta,14,-0.07832728027125843,96,MAP_SCADA,0
30,v,15,1.1226673201350785,96,MAP_SCADA,0
31,teta,15,-0.263737746887594,96,MAP_SCADA,0
0,v,0,1.0617529979613316,97,MAP_SCADA,0
1,teta,0,0.0,97,MAP_SCADA,0
2,v,1,1.0465063395961285,97,MAP_SCADA,0
3,teta,1,-0.08763531661610718,97,MAP_SCADA,0
4,v,2,1.0221220756290301,97,MAP_SCADA,0
5,teta,2,-0.2227885610931482,97,MAP_SCADA,0
6,v,3,1.0256313001332076,97,MAP_SCADA,0
7,teta,3,-0.18067002234923576,97,MAP_SCADA,0
8,v,4,1.0273163185166982,97,MAP_SCADA,0
9,teta,4,-0.1544908818205054,97,MAP_SCADA,0
10,v,5,1.092945497570298,97,MAP_SCADA,0
11,teta,5,-0.24894559363382146,97,MAP_SCADA,0
12,v,6,1.0699804988573178,97,MAP_SCADA,0
13,teta,6,-0.23187988364809892,97,MAP_SCADA,0
14,v,7,1.0915929017323436,97,MAP_SCADA,0
15,teta,7,-0.23188034890298906,97,MAP_SCADA,0
16,v,8,1.0687727713113027,97,MAP_SCADA,0
17,teta,8,-0.25830476549458586,97,MAP_SCADA,0
18,v,9,1.065731271072093,97,MAP_SCADA,0
19,teta,9,-0.26140619650567326,97,MAP_SCADA,0
20,v,10,1.0756937683742647,97,MAP_SCADA,0
21,teta,10,-0.25726872864029654,97,MAP_SCADA,0
22,v,11,1.0948891552666273,97,MAP_SCADA,0
23,teta,11,-0.27486732619423737,97,MAP_SCADA,0
24,v,12,1.07808262187524,97,MAP_SCADA,0
25,teta,12,-0.26629798211258915,97,MAP_SCADA,0
26,v,13,1.0551514714655839,97,MAP_SCADA,0
27,teta,13,-0.2785439946748271,97,MAP_SCADA,0
28,v,14,1.0464083871374386,97,MAP_SCADA,0
29,teta,14,-0.08448562238267132,97,MAP_SCADA,0
30,v,15,1.1237137346422268,97,MAP_SCADA,0
31,teta,15,-0.2656338366059989,97,MAP_SCADA,0
0,v,0,1.0601647173595197,98,MAP_SCADA,0
1,teta,0,0.0,98,MAP_SCADA,0
2,v,1,1.045059131041754,98,MAP_SCADA,0
3,teta,1,-0.08692780362452633,98,MAP_SCADA,0
4,v,2,1.0203701287565947,98,MAP_SCADA,0
5,teta,2,-0.2201701488071975,98,MAP_SCADA,0
6,v,3,1.0241734278280776,98,MAP_SCADA,0
7,teta,3,-0.17967840010521433,98,MAP_SCADA,0
8,v,4,1.025861656565967,98,MAP_SCADA,0
9,teta,4,-0.15375948818215576,98,MAP_SCADA,0
10,v,5,1.0916156390016196,98,MAP_SCADA,0
11,teta,5,-0.24866081460637032,98,MAP_SCADA,0
12,v,6,1.068664777247012,98,MAP_SCADA,0
13,teta,6,-0.2315058623112404,98,MAP_SCADA,0
14,v,7,1.0904617179660312,98,MAP_SCADA,0
15,teta,7,-0.2315056129601135,98,MAP_SCADA,0
16,v,8,1.0674587703397245,98,MAP_SCADA,0
17,teta,8,-0.2582445427273554,98,MAP_SCADA,0
18,v,9,1.064422181099736,98,MAP_SCADA,0
19,teta,9,-0.26124556446780356,98,MAP_SCADA,0
20,v,10,1.0744362039148,98,MAP_SCADA,0
21,teta,10,-0.2570188806708838,98,MAP_SCADA,0
22,v,11,1.0935309543072438,98,MAP_SCADA,0
23,teta,11,-0.27489178960301125,98,MAP_SCADA,0
24,v,12,1.0766645677661502,98,MAP_SCADA,0
25,teta,12,-0.26623313528856,98,MAP_SCADA,0
26,v,13,1.0538146140649907,98,MAP_SCADA,0
27,teta,13,-0.27861711297020103,98,MAP_SCADA,0
28,v,14,1.0449024564394562,98,MAP_SCADA,0
29,teta,14,-0.0817341534154779,98,MAP_SCADA,0
30,v,15,1.1224622686975878,98,MAP_SCADA,0
31,teta,15,-0.2656111363085906,98,MAP_SCADA,0
0,v,0,1.0598638978263586,99,MAP_SCADA,0
1,teta,0,0.0,99,MAP_SCADA,0
2,v,1,1.044695860532803,99,MAP_SCADA,0
3,teta,1,-0.08785663940486323,99,MAP_SCADA,0
4,v,2,1.0200446409889037,99,MAP_SCADA,0
5,teta,2,-0.22144913149095644,99,MAP_SCADA,0
6,v,3,1.0237580484808042,99,MAP_SCADA,0
7,teta,3,-0.1806438620734626,99,MAP_SCADA,0
8,v,4,1.0254814311169964,99,MAP_SCADA,0
9,teta,4,-0.15458378329680536,99,MAP_SCADA,0
10,v,5,1.0912928751764202,99,MAP_SCADA,0
11,teta,5,-0.2494103340566177,99,MAP_SCADA,0
12,v,6,1.068135170057743,99,MAP_SCADA,0
13,teta,6,-0.23233715270708402,99,MAP_SCADA,0
14,v,7,1.0898385316983714,99,MAP_SCADA,0
15,teta,7,-0.2323362834621764,99,MAP_SCADA,0
16,v,8,1.0669262285649195,99,MAP_SCADA,0
17,teta,8,-0.2590095434661359,99,MAP_SCADA,0
18,v,9,1.0639246100290392,99,MAP_SCADA,0
19,teta,9,-0.2620128348789746,99,MAP_SCADA,0
20,v,10,1.0739686369983628,99,MAP_SCADA,0
21,teta,10,-0.25783953379947566,99,MAP_SCADA,0
22,v,11,1.0931171783954774,99,MAP_SCADA,0
23,teta,11,-0.2754007924635448,99,MAP_SCADA,0
24,v,12,1.076318899081796,99,MAP_SCADA,0
25,teta,12,-0.2668337085369665,99,MAP_SCADA,0
26,v,13,1.053366062373054,99,MAP_SCADA,0
27,teta,13,-0.2792306110195072,99,MAP_SCADA,0
28,v,14,1.044551361742176,99,MAP_SCADA,0
29,teta,14,-0.0830498878173468,99,MAP_SCADA,0
30,v,15,1.1219394052876113,99,MAP_SCADA,0
31,teta,15,-0.2661505009481482,99,MAP_SCADA,0
0,v,0,1.059930589776729,0,MAP_PMU,0
1,teta,0,-0.00012378762122075438,0,MAP_PMU,0
2,v,1,1.0449633999401415,0,MAP_PMU,0
3,teta,1,-0.08700378401059554,0,MAP_PMU,0
4,v,2,1.020067599687154,0,MAP_PMU,0
5,teta,2,-0.21999596798542775,0,MAP_PMU,0
6,v,3,1.0239059617550073,0,MAP_PMU,0
7,teta,3,-0.1797790302371153,0,MAP_PMU,0
8,v,4,1.025646387032711,0,MAP_PMU,0
9,teta,4,-0.15381639827768323,0,MAP_PMU,0
10,v,5,1.0913662125458796,0,MAP_PMU,0
11,teta,5,-0.24842105857997607,0,MAP_PMU,0
12,v,6,1.068268084557506,0,MAP_PMU,0
13,teta,6,-0.23133002577998069,0,MAP_PMU,0
14,v,7,1.0899375666316675,0,MAP_PMU,0
15,teta,7,-0.23133028919031226,0,MAP_PMU,0
16,v,8,1.0670646757110627,0,MAP_PMU,0
17,teta,8,-0.2579287145967045,0,MAP_PMU,0
18,v,9,1.0640718164351748,0,MAP_PMU,0
19,teta,9,-0.26095599168062983,0,MAP_PMU,0
20,v,10,1.074144734138314,0,MAP_PMU,0
21,teta,10,-0.256754496339814,0,MAP_PMU,0
22,v,11,1.0932542363781999,0,MAP_PMU,0
23,teta,11,-0.27424621248513414,0,MAP_PMU,0
24,v,12,1.0764774574479283,0,MAP_PMU,0
25,teta,12,-0.26571214892311523,0,MAP_PMU,0
26,v,13,1.0535036250638572,0,MAP_PMU,0
27,teta,13,-0.2781181196732144,0,MAP_PMU,0
28,v,14,1.0447879128679403,0,MAP_PMU,0
29,teta,14,-0.08108464808712766,0,MAP_PMU,0
30,v,15,1.1219776247314512,0,MAP_PMU,0
31,teta,15,-0.26511309273607664,0,MAP_PMU,0
0,v,0,1.0599780245623924,1,MAP_PMU,0
1,teta,0,-0.00015182365661411493,1,MAP_PMU,0
2,v,1,1.044996007851715,1,MAP_PMU,0
3,teta,1,-0.08693498063863354,1,MAP_PMU,0
4,v,2,1.020092098409982,1,MAP_PMU,0
5,teta,2,-0.2199098579691389,1,MAP_PMU,0
6,v,3,1.023933698298233,1,MAP_PMU,0
7,teta,3,-0.17969095307755728,1,MAP_PMU,0
8,v,4,1.0256731648448363,1,MAP_PMU,0
9,teta,4,-0.1537493747044682,1,MAP_PMU,0
10,v,5,1.091396886261751,1,MAP_PMU,0
11,teta,5,-0.24838580409916017,1,MAP_PMU,0
12,v,6,1.068259973475713,1,MAP_PMU,0
13,teta,6,-0.23126562716669305,1,MAP_PMU,0
14,v,7,1.0899134932782193,1,MAP_PMU,0
15,teta,7,-0.23126635641486826,1,MAP_PMU,0
16,v,8,1.0670483809189757,1,MAP_PMU,0
17,teta,8,-0.2578773640441001,1,MAP_PMU,0
18,v,9,1.0640514204870588,1,MAP_PMU,0
19,teta,9,-0.26085434681932185,1,MAP_PMU,0
20,v,10,1.0741605974368698,1,MAP_PMU,0
21,teta,10,-0.2566732793222913,1,MAP_PMU,0
22,v,11,1.0933851789081486,1,MAP_PMU,0
23,teta,11,-0.27423290216272056,1,MAP_PMU,0
24,v,12,1.076491335912383,1,MAP_PMU,0
25,teta,12,-0.26568002070827523,1,MAP_PMU,0
26,v,13,1.053516494557158,1,MAP_PMU,0
27,teta,13,-0.27809180451426674,1,MAP_PMU,0
28,v,14,1.0448190860943882,1,MAP_PMU,0
29,teta,14,-0.08095473274708362,1,MAP_PMU,0
30,v,15,1.1223148806203926,1,MAP_PMU,0
31,teta,15,-0.2650025358855963,1,MAP_PMU,0
0,v,0,1.059836895999045,2,MAP_PMU,0
1,teta,0,6.675867571883423e-05,2,MAP_PMU,0
2,v,1,1.0448153063963017,2,MAP_PMU,0
3,teta,1,-0.08699265850489506,2,MAP_PMU,0
4,v,2,1.019920915613592,2,MAP_PMU,0
5,teta,2,-0.21999266101184195,2,MAP_PMU,0
6,v,3,1.023760935107218,2,MAP_PMU,0
7,teta,3,-0.17975957271557474,2,MAP_PMU,0
8,v,4,1.0255057026463255,2,MAP_PMU,0
9,teta,4,-0.15377236142089534,2,MAP_PMU,0
10,v,5,1.0911815711718145,2,MAP_PMU,0
11,teta,5,-0.24833568735745562,2,MAP_PMU,0
12,v,6,1.0682076189297798,2,MAP_PMU,0
13,teta,6,-0.23137559711608752,2,MAP_PMU,0
14,v,7,1.0899685808033064,2,MAP_PMU,0
15,teta,7,-0.23137540709197751,2,MAP_PMU,0
16,v,8,1.066995895858108,2,MAP_PMU,0
17,teta,8,-0.2580060688796169,2,MAP_PMU,0
18,v,9,1.06393203330909,2,MAP_PMU,0
19,teta,9,-0.26105631169457055,2,MAP_PMU,0
20,v,10,1.0739282867099942,2,MAP_PMU,0
21,teta,10,-0.2568202657197049,2,MAP_PMU,0
22,v,11,1.093373683253904,2,MAP_PMU,0
23,teta,11,-0.2742428430204502,2,MAP_PMU,0
24,v,12,1.0764973637257373,2,MAP_PMU,0
25,teta,12,-0.26567175602960563,2,MAP_PMU,0
26,v,13,1.0535288491532755,2,MAP_PMU,0
27,teta,13,-0.27808867478145816,2,MAP_PMU,0
28,v,14,1.0446452293349957,2,MAP_PMU,0
29,teta,14,-0.08119219354162346,2,MAP_PMU,0
30,v,15,1.1221971989042123,2,MAP_PMU,0
31,teta,15,-0.2650617885399892,2,MAP_PMU,0
0,v,0,1.0601453139004329,3,MAP_PMU,0
1,teta,0,-0.00017474842418133886,3,MAP_PMU,0
2,v,1,1.045150731687365,3,MAP_PMU,0
3,teta,1,-0.08698609365484403,3,MAP_PMU,0
4,v,2,1.020254635101093,3,MAP_PMU,0
5,teta,2,-0.2199115035971121,3,MAP_PMU,0
6,v,3,1.0240949747794972,3,MAP_PMU,0
7,teta,3,-0.1797097533634146,3,MAP_PMU,0
8,v,4,1.025829786247411,3,MAP_PMU,0
9,teta,4,-0.15379699615892864,3,MAP_PMU,0
10,v,5,1.0915846679361922,3,MAP_PMU,0
11,teta,5,-0.24838933079094933,3,MAP_PMU,0
12,v,6,1.0684730995947778,3,MAP_PMU,0
13,teta,6,-0.23126525542370274,3,MAP_PMU,0
14,v,7,1.090160824581264,3,MAP_PMU,0
15,teta,7,-0.23126672164461057,3,MAP_PMU,0
16,v,8,1.0672647970866427,3,MAP_PMU,0
17,teta,8,-0.25786542572126864,3,MAP_PMU,0
18,v,9,1.064210263554367,3,MAP_PMU,0
19,teta,9,-0.260931869048837,3,MAP_PMU,0
20,v,10,1.0743400863666526,3,MAP_PMU,0
21,teta,10,-0.25672986820593097,3,MAP_PMU,0
22,v,11,1.0935786503532392,3,MAP_PMU,0
23,teta,11,-0.27422204840174075,3,MAP_PMU,0
24,v,12,1.0767273288152899,3,MAP_PMU,0
25,teta,12,-0.265683824062724,3,MAP_PMU,0
26,v,13,1.0537596095651998,3,MAP_PMU,0
27,teta,13,-0.2781024995177414,3,MAP_PMU,0
28,v,14,1.0449718580787155,3,MAP_PMU,0
29,teta,14,-0.08095691906988395,3,MAP_PMU,0
30,v,15,1.1224518193020343,3,MAP_PMU,0
31,teta,15,-0.2649722212945764,3,MAP_PMU,0
0,v,0,1.0601590049226022,4,MAP_PMU,0
1,teta,0,-0.00011940075004903959,4,MAP_PMU,0
2,v,1,1.0451704827635997,4,MAP_PMU,0
3,teta,1,-0.08698289770731829,4,MAP_PMU,0
4,v,2,1.0202705354441663,4,MAP_PMU,0
5,teta,2,-0.219935408588436,4,MAP_PMU,0
6,v,3,1.024112725818651,4,MAP_PMU,0
7,teta,3,-0.17971601218287223,4,MAP_PMU,0
8,v,4,1.025853389443199,4,MAP_PMU,0
9,teta,4,-0.15377470154487807,4,MAP_PMU,0
10,v,5,1.0915807383444687,4,MAP_PMU,0
11,teta,5,-0.24838668141485626,4,MAP_PMU,0
12,v,6,1.0684638919167155,4,MAP_PMU,0
13,teta,6,-0.23132951833176527,4,MAP_PMU,0
14,v,7,1.0901421554260526,4,MAP_PMU,0
15,teta,7,-0.23132952534753323,4,MAP_PMU,0
16,v,8,1.0672497173700455,4,MAP_PMU,0
17,teta,8,-0.25796136255876373,4,MAP_PMU,0
18,v,9,1.0641486729446525,4,MAP_PMU,0
19,teta,9,-0.26098825010713306,4,MAP_PMU,0
20,v,10,1.0742378402221728,4,MAP_PMU,0
21,teta,10,-0.2567698050746403,4,MAP_PMU,0
22,v,11,1.0936664657640134,4,MAP_PMU,0
23,teta,11,-0.2743167928682968,4,MAP_PMU,0
24,v,12,1.076728373762347,4,MAP_PMU,0
25,teta,12,-0.2656830930157972,4,MAP_PMU,0
26,v,13,1.053749061449815,4,MAP_PMU,0
27,teta,13,-0.2780970635864241,4,MAP_PMU,0
28,v,14,1.0449880470554511,4,MAP_PMU,0
29,teta,14,-0.08083697954580432,4,MAP_PMU,0
30,v,15,1.1226102143307137,4,MAP_PMU,0
31,teta,15,-0.26507148628017024,4,MAP_PMU,0
0,v,0,1.0600158246525264,5,MAP_PMU,0
1,teta,0,0.00013461863758167664,5,MAP_PMU,0
2,v,1,1.0449911604477395,5,MAP_PMU,0
3,teta,1,-0.08694848755345563,5,MAP_PMU,0
4,v,2,1.020083800711666,5,MAP_PMU,0
5,teta,2,-0.21997329868091858,5,MAP_PMU,0
6,v,3,1.0239235089483802,5,MAP_PMU,0
7,teta,3,-0.1797521963756114,5,MAP_PMU,0
8,v,4,1.0256720515850497,5,MAP_PMU,0
9,teta,4,-0.153746848868122,5,MAP_PMU,0
10,v,5,1.0913715410376044,5,MAP_PMU,0
11,teta,5,-0.2482800359640613,5,MAP_PMU,0
12,v,6,1.0682768923647532,5,MAP_PMU,0
13,teta,6,-0.23120517983587818,5,MAP_PMU,0
14,v,7,1.0899324174307865,5,MAP_PMU,0
15,teta,7,-0.23120530624010502,5,MAP_PMU,0
16,v,8,1.067073206728933,5,MAP_PMU,0
17,teta,8,-0.2577536591355675,5,MAP_PMU,0
18,v,9,1.0640319056342753,5,MAP_PMU,0
19,teta,9,-0.260806596254404,5,MAP_PMU,0
20,v,10,1.0740813282143746,5,MAP_PMU,0
21,teta,10,-0.2566038576084263,5,MAP_PMU,0
22,v,11,1.0932869400507463,5,MAP_PMU,0
23,teta,11,-0.27419796134707247,5,MAP_PMU,0
24,v,12,1.076451280040389,5,MAP_PMU,0
25,teta,12,-0.2657024696499126,5,MAP_PMU,0
26,v,13,1.0534779688314238,5,MAP_PMU,0
27,teta,13,-0.2781128162579931,5,MAP_PMU,0
28,v,14,1.0448118083303133,5,MAP_PMU,0
29,teta,14,-0.08090734394171706,5,MAP_PMU,0
30,v,15,1.1221274377829178,5,MAP_PMU,0
31,teta,15,-0.26479301232238434,5,MAP_PMU,0
0,v,0,1.0602688648874627,6,MAP_PMU,0
1,teta,0,-0.00013690313405143696,6,MAP_PMU,0
2,v,1,1.0452812929144726,6,MAP_PMU,0
3,teta,1,-0.08701603414773756,6,MAP_PMU,0
4,v,2,1.0203905356960499,6,MAP_PMU,0
5,teta,2,-0.2199130131795104,6,MAP_PMU,0
6,v,3,1.0242292637522443,6,MAP_PMU,0
7,teta,3,-0.17971702237038817,6,MAP_PMU,0
8,v,4,1.0259674021929002,6,MAP_PMU,0
9,teta,4,-0.15378411866394617,6,MAP_PMU,0
10,v,5,1.0917163918825035,6,MAP_PMU,0
11,teta,5,-0.24837135825601026,6,MAP_PMU,0
12,v,6,1.0686243214547622,6,MAP_PMU,0
13,teta,6,-0.23122925641102549,6,MAP_PMU,0
14,v,7,1.0903212016286248,6,MAP_PMU,0
15,teta,7,-0.2312289047384765,6,MAP_PMU,0
16,v,8,1.0674159948937507,6,MAP_PMU,0
17,teta,8,-0.2578080064784218,6,MAP_PMU,0
18,v,9,1.0643582981949298,6,MAP_PMU,0
19,teta,9,-0.26088024588042624,6,MAP_PMU,0
20,v,10,1.0744281390002184,6,MAP_PMU,0
21,teta,10,-0.2566720100531832,6,MAP_PMU,0
22,v,11,1.0936219539282765,6,MAP_PMU,0
23,teta,11,-0.27419137860088943,6,MAP_PMU,0
24,v,12,1.0768016766930513,6,MAP_PMU,0
25,teta,12,-0.2656873869978451,6,MAP_PMU,0
26,v,13,1.0538252740277136,6,MAP_PMU,0
27,teta,13,-0.2781035931092345,6,MAP_PMU,0
28,v,14,1.045114458864658,6,MAP_PMU,0
29,teta,14,-0.08130575489836044,6,MAP_PMU,0
30,v,15,1.1224045178567872,6,MAP_PMU,0
31,teta,15,-0.26491540892034443,6,MAP_PMU,0
0,v,0,1.06004586329126,7,MAP_PMU,0
1,teta,0,-0.0002028961426266968,7,MAP_PMU,0
2,v,1,1.0450793991690184,7,MAP_PMU,0
3,teta,1,-0.08699172172682909,7,MAP_PMU,0
4,v,2,1.020183772581523,7,MAP_PMU,0
5,teta,2,-0.2199451095085599,7,MAP_PMU,0
6,v,3,1.0240249452883166,7,MAP_PMU,0
7,teta,3,-0.17972150472818632,7,MAP_PMU,0
8,v,4,1.0257648163282131,7,MAP_PMU,0
9,teta,4,-0.15378041444581164,7,MAP_PMU,0
10,v,5,1.0914910908389643,7,MAP_PMU,0
11,teta,5,-0.24836632337832415,7,MAP_PMU,0
12,v,6,1.0683559588620422,7,MAP_PMU,0
13,teta,6,-0.23127878461083978,7,MAP_PMU,0
14,v,7,1.090013281854702,7,MAP_PMU,0
15,teta,7,-0.23127832208020885,7,MAP_PMU,0
16,v,8,1.0671428020505347,7,MAP_PMU,0
17,teta,8,-0.25788232196054506,7,MAP_PMU,0
18,v,9,1.0640882442667774,7,MAP_PMU,0
19,teta,9,-0.26100073149599423,7,MAP_PMU,0
20,v,10,1.0741447779285114,7,MAP_PMU,0
21,teta,10,-0.25683236109498486,7,MAP_PMU,0
22,v,11,1.0934584901595534,7,MAP_PMU,0
23,teta,11,-0.27429665919519075,7,MAP_PMU,0
24,v,12,1.0765842526455331,7,MAP_PMU,0
25,teta,12,-0.2657007577714052,7,MAP_PMU,0
26,v,13,1.053617777699718,7,MAP_PMU,0
27,teta,13,-0.2781155884871804,7,MAP_PMU,0
28,v,14,1.0448957898033544,7,MAP_PMU,0
29,teta,14,-0.0808219666006967,7,MAP_PMU,0
30,v,15,1.1223816555221555,7,MAP_PMU,0
31,teta,15,-0.26506791556428416,7,MAP_PMU,0
0,v,0,1.0602122015117035,8,MAP_PMU,0
1,teta,0,-3.2745138986607385e-05,8,MAP_PMU,0
2,v,1,1.045192249975029,8,MAP_PMU,0
3,teta,1,-0.08697422687999928,8,MAP_PMU,0
4,v,2,1.020293621350607,8,MAP_PMU,0
5,teta,2,-0.21991016620413076,8,MAP_PMU,0
6,v,3,1.0241329890944753,8,MAP_PMU,0
7,teta,3,-0.17970978036152394,8,MAP_PMU,0
8,v,4,1.0258770190457553,8,MAP_PMU,0
9,teta,4,-0.1537397205468241,8,MAP_PMU,0
10,v,5,1.0915988162100971,8,MAP_PMU,0
11,teta,5,-0.24832518394272826,8,MAP_PMU,0
12,v,6,1.0685671746572933,8,MAP_PMU,0
13,teta,6,-0.2312627849411413,8,MAP_PMU,0
14,v,7,1.0903007499657484,8,MAP_PMU,0
15,teta,7,-0.23126271333426823,8,MAP_PMU,0
16,v,8,1.0673592813744706,8,MAP_PMU,0
17,teta,8,-0.25786127674104875,8,MAP_PMU,0
18,v,9,1.0642765601367585,8,MAP_PMU,0
19,teta,9,-0.26091898605084085,8,MAP_PMU,0
20,v,10,1.074341285675788,8,MAP_PMU,0
21,teta,10,-0.25667696086651953,8,MAP_PMU,0
22,v,11,1.093618350918599,8,MAP_PMU,0
23,teta,11,-0.27420775771795675,8,MAP_PMU,0
24,v,12,1.0767483737082144,8,MAP_PMU,0
25,teta,12,-0.2657047114967051,8,MAP_PMU,0
26,v,13,1.053772044509068,8,MAP_PMU,0
27,teta,13,-0.27812300601408835,8,MAP_PMU,0
28,v,14,1.0450126429881783,8,MAP_PMU,0
29,teta,14,-0.08091655800748852,8,MAP_PMU,0
30,v,15,1.1224043731813615,8,MAP_PMU,0
31,teta,15,-0.2649261290222345,8,MAP_PMU,0
0,v,0,1.0600292426751767,9,MAP_PMU,0
1,teta,0,2.69984918228548e-05,9,MAP_PMU,0
2,v,1,1.0450201857520622,9,MAP_PMU,0
3,teta,1,-0.08697323142941456,9,MAP_PMU,0
4,v,2,1.0201239912784474,9,MAP_PMU,0
5,teta,2,-0.21992578695038323,9,MAP_PMU,0
6,v,3,1.023962227639922,9,MAP_PMU,0
7,teta,3,-0.1797223709474278,9,MAP_PMU,0
8,v,4,1.025704530196611,9,MAP_PMU,0
9,teta,4,-0.15375988262317017,9,MAP_PMU,0
10,v,5,1.0914411014806462,9,MAP_PMU,0
11,teta,5,-0.24833550771220653,9,MAP_PMU,0
12,v,6,1.068279847444471,9,MAP_PMU,0
13,teta,6,-0.2312110590275471,9,MAP_PMU,0
14,v,7,1.0899081375359376,9,MAP_PMU,0
15,teta,7,-0.23121182017825084,9,MAP_PMU,0
16,v,8,1.0670754774917697,9,MAP_PMU,0
17,teta,8,-0.25777849448825785,9,MAP_PMU,0
18,v,9,1.0640338946383485,9,MAP_PMU,0
19,teta,9,-0.2608462199845888,9,MAP_PMU,0
20,v,10,1.0740841544521464,9,MAP_PMU,0
21,teta,10,-0.2567253811603816,9,MAP_PMU,0
22,v,11,1.0933990882033728,9,MAP_PMU,0
23,teta,11,-0.2742166359206453,9,MAP_PMU,0
24,v,12,1.076534253574223,9,MAP_PMU,0
25,teta,12,-0.26556359009539937,9,MAP_PMU,0
26,v,13,1.0535524066576605,9,MAP_PMU,0
27,teta,13,-0.27796746143043677,9,MAP_PMU,0
28,v,14,1.044831372472164,9,MAP_PMU,0
29,teta,14,-0.080938823519271,9,MAP_PMU,0
30,v,15,1.1223237843309721,9,MAP_PMU,0
31,teta,15,-0.26494838329242953,9,MAP_PMU,0
0,v,0,1.060168874636631,10,MAP_PMU,0
1,teta,0,8.355095540629547e-05,10,MAP_PMU,0
2,v,1,1.0451622053348766,10,MAP_PMU,0
3,teta,1,-0.08698558484923423,10,MAP_PMU,0
4,v,2,1.0202660718073766,10,MAP_PMU,0
5,teta,2,-0.21991547939989115,10,MAP_PMU,0
6,v,3,1.024107969019229,10,MAP_PMU,0
7,teta,3,-0.1796967278591018,10,MAP_PMU,0
8,v,4,1.0258507284224034,10,MAP_PMU,0
9,teta,4,-0.15373789596689508,10,MAP_PMU,0
10,v,5,1.0915663052674527,10,MAP_PMU,0
11,teta,5,-0.24829909566883582,10,MAP_PMU,0
12,v,6,1.068485744746969,10,MAP_PMU,0
13,teta,6,-0.23120894115667118,10,MAP_PMU,0
14,v,7,1.0901644722006425,10,MAP_PMU,0
15,teta,7,-0.23120840301835818,10,MAP_PMU,0
16,v,8,1.067280976644365,10,MAP_PMU,0
17,teta,8,-0.2577880000347037,10,MAP_PMU,0
18,v,9,1.064274459353037,10,MAP_PMU,0
19,teta,9,-0.2608245351006933,10,MAP_PMU,0
20,v,10,1.074313981765051,10,MAP_PMU,0
21,teta,10,-0.25660461606358176,10,MAP_PMU,0
22,v,11,1.0935142762777497,10,MAP_PMU,0
23,teta,11,-0.274065862110186,10,MAP_PMU,0
24,v,12,1.0766624918142653,10,MAP_PMU,0
25,teta,12,-0.26560426462104153,10,MAP_PMU,0
26,v,13,1.0536943257368039,10,MAP_PMU,0
27,teta,13,-0.27801671109800363,10,MAP_PMU,0
28,v,14,1.044981570434097,10,MAP_PMU,0
29,teta,14,-0.08095665298868393,10,MAP_PMU,0
30,v,15,1.122341797828156,10,MAP_PMU,0
31,teta,15,-0.2647249912272532,10,MAP_PMU,0
0,v,0,1.0599205537723646,11,MAP_PMU,0
1,teta,0,6.115251181433291e-05,11,MAP_PMU,0
2,v,1,1.0449140978030653,11,MAP_PMU,0
3,teta,1,-0.08696177930214313,11,MAP_PMU,0
4,v,2,1.0200119428780525,11,MAP_PMU,0
5,teta,2,-0.2200016990017636,11,MAP_PMU,0
6,v,3,1.0238432614640147,11,MAP_PMU,0
7,teta,3,-0.17980860819498318,11,MAP_PMU,0
8,v,4,1.0255899345601982,11,MAP_PMU,0
9,teta,4,-0.15380368053575114,11,MAP_PMU,0
10,v,5,1.0913087395826437,11,MAP_PMU,0
11,teta,5,-0.24839205428994907,11,MAP_PMU,0
12,v,6,1.0682626933215502,11,MAP_PMU,0
13,teta,6,-0.23134150449757696,11,MAP_PMU,0
14,v,7,1.0900104336071645,11,MAP_PMU,0
15,teta,7,-0.23134172063116396,11,MAP_PMU,0
16,v,8,1.0670404427411204,11,MAP_PMU,0
17,teta,8,-0.2579298652664814,11,MAP_PMU,0
18,v,9,1.0639802367130304,11,MAP_PMU,0
19,teta,9,-0.2610180374392824,11,MAP_PMU,0
20,v,10,1.0740387398824596,11,MAP_PMU,0
21,teta,10,-0.25686811541635635,11,MAP_PMU,0
22,v,11,1.093264701328471,11,MAP_PMU,0
23,teta,11,-0.27430713521090533,11,MAP_PMU,0
24,v,12,1.076463060444361,11,MAP_PMU,0
25,teta,12,-0.2657613064479236,11,MAP_PMU,0
26,v,13,1.0534977826517025,11,MAP_PMU,0
27,teta,13,-0.2781734595505089,11,MAP_PMU,0
28,v,14,1.0447319788419767,11,MAP_PMU,0
29,teta,14,-0.08084198163803709,11,MAP_PMU,0
30,v,15,1.1220346474239145,11,MAP_PMU,0
31,teta,15,-0.2650533394252669,11,MAP_PMU,0
0,v,0,1.0600085914089192,12,MAP_PMU,0
1,teta,0,0.0002100087951050556,12,MAP_PMU,0
2,v,1,1.044989045517223,12,MAP_PMU,0
3,teta,1,-0.08696116522542258,12,MAP_PMU,0
4,v,2,1.020089394514928,12,MAP_PMU,0
5,teta,2,-0.2199387563085107,12,MAP_PMU,0
6,v,3,1.0239289827218592,12,MAP_PMU,0
7,teta,3,-0.17972082999842118,12,MAP_PMU,0
8,v,4,1.0256753632301343,12,MAP_PMU,0
9,teta,4,-0.15373633122478547,12,MAP_PMU,0
10,v,5,1.0914071181017597,12,MAP_PMU,0
11,teta,5,-0.2483217989453756,12,MAP_PMU,0
12,v,6,1.0683048896968719,12,MAP_PMU,0
13,teta,6,-0.23127035164314763,12,MAP_PMU,0
14,v,7,1.0899872052364763,12,MAP_PMU,0
15,teta,7,-0.2312702859576871,12,MAP_PMU,0
16,v,8,1.0671004076790287,12,MAP_PMU,0
17,teta,8,-0.2578682085610543,12,MAP_PMU,0
18,v,9,1.0640301192382877,12,MAP_PMU,0
19,teta,9,-0.2608930544374595,12,MAP_PMU,0
20,v,10,1.074126813698118,12,MAP_PMU,0
21,teta,10,-0.25667128059030037,12,MAP_PMU,0
22,v,11,1.0932063574195388,12,MAP_PMU,0
23,teta,11,-0.2742802004138216,12,MAP_PMU,0
24,v,12,1.076478121205309,12,MAP_PMU,0
25,teta,12,-0.2657478339647736,12,MAP_PMU,0
26,v,13,1.053505011189768,12,MAP_PMU,0
27,teta,13,-0.2781637145459649,12,MAP_PMU,0
28,v,14,1.0448144732117304,12,MAP_PMU,0
29,teta,14,-0.08102874993579227,12,MAP_PMU,0
30,v,15,1.1219925013686998,12,MAP_PMU,0
31,teta,15,-0.264914489259156,12,MAP_PMU,0
0,v,0,1.0599611707198833,13,MAP_PMU,0
1,teta,0,-6.458284634716465e-06,13,MAP_PMU,0
2,v,1,1.0449551285966525,13,MAP_PMU,0
3,teta,1,-0.08693341878074551,13,MAP_PMU,0
4,v,2,1.0200495785322925,13,MAP_PMU,0
5,teta,2,-0.21992763116861358,13,MAP_PMU,0
6,v,3,1.0238932255058555,13,MAP_PMU,0
7,teta,3,-0.17969172026696084,13,MAP_PMU,0
8,v,4,1.0256361518063513,13,MAP_PMU,0
9,teta,4,-0.15373131118986974,13,MAP_PMU,0
10,v,5,1.0913300732098212,13,MAP_PMU,0
11,teta,5,-0.24829146941165245,13,MAP_PMU,0
12,v,6,1.0682276518851552,13,MAP_PMU,0
13,teta,6,-0.23125565698761041,13,MAP_PMU,0
14,v,7,1.0898928292363412,13,MAP_PMU,0
15,teta,7,-0.23125631851871775,13,MAP_PMU,0
16,v,8,1.0670130643566114,13,MAP_PMU,0
17,teta,8,-0.2578617203675773,13,MAP_PMU,0
18,v,9,1.063980612503163,13,MAP_PMU,0
19,teta,9,-0.26099185741528724,13,MAP_PMU,0
20,v,10,1.0740253246696876,13,MAP_PMU,0
21,teta,10,-0.25677706452008786,13,MAP_PMU,0
22,v,11,1.093108397550793,13,MAP_PMU,0
23,teta,11,-0.2740941093999783,13,MAP_PMU,0
24,v,12,1.076447527291043,13,MAP_PMU,0
25,teta,12,-0.26564744288548475,13,MAP_PMU,0
26,v,13,1.053470758838425,13,MAP_PMU,0
27,teta,13,-0.2780614901221557,13,MAP_PMU,0
28,v,14,1.0447715251218246,13,MAP_PMU,0
29,teta,14,-0.08075450450589465,13,MAP_PMU,0
30,v,15,1.121762472811036,13,MAP_PMU,0
31,teta,15,-0.2647566076065614,13,MAP_PMU,0
0,v,0,1.0596530141919092,14,MAP_PMU,0
1,teta,0,-0.00017029452027969734,14,MAP_PMU,0
2,v,1,1.04468447974122,14,MAP_PMU,0
3,teta,1,-0.08697884397936191,14,MAP_PMU,0
4,v,2,1.0197893708527181,14,MAP_PMU,0
5,teta,2,-0.22001836583841872,14,MAP_PMU,0
6,v,3,1.0236243904669593,14,MAP_PMU,0
7,teta,3,-0.1797955171602681,14,MAP_PMU,0
8,v,4,1.0253640375312068,14,MAP_PMU,0
9,teta,4,-0.15382641906177746,14,MAP_PMU,0
10,v,5,1.0910421105647923,14,MAP_PMU,0
11,teta,5,-0.24842490569021744,14,MAP_PMU,0
12,v,6,1.0679900933178437,14,MAP_PMU,0
13,teta,6,-0.23133577142827774,14,MAP_PMU,0
14,v,7,1.0896848113539186,14,MAP_PMU,0
15,teta,7,-0.23133576914769682,14,MAP_PMU,0
16,v,8,1.0667753808607474,14,MAP_PMU,0
17,teta,8,-0.2579289877154681,14,MAP_PMU,0
18,v,9,1.0637226310998733,14,MAP_PMU,0
19,teta,9,-0.26103958394224835,14,MAP_PMU,0
20,v,10,1.0737602215104904,14,MAP_PMU,0
21,teta,10,-0.2569157878286592,14,MAP_PMU,0
22,v,11,1.0930634155045202,14,MAP_PMU,0
23,teta,11,-0.2743453226059238,14,MAP_PMU,0
24,v,12,1.0761510152911566,14,MAP_PMU,0
25,teta,12,-0.2657841591014695,14,MAP_PMU,0
26,v,13,1.0531704195147813,14,MAP_PMU,0
27,teta,13,-0.27820593543119554,14,MAP_PMU,0
28,v,14,1.0444902183276301,14,MAP_PMU,0
29,teta,14,-0.08112331344461536,14,MAP_PMU,0
30,v,15,1.1219552035829925,14,MAP_PMU,0
31,teta,15,-0.26508568068017435,14,MAP_PMU,0
0,v,0,1.059901879050209,15,MAP_PMU,0
1,teta,0,-8.756270017200318e-05,15,MAP_PMU,0
2,v,1,1.0449064438714535,15,MAP_PMU,0
3,teta,1,-0.08698353144671367,15,MAP_PMU,0
4,v,2,1.0200132998119638,15,MAP_PMU,0
5,teta,2,-0.21995579168825016,15,MAP_PMU,0
6,v,3,1.023851583663838,15,MAP_PMU,0
7,teta,3,-0.17973555278239942,15,MAP_PMU,0
8,v,4,1.0255903500801051,15,MAP_PMU,0
9,teta,4,-0.1537851815476132,15,MAP_PMU,0
10,v,5,1.0913075608013345,15,MAP_PMU,0
11,teta,5,-0.24833519696384085,15,MAP_PMU,0
12,v,6,1.0682101629426466,15,MAP_PMU,0
13,teta,6,-0.2312218648972095,15,MAP_PMU,0
14,v,7,1.0898796782076627,15,MAP_PMU,0
15,teta,7,-0.2312221974992006,15,MAP_PMU,0
16,v,8,1.0670026768687446,15,MAP_PMU,0
17,teta,8,-0.2577872875015606,15,MAP_PMU,0
18,v,9,1.0639455955162924,15,MAP_PMU,0
19,teta,9,-0.26087571154096173,15,MAP_PMU,0
20,v,10,1.0739510336435873,15,MAP_PMU,0
21,teta,10,-0.2566828673107919,15,MAP_PMU,0
22,v,11,1.093275804175506,15,MAP_PMU,0
23,teta,11,-0.27420606868493025,15,MAP_PMU,0
24,v,12,1.076426308495997,15,MAP_PMU,0
25,teta,12,-0.26562075786632205,15,MAP_PMU,0
26,v,13,1.0534493842101562,15,MAP_PMU,0
27,teta,13,-0.2780382245760096,15,MAP_PMU,0
28,v,14,1.0447334369182877,15,MAP_PMU,0
29,teta,14,-0.08112807349862063,15,MAP_PMU,0
30,v,15,1.1222077816932288,15,MAP_PMU,0
31,teta,15,-0.26490607291962,15,MAP_PMU,0
0,v,0,1.0599625940895356,16,MAP_PMU,0
1,teta,0,-0.00022858584865999087,16,MAP_PMU,0
2,v,1,1.0449885133817793,16,MAP_PMU,0
3,teta,1,-0.08696674325211261,16,MAP_PMU,0
4,v,2,1.0200929005056587,16,MAP_PMU,0
5,teta,2,-0.21991157447309975,16,MAP_PMU,0
6,v,3,1.0239322371588766,16,MAP_PMU,0
7,teta,3,-0.17970383349568683,16,MAP_PMU,0
8,v,4,1.0256697149695606,16,MAP_PMU,0
9,teta,4,-0.15377526410529052,16,MAP_PMU,0
10,v,5,1.091404539059196,16,MAP_PMU,0
11,teta,5,-0.24839229339064686,16,MAP_PMU,0
12,v,6,1.0682308816527648,16,MAP_PMU,0
13,teta,6,-0.23122761304482708,16,MAP_PMU,0
14,v,7,1.0898531415959622,16,MAP_PMU,0
15,teta,7,-0.2312266097086213,16,MAP_PMU,0
16,v,8,1.0670221695158773,16,MAP_PMU,0
17,teta,8,-0.2578148216026419,16,MAP_PMU,0
18,v,9,1.063982238609209,16,MAP_PMU,0
19,teta,9,-0.260895725811253,16,MAP_PMU,0
20,v,10,1.074076239995164,16,MAP_PMU,0
21,teta,10,-0.2567390634483867,16,MAP_PMU,0
22,v,11,1.093265730680021,16,MAP_PMU,0
23,teta,11,-0.274219056553424,16,MAP_PMU,0
24,v,12,1.0763812442895484,16,MAP_PMU,0
25,teta,12,-0.26568751137452784,16,MAP_PMU,0
26,v,13,1.0534060612848444,16,MAP_PMU,0
27,teta,13,-0.27810514541513126,16,MAP_PMU,0
28,v,14,1.0448138764172108,16,MAP_PMU,0
29,teta,14,-0.08102859279205173,16,MAP_PMU,0
30,v,15,1.122173845019733,16,MAP_PMU,0
31,teta,15,-0.26485546066270166,16,MAP_PMU,0
0,v,0,1.0600692361082427,17,MAP_PMU,0
1,teta,0,3.213832609671096e-05,17,MAP_PMU,0
2,v,1,1.0450772684554623,17,MAP_PMU,0
3,teta,1,-0.08692070309060847,17,MAP_PMU,0
4,v,2,1.0201651238912464,17,MAP_PMU,0
5,teta,2,-0.2199307403525112,17,MAP_PMU,0
6,v,3,1.024006227302914,17,MAP_PMU,0
7,teta,3,-0.17971685935545847,17,MAP_PMU,0
8,v,4,1.0257544621457093,17,MAP_PMU,0
9,teta,4,-0.15371407276877141,17,MAP_PMU,0
10,v,5,1.091475211115096,17,MAP_PMU,0
11,teta,5,-0.24829244735438308,17,MAP_PMU,0
12,v,6,1.068430690380967,17,MAP_PMU,0
13,teta,6,-0.23130783559583953,17,MAP_PMU,0
14,v,7,1.0901672613003097,17,MAP_PMU,0
15,teta,7,-0.23130769354688363,17,MAP_PMU,0
16,v,8,1.0672188146648294,17,MAP_PMU,0
17,teta,8,-0.25792615789471346,17,MAP_PMU,0
18,v,9,1.0642420871025922,17,MAP_PMU,0
19,teta,9,-0.2609631556133506,17,MAP_PMU,0
20,v,10,1.0743417641608233,17,MAP_PMU,0
21,teta,10,-0.2567283237459274,17,MAP_PMU,0
22,v,11,1.0934710564424241,17,MAP_PMU,0
23,teta,11,-0.27437883668422725,17,MAP_PMU,0
24,v,12,1.076609550203981,17,MAP_PMU,0
25,teta,12,-0.26580172570881333,17,MAP_PMU,0
26,v,13,1.053625369026966,17,MAP_PMU,0
27,teta,13,-0.2782212691653885,17,MAP_PMU,0
28,v,14,1.0449028739026023,17,MAP_PMU,0
29,teta,14,-0.08097772646614784,17,MAP_PMU,0
30,v,15,1.1223437529874374,17,MAP_PMU,0
31,teta,15,-0.2651296881711781,17,MAP_PMU,0
0,v,0,1.060066030242278,18,MAP_PMU,0
1,teta,0,6.700968092296039e-07,18,MAP_PMU,0
2,v,1,1.0450717879306963,18,MAP_PMU,0
3,teta,1,-0.08698328705649985,18,MAP_PMU,0
4,v,2,1.020169055378792,18,MAP_PMU,0
5,teta,2,-0.2199786015295967,18,MAP_PMU,0
6,v,3,1.0240095747409705,18,MAP_PMU,0
7,teta,3,-0.17976156115606565,18,MAP_PMU,0
8,v,4,1.0257546329801526,18,MAP_PMU,0
9,teta,4,-0.153776675504656,18,MAP_PMU,0
10,v,5,1.0914630443111215,18,MAP_PMU,0
11,teta,5,-0.2483252257780589,18,MAP_PMU,0
12,v,6,1.0683838737234317,18,MAP_PMU,0
13,teta,6,-0.23130379162994738,18,MAP_PMU,0
14,v,7,1.090077547568901,18,MAP_PMU,0
15,teta,7,-0.23130352484495356,18,MAP_PMU,0
16,v,8,1.0671702816627033,18,MAP_PMU,0
17,teta,8,-0.2578983742314012,18,MAP_PMU,0
18,v,9,1.064052825815507,18,MAP_PMU,0
19,teta,9,-0.26098299509164774,18,MAP_PMU,0
20,v,10,1.0740469572949058,18,MAP_PMU,0
21,teta,10,-0.256761403772526,18,MAP_PMU,0
22,v,11,1.0935435653105325,18,MAP_PMU,0
23,teta,11,-0.2742494189464069,18,MAP_PMU,0
24,v,12,1.076622266850567,18,MAP_PMU,0
25,teta,12,-0.26568943409963625,18,MAP_PMU,0
26,v,13,1.0536562619673955,18,MAP_PMU,0
27,teta,13,-0.278110151876349,18,MAP_PMU,0
28,v,14,1.0448855339864933,18,MAP_PMU,0
29,teta,14,-0.08079664536362295,18,MAP_PMU,0
30,v,15,1.1225095234842946,18,MAP_PMU,0
31,teta,15,-0.2648158299507628,18,MAP_PMU,0
0,v,0,1.0599444889516982,19,MAP_PMU,0
1,teta,0,6.851303961299409e-05,19,MAP_PMU,0
2,v,1,1.0449520472816525,19,MAP_PMU,0
3,teta,1,-0.08698680596094348,19,MAP_PMU,0
4,v,2,1.0200550588641069,19,MAP_PMU,0
5,teta,2,-0.21999139805732312,19,MAP_PMU,0
6,v,3,1.023891673490348,19,MAP_PMU,0
7,teta,3,-0.17977317770523366,19,MAP_PMU,0
8,v,4,1.0256348279585694,19,MAP_PMU,0
9,teta,4,-0.1537958223351254,19,MAP_PMU,0
10,v,5,1.0913392908235218,19,MAP_PMU,0
11,teta,5,-0.24840974521008083,19,MAP_PMU,0
12,v,6,1.068243292253543,19,MAP_PMU,0
13,teta,6,-0.23136809405676245,19,MAP_PMU,0
14,v,7,1.0899171796304576,19,MAP_PMU,0
15,teta,7,-0.2313679314937839,19,MAP_PMU,0
16,v,8,1.0670336630690558,19,MAP_PMU,0
17,teta,8,-0.2579901034203439,19,MAP_PMU,0
18,v,9,1.0639287672962228,19,MAP_PMU,0
19,teta,9,-0.2610420995984875,19,MAP_PMU,0
20,v,10,1.0739651676244115,19,MAP_PMU,0
21,teta,10,-0.25679271997619163,19,MAP_PMU,0
22,v,11,1.093261219769992,19,MAP_PMU,0
23,teta,11,-0.27437956621406806,19,MAP_PMU,0
24,v,12,1.076418117232959,19,MAP_PMU,0
25,teta,12,-0.26578120178968934,19,MAP_PMU,0
26,v,13,1.0534438849737124,19,MAP_PMU,0
27,teta,13,-0.2781981687662149,19,MAP_PMU,0
28,v,14,1.0447747836284083,19,MAP_PMU,0
29,teta,14,-0.08098783658001164,19,MAP_PMU,0
30,v,15,1.1220963431201332,19,MAP_PMU,0
31,teta,15,-0.26516648059253445,19,MAP_PMU,0
0,v,0,1.0601439992555017,20,MAP_PMU,0
1,teta,0,-0.0003223547503883225,20,MAP_PMU,0
2,v,1,1.045177020557111,20,MAP_PMU,0
3,teta,1,-0.0870278075105186,20,MAP_PMU,0
4,v,2,1.020288788057191,20,MAP_PMU,0
5,teta,2,-0.2199388140217596,20,MAP_PMU,0
6,v,3,1.0241258984567043,20,MAP_PMU,0
7,teta,3,-0.17974440368702221,20,MAP_PMU,0
8,v,4,1.0258623293439024,20,MAP_PMU,0
9,teta,4,-0.15381691486095608,20,MAP_PMU,0
10,v,5,1.091579155992732,20,MAP_PMU,0
11,teta,5,-0.24838152312798317,20,MAP_PMU,0
12,v,6,1.0684954500743478,20,MAP_PMU,0
13,teta,6,-0.23132995369510354,20,MAP_PMU,0
14,v,7,1.0901901089875512,20,MAP_PMU,0
15,teta,7,-0.231329426451293,20,MAP_PMU,0
16,v,8,1.0672793679247725,20,MAP_PMU,0
17,teta,8,-0.25794733029043476,20,MAP_PMU,0
18,v,9,1.0642514268346221,20,MAP_PMU,0
19,teta,9,-0.26102119331720647,20,MAP_PMU,0
20,v,10,1.074333153472925,20,MAP_PMU,0
21,teta,10,-0.256832692988954,20,MAP_PMU,0
22,v,11,1.093672582308376,20,MAP_PMU,0
23,teta,11,-0.2741808263049958,20,MAP_PMU,0
24,v,12,1.076815199131506,20,MAP_PMU,0
25,teta,12,-0.2655865182474254,20,MAP_PMU,0
26,v,13,1.0538374608280536,20,MAP_PMU,0
27,teta,13,-0.27800505387948393,20,MAP_PMU,0
28,v,14,1.0450003199121125,20,MAP_PMU,0
29,teta,14,-0.0810779200031789,20,MAP_PMU,0
30,v,15,1.1225516897774495,20,MAP_PMU,0
31,teta,15,-0.26489939186258654,20,MAP_PMU,0
0,v,0,1.0602870869315821,21,MAP_PMU,0
1,teta,0,-0.00020626846394382036,21,MAP_PMU,0
2,v,1,1.0452972417696296,21,MAP_PMU,0
3,teta,1,-0.0870108330893762,21,MAP_PMU,0
4,v,2,1.0204054386723185,21,MAP_PMU,0
5,teta,2,-0.21990108812418535,21,MAP_PMU,0
6,v,3,1.024245270056658,21,MAP_PMU,0
7,teta,3,-0.17970492993988352,21,MAP_PMU,0
8,v,4,1.0259817662735373,21,MAP_PMU,0
9,teta,4,-0.15377823607869118,21,MAP_PMU,0
10,v,5,1.091712987182093,21,MAP_PMU,0
11,teta,5,-0.24834341578905914,21,MAP_PMU,0
12,v,6,1.0686425512111426,21,MAP_PMU,0
13,teta,6,-0.23126043213665867,21,MAP_PMU,0
14,v,7,1.0903376836762293,21,MAP_PMU,0
15,teta,7,-0.23126006785767192,21,MAP_PMU,0
16,v,8,1.0674381705395066,21,MAP_PMU,0
17,teta,8,-0.2578613490870203,21,MAP_PMU,0
18,v,9,1.0644281062933378,21,MAP_PMU,0
19,teta,9,-0.26083306571315845,21,MAP_PMU,0
20,v,10,1.0744603746834656,21,MAP_PMU,0
21,teta,10,-0.2566227152564332,21,MAP_PMU,0
22,v,11,1.0936466333888553,21,MAP_PMU,0
23,teta,11,-0.27419949889535167,21,MAP_PMU,0
24,v,12,1.0768324375796814,21,MAP_PMU,0
25,teta,12,-0.2656975534427187,21,MAP_PMU,0
26,v,13,1.0538639678466157,21,MAP_PMU,0
27,teta,13,-0.2781072229112714,21,MAP_PMU,0
28,v,14,1.0451195837731295,21,MAP_PMU,0
29,teta,14,-0.0810535787799554,21,MAP_PMU,0
30,v,15,1.1224450342914487,21,MAP_PMU,0
31,teta,15,-0.2649810547575748,21,MAP_PMU,0
0,v,0,1.0600228958731592,22,MAP_PMU,0
1,teta,0,-5.088162083513659e-05,22,MAP_PMU,0
2,v,1,1.045020803609475,22,MAP_PMU,0
3,teta,1,-0.08693450727634622,22,MAP_PMU,0
4,v,2,1.0201157963781413,22,MAP_PMU,0
5,teta,2,-0.21992314090790646,22,MAP_PMU,0
6,v,3,1.023954716305118,22,MAP_PMU,0
7,teta,3,-0.17971450988625648,22,MAP_PMU,0
8,v,4,1.0256986840982003,22,MAP_PMU,0
9,teta,4,-0.15375017253960588,22,MAP_PMU,0
10,v,5,1.0914229340963286,22,MAP_PMU,0
11,teta,5,-0.24835134749264876,22,MAP_PMU,0
12,v,6,1.0683181648955935,22,MAP_PMU,0
13,teta,6,-0.23130505058952028,22,MAP_PMU,0
14,v,7,1.0900013509024702,22,MAP_PMU,0
15,teta,7,-0.2313054560921372,22,MAP_PMU,0
16,v,8,1.067108077364488,22,MAP_PMU,0
17,teta,8,-0.257924226707837,22,MAP_PMU,0
18,v,9,1.0640885504684812,22,MAP_PMU,0
19,teta,9,-0.26088573463313763,22,MAP_PMU,0
20,v,10,1.0741902617543901,22,MAP_PMU,0
21,teta,10,-0.25668852015800664,22,MAP_PMU,0
22,v,11,1.0933932432507374,22,MAP_PMU,0
23,teta,11,-0.27430164199002294,22,MAP_PMU,0
24,v,12,1.076511138630264,22,MAP_PMU,0
25,teta,12,-0.2657723456607883,22,MAP_PMU,0
26,v,13,1.0535353481996463,22,MAP_PMU,0
27,teta,13,-0.27818380703118106,22,MAP_PMU,0
28,v,14,1.0448431670992515,22,MAP_PMU,0
29,teta,14,-0.08097956611430332,22,MAP_PMU,0
30,v,15,1.1223959634062433,22,MAP_PMU,0
31,teta,15,-0.26488097192674387,22,MAP_PMU,0
0,v,0,1.059842798305131,23,MAP_PMU,0
1,teta,0,-0.0005053765845274078,23,MAP_PMU,0
2,v,1,1.0449154661772948,23,MAP_PMU,0
3,teta,1,-0.08699230257413498,23,MAP_PMU,0
4,v,2,1.0200171899872041,23,MAP_PMU,0
5,teta,2,-0.21999664461795904,23,MAP_PMU,0
6,v,3,1.0238584547664293,23,MAP_PMU,0
7,teta,3,-0.1797634588183713,23,MAP_PMU,0
8,v,4,1.0255941235496957,23,MAP_PMU,0
9,teta,4,-0.1538350767790233,23,MAP_PMU,0
10,v,5,1.0912826797982216,23,MAP_PMU,0
11,teta,5,-0.2484178597358783,23,MAP_PMU,0
12,v,6,1.0682307555565034,23,MAP_PMU,0
13,teta,6,-0.23131267027701077,23,MAP_PMU,0
14,v,7,1.0899343530040857,23,MAP_PMU,0
15,teta,7,-0.23131276646130036,23,MAP_PMU,0
16,v,8,1.0670118026986477,23,MAP_PMU,0
17,teta,8,-0.2579106393702449,23,MAP_PMU,0
18,v,9,1.0639594281663993,23,MAP_PMU,0
19,teta,9,-0.2610465846237594,23,MAP_PMU,0
20,v,10,1.0739999546609016,23,MAP_PMU,0
21,teta,10,-0.2569839099305592,23,MAP_PMU,0
22,v,11,1.093358246584269,23,MAP_PMU,0
23,teta,11,-0.27434058651551524,23,MAP_PMU,0
24,v,12,1.0764425117779797,23,MAP_PMU,0
25,teta,12,-0.2657603667030448,23,MAP_PMU,0
26,v,13,1.0534634944790777,23,MAP_PMU,0
27,teta,13,-0.2781721945759157,23,MAP_PMU,0
28,v,14,1.044736717114097,23,MAP_PMU,0
29,teta,14,-0.08098980552100189,23,MAP_PMU,0
30,v,15,1.122193796429134,23,MAP_PMU,0
31,teta,15,-0.26516720202464844,23,MAP_PMU,0
0,v,0,1.0599224080737613,24,MAP_PMU,0
1,teta,0,0.00011377574270956845,24,MAP_PMU,0
2,v,1,1.0449126895893524,24,MAP_PMU,0
3,teta,1,-0.08690525781717424,24,MAP_PMU,0
4,v,2,1.0200016381175674,24,MAP_PMU,0
5,teta,2,-0.219937458247748,24,MAP_PMU,0
6,v,3,1.0238413160418975,24,MAP_PMU,0
7,teta,3,-0.17971747770648186,24,MAP_PMU,0
8,v,4,1.0255878604016582,24,MAP_PMU,0
9,teta,4,-0.15372589527126276,24,MAP_PMU,0
10,v,5,1.0912943432793814,24,MAP_PMU,0
11,teta,5,-0.24835350264865336,24,MAP_PMU,0
12,v,6,1.0682273502778237,24,MAP_PMU,0
13,teta,6,-0.23120976799589144,24,MAP_PMU,0
14,v,7,1.0899361982985158,24,MAP_PMU,0
15,teta,7,-0.23120943919606482,24,MAP_PMU,0
16,v,8,1.0670101073884806,24,MAP_PMU,0
17,teta,8,-0.2577782548216748,24,MAP_PMU,0
18,v,9,1.0639772380463706,24,MAP_PMU,0
19,teta,9,-0.26095013459152017,24,MAP_PMU,0
20,v,10,1.0740554463349554,24,MAP_PMU,0
21,teta,10,-0.25673030335015606,24,MAP_PMU,0
22,v,11,1.0932921488568423,24,MAP_PMU,0
23,teta,11,-0.2743043834055555,24,MAP_PMU,0
24,v,12,1.0763609771141482,24,MAP_PMU,0
25,teta,12,-0.26574056293784815,24,MAP_PMU,0
26,v,13,1.0533830094853918,24,MAP_PMU,0
27,teta,13,-0.2781530101175069,24,MAP_PMU,0
28,v,14,1.044727595877722,24,MAP_PMU,0
29,teta,14,-0.08080216572561028,24,MAP_PMU,0
30,v,15,1.1222303017833946,24,MAP_PMU,0
31,teta,15,-0.2649850085647344,24,MAP_PMU,0
0,v,0,1.0599443239062312,25,MAP_PMU,0
1,teta,0,-0.0001792662498494146,25,MAP_PMU,0
2,v,1,1.0449639600345777,25,MAP_PMU,0
3,teta,1,-0.08700270128530875,25,MAP_PMU,0
4,v,2,1.02006921207101,25,MAP_PMU,0
5,teta,2,-0.21998533936673126,25,MAP_PMU,0
6,v,3,1.0239084389802526,25,MAP_PMU,0
7,teta,3,-0.17976293246604869,25,MAP_PMU,0
8,v,4,1.0256475629094928,25,MAP_PMU,0
9,teta,4,-0.15381585609017337,25,MAP_PMU,0
10,v,5,1.0913570914045687,25,MAP_PMU,0
11,teta,5,-0.24836281556148845,25,MAP_PMU,0
12,v,6,1.0682551219657963,25,MAP_PMU,0
13,teta,6,-0.2312724233701322,25,MAP_PMU,0
14,v,7,1.0899273613374687,25,MAP_PMU,0
15,teta,7,-0.2312718052568613,25,MAP_PMU,0
16,v,8,1.0670400843137704,25,MAP_PMU,0
17,teta,8,-0.2578509502506401,25,MAP_PMU,0
18,v,9,1.0640161931702858,25,MAP_PMU,0
19,teta,9,-0.2608921215785153,25,MAP_PMU,0
20,v,10,1.0741129554161104,25,MAP_PMU,0
21,teta,10,-0.25671813360570384,25,MAP_PMU,0
22,v,11,1.0933439670117138,25,MAP_PMU,0
23,teta,11,-0.2745166655124988,25,MAP_PMU,0
24,v,12,1.0763752405008036,25,MAP_PMU,0
25,teta,12,-0.26584034581415367,25,MAP_PMU,0
26,v,13,1.0533986334006844,25,MAP_PMU,0
27,teta,13,-0.27825413202289817,25,MAP_PMU,0
28,v,14,1.0447902357018972,25,MAP_PMU,0
29,teta,14,-0.08112594972175087,25,MAP_PMU,0
30,v,15,1.122418088004777,25,MAP_PMU,0
31,teta,15,-0.2651880410579726,25,MAP_PMU,0
0,v,0,1.0599823335995173,26,MAP_PMU,0
1,teta,0,0.00023383772181512623,26,MAP_PMU,0
2,v,1,1.0449256148392552,26,MAP_PMU,0
3,teta,1,-0.08695583312918875,26,MAP_PMU,0
4,v,2,1.020025839192278,26,MAP_PMU,0
5,teta,2,-0.21993467131117897,26,MAP_PMU,0
6,v,3,1.0238671582604997,26,MAP_PMU,0
7,teta,3,-0.17971161038078406,26,MAP_PMU,0
8,v,4,1.0256144926938562,26,MAP_PMU,0
9,teta,4,-0.15371858463090077,26,MAP_PMU,0
10,v,5,1.0913165105440295,26,MAP_PMU,0
11,teta,5,-0.24833807424499132,26,MAP_PMU,0
12,v,6,1.068211967147745,26,MAP_PMU,0
13,teta,6,-0.23116636822227865,26,MAP_PMU,0
14,v,7,1.089872690355934,26,MAP_PMU,0
15,teta,7,-0.2311664764712009,26,MAP_PMU,0
16,v,8,1.0670012027471105,26,MAP_PMU,0
17,teta,8,-0.2577161067676462,26,MAP_PMU,0
18,v,9,1.0640280776514786,26,MAP_PMU,0
19,teta,9,-0.2607504429073922,26,MAP_PMU,0
20,v,10,1.0740757545520032,26,MAP_PMU,0
21,teta,10,-0.2566006408675783,26,MAP_PMU,0
22,v,11,1.093401008661059,26,MAP_PMU,0
23,teta,11,-0.27423302351307755,26,MAP_PMU,0
24,v,12,1.0764462503045875,26,MAP_PMU,0
25,teta,12,-0.26557843463474473,26,MAP_PMU,0
26,v,13,1.053467179952618,26,MAP_PMU,0
27,teta,13,-0.2779868721768091,26,MAP_PMU,0
28,v,14,1.0447460823943344,26,MAP_PMU,0
29,teta,14,-0.08095499139826512,26,MAP_PMU,0
30,v,15,1.122375604082564,26,MAP_PMU,0
31,teta,15,-0.26505588277289577,26,MAP_PMU,0
0,v,0,1.0598825954831907,27,MAP_PMU,0
1,teta,0,-9.32992504667672e-05,27,MAP_PMU,0
2,v,1,1.0449231530648286,27,MAP_PMU,0
3,teta,1,-0.08694775913459035,27,MAP_PMU,0
4,v,2,1.0200195718992493,27,MAP_PMU,0
5,teta,2,-0.2199728129778775,27,MAP_PMU,0
6,v,3,1.0238573585409374,27,MAP_PMU,0
7,teta,3,-0.17974801680220254,27,MAP_PMU,0
8,v,4,1.0256058510407722,27,MAP_PMU,0
9,teta,4,-0.15374064779929356,27,MAP_PMU,0
10,v,5,1.091286505389705,27,MAP_PMU,0
11,teta,5,-0.2483182630519198,27,MAP_PMU,0
12,v,6,1.0682246639141586,27,MAP_PMU,0
13,teta,6,-0.23139884554999157,27,MAP_PMU,0
14,v,7,1.0899189321974714,27,MAP_PMU,0
15,teta,7,-0.2313983079012913,27,MAP_PMU,0
16,v,8,1.0670133257088579,27,MAP_PMU,0
17,teta,8,-0.25804954592006674,27,MAP_PMU,0
18,v,9,1.0639701023431025,27,MAP_PMU,0
19,teta,9,-0.26097531757243153,27,MAP_PMU,0
20,v,10,1.0740257812131067,27,MAP_PMU,0
21,teta,10,-0.256702356133943,27,MAP_PMU,0
22,v,11,1.0933040043523878,27,MAP_PMU,0
23,teta,11,-0.27424760263614933,27,MAP_PMU,0
24,v,12,1.0765033050455732,27,MAP_PMU,0
25,teta,12,-0.26572113031729744,27,MAP_PMU,0
26,v,13,1.053526081532757,27,MAP_PMU,0
27,teta,13,-0.2781352563295357,27,MAP_PMU,0
28,v,14,1.0447366722221372,27,MAP_PMU,0
29,teta,14,-0.08086790792649792,27,MAP_PMU,0
30,v,15,1.1221440821042004,27,MAP_PMU,0
31,teta,15,-0.26489959265069524,27,MAP_PMU,0
0,v,0,1.0598541077618495,28,MAP_PMU,0
1,teta,0,-8.886328094094003e-06,28,MAP_PMU,0
2,v,1,1.0448490955395633,28,MAP_PMU,0
3,teta,1,-0.0869298695718587,28,MAP_PMU,0
4,v,2,1.0199454134305848,28,MAP_PMU,0
5,teta,2,-0.21992550081833548,28,MAP_PMU,0
6,v,3,1.0237870975273704,28,MAP_PMU,0
7,teta,3,-0.17970133111142791,28,MAP_PMU,0
8,v,4,1.0255304058005084,28,MAP_PMU,0
9,teta,4,-0.15373413013619927,28,MAP_PMU,0
10,v,5,1.0912237374979887,28,MAP_PMU,0
11,teta,5,-0.24831786504241998,28,MAP_PMU,0
12,v,6,1.0681956321350379,28,MAP_PMU,0
13,teta,6,-0.23129960988446654,28,MAP_PMU,0
14,v,7,1.0899271855748254,28,MAP_PMU,0
15,teta,7,-0.23129960599859303,28,MAP_PMU,0
16,v,8,1.0669811782299266,28,MAP_PMU,0
17,teta,8,-0.2579218418434938,28,MAP_PMU,0
18,v,9,1.06396968140775,28,MAP_PMU,0
19,teta,9,-0.260970733501228,28,MAP_PMU,0
20,v,10,1.0739792275454043,28,MAP_PMU,0
21,teta,10,-0.2568018303154942,28,MAP_PMU,0
22,v,11,1.0931547807534951,28,MAP_PMU,0
23,teta,11,-0.2743218288577462,28,MAP_PMU,0
24,v,12,1.07637298310174,28,MAP_PMU,0
25,teta,12,-0.2657732347663817,28,MAP_PMU,0
26,v,13,1.0533993911054707,28,MAP_PMU,0
27,teta,13,-0.2781971559999333,28,MAP_PMU,0
28,v,14,1.0446685381238614,28,MAP_PMU,0
29,teta,14,-0.08085440792250709,28,MAP_PMU,0
30,v,15,1.121957324278494,28,MAP_PMU,0
31,teta,15,-0.2650787252504698,28,MAP_PMU,0
0,v,0,1.0599386837474971,29,MAP_PMU,0
1,teta,0,-4.178800151957904e-05,29,MAP_PMU,0
2,v,1,1.0449470387172821,29,MAP_PMU,0
3,teta,1,-0.08701181940263013,29,MAP_PMU,0
4,v,2,1.0200534765339,29,MAP_PMU,0
5,teta,2,-0.22000502200766392,29,MAP_PMU,0
6,v,3,1.0238895247956066,29,MAP_PMU,0
7,teta,3,-0.17979538499403525,29,MAP_PMU,0
8,v,4,1.0256365000003604,29,MAP_PMU,0
9,teta,4,-0.15379411249436636,29,MAP_PMU,0
10,v,5,1.091339303799099,29,MAP_PMU,0
11,teta,5,-0.2484197345355073,29,MAP_PMU,0
12,v,6,1.0682510809450065,29,MAP_PMU,0
13,teta,6,-0.2313943668649995,29,MAP_PMU,0
14,v,7,1.0899442972594855,29,MAP_PMU,0
15,teta,7,-0.231394296974073,29,MAP_PMU,0
16,v,8,1.0670348010266877,29,MAP_PMU,0
17,teta,8,-0.2580183302981495,29,MAP_PMU,0
18,v,9,1.06400212443405,29,MAP_PMU,0
19,teta,9,-0.26107443636966693,29,MAP_PMU,0
20,v,10,1.0741567459152035,29,MAP_PMU,0
21,teta,10,-0.2568986846180074,29,MAP_PMU,0
22,v,11,1.0932596433147488,29,MAP_PMU,0
23,teta,11,-0.2743311886080441,29,MAP_PMU,0
24,v,12,1.0764460244801564,29,MAP_PMU,0
25,teta,12,-0.26580442142732735,29,MAP_PMU,0
26,v,13,1.0534699586435612,29,MAP_PMU,0
27,teta,13,-0.27822397914911595,29,MAP_PMU,0
28,v,14,1.044774804087495,29,MAP_PMU,0
29,teta,14,-0.08116886072427254,29,MAP_PMU,0
30,v,15,1.122070846221623,29,MAP_PMU,0
31,teta,15,-0.265073239232867,29,MAP_PMU,0
0,v,0,1.0600345354559437,30,MAP_PMU,0
1,teta,0,7.41304444418664e-05,30,MAP_PMU,0
2,v,1,1.0450248849326016,30,MAP_PMU,0
3,teta,1,-0.08697698510980113,30,MAP_PMU,0
4,v,2,1.0201270514146306,30,MAP_PMU,0
5,teta,2,-0.21994371898935094,30,MAP_PMU,0
6,v,3,1.023966329126901,30,MAP_PMU,0
7,teta,3,-0.17973140731754284,30,MAP_PMU,0
8,v,4,1.0257131396286572,30,MAP_PMU,0
9,teta,4,-0.15374080266861576,30,MAP_PMU,0
10,v,5,1.091441088593563,30,MAP_PMU,0
11,teta,5,-0.24834299669255658,30,MAP_PMU,0
12,v,6,1.068322931106699,30,MAP_PMU,0
13,teta,6,-0.23122034342144163,30,MAP_PMU,0
14,v,7,1.0899838225819225,30,MAP_PMU,0
15,teta,7,-0.23122035438978286,30,MAP_PMU,0
16,v,8,1.0671186599066784,30,MAP_PMU,0
17,teta,8,-0.25778743307639174,30,MAP_PMU,0
18,v,9,1.0641093522471412,30,MAP_PMU,0
19,teta,9,-0.2609464396326387,30,MAP_PMU,0
20,v,10,1.074194312751435,30,MAP_PMU,0
21,teta,10,-0.2568441324892125,30,MAP_PMU,0
22,v,11,1.093305966593983,30,MAP_PMU,0
23,teta,11,-0.27422577164621403,30,MAP_PMU,0
24,v,12,1.0765160817757877,30,MAP_PMU,0
25,teta,12,-0.26566362088700846,30,MAP_PMU,0
26,v,13,1.0535328843592,30,MAP_PMU,0
27,teta,13,-0.27808121201541636,30,MAP_PMU,0
28,v,14,1.0448496983806523,30,MAP_PMU,0
29,teta,14,-0.08104074251271036,30,MAP_PMU,0
30,v,15,1.1220351933251869,30,MAP_PMU,0
31,teta,15,-0.2650592135250561,30,MAP_PMU,0
0,v,0,1.0601018943128293,31,MAP_PMU,0
1,teta,0,4.279432644321101e-05,31,MAP_PMU,0
2,v,1,1.0450935921147257,31,MAP_PMU,0
3,teta,1,-0.0870175164506405,31,MAP_PMU,0
4,v,2,1.020196724852187,31,MAP_PMU,0
5,teta,2,-0.22001799611738607,31,MAP_PMU,0
6,v,3,1.024032261611738,31,MAP_PMU,0
7,teta,3,-0.17981070830530735,31,MAP_PMU,0
8,v,4,1.0257755313816548,31,MAP_PMU,0
9,teta,4,-0.1538301321998287,31,MAP_PMU,0
10,v,5,1.0915023733070555,31,MAP_PMU,0
11,teta,5,-0.24841415036782233,31,MAP_PMU,0
12,v,6,1.0684356066252831,31,MAP_PMU,0
13,teta,6,-0.23136535579266795,31,MAP_PMU,0
14,v,7,1.0901441749444918,31,MAP_PMU,0
15,teta,7,-0.23136553943376917,31,MAP_PMU,0
16,v,8,1.0672282691997368,31,MAP_PMU,0
17,teta,8,-0.2579651846951391,31,MAP_PMU,0
18,v,9,1.0641314619127482,31,MAP_PMU,0
19,teta,9,-0.26108426746860086,31,MAP_PMU,0
20,v,10,1.0741569300228455,31,MAP_PMU,0
21,teta,10,-0.25684855379980914,31,MAP_PMU,0
22,v,11,1.093414544753108,31,MAP_PMU,0
23,teta,11,-0.2741980378684632,31,MAP_PMU,0
24,v,12,1.0766928101490452,31,MAP_PMU,0
25,teta,12,-0.2656860801994069,31,MAP_PMU,0
26,v,13,1.0537112482029787,31,MAP_PMU,0
27,teta,13,-0.27808784086236815,31,MAP_PMU,0
28,v,14,1.0449136264184389,31,MAP_PMU,0
29,teta,14,-0.08099948685710648,31,MAP_PMU,0
30,v,15,1.1221428074123272,31,MAP_PMU,0
31,teta,15,-0.26492556331927664,31,MAP_PMU,0
0,v,0,1.0601316509841772,32,MAP_PMU,0
1,teta,0,-2.0977689422506364e-05,32,MAP_PMU,0
2,v,1,1.045113991664608,32,MAP_PMU,0
3,teta,1,-0.08695602783898172,32,MAP_PMU,0
4,v,2,1.0202135253771063,32,MAP_PMU,0
5,teta,2,-0.21992828164385297,32,MAP_PMU,0
6,v,3,1.0240486414290275,32,MAP_PMU,0
7,teta,3,-0.1797317650525799,32,MAP_PMU,0
8,v,4,1.0257930868552052,32,MAP_PMU,0
9,teta,4,-0.15375852561493702,32,MAP_PMU,0
10,v,5,1.0914981075394343,32,MAP_PMU,0
11,teta,5,-0.24833946067705323,32,MAP_PMU,0
12,v,6,1.06839700760222,32,MAP_PMU,0
13,teta,6,-0.23132353838513425,32,MAP_PMU,0
14,v,7,1.090060627424864,32,MAP_PMU,0
15,teta,7,-0.23132325915836746,32,MAP_PMU,0
16,v,8,1.067190256313158,32,MAP_PMU,0
17,teta,8,-0.2579441781294774,32,MAP_PMU,0
18,v,9,1.0641310861926319,32,MAP_PMU,0
19,teta,9,-0.2610607092442084,32,MAP_PMU,0
20,v,10,1.0741265280818026,32,MAP_PMU,0
21,teta,10,-0.25693450803413836,32,MAP_PMU,0
22,v,11,1.0934057047295203,32,MAP_PMU,0
23,teta,11,-0.2742409115435686,32,MAP_PMU,0
24,v,12,1.0766399515949203,32,MAP_PMU,0
25,teta,12,-0.2657356375408153,32,MAP_PMU,0
26,v,13,1.053658307448872,32,MAP_PMU,0
27,teta,13,-0.27815353786018093,32,MAP_PMU,0
28,v,14,1.044926721666329,32,MAP_PMU,0
29,teta,14,-0.08068230782098428,32,MAP_PMU,0
30,v,15,1.1222108022860473,32,MAP_PMU,0
31,teta,15,-0.2649273512743466,32,MAP_PMU,0
0,v,0,1.060098456939049,33,MAP_PMU,0
1,teta,0,0.00011961506317840292,33,MAP_PMU,0
2,v,1,1.045058242938328,33,MAP_PMU,0
3,teta,1,-0.08698101864505431,33,MAP_PMU,0
4,v,2,1.0201593183090227,33,MAP_PMU,0
5,teta,2,-0.21995200714919455,33,MAP_PMU,0
6,v,3,1.02399923776179,33,MAP_PMU,0
7,teta,3,-0.17973817006344533,33,MAP_PMU,0
8,v,4,1.0257447777771034,33,MAP_PMU,0
9,teta,4,-0.15376218572466344,33,MAP_PMU,0
10,v,5,1.0914780154749792,33,MAP_PMU,0
11,teta,5,-0.2483934349461461,33,MAP_PMU,0
12,v,6,1.0683871790691721,33,MAP_PMU,0
13,teta,6,-0.23122547493126852,33,MAP_PMU,0
14,v,7,1.0900722856010265,33,MAP_PMU,0
15,teta,7,-0.23122541086908185,33,MAP_PMU,0
16,v,8,1.0671838381492418,33,MAP_PMU,0
17,teta,8,-0.2577909903995908,33,MAP_PMU,0
18,v,9,1.0641116253272243,33,MAP_PMU,0
19,teta,9,-0.26087914105156607,33,MAP_PMU,0
20,v,10,1.0741672778779232,33,MAP_PMU,0
21,teta,10,-0.2566911667464069,33,MAP_PMU,0
22,v,11,1.0933183085988183,33,MAP_PMU,0
23,teta,11,-0.2742710061745888,33,MAP_PMU,0
24,v,12,1.0765618722758545,33,MAP_PMU,0
25,teta,12,-0.2657406638941801,33,MAP_PMU,0
26,v,13,1.053594945091928,33,MAP_PMU,0
27,teta,13,-0.27815968979655226,33,MAP_PMU,0
28,v,14,1.0448774611037015,33,MAP_PMU,0
29,teta,14,-0.08089616692464148,33,MAP_PMU,0
30,v,15,1.1221254607783548,33,MAP_PMU,0
31,teta,15,-0.2649694101067955,33,MAP_PMU,0
0,v,0,1.0599298065729288,34,MAP_PMU,0
1,teta,0,-0.00016848397236034348,34,MAP_PMU,0
2,v,1,1.0449755369732032,34,MAP_PMU,0
3,teta,1,-0.08701707991002486,34,MAP_PMU,0
4,v,2,1.0200841556022655,34,MAP_PMU,0
5,teta,2,-0.21999723460994147,34,MAP_PMU,0
6,v,3,1.0239189917781628,34,MAP_PMU,0
7,teta,3,-0.17979373061409684,34,MAP_PMU,0
8,v,4,1.0256605407986072,34,MAP_PMU,0
9,teta,4,-0.1538217944466286,34,MAP_PMU,0
10,v,5,1.0913666723628128,34,MAP_PMU,0
11,teta,5,-0.24837434730449157,34,MAP_PMU,0
12,v,6,1.0682690599363478,34,MAP_PMU,0
13,teta,6,-0.2313391625808439,34,MAP_PMU,0
14,v,7,1.089947001384222,34,MAP_PMU,0
15,teta,7,-0.23133857529114837,34,MAP_PMU,0
16,v,8,1.067053656756619,34,MAP_PMU,0
17,teta,8,-0.25793613642297747,34,MAP_PMU,0
18,v,9,1.064005878383281,34,MAP_PMU,0
19,teta,9,-0.2610576304530868,34,MAP_PMU,0
20,v,10,1.0740946346876408,34,MAP_PMU,0
21,teta,10,-0.2568122263526334,34,MAP_PMU,0
22,v,11,1.0932015281005423,34,MAP_PMU,0
23,teta,11,-0.2741619982994426,34,MAP_PMU,0
24,v,12,1.0764780871962119,34,MAP_PMU,0
25,teta,12,-0.265678411985092,34,MAP_PMU,0
26,v,13,1.0535013350003026,34,MAP_PMU,0
27,teta,13,-0.27809137954730523,34,MAP_PMU,0
28,v,14,1.0447967024325806,34,MAP_PMU,0
29,teta,14,-0.08097958455917591,34,MAP_PMU,0
30,v,15,1.1219014385763617,34,MAP_PMU,0
31,teta,15,-0.26487593365492945,34,MAP_PMU,0
0,v,0,1.0600384847453648,35,MAP_PMU,0
1,teta,0,4.280634397854954e-05,35,MAP_PMU,0
2,v,1,1.045043512133797,35,MAP_PMU,0
3,teta,1,-0.08698150648674048,35,MAP_PMU,0
4,v,2,1.0201475451267643,35,MAP_PMU,0
5,teta,2,-0.21994467415415817,35,MAP_PMU,0
6,v,3,1.0239840098186783,35,MAP_PMU,0
7,teta,3,-0.1797438496982886,35,MAP_PMU,0
8,v,4,1.0257267628217286,35,MAP_PMU,0
9,teta,4,-0.1537776504973324,35,MAP_PMU,0
10,v,5,1.0914507455666334,35,MAP_PMU,0
11,teta,5,-0.24838310398864577,35,MAP_PMU,0
12,v,6,1.068378433038114,35,MAP_PMU,0
13,teta,6,-0.23139272718988566,35,MAP_PMU,0
14,v,7,1.0901039112196578,35,MAP_PMU,0
15,teta,7,-0.23139220756183318,35,MAP_PMU,0
16,v,8,1.0671604328232343,35,MAP_PMU,0
17,teta,8,-0.25804202953013966,35,MAP_PMU,0
18,v,9,1.0641142059751305,35,MAP_PMU,0
19,teta,9,-0.26105764586619357,35,MAP_PMU,0
20,v,10,1.0741556848096263,35,MAP_PMU,0
21,teta,10,-0.2568460035416623,35,MAP_PMU,0
22,v,11,1.0934550463750747,35,MAP_PMU,0
23,teta,11,-0.27445496838114053,35,MAP_PMU,0
24,v,12,1.076580532841699,35,MAP_PMU,0
25,teta,12,-0.26590334027753865,35,MAP_PMU,0
26,v,13,1.0536080302655029,35,MAP_PMU,0
27,teta,13,-0.2783170136710514,35,MAP_PMU,0
28,v,14,1.0448652850878286,35,MAP_PMU,0
29,teta,14,-0.08117981477496068,35,MAP_PMU,0
30,v,15,1.1222871889233323,35,MAP_PMU,0
31,teta,15,-0.2652446953064061,35,MAP_PMU,0
0,v,0,1.0600773930785599,36,MAP_PMU,0
1,teta,0,-0.00010389083167469452,36,MAP_PMU,0
2,v,1,1.0450887164896947,36,MAP_PMU,0
3,teta,1,-0.08700392761460692,36,MAP_PMU,0
4,v,2,1.0201932592035579,36,MAP_PMU,0
5,teta,2,-0.21996527293318724,36,MAP_PMU,0
6,v,3,1.024032891954871,36,MAP_PMU,0
7,teta,3,-0.17975055932193226,36,MAP_PMU,0
8,v,4,1.025773275499057,36,MAP_PMU,0
9,teta,4,-0.15379634951497576,36,MAP_PMU,0
10,v,5,1.0914836201130718,36,MAP_PMU,0
11,teta,5,-0.24830719162884546,36,MAP_PMU,0
12,v,6,1.0684034253708683,36,MAP_PMU,0
13,teta,6,-0.23124389531713493,36,MAP_PMU,0
14,v,7,1.0900812950836996,36,MAP_PMU,0
15,teta,7,-0.2312438646097746,36,MAP_PMU,0
16,v,8,1.0671953665175948,36,MAP_PMU,0
17,teta,8,-0.2578130785523309,36,MAP_PMU,0
18,v,9,1.0641476804079684,36,MAP_PMU,0
19,teta,9,-0.2608751042763511,36,MAP_PMU,0
20,v,10,1.0741657171089076,36,MAP_PMU,0
21,teta,10,-0.25668115093497407,36,MAP_PMU,0
22,v,11,1.0934232301675015,36,MAP_PMU,0
23,teta,11,-0.2742376751965,36,MAP_PMU,0
24,v,12,1.0765775476452715,36,MAP_PMU,0
25,teta,12,-0.26573683992839114,36,MAP_PMU,0
26,v,13,1.0535922848782409,36,MAP_PMU,0
27,teta,13,-0.2781565793749002,36,MAP_PMU,0
28,v,14,1.0449066429860698,36,MAP_PMU,0
29,teta,14,-0.0809479878189849,36,MAP_PMU,0
30,v,15,1.1223178347784686,36,MAP_PMU,0
31,teta,15,-0.264875248895912,36,MAP_PMU,0
0,v,0,1.059678502070553,37,MAP_PMU,0
1,teta,0,-0.00014320794014661855,37,MAP_PMU,0
2,v,1,1.0447076242172049,37,MAP_PMU,0
3,teta,1,-0.08697909459324533,37,MAP_PMU,0
4,v,2,1.0198103398214513,37,MAP_PMU,0
5,teta,2,-0.22000613672994745,37,MAP_PMU,0
6,v,3,1.023650474214517,37,MAP_PMU,0
7,teta,3,-0.17977222119561062,37,MAP_PMU,0
8,v,4,1.025391970285029,37,MAP_PMU,0
9,teta,4,-0.15380234105053278,37,MAP_PMU,0
10,v,5,1.0910939522446714,37,MAP_PMU,0
11,teta,5,-0.24835479954397818,37,MAP_PMU,0
12,v,6,1.0680019576600772,37,MAP_PMU,0
13,teta,6,-0.23131847352335513,37,MAP_PMU,0
14,v,7,1.0896667452293733,37,MAP_PMU,0
15,teta,7,-0.23131870633202295,37,MAP_PMU,0
16,v,8,1.0667984236206924,37,MAP_PMU,0
17,teta,8,-0.257914745666367,37,MAP_PMU,0
18,v,9,1.0637185964902396,37,MAP_PMU,0
19,teta,9,-0.2610065430059878,37,MAP_PMU,0
20,v,10,1.0737817351127505,37,MAP_PMU,0
21,teta,10,-0.2568113015917656,37,MAP_PMU,0
22,v,11,1.0931785336946138,37,MAP_PMU,0
23,teta,11,-0.274329423986928,37,MAP_PMU,0
24,v,12,1.0762385309911549,37,MAP_PMU,0
25,teta,12,-0.26564055432347294,37,MAP_PMU,0
26,v,13,1.0532735858075866,37,MAP_PMU,0
27,teta,13,-0.27805642566433975,37,MAP_PMU,0
28,v,14,1.0445288614211194,37,MAP_PMU,0
29,teta,14,-0.08114541428186622,37,MAP_PMU,0
30,v,15,1.122240588552248,37,MAP_PMU,0
31,teta,15,-0.2650980462059051,37,MAP_PMU,0
0,v,0,1.0599055051510458,38,MAP_PMU,0
1,teta,0,1.5072029972456778e-05,38,MAP_PMU,0
2,v,1,1.0448951446394077,38,MAP_PMU,0
3,teta,1,-0.08701090804838674,38,MAP_PMU,0
4,v,2,1.0200041781757858,38,MAP_PMU,0
5,teta,2,-0.2200017112133227,38,MAP_PMU,0
6,v,3,1.0238417282174994,38,MAP_PMU,0
7,teta,3,-0.17977349850922772,38,MAP_PMU,0
8,v,4,1.0255867468579278,38,MAP_PMU,0
9,teta,4,-0.15378296896151256,38,MAP_PMU,0
10,v,5,1.0913067992961654,38,MAP_PMU,0
11,teta,5,-0.2483761738659541,38,MAP_PMU,0
12,v,6,1.0681890220212797,38,MAP_PMU,0
13,teta,6,-0.23123128579291022,38,MAP_PMU,0
14,v,7,1.0898468100084229,38,MAP_PMU,0
15,teta,7,-0.23123062211090673,38,MAP_PMU,0
16,v,8,1.0669818254684673,38,MAP_PMU,0
17,teta,8,-0.25778290023713596,38,MAP_PMU,0
18,v,9,1.0639140356837589,38,MAP_PMU,0
19,teta,9,-0.26086985647409383,38,MAP_PMU,0
20,v,10,1.0739733172592985,38,MAP_PMU,0
21,teta,10,-0.25670799604449235,38,MAP_PMU,0
22,v,11,1.0930931805097324,38,MAP_PMU,0
23,teta,11,-0.27419688772735284,38,MAP_PMU,0
24,v,12,1.0763070433558801,38,MAP_PMU,0
25,teta,12,-0.26566249918540386,38,MAP_PMU,0
26,v,13,1.053337000571919,38,MAP_PMU,0
27,teta,13,-0.2780831638802389,38,MAP_PMU,0
28,v,14,1.0447199892356651,38,MAP_PMU,0
29,teta,14,-0.08107057089319353,38,MAP_PMU,0
30,v,15,1.1219364086626114,38,MAP_PMU,0
31,teta,15,-0.2648458217139544,38,MAP_PMU,0
0,v,0,1.0601671216576813,39,MAP_PMU,0
1,teta,0,0.00016879579073667935,39,MAP_PMU,0
2,v,1,1.0451459433658905,39,MAP_PMU,0
3,teta,1,-0.08698706688478679,39,MAP_PMU,0
4,v,2,1.0202406844829857,39,MAP_PMU,0
5,teta,2,-0.22000631607115645,39,MAP_PMU,0
6,v,3,1.0240802580369226,39,MAP_PMU,0
7,teta,3,-0.1797819939168485,39,MAP_PMU,0
8,v,4,1.0258329945202749,39,MAP_PMU,0
9,teta,4,-0.1537594105318598,39,MAP_PMU,0
10,v,5,1.0915502291322803,39,MAP_PMU,0
11,teta,5,-0.24830800922123897,39,MAP_PMU,0
12,v,6,1.0685113735829275,39,MAP_PMU,0
13,teta,6,-0.23130886650557803,39,MAP_PMU,0
14,v,7,1.0902445387350113,39,MAP_PMU,0
15,teta,7,-0.23130846437246158,39,MAP_PMU,0
16,v,8,1.067301533282429,39,MAP_PMU,0
17,teta,8,-0.25789417227140354,39,MAP_PMU,0
18,v,9,1.064270919444042,39,MAP_PMU,0
19,teta,9,-0.26097677807272296,39,MAP_PMU,0
20,v,10,1.074310111968939,39,MAP_PMU,0
21,teta,10,-0.2567617944619674,39,MAP_PMU,0
22,v,11,1.0935948141177425,39,MAP_PMU,0
23,teta,11,-0.27424948607829747,39,MAP_PMU,0
24,v,12,1.0767397148494782,39,MAP_PMU,0
25,teta,12,-0.2656741000565772,39,MAP_PMU,0
26,v,13,1.0537633249623517,39,MAP_PMU,0
27,teta,13,-0.27808396778733074,39,MAP_PMU,0
28,v,14,1.044965535351927,39,MAP_PMU,0
29,teta,14,-0.08097571403869185,39,MAP_PMU,0
30,v,15,1.1224490182463034,39,MAP_PMU,0
31,teta,15,-0.2650511503183906,39,MAP_PMU,0
0,v,0,1.0598247366583275,40,MAP_PMU,0
1,teta,0,5.477413291092339e-05,40,MAP_PMU,0
2,v,1,1.0448031052843803,40,MAP_PMU,0
3,teta,1,-0.08700802629520944,40,MAP_PMU,0
4,v,2,1.01990767265602,40,MAP_PMU,0
5,teta,2,-0.22004761113716378,40,MAP_PMU,0
6,v,3,1.0237438830427612,40,MAP_PMU,0
7,teta,3,-0.17982111860571495,40,MAP_PMU,0
8,v,4,1.0254865311744674,40,MAP_PMU,0
9,teta,4,-0.1538394931815736,40,MAP_PMU,0
10,v,5,1.0911890986643193,40,MAP_PMU,0
11,teta,5,-0.24844669049995008,40,MAP_PMU,0
12,v,6,1.068107678176142,40,MAP_PMU,0
13,teta,6,-0.23135208472896343,40,MAP_PMU,0
14,v,7,1.0897835428095095,40,MAP_PMU,0
15,teta,7,-0.23135241279032256,40,MAP_PMU,0
16,v,8,1.0669020456346625,40,MAP_PMU,0
17,teta,8,-0.2579402467815581,40,MAP_PMU,0
18,v,9,1.06387835884964,40,MAP_PMU,0
19,teta,9,-0.2610290505842957,40,MAP_PMU,0
20,v,10,1.0739096667728418,40,MAP_PMU,0
21,teta,10,-0.25685185080912737,40,MAP_PMU,0
22,v,11,1.0932933022225126,40,MAP_PMU,0
23,teta,11,-0.2742605143057611,40,MAP_PMU,0
24,v,12,1.0763570947458634,40,MAP_PMU,0
25,teta,12,-0.2656469151576485,40,MAP_PMU,0
26,v,13,1.0533895668502207,40,MAP_PMU,0
27,teta,13,-0.2780603764900021,40,MAP_PMU,0
28,v,14,1.0446261399443182,40,MAP_PMU,0
29,teta,14,-0.0810734434718557,40,MAP_PMU,0
30,v,15,1.1222403799382203,40,MAP_PMU,0
31,teta,15,-0.2649826171808475,40,MAP_PMU,0
0,v,0,1.0599204171320062,41,MAP_PMU,0
1,teta,0,-0.0002598765989531213,41,MAP_PMU,0
2,v,1,1.0449634890977615,41,MAP_PMU,0
3,teta,1,-0.08697535264885145,41,MAP_PMU,0
4,v,2,1.02006917215994,41,MAP_PMU,0
5,teta,2,-0.2199427318375248,41,MAP_PMU,0
6,v,3,1.023904023204145,41,MAP_PMU,0
7,teta,3,-0.17974567969466343,41,MAP_PMU,0
8,v,4,1.0256443275476663,41,MAP_PMU,0
9,teta,4,-0.15379198842138578,41,MAP_PMU,0
10,v,5,1.0913392774010497,41,MAP_PMU,0
11,teta,5,-0.2483751367058106,41,MAP_PMU,0
12,v,6,1.0683007792428754,41,MAP_PMU,0
13,teta,6,-0.23134448914165298,41,MAP_PMU,0
14,v,7,1.0900087448444065,41,MAP_PMU,0
15,teta,7,-0.23134424540582138,41,MAP_PMU,0
16,v,8,1.0670936151345858,41,MAP_PMU,0
17,teta,8,-0.25796738796504376,41,MAP_PMU,0
18,v,9,1.0640148741536561,41,MAP_PMU,0
19,teta,9,-0.2610089464165543,41,MAP_PMU,0
20,v,10,1.0740735268495776,41,MAP_PMU,0
21,teta,10,-0.2567848894761033,41,MAP_PMU,0
22,v,11,1.0934386205654767,41,MAP_PMU,0
23,teta,11,-0.27436752607325626,41,MAP_PMU,0
24,v,12,1.0765054561083751,41,MAP_PMU,0
25,teta,12,-0.26570312243897104,41,MAP_PMU,0
26,v,13,1.0535293906961962,41,MAP_PMU,0
27,teta,13,-0.2781190907584506,41,MAP_PMU,0
28,v,14,1.0447904413316507,41,MAP_PMU,0
29,teta,14,-0.08111868598447693,41,MAP_PMU,0
30,v,15,1.1223444472839896,41,MAP_PMU,0
31,teta,15,-0.26521776915902956,41,MAP_PMU,0
0,v,0,1.0598080969088026,42,MAP_PMU,0
1,teta,0,-0.00016259760685282169,42,MAP_PMU,0
2,v,1,1.0448328320046012,42,MAP_PMU,0
3,teta,1,-0.08698364785909647,42,MAP_PMU,0
4,v,2,1.0199372642150655,42,MAP_PMU,0
5,teta,2,-0.21996773577899142,42,MAP_PMU,0
6,v,3,1.0237829447977689,42,MAP_PMU,0
7,teta,3,-0.17971012950274998,42,MAP_PMU,0
8,v,4,1.0255177615123077,42,MAP_PMU,0
9,teta,4,-0.15379294541074365,42,MAP_PMU,0
10,v,5,1.0912151546135553,42,MAP_PMU,0
11,teta,5,-0.24841297491280276,42,MAP_PMU,0
12,v,6,1.0681240996413066,42,MAP_PMU,0
13,teta,6,-0.2312612700341953,42,MAP_PMU,0
14,v,7,1.089785557085583,42,MAP_PMU,0
15,teta,7,-0.23126128057605347,42,MAP_PMU,0
16,v,8,1.0669160140715328,42,MAP_PMU,0
17,teta,8,-0.25786070566228037,42,MAP_PMU,0
18,v,9,1.063842245225583,42,MAP_PMU,0
19,teta,9,-0.26092489350503273,42,MAP_PMU,0
20,v,10,1.0739243654395163,42,MAP_PMU,0
21,teta,10,-0.2567580156074149,42,MAP_PMU,0
22,v,11,1.093091540884722,42,MAP_PMU,0
23,teta,11,-0.2745276871120824,42,MAP_PMU,0
24,v,12,1.0762353696499571,42,MAP_PMU,0
25,teta,12,-0.26588043970299635,42,MAP_PMU,0
26,v,13,1.0532499940659419,42,MAP_PMU,0
27,teta,13,-0.27829757769106245,42,MAP_PMU,0
28,v,14,1.0446499220793517,42,MAP_PMU,0
29,teta,14,-0.08091135924496522,42,MAP_PMU,0
30,v,15,1.121993271407744,42,MAP_PMU,0
31,teta,15,-0.2653201178782987,42,MAP_PMU,0
0,v,0,1.0600914882923533,43,MAP_PMU,0
1,teta,0,-0.00020871201743095753,43,MAP_PMU,0
2,v,1,1.0451071296598975,43,MAP_PMU,0
3,teta,1,-0.08702258339890198,43,MAP_PMU,0
4,v,2,1.020213157055422,43,MAP_PMU,0
5,teta,2,-0.22000623007702713,43,MAP_PMU,0
6,v,3,1.0240485564323232,43,MAP_PMU,0
7,teta,3,-0.17979821374375435,43,MAP_PMU,0
8,v,4,1.0257898441151367,43,MAP_PMU,0
9,teta,4,-0.15383408331694204,43,MAP_PMU,0
10,v,5,1.0915035389560601,43,MAP_PMU,0
11,teta,5,-0.24835728086780123,43,MAP_PMU,0
12,v,6,1.0684358675681331,43,MAP_PMU,0
13,teta,6,-0.23130549490002314,43,MAP_PMU,0
14,v,7,1.0901356955774177,43,MAP_PMU,0
15,teta,7,-0.23130556786367334,43,MAP_PMU,0
16,v,8,1.0672233408486584,43,MAP_PMU,0
17,teta,8,-0.2578815299625748,43,MAP_PMU,0
18,v,9,1.0641282978087152,43,MAP_PMU,0
19,teta,9,-0.2609161920265207,43,MAP_PMU,0
20,v,10,1.074179441873906,43,MAP_PMU,0
21,teta,10,-0.2566653820574369,43,MAP_PMU,0
22,v,11,1.0933951650230602,43,MAP_PMU,0
23,teta,11,-0.2743868859473493,43,MAP_PMU,0
24,v,12,1.076590887864327,43,MAP_PMU,0
25,teta,12,-0.265798234111628,43,MAP_PMU,0
26,v,13,1.0536142062698401,43,MAP_PMU,0
27,teta,13,-0.2782178993610881,43,MAP_PMU,0
28,v,14,1.0449236227995684,43,MAP_PMU,0
29,teta,14,-0.08108495670369392,43,MAP_PMU,0
30,v,15,1.122300250944306,43,MAP_PMU,0
31,teta,15,-0.26500451144810766,43,MAP_PMU,0
0,v,0,1.0600788576747564,44,MAP_PMU,0
1,teta,0,-0.0001381238755457445,44,MAP_PMU,0
2,v,1,1.0451092068854322,44,MAP_PMU,0
3,teta,1,-0.0869749641266573,44,MAP_PMU,0
4,v,2,1.020208468601323,44,MAP_PMU,0
5,teta,2,-0.21994890556196695,44,MAP_PMU,0
6,v,3,1.0240471352372804,44,MAP_PMU,0
7,teta,3,-0.1797403691212855,44,MAP_PMU,0
8,v,4,1.02578726215977,44,MAP_PMU,0
9,teta,4,-0.15379218444148615,44,MAP_PMU,0
10,v,5,1.0915123048218778,44,MAP_PMU,0
11,teta,5,-0.24836419759932302,44,MAP_PMU,0
12,v,6,1.068429196277471,44,MAP_PMU,0
13,teta,6,-0.23132849148411136,44,MAP_PMU,0
14,v,7,1.09012098043798,44,MAP_PMU,0
15,teta,7,-0.2313283629083042,44,MAP_PMU,0
16,v,8,1.0672224113409805,44,MAP_PMU,0
17,teta,8,-0.2579463102951309,44,MAP_PMU,0
18,v,9,1.0641427759086626,44,MAP_PMU,0
19,teta,9,-0.2610205404518355,44,MAP_PMU,0
20,v,10,1.0742028624166402,44,MAP_PMU,0
21,teta,10,-0.2568117338807727,44,MAP_PMU,0
22,v,11,1.0935785348804985,44,MAP_PMU,0
23,teta,11,-0.2741956561188322,44,MAP_PMU,0
24,v,12,1.0766822753796033,44,MAP_PMU,0
25,teta,12,-0.2656678205018279,44,MAP_PMU,0
26,v,13,1.0537015986262013,44,MAP_PMU,0
27,teta,13,-0.27807917505893154,44,MAP_PMU,0
28,v,14,1.0449327491895084,44,MAP_PMU,0
29,teta,14,-0.08098857424896075,44,MAP_PMU,0
30,v,15,1.1224509029233298,44,MAP_PMU,0
31,teta,15,-0.26488914270264435,44,MAP_PMU,0
0,v,0,1.0596921842561333,45,MAP_PMU,0
1,teta,0,-0.00014076180204867914,45,MAP_PMU,0
2,v,1,1.0447318432541097,45,MAP_PMU,0
3,teta,1,-0.08695674186646397,45,MAP_PMU,0
4,v,2,1.0198336418657084,45,MAP_PMU,0
5,teta,2,-0.21997450726816062,45,MAP_PMU,0
6,v,3,1.0236712095699303,45,MAP_PMU,0
7,teta,3,-0.17975564499515567,45,MAP_PMU,0
8,v,4,1.0254108205500738,45,MAP_PMU,0
9,teta,4,-0.15379496217084063,45,MAP_PMU,0
10,v,5,1.091109577079767,45,MAP_PMU,0
11,teta,5,-0.24840667678075973,45,MAP_PMU,0
12,v,6,1.0680573826069895,45,MAP_PMU,0
13,teta,6,-0.23134599223151636,45,MAP_PMU,0
14,v,7,1.08976623848645,45,MAP_PMU,0
15,teta,7,-0.2313453485701037,45,MAP_PMU,0
16,v,8,1.0668462540390402,45,MAP_PMU,0
17,teta,8,-0.25796489632428954,45,MAP_PMU,0
18,v,9,1.0637932793136504,45,MAP_PMU,0
19,teta,9,-0.2610339322072075,45,MAP_PMU,0
20,v,10,1.0737995645574285,45,MAP_PMU,0
21,teta,10,-0.25684893864728936,45,MAP_PMU,0
22,v,11,1.0931785395458453,45,MAP_PMU,0
23,teta,11,-0.27432993903438113,45,MAP_PMU,0
24,v,12,1.076273790074395,45,MAP_PMU,0
25,teta,12,-0.26569729748221327,45,MAP_PMU,0
26,v,13,1.0532959777857307,45,MAP_PMU,0
27,teta,13,-0.278120128921264,45,MAP_PMU,0
28,v,14,1.0445508367815772,45,MAP_PMU,0
29,teta,14,-0.08086642379612508,45,MAP_PMU,0
30,v,15,1.1221384782620458,45,MAP_PMU,0
31,teta,15,-0.2650762034203984,45,MAP_PMU,0
0,v,0,1.0599634329685044,46,MAP_PMU,0
1,teta,0,-3.953880812864033e-05,46,MAP_PMU,0
2,v,1,1.044946340460501,46,MAP_PMU,0
3,teta,1,-0.08697702308000782,46,MAP_PMU,0
4,v,2,1.020043999660827,46,MAP_PMU,0
5,teta,2,-0.22000666620720974,46,MAP_PMU,0
6,v,3,1.023884731234241,46,MAP_PMU,0
7,teta,3,-0.17976550627093502,46,MAP_PMU,0
8,v,4,1.0256315918969015,46,MAP_PMU,0
9,teta,4,-0.15377162419633916,46,MAP_PMU,0
10,v,5,1.0913379597987105,46,MAP_PMU,0
11,teta,5,-0.24836958638922213,46,MAP_PMU,0
12,v,6,1.068270570633233,46,MAP_PMU,0
13,teta,6,-0.23124266402959592,46,MAP_PMU,0
14,v,7,1.089968803604755,46,MAP_PMU,0
15,teta,7,-0.23124238508196374,46,MAP_PMU,0
16,v,8,1.0670587431659817,46,MAP_PMU,0
17,teta,8,-0.2578032247616126,46,MAP_PMU,0
18,v,9,1.0639877116592122,46,MAP_PMU,0
19,teta,9,-0.26095058611410826,46,MAP_PMU,0
20,v,10,1.0739966140095911,46,MAP_PMU,0
21,teta,10,-0.25677250159096765,46,MAP_PMU,0
22,v,11,1.0933004692284773,46,MAP_PMU,0
23,teta,11,-0.27425702267613167,46,MAP_PMU,0
24,v,12,1.076440029993434,46,MAP_PMU,0
25,teta,12,-0.2657273756519143,46,MAP_PMU,0
26,v,13,1.0534631722310137,46,MAP_PMU,0
27,teta,13,-0.27813118098248646,46,MAP_PMU,0
28,v,14,1.0447674610912292,46,MAP_PMU,0
29,teta,14,-0.08096112748101067,46,MAP_PMU,0
30,v,15,1.1221937322273787,46,MAP_PMU,0
31,teta,15,-0.26488775804250275,46,MAP_PMU,0
0,v,0,1.0600509284254582,47,MAP_PMU,0
1,teta,0,0.00011535860150926846,47,MAP_PMU,0
2,v,1,1.0450508568060215,47,MAP_PMU,0
3,teta,1,-0.08696791995499868,47,MAP_PMU,0
4,v,2,1.0201477355588917,47,MAP_PMU,0
5,teta,2,-0.21997509013899857,47,MAP_PMU,0
6,v,3,1.0239874001179587,47,MAP_PMU,0
7,teta,3,-0.17974702216928323,47,MAP_PMU,0
8,v,4,1.025735523819634,47,MAP_PMU,0
9,teta,4,-0.153751263847929,47,MAP_PMU,0
10,v,5,1.0914502030881517,47,MAP_PMU,0
11,teta,5,-0.24831890296885015,47,MAP_PMU,0
12,v,6,1.0683939876846669,47,MAP_PMU,0
13,teta,6,-0.2312106999227626,47,MAP_PMU,0
14,v,7,1.090103161526851,47,MAP_PMU,0
15,teta,7,-0.23121065925974177,47,MAP_PMU,0
16,v,8,1.067184548411653,47,MAP_PMU,0
17,teta,8,-0.2577636878872891,47,MAP_PMU,0
18,v,9,1.0641083791489518,47,MAP_PMU,0
19,teta,9,-0.2608978689845211,47,MAP_PMU,0
20,v,10,1.0741363229451264,47,MAP_PMU,0
21,teta,10,-0.25670941939540404,47,MAP_PMU,0
22,v,11,1.0932773813904786,47,MAP_PMU,0
23,teta,11,-0.27429696702202255,47,MAP_PMU,0
24,v,12,1.0764869593910615,47,MAP_PMU,0
25,teta,12,-0.2657157676928561,47,MAP_PMU,0
26,v,13,1.0535243058798875,47,MAP_PMU,0
27,teta,13,-0.27812358085304356,47,MAP_PMU,0
28,v,14,1.0448734028998323,47,MAP_PMU,0
29,teta,14,-0.08095876781236676,47,MAP_PMU,0
30,v,15,1.1220981948558608,47,MAP_PMU,0
31,teta,15,-0.2649541576885608,47,MAP_PMU,0
0,v,0,1.0600839106202105,48,MAP_PMU,0
1,teta,0,-1.3025248296273228e-05,48,MAP_PMU,0
2,v,1,1.045077015320493,48,MAP_PMU,0
3,teta,1,-0.08700936673100969,48,MAP_PMU,0
4,v,2,1.0201801646624467,48,MAP_PMU,0
5,teta,2,-0.2199898139473683,48,MAP_PMU,0
6,v,3,1.0240200511818678,48,MAP_PMU,0
7,teta,3,-0.1797685714353058,48,MAP_PMU,0
8,v,4,1.0257597136096825,48,MAP_PMU,0
9,teta,4,-0.1538195433438428,48,MAP_PMU,0
10,v,5,1.0915036901876916,48,MAP_PMU,0
11,teta,5,-0.24841850430246137,48,MAP_PMU,0
12,v,6,1.0683680783869904,48,MAP_PMU,0
13,teta,6,-0.23135682382779849,48,MAP_PMU,0
14,v,7,1.090041176744837,48,MAP_PMU,0
15,teta,7,-0.23135646660167136,48,MAP_PMU,0
16,v,8,1.0671553888624845,48,MAP_PMU,0
17,teta,8,-0.25797582706831074,48,MAP_PMU,0
18,v,9,1.0640453798749858,48,MAP_PMU,0
19,teta,9,-0.26106783541881995,48,MAP_PMU,0
20,v,10,1.0741540393646127,48,MAP_PMU,0
21,teta,10,-0.25686447735177925,48,MAP_PMU,0
22,v,11,1.0934003887102917,48,MAP_PMU,0
23,teta,11,-0.274292940319591,48,MAP_PMU,0
24,v,12,1.076649530986263,48,MAP_PMU,0
25,teta,12,-0.26571547782692145,48,MAP_PMU,0
26,v,13,1.0536725368287387,48,MAP_PMU,0
27,teta,13,-0.27812794909456245,48,MAP_PMU,0
28,v,14,1.0449009079788856,48,MAP_PMU,0
29,teta,14,-0.08108606148992753,48,MAP_PMU,0
30,v,15,1.122153621202304,48,MAP_PMU,0
31,teta,15,-0.2650532255646339,48,MAP_PMU,0
0,v,0,1.0600544808445806,49,MAP_PMU,0
1,teta,0,2.0507749123971157e-05,49,MAP_PMU,0
2,v,1,1.0450503918649077,49,MAP_PMU,0
3,teta,1,-0.08698141673285431,49,MAP_PMU,0
4,v,2,1.0201529663247613,49,MAP_PMU,0
5,teta,2,-0.21994426094078495,49,MAP_PMU,0
6,v,3,1.023991341061073,49,MAP_PMU,0
7,teta,3,-0.1797396450417526,49,MAP_PMU,0
8,v,4,1.0257334645129466,49,MAP_PMU,0
9,teta,4,-0.15378198977893823,49,MAP_PMU,0
10,v,5,1.0914663153146493,49,MAP_PMU,0
11,teta,5,-0.24839979401249457,49,MAP_PMU,0
12,v,6,1.0683474600138592,49,MAP_PMU,0
13,teta,6,-0.23127894093538517,49,MAP_PMU,0
14,v,7,1.0900178696917706,49,MAP_PMU,0
15,teta,7,-0.23127857162844115,49,MAP_PMU,0
16,v,8,1.0671389116769934,49,MAP_PMU,0
17,teta,8,-0.2578723676807974,49,MAP_PMU,0
18,v,9,1.0640550607609098,49,MAP_PMU,0
19,teta,9,-0.260998140193362,49,MAP_PMU,0
20,v,10,1.074145994332502,49,MAP_PMU,0
21,teta,10,-0.2569063669780685,49,MAP_PMU,0
22,v,11,1.0935166852765057,49,MAP_PMU,0
23,teta,11,-0.2744609801869095,49,MAP_PMU,0
24,v,12,1.0765318668925938,49,MAP_PMU,0
25,teta,12,-0.26574752190497175,49,MAP_PMU,0
26,v,13,1.0535604525977167,49,MAP_PMU,0
27,teta,13,-0.27815976513916824,49,MAP_PMU,0
28,v,14,1.044869332823314,49,MAP_PMU,0
29,teta,14,-0.0808790295466871,49,MAP_PMU,0
30,v,15,1.1225918660835035,49,MAP_PMU,0
31,teta,15,-0.26516544190930813,49,MAP_PMU,0
0,v,0,1.0601066388227218,50,MAP_PMU,0
1,teta,0,-0.00021195509128996222,50,MAP_PMU,0
2,v,1,1.0451419155321466,50,MAP_PMU,0
3,teta,1,-0.08697984006576552,50,MAP_PMU,0
4,v,2,1.0202414291578235,50,MAP_PMU,0
5,teta,2,-0.21994551254634653,50,MAP_PMU,0
6,v,3,1.0240823541056,50,MAP_PMU,0
7,teta,3,-0.17972742606048928,50,MAP_PMU,0
8,v,4,1.025821370841045,50,MAP_PMU,0
9,teta,4,-0.1537837375589659,50,MAP_PMU,0
10,v,5,1.0915524444190865,50,MAP_PMU,0
11,teta,5,-0.24836713367441607,50,MAP_PMU,0
12,v,6,1.0684341239822956,50,MAP_PMU,0
13,teta,6,-0.23128523916140908,50,MAP_PMU,0
14,v,7,1.0901045928637902,50,MAP_PMU,0
15,teta,7,-0.23128552312026923,50,MAP_PMU,0
16,v,8,1.0672230610572415,50,MAP_PMU,0
17,teta,8,-0.2578880641571604,50,MAP_PMU,0
18,v,9,1.0641690673992004,50,MAP_PMU,0
19,teta,9,-0.2609782181029848,50,MAP_PMU,0
20,v,10,1.0741623646092857,50,MAP_PMU,0
21,teta,10,-0.2567659213077311,50,MAP_PMU,0
22,v,11,1.0933662262750028,50,MAP_PMU,0
23,teta,11,-0.2742778234684483,50,MAP_PMU,0
24,v,12,1.0765918431472066,50,MAP_PMU,0
25,teta,12,-0.26583386070640086,50,MAP_PMU,0
26,v,13,1.053619348272311,50,MAP_PMU,0
27,teta,13,-0.2782605698828866,50,MAP_PMU,0
28,v,14,1.044953346027152,50,MAP_PMU,0
29,teta,14,-0.08087742293643778,50,MAP_PMU,0
30,v,15,1.1221349671236351,50,MAP_PMU,0
31,teta,15,-0.264955524619682,50,MAP_PMU,0
0,v,0,1.0599874982149495,51,MAP_PMU,0
1,teta,0,-7.884266185165432e-05,51,MAP_PMU,0
2,v,1,1.044966526335694,51,MAP_PMU,0
3,teta,1,-0.08704110447608218,51,MAP_PMU,0
4,v,2,1.020076410288178,51,MAP_PMU,0
5,teta,2,-0.2200150775805633,51,MAP_PMU,0
6,v,3,1.0239168098226963,51,MAP_PMU,0
7,teta,3,-0.17978669942673375,51,MAP_PMU,0
8,v,4,1.0256559816354234,51,MAP_PMU,0
9,teta,4,-0.15383989482090252,51,MAP_PMU,0
10,v,5,1.0913873736526758,51,MAP_PMU,0
11,teta,5,-0.24843892022468272,51,MAP_PMU,0
12,v,6,1.068293857420383,51,MAP_PMU,0
13,teta,6,-0.23138783788497197,51,MAP_PMU,0
14,v,7,1.0899874727690773,51,MAP_PMU,0
15,teta,7,-0.23138768875763413,51,MAP_PMU,0
16,v,8,1.0670852737352994,51,MAP_PMU,0
17,teta,8,-0.2580124155508922,51,MAP_PMU,0
18,v,9,1.0640206539103028,51,MAP_PMU,0
19,teta,9,-0.2610617962950434,51,MAP_PMU,0
20,v,10,1.0741299299161884,51,MAP_PMU,0
21,teta,10,-0.256866697940249,51,MAP_PMU,0
22,v,11,1.0934195148801742,51,MAP_PMU,0
23,teta,11,-0.2743126500439532,51,MAP_PMU,0
24,v,12,1.0764879354466947,51,MAP_PMU,0
25,teta,12,-0.2657909757179974,51,MAP_PMU,0
26,v,13,1.0535168531495376,51,MAP_PMU,0
27,teta,13,-0.2782196068640307,51,MAP_PMU,0
28,v,14,1.044782226401726,51,MAP_PMU,0
29,teta,14,-0.08109359319464152,51,MAP_PMU,0
30,v,15,1.1223172684994043,51,MAP_PMU,0
31,teta,15,-0.26498602715332603,51,MAP_PMU,0
0,v,0,1.0602109198045826,52,MAP_PMU,0
1,teta,0,3.06205263861524e-05,52,MAP_PMU,0
2,v,1,1.0451918815550818,52,MAP_PMU,0
3,teta,1,-0.08700224873416705,52,MAP_PMU,0
4,v,2,1.020295210886211,52,MAP_PMU,0
5,teta,2,-0.21994384849492477,52,MAP_PMU,0
6,v,3,1.0241347262313363,52,MAP_PMU,0
7,teta,3,-0.17974270622826005,52,MAP_PMU,0
8,v,4,1.0258786439353538,52,MAP_PMU,0
9,teta,4,-0.15377934635268478,52,MAP_PMU,0
10,v,5,1.0916051976460035,52,MAP_PMU,0
11,teta,5,-0.24835399636062241,52,MAP_PMU,0
12,v,6,1.068526571645558,52,MAP_PMU,0
13,teta,6,-0.23124125796327058,52,MAP_PMU,0
14,v,7,1.0902258120421546,52,MAP_PMU,0
15,teta,7,-0.23124081249385062,52,MAP_PMU,0
16,v,8,1.067315525962335,52,MAP_PMU,0
17,teta,8,-0.2578130548558622,52,MAP_PMU,0
18,v,9,1.064288807148376,52,MAP_PMU,0
19,teta,9,-0.2609514827717288,52,MAP_PMU,0
20,v,10,1.0743098607175472,52,MAP_PMU,0
21,teta,10,-0.256781030526048,52,MAP_PMU,0
22,v,11,1.093418640746879,52,MAP_PMU,0
23,teta,11,-0.2740952559506587,52,MAP_PMU,0
24,v,12,1.0767468232031512,52,MAP_PMU,0
25,teta,12,-0.26561106940990603,52,MAP_PMU,0
26,v,13,1.0537768669886447,52,MAP_PMU,0
27,teta,13,-0.27801931517365736,52,MAP_PMU,0
28,v,14,1.0450160644369348,52,MAP_PMU,0
29,teta,14,-0.08120207302462161,52,MAP_PMU,0
30,v,15,1.122048978511561,52,MAP_PMU,0
31,teta,15,-0.2648864159296872,52,MAP_PMU,0
0,v,0,1.0596564798778851,53,MAP_PMU,0
1,teta,0,1.4951632202216719e-05,53,MAP_PMU,0
2,v,1,1.044655363559053,53,MAP_PMU,0
3,teta,1,-0.08698485896206407,53,MAP_PMU,0
4,v,2,1.01976263490404,53,MAP_PMU,0
5,teta,2,-0.2200013616191828,53,MAP_PMU,0
6,v,3,1.0236011313965787,53,MAP_PMU,0
7,teta,3,-0.17976892985515733,53,MAP_PMU,0
8,v,4,1.0253419391975487,53,MAP_PMU,0
9,teta,4,-0.1537943638128037,53,MAP_PMU,0
10,v,5,1.0910267058269754,53,MAP_PMU,0
11,teta,5,-0.24839256659378312,53,MAP_PMU,0
12,v,6,1.0679925566478699,53,MAP_PMU,0
13,teta,6,-0.23136145380277987,53,MAP_PMU,0
14,v,7,1.0897063133526597,53,MAP_PMU,0
15,teta,7,-0.23136162419435807,53,MAP_PMU,0
16,v,8,1.0667819530779978,53,MAP_PMU,0
17,teta,8,-0.25798074529970383,53,MAP_PMU,0
18,v,9,1.0637279328026772,53,MAP_PMU,0
19,teta,9,-0.26100482813399906,53,MAP_PMU,0
20,v,10,1.073787595875201,53,MAP_PMU,0
21,teta,10,-0.2566851521724952,53,MAP_PMU,0
22,v,11,1.0930385337468682,53,MAP_PMU,0
23,teta,11,-0.27431571958022105,53,MAP_PMU,0
24,v,12,1.076231800903731,53,MAP_PMU,0
25,teta,12,-0.2656943084532914,53,MAP_PMU,0
26,v,13,1.053249150399874,53,MAP_PMU,0
27,teta,13,-0.2781137161963649,53,MAP_PMU,0
28,v,14,1.0444753702318283,53,MAP_PMU,0
29,teta,14,-0.08090817815771513,53,MAP_PMU,0
30,v,15,1.1218419786989553,53,MAP_PMU,0
31,teta,15,-0.2651365081036931,53,MAP_PMU,0
0,v,0,1.0598852449007279,54,MAP_PMU,0
1,teta,0,3.683666547819949e-05,54,MAP_PMU,0
2,v,1,1.044879398689007,54,MAP_PMU,0
3,teta,1,-0.08701069104004035,54,MAP_PMU,0
4,v,2,1.0199814894268897,54,MAP_PMU,0
5,teta,2,-0.22005305935907368,54,MAP_PMU,0
6,v,3,1.023822726270463,54,MAP_PMU,0
7,teta,3,-0.17979838802223108,54,MAP_PMU,0
8,v,4,1.0255689733151176,54,MAP_PMU,0
9,teta,4,-0.15380398989672994,54,MAP_PMU,0
10,v,5,1.0912711499419618,54,MAP_PMU,0
11,teta,5,-0.24836936165493276,54,MAP_PMU,0
12,v,6,1.0681656972325342,54,MAP_PMU,0
13,teta,6,-0.23135551952084782,54,MAP_PMU,0
14,v,7,1.0898371399241378,54,MAP_PMU,0
15,teta,7,-0.23135595047504828,54,MAP_PMU,0
16,v,8,1.0669521546947531,54,MAP_PMU,0
17,teta,8,-0.25795790812870734,54,MAP_PMU,0
18,v,9,1.0639422412437052,54,MAP_PMU,0
19,teta,9,-0.26096730520187655,54,MAP_PMU,0
20,v,10,1.0741110672312175,54,MAP_PMU,0
21,teta,10,-0.2567564129133166,54,MAP_PMU,0
22,v,11,1.0931213895184555,54,MAP_PMU,0
23,teta,11,-0.27424476549647553,54,MAP_PMU,0
24,v,12,1.0764001103986256,54,MAP_PMU,0
25,teta,12,-0.2657129314731578,54,MAP_PMU,0
26,v,13,1.0534222555307928,54,MAP_PMU,0
27,teta,13,-0.27813102245006366,54,MAP_PMU,0
28,v,14,1.044691152836131,54,MAP_PMU,0
29,teta,14,-0.08106613281176116,54,MAP_PMU,0
30,v,15,1.1218591042131902,54,MAP_PMU,0
31,teta,15,-0.26500169641654026,54,MAP_PMU,0
0,v,0,1.059782765519439,55,MAP_PMU,0
1,teta,0,-8.388228389505655e-05,55,MAP_PMU,0
2,v,1,1.0448051164881236,55,MAP_PMU,0
3,teta,1,-0.08696799146863704,55,MAP_PMU,0
4,v,2,1.0199099977928547,55,MAP_PMU,0
5,teta,2,-0.2199445964449785,55,MAP_PMU,0
6,v,3,1.0237513844450865,55,MAP_PMU,0
7,teta,3,-0.17971459148622695,55,MAP_PMU,0
8,v,4,1.0254878645169125,55,MAP_PMU,0
9,teta,4,-0.15377884058655303,55,MAP_PMU,0
10,v,5,1.0911931517380944,55,MAP_PMU,0
11,teta,5,-0.2483897178029639,55,MAP_PMU,0
12,v,6,1.0680877828259459,55,MAP_PMU,0
13,teta,6,-0.23122171467104574,55,MAP_PMU,0
14,v,7,1.0897406919233952,55,MAP_PMU,0
15,teta,7,-0.23122197615966747,55,MAP_PMU,0
16,v,8,1.0668809454536694,55,MAP_PMU,0
17,teta,8,-0.2577983527308415,55,MAP_PMU,0
18,v,9,1.063824204451761,55,MAP_PMU,0
19,teta,9,-0.26098860668476137,55,MAP_PMU,0
20,v,10,1.0739147626516485,55,MAP_PMU,0
21,teta,10,-0.2568046507208774,55,MAP_PMU,0
22,v,11,1.093143429563518,55,MAP_PMU,0
23,teta,11,-0.2741876473139389,55,MAP_PMU,0
24,v,12,1.0762866138978058,55,MAP_PMU,0
25,teta,12,-0.2656539124268117,55,MAP_PMU,0
26,v,13,1.0533171342299568,55,MAP_PMU,0
27,teta,13,-0.27807191775695966,55,MAP_PMU,0
28,v,14,1.0446231791200562,55,MAP_PMU,0
29,teta,14,-0.08086951376396076,55,MAP_PMU,0
30,v,15,1.1220298120766772,55,MAP_PMU,0
31,teta,15,-0.26486910633349997,55,MAP_PMU,0
0,v,0,1.0598566527644893,56,MAP_PMU,0
1,teta,0,2.132378459348339e-06,56,MAP_PMU,0
2,v,1,1.0448517282132348,56,MAP_PMU,0
3,teta,1,-0.08701251302414963,56,MAP_PMU,0
4,v,2,1.019958972226399,56,MAP_PMU,0
5,teta,2,-0.2200293995392418,56,MAP_PMU,0
6,v,3,1.0237947990420186,56,MAP_PMU,0
7,teta,3,-0.17980607628309642,56,MAP_PMU,0
8,v,4,1.0255387251964398,56,MAP_PMU,0
9,teta,4,-0.15381868468709314,56,MAP_PMU,0
10,v,5,1.0912655251911447,56,MAP_PMU,0
11,teta,5,-0.24841865839571053,56,MAP_PMU,0
12,v,6,1.0681533918516906,56,MAP_PMU,0
13,teta,6,-0.2313608885810747,56,MAP_PMU,0
14,v,7,1.0898353811378452,56,MAP_PMU,0
15,teta,7,-0.23136115014360065,56,MAP_PMU,0
16,v,8,1.066941673865577,56,MAP_PMU,0
17,teta,8,-0.25796172663214695,56,MAP_PMU,0
18,v,9,1.0638608055376915,56,MAP_PMU,0
19,teta,9,-0.26099880262808206,56,MAP_PMU,0
20,v,10,1.073852063089171,56,MAP_PMU,0
21,teta,10,-0.2568987665297521,56,MAP_PMU,0
22,v,11,1.093280192207827,56,MAP_PMU,0
23,teta,11,-0.27420871583271006,56,MAP_PMU,0
24,v,12,1.0764743816202922,56,MAP_PMU,0
25,teta,12,-0.2656180340360306,56,MAP_PMU,0
26,v,13,1.0535104781499651,56,MAP_PMU,0
27,teta,13,-0.27804025882195477,56,MAP_PMU,0
28,v,14,1.0446818004084462,56,MAP_PMU,0
29,teta,14,-0.08120717048513354,56,MAP_PMU,0
30,v,15,1.1220771145257558,56,MAP_PMU,0
31,teta,15,-0.26497691285509917,56,MAP_PMU,0
0,v,0,1.0598176618505744,57,MAP_PMU,0
1,teta,0,0.00018957624479893045,57,MAP_PMU,0
2,v,1,1.0447826231717776,57,MAP_PMU,0
3,teta,1,-0.08695559743223803,57,MAP_PMU,0
4,v,2,1.0198838806183408,57,MAP_PMU,0
5,teta,2,-0.21996246831840902,57,MAP_PMU,0
6,v,3,1.0237210362443916,57,MAP_PMU,0
7,teta,3,-0.17975224314933178,57,MAP_PMU,0
8,v,4,1.0254657424449307,57,MAP_PMU,0
9,teta,4,-0.15375679138169368,57,MAP_PMU,0
10,v,5,1.0911628269293356,57,MAP_PMU,0
11,teta,5,-0.2483714656469792,57,MAP_PMU,0
12,v,6,1.0680983681265113,57,MAP_PMU,0
13,teta,6,-0.2312637762797604,57,MAP_PMU,0
14,v,7,1.0897878973690824,57,MAP_PMU,0
15,teta,7,-0.2312638651878627,57,MAP_PMU,0
16,v,8,1.0668907204382336,57,MAP_PMU,0
17,teta,8,-0.2578417695159487,57,MAP_PMU,0
18,v,9,1.0638537715452605,57,MAP_PMU,0
19,teta,9,-0.2609827404437103,57,MAP_PMU,0
20,v,10,1.0739002047983248,57,MAP_PMU,0
21,teta,10,-0.2568119277131739,57,MAP_PMU,0
22,v,11,1.0931792895679318,57,MAP_PMU,0
23,teta,11,-0.2741716809517485,57,MAP_PMU,0
24,v,12,1.076335428130548,57,MAP_PMU,0
25,teta,12,-0.2655566880899142,57,MAP_PMU,0
26,v,13,1.0533588866807488,57,MAP_PMU,0
27,teta,13,-0.27797480948092007,57,MAP_PMU,0
28,v,14,1.0446081977381558,57,MAP_PMU,0
29,teta,14,-0.08109113809389193,57,MAP_PMU,0
30,v,15,1.1220061101310823,57,MAP_PMU,0
31,teta,15,-0.26498821724166194,57,MAP_PMU,0
0,v,0,1.0597088006379285,58,MAP_PMU,0
1,teta,0,-9.012322928439394e-05,58,MAP_PMU,0
2,v,1,1.0447212135593642,58,MAP_PMU,0
3,teta,1,-0.08700175363582333,58,MAP_PMU,0
4,v,2,1.019830194919323,58,MAP_PMU,0
5,teta,2,-0.22001685644411387,58,MAP_PMU,0
6,v,3,1.0236651635286358,58,MAP_PMU,0
7,teta,3,-0.17979995936967041,58,MAP_PMU,0
8,v,4,1.0254074655972807,58,MAP_PMU,0
9,teta,4,-0.15381635230567656,58,MAP_PMU,0
10,v,5,1.0911177057552057,58,MAP_PMU,0
11,teta,5,-0.24839750572496497,58,MAP_PMU,0
12,v,6,1.0680553649959692,58,MAP_PMU,0
13,teta,6,-0.2312905655229701,58,MAP_PMU,0
14,v,7,1.0897666035572253,58,MAP_PMU,0
15,teta,7,-0.23129020602123357,58,MAP_PMU,0
16,v,8,1.0668406463543363,58,MAP_PMU,0
17,teta,8,-0.257857841922632,58,MAP_PMU,0
18,v,9,1.0638092344988577,58,MAP_PMU,0
19,teta,9,-0.26095313916296353,58,MAP_PMU,0
20,v,10,1.0738754712685883,58,MAP_PMU,0
21,teta,10,-0.25680141000677126,58,MAP_PMU,0
22,v,11,1.0930736705143755,58,MAP_PMU,0
23,teta,11,-0.2742090050831975,58,MAP_PMU,0
24,v,12,1.0762685074866667,58,MAP_PMU,0
25,teta,12,-0.2656416783454273,58,MAP_PMU,0
26,v,13,1.0532829233142253,58,MAP_PMU,0
27,teta,13,-0.27805948307756134,58,MAP_PMU,0
28,v,14,1.04455095731316,58,MAP_PMU,0
29,teta,14,-0.08118520071708415,58,MAP_PMU,0
30,v,15,1.1218246823663967,58,MAP_PMU,0
31,teta,15,-0.2650411636234911,58,MAP_PMU,0
0,v,0,1.0598036673463427,59,MAP_PMU,0
1,teta,0,-7.175495074131588e-05,59,MAP_PMU,0
2,v,1,1.0448560473883715,59,MAP_PMU,0
3,teta,1,-0.0869372690879579,59,MAP_PMU,0
4,v,2,1.019959900588132,59,MAP_PMU,0
5,teta,2,-0.21988874503658778,59,MAP_PMU,0
6,v,3,1.023797858389351,59,MAP_PMU,0
7,teta,3,-0.1796872724474084,59,MAP_PMU,0
8,v,4,1.0255402675346985,59,MAP_PMU,0
9,teta,4,-0.15372813297381374,59,MAP_PMU,0
10,v,5,1.0912436990527499,59,MAP_PMU,0
11,teta,5,-0.2483457699540045,59,MAP_PMU,0
12,v,6,1.0681271091957318,59,MAP_PMU,0
13,teta,6,-0.23126175197780882,59,MAP_PMU,0
14,v,7,1.089785434985558,59,MAP_PMU,0
15,teta,7,-0.23126145465604706,59,MAP_PMU,0
16,v,8,1.0669155714805323,59,MAP_PMU,0
17,teta,8,-0.2578738271662836,59,MAP_PMU,0
18,v,9,1.0638152186624688,59,MAP_PMU,0
19,teta,9,-0.2609776167575737,59,MAP_PMU,0
20,v,10,1.073854684690901,59,MAP_PMU,0
21,teta,10,-0.2567726150749644,59,MAP_PMU,0
22,v,11,1.0932588723354586,59,MAP_PMU,0
23,teta,11,-0.2743506841666026,59,MAP_PMU,0
24,v,12,1.0763242995347568,59,MAP_PMU,0
25,teta,12,-0.26570896229940805,59,MAP_PMU,0
26,v,13,1.0533477396499045,59,MAP_PMU,0
27,teta,13,-0.2781260900606934,59,MAP_PMU,0
28,v,14,1.0446733745632109,59,MAP_PMU,0
29,teta,14,-0.08092563821265007,59,MAP_PMU,0
30,v,15,1.1222428617510294,59,MAP_PMU,0
31,teta,15,-0.2650937050126458,59,MAP_PMU,0
0,v,0,1.060123786630576,60,MAP_PMU,0
1,teta,0,0.00011702901373690302,60,MAP_PMU,0
2,v,1,1.0450887309652641,60,MAP_PMU,0
3,teta,1,-0.08694358649225949,60,MAP_PMU,0
4,v,2,1.020187363769597,60,MAP_PMU,0
5,teta,2,-0.21989351103918328,60,MAP_PMU,0
6,v,3,1.024026335597416,60,MAP_PMU,0
7,teta,3,-0.17969339958509106,60,MAP_PMU,0
8,v,4,1.0257699999088647,60,MAP_PMU,0
9,teta,4,-0.15372884773952733,60,MAP_PMU,0
10,v,5,1.0914907775741307,60,MAP_PMU,0
11,teta,5,-0.24832274975942822,60,MAP_PMU,0
12,v,6,1.0684546494230676,60,MAP_PMU,0
13,teta,6,-0.23127198716143893,60,MAP_PMU,0
14,v,7,1.0902126387142934,60,MAP_PMU,0
15,teta,7,-0.2312716668057892,60,MAP_PMU,0
16,v,8,1.0672306755931837,60,MAP_PMU,0
17,teta,8,-0.2578842672968981,60,MAP_PMU,0
18,v,9,1.0641930131530741,60,MAP_PMU,0
19,teta,9,-0.2609065410066055,60,MAP_PMU,0
20,v,10,1.0742672249535783,60,MAP_PMU,0
21,teta,10,-0.25667609963513005,60,MAP_PMU,0
22,v,11,1.093595150943806,60,MAP_PMU,0
23,teta,11,-0.2743048830431582,60,MAP_PMU,0
24,v,12,1.0767063624640798,60,MAP_PMU,0
25,teta,12,-0.26561379394940715,60,MAP_PMU,0
26,v,13,1.053719765957001,60,MAP_PMU,0
27,teta,13,-0.2780349142195642,60,MAP_PMU,0
28,v,14,1.0449084794803605,60,MAP_PMU,0
29,teta,14,-0.08087196957239362,60,MAP_PMU,0
30,v,15,1.1225123745875678,60,MAP_PMU,0
31,teta,15,-0.2652172494241569,60,MAP_PMU,0
0,v,0,1.0596370989660477,61,MAP_PMU,0
1,teta,0,-4.0190319305425545e-05,61,MAP_PMU,0
2,v,1,1.0446623426763801,61,MAP_PMU,0
3,teta,1,-0.08694565891361067,61,MAP_PMU,0
4,v,2,1.0197596386125458,61,MAP_PMU,0
5,teta,2,-0.2200097611316536,61,MAP_PMU,0
6,v,3,1.023599591299755,61,MAP_PMU,0
7,teta,3,-0.17976085296634026,61,MAP_PMU,0
8,v,4,1.0253434987909238,61,MAP_PMU,0
9,teta,4,-0.1537749631143548,61,MAP_PMU,0
10,v,5,1.0910404800535634,61,MAP_PMU,0
11,teta,5,-0.2483600482004992,61,MAP_PMU,0
12,v,6,1.0680220302625856,61,MAP_PMU,0
13,teta,6,-0.23130391223152394,61,MAP_PMU,0
14,v,7,1.0897541690026777,61,MAP_PMU,0
15,teta,7,-0.23130346425890494,61,MAP_PMU,0
16,v,8,1.0668141465378087,61,MAP_PMU,0
17,teta,8,-0.25789725112993545,61,MAP_PMU,0
18,v,9,1.0636899662587913,61,MAP_PMU,0
19,teta,9,-0.26097221071283433,61,MAP_PMU,0
20,v,10,1.0737514153223469,61,MAP_PMU,0
21,teta,10,-0.2567608153530426,61,MAP_PMU,0
22,v,11,1.0931601545561067,61,MAP_PMU,0
23,teta,11,-0.2742189207552921,61,MAP_PMU,0
24,v,12,1.0762761659876627,61,MAP_PMU,0
25,teta,12,-0.26563951637563665,61,MAP_PMU,0
26,v,13,1.053307255986807,61,MAP_PMU,0
27,teta,13,-0.27804943453792214,61,MAP_PMU,0
28,v,14,1.0444829016847845,61,MAP_PMU,0
29,teta,14,-0.08097746258132829,61,MAP_PMU,0
30,v,15,1.1220487892147166,61,MAP_PMU,0
31,teta,15,-0.2649553719049665,61,MAP_PMU,0
0,v,0,1.060170221371362,62,MAP_PMU,0
1,teta,0,-3.847137668874194e-05,62,MAP_PMU,0
2,v,1,1.045170940499444,62,MAP_PMU,0
3,teta,1,-0.0869437213446556,62,MAP_PMU,0
4,v,2,1.020265677341407,62,MAP_PMU,0
5,teta,2,-0.21989714635947655,62,MAP_PMU,0
6,v,3,1.0241102562301578,62,MAP_PMU,0
7,teta,3,-0.1796710151815258,62,MAP_PMU,0
8,v,4,1.0258583525693425,62,MAP_PMU,0
9,teta,4,-0.15369011555951576,62,MAP_PMU,0
10,v,5,1.0915733299657393,62,MAP_PMU,0
11,teta,5,-0.24826259114027066,62,MAP_PMU,0
12,v,6,1.0684987801369232,62,MAP_PMU,0
13,teta,6,-0.23118306521526588,62,MAP_PMU,0
14,v,7,1.090190535033348,62,MAP_PMU,0
15,teta,7,-0.23118307906891278,62,MAP_PMU,0
16,v,8,1.0672914808640672,62,MAP_PMU,0
17,teta,8,-0.25776148437909496,62,MAP_PMU,0
18,v,9,1.064200586679421,62,MAP_PMU,0
19,teta,9,-0.26087634482199556,62,MAP_PMU,0
20,v,10,1.0742173391212773,62,MAP_PMU,0
21,teta,10,-0.256713391197494,62,MAP_PMU,0
22,v,11,1.093506030247512,62,MAP_PMU,0
23,teta,11,-0.2743027610604037,62,MAP_PMU,0
24,v,12,1.0766092523571578,62,MAP_PMU,0
25,teta,12,-0.26578158150026737,62,MAP_PMU,0
26,v,13,1.0536308087267934,62,MAP_PMU,0
27,teta,13,-0.2781953275962456,62,MAP_PMU,0
28,v,14,1.0449893459010193,62,MAP_PMU,0
29,teta,14,-0.0808472563106222,62,MAP_PMU,0
30,v,15,1.122442577539002,62,MAP_PMU,0
31,teta,15,-0.26502895685428746,62,MAP_PMU,0
0,v,0,1.059928263309255,63,MAP_PMU,0
1,teta,0,6.191751984883584e-05,63,MAP_PMU,0
2,v,1,1.0448965101694672,63,MAP_PMU,0
3,teta,1,-0.0869535780386439,63,MAP_PMU,0
4,v,2,1.019997999330256,63,MAP_PMU,0
5,teta,2,-0.2199344767774351,63,MAP_PMU,0
6,v,3,1.0238370243526693,63,MAP_PMU,0
7,teta,3,-0.1797179587914971,63,MAP_PMU,0
8,v,4,1.0255810351281893,63,MAP_PMU,0
9,teta,4,-0.15374310173602915,63,MAP_PMU,0
10,v,5,1.0912691601116735,63,MAP_PMU,0
11,teta,5,-0.2483326778989129,63,MAP_PMU,0
12,v,6,1.0682089158460208,63,MAP_PMU,0
13,teta,6,-0.23129575779317973,63,MAP_PMU,0
14,v,7,1.0898972467098988,63,MAP_PMU,0
15,teta,7,-0.23129553466337283,63,MAP_PMU,0
16,v,8,1.0670007476955001,63,MAP_PMU,0
17,teta,8,-0.25790838069445376,63,MAP_PMU,0
18,v,9,1.0639170717587403,63,MAP_PMU,0
19,teta,9,-0.2608993007579663,63,MAP_PMU,0
20,v,10,1.0739332493473754,63,MAP_PMU,0
21,teta,10,-0.25669219941450055,63,MAP_PMU,0
22,v,11,1.093147916450755,63,MAP_PMU,0
23,teta,11,-0.2743597393632237,63,MAP_PMU,0
24,v,12,1.07637681891972,63,MAP_PMU,0
25,teta,12,-0.26582713872762487,63,MAP_PMU,0
26,v,13,1.0534069239705017,63,MAP_PMU,0
27,teta,13,-0.278237336201342,63,MAP_PMU,0
28,v,14,1.0447207476814901,63,MAP_PMU,0
29,teta,14,-0.08098992875574644,63,MAP_PMU,0
30,v,15,1.1218701051110442,63,MAP_PMU,0
31,teta,15,-0.2651152779834584,63,MAP_PMU,0
0,v,0,1.0598575804991344,64,MAP_PMU,0
1,teta,0,3.46631946537161e-05,64,MAP_PMU,0
2,v,1,1.0448557861766112,64,MAP_PMU,0
3,teta,1,-0.08698334933236565,64,MAP_PMU,0
4,v,2,1.0199625327316513,64,MAP_PMU,0
5,teta,2,-0.21996615526524005,64,MAP_PMU,0
6,v,3,1.023800873708879,64,MAP_PMU,0
7,teta,3,-0.17974186729390126,64,MAP_PMU,0
8,v,4,1.0255395614860252,64,MAP_PMU,0
9,teta,4,-0.15379314095810173,64,MAP_PMU,0
10,v,5,1.091242754264387,64,MAP_PMU,0
11,teta,5,-0.24835373459673932,64,MAP_PMU,0
12,v,6,1.068205802274772,64,MAP_PMU,0
13,teta,6,-0.2313643080425051,64,MAP_PMU,0
14,v,7,1.0899240498551743,64,MAP_PMU,0
15,teta,7,-0.23136430249070242,64,MAP_PMU,0
16,v,8,1.066998653322716,64,MAP_PMU,0
17,teta,8,-0.25799892171731414,64,MAP_PMU,0
18,v,9,1.063969419015615,64,MAP_PMU,0
19,teta,9,-0.26102154793146576,64,MAP_PMU,0
20,v,10,1.0740042067032503,64,MAP_PMU,0
21,teta,10,-0.25686061508107016,64,MAP_PMU,0
22,v,11,1.0931999778523354,64,MAP_PMU,0
23,teta,11,-0.27439946443783353,64,MAP_PMU,0
24,v,12,1.0764033200476328,64,MAP_PMU,0
25,teta,12,-0.265924366490644,64,MAP_PMU,0
26,v,13,1.0534221335332443,64,MAP_PMU,0
27,teta,13,-0.2783382008397961,64,MAP_PMU,0
28,v,14,1.0446756013983978,64,MAP_PMU,0
29,teta,14,-0.08094577489882657,64,MAP_PMU,0
30,v,15,1.1219618473948614,64,MAP_PMU,0
31,teta,15,-0.2650843017898549,64,MAP_PMU,0
0,v,0,1.0597719068215685,65,MAP_PMU,0
1,teta,0,-5.273482636873526e-05,65,MAP_PMU,0
2,v,1,1.0447773692999922,65,MAP_PMU,0
3,teta,1,-0.08700783701411528,65,MAP_PMU,0
4,v,2,1.0198850142127553,65,MAP_PMU,0
5,teta,2,-0.22003267383083033,65,MAP_PMU,0
6,v,3,1.0237176902901275,65,MAP_PMU,0
7,teta,3,-0.17982807181530697,65,MAP_PMU,0
8,v,4,1.0254614179659514,65,MAP_PMU,0
9,teta,4,-0.15384396585015497,65,MAP_PMU,0
10,v,5,1.0911726823726078,65,MAP_PMU,0
11,teta,5,-0.2484331062548985,65,MAP_PMU,0
12,v,6,1.0680715973662664,65,MAP_PMU,0
13,teta,6,-0.23126573798243236,65,MAP_PMU,0
14,v,7,1.0897398226958044,65,MAP_PMU,0
15,teta,7,-0.23126536598244962,65,MAP_PMU,0
16,v,8,1.0668618147504443,65,MAP_PMU,0
17,teta,8,-0.2578065726219848,65,MAP_PMU,0
18,v,9,1.063810325178285,65,MAP_PMU,0
19,teta,9,-0.26098426964879334,65,MAP_PMU,0
20,v,10,1.0738620701640336,65,MAP_PMU,0
21,teta,10,-0.2567458209654253,65,MAP_PMU,0
22,v,11,1.093005958738205,65,MAP_PMU,0
23,teta,11,-0.2742920714033607,65,MAP_PMU,0
24,v,12,1.076195855713192,65,MAP_PMU,0
25,teta,12,-0.26573223231449816,65,MAP_PMU,0
26,v,13,1.0532263775320099,65,MAP_PMU,0
27,teta,13,-0.2781518554200061,65,MAP_PMU,0
28,v,14,1.0445974417271198,65,MAP_PMU,0
29,teta,14,-0.08096544435893223,65,MAP_PMU,0
30,v,15,1.1218633533028533,65,MAP_PMU,0
31,teta,15,-0.2649941927537821,65,MAP_PMU,0
0,v,0,1.0599618957982517,66,MAP_PMU,0
1,teta,0,1.8106600556957547e-05,66,MAP_PMU,0
2,v,1,1.044958706459635,66,MAP_PMU,0
3,teta,1,-0.08697070056091033,66,MAP_PMU,0
4,v,2,1.0200602173337023,66,MAP_PMU,0
5,teta,2,-0.21994499337120393,66,MAP_PMU,0
6,v,3,1.0239000857656662,66,MAP_PMU,0
7,teta,3,-0.17973274068569067,66,MAP_PMU,0
8,v,4,1.0256385716985486,66,MAP_PMU,0
9,teta,4,-0.15379126564129852,66,MAP_PMU,0
10,v,5,1.091370415597366,66,MAP_PMU,0
11,teta,5,-0.24841032730879276,66,MAP_PMU,0
12,v,6,1.0682587319190087,66,MAP_PMU,0
13,teta,6,-0.23126701789796586,66,MAP_PMU,0
14,v,7,1.089933105220058,66,MAP_PMU,0
15,teta,7,-0.23126713553423417,66,MAP_PMU,0
16,v,8,1.0670497918328297,66,MAP_PMU,0
17,teta,8,-0.25785739536894536,66,MAP_PMU,0
18,v,9,1.0639536248249917,66,MAP_PMU,0
19,teta,9,-0.26096571770068483,66,MAP_PMU,0
20,v,10,1.0741131804949828,66,MAP_PMU,0
21,teta,10,-0.2568089081263215,66,MAP_PMU,0
22,v,11,1.0934143269828753,66,MAP_PMU,0
23,teta,11,-0.27433775958422235,66,MAP_PMU,0
24,v,12,1.0764510346484977,66,MAP_PMU,0
25,teta,12,-0.2657292204717962,66,MAP_PMU,0
26,v,13,1.053473644584997,66,MAP_PMU,0
27,teta,13,-0.2781449394585896,66,MAP_PMU,0
28,v,14,1.0447733734434876,66,MAP_PMU,0
29,teta,14,-0.08081556516160894,66,MAP_PMU,0
30,v,15,1.1223931766651636,66,MAP_PMU,0
31,teta,15,-0.26501814118231054,66,MAP_PMU,0
0,v,0,1.0600371281460659,67,MAP_PMU,0
1,teta,0,6.282949237024661e-06,67,MAP_PMU,0
2,v,1,1.045029348949213,67,MAP_PMU,0
3,teta,1,-0.08696016180087701,67,MAP_PMU,0
4,v,2,1.020131729529569,67,MAP_PMU,0
5,teta,2,-0.2199160565104027,67,MAP_PMU,0
6,v,3,1.0239677562696878,67,MAP_PMU,0
7,teta,3,-0.17972357375277628,67,MAP_PMU,0
8,v,4,1.0257144867132593,67,MAP_PMU,0
9,teta,4,-0.15374000915285327,67,MAP_PMU,0
10,v,5,1.091441340432245,67,MAP_PMU,0
11,teta,5,-0.24835980931848614,67,MAP_PMU,0
12,v,6,1.0683512719145911,67,MAP_PMU,0
13,teta,6,-0.23117401026518217,67,MAP_PMU,0
14,v,7,1.0900261693940527,67,MAP_PMU,0
15,teta,7,-0.23117460156109257,67,MAP_PMU,0
16,v,8,1.0671507365699582,67,MAP_PMU,0
17,teta,8,-0.2577201102024752,67,MAP_PMU,0
18,v,9,1.064102005696768,67,MAP_PMU,0
19,teta,9,-0.2608384651321239,67,MAP_PMU,0
20,v,10,1.0741838735190579,67,MAP_PMU,0
21,teta,10,-0.25667142596210046,67,MAP_PMU,0
22,v,11,1.09342292907732,67,MAP_PMU,0
23,teta,11,-0.27418644797960295,67,MAP_PMU,0
24,v,12,1.0765463701494689,67,MAP_PMU,0
25,teta,12,-0.2656325294451468,67,MAP_PMU,0
26,v,13,1.053561233385793,67,MAP_PMU,0
27,teta,13,-0.27804120236682756,67,MAP_PMU,0
28,v,14,1.0448540203929964,67,MAP_PMU,0
29,teta,14,-0.08103013953376385,67,MAP_PMU,0
30,v,15,1.1223468690829603,67,MAP_PMU,0
31,teta,15,-0.2647655137747631,67,MAP_PMU,0
0,v,0,1.0597663431134567,68,MAP_PMU,0
1,teta,0,-8.245914644165401e-05,68,MAP_PMU,0
2,v,1,1.0447770504396594,68,MAP_PMU,0
3,teta,1,-0.08698370256963182,68,MAP_PMU,0
4,v,2,1.0198854369723696,68,MAP_PMU,0
5,teta,2,-0.21996792185122127,68,MAP_PMU,0
6,v,3,1.023720976874558,68,MAP_PMU,0
7,teta,3,-0.179762351642758,68,MAP_PMU,0
8,v,4,1.025460301675193,68,MAP_PMU,0
9,teta,4,-0.15380038130333276,68,MAP_PMU,0
10,v,5,1.091153884356631,68,MAP_PMU,0
11,teta,5,-0.24837703375413608,68,MAP_PMU,0
12,v,6,1.068061293261484,68,MAP_PMU,0
13,teta,6,-0.23128269239050175,68,MAP_PMU,0
14,v,7,1.089730717262592,68,MAP_PMU,0
15,teta,7,-0.23128294475616099,68,MAP_PMU,0
16,v,8,1.0668471321344644,68,MAP_PMU,0
17,teta,8,-0.25786620053145953,68,MAP_PMU,0
18,v,9,1.0638074807078384,68,MAP_PMU,0
19,teta,9,-0.26096440276662713,68,MAP_PMU,0
20,v,10,1.073846209823903,68,MAP_PMU,0
21,teta,10,-0.2567684418024091,68,MAP_PMU,0
22,v,11,1.0930130943336833,68,MAP_PMU,0
23,teta,11,-0.2743117241241489,68,MAP_PMU,0
24,v,12,1.0761781151678547,68,MAP_PMU,0
25,teta,12,-0.2657945383464113,68,MAP_PMU,0
26,v,13,1.0532168366870158,68,MAP_PMU,0
27,teta,13,-0.2782165130892196,68,MAP_PMU,0
28,v,14,1.044599833670664,68,MAP_PMU,0
29,teta,14,-0.08119139810054553,68,MAP_PMU,0
30,v,15,1.121852139167378,68,MAP_PMU,0
31,teta,15,-0.2649909991508165,68,MAP_PMU,0
0,v,0,1.0598447286842683,69,MAP_PMU,0
1,teta,0,-6.511324802221462e-05,69,MAP_PMU,0
2,v,1,1.0448868305900558,69,MAP_PMU,0
3,teta,1,-0.08698142108975085,69,MAP_PMU,0
4,v,2,1.0199928767907178,69,MAP_PMU,0
5,teta,2,-0.2199530741511592,69,MAP_PMU,0
6,v,3,1.0238299942998448,69,MAP_PMU,0
7,teta,3,-0.17974771898114802,69,MAP_PMU,0
8,v,4,1.0255722128358495,69,MAP_PMU,0
9,teta,4,-0.15377278320552543,69,MAP_PMU,0
10,v,5,1.091282655287127,69,MAP_PMU,0
11,teta,5,-0.24832147641664298,69,MAP_PMU,0
12,v,6,1.0681914835794726,69,MAP_PMU,0
13,teta,6,-0.23121322122910062,69,MAP_PMU,0
14,v,7,1.0898518842277924,69,MAP_PMU,0
15,teta,7,-0.2312126910310668,69,MAP_PMU,0
16,v,8,1.0669905699684243,69,MAP_PMU,0
17,teta,8,-0.2577682065326911,69,MAP_PMU,0
18,v,9,1.063915090741746,69,MAP_PMU,0
19,teta,9,-0.26095191110301147,69,MAP_PMU,0
20,v,10,1.0740286874656326,69,MAP_PMU,0
21,teta,10,-0.2567775708850969,69,MAP_PMU,0
22,v,11,1.0932532116635478,69,MAP_PMU,0
23,teta,11,-0.27422644194852935,69,MAP_PMU,0
24,v,12,1.0764106150803372,69,MAP_PMU,0
25,teta,12,-0.26562263333870717,69,MAP_PMU,0
26,v,13,1.053424178177901,69,MAP_PMU,0
27,teta,13,-0.2780346740924531,69,MAP_PMU,0
28,v,14,1.0447102469421081,69,MAP_PMU,0
29,teta,14,-0.08107921079581978,69,MAP_PMU,0
30,v,15,1.1221258748767087,69,MAP_PMU,0
31,teta,15,-0.26504511450200974,69,MAP_PMU,0
0,v,0,1.05992072322052,70,MAP_PMU,0
1,teta,0,0.00010677441448799234,70,MAP_PMU,0
2,v,1,1.0449112480046208,70,MAP_PMU,0
3,teta,1,-0.08697615997350891,70,MAP_PMU,0
4,v,2,1.020004854887929,70,MAP_PMU,0
5,teta,2,-0.22004007837383627,70,MAP_PMU,0
6,v,3,1.0238458001092274,70,MAP_PMU,0
7,teta,3,-0.1797947600766517,70,MAP_PMU,0
8,v,4,1.0255977113122914,70,MAP_PMU,0
9,teta,4,-0.15376560572412373,70,MAP_PMU,0
10,v,5,1.0913038613768327,70,MAP_PMU,0
11,teta,5,-0.2483280160975568,70,MAP_PMU,0
12,v,6,1.0682435717624876,70,MAP_PMU,0
13,teta,6,-0.23129130814358648,70,MAP_PMU,0
14,v,7,1.0899502122359042,70,MAP_PMU,0
15,teta,7,-0.2312916124868544,70,MAP_PMU,0
16,v,8,1.0670340069728435,70,MAP_PMU,0
17,teta,8,-0.25786110175868393,70,MAP_PMU,0
18,v,9,1.0639869517505256,70,MAP_PMU,0
19,teta,9,-0.2609300359175457,70,MAP_PMU,0
20,v,10,1.073991083276272,70,MAP_PMU,0
21,teta,10,-0.2567960461586396,70,MAP_PMU,0
22,v,11,1.0933051634537234,70,MAP_PMU,0
23,teta,11,-0.27427103080917165,70,MAP_PMU,0
24,v,12,1.0764351241124794,70,MAP_PMU,0
25,teta,12,-0.2656126535982461,70,MAP_PMU,0
26,v,13,1.0534559113421127,70,MAP_PMU,0
27,teta,13,-0.27801677432716076,70,MAP_PMU,0
28,v,14,1.0447358118131218,70,MAP_PMU,0
29,teta,14,-0.08103027335683127,70,MAP_PMU,0
30,v,15,1.1222479247903525,70,MAP_PMU,0
31,teta,15,-0.26500860261250353,70,MAP_PMU,0
0,v,0,1.0599060791125106,71,MAP_PMU,0
1,teta,0,-9.754066796693447e-05,71,MAP_PMU,0
2,v,1,1.0449462046009996,71,MAP_PMU,0
3,teta,1,-0.08694376182182736,71,MAP_PMU,0
4,v,2,1.020042873174243,71,MAP_PMU,0
5,teta,2,-0.2199374404153974,71,MAP_PMU,0
6,v,3,1.0238833432644099,71,MAP_PMU,0
7,teta,3,-0.1797172316845032,71,MAP_PMU,0
8,v,4,1.0256235286133455,71,MAP_PMU,0
9,teta,4,-0.15376374750167274,71,MAP_PMU,0
10,v,5,1.0913514831146172,71,MAP_PMU,0
11,teta,5,-0.2483583204533246,71,MAP_PMU,0
12,v,6,1.0682796595099049,71,MAP_PMU,0
13,teta,6,-0.23132269162399155,71,MAP_PMU,0
14,v,7,1.0899936086912376,71,MAP_PMU,0
15,teta,7,-0.23132318698443616,71,MAP_PMU,0
16,v,8,1.0670690359152961,71,MAP_PMU,0
17,teta,8,-0.2579486167794258,71,MAP_PMU,0
18,v,9,1.064050861804932,71,MAP_PMU,0
19,teta,9,-0.26092792779321244,71,MAP_PMU,0
20,v,10,1.0741523484461863,71,MAP_PMU,0
21,teta,10,-0.2566614038236763,71,MAP_PMU,0
22,v,11,1.0933805626281936,71,MAP_PMU,0
23,teta,11,-0.274172989606004,71,MAP_PMU,0
24,v,12,1.076539728052405,71,MAP_PMU,0
25,teta,12,-0.2656468372985998,71,MAP_PMU,0
26,v,13,1.0535663647564946,71,MAP_PMU,0
27,teta,13,-0.2780672327467801,71,MAP_PMU,0
28,v,14,1.0447633670947507,71,MAP_PMU,0
29,teta,14,-0.08082816525312582,71,MAP_PMU,0
30,v,15,1.1222470467763082,71,MAP_PMU,0
31,teta,15,-0.2649136442317462,71,MAP_PMU,0
0,v,0,1.059882022358129,72,MAP_PMU,0
1,teta,0,7.887314137880175e-06,72,MAP_PMU,0
2,v,1,1.0448911397299203,72,MAP_PMU,0
3,teta,1,-0.0869911910127428,72,MAP_PMU,0
4,v,2,1.0199917563749556,72,MAP_PMU,0
5,teta,2,-0.22002347456989096,72,MAP_PMU,0
6,v,3,1.0238286123611458,72,MAP_PMU,0
7,teta,3,-0.17980349186108144,72,MAP_PMU,0
8,v,4,1.0255756388310826,72,MAP_PMU,0
9,teta,4,-0.15379773847295075,72,MAP_PMU,0
10,v,5,1.0912859188569384,72,MAP_PMU,0
11,teta,5,-0.2484004293641649,72,MAP_PMU,0
12,v,6,1.0682444855732927,72,MAP_PMU,0
13,teta,6,-0.23139229281295814,72,MAP_PMU,0
14,v,7,1.0899850198711496,72,MAP_PMU,0
15,teta,7,-0.2313926478060291,72,MAP_PMU,0
16,v,8,1.067027400884462,72,MAP_PMU,0
17,teta,8,-0.25800933967247913,72,MAP_PMU,0
18,v,9,1.063965477359798,72,MAP_PMU,0
19,teta,9,-0.26106677692140706,72,MAP_PMU,0
20,v,10,1.0739254411395078,72,MAP_PMU,0
21,teta,10,-0.2567884918419013,72,MAP_PMU,0
22,v,11,1.0932796093894186,72,MAP_PMU,0
23,teta,11,-0.2743637624478498,72,MAP_PMU,0
24,v,12,1.0764377744326628,72,MAP_PMU,0
25,teta,12,-0.2657722056524709,72,MAP_PMU,0
26,v,13,1.053457827122791,72,MAP_PMU,0
27,teta,13,-0.27819552106811707,72,MAP_PMU,0
28,v,14,1.0447151899214566,72,MAP_PMU,0
29,teta,14,-0.0810379435076023,72,MAP_PMU,0
30,v,15,1.1221735423915442,72,MAP_PMU,0
31,teta,15,-0.26501863151040855,72,MAP_PMU,0
0,v,0,1.0601654853444016,73,MAP_PMU,0
1,teta,0,1.3131524141062202e-05,73,MAP_PMU,0
2,v,1,1.0451573135115912,73,MAP_PMU,0
3,teta,1,-0.08696286219426473,73,MAP_PMU,0
4,v,2,1.0202483941449623,73,MAP_PMU,0
5,teta,2,-0.21998060577601183,73,MAP_PMU,0
6,v,3,1.024089972798868,73,MAP_PMU,0
7,teta,3,-0.17975069845399524,73,MAP_PMU,0
8,v,4,1.0258364448612127,73,MAP_PMU,0
9,teta,4,-0.15376887522734123,73,MAP_PMU,0
10,v,5,1.0915739076356061,73,MAP_PMU,0
11,teta,5,-0.2483591505902951,73,MAP_PMU,0
12,v,6,1.0684749592367244,73,MAP_PMU,0
13,teta,6,-0.2313315467805867,73,MAP_PMU,0
14,v,7,1.090165070187829,73,MAP_PMU,0
15,teta,7,-0.23133183346834393,73,MAP_PMU,0
16,v,8,1.0672699990143373,73,MAP_PMU,0
17,teta,8,-0.257945275889898,73,MAP_PMU,0
18,v,9,1.0641671888931485,73,MAP_PMU,0
19,teta,9,-0.260949927367694,73,MAP_PMU,0
20,v,10,1.0742188245316144,73,MAP_PMU,0
21,teta,10,-0.2566581745729644,73,MAP_PMU,0
22,v,11,1.0934513077305592,73,MAP_PMU,0
23,teta,11,-0.27425731611561593,73,MAP_PMU,0
24,v,12,1.0766737540444555,73,MAP_PMU,0
25,teta,12,-0.2656949558605958,73,MAP_PMU,0
26,v,13,1.0537063080665752,73,MAP_PMU,0
27,teta,13,-0.27811102348854366,73,MAP_PMU,0
28,v,14,1.0449745064451486,73,MAP_PMU,0
29,teta,14,-0.08082145874652372,73,MAP_PMU,0
30,v,15,1.1222441440097424,73,MAP_PMU,0
31,teta,15,-0.2650141819793583,73,MAP_PMU,0
0,v,0,1.0601121242381624,74,MAP_PMU,0
1,teta,0,4.702530642609899e-06,74,MAP_PMU,0
2,v,1,1.0451208759927135,74,MAP_PMU,0
3,teta,1,-0.08696502143010898,74,MAP_PMU,0
4,v,2,1.0202188874318092,74,MAP_PMU,0
5,teta,2,-0.21993279245893188,74,MAP_PMU,0
6,v,3,1.0240598462145352,74,MAP_PMU,0
7,teta,3,-0.1797151218490425,74,MAP_PMU,0
8,v,4,1.025801371057087,74,MAP_PMU,0
9,teta,4,-0.15375713716184694,74,MAP_PMU,0
10,v,5,1.091526886224413,74,MAP_PMU,0
11,teta,5,-0.24838006833484344,74,MAP_PMU,0
12,v,6,1.0684504145155949,74,MAP_PMU,0
13,teta,6,-0.23120433779730679,74,MAP_PMU,0
14,v,7,1.090144727669726,74,MAP_PMU,0
15,teta,7,-0.2312046815599798,74,MAP_PMU,0
16,v,8,1.067242146806213,74,MAP_PMU,0
17,teta,8,-0.257770693056784,74,MAP_PMU,0
18,v,9,1.064151359494151,74,MAP_PMU,0
19,teta,9,-0.2609198942630706,74,MAP_PMU,0
20,v,10,1.074196294223318,74,MAP_PMU,0
21,teta,10,-0.25673955765035883,74,MAP_PMU,0
22,v,11,1.0935025370731297,74,MAP_PMU,0
23,teta,11,-0.27416849138645394,74,MAP_PMU,0
24,v,12,1.0766065365721404,74,MAP_PMU,0
25,teta,12,-0.2656771458614235,74,MAP_PMU,0
26,v,13,1.053632821709623,74,MAP_PMU,0
27,teta,13,-0.27808891827649007,74,MAP_PMU,0
28,v,14,1.0449368119609181,74,MAP_PMU,0
29,teta,14,-0.08079551236121593,74,MAP_PMU,0
30,v,15,1.1222670698586126,74,MAP_PMU,0
31,teta,15,-0.2649807548349977,74,MAP_PMU,0
0,v,0,1.0598927523243127,75,MAP_PMU,0
1,teta,0,8.18274939037751e-06,75,MAP_PMU,0
2,v,1,1.0448903983394815,75,MAP_PMU,0
3,teta,1,-0.08699151347107958,75,MAP_PMU,0
4,v,2,1.019991558511144,75,MAP_PMU,0
5,teta,2,-0.22002039726014525,75,MAP_PMU,0
6,v,3,1.0238309309820621,75,MAP_PMU,0
7,teta,3,-0.17978332885922416,75,MAP_PMU,0
8,v,4,1.0255750185262575,75,MAP_PMU,0
9,teta,4,-0.15380696458267476,75,MAP_PMU,0
10,v,5,1.091298450842474,75,MAP_PMU,0
11,teta,5,-0.24837711015973568,75,MAP_PMU,0
12,v,6,1.0681747738410385,75,MAP_PMU,0
13,teta,6,-0.23124414220704714,75,MAP_PMU,0
14,v,7,1.089830544495725,75,MAP_PMU,0
15,teta,7,-0.23124391005733255,75,MAP_PMU,0
16,v,8,1.0669672547910618,75,MAP_PMU,0
17,teta,8,-0.25779712430388946,75,MAP_PMU,0
18,v,9,1.0639423792270262,75,MAP_PMU,0
19,teta,9,-0.2610091708189982,75,MAP_PMU,0
20,v,10,1.0740473134215611,75,MAP_PMU,0
21,teta,10,-0.2568426925306086,75,MAP_PMU,0
22,v,11,1.0931200155079919,75,MAP_PMU,0
23,teta,11,-0.2743638357263726,75,MAP_PMU,0
24,v,12,1.0762990243738757,75,MAP_PMU,0
25,teta,12,-0.265809126225817,75,MAP_PMU,0
26,v,13,1.0533289315915717,75,MAP_PMU,0
27,teta,13,-0.2782282365972205,75,MAP_PMU,0
28,v,14,1.0447010544502258,75,MAP_PMU,0
29,teta,14,-0.08079770883016227,75,MAP_PMU,0
30,v,15,1.1220360832808967,75,MAP_PMU,0
31,teta,15,-0.2650071858215553,75,MAP_PMU,0
0,v,0,1.0601554449374908,76,MAP_PMU,0
1,teta,0,-0.0001736108510424133,76,MAP_PMU,0
2,v,1,1.0451700449626673,76,MAP_PMU,0
3,teta,1,-0.0869747910460956,76,MAP_PMU,0
4,v,2,1.0202670980224,76,MAP_PMU,0
5,teta,2,-0.21995889243158648,76,MAP_PMU,0
6,v,3,1.02410501392065,76,MAP_PMU,0
7,teta,3,-0.1797529761480184,76,MAP_PMU,0
8,v,4,1.0258473695875014,76,MAP_PMU,0
9,teta,4,-0.15379509562166532,76,MAP_PMU,0
10,v,5,1.0915837537184823,76,MAP_PMU,0
11,teta,5,-0.2483729515046664,76,MAP_PMU,0
12,v,6,1.0684456313667952,76,MAP_PMU,0
13,teta,6,-0.23125999920420146,76,MAP_PMU,0
14,v,7,1.09010729970189,76,MAP_PMU,0
15,teta,7,-0.23125894450770326,76,MAP_PMU,0
16,v,8,1.0672317862488057,76,MAP_PMU,0
17,teta,8,-0.25783785926965247,76,MAP_PMU,0
18,v,9,1.0642292004368892,76,MAP_PMU,0
19,teta,9,-0.2608142343412072,76,MAP_PMU,0
20,v,10,1.074236861183538,76,MAP_PMU,0
21,teta,10,-0.25665194005157044,76,MAP_PMU,0
22,v,11,1.0935135063967638,76,MAP_PMU,0
23,teta,11,-0.27425449675455355,76,MAP_PMU,0
24,v,12,1.0766383225815226,76,MAP_PMU,0
25,teta,12,-0.2656445539750879,76,MAP_PMU,0
26,v,13,1.0536593601558695,76,MAP_PMU,0
27,teta,13,-0.2780565147268205,76,MAP_PMU,0
28,v,14,1.0449804869290669,76,MAP_PMU,0
29,teta,14,-0.0811013189415887,76,MAP_PMU,0
30,v,15,1.1224087975358055,76,MAP_PMU,0
31,teta,15,-0.2650287211020022,76,MAP_PMU,0
0,v,0,1.0598319055272476,77,MAP_PMU,0
1,teta,0,-3.0720521305136364e-05,77,MAP_PMU,0
2,v,1,1.0448091103687018,77,MAP_PMU,0
3,teta,1,-0.08699313596648696,77,MAP_PMU,0
4,v,2,1.0199173151372654,77,MAP_PMU,0
5,teta,2,-0.21997654481795442,77,MAP_PMU,0
6,v,3,1.0237575919369597,77,MAP_PMU,0
7,teta,3,-0.1797422757025706,77,MAP_PMU,0
8,v,4,1.0254981491193922,77,MAP_PMU,0
9,teta,4,-0.15378487954976647,77,MAP_PMU,0
10,v,5,1.091194486173856,77,MAP_PMU,0
11,teta,5,-0.24839177534842174,77,MAP_PMU,0
12,v,6,1.0680989183993073,77,MAP_PMU,0
13,teta,6,-0.23116859791740949,77,MAP_PMU,0
14,v,7,1.089743398494777,77,MAP_PMU,0
15,teta,7,-0.23116897879338072,77,MAP_PMU,0
16,v,8,1.066896422706386,77,MAP_PMU,0
17,teta,8,-0.2577032638687013,77,MAP_PMU,0
18,v,9,1.0638042076834848,77,MAP_PMU,0
19,teta,9,-0.2608365596566115,77,MAP_PMU,0
20,v,10,1.0738623314199351,77,MAP_PMU,0
21,teta,10,-0.25668813785499683,77,MAP_PMU,0
22,v,11,1.093124639838175,77,MAP_PMU,0
23,teta,11,-0.27426567668014307,77,MAP_PMU,0
24,v,12,1.0762988861392355,77,MAP_PMU,0
25,teta,12,-0.2656957812306429,77,MAP_PMU,0
26,v,13,1.0533207421516042,77,MAP_PMU,0
27,teta,13,-0.2781006310058012,77,MAP_PMU,0
28,v,14,1.04462869285586,77,MAP_PMU,0
29,teta,14,-0.08090155562959636,77,MAP_PMU,0
30,v,15,1.121998797632913,77,MAP_PMU,0
31,teta,15,-0.2649412107813628,77,MAP_PMU,0
0,v,0,1.0600847647897909,78,MAP_PMU,0
1,teta,0,6.348457612551374e-05,78,MAP_PMU,0
2,v,1,1.0450602228767383,78,MAP_PMU,0
3,teta,1,-0.08696226093409894,78,MAP_PMU,0
4,v,2,1.020160659849435,78,MAP_PMU,0
5,teta,2,-0.21991386403961977,78,MAP_PMU,0
6,v,3,1.0240030829186553,78,MAP_PMU,0
7,teta,3,-0.17969258508190217,78,MAP_PMU,0
8,v,4,1.0257483375652463,78,MAP_PMU,0
9,teta,4,-0.15372209393089062,78,MAP_PMU,0
10,v,5,1.091475645839252,78,MAP_PMU,0
11,teta,5,-0.24835622744755134,78,MAP_PMU,0
12,v,6,1.068361187070104,78,MAP_PMU,0
13,teta,6,-0.2312026764883926,78,MAP_PMU,0
14,v,7,1.090018006323486,78,MAP_PMU,0
15,teta,7,-0.23120284560931806,78,MAP_PMU,0
16,v,8,1.0671607787634398,78,MAP_PMU,0
17,teta,8,-0.2577804661158954,78,MAP_PMU,0
18,v,9,1.064154067872409,78,MAP_PMU,0
19,teta,9,-0.26085257910713605,78,MAP_PMU,0
20,v,10,1.074219261458372,78,MAP_PMU,0
21,teta,10,-0.25669180298822497,78,MAP_PMU,0
22,v,11,1.0933940161303843,78,MAP_PMU,0
23,teta,11,-0.27431960121585597,78,MAP_PMU,0
24,v,12,1.0764762040093154,78,MAP_PMU,0
25,teta,12,-0.2658113938025259,78,MAP_PMU,0
26,v,13,1.0535040699274862,78,MAP_PMU,0
27,teta,13,-0.2782357466846709,78,MAP_PMU,0
28,v,14,1.0448808878955722,78,MAP_PMU,0
29,teta,14,-0.08091628156951612,78,MAP_PMU,0
30,v,15,1.1222610013463739,78,MAP_PMU,0
31,teta,15,-0.26501755916340425,78,MAP_PMU,0
0,v,0,1.0602432934950632,79,MAP_PMU,0
1,teta,0,-0.00012443111975613506,79,MAP_PMU,0
2,v,1,1.0452477318248805,79,MAP_PMU,0
3,teta,1,-0.08702065809245647,79,MAP_PMU,0
4,v,2,1.020349750028926,79,MAP_PMU,0
5,teta,2,-0.22000607485906684,79,MAP_PMU,0
6,v,3,1.0241861148151525,79,MAP_PMU,0
7,teta,3,-0.17979567145467398,79,MAP_PMU,0
8,v,4,1.025929483119159,79,MAP_PMU,0
9,teta,4,-0.15382332885416164,79,MAP_PMU,0
10,v,5,1.091659323568326,79,MAP_PMU,0
11,teta,5,-0.24837905590958478,79,MAP_PMU,0
12,v,6,1.0685821270814209,79,MAP_PMU,0
13,teta,6,-0.23127730158260895,79,MAP_PMU,0
14,v,7,1.0902811305140794,79,MAP_PMU,0
15,teta,7,-0.23127728022757663,79,MAP_PMU,0
16,v,8,1.0673721168730195,79,MAP_PMU,0
17,teta,8,-0.2578400240532182,79,MAP_PMU,0
18,v,9,1.0643763118162564,79,MAP_PMU,0
19,teta,9,-0.2608378953797878,79,MAP_PMU,0
20,v,10,1.0744431115929103,79,MAP_PMU,0
21,teta,10,-0.25664568084067063,79,MAP_PMU,0
22,v,11,1.0936326462608648,79,MAP_PMU,0
23,teta,11,-0.2742236174917457,79,MAP_PMU,0
24,v,12,1.0767592339590026,79,MAP_PMU,0
25,teta,12,-0.2656931488976361,79,MAP_PMU,0
26,v,13,1.053788957963936,79,MAP_PMU,0
27,teta,13,-0.27810780632133564,79,MAP_PMU,0
28,v,14,1.0450716888095233,79,MAP_PMU,0
29,teta,14,-0.08110410373200051,79,MAP_PMU,0
30,v,15,1.1225146678283533,79,MAP_PMU,0
31,teta,15,-0.26495993555796377,79,MAP_PMU,0
0,v,0,1.0598352904347799,80,MAP_PMU,0
1,teta,0,-0.00018749536051119553,80,MAP_PMU,0
2,v,1,1.0448539433534625,80,MAP_PMU,0
3,teta,1,-0.08697119074976828,80,MAP_PMU,0
4,v,2,1.0199533228756459,80,MAP_PMU,0
5,teta,2,-0.21998704287571866,80,MAP_PMU,0
6,v,3,1.0237935903560682,80,MAP_PMU,0
7,teta,3,-0.17975898016932446,80,MAP_PMU,0
8,v,4,1.0255345875797746,80,MAP_PMU,0
9,teta,4,-0.15380092399883416,80,MAP_PMU,0
10,v,5,1.0912266371340678,80,MAP_PMU,0
11,teta,5,-0.24839867664354515,80,MAP_PMU,0
12,v,6,1.068143239304885,80,MAP_PMU,0
13,teta,6,-0.23122232924161293,80,MAP_PMU,0
14,v,7,1.0898192680297032,80,MAP_PMU,0
15,teta,7,-0.23122276547114537,80,MAP_PMU,0
16,v,8,1.0669266349618025,80,MAP_PMU,0
17,teta,8,-0.25777624841741725,80,MAP_PMU,0
18,v,9,1.0638824610502489,80,MAP_PMU,0
19,teta,9,-0.2608363108141582,80,MAP_PMU,0
20,v,10,1.0738618450753885,80,MAP_PMU,0
21,teta,10,-0.2567081544853055,80,MAP_PMU,0
22,v,11,1.0931753621610796,80,MAP_PMU,0
23,teta,11,-0.2741281290846352,80,MAP_PMU,0
24,v,12,1.0763176727038863,80,MAP_PMU,0
25,teta,12,-0.2655636041518067,80,MAP_PMU,0
26,v,13,1.0533500388891375,80,MAP_PMU,0
27,teta,13,-0.2779827712196501,80,MAP_PMU,0
28,v,14,1.0446621540859227,80,MAP_PMU,0
29,teta,14,-0.08078570181938267,80,MAP_PMU,0
30,v,15,1.1220455364007877,80,MAP_PMU,0
31,teta,15,-0.2649229218390836,80,MAP_PMU,0
0,v,0,1.0597414443712576,81,MAP_PMU,0
1,teta,0,-0.00011117133211498,81,MAP_PMU,0
2,v,1,1.0447559195119314,81,MAP_PMU,0
3,teta,1,-0.08697378239326026,81,MAP_PMU,0
4,v,2,1.0198591203985556,81,MAP_PMU,0
5,teta,2,-0.21998432025448816,81,MAP_PMU,0
6,v,3,1.0236990920990912,81,MAP_PMU,0
7,teta,3,-0.17975298357330013,81,MAP_PMU,0
8,v,4,1.0254394461267613,81,MAP_PMU,0
9,teta,4,-0.15379349672019768,81,MAP_PMU,0
10,v,5,1.091146998172759,81,MAP_PMU,0
11,teta,5,-0.24835166778499154,81,MAP_PMU,0
12,v,6,1.0680326087306533,81,MAP_PMU,0
13,teta,6,-0.23127362986248487,81,MAP_PMU,0
14,v,7,1.0896834805325895,81,MAP_PMU,0
15,teta,7,-0.23127343397842207,81,MAP_PMU,0
16,v,8,1.0668267073778417,81,MAP_PMU,0
17,teta,8,-0.25785752403582624,81,MAP_PMU,0
18,v,9,1.0637486789659494,81,MAP_PMU,0
19,teta,9,-0.2610203233432594,81,MAP_PMU,0
20,v,10,1.0737650680393365,81,MAP_PMU,0
21,teta,10,-0.2568939986689116,81,MAP_PMU,0
22,v,11,1.093063665683137,81,MAP_PMU,0
23,teta,11,-0.2743153256794475,81,MAP_PMU,0
24,v,12,1.0762138970167296,81,MAP_PMU,0
25,teta,12,-0.26571569093530617,81,MAP_PMU,0
26,v,13,1.0532355675410097,81,MAP_PMU,0
27,teta,13,-0.2781297502051376,81,MAP_PMU,0
28,v,14,1.0445794180302297,81,MAP_PMU,0
29,teta,14,-0.08106847561286665,81,MAP_PMU,0
30,v,15,1.121951599888953,81,MAP_PMU,0
31,teta,15,-0.2650590916236386,81,MAP_PMU,0
0,v,0,1.060060659345513,82,MAP_PMU,0
1,teta,0,0.0002201386176840575,82,MAP_PMU,0
2,v,1,1.0450368330036377,82,MAP_PMU,0
3,teta,1,-0.08695572596139094,82,MAP_PMU,0
4,v,2,1.0201323072727033,82,MAP_PMU,0
5,teta,2,-0.21995716040333377,82,MAP_PMU,0
6,v,3,1.0239701745550962,82,MAP_PMU,0
7,teta,3,-0.17975154601668814,82,MAP_PMU,0
8,v,4,1.025721194238105,82,MAP_PMU,0
9,teta,4,-0.15373643033443488,82,MAP_PMU,0
10,v,5,1.091416154307492,82,MAP_PMU,0
11,teta,5,-0.24829202945173556,82,MAP_PMU,0
12,v,6,1.068364299564187,82,MAP_PMU,0
13,teta,6,-0.23129707896027524,82,MAP_PMU,0
14,v,7,1.0900702517351128,82,MAP_PMU,0
15,teta,7,-0.2312974442043294,82,MAP_PMU,0
16,v,8,1.0671540189123068,82,MAP_PMU,0
17,teta,8,-0.25789232850433996,82,MAP_PMU,0
18,v,9,1.0641235869006498,82,MAP_PMU,0
19,teta,9,-0.26096034669880097,82,MAP_PMU,0
20,v,10,1.074251045520935,82,MAP_PMU,0
21,teta,10,-0.2566697981927557,82,MAP_PMU,0
22,v,11,1.0933659796185393,82,MAP_PMU,0
23,teta,11,-0.27427742317754705,82,MAP_PMU,0
24,v,12,1.0765528131611735,82,MAP_PMU,0
25,teta,12,-0.26579107057424683,82,MAP_PMU,0
26,v,13,1.0535712250948237,82,MAP_PMU,0
27,teta,13,-0.278213262146101,82,MAP_PMU,0
28,v,14,1.0448663083774974,82,MAP_PMU,0
29,teta,14,-0.08115701628961118,82,MAP_PMU,0
30,v,15,1.122200009600307,82,MAP_PMU,0
31,teta,15,-0.2648471747084501,82,MAP_PMU,0
0,v,0,1.0599971795429302,83,MAP_PMU,0
1,teta,0,1.5125650927305856e-05,83,MAP_PMU,0
2,v,1,1.044977531893505,83,MAP_PMU,0
3,teta,1,-0.08697984702718892,83,MAP_PMU,0
4,v,2,1.0200814216854102,83,MAP_PMU,0
5,teta,2,-0.21995538515994384,83,MAP_PMU,0
6,v,3,1.0239195121084017,83,MAP_PMU,0
7,teta,3,-0.1797402115762824,83,MAP_PMU,0
8,v,4,1.025663298983371,83,MAP_PMU,0
9,teta,4,-0.15376599043747596,83,MAP_PMU,0
10,v,5,1.0914046953793206,83,MAP_PMU,0
11,teta,5,-0.24843185684741304,83,MAP_PMU,0
12,v,6,1.0682610445475096,83,MAP_PMU,0
13,teta,6,-0.23132657460193867,83,MAP_PMU,0
14,v,7,1.0899248195791416,83,MAP_PMU,0
15,teta,7,-0.2313265773130218,83,MAP_PMU,0
16,v,8,1.0670517535657977,83,MAP_PMU,0
17,teta,8,-0.2579443430748406,83,MAP_PMU,0
18,v,9,1.0640743832454602,83,MAP_PMU,0
19,teta,9,-0.2610278743540555,83,MAP_PMU,0
20,v,10,1.0741856717544715,83,MAP_PMU,0
21,teta,10,-0.25683395585492613,83,MAP_PMU,0
22,v,11,1.0933745626180567,83,MAP_PMU,0
23,teta,11,-0.27420164087024,83,MAP_PMU,0
24,v,12,1.0765492385675306,83,MAP_PMU,0
25,teta,12,-0.26567345895304156,83,MAP_PMU,0
26,v,13,1.0535703542556982,83,MAP_PMU,0
27,teta,13,-0.2780829757307921,83,MAP_PMU,0
28,v,14,1.04480295942131,83,MAP_PMU,0
29,teta,14,-0.08106239588880636,83,MAP_PMU,0
30,v,15,1.1222462448830517,83,MAP_PMU,0
31,teta,15,-0.2648990553357043,83,MAP_PMU,0
0,v,0,1.0601608492057462,84,MAP_PMU,0
1,teta,0,-9.317886526577901e-05,84,MAP_PMU,0
2,v,1,1.0451836507399186,84,MAP_PMU,0
3,teta,1,-0.08699409062808294,84,MAP_PMU,0
4,v,2,1.020290191174722,84,MAP_PMU,0
5,teta,2,-0.21992693426811913,84,MAP_PMU,0
6,v,3,1.0241247035593026,84,MAP_PMU,0
7,teta,3,-0.17974152070983068,84,MAP_PMU,0
8,v,4,1.025869808321477,84,MAP_PMU,0
9,teta,4,-0.15375839999890104,84,MAP_PMU,0
10,v,5,1.091600385626507,84,MAP_PMU,0
11,teta,5,-0.24833189803803202,84,MAP_PMU,0
12,v,6,1.068487103577134,84,MAP_PMU,0
13,teta,6,-0.23123294699187194,84,MAP_PMU,0
14,v,7,1.090153718147522,84,MAP_PMU,0
15,teta,7,-0.23123275272833801,84,MAP_PMU,0
16,v,8,1.0672807241824316,84,MAP_PMU,0
17,teta,8,-0.25780150831138166,84,MAP_PMU,0
18,v,9,1.0642834445124696,84,MAP_PMU,0
19,teta,9,-0.2608675326429892,84,MAP_PMU,0
20,v,10,1.074415545128139,84,MAP_PMU,0
21,teta,10,-0.25667274468584383,84,MAP_PMU,0
22,v,11,1.0935544179148033,84,MAP_PMU,0
23,teta,11,-0.27402074999423415,84,MAP_PMU,0
24,v,12,1.0767929780368386,84,MAP_PMU,0
25,teta,12,-0.2655294098317389,84,MAP_PMU,0
26,v,13,1.0538045420222388,84,MAP_PMU,0
27,teta,13,-0.27793719455047056,84,MAP_PMU,0
28,v,14,1.0450134702813936,84,MAP_PMU,0
29,teta,14,-0.08118848549744515,84,MAP_PMU,0
30,v,15,1.122317700859796,84,MAP_PMU,0
31,teta,15,-0.2646965536275448,84,MAP_PMU,0
0,v,0,1.0598663359721632,85,MAP_PMU,0
1,teta,0,-1.0154542767769154e-06,85,MAP_PMU,0
2,v,1,1.0448804337863686,85,MAP_PMU,0
3,teta,1,-0.0869630768226947,85,MAP_PMU,0
4,v,2,1.019984198227367,85,MAP_PMU,0
5,teta,2,-0.21994362713752671,85,MAP_PMU,0
6,v,3,1.0238212326452878,85,MAP_PMU,0
7,teta,3,-0.17973474248461493,85,MAP_PMU,0
8,v,4,1.025561961717007,85,MAP_PMU,0
9,teta,4,-0.15377677148490548,85,MAP_PMU,0
10,v,5,1.0912747273687264,85,MAP_PMU,0
11,teta,5,-0.2483934227171798,85,MAP_PMU,0
12,v,6,1.068218055430163,85,MAP_PMU,0
13,teta,6,-0.2312489185775926,85,MAP_PMU,0
14,v,7,1.0899293833330705,85,MAP_PMU,0
15,teta,7,-0.23124929306397896,85,MAP_PMU,0
16,v,8,1.0670060178392218,85,MAP_PMU,0
17,teta,8,-0.2578278445528872,85,MAP_PMU,0
18,v,9,1.0639345477158129,85,MAP_PMU,0
19,teta,9,-0.2609243543612851,85,MAP_PMU,0
20,v,10,1.0739993927996916,85,MAP_PMU,0
21,teta,10,-0.2567093496153057,85,MAP_PMU,0
22,v,11,1.0933462252547466,85,MAP_PMU,0
23,teta,11,-0.2742248376782419,85,MAP_PMU,0
24,v,12,1.0764738975910195,85,MAP_PMU,0
25,teta,12,-0.2656524095553924,85,MAP_PMU,0
26,v,13,1.0534886859541674,85,MAP_PMU,0
27,teta,13,-0.2780658146481297,85,MAP_PMU,0
28,v,14,1.044700200629817,85,MAP_PMU,0
29,teta,14,-0.08088741871741148,85,MAP_PMU,0
30,v,15,1.1222527633462227,85,MAP_PMU,0
31,teta,15,-0.26492435237991685,85,MAP_PMU,0
0,v,0,1.0597826404577864,86,MAP_PMU,0
1,teta,0,-0.00017617601951026678,86,MAP_PMU,0
2,v,1,1.044813905831336,86,MAP_PMU,0
3,teta,1,-0.08699101459473121,86,MAP_PMU,0
4,v,2,1.01991486602722,86,MAP_PMU,0
5,teta,2,-0.22004047791338682,86,MAP_PMU,0
6,v,3,1.0237488967843698,86,MAP_PMU,0
7,teta,3,-0.17983202715660973,86,MAP_PMU,0
8,v,4,1.0254910116950084,86,MAP_PMU,0
9,teta,4,-0.15385174187274822,86,MAP_PMU,0
10,v,5,1.0912057403154702,86,MAP_PMU,0
11,teta,5,-0.24844106193992663,86,MAP_PMU,0
12,v,6,1.0681626810285687,86,MAP_PMU,0
13,teta,6,-0.23145471601676695,86,MAP_PMU,0
14,v,7,1.0898934034565106,86,MAP_PMU,0
15,teta,7,-0.23145476753572425,86,MAP_PMU,0
16,v,8,1.0669529617558504,86,MAP_PMU,0
17,teta,8,-0.25808920921782774,86,MAP_PMU,0
18,v,9,1.0638923044266202,86,MAP_PMU,0
19,teta,9,-0.2610957426154965,86,MAP_PMU,0
20,v,10,1.0738844296631562,86,MAP_PMU,0
21,teta,10,-0.25689289557891,86,MAP_PMU,0
22,v,11,1.093277903724832,86,MAP_PMU,0
23,teta,11,-0.2742824510949337,86,MAP_PMU,0
24,v,12,1.0764533606001991,86,MAP_PMU,0
25,teta,12,-0.2657021465464118,86,MAP_PMU,0
26,v,13,1.0534825502150043,86,MAP_PMU,0
27,teta,13,-0.2781137475518179,86,MAP_PMU,0
28,v,14,1.0446269267998032,86,MAP_PMU,0
29,teta,14,-0.08093869831109153,86,MAP_PMU,0
30,v,15,1.1220803430396007,86,MAP_PMU,0
31,teta,15,-0.26501078952416773,86,MAP_PMU,0
0,v,0,1.0598349895581116,87,MAP_PMU,0
1,teta,0,-0.0001142378880875445,87,MAP_PMU,0
2,v,1,1.0448614880589233,87,MAP_PMU,0
3,teta,1,-0.08695385329757863,87,MAP_PMU,0
4,v,2,1.0199621123924698,87,MAP_PMU,0
5,teta,2,-0.2199498895058394,87,MAP_PMU,0
6,v,3,1.0238038738001203,87,MAP_PMU,0
7,teta,3,-0.17971064403413292,87,MAP_PMU,0
8,v,4,1.0255482753408438,87,MAP_PMU,0
9,teta,4,-0.15373300490178593,87,MAP_PMU,0
10,v,5,1.0912500981952036,87,MAP_PMU,0
11,teta,5,-0.24833282399624554,87,MAP_PMU,0
12,v,6,1.0681350325327215,87,MAP_PMU,0
13,teta,6,-0.23126442831680064,87,MAP_PMU,0
14,v,7,1.0897843431437528,87,MAP_PMU,0
15,teta,7,-0.23126433919253042,87,MAP_PMU,0
16,v,8,1.0669291620693941,87,MAP_PMU,0
17,teta,8,-0.2578655044107222,87,MAP_PMU,0
18,v,9,1.0638795123477396,87,MAP_PMU,0
19,teta,9,-0.260997989488601,87,MAP_PMU,0
20,v,10,1.0739745983647953,87,MAP_PMU,0
21,teta,10,-0.2567336129848388,87,MAP_PMU,0
22,v,11,1.0931935593022977,87,MAP_PMU,0
23,teta,11,-0.27425885480226747,87,MAP_PMU,0
24,v,12,1.0763678019362923,87,MAP_PMU,0
25,teta,12,-0.2656728124372944,87,MAP_PMU,0
26,v,13,1.05340006664626,87,MAP_PMU,0
27,teta,13,-0.27808316551123097,87,MAP_PMU,0
28,v,14,1.0446818512135378,87,MAP_PMU,0
29,teta,14,-0.08097814061285973,87,MAP_PMU,0
30,v,15,1.1220596087624557,87,MAP_PMU,0
31,teta,15,-0.2649741538181477,87,MAP_PMU,0
0,v,0,1.0597920684826265,88,MAP_PMU,0
1,teta,0,-1.8561051623955233e-05,88,MAP_PMU,0
2,v,1,1.0448099036346075,88,MAP_PMU,0
3,teta,1,-0.0869965970567314,88,MAP_PMU,0
4,v,2,1.019915205911418,88,MAP_PMU,0
5,teta,2,-0.22001557282162884,88,MAP_PMU,0
6,v,3,1.0237518411060242,88,MAP_PMU,0
7,teta,3,-0.17979328691827645,88,MAP_PMU,0
8,v,4,1.0254985919436481,88,MAP_PMU,0
9,teta,4,-0.15379061331773755,88,MAP_PMU,0
10,v,5,1.091202682504638,88,MAP_PMU,0
11,teta,5,-0.24840582002108297,88,MAP_PMU,0
12,v,6,1.0680976393992805,88,MAP_PMU,0
13,teta,6,-0.23133900012675834,88,MAP_PMU,0
14,v,7,1.089753817372381,88,MAP_PMU,0
15,teta,7,-0.23133982066147882,88,MAP_PMU,0
16,v,8,1.0668953736795286,88,MAP_PMU,0
17,teta,8,-0.2579348263353766,88,MAP_PMU,0
18,v,9,1.063843073439585,88,MAP_PMU,0
19,teta,9,-0.26096925238980134,88,MAP_PMU,0
20,v,10,1.0738355963264987,88,MAP_PMU,0
21,teta,10,-0.2568299748996593,88,MAP_PMU,0
22,v,11,1.093133620367833,88,MAP_PMU,0
23,teta,11,-0.2744063760217756,88,MAP_PMU,0
24,v,12,1.0762368287470427,88,MAP_PMU,0
25,teta,12,-0.26581074353836404,88,MAP_PMU,0
26,v,13,1.0532659373419817,88,MAP_PMU,0
27,teta,13,-0.278228663349686,88,MAP_PMU,0
28,v,14,1.0446232427650757,88,MAP_PMU,0
29,teta,14,-0.08098485046238287,88,MAP_PMU,0
30,v,15,1.122044297690942,88,MAP_PMU,0
31,teta,15,-0.2651946963952125,88,MAP_PMU,0
0,v,0,1.0600346705817778,89,MAP_PMU,0
1,teta,0,3.723645886685693e-05,89,MAP_PMU,0
2,v,1,1.0450494455888082,89,MAP_PMU,0
3,teta,1,-0.08699031672204081,89,MAP_PMU,0
4,v,2,1.020154409374759,89,MAP_PMU,0
5,teta,2,-0.21996409124266023,89,MAP_PMU,0
6,v,3,1.0239890925958115,89,MAP_PMU,0
7,teta,3,-0.17976423202272698,89,MAP_PMU,0
8,v,4,1.0257347335878877,89,MAP_PMU,0
9,teta,4,-0.15377351359387742,89,MAP_PMU,0
10,v,5,1.0914563877427834,89,MAP_PMU,0
11,teta,5,-0.24835962797525152,89,MAP_PMU,0
12,v,6,1.0683577271797466,89,MAP_PMU,0
13,teta,6,-0.23136854183705355,89,MAP_PMU,0
14,v,7,1.0900522503607157,89,MAP_PMU,0
15,teta,7,-0.23136894259199461,89,MAP_PMU,0
16,v,8,1.0671435082054177,89,MAP_PMU,0
17,teta,8,-0.2579948290969706,89,MAP_PMU,0
18,v,9,1.064094976510134,89,MAP_PMU,0
19,teta,9,-0.26099562951119315,89,MAP_PMU,0
20,v,10,1.0741245253763023,89,MAP_PMU,0
21,teta,10,-0.2568248338017263,89,MAP_PMU,0
22,v,11,1.093488951971778,89,MAP_PMU,0
23,teta,11,-0.27422886341350694,89,MAP_PMU,0
24,v,12,1.0765931842081082,89,MAP_PMU,0
25,teta,12,-0.26566581880492285,89,MAP_PMU,0
26,v,13,1.0536113168854955,89,MAP_PMU,0
27,teta,13,-0.2780781129250016,89,MAP_PMU,0
28,v,14,1.044876412700458,89,MAP_PMU,0
29,teta,14,-0.08110130889049973,89,MAP_PMU,0
30,v,15,1.1223693156727788,89,MAP_PMU,0
31,teta,15,-0.2648758141268181,89,MAP_PMU,0
0,v,0,1.0601750534496546,90,MAP_PMU,0
1,teta,0,-0.0002701638691477722,90,MAP_PMU,0
2,v,1,1.0451893114914423,90,MAP_PMU,0
3,teta,1,-0.08699298155362949,90,MAP_PMU,0
4,v,2,1.0202908047589696,90,MAP_PMU,0
5,teta,2,-0.21995480772512463,90,MAP_PMU,0
6,v,3,1.0241282120093316,90,MAP_PMU,0
7,teta,3,-0.1797537041869684,90,MAP_PMU,0
8,v,4,1.0258644684270026,90,MAP_PMU,0
9,teta,4,-0.15382268525240558,90,MAP_PMU,0
10,v,5,1.0915851044241838,90,MAP_PMU,0
11,teta,5,-0.24838419097880524,90,MAP_PMU,0
12,v,6,1.0684886743635007,90,MAP_PMU,0
13,teta,6,-0.2312770308208037,90,MAP_PMU,0
14,v,7,1.0901687052210158,90,MAP_PMU,0
15,teta,7,-0.2312769310024537,90,MAP_PMU,0
16,v,8,1.067274236398252,90,MAP_PMU,0
17,teta,8,-0.25786223544931725,90,MAP_PMU,0
18,v,9,1.0642439308202307,90,MAP_PMU,0
19,teta,9,-0.2608554266597689,90,MAP_PMU,0
20,v,10,1.0742382934866828,90,MAP_PMU,0
21,teta,10,-0.2566534883337106,90,MAP_PMU,0
22,v,11,1.093386253559868,90,MAP_PMU,0
23,teta,11,-0.27422503310359797,90,MAP_PMU,0
24,v,12,1.076661345628912,90,MAP_PMU,0
25,teta,12,-0.26572289241837976,90,MAP_PMU,0
26,v,13,1.0536786267123368,90,MAP_PMU,0
27,teta,13,-0.27814073648110177,90,MAP_PMU,0
28,v,14,1.0450099403419086,90,MAP_PMU,0
29,teta,14,-0.08095102396242841,90,MAP_PMU,0
30,v,15,1.1220517127232037,90,MAP_PMU,0
31,teta,15,-0.2649859330108711,90,MAP_PMU,0
0,v,0,1.0602138506162395,91,MAP_PMU,0
1,teta,0,0.00017795091512193525,91,MAP_PMU,0
2,v,1,1.0451672107285934,91,MAP_PMU,0
3,teta,1,-0.08697482047478901,91,MAP_PMU,0
4,v,2,1.0202662019670155,91,MAP_PMU,0
5,teta,2,-0.21993391666110285,91,MAP_PMU,0
6,v,3,1.024105522314023,91,MAP_PMU,0
7,teta,3,-0.17973077402140988,91,MAP_PMU,0
8,v,4,1.025856350108616,91,MAP_PMU,0
9,teta,4,-0.15372173468933661,91,MAP_PMU,0
10,v,5,1.0915897765695075,91,MAP_PMU,0
11,teta,5,-0.24829703811076634,91,MAP_PMU,0
12,v,6,1.0684671672390327,91,MAP_PMU,0
13,teta,6,-0.23126793123631625,91,MAP_PMU,0
14,v,7,1.090153655069822,91,MAP_PMU,0
15,teta,7,-0.23126841602773085,91,MAP_PMU,0
16,v,8,1.0672501561479304,91,MAP_PMU,0
17,teta,8,-0.2578599138719712,91,MAP_PMU,0
18,v,9,1.0642470957933905,91,MAP_PMU,0
19,teta,9,-0.2609619976648355,91,MAP_PMU,0
20,v,10,1.074392131466971,91,MAP_PMU,0
21,teta,10,-0.25673708906912085,91,MAP_PMU,0
22,v,11,1.093329316391626,91,MAP_PMU,0
23,teta,11,-0.27422088375631753,91,MAP_PMU,0
24,v,12,1.0766026108239102,91,MAP_PMU,0
25,teta,12,-0.26573675024794197,91,MAP_PMU,0
26,v,13,1.053624487893964,91,MAP_PMU,0
27,teta,13,-0.2781484282798251,91,MAP_PMU,0
28,v,14,1.0449916145547862,91,MAP_PMU,0
29,teta,14,-0.08101681308704661,91,MAP_PMU,0
30,v,15,1.122036499361227,91,MAP_PMU,0
31,teta,15,-0.2648904968796333,91,MAP_PMU,0
0,v,0,1.0599567473297542,92,MAP_PMU,0
1,teta,0,-0.00010787702965542664,92,MAP_PMU,0
2,v,1,1.0449955490773954,92,MAP_PMU,0
3,teta,1,-0.08695453249683385,92,MAP_PMU,0
4,v,2,1.0200931484034534,92,MAP_PMU,0
5,teta,2,-0.2199494594548697,92,MAP_PMU,0
6,v,3,1.023933979626355,92,MAP_PMU,0
7,teta,3,-0.17972015212451853,92,MAP_PMU,0
8,v,4,1.0256759469488879,92,MAP_PMU,0
9,teta,4,-0.15376280593642377,92,MAP_PMU,0
10,v,5,1.0913940120204335,92,MAP_PMU,0
11,teta,5,-0.24837027308844137,92,MAP_PMU,0
12,v,6,1.0682971492533317,92,MAP_PMU,0
13,teta,6,-0.23129101268896274,92,MAP_PMU,0
14,v,7,1.0899657428866742,92,MAP_PMU,0
15,teta,7,-0.23129073399917327,92,MAP_PMU,0
16,v,8,1.0670954112046083,92,MAP_PMU,0
17,teta,8,-0.25790025138594624,92,MAP_PMU,0
18,v,9,1.0640340516402569,92,MAP_PMU,0
19,teta,9,-0.2609032881194113,92,MAP_PMU,0
20,v,10,1.0741119443564302,92,MAP_PMU,0
21,teta,10,-0.25674067697111635,92,MAP_PMU,0
22,v,11,1.0934476321115238,92,MAP_PMU,0
23,teta,11,-0.27448982536705957,92,MAP_PMU,0
24,v,12,1.076461907556345,92,MAP_PMU,0
25,teta,12,-0.2658072850913042,92,MAP_PMU,0
26,v,13,1.0534838309398096,92,MAP_PMU,0
27,teta,13,-0.278221396861355,92,MAP_PMU,0
28,v,14,1.0448150333693098,92,MAP_PMU,0
29,teta,14,-0.08086508430017746,92,MAP_PMU,0
30,v,15,1.1224000705325254,92,MAP_PMU,0
31,teta,15,-0.2654011773294127,92,MAP_PMU,0
0,v,0,1.0598157448334593,93,MAP_PMU,0
1,teta,0,-5.9664675512301074e-05,93,MAP_PMU,0
2,v,1,1.044833795994614,93,MAP_PMU,0
3,teta,1,-0.08695449005736215,93,MAP_PMU,0
4,v,2,1.0199340673667916,93,MAP_PMU,0
5,teta,2,-0.2199692055158756,93,MAP_PMU,0
6,v,3,1.023769342994002,93,MAP_PMU,0
7,teta,3,-0.17976385287733535,93,MAP_PMU,0
8,v,4,1.025508942370292,93,MAP_PMU,0
9,teta,4,-0.15380284947951306,93,MAP_PMU,0
10,v,5,1.091221818692767,93,MAP_PMU,0
11,teta,5,-0.24841233802826462,93,MAP_PMU,0
12,v,6,1.0681509526306228,93,MAP_PMU,0
13,teta,6,-0.2313526043411878,93,MAP_PMU,0
14,v,7,1.089863977433299,93,MAP_PMU,0
15,teta,7,-0.2313517903331234,93,MAP_PMU,0
16,v,8,1.066933689463824,93,MAP_PMU,0
17,teta,8,-0.25797116520274205,93,MAP_PMU,0
18,v,9,1.063867132744831,93,MAP_PMU,0
19,teta,9,-0.26099655172220537,93,MAP_PMU,0
20,v,10,1.0739685635727332,93,MAP_PMU,0
21,teta,10,-0.256706172530974,93,MAP_PMU,0
22,v,11,1.0933007814280316,93,MAP_PMU,0
23,teta,11,-0.274321121449891,93,MAP_PMU,0
24,v,12,1.0763711188949932,93,MAP_PMU,0
25,teta,12,-0.2657001226236696,93,MAP_PMU,0
26,v,13,1.0533894489591569,93,MAP_PMU,0
27,teta,13,-0.27811879495749003,93,MAP_PMU,0
28,v,14,1.0446575784373244,93,MAP_PMU,0
29,teta,14,-0.08097941631499365,93,MAP_PMU,0
30,v,15,1.1222443549876049,93,MAP_PMU,0
31,teta,15,-0.26503724865203543,93,MAP_PMU,0
0,v,0,1.06001283236303,94,MAP_PMU,0
1,teta,0,-0.00016436450907123622,94,MAP_PMU,0
2,v,1,1.045029966608193,94,MAP_PMU,0
3,teta,1,-0.08698896775007757,94,MAP_PMU,0
4,v,2,1.0201294257905686,94,MAP_PMU,0
5,teta,2,-0.21999102850289873,94,MAP_PMU,0
6,v,3,1.023968650302573,94,MAP_PMU,0
7,teta,3,-0.1797712931878619,94,MAP_PMU,0
8,v,4,1.0257137481304284,94,MAP_PMU,0
9,teta,4,-0.15378327906827502,94,MAP_PMU,0
10,v,5,1.0914213597788924,94,MAP_PMU,0
11,teta,5,-0.24831400437514062,94,MAP_PMU,0
12,v,6,1.0683499345125242,94,MAP_PMU,0
13,teta,6,-0.23132022691384382,94,MAP_PMU,0
14,v,7,1.0900443108964097,94,MAP_PMU,0
15,teta,7,-0.23132003848488633,94,MAP_PMU,0
16,v,8,1.0671402909999652,94,MAP_PMU,0
17,teta,8,-0.2579178868331256,94,MAP_PMU,0
18,v,9,1.0640789220925917,94,MAP_PMU,0
19,teta,9,-0.26098243011479194,94,MAP_PMU,0
20,v,10,1.0741294920489866,94,MAP_PMU,0
21,teta,10,-0.25672155949310954,94,MAP_PMU,0
22,v,11,1.0935137461966011,94,MAP_PMU,0
23,teta,11,-0.274185138823808,94,MAP_PMU,0
24,v,12,1.0766001719359966,94,MAP_PMU,0
25,teta,12,-0.2656073019908231,94,MAP_PMU,0
26,v,13,1.0536274957243514,94,MAP_PMU,0
27,teta,13,-0.2780282858975926,94,MAP_PMU,0
28,v,14,1.0448505470931033,94,MAP_PMU,0
29,teta,14,-0.08093683347186431,94,MAP_PMU,0
30,v,15,1.1224502969067642,94,MAP_PMU,0
31,teta,15,-0.26484601691331733,94,MAP_PMU,0
0,v,0,1.0599593817301673,95,MAP_PMU,0
1,teta,0,7.849200464619492e-05,95,MAP_PMU,0
2,v,1,1.0449432309055855,95,MAP_PMU,0
3,teta,1,-0.08695788827659898,95,MAP_PMU,0
4,v,2,1.020042953573108,95,MAP_PMU,0
5,teta,2,-0.21994534713770864,95,MAP_PMU,0
6,v,3,1.0238836903804858,95,MAP_PMU,0
7,teta,3,-0.1797179329289833,95,MAP_PMU,0
8,v,4,1.0256256957836545,95,MAP_PMU,0
9,teta,4,-0.15375110655464175,95,MAP_PMU,0
10,v,5,1.0913386320287222,95,MAP_PMU,0
11,teta,5,-0.2483735586925412,95,MAP_PMU,0
12,v,6,1.0682722745009754,95,MAP_PMU,0
13,teta,6,-0.23130256195103155,95,MAP_PMU,0
14,v,7,1.0899655305659202,95,MAP_PMU,0
15,teta,7,-0.23130198446672648,95,MAP_PMU,0
16,v,8,1.0670696318706698,95,MAP_PMU,0
17,teta,8,-0.25791842585888075,95,MAP_PMU,0
18,v,9,1.0640536255032467,95,MAP_PMU,0
19,teta,9,-0.2609600330921356,95,MAP_PMU,0
20,v,10,1.0741163365957336,95,MAP_PMU,0
21,teta,10,-0.2567098248140423,95,MAP_PMU,0
22,v,11,1.093329009397945,95,MAP_PMU,0
23,teta,11,-0.2744162422340996,95,MAP_PMU,0
24,v,12,1.0764245194726234,95,MAP_PMU,0
25,teta,12,-0.2658203856315615,95,MAP_PMU,0
26,v,13,1.0534484863384233,95,MAP_PMU,0
27,teta,13,-0.2782416306687425,95,MAP_PMU,0
28,v,14,1.044762482662577,95,MAP_PMU,0
29,teta,14,-0.08086997389304168,95,MAP_PMU,0
30,v,15,1.1222426069472844,95,MAP_PMU,0
31,teta,15,-0.2651431877095833,95,MAP_PMU,0
0,v,0,1.0599277644233196,96,MAP_PMU,0
1,teta,0,6.95922905333162e-05,96,MAP_PMU,0
2,v,1,1.0449290601587724,96,MAP_PMU,0
3,teta,1,-0.08692949667878165,96,MAP_PMU,0
4,v,2,1.0200231570316267,96,MAP_PMU,0
5,teta,2,-0.21993786736784401,96,MAP_PMU,0
6,v,3,1.0238627085165988,96,MAP_PMU,0
7,teta,3,-0.17972134527895434,96,MAP_PMU,0
8,v,4,1.0256110161131604,96,MAP_PMU,0
9,teta,4,-0.15372196548217348,96,MAP_PMU,0
10,v,5,1.0912956943096057,96,MAP_PMU,0
11,teta,5,-0.2483130792761194,96,MAP_PMU,0
12,v,6,1.0682861680035833,96,MAP_PMU,0
13,teta,6,-0.2312160438286782,96,MAP_PMU,0
14,v,7,1.0900176527682555,96,MAP_PMU,0
15,teta,7,-0.23121650768345903,96,MAP_PMU,0
16,v,8,1.067074288182241,96,MAP_PMU,0
17,teta,8,-0.25778422381021565,96,MAP_PMU,0
18,v,9,1.0639965879623816,96,MAP_PMU,0
19,teta,9,-0.2608334840450087,96,MAP_PMU,0
20,v,10,1.074031647827169,96,MAP_PMU,0
21,teta,10,-0.2566990844882395,96,MAP_PMU,0
22,v,11,1.0931920000609536,96,MAP_PMU,0
23,teta,11,-0.27426121385542107,96,MAP_PMU,0
24,v,12,1.0764300443455588,96,MAP_PMU,0
25,teta,12,-0.2657227494278143,96,MAP_PMU,0
26,v,13,1.053462622016592,96,MAP_PMU,0
27,teta,13,-0.2781414885295537,96,MAP_PMU,0
28,v,14,1.0447473823001623,96,MAP_PMU,0
29,teta,14,-0.08095916221913954,96,MAP_PMU,0
30,v,15,1.1219644195096155,96,MAP_PMU,0
31,teta,15,-0.26507021392368785,96,MAP_PMU,0
0,v,0,1.0597798265126956,97,MAP_PMU,0
1,teta,0,5.505273143614007e-05,97,MAP_PMU,0
2,v,1,1.0447663153112325,97,MAP_PMU,0
3,teta,1,-0.08697510874381467,97,MAP_PMU,0
4,v,2,1.019870419289144,97,MAP_PMU,0
5,teta,2,-0.21998813968968875,97,MAP_PMU,0
6,v,3,1.0237087620112477,97,MAP_PMU,0
7,teta,3,-0.17975871848324276,97,MAP_PMU,0
8,v,4,1.02545260403216,97,MAP_PMU,0
9,teta,4,-0.15377140299680214,97,MAP_PMU,0
10,v,5,1.091140158630858,97,MAP_PMU,0
11,teta,5,-0.2483736688417264,97,MAP_PMU,0
12,v,6,1.0680677799965765,97,MAP_PMU,0
13,teta,6,-0.23122380155829314,97,MAP_PMU,0
14,v,7,1.0897446523753753,97,MAP_PMU,0
15,teta,7,-0.2312244241899704,97,MAP_PMU,0
16,v,8,1.0668565414524258,97,MAP_PMU,0
17,teta,8,-0.2577780413849567,97,MAP_PMU,0
18,v,9,1.0638242654827266,97,MAP_PMU,0
19,teta,9,-0.26088710763296596,97,MAP_PMU,0
20,v,10,1.073823414109275,97,MAP_PMU,0
21,teta,10,-0.25673394065512145,97,MAP_PMU,0
22,v,11,1.0930226536696719,97,MAP_PMU,0
23,teta,11,-0.2742495498201736,97,MAP_PMU,0
24,v,12,1.0761869346094675,97,MAP_PMU,0
25,teta,12,-0.26565087045182645,97,MAP_PMU,0
26,v,13,1.0532177053475698,97,MAP_PMU,0
27,teta,13,-0.2780726995177016,97,MAP_PMU,0
28,v,14,1.0445845098990691,97,MAP_PMU,0
29,teta,14,-0.08096788882757606,97,MAP_PMU,0
30,v,15,1.121896642750932,97,MAP_PMU,0
31,teta,15,-0.26498548366529856,97,MAP_PMU,0
0,v,0,1.0599759912300555,98,MAP_PMU,0
1,teta,0,-1.3413827640129282e-05,98,MAP_PMU,0
2,v,1,1.04499037211998,98,MAP_PMU,0
3,teta,1,-0.08697439480881433,98,MAP_PMU,0
4,v,2,1.020087523612987,98,MAP_PMU,0
5,teta,2,-0.21998872102108896,98,MAP_PMU,0
6,v,3,1.0239262139532521,98,MAP_PMU,0
7,teta,3,-0.17977214663807992,98,MAP_PMU,0
8,v,4,1.0256711890853278,98,MAP_PMU,0
9,teta,4,-0.1537809234108632,98,MAP_PMU,0
10,v,5,1.0913909827673192,98,MAP_PMU,0
11,teta,5,-0.24836699017305341,98,MAP_PMU,0
12,v,6,1.068327546110207,98,MAP_PMU,0
13,teta,6,-0.23136119993313312,98,MAP_PMU,0
14,v,7,1.090033162620326,98,MAP_PMU,0
15,teta,7,-0.23136076330625543,98,MAP_PMU,0
16,v,8,1.0671235928801475,98,MAP_PMU,0
17,teta,8,-0.2579790243195168,98,MAP_PMU,0
18,v,9,1.064108229368988,98,MAP_PMU,0
19,teta,9,-0.26097596220290503,98,MAP_PMU,0
20,v,10,1.0741535090325833,98,MAP_PMU,0
21,teta,10,-0.2567442828948446,98,MAP_PMU,0
22,v,11,1.0934079088192539,98,MAP_PMU,0
23,teta,11,-0.2744348911331757,98,MAP_PMU,0
24,v,12,1.0765395443346395,98,MAP_PMU,0
25,teta,12,-0.2657742284631384,98,MAP_PMU,0
26,v,13,1.0535609703816593,98,MAP_PMU,0
27,teta,13,-0.27818973409284503,98,MAP_PMU,0
28,v,14,1.0448108404548102,98,MAP_PMU,0
29,teta,14,-0.08091624383271934,98,MAP_PMU,0
30,v,15,1.1223425436674628,98,MAP_PMU,0
31,teta,15,-0.26515226872235553,98,MAP_PMU,0
0,v,0,1.0600189884473046,99,MAP_PMU,0
1,teta,0,0.00012349240285054034,99,MAP_PMU,0
2,v,1,1.0450082323603975,99,MAP_PMU,0
3,teta,1,-0.0869550077112905,99,MAP_PMU,0
4,v,2,1.0201096839312567,99,MAP_PMU,0
5,teta,2,-0.21990440700210584,99,MAP_PMU,0
6,v,3,1.023949981902264,99,MAP_PMU,0
7,teta,3,-0.17969561226405786,99,MAP_PMU,0
8,v,4,1.0256948293915247,99,MAP_PMU,0
9,teta,4,-0.15372648837326042,99,MAP_PMU,0
10,v,5,1.0914061635716774,99,MAP_PMU,0
11,teta,5,-0.24834378144622388,99,MAP_PMU,0
12,v,6,1.068318335044622,99,MAP_PMU,0
13,teta,6,-0.23134199654218954,99,MAP_PMU,0
14,v,7,1.090007048942557,99,MAP_PMU,0
15,teta,7,-0.23134111414395192,99,MAP_PMU,0
16,v,8,1.067109849698264,99,MAP_PMU,0
17,teta,8,-0.257990619770893,99,MAP_PMU,0
18,v,9,1.0640945916662996,99,MAP_PMU,0
19,teta,9,-0.26098188897053104,99,MAP_PMU,0
20,v,10,1.0741171368869664,99,MAP_PMU,0
21,teta,10,-0.25679659706695895,99,MAP_PMU,0
22,v,11,1.0933009131249594,99,MAP_PMU,0
23,teta,11,-0.2743783100499733,99,MAP_PMU,0
24,v,12,1.0765055374602188,99,MAP_PMU,0
25,teta,12,-0.2658141448097234,99,MAP_PMU,0
26,v,13,1.0535366600993843,99,MAP_PMU,0
27,teta,13,-0.2782384401948511,99,MAP_PMU,0
28,v,14,1.0448340682478676,99,MAP_PMU,0
29,teta,14,-0.0810484809951685,99,MAP_PMU,0
30,v,15,1.1221182394539386,99,MAP_PMU,0
31,teta,15,-0.2651310147929613,99,MAP_PMU,0
