Unnamed: 0,tipo,de,val,sample,method,scenario,error,val_lf
0,x_tcsc,1-14,-0.1057045744102689,0,WLS,0,2.0577734587703955e-05,-0.1057251521448566
0,x_tcsc,1-14,-0.1070284412461947,0,MAP_SCADA,0,0.0013032891013381037,-0.1057251521448566
0,x_tcsc,1-14,-0.1057084380097556,0,MAP_PMU,0,1.6714135101000838e-05,-0.1057251521448566
1,B_svc,2,0.1741906161343236,0,WLS,0,0.00015050242463790497,0.1743411185589615
1,B_svc,2,0.172506831699301,0,MAP_SCADA,0,0.0018342868596605,0.1743411185589615
1,B_svc,2,0.1741891850126082,0,MAP_PMU,0,0.00015193354635331668,0.1743411185589615
4,UPFC_Vse,5-15,0.0580353878023631,0,WLS,0,9.21152120990365e-06,0.0580261762811532
4,UPFC_Vse,5-15,0.0580114974818672,0,MAP_SCADA,0,1.4678799285995636e-05,0.0580261762811532
4,UPFC_Vse,5-15,0.0580346552123638,0,MAP_PMU,0,8.478931210600948e-06,0.0580261762811532
2,UPFC_Vsh,5-15,1.1118347792818568,0,WLS,0,0.00019281628894174396,1.1120275955707986
2,UPFC_Vsh,5-15,1.1102086318187063,0,MAP_SCADA,0,0.0018189637520922286,1.1120275955707986
2,UPFC_Vsh,5-15,1.1118356872646042,0,MAP_PMU,0,0.00019190830619431054,1.1120275955707986
5,UPFC_tse,5-15,-2.126122185982052,0,WLS,0,0.0007836398143150625,-2.125338546167737
5,UPFC_tse,5-15,-2.125013314471087,0,MAP_SCADA,0,0.00032523169664999685,-2.125338546167737
5,UPFC_tse,5-15,-2.126121210200973,0,MAP_PMU,0,0.0007826640332360135,-2.125338546167737
3,UPFC_tsh,5-15,-0.2379547212421452,0,WLS,0,2.161004931108823e-05,-0.2379763312914563
3,UPFC_tsh,5-15,-0.2377466939834934,0,MAP_SCADA,0,0.00022963730796288218,-0.2379763312914563
3,UPFC_tsh,5-15,-0.2379546171602889,0,MAP_PMU,0,2.1714131167388517e-05,-0.2379763312914563
0,x_tcsc,1-14,-0.1057342065511586,1,WLS,0,9.054406302000384e-06,-0.1057251521448566
0,x_tcsc,1-14,-0.1067255256403177,1,MAP_SCADA,0,0.0010003734954611015,-0.1057251521448566
0,x_tcsc,1-14,-0.1057309054466473,1,MAP_PMU,0,5.753301790700771e-06,-0.1057251521448566
1,B_svc,2,0.1744848644808692,1,WLS,0,0.00014374592190768976,0.1743411185589615
1,B_svc,2,0.1699620932372151,1,MAP_SCADA,0,0.004379025321746416,0.1743411185589615
1,B_svc,2,0.1744810963100974,1,MAP_PMU,0,0.00013997775113588906,0.1743411185589615
4,UPFC_Vse,5-15,0.0583238203211786,1,WLS,0,0.0002976440400254063,0.0580261762811532
4,UPFC_Vse,5-15,0.0581152203758432,1,MAP_SCADA,0,8.90440946900023e-05,0.0580261762811532
4,UPFC_Vse,5-15,0.0583234924754126,1,MAP_PMU,0,0.00029731619425940603,0.0580261762811532
2,UPFC_Vsh,5-15,1.1116815567446894,1,WLS,0,0.000346038826109174,1.1120275955707986
2,UPFC_Vsh,5-15,1.1123615374976672,1,MAP_SCADA,0,0.00033394192686864166,1.1120275955707986
2,UPFC_Vsh,5-15,1.111682770958365,1,MAP_PMU,0,0.00034482461243356965,1.1120275955707986
5,UPFC_tse,5-15,-2.122859671374848,1,WLS,0,0.0024788747928887744,-2.125338546167737
5,UPFC_tse,5-15,-2.1211163238376645,1,MAP_SCADA,0,0.004222222330072523,-2.125338546167737
5,UPFC_tse,5-15,-2.122861499117749,1,MAP_PMU,0,0.0024770470499881903,-2.125338546167737
3,UPFC_tsh,5-15,-0.2379769992841684,1,WLS,0,6.679927121167051e-07,-0.2379763312914563
3,UPFC_tsh,5-15,-0.2369684384345173,1,MAP_SCADA,0,0.0010078928569390022,-0.2379763312914563
3,UPFC_tsh,5-15,-0.2379768690637113,1,MAP_PMU,0,5.377722550048425e-07,-0.2379763312914563
0,x_tcsc,1-14,-0.1057206272803261,2,WLS,0,4.524864530508488e-06,-0.1057251521448566
0,x_tcsc,1-14,-0.1070769698284908,2,MAP_SCADA,0,0.001351817683634196,-0.1057251521448566
0,x_tcsc,1-14,-0.1057246360250986,2,MAP_PMU,0,5.161197580011434e-07,-0.1057251521448566
1,B_svc,2,0.1744989349899257,2,WLS,0,0.00015781643096418607,0.1743411185589615
1,B_svc,2,0.1721999161702743,2,MAP_SCADA,0,0.0021412023886872023,0.1743411185589615
1,B_svc,2,0.1744961185322895,2,MAP_PMU,0,0.00015499997332799054,0.1743411185589615
4,UPFC_Vse,5-15,0.0576631386915516,2,WLS,0,0.0003630375896015933,0.0580261762811532
4,UPFC_Vse,5-15,0.0575735246487923,2,MAP_SCADA,0,0.0004526516323608981,0.0580261762811532
4,UPFC_Vse,5-15,0.0576632558828429,2,MAP_PMU,0,0.00036292039831029715,0.0580261762811532
2,UPFC_Vsh,5-15,1.1117394928841198,2,WLS,0,0.0002881026866787817,1.1120275955707986
2,UPFC_Vsh,5-15,1.112716678655468,2,MAP_SCADA,0,0.0006890830846695284,1.1120275955707986
2,UPFC_Vsh,5-15,1.111738922938318,2,MAP_PMU,0,0.0002886726324804467,1.1120275955707986
5,UPFC_tse,5-15,-2.124077209730529,2,WLS,0,0.0012613364372078273,-2.125338546167737
5,UPFC_tse,5-15,-2.1230999990028,2,MAP_SCADA,0,0.002238547164937099,-2.125338546167737
5,UPFC_tse,5-15,-2.124076085910305,2,MAP_PMU,0,0.0012624602574318189,-2.125338546167737
3,UPFC_tsh,5-15,-0.2379716353850035,2,WLS,0,4.695906452800713e-06,-0.2379763312914563
3,UPFC_tsh,5-15,-0.2371799133413688,2,MAP_SCADA,0,0.0007964179500875024,-0.2379763312914563
3,UPFC_tsh,5-15,-0.2379716314122087,2,MAP_PMU,0,4.699879247588301e-06,-0.2379763312914563
0,x_tcsc,1-14,-0.1057196843516324,3,WLS,0,5.467793224203654e-06,-0.1057251521448566
0,x_tcsc,1-14,-0.1081144615164635,3,MAP_SCADA,0,0.002389309371606904,-0.1057251521448566
0,x_tcsc,1-14,-0.1057043346975755,3,MAP_PMU,0,2.081744728110735e-05,-0.1057251521448566
1,B_svc,2,0.1744927309544213,3,WLS,0,0.0001516123954597992,0.1743411185589615
1,B_svc,2,0.1654977181222396,3,MAP_SCADA,0,0.00884340043672191,0.1743411185589615
1,B_svc,2,0.1744747259116921,3,MAP_PMU,0,0.00013360735273060254,0.1743411185589615
4,UPFC_Vse,5-15,0.0581135711287715,3,WLS,0,8.739484761830646e-05,0.0580261762811532
4,UPFC_Vse,5-15,0.0576055159860732,3,MAP_SCADA,0,0.0004206602950799984,0.0580261762811532
4,UPFC_Vse,5-15,0.0581123390094155,3,MAP_PMU,0,8.616272826230537e-05,0.0580261762811532
2,UPFC_Vsh,5-15,1.1124301303543769,3,WLS,0,0.0004025347835783233,1.1120275955707986
2,UPFC_Vsh,5-15,1.115389257090103,3,MAP_SCADA,0,0.003361661519304393,1.1120275955707986
2,UPFC_Vsh,5-15,1.1124300648556158,3,MAP_PMU,0,0.00040246928481724176,1.1120275955707986
5,UPFC_tse,5-15,-2.127406842437525,3,WLS,0,0.002068296269788217,-2.125338546167737
5,UPFC_tse,5-15,-2.1228174010783643,3,MAP_SCADA,0,0.002521145089372734,-2.125338546167737
5,UPFC_tse,5-15,-2.1274247828225565,3,MAP_PMU,0,0.002086236654819551,-2.125338546167737
3,UPFC_tsh,5-15,-0.237997179256731,3,WLS,0,2.0847965274711777e-05,-0.2379763312914563
3,UPFC_tsh,5-15,-0.2355480509882025,3,MAP_SCADA,0,0.002428280303253788,-0.2379763312914563
3,UPFC_tsh,5-15,-0.2379969767971079,3,MAP_PMU,0,2.064550565161749e-05,-0.2379763312914563
0,x_tcsc,1-14,-0.1057301741268296,4,WLS,0,5.0219819729968584e-06,-0.1057251521448566
0,x_tcsc,1-14,-0.10634473140501,4,MAP_SCADA,0,0.0006195792601533939,-0.1057251521448566
0,x_tcsc,1-14,-0.1057329635382539,4,MAP_PMU,0,7.811393397297306e-06,-0.1057251521448566
1,B_svc,2,0.1746039636572,4,WLS,0,0.00026284509823848445,0.1743411185589615
1,B_svc,2,0.1755735078302422,4,MAP_SCADA,0,0.0012323892712806928,0.1743411185589615
1,B_svc,2,0.1746032717112743,4,MAP_PMU,0,0.00026215315231278846,0.1743411185589615
4,UPFC_Vse,5-15,0.0581749910287187,4,WLS,0,0.0001488147475655066,0.0580261762811532
4,UPFC_Vse,5-15,0.0584639012235131,4,MAP_SCADA,0,0.00043772494235990583,0.0580261762811532
4,UPFC_Vse,5-15,0.0581750420990689,4,MAP_PMU,0,0.0001488658179157054,0.0580261762811532
2,UPFC_Vsh,5-15,1.1120649774644875,4,WLS,0,3.738189368895917e-05,1.1120275955707986
2,UPFC_Vsh,5-15,1.111199722143873,4,MAP_SCADA,0,0.000827873426925585,1.1120275955707986
2,UPFC_Vsh,5-15,1.1120651810592364,4,MAP_PMU,0,3.7585488437796855e-05,1.1120275955707986
5,UPFC_tse,5-15,-2.123804484236727,4,WLS,0,0.0015340619310100223,-2.125338546167737
5,UPFC_tse,5-15,-2.125218158257117,4,MAP_SCADA,0,0.0001203879106199679,-2.125338546167737
5,UPFC_tse,5-15,-2.1238103946618883,4,MAP_PMU,0,0.0015281515058487294,-2.125338546167737
3,UPFC_tsh,5-15,-0.2379805027711601,4,WLS,0,4.171479703801717e-06,-0.2379763312914563
3,UPFC_tsh,5-15,-0.2382009340591349,4,MAP_SCADA,0,0.00022460276767860554,-0.2379763312914563
3,UPFC_tsh,5-15,-0.2379804779228951,4,MAP_PMU,0,4.146631438800563e-06,-0.2379763312914563
0,x_tcsc,1-14,-0.1057173908094546,5,WLS,0,7.761335402006742e-06,-0.1057251521448566
0,x_tcsc,1-14,-0.1079082994169492,5,MAP_SCADA,0,0.002183147272092595,-0.1057251521448566
0,x_tcsc,1-14,-0.1057136278136423,5,MAP_PMU,0,1.152433121430485e-05,-0.1057251521448566
1,B_svc,2,0.1744973673532057,5,WLS,0,0.0001562487942441959,0.1743411185589615
1,B_svc,2,0.1685733813608642,5,MAP_SCADA,0,0.005767737198097311,0.1743411185589615
1,B_svc,2,0.1744920794653659,5,MAP_PMU,0,0.00015096090640440152,0.1743411185589615
4,UPFC_Vse,5-15,0.0577353734547028,5,WLS,0,0.00029080282645039396,0.0580261762811532
4,UPFC_Vse,5-15,0.0575864519264921,5,MAP_SCADA,0,0.0004397243546610946,0.0580261762811532
4,UPFC_Vse,5-15,0.0577351971696165,5,MAP_PMU,0,0.0002909791115366933,0.0580261762811532
2,UPFC_Vsh,5-15,1.1118551837801662,5,WLS,0,0.00017241179063232082,1.1120275955707986
2,UPFC_Vsh,5-15,1.1124061159697878,5,MAP_SCADA,0,0.00037852039898922385,1.1120275955707986
2,UPFC_Vsh,5-15,1.111855168874787,5,MAP_PMU,0,0.00017242669601147398,1.1120275955707986
5,UPFC_tse,5-15,-2.1254409928187914,5,WLS,0,0.00010244665105441086,-2.125338546167737
5,UPFC_tse,5-15,-2.123550517995745,5,MAP_SCADA,0,0.0017880281719921953,-2.125338546167737
5,UPFC_tse,5-15,-2.125441265784441,5,MAP_PMU,0,0.00010271961670405005,-2.125338546167737
3,UPFC_tsh,5-15,-0.2379936455589371,5,WLS,0,1.731426748080578e-05,-0.2379763312914563
3,UPFC_tsh,5-15,-0.2369410129883002,5,MAP_SCADA,0,0.0010353183031560909,-0.2379763312914563
3,UPFC_tsh,5-15,-0.23799354452188,5,MAP_PMU,0,1.7213230423723802e-05,-0.2379763312914563
0,x_tcsc,1-14,-0.1057266410391194,6,WLS,0,1.4888942627966362e-06,-0.1057251521448566
0,x_tcsc,1-14,-0.1045107019372545,6,MAP_SCADA,0,0.001214450207602108,-0.1057251521448566
0,x_tcsc,1-14,-0.1057290538659665,6,MAP_PMU,0,3.901721109894618e-06,-0.1057251521448566
1,B_svc,2,0.174433573997733,6,WLS,0,9.245543877148266e-05,0.1743411185589615
1,B_svc,2,0.1767290105409961,6,MAP_SCADA,0,0.0023878919820345956,0.1743411185589615
1,B_svc,2,0.1744310270040063,6,MAP_PMU,0,8.990844504480622e-05,0.1743411185589615
4,UPFC_Vse,5-15,0.0577164690098025,6,WLS,0,0.0003097072713506982,0.0580261762811532
4,UPFC_Vse,5-15,0.0576260792132012,6,MAP_SCADA,0,0.0004000970679519933,0.0580261762811532
4,UPFC_Vse,5-15,0.057715727396359,6,MAP_PMU,0,0.00031044888479419414,0.0580261762811532
2,UPFC_Vsh,5-15,1.112069464737766,6,WLS,0,4.1869166967467564e-05,1.1120275955707986
2,UPFC_Vsh,5-15,1.1135006915001406,6,MAP_SCADA,0,0.0014730959293420831,1.1120275955707986
2,UPFC_Vsh,5-15,1.1120693493644915,6,MAP_PMU,0,4.1753793692977936e-05,1.1120275955707986
5,UPFC_tse,5-15,-2.127045376358001,6,WLS,0,0.0017068301902640748,-2.125338546167737
5,UPFC_tse,5-15,-2.124829114767701,6,MAP_SCADA,0,0.0005094314000357869,-2.125338546167737
5,UPFC_tse,5-15,-2.127051691162515,6,MAP_PMU,0,0.0017131449947780375,-2.125338546167737
3,UPFC_tsh,5-15,-0.2379285717508475,6,WLS,0,4.775954060878829e-05,-0.2379763312914563
3,UPFC_tsh,5-15,-0.2383235367792493,6,MAP_SCADA,0,0.0003472054877930175,-0.2379763312914563
3,UPFC_tsh,5-15,-0.2379285056265338,6,MAP_PMU,0,4.782566492247953e-05,-0.2379763312914563
0,x_tcsc,1-14,-0.1057176220537735,7,WLS,0,7.530091083104984e-06,-0.1057251521448566
0,x_tcsc,1-14,-0.1045988244161524,7,MAP_SCADA,0,0.0011263277287042045,-0.1057251521448566
0,x_tcsc,1-14,-0.1057296960948003,7,MAP_PMU,0,4.543949943702774e-06,-0.1057251521448566
1,B_svc,2,0.1742309843450675,7,WLS,0,0.00011013421389399758,0.1743411185589615
1,B_svc,2,0.1712470443244542,7,MAP_SCADA,0,0.0030940742345073047,0.1743411185589615
1,B_svc,2,0.1742193397243455,7,MAP_PMU,0,0.00012177883461600425,0.1743411185589615
4,UPFC_Vse,5-15,0.0582658066984536,7,WLS,0,0.0002396304173004002,0.0580261762811532
4,UPFC_Vse,5-15,0.0583206289255564,7,MAP_SCADA,0,0.000294452644403205,0.0580261762811532
4,UPFC_Vse,5-15,0.058264907719789,7,MAP_PMU,0,0.00023873143863580026,0.0580261762811532
2,UPFC_Vsh,5-15,1.112016218828461,7,WLS,0,1.1376742337532164e-05,1.1120275955707986
2,UPFC_Vsh,5-15,1.1143225166077113,7,MAP_SCADA,0,0.002294921036912756,1.1120275955707986
2,UPFC_Vsh,5-15,1.1120171174479918,7,MAP_PMU,0,1.0478122806745205e-05,1.1120275955707986
5,UPFC_tse,5-15,-2.126788901023909,7,WLS,0,0.0014503548561721757,-2.125338546167737
5,UPFC_tse,5-15,-2.125530772288669,7,MAP_SCADA,0,0.00019222612093194869,-2.125338546167737
5,UPFC_tse,5-15,-2.126786840681117,7,MAP_PMU,0,0.0014482945133797998,-2.125338546167737
3,UPFC_tsh,5-15,-0.237995650889059,7,WLS,0,1.9319597602707184e-05,-0.2379763312914563
3,UPFC_tsh,5-15,-0.237676134755732,7,MAP_SCADA,0,0.00030019653572430083,-0.2379763312914563
3,UPFC_tsh,5-15,-0.2379955424023617,7,MAP_PMU,0,1.921111090541494e-05,-0.2379763312914563
0,x_tcsc,1-14,-0.105730073155504,8,WLS,0,4.921010647404578e-06,-0.1057251521448566
0,x_tcsc,1-14,-0.1052133161498671,8,MAP_SCADA,0,0.0005118359949894957,-0.1057251521448566
0,x_tcsc,1-14,-0.1057290150767376,8,MAP_PMU,0,3.86293188099629e-06,-0.1057251521448566
1,B_svc,2,0.1740313899568216,8,WLS,0,0.0003097286021399026,0.1743411185589615
1,B_svc,2,0.1765255215568726,8,MAP_SCADA,0,0.002184402997911089,0.1743411185589615
1,B_svc,2,0.1740291915126908,8,MAP_PMU,0,0.0003119270462706991,0.1743411185589615
4,UPFC_Vse,5-15,0.0576338591909656,8,WLS,0,0.00039231709018759664,0.0580261762811532
4,UPFC_Vse,5-15,0.0575742942186923,8,MAP_SCADA,0,0.00045188206246089824,0.0580261762811532
4,UPFC_Vse,5-15,0.0576326387408032,8,MAP_PMU,0,0.0003935375403499933,0.0580261762811532
2,UPFC_Vsh,5-15,1.1116430828793649,8,WLS,0,0.0003845126914336916,1.1120275955707986
2,UPFC_Vsh,5-15,1.1094174165188055,8,MAP_SCADA,0,0.0026101790519930113,1.1120275955707986
2,UPFC_Vsh,5-15,1.1116431239059237,8,MAP_PMU,0,0.0003844716648748747,1.1120275955707986
5,UPFC_tse,5-15,-2.1259427103585224,8,WLS,0,0.0006041641907854611,-2.125338546167737
5,UPFC_tse,5-15,-2.128784796891451,8,MAP_SCADA,0,0.0034462507237140727,-2.125338546167737
5,UPFC_tse,5-15,-2.1259465318894093,8,MAP_PMU,0,0.0006079857216723106,-2.125338546167737
3,UPFC_tsh,5-15,-0.2379794022237618,8,WLS,0,3.0709323055044813e-06,-0.2379763312914563
3,UPFC_tsh,5-15,-0.2394379408323106,8,MAP_SCADA,0,0.0014616095408543084,-0.2379763312914563
3,UPFC_tsh,5-15,-0.2379793163254495,8,MAP_PMU,0,2.9850339932080416e-06,-0.2379763312914563
0,x_tcsc,1-14,-0.1057181839300724,9,WLS,0,6.968214784200399e-06,-0.1057251521448566
0,x_tcsc,1-14,-0.1058694583135297,9,MAP_SCADA,0,0.0001443061686731001,-0.1057251521448566
0,x_tcsc,1-14,-0.1057182552463919,9,MAP_PMU,0,6.896898464697765e-06,-0.1057251521448566
1,B_svc,2,0.174418443102355,9,WLS,0,7.73245433934866e-05,0.1743411185589615
1,B_svc,2,0.1745204610707672,9,MAP_SCADA,0,0.00017934251180570793,0.1743411185589615
1,B_svc,2,0.174418019180002,9,MAP_PMU,0,7.690062104048767e-05,0.1743411185589615
4,UPFC_Vse,5-15,0.0579391421874038,9,WLS,0,8.703409374939686e-05,0.0580261762811532
4,UPFC_Vse,5-15,0.0578097762594768,9,MAP_SCADA,0,0.00021640002167639533,0.0580261762811532
4,UPFC_Vse,5-15,0.0579389118264269,9,MAP_PMU,0,8.72644547262949e-05,0.0580261762811532
2,UPFC_Vsh,5-15,1.112155558212886,9,WLS,0,0.00012796264208736474,1.1120275955707986
2,UPFC_Vsh,5-15,1.110964173874104,9,MAP_SCADA,0,0.0010634216966944887,1.1120275955707986
2,UPFC_Vsh,5-15,1.1121558767270356,9,MAP_PMU,0,0.0001282811562370867,1.1120275955707986
5,UPFC_tse,5-15,-2.1228623645505174,9,WLS,0,0.0024761816172196305,-2.125338546167737
5,UPFC_tse,5-15,-2.124621495031673,9,MAP_SCADA,0,0.0007170511360641285,-2.125338546167737
5,UPFC_tse,5-15,-2.1228585389123817,9,MAP_PMU,0,0.0024800072553552432,-2.125338546167737
3,UPFC_tsh,5-15,-0.2379561867669742,9,WLS,0,2.014452448209636e-05,-0.2379763312914563
3,UPFC_tsh,5-15,-0.2387539604104957,9,MAP_SCADA,0,0.0007776291190394191,-0.2379763312914563
3,UPFC_tsh,5-15,-0.2379561739770272,9,MAP_PMU,0,2.0157314429086748e-05,-0.2379763312914563
0,x_tcsc,1-14,-0.1064174037774841,0,WLS,1,3.0815379599397064e-05,-0.1064482191570835
0,x_tcsc,1-14,-0.1070284412461947,0,MAP_SCADA,1,0.0005802220891112098,-0.1064482191570835
0,x_tcsc,1-14,-0.1064170284237584,0,MAP_PMU,1,3.1190733325095477e-05,-0.1064482191570835
1,B_svc,2,0.1751800239649142,0,WLS,1,9.403144933109453e-05,0.1752740554142453
1,B_svc,2,0.172506831699301,0,MAP_SCADA,1,0.0027672237149442835,0.1752740554142453
1,B_svc,2,0.1751771125906424,0,MAP_PMU,1,9.694282360289685e-05,0.1752740554142453
4,UPFC_Vse,5-15,0.0579598054782153,0,WLS,1,0.00022734799057679694,0.0577324574876385
4,UPFC_Vse,5-15,0.0580114974818672,0,MAP_SCADA,1,0.0002790399942287011,0.0577324574876385
4,UPFC_Vse,5-15,0.0579588100004911,0,MAP_PMU,1,0.00022635251285259977,0.0577324574876385
2,UPFC_Vsh,5-15,1.1118554594368044,0,WLS,1,7.213682183593306e-06,1.111862673118988
2,UPFC_Vsh,5-15,1.1102086318187063,0,MAP_SCADA,1,0.0016540413002816834,1.111862673118988
2,UPFC_Vsh,5-15,1.1118581421275988,0,MAP_PMU,1,4.530991389195549e-06,1.111862673118988
5,UPFC_tse,5-15,-2.1259322513697034,0,WLS,1,0.003498031161265569,-2.122434220208438
5,UPFC_tse,5-15,-2.125013314471087,0,MAP_SCADA,1,0.0025790942626491287,-2.122434220208438
5,UPFC_tse,5-15,-2.1259288749608864,0,MAP_PMU,1,0.0034946547524485894,-2.122434220208438
3,UPFC_tsh,5-15,-0.237402725208513,0,WLS,1,3.0326583583206723e-05,-0.2374330517920962
3,UPFC_tsh,5-15,-0.2377466939834934,0,MAP_SCADA,1,0.0003136421913972065,-0.2374330517920962
3,UPFC_tsh,5-15,-0.2374025160122267,0,MAP_PMU,1,3.053577986950051e-05,-0.2374330517920962
0,x_tcsc,1-14,-0.1064472735351329,1,WLS,1,9.456219505904473e-07,-0.1064482191570835
0,x_tcsc,1-14,-0.1067255256403177,1,MAP_SCADA,1,0.0002773064832342076,-0.1064482191570835
0,x_tcsc,1-14,-0.1064452081085561,1,MAP_PMU,1,3.0110485274015275e-06,-0.1064482191570835
1,B_svc,2,0.1754766535507094,1,WLS,1,0.00020259813646411606,0.1752740554142453
1,B_svc,2,0.1699620932372151,1,MAP_SCADA,1,0.0053119621770301995,0.1752740554142453
1,B_svc,2,0.1754725110851723,1,MAP_PMU,1,0.00019845567092702243,0.1752740554142453
4,UPFC_Vse,5-15,0.0582485779559266,1,WLS,1,0.0005161204682880977,0.0577324574876385
4,UPFC_Vse,5-15,0.0581152203758432,1,MAP_SCADA,1,0.00038276288820469906,0.0577324574876385
4,UPFC_Vse,5-15,0.0582477428052937,1,MAP_PMU,1,0.000515285317655198,0.0577324574876385
2,UPFC_Vsh,5-15,1.1117008400320336,1,WLS,1,0.00016183308695438825,1.111862673118988
2,UPFC_Vsh,5-15,1.1123615374976672,1,MAP_SCADA,1,0.0004988643786791869,1.111862673118988
2,UPFC_Vsh,5-15,1.1117038688618956,1,MAP_PMU,1,0.0001588042570923598,1.111862673118988
5,UPFC_tse,5-15,-2.122661177890953,1,WLS,1,0.0002269576825151276,-2.122434220208438
5,UPFC_tse,5-15,-2.1211163238376645,1,MAP_SCADA,1,0.001317896370773397,-2.122434220208438
5,UPFC_tse,5-15,-2.122660965878028,1,MAP_PMU,1,0.00022674566959013376,-2.122434220208438
3,UPFC_tsh,5-15,-0.2374251274272417,1,WLS,1,7.92436485450021e-06,-0.2374330517920962
3,UPFC_tsh,5-15,-0.2369684384345173,1,MAP_SCADA,1,0.00046461335757891353,-0.2374330517920962
3,UPFC_tsh,5-15,-0.2374247644757793,1,MAP_PMU,1,8.287316316912818e-06,-0.2374330517920962
0,x_tcsc,1-14,-0.1064335610940758,2,WLS,1,1.4658063007697009e-05,-0.1064482191570835
0,x_tcsc,1-14,-0.1070769698284908,2,MAP_SCADA,1,0.0006287506714073021,-0.1064482191570835
0,x_tcsc,1-14,-0.1064330697112992,2,MAP_PMU,1,1.514944578429045e-05,-0.1064482191570835
1,B_svc,2,0.1754880172496591,2,WLS,1,0.0002139618354138062,0.1752740554142453
1,B_svc,2,0.1721999161702743,2,MAP_SCADA,1,0.003074139243970986,0.1752740554142453
1,B_svc,2,0.1754828235415224,2,MAP_PMU,1,0.0002087681272771036,0.1752740554142453
4,UPFC_Vse,5-15,0.0575874698398127,2,WLS,1,0.00014498764782579915,0.0577324574876385
4,UPFC_Vse,5-15,0.0575735246487923,2,MAP_SCADA,1,0.00015893283884620135,0.0577324574876385
4,UPFC_Vse,5-15,0.0575869741772122,2,MAP_PMU,1,0.00014548331042629759,0.0577324574876385
2,UPFC_Vsh,5-15,1.11175953978376,2,WLS,1,0.000103133335227934,1.111862673118988
2,UPFC_Vsh,5-15,1.112716678655468,2,MAP_SCADA,1,0.0008540055364800736,1.111862673118988
2,UPFC_Vsh,5-15,1.1117611297661174,2,MAP_PMU,1,0.00010154335287060334,1.111862673118988
5,UPFC_tse,5-15,-2.123882901768292,2,WLS,1,0.0014486815598542258,-2.122434220208438
5,UPFC_tse,5-15,-2.1230999990028,2,MAP_SCADA,1,0.0006657787943620264,-2.122434220208438
5,UPFC_tse,5-15,-2.123879333405625,2,MAP_PMU,1,0.0014451131971870979,-2.122434220208438
3,UPFC_tsh,5-15,-0.2374197631925018,2,WLS,1,1.3288599594402095e-05,-0.2374330517920962
3,UPFC_tsh,5-15,-0.2371799133413688,2,MAP_SCADA,1,0.0002531384507274137,-0.2374330517920962
3,UPFC_tsh,5-15,-0.2374194949844124,2,MAP_PMU,1,1.3556807683806626e-05,-0.2374330517920962
0,x_tcsc,1-14,-0.1064322935633384,3,WLS,1,1.5925593745094724e-05,-0.1064482191570835
0,x_tcsc,1-14,-0.1081144615164635,3,MAP_SCADA,1,0.0016662423593800102,-0.1064482191570835
0,x_tcsc,1-14,-0.1064150568285674,3,MAP_PMU,1,3.3162328516092576e-05,-0.1064482191570835
1,B_svc,2,0.1754827478471372,3,WLS,1,0.00020869243289189932,0.1752740554142453
1,B_svc,2,0.1654977181222396,3,MAP_SCADA,1,0.009776337292005693,0.1752740554142453
1,B_svc,2,0.1754590543924862,3,MAP_PMU,1,0.00018499897824092448,0.1752740554142453
4,UPFC_Vse,5-15,0.0580385387614168,3,WLS,1,0.00030608127377829836,0.0577324574876385
4,UPFC_Vse,5-15,0.0576055159860732,3,MAP_SCADA,1,0.00012694150156530165,0.0577324574876385
4,UPFC_Vse,5-15,0.0580363411849937,3,MAP_PMU,1,0.0003038836973551992,0.0577324574876385
2,UPFC_Vsh,5-15,1.1124498765756323,3,WLS,1,0.0005872034566443141,1.111862673118988
2,UPFC_Vsh,5-15,1.115389257090103,3,MAP_SCADA,1,0.0035265839711149383,1.111862673118988
2,UPFC_Vsh,5-15,1.1124523732674616,3,MAP_PMU,1,0.0005897001484735931,1.111862673118988
5,UPFC_tse,5-15,-2.1272088994594536,3,WLS,1,0.004774679251015712,-2.122434220208438
5,UPFC_tse,5-15,-2.1228174010783643,3,MAP_SCADA,1,0.00038318086992639167,-2.122434220208438
5,UPFC_tse,5-15,-2.1272234961268164,3,MAP_PMU,1,0.004789275918378522,-2.122434220208438
3,UPFC_tsh,5-15,-0.2374450910265913,3,WLS,1,1.2039234495109241e-05,-0.2374330517920962
3,UPFC_tsh,5-15,-0.2355480509882025,3,MAP_SCADA,1,0.0018850008038936994,-0.2374330517920962
3,UPFC_tsh,5-15,-0.2374445543542633,3,MAP_PMU,1,1.1502562167087227e-05,-0.2374330517920962
0,x_tcsc,1-14,-0.1064431941122065,4,WLS,1,5.0250448769967315e-06,-0.1064482191570835
0,x_tcsc,1-14,-0.10634473140501,4,MAP_SCADA,1,0.00010348775207350003,-0.1064482191570835
0,x_tcsc,1-14,-0.1064429719556998,4,MAP_PMU,1,5.247201383701272e-06,-0.1064482191570835
1,B_svc,2,0.17559489730256,4,WLS,1,0.0003208418883147157,0.1752740554142453
1,B_svc,2,0.1755735078302422,4,MAP_SCADA,1,0.0002994524159969092,0.1752740554142453
1,B_svc,2,0.1755939593965983,4,MAP_PMU,1,0.00031990398235301476,0.1752740554142453
4,UPFC_Vse,5-15,0.0580994318557742,4,WLS,1,0.00036697436813570156,0.0577324574876385
4,UPFC_Vse,5-15,0.0584639012235131,4,MAP_SCADA,1,0.0007314437358746026,0.0577324574876385
4,UPFC_Vse,5-15,0.0580992723199653,4,MAP_PMU,1,0.0003668148323267978,0.0577324574876385
2,UPFC_Vsh,5-15,1.1120850540688052,4,WLS,1,0.00022238094981719136,1.111862673118988
2,UPFC_Vsh,5-15,1.111199722143873,4,MAP_SCADA,1,0.0006629509751150398,1.111862673118988
2,UPFC_Vsh,5-15,1.1120867243353991,4,MAP_PMU,1,0.00022405121641111414,1.111862673118988
5,UPFC_tse,5-15,-2.1236138166361136,4,WLS,1,0.0011795964276757331,-2.122434220208438
5,UPFC_tse,5-15,-2.125218158257117,4,MAP_SCADA,1,0.0027839380486791576,-2.122434220208438
5,UPFC_tse,5-15,-2.123618492481879,4,MAP_PMU,1,0.0011842722734409783,-2.122434220208438
3,UPFC_tsh,5-15,-0.2374285857115879,4,WLS,1,4.466080508302994e-06,-0.2374330517920962
3,UPFC_tsh,5-15,-0.2382009340591349,4,MAP_SCADA,1,0.0007678822670386942,-0.2374330517920962
3,UPFC_tsh,5-15,-0.2374284419315575,4,MAP_PMU,1,4.609860538712374e-06,-0.2374330517920962
0,x_tcsc,1-14,-0.1064302761597774,5,WLS,1,1.7942997306091835e-05,-0.1064482191570835
0,x_tcsc,1-14,-0.1079082994169492,5,MAP_SCADA,1,0.0014600802598657009,-0.1064482191570835
0,x_tcsc,1-14,-0.1064223572405344,5,MAP_PMU,1,2.5861916549102526e-05,-0.1064482191570835
1,B_svc,2,0.1754883095356961,5,WLS,1,0.00021425412145081868,0.1752740554142453
1,B_svc,2,0.1685733813608642,5,MAP_SCADA,1,0.006700674053381095,0.1752740554142453
1,B_svc,2,0.1754785475677946,5,MAP_PMU,1,0.00020449215354931272,0.1752740554142453
4,UPFC_Vse,5-15,0.0576599658261149,5,WLS,1,7.24916615236007e-05,0.0577324574876385
4,UPFC_Vse,5-15,0.0575864519264921,5,MAP_SCADA,1,0.00014600556114639784,0.0577324574876385
4,UPFC_Vse,5-15,0.0576591920042328,5,MAP_PMU,1,7.326548340570033e-05,0.0577324574876385
2,UPFC_Vsh,5-15,1.1118750115681462,5,WLS,1,1.233844915815574e-05,1.111862673118988
2,UPFC_Vsh,5-15,1.1124061159697878,5,MAP_SCADA,1,0.0005434428507997691,1.111862673118988
2,UPFC_Vsh,5-15,1.1118772852175518,5,MAP_PMU,1,1.4612098563793197e-05,1.111862673118988
5,UPFC_tse,5-15,-2.1252475047999724,5,WLS,1,0.002813284591534515,-2.122434220208438
5,UPFC_tse,5-15,-2.123550517995745,5,MAP_SCADA,1,0.0011162977873069302,-2.122434220208438
5,UPFC_tse,5-15,-2.125246311083206,5,MAP_PMU,1,0.0028120908747681916,-2.122434220208438
3,UPFC_tsh,5-15,-0.2374418310692092,5,WLS,1,8.779277113013517e-06,-0.2374330517920962
3,UPFC_tsh,5-15,-0.2369410129883002,5,MAP_SCADA,1,0.0004920388037960022,-0.2374330517920962
3,UPFC_tsh,5-15,-0.2374415085523957,5,MAP_PMU,1,8.456760299507815e-06,-0.2374330517920962
0,x_tcsc,1-14,-0.1064395497865715,6,WLS,1,8.669370511998897e-06,-0.1064482191570835
0,x_tcsc,1-14,-0.1045107019372545,6,MAP_SCADA,1,0.001937517219829002,-0.1064482191570835
0,x_tcsc,1-14,-0.1064505941794829,6,MAP_PMU,1,2.3750223994006836e-06,-0.1064482191570835
1,B_svc,2,0.1754228402558101,6,WLS,1,0.00014878484156480298,0.1752740554142453
1,B_svc,2,0.1767290105409961,6,MAP_SCADA,1,0.001454955126750812,0.1752740554142453
1,B_svc,2,0.1754226988908681,6,MAP_PMU,1,0.00014864347662280064,0.1752740554142453
4,UPFC_Vse,5-15,0.0576413949098973,6,WLS,1,9.106257774119803e-05,0.0577324574876385
4,UPFC_Vse,5-15,0.0576260792132012,6,MAP_SCADA,1,0.00010637827443729653,0.0577324574876385
4,UPFC_Vse,5-15,0.0576406982282676,6,MAP_PMU,1,9.175925937089657e-05,0.0577324574876385
2,UPFC_Vsh,5-15,1.1120897266825591,6,WLS,1,0.00022705356357111128,1.111862673118988
2,UPFC_Vsh,5-15,1.1135006915001406,6,MAP_SCADA,1,0.0016380183811526283,1.111862673118988
2,UPFC_Vsh,5-15,1.1120880734238126,6,MAP_PMU,1,0.0002254003048245412,1.111862673118988
5,UPFC_tse,5-15,-2.126860647527608,6,WLS,1,0.004426427319170312,-2.122434220208438
5,UPFC_tse,5-15,-2.124829114767701,6,MAP_SCADA,1,0.0023948945592633386,-2.122434220208438
5,UPFC_tse,5-15,-2.126863790841286,6,MAP_PMU,1,0.004429570632848101,-2.122434220208438
3,UPFC_tsh,5-15,-0.2373768207343266,6,WLS,1,5.623105776961235e-05,-0.2374330517920962
3,UPFC_tsh,5-15,-0.2383235367792493,6,MAP_SCADA,1,0.0008904849871531062,-0.2374330517920962
3,UPFC_tsh,5-15,-0.2373767006286178,6,MAP_PMU,1,5.635116347840752e-05,-0.2374330517920962
0,x_tcsc,1-14,-0.1064306026422688,7,WLS,1,1.7616514814688955e-05,-0.1064482191570835
0,x_tcsc,1-14,-0.1045988244161524,7,MAP_SCADA,1,0.0018493947409310985,-0.1064482191570835
0,x_tcsc,1-14,-0.10645840275863,7,MAP_PMU,1,1.0183601546503995e-05,-0.1064482191570835
1,B_svc,2,0.1752214819214409,7,WLS,1,5.257349280438084e-05,0.1752740554142453
1,B_svc,2,0.1712470443244542,7,MAP_SCADA,1,0.004027011089791088,0.1752740554142453
1,B_svc,2,0.1752130930919698,7,MAP_PMU,1,6.096232227548182e-05,0.1752740554142453
4,UPFC_Vse,5-15,0.0581912372985737,7,WLS,1,0.00045877981093520037,0.0577324574876385
4,UPFC_Vse,5-15,0.0583206289255564,7,MAP_SCADA,1,0.0005881714379179018,0.0577324574876385
4,UPFC_Vse,5-15,0.0581902313256549,7,MAP_PMU,1,0.0004577738380164009,0.0577324574876385
2,UPFC_Vsh,5-15,1.1120352092736374,7,WLS,1,0.0001725361546494053,1.111862673118988
2,UPFC_Vsh,5-15,1.1143225166077113,7,MAP_SCADA,1,0.002459843488723301,1.111862673118988
2,UPFC_Vsh,5-15,1.112035434117873,7,MAP_PMU,1,0.00017276099888507979,1.111862673118988
5,UPFC_tse,5-15,-2.126581754467407,7,WLS,1,0.004147534258969188,-2.122434220208438
5,UPFC_tse,5-15,-2.125530772288669,7,MAP_SCADA,1,0.003096552080231074,-2.122434220208438
5,UPFC_tse,5-15,-2.1265763699617,7,MAP_PMU,1,0.004142149753262103,-2.122434220208438
3,UPFC_tsh,5-15,-0.2374438858694481,7,WLS,1,1.0834077351890015e-05,-0.2374330517920962
3,UPFC_tsh,5-15,-0.237676134755732,7,MAP_SCADA,1,0.00024308296363578785,-0.2374330517920962
3,UPFC_tsh,5-15,-0.2374436826303242,7,MAP_PMU,1,1.0630838227998485e-05,-0.2374330517920962
0,x_tcsc,1-14,-0.1064429035996113,8,WLS,1,5.3155574721991394e-06,-0.1064482191570835
0,x_tcsc,1-14,-0.1052133161498671,8,MAP_SCADA,1,0.0012349030072163897,-0.1064482191570835
0,x_tcsc,1-14,-0.1064452619510168,8,MAP_PMU,1,2.9572060666893663e-06,-0.1064482191570835
1,B_svc,2,0.1750215174642801,8,WLS,1,0.00025253794996518697,0.1752740554142453
1,B_svc,2,0.1765255215568726,8,MAP_SCADA,1,0.0012514661426273055,0.1752740554142453
1,B_svc,2,0.1750242690439797,8,MAP_PMU,1,0.0002497863702655978,0.1752740554142453
4,UPFC_Vse,5-15,0.0575582705860931,8,WLS,1,0.00017418690154540062,0.0577324574876385
4,UPFC_Vse,5-15,0.0575742942186923,8,MAP_SCADA,1,0.00015816326894620147,0.0577324574876385
4,UPFC_Vse,5-15,0.0575575229584445,8,MAP_PMU,1,0.0001749345291940027,0.0577324574876385
2,UPFC_Vsh,5-15,1.1116627110896895,8,WLS,1,0.00019996202929850604,1.111862673118988
2,UPFC_Vsh,5-15,1.1094174165188055,8,MAP_SCADA,1,0.002445256600182466,1.111862673118988
2,UPFC_Vsh,5-15,1.1116620076556727,8,MAP_PMU,1,0.00020066546331531931,1.111862673118988
5,UPFC_tse,5-15,-2.125753012066391,8,WLS,1,0.0033187918579531406,-2.122434220208438
5,UPFC_tse,5-15,-2.128784796891451,8,MAP_SCADA,1,0.006350576683013198,-2.122434220208438
5,UPFC_tse,5-15,-2.125757694866559,8,MAP_PMU,1,0.003323474658121217,-2.122434220208438
3,UPFC_tsh,5-15,-0.2374272822262349,8,WLS,1,5.7695658612910705e-06,-0.2374330517920962
3,UPFC_tsh,5-15,-0.2394379408323106,8,MAP_SCADA,1,0.002004889040214397,-0.2374330517920962
3,UPFC_tsh,5-15,-0.2374273960458977,8,MAP_PMU,1,5.655746198512945e-06,-0.2374330517920962
0,x_tcsc,1-14,-0.1064309429884951,9,WLS,1,1.7276168588389873e-05,-0.1064482191570835
0,x_tcsc,1-14,-0.1058694583135297,9,MAP_SCADA,1,0.0005787608435537939,-0.1064482191570835
0,x_tcsc,1-14,-0.1064314889228817,9,MAP_PMU,1,1.673023420178943e-05,-0.1064482191570835
1,B_svc,2,0.1754074978609666,9,WLS,1,0.00013344244672131023,0.1752740554142453
1,B_svc,2,0.1745204610707672,9,MAP_SCADA,1,0.0007535943434780756,0.1752740554142453
1,B_svc,2,0.1754110157427662,9,MAP_PMU,1,0.0001369603285209242,0.1752740554142453
4,UPFC_Vse,5-15,0.0578641192557282,9,WLS,1,0.00013166176808970115,0.0577324574876385
4,UPFC_Vse,5-15,0.0578097762594768,9,MAP_SCADA,1,7.731877183830144e-05,0.0577324574876385
4,UPFC_Vse,5-15,0.0578640610801034,9,MAP_PMU,1,0.00013160359246489756,0.0577324574876385
2,UPFC_Vsh,5-15,1.112175298353437,9,WLS,1,0.00031262523444897106,1.111862673118988
2,UPFC_Vsh,5-15,1.110964173874104,9,MAP_SCADA,1,0.0008984992448839435,1.111862673118988
2,UPFC_Vsh,5-15,1.1121756901708202,9,MAP_PMU,1,0.0003130170518321762,1.111862673118988
5,UPFC_tse,5-15,-2.122671712275916,9,WLS,1,0.00023749206747814,-2.122434220208438
5,UPFC_tse,5-15,-2.124621495031673,9,MAP_SCADA,1,0.002187274823234997,-2.122434220208438
5,UPFC_tse,5-15,-2.1226685021892866,9,MAP_PMU,1,0.00023428198084873841,-2.122434220208438
3,UPFC_tsh,5-15,-0.237404603524024,9,WLS,1,2.844826807218981e-05,-0.2374330517920962
3,UPFC_tsh,5-15,-0.2387539604104957,9,MAP_SCADA,1,0.0013209086183995078,-0.2374330517920962
3,UPFC_tsh,5-15,-0.2374046143033989,9,MAP_PMU,1,2.843748869729712e-05,-0.2374330517920962
0,x_tcsc,1-14,-0.1067131172862923,0,WLS,2,3.415332806869231e-05,-0.106747270614361
0,x_tcsc,1-14,-0.1070284412461947,0,MAP_SCADA,2,0.0002811706318337076,-0.106747270614361
0,x_tcsc,1-14,-0.1067124690218094,0,MAP_PMU,2,3.48015925515921e-05,-0.106747270614361
1,B_svc,2,0.1754955026522225,0,WLS,2,7.066220091581088e-05,0.1755661648531383
1,B_svc,2,0.172506831699301,0,MAP_SCADA,2,0.0030593331538373014,0.1755661648531383
1,B_svc,2,0.1754932163211895,0,MAP_PMU,2,7.294853194880768e-05,0.1755661648531383
4,UPFC_Vse,5-15,0.0579937369210787,0,WLS,2,0.00018010645111189716,0.0578136304699668
4,UPFC_Vse,5-15,0.0580114974818672,0,MAP_SCADA,2,0.00019786701190040168,0.0578136304699668
4,UPFC_Vse,5-15,0.0579926679583657,0,MAP_PMU,2,0.00017903748839889766,0.0578136304699668
2,UPFC_Vsh,5-15,1.11183085425599,0,WLS,2,7.533555455796481e-05,1.111755518701432
2,UPFC_Vsh,5-15,1.1102086318187063,0,MAP_SCADA,2,0.001546886882725751,1.111755518701432
2,UPFC_Vsh,5-15,1.1118337493597268,0,MAP_PMU,2,7.823065829470899e-05,1.111755518701432
5,UPFC_tse,5-15,-2.1261702526291937,0,WLS,2,0.00408245042098665,-2.122087802208207
5,UPFC_tse,5-15,-2.125013314471087,0,MAP_SCADA,2,0.002925512262879959,-2.122087802208207
5,UPFC_tse,5-15,-2.1261669070016613,0,MAP_PMU,2,0.004079104793454302,-2.122087802208207
3,UPFC_tsh,5-15,-0.237120377175111,0,WLS,2,3.700494325969972e-05,-0.2371573821183707
3,UPFC_tsh,5-15,-0.2377466939834934,0,MAP_SCADA,2,0.0005893118651227047,-0.2371573821183707
3,UPFC_tsh,5-15,-0.2371201532933126,0,MAP_PMU,2,3.722882505810543e-05,-0.2371573821183707
0,x_tcsc,1-14,-0.1067430407189195,1,WLS,2,4.229895441493214e-06,-0.106747270614361
0,x_tcsc,1-14,-0.1067255256403177,1,MAP_SCADA,2,2.1744974043294563e-05,-0.106747270614361
0,x_tcsc,1-14,-0.1067429938393852,1,MAP_PMU,2,4.276774975803255e-06,-0.106747270614361
1,B_svc,2,0.1757929576575276,1,WLS,2,0.00022679280438928084,0.1755661648531383
1,B_svc,2,0.1699620932372151,1,MAP_SCADA,2,0.005604071615923217,0.1755661648531383
1,B_svc,2,0.1757899837030707,1,MAP_PMU,2,0.00022381884993238899,0.1755661648531383
4,UPFC_Vse,5-15,0.0582824984992767,1,WLS,2,0.000468868029309899,0.0578136304699668
4,UPFC_Vse,5-15,0.0581152203758432,1,MAP_SCADA,2,0.0003015899058763996,0.0578136304699668
4,UPFC_Vse,5-15,0.0582816206481896,1,MAP_PMU,2,0.0004679901782227991,0.0578136304699668
2,UPFC_Vsh,5-15,1.111676305912262,1,WLS,2,7.92127891700023e-05,1.111755518701432
2,UPFC_Vsh,5-15,1.1123615374976672,1,MAP_SCADA,2,0.0006060187962351193,1.111755518701432
2,UPFC_Vsh,5-15,1.1116791759413072,1,MAP_PMU,2,7.634276012491448e-05,1.111755518701432
5,UPFC_tse,5-15,-2.1228972570284443,1,WLS,2,0.0008094548202373097,-2.122087802208207
5,UPFC_tse,5-15,-2.1211163238376645,1,MAP_SCADA,2,0.0009714783705425667,-2.122087802208207
5,UPFC_tse,5-15,-2.1228986045166667,1,MAP_PMU,2,0.0008108023084596461,-2.122087802208207
3,UPFC_tsh,5-15,-0.2371428986705865,1,WLS,2,1.4483447784208181e-05,-0.2371573821183707
3,UPFC_tsh,5-15,-0.2369684384345173,1,MAP_SCADA,2,0.0001889436838534153,-0.2371573821183707
3,UPFC_tsh,5-15,-0.2371425198493602,1,MAP_PMU,2,1.4862269010512685e-05,-0.2371573821183707
0,x_tcsc,1-14,-0.1067293298212575,2,WLS,2,1.7940793103493613e-05,-0.106747270614361
0,x_tcsc,1-14,-0.1070769698284908,2,MAP_SCADA,2,0.00032969921412979997,-0.106747270614361
0,x_tcsc,1-14,-0.106728480715811,2,MAP_PMU,2,1.878989855000346e-05,-0.106747270614361
1,B_svc,2,0.175803208197231,2,WLS,2,0.00023704334409269112,0.1755661648531383
1,B_svc,2,0.1721999161702743,2,MAP_SCADA,2,0.0033662486828640037,0.1755661648531383
1,B_svc,2,0.1757983289498471,2,MAP_PMU,2,0.0002321640967087868,0.1755661648531383
4,UPFC_Vse,5-15,0.0576213147909292,2,WLS,2,0.00019231567903760238,0.0578136304699668
4,UPFC_Vse,5-15,0.0575735246487923,2,MAP_SCADA,2,0.0002401058211745008,0.0578136304699668
4,UPFC_Vse,5-15,0.0576207325368703,2,MAP_PMU,2,0.00019289793309650027,0.0578136304699668
2,UPFC_Vsh,5-15,1.1117350205605032,2,WLS,2,2.04981409288596e-05,1.111755518701432
2,UPFC_Vsh,5-15,1.112716678655468,2,MAP_SCADA,2,0.0009611599540360061,1.111755518701432
2,UPFC_Vsh,5-15,1.1117369021155703,2,MAP_PMU,2,1.8616585861774837e-05,1.111755518701432
5,UPFC_tse,5-15,-2.1241269953556605,2,WLS,2,0.0020391931474534886,-2.122087802208207
5,UPFC_tse,5-15,-2.1230999990028,2,MAP_SCADA,2,0.0010121967945928567,-2.122087802208207
5,UPFC_tse,5-15,-2.124122824284368,2,MAP_PMU,2,0.0020350220761611304,-2.122087802208207
3,UPFC_tsh,5-15,-0.2371375001816881,2,WLS,2,1.9881936682591972e-05,-0.2371573821183707
3,UPFC_tsh,5-15,-0.2371799133413688,2,MAP_SCADA,2,2.253122299808452e-05,-0.2371573821183707
3,UPFC_tsh,5-15,-0.2371371949023625,2,MAP_PMU,2,2.0187216008188402e-05,-0.2371573821183707
0,x_tcsc,1-14,-0.1067279313332418,3,WLS,2,1.9339281119204466e-05,-0.106747270614361
0,x_tcsc,1-14,-0.1081144615164635,3,MAP_SCADA,2,0.001367190902102508,-0.106747270614361
0,x_tcsc,1-14,-0.1067114327295588,3,MAP_PMU,2,3.5837884802200626e-05,-0.106747270614361
1,B_svc,2,0.1757980820885362,3,WLS,2,0.00023191723539789377,0.1755661648531383
1,B_svc,2,0.1654977181222396,3,MAP_SCADA,2,0.010068446730898711,0.1755661648531383
1,B_svc,2,0.1757731691509106,3,MAP_PMU,2,0.00020700429777228968,0.1755661648531383
4,UPFC_Vse,5-15,0.0580727623439253,3,WLS,2,0.00025913187395849857,0.0578136304699668
4,UPFC_Vse,5-15,0.0576055159860732,3,MAP_SCADA,2,0.0002081144838936011,0.0578136304699668
4,UPFC_Vse,5-15,0.058070037913612,3,MAP_PMU,2,0.00025640744364520407,0.0578136304699668
2,UPFC_Vsh,5-15,1.1124249750703563,3,WLS,2,0.0006694563689242372,1.111755518701432
2,UPFC_Vsh,5-15,1.115389257090103,3,MAP_SCADA,2,0.0036337383886708707,1.111755518701432
2,UPFC_Vsh,5-15,1.1124281886224647,3,MAP_PMU,2,0.0006726699210326537,1.111755518701432
5,UPFC_tse,5-15,-2.127447274927308,3,WLS,2,0.005359472719101088,-2.122087802208207
5,UPFC_tse,5-15,-2.1228174010783643,3,MAP_SCADA,2,0.000729598870157222,-2.122087802208207
5,UPFC_tse,5-15,-2.127466705747605,3,MAP_PMU,2,0.00537890353939785,-2.122087802208207
3,UPFC_tsh,5-15,-0.2371627709819919,3,WLS,2,5.388863621197393e-06,-0.2371573821183707
3,UPFC_tsh,5-15,-0.2355480509882025,3,MAP_SCADA,2,0.0016093311301682012,-0.2371573821183707
3,UPFC_tsh,5-15,-0.237162178377816,3,MAP_PMU,2,4.796259445299933e-06,-0.2371573821183707
0,x_tcsc,1-14,-0.1067389795595686,4,WLS,2,8.291054792400332e-06,-0.106747270614361
0,x_tcsc,1-14,-0.10634473140501,4,MAP_SCADA,2,0.0004025392093510022,-0.106747270614361
0,x_tcsc,1-14,-0.1067390005344254,4,MAP_PMU,2,8.270079935604469e-06,-0.106747270614361
1,B_svc,2,0.175910847837053,4,WLS,2,0.00034468298391468477,0.1755661648531383
1,B_svc,2,0.1755735078302422,4,MAP_SCADA,2,7.342977103891313e-06,0.1755661648531383
1,B_svc,2,0.1759112272911046,4,MAP_PMU,2,0.00034506243796628144,0.1755661648531383
4,UPFC_Vse,5-15,0.0581331911471625,4,WLS,2,0.0003195606771956988,0.0578136304699668
4,UPFC_Vse,5-15,0.0584639012235131,4,MAP_SCADA,2,0.0006502707535463031,0.0578136304699668
4,UPFC_Vse,5-15,0.0581329900057801,4,MAP_PMU,2,0.0003193595358133017,0.0578136304699668
2,UPFC_Vsh,5-15,1.1120607595236005,4,WLS,2,0.00030524082216842885,1.111755518701432
2,UPFC_Vsh,5-15,1.111199722143873,4,MAP_SCADA,2,0.0005557965575591073,1.111755518701432
2,UPFC_Vsh,5-15,1.1120622727488667,4,MAP_PMU,2,0.00030675404743463197,1.111755518701432
5,UPFC_tse,5-15,-2.1238526936339417,4,WLS,2,0.0017648914257346604,-2.122087802208207
5,UPFC_tse,5-15,-2.125218158257117,4,MAP_SCADA,2,0.003130356048909988,-2.122087802208207
5,UPFC_tse,5-15,-2.123853903874249,4,MAP_PMU,2,0.0017661016660421858,-2.122087802208207
3,UPFC_tsh,5-15,-0.2371462829410181,4,WLS,2,1.1099177352591472e-05,-0.2371573821183707
3,UPFC_tsh,5-15,-0.2382009340591349,4,MAP_SCADA,2,0.0010435519407641924,-0.2371573821183707
3,UPFC_tsh,5-15,-0.2371461281322004,4,MAP_PMU,2,1.1253986170300934e-05,-0.2371573821183707
0,x_tcsc,1-14,-0.1067260524716268,5,WLS,2,2.121814273420286e-05,-0.106747270614361
0,x_tcsc,1-14,-0.1079082994169492,5,MAP_SCADA,2,0.0011610288025881987,-0.106747270614361
0,x_tcsc,1-14,-0.1067179038283272,5,MAP_PMU,2,2.93667860337965e-05,-0.106747270614361
1,B_svc,2,0.1758040422665001,5,WLS,2,0.0002378774133617867,0.1755661648531383
1,B_svc,2,0.1685733813608642,5,MAP_SCADA,2,0.006992783492274113,0.1755661648531383
1,B_svc,2,0.1757936303611633,5,MAP_PMU,2,0.0002274655080249932,0.1755661648531383
4,UPFC_Vse,5-15,0.0576939096512767,5,WLS,2,0.0001197208186900986,0.0578136304699668
4,UPFC_Vse,5-15,0.0575864519264921,5,MAP_SCADA,2,0.0002271785434746973,0.0578136304699668
4,UPFC_Vse,5-15,0.057692973618439,5,MAP_PMU,2,0.00012065685152779643,0.0578136304699668
2,UPFC_Vsh,5-15,1.1118501842023996,5,WLS,2,9.46655009674835e-05,1.111755518701432
2,UPFC_Vsh,5-15,1.1124061159697878,5,MAP_SCADA,2,0.0006505972683557015,1.111755518701432
2,UPFC_Vsh,5-15,1.1118529965009398,5,MAP_PMU,2,9.747779950775026e-05,1.111755518701432
5,UPFC_tse,5-15,-2.1254928657717147,5,WLS,2,0.003405063563507671,-2.122087802208207
5,UPFC_tse,5-15,-2.123550517995745,5,MAP_SCADA,2,0.0014627157875377605,-2.122087802208207
5,UPFC_tse,5-15,-2.12549257567943,5,MAP_PMU,2,0.0034047734712228106,-2.122087802208207
3,UPFC_tsh,5-15,-0.2371595333285959,5,WLS,2,2.1512102252041476e-06,-0.2371573821183707
3,UPFC_tsh,5-15,-0.2369410129883002,5,MAP_SCADA,2,0.00021636913007050396,-0.2371573821183707
3,UPFC_tsh,5-15,-0.2371591642114177,5,MAP_PMU,2,1.7820930469925056e-06,-0.2371573821183707
0,x_tcsc,1-14,-0.1067352625931117,6,WLS,2,1.2008021249301781e-05,-0.106747270614361
0,x_tcsc,1-14,-0.1045107019372545,6,MAP_SCADA,2,0.002236568677106504,-0.106747270614361
0,x_tcsc,1-14,-0.1067514195419543,6,MAP_PMU,2,4.148927593303209e-06,-0.106747270614361
1,B_svc,2,0.1757382921875329,6,WLS,2,0.0001721273343945895,0.1755661648531383
1,B_svc,2,0.1767290105409961,6,MAP_SCADA,2,0.0011628456878577942,0.1755661648531383
1,B_svc,2,0.1757406770225692,6,MAP_PMU,2,0.00017451216943090153,0.1755661648531383
4,UPFC_Vse,5-15,0.0576753747346489,6,WLS,2,0.00013825573531790064,0.0578136304699668
4,UPFC_Vse,5-15,0.0576260792132012,6,MAP_SCADA,2,0.00018755125676559598,0.0578136304699668
4,UPFC_Vse,5-15,0.0576746695528055,6,MAP_PMU,2,0.00013896091716129877,0.0578136304699668
2,UPFC_Vsh,5-15,1.1120652325139315,6,WLS,2,0.00030971381249944585,1.111755518701432
2,UPFC_Vsh,5-15,1.1135006915001406,6,MAP_SCADA,2,0.0017451727987085608,1.111755518701432
2,UPFC_Vsh,5-15,1.1120623958916205,6,MAP_PMU,2,0.00030687719018840376,1.111755518701432
5,UPFC_tse,5-15,-2.1270982667226086,6,WLS,2,0.005010464514401569,-2.122087802208207
5,UPFC_tse,5-15,-2.124829114767701,6,MAP_SCADA,2,0.002741312559494169,-2.122087802208207
5,UPFC_tse,5-15,-2.127103302739437,6,MAP_PMU,2,0.0050155005312300105,-2.122087802208207
3,UPFC_tsh,5-15,-0.2370945386300541,6,WLS,2,6.284348831658848e-05,-0.2371573821183707
3,UPFC_tsh,5-15,-0.2383235367792493,6,MAP_SCADA,2,0.0011661546608786044,-0.2371573821183707
3,UPFC_tsh,5-15,-0.2370944267812552,6,MAP_PMU,2,6.29553371155056e-05,-0.2371573821183707
0,x_tcsc,1-14,-0.1067263922910773,7,WLS,2,2.0878323283693434e-05,-0.106747270614361
0,x_tcsc,1-14,-0.1045988244161524,7,MAP_SCADA,2,0.0021484461982086006,-0.106747270614361
0,x_tcsc,1-14,-0.1067622528698785,7,MAP_PMU,2,1.4982255517506649e-05,-0.106747270614361
1,B_svc,2,0.1755371858613985,7,WLS,2,2.897899173981422e-05,0.1755661648531383
1,B_svc,2,0.1712470443244542,7,MAP_SCADA,2,0.004319120528684106,0.1755661648531383
1,B_svc,2,0.1755316695416333,7,MAP_PMU,2,3.449531150501173e-05,0.1755661648531383
4,UPFC_Vse,5-15,0.0582255955663774,7,WLS,2,0.00041196509641060197,0.0578136304699668
4,UPFC_Vse,5-15,0.0583206289255564,7,MAP_SCADA,2,0.0005069984555896023,0.0578136304699668
4,UPFC_Vse,5-15,0.0582247415033442,7,MAP_PMU,2,0.00041111103337740373,0.0578136304699668
2,UPFC_Vsh,5-15,1.1120101527145867,7,WLS,2,0.00025463401315461986,1.111755518701432
2,UPFC_Vsh,5-15,1.1143225166077113,7,MAP_SCADA,2,0.0025669979062792336,1.111755518701432
2,UPFC_Vsh,5-15,1.1120092044808978,7,MAP_PMU,2,0.0002536857794657177,1.111755518701432
5,UPFC_tse,5-15,-2.1268163087024847,7,WLS,2,0.0047285064942776955,-2.122087802208207
5,UPFC_tse,5-15,-2.125530772288669,7,MAP_SCADA,2,0.0034429700804619046,-2.122087802208207
5,UPFC_tse,5-15,-2.126809003381845,7,MAP_PMU,2,0.004721201173638168,-2.122087802208207
3,UPFC_tsh,5-15,-0.237161655513587,7,WLS,2,4.273395216303211e-06,-0.2371573821183707
3,UPFC_tsh,5-15,-0.237676134755732,7,MAP_SCADA,2,0.0005187526373612861,-0.2371573821183707
3,UPFC_tsh,5-15,-0.2371614742324627,7,MAP_PMU,2,4.092114091996946e-06,-0.2371573821183707
0,x_tcsc,1-14,-0.1067387083256521,8,WLS,2,8.56228870889375e-06,-0.106747270614361
0,x_tcsc,1-14,-0.1052133161498671,8,MAP_SCADA,2,0.0015339544644938918,-0.106747270614361
0,x_tcsc,1-14,-0.1067439602569111,8,MAP_PMU,2,3.3103574498954957e-06,-0.106747270614361
1,B_svc,2,0.1753365269991194,8,WLS,2,0.0002296378540189159,0.1755661648531383
1,B_svc,2,0.1765255215568726,8,MAP_SCADA,2,0.0009593567037342876,0.1755661648531383
1,B_svc,2,0.1753427948499701,8,MAP_PMU,2,0.0002233700031682162,0.1755661648531383
4,UPFC_Vse,5-15,0.0575921927229142,8,WLS,2,0.00022143774705259828,0.0578136304699668
4,UPFC_Vse,5-15,0.0575742942186923,8,MAP_SCADA,2,0.00023933625127450092,0.0578136304699668
4,UPFC_Vse,5-15,0.0575915356803107,8,MAP_PMU,2,0.00022209478965609653,0.0578136304699668
2,UPFC_Vsh,5-15,1.111638102944578,8,WLS,2,0.00011741575685397798,1.111755518701432
2,UPFC_Vsh,5-15,1.1094174165188055,8,MAP_SCADA,2,0.0023381021826265336,1.111755518701432
2,UPFC_Vsh,5-15,1.1116365361174094,8,MAP_PMU,2,0.00011898258402265327,1.111755518701432
5,UPFC_tse,5-15,-2.125997419875326,8,WLS,2,0.0039096176671189475,-2.122087802208207
5,UPFC_tse,5-15,-2.128784796891451,8,MAP_SCADA,2,0.006696994683244029,-2.122087802208207
5,UPFC_tse,5-15,-2.126001988721113,8,MAP_PMU,2,0.003914186512905982,-2.122087802208207
3,UPFC_tsh,5-15,-0.2371449925520915,8,WLS,2,1.2389566279191744e-05,-0.2371573821183707
3,UPFC_tsh,5-15,-0.2394379408323106,8,MAP_SCADA,2,0.0022805587139398953,-0.2371573821183707
3,UPFC_tsh,5-15,-0.237145145623076,8,MAP_PMU,2,1.223649529469295e-05,-0.2371573821183707
0,x_tcsc,1-14,-0.1067266345957893,9,WLS,2,2.0636018571704162e-05,-0.106747270614361
0,x_tcsc,1-14,-0.1058694583135297,9,MAP_SCADA,2,0.000877812300831296,-0.106747270614361
0,x_tcsc,1-14,-0.1067288671192541,9,MAP_PMU,2,1.8403495106900092e-05,-0.106747270614361
1,B_svc,2,0.1757225944651586,9,WLS,2,0.00015642961202028127,0.1755661648531383
1,B_svc,2,0.1745204610707672,9,MAP_SCADA,2,0.0010457037823710935,0.1755661648531383
1,B_svc,2,0.1757291070290873,9,MAP_PMU,2,0.00016294217594900462,0.1755661648531383
4,UPFC_Vse,5-15,0.0578980728095296,9,WLS,2,8.444233956279856e-05,0.0578136304699668
4,UPFC_Vse,5-15,0.0578097762594768,9,MAP_SCADA,2,3.854210489998011e-06,0.0578136304699668
4,UPFC_Vse,5-15,0.0578981206116248,9,MAP_PMU,2,8.44901416579974e-05,0.0578136304699668
2,UPFC_Vsh,5-15,1.112150708579971,9,WLS,2,0.00039518987853881526,1.111755518701432
2,UPFC_Vsh,5-15,1.110964173874104,9,MAP_SCADA,2,0.000791344827328011,1.111755518701432
2,UPFC_Vsh,5-15,1.1121504663656847,9,MAP_PMU,2,0.0003949476642526317,1.111755518701432
5,UPFC_tse,5-15,-2.122911870073859,9,WLS,2,0.0008240678656519229,-2.122087802208207
5,UPFC_tse,5-15,-2.124621495031673,9,MAP_SCADA,2,0.0025336928234658274,-2.122087802208207
5,UPFC_tse,5-15,-2.122908928830893,9,MAP_PMU,2,0.0008211266226858527,-2.122087802208207
3,UPFC_tsh,5-15,-0.2371224348143464,9,WLS,2,3.494730402431312e-05,-0.2371573821183707
3,UPFC_tsh,5-15,-0.2387539604104957,9,MAP_SCADA,2,0.001596578292125006,-0.2371573821183707
3,UPFC_tsh,5-15,-0.2371224675209783,9,MAP_PMU,2,3.491459739241032e-05,-0.2371573821183707
0,x_tcsc,1-14,-0.1076790024104722,0,WLS,3,4.507811678360063e-05,-0.1077240805272558
0,x_tcsc,1-14,-0.1070284412461947,0,MAP_SCADA,3,0.000695639281061089,-0.1077240805272558
0,x_tcsc,1-14,-0.1076836276606502,0,MAP_PMU,3,4.045286660558922e-05,-0.1077240805272558
1,B_svc,2,0.1767923768308324,0,WLS,3,1.3799974711486973e-05,0.1768061768055439
1,B_svc,2,0.172506831699301,0,MAP_SCADA,3,0.004299345106242886,0.1768061768055439
1,B_svc,2,0.1767976815271994,0,MAP_PMU,3,8.495278344483603e-06,0.1768061768055439
4,UPFC_Vse,5-15,0.0580492669768316,0,WLS,3,9.993392498700016e-05,0.0579493330518446
4,UPFC_Vse,5-15,0.0580114974818672,0,MAP_SCADA,3,6.21644300226043e-05,0.0579493330518446
4,UPFC_Vse,5-15,0.0580480268922818,0,MAP_PMU,3,9.869384043720286e-05,0.0579493330518446
2,UPFC_Vsh,5-15,1.111844053343253,0,WLS,3,0.00046670302606743874,1.1113773503171855
2,UPFC_Vsh,5-15,1.1102086318187063,0,MAP_SCADA,3,0.0011687184984792154,1.1113773503171855
2,UPFC_Vsh,5-15,1.1118477739328787,0,MAP_PMU,3,0.0004704236156931607,1.1113773503171855
5,UPFC_tse,5-15,-2.125798095725497,0,WLS,3,0.004996542293933981,-2.120801553431563
5,UPFC_tse,5-15,-2.125013314471087,0,MAP_SCADA,3,0.004211761039524031,-2.120801553431563
5,UPFC_tse,5-15,-2.1257933101249624,0,MAP_PMU,3,0.004991756693399463,-2.120801553431563
3,UPFC_tsh,5-15,-0.2361495365512387,0,WLS,3,5.1510002339022476e-05,-0.2362010465535777
3,UPFC_tsh,5-15,-0.2377466939834934,0,MAP_SCADA,3,0.0015456474299156975,-0.2362010465535777
3,UPFC_tsh,5-15,-0.2361491891457952,0,MAP_PMU,3,5.185740778251846e-05,-0.2362010465535777
0,x_tcsc,1-14,-0.1077091808287591,1,WLS,3,1.4899698496689817e-05,-0.1077240805272558
0,x_tcsc,1-14,-0.1067255256403177,1,MAP_SCADA,3,0.0009985548869380911,-0.1077240805272558
0,x_tcsc,1-14,-0.1077219226933605,1,MAP_PMU,3,2.1578338952887854e-06,-0.1077240805272558
1,B_svc,2,0.1770931183678369,1,WLS,3,0.0002869415622930027,0.1768061768055439
1,B_svc,2,0.1699620932372151,1,MAP_SCADA,3,0.0068440835683288015,0.1768061768055439
1,B_svc,2,0.1770991747956155,1,MAP_PMU,3,0.0002929979900715973,0.1768061768055439
4,UPFC_Vse,5-15,0.0583381501786776,1,WLS,3,0.00038881712683300207,0.0579493330518446
4,UPFC_Vse,5-15,0.0581152203758432,1,MAP_SCADA,3,0.00016588732399860223,0.0579493330518446
4,UPFC_Vse,5-15,0.058337090116076,1,MAP_PMU,3,0.00038775706423140044,0.0579493330518446
2,UPFC_Vsh,5-15,1.1116881614198408,1,WLS,3,0.0003108111026552951,1.1113773503171855
2,UPFC_Vsh,5-15,1.1123615374976672,1,MAP_SCADA,3,0.0009841871804816549,1.1113773503171855
2,UPFC_Vsh,5-15,1.1116914684746624,1,MAP_PMU,3,0.00031411815747683924,1.1113773503171855
5,UPFC_tse,5-15,-2.122527085788088,1,WLS,3,0.0017255323565250613,-2.120801553431563
5,UPFC_tse,5-15,-2.1211163238376645,1,MAP_SCADA,3,0.00031477040610150553,-2.120801553431563
5,UPFC_tse,5-15,-2.1225280614891826,1,MAP_PMU,3,0.0017265080576196468,-2.120801553431563
3,UPFC_tsh,5-15,-0.2361722312115969,1,WLS,3,2.881534198082014e-05,-0.2362010465535777
3,UPFC_tsh,5-15,-0.2369684384345173,1,MAP_SCADA,3,0.0007673918809395774,-0.2362010465535777
3,UPFC_tsh,5-15,-0.2361716505100449,1,MAP_PMU,3,2.939604353280334e-05,-0.2362010465535777
0,x_tcsc,1-14,-0.1076953469368956,2,WLS,3,2.8733590360194294e-05,-0.1077240805272558
0,x_tcsc,1-14,-0.1070769698284908,2,MAP_SCADA,3,0.0006471106987649966,-0.1077240805272558
0,x_tcsc,1-14,-0.1076994384384006,2,MAP_PMU,3,2.4642088855192368e-05,-0.1077240805272558
1,B_svc,2,0.1770996431536106,2,WLS,3,0.00029346634806670657,0.1768061768055439
1,B_svc,2,0.1721999161702743,2,MAP_SCADA,3,0.004606260635269588,0.1768061768055439
1,B_svc,2,0.1771010508225118,2,MAP_PMU,3,0.00029487401696789983,0.1768061768055439
4,UPFC_Vse,5-15,0.0576766347891083,2,WLS,3,0.00027269826273629977,0.0579493330518446
4,UPFC_Vse,5-15,0.0575735246487923,2,MAP_SCADA,3,0.0003758084030522982,0.0579493330518446
4,UPFC_Vse,5-15,0.0576757096050768,2,MAP_PMU,3,0.000273623446767797,0.0579493330518446
2,UPFC_Vsh,5-15,1.11174765138645,2,WLS,3,0.0003703010692643893,1.1113773503171855
2,UPFC_Vsh,5-15,1.112716678655468,2,MAP_SCADA,3,0.0013393283382825416,1.1113773503171855
2,UPFC_Vsh,5-15,1.1117508369347469,2,MAP_PMU,3,0.00037348661756131385,1.1113773503171855
5,UPFC_tse,5-15,-2.1237619302428024,2,WLS,3,0.0029603768112393958,-2.120801553431563
5,UPFC_tse,5-15,-2.1230999990028,2,MAP_SCADA,3,0.002298445571236929,-2.120801553431563
5,UPFC_tse,5-15,-2.1237542429616574,2,MAP_PMU,3,0.002952689530094421,-2.120801553431563
3,UPFC_tsh,5-15,-0.2361667845871365,2,WLS,3,3.426196644121249e-05,-0.2362010465535777
3,UPFC_tsh,5-15,-0.2371799133413688,2,MAP_SCADA,3,0.0009788667877910773,-0.2362010465535777
3,UPFC_tsh,5-15,-0.2361662130874154,2,MAP_PMU,3,3.4833466162315085e-05,-0.2362010465535777
0,x_tcsc,1-14,-0.1076935295738227,3,WLS,3,3.055095343310055e-05,-0.1077240805272558
0,x_tcsc,1-14,-0.1081144615164635,3,MAP_SCADA,3,0.00039038098920771147,-0.1077240805272558
0,x_tcsc,1-14,-0.1076855566006621,3,MAP_PMU,3,3.8523926593689306e-05,-0.1077240805272558
1,B_svc,2,0.1770954358582543,3,WLS,3,0.00028925905271040553,0.1768061768055439
1,B_svc,2,0.1654977181222396,3,MAP_SCADA,3,0.011308458683304295,0.1768061768055439
1,B_svc,2,0.1770721759158078,3,MAP_PMU,3,0.0002659991102638981,0.1768061768055439
4,UPFC_Vse,5-15,0.0581288445431678,3,WLS,3,0.0001795114913232046,0.0579493330518446
4,UPFC_Vse,5-15,0.0576055159860732,3,MAP_SCADA,3,0.0003438170657713985,0.0579493330518446
4,UPFC_Vse,5-15,0.0581250760224713,3,MAP_PMU,3,0.00017574297062670358,0.0579493330518446
2,UPFC_Vsh,5-15,1.1124370620404558,3,WLS,3,0.0010597117232702402,1.1113773503171855
2,UPFC_Vsh,5-15,1.115389257090103,3,MAP_SCADA,3,0.004011906772917406,1.1113773503171855
2,UPFC_Vsh,5-15,1.1124426008873547,3,MAP_PMU,3,0.0010652505701691517,1.1113773503171855
5,UPFC_tse,5-15,-2.1270697772212257,3,WLS,3,0.006268223789662741,-2.120801553431563
5,UPFC_tse,5-15,-2.1228174010783643,3,MAP_SCADA,3,0.0020158476468012942,-2.120801553431563
5,UPFC_tse,5-15,-2.12709306106651,3,MAP_PMU,3,0.006291507634947013,-2.120801553431563
3,UPFC_tsh,5-15,-0.2361918121323884,3,WLS,3,9.23442118930251e-06,-0.2362010465535777
3,UPFC_tsh,5-15,-0.2355480509882025,3,MAP_SCADA,3,0.0006529955653752084,-0.2362010465535777
3,UPFC_tsh,5-15,-0.2361908595779844,3,MAP_PMU,3,1.0186975593295955e-05,-0.2362010465535777
0,x_tcsc,1-14,-0.1077050969838821,4,WLS,3,1.8983543373693457e-05,-0.1077240805272558
0,x_tcsc,1-14,-0.10634473140501,4,MAP_SCADA,3,0.0013793491222457988,-0.1077240805272558
0,x_tcsc,1-14,-0.1077120955175034,4,MAP_PMU,3,1.1985009752399356e-05,-0.1077240805272558
1,B_svc,2,0.1772097750415611,4,WLS,3,0.0004035982360172108,0.1768061768055439
1,B_svc,2,0.1755735078302422,4,MAP_SCADA,3,0.0012326689753016928,0.1768061768055439
1,B_svc,2,0.1772194803659358,4,MAP_PMU,3,0.0004133035603919033,0.1768061768055439
4,UPFC_Vse,5-15,0.0581883414811991,4,WLS,3,0.00023900842935450223,0.0579493330518446
4,UPFC_Vse,5-15,0.0584639012235131,4,MAP_SCADA,3,0.0005145681716685058,0.0579493330518446
4,UPFC_Vse,5-15,0.0581880892676436,4,MAP_PMU,3,0.00023875621579900336,0.0579493330518446
2,UPFC_Vsh,5-15,1.112073565848271,4,WLS,3,0.0006962155310854534,1.1113773503171855
2,UPFC_Vsh,5-15,1.111199722143873,4,MAP_SCADA,3,0.00017762817331257175,1.1113773503171855
2,UPFC_Vsh,5-15,1.1120751844518133,4,MAP_PMU,3,0.0006978341346277617,1.1113773503171855
5,UPFC_tse,5-15,-2.1234853895904657,4,WLS,3,0.002683836158902775,-2.120801553431563
5,UPFC_tse,5-15,-2.125218158257117,4,MAP_SCADA,3,0.00441660482555406,-2.120801553431563
5,UPFC_tse,5-15,-2.123480443825848,4,MAP_PMU,3,0.0026788903942849274,-2.120801553431563
3,UPFC_tsh,5-15,-0.2361754871534148,4,WLS,3,2.555940016291114e-05,-0.2362010465535777
3,UPFC_tsh,5-15,-0.2382009340591349,4,MAP_SCADA,3,0.001999887505557185,-0.2362010465535777
3,UPFC_tsh,5-15,-0.2361752281454592,4,MAP_PMU,3,2.5818408118521985e-05,-0.2362010465535777
0,x_tcsc,1-14,-0.1076920328851754,5,WLS,3,3.204764208039612e-05,-0.1077240805272558
0,x_tcsc,1-14,-0.1079082994169492,5,MAP_SCADA,3,0.00018421888969340217,-0.1077240805272558
0,x_tcsc,1-14,-0.1076892923363748,5,MAP_PMU,3,3.478819088099938e-05,-0.1077240805272558
1,B_svc,2,0.1771027283120134,5,WLS,3,0.00029655150646951123,0.1768061768055439
1,B_svc,2,0.1685733813608642,5,MAP_SCADA,3,0.008232795444679697,0.1768061768055439
1,B_svc,2,0.1770957821306824,5,MAP_PMU,3,0.0002896053251384978,0.1768061768055439
4,UPFC_Vse,5-15,0.0577494227792751,5,WLS,3,0.00019991027256949928,0.0579493330518446
4,UPFC_Vse,5-15,0.0575864519264921,5,MAP_SCADA,3,0.00036288112535249467,0.0579493330518446
4,UPFC_Vse,5-15,0.05774806030175,5,MAP_PMU,3,0.00020127275009459988,0.0579493330518446
2,UPFC_Vsh,5-15,1.1118624322818065,5,WLS,3,0.000485081964620937,1.1113773503171855
2,UPFC_Vsh,5-15,1.1124061159697878,5,MAP_SCADA,3,0.001028765652602237,1.1113773503171855
2,UPFC_Vsh,5-15,1.1118668589080618,5,MAP_PMU,3,0.0004895085908762642,1.1113773503171855
5,UPFC_tse,5-15,-2.125126067308716,5,WLS,3,0.004324513877152825,-2.120801553431563
5,UPFC_tse,5-15,-2.123550517995745,5,MAP_SCADA,3,0.0027489645641818328,-2.120801553431563
5,UPFC_tse,5-15,-2.125125244371308,5,MAP_PMU,3,0.004323690939744829,-2.120801553431563
3,UPFC_tsh,5-15,-0.2361887906879261,5,WLS,3,1.225586565162251e-05,-0.2362010465535777
3,UPFC_tsh,5-15,-0.2369410129883002,5,MAP_SCADA,3,0.0007399664347224888,-0.2362010465535777
3,UPFC_tsh,5-15,-0.2361881809873093,5,MAP_PMU,3,1.2865566268421835e-05,-0.2362010465535777
0,x_tcsc,1-14,-0.1077012089545869,6,WLS,3,2.287157266889217e-05,-0.1077240805272558
0,x_tcsc,1-14,-0.1045107019372545,6,MAP_SCADA,3,0.0032133785900013007,-0.1077240805272558
0,x_tcsc,1-14,-0.1077403329941576,6,MAP_PMU,3,1.6252466901803264e-05,-0.1077240805272558
1,B_svc,2,0.1770350515127376,6,WLS,3,0.00022887470719371028,0.1768061768055439
1,B_svc,2,0.1767290105409961,6,MAP_SCADA,3,7.716626454778996e-05,0.1768061768055439
1,B_svc,2,0.1770501872019589,6,MAP_PMU,3,0.00024401039641500089,0.1768061768055439
4,UPFC_Vse,5-15,0.0577312638157075,6,WLS,3,0.00021806923613709728,0.0579493330518446
4,UPFC_Vse,5-15,0.0576260792132012,6,MAP_SCADA,3,0.00032325383864339335,0.0579493330518446
4,UPFC_Vse,5-15,0.0577310129569387,6,MAP_PMU,3,0.00021832009490589666,0.0579493330518446
2,UPFC_Vsh,5-15,1.1120781499886834,6,WLS,3,0.0007007996714978315,1.1113773503171855
2,UPFC_Vsh,5-15,1.1135006915001406,6,MAP_SCADA,3,0.0021233411829550963,1.1113773503171855
2,UPFC_Vsh,5-15,1.1120715495130054,6,MAP_PMU,3,0.0006941991958198113,1.1113773503171855
5,UPFC_tse,5-15,-2.1267346784057173,6,WLS,3,0.005933124974154325,-2.120801553431563
5,UPFC_tse,5-15,-2.124829114767701,6,MAP_SCADA,3,0.004027561336138241,-2.120801553431563
5,UPFC_tse,5-15,-2.1267421423824384,6,MAP_PMU,3,0.005940588950875458,-2.120801553431563
3,UPFC_tsh,5-15,-0.2361239846243096,6,WLS,3,7.70619292680963e-05,-0.2362010465535777
3,UPFC_tsh,5-15,-0.2383235367792493,6,MAP_SCADA,3,0.002122490225671597,-0.2362010465535777
3,UPFC_tsh,5-15,-0.2361238829405266,6,MAP_PMU,3,7.716361305110109e-05,-0.2362010465535777
0,x_tcsc,1-14,-0.1076924757189019,7,WLS,3,3.160480835388835e-05,-0.1077240805272558
0,x_tcsc,1-14,-0.1045988244161524,7,MAP_SCADA,3,0.003125256111103397,-0.1077240805272558
0,x_tcsc,1-14,-0.1077610045355115,7,MAP_PMU,3,3.6924008255709295e-05,-0.1077240805272558
1,B_svc,2,0.176835373650057,7,WLS,3,2.9196844513107445e-05,0.1768061768055439
1,B_svc,2,0.1712470443244542,7,MAP_SCADA,3,0.00555913248108969,0.1768061768055439
1,B_svc,2,0.1768437657919978,7,MAP_PMU,3,3.7588986453895856e-05,0.1768061768055439
4,UPFC_Vse,5-15,0.058281990240094,7,WLS,3,0.00033265718824940227,0.0579493330518446
4,UPFC_Vse,5-15,0.0583206289255564,7,MAP_SCADA,3,0.00037129587371180495,0.0579493330518446
4,UPFC_Vse,5-15,0.0582816875593427,7,MAP_PMU,3,0.000332354507498106,0.0579493330518446
2,UPFC_Vsh,5-15,1.112021607771829,7,WLS,3,0.000644257454643471,1.1113773503171855
2,UPFC_Vsh,5-15,1.1143225166077113,7,MAP_SCADA,3,0.002945166290525769,1.1113773503171855
2,UPFC_Vsh,5-15,1.1120176513483102,7,MAP_PMU,3,0.0006403010311246682,1.1113773503171855
5,UPFC_tse,5-15,-2.126427088388378,7,WLS,3,0.005625534956815059,-2.120801553431563
5,UPFC_tse,5-15,-2.125530772288669,7,MAP_SCADA,3,0.004729218857105977,-2.120801553431563
5,UPFC_tse,5-15,-2.126415871194753,7,MAP_PMU,3,0.005614317763189991,-2.120801553431563
3,UPFC_tsh,5-15,-0.2361910062700268,7,WLS,3,1.004028355092168e-05,-0.2362010465535777
3,UPFC_tsh,5-15,-0.237676134755732,7,MAP_SCADA,3,0.0014750882021542788,-0.2362010465535777
3,UPFC_tsh,5-15,-0.2361908301499969,7,MAP_PMU,3,1.0216403580814992e-05,-0.2362010465535777
0,x_tcsc,1-14,-0.1077046467480835,8,WLS,3,1.9433779172295385e-05,-0.1077240805272558
0,x_tcsc,1-14,-0.1052133161498671,8,MAP_SCADA,3,0.0025107643773886884,-0.1077240805272558
0,x_tcsc,1-14,-0.1077256424970736,8,MAP_PMU,3,1.561969817806541e-06,-0.1077240805272558
1,B_svc,2,0.1766338814104349,8,WLS,3,0.00017229539510899006,0.1768061768055439
1,B_svc,2,0.1765255215568726,8,MAP_SCADA,3,0.00028065524867129654,0.1768061768055439
1,B_svc,2,0.1766565176319183,8,MAP_PMU,3,0.00014965917362558256,0.1768061768055439
4,UPFC_Vse,5-15,0.0576475782626855,8,WLS,3,0.00030175478915909354,0.0579493330518446
4,UPFC_Vse,5-15,0.0575742942186923,8,MAP_SCADA,3,0.0003750388331522983,0.0579493330518446
4,UPFC_Vse,5-15,0.0576475569159208,8,MAP_PMU,3,0.00030177613592379665,0.0579493330518446
2,UPFC_Vsh,5-15,1.1116500436939711,8,WLS,3,0.00027269337678559324,1.1113773503171855
2,UPFC_Vsh,5-15,1.1094174165188055,8,MAP_SCADA,3,0.001959933798379998,1.1113773503171855
2,UPFC_Vsh,5-15,1.1116459583388285,8,MAP_PMU,3,0.0002686080216429687,1.1113773503171855
5,UPFC_tse,5-15,-2.1256355140499994,8,WLS,3,0.004833960618436439,-2.120801553431563
5,UPFC_tse,5-15,-2.128784796891451,8,MAP_SCADA,3,0.0079832434598881,-2.120801553431563
5,UPFC_tse,5-15,-2.125639171033592,8,MAP_PMU,3,0.004837617602028832,-2.120801553431563
3,UPFC_tsh,5-15,-0.2361740314712511,8,WLS,3,2.7015082326609097e-05,-0.2362010465535777
3,UPFC_tsh,5-15,-0.2394379408323106,8,MAP_SCADA,3,0.003236894278732888,-0.2362010465535777
3,UPFC_tsh,5-15,-0.2361744240072202,8,MAP_PMU,3,2.6622546357518706e-05,-0.2362010465535777
0,x_tcsc,1-14,-0.1076924114527842,9,WLS,3,3.166907447159362e-05,-0.1077240805272558
0,x_tcsc,1-14,-0.1058694583135297,9,MAP_SCADA,3,0.0018546222137260926,-0.1077240805272558
0,x_tcsc,1-14,-0.1077063478567935,9,MAP_PMU,3,1.7732670462289324e-05,-0.1077240805272558
1,B_svc,2,0.1770189002362064,9,WLS,3,0.00021272343066250365,0.1768061768055439
1,B_svc,2,0.1745204610707672,9,MAP_SCADA,3,0.0022857157347766777,0.1768061768055439
1,B_svc,2,0.1770403362554831,9,MAP_PMU,3,0.00023415944993920856,0.1768061768055439
4,UPFC_Vse,5-15,0.057953928786712,9,WLS,3,4.595734867406109e-06,0.0579493330518446
4,UPFC_Vse,5-15,0.0578097762594768,9,MAP_SCADA,3,0.0001395567923677954,0.0579493330518446
4,UPFC_Vse,5-15,0.0579544400078928,9,MAP_PMU,3,5.106956048203659e-06,0.0579493330518446
2,UPFC_Vsh,5-15,1.1121630102229692,9,WLS,3,0.0007856599057836089,1.1113773503171855
2,UPFC_Vsh,5-15,1.110964173874104,9,MAP_SCADA,3,0.0004131764430814755,1.1113773503171855
2,UPFC_Vsh,5-15,1.1121610076836366,9,MAP_PMU,3,0.0007836573664510293,1.1113773503171855
5,UPFC_tse,5-15,-2.122548850945777,9,WLS,3,0.0017472975142140967,-2.120801553431563
5,UPFC_tse,5-15,-2.124621495031673,9,MAP_SCADA,3,0.0038199416001098996,-2.120801553431563
5,UPFC_tse,5-15,-2.1225445025661327,9,MAP_PMU,3,0.0017429491345697379,-2.120801553431563
3,UPFC_tsh,5-15,-0.2361520479222482,9,WLS,3,4.899863132951099e-05,-0.2362010465535777
3,UPFC_tsh,5-15,-0.2387539604104957,9,MAP_SCADA,3,0.0025529138569179988,-0.2362010465535777
3,UPFC_tsh,5-15,-0.2361521555564404,9,MAP_PMU,3,4.889099713731304e-05,-0.2362010465535777
0,x_tcsc,1-14,-0.1086648066969375,0,WLS,4,5.9604978411897935e-05,-0.1087244116753494
0,x_tcsc,1-14,-0.1070284412461947,0,MAP_SCADA,4,0.001695970429154689,-0.1087244116753494
0,x_tcsc,1-14,-0.1086847325430103,0,MAP_PMU,4,3.967913233909881e-05,-0.1087244116753494
1,B_svc,2,0.1782399104614622,0,WLS,4,6.426659726860295e-05,0.1781756438641936
1,B_svc,2,0.172506831699301,0,MAP_SCADA,4,0.005668812164892595,0.1781756438641936
1,B_svc,2,0.1782612639005455,0,MAP_PMU,4,8.562003635190218e-05,0.1781756438641936
4,UPFC_Vse,5-15,0.0580058433563455,0,WLS,4,0.0002814876703977065,0.0577243556859478
4,UPFC_Vse,5-15,0.0580114974818672,0,MAP_SCADA,4,0.0002871417959194045,0.0577243556859478
4,UPFC_Vse,5-15,0.0580046614498357,0,MAP_PMU,4,0.00028030576388790585,0.0577243556859478
2,UPFC_Vsh,5-15,1.1118459236780238,0,WLS,4,0.0009471438830261913,1.1108987797949976
2,UPFC_Vsh,5-15,1.1102086318187063,0,MAP_SCADA,4,0.0006901479762912999,1.1108987797949976
2,UPFC_Vsh,5-15,1.111850277870975,0,MAP_PMU,4,0.0009514980759772751,1.1108987797949976
5,UPFC_tse,5-15,-2.1260208544368715,0,WLS,4,0.005612340355015455,-2.120408514081856
5,UPFC_tse,5-15,-2.125013314471087,0,MAP_SCADA,4,0.004604800389230945,-2.120408514081856
5,UPFC_tse,5-15,-2.126008200534484,0,MAP_PMU,4,0.005599686452627761,-2.120408514081856
3,UPFC_tsh,5-15,-0.2353105741929781,0,WLS,4,7.312378142179665e-05,-0.2353836979743999
3,UPFC_tsh,5-15,-0.2377466939834934,0,MAP_SCADA,4,0.00236299600909351,-0.2353836979743999
3,UPFC_tsh,5-15,-0.2353100477725923,0,MAP_PMU,4,7.365020180760684e-05,-0.2353836979743999
0,x_tcsc,1-14,-0.1086952954769094,1,WLS,4,2.9116198439996244e-05,-0.1087244116753494
0,x_tcsc,1-14,-0.1067255256403177,1,MAP_SCADA,4,0.001998886035031691,-0.1087244116753494
0,x_tcsc,1-14,-0.1087310851461481,1,MAP_PMU,4,6.673470798704284e-06,-0.1087244116753494
1,B_svc,2,0.1785438676272772,1,WLS,4,0.00036822376308359717,0.1781756438641936
1,B_svc,2,0.1699620932372151,1,MAP_SCADA,4,0.00821355062697851,0.1781756438641936
1,B_svc,2,0.1785672353106347,1,MAP_PMU,4,0.000391591446441103,0.1781756438641936
4,UPFC_Vse,5-15,0.0582949720006379,1,WLS,4,0.0005706163146901033,0.0577243556859478
4,UPFC_Vse,5-15,0.0581152203758432,1,MAP_SCADA,4,0.0003908646898954024,0.0577243556859478
4,UPFC_Vse,5-15,0.058293646128115,1,MAP_PMU,4,0.0005692904421672057,0.0577243556859478
2,UPFC_Vsh,5-15,1.1116887525361194,1,WLS,4,0.0007899727411218027,1.1108987797949976
2,UPFC_Vsh,5-15,1.1123615374976672,1,MAP_SCADA,4,0.0014627577026695704,1.1108987797949976
2,UPFC_Vsh,5-15,1.1116921298145594,1,MAP_PMU,4,0.0007933500195618226,1.1108987797949976
5,UPFC_tse,5-15,-2.122739157457711,1,WLS,4,0.0023306433758549794,-2.120408514081856
5,UPFC_tse,5-15,-2.1211163238376645,1,MAP_SCADA,4,0.0007078097558084195,-2.120408514081856
5,UPFC_tse,5-15,-2.122735515273277,1,MAP_PMU,4,0.00232700119142093,-2.120408514081856
3,UPFC_tsh,5-15,-0.2353334958502135,1,WLS,4,5.0202124186410346e-05,-0.2353836979743999
3,UPFC_tsh,5-15,-0.2369684384345173,1,MAP_SCADA,4,0.0015847404601173898,-0.2353836979743999
3,UPFC_tsh,5-15,-0.2353326282937219,1,MAP_PMU,4,5.1069680678000884e-05,-0.2353836979743999
0,x_tcsc,1-14,-0.108681309399462,2,WLS,4,4.3102275887399455e-05,-0.1087244116753494
0,x_tcsc,1-14,-0.1070769698284908,2,MAP_SCADA,4,0.0016474418468585966,-0.1087244116753494
0,x_tcsc,1-14,-0.1087003269571178,2,MAP_PMU,4,2.408471823159286e-05,-0.1087244116753494
1,B_svc,2,0.1785466103121628,2,WLS,4,0.00037096644796918987,0.1781756438641936
1,B_svc,2,0.1721999161702743,2,MAP_SCADA,4,0.005975727693919297,0.1781756438641936
1,B_svc,2,0.1785626713282795,2,MAP_PMU,4,0.00038702746408589284,0.1781756438641936
4,UPFC_Vse,5-15,0.0576330075456302,2,WLS,4,9.134814031759586e-05,0.0577243556859478
4,UPFC_Vse,5-15,0.0575735246487923,2,MAP_SCADA,4,0.000150831037155498,0.0577243556859478
4,UPFC_Vse,5-15,0.0576316237806445,2,MAP_PMU,4,9.273190530329628e-05,0.0577243556859478
2,UPFC_Vsh,5-15,1.111749002599723,2,WLS,4,0.0008502228047253535,1.1108987797949976
2,UPFC_Vsh,5-15,1.112716678655468,2,MAP_SCADA,4,0.0018178988604704571,1.1108987797949976
2,UPFC_Vsh,5-15,1.111753180392493,2,MAP_PMU,4,0.0008544005974953084,1.1108987797949976
5,UPFC_tse,5-15,-2.1239871905860364,2,WLS,4,0.0035786765041803115,-2.120408514081856
5,UPFC_tse,5-15,-2.1230999990028,2,MAP_SCADA,4,0.002691484920943843,-2.120408514081856
5,UPFC_tse,5-15,-2.123971621499021,2,MAP_PMU,4,0.0035631074171651456,-2.120408514081856
3,UPFC_tsh,5-15,-0.2353280057841349,2,WLS,4,5.569219026499428e-05,-0.2353836979743999
3,UPFC_tsh,5-15,-0.2371799133413688,2,MAP_SCADA,4,0.0017962153669688896,-0.2353836979743999
3,UPFC_tsh,5-15,-0.2353270831808123,2,MAP_PMU,4,5.6614793587594914e-05,-0.2353836979743999
0,x_tcsc,1-14,-0.1086790570432829,3,WLS,4,4.5354632066493816e-05,-0.1087244116753494
0,x_tcsc,1-14,-0.1081144615164635,3,MAP_SCADA,4,0.0006099501588858885,-0.1087244116753494
0,x_tcsc,1-14,-0.1086895049820875,3,MAP_PMU,4,3.490669326189355e-05,-0.1087244116753494
1,B_svc,2,0.1785435813206423,3,WLS,4,0.000367937456448697,0.1781756438641936
1,B_svc,2,0.1654977181222396,3,MAP_SCADA,4,0.012677925741954005,0.1781756438641936
1,B_svc,2,0.1785300084563589,3,MAP_PMU,4,0.0003543645921653127,0.1781756438641936
4,UPFC_Vse,5-15,0.0580861239411618,3,WLS,4,0.00036176825521400113,0.0577243556859478
4,UPFC_Vse,5-15,0.0576055159860732,3,MAP_SCADA,4,0.0001188396998745983,0.0577243556859478
4,UPFC_Vse,5-15,0.0580809155136224,3,MAP_PMU,4,0.0003565598276746018,0.0577243556859478
2,UPFC_Vsh,5-15,1.112437824938975,3,WLS,4,0.0015390451439774022,1.1108987797949976
2,UPFC_Vsh,5-15,1.115389257090103,3,MAP_SCADA,4,0.004490477295105322,1.1108987797949976
2,UPFC_Vsh,5-15,1.1124451672042437,3,MAP_PMU,4,0.0015463874092460639,1.1108987797949976
5,UPFC_tse,5-15,-2.127280931488407,3,WLS,4,0.00687241740655109,-2.120408514081856
5,UPFC_tse,5-15,-2.1228174010783643,3,MAP_SCADA,4,0.0024088869965082083,-2.120408514081856
5,UPFC_tse,5-15,-2.127302337487555,3,MAP_PMU,4,0.0068938234056989955,-2.120408514081856
3,UPFC_tsh,5-15,-0.2353527423921083,3,WLS,4,3.0955582291603e-05,-0.2353836979743999
3,UPFC_tsh,5-15,-0.2355480509882025,3,MAP_SCADA,4,0.00016435301380260392,-0.2353836979743999
3,UPFC_tsh,5-15,-0.2353513459319769,3,MAP_PMU,4,3.235204242299505e-05,-0.2353836979743999
0,x_tcsc,1-14,-0.1086911586517612,4,WLS,4,3.3253023588197816e-05,-0.1087244116753494
0,x_tcsc,1-14,-0.10634473140501,4,MAP_SCADA,4,0.0023796802703393988,-0.1087244116753494
0,x_tcsc,1-14,-0.1087153196610059,4,MAP_PMU,4,9.09201434350082e-06,-0.1087244116753494
1,B_svc,2,0.1786593140806668,4,WLS,4,0.0004836702164731921,0.1781756438641936
1,B_svc,2,0.1755735078302422,4,MAP_SCADA,4,0.002602136033951402,0.1781756438641936
1,B_svc,2,0.1786868712750984,4,MAP_PMU,4,0.0005112274109048132,0.1781756438641936
4,UPFC_Vse,5-15,0.0581447166534982,4,WLS,4,0.0004203609675504025,0.0577243556859478
4,UPFC_Vse,5-15,0.0584639012235131,4,MAP_SCADA,4,0.0007395455375653059,0.0577243556859478
4,UPFC_Vse,5-15,0.0581445717537782,4,MAP_PMU,4,0.00042021606783040205,0.0577243556859478
2,UPFC_Vsh,5-15,1.112075122275758,4,WLS,4,0.0011763424807604839,1.1108987797949976
2,UPFC_Vsh,5-15,1.111199722143873,4,MAP_SCADA,4,0.00030094234887534377,1.1108987797949976
2,UPFC_Vsh,5-15,1.112076509240345,4,MAP_PMU,4,0.0011777294453474418,1.1108987797949976
5,UPFC_tse,5-15,-2.123707922213387,4,WLS,4,0.0032994081315309565,-2.120408514081856
5,UPFC_tse,5-15,-2.125218158257117,4,MAP_SCADA,4,0.004809644175260974,-2.120408514081856
5,UPFC_tse,5-15,-2.123692484900869,4,MAP_PMU,4,0.0032839708190128825,-2.120408514081856
3,UPFC_tsh,5-15,-0.2353366331576961,4,WLS,4,4.706481670380125e-05,-0.2353836979743999
3,UPFC_tsh,5-15,-0.2382009340591349,4,MAP_SCADA,4,0.0028172360847349975,-0.2353836979743999
3,UPFC_tsh,5-15,-0.235336201177466,4,MAP_PMU,4,4.7496796933887975e-05,-0.2353836979743999
0,x_tcsc,1-14,-0.1086779215108133,5,WLS,4,4.649016453608934e-05,-0.1087244116753494
0,x_tcsc,1-14,-0.1079082994169492,5,MAP_SCADA,4,0.0008161122584001979,-0.1087244116753494
0,x_tcsc,1-14,-0.1086904667266177,5,MAP_PMU,4,3.39449487316984e-05,-0.1087244116753494
1,B_svc,2,0.1785522467198759,5,WLS,4,0.00037660285568230645,0.1781756438641936
1,B_svc,2,0.1685733813608642,5,MAP_SCADA,4,0.009602262503329406,0.1781756438641936
1,B_svc,2,0.1785569983184248,5,MAP_PMU,4,0.0003813544542312086,0.1781756438641936
4,UPFC_Vse,5-15,0.0577060849590243,5,WLS,4,1.8270726923494407e-05,0.0577243556859478
4,UPFC_Vse,5-15,0.0575864519264921,5,MAP_SCADA,4,0.0001379037594556945,0.0577243556859478
4,UPFC_Vse,5-15,0.0577042188196422,5,MAP_PMU,4,2.0136866305593693e-05,0.0577243556859478
2,UPFC_Vsh,5-15,1.1118633660487447,5,WLS,4,0.0009645862537470684,1.1108987797949976
2,UPFC_Vsh,5-15,1.1124061159697878,5,MAP_SCADA,4,0.0015073361747901526,1.1108987797949976
2,UPFC_Vsh,5-15,1.1118692052370565,5,MAP_PMU,4,0.000970425442058831,1.1108987797949976
5,UPFC_tse,5-15,-2.125350571069806,5,WLS,4,0.004942056987950139,-2.120408514081856
5,UPFC_tse,5-15,-2.123550517995745,5,MAP_SCADA,4,0.0031420039138887468,-2.120408514081856
5,UPFC_tse,5-15,-2.1253442001069485,5,MAP_PMU,4,0.004935686025092423,-2.120408514081856
3,UPFC_tsh,5-15,-0.2353499989074655,5,WLS,4,3.369906693440061e-05,-0.2353836979743999
3,UPFC_tsh,5-15,-0.2369410129883002,5,MAP_SCADA,4,0.0015573150139003011,-0.2353836979743999
3,UPFC_tsh,5-15,-0.235349069600443,5,MAP_PMU,4,3.462837395690199e-05,-0.2353836979743999
0,x_tcsc,1-14,-0.1086871018882167,6,WLS,4,3.730978713269162e-05,-0.1087244116753494
0,x_tcsc,1-14,-0.1045107019372545,6,MAP_SCADA,4,0.004213709738094901,-0.1087244116753494
0,x_tcsc,1-14,-0.1087600820037496,6,MAP_PMU,4,3.567032840021134e-05,-0.1087244116753494
1,B_svc,2,0.178482364371843,6,WLS,4,0.00030672050764940506,0.1781756438641936
1,B_svc,2,0.1767290105409961,6,MAP_SCADA,4,0.0014466333231974993,0.1781756438641936
1,B_svc,2,0.1785185920555015,6,MAP_PMU,4,0.0003429481913078958,0.1781756438641936
4,UPFC_Vse,5-15,0.057688415256564,6,WLS,4,3.5940429383797545e-05,0.0577243556859478
4,UPFC_Vse,5-15,0.0576260792132012,6,MAP_SCADA,4,9.827647274659318e-05,0.0577243556859478
4,UPFC_Vse,5-15,0.0576884941976198,6,MAP_PMU,4,3.586148832799424e-05,0.0577243556859478
2,UPFC_Vsh,5-15,1.1120796820213612,6,WLS,4,0.0011809022263635782,1.1108987797949976
2,UPFC_Vsh,5-15,1.1135006915001406,6,MAP_SCADA,4,0.002601911705143012,1.1108987797949976
2,UPFC_Vsh,5-15,1.1120681727229087,6,MAP_PMU,4,0.0011693929279110726,1.1108987797949976
5,UPFC_tse,5-15,-2.126966287448389,6,WLS,4,0.00655777336653296,-2.120408514081856
5,UPFC_tse,5-15,-2.124829114767701,6,MAP_SCADA,4,0.004420600685845155,-2.120408514081856
5,UPFC_tse,5-15,-2.1269690256717424,6,MAP_PMU,4,0.006560511589886353,-2.120408514081856
3,UPFC_tsh,5-15,-0.235285353823709,6,WLS,4,9.834415069090441e-05,-0.2353836979743999
3,UPFC_tsh,5-15,-0.2383235367792493,6,MAP_SCADA,4,0.0029398388048494095,-0.2353836979743999
3,UPFC_tsh,5-15,-0.2352851980203171,6,MAP_PMU,4,9.849995408278689e-05,-0.2353836979743999
0,x_tcsc,1-14,-0.1086784871676337,7,WLS,4,4.5924507715691676e-05,-0.1087244116753494
0,x_tcsc,1-14,-0.1045988244161524,7,MAP_SCADA,4,0.004125587259196997,-0.1087244116753494
0,x_tcsc,1-14,-0.1087908034872768,7,MAP_PMU,4,6.639181192739929e-05,-0.1087244116753494
1,B_svc,2,0.1782843154672211,7,WLS,4,0.00010867160302749368,0.1781756438641936
1,B_svc,2,0.1712470443244542,7,MAP_SCADA,4,0.0069285995397394,0.1781756438641936
1,B_svc,2,0.1783147484909411,7,MAP_PMU,4,0.00013910462674748825,0.1781756438641936
4,UPFC_Vse,5-15,0.0582397913376569,7,WLS,4,0.0005154356517091049,0.0577243556859478
4,UPFC_Vse,5-15,0.0583206289255564,7,MAP_SCADA,4,0.0005962732396086051,0.0577243556859478
4,UPFC_Vse,5-15,0.0582398039970112,7,MAP_PMU,4,0.0005154483110634059,0.0577243556859478
2,UPFC_Vsh,5-15,1.112021437853753,7,WLS,4,0.0011226580587553325,1.1108987797949976
2,UPFC_Vsh,5-15,1.1143225166077113,7,MAP_SCADA,4,0.0034237368127136847,1.1108987797949976
2,UPFC_Vsh,5-15,1.112013313097438,7,MAP_PMU,4,0.0011145333024402682,1.1108987797949976
5,UPFC_tse,5-15,-2.1266261013872683,7,WLS,4,0.00621758730541222,-2.120408514081856
5,UPFC_tse,5-15,-2.125530772288669,7,MAP_SCADA,4,0.005122258206812891,-2.120408514081856
5,UPFC_tse,5-15,-2.126605700716921,7,MAP_PMU,4,0.006197186635064966,-2.120408514081856
3,UPFC_tsh,5-15,-0.2353523355559882,7,WLS,4,3.1362418411701176e-05,-0.2353836979743999
3,UPFC_tsh,5-15,-0.237676134755732,7,MAP_SCADA,4,0.002292436781332091,-0.2353836979743999
3,UPFC_tsh,5-15,-0.235352082089519,7,MAP_PMU,4,3.161588488090339e-05,-0.2353836979743999
0,x_tcsc,1-14,-0.1086904993265451,8,WLS,4,3.391234880428806e-05,-0.1087244116753494
0,x_tcsc,1-14,-0.1052133161498671,8,MAP_SCADA,4,0.0035110955254822884,-0.1087244116753494
0,x_tcsc,1-14,-0.1087378345067028,8,MAP_PMU,4,1.3422831353401832e-05,-0.1087244116753494
1,B_svc,2,0.1780819672072693,8,WLS,4,9.367665692430749e-05,0.1781756438641936
1,B_svc,2,0.1765255215568726,8,MAP_SCADA,4,0.0016501223073210058,0.1781756438641936
1,B_svc,2,0.1781297318885411,8,MAP_PMU,4,4.5911975652512815e-05,0.1781756438641936
4,UPFC_Vse,5-15,0.0576041109518112,8,WLS,4,0.00012024473413659725,0.0577243556859478
4,UPFC_Vse,5-15,0.0575742942186923,8,MAP_SCADA,4,0.00015006146725549813,0.0577243556859478
4,UPFC_Vse,5-15,0.0576051592836557,8,MAP_PMU,4,0.00011919640229209744,0.0577243556859478
2,UPFC_Vsh,5-15,1.1116508752308325,8,WLS,4,0.0007520954358348764,1.1108987797949976
2,UPFC_Vsh,5-15,1.1094174165188055,8,MAP_SCADA,4,0.0014813632761920825,1.1108987797949976
2,UPFC_Vsh,5-15,1.1116432831327046,8,MAP_PMU,4,0.0007445033377069254,1.1108987797949976
5,UPFC_tse,5-15,-2.1258644685448007,8,WLS,4,0.005455954462944668,-2.120408514081856
5,UPFC_tse,5-15,-2.128784796891451,8,MAP_SCADA,4,0.008376282809595015,-2.120408514081856
5,UPFC_tse,5-15,-2.125864306949583,8,MAP_PMU,4,0.005455792867727016,-2.120408514081856
3,UPFC_tsh,5-15,-0.2353349588613546,8,WLS,4,4.873911304528744e-05,-0.2353836979743999
3,UPFC_tsh,5-15,-0.2394379408323106,8,MAP_SCADA,4,0.0040542428579107,-0.2353836979743999
3,UPFC_tsh,5-15,-0.2353355652888302,8,MAP_PMU,4,4.8132685569690636e-05,-0.2353836979743999
0,x_tcsc,1-14,-0.1086781395246089,9,WLS,4,4.6272150740489515e-05,-0.1087244116753494
0,x_tcsc,1-14,-0.1058694583135297,9,MAP_SCADA,4,0.0028549533618196926,-0.1087244116753494
0,x_tcsc,1-14,-0.1087141328565175,9,MAP_PMU,4,1.0278818831893632e-05,-0.1087244116753494
1,B_svc,2,0.1784657256459599,9,WLS,4,0.0002900817817662882,0.1781756438641936
1,B_svc,2,0.1745204610707672,9,MAP_SCADA,4,0.003655182793426387,0.1781756438641936
1,B_svc,2,0.1785107112424333,9,MAP_PMU,4,0.0003350673782397118,0.1781756438641936
4,UPFC_Vse,5-15,0.0579109996736098,9,WLS,4,0.00018664398766200102,0.0577243556859478
4,UPFC_Vse,5-15,0.0578097762594768,9,MAP_SCADA,4,8.542057352900478e-05,0.0577243556859478
4,UPFC_Vse,5-15,0.0579122043580487,9,MAP_PMU,4,0.00018784867210090012,0.0577243556859478
2,UPFC_Vsh,5-15,1.1121639845732056,9,WLS,4,0.0012652047782080178,1.1108987797949976
2,UPFC_Vsh,5-15,1.110964173874104,9,MAP_SCADA,4,6.539407910644002e-05,1.1108987797949976
2,UPFC_Vsh,5-15,1.112159719819527,9,MAP_PMU,4,0.0012609400245293667,1.1108987797949976
5,UPFC_tse,5-15,-2.1227744905852965,9,WLS,4,0.0023659765034405034,-2.120408514081856
5,UPFC_tse,5-15,-2.124621495031673,9,MAP_SCADA,4,0.004212980949816814,-2.120408514081856
5,UPFC_tse,5-15,-2.1227666804681515,9,MAP_PMU,4,0.0023581663862954905,-2.120408514081856
3,UPFC_tsh,5-15,-0.2353136374005725,9,WLS,4,7.006057382738518e-05,-0.2353836979743999
3,UPFC_tsh,5-15,-0.2387539604104957,9,MAP_SCADA,4,0.003370262436095811,-0.2353836979743999
3,UPFC_tsh,5-15,-0.2353137533138463,9,MAP_PMU,4,6.994466055360027e-05,-0.2353836979743999
0,x_tcsc,1-14,-0.1091448619796793,0,WLS,5,6.228310115069524e-05,-0.10920714508083
0,x_tcsc,1-14,-0.1070284412461947,0,MAP_SCADA,5,0.0021787038346352955,-0.10920714508083
0,x_tcsc,1-14,-0.109175706485968,0,MAP_PMU,5,3.143859486200162e-05,-0.10920714508083
1,B_svc,2,0.1787402297459739,0,WLS,5,7.544285374500026e-05,0.1786647868922289
1,B_svc,2,0.172506831699301,0,MAP_SCADA,5,0.006157955192927889,0.1786647868922289
1,B_svc,2,0.1787726747193417,0,MAP_PMU,5,0.00010788782711279588,0.1786647868922289
4,UPFC_Vse,5-15,0.0580657047093384,0,WLS,5,0.0002171516924677,0.0578485530168707
4,UPFC_Vse,5-15,0.0580114974818672,0,MAP_SCADA,5,0.00016294446499649784,0.0578485530168707
4,UPFC_Vse,5-15,0.0580651067053579,0,MAP_PMU,5,0.00021655368848719908,0.0578485530168707
2,UPFC_Vsh,5-15,1.1118493138677223,0,WLS,5,0.0013808088672813135,1.110468505000441
2,UPFC_Vsh,5-15,1.1102086318187063,0,MAP_SCADA,5,0.0002598731817347044,1.110468505000441
2,UPFC_Vsh,5-15,1.1118511331488727,0,MAP_PMU,5,0.0013826281484317082,1.110468505000441
5,UPFC_tse,5-15,-2.126638287710872,0,WLS,5,0.004689867706834772,-2.121948420004037
5,UPFC_tse,5-15,-2.125013314471087,0,MAP_SCADA,5,0.003064894467049939,-2.121948420004037
5,UPFC_tse,5-15,-2.126627321579269,0,MAP_PMU,5,0.004678901575231986,-2.121948420004037
3,UPFC_tsh,5-15,-0.2348174738561038,0,WLS,5,8.138255570611097e-05,-0.2348988564118099
3,UPFC_tsh,5-15,-0.2377466939834934,0,MAP_SCADA,5,0.002847837571683498,-0.2348988564118099
3,UPFC_tsh,5-15,-0.2348170623258638,0,MAP_PMU,5,8.179408594610749e-05,-0.2348988564118099
0,x_tcsc,1-14,-0.109175362203403,1,WLS,5,3.1782877427000145e-05,-0.10920714508083
0,x_tcsc,1-14,-0.1067255256403177,1,MAP_SCADA,5,0.0024816194405122977,-0.10920714508083
0,x_tcsc,1-14,-0.1092258794021536,1,MAP_PMU,5,1.873432132359909e-05,-0.10920714508083
1,B_svc,2,0.1790459609615399,1,WLS,5,0.0003811740693110133,0.1786647868922289
1,B_svc,2,0.1699620932372151,1,MAP_SCADA,5,0.008702693655013805,0.1786647868922289
1,B_svc,2,0.1790811998832141,1,MAP_PMU,5,0.00041641299098521545,0.1786647868922289
4,UPFC_Vse,5-15,0.0583547152301335,1,WLS,5,0.0005061622132627938,0.0578485530168707
4,UPFC_Vse,5-15,0.0581152203758432,1,MAP_SCADA,5,0.00026666735897249577,0.0578485530168707
4,UPFC_Vse,5-15,0.0583536124827413,1,MAP_PMU,5,0.0005050594658705942,0.0578485530168707
2,UPFC_Vsh,5-15,1.1116916117326263,1,WLS,5,0.0012231067321852862,1.110468505000441
2,UPFC_Vsh,5-15,1.1123615374976672,1,MAP_SCADA,5,0.0018930324972261658,1.110468505000441
2,UPFC_Vsh,5-15,1.111692331381853,1,MAP_PMU,5,0.001223826381411941,1.110468505000441
5,UPFC_tse,5-15,-2.1233548556709603,1,WLS,5,0.0014064356669232225,-2.121948420004037
5,UPFC_tse,5-15,-2.1211163238376645,1,MAP_SCADA,5,0.0008320961663725868,-2.121948420004037
5,UPFC_tse,5-15,-2.123357437732447,1,MAP_PMU,5,0.001409017728410067,-2.121948420004037
3,UPFC_tsh,5-15,-0.2348404919040726,1,WLS,5,5.836450773730184e-05,-0.2348988564118099
3,UPFC_tsh,5-15,-0.2369684384345173,1,MAP_SCADA,5,0.002069582022707378,-0.2348988564118099
3,UPFC_tsh,5-15,-0.2348397255814568,1,MAP_PMU,5,5.9130830353110175e-05,-0.2348988564118099
0,x_tcsc,1-14,-0.1091614228892573,2,WLS,5,4.572219157270019e-05,-0.10920714508083
0,x_tcsc,1-14,-0.1070769698284908,2,MAP_SCADA,5,0.002130175252339203,-0.10920714508083
0,x_tcsc,1-14,-0.109191214579513,2,MAP_PMU,5,1.5930501316999135e-05,-0.10920714508083
1,B_svc,2,0.1790467040617149,2,WLS,5,0.00038191716948601795,0.1786647868922289
1,B_svc,2,0.1721999161702743,2,MAP_SCADA,5,0.006464870721954591,0.1786647868922289
1,B_svc,2,0.1790732958935513,2,MAP_PMU,5,0.00040850900132241574,0.1786647868922289
4,UPFC_Vse,5-15,0.0576926707377842,2,WLS,5,0.00015588227908649999,0.0578485530168707
4,UPFC_Vse,5-15,0.0575735246487923,2,MAP_SCADA,5,0.00027502836807840464,0.0578485530168707
4,UPFC_Vse,5-15,0.0576913775928526,2,MAP_PMU,5,0.00015717542401810086,0.0578485530168707
2,UPFC_Vsh,5-15,1.1117521049664894,2,WLS,5,0.001283599966048321,1.110468505000441
2,UPFC_Vsh,5-15,1.112716678655468,2,MAP_SCADA,5,0.0022481736550270526,1.110468505000441
2,UPFC_Vsh,5-15,1.111754321836801,2,MAP_PMU,5,0.0012858168363598654,1.110468505000441
5,UPFC_tse,5-15,-2.1246178588037647,2,WLS,5,0.002669438799727697,-2.121948420004037
5,UPFC_tse,5-15,-2.1230999990028,2,MAP_SCADA,5,0.0011515789987628366,-2.121948420004037
5,UPFC_tse,5-15,-2.124604703242318,2,MAP_PMU,5,0.002656283238280821,-2.121948420004037
3,UPFC_tsh,5-15,-0.2348349594030281,2,WLS,5,6.389700878181581e-05,-0.2348988564118099
3,UPFC_tsh,5-15,-0.2371799133413688,2,MAP_SCADA,5,0.002281056929558878,-0.2348988564118099
3,UPFC_tsh,5-15,-0.2348340919518034,2,MAP_PMU,5,6.476446000650005e-05,-0.2348988564118099
0,x_tcsc,1-14,-0.1091589608311971,3,WLS,5,4.818424963290435e-05,-0.10920714508083
0,x_tcsc,1-14,-0.1081144615164635,3,MAP_SCADA,5,0.001092683564366495,-0.10920714508083
0,x_tcsc,1-14,-0.1091820066328144,3,MAP_PMU,5,2.513844801560472e-05,-0.10920714508083
1,B_svc,2,0.1790437556378364,3,WLS,5,0.0003789687456074997,0.1786647868922289
1,B_svc,2,0.1654977181222396,3,MAP_SCADA,5,0.013167068769989299,0.1786647868922289
1,B_svc,2,0.1790383973064075,3,MAP_PMU,5,0.0003736104141786045,0.1786647868922289
4,UPFC_Vse,5-15,0.0581464372062977,3,WLS,5,0.0002978841894270001,0.0578485530168707
4,UPFC_Vse,5-15,0.0576055159860732,3,MAP_SCADA,5,0.00024303703079750494,0.0578485530168707
4,UPFC_Vse,5-15,0.0581401316045126,3,MAP_PMU,5,0.00029157858764189415,0.0578485530168707
2,UPFC_Vsh,5-15,1.112440493297956,3,WLS,5,0.0019719882975148817,1.110468505000441
2,UPFC_Vsh,5-15,1.115389257090103,3,MAP_SCADA,5,0.004920752089661917,1.110468505000441
2,UPFC_Vsh,5-15,1.1124470015391772,3,MAP_PMU,5,0.001978496538736163,1.110468505000441
5,UPFC_tse,5-15,-2.1278983257622643,3,WLS,5,0.005949905758227292,-2.121948420004037
5,UPFC_tse,5-15,-2.1228174010783643,3,MAP_SCADA,5,0.000868981074327202,-2.121948420004037
5,UPFC_tse,5-15,-2.127933990730108,3,MAP_PMU,5,0.005985570726070755,-2.121948420004037
3,UPFC_tsh,5-15,-0.2348596589314655,3,WLS,5,3.919748034442172e-05,-0.2348988564118099
3,UPFC_tsh,5-15,-0.2355480509882025,3,MAP_SCADA,5,0.0006491945763925921,-0.2348988564118099
3,UPFC_tsh,5-15,-0.2348582395279204,3,MAP_PMU,5,4.061688388951046e-05,-0.2348988564118099
0,x_tcsc,1-14,-0.1091712836083143,4,WLS,5,3.586147251570526e-05,-0.10920714508083
0,x_tcsc,1-14,-0.10634473140501,4,MAP_SCADA,5,0.0028624136758200053,-0.10920714508083
0,x_tcsc,1-14,-0.1092072392715848,4,MAP_PMU,5,9.419075479299988e-08,-0.10920714508083
1,B_svc,2,0.1791607086008106,4,WLS,5,0.0004959217085817036,0.1786647868922289
1,B_svc,2,0.1755735078302422,4,MAP_SCADA,5,0.003091279061986696,0.1786647868922289
1,B_svc,2,0.1792002889804152,4,MAP_PMU,5,0.0005355020881863126,0.1786647868922289
4,UPFC_Vse,5-15,0.0582042322759431,4,WLS,5,0.00035567925907240006,0.0578485530168707
4,UPFC_Vse,5-15,0.0584639012235131,4,MAP_SCADA,5,0.0006153482066423993,0.0578485530168707
4,UPFC_Vse,5-15,0.0582045464882439,4,MAP_PMU,5,0.0003559934713731963,0.0578485530168707
2,UPFC_Vsh,5-15,1.1120784169368974,4,WLS,5,0.0016099119364563208,1.110468505000441
2,UPFC_Vsh,5-15,1.111199722143873,4,MAP_SCADA,5,0.0007312171434319392,1.110468505000441
2,UPFC_Vsh,5-15,1.112076951429629,4,MAP_PMU,5,0.001608446429187893,1.110468505000441
5,UPFC_tse,5-15,-2.124328156984068,4,WLS,5,0.002379736980031133,-2.121948420004037
5,UPFC_tse,5-15,-2.125218158257117,4,MAP_SCADA,5,0.003269738253079968,-2.121948420004037
5,UPFC_tse,5-15,-2.1243078788236924,4,MAP_PMU,5,0.00235945881965538,-2.121948420004037
3,UPFC_tsh,5-15,-0.2348435411709251,4,WLS,5,5.531524088481232e-05,-0.2348988564118099
3,UPFC_tsh,5-15,-0.2382009340591349,4,MAP_SCADA,5,0.0033020776473249858,-0.2348988564118099
3,UPFC_tsh,5-15,-0.2348432372466538,4,MAP_PMU,5,5.5619165156117756e-05,-0.2348988564118099
0,x_tcsc,1-14,-0.1091580659520561,5,WLS,5,4.907912877390175e-05,-0.10920714508083
0,x_tcsc,1-14,-0.1079082994169492,5,MAP_SCADA,5,0.0012988456638808044,-0.10920714508083
0,x_tcsc,1-14,-0.109181621512169,5,MAP_PMU,5,2.552356866100669e-05,-0.10920714508083
1,B_svc,2,0.1790530212925665,5,WLS,5,0.0003882344003376115,0.1786647868922289
1,B_svc,2,0.1685733813608642,5,MAP_SCADA,5,0.0100914055313647,0.1786647868922289
1,B_svc,2,0.179066865390357,5,MAP_PMU,5,0.0004020784981280945,0.1786647868922289
4,UPFC_Vse,5-15,0.0577659774266354,5,WLS,5,8.257559023530647e-05,0.0578485530168707
4,UPFC_Vse,5-15,0.0575864519264921,5,MAP_SCADA,5,0.00026210109037860113,0.0578485530168707
4,UPFC_Vse,5-15,0.0577641508336845,5,MAP_PMU,5,8.440218318620657e-05,0.0578485530168707
2,UPFC_Vsh,5-15,1.111866046348972,5,WLS,5,0.001397541348530984,1.110468505000441
2,UPFC_Vsh,5-15,1.1124061159697878,5,MAP_SCADA,5,0.001937610969346748,1.110468505000441
2,UPFC_Vsh,5-15,1.1118702790178927,5,MAP_PMU,5,0.0014017740174516735,1.110468505000441
5,UPFC_tse,5-15,-2.1259814750910477,5,WLS,5,0.004033055087010684,-2.121948420004037
5,UPFC_tse,5-15,-2.123550517995745,5,MAP_SCADA,5,0.0016020979917077405,-2.121948420004037
5,UPFC_tse,5-15,-2.125979885790988,5,MAP_PMU,5,0.004031465786951127,-2.121948420004037
3,UPFC_tsh,5-15,-0.2348569734195374,5,WLS,5,4.188299227250725e-05,-0.2348988564118099
3,UPFC_tsh,5-15,-0.2369410129883002,5,MAP_SCADA,5,0.0020421565764902894,-0.2348988564118099
3,UPFC_tsh,5-15,-0.2348560816191448,5,MAP_PMU,5,4.277479266509565e-05,-0.2348988564118099
0,x_tcsc,1-14,-0.1091671245628531,6,WLS,5,4.0020517976899206e-05,-0.10920714508083
0,x_tcsc,1-14,-0.1045107019372545,6,MAP_SCADA,5,0.004696443143575507,-0.10920714508083
0,x_tcsc,1-14,-0.1092599947749402,6,MAP_PMU,5,5.284969411019358e-05,-0.10920714508083
1,B_svc,2,0.1789827437410971,6,WLS,5,0.0003179568488682061,0.1786647868922289
1,B_svc,2,0.1767290105409961,6,MAP_SCADA,5,0.001935776351232793,0.1786647868922289
1,B_svc,2,0.1790327986799866,6,MAP_PMU,5,0.00036801178775769383,0.1786647868922289
4,UPFC_Vse,5-15,0.0577483546226867,6,WLS,5,0.00010019839418400067,0.0578485530168707
4,UPFC_Vse,5-15,0.0576260792132012,6,MAP_SCADA,5,0.00022247380366949981,0.0578485530168707
4,UPFC_Vse,5-15,0.0577486318718793,6,MAP_PMU,5,9.992114499140364e-05,0.0578485530168707
2,UPFC_Vsh,5-15,1.11208294199685,6,WLS,5,0.0016144369964090632,1.110468505000441
2,UPFC_Vsh,5-15,1.1135006915001406,6,MAP_SCADA,5,0.0030321864996996073,1.110468505000441
2,UPFC_Vsh,5-15,1.1120669227480533,6,MAP_PMU,5,0.0015984177476122685,1.110468505000441
5,UPFC_tse,5-15,-2.1275870799266587,6,WLS,5,0.005638659922621692,-2.121948420004037
5,UPFC_tse,5-15,-2.124829114767701,6,MAP_SCADA,5,0.002880694763664149,-2.121948420004037
5,UPFC_tse,5-15,-2.127597201719422,6,MAP_PMU,5,0.005648781715384743,-2.121948420004037
3,UPFC_tsh,5-15,-0.2347923188819353,6,WLS,5,0.0001065375298746063,-0.2348988564118099
3,UPFC_tsh,5-15,-0.2383235367792493,6,MAP_SCADA,5,0.0034246803674393977,-0.2348988564118099
3,UPFC_tsh,5-15,-0.2347923373014922,6,MAP_PMU,5,0.00010651911031769878,-0.2348988564118099
0,x_tcsc,1-14,-0.1091586444754179,7,WLS,5,4.850060541210233e-05,-0.10920714508083
0,x_tcsc,1-14,-0.1045988244161524,7,MAP_SCADA,5,0.004608320664677604,-0.10920714508083
0,x_tcsc,1-14,-0.1092957426937587,7,MAP_PMU,5,8.85976129287036e-05,-0.10920714508083
1,B_svc,2,0.1787851185306295,7,WLS,5,0.00012033163840061145,0.1786647868922289
1,B_svc,2,0.1712470443244542,7,MAP_SCADA,5,0.007417742567774693,0.1786647868922289
1,B_svc,2,0.1788299735402864,7,MAP_PMU,5,0.00016518664805750816,0.1786647868922289
4,UPFC_Vse,5-15,0.0583002982477736,7,WLS,5,0.0004517452309028974,0.0578485530168707
4,UPFC_Vse,5-15,0.0583206289255564,7,MAP_SCADA,5,0.0004720759086856985,0.0578485530168707
4,UPFC_Vse,5-15,0.0583005882567312,7,MAP_PMU,5,0.000452035239860496,0.0578485530168707
2,UPFC_Vsh,5-15,1.1120238100290607,7,WLS,5,0.001555305028619669,1.110468505000441
2,UPFC_Vsh,5-15,1.1143225166077113,7,MAP_SCADA,5,0.00385401160727028,1.110468505000441
2,UPFC_Vsh,5-15,1.1120115599495082,7,MAP_PMU,5,0.0015430549490671464,1.110468505000441
5,UPFC_tse,5-15,-2.127236129630905,7,WLS,5,0.005287709626867976,-2.121948420004037
5,UPFC_tse,5-15,-2.125530772288669,7,MAP_SCADA,5,0.0035823522846318845,-2.121948420004037
5,UPFC_tse,5-15,-2.1272158078332835,7,MAP_PMU,5,0.005267387829246406,-2.121948420004037
3,UPFC_tsh,5-15,-0.2348594034810919,7,WLS,5,3.945293071799805e-05,-0.2348988564118099
3,UPFC_tsh,5-15,-0.237676134755732,7,MAP_SCADA,5,0.0027772783439220794,-0.2348988564118099
3,UPFC_tsh,5-15,-0.2348593257597736,7,MAP_PMU,5,3.953065203629591e-05,-0.2348988564118099
0,x_tcsc,1-14,-0.1091706549868144,8,WLS,5,3.6490094015600993e-05,-0.10920714508083
0,x_tcsc,1-14,-0.1052133161498671,8,MAP_SCADA,5,0.003993828930962895,-0.10920714508083
0,x_tcsc,1-14,-0.1092341719203881,8,MAP_PMU,5,2.7026839558103033e-05,-0.10920714508083
1,B_svc,2,0.1785818398785666,8,WLS,5,8.29470136622934e-05,0.1786647868922289
1,B_svc,2,0.1765255215568726,8,MAP_SCADA,5,0.0021392653353562996,0.1786647868922289
1,B_svc,2,0.1786450558922199,8,MAP_PMU,5,1.9731000008987865e-05,0.1786647868922289
4,UPFC_Vse,5-15,0.057664001834277,8,WLS,5,0.00018455118259370212,0.0578485530168707
4,UPFC_Vse,5-15,0.0575742942186923,8,MAP_SCADA,5,0.00027425879817840476,0.0578485530168707
4,UPFC_Vse,5-15,0.0576659883819031,8,MAP_PMU,5,0.00018256463496760245,0.0578485530168707
2,UPFC_Vsh,5-15,1.1116535341958338,8,WLS,5,0.0011850291953927616,1.110468505000441
2,UPFC_Vsh,5-15,1.1094174165188055,8,MAP_SCADA,5,0.001051088481635487,1.110468505000441
2,UPFC_Vsh,5-15,1.1116417995877796,8,MAP_PMU,5,0.0011732945873386136,1.110468505000441
5,UPFC_tse,5-15,-2.1264964050907214,8,WLS,5,0.004547985086684303,-2.121948420004037
5,UPFC_tse,5-15,-2.128784796891451,8,MAP_SCADA,5,0.0068363768874140085,-2.121948420004037
5,UPFC_tse,5-15,-2.1264975695484525,8,MAP_PMU,5,0.004549149544415432,-2.121948420004037
3,UPFC_tsh,5-15,-0.2348418863302188,8,WLS,5,5.6970081591112276e-05,-0.2348988564118099
3,UPFC_tsh,5-15,-0.2394379408323106,8,MAP_SCADA,5,0.004539084420500689,-0.2348988564118099
3,UPFC_tsh,5-15,-0.2348427435280257,8,MAP_PMU,5,5.611288378420953e-05,-0.2348988564118099
0,x_tcsc,1-14,-0.1091581234061767,9,WLS,5,4.902167465330176e-05,-0.10920714508083
0,x_tcsc,1-14,-0.1058694583135297,9,MAP_SCADA,5,0.003337686767300299,-0.10920714508083
0,x_tcsc,1-14,-0.109208254795387,9,MAP_PMU,5,1.1097145569960443e-06,-0.10920714508083
1,B_svc,2,0.1789656552084694,9,WLS,5,0.0003008683162405157,0.1786647868922289
1,B_svc,2,0.1745204610707672,9,MAP_SCADA,5,0.004144325821461681,0.1786647868922289
1,B_svc,2,0.1790253687167616,9,MAP_PMU,5,0.0003605818245327186,0.1786647868922289
4,UPFC_Vse,5-15,0.0579707928781807,9,WLS,5,0.0001222398613099987,0.0578485530168707
4,UPFC_Vse,5-15,0.0578097762594768,9,MAP_SCADA,5,3.877675739390185e-05,0.0578485530168707
4,UPFC_Vse,5-15,0.0579728246664702,9,MAP_PMU,5,0.00012427164959949444,0.0578485530168707
2,UPFC_Vsh,5-15,1.1121669247936117,9,WLS,5,0.0016984197931706468,1.110468505000441
2,UPFC_Vsh,5-15,1.110964173874104,9,MAP_SCADA,5,0.0004956688736630355,1.110468505000441
2,UPFC_Vsh,5-15,1.1121588169003036,9,MAP_PMU,5,0.0016903118998625732,1.110468505000441
5,UPFC_tse,5-15,-2.1233982825928988,9,WLS,5,0.0014498625888617056,-2.121948420004037
5,UPFC_tse,5-15,-2.124621495031673,9,MAP_SCADA,5,0.0026730750276358073,-2.121948420004037
5,UPFC_tse,5-15,-2.123393420852404,9,MAP_PMU,5,0.0014450008483670729,-2.121948420004037
3,UPFC_tsh,5-15,-0.2348207478212051,9,WLS,5,7.810859060480846e-05,-0.2348988564118099
3,UPFC_tsh,5-15,-0.2387539604104957,9,MAP_SCADA,5,0.0038551039986857993,-0.2348988564118099
3,UPFC_tsh,5-15,-0.2348210708392439,9,MAP_PMU,5,7.778557256601926e-05,-0.2348988564118099
0,x_tcsc,1-14,-0.1086583600280173,0,WLS,6,5.3619310670591225e-05,-0.1087119793386879
0,x_tcsc,1-14,-0.1070284412461947,0,MAP_SCADA,6,0.001683538092493192,-0.1087119793386879
0,x_tcsc,1-14,-0.1086779303605625,0,MAP_PMU,6,3.404897812539498e-05,-0.1087119793386879
1,B_svc,2,0.1779149616383902,0,WLS,6,3.1532014116208984e-05,0.177883429624274
1,B_svc,2,0.172506831699301,0,MAP_SCADA,6,0.005376597924972998,0.177883429624274
1,B_svc,2,0.1779363306779631,0,MAP_PMU,6,5.2901053689102806e-05,0.177883429624274
4,UPFC_Vse,5-15,0.0580001290319266,0,WLS,6,0.0003883767283541992,0.0576117523035724
4,UPFC_Vse,5-15,0.0580114974818672,0,MAP_SCADA,6,0.0003997451782948025,0.0576117523035724
4,UPFC_Vse,5-15,0.0579995287779204,0,MAP_PMU,6,0.0003877764743480047,0.0576117523035724
2,UPFC_Vsh,5-15,1.1118431199540912,0,WLS,6,0.0011734724330860757,1.1106696475210052
2,UPFC_Vsh,5-15,1.1102086318187063,0,MAP_SCADA,6,0.00046101570229883926,1.1106696475210052
2,UPFC_Vsh,5-15,1.1118446281741037,0,MAP_PMU,6,0.0011749806530985119,1.1106696475210052
5,UPFC_tse,5-15,-2.127316636149001,0,WLS,6,0.005889742457640956,-2.12142689369136
5,UPFC_tse,5-15,-2.125013314471087,0,MAP_SCADA,6,0.0035864207797269287,-2.12142689369136
5,UPFC_tse,5-15,-2.127305092834832,0,MAP_PMU,6,0.005878199143471985,-2.12142689369136
3,UPFC_tsh,5-15,-0.2353772757863304,0,WLS,6,6.588605145740889e-05,-0.2354431618377878
3,UPFC_tsh,5-15,-0.2377466939834934,0,MAP_SCADA,6,0.0023035321457056113,-0.2354431618377878
3,UPFC_tsh,5-15,-0.2353770094717489,0,MAP_PMU,6,6.61523660389074e-05,-0.2354431618377878
0,x_tcsc,1-14,-0.108688656688829,1,WLS,6,2.3322649858895095e-05,-0.1087119793386879
0,x_tcsc,1-14,-0.1067255256403177,1,MAP_SCADA,6,0.001986453698370194,-0.1087119793386879
0,x_tcsc,1-14,-0.1087240491831773,1,MAP_PMU,6,1.2069844489398518e-05,-0.1087119793386879
1,B_svc,2,0.1782191676090344,1,WLS,6,0.00033573798476038696,0.177883429624274
1,B_svc,2,0.1699620932372151,1,MAP_SCADA,6,0.007921336387058914,0.177883429624274
1,B_svc,2,0.1782428237956561,1,MAP_PMU,6,0.00035939417138208807,0.177883429624274
4,UPFC_Vse,5-15,0.0582890853900395,1,WLS,6,0.0006773330864670996,0.0576117523035724
4,UPFC_Vse,5-15,0.0581152203758432,1,MAP_SCADA,6,0.0005034680722708004,0.0576117523035724
4,UPFC_Vse,5-15,0.0582878612639237,1,MAP_PMU,6,0.0006761089603513001,0.0576117523035724
2,UPFC_Vsh,5-15,1.1116859371588452,1,WLS,6,0.001016289637840062,1.1106696475210052
2,UPFC_Vsh,5-15,1.1123615374976672,1,MAP_SCADA,6,0.001691889976662031,1.1106696475210052
2,UPFC_Vsh,5-15,1.1116868444486638,1,MAP_PMU,6,0.00101719692765867,1.1106696475210052
5,UPFC_tse,5-15,-2.1240257118268624,1,WLS,6,0.0025988181355023343,-2.12142689369136
5,UPFC_tse,5-15,-2.1211163238376645,1,MAP_SCADA,6,0.000310569853695597,-2.12142689369136
5,UPFC_tse,5-15,-2.124027838452281,1,MAP_PMU,6,0.0026009447609207648,-2.12142689369136
3,UPFC_tsh,5-15,-0.2354001874488188,1,WLS,6,4.297438896899708e-05,-0.2354431618377878
3,UPFC_tsh,5-15,-0.2369684384345173,1,MAP_SCADA,6,0.0015252765967294912,-0.2354431618377878
3,UPFC_tsh,5-15,-0.2353995948270372,1,MAP_PMU,6,4.356701075058922e-05,-0.2354431618377878
0,x_tcsc,1-14,-0.1086748396724475,2,WLS,6,3.713966624040166e-05,-0.1087119793386879
0,x_tcsc,1-14,-0.1070769698284908,2,MAP_SCADA,6,0.0016350095101970996,-0.1087119793386879
0,x_tcsc,1-14,-0.1086935617000306,2,MAP_PMU,6,1.8417638657300395e-05,-0.1087119793386879
1,B_svc,2,0.178221713765738,2,WLS,6,0.00033828414146400143,0.177883429624274
1,B_svc,2,0.1721999161702743,2,MAP_SCADA,6,0.0056835134539997,0.177883429624274
1,B_svc,2,0.1782380110969191,2,MAP_PMU,6,0.0003545814726451102,0.177883429624274
4,UPFC_Vse,5-15,0.0576271623534805,2,WLS,6,1.541004990809891e-05,0.0576117523035724
4,UPFC_Vse,5-15,0.0575735246487923,2,MAP_SCADA,6,3.8227654780099984e-05,0.0576117523035724
4,UPFC_Vse,5-15,0.0576258546193066,2,MAP_PMU,6,1.4102315734204618e-05,0.0576117523035724
2,UPFC_Vsh,5-15,1.111746096123503,2,WLS,6,0.0010764486024978925,1.1106696475210052
2,UPFC_Vsh,5-15,1.112716678655468,2,MAP_SCADA,6,0.0020470311344629177,1.1106696475210052
2,UPFC_Vsh,5-15,1.1117479925980152,2,MAP_PMU,6,0.00107834507700999,1.1106696475210052
5,UPFC_tse,5-15,-2.125294478389083,2,WLS,6,0.003867584697722748,-2.12142689369136
5,UPFC_tse,5-15,-2.1230999990028,2,MAP_SCADA,6,0.0016731053114398264,-2.12142689369136
5,UPFC_tse,5-15,-2.125282001496404,2,MAP_PMU,6,0.0038551078050437226,-2.12142689369136
3,UPFC_tsh,5-15,-0.2353947039862982,2,WLS,6,4.84578514896028e-05,-0.2354431618377878
3,UPFC_tsh,5-15,-0.2371799133413688,2,MAP_SCADA,6,0.001736751503580991,-0.2354431618377878
3,UPFC_tsh,5-15,-0.2353940464611073,2,MAP_PMU,6,4.911537668050858e-05,-0.2354431618377878
0,x_tcsc,1-14,-0.1086725942237456,3,WLS,6,3.9385114942294686e-05,-0.1087119793386879
0,x_tcsc,1-14,-0.1081144615164635,3,MAP_SCADA,6,0.0005975178222243915,-0.1087119793386879
0,x_tcsc,1-14,-0.1086829016347936,3,MAP_PMU,6,2.9077703894292428e-05,-0.1087119793386879
1,B_svc,2,0.1782179964341337,3,WLS,6,0.0003345668098596877,0.177883429624274
1,B_svc,2,0.1654977181222396,3,MAP_SCADA,6,0.012385711502034408,0.177883429624274
1,B_svc,2,0.1782048636279881,3,MAP_PMU,6,0.0003214340037140939,0.177883429624274
4,UPFC_Vse,5-15,0.0580808127333516,3,WLS,6,0.00046906042977919865,0.0576117523035724
4,UPFC_Vse,5-15,0.0576055159860732,3,MAP_SCADA,6,6.2363174992002834e-06,0.0576117523035724
4,UPFC_Vse,5-15,0.0580745559128947,3,MAP_PMU,6,0.0004628036093222987,0.0576117523035724
2,UPFC_Vsh,5-15,1.1124347010585498,3,WLS,6,0.0017650535375446363,1.1106696475210052
2,UPFC_Vsh,5-15,1.115389257090103,3,MAP_SCADA,6,0.004719609569097782,1.1106696475210052
2,UPFC_Vsh,5-15,1.112440602659701,3,MAP_PMU,6,0.00177095513869574,1.1106696475210052
5,UPFC_tse,5-15,-2.12858207705272,3,WLS,6,0.007155183361359896,-2.12142689369136
5,UPFC_tse,5-15,-2.1228174010783643,3,MAP_SCADA,6,0.0013905073870041917,-2.12142689369136
5,UPFC_tse,5-15,-2.1286155617167384,3,MAP_PMU,6,0.00718866802537832,-2.12142689369136
3,UPFC_tsh,5-15,-0.2354195808840533,3,WLS,6,2.3580953734503307e-05,-0.2354431618377878
3,UPFC_tsh,5-15,-0.2355480509882025,3,MAP_SCADA,6,0.00010488915041470537,-0.2354431618377878
3,UPFC_tsh,5-15,-0.2354183935984329,3,MAP_PMU,6,2.4768239354905353e-05,-0.2354431618377878
0,x_tcsc,1-14,-0.1086846364554711,4,WLS,6,2.7342883216791014e-05,-0.1087119793386879
0,x_tcsc,1-14,-0.10634473140501,4,MAP_SCADA,6,0.0023672479336779018,-0.1087119793386879
0,x_tcsc,1-14,-0.1087083565146211,4,MAP_PMU,6,3.6228240667957046e-06,-0.1087119793386879
1,B_svc,2,0.1783344830668196,4,WLS,6,0.0004510534425455903,0.177883429624274
1,B_svc,2,0.1755735078302422,4,MAP_SCADA,6,0.002309921794031805,0.177883429624274
1,B_svc,2,0.1783621363558974,4,MAP_PMU,6,0.00047870673162339616,0.177883429624274
4,UPFC_Vse,5-15,0.0581389040408466,4,WLS,6,0.0005271517372742035,0.0576117523035724
4,UPFC_Vse,5-15,0.0584639012235131,4,MAP_SCADA,6,0.000852148919940704,0.0576117523035724
4,UPFC_Vse,5-15,0.0581391154606858,4,MAP_PMU,6,0.0005273631571134016,0.0576117523035724
2,UPFC_Vsh,5-15,1.1120723569583209,4,WLS,6,0.0014027094373156856,1.1106696475210052
2,UPFC_Vsh,5-15,1.111199722143873,4,MAP_SCADA,6,0.0005300746228678044,1.1106696475210052
2,UPFC_Vsh,5-15,1.112071213168259,4,MAP_PMU,6,0.0014015656472539106,1.1106696475210052
5,UPFC_tse,5-15,-2.125002445817384,4,WLS,6,0.0035755521260241174,-2.12142689369136
5,UPFC_tse,5-15,-2.125218158257117,4,MAP_SCADA,6,0.0037912645657569577,-2.12142689369136
5,UPFC_tse,5-15,-2.1249829765249757,4,MAP_PMU,6,0.003556082833615637,-2.12142689369136
3,UPFC_tsh,5-15,-0.2354033315149327,4,WLS,6,3.983032285509447e-05,-0.2354431618377878
3,UPFC_tsh,5-15,-0.2382009340591349,4,MAP_SCADA,6,0.002757772221347099,-0.2354431618377878
3,UPFC_tsh,5-15,-0.2354031528875931,4,MAP_PMU,6,4.000895019470874e-05,-0.2354431618377878
0,x_tcsc,1-14,-0.1086715563778741,5,WLS,6,4.042296081380181e-05,-0.1087119793386879
0,x_tcsc,1-14,-0.1079082994169492,5,MAP_SCADA,6,0.0008036799217387008,-0.1087119793386879
0,x_tcsc,1-14,-0.1086838992962793,5,MAP_PMU,6,2.8080042408604178e-05,-0.1087119793386879
1,B_svc,2,0.1782264908172028,5,WLS,6,0.00034306119292878967,0.177883429624274
1,B_svc,2,0.1685733813608642,5,MAP_SCADA,6,0.00931004826340981,0.177883429624274
1,B_svc,2,0.1782314566118695,5,MAP_PMU,6,0.00034802698759550665,0.177883429624274
4,UPFC_Vse,5-15,0.0577005770854929,5,WLS,6,8.88247819205018e-05,0.0576117523035724
4,UPFC_Vse,5-15,0.0575864519264921,5,MAP_SCADA,6,2.5300377080296477e-05,0.0576117523035724
4,UPFC_Vse,5-15,0.057698754877306,5,MAP_PMU,6,8.700257373359804e-05,0.0576117523035724
2,UPFC_Vsh,5-15,1.111860099849274,5,WLS,6,0.001190452328268865,1.1106696475210052
2,UPFC_Vsh,5-15,1.1124061159697878,5,MAP_SCADA,6,0.0017364684487826132,1.1106696475210052
2,UPFC_Vsh,5-15,1.1118639238183738,5,MAP_PMU,6,0.0011942762973686794,1.1106696475210052
5,UPFC_tse,5-15,-2.1266621871001106,5,WLS,6,0.005235293408750508,-2.12142689369136
5,UPFC_tse,5-15,-2.123550517995745,5,MAP_SCADA,6,0.0021236243043847303,-2.12142689369136
5,UPFC_tse,5-15,-2.126660074349192,5,MAP_PMU,6,0.0052331806578318485,-2.12142689369136
3,UPFC_tsh,5-15,-0.2354168342399094,5,WLS,6,2.6327597878406106e-05,-0.2354431618377878
3,UPFC_tsh,5-15,-0.2369410129883002,5,MAP_SCADA,6,0.0014978511505124026,-0.2354431618377878
3,UPFC_tsh,5-15,-0.2354161222459266,5,MAP_PMU,6,2.7039591861205414e-05,-0.2354431618377878
0,x_tcsc,1-14,-0.1086805441212382,6,WLS,6,3.1435217449693464e-05,-0.1087119793386879
0,x_tcsc,1-14,-0.1045107019372545,6,MAP_SCADA,6,0.004201277401433404,-0.1087119793386879
0,x_tcsc,1-14,-0.1087528080412097,6,MAP_PMU,6,4.082870252179738e-05,-0.1087119793386879
1,B_svc,2,0.1781577160169495,6,WLS,6,0.00027428639267548793,0.177883429624274
1,B_svc,2,0.1767290105409961,6,MAP_SCADA,6,0.0011544190832779022,0.177883429624274
1,B_svc,2,0.1781944693494056,6,MAP_PMU,6,0.0003110397251316066,0.177883429624274
4,UPFC_Vse,5-15,0.0576825796532942,6,WLS,6,7.08273497218026e-05,0.0576117523035724
4,UPFC_Vse,5-15,0.0576260792132012,6,MAP_SCADA,6,1.432690962880484e-05,0.0576117523035724
4,UPFC_Vse,5-15,0.0576822354702347,6,MAP_PMU,6,7.04831666622982e-05,0.0576117523035724
2,UPFC_Vsh,5-15,1.1120768463321895,6,WLS,6,0.0014071988111843403,1.1106696475210052
2,UPFC_Vsh,5-15,1.1135006915001406,6,MAP_SCADA,6,0.0028310439791354725,1.1106696475210052
2,UPFC_Vsh,5-15,1.112063762267551,6,MAP_PMU,6,0.001394114746545938,1.1106696475210052
5,UPFC_tse,5-15,-2.128257449553068,6,WLS,6,0.00683055586170811,-2.12142689369136
5,UPFC_tse,5-15,-2.124829114767701,6,MAP_SCADA,6,0.0034022210763411387,-2.12142689369136
5,UPFC_tse,5-15,-2.1282626725880576,6,MAP_PMU,6,0.006835778896697509,-2.12142689369136
3,UPFC_tsh,5-15,-0.235351906179258,6,WLS,6,9.125565852979856e-05,-0.2354431618377878
3,UPFC_tsh,5-15,-0.2383235367792493,6,MAP_SCADA,6,0.002880374941461511,-0.2354431618377878
3,UPFC_tsh,5-15,-0.2353519666228083,6,MAP_PMU,6,9.119521497949479e-05,-0.2354431618377878
0,x_tcsc,1-14,-0.1086720498864307,7,WLS,6,3.992945225719802e-05,-0.1087119793386879
0,x_tcsc,1-14,-0.1045988244161524,7,MAP_SCADA,6,0.0041131549225355,-0.1087119793386879
0,x_tcsc,1-14,-0.1087836231443414,7,MAP_PMU,6,7.164380565349848e-05,-0.1087119793386879
1,B_svc,2,0.1779590927713569,7,WLS,6,7.5663147082905e-05,0.177883429624274
1,B_svc,2,0.1712470443244542,7,MAP_SCADA,6,0.0066363852998198025,0.177883429624274
1,B_svc,2,0.177990234144407,7,MAP_PMU,6,0.00010680452013300812,0.177883429624274
4,UPFC_Vse,5-15,0.0582346862994092,7,WLS,6,0.000622933995836801,0.0576117523035724
4,UPFC_Vse,5-15,0.0583206289255564,7,MAP_SCADA,6,0.0007088766219840031,0.0576117523035724
4,UPFC_Vse,5-15,0.058234313072741,7,MAP_PMU,6,0.000622560769168598,0.0576117523035724
2,UPFC_Vsh,5-15,1.1120183103461263,7,WLS,6,0.0013486628251211386,1.1106696475210052
2,UPFC_Vsh,5-15,1.1143225166077113,7,MAP_SCADA,6,0.0036528690867061453,1.1106696475210052
2,UPFC_Vsh,5-15,1.112008818663635,7,MAP_PMU,6,0.0013391711426298247,1.1106696475210052
5,UPFC_tse,5-15,-2.1279242282126325,7,WLS,6,0.006497334521272435,-2.12142689369136
5,UPFC_tse,5-15,-2.125530772288669,7,MAP_SCADA,6,0.004103878597308874,-2.12142689369136
5,UPFC_tse,5-15,-2.127901572432354,7,MAP_PMU,6,0.006474678740993944,-2.12142689369136
3,UPFC_tsh,5-15,-0.2354192096341143,7,WLS,6,2.3952203673488492e-05,-0.2354431618377878
3,UPFC_tsh,5-15,-0.237676134755732,7,MAP_SCADA,6,0.0022329729179441926,-0.2354431618377878
3,UPFC_tsh,5-15,-0.2354191627138005,7,MAP_PMU,6,2.3999123987289428e-05,-0.2354431618377878
0,x_tcsc,1-14,-0.1086841752587001,8,WLS,6,2.7804079987800434e-05,-0.1087119793386879
0,x_tcsc,1-14,-0.1052133161498671,8,MAP_SCADA,6,0.0034986631888207914,-0.1087119793386879
0,x_tcsc,1-14,-0.1087308363863096,8,MAP_PMU,6,1.8857047621709255e-05,-0.1087119793386879
1,B_svc,2,0.1777559013614504,8,WLS,6,0.00012752826282361185,0.177883429624274
1,B_svc,2,0.1765255215568726,8,MAP_SCADA,6,0.0013579080674014088,0.177883429624274
1,B_svc,2,0.1778035896699914,8,MAP_PMU,6,7.98399542825956e-05,0.177883429624274
4,UPFC_Vse,5-15,0.0575985752996973,8,WLS,6,1.3177003875097792e-05,0.0576117523035724
4,UPFC_Vse,5-15,0.0575742942186923,8,MAP_SCADA,6,3.7458084880100107e-05,0.0576117523035724
4,UPFC_Vse,5-15,0.057600089139222,8,MAP_PMU,6,1.1663164350396438e-05,0.0576117523035724
2,UPFC_Vsh,5-15,1.1116479255111291,8,WLS,6,0.0009782779901239547,1.1106696475210052
2,UPFC_Vsh,5-15,1.1094174165188055,8,MAP_SCADA,6,0.001252231002199622,1.1106696475210052
2,UPFC_Vsh,5-15,1.1116381165193143,8,MAP_PMU,6,0.0009684689983091577,1.1106696475210052
5,UPFC_tse,5-15,-2.127173012752292,8,WLS,6,0.005746119060932031,-2.12142689369136
5,UPFC_tse,5-15,-2.128784796891451,8,MAP_SCADA,6,0.007357903200090998,-2.12142689369136
5,UPFC_tse,5-15,-2.127173659343504,8,MAP_PMU,6,0.005746765652144159,-2.12142689369136
3,UPFC_tsh,5-15,-0.2354017872059639,8,WLS,6,4.137463182388168e-05,-0.2354431618377878
3,UPFC_tsh,5-15,-0.2394379408323106,8,MAP_SCADA,6,0.003994778994522802,-0.2354431618377878
3,UPFC_tsh,5-15,-0.2354025771510716,8,MAP_PMU,6,4.0584686716194085e-05,-0.2354431618377878
0,x_tcsc,1-14,-0.1086716501084324,9,WLS,6,4.0329230255500836e-05,-0.1087119793386879
0,x_tcsc,1-14,-0.1058694583135297,9,MAP_SCADA,6,0.0028425210251581956,-0.1087119793386879
0,x_tcsc,1-14,-0.1087071048277776,9,MAP_PMU,6,4.87451091030211e-06,-0.1087119793386879
1,B_svc,2,0.178140702291349,9,WLS,6,0.0002572726670750092,0.177883429624274
1,B_svc,2,0.1745204610707672,9,MAP_SCADA,6,0.00336296855350679,0.177883429624274
1,B_svc,2,0.1781856540217394,9,MAP_PMU,6,0.00030222439746538377,0.177883429624274
4,UPFC_Vse,5-15,0.05790504687104,9,WLS,6,0.0002932945674676002,0.0576117523035724
4,UPFC_Vse,5-15,0.0578097762594768,9,MAP_SCADA,6,0.0001980239559044028,0.0576117523035724
4,UPFC_Vse,5-15,0.0579067302804025,9,MAP_PMU,6,0.00029497797683010474,0.0576117523035724
2,UPFC_Vsh,5-15,1.112161112444738,9,WLS,6,0.0014914649237327549,1.1106696475210052
2,UPFC_Vsh,5-15,1.110964173874104,9,MAP_SCADA,6,0.00029452635309890063,1.1106696475210052
2,UPFC_Vsh,5-15,1.112154366254258,9,MAP_PMU,6,0.0014847187332527323,1.1106696475210052
5,UPFC_tse,5-15,-2.124068457219425,9,WLS,6,0.002641563528064772,-2.12142689369136
5,UPFC_tse,5-15,-2.124621495031673,9,MAP_SCADA,6,0.003194601340312797,-2.12142689369136
5,UPFC_tse,5-15,-2.124064297537388,9,MAP_PMU,6,0.0026374038460277305,-2.12142689369136
3,UPFC_tsh,5-15,-0.2353803445919015,9,WLS,6,6.281724588630411e-05,-0.2354431618377878
3,UPFC_tsh,5-15,-0.2387539604104957,9,MAP_SCADA,6,0.0033107985727079126,-0.2354431618377878
3,UPFC_tsh,5-15,-0.2353807007503179,9,MAP_PMU,6,6.246108746990608e-05,-0.2354431618377878
0,x_tcsc,1-14,-0.1085873007221719,0,WLS,7,5.606248984330042e-05,-0.1086433632120152
0,x_tcsc,1-14,-0.1070284412461947,0,MAP_SCADA,7,0.0016149219658204983,-0.1086433632120152
0,x_tcsc,1-14,-0.1086055824415438,0,MAP_PMU,7,3.778077047141004e-05,-0.1086433632120152
1,B_svc,2,0.1779906371502348,0,WLS,7,4.7583018822600076e-05,0.1779430541314122
1,B_svc,2,0.172506831699301,0,MAP_SCADA,7,0.0054362224321111985,0.1779430541314122
1,B_svc,2,0.1780103726527608,0,MAP_PMU,7,6.731852134858607e-05,0.1779430541314122
4,UPFC_Vse,5-15,0.0578770903396371,0,WLS,7,0.0006607134335697012,0.0572163769060674
4,UPFC_Vse,5-15,0.0580114974818672,0,MAP_SCADA,7,0.0007951205757998001,0.0572163769060674
4,UPFC_Vse,5-15,0.0578761599746813,0,MAP_PMU,7,0.0006597830686138964,0.0572163769060674
2,UPFC_Vsh,5-15,1.1118394026119198,0,WLS,7,0.0009328127761409899,1.1109065898357788
2,UPFC_Vsh,5-15,1.1102086318187063,0,MAP_SCADA,7,0.0006979580170725086,1.1109065898357788
2,UPFC_Vsh,5-15,1.111842836832598,0,MAP_PMU,7,0.0009362469968192677,1.1109065898357788
5,UPFC_tse,5-15,-2.1271316465945143,0,WLS,7,0.008080892955791175,-2.119050753638723
5,UPFC_tse,5-15,-2.125013314471087,0,MAP_SCADA,7,0.005962560832363906,-2.119050753638723
5,UPFC_tse,5-15,-2.127112050049285,0,MAP_PMU,7,0.008061296410561969,-2.119050753638723
3,UPFC_tsh,5-15,-0.2355984452439015,0,WLS,7,6.286384962639335e-05,-0.2356613090935279
3,UPFC_tsh,5-15,-0.2377466939834934,0,MAP_SCADA,7,0.0020853848899655136,-0.2356613090935279
3,UPFC_tsh,5-15,-0.2355980530927502,0,MAP_PMU,7,6.3256000777695e-05,-0.2356613090935279
0,x_tcsc,1-14,-0.1086176861445075,1,WLS,7,2.5677067507709483e-05,-0.1086433632120152
0,x_tcsc,1-14,-0.1067255256403177,1,MAP_SCADA,7,0.0019178375716975005,-0.1086433632120152
0,x_tcsc,1-14,-0.1086512221646012,1,MAP_PMU,7,7.858952585995671e-06,-0.1086433632120152
1,B_svc,2,0.178294489565935,1,WLS,7,0.0003514354345227899,0.1779430541314122
1,B_svc,2,0.1699620932372151,1,MAP_SCADA,7,0.007980960894197114,0.1779430541314122
1,B_svc,2,0.1783162229785239,1,MAP_PMU,7,0.0003731688471116934,0.1779430541314122
4,UPFC_Vse,5-15,0.0581663105801257,1,WLS,7,0.0009499336740583023,0.0572163769060674
4,UPFC_Vse,5-15,0.0581152203758432,1,MAP_SCADA,7,0.000898843469775798,0.0572163769060674
4,UPFC_Vse,5-15,0.0581648093019055,1,MAP_PMU,7,0.0009484323958380975,0.0572163769060674
2,UPFC_Vsh,5-15,1.111682112109525,1,WLS,7,0.0007755222737462208,1.1109065898357788
2,UPFC_Vsh,5-15,1.1123615374976672,1,MAP_SCADA,7,0.0014549476618883617,1.1109065898357788
2,UPFC_Vsh,5-15,1.111684936243522,1,MAP_PMU,7,0.0007783464077431024,1.1109065898357788
5,UPFC_tse,5-15,-2.1238319302657658,1,WLS,7,0.004781176627042694,-2.119050753638723
5,UPFC_tse,5-15,-2.1211163238376645,1,MAP_SCADA,7,0.00206557019894138,-2.119050753638723
5,UPFC_tse,5-15,-2.123823697868116,1,MAP_PMU,7,0.004772944229392895,-2.119050753638723
3,UPFC_tsh,5-15,-0.2356213507853941,1,WLS,7,3.9958308133802856e-05,-0.2356613090935279
3,UPFC_tsh,5-15,-0.2369684384345173,1,MAP_SCADA,7,0.0013071293409893936,-0.2356613090935279
3,UPFC_tsh,5-15,-0.2356205913172741,1,MAP_PMU,7,4.07177762538069e-05,-0.2356613090935279
0,x_tcsc,1-14,-0.108603783729638,2,WLS,7,3.9579482377205544e-05,-0.1086433632120152
0,x_tcsc,1-14,-0.1070769698284908,2,MAP_SCADA,7,0.001566393383524406,-0.1086433632120152
0,x_tcsc,1-14,-0.1086212100157149,2,MAP_PMU,7,2.215319630030632e-05,-0.1086433632120152
1,B_svc,2,0.1782974038778776,2,WLS,7,0.0003543497464653933,0.1779430541314122
1,B_svc,2,0.1721999161702743,2,MAP_SCADA,7,0.005743137961137901,0.1779430541314122
1,B_svc,2,0.1783120412777865,2,MAP_PMU,7,0.00036898714637428887,0.1779430541314122
4,UPFC_Vse,5-15,0.0575042260434577,2,WLS,7,0.00028784913739030027,0.0572163769060674
4,UPFC_Vse,5-15,0.0575735246487923,2,MAP_SCADA,7,0.0003571477427248976,0.0572163769060674
4,UPFC_Vse,5-15,0.0575026836174368,2,MAP_PMU,7,0.00028630671136940095,0.0572163769060674
2,UPFC_Vsh,5-15,1.1117423926255598,2,WLS,7,0.000835802789781015,1.1109065898357788
2,UPFC_Vsh,5-15,1.112716678655468,2,MAP_SCADA,7,0.0018100888196892484,1.1109065898357788
2,UPFC_Vsh,5-15,1.1117458966212157,2,MAP_PMU,7,0.0008393067854368663,1.1109065898357788
5,UPFC_tse,5-15,-2.125096515841685,2,WLS,7,0.006045762202961935,-2.119050753638723
5,UPFC_tse,5-15,-2.1230999990028,2,MAP_SCADA,7,0.004049245364076803,-2.119050753638723
5,UPFC_tse,5-15,-2.1250759451073784,2,MAP_PMU,7,0.006025191468655322,-2.119050753638723
3,UPFC_tsh,5-15,-0.2356159086454411,2,WLS,7,4.540044808679089e-05,-0.2356613090935279
3,UPFC_tsh,5-15,-0.2371799133413688,2,MAP_SCADA,7,0.0015186042478408934,-0.2356613090935279
3,UPFC_tsh,5-15,-0.2356151026050173,2,MAP_PMU,7,4.6206488510586174e-05,-0.2356613090935279
0,x_tcsc,1-14,-0.1086015738911985,3,WLS,7,4.178932081670694e-05,-0.1086433632120152
0,x_tcsc,1-14,-0.1081144615164635,3,MAP_SCADA,7,0.0005289016955516979,-0.1086433632120152
0,x_tcsc,1-14,-0.1086102172815553,3,MAP_PMU,7,3.3145930459901884e-05,-0.1086433632120152
1,B_svc,2,0.1782939952704028,3,WLS,7,0.0003509411389905903,0.1779430541314122
1,B_svc,2,0.1654977181222396,3,MAP_SCADA,7,0.012445336009172608,0.1779430541314122
1,B_svc,2,0.178279448657156,3,MAP_PMU,7,0.00033639452574379947,0.1779430541314122
4,UPFC_Vse,5-15,0.057957755631894,3,WLS,7,0.0007413787258266011,0.0572163769060674
4,UPFC_Vse,5-15,0.0576055159860732,3,MAP_SCADA,7,0.0003891390800057973,0.0572163769060674
4,UPFC_Vse,5-15,0.0579518324938608,3,MAP_PMU,7,0.0007354555877934002,0.0572163769060674
2,UPFC_Vsh,5-15,1.112431165226876,3,WLS,7,0.0015245753910970716,1.1109065898357788
2,UPFC_Vsh,5-15,1.115389257090103,3,MAP_SCADA,7,0.004482667254324113,1.1109065898357788
2,UPFC_Vsh,5-15,1.1124379876774997,3,MAP_PMU,7,0.0015313978417208496,1.1109065898357788
5,UPFC_tse,5-15,-2.12839224951065,3,WLS,7,0.009341495871927119,-2.119050753638723
5,UPFC_tse,5-15,-2.1228174010783643,3,MAP_SCADA,7,0.0037666474396411687,-2.119050753638723
5,UPFC_tse,5-15,-2.12840783059146,3,MAP_PMU,7,0.009357076952737131,-2.119050753638723
3,UPFC_tsh,5-15,-0.2356407193808416,3,WLS,7,2.05897126862864e-05,-0.2356613090935279
3,UPFC_tsh,5-15,-0.2355480509882025,3,MAP_SCADA,7,0.00011325810532539227,-0.2356613090935279
3,UPFC_tsh,5-15,-0.2356394051623074,3,MAP_PMU,7,2.19039312204794e-05,-0.2356613090935279
0,x_tcsc,1-14,-0.1086136007326978,4,WLS,7,2.976247931740783e-05,-0.1086433632120152
0,x_tcsc,1-14,-0.10634473140501,4,MAP_SCADA,7,0.002298631807005208,-0.1086433632120152
0,x_tcsc,1-14,-0.1086359432360571,4,MAP_PMU,7,7.419975958100622e-06,-0.1086433632120152
1,B_svc,2,0.1784099669235843,4,WLS,7,0.0004669127921720917,0.1779430541314122
1,B_svc,2,0.1755735078302422,4,MAP_SCADA,7,0.0023695463011700058,0.1779430541314122
1,B_svc,2,0.178435794436493,4,MAP_PMU,7,0.0004927403050807855,0.1779430541314122
4,UPFC_Vse,5-15,0.0580162134407485,4,WLS,7,0.0007998365346810962,0.0572163769060674
4,UPFC_Vse,5-15,0.0584639012235131,4,MAP_SCADA,7,0.0012475243174457015,0.0572163769060674
4,UPFC_Vse,5-15,0.0580161944484434,4,MAP_PMU,7,0.0007998175423759996,0.0572163769060674
2,UPFC_Vsh,5-15,1.1120685576265177,4,WLS,7,0.0011619677907388493,1.1109065898357788
2,UPFC_Vsh,5-15,1.111199722143873,4,MAP_SCADA,7,0.00029313230809413504,1.1109065898357788
2,UPFC_Vsh,5-15,1.1120693803520318,4,MAP_PMU,7,0.0011627905162530094,1.1109065898357788
5,UPFC_tse,5-15,-2.1248125753227267,4,WLS,7,0.005761821684003632,-2.119050753638723
5,UPFC_tse,5-15,-2.125218158257117,4,MAP_SCADA,7,0.006167404618393935,-2.119050753638723
5,UPFC_tse,5-15,-2.124790925150403,4,MAP_PMU,7,0.005740171511679826,-2.119050753638723
3,UPFC_tsh,5-15,-0.2356245557362973,4,WLS,7,3.675335723060669e-05,-0.2356613090935279
3,UPFC_tsh,5-15,-0.2382009340591349,4,MAP_SCADA,7,0.0025396249656070014,-0.2356613090935279
3,UPFC_tsh,5-15,-0.2356242356463181,4,MAP_PMU,7,3.707344720979555e-05,-0.2356613090935279
0,x_tcsc,1-14,-0.1086004558728282,5,WLS,7,4.290733918700662e-05,-0.1086433632120152
0,x_tcsc,1-14,-0.1079082994169492,5,MAP_SCADA,7,0.0007350637950660072,-0.1086433632120152
0,x_tcsc,1-14,-0.1086114137141535,5,MAP_PMU,7,3.194949786169965e-05,-0.1086433632120152
1,B_svc,2,0.1783024223286244,5,WLS,7,0.0003593681972121898,0.1779430541314122
1,B_svc,2,0.1685733813608642,5,MAP_SCADA,7,0.00936967277054801,0.1779430541314122
1,B_svc,2,0.1783059345881701,5,MAP_PMU,7,0.0003628804567578914,0.1779430541314122
4,UPFC_Vse,5-15,0.0575776571244314,5,WLS,7,0.00036128021836399904,0.0572163769060674
4,UPFC_Vse,5-15,0.0575864519264921,5,MAP_SCADA,7,0.0003700750204247011,0.0572163769060674
4,UPFC_Vse,5-15,0.0575756368521807,5,MAP_PMU,7,0.0003592599461132995,0.0572163769060674
2,UPFC_Vsh,5-15,1.111856590011175,5,WLS,7,0.0009500001753961484,1.1109065898357788
2,UPFC_Vsh,5-15,1.1124061159697878,5,MAP_SCADA,7,0.0014995261340089439,1.1109065898357788
2,UPFC_Vsh,5-15,1.111861921092609,5,MAP_PMU,7,0.0009553312568302275,1.1109065898357788
5,UPFC_tse,5-15,-2.126465556383821,5,WLS,7,0.007414802745097759,-2.119050753638723
5,UPFC_tse,5-15,-2.123550517995745,5,MAP_SCADA,7,0.004499764357021707,-2.119050753638723
5,UPFC_tse,5-15,-2.12645374156661,5,MAP_PMU,7,0.0074029879278869615,-2.119050753638723
3,UPFC_tsh,5-15,-0.2356380735588135,5,WLS,7,2.3235534714394213e-05,-0.2356613090935279
3,UPFC_tsh,5-15,-0.2369410129883002,5,MAP_SCADA,7,0.001279703894772305,-0.2356613090935279
3,UPFC_tsh,5-15,-0.2356372342479643,5,MAP_PMU,7,2.4074845563604175e-05,-0.2356613090935279
0,x_tcsc,1-14,-0.1086095329922111,6,WLS,7,3.3830219804104056e-05,-0.1086433632120152
0,x_tcsc,1-14,-0.1045107019372545,6,MAP_SCADA,7,0.00413266127476071,-0.1086433632120152
0,x_tcsc,1-14,-0.1086793157317955,6,MAP_PMU,7,3.595251978029401e-05,-0.1086433632120152
1,B_svc,2,0.1782333170249149,6,WLS,7,0.00029026289350270185,0.1779430541314122
1,B_svc,2,0.1767290105409961,6,MAP_SCADA,7,0.0012140435904161029,0.1779430541314122
1,B_svc,2,0.1782677640363126,6,MAP_PMU,7,0.0003247099049003832,0.1779430541314122
4,UPFC_Vse,5-15,0.0575597461199997,6,WLS,7,0.0003433692139322986,0.0572163769060674
4,UPFC_Vse,5-15,0.0576260792132012,6,MAP_SCADA,7,0.0004097023071338024,0.0572163769060674
4,UPFC_Vse,5-15,0.0575593181925752,6,MAP_PMU,7,0.00034294128650779604,0.0572163769060674
2,UPFC_Vsh,5-15,1.112073064899253,6,WLS,7,0.001166475063474115,1.1109065898357788
2,UPFC_Vsh,5-15,1.1135006915001406,6,MAP_SCADA,7,0.002594101664361803,1.1109065898357788
2,UPFC_Vsh,5-15,1.1120616870322222,6,MAP_PMU,7,0.0011550971964433554,1.1109065898357788
5,UPFC_tse,5-15,-2.128070831703006,6,WLS,7,0.009020078064283066,-2.119050753638723
5,UPFC_tse,5-15,-2.124829114767701,6,MAP_SCADA,7,0.005778361128978116,-2.119050753638723
5,UPFC_tse,5-15,-2.128062508657207,6,MAP_PMU,7,0.009011755018483836,-2.119050753638723
3,UPFC_tsh,5-15,-0.2355731220965299,6,WLS,7,8.818699699800203e-05,-0.2356613090935279
3,UPFC_tsh,5-15,-0.2383235367792493,6,MAP_SCADA,7,0.0026622276857214133,-0.2356613090935279
3,UPFC_tsh,5-15,-0.2355730444106074,6,MAP_PMU,7,8.826468292050249e-05,-0.2356613090935279
0,x_tcsc,1-14,-0.1086009753619956,7,WLS,7,4.2387850019601214e-05,-0.1086433632120152
0,x_tcsc,1-14,-0.1045988244161524,7,MAP_SCADA,7,0.0040445387958628065,-0.1086433632120152
0,x_tcsc,1-14,-0.1087093200813063,7,MAP_PMU,7,6.595686929108946e-05,-0.1086433632120152
1,B_svc,2,0.1780348654732127,7,WLS,7,9.181134180050177e-05,0.1779430541314122
1,B_svc,2,0.1712470443244542,7,MAP_SCADA,7,0.006696009806958003,0.1779430541314122
1,B_svc,2,0.1780634748950645,7,MAP_PMU,7,0.00012042076365229026,0.1779430541314122
4,UPFC_Vse,5-15,0.0581117900829981,7,WLS,7,0.0008954131769306969,0.0572163769060674
4,UPFC_Vse,5-15,0.0583206289255564,7,MAP_SCADA,7,0.0011042520194890007,0.0572163769060674
4,UPFC_Vse,5-15,0.0581111898443746,7,MAP_PMU,7,0.0008948129383071976,0.0572163769060674
2,UPFC_Vsh,5-15,1.112014588357373,7,WLS,7,0.0011079985215942667,1.1109065898357788
2,UPFC_Vsh,5-15,1.1143225166077113,7,MAP_SCADA,7,0.003415926771932476,1.1109065898357788
2,UPFC_Vsh,5-15,1.1120068342253957,7,MAP_PMU,7,0.0011002443896168668,1.1109065898357788
5,UPFC_tse,5-15,-2.127735999573481,7,WLS,7,0.008685245934757724,-2.119050753638723
5,UPFC_tse,5-15,-2.125530772288669,7,MAP_SCADA,7,0.006480018649945851,-2.119050753638723
5,UPFC_tse,5-15,-2.127705643434053,7,MAP_PMU,7,0.008654889795329801,-2.119050753638723
3,UPFC_tsh,5-15,-0.2356404041534952,7,WLS,7,2.0904940032706598e-05,-0.2356613090935279
3,UPFC_tsh,5-15,-0.237676134755732,7,MAP_SCADA,7,0.002014825662204095,-0.2356613090935279
3,UPFC_tsh,5-15,-0.2356401873401901,7,MAP_PMU,7,2.112175333779387e-05,-0.2356613090935279
0,x_tcsc,1-14,-0.1086130517455751,8,WLS,7,3.0311466440099966e-05,-0.1086433632120152
0,x_tcsc,1-14,-0.1052133161498671,8,MAP_SCADA,7,0.0034300470621480977,-0.1086433632120152
0,x_tcsc,1-14,-0.108657777405949,8,MAP_PMU,7,1.4414193933789954e-05,-0.1086433632120152
1,B_svc,2,0.1778320994542807,8,WLS,7,0.00011095467713151397,0.1779430541314122
1,B_svc,2,0.1765255215568726,8,MAP_SCADA,7,0.0014175325745396095,0.1779430541314122
1,B_svc,2,0.1778775437138031,8,MAP_PMU,7,6.551041760910481e-05,0.1779430541314122
4,UPFC_Vse,5-15,0.0574755487539883,8,WLS,7,0.0002591718479208957,0.0572163769060674
4,UPFC_Vse,5-15,0.0575742942186923,8,MAP_SCADA,7,0.00035791731262489745,0.0572163769060674
4,UPFC_Vse,5-15,0.0574768366059116,8,MAP_PMU,7,0.00026045969984420103,0.0572163769060674
2,UPFC_Vsh,5-15,1.1116445121660206,8,WLS,7,0.0007379223302417248,1.1109065898357788
2,UPFC_Vsh,5-15,1.1094174165188055,8,MAP_SCADA,7,0.0014891733169732913,1.1109065898357788
2,UPFC_Vsh,5-15,1.1116365165559168,8,MAP_PMU,7,0.0007299267201379411,1.1109065898357788
5,UPFC_tse,5-15,-2.126976304293372,8,WLS,7,0.007925550654648728,-2.119050753638723
5,UPFC_tse,5-15,-2.128784796891451,8,MAP_SCADA,7,0.009734043252727975,-2.119050753638723
5,UPFC_tse,5-15,-2.126972172210768,8,MAP_PMU,7,0.007921418572045091,-2.119050753638723
3,UPFC_tsh,5-15,-0.235622899273741,8,WLS,7,3.8409819786894284e-05,-0.2356613090935279
3,UPFC_tsh,5-15,-0.2394379408323106,8,MAP_SCADA,7,0.003776631738782704,-0.2356613090935279
3,UPFC_tsh,5-15,-0.235623590641718,8,MAP_PMU,7,3.77184518098872e-05,-0.2356613090935279
0,x_tcsc,1-14,-0.1086006259822642,9,WLS,7,4.273722975099703e-05,-0.1086433632120152
0,x_tcsc,1-14,-0.1058694583135297,9,MAP_SCADA,7,0.002773904898485502,-0.1086433632120152
0,x_tcsc,1-14,-0.108634392474817,9,MAP_PMU,7,8.970737198202294e-06,-0.1086433632120152
1,B_svc,2,0.1782164719250881,9,WLS,7,0.0002734177936759008,0.1779430541314122
1,B_svc,2,0.1745204610707672,9,MAP_SCADA,7,0.0034225930606449906,0.1779430541314122
1,B_svc,2,0.1782592238806515,9,MAP_PMU,7,0.00031616974923928676,0.1779430541314122
4,UPFC_Vse,5-15,0.0577823330230345,9,WLS,7,0.0005659561169671021,0.0572163769060674
4,UPFC_Vse,5-15,0.0578097762594768,9,MAP_SCADA,7,0.0005933993534094004,0.0572163769060674
4,UPFC_Vse,5-15,0.0577836904323567,9,MAP_PMU,7,0.0005673135262892967,0.0572163769060674
2,UPFC_Vsh,5-15,1.1121574133563517,9,WLS,7,0.001250823520572819,1.1109065898357788
2,UPFC_Vsh,5-15,1.110964173874104,9,MAP_SCADA,7,5.758403832523129e-05,1.1109065898357788
2,UPFC_Vsh,5-15,1.1121527530681463,9,MAP_PMU,7,0.001246163232367481,1.1109065898357788
5,UPFC_tse,5-15,-2.1238747807229843,9,WLS,7,0.004824027084261218,-2.119050753638723
5,UPFC_tse,5-15,-2.124621495031673,9,MAP_SCADA,7,0.005570741392949774,-2.119050753638723
5,UPFC_tse,5-15,-2.123865043356989,9,MAP_PMU,7,0.004814289718265918,-2.119050753638723
3,UPFC_tsh,5-15,-0.2356015630383122,9,WLS,7,5.974605521569254e-05,-0.2356613090935279
3,UPFC_tsh,5-15,-0.2387539604104957,9,MAP_SCADA,7,0.003092651316967815,-0.2356613090935279
3,UPFC_tsh,5-15,-0.2356017759165525,9,MAP_PMU,7,5.95331769753793e-05,-0.2356613090935279
0,x_tcsc,1-14,-0.1086951185485504,0,WLS,8,5.4810171351893366e-05,-0.1087499287199023
0,x_tcsc,1-14,-0.1070284412461947,0,MAP_SCADA,8,0.0017214874737075947,-0.1087499287199023
0,x_tcsc,1-14,-0.1087154895842071,0,MAP_PMU,8,3.4439135695202294e-05,-0.1087499287199023
1,B_svc,2,0.1779779850894006,0,WLS,8,4.365035194831002e-05,0.1779343347374523
1,B_svc,2,0.172506831699301,0,MAP_SCADA,8,0.005427503038151288,0.1779343347374523
1,B_svc,2,0.1780000107719697,0,MAP_PMU,8,6.567603451740345e-05,0.1779343347374523
4,UPFC_Vse,5-15,0.0578388188324669,0,WLS,8,0.0008328519463874015,0.0570059668860795
4,UPFC_Vse,5-15,0.0580114974818672,0,MAP_SCADA,8,0.0010055305957877014,0.0570059668860795
4,UPFC_Vse,5-15,0.057838206529696,0,MAP_PMU,8,0.0008322396436164989,0.0570059668860795
2,UPFC_Vsh,5-15,1.1118211020385946,0,WLS,8,0.0011090616178710544,1.1107120404207236
2,UPFC_Vsh,5-15,1.1102086318187063,0,MAP_SCADA,8,0.0005034086020172523,1.1107120404207236
2,UPFC_Vsh,5-15,1.1118229273993123,0,MAP_PMU,8,0.0011108869785887432,1.1107120404207236
5,UPFC_tse,5-15,-2.128213422975366,0,WLS,8,0.008518880825737263,-2.1196945421496287
5,UPFC_tse,5-15,-2.125013314471087,0,MAP_SCADA,8,0.005318772321458276,-2.1196945421496287
5,UPFC_tse,5-15,-2.128188504925027,0,MAP_PMU,8,0.008493962775398156,-2.1196945421496287
3,UPFC_tsh,5-15,-0.2355917033322294,0,WLS,8,6.220378487370448e-05,-0.2356539071171031
3,UPFC_tsh,5-15,-0.2377466939834934,0,MAP_SCADA,8,0.002092786866390306,-0.2356539071171031
3,UPFC_tsh,5-15,-0.2355914345707321,0,MAP_PMU,8,6.247254637101185e-05,-0.2356539071171031
0,x_tcsc,1-14,-0.1087254427893737,1,WLS,8,2.448593052860326e-05,-0.1087499287199023
0,x_tcsc,1-14,-0.1067255256403177,1,MAP_SCADA,8,0.002024403079584597,-0.1087499287199023
0,x_tcsc,1-14,-0.1087619258552654,1,MAP_PMU,8,1.1997135363095435e-05,-0.1087499287199023
1,B_svc,2,0.1782822433397285,1,WLS,8,0.000347908602276209,0.1779343347374523
1,B_svc,2,0.1699620932372151,1,MAP_SCADA,8,0.007972241500237204,0.1779343347374523
1,B_svc,2,0.1783065365895179,1,MAP_PMU,8,0.0003722018520656012,0.1779343347374523
4,UPFC_Vse,5-15,0.0581279768160046,1,WLS,8,0.0011220099299251024,0.0570059668860795
4,UPFC_Vse,5-15,0.0581152203758432,1,MAP_SCADA,8,0.0011092534897636994,0.0570059668860795
4,UPFC_Vse,5-15,0.0581263635180204,1,MAP_PMU,8,0.0011203966319408981,0.0570059668860795
2,UPFC_Vsh,5-15,1.1116638888282624,1,WLS,8,0.0009518484075388134,1.1107120404207236
2,UPFC_Vsh,5-15,1.1123615374976672,1,MAP_SCADA,8,0.001649497076943618,1.1107120404207236
2,UPFC_Vsh,5-15,1.1116650809492528,1,MAP_PMU,8,0.000953040528529181,1.1107120404207236
5,UPFC_tse,5-15,-2.124901855305892,1,WLS,8,0.005207313156263105,-2.1196945421496287
5,UPFC_tse,5-15,-2.1211163238376645,1,MAP_SCADA,8,0.0014217816880357503,-2.1196945421496287
5,UPFC_tse,5-15,-2.124892139179531,1,MAP_PMU,8,0.005197597029902301,-2.1196945421496287
3,UPFC_tsh,5-15,-0.2356146581069194,1,WLS,8,3.924901018370619e-05,-0.2356539071171031
3,UPFC_tsh,5-15,-0.2369684384345173,1,MAP_SCADA,8,0.001314531317414186,-0.2356539071171031
3,UPFC_tsh,5-15,-0.2356140233436838,1,MAP_PMU,8,3.988377341929139e-05,-0.2356539071171031
0,x_tcsc,1-14,-0.1087116161232163,2,WLS,8,3.831259668600484e-05,-0.1087499287199023
0,x_tcsc,1-14,-0.1070769698284908,2,MAP_SCADA,8,0.0016729588914115023,-0.1087499287199023
0,x_tcsc,1-14,-0.1087311252190625,2,MAP_PMU,8,1.8803500839797982e-05,-0.1087499287199023
1,B_svc,2,0.178284646286771,2,WLS,8,0.0003503115493186937,0.1779343347374523
1,B_svc,2,0.1721999161702743,2,MAP_SCADA,8,0.00573441856717799,0.1779343347374523
1,B_svc,2,0.1783015221946663,2,MAP_PMU,8,0.0003671874572140077,0.1779343347374523
4,UPFC_Vse,5-15,0.057465841101006,2,WLS,8,0.0004598742149264992,0.0570059668860795
4,UPFC_Vse,5-15,0.0575735246487923,2,MAP_SCADA,8,0.000567557762712799,0.0570059668860795
4,UPFC_Vse,5-15,0.0574641435743368,2,MAP_PMU,8,0.00045817668825730296,0.0570059668860795
2,UPFC_Vsh,5-15,1.1117241257501969,2,WLS,8,0.001012085329473278,1.1107120404207236
2,UPFC_Vsh,5-15,1.112716678655468,2,MAP_SCADA,8,0.0020046382347445046,1.1107120404207236
2,UPFC_Vsh,5-15,1.1117262647150452,2,MAP_PMU,8,0.0010142242943216306,1.1107120404207236
5,UPFC_tse,5-15,-2.1261849477572743,2,WLS,8,0.006490405607645577,-2.1196945421496287
5,UPFC_tse,5-15,-2.1230999990028,2,MAP_SCADA,8,0.0034054568531711737,-2.1196945421496287
5,UPFC_tse,5-15,-2.12616045495548,2,MAP_PMU,8,0.006465912805851293,-2.1196945421496287
3,UPFC_tsh,5-15,-0.2356092167791201,2,WLS,8,4.4690337982988826e-05,-0.2356539071171031
3,UPFC_tsh,5-15,-0.2371799133413688,2,MAP_SCADA,8,0.0015260062242656858,-0.2356539071171031
3,UPFC_tsh,5-15,-0.235608523938467,2,MAP_PMU,8,4.5383178636088095e-05,-0.2356539071171031
0,x_tcsc,1-14,-0.1087093666371782,3,WLS,8,4.0562082724099335e-05,-0.1087499287199023
0,x_tcsc,1-14,-0.1081144615164635,3,MAP_SCADA,8,0.0006354672034387943,-0.1087499287199023
0,x_tcsc,1-14,-0.1087205482428675,3,MAP_PMU,8,2.938047703479607e-05,-0.1087499287199023
1,B_svc,2,0.1782809739536504,3,WLS,8,0.0003466392161980969,0.1779343347374523
1,B_svc,2,0.1654977181222396,3,MAP_SCADA,8,0.012436616615212698,0.1779343347374523
1,B_svc,2,0.1782681140589863,3,MAP_PMU,8,0.00033377932153400014,0.1779343347374523
4,UPFC_Vse,5-15,0.0579198734343604,3,WLS,8,0.0009139065482808989,0.0570059668860795
4,UPFC_Vse,5-15,0.0576055159860732,3,MAP_SCADA,8,0.0005995490999936987,0.0570059668860795
4,UPFC_Vse,5-15,0.0579128413705826,3,MAP_PMU,8,0.0009068744845030993,0.0570059668860795
2,UPFC_Vsh,5-15,1.1124126311757203,3,WLS,8,0.0017005907549967336,1.1107120404207236
2,UPFC_Vsh,5-15,1.115389257090103,3,MAP_SCADA,8,0.004677216669379369,1.1107120404207236
2,UPFC_Vsh,5-15,1.1124185704825524,3,MAP_PMU,8,0.0017065300618288592,1.1107120404207236
5,UPFC_tse,5-15,-2.1294748491824667,3,WLS,8,0.009780307032837943,-2.1196945421496287
5,UPFC_tse,5-15,-2.1228174010783643,3,MAP_SCADA,8,0.003122858928735539,-2.1196945421496287
5,UPFC_tse,5-15,-2.129492708326504,3,MAP_PMU,8,0.009798166176875345,-2.1196945421496287
3,UPFC_tsh,5-15,-0.235634065779764,3,WLS,8,1.9841337339093768e-05,-0.2356539071171031
3,UPFC_tsh,5-15,-0.2355480509882025,3,MAP_SCADA,8,0.00010585612890059992,-0.2356539071171031
3,UPFC_tsh,5-15,-0.2356328269199716,3,MAP_PMU,8,2.1080197131512213e-05,-0.2356539071171031
0,x_tcsc,1-14,-0.1087214142238961,4,WLS,8,2.8514496006201706e-05,-0.1087499287199023
0,x_tcsc,1-14,-0.10634473140501,4,MAP_SCADA,8,0.0024051973148923045,-0.1087499287199023
0,x_tcsc,1-14,-0.1087460226862189,4,MAP_PMU,8,3.9060336834012555e-06,-0.1087499287199023
1,B_svc,2,0.1783975284670655,4,WLS,8,0.0004631937296132038,0.1779343347374523
1,B_svc,2,0.1755735078302422,4,MAP_SCADA,8,0.002360826907210095,0.1779343347374523
1,B_svc,2,0.1784259544268163,4,MAP_PMU,8,0.000491619689364009,0.1779343347374523
4,UPFC_Vse,5-15,0.0579779006489312,4,WLS,8,0.0009719337628516997,0.0570059668860795
4,UPFC_Vse,5-15,0.0584639012235131,4,MAP_SCADA,8,0.001457934337433603,0.0570059668860795
4,UPFC_Vse,5-15,0.057978049771147,4,MAP_PMU,8,0.0009720828850674976,0.0570059668860795
2,UPFC_Vsh,5-15,1.11205047334576,4,WLS,8,0.0013384329250363258,1.1107120404207236
2,UPFC_Vsh,5-15,1.111199722143873,4,MAP_SCADA,8,0.0004876817231493913,1.1107120404207236
2,UPFC_Vsh,5-15,1.1120496807808289,4,MAP_PMU,8,0.0013376403601053077,1.1107120404207236
5,UPFC_tse,5-15,-2.1258915214733927,4,WLS,8,0.0061969793237639514,-2.1196945421496287
5,UPFC_tse,5-15,-2.125218158257117,4,MAP_SCADA,8,0.005523616107488305,-2.1196945421496287
5,UPFC_tse,5-15,-2.1258611365882256,4,MAP_PMU,8,0.006166594438596906,-2.1196945421496287
3,UPFC_tsh,5-15,-0.2356178548327033,4,WLS,8,3.6052284399790135e-05,-0.2356539071171031
3,UPFC_tsh,5-15,-0.2382009340591349,4,MAP_SCADA,8,0.0025470269420317937,-0.2356539071171031
3,UPFC_tsh,5-15,-0.2356176534841946,4,MAP_PMU,8,3.6253632908489486e-05,-0.2356539071171031
0,x_tcsc,1-14,-0.1087083403610264,5,WLS,8,4.15883588758964e-05,-0.1087499287199023
0,x_tcsc,1-14,-0.1079082994169492,5,MAP_SCADA,8,0.0008416293029531036,-0.1087499287199023
0,x_tcsc,1-14,-0.1087214496308247,5,MAP_PMU,8,2.8479089077604325e-05,-0.1087499287199023
1,B_svc,2,0.1782894643689238,5,WLS,8,0.0003551296314714958,0.1779343347374523
1,B_svc,2,0.1685733813608642,5,MAP_SCADA,8,0.0093609533765881,0.1779343347374523
1,B_svc,2,0.1782948257063102,5,MAP_PMU,8,0.00036049096885790166,0.1779343347374523
4,UPFC_Vse,5-15,0.0575395526855515,5,WLS,8,0.0005335857994719986,0.0570059668860795
4,UPFC_Vse,5-15,0.0575864519264921,5,MAP_SCADA,8,0.0005804850404126025,0.0570059668860795
4,UPFC_Vse,5-15,0.0575373503889818,5,MAP_PMU,8,0.0005313835029022995,0.0570059668860795
2,UPFC_Vsh,5-15,1.1118380168482644,5,WLS,8,0.0011259764275408646,1.1107120404207236
2,UPFC_Vsh,5-15,1.1124061159697878,5,MAP_SCADA,8,0.0016940755490642,1.1107120404207236
2,UPFC_Vsh,5-15,1.1118422605412062,5,MAP_PMU,8,0.0011302201204825835,1.1107120404207236
5,UPFC_tse,5-15,-2.1275574709224605,5,WLS,8,0.00786292877283179,-2.1196945421496287
5,UPFC_tse,5-15,-2.123550517995745,5,MAP_SCADA,8,0.0038559758461160776,-2.1196945421496287
5,UPFC_tse,5-15,-2.127542744940832,5,MAP_PMU,8,0.007848202791203462,-2.1196945421496287
3,UPFC_tsh,5-15,-0.2356314624753297,5,WLS,8,2.244464177339478e-05,-0.2356539071171031
3,UPFC_tsh,5-15,-0.2369410129883002,5,MAP_SCADA,8,0.0012871058711970973,-0.2356539071171031
3,UPFC_tsh,5-15,-0.2356307047155525,5,MAP_PMU,8,2.3202401550598273e-05,-0.2356539071171031
0,x_tcsc,1-14,-0.1087172954038917,6,WLS,8,3.2633316010596825e-05,-0.1087499287199023
0,x_tcsc,1-14,-0.1045107019372545,6,MAP_SCADA,8,0.004239226782647806,-0.1087499287199023
0,x_tcsc,1-14,-0.1087911201951529,6,MAP_PMU,8,4.119147525059874e-05,-0.1087499287199023
1,B_svc,2,0.1782208196918988,6,WLS,8,0.0002864849544464976,0.1779343347374523
1,B_svc,2,0.1767290105409961,6,MAP_SCADA,8,0.0012053241964561923,0.1779343347374523
1,B_svc,2,0.1782584470317801,6,MAP_PMU,8,0.00032411229432779964,0.1779343347374523
4,UPFC_Vse,5-15,0.0575214900709701,6,WLS,8,0.0005155231848905997,0.0570059668860795
4,UPFC_Vse,5-15,0.0576260792132012,6,MAP_SCADA,8,0.0006201123271217038,0.0570059668860795
4,UPFC_Vse,5-15,0.0575206078094279,6,MAP_PMU,8,0.0005146409233484014,0.0570059668860795
2,UPFC_Vsh,5-15,1.1120548014455005,6,WLS,8,0.0013427610247769284,1.1107120404207236
2,UPFC_Vsh,5-15,1.1135006915001406,6,MAP_SCADA,8,0.0027886510794170594,1.1107120404207236
2,UPFC_Vsh,5-15,1.1120417665464233,6,MAP_PMU,8,0.001329726125699704,1.1107120404207236
5,UPFC_tse,5-15,-2.129149479160527,6,WLS,8,0.009454937010898501,-2.1196945421496287
5,UPFC_tse,5-15,-2.124829114767701,6,MAP_SCADA,8,0.005134572618072486,-2.1196945421496287
5,UPFC_tse,5-15,-2.1291360360077656,6,MAP_PMU,8,0.009441493858136862,-2.1196945421496287
3,UPFC_tsh,5-15,-0.2355663294273061,6,WLS,8,8.757768979700264e-05,-0.2356539071171031
3,UPFC_tsh,5-15,-0.2383235367792493,6,MAP_SCADA,8,0.0026696296621462057,-0.2356539071171031
3,UPFC_tsh,5-15,-0.235566361864746,6,MAP_PMU,8,8.754525235710187e-05,-0.2356539071171031
0,x_tcsc,1-14,-0.1087088285686867,7,WLS,8,4.1100151215597847e-05,-0.1087499287199023
0,x_tcsc,1-14,-0.1045988244161524,7,MAP_SCADA,8,0.004151104303749903,-0.1087499287199023
0,x_tcsc,1-14,-0.1088223147665671,7,MAP_PMU,8,7.238604666480464e-05,-0.1087499287199023
1,B_svc,2,0.1780221801926507,7,WLS,8,8.78454551984098e-05,0.1779343347374523
1,B_svc,2,0.1712470443244542,7,MAP_SCADA,8,0.006687290412998093,0.1779343347374523
1,B_svc,2,0.1780541311406137,7,MAP_PMU,8,0.0001197964031613985,0.1779343347374523
4,UPFC_Vse,5-15,0.0580741650489613,7,WLS,8,0.0010681981628817977,0.0570059668860795
4,UPFC_Vse,5-15,0.0583206289255564,7,MAP_SCADA,8,0.001314662039476902,0.0570059668860795
4,UPFC_Vse,5-15,0.0580731278070437,7,MAP_PMU,8,0.0010671609209641983,0.0570059668860795
2,UPFC_Vsh,5-15,1.1119959150268592,7,WLS,8,0.0012838746061356598,1.1107120404207236
2,UPFC_Vsh,5-15,1.1143225166077113,7,MAP_SCADA,8,0.003610476186987732,1.1107120404207236
2,UPFC_Vsh,5-15,1.111986565618072,7,MAP_PMU,8,0.0012745251973484972,1.1107120404207236
5,UPFC_tse,5-15,-2.128815432459581,7,WLS,8,0.009120890309952223,-2.1196945421496287
5,UPFC_tse,5-15,-2.125530772288669,7,MAP_SCADA,8,0.005836230139040222,-2.1196945421496287
5,UPFC_tse,5-15,-2.128776820473846,7,MAP_PMU,8,0.009082278324217263,-2.1196945421496287
3,UPFC_tsh,5-15,-0.2356338374711341,7,WLS,8,2.006964596901195e-05,-0.2356539071171031
3,UPFC_tsh,5-15,-0.237676134755732,7,MAP_SCADA,8,0.0020222276386288873,-0.2356539071171031
3,UPFC_tsh,5-15,-0.235633728324984,7,MAP_PMU,8,2.0178792119102118e-05,-0.2356539071171031
0,x_tcsc,1-14,-0.1087209710592982,8,WLS,8,2.8957660604095325e-05,-0.1087499287199023
0,x_tcsc,1-14,-0.1052133161498671,8,MAP_SCADA,8,0.003536612570035194,-0.1087499287199023
0,x_tcsc,1-14,-0.1087688869971412,8,MAP_PMU,8,1.895827723889798e-05,-0.1087499287199023
1,B_svc,2,0.1778186747836731,8,WLS,8,0.0001156599537791847,0.1779343347374523
1,B_svc,2,0.1765255215568726,8,MAP_SCADA,8,0.0014088131805796988,0.1779343347374523
1,B_svc,2,0.1778674998653755,8,MAP_PMU,8,6.683487207678751e-05,0.1779343347374523
4,UPFC_Vse,5-15,0.0574373867328285,8,WLS,8,0.00043141984674899964,0.0570059668860795
4,UPFC_Vse,5-15,0.0575742942186923,8,MAP_SCADA,8,0.0005683273326127988,0.0570059668860795
4,UPFC_Vse,5-15,0.0574390953364114,8,MAP_PMU,8,0.0004331284503319016,0.0570059668860795
2,UPFC_Vsh,5-15,1.1116263229227228,8,WLS,8,0.0009142825019992085,1.1107120404207236
2,UPFC_Vsh,5-15,1.1094174165188055,8,MAP_SCADA,8,0.001294623901918035,1.1107120404207236
2,UPFC_Vsh,5-15,1.1116164590477946,8,MAP_PMU,8,0.0009044186270710242,1.1107120404207236
5,UPFC_tse,5-15,-2.128065823344653,8,WLS,8,0.008371281195024505,-2.1196945421496287
5,UPFC_tse,5-15,-2.128784796891451,8,MAP_SCADA,8,0.009090254741822346,-2.1196945421496287
5,UPFC_tse,5-15,-2.1280575351110054,8,MAP_PMU,8,0.008362992961376658,-2.1196945421496287
3,UPFC_tsh,5-15,-0.2356162421630454,8,WLS,8,3.766495405771453e-05,-0.2356539071171031
3,UPFC_tsh,5-15,-0.2394379408323106,8,MAP_SCADA,8,0.0037840337152074965,-0.2356539071171031
3,UPFC_tsh,5-15,-0.2356170487911495,8,MAP_PMU,8,3.685832595359817e-05,-0.2356539071171031
0,x_tcsc,1-14,-0.1087084234981604,9,WLS,8,4.1505221741899856e-05,-0.1087499287199023
0,x_tcsc,1-14,-0.1058694583135297,9,MAP_SCADA,8,0.0028804704063725983,-0.1087499287199023
0,x_tcsc,1-14,-0.1087449643313758,9,MAP_PMU,8,4.964388526498831e-06,-0.1087499287199023
1,B_svc,2,0.1782036063344795,9,WLS,8,0.00026927159702719305,0.1779343347374523
1,B_svc,2,0.1745204610707672,9,MAP_SCADA,8,0.00341387366668508,0.1779343347374523
1,B_svc,2,0.1782495057252697,9,MAP_PMU,8,0.0003151709878174147,0.1779343347374523
4,UPFC_Vse,5-15,0.0577439889813885,9,WLS,8,0.0007380220953090016,0.0570059668860795
4,UPFC_Vse,5-15,0.0578097762594768,9,MAP_SCADA,8,0.0008038093733973017,0.0570059668860795
4,UPFC_Vse,5-15,0.0577456691673623,9,MAP_PMU,8,0.0007397022812827975,0.0570059668860795
2,UPFC_Vsh,5-15,1.1121391565569865,9,WLS,8,0.001427116136262896,1.1107120404207236
2,UPFC_Vsh,5-15,1.110964173874104,9,MAP_SCADA,8,0.00025213345338048754,1.1107120404207236
2,UPFC_Vsh,5-15,1.112132714565396,9,MAP_PMU,8,0.0014206741446725069,1.1107120404207236
5,UPFC_tse,5-15,-2.1249530224413866,9,WLS,8,0.0052584802917579054,-2.1196945421496287
5,UPFC_tse,5-15,-2.124621495031673,9,MAP_SCADA,8,0.004926952882044144,-2.1196945421496287
5,UPFC_tse,5-15,-2.124941314438128,9,MAP_PMU,8,0.005246772288499457,-2.1196945421496287
3,UPFC_tsh,5-15,-0.2355949248141518,9,WLS,8,5.8982302951288146e-05,-0.2356539071171031
3,UPFC_tsh,5-15,-0.2387539604104957,9,MAP_SCADA,8,0.0031000532933926073,-0.2356539071171031
3,UPFC_tsh,5-15,-0.2355952626352067,9,MAP_PMU,8,5.864448189640825e-05,-0.2356539071171031
0,x_tcsc,1-14,-0.1081918469211367,0,WLS,9,5.274015167669455e-05,-0.1082445870728134
0,x_tcsc,1-14,-0.1070284412461947,0,MAP_SCADA,9,0.001216145826618692,-0.1082445870728134
0,x_tcsc,1-14,-0.1082031719436627,0,MAP_PMU,9,4.141512915069312e-05,-0.1082445870728134
1,B_svc,2,0.1774428499961485,0,WLS,9,3.3087441380919014e-05,0.1774097625547676
1,B_svc,2,0.172506831699301,0,MAP_SCADA,9,0.004902930855466586,0.1774097625547676
1,B_svc,2,0.1774554087557908,0,MAP_PMU,9,4.564620102320838e-05,0.1774097625547676
4,UPFC_Vse,5-15,0.0578780649462184,0,WLS,9,0.0006407672657999033,0.0572372976804185
4,UPFC_Vse,5-15,0.0580114974818672,0,MAP_SCADA,9,0.0007741998014487023,0.0572372976804185
4,UPFC_Vse,5-15,0.057877016529228,0,MAP_PMU,9,0.0006397188488094993,0.0572372976804185
2,UPFC_Vsh,5-15,1.1118281712488736,0,WLS,9,0.0009228036778738957,1.1109053675709997
2,UPFC_Vsh,5-15,1.1102086318187063,0,MAP_SCADA,9,0.0006967357522933426,1.1109053675709997
2,UPFC_Vsh,5-15,1.1118318646173744,0,MAP_PMU,9,0.000926497046374708,1.1109053675709997
5,UPFC_tse,5-15,-2.1274867548391425,0,WLS,9,0.005672352898443478,-2.121814401940699
5,UPFC_tse,5-15,-2.125013314471087,0,MAP_SCADA,9,0.003198912530387954,-2.121814401940699
5,UPFC_tse,5-15,-2.127468953402288,0,MAP_PMU,9,0.005654551461589108,-2.121814401940699
3,UPFC_tsh,5-15,-0.2359567442721172,0,WLS,9,6.491649002138278e-05,-0.2360216607621386
3,UPFC_tsh,5-15,-0.2377466939834934,0,MAP_SCADA,9,0.0017250332213548103,-0.2360216607621386
3,UPFC_tsh,5-15,-0.2359563563464354,0,MAP_PMU,9,6.53044157032101e-05,-0.2360216607621386
0,x_tcsc,1-14,-0.1082221455172044,1,WLS,9,2.2441555609001296e-05,-0.1082445870728134
0,x_tcsc,1-14,-0.1067255256403177,1,MAP_SCADA,9,0.0015190614324956941,-0.1082445870728134
0,x_tcsc,1-14,-0.1082456105248019,1,MAP_PMU,9,1.0234519885049531e-06,-0.1082445870728134
1,B_svc,2,0.1777451995586714,1,WLS,9,0.0003354370039038157,0.1774097625547676
1,B_svc,2,0.1699620932372151,1,MAP_SCADA,9,0.007447669317552502,0.1774097625547676
1,B_svc,2,0.1777592643877457,1,MAP_PMU,9,0.0003495018329781052,0.1774097625547676
4,UPFC_Vse,5-15,0.0581671487178424,1,WLS,9,0.0009298510374238997,0.0572372976804185
4,UPFC_Vse,5-15,0.0581152203758432,1,MAP_SCADA,9,0.0008779226954247002,0.0572372976804185
4,UPFC_Vse,5-15,0.0581655275134164,1,MAP_PMU,9,0.0009282298329979025,0.0572372976804185
2,UPFC_Vsh,5-15,1.1116716883305864,1,WLS,9,0.0007663207595867139,1.1109053675709997
2,UPFC_Vsh,5-15,1.1123615374976672,1,MAP_SCADA,9,0.0014561699266675276,1.1109053675709997
2,UPFC_Vsh,5-15,1.111674796570515,1,MAP_PMU,9,0.0007694289995152648,1.1109053675709997
5,UPFC_tse,5-15,-2.124186665572697,1,WLS,9,0.0023722636319978285,-2.121814401940699
5,UPFC_tse,5-15,-2.1211163238376645,1,MAP_SCADA,9,0.0006980781030345717,-2.121814401940699
5,UPFC_tse,5-15,-2.124181020515705,1,MAP_PMU,9,0.0023666185750057522,-2.121814401940699
3,UPFC_tsh,5-15,-0.2359796067519396,1,WLS,9,4.205401019899413e-05,-0.2360216607621386
3,UPFC_tsh,5-15,-0.2369684384345173,1,MAP_SCADA,9,0.0009467776723786903,-0.2360216607621386
3,UPFC_tsh,5-15,-0.2359788915873766,1,MAP_PMU,9,4.276917476200848e-05,-0.2360216607621386
0,x_tcsc,1-14,-0.1082082871317694,2,WLS,9,3.629994104399625e-05,-0.1082445870728134
0,x_tcsc,1-14,-0.1070769698284908,2,MAP_SCADA,9,0.0011676172443225996,-0.1082445870728134
0,x_tcsc,1-14,-0.1082188943856003,2,MAP_PMU,9,2.5692687213099696e-05,-0.1082445870728134
1,B_svc,2,0.1777497075507477,2,WLS,9,0.00033994499598011263,0.1774097625547676
1,B_svc,2,0.1721999161702743,2,MAP_SCADA,9,0.0052098463844932885,0.1774097625547676
1,B_svc,2,0.1777577739208823,2,MAP_PMU,9,0.0003480113661147033,0.1774097625547676
4,UPFC_Vse,5-15,0.0575052567567122,2,WLS,9,0.0002679590762936987,0.0572372976804185
4,UPFC_Vse,5-15,0.0575735246487923,2,MAP_SCADA,9,0.0003362269683737998,0.0572372976804185
4,UPFC_Vse,5-15,0.0575036745276823,2,MAP_PMU,9,0.0002663768472637995,0.0572372976804185
2,UPFC_Vsh,5-15,1.1117315132562775,2,WLS,9,0.0008261456852778348,1.1109053675709997
2,UPFC_Vsh,5-15,1.112716678655468,2,MAP_SCADA,9,0.0018113110844684144,1.1109053675709997
2,UPFC_Vsh,5-15,1.1117349885234522,2,MAP_PMU,9,0.0008296209524525366,1.1109053675709997
5,UPFC_tse,5-15,-2.125451842101081,2,WLS,9,0.0036374401603818107,-2.121814401940699
5,UPFC_tse,5-15,-2.1230999990028,2,MAP_SCADA,9,0.0012855970621008517,-2.121814401940699
5,UPFC_tse,5-15,-2.1254343717168664,2,MAP_PMU,9,0.0036199697761674088,-2.121814401940699
3,UPFC_tsh,5-15,-0.2359741605109155,2,WLS,9,4.750025122310375e-05,-0.2360216607621386
3,UPFC_tsh,5-15,-0.2371799133413688,2,MAP_SCADA,9,0.00115825257923019,-0.2360216607621386
3,UPFC_tsh,5-15,-0.235973427161175,2,MAP_PMU,9,4.823360096359308e-05,-0.2360216607621386
0,x_tcsc,1-14,-0.1082062367066309,3,WLS,9,3.8350366182493545e-05,-0.1082445870728134
0,x_tcsc,1-14,-0.1081144615164635,3,MAP_SCADA,9,0.00013012555634989154,-0.1082445870728134
0,x_tcsc,1-14,-0.1082065834171417,3,MAP_PMU,9,3.800365567169228e-05,-0.1082445870728134
1,B_svc,2,0.1777459874358047,3,WLS,9,0.00033622488103710046,0.1774097625547676
1,B_svc,2,0.1654977181222396,3,MAP_SCADA,9,0.011912044432527996,0.1774097625547676
1,B_svc,2,0.1777267598873126,3,MAP_PMU,9,0.00031699733254500484,0.1774097625547676
4,UPFC_Vse,5-15,0.0579584592905838,3,WLS,9,0.0007211616101652982,0.0572372976804185
4,UPFC_Vse,5-15,0.0576055159860732,3,MAP_SCADA,9,0.0003682183056546995,0.0572372976804185
4,UPFC_Vse,5-15,0.0579526138527677,3,MAP_PMU,9,0.000715316172349198,0.0572372976804185
2,UPFC_Vsh,5-15,1.1124204685388153,3,WLS,9,0.0015151009678155969,1.1109053675709997
2,UPFC_Vsh,5-15,1.115389257090103,3,MAP_SCADA,9,0.004483889519103279,1.1109053675709997
2,UPFC_Vsh,5-15,1.1124267754152264,3,MAP_PMU,9,0.0015214078442267187,1.1109053675709997
5,UPFC_tse,5-15,-2.1287481016914875,3,WLS,9,0.006933699750788502,-2.121814401940699
5,UPFC_tse,5-15,-2.1228174010783643,3,MAP_SCADA,9,0.001002999137665217,-2.121814401940699
5,UPFC_tse,5-15,-2.1287672295818547,3,MAP_PMU,9,0.006952827641155679,-2.121814401940699
3,UPFC_tsh,5-15,-0.2359990625431633,3,WLS,9,2.2598218975294904e-05,-0.2360216607621386
3,UPFC_tsh,5-15,-0.2355480509882025,3,MAP_SCADA,9,0.0004736097739360956,-0.2360216607621386
3,UPFC_tsh,5-15,-0.2359978774113563,3,MAP_PMU,9,2.3783350782291546e-05,-0.2360216607621386
0,x_tcsc,1-14,-0.1082180652619373,4,WLS,9,2.6521810876103946e-05,-0.1082445870728134
0,x_tcsc,1-14,-0.10634473140501,4,MAP_SCADA,9,0.0018998556678034018,-0.1082445870728134
0,x_tcsc,1-14,-0.1082327339819862,4,MAP_PMU,9,1.1853090827199098e-05,-0.1082445870728134
1,B_svc,2,0.1778612308335357,4,WLS,9,0.00045146827876810236,0.1774097625547676
1,B_svc,2,0.1755735078302422,4,MAP_SCADA,9,0.0018362547245253935,0.1774097625547676
1,B_svc,2,0.1778792404783967,4,MAP_PMU,9,0.00046947792362911356,0.1774097625547676
4,UPFC_Vse,5-15,0.0580172465260971,4,WLS,9,0.0007799488456785991,0.0572372976804185
4,UPFC_Vse,5-15,0.0584639012235131,4,MAP_SCADA,9,0.0012266035430946037,0.0572372976804185
4,UPFC_Vse,5-15,0.058017052491284,4,MAP_PMU,9,0.0007797548108655003,0.0572372976804185
2,UPFC_Vsh,5-15,1.1120576561061135,4,WLS,9,0.0011522885351138434,1.1109053675709997
2,UPFC_Vsh,5-15,1.111199722143873,4,MAP_SCADA,9,0.000294354572873301,1.1109053675709997
2,UPFC_Vsh,5-15,1.1120589440397262,4,MAP_PMU,9,0.0011535764687264916,1.1109053675709997
5,UPFC_tse,5-15,-2.1251658549310526,4,WLS,9,0.003351452990353554,-2.121814401940699
5,UPFC_tse,5-15,-2.125218158257117,4,MAP_SCADA,9,0.003403756316417983,-2.121814401940699
5,UPFC_tse,5-15,-2.1251461464385897,4,MAP_PMU,9,0.003331744497890643,-2.121814401940699
3,UPFC_tsh,5-15,-0.2359828363454361,4,WLS,9,3.88244167024987e-05,-0.2360216607621386
3,UPFC_tsh,5-15,-0.2382009340591349,4,MAP_SCADA,9,0.002179273296996298,-0.2360216607621386
3,UPFC_tsh,5-15,-0.235982511774635,4,MAP_PMU,9,3.914898750359552e-05,-0.2360216607621386
0,x_tcsc,1-14,-0.1082049645700216,5,WLS,9,3.9622502791797354e-05,-0.1082445870728134
0,x_tcsc,1-14,-0.1079082994169492,5,MAP_SCADA,9,0.00033628765586420084,-0.1082445870728134
0,x_tcsc,1-14,-0.1082089076899158,5,MAP_PMU,9,3.567938289759931e-05,-0.1082445870728134
1,B_svc,2,0.1777538813815409,5,WLS,9,0.00034411882677332084,0.1774097625547676
1,B_svc,2,0.1685733813608642,5,MAP_SCADA,9,0.008836381193903398,0.1774097625547676
1,B_svc,2,0.1777519386666959,5,MAP_PMU,9,0.00034217611192829955,0.1774097625547676
4,UPFC_Vse,5-15,0.0575785530715744,5,WLS,9,0.000341255391155898,0.0572372976804185
4,UPFC_Vse,5-15,0.0575864519264921,5,MAP_SCADA,9,0.0003491542460736033,0.0572372976804185
4,UPFC_Vse,5-15,0.0575765227092446,5,MAP_PMU,9,0.0003392250288260998,0.0572372976804185
2,UPFC_Vsh,5-15,1.1118458436704437,5,WLS,9,0.000940476099444032,1.1109053675709997
2,UPFC_Vsh,5-15,1.1124061159697878,5,MAP_SCADA,9,0.0015007483987881098,1.1109053675709997
2,UPFC_Vsh,5-15,1.1118509966110963,5,MAP_PMU,9,0.0009456290400966516,1.1109053675709997
5,UPFC_tse,5-15,-2.1268201863309684,5,WLS,9,0.00500578439026933,-2.121814401940699
5,UPFC_tse,5-15,-2.123550517995745,5,MAP_SCADA,9,0.0017361160550457555,-2.121814401940699
5,UPFC_tse,5-15,-2.1268108048866408,5,MAP_PMU,9,0.004996402945941725,-2.121814401940699
3,UPFC_tsh,5-15,-0.2359962828637667,5,WLS,9,2.5377898371897745e-05,-0.2360216607621386
3,UPFC_tsh,5-15,-0.2369410129883002,5,MAP_SCADA,9,0.0009193522261616016,-0.2360216607621386
3,UPFC_tsh,5-15,-0.2359955101708039,5,MAP_PMU,9,2.6150591334705986e-05,-0.2360216607621386
0,x_tcsc,1-14,-0.1082140690110727,6,WLS,9,3.051806174070304e-05,-0.1082445870728134
0,x_tcsc,1-14,-0.1045107019372545,6,MAP_SCADA,9,0.0037338851355589037,-0.1082445870728134
0,x_tcsc,1-14,-0.1082695408826994,6,MAP_PMU,9,2.495380988599971e-05,-0.1082445870728134
1,B_svc,2,0.1776854978732075,6,WLS,9,0.0002757353184399125,0.1774097625547676
1,B_svc,2,0.1767290105409961,6,MAP_SCADA,9,0.0006807520137714906,0.1774097625547676
1,B_svc,2,0.1777108462485326,6,MAP_PMU,9,0.00030108369376499744,0.1774097625547676
4,UPFC_Vse,5-15,0.0575605571603304,6,WLS,9,0.00032325947991190124,0.0572372976804185
4,UPFC_Vse,5-15,0.0576260792132012,6,MAP_SCADA,9,0.0003887815327827046,0.0572372976804185
4,UPFC_Vse,5-15,0.0575596519940484,6,MAP_PMU,9,0.0003223543136299037,0.0572372976804185
2,UPFC_Vsh,5-15,1.1120620217583828,6,WLS,9,0.0011566541873830882,1.1109053675709997
2,UPFC_Vsh,5-15,1.1135006915001406,6,MAP_SCADA,9,0.002595323929140969,1.1109053675709997
2,UPFC_Vsh,5-15,1.112052736264679,6,MAP_PMU,9,0.0011473686936793737,1.1109053675709997
5,UPFC_tse,5-15,-2.1284244661849376,6,WLS,9,0.0066100642442386,-2.121814401940699
5,UPFC_tse,5-15,-2.124829114767701,6,MAP_SCADA,9,0.003014712827002164,-2.121814401940699
5,UPFC_tse,5-15,-2.1284177732520537,6,MAP_PMU,9,0.006603371311354689,-2.121814401940699
3,UPFC_tsh,5-15,-0.2359313172029029,6,WLS,9,9.034355923570603e-05,-0.2360216607621386
3,UPFC_tsh,5-15,-0.2383235367792493,6,MAP_SCADA,9,0.00230187601711071,-0.2360216607621386
3,UPFC_tsh,5-15,-0.2359311767887281,6,MAP_PMU,9,9.048397341049341e-05,-0.2360216607621386
0,x_tcsc,1-14,-0.1082054470829124,7,WLS,9,3.913998990100198e-05,-0.1082445870728134
0,x_tcsc,1-14,-0.1045988244161524,7,MAP_SCADA,9,0.003645762656661,-0.1082445870728134
0,x_tcsc,1-14,-0.1082954713679254,7,MAP_PMU,9,5.088429511200532e-05,-0.1082445870728134
1,B_svc,2,0.1774864822485395,7,WLS,9,7.671969377190391e-05,0.1774097625547676
1,B_svc,2,0.1712470443244542,7,MAP_SCADA,9,0.006162718230313391,0.1774097625547676
1,B_svc,2,0.1775055456878354,7,MAP_PMU,9,9.578313306779496e-05,0.1774097625547676
4,UPFC_Vse,5-15,0.0581122981073692,7,WLS,9,0.0008750004269506978,0.0572372976804185
4,UPFC_Vse,5-15,0.0583206289255564,7,MAP_SCADA,9,0.001083331245137903,0.0572372976804185
4,UPFC_Vse,5-15,0.0581112767782191,7,MAP_PMU,9,0.0008739790978005979,0.0572372976804185
2,UPFC_Vsh,5-15,1.1120041874396538,7,WLS,9,0.0010988198686541217,1.1109053675709997
2,UPFC_Vsh,5-15,1.1143225166077113,7,MAP_SCADA,9,0.003417149036711642,1.1109053675709997
2,UPFC_Vsh,5-15,1.1119980763071209,7,MAP_PMU,9,0.0010927087361212173,1.1109053675709997
5,UPFC_tse,5-15,-2.1280967653626237,7,WLS,9,0.006282363421924675,-2.121814401940699
5,UPFC_tse,5-15,-2.125530772288669,7,MAP_SCADA,9,0.0037163703479698995,-2.121814401940699
5,UPFC_tse,5-15,-2.1280691650149515,7,MAP_PMU,9,0.006254763074252434,-2.121814401940699
3,UPFC_tsh,5-15,-0.2359986017404901,7,WLS,9,2.305902164850826e-05,-0.2360216607621386
3,UPFC_tsh,5-15,-0.237676134755732,7,MAP_SCADA,9,0.0016544739935933916,-0.2360216607621386
3,UPFC_tsh,5-15,-0.2359983388695754,7,MAP_PMU,9,2.3321892563182844e-05,-0.2360216607621386
0,x_tcsc,1-14,-0.1082175892064606,8,WLS,9,2.6997866352795885e-05,-0.1082445870728134
0,x_tcsc,1-14,-0.1052133161498671,8,MAP_SCADA,9,0.0030312709229462914,-0.1082445870728134
0,x_tcsc,1-14,-0.1082510137421547,8,MAP_PMU,9,6.426669341308422e-06,-0.1082445870728134
1,B_svc,2,0.1772840333745444,8,WLS,9,0.00012572918022318857,0.1774097625547676
1,B_svc,2,0.1765255215568726,8,MAP_SCADA,9,0.0008842409978949972,0.1774097625547676
1,B_svc,2,0.1773187963642305,8,MAP_PMU,9,9.096619053708399e-05,0.1774097625547676
4,UPFC_Vse,5-15,0.0574765759379883,8,WLS,9,0.0002392782575698013,0.0572372976804185
4,UPFC_Vse,5-15,0.0575742942186923,8,MAP_SCADA,9,0.00033699653827379966,0.0572372976804185
4,UPFC_Vse,5-15,0.0574773832807849,8,MAP_PMU,9,0.00024008560036640342,0.0572372976804185
2,UPFC_Vsh,5-15,1.111633922729684,8,WLS,9,0.0007285551586844186,1.1109053675709997
2,UPFC_Vsh,5-15,1.1094174165188055,8,MAP_SCADA,9,0.0014879510521941253,1.1109053675709997
2,UPFC_Vsh,5-15,1.1116275003500926,8,MAP_PMU,9,0.0007221327790929433,1.1109053675709997
5,UPFC_tse,5-15,-2.1273292221274755,8,WLS,9,0.0055148201867765145,-2.121814401940699
5,UPFC_tse,5-15,-2.128784796891451,8,MAP_SCADA,9,0.0069703949507520235,-2.121814401940699
5,UPFC_tse,5-15,-2.127326256529339,8,MAP_PMU,9,0.005511854588640119,-2.121814401940699
3,UPFC_tsh,5-15,-0.2359812611578991,8,WLS,9,4.0399604239488296e-05,-0.2360216607621386
3,UPFC_tsh,5-15,-0.2394379408323106,8,MAP_SCADA,9,0.003416280070172001,-0.2360216607621386
3,UPFC_tsh,5-15,-0.2359817910485336,8,MAP_PMU,9,3.986971360500635e-05,-0.2360216607621386
0,x_tcsc,1-14,-0.1082052263861895,9,WLS,9,3.93606866238988e-05,-0.1082445870728134
0,x_tcsc,1-14,-0.1058694583135297,9,MAP_SCADA,9,0.0023751287592836956,-0.1082445870728134
0,x_tcsc,1-14,-0.1082293801417969,9,MAP_PMU,9,1.5206931016503722e-05,-0.1082445870728134
1,B_svc,2,0.1776688349584104,9,WLS,9,0.0002590724036428127,0.1774097625547676
1,B_svc,2,0.1745204610707672,9,MAP_SCADA,9,0.0028893014840003783,0.1774097625547676
1,B_svc,2,0.1777015049196155,9,MAP_PMU,9,0.0002917423648479134,0.1774097625547676
4,UPFC_Vse,5-15,0.0577830684621077,9,WLS,9,0.0005457707816892005,0.0572372976804185
4,UPFC_Vse,5-15,0.0578097762594768,9,MAP_SCADA,9,0.0005724785790583026,0.0572372976804185
4,UPFC_Vse,5-15,0.0577840374488404,9,MAP_PMU,9,0.0005467397684219,0.0572372976804185
2,UPFC_Vsh,5-15,1.1121466830115254,9,WLS,9,0.0012413154405257476,1.1109053675709997
2,UPFC_Vsh,5-15,1.110964173874104,9,MAP_SCADA,9,5.880630310439727e-05,1.1109053675709997
2,UPFC_Vsh,5-15,1.112143297164553,9,MAP_PMU,9,0.0012379295935533996,1.1109053675709997
5,UPFC_tse,5-15,-2.124228239624381,9,WLS,9,0.002413837683681752,-2.121814401940699
5,UPFC_tse,5-15,-2.124621495031673,9,MAP_SCADA,9,0.0028070930909738223,-2.121814401940699
5,UPFC_tse,5-15,-2.124220148281569,9,MAP_PMU,9,0.0024057463408699853,-2.121814401940699
3,UPFC_tsh,5-15,-0.2359596685467063,9,WLS,9,6.199221543229383e-05,-0.2360216607621386
3,UPFC_tsh,5-15,-0.2387539604104957,9,MAP_SCADA,9,0.0027322996483571116,-0.2360216607621386
3,UPFC_tsh,5-15,-0.2359597941597074,9,MAP_PMU,9,6.186660243120978e-05,-0.2360216607621386
0,x_tcsc,1-14,-0.1089719220838535,0,WLS,10,5.667474059269095e-05,-0.1090285968244462
0,x_tcsc,1-14,-0.1070284412461947,0,MAP_SCADA,10,0.002000155578251492,-0.1090285968244462
0,x_tcsc,1-14,-0.1089983670346523,0,MAP_PMU,10,3.022978979390356e-05,-0.1090285968244462
1,B_svc,2,0.1783288469480316,0,WLS,10,4.640857387711028e-05,0.1782824383741545
1,B_svc,2,0.172506831699301,0,MAP_SCADA,10,0.005775606674853495,0.1782824383741545
1,B_svc,2,0.1783571259917672,0,MAP_PMU,10,7.468761761270093e-05,0.1782824383741545
4,UPFC_Vse,5-15,0.0579681363589752,0,WLS,10,0.0005357373763908019,0.0574323989825844
4,UPFC_Vse,5-15,0.0580114974818672,0,MAP_SCADA,10,0.0005790984992828027,0.0574323989825844
4,UPFC_Vse,5-15,0.0579678066841734,0,MAP_PMU,10,0.0005354077015890038,0.0574323989825844
2,UPFC_Vsh,5-15,1.1118490603547475,0,WLS,10,0.0016104311316043063,1.1102386292231432
2,UPFC_Vsh,5-15,1.1102086318187063,0,MAP_SCADA,10,2.9997404436876707e-05,1.1102386292231432
2,UPFC_Vsh,5-15,1.1118498450747802,0,MAP_PMU,10,0.0016112158516370378,1.1102386292231432
5,UPFC_tse,5-15,-2.128095579222295,0,WLS,10,0.0040244074992132894,-2.124071171723082
5,UPFC_tse,5-15,-2.125013314471087,0,MAP_SCADA,10,0.0009421427480051925,-2.124071171723082
5,UPFC_tse,5-15,-2.128078398144157,0,MAP_PMU,10,0.004007226421075316,-2.124071171723082
3,UPFC_tsh,5-15,-0.2351197495663631,0,WLS,10,7.546584104847764e-05,-0.2351952154074116
3,UPFC_tsh,5-15,-0.2377466939834934,0,MAP_SCADA,10,0.002551478576081817,-0.2351952154074116
3,UPFC_tsh,5-15,-0.2351195065362787,0,MAP_PMU,10,7.57088711328957e-05,-0.2351952154074116
0,x_tcsc,1-14,-0.1090022777381724,1,WLS,10,2.6319086273790537e-05,-0.1090285968244462
0,x_tcsc,1-14,-0.1067255256403177,1,MAP_SCADA,10,0.002303071184128494,-0.1090285968244462
0,x_tcsc,1-14,-0.1090470269658329,1,MAP_PMU,10,1.8430141386707732e-05,-0.1090285968244462
1,B_svc,2,0.1786341762383379,1,WLS,10,0.00035173786418341013,0.1782824383741545
1,B_svc,2,0.1699620932372151,1,MAP_SCADA,10,0.008320345136939411,0.1782824383741545
1,B_svc,2,0.1786651583236921,1,MAP_PMU,10,0.00038271994953759103,0.1782824383741545
4,UPFC_Vse,5-15,0.0582570477767558,1,WLS,10,0.0008246487941713995,0.0574323989825844
4,UPFC_Vse,5-15,0.0581152203758432,1,MAP_SCADA,10,0.0006828213932588006,0.0574323989825844
4,UPFC_Vse,5-15,0.0582556120639272,1,MAP_PMU,10,0.0008232130813428037,0.0574323989825844
2,UPFC_Vsh,5-15,1.11169145263567,1,WLS,10,0.001452823412526838,1.1102386292231432
2,UPFC_Vsh,5-15,1.1123615374976672,1,MAP_SCADA,10,0.0021229082745239936,1.1102386292231432
2,UPFC_Vsh,5-15,1.111691531015651,1,MAP_PMU,10,0.001452901792507788,1.1102386292231432
5,UPFC_tse,5-15,-2.124795824602164,1,WLS,10,0.0007246528790822993,-2.124071171723082
5,UPFC_tse,5-15,-2.1211163238376645,1,MAP_SCADA,10,0.0029548478854173332,-2.124071171723082
5,UPFC_tse,5-15,-2.124796488570769,1,MAP_PMU,10,0.0007253168476872851,-2.124071171723082
3,UPFC_tsh,5-15,-0.2351427147707575,1,WLS,10,5.250063665410143e-05,-0.2351952154074116
3,UPFC_tsh,5-15,-0.2369684384345173,1,MAP_SCADA,10,0.001773223027105697,-0.2351952154074116
3,UPFC_tsh,5-15,-0.2351421178713917,1,MAP_PMU,10,5.3097536019897085e-05,-0.2351952154074116
0,x_tcsc,1-14,-0.1089884431547817,2,WLS,10,4.015366966449163e-05,-0.1090285968244462
0,x_tcsc,1-14,-0.1070769698284908,2,MAP_SCADA,10,0.0019516269959553995,-0.1090285968244462
0,x_tcsc,1-14,-0.109013930788571,2,MAP_PMU,10,1.46660358752021e-05,-0.1090285968244462
1,B_svc,2,0.1786354582077699,2,WLS,10,0.0003530198336154089,0.1782824383741545
1,B_svc,2,0.1721999161702743,2,MAP_SCADA,10,0.006082522203880197,0.1782824383741545
1,B_svc,2,0.1786582260116969,2,MAP_PMU,10,0.0003757876375423963,0.1782824383741545
4,UPFC_Vse,5-15,0.0575950186613726,2,WLS,10,0.000162619678788202,0.0574323989825844
4,UPFC_Vse,5-15,0.0575735246487923,2,MAP_SCADA,10,0.00014112566620790024,0.0574323989825844
4,UPFC_Vse,5-15,0.0575934065686924,2,MAP_PMU,10,0.00016100758610800014,0.0574323989825844
2,UPFC_Vsh,5-15,1.1117518389233798,2,WLS,10,0.0015132097002366063,1.1102386292231432
2,UPFC_Vsh,5-15,1.112716678655468,2,MAP_SCADA,10,0.0024780494323248803,1.1102386292231432
2,UPFC_Vsh,5-15,1.1117532428210226,2,MAP_PMU,10,0.0015146135978794106,1.1102386292231432
5,UPFC_tse,5-15,-2.1260789110744405,2,WLS,10,0.0020077393513586728,-2.124071171723082
5,UPFC_tse,5-15,-2.1230999990028,2,MAP_SCADA,10,0.0009711727202819098,-2.124071171723082
5,UPFC_tse,5-15,-2.126062640625596,2,MAP_PMU,10,0.001991468902514004,-2.124071171723082
3,UPFC_tsh,5-15,-0.2351372188764511,2,WLS,10,5.799653096050239e-05,-0.2351952154074116
3,UPFC_tsh,5-15,-0.2371799133413688,2,MAP_SCADA,10,0.001984697933957197,-0.2351952154074116
3,UPFC_tsh,5-15,-0.2351365322964983,2,MAP_PMU,10,5.868311091328238e-05,-0.2351952154074116
0,x_tcsc,1-14,-0.1089860657948488,3,WLS,10,4.253102959739241e-05,-0.1090285968244462
0,x_tcsc,1-14,-0.1081144615164635,3,MAP_SCADA,10,0.0009141353079826914,-0.1090285968244462
0,x_tcsc,1-14,-0.1090042884070537,3,MAP_PMU,10,2.430841739249623e-05,-0.1090285968244462
1,B_svc,2,0.1786319676787239,3,WLS,10,0.00034952930456941256,0.1782824383741545
1,B_svc,2,0.1654977181222396,3,MAP_SCADA,10,0.012784720251914905,0.1782824383741545
1,B_svc,2,0.1786237639167092,3,MAP_PMU,10,0.00034132554255469905,0.1782824383741545
4,UPFC_Vse,5-15,0.0580491148452609,3,WLS,10,0.0006167158626765035,0.0574323989825844
4,UPFC_Vse,5-15,0.0576055159860732,3,MAP_SCADA,10,0.00017311700348879994,0.0574323989825844
4,UPFC_Vse,5-15,0.0580415976006272,3,MAP_PMU,10,0.0006091986180428027,0.0574323989825844
2,UPFC_Vsh,5-15,1.1124402687030908,3,WLS,10,0.002201639479947559,1.1102386292231432
2,UPFC_Vsh,5-15,1.115389257090103,3,MAP_SCADA,10,0.005150627866959745,1.1102386292231432
2,UPFC_Vsh,5-15,1.1124461129297478,3,MAP_PMU,10,0.0022074837066046182,1.1102386292231432
5,UPFC_tse,5-15,-2.1293557250747264,3,WLS,10,0.005284553351644572,-2.124071171723082
5,UPFC_tse,5-15,-2.1228174010783643,3,MAP_SCADA,10,0.0012537706447175445,-2.124071171723082
5,UPFC_tse,5-15,-2.129392253473016,3,MAP_PMU,10,0.005321081749934287,-2.124071171723082
3,UPFC_tsh,5-15,-0.2351620316315008,3,WLS,10,3.318377591080002e-05,-0.2351952154074116
3,UPFC_tsh,5-15,-0.2355480509882025,3,MAP_SCADA,10,0.00035283558079091115,-0.2351952154074116
3,UPFC_tsh,5-15,-0.2351607689760557,3,MAP_PMU,10,3.4446431355888985e-05,-0.2351952154074116
0,x_tcsc,1-14,-0.1089982624446882,4,WLS,10,3.03343797579958e-05,-0.1090285968244462
0,x_tcsc,1-14,-0.10634473140501,4,MAP_SCADA,10,0.0026838654194362016,-0.1090285968244462
0,x_tcsc,1-14,-0.1090294434921511,4,MAP_PMU,10,8.466677049040472e-07,-0.1090285968244462
1,B_svc,2,0.178749063383819,4,WLS,10,0.0004666250096644897,0.1782824383741545
1,B_svc,2,0.1755735078302422,4,MAP_SCADA,10,0.0027089305439123024,0.1782824383741545
1,B_svc,2,0.1787841855305461,4,MAP_PMU,10,0.000501747156391591,0.1782824383741545
4,UPFC_Vse,5-15,0.0581067811314144,4,WLS,10,0.000674382148830005,0.0574323989825844
4,UPFC_Vse,5-15,0.0584639012235131,4,MAP_SCADA,10,0.0010315022409287042,0.0574323989825844
4,UPFC_Vse,5-15,0.0581071181410475,4,MAP_PMU,10,0.000674719158463101,0.0574323989825844
2,UPFC_Vsh,5-15,1.112078179926405,4,WLS,10,0.0018395507032618053,1.1102386292231432
2,UPFC_Vsh,5-15,1.111199722143873,4,MAP_SCADA,10,0.0009610929207297669,1.1102386292231432
2,UPFC_Vsh,5-15,1.112076118756484,4,MAP_PMU,10,0.0018374895333408414,1.1102386292231432
5,UPFC_tse,5-15,-2.1257799124078667,4,WLS,10,0.0017087406847848818,-2.124071171723082
5,UPFC_tse,5-15,-2.125218158257117,4,MAP_SCADA,10,0.0011469865340352214,-2.124071171723082
5,UPFC_tse,5-15,-2.125751841841673,4,MAP_PMU,10,0.0016806701185911876,-2.124071171723082
3,UPFC_tsh,5-15,-0.2351458329451939,4,WLS,10,4.9382462217695267e-05,-0.2351952154074116
3,UPFC_tsh,5-15,-0.2382009340591349,4,MAP_SCADA,10,0.0030057186517233048,-0.2351952154074116
3,UPFC_tsh,5-15,-0.2351456815798217,4,MAP_PMU,10,4.953382758987601e-05,-0.2351952154074116
0,x_tcsc,1-14,-0.1089851582185312,5,WLS,10,4.34386059149916e-05,-0.1090285968244462
0,x_tcsc,1-14,-0.1079082994169492,5,MAP_SCADA,10,0.0011202974074970007,-0.1090285968244462
0,x_tcsc,1-14,-0.1090044009965274,5,MAP_PMU,10,2.419582791879371e-05,-0.1090285968244462
1,B_svc,2,0.1786408729420905,5,WLS,10,0.0003584345679359946,0.1782824383741545
1,B_svc,2,0.1685733813608642,5,MAP_SCADA,10,0.009709057013290306,0.1782824383741545
1,B_svc,2,0.1786513844849563,5,MAP_PMU,10,0.0003689461108017933,0.1782824383741545
4,UPFC_Vse,5-15,0.0576686255607882,5,WLS,10,0.00023622657820380338,0.0574323989825844
4,UPFC_Vse,5-15,0.0575864519264921,5,MAP_SCADA,10,0.00015405294390770374,0.0574323989825844
4,UPFC_Vse,5-15,0.0576665156427135,5,MAP_PMU,10,0.00023411666012910365,0.0574323989825844
2,UPFC_Vsh,5-15,1.1118656697447544,5,WLS,10,0.0016270405216112227,1.1102386292231432
2,UPFC_Vsh,5-15,1.1124061159697878,5,MAP_SCADA,10,0.0021674867466445757,1.1102386292231432
2,UPFC_Vsh,5-15,1.1118691961780742,5,MAP_PMU,10,0.001630566954931023,1.1102386292231432
5,UPFC_tse,5-15,-2.1274459598402355,5,WLS,10,0.0033747881171537486,-2.124071171723082
5,UPFC_tse,5-15,-2.123550517995745,5,MAP_SCADA,10,0.000520653727337006,-2.124071171723082
5,UPFC_tse,5-15,-2.127441240867044,5,MAP_PMU,10,0.0033700691439619845,-2.124071171723082
3,UPFC_tsh,5-15,-0.2351593795607349,5,WLS,10,3.5835846676685046e-05,-0.2351952154074116
3,UPFC_tsh,5-15,-0.2369410129883002,5,MAP_SCADA,10,0.0017457975808886084,-0.2351952154074116
3,UPFC_tsh,5-15,-0.2351586369345117,5,MAP_PMU,10,3.657847289989524e-05,-0.2351952154074116
0,x_tcsc,1-14,-0.1089941089319188,6,WLS,10,3.448789252739892e-05,-0.1090285968244462
0,x_tcsc,1-14,-0.1045107019372545,6,MAP_SCADA,10,0.0045178948871917035,-0.1090285968244462
0,x_tcsc,1-14,-0.1090791525671586,6,MAP_PMU,10,5.0555742712399265e-05,-0.1090285968244462
1,B_svc,2,0.1785716130303136,6,WLS,10,0.00028917465615910243,0.1782824383741545
1,B_svc,2,0.1767290105409961,6,MAP_SCADA,10,0.0015534278331583995,0.1782824383741545
1,B_svc,2,0.1786168762970944,6,MAP_PMU,10,0.0003344379229399119,0.1782824383741545
4,UPFC_Vse,5-15,0.0576507593352729,6,WLS,10,0.00021836035268850418,0.0574323989825844
4,UPFC_Vse,5-15,0.0576260792132012,6,MAP_SCADA,10,0.00019368023061680506,0.0574323989825844
4,UPFC_Vse,5-15,0.0576501256190923,6,MAP_PMU,10,0.00021772663650790336,0.0574323989825844
2,UPFC_Vsh,5-15,1.112082638500426,6,WLS,10,0.0018440092772828987,1.1102386292231432
2,UPFC_Vsh,5-15,1.1135006915001406,6,MAP_SCADA,10,0.003262062276997435,1.1102386292231432
2,UPFC_Vsh,5-15,1.112067323610405,6,MAP_PMU,10,0.0018286943872618533,1.1102386292231432
5,UPFC_tse,5-15,-2.1290408353740187,6,WLS,10,0.004969663650936873,-2.124071171723082
5,UPFC_tse,5-15,-2.124829114767701,6,MAP_SCADA,10,0.0007579430446194024,-2.124071171723082
5,UPFC_tse,5-15,-2.129042663949771,6,MAP_PMU,10,0.004971492226689023,-2.124071171723082
3,UPFC_tsh,5-15,-0.2350944483201737,6,WLS,10,0.00010076708723788519,-0.2351952154074116
3,UPFC_tsh,5-15,-0.2383235367792493,6,MAP_SCADA,10,0.0031283213718377167,-0.2351952154074116
3,UPFC_tsh,5-15,-0.235094571619174,6,MAP_PMU,10,0.00010064378823759768,-0.2351952154074116
0,x_tcsc,1-14,-0.1089856758792337,7,WLS,10,4.2920945212493455e-05,-0.1090285968244462
0,x_tcsc,1-14,-0.1045988244161524,7,MAP_SCADA,10,0.0044297724082938,-0.1090285968244462
0,x_tcsc,1-14,-0.1091132114809414,7,MAP_PMU,10,8.461465649520217e-05,-0.1090285968244462
1,B_svc,2,0.1783734016140293,7,WLS,10,9.096323987478616e-05,0.1782824383741545
1,B_svc,2,0.1712470443244542,7,MAP_SCADA,10,0.0070353940497003,0.1782824383741545
1,B_svc,2,0.1784133887246038,7,MAP_PMU,10,0.00013095035044929926,0.1782824383741545
4,UPFC_Vse,5-15,0.0582032026234501,7,WLS,10,0.0007708036408657012,0.0574323989825844
4,UPFC_Vse,5-15,0.0583206289255564,7,MAP_SCADA,10,0.0008882299429720034,0.0574323989825844
4,UPFC_Vse,5-15,0.0582024940055671,7,MAP_PMU,10,0.0007700950229827044,0.0574323989825844
2,UPFC_Vsh,5-15,1.1120235653463488,7,WLS,10,0.0017849361232056271,1.1102386292231432
2,UPFC_Vsh,5-15,1.1143225166077113,7,MAP_SCADA,10,0.004083887384568108,1.1102386292231432
2,UPFC_Vsh,5-15,1.112012114271126,7,MAP_PMU,10,0.0017734850479826925,1.1102386292231432
5,UPFC_tse,5-15,-2.128693071681568,7,WLS,10,0.004621899958486164,-2.124071171723082
5,UPFC_tse,5-15,-2.125530772288669,7,MAP_SCADA,10,0.001459600565587138,-2.124071171723082
5,UPFC_tse,5-15,-2.1286638802150786,7,MAP_PMU,10,0.0045927084919967776,-2.124071171723082
3,UPFC_tsh,5-15,-0.2351618039726217,7,WLS,10,3.341143478988173e-05,-0.2351952154074116
3,UPFC_tsh,5-15,-0.237676134755732,7,MAP_SCADA,10,0.0024809193483203984,-0.2351952154074116
3,UPFC_tsh,5-15,-0.2351618116556887,7,MAP_PMU,10,3.340375172289356e-05,-0.2351952154074116
0,x_tcsc,1-14,-0.108997768194366,8,WLS,10,3.082863008019299e-05,-0.1090285968244462
0,x_tcsc,1-14,-0.1052133161498671,8,MAP_SCADA,10,0.0038152806745790913,-0.1090285968244462
0,x_tcsc,1-14,-0.1090547928487039,8,MAP_PMU,10,2.619602425769918e-05,-0.1090285968244462
1,B_svc,2,0.1781697977762128,8,WLS,10,0.00011264059794169334,0.1782824383741545
1,B_svc,2,0.1765255215568726,8,MAP_SCADA,10,0.001756916817281906,0.1782824383741545
1,B_svc,2,0.1782272490639373,8,MAP_PMU,10,5.518931021719631e-05,0.1782824383741545
4,UPFC_Vse,5-15,0.0575666042466986,8,WLS,10,0.00013420526411420108,0.0574323989825844
4,UPFC_Vse,5-15,0.0575742942186923,8,MAP_SCADA,10,0.0001418952361079001,0.0574323989825844
4,UPFC_Vse,5-15,0.0575687616784189,8,MAP_PMU,10,0.0001363626958345021,0.0574323989825844
2,UPFC_Vsh,5-15,1.1116535238753875,8,WLS,10,0.001414894652244314,1.1102386292231432
2,UPFC_Vsh,5-15,1.1094174165188055,8,MAP_SCADA,10,0.0008212127043376594,1.1102386292231432
2,UPFC_Vsh,5-15,1.111641737946918,8,MAP_PMU,10,0.001403108723774693,1.1102386292231432
5,UPFC_tse,5-15,-2.1279585057890222,8,WLS,10,0.00388733406594044,-2.124071171723082
5,UPFC_tse,5-15,-2.128784796891451,8,MAP_SCADA,10,0.004713625168369262,-2.124071171723082
5,UPFC_tse,5-15,-2.127955285716874,8,MAP_PMU,10,0.003884113993792404,-2.124071171723082
3,UPFC_tsh,5-15,-0.2351442228128461,8,WLS,10,5.099259456547989e-05,-0.2351952154074116
3,UPFC_tsh,5-15,-0.2394379408323106,8,MAP_SCADA,10,0.004242725424899008,-0.2351952154074116
3,UPFC_tsh,5-15,-0.2351451603218133,8,MAP_PMU,10,5.005508559829952e-05,-0.2351952154074116
0,x_tcsc,1-14,-0.1089851759773912,9,WLS,10,4.3420847054997935e-05,-0.1090285968244462
0,x_tcsc,1-14,-0.1058694583135297,9,MAP_SCADA,10,0.0031591385109164954,-0.1090285968244462
0,x_tcsc,1-14,-0.1090296376862308,9,MAP_PMU,10,1.0408617845958368e-06,-0.1090285968244462
1,B_svc,2,0.1785543727972932,9,WLS,10,0.0002719344231386922,0.1782824383741545
1,B_svc,2,0.1745204610707672,9,MAP_SCADA,10,0.003761977303387287,0.1782824383741545
1,B_svc,2,0.178608583694497,9,MAP_PMU,10,0.00032614532034250243,0.1782824383741545
4,UPFC_Vse,5-15,0.0578730639085797,9,WLS,10,0.0004406649259953016,0.0574323989825844
4,UPFC_Vse,5-15,0.0578097762594768,9,MAP_SCADA,10,0.000377377276892403,0.0574323989825844
4,UPFC_Vse,5-15,0.0578751665396227,9,MAP_PMU,10,0.00044276755703830106,0.0574323989825844
2,UPFC_Vsh,5-15,1.112166772423524,9,WLS,10,0.0019281432003808163,1.1102386292231432
2,UPFC_Vsh,5-15,1.110964173874104,9,MAP_SCADA,10,0.0007255446509608632,1.1102386292231432
2,UPFC_Vsh,5-15,1.1121584304193262,9,MAP_PMU,10,0.0019198011961829575,1.1102386292231432
5,UPFC_tse,5-15,-2.1248479898507626,9,WLS,10,0.0007768181276808228,-2.124071171723082
5,UPFC_tse,5-15,-2.124621495031673,9,MAP_SCADA,10,0.0005503233085910608,-2.124071171723082
5,UPFC_tse,5-15,-2.124841668721869,9,MAP_PMU,10,0.0007704969987871735,-2.124071171723082
3,UPFC_tsh,5-15,-0.2351229786696397,9,WLS,10,7.223673777190243e-05,-0.2351952154074116
3,UPFC_tsh,5-15,-0.2387539604104957,9,MAP_SCADA,10,0.0035587450030841183,-0.2351952154074116
3,UPFC_tsh,5-15,-0.2351234217304013,9,MAP_PMU,10,7.17936770102956e-05,-0.2351952154074116
0,x_tcsc,1-14,-0.1085729342322643,0,WLS,11,5.001817439780065e-05,-0.1086229524066621
0,x_tcsc,1-14,-0.1070284412461947,0,MAP_SCADA,11,0.0015945111604673962,-0.1086229524066621
0,x_tcsc,1-14,-0.1085907083165949,0,MAP_PMU,11,3.224409006720441e-05,-0.1086229524066621
1,B_svc,2,0.1776409158868707,0,WLS,11,1.1476234302892907e-05,0.1776294396525678
1,B_svc,2,0.172506831699301,0,MAP_SCADA,11,0.0051226079532668,0.1776294396525678
1,B_svc,2,0.1776605511531978,0,MAP_PMU,11,3.111150062998225e-05,0.1776294396525678
4,UPFC_Vse,5-15,0.0579502973761753,0,WLS,11,0.0005806242650184951,0.0573696731111568
4,UPFC_Vse,5-15,0.0580114974818672,0,MAP_SCADA,11,0.000641824370710399,0.0573696731111568
4,UPFC_Vse,5-15,0.0579499118000421,0,MAP_PMU,11,0.0005802386888852998,0.0573696731111568
2,UPFC_Vsh,5-15,1.111849282593946,0,WLS,11,0.0015081495136139988,1.110341133080332
2,UPFC_Vsh,5-15,1.1102086318187063,0,MAP_SCADA,11,0.00013250126162578368,1.110341133080332
2,UPFC_Vsh,5-15,1.111849950808749,0,MAP_PMU,11,0.0015088177284168225,1.110341133080332
5,UPFC_tse,5-15,-2.128571642699429,0,WLS,11,0.003987069827395828,-2.124584572872033
5,UPFC_tse,5-15,-2.125013314471087,0,MAP_SCADA,11,0.00042874159905403886,-2.124584572872033
5,UPFC_tse,5-15,-2.1285556646739856,0,MAP_PMU,11,0.003971091801952653,-2.124584572872033
3,UPFC_tsh,5-15,-0.2355321235877407,0,WLS,11,6.634762686261175e-05,-0.2355984712146033
3,UPFC_tsh,5-15,-0.2377466939834934,0,MAP_SCADA,11,0.0021482227688900957,-0.2355984712146033
3,UPFC_tsh,5-15,-0.2355319518328604,0,MAP_PMU,11,6.651938174290217e-05,-0.2355984712146033
0,x_tcsc,1-14,-0.1086031149378124,1,WLS,11,1.9837468849703832e-05,-0.1086229524066621
0,x_tcsc,1-14,-0.1067255256403177,1,MAP_SCADA,11,0.0018974267663443983,-0.1086229524066621
0,x_tcsc,1-14,-0.1086360405358878,1,MAP_PMU,11,1.3088129225694023e-05,-0.1086229524066621
1,B_svc,2,0.1779449795922298,1,WLS,11,0.0003155399396619907,0.1776294396525678
1,B_svc,2,0.1699620932372151,1,MAP_SCADA,11,0.007667346415352716,0.1776294396525678
1,B_svc,2,0.1779669381363114,1,MAP_PMU,11,0.00033749848374359237,0.1776294396525678
4,UPFC_Vse,5-15,0.0582391162577522,1,WLS,11,0.0008694431465954,0.0573696731111568
4,UPFC_Vse,5-15,0.0581152203758432,1,MAP_SCADA,11,0.000745547264686397,0.0573696731111568
4,UPFC_Vse,5-15,0.0582375530363584,1,MAP_PMU,11,0.0008678799252015978,0.0573696731111568
2,UPFC_Vsh,5-15,1.1116921214148323,1,WLS,11,0.0013509883345002027,1.110341133080332
2,UPFC_Vsh,5-15,1.1123615374976672,1,MAP_SCADA,11,0.0020204044173350866,1.110341133080332
2,UPFC_Vsh,5-15,1.1116925000366775,1,MAP_PMU,11,0.0013513669563454123,1.110341133080332
5,UPFC_tse,5-15,-2.125269413658167,1,WLS,11,0.0006848407861341776,-2.124584572872033
5,UPFC_tse,5-15,-2.1211163238376645,1,MAP_SCADA,11,0.003468249034368487,-2.124584572872033
5,UPFC_tse,5-15,-2.1252715394326867,1,MAP_PMU,11,0.0006869665606537012,-2.124584572872033
3,UPFC_tsh,5-15,-0.2355550062105037,1,WLS,11,4.346500409960208e-05,-0.2355984712146033
3,UPFC_tsh,5-15,-0.2369684384345173,1,MAP_SCADA,11,0.0013699672199139756,-0.2355984712146033
3,UPFC_tsh,5-15,-0.2355545063291444,1,MAP_PMU,11,4.396488545890809e-05,-0.2355984712146033
0,x_tcsc,1-14,-0.1085893907962193,2,WLS,11,3.356161044279493e-05,-0.1086229524066621
0,x_tcsc,1-14,-0.1070769698284908,2,MAP_SCADA,11,0.0015459825781713038,-0.1086229524066621
0,x_tcsc,1-14,-0.1086063713029912,2,MAP_PMU,11,1.6581103670906816e-05,-0.1086229524066621
1,B_svc,2,0.1779477387801422,2,WLS,11,0.0003182991275743896,0.1776294396525678
1,B_svc,2,0.1721999161702743,2,MAP_SCADA,11,0.005429523482293502,0.1776294396525678
1,B_svc,2,0.1779625490688716,2,MAP_PMU,11,0.0003331094163037951,0.1776294396525678
4,UPFC_Vse,5-15,0.0575772334762492,2,WLS,11,0.00020756036509239628,0.0573696731111568
4,UPFC_Vse,5-15,0.0575735246487923,2,MAP_SCADA,11,0.00020385153763549657,0.0573696731111568
4,UPFC_Vse,5-15,0.0575755766679723,2,MAP_PMU,11,0.00020590355681549682,0.0573696731111568
2,UPFC_Vsh,5-15,1.1117521865631237,2,WLS,11,0.00141105348279158,1.110341133080332
2,UPFC_Vsh,5-15,1.112716678655468,2,MAP_SCADA,11,0.0023755455751359733,1.110341133080332
2,UPFC_Vsh,5-15,1.1117535155484597,2,MAP_PMU,11,0.001412382468127582,1.110341133080332
5,UPFC_tse,5-15,-2.1265556677378368,2,WLS,11,0.001971094865803824,-2.124584572872033
5,UPFC_tse,5-15,-2.1230999990028,2,MAP_SCADA,11,0.0014845738692330634,-2.124584572872033
5,UPFC_tse,5-15,-2.1265414642965066,2,MAP_PMU,11,0.001956891424473639,-2.124584572872033
3,UPFC_tsh,5-15,-0.2355495330823274,2,WLS,11,4.893813227591082e-05,-0.2355984712146033
3,UPFC_tsh,5-15,-0.2371799133413688,2,MAP_SCADA,11,0.0015814421267654755,-0.2355984712146033
3,UPFC_tsh,5-15,-0.2355489705424574,2,MAP_PMU,11,4.950067214590237e-05,-0.2355984712146033
0,x_tcsc,1-14,-0.1085871786811121,3,WLS,11,3.5773725549997915e-05,-0.1086229524066621
0,x_tcsc,1-14,-0.1081144615164635,3,MAP_SCADA,11,0.0005084908901985957,-0.1086229524066621
0,x_tcsc,1-14,-0.108595516871926,3,MAP_PMU,11,2.7435534736094946e-05,-0.1086229524066621
1,B_svc,2,0.1779436393255168,3,WLS,11,0.0003141996729489893,0.1776294396525678
1,B_svc,2,0.1654977181222396,3,MAP_SCADA,11,0.01213172153032821,0.1776294396525678
1,B_svc,2,0.1779295635603646,3,MAP_PMU,11,0.00030012390779679543,0.1776294396525678
4,UPFC_Vse,5-15,0.0580311838678802,3,WLS,11,0.0006615107567233963,0.0573696731111568
4,UPFC_Vse,5-15,0.0576055159860732,3,MAP_SCADA,11,0.00023584287491639627,0.0573696731111568
4,UPFC_Vse,5-15,0.0580236489917072,3,MAP_PMU,11,0.0006539758805503976,0.0573696731111568
2,UPFC_Vsh,5-15,1.1124407834196313,3,WLS,11,0.002099650339299153,1.110341133080332
2,UPFC_Vsh,5-15,1.115389257090103,3,MAP_SCADA,11,0.005048124009770838,1.110341133080332
2,UPFC_Vsh,5-15,1.112446410187014,3,MAP_PMU,11,0.0021052771066818465,1.110341133080332
5,UPFC_tse,5-15,-2.1298363886751286,3,WLS,11,0.0052518158030956386,-2.124584572872033
5,UPFC_tse,5-15,-2.1228174010783643,3,MAP_SCADA,11,0.0017671717936686981,-2.124584572872033
5,UPFC_tse,5-15,-2.129874349567758,3,MAP_PMU,11,0.005289776695724946,-2.124584572872033
3,UPFC_tsh,5-15,-0.2355744992457869,3,WLS,11,2.3971968816399736e-05,-0.2355984712146033
3,UPFC_tsh,5-15,-0.2355480509882025,3,MAP_SCADA,11,5.042022640081023e-05,-0.2355984712146033
3,UPFC_tsh,5-15,-0.2355733811265238,3,MAP_PMU,11,2.509008807952129e-05,-0.2355984712146033
0,x_tcsc,1-14,-0.1085991527298083,4,WLS,11,2.3799676853800134e-05,-0.1086229524066621
0,x_tcsc,1-14,-0.10634473140501,4,MAP_SCADA,11,0.002278221001652106,-0.1086229524066621
0,x_tcsc,1-14,-0.1086208828734222,4,MAP_PMU,11,2.069533239903998e-06,-0.1086229524066621
1,B_svc,2,0.1780603395272353,4,WLS,11,0.0004308998746674897,0.1776294396525678
1,B_svc,2,0.1755735078302422,4,MAP_SCADA,11,0.0020559318223256073,0.1776294396525678
1,B_svc,2,0.1780861303854782,4,MAP_PMU,11,0.00045669073291038087,0.1776294396525678
4,UPFC_Vse,5-15,0.0580890682804072,4,WLS,11,0.0007193951692503961,0.0573696731111568
4,UPFC_Vse,5-15,0.0584639012235131,4,MAP_SCADA,11,0.0010942281123563005,0.0573696731111568
4,UPFC_Vse,5-15,0.0580892600658947,4,MAP_PMU,11,0.0007195869547379011,0.0573696731111568
2,UPFC_Vsh,5-15,1.1120784756044046,4,WLS,11,0.0017373425240725382,1.110341133080332
2,UPFC_Vsh,5-15,1.111199722143873,4,MAP_SCADA,11,0.00085858906354086,1.110341133080332
2,UPFC_Vsh,5-15,1.1120767883184652,4,MAP_PMU,11,0.001735655238133127,1.110341133080332
5,UPFC_tse,5-15,-2.126254142971704,4,WLS,11,0.0016695700996711693,-2.124584572872033
5,UPFC_tse,5-15,-2.125218158257117,4,MAP_SCADA,11,0.0006335853850840678,-2.124584572872033
5,UPFC_tse,5-15,-2.1262274118319646,4,MAP_PMU,11,0.0016428389599316695,-2.124584572872033
3,UPFC_tsh,5-15,-0.2355581797155428,4,WLS,11,4.029149906051299e-05,-0.2355984712146033
3,UPFC_tsh,5-15,-0.2382009340591349,4,MAP_SCADA,11,0.0026024628445315834,-0.2355984712146033
3,UPFC_tsh,5-15,-0.2355580838777979,4,MAP_PMU,11,4.038733680541973e-05,-0.2355984712146033
0,x_tcsc,1-14,-0.1085861599790626,5,WLS,11,3.6792427599505184e-05,-0.1086229524066621
0,x_tcsc,1-14,-0.1079082994169492,5,MAP_SCADA,11,0.000714652989712905,-0.1086229524066621
0,x_tcsc,1-14,-0.1085967725145074,5,MAP_PMU,11,2.6179892154698514e-05,-0.1086229524066621
1,B_svc,2,0.1779519144474103,5,WLS,11,0.00032247479484248665,0.1776294396525678
1,B_svc,2,0.1685733813608642,5,MAP_SCADA,11,0.009056058291703611,0.1776294396525678
1,B_svc,2,0.1779556240966715,5,MAP_PMU,11,0.0003261844441037054,0.1776294396525678
4,UPFC_Vse,5-15,0.0576508703652358,5,WLS,11,0.0002811972540789978,0.0573696731111568
4,UPFC_Vse,5-15,0.0575864519264921,5,MAP_SCADA,11,0.00021677881533530008,0.0573696731111568
4,UPFC_Vse,5-15,0.0576487330047909,5,MAP_PMU,11,0.00027905989363409545,0.0573696731111568
2,UPFC_Vsh,5-15,1.1118660543251633,5,WLS,11,0.0015249212448311678,1.110341133080332
2,UPFC_Vsh,5-15,1.1124061159697878,5,MAP_SCADA,11,0.0020649828894556688,1.110341133080332
2,UPFC_Vsh,5-15,1.1118694113137455,5,MAP_PMU,11,0.0015282782334133937,1.110341133080332
5,UPFC_tse,5-15,-2.127924921998064,5,WLS,11,0.0033403491260308726,-2.124584572872033
5,UPFC_tse,5-15,-2.123550517995745,5,MAP_SCADA,11,0.0010340548762881596,-2.124584572872033
5,UPFC_tse,5-15,-2.127921550515868,5,MAP_PMU,11,0.003336977643835226,-2.124584572872033
3,UPFC_tsh,5-15,-0.2355717575200873,5,WLS,11,2.67136945160118e-05,-0.2355984712146033
3,UPFC_tsh,5-15,-0.2369410129883002,5,MAP_SCADA,11,0.001342541773696887,-0.2355984712146033
3,UPFC_tsh,5-15,-0.2355711185307053,5,MAP_PMU,11,2.735268389800205e-05,-0.2355984712146033
0,x_tcsc,1-14,-0.1085950621771011,6,WLS,11,2.7890229560997848e-05,-0.1086229524066621
0,x_tcsc,1-14,-0.1045107019372545,6,MAP_SCADA,11,0.004112250469407608,-0.1086229524066621
0,x_tcsc,1-14,-0.1086638105195456,6,MAP_PMU,11,4.085811288349894e-05,-0.1086229524066621
1,B_svc,2,0.1778838253478306,6,WLS,11,0.00025438569526278765,0.1776294396525678
1,B_svc,2,0.1767290105409961,6,MAP_SCADA,11,0.0009004291115717045,0.1776294396525678
1,B_svc,2,0.1779186708715193,6,MAP_PMU,11,0.0002892312189514967,0.1776294396525678
4,UPFC_Vse,5-15,0.0576327342947807,6,WLS,11,0.0002630611836238958,0.0573696731111568
4,UPFC_Vse,5-15,0.0576260792132012,6,MAP_SCADA,11,0.0002564061020444014,0.0573696731111568
4,UPFC_Vse,5-15,0.0576315685599765,6,MAP_PMU,11,0.0002618954488196948,0.0573696731111568
2,UPFC_Vsh,5-15,1.1120829250086723,6,WLS,11,0.0017417919283402306,1.110341133080332
2,UPFC_Vsh,5-15,1.1135006915001406,6,MAP_SCADA,11,0.003159558419808528,1.110341133080332
2,UPFC_Vsh,5-15,1.1120700869554632,6,MAP_PMU,11,0.0017289538751310563,1.110341133080332
5,UPFC_tse,5-15,-2.129511944504542,6,WLS,11,0.004927371632509114,-2.124584572872033
5,UPFC_tse,5-15,-2.124829114767701,6,MAP_SCADA,11,0.0002445418956682488,-2.124584572872033
5,UPFC_tse,5-15,-2.1295130161025613,6,MAP_PMU,11,0.004928443230528323,-2.124584572872033
3,UPFC_tsh,5-15,-0.2355066531148218,6,WLS,11,9.18180997815099e-05,-0.2355984712146033
3,UPFC_tsh,5-15,-0.2383235367792493,6,MAP_SCADA,11,0.0027250655646459954,-0.2355984712146033
3,UPFC_tsh,5-15,-0.2355067598997293,6,MAP_PMU,11,9.171131487401007e-05,-0.2355984712146033
0,x_tcsc,1-14,-0.10858661171835,7,WLS,11,3.634068831209758e-05,-0.1086229524066621
0,x_tcsc,1-14,-0.1045988244161524,7,MAP_SCADA,11,0.004024127990509704,-0.1086229524066621
0,x_tcsc,1-14,-0.1086938239527425,7,MAP_PMU,11,7.087154608040325e-05,-0.1086229524066621
1,B_svc,2,0.1776848278197111,7,WLS,11,5.538816714328876e-05,0.1776294396525678
1,B_svc,2,0.1712470443244542,7,MAP_SCADA,11,0.006382395328113605,0.1776294396525678
1,B_svc,2,0.1777140675342837,7,MAP_PMU,11,8.462788171589852e-05,0.1776294396525678
4,UPFC_Vse,5-15,0.0581852018484234,7,WLS,11,0.0008155287372665979,0.0573696731111568
4,UPFC_Vse,5-15,0.0583206289255564,7,MAP_SCADA,11,0.0009509558143995997,0.0573696731111568
4,UPFC_Vse,5-15,0.0581839598152243,7,MAP_PMU,11,0.0008142867040674961,0.0573696731111568
2,UPFC_Vsh,5-15,1.112024344832324,7,WLS,11,0.00168321175199182,1.110341133080332
2,UPFC_Vsh,5-15,1.1143225166077113,7,MAP_SCADA,11,0.003981383527379201,1.110341133080332
2,UPFC_Vsh,5-15,1.1120152214830032,7,MAP_PMU,11,0.0016740884026711367,1.110341133080332
5,UPFC_tse,5-15,-2.129177323933314,7,WLS,11,0.004592751061280875,-2.124584572872033
5,UPFC_tse,5-15,-2.125530772288669,7,MAP_SCADA,11,0.0009461994166359844,-2.124584572872033
5,UPFC_tse,5-15,-2.129148381980202,7,MAP_PMU,11,0.0045638091081690035,-2.124584572872033
3,UPFC_tsh,5-15,-0.2355741538911828,7,WLS,11,2.431732342050852e-05,-0.2355984712146033
3,UPFC_tsh,5-15,-0.237676134755732,7,MAP_SCADA,11,0.002077663541128677,-0.2355984712146033
3,UPFC_tsh,5-15,-0.2355741393198149,7,MAP_PMU,11,2.433189478839859e-05,-0.2355984712146033
0,x_tcsc,1-14,-0.1085987959187779,8,WLS,11,2.415648788420266e-05,-0.1086229524066621
0,x_tcsc,1-14,-0.1052133161498671,8,MAP_SCADA,11,0.0034096362567949956,-0.1086229524066621
0,x_tcsc,1-14,-0.1086425984090671,8,MAP_PMU,11,1.9646002405004914e-05,-0.1086229524066621
1,B_svc,2,0.177481330424019,8,WLS,11,0.00014810922854879838,0.1776294396525678
1,B_svc,2,0.1765255215568726,8,MAP_SCADA,11,0.001103918095695211,0.1776294396525678
1,B_svc,2,0.1775264679818415,8,MAP_PMU,11,0.00010297167072631508,0.1776294396525678
4,UPFC_Vse,5-15,0.0575488950677835,8,WLS,11,0.00017922195662669477,0.0573696731111568
4,UPFC_Vse,5-15,0.0575742942186923,8,MAP_SCADA,11,0.00020462110753549645,0.0573696731111568
4,UPFC_Vse,5-15,0.0575505570117305,8,MAP_PMU,11,0.00018088390057369869,0.0573696731111568
2,UPFC_Vsh,5-15,1.111654076445753,8,WLS,11,0.001312943365420871,1.110341133080332
2,UPFC_Vsh,5-15,1.1094174165188055,8,MAP_SCADA,11,0.0009237165615265663,1.110341133080332
2,UPFC_Vsh,5-15,1.1116439890374468,8,MAP_PMU,11,0.001302855957114657,1.110341133080332
5,UPFC_tse,5-15,-2.128434676570245,8,WLS,11,0.0038501036982121484,-2.124584572872033
5,UPFC_tse,5-15,-2.128784796891451,8,MAP_SCADA,11,0.004200224019418108,-2.124584572872033
5,UPFC_tse,5-15,-2.1284320553643754,8,MAP_PMU,11,0.0038474824923424578,-2.124584572872033
3,UPFC_tsh,5-15,-0.2355566865666124,8,WLS,11,4.178464799090009e-05,-0.2355984712146033
3,UPFC_tsh,5-15,-0.2394379408323106,8,MAP_SCADA,11,0.0038394696177072862,-0.2355984712146033
3,UPFC_tsh,5-15,-0.2355575111825256,8,MAP_PMU,11,4.096003207770815e-05,-0.2355984712146033
0,x_tcsc,1-14,-0.108586211382722,9,WLS,11,3.67410239401067e-05,-0.1086229524066621
0,x_tcsc,1-14,-0.1058694583135297,9,MAP_SCADA,11,0.0027534940931324,-0.1086229524066621
0,x_tcsc,1-14,-0.1086192236321352,9,MAP_PMU,11,3.728774526895462e-06,-0.1086229524066621
1,B_svc,2,0.1778666841976595,9,WLS,11,0.00023724454509169157,0.1776294396525678
1,B_svc,2,0.1745204610707672,9,MAP_SCADA,11,0.003108978581800592,0.1776294396525678
1,B_svc,2,0.1779092519909879,9,MAP_PMU,11,0.0002798123384200879,0.1776294396525678
4,UPFC_Vse,5-15,0.0578550287348749,9,WLS,11,0.0004853556237180978,0.0573696731111568
4,UPFC_Vse,5-15,0.0578097762594768,9,MAP_SCADA,11,0.00044010314831999936,0.0573696731111568
4,UPFC_Vse,5-15,0.0578567852236943,9,MAP_PMU,11,0.00048711211253749803,0.0573696731111568
2,UPFC_Vsh,5-15,1.112167250856009,9,WLS,11,0.001826117775676872,1.110341133080332
2,UPFC_Vsh,5-15,1.110964173874104,9,MAP_SCADA,11,0.0006230407937719562,1.110341133080332
2,UPFC_Vsh,5-15,1.1121601105084256,9,MAP_PMU,11,0.001818977428093449,1.110341133080332
5,UPFC_tse,5-15,-2.1253203151974507,9,WLS,11,0.000735742325417732,-2.124584572872033
5,UPFC_tse,5-15,-2.124621495031673,9,MAP_SCADA,11,3.692215963990719e-05,-2.124584572872033
5,UPFC_tse,5-15,-2.1253153242532736,9,MAP_PMU,11,0.0007307513812406796,-2.124584572872033
3,UPFC_tsh,5-15,-0.2355351618011538,9,WLS,11,6.330941344950825e-05,-0.2355984712146033
3,UPFC_tsh,5-15,-0.2387539604104957,9,MAP_SCADA,11,0.003155489195892397,-0.2355984712146033
3,UPFC_tsh,5-15,-0.2355355825159838,9,MAP_PMU,11,6.288869861950652e-05,-0.2355984712146033
0,x_tcsc,1-14,-0.1086124583830631,0,WLS,12,5.01705226980953e-05,-0.1086626289057612
0,x_tcsc,1-14,-0.1070284412461947,0,MAP_SCADA,12,0.001634187659566494,-0.1086626289057612
0,x_tcsc,1-14,-0.1086310049465691,0,MAP_PMU,12,3.1623959192095263e-05,-0.1086626289057612
1,B_svc,2,0.1776899232518461,0,WLS,12,1.3168433000393387e-05,0.1776767548188457
1,B_svc,2,0.172506831699301,0,MAP_SCADA,12,0.0051699231195447,0.1776767548188457
1,B_svc,2,0.1777102995784114,0,MAP_PMU,12,3.354475956568459e-05,0.1776767548188457
4,UPFC_Vse,5-15,0.0578930100085842,0,WLS,12,0.0007410587604436969,0.0571519512481405
4,UPFC_Vse,5-15,0.0580114974818672,0,MAP_SCADA,12,0.0008595462337267004,0.0571519512481405
4,UPFC_Vse,5-15,0.0578926341245481,0,MAP_PMU,12,0.0007406828764075987,0.0571519512481405
2,UPFC_Vsh,5-15,1.1118468175201084,0,WLS,12,0.0014934900628644776,1.110353327457244
2,UPFC_Vsh,5-15,1.1102086318187063,0,MAP_SCADA,12,0.00014469563853758416,1.110353327457244
2,UPFC_Vsh,5-15,1.1118475250948352,0,MAP_PMU,12,0.001494197637591288,1.110353327457244
5,UPFC_tse,5-15,-2.128855022870718,0,WLS,12,0.005147344763953843,-2.123707678106764
5,UPFC_tse,5-15,-2.125013314471087,0,MAP_SCADA,12,0.001305636364322904,-2.123707678106764
5,UPFC_tse,5-15,-2.128833483620111,0,MAP_PMU,12,0.005125805513346737,-2.123707678106764
3,UPFC_tsh,5-15,-0.2355817621286723,0,WLS,12,6.366821349720886e-05,-0.2356454303421695
3,UPFC_tsh,5-15,-0.2377466939834934,0,MAP_SCADA,12,0.0021012636413239028,-0.2356454303421695
3,UPFC_tsh,5-15,-0.235581602707484,0,MAP_PMU,12,6.382763468551489e-05,-0.2356454303421695
0,x_tcsc,1-14,-0.1086426447670997,1,WLS,12,1.9984138661499617e-05,-0.1086626289057612
0,x_tcsc,1-14,-0.1067255256403177,1,MAP_SCADA,12,0.001937103265443496,-0.1086626289057612
0,x_tcsc,1-14,-0.1086766543922368,1,MAP_PMU,12,1.402548647559676e-05,-0.1086626289057612
1,B_svc,2,0.1779941567346476,1,WLS,12,0.00031740191580190147,0.1776767548188457
1,B_svc,2,0.1699620932372151,1,MAP_SCADA,12,0.007714661581630616,0.1776767548188457
1,B_svc,2,0.1780168881561849,1,MAP_PMU,12,0.0003401333373392046,0.1776767548188457
4,UPFC_Vse,5-15,0.05818190746964,1,WLS,12,0.0010299562214994978,0.0571519512481405
4,UPFC_Vse,5-15,0.0581152203758432,1,MAP_SCADA,12,0.0009632691277026983,0.0571519512481405
4,UPFC_Vse,5-15,0.0581802226996677,1,MAP_PMU,12,0.0010282714515272018,0.0571519512481405
2,UPFC_Vsh,5-15,1.111689507161273,1,WLS,12,0.0013361797040289947,1.110353327457244
2,UPFC_Vsh,5-15,1.1123615374976672,1,MAP_SCADA,12,0.002008210040423286,1.110353327457244
2,UPFC_Vsh,5-15,1.111689974690731,1,MAP_PMU,12,0.0013366472334870316,1.110353327457244
5,UPFC_tse,5-15,-2.125545804006082,1,WLS,12,0.0018381258993178662,-2.123707678106764
5,UPFC_tse,5-15,-2.1211163238376645,1,MAP_SCADA,12,0.0025913542690996216,-2.123707678106764
5,UPFC_tse,5-15,-2.125542634966626,1,MAP_PMU,12,0.0018349568598621246,-2.123707678106764
3,UPFC_tsh,5-15,-0.2356046508498049,1,WLS,12,4.077949236461209e-05,-0.2356454303421695
3,UPFC_tsh,5-15,-0.2369684384345173,1,MAP_SCADA,12,0.0013230080923477827,-0.2356454303421695
3,UPFC_tsh,5-15,-0.2356041446495026,1,MAP_PMU,12,4.128569266689808e-05,-0.2356454303421695
0,x_tcsc,1-14,-0.1086289194531082,2,WLS,12,3.370945265300518e-05,-0.1086626289057612
0,x_tcsc,1-14,-0.1070769698284908,2,MAP_SCADA,12,0.0015856590772704016,-0.1086626289057612
0,x_tcsc,1-14,-0.1086466603626652,2,MAP_PMU,12,1.5968543096003818e-05,-0.1086626289057612
1,B_svc,2,0.1779967387131228,2,WLS,12,0.00031998389427709273,0.1776767548188457
1,B_svc,2,0.1721999161702743,2,MAP_SCADA,12,0.005476838648571403,0.1776767548188457
1,B_svc,2,0.1780122222960907,2,MAP_PMU,12,0.0003354674772449995,0.1776767548188457
4,UPFC_Vse,5-15,0.0575199360085943,2,WLS,12,0.0003679847604537989,0.0571519512481405
4,UPFC_Vse,5-15,0.0575735246487923,2,MAP_SCADA,12,0.00042157340065179794,0.0571519512481405
4,UPFC_Vse,5-15,0.0575181537370821,2,MAP_PMU,12,0.0003662024889415985,0.0571519512481405
2,UPFC_Vsh,5-15,1.1117496646205278,2,WLS,12,0.0013963371632839117,1.110353327457244
2,UPFC_Vsh,5-15,1.112716678655468,2,MAP_SCADA,12,0.002363351198224173,1.110353327457244
2,UPFC_Vsh,5-15,1.1117510679149112,2,MAP_PMU,12,0.0013977404576672736,1.110353327457244
5,UPFC_tse,5-15,-2.126836904897095,2,WLS,12,0.003129226790330897,-2.123707678106764
5,UPFC_tse,5-15,-2.1230999990028,2,MAP_SCADA,12,0.0006076791039641982,-2.123707678106764
5,UPFC_tse,5-15,-2.1268173142107627,2,MAP_PMU,12,0.0031096361039986142,-2.123707678106764
3,UPFC_tsh,5-15,-0.235599196700974,2,WLS,12,4.6233641195492226e-05,-0.2356454303421695
3,UPFC_tsh,5-15,-0.2371799133413688,2,MAP_SCADA,12,0.0015344829991992825,-0.2356454303421695
3,UPFC_tsh,5-15,-0.2355986278143206,2,MAP_PMU,12,4.680252784891592e-05,-0.2356454303421695
0,x_tcsc,1-14,-0.1086266964354816,3,WLS,12,3.593247027959545e-05,-0.1086626289057612
0,x_tcsc,1-14,-0.1081144615164635,3,MAP_SCADA,12,0.0005481673892976935,-0.1086626289057612
0,x_tcsc,1-14,-0.108635941454788,3,MAP_PMU,12,2.6687450973200688e-05,-0.1086626289057612
1,B_svc,2,0.1779926474697096,3,WLS,12,0.0003158926508639026,0.1776767548188457
1,B_svc,2,0.1654977181222396,3,MAP_SCADA,12,0.01217903669660611,0.1776767548188457
1,B_svc,2,0.1779790449284254,3,MAP_PMU,12,0.00030229010957968927,0.1776767548188457
4,UPFC_Vse,5-15,0.0579740484267569,3,WLS,12,0.0008220971786164002,0.0571519512481405
4,UPFC_Vse,5-15,0.0576055159860732,3,MAP_SCADA,12,0.00045356473793269764,0.0571519512481405
4,UPFC_Vse,5-15,0.0579662475103654,3,MAP_PMU,12,0.0008142962622249006,0.0571519512481405
2,UPFC_Vsh,5-15,1.1124382345679134,3,WLS,12,0.002084907110669443,1.110353327457244
2,UPFC_Vsh,5-15,1.115389257090103,3,MAP_SCADA,12,0.0050359296328590375,1.110353327457244
2,UPFC_Vsh,5-15,1.1124439347112998,3,MAP_PMU,12,0.002090607254055854,1.110353327457244
5,UPFC_tse,5-15,-2.130118586973878,3,WLS,12,0.006410908867113818,-2.123707678106764
5,UPFC_tse,5-15,-2.1228174010783643,3,MAP_SCADA,12,0.0008902770283998329,-2.123707678106764
5,UPFC_tse,5-15,-2.1301496633110557,3,MAP_PMU,12,0.006441985204291623,-2.123707678106764
3,UPFC_tsh,5-15,-0.2356241536124125,3,WLS,12,2.1276729756991575e-05,-0.2356454303421695
3,UPFC_tsh,5-15,-0.2355480509882025,3,MAP_SCADA,12,9.737935396700315e-05,-0.2356454303421695
3,UPFC_tsh,5-15,-0.235623014485103,3,MAP_PMU,12,2.2415857066498956e-05,-0.2356454303421695
0,x_tcsc,1-14,-0.1086386835180052,4,WLS,12,2.39453877560053e-05,-0.1086626289057612
0,x_tcsc,1-14,-0.10634473140501,4,MAP_SCADA,12,0.0023178975007512037,-0.1086626289057612
0,x_tcsc,1-14,-0.1086612581344174,4,MAP_PMU,12,1.3707713437949298e-06,-0.1086626289057612
1,B_svc,2,0.1781094543388202,4,WLS,12,0.00043269951997448874,0.1776767548188457
1,B_svc,2,0.1755735078302422,4,MAP_SCADA,12,0.0021032469886035077,0.1776767548188457
1,B_svc,2,0.1781360493883663,4,MAP_PMU,12,0.00045929456952059633,0.1776767548188457
4,UPFC_Vse,5-15,0.0580318864486417,4,WLS,12,0.0008799352005011973,0.0571519512481405
4,UPFC_Vse,5-15,0.0584639012235131,4,MAP_SCADA,12,0.0013119499753726019,0.0571519512481405
4,UPFC_Vse,5-15,0.0580320738080633,4,MAP_PMU,12,0.0008801225599227996,0.0571519512481405
2,UPFC_Vsh,5-15,1.112075965945269,4,WLS,12,0.0017226384880251189,1.110353327457244
2,UPFC_Vsh,5-15,1.111199722143873,4,MAP_SCADA,12,0.0008463946866290595,1.110353327457244
2,UPFC_Vsh,5-15,1.1120743595921416,4,MAP_PMU,12,0.0017210321348977153,1.110353327457244
5,UPFC_tse,5-15,-2.126535112574925,4,WLS,12,0.0028274344681609165,-2.123707678106764
5,UPFC_tse,5-15,-2.125218158257117,4,MAP_SCADA,12,0.001510480150352933,-2.123707678106764
5,UPFC_tse,5-15,-2.126503619362856,4,MAP_PMU,12,0.0027959412560920605,-2.123707678106764
3,UPFC_tsh,5-15,-0.2356078470645854,4,WLS,12,3.758327758410229e-05,-0.2356454303421695
3,UPFC_tsh,5-15,-0.2382009340591349,4,MAP_SCADA,12,0.0025555037169653905,-0.2356454303421695
3,UPFC_tsh,5-15,-0.2356077571080408,4,MAP_PMU,12,3.767323412870449e-05,-0.2356454303421695
0,x_tcsc,1-14,-0.1086256957314472,5,WLS,12,3.6933174313996675e-05,-0.1086626289057612
0,x_tcsc,1-14,-0.1079082994169492,5,MAP_SCADA,12,0.0007543294888120028,-0.1086626289057612
0,x_tcsc,1-14,-0.1086370865022043,5,MAP_PMU,12,2.554240355689963e-05,-0.1086626289057612
1,B_svc,2,0.1780009487256569,5,WLS,12,0.0003241939068111821,0.1776767548188457
1,B_svc,2,0.1685733813608642,5,MAP_SCADA,12,0.009103373457981512,0.1776767548188457
1,B_svc,2,0.1780052069885299,5,MAP_PMU,12,0.0003284521696841902,0.1776767548188457
4,UPFC_Vse,5-15,0.0575936985289885,5,WLS,12,0.0004417472808479969,0.0571519512481405
4,UPFC_Vse,5-15,0.0575864519264921,5,MAP_SCADA,12,0.00043450067835160144,0.0571519512481405
4,UPFC_Vse,5-15,0.0575914366004957,5,MAP_PMU,12,0.000439485352355197,0.0571519512481405
2,UPFC_Vsh,5-15,1.1118634908056222,5,WLS,12,0.0015101633483782795,1.110353327457244
2,UPFC_Vsh,5-15,1.1124061159697878,5,MAP_SCADA,12,0.0020527885125438683,1.110353327457244
2,UPFC_Vsh,5-15,1.1118669886417616,5,MAP_PMU,12,0.0015136611845176784,1.110353327457244
5,UPFC_tse,5-15,-2.1282079214795897,5,WLS,12,0.004500243372825619,-2.123707678106764
5,UPFC_tse,5-15,-2.123550517995745,5,MAP_SCADA,12,0.0001571601110192944,-2.123707678106764
5,UPFC_tse,5-15,-2.128199014493384,5,MAP_PMU,12,0.004491336386619693,-2.123707678106764
3,UPFC_tsh,5-15,-0.2356214772775448,5,WLS,12,2.395306462471547e-05,-0.2356454303421695
3,UPFC_tsh,5-15,-0.2369410129883002,5,MAP_SCADA,12,0.001295582646130694,-0.2356454303421695
3,UPFC_tsh,5-15,-0.2356208282963881,5,MAP_PMU,12,2.4602045781391135e-05,-0.2356454303421695
0,x_tcsc,1-14,-0.1086345796111395,6,WLS,12,2.8049294621704246e-05,-0.1086626289057612
0,x_tcsc,1-14,-0.1045107019372545,6,MAP_SCADA,12,0.004151926968506706,-0.1086626289057612
0,x_tcsc,1-14,-0.1087048385196993,6,MAP_PMU,12,4.220961393809619e-05,-0.1086626289057612
1,B_svc,2,0.1779328848980532,6,WLS,12,0.000256130079207495,0.1776767548188457
1,B_svc,2,0.1767290105409961,6,MAP_SCADA,12,0.0009477442778496048,0.1776767548188457
1,B_svc,2,0.1779686643670849,6,MAP_PMU,12,0.00029190954823918314,0.1776767548188457
4,UPFC_Vse,5-15,0.0575755322252456,6,WLS,12,0.000423580977105098,0.0571519512481405
4,UPFC_Vse,5-15,0.0576260792132012,6,MAP_SCADA,12,0.00047412796506070276,0.0571519512481405
4,UPFC_Vse,5-15,0.0575742219211958,6,MAP_PMU,12,0.00042227067305530136,0.0571519512481405
2,UPFC_Vsh,5-15,1.1120804062975784,6,WLS,12,0.0017270788403345172,1.110353327457244
2,UPFC_Vsh,5-15,1.1135006915001406,6,MAP_SCADA,12,0.0031473640428967276,1.110353327457244
2,UPFC_Vsh,5-15,1.112067481549034,6,MAP_PMU,12,0.0017141540917899878,1.110353327457244
5,UPFC_tse,5-15,-2.129793827502148,6,WLS,12,0.0060861493953838774,-2.123707678106764
5,UPFC_tse,5-15,-2.124829114767701,6,MAP_SCADA,12,0.001121436660937114,-2.123707678106764
5,UPFC_tse,5-15,-2.129787185505594,6,MAP_PMU,12,0.0060795073988297865,-2.123707678106764
3,UPFC_tsh,5-15,-0.2355562905454445,6,WLS,12,8.913979672500738e-05,-0.2356454303421695
3,UPFC_tsh,5-15,-0.2383235367792493,6,MAP_SCADA,12,0.0026781064370798024,-0.2356454303421695
3,UPFC_tsh,5-15,-0.2355564056046315,6,MAP_PMU,12,8.9024737537996e-05,-0.2356454303421695
0,x_tcsc,1-14,-0.108626145961905,7,WLS,12,3.6482943856205874e-05,-0.1086626289057612
0,x_tcsc,1-14,-0.1045988244161524,7,MAP_SCADA,12,0.004063804489608802,-0.1086626289057612
0,x_tcsc,1-14,-0.1087352674240711,7,MAP_PMU,12,7.263851830989487e-05,-0.1086626289057612
1,B_svc,2,0.1777339073674698,7,WLS,12,5.7152548624095356e-05,0.1776767548188457
1,B_svc,2,0.1712470443244542,7,MAP_SCADA,12,0.006429710494391505,0.1776767548188457
1,B_svc,2,0.1777641075119387,7,MAP_PMU,12,8.735269309298466e-05,0.1776767548188457
4,UPFC_Vse,5-15,0.0581282294471179,7,WLS,12,0.0009762781989774011,0.0571519512481405
4,UPFC_Vse,5-15,0.0583206289255564,7,MAP_SCADA,12,0.001168677677415901,0.0571519512481405
4,UPFC_Vse,5-15,0.0581267908169346,7,MAP_PMU,12,0.0009748395687941003,0.0571519512481405
2,UPFC_Vsh,5-15,1.112021662360282,7,WLS,12,0.0016683349030381933,1.110353327457244
2,UPFC_Vsh,5-15,1.1143225166077113,7,MAP_SCADA,12,0.0039691891504674,1.110353327457244
2,UPFC_Vsh,5-15,1.1120125665645295,7,MAP_PMU,12,0.0016592391072856039,1.110353327457244
5,UPFC_tse,5-15,-2.129458497283355,7,WLS,12,0.005750819176590927,-2.123707678106764
5,UPFC_tse,5-15,-2.125530772288669,7,MAP_SCADA,12,0.0018230941819048496,-2.123707678106764
5,UPFC_tse,5-15,-2.129422639999322,7,MAP_PMU,12,0.005714961892557824,-2.123707678106764
3,UPFC_tsh,5-15,-0.2356238693107196,7,WLS,12,2.1561031449901513e-05,-0.2356454303421695
3,UPFC_tsh,5-15,-0.237676134755732,7,MAP_SCADA,12,0.002030704413562484,-0.2356454303421695
3,UPFC_tsh,5-15,-0.2356238462978712,7,MAP_PMU,12,2.1584044298306182e-05,-0.2356454303421695
0,x_tcsc,1-14,-0.1086383296038636,8,WLS,12,2.429930189759566e-05,-0.1086626289057612
0,x_tcsc,1-14,-0.1052133161498671,8,MAP_SCADA,12,0.0034493127558940934,-0.1086626289057612
0,x_tcsc,1-14,-0.1086833373052973,8,MAP_PMU,12,2.0708399536106814e-05,-0.1086626289057612
1,B_svc,2,0.1775302931256456,8,WLS,12,0.00014646169320009506,0.1776767548188457
1,B_svc,2,0.1765255215568726,8,MAP_SCADA,12,0.0011512332619731114,0.1776767548188457
1,B_svc,2,0.1775765389505305,8,MAP_PMU,12,0.00010021586831521212,0.1776767548188457
4,UPFC_Vse,5-15,0.0574916496856673,8,WLS,12,0.0003396984375267989,0.0571519512481405
4,UPFC_Vse,5-15,0.0575742942186923,8,MAP_SCADA,12,0.0004223429705517978,0.0571519512481405
4,UPFC_Vse,5-15,0.0574934116147731,8,MAP_PMU,12,0.00034146036663260104,0.0571519512481405
2,UPFC_Vsh,5-15,1.1116516375950096,8,WLS,12,0.0012983101377657125,1.110353327457244
2,UPFC_Vsh,5-15,1.1094174165188055,8,MAP_SCADA,12,0.0009359109384383668,1.110353327457244
2,UPFC_Vsh,5-15,1.1116414412315052,8,MAP_PMU,12,0.0012881137742613014,1.110353327457244
5,UPFC_tse,5-15,-2.128717097464382,8,WLS,12,0.005009419357617784,-2.123707678106764
5,UPFC_tse,5-15,-2.128784796891451,8,MAP_SCADA,12,0.005077118784686974,-2.123707678106764
5,UPFC_tse,5-15,-2.1287104848257874,8,MAP_PMU,12,0.005002806719023312,-2.123707678106764
3,UPFC_tsh,5-15,-0.2356063239630723,8,WLS,12,3.910637909720904e-05,-0.2356454303421695
3,UPFC_tsh,5-15,-0.2394379408323106,8,MAP_SCADA,12,0.0037925104901410933,-0.2356454303421695
3,UPFC_tsh,5-15,-0.2356071813783767,8,MAP_PMU,12,3.824896379281406e-05,-0.2356454303421695
0,x_tcsc,1-14,-0.1086257313716933,9,WLS,12,3.689753406789509e-05,-0.1086626289057612
0,x_tcsc,1-14,-0.1058694583135297,9,MAP_SCADA,12,0.0027931705922314976,-0.1086626289057612
0,x_tcsc,1-14,-0.1086597823817032,9,MAP_PMU,12,2.846524058006117e-06,-0.1086626289057612
1,B_svc,2,0.1779156711274813,9,WLS,12,0.000238916308635595,0.1776767548188457
1,B_svc,2,0.1745204610707672,9,MAP_SCADA,12,0.0031562937480784925,0.1776767548188457
1,B_svc,2,0.1779592565433878,9,MAP_PMU,12,0.00028250172454208355,0.1776767548188457
4,UPFC_Vse,5-15,0.0577978448727369,9,WLS,12,0.000645893624596397,0.0571519512481405
4,UPFC_Vse,5-15,0.0578097762594768,9,MAP_SCADA,12,0.0006578250113363007,0.0571519512481405
4,UPFC_Vse,5-15,0.0577996355692087,9,MAP_PMU,12,0.0006476843210682023,0.0571519512481405
2,UPFC_Vsh,5-15,1.1121647211343455,9,WLS,12,0.0018113936771015915,1.110353327457244
2,UPFC_Vsh,5-15,1.110964173874104,9,MAP_SCADA,12,0.0006108464168601557,1.110353327457244
2,UPFC_Vsh,5-15,1.1121575841717763,9,MAP_PMU,12,0.0018042567145324373,1.110353327457244
5,UPFC_tse,5-15,-2.1255996187369592,9,WLS,12,0.0018919406301951547,-2.123707678106764
5,UPFC_tse,5-15,-2.124621495031673,9,MAP_SCADA,12,0.0009138169249087724,-2.123707678106764
5,UPFC_tse,5-15,-2.125591043953848,9,MAP_PMU,12,0.0018833658470840398,-2.123707678106764
3,UPFC_tsh,5-15,-0.2355848599766376,9,WLS,12,6.057036553189232e-05,-0.2356454303421695
3,UPFC_tsh,5-15,-0.2387539604104957,9,MAP_SCADA,12,0.003108530068326204,-0.2356454303421695
3,UPFC_tsh,5-15,-0.2355852963707143,9,MAP_PMU,12,6.013397145521182e-05,-0.2356454303421695
0,x_tcsc,1-14,-0.1084840083590814,0,WLS,13,4.397153955580657e-05,-0.1085279798986372
0,x_tcsc,1-14,-0.1070284412461947,0,MAP_SCADA,13,0.0014995386524424975,-0.1085279798986372
0,x_tcsc,1-14,-0.1084999251236411,0,MAP_PMU,13,2.8054774996108534e-05,-0.1085279798986372
1,B_svc,2,0.1772635773075982,0,WLS,13,2.0818784709497606e-05,0.1772843960923077
1,B_svc,2,0.172506831699301,0,MAP_SCADA,13,0.004777564393006695,0.1772843960923077
1,B_svc,2,0.1772814785073341,0,MAP_PMU,13,2.917584973588516e-06,0.1772843960923077
4,UPFC_Vse,5-15,0.0579097882213575,0,WLS,13,0.0007592263529963006,0.0571505618683612
4,UPFC_Vse,5-15,0.0580114974818672,0,MAP_SCADA,13,0.0008609356135060031,0.0571505618683612
4,UPFC_Vse,5-15,0.0579097172227557,0,MAP_PMU,13,0.0007591553543945043,0.0571505618683612
2,UPFC_Vsh,5-15,1.1118427973805802,0,WLS,13,0.00162403550490553,1.1102187618756747
2,UPFC_Vsh,5-15,1.1102086318187063,0,MAP_SCADA,13,1.0130056968371548e-05,1.1102187618756747
2,UPFC_Vsh,5-15,1.1118419622246516,0,MAP_PMU,13,0.0016232003489768942,1.1102187618756747
5,UPFC_tse,5-15,-2.1297713017150266,0,WLS,13,0.004825675197549284,-2.1249456265174773
5,UPFC_tse,5-15,-2.125013314471087,0,MAP_SCADA,13,6.768795360967417e-05,-2.1249456265174773
5,UPFC_tse,5-15,-2.129750973614824,0,MAP_PMU,13,0.004805347097346591,-2.1249456265174773
3,UPFC_tsh,5-15,-0.2357130415658204,0,WLS,13,5.676230020648654e-05,-0.2357698038660269
3,UPFC_tsh,5-15,-0.2377466939834934,0,MAP_SCADA,13,0.0019768901174665177,-0.2357698038660269
3,UPFC_tsh,5-15,-0.235713025927229,0,MAP_PMU,13,5.677793879788062e-05,-0.2357698038660269
0,x_tcsc,1-14,-0.108514013749501,1,WLS,13,1.3966149136207529e-05,-0.1085279798986372
0,x_tcsc,1-14,-0.1067255256403177,1,MAP_SCADA,13,0.0018024542583194997,-0.1085279798986372
0,x_tcsc,1-14,-0.1085443876575296,1,MAP_PMU,13,1.6407758892403312e-05,-0.1085279798986372
1,B_svc,2,0.1775675721006552,1,WLS,13,0.0002831760083475132,0.1772843960923077
1,B_svc,2,0.1699620932372151,1,MAP_SCADA,13,0.007322302855092611,0.1772843960923077
1,B_svc,2,0.1775878839132845,1,MAP_PMU,13,0.0003034878209768055,0.1772843960923077
4,UPFC_Vse,5-15,0.0581984932054525,1,WLS,13,0.0010479313370913013,0.0571505618683612
4,UPFC_Vse,5-15,0.0581152203758432,1,MAP_SCADA,13,0.000964658507482001,0.0571505618683612
4,UPFC_Vse,5-15,0.0581966720647404,1,MAP_PMU,13,0.0010461101963792005,0.0571505618683612
2,UPFC_Vsh,5-15,1.1116857088966086,1,WLS,13,0.001466947020933862,1.1102187618756747
2,UPFC_Vsh,5-15,1.1123615374976672,1,MAP_SCADA,13,0.0021427756219924987,1.1102187618756747
2,UPFC_Vsh,5-15,1.1116849461791067,1,MAP_PMU,13,0.0014661843034320388,1.1102187618756747
5,UPFC_tse,5-15,-2.1264579379436355,1,WLS,13,0.0015123114261581527,-2.1249456265174773
5,UPFC_tse,5-15,-2.1211163238376645,1,MAP_SCADA,13,0.0038293026798128516,-2.1249456265174773
5,UPFC_tse,5-15,-2.1264594916037654,1,MAP_PMU,13,0.0015138650862880354,-2.1249456265174773
3,UPFC_tsh,5-15,-0.2357358966671579,1,WLS,13,3.390719886897653e-05,-0.2357698038660269
3,UPFC_tsh,5-15,-0.2369684384345173,1,MAP_SCADA,13,0.0011986345684903976,-0.2357698038660269
3,UPFC_tsh,5-15,-0.2357355643407608,1,MAP_PMU,13,3.423952526609986e-05,-0.2357698038660269
0,x_tcsc,1-14,-0.1085004335686182,2,WLS,13,2.754633001900153e-05,-0.1085279798986372
0,x_tcsc,1-14,-0.1070769698284908,2,MAP_SCADA,13,0.0014510100701464052,-0.1085279798986372
0,x_tcsc,1-14,-0.1085156374115553,2,MAP_PMU,13,1.234248708190111e-05,-0.1085279798986372
1,B_svc,2,0.1775704925291719,2,WLS,13,0.00028609643686419717,0.1772843960923077
1,B_svc,2,0.1721999161702743,2,MAP_SCADA,13,0.005084479922033397,0.1772843960923077
1,B_svc,2,0.1775838416020209,2,MAP_PMU,13,0.0002994455097131976,0.1772843960923077
4,UPFC_Vse,5-15,0.0575366356285311,2,WLS,13,0.0003860737601698999,0.0571505618683612
4,UPFC_Vse,5-15,0.0575735246487923,2,MAP_SCADA,13,0.00042296278043110064,0.0571505618683612
4,UPFC_Vse,5-15,0.0575346917678365,2,MAP_PMU,13,0.0003841298994753037,0.0571505618683612
2,UPFC_Vsh,5-15,1.11174566898937,2,WLS,13,0.0015269071136954082,1.1102187618756747
2,UPFC_Vsh,5-15,1.112716678655468,2,MAP_SCADA,13,0.0024979167797933854,1.1102187618756747
2,UPFC_Vsh,5-15,1.1117458918050829,2,MAP_PMU,13,0.0015271299294081775,1.1102187618756747
5,UPFC_tse,5-15,-2.127762528649487,2,WLS,13,0.002816902132009691,-2.1249456265174773
5,UPFC_tse,5-15,-2.1230999990028,2,MAP_SCADA,13,0.0018456275146774281,-2.1249456265174773
5,UPFC_tse,5-15,-2.127745955845992,2,MAP_PMU,13,0.0028003293285148168,-2.1249456265174773
3,UPFC_tsh,5-15,-0.2357304467927246,2,WLS,13,3.935707330229854e-05,-0.2357698038660269
3,UPFC_tsh,5-15,-0.2371799133413688,2,MAP_SCADA,13,0.0014101094753418975,-0.2357698038660269
3,UPFC_tsh,5-15,-0.2357300515306461,2,MAP_PMU,13,3.975233538078271e-05,-0.2357698038660269
0,x_tcsc,1-14,-0.1084982681288158,3,WLS,13,2.9711769821402778e-05,-0.1085279798986372
0,x_tcsc,1-14,-0.1081144615164635,3,MAP_SCADA,13,0.0004135183821736971,-0.1085279798986372
0,x_tcsc,1-14,-0.108504656823694,3,MAP_PMU,13,2.3323074943196187e-05,-0.1085279798986372
1,B_svc,2,0.177565736032771,3,WLS,13,0.0002813399404633099,0.1772843960923077
1,B_svc,2,0.1654977181222396,3,MAP_SCADA,13,0.011786677970068105,0.1772843960923077
1,B_svc,2,0.1775507671801933,3,MAP_PMU,13,0.00026637108788560293,0.1772843960923077
4,UPFC_Vse,5-15,0.0579910138352211,3,WLS,13,0.0008404519668599036,0.0571505618683612
4,UPFC_Vse,5-15,0.0576055159860732,3,MAP_SCADA,13,0.00045495411771200034,0.0571505618683612
4,UPFC_Vse,5-15,0.0579822176725995,3,MAP_PMU,13,0.0008316558042383015,0.0571505618683612
2,UPFC_Vsh,5-15,1.1124341296989069,3,WLS,13,0.0022153678232321727,1.1102187618756747
2,UPFC_Vsh,5-15,1.115389257090103,3,MAP_SCADA,13,0.00517049521442825,1.1102187618756747
2,UPFC_Vsh,5-15,1.1124391949946464,3,MAP_PMU,13,0.0022204331189716875,1.1102187618756747
5,UPFC_tse,5-15,-2.131040492302957,3,WLS,13,0.006094865785479797,-2.1249456265174773
5,UPFC_tse,5-15,-2.1228174010783643,3,MAP_SCADA,13,0.002128225439113063,-2.1249456265174773
5,UPFC_tse,5-15,-2.1310816787623184,3,MAP_PMU,13,0.006136052244841039,-2.1249456265174773
3,UPFC_tsh,5-15,-0.2357555466093147,3,WLS,13,1.4257256712196797e-05,-0.2357698038660269
3,UPFC_tsh,5-15,-0.2355480509882025,3,MAP_SCADA,13,0.00022175287782438824,-0.2357698038660269
3,UPFC_tsh,5-15,-0.2357545526132173,3,MAP_PMU,13,1.525125280960049e-05,-0.2357698038660269
0,x_tcsc,1-14,-0.1085101463553499,4,WLS,13,1.7833543287298914e-05,-0.1085279798986372
0,x_tcsc,1-14,-0.10634473140501,4,MAP_SCADA,13,0.0021832484936272073,-0.1085279798986372
0,x_tcsc,1-14,-0.1085297904768703,4,MAP_PMU,13,1.8105782330912756e-06,-0.1085279798986372
1,B_svc,2,0.1776829284777379,4,WLS,13,0.00039853238543019476,0.1772843960923077
1,B_svc,2,0.1755735078302422,4,MAP_SCADA,13,0.001710888262065502,0.1772843960923077
1,B_svc,2,0.1777068913228928,4,MAP_PMU,13,0.0004224952305851015,0.1772843960923077
4,UPFC_Vse,5-15,0.058048575643384,4,WLS,13,0.000898013775022799,0.0571505618683612
4,UPFC_Vse,5-15,0.0584639012235131,4,MAP_SCADA,13,0.0013133393551519046,0.0571505618683612
4,UPFC_Vse,5-15,0.0580488208148035,4,MAP_PMU,13,0.0008982589464423055,0.0571505618683612
2,UPFC_Vsh,5-15,1.1120720603321586,4,WLS,13,0.001853298456483854,1.1102187618756747
2,UPFC_Vsh,5-15,1.111199722143873,4,MAP_SCADA,13,0.000980960268198272,1.1102187618756747
2,UPFC_Vsh,5-15,1.112069227018827,4,MAP_PMU,13,0.0018504651431523467,1.1102187618756747
5,UPFC_tse,5-15,-2.127451010932144,4,WLS,13,0.0025053844146665227,-2.1249456265174773
5,UPFC_tse,5-15,-2.125218158257117,4,MAP_SCADA,13,0.0002725317396397031,-2.1249456265174773
5,UPFC_tse,5-15,-2.127416893874305,4,MAP_PMU,13,0.0024712673568276777,-2.1249456265174773
3,UPFC_tsh,5-15,-0.2357391047372394,4,WLS,13,3.069912878747583e-05,-0.2357698038660269
3,UPFC_tsh,5-15,-0.2382009340591349,4,MAP_SCADA,13,0.0024311301931080054,-0.2357698038660269
3,UPFC_tsh,5-15,-0.2357391547269657,4,MAP_PMU,13,3.06491390612007e-05,-0.2357698038660269
0,x_tcsc,1-14,-0.1084972953446478,5,WLS,13,3.0684553989399066e-05,-0.1085279798986372
0,x_tcsc,1-14,-0.1079082994169492,5,MAP_SCADA,13,0.0006196804816880064,-0.1085279798986372
0,x_tcsc,1-14,-0.1085061754195288,5,MAP_PMU,13,2.1804479108405994e-05,-0.1085279798986372
1,B_svc,2,0.1775737464408636,5,WLS,13,0.00028935034855590014,0.1772843960923077
1,B_svc,2,0.1685733813608642,5,MAP_SCADA,13,0.008711014731443506,0.1772843960923077
1,B_svc,2,0.1775762232911107,5,MAP_PMU,13,0.00029182719880299635,0.1772843960923077
4,UPFC_Vse,5-15,0.0576105905536843,5,WLS,13,0.00046002868532310504,0.0571505618683612
4,UPFC_Vse,5-15,0.0575864519264921,5,MAP_SCADA,13,0.00043589005813090415,0.0571505618683612
4,UPFC_Vse,5-15,0.0576081764258979,5,MAP_PMU,13,0.0004576145575366994,0.0571505618683612
2,UPFC_Vsh,5-15,1.1118592670125085,5,WLS,13,0.0016405051368337809,1.1102187618756747
2,UPFC_Vsh,5-15,1.1124061159697878,5,MAP_SCADA,13,0.002187354094113081,1.1102187618756747
2,UPFC_Vsh,5-15,1.1118617310957777,5,MAP_PMU,13,0.0016429692201029855,1.1102187618756747
5,UPFC_tse,5-15,-2.129136398779498,5,WLS,13,0.00419077226202047,-2.1249456265174773
5,UPFC_tse,5-15,-2.123550517995745,5,MAP_SCADA,13,0.0013951085217325243,-2.1249456265174773
5,UPFC_tse,5-15,-2.129131160892246,5,MAP_PMU,13,0.00418553437476854,-2.1249456265174773
3,UPFC_tsh,5-15,-0.2357528160638476,5,WLS,13,1.69878021792913e-05,-0.2357698038660269
3,UPFC_tsh,5-15,-0.2369410129883002,5,MAP_SCADA,13,0.001171209122273309,-0.2357698038660269
3,UPFC_tsh,5-15,-0.2357523001258238,5,MAP_PMU,13,1.7503740203095308e-05,-0.2357698038660269
0,x_tcsc,1-14,-0.1085060372944826,6,WLS,13,2.1942604154598366e-05,-0.1085279798986372
0,x_tcsc,1-14,-0.1045107019372545,6,MAP_SCADA,13,0.004017277961382709,-0.1085279798986372
0,x_tcsc,1-14,-0.1085710547924758,6,MAP_PMU,13,4.307489383859053e-05,-0.1085279798986372
1,B_svc,2,0.1775067810784073,6,WLS,13,0.00022238498609961077,0.1772843960923077
1,B_svc,2,0.1767290105409961,6,MAP_SCADA,13,0.0005553855513115991,0.1772843960923077
1,B_svc,2,0.1775398502446661,6,MAP_PMU,13,0.00025545415235839197,0.1772843960923077
4,UPFC_Vse,5-15,0.0575921205404401,6,WLS,13,0.0004415586720789011,0.0571505618683612
4,UPFC_Vse,5-15,0.0576260792132012,6,MAP_SCADA,13,0.00047551734484000546,0.0571505618683612
4,UPFC_Vse,5-15,0.0575901522488327,6,MAP_PMU,13,0.0004395903804715051,0.0571505618683612
2,UPFC_Vsh,5-15,1.1120764399767282,6,WLS,13,0.0018576781010535282,1.1102187618756747
2,UPFC_Vsh,5-15,1.1135006915001406,6,MAP_SCADA,13,0.00328192962446594,1.1102187618756747
2,UPFC_Vsh,5-15,1.1120636145934717,6,MAP_PMU,13,0.0018448527177969964,1.1102187618756747
5,UPFC_tse,5-15,-2.1307060212977924,6,WLS,13,0.005760394780315092,-2.1249456265174773
5,UPFC_tse,5-15,-2.124829114767701,6,MAP_SCADA,13,0.00011651174977611589,-2.1249456265174773
5,UPFC_tse,5-15,-2.1307022546415184,6,MAP_PMU,13,0.005756628124041097,-2.1249456265174773
3,UPFC_tsh,5-15,-0.235687417367674,6,WLS,13,8.238649835287659e-05,-0.2357698038660269
3,UPFC_tsh,5-15,-0.2383235367792493,6,MAP_SCADA,13,0.0025537329132224174,-0.2357698038660269
3,UPFC_tsh,5-15,-0.235687628639079,6,MAP_PMU,13,8.217522694789481e-05,-0.2357698038660269
0,x_tcsc,1-14,-0.1084976769243459,7,WLS,13,3.030297429129636e-05,-0.1085279798986372
0,x_tcsc,1-14,-0.1045988244161524,7,MAP_SCADA,13,0.003929155482484806,-0.1085279798986372
0,x_tcsc,1-14,-0.1086002886948123,7,MAP_PMU,13,7.230879617509123e-05,-0.1085279798986372
1,B_svc,2,0.1773071654404498,7,WLS,13,2.2769348142104295e-05,0.1772843960923077
1,B_svc,2,0.1712470443244542,7,MAP_SCADA,13,0.006037351767853499,0.1772843960923077
1,B_svc,2,0.1773346809784451,7,MAP_PMU,13,5.028488613739723e-05,0.1772843960923077
4,UPFC_Vse,5-15,0.0581452443432288,7,WLS,13,0.0009946824748676003,0.0571505618683612
4,UPFC_Vse,5-15,0.0583206289255564,7,MAP_SCADA,13,0.0011700670571952038,0.0571505618683612
4,UPFC_Vse,5-15,0.0581431197255439,7,MAP_PMU,13,0.0009925578571827048,0.0571505618683612
2,UPFC_Vsh,5-15,1.112017713232335,7,WLS,13,0.0017989513566603055,1.1102187618756747
2,UPFC_Vsh,5-15,1.1143225166077113,7,MAP_SCADA,13,0.004103754732036613,1.1102187618756747
2,UPFC_Vsh,5-15,1.112008735882929,7,MAP_PMU,13,0.0017899740072542247,1.1102187618756747
5,UPFC_tse,5-15,-2.130379766283409,7,WLS,13,0.005434139765931878,-2.1249456265174773
5,UPFC_tse,5-15,-2.125530772288669,7,MAP_SCADA,13,0.0005851457711916197,-2.1249456265174773
5,UPFC_tse,5-15,-2.130343570650074,7,MAP_PMU,13,0.005397944132596866,-2.1249456265174773
3,UPFC_tsh,5-15,-0.2357552249621387,7,WLS,13,1.45789038882016e-05,-0.2357698038660269
3,UPFC_tsh,5-15,-0.237676134755732,7,MAP_SCADA,13,0.001906330889705099,-0.2357698038660269
3,UPFC_tsh,5-15,-0.2357553014240198,7,MAP_PMU,13,1.450244200709716e-05,-0.2357698038660269
0,x_tcsc,1-14,-0.1085099665390654,8,WLS,13,1.801335957180017e-05,-0.1085279798986372
0,x_tcsc,1-14,-0.1052133161498671,8,MAP_SCADA,13,0.003314663748770097,-0.1085279798986372
0,x_tcsc,1-14,-0.1085507121949467,8,MAP_PMU,13,2.2732296309502242e-05,-0.1085279798986372
1,B_svc,2,0.1771030255306261,8,WLS,13,0.00018137056168160415,0.1772843960923077
1,B_svc,2,0.1765255215568726,8,MAP_SCADA,13,0.0007588745354351056,0.1772843960923077
1,B_svc,2,0.177145601154971,8,MAP_PMU,13,0.0001387949373367059,0.1772843960923077
4,UPFC_Vse,5-15,0.0575085557655099,8,WLS,13,0.00035799389714870344,0.0571505618683612
4,UPFC_Vse,5-15,0.0575742942186923,8,MAP_SCADA,13,0.0004237323503311005,0.0571505618683612
4,UPFC_Vse,5-15,0.0575104157016031,8,MAP_PMU,13,0.00035985383324189935,0.0571505618683612
2,UPFC_Vsh,5-15,1.1116476504311847,8,WLS,13,0.001428888555510044,1.1102187618756747
2,UPFC_Vsh,5-15,1.1094174165188055,8,MAP_SCADA,13,0.0008013453568691542,1.1102187618756747
2,UPFC_Vsh,5-15,1.1116369137565014,8,MAP_PMU,13,0.0014181518808267235,1.1102187618756747
5,UPFC_tse,5-15,-2.129642837972178,8,WLS,13,0.004697211454700589,-2.1249456265174773
5,UPFC_tse,5-15,-2.128784796891451,8,MAP_SCADA,13,0.0038391703739737437,-2.1249456265174773
5,UPFC_tse,5-15,-2.12963622992783,8,MAP_PMU,13,0.004690603410352878,-2.1249456265174773
3,UPFC_tsh,5-15,-0.2357377150578475,8,WLS,13,3.2088808179397965e-05,-0.2357698038660269
3,UPFC_tsh,5-15,-0.2394379408323106,8,MAP_SCADA,13,0.0036681369662837082,-0.2357698038660269
3,UPFC_tsh,5-15,-0.2357386036209966,8,MAP_PMU,13,3.120024503028285e-05,-0.2357698038660269
0,x_tcsc,1-14,-0.10849725949512,9,WLS,13,3.072040351720373e-05,-0.1085279798986372
0,x_tcsc,1-14,-0.1058694583135297,9,MAP_SCADA,13,0.002658521585107501,-0.1085279798986372
0,x_tcsc,1-14,-0.1085276917079824,9,MAP_PMU,13,2.881906547985702e-07,-0.1085279798986372
1,B_svc,2,0.1774893467573145,9,WLS,13,0.00020495066500680892,0.1772843960923077
1,B_svc,2,0.1745204610707672,9,MAP_SCADA,13,0.0027639350215404868,0.1772843960923077
1,B_svc,2,0.1775294910271277,9,MAP_PMU,13,0.00024509493482000044,0.1772843960923077
4,UPFC_Vse,5-15,0.0578143442959822,9,WLS,13,0.0006637824276210028,0.0571505618683612
4,UPFC_Vse,5-15,0.0578097762594768,9,MAP_SCADA,13,0.0006592143911156034,0.0571505618683612
4,UPFC_Vse,5-15,0.0578162479523546,9,MAP_PMU,13,0.0006656860839934012,0.0571505618683612
2,UPFC_Vsh,5-15,1.11216080181132,9,WLS,13,0.0019420399356453455,1.1102187618756747
2,UPFC_Vsh,5-15,1.110964173874104,9,MAP_SCADA,13,0.0007454119984293683,1.1102187618756747
2,UPFC_Vsh,5-15,1.112152738718582,9,MAP_PMU,13,0.0019339768429071924,1.1102187618756747
5,UPFC_tse,5-15,-2.1265153073814,9,WLS,13,0.0015696808639225068,-2.1249456265174773
5,UPFC_tse,5-15,-2.124621495031673,9,MAP_SCADA,13,0.0003241314858044575,-2.1249456265174773
5,UPFC_tse,5-15,-2.126508920660596,9,MAP_PMU,13,0.001563294143118732,-2.1249456265174773
3,UPFC_tsh,5-15,-0.2357160647737229,9,WLS,13,5.373909230399487e-05,-0.2357698038660269
3,UPFC_tsh,5-15,-0.2387539604104957,9,MAP_SCADA,13,0.002984156544468819,-0.2357698038660269
3,UPFC_tsh,5-15,-0.2357166066552449,9,MAP_PMU,13,5.319721078198003e-05,-0.2357698038660269
0,x_tcsc,1-14,-0.1082506831517099,0,WLS,14,3.970444947321017e-05,-0.1082903876011831
0,x_tcsc,1-14,-0.1070284412461947,0,MAP_SCADA,14,0.0012619463549883997,-0.1082903876011831
0,x_tcsc,1-14,-0.1082625500950181,0,MAP_PMU,14,2.783750616500158e-05,-0.1082903876011831
1,B_svc,2,0.1769193260843126,0,WLS,14,4.39831973524929e-05,0.1769633092816651
1,B_svc,2,0.172506831699301,0,MAP_SCADA,14,0.004456477582364088,0.1769633092816651
1,B_svc,2,0.1769328905252737,0,MAP_PMU,14,3.041875639139824e-05,0.1769633092816651
4,UPFC_Vse,5-15,0.0578471011945149,0,WLS,14,0.0009245099363461018,0.0569225912581688
4,UPFC_Vse,5-15,0.0580114974818672,0,MAP_SCADA,14,0.0010889062236984007,0.0569225912581688
4,UPFC_Vse,5-15,0.0578469061496881,0,MAP_PMU,14,0.0009243148915192984,0.0569225912581688
2,UPFC_Vsh,5-15,1.111846045730311,0,WLS,14,0.0015913976092924997,1.1102546481210185
2,UPFC_Vsh,5-15,1.1102086318187063,0,MAP_SCADA,14,4.6016302312157364e-05,1.1102546481210185
2,UPFC_Vsh,5-15,1.1118456967465271,0,MAP_PMU,14,0.0015910486255086287,1.1102546481210185
5,UPFC_tse,5-15,-2.130194194080458,0,WLS,14,0.004899985562365483,-2.1252942085180924
5,UPFC_tse,5-15,-2.125013314471087,0,MAP_SCADA,14,0.00028089404700537557,-2.1252942085180924
5,UPFC_tse,5-15,-2.130167973138135,0,MAP_PMU,14,0.004873764620042742,-2.1252942085180924
3,UPFC_tsh,5-15,-0.2359997341534903,0,WLS,14,4.9191544337717774e-05,-0.236048925697828
3,UPFC_tsh,5-15,-0.2377466939834934,0,MAP_SCADA,14,0.0016977682856653964,-0.236048925697828
3,UPFC_tsh,5-15,-0.2359997309904623,0,MAP_PMU,14,4.9194707365723955e-05,-0.236048925697828
0,x_tcsc,1-14,-0.108280609540264,1,WLS,14,9.778060919105047e-06,-0.1082903876011831
0,x_tcsc,1-14,-0.1067255256403177,1,MAP_SCADA,14,0.0015648619608654019,-0.1082903876011831
0,x_tcsc,1-14,-0.1083050955833141,1,MAP_PMU,14,1.4707982130990338e-05,-0.1082903876011831
1,B_svc,2,0.1772226461702417,1,WLS,14,0.0002593368885766001,0.1769633092816651
1,B_svc,2,0.1699620932372151,1,MAP_SCADA,14,0.007001216044450004,0.1769633092816651
1,B_svc,2,0.1772382955187183,1,MAP_PMU,14,0.00027498623705321523,0.1769633092816651
4,UPFC_Vse,5-15,0.0581357889957368,1,WLS,14,0.001213197737567999,0.0569225912581688
4,UPFC_Vse,5-15,0.0581152203758432,1,MAP_SCADA,14,0.0011926291176743986,0.0569225912581688
4,UPFC_Vse,5-15,0.0581337675806965,1,MAP_PMU,14,0.0012111763225277003,0.0569225912581688
2,UPFC_Vsh,5-15,1.1116890814391165,1,WLS,14,0.0014344333180980051,1.1102546481210185
2,UPFC_Vsh,5-15,1.1123615374976672,1,MAP_SCADA,14,0.002106889376648713,1.1102546481210185
2,UPFC_Vsh,5-15,1.1116890547800669,1,MAP_PMU,14,0.0014344066590483706,1.1102546481210185
5,UPFC_tse,5-15,-2.1268746248114114,1,WLS,14,0.0015804162933190646,-2.1252942085180924
5,UPFC_tse,5-15,-2.1211163238376645,1,MAP_SCADA,14,0.004177884680427901,-2.1252942085180924
5,UPFC_tse,5-15,-2.126870276550441,1,MAP_PMU,14,0.0015760680323486653,-2.1252942085180924
3,UPFC_tsh,5-15,-0.2360225145648417,1,WLS,14,2.6411132986320363e-05,-0.236048925697828
3,UPFC_tsh,5-15,-0.2369684384345173,1,MAP_SCADA,14,0.0009195127366892764,-0.236048925697828
3,UPFC_tsh,5-15,-0.2360222037810516,1,MAP_PMU,14,2.6721916776412113e-05,-0.236048925697828
0,x_tcsc,1-14,-0.108267063699667,2,WLS,14,2.332390151610353e-05,-0.1082903876011831
0,x_tcsc,1-14,-0.1070769698284908,2,MAP_SCADA,14,0.0012134177726923073,-0.1082903876011831
0,x_tcsc,1-14,-0.1082783100240508,2,MAP_PMU,14,1.207757713229951e-05,-0.1082903876011831
1,B_svc,2,0.1772264286131737,2,WLS,14,0.00026311933150860445,0.1769633092816651
1,B_svc,2,0.1721999161702743,2,MAP_SCADA,14,0.00476339311139079,0.1769633092816651
1,B_svc,2,0.1772357394738248,2,MAP_PMU,14,0.000272430192159695,0.1769633092816651
4,UPFC_Vse,5-15,0.05747396722909,2,WLS,14,0.0005513759709211974,0.0569225912581688
4,UPFC_Vse,5-15,0.0575735246487923,2,MAP_SCADA,14,0.0006509333906234982,0.0569225912581688
4,UPFC_Vse,5-15,0.0574718857347706,2,MAP_PMU,14,0.0005492944766017985,0.0569225912581688
2,UPFC_Vsh,5-15,1.1117489638880091,2,WLS,14,0.0014943157669906615,1.1102546481210185
2,UPFC_Vsh,5-15,1.112716678655468,2,MAP_SCADA,14,0.0024620305344495996,1.1102546481210185
2,UPFC_Vsh,5-15,1.1117496038138832,2,MAP_PMU,14,0.00149495569286473,1.1102546481210185
5,UPFC_tse,5-15,-2.1281829555090166,2,WLS,14,0.002888746990924229,-2.1252942085180924
5,UPFC_tse,5-15,-2.1230999990028,2,MAP_SCADA,14,0.002194209515292478,-2.1252942085180924
5,UPFC_tse,5-15,-2.1281610750005644,2,MAP_PMU,14,0.0028668664824720302,-2.1252942085180924
3,UPFC_tsh,5-15,-0.2360171018836546,2,WLS,14,3.1823814173409515e-05,-0.236048925697828
3,UPFC_tsh,5-15,-0.2371799133413688,2,MAP_SCADA,14,0.0011309876435407762,-0.236048925697828
3,UPFC_tsh,5-15,-0.2360167466946602,2,MAP_PMU,14,3.217900316782041e-05,-0.236048925697828
0,x_tcsc,1-14,-0.1082650113429233,3,WLS,14,2.5376258259809936e-05,-0.1082903876011831
0,x_tcsc,1-14,-0.1081144615164635,3,MAP_SCADA,14,0.00017592608471959925,-0.1082903876011831
0,x_tcsc,1-14,-0.108266641642396,3,MAP_PMU,14,2.3745958787110832e-05,-0.1082903876011831
1,B_svc,2,0.1772213488967578,3,WLS,14,0.00025803961509271445,0.1769633092816651
1,B_svc,2,0.1654977181222396,3,MAP_SCADA,14,0.011465591159425498,0.1769633092816651
1,B_svc,2,0.1772035545654778,3,MAP_PMU,14,0.0002402452838126956,0.1769633092816651
4,UPFC_Vse,5-15,0.0579282784016446,3,WLS,14,0.0010056871434757989,0.0569225912581688
4,UPFC_Vse,5-15,0.0576055159860732,3,MAP_SCADA,14,0.0006829247279043979,0.0569225912581688
4,UPFC_Vse,5-15,0.0579193774863574,3,MAP_PMU,14,0.0009967862281885995,0.0569225912581688
2,UPFC_Vsh,5-15,1.112437618895546,3,WLS,14,0.0021829707745275595,1.1102546481210185
2,UPFC_Vsh,5-15,1.115389257090103,3,MAP_SCADA,14,0.005134608969084464,1.1102546481210185
2,UPFC_Vsh,5-15,1.1124428444365486,3,MAP_PMU,14,0.002188196315530133,1.1102546481210185
5,UPFC_tse,5-15,-2.1314638430245094,3,WLS,14,0.006169634506417054,-2.1252942085180924
5,UPFC_tse,5-15,-2.1228174010783643,3,MAP_SCADA,14,0.0024768074397281126,-2.1252942085180924
5,UPFC_tse,5-15,-2.131497220803054,3,MAP_PMU,14,0.006203012284961673,-2.1252942085180924
3,UPFC_tsh,5-15,-0.2360422704359943,3,WLS,14,6.6552618337156755e-06,-0.236048925697828
3,UPFC_tsh,5-15,-0.2355480509882025,3,MAP_SCADA,14,0.0005008747096255095,-0.236048925697828
3,UPFC_tsh,5-15,-0.2360413241933497,3,MAP_PMU,14,7.601504478316201e-06,-0.236048925697828
0,x_tcsc,1-14,-0.1082767549370403,4,WLS,14,1.3632664142809725e-05,-0.1082903876011831
0,x_tcsc,1-14,-0.10634473140501,4,MAP_SCADA,14,0.0019456561961731095,-0.1082903876011831
0,x_tcsc,1-14,-0.1082918939419161,4,MAP_PMU,14,1.5063407329957146e-06,-0.1082903876011831
1,B_svc,2,0.1773382651473598,4,WLS,14,0.0003749558656947205,0.1769633092816651
1,B_svc,2,0.1755735078302422,4,MAP_SCADA,14,0.0013898014514228951,0.1769633092816651
1,B_svc,2,0.1773574190894856,4,MAP_PMU,14,0.00039410980782050853,0.1769633092816651
4,UPFC_Vse,5-15,0.0579860482399629,4,WLS,14,0.0010634569817941017,0.0569225912581688
4,UPFC_Vse,5-15,0.0584639012235131,4,MAP_SCADA,14,0.0015413099653443021,0.0569225912581688
4,UPFC_Vse,5-15,0.0579861425606414,4,MAP_PMU,14,0.0010635513024725984,0.0569225912581688
2,UPFC_Vsh,5-15,1.1120752835727816,4,WLS,14,0.0018206354517631418,1.1102546481210185
2,UPFC_Vsh,5-15,1.111199722143873,4,MAP_SCADA,14,0.0009450740228544863,1.1102546481210185
2,UPFC_Vsh,5-15,1.1120732650776883,4,MAP_PMU,14,0.0018186169566698496,1.1102546481210185
5,UPFC_tse,5-15,-2.127870765024039,4,WLS,14,0.00257655650594657,-2.1252942085180924
5,UPFC_tse,5-15,-2.125218158257117,4,MAP_SCADA,14,7.605026097534662e-05,-2.1252942085180924
5,UPFC_tse,5-15,-2.1278319795943688,4,MAP_PMU,14,0.002537771076276396,-2.1252942085180924
3,UPFC_tsh,5-15,-0.2360257925039451,4,WLS,14,2.3133193882918235e-05,-0.236048925697828
3,UPFC_tsh,5-15,-0.2382009340591349,4,MAP_SCADA,14,0.002152008361306884,-0.236048925697828
3,UPFC_tsh,5-15,-0.2360258476463301,4,MAP_PMU,14,2.3078051497898988e-05,-0.236048925697828
0,x_tcsc,1-14,-0.1082639542371836,5,WLS,14,2.6433363999503467e-05,-0.1082903876011831
0,x_tcsc,1-14,-0.1079082994169492,5,MAP_SCADA,14,0.00038208818423390856,-0.1082903876011831
0,x_tcsc,1-14,-0.1082688115669513,5,MAP_PMU,14,2.1576034231807206e-05,-0.1082903876011831
1,B_svc,2,0.1772290048217613,5,WLS,14,0.0002656955400962002,0.1769633092816651
1,B_svc,2,0.1685733813608642,5,MAP_SCADA,14,0.0083899279208009,0.1769633092816651
1,B_svc,2,0.1772281607803278,5,MAP_PMU,14,0.00026485149866270485,0.1769633092816651
4,UPFC_Vse,5-15,0.0575479923480475,5,WLS,14,0.0006254010898786994,0.0569225912581688
4,UPFC_Vse,5-15,0.0575864519264921,5,MAP_SCADA,14,0.0006638606683233017,0.0569225912581688
4,UPFC_Vse,5-15,0.0575454524927622,5,MAP_PMU,14,0.0006228612345934026,0.0569225912581688
2,UPFC_Vsh,5-15,1.1118626731532713,5,WLS,14,0.001608025032252769,1.1102546481210185
2,UPFC_Vsh,5-15,1.1124061159697878,5,MAP_SCADA,14,0.002151467848769295,1.1102546481210185
2,UPFC_Vsh,5-15,1.1118654946221964,5,MAP_PMU,14,0.0016108465011779316,1.1102546481210185
5,UPFC_tse,5-15,-2.12955815961044,5,WLS,14,0.004263951092347451,-2.1252942085180924
5,UPFC_tse,5-15,-2.123550517995745,5,MAP_SCADA,14,0.001743690522347574,-2.1252942085180924
5,UPFC_tse,5-15,-2.129546873011356,5,MAP_PMU,14,0.004252664493263669,-2.1252942085180924
3,UPFC_tsh,5-15,-0.2360395448607577,5,WLS,14,9.380837070305237e-06,-0.236048925697828
3,UPFC_tsh,5-15,-0.2369410129883002,5,MAP_SCADA,14,0.0008920872904721877,-0.236048925697828
3,UPFC_tsh,5-15,-0.2360390570565335,5,MAP_PMU,14,9.868641294513703e-06,-0.236048925697828
0,x_tcsc,1-14,-0.108272680803479,6,WLS,14,1.770679770410344e-05,-0.1082903876011831
0,x_tcsc,1-14,-0.1045107019372545,6,MAP_SCADA,14,0.0037796856639286114,-0.1082903876011831
0,x_tcsc,1-14,-0.1083292057021754,6,MAP_PMU,14,3.881810099229388e-05,-0.1082903876011831
1,B_svc,2,0.1771626702988427,6,WLS,14,0.00019936101717760168,0.1769633092816651
1,B_svc,2,0.1767290105409961,6,MAP_SCADA,14,0.00023429874066899226,0.1769633092816651
1,B_svc,2,0.1771901404878317,6,MAP_PMU,14,0.00022683120616659447,0.1769633092816651
4,UPFC_Vse,5-15,0.0575293775344759,6,WLS,14,0.0006067862763071002,0.0569225912581688
4,UPFC_Vse,5-15,0.0576260792132012,6,MAP_SCADA,14,0.000703487955032403,0.0569225912581688
4,UPFC_Vse,5-15,0.0575269899102402,6,MAP_PMU,14,0.0006043986520714029,0.0569225912581688
2,UPFC_Vsh,5-15,1.1120796883605328,6,WLS,14,0.0018250402395143528,1.1102546481210185
2,UPFC_Vsh,5-15,1.1135006915001406,6,MAP_SCADA,14,0.0032460433791221543,1.1102546481210185
2,UPFC_Vsh,5-15,1.112068842969857,6,MAP_PMU,14,0.0018141948488386017,1.1102546481210185
5,UPFC_tse,5-15,-2.131126357303688,6,WLS,14,0.005832148785595681,-2.1252942085180924
5,UPFC_tse,5-15,-2.124829114767701,6,MAP_SCADA,14,0.00046509375039116563,-2.1252942085180924
5,UPFC_tse,5-15,-2.131113250867408,6,MAP_PMU,14,0.0058190423493158505,-2.1252942085180924
3,UPFC_tsh,5-15,-0.2359740132848147,6,WLS,14,7.491241301330054e-05,-0.236048925697828
3,UPFC_tsh,5-15,-0.2383235367792493,6,MAP_SCADA,14,0.002274611081421296,-0.236048925697828
3,UPFC_tsh,5-15,-0.2359742018399595,6,MAP_PMU,14,7.472385786849722e-05,-0.236048925697828
0,x_tcsc,1-14,-0.1082643012457087,7,WLS,14,2.6086355474408407e-05,-0.1082903876011831
0,x_tcsc,1-14,-0.1045988244161524,7,MAP_SCADA,14,0.003691563185030708,-0.1082903876011831
0,x_tcsc,1-14,-0.108356071820328,7,MAP_PMU,14,6.568421914489309e-05,-0.1082903876011831
1,B_svc,2,0.1769626289331569,7,WLS,14,6.803485081974259e-07,0.1769633092816651
1,B_svc,2,0.1712470443244542,7,MAP_SCADA,14,0.0057162649572108926,0.1769633092816651
1,B_svc,2,0.1769843292031006,7,MAP_PMU,14,2.101992143549447e-05,0.1769633092816651
4,UPFC_Vse,5-15,0.0580825442636082,7,WLS,14,0.0011599530054393972,0.0569225912581688
4,UPFC_Vse,5-15,0.0583206289255564,7,MAP_SCADA,14,0.0013980376673876013,0.0569225912581688
4,UPFC_Vse,5-15,0.0580799647911014,7,MAP_PMU,14,0.001157373532932597,0.0569225912581688
2,UPFC_Vsh,5-15,1.1120213110261237,7,WLS,14,0.0017666629051051874,1.1102546481210185
2,UPFC_Vsh,5-15,1.1143225166077113,7,MAP_SCADA,14,0.004067868486692827,1.1102546481210185
2,UPFC_Vsh,5-15,1.1120142642784876,7,MAP_PMU,14,0.0017596161574691127,1.1102546481210185
5,UPFC_tse,5-15,-2.1308052878681987,7,WLS,14,0.005511079350106307,-2.1252942085180924
5,UPFC_tse,5-15,-2.125530772288669,7,MAP_SCADA,14,0.00023656377057656996,-2.1252942085180924
5,UPFC_tse,5-15,-2.1307616088938675,7,MAP_PMU,14,0.005467400375775089,-2.1252942085180924
3,UPFC_tsh,5-15,-0.2360419093797804,7,WLS,14,7.0163180476146e-06,-0.236048925697828
3,UPFC_tsh,5-15,-0.237676134755732,7,MAP_SCADA,14,0.0016272090579039777,-0.236048925697828
3,UPFC_tsh,5-15,-0.2360419509147441,7,MAP_PMU,14,6.974783083923963e-06,-0.236048925697828
0,x_tcsc,1-14,-0.1082766249770208,8,WLS,14,1.376262416230567e-05,-0.1082903876011831
0,x_tcsc,1-14,-0.1052133161498671,8,MAP_SCADA,14,0.003077071451315999,-0.1082903876011831
0,x_tcsc,1-14,-0.1083106684446062,8,MAP_PMU,14,2.0280843423092776e-05,-0.1082903876011831
1,B_svc,2,0.1767586664371549,8,WLS,14,0.00020464284451018888,0.1769633092816651
1,B_svc,2,0.1765255215568726,8,MAP_SCADA,14,0.00043778772479249883,0.1769633092816651
1,B_svc,2,0.1767947189757852,8,MAP_PMU,14,0.00016859030587990098,0.1769633092816651
4,UPFC_Vse,5-15,0.0574459190467287,8,WLS,14,0.0005233277885599019,0.0569225912581688
4,UPFC_Vse,5-15,0.0575742942186923,8,MAP_SCADA,14,0.0006517029605234981,0.0569225912581688
4,UPFC_Vse,5-15,0.0574474759460665,8,MAP_PMU,14,0.0005248846878977004,0.0569225912581688
2,UPFC_Vsh,5-15,1.1116511928244577,8,WLS,14,0.0013965447034391953,1.1102546481210185
2,UPFC_Vsh,5-15,1.1094174165188055,8,MAP_SCADA,14,0.00083723160221294,1.1102546481210185
2,UPFC_Vsh,5-15,1.1116419926154466,8,MAP_PMU,14,0.0013873444944281221,1.1102546481210185
5,UPFC_tse,5-15,-2.1300634436614154,8,WLS,14,0.004769235143323058,-2.1252942085180924
5,UPFC_tse,5-15,-2.128784796891451,8,MAP_SCADA,14,0.003490588373358694,-2.1252942085180924
5,UPFC_tse,5-15,-2.130051855254313,8,MAP_PMU,14,0.0047576467362207,-2.1252942085180924
3,UPFC_tsh,5-15,-0.236024410251664,8,WLS,14,2.4515446163997368e-05,-0.236048925697828
3,UPFC_tsh,5-15,-0.2394379408323106,8,MAP_SCADA,14,0.003389015134482587,-0.236048925697828
3,UPFC_tsh,5-15,-0.2360252322937865,8,MAP_PMU,14,2.3693404041513766e-05,-0.236048925697828
0,x_tcsc,1-14,-0.1082639461020728,9,WLS,14,2.6441499110310684e-05,-0.1082903876011831
0,x_tcsc,1-14,-0.1058694583135297,9,MAP_SCADA,14,0.0024209292876534033,-0.1082903876011831
0,x_tcsc,1-14,-0.108288706302441,9,MAP_PMU,14,1.681298742103876e-06,-0.1082903876011831
1,B_svc,2,0.1771453161971516,9,WLS,14,0.0001820069154865045,0.1769633092816651
1,B_svc,2,0.1745204610707672,9,MAP_SCADA,14,0.00244284821089788,0.1769633092816651
1,B_svc,2,0.1771792934693721,9,MAP_PMU,14,0.000215984187707019,0.1769633092816651
4,UPFC_Vse,5-15,0.0577515936070816,9,WLS,14,0.0008290023489127968,0.0569225912581688
4,UPFC_Vse,5-15,0.0578097762594768,9,MAP_SCADA,14,0.000887185001308001,0.0569225912581688
4,UPFC_Vse,5-15,0.0577532305231746,9,MAP_PMU,14,0.0008306392650057962,0.0569225912581688
2,UPFC_Vsh,5-15,1.1121642103104563,9,WLS,14,0.00190956218943783,1.1102546481210185
2,UPFC_Vsh,5-15,1.110964173874104,9,MAP_SCADA,14,0.0007095257530855825,1.1102546481210185
2,UPFC_Vsh,5-15,1.1121574430354575,9,MAP_PMU,14,0.00190279491443901,1.1102546481210185
5,UPFC_tse,5-15,-2.12693288918634,9,WLS,14,0.001638680668247794,-2.1252942085180924
5,UPFC_tse,5-15,-2.124621495031673,9,MAP_SCADA,14,0.0006727134864195072,-2.1252942085180924
5,UPFC_tse,5-15,-2.1269221786478325,9,MAP_PMU,14,0.0016279701297401417,-2.1252942085180924
3,UPFC_tsh,5-15,-0.2360026552510732,9,WLS,14,4.627044675481473e-05,-0.236048925697828
3,UPFC_tsh,5-15,-0.2387539604104957,9,MAP_SCADA,14,0.0027050347126676977,-0.236048925697828
3,UPFC_tsh,5-15,-0.2360031655202624,9,MAP_PMU,14,4.576017756560691e-05,-0.236048925697828
0,x_tcsc,1-14,-0.1082464993434983,0,WLS,15,4.048702116971059e-05,-0.108286986364668
0,x_tcsc,1-14,-0.1070284412461947,0,MAP_SCADA,15,0.0012585451184733004,-0.108286986364668
0,x_tcsc,1-14,-0.1082583148424799,0,MAP_PMU,15,2.8671522188106202e-05,-0.108286986364668
1,B_svc,2,0.1768425304919101,0,WLS,15,3.335499097789629e-05,0.176875885482888
1,B_svc,2,0.172506831699301,0,MAP_SCADA,15,0.004369053783586985,0.176875885482888
1,B_svc,2,0.1768560179295984,0,MAP_PMU,15,1.986755328958756e-05,0.176875885482888
4,UPFC_Vse,5-15,0.0577906947107799,0,WLS,15,0.0011013941517687975,0.0566893005590111
4,UPFC_Vse,5-15,0.0580114974818672,0,MAP_SCADA,15,0.0013221969228561017,0.0566893005590111
4,UPFC_Vse,5-15,0.0577904552331414,0,MAP_PMU,15,0.0011011546741303002,0.0566893005590111
2,UPFC_Vsh,5-15,1.1118140109655,0,WLS,15,0.0015528678615133185,1.1102611431039866
2,UPFC_Vsh,5-15,1.1102086318187063,0,MAP_SCADA,15,5.251128528027671e-05,1.1102611431039866
2,UPFC_Vsh,5-15,1.11181355745937,0,MAP_PMU,15,0.0015524143553833358,1.1102611431039866
5,UPFC_tse,5-15,-2.1309597406830854,0,WLS,15,0.006090885530483536,-2.124868855152602
5,UPFC_tse,5-15,-2.125013314471087,0,MAP_SCADA,15,0.00014445931848516835,-2.124868855152602
5,UPFC_tse,5-15,-2.1309252882800456,0,MAP_PMU,15,0.00605643312744375,-2.124868855152602
3,UPFC_tsh,5-15,-0.2361344412210515,0,WLS,15,5.0344882953384795e-05,-0.2361847861040049
3,UPFC_tsh,5-15,-0.2377466939834934,0,MAP_SCADA,15,0.001561907879488511,-0.2361847861040049
3,UPFC_tsh,5-15,-0.2361344183324064,0,MAP_PMU,15,5.036777159850292e-05,-0.2361847861040049
0,x_tcsc,1-14,-0.1082764055635824,1,WLS,15,1.0580801085610658e-05,-0.108286986364668
0,x_tcsc,1-14,-0.1067255256403177,1,MAP_SCADA,15,0.0015614607243503026,-0.108286986364668
0,x_tcsc,1-14,-0.1083008114479701,1,MAP_PMU,15,1.382508330209642e-05,-0.108286986364668
1,B_svc,2,0.1771456527797867,1,WLS,15,0.00026976729689870416,0.176875885482888
1,B_svc,2,0.1699620932372151,1,MAP_SCADA,15,0.006913792245672901,0.176875885482888
1,B_svc,2,0.1771612828529176,1,MAP_PMU,15,0.00028539737002961085,0.176875885482888
4,UPFC_Vse,5-15,0.0580794245996187,1,WLS,15,0.0013901240406076001,0.0566893005590111
4,UPFC_Vse,5-15,0.0581152203758432,1,MAP_SCADA,15,0.0014259198168320997,0.0566893005590111
4,UPFC_Vse,5-15,0.0580770056874077,1,MAP_PMU,15,0.0013877051283966019,0.0566893005590111
2,UPFC_Vsh,5-15,1.111657449611989,1,WLS,15,0.0013963065080024872,1.1102611431039866
2,UPFC_Vsh,5-15,1.1123615374976672,1,MAP_SCADA,15,0.0021003943936805936,1.1102611431039866
2,UPFC_Vsh,5-15,1.1116571414177414,1,MAP_PMU,15,0.0013959983137548093,1.1102611431039866
5,UPFC_tse,5-15,-2.127628502459764,1,WLS,15,0.002759647307162272,-2.124868855152602
5,UPFC_tse,5-15,-2.1211163238376645,1,MAP_SCADA,15,0.0037525313149373574,-2.124868855152602
5,UPFC_tse,5-15,-2.1276179792606382,1,MAP_PMU,15,0.002749124108036405,-2.124868855152602
3,UPFC_tsh,5-15,-0.2361572958007804,1,WLS,15,2.7490303224492196e-05,-0.2361847861040049
3,UPFC_tsh,5-15,-0.2369684384345173,1,MAP_SCADA,15,0.000783652330512391,-0.2361847861040049
3,UPFC_tsh,5-15,-0.2361569606746955,1,MAP_PMU,15,2.7825429309402683e-05,-0.2361847861040049
0,x_tcsc,1-14,-0.108262901127935,2,WLS,15,2.4085236733001336e-05,-0.108286986364668
0,x_tcsc,1-14,-0.1070769698284908,2,MAP_SCADA,15,0.001210016536177208,-0.108286986364668
0,x_tcsc,1-14,-0.1082741069406768,2,MAP_PMU,15,1.2879423991210559e-05,-0.108286986364668
1,B_svc,2,0.1771494623273727,2,WLS,15,0.000273576844484702,0.176875885482888
1,B_svc,2,0.1721999161702743,2,MAP_SCADA,15,0.004675969312613687,0.176875885482888
1,B_svc,2,0.1771587914148553,2,MAP_PMU,15,0.00028290593196730884,0.176875885482888
4,UPFC_Vse,5-15,0.0574175418757475,2,WLS,15,0.0007282413167363985,0.0566893005590111
4,UPFC_Vse,5-15,0.0575735246487923,2,MAP_SCADA,15,0.0008842240897811993,0.0566893005590111
4,UPFC_Vse,5-15,0.0574150389956863,2,MAP_PMU,15,0.0007257384366751995,0.0566893005590111
2,UPFC_Vsh,5-15,1.1117171437986408,2,WLS,15,0.0014560006946542359,1.1102611431039866
2,UPFC_Vsh,5-15,1.112716678655468,2,MAP_SCADA,15,0.0024555355514814803,1.1102611431039866
2,UPFC_Vsh,5-15,1.111717641229346,2,MAP_PMU,15,0.0014564981253593068,1.1102611431039866
5,UPFC_tse,5-15,-2.128949319070281,2,WLS,15,0.0040804639176790225,-2.124868855152602
5,UPFC_tse,5-15,-2.1230999990028,2,MAP_SCADA,15,0.001768856149801934,-2.124868855152602
5,UPFC_tse,5-15,-2.1289199602781523,2,MAP_PMU,15,0.004051105125550514,-2.124868855152602
3,UPFC_tsh,5-15,-0.2361518815243134,2,WLS,15,3.290457969148952e-05,-0.2361847861040049
3,UPFC_tsh,5-15,-0.2371799133413688,2,MAP_SCADA,15,0.0009951272373638909,-0.2361847861040049
3,UPFC_tsh,5-15,-0.2361515040945982,2,MAP_PMU,15,3.3282009406693236e-05,-0.2361847861040049
0,x_tcsc,1-14,-0.1082608441725505,3,WLS,15,2.6142192117509233e-05,-0.108286986364668
0,x_tcsc,1-14,-0.1081144615164635,3,MAP_SCADA,15,0.00017252484820449998,-0.108286986364668
0,x_tcsc,1-14,-0.1082623769638247,3,MAP_PMU,15,2.4609400843311757e-05,-0.108286986364668
1,B_svc,2,0.1771442827491826,3,WLS,15,0.00026839726629460103,0.176875885482888
1,B_svc,2,0.1654977181222396,3,MAP_SCADA,15,0.011378167360648395,0.176875885482888
1,B_svc,2,0.1771263730020195,3,MAP_PMU,15,0.00025048751913150924,0.176875885482888
4,UPFC_Vse,5-15,0.0578721534423246,3,WLS,15,0.0011828528833135038,0.0566893005590111
4,UPFC_Vse,5-15,0.0576055159860732,3,MAP_SCADA,15,0.000916215427062099,0.0566893005590111
4,UPFC_Vse,5-15,0.0578622717961518,3,MAP_PMU,15,0.0011729712371406978,0.0566893005590111
2,UPFC_Vsh,5-15,1.1124055566646975,3,WLS,15,0.002144413560710934,1.1102611431039866
2,UPFC_Vsh,5-15,1.115389257090103,3,MAP_SCADA,15,0.005128113986116345,1.1102611431039866
2,UPFC_Vsh,5-15,1.1124106868531607,3,MAP_PMU,15,0.0021495437491740876,1.1102611431039866
5,UPFC_tse,5-15,-2.132229169078239,3,WLS,15,0.007360313925637296,-2.124868855152602
5,UPFC_tse,5-15,-2.1228174010783643,3,MAP_SCADA,15,0.0020514540742375686,-2.124868855152602
5,UPFC_tse,5-15,-2.132256705304284,3,MAP_PMU,15,0.007387850151681974,-2.124868855152602
3,UPFC_tsh,5-15,-0.2361770681935154,3,WLS,15,7.71791048950754e-06,-0.2361847861040049
3,UPFC_tsh,5-15,-0.2355480509882025,3,MAP_SCADA,15,0.0006367351158023948,-0.2361847861040049
3,UPFC_tsh,5-15,-0.2361760967222886,3,MAP_PMU,15,8.689381716303624e-06,-0.2361847861040049
0,x_tcsc,1-14,-0.1082725731692749,4,WLS,15,1.4413195393109257e-05,-0.108286986364668
0,x_tcsc,1-14,-0.10634473140501,4,MAP_SCADA,15,0.0019422549596580102,-0.108286986364668
0,x_tcsc,1-14,-0.1082876735679768,4,MAP_PMU,15,6.872033087995666e-07,-0.108286986364668
1,B_svc,2,0.1772613077818091,4,WLS,15,0.00038542229892110647,0.176875885482888
1,B_svc,2,0.1755735078302422,4,MAP_SCADA,15,0.001302377652645792,0.176875885482888
1,B_svc,2,0.1772805420536624,4,MAP_PMU,15,0.0004046565707744032,0.176875885482888
4,UPFC_Vse,5-15,0.057929734071952,4,WLS,15,0.0012404335129408972,0.0566893005590111
4,UPFC_Vse,5-15,0.0584639012235131,4,MAP_SCADA,15,0.0017746006645020032,0.0566893005590111
4,UPFC_Vse,5-15,0.0579296761915681,4,MAP_PMU,15,0.0012403756325570017,0.0566893005590111
2,UPFC_Vsh,5-15,1.112043639134282,4,WLS,15,0.0017824960302954551,1.1102611431039866
2,UPFC_Vsh,5-15,1.111199722143873,4,MAP_SCADA,15,0.0009385790398863669,1.1102611431039866
2,UPFC_Vsh,5-15,1.1120414280232662,4,MAP_PMU,15,0.0017802849192796177,1.1102611431039866
5,UPFC_tse,5-15,-2.1286322641420963,4,WLS,15,0.0037634089894944545,-2.124868855152602
5,UPFC_tse,5-15,-2.125218158257117,4,MAP_SCADA,15,0.0003493031045151973,-2.124868855152602
5,UPFC_tse,5-15,-2.128584433673212,4,MAP_PMU,15,0.0037155785206102188,-2.124868855152602
3,UPFC_tsh,5-15,-0.2361605643825488,4,WLS,15,2.4221721456108014e-05,-0.2361847861040049
3,UPFC_tsh,5-15,-0.2382009340591349,4,MAP_SCADA,15,0.0020161479551299988,-0.2361847861040049
3,UPFC_tsh,5-15,-0.236160585397421,4,MAP_PMU,15,2.4200706583904497e-05,-0.2361847861040049
0,x_tcsc,1-14,-0.1082598083060863,5,WLS,15,2.7178058581711628e-05,-0.108286986364668
0,x_tcsc,1-14,-0.1079082994169492,5,MAP_SCADA,15,0.0003786869477188093,-0.108286986364668
0,x_tcsc,1-14,-0.108264580042639,5,MAP_PMU,15,2.2406322029003278e-05,-0.108286986364668
1,B_svc,2,0.1771518845491467,5,WLS,15,0.00027599906625871973,0.176875885482888
1,B_svc,2,0.1685733813608642,5,MAP_SCADA,15,0.008302504122023796,0.176875885482888
1,B_svc,2,0.177150943401304,5,MAP_PMU,15,0.00027505791841600513,0.176875885482888
4,UPFC_Vse,5-15,0.0574917406252783,5,WLS,15,0.0008024400662672015,0.0566893005590111
4,UPFC_Vse,5-15,0.0575864519264921,5,MAP_SCADA,15,0.0008971513674810028,0.0566893005590111
4,UPFC_Vse,5-15,0.0574887791526219,5,MAP_PMU,15,0.0007994785936107987,0.0566893005590111
2,UPFC_Vsh,5-15,1.1118306172227983,5,WLS,15,0.0015694741188116978,1.1102611431039866
2,UPFC_Vsh,5-15,1.1124061159697878,5,MAP_SCADA,15,0.0021449728658011757,1.1102611431039866
2,UPFC_Vsh,5-15,1.111833497980599,5,MAP_PMU,15,0.0015723548766124473,1.1102611431039866
5,UPFC_tse,5-15,-2.130328242839433,5,WLS,15,0.005459387686831185,-2.124868855152602
5,UPFC_tse,5-15,-2.123550517995745,5,MAP_SCADA,15,0.0013183371568570301,-2.124868855152602
5,UPFC_tse,5-15,-2.130309731250727,5,MAP_PMU,15,0.005440876098125269,-2.124868855152602
3,UPFC_tsh,5-15,-0.2361743587030344,5,WLS,15,1.0427400970486334e-05,-0.2361847861040049
3,UPFC_tsh,5-15,-0.2369410129883002,5,MAP_SCADA,15,0.0007562268842953024,-0.2361847861040049
3,UPFC_tsh,5-15,-0.2361738295771638,5,MAP_PMU,15,1.095652684110493e-05,-0.2361847861040049
0,x_tcsc,1-14,-0.1082684776191178,6,WLS,15,1.850874555020532e-05,-0.108286986364668
0,x_tcsc,1-14,-0.1045107019372545,6,MAP_SCADA,15,0.003776284427413512,-0.108286986364668
0,x_tcsc,1-14,-0.108324945475927,6,MAP_PMU,15,3.7959111258992206e-05,-0.108286986364668
1,B_svc,2,0.1770858925319339,6,WLS,15,0.00021000704904591827,0.176875885482888
1,B_svc,2,0.1767290105409961,6,MAP_SCADA,15,0.0001468749418918891,0.176875885482888
1,B_svc,2,0.1771135787530377,6,MAP_PMU,15,0.0002376932701497192,0.176875885482888
4,UPFC_Vse,5-15,0.0574730236912215,6,WLS,15,0.0007837231322104024,0.0566893005590111
4,UPFC_Vse,5-15,0.0576260792132012,6,MAP_SCADA,15,0.0009367786541901041,0.0566893005590111
4,UPFC_Vse,5-15,0.0574699521631822,6,MAP_PMU,15,0.0007806516041711023,0.0566893005590111
2,UPFC_Vsh,5-15,1.1120477838693728,6,WLS,15,0.0017866407653861494,1.1102611431039866
2,UPFC_Vsh,5-15,1.1135006915001406,6,MAP_SCADA,15,0.003239548396154035,1.1102611431039866
2,UPFC_Vsh,5-15,1.112036762107726,6,MAP_PMU,15,0.0017756190037394592,1.1102611431039866
5,UPFC_tse,5-15,-2.1318873348484435,6,WLS,15,0.007018479695841684,-2.124868855152602
5,UPFC_tse,5-15,-2.124829114767701,6,MAP_SCADA,15,3.9740384900621706e-05,-2.124868855152602
5,UPFC_tse,5-15,-2.131864620712197,6,MAP_PMU,15,0.006995765559595135,-2.124868855152602
3,UPFC_tsh,5-15,-0.2361086925801404,6,WLS,15,7.609352386450663e-05,-0.2361847861040049
3,UPFC_tsh,5-15,-0.2383235367792493,6,MAP_SCADA,15,0.0021387506752444108,-0.2361847861040049
3,UPFC_tsh,5-15,-0.2361088213114226,6,MAP_PMU,15,7.596479258228928e-05,-0.2361847861040049
0,x_tcsc,1-14,-0.108260136276931,7,WLS,15,2.6850087737007033e-05,-0.108286986364668
0,x_tcsc,1-14,-0.1045988244161524,7,MAP_SCADA,15,0.0036881619485156086,-0.108286986364668
0,x_tcsc,1-14,-0.1083517886188371,7,MAP_PMU,15,6.480225416909124e-05,-0.108286986364668
1,B_svc,2,0.1768856778001409,7,WLS,15,9.792317252899085e-06,0.176875885482888
1,B_svc,2,0.1712470443244542,7,MAP_SCADA,15,0.005628841158433789,0.176875885482888
1,B_svc,2,0.1769075221187004,7,MAP_PMU,15,3.163663581240428e-05,0.176875885482888
4,UPFC_Vse,5-15,0.0580266360150905,7,WLS,15,0.0013373354560793985,0.0566893005590111
4,UPFC_Vse,5-15,0.0583206289255564,7,MAP_SCADA,15,0.0016313283665453024,0.0566893005590111
4,UPFC_Vse,5-15,0.0580233383672041,7,MAP_PMU,15,0.0013340378081930018,0.0566893005590111
2,UPFC_Vsh,5-15,1.1119891200998206,7,WLS,15,0.0017279769958340463,1.1102611431039866
2,UPFC_Vsh,5-15,1.1143225166077113,7,MAP_SCADA,15,0.004061373503724708,1.1102611431039866
2,UPFC_Vsh,5-15,1.1119817706656203,7,MAP_PMU,15,0.0017206275616337141,1.1102611431039866
5,UPFC_tse,5-15,-2.131569667636742,7,WLS,15,0.006700812484140339,-2.124868855152602
5,UPFC_tse,5-15,-2.125530772288669,7,MAP_SCADA,15,0.0006619171360671139,-2.124868855152602
5,UPFC_tse,5-15,-2.131515881867292,7,MAP_PMU,15,0.006647026714690085,-2.124868855152602
3,UPFC_tsh,5-15,-0.236176763744648,7,WLS,15,8.022359356901765e-06,-0.2361847861040049
3,UPFC_tsh,5-15,-0.237676134755732,7,MAP_SCADA,15,0.0014913486517270924,-0.2361847861040049
3,UPFC_tsh,5-15,-0.2361767391084027,7,MAP_PMU,15,8.046995602195572e-06,-0.2361847861040049
0,x_tcsc,1-14,-0.1082725217016923,8,WLS,15,1.446466297570781e-05,-0.108286986364668
0,x_tcsc,1-14,-0.1052133161498671,8,MAP_SCADA,15,0.0030736702148009,-0.108286986364668
0,x_tcsc,1-14,-0.1083065031863266,8,MAP_PMU,15,1.951682165859947e-05,-0.108286986364668
1,B_svc,2,0.1766812188582903,8,WLS,15,0.00019466662459768913,0.176875885482888
1,B_svc,2,0.1765255215568726,8,MAP_SCADA,15,0.0003503639260153957,0.176875885482888
1,B_svc,2,0.1767173859375135,8,MAP_PMU,15,0.00015849954537450195,0.176875885482888
4,UPFC_Vse,5-15,0.0573896330923826,8,WLS,15,0.0007003325333714977,0.0566893005590111
4,UPFC_Vse,5-15,0.0575742942186923,8,MAP_SCADA,15,0.0008849936596811991,0.0566893005590111
4,UPFC_Vse,5-15,0.0573912049066663,8,MAP_PMU,15,0.0007019043476551995,0.0566893005590111
2,UPFC_Vsh,5-15,1.1116195882115307,8,WLS,15,0.0013584451075441262,1.1102611431039866
2,UPFC_Vsh,5-15,1.1094174165188055,8,MAP_SCADA,15,0.0008437265851810594,1.1102611431039866
2,UPFC_Vsh,5-15,1.111610087081472,8,MAP_PMU,15,0.0013489439774854173,1.1102611431039866
5,UPFC_tse,5-15,-2.130830315982973,8,WLS,15,0.005961460830371301,-2.124868855152602
5,UPFC_tse,5-15,-2.128784796891451,8,MAP_SCADA,15,0.003915941738849238,-2.124868855152602
5,UPFC_tse,5-15,-2.13081226646214,8,MAP_PMU,15,0.005943411309538238,-2.124868855152602
3,UPFC_tsh,5-15,-0.2361592235046809,8,WLS,15,2.556259932398608e-05,-0.2361847861040049
3,UPFC_tsh,5-15,-0.2394379408323106,8,MAP_SCADA,15,0.0032531547283057016,-0.2361847861040049
3,UPFC_tsh,5-15,-0.2361599791883476,8,MAP_PMU,15,2.480691565728832e-05,-0.2361847861040049
0,x_tcsc,1-14,-0.1082597830942684,9,WLS,15,2.7203270399608903e-05,-0.108286986364668
0,x_tcsc,1-14,-0.1058694583135297,9,MAP_SCADA,15,0.002417528051138304,-0.108286986364668
0,x_tcsc,1-14,-0.1082844963930577,9,MAP_PMU,15,2.489971610300512e-06,-0.108286986364668
1,B_svc,2,0.1770682897814157,9,WLS,15,0.00019240429852770968,0.176875885482888
1,B_svc,2,0.1745204610707672,9,MAP_SCADA,15,0.002355424412120777,0.176875885482888
1,B_svc,2,0.1771022804600823,9,MAP_PMU,15,0.00022639497719431634,0.176875885482888
4,UPFC_Vse,5-15,0.0576952283197177,9,WLS,15,0.0010059277607065986,0.0566893005590111
4,UPFC_Vse,5-15,0.0578097762594768,9,MAP_SCADA,15,0.001120475700465702,0.0566893005590111
4,UPFC_Vse,5-15,0.057696763787628,9,MAP_PMU,15,0.0010074632286169033,0.0566893005590111
2,UPFC_Vsh,5-15,1.1121324006472952,9,WLS,15,0.0018712575433086354,1.1102611431039866
2,UPFC_Vsh,5-15,1.110964173874104,9,MAP_SCADA,15,0.0007030307701174632,1.1102611431039866
2,UPFC_Vsh,5-15,1.1121255084158288,9,MAP_PMU,15,0.0018643653118421977,1.1102611431039866
5,UPFC_tse,5-15,-2.1276925693056548,9,WLS,15,0.0028237141530529364,-2.124868855152602
5,UPFC_tse,5-15,-2.124621495031673,9,MAP_SCADA,15,0.0002473601209289633,-2.124868855152602
5,UPFC_tse,5-15,-2.1276765885326867,9,MAP_PMU,15,0.002807733380084887,-2.124868855152602
3,UPFC_tsh,5-15,-0.2361374557840763,9,WLS,15,4.733031992859571e-05,-0.2361847861040049
3,UPFC_tsh,5-15,-0.2387539604104957,9,MAP_SCADA,15,0.0025691743064908124,-0.2361847861040049
3,UPFC_tsh,5-15,-0.2361379118276076,9,MAP_PMU,15,4.6874276397296244e-05,-0.2361847861040049
0,x_tcsc,1-14,-0.1076508331287984,0,WLS,16,3.4752672178200994e-05,-0.1076855858009766
0,x_tcsc,1-14,-0.1070284412461947,0,MAP_SCADA,16,0.0006571445547818994,-0.1076855858009766
0,x_tcsc,1-14,-0.1076549846389097,0,MAP_PMU,16,3.060116206690666e-05,-0.1076855858009766
1,B_svc,2,0.1760513733435439,0,WLS,16,6.075938900429456e-05,0.1761121327325482
1,B_svc,2,0.172506831699301,0,MAP_SCADA,16,0.003605301033247188,0.1761121327325482
1,B_svc,2,0.1760560953913163,0,MAP_PMU,16,5.603734123188486e-05,0.1761121327325482
4,UPFC_Vse,5-15,0.0577437563403702,0,WLS,16,0.0011712005726962973,0.0565725557676739
4,UPFC_Vse,5-15,0.0580114974818672,0,MAP_SCADA,16,0.0014389417141933009,0.0565725557676739
4,UPFC_Vse,5-15,0.0577431719470142,0,MAP_PMU,16,0.0011706161793402989,0.0565725557676739
2,UPFC_Vsh,5-15,1.1118006669220868,0,WLS,16,0.0012384152719493446,1.1105622516501374
2,UPFC_Vsh,5-15,1.1102086318187063,0,MAP_SCADA,16,0.00035361983143111786,1.1105622516501374
2,UPFC_Vsh,5-15,1.1118014858134255,0,MAP_PMU,16,0.0012392341632880832,1.1105622516501374
5,UPFC_tse,5-15,-2.131089977828132,0,WLS,16,0.006066073332888333,-2.1250239044952437
5,UPFC_tse,5-15,-2.125013314471087,0,MAP_SCADA,16,1.0590024156709177e-05,-2.1250239044952437
5,UPFC_tse,5-15,-2.131054360079736,0,MAP_PMU,16,0.0060304555844923335,-2.1250239044952437
3,UPFC_tsh,5-15,-0.2367545316635509,0,WLS,16,4.215876436769461e-05,-0.2367966904279186
3,UPFC_tsh,5-15,-0.2377466939834934,0,MAP_SCADA,16,0.0009500035555748132,-0.2367966904279186
3,UPFC_tsh,5-15,-0.2367544370303618,0,MAP_PMU,16,4.2253397556785144e-05,-0.2367966904279186
0,x_tcsc,1-14,-0.1076806075679599,1,WLS,16,4.9782330167058575e-06,-0.1076855858009766
0,x_tcsc,1-14,-0.1067255256403177,1,MAP_SCADA,16,0.0009600601606589015,-0.1076855858009766
0,x_tcsc,1-14,-0.1076926788098681,1,MAP_PMU,16,7.093008891498331e-06,-0.1076855858009766
1,B_svc,2,0.176352369886822,1,WLS,16,0.0002402371542738202,0.1761121327325482
1,B_svc,2,0.1699620932372151,1,MAP_SCADA,16,0.006150039495333104,0.1761121327325482
1,B_svc,2,0.1763583887530135,1,MAP_PMU,16,0.0002462560204652964,0.1761121327325482
4,UPFC_Vse,5-15,0.0580324704095692,1,WLS,16,0.0014599146418953005,0.0565725557676739
4,UPFC_Vse,5-15,0.0581152203758432,1,MAP_SCADA,16,0.0015426646081692988,0.0565725557676739
4,UPFC_Vse,5-15,0.0580299792672781,1,MAP_PMU,16,0.0014574234996041976,0.0565725557676739
2,UPFC_Vsh,5-15,1.1116449906855226,1,WLS,16,0.0010827390353851385,1.1105622516501374
2,UPFC_Vsh,5-15,1.1123615374976672,1,MAP_SCADA,16,0.0017992858475297524,1.1105622516501374
2,UPFC_Vsh,5-15,1.1116461385638263,1,MAP_PMU,16,0.0010838869136888807,1.1105622516501374
5,UPFC_tse,5-15,-2.1277566710491675,1,WLS,16,0.002732766553923849,-2.1250239044952437
5,UPFC_tse,5-15,-2.1211163238376645,1,MAP_SCADA,16,0.003907580657579235,-2.1250239044952437
5,UPFC_tse,5-15,-2.1277430722079687,1,MAP_PMU,16,0.002719167712724957,-2.1250239044952437
3,UPFC_tsh,5-15,-0.236777297465751,1,WLS,16,1.9392962167602557e-05,-0.2367966904279186
3,UPFC_tsh,5-15,-0.2369684384345173,1,MAP_SCADA,16,0.00017174800659869316,-0.2367966904279186
3,UPFC_tsh,5-15,-0.2367769312144902,1,MAP_PMU,16,1.975921342839415e-05,-0.2367966904279186
0,x_tcsc,1-14,-0.1076671605567666,2,WLS,16,1.8425244210001912e-05,-0.1076855858009766
0,x_tcsc,1-14,-0.1070769698284908,2,MAP_SCADA,16,0.000608615972485807,-0.1076855858009766
0,x_tcsc,1-14,-0.1076709061321785,2,MAP_PMU,16,1.4679668798103784e-05,-0.1076855858009766
1,B_svc,2,0.1763585305629433,2,WLS,16,0.00024639783039509533,0.1761121327325482
1,B_svc,2,0.1721999161702743,2,MAP_SCADA,16,0.00391221656227389,0.1761121327325482
1,B_svc,2,0.1763599281140201,2,MAP_PMU,16,0.0002477953814719047,0.1761121327325482
4,UPFC_Vse,5-15,0.0573707584617928,2,WLS,16,0.0007982026941188991,0.0565725557676739
4,UPFC_Vse,5-15,0.0575735246487923,2,MAP_SCADA,16,0.0010009688811183984,0.0565725557676739
4,UPFC_Vse,5-15,0.0573683418967817,2,MAP_PMU,16,0.0007957861291078006,0.0565725557676739
2,UPFC_Vsh,5-15,1.1117041935136054,2,WLS,16,0.0011419418634679435,1.1105622516501374
2,UPFC_Vsh,5-15,1.112716678655468,2,MAP_SCADA,16,0.002154427005330639,1.1105622516501374
2,UPFC_Vsh,5-15,1.1117055553990032,2,MAP_PMU,16,0.0011433037488657316,1.1105622516501374
5,UPFC_tse,5-15,-2.1290729276941924,2,WLS,16,0.004049023198948731,-2.1250239044952437
5,UPFC_tse,5-15,-2.1230999990028,2,MAP_SCADA,16,0.0019239054924438115,-2.1250239044952437
5,UPFC_tse,5-15,-2.1290426402572065,2,MAP_PMU,16,0.004018735761962766,-2.1250239044952437
3,UPFC_tsh,5-15,-0.2367719135681414,2,WLS,16,2.4776859777198013e-05,-0.2367966904279186
3,UPFC_tsh,5-15,-0.2371799133413688,2,MAP_SCADA,16,0.000383222913450193,-0.2367966904279186
3,UPFC_tsh,5-15,-0.2367715505080734,2,MAP_PMU,16,2.513991984520736e-05,-0.2367966904279186
0,x_tcsc,1-14,-0.1076653557853155,3,WLS,16,2.023001566110738e-05,-0.1076855858009766
0,x_tcsc,1-14,-0.1081144615164635,3,MAP_SCADA,16,0.00042887571548690107,-0.1076855858009766
0,x_tcsc,1-14,-0.1076572120719123,3,MAP_PMU,16,2.837372906430713e-05,-0.1076855858009766
1,B_svc,2,0.1763528636678679,3,WLS,16,0.00024073093531970513,0.1761121327325482
1,B_svc,2,0.1654977181222396,3,MAP_SCADA,16,0.010614414610308598,0.1761121327325482
1,B_svc,2,0.1763298790308398,3,MAP_PMU,16,0.00021774629829160452,0.1761121327325482
4,UPFC_Vse,5-15,0.0578248805331228,3,WLS,16,0.0012523247654488978,0.0565725557676739
4,UPFC_Vse,5-15,0.0576055159860732,3,MAP_SCADA,16,0.001032960218399298,0.0565725557676739
4,UPFC_Vse,5-15,0.0578157961750785,3,MAP_PMU,16,0.0012432404074046027,0.0565725557676739
2,UPFC_Vsh,5-15,1.112392930753894,3,WLS,16,0.0018306791037565606,1.1105622516501374
2,UPFC_Vsh,5-15,1.115389257090103,3,MAP_SCADA,16,0.004827005439965504,1.1105622516501374
2,UPFC_Vsh,5-15,1.112398137415638,3,MAP_PMU,16,0.0018358857655005334,1.1105622516501374
5,UPFC_tse,5-15,-2.132362069679961,3,WLS,16,0.007338165184717305,-2.1250239044952437
5,UPFC_tse,5-15,-2.1228174010783643,3,MAP_SCADA,16,0.002206503416879446,-2.1250239044952437
5,UPFC_tse,5-15,-2.1323820168849377,3,MAP_PMU,16,0.0073581123896939715,-2.1250239044952437
3,UPFC_tsh,5-15,-0.2367972311966025,3,WLS,16,5.407686839153936e-07,-0.2367966904279186
3,UPFC_tsh,5-15,-0.2355480509882025,3,MAP_SCADA,16,0.0012486394397160927,-0.2367966904279186
3,UPFC_tsh,5-15,-0.2367963438764713,3,MAP_PMU,16,3.4655144728890086e-07,-0.2367966904279186
0,x_tcsc,1-14,-0.1076767772791249,4,WLS,16,8.80852185169978e-06,-0.1076855858009766
0,x_tcsc,1-14,-0.10634473140501,4,MAP_SCADA,16,0.0013408543959666092,-0.1076855858009766
0,x_tcsc,1-14,-0.1076831433806926,4,MAP_PMU,16,2.4424202840073184e-06,-0.1076855858009766
1,B_svc,2,0.1764688242367232,4,WLS,16,0.0003566915041749996,0.1761121327325482
1,B_svc,2,0.1755735078302422,4,MAP_SCADA,16,0.0005386249023059952,0.1761121327325482
1,B_svc,2,0.1764782502352988,4,MAP_PMU,16,0.00036611750275061805,0.1761121327325482
4,UPFC_Vse,5-15,0.0578830813699261,4,WLS,16,0.0013105256022521994,0.0565725557676739
4,UPFC_Vse,5-15,0.0584639012235131,4,MAP_SCADA,16,0.0018913454558392023,0.0565725557676739
4,UPFC_Vse,5-15,0.0578827568038828,4,MAP_PMU,16,0.0013102010362089009,0.0565725557676739
2,UPFC_Vsh,5-15,1.1120305912796653,4,WLS,16,0.0014683396295278595,1.1105622516501374
2,UPFC_Vsh,5-15,1.111199722143873,4,MAP_SCADA,16,0.0006374704937355258,1.1105622516501374
2,UPFC_Vsh,5-15,1.1120300605473696,4,MAP_PMU,16,0.0014678088972321923,1.1105622516501374
5,UPFC_tse,5-15,-2.128758844241366,4,WLS,16,0.0037349397461223788,-2.1250239044952437
5,UPFC_tse,5-15,-2.125218158257117,4,MAP_SCADA,16,0.00019425376187331977,-2.1250239044952437
5,UPFC_tse,5-15,-2.1287132756679967,4,MAP_PMU,16,0.003689371172753031,-2.1250239044952437
3,UPFC_tsh,5-15,-0.2367806436236489,4,WLS,16,1.6046804269698178e-05,-0.2367966904279186
3,UPFC_tsh,5-15,-0.2382009340591349,4,MAP_SCADA,16,0.001404243631216301,-0.2367966904279186
3,UPFC_tsh,5-15,-0.2367805758840388,4,MAP_PMU,16,1.611454387978606e-05,-0.2367966904279186
0,x_tcsc,1-14,-0.1076640803825617,5,WLS,16,2.1505418414904942e-05,-0.1076855858009766
0,x_tcsc,1-14,-0.1079082994169492,5,MAP_SCADA,16,0.00022271361597259176,-0.1076855858009766
0,x_tcsc,1-14,-0.107661105375173,5,MAP_PMU,16,2.4480425803607986e-05,-0.1076855858009766
1,B_svc,2,0.17635964720654,5,WLS,16,0.0002475144739917945,0.1761121327325482
1,B_svc,2,0.1685733813608642,5,MAP_SCADA,16,0.007538751371683999,0.1761121327325482
1,B_svc,2,0.1763524907380535,5,MAP_PMU,16,0.0002403580055053145,0.1761121327325482
4,UPFC_Vse,5-15,0.0574448230238097,5,WLS,16,0.000872267256135803,0.0565725557676739
4,UPFC_Vse,5-15,0.0575864519264921,5,MAP_SCADA,16,0.0010138961588182019,0.0565725557676739
4,UPFC_Vse,5-15,0.0574419485048604,5,MAP_PMU,16,0.0008693927371865029,0.0565725557676739
2,UPFC_Vsh,5-15,1.11181790694231,5,WLS,16,0.0012556552921725306,1.1105622516501374
2,UPFC_Vsh,5-15,1.1124061159697878,5,MAP_SCADA,16,0.0018438643196503346,1.1105622516501374
2,UPFC_Vsh,5-15,1.1118214479473627,5,MAP_PMU,16,0.0012591962972252624,1.1105622516501374
5,UPFC_tse,5-15,-2.130453255677578,5,WLS,16,0.00542935118233423,-2.1250239044952437
5,UPFC_tse,5-15,-2.123550517995745,5,MAP_SCADA,16,0.0014733864994989077,-2.1250239044952437
5,UPFC_tse,5-15,-2.130431938914408,5,MAP_PMU,16,0.005408034419164487,-2.1250239044952437
3,UPFC_tsh,5-15,-0.2367943963110022,5,WLS,16,2.2941169164070185e-06,-0.2367966904279186
3,UPFC_tsh,5-15,-0.2369410129883002,5,MAP_SCADA,16,0.00014432256038160451,-0.2367966904279186
3,UPFC_tsh,5-15,-0.2367938711106407,5,MAP_PMU,16,2.819317277885647e-06,-0.2367966904279186
0,x_tcsc,1-14,-0.1076727899872339,6,WLS,16,1.2795813742708106e-05,-0.1076855858009766
0,x_tcsc,1-14,-0.1045107019372545,6,MAP_SCADA,16,0.003174883863722111,-0.1076855858009766
0,x_tcsc,1-14,-0.1077105731962792,6,MAP_PMU,16,2.49873953026003e-05,-0.1076855858009766
1,B_svc,2,0.176294769391424,6,WLS,16,0.00018263665887580105,0.1761121327325482
1,B_svc,2,0.1767290105409961,6,MAP_SCADA,16,0.0006168778084479076,0.1761121327325482
1,B_svc,2,0.1763105997938321,6,MAP_PMU,16,0.00019846706128390235,0.1761121327325482
4,UPFC_Vse,5-15,0.0574259002757533,6,WLS,16,0.0008533445080793969,0.0565725557676739
4,UPFC_Vse,5-15,0.0576260792132012,6,MAP_SCADA,16,0.0010535234455273032,0.0565725557676739
4,UPFC_Vse,5-15,0.057422471191325,6,MAP_PMU,16,0.0008499154236511,0.0565725557676739
2,UPFC_Vsh,5-15,1.1120346396342682,6,WLS,16,0.0014723879841307408,1.1105622516501374
2,UPFC_Vsh,5-15,1.1135006915001406,6,MAP_SCADA,16,0.002938439850003194,1.1105622516501374
2,UPFC_Vsh,5-15,1.1120276539056162,6,MAP_PMU,16,0.0014654022554787538,1.1105622516501374
5,UPFC_tse,5-15,-2.1320117790970605,6,WLS,16,0.006987874601816824,-2.1250239044952437
5,UPFC_tse,5-15,-2.124829114767701,6,MAP_SCADA,16,0.00019478972754249924,-2.1250239044952437
5,UPFC_tse,5-15,-2.131983614375792,6,MAP_PMU,16,0.0069597098805482815,-2.1250239044952437
3,UPFC_tsh,5-15,-0.2367286241474827,6,WLS,16,6.806628043590224e-05,-0.2367966904279186
3,UPFC_tsh,5-15,-0.2383235367792493,6,MAP_SCADA,16,0.001526846351330713,-0.2367966904279186
3,UPFC_tsh,5-15,-0.2367285869179505,6,MAP_PMU,16,6.810350996808157e-05,-0.2367966904279186
0,x_tcsc,1-14,-0.1076643524621247,7,WLS,16,2.1233338851900374e-05,-0.1076855858009766
0,x_tcsc,1-14,-0.1045988244161524,7,MAP_SCADA,16,0.0030867613848242076,-0.1076855858009766
0,x_tcsc,1-14,-0.1077313031596926,7,MAP_PMU,16,4.571735871600202e-05,-0.1076855858009766
1,B_svc,2,0.1760937073758441,7,WLS,16,1.8425356704099283e-05,0.1761121327325482
1,B_svc,2,0.1712470443244542,7,MAP_SCADA,16,0.004865088408093993,0.1761121327325482
1,B_svc,2,0.176102982961864,7,MAP_PMU,16,9.149770684196978e-06,0.1761121327325482
4,UPFC_Vse,5-15,0.0579791943262269,7,WLS,16,0.0014066385585529972,0.0565725557676739
4,UPFC_Vse,5-15,0.0583206289255564,7,MAP_SCADA,16,0.0017480731578825015,0.0565725557676739
4,UPFC_Vse,5-15,0.0579755878110061,7,MAP_PMU,16,0.0014030320433321974,0.0565725557676739
2,UPFC_Vsh,5-15,1.1119768525629468,7,WLS,16,0.0014146009128093162,1.1105622516501374
2,UPFC_Vsh,5-15,1.1143225166077113,7,MAP_SCADA,16,0.0037602649575738667,1.1105622516501374
2,UPFC_Vsh,5-15,1.1119730586890093,7,MAP_PMU,16,0.001410807038871864,1.1105622516501374
5,UPFC_tse,5-15,-2.131710068826854,7,WLS,16,0.006686164331610289,-2.1250239044952437
5,UPFC_tse,5-15,-2.125530772288669,7,MAP_SCADA,16,0.0005068677934252364,-2.1250239044952437
5,UPFC_tse,5-15,-2.131655186657897,7,MAP_PMU,16,0.006631282162653296,-2.1250239044952437
3,UPFC_tsh,5-15,-0.2367967443106933,7,WLS,16,5.388277471429781e-08,-0.2367966904279186
3,UPFC_tsh,5-15,-0.237676134755732,7,MAP_SCADA,16,0.0008794443278133945,-0.2367966904279186
3,UPFC_tsh,5-15,-0.2367965548656407,7,MAP_PMU,16,1.3556227790312292e-07,-0.2367966904279186
0,x_tcsc,1-14,-0.107676821210491,8,WLS,16,8.7645904855993e-06,-0.1076855858009766
0,x_tcsc,1-14,-0.1052133161498671,8,MAP_SCADA,16,0.002472269651109499,-0.1076855858009766
0,x_tcsc,1-14,-0.1076966287906261,8,MAP_PMU,16,1.1042989649490131e-05,-0.1076855858009766
1,B_svc,2,0.175889794051023,8,WLS,16,0.000222338681525186,0.1761121327325482
1,B_svc,2,0.1765255215568726,8,MAP_SCADA,16,0.00041338882432440105,0.1761121327325482
1,B_svc,2,0.1759118284867008,8,MAP_PMU,16,0.0002003042458473825,0.1761121327325482
4,UPFC_Vse,5-15,0.0573427838433552,8,WLS,16,0.0007702280756812993,0.0565725557676739
4,UPFC_Vse,5-15,0.0575742942186923,8,MAP_SCADA,16,0.0010017384510183983,0.0565725557676739
4,UPFC_Vse,5-15,0.0573434770134856,8,MAP_PMU,16,0.0007709212458116982,0.0565725557676739
2,UPFC_Vsh,5-15,1.1116071175266349,8,WLS,16,0.0010448658764974361,1.1105622516501374
2,UPFC_Vsh,5-15,1.1094174165188055,8,MAP_SCADA,16,0.0011448351313319005,1.1105622516501374
2,UPFC_Vsh,5-15,1.1116009461128615,8,MAP_PMU,16,0.001038694462724088,1.1105622516501374
5,UPFC_tse,5-15,-2.1309520263348865,8,WLS,16,0.005928121839642753,-2.1250239044952437
5,UPFC_tse,5-15,-2.128784796891451,8,MAP_SCADA,16,0.0037608923962073604,-2.1250239044952437
5,UPFC_tse,5-15,-2.130932950170945,8,MAP_PMU,16,0.005909045675701385,-2.1250239044952437
3,UPFC_tsh,5-15,-0.2367793928340777,8,WLS,16,1.7297593840892578e-05,-0.2367966904279186
3,UPFC_tsh,5-15,-0.2394379408323106,8,MAP_SCADA,16,0.0026412504043920038,-0.2367966904279186
3,UPFC_tsh,5-15,-0.2367798468297969,8,MAP_PMU,16,1.6843598121707437e-05,-0.2367966904279186
0,x_tcsc,1-14,-0.10766419155403,9,WLS,16,2.1394246946609963e-05,-0.1076855858009766
0,x_tcsc,1-14,-0.1058694583135297,9,MAP_SCADA,16,0.001816127487446903,-0.1076855858009766
0,x_tcsc,1-14,-0.1076772526464361,9,MAP_PMU,16,8.33315454050465e-06,-0.1076855858009766
1,B_svc,2,0.1762774540627524,9,WLS,16,0.00016532133020419337,0.1761121327325482
1,B_svc,2,0.1745204610707672,9,MAP_SCADA,16,0.00159167166178098,0.1761121327325482
1,B_svc,2,0.1762982034637361,9,MAP_PMU,16,0.0001860707311878984,0.1761121327325482
4,UPFC_Vse,5-15,0.057648158967897,9,WLS,16,0.0010756032002230964,0.0565725557676739
4,UPFC_Vse,5-15,0.0578097762594768,9,MAP_SCADA,16,0.0012372204918029012,0.0565725557676739
4,UPFC_Vse,5-15,0.0576490135290942,9,MAP_PMU,16,0.0010764577614202978,0.0565725557676739
2,UPFC_Vsh,5-15,1.1121196471259536,9,WLS,16,0.0015573954758161257,1.1105622516501374
2,UPFC_Vsh,5-15,1.110964173874104,9,MAP_SCADA,16,0.00040192222396662203,1.1105622516501374
2,UPFC_Vsh,5-15,1.112115646960101,9,MAP_PMU,16,0.0015533953099635678,1.1105622516501374
5,UPFC_tse,5-15,-2.1278159962687515,9,WLS,16,0.00279209177350781,-2.1250239044952437
5,UPFC_tse,5-15,-2.124621495031673,9,MAP_SCADA,16,0.00040240946357084084,-2.1250239044952437
5,UPFC_tse,5-15,-2.1277987218712155,9,MAP_PMU,16,0.0027748173759718497,-2.1250239044952437
3,UPFC_tsh,5-15,-0.2367572898937453,9,WLS,16,3.940053417328393e-05,-0.2367966904279186
3,UPFC_tsh,5-15,-0.2387539604104957,9,MAP_SCADA,16,0.0019572699825771145,-0.2367966904279186
3,UPFC_tsh,5-15,-0.2367575412777986,9,MAP_PMU,16,3.9149150119988096e-05,-0.2367966904279186
0,x_tcsc,1-14,-0.107291035235623,0,WLS,17,3.1165852657499826e-05,-0.1073222010882805
0,x_tcsc,1-14,-0.1070284412461947,0,MAP_SCADA,17,0.00029375984208579453,-0.1073222010882805
0,x_tcsc,1-14,-0.1072922855265794,0,MAP_PMU,17,2.9915561701093774e-05,-0.1073222010882805
1,B_svc,2,0.1755318772659793,0,WLS,17,8.037102461730394e-05,0.1756122482905966
1,B_svc,2,0.172506831699301,0,MAP_SCADA,17,0.0031054165912955956,0.1756122482905966
1,B_svc,2,0.1755328544816899,0,MAP_PMU,17,7.939380890670256e-05,0.1756122482905966
4,UPFC_Vse,5-15,0.0577761699108562,0,WLS,17,0.0010522418319812016,0.056723928078875
4,UPFC_Vse,5-15,0.0580114974818672,0,MAP_SCADA,17,0.0012875694029922044,0.056723928078875
4,UPFC_Vse,5-15,0.0577755203501858,0,MAP_PMU,17,0.0010515922713108042,0.056723928078875
2,UPFC_Vsh,5-15,1.111801046044976,0,WLS,17,0.0010884574007909986,1.110712588644185
2,UPFC_Vsh,5-15,1.1102086318187063,0,MAP_SCADA,17,0.0005039568254787685,1.110712588644185
2,UPFC_Vsh,5-15,1.1118020435872698,0,MAP_PMU,17,0.0010894549430846556,1.110712588644185
5,UPFC_tse,5-15,-2.130968035375389,0,WLS,17,0.0053054649441408586,-2.125662570431248
5,UPFC_tse,5-15,-2.125013314471087,0,MAP_SCADA,17,0.000649255960161188,-2.125662570431248
5,UPFC_tse,5-15,-2.1309385809334263,0,MAP_PMU,17,0.0052760105021780745,-2.125662570431248
3,UPFC_tsh,5-15,-0.2370585049100396,0,WLS,17,3.940723145179348e-05,-0.2370979121414914
3,UPFC_tsh,5-15,-0.2377466939834934,0,MAP_SCADA,17,0.0006487818420020108,-0.2370979121414914
3,UPFC_tsh,5-15,-0.237058391787059,0,MAP_PMU,17,3.952035443238744e-05,-0.2370979121414914
0,x_tcsc,1-14,-0.1073206974894196,1,WLS,17,1.5035988609052309e-06,-0.1073222010882805
0,x_tcsc,1-14,-0.1067255256403177,1,MAP_SCADA,17,0.0005966754479627967,-0.1073222010882805
0,x_tcsc,1-14,-0.1073270620270441,1,MAP_PMU,17,4.860938763603939e-06,-0.1073222010882805
1,B_svc,2,0.1758316213806058,1,WLS,17,0.00021937309000918948,0.1756122482905966
1,B_svc,2,0.1699620932372151,1,MAP_SCADA,17,0.0056501550533815115,0.1756122482905966
1,B_svc,2,0.1758334459677597,1,MAP_PMU,17,0.00022119767716310967,0.1756122482905966
4,UPFC_Vse,5-15,0.0580648115389976,1,WLS,17,0.0013408834601226008,0.056723928078875
4,UPFC_Vse,5-15,0.0581152203758432,1,MAP_SCADA,17,0.0013912922969682023,0.056723928078875
4,UPFC_Vse,5-15,0.0580624588882912,1,MAP_PMU,17,0.0013385308094162052,0.056723928078875
2,UPFC_Vsh,5-15,1.1116458883302642,1,WLS,17,0.0009332996860791365,1.110712588644185
2,UPFC_Vsh,5-15,1.1123615374976672,1,MAP_SCADA,17,0.0016489488534821017,1.110712588644185
2,UPFC_Vsh,5-15,1.1116473960802824,1,MAP_PMU,17,0.0009348074360973069,1.110712588644185
5,UPFC_tse,5-15,-2.1276400634091424,1,WLS,17,0.0019774929778941797,-2.125662570431248
5,UPFC_tse,5-15,-2.1211163238376645,1,MAP_SCADA,17,0.004546246593583714,-2.125662570431248
5,UPFC_tse,5-15,-2.127631565740881,1,MAP_PMU,17,0.0019689953096326818,-2.125662570431248
3,UPFC_tsh,5-15,-0.237081218424885,1,WLS,17,1.6693716606397402e-05,-0.2370979121414914
3,UPFC_tsh,5-15,-0.2369684384345173,1,MAP_SCADA,17,0.0001294737069741092,-0.2370979121414914
3,UPFC_tsh,5-15,-0.2370808641446875,1,MAP_PMU,17,1.704799680390945e-05,-0.2370979121414914
0,x_tcsc,1-14,-0.1073073163335401,2,WLS,17,1.4884754740401851e-05,-0.1073222010882805
0,x_tcsc,1-14,-0.1070769698284908,2,MAP_SCADA,17,0.00024523125978970217,-0.1073222010882805
0,x_tcsc,1-14,-0.1073082830949651,2,MAP_PMU,17,1.3917993315404331e-05,-0.1073222010882805
1,B_svc,2,0.1758391694884609,2,WLS,17,0.00022692119786429932,0.1756122482905966
1,B_svc,2,0.1721999161702743,2,MAP_SCADA,17,0.003412332120322298,0.1756122482905966
1,B_svc,2,0.175837397620568,2,MAP_PMU,17,0.00022514932997139137,0.1756122482905966
4,UPFC_Vse,5-15,0.0574032703724603,2,WLS,17,0.0006793422935853013,0.056723928078875
4,UPFC_Vse,5-15,0.0575735246487923,2,MAP_SCADA,17,0.0008495965699173019,0.056723928078875
4,UPFC_Vse,5-15,0.0574010672100457,2,MAP_PMU,17,0.0006771391311707065,0.056723928078875
2,UPFC_Vsh,5-15,1.1117047427429645,2,WLS,17,0.0009921540987793964,1.110712588644185
2,UPFC_Vsh,5-15,1.112716678655468,2,MAP_SCADA,17,0.0020040900112829885,1.110712588644185
2,UPFC_Vsh,5-15,1.111706188430065,2,MAP_PMU,17,0.0009935997858798729,1.110712588644185
5,UPFC_tse,5-15,-2.128950351607496,2,WLS,17,0.0032877811762479503,-2.125662570431248
5,UPFC_tse,5-15,-2.1230999990028,2,MAP_SCADA,17,0.0025625714284482903,-2.125662570431248
5,UPFC_tse,5-15,-2.128926277622804,2,MAP_PMU,17,0.003263707191555998,-2.125662570431248
3,UPFC_tsh,5-15,-0.2370758306686308,2,WLS,17,2.2081472860591145e-05,-0.2370979121414914
3,UPFC_tsh,5-15,-0.2371799133413688,2,MAP_SCADA,17,8.200119987739063e-05,-0.2370979121414914
3,UPFC_tsh,5-15,-0.2370755014572113,2,MAP_PMU,17,2.2410684280105286e-05,-0.2370979121414914
0,x_tcsc,1-14,-0.1073056484704036,3,WLS,17,1.655261787690543e-05,-0.1073222010882805
0,x_tcsc,1-14,-0.1081144615164635,3,MAP_SCADA,17,0.0007922604281830059,-0.1073222010882805
0,x_tcsc,1-14,-0.107293391638914,3,MAP_PMU,17,2.88094493664931e-05,-0.1073222010882805
1,B_svc,2,0.1758331663899772,3,WLS,17,0.00022091809938060147,0.1756122482905966
1,B_svc,2,0.1654977181222396,3,MAP_SCADA,17,0.010114530168357005,0.1756122482905966
1,B_svc,2,0.175808782445494,3,MAP_PMU,17,0.00019653415489739867,0.1756122482905966
4,UPFC_Vse,5-15,0.0578570379066784,3,WLS,17,0.0011331098278034024,0.056723928078875
4,UPFC_Vse,5-15,0.0576055159860732,3,MAP_SCADA,17,0.0008815879071982016,0.056723928078875
4,UPFC_Vse,5-15,0.0578485934045211,3,MAP_PMU,17,0.0011246653256461042,0.056723928078875
2,UPFC_Vsh,5-15,1.1123936446636944,3,WLS,17,0.0016810560195092972,1.110712588644185
2,UPFC_Vsh,5-15,1.115389257090103,3,MAP_SCADA,17,0.004676668445917853,1.110712588644185
2,UPFC_Vsh,5-15,1.112398694634846,3,MAP_PMU,17,0.001686105990660991,1.110712588644185
5,UPFC_tse,5-15,-2.132243622580589,3,WLS,17,0.006581052149341016,-2.125662570431248
5,UPFC_tse,5-15,-2.1228174010783643,3,MAP_SCADA,17,0.002845169352883925,-2.125662570431248
5,UPFC_tse,5-15,-2.132268101538357,3,MAP_PMU,17,0.006605531107108931,-2.125662570431248
3,UPFC_tsh,5-15,-0.2371012529618701,3,WLS,17,3.3408203786999824e-06,-0.2370979121414914
3,UPFC_tsh,5-15,-0.2355480509882025,3,MAP_SCADA,17,0.001549861153288895,-0.2370979121414914
3,UPFC_tsh,5-15,-0.2371004386812959,3,MAP_PMU,17,2.5265398045093423e-06,-0.2370979121414914
0,x_tcsc,1-14,-0.1073168875526969,4,WLS,17,5.31353558359815e-06,-0.1073222010882805
0,x_tcsc,1-14,-0.10634473140501,4,MAP_SCADA,17,0.0009774696832705043,-0.1073222010882805
0,x_tcsc,1-14,-0.1073197157050811,4,MAP_PMU,17,2.4853831993992825e-06,-0.1073222010882805
1,B_svc,2,0.1759485471319835,4,WLS,17,0.0003362988413868895,0.1756122482905966
1,B_svc,2,0.1755735078302422,4,MAP_SCADA,17,3.874046035440282e-05,0.1756122482905966
1,B_svc,2,0.1759536107693647,4,MAP_PMU,17,0.00034136247876809245,0.1756122482905966
4,UPFC_Vse,5-15,0.0579155549799939,4,WLS,17,0.001191626901118903,0.056723928078875
4,UPFC_Vse,5-15,0.0584639012235131,4,MAP_SCADA,17,0.0017399731446381059,0.056723928078875
4,UPFC_Vse,5-15,0.0579151763531067,4,MAP_PMU,17,0.0011912482742317057,0.056723928078875
2,UPFC_Vsh,5-15,1.1120310691210544,4,WLS,17,0.0013184804768693326,1.110712588644185
2,UPFC_Vsh,5-15,1.111199722143873,4,MAP_SCADA,17,0.0004871334996878751,1.110712588644185
2,UPFC_Vsh,5-15,1.1120309622988898,4,MAP_PMU,17,0.0013183736547046632,1.110712588644185
5,UPFC_tse,5-15,-2.1286375172393366,4,WLS,17,0.002974946808088408,-2.125662570431248
5,UPFC_tse,5-15,-2.125218158257117,4,MAP_SCADA,17,0.0004444121741311591,-2.125662570431248
5,UPFC_tse,5-15,-2.128598934561254,4,MAP_PMU,17,0.002936364130005753,-2.125662570431248
3,UPFC_tsh,5-15,-0.2370845798369713,4,WLS,17,1.3332304520108362e-05,-0.2370979121414914
3,UPFC_tsh,5-15,-0.2382009340591349,4,MAP_SCADA,17,0.0011030219176434986,-0.2370979121414914
3,UPFC_tsh,5-15,-0.2370844849533417,4,MAP_PMU,17,1.3427188149700564e-05,-0.2370979121414914
0,x_tcsc,1-14,-0.1073042455899957,5,WLS,17,1.7955498284802363e-05,-0.1073222010882805
0,x_tcsc,1-14,-0.1079082994169492,5,MAP_SCADA,17,0.0005860983286686966,-0.1073222010882805
0,x_tcsc,1-14,-0.1072983190182862,5,MAP_PMU,17,2.3882069994304866e-05,-0.1073222010882805
1,B_svc,2,0.1758394468974348,5,WLS,17,0.0002271986068382026,0.1756122482905966
1,B_svc,2,0.1685733813608642,5,MAP_SCADA,17,0.007038866929732407,0.1756122482905966
1,B_svc,2,0.1758301548713023,5,MAP_PMU,17,0.00021790658070569568,0.1756122482905966
4,UPFC_Vse,5-15,0.0574771838099866,5,WLS,17,0.0007532557311116031,0.056723928078875
4,UPFC_Vse,5-15,0.0575864519264921,5,MAP_SCADA,17,0.0008625238476171054,0.056723928078875
4,UPFC_Vse,5-15,0.0574745284404596,5,MAP_PMU,17,0.0007506003615846066,0.056723928078875
2,UPFC_Vsh,5-15,1.1118185573209842,5,WLS,17,0.0011059686767991295,1.110712588644185
2,UPFC_Vsh,5-15,1.1124061159697878,5,MAP_SCADA,17,0.001693527325602684,1.110712588644185
2,UPFC_Vsh,5-15,1.1118220399442842,5,MAP_PMU,17,0.0011094513000990958,1.110712588644185
5,UPFC_tse,5-15,-2.130330495810416,5,WLS,17,0.0046679253791679365,-2.125662570431248
5,UPFC_tse,5-15,-2.123550517995745,5,MAP_SCADA,17,0.0021120524355033865,-2.125662570431248
5,UPFC_tse,5-15,-2.130314557860132,5,MAP_PMU,17,0.0046519874288839524,-2.125662570431248
3,UPFC_tsh,5-15,-0.2370982847307367,5,WLS,17,3.7258924531768933e-07,-0.2370979121414914
3,UPFC_tsh,5-15,-0.2369410129883002,5,MAP_SCADA,17,0.00015689915319119785,-0.2370979121414914
3,UPFC_tsh,5-15,-0.2370977890968855,5,MAP_PMU,17,1.2304460589307453e-07,-0.2370979121414914
0,x_tcsc,1-14,-0.107312974498103,6,WLS,17,9.226590177505156e-06,-0.1073222010882805
0,x_tcsc,1-14,-0.1045107019372545,6,MAP_SCADA,17,0.0028114991510260062,-0.1073222010882805
0,x_tcsc,1-14,-0.1073412424240208,6,MAP_PMU,17,1.9041335740294096e-05,-0.1073222010882805
1,B_svc,2,0.1757752496418651,6,WLS,17,0.00016300135126851023,0.1756122482905966
1,B_svc,2,0.1767290105409961,6,MAP_SCADA,17,0.0011167622503995,0.1756122482905966
1,B_svc,2,0.1757855616873415,6,MAP_PMU,17,0.0001733133967448952,0.1756122482905966
4,UPFC_Vse,5-15,0.0574581436225078,6,WLS,17,0.0007342155436328018,0.056723928078875
4,UPFC_Vse,5-15,0.0576260792132012,6,MAP_SCADA,17,0.0009021511343262067,0.056723928078875
4,UPFC_Vse,5-15,0.0574546965152842,6,MAP_PMU,17,0.0007307684364092001,0.056723928078875
2,UPFC_Vsh,5-15,1.1120351104612085,6,WLS,17,0.0013225218170234143,1.110712588644185
2,UPFC_Vsh,5-15,1.1135006915001406,6,MAP_SCADA,17,0.002788102855955543,1.110712588644185
2,UPFC_Vsh,5-15,1.112029992658063,6,MAP_PMU,17,0.0013174040138779208,1.110712588644185
5,UPFC_tse,5-15,-2.131887547990726,6,WLS,17,0.006224977559477818,-2.125662570431248
5,UPFC_tse,5-15,-2.124829114767701,6,MAP_SCADA,17,0.0008334556635469781,-2.125662570431248
5,UPFC_tse,5-15,-2.131865768221792,6,MAP_PMU,17,0.00620319779054368,-2.125662570431248
3,UPFC_tsh,5-15,-0.2370324982243265,6,WLS,17,6.541391716488598e-05,-0.2370979121414914
3,UPFC_tsh,5-15,-0.2383235367792493,6,MAP_SCADA,17,0.0012256246377579105,-0.2370979121414914
3,UPFC_tsh,5-15,-0.2370323800705531,6,MAP_PMU,17,6.553207093829005e-05,-0.2370979121414914
0,x_tcsc,1-14,-0.107304482179256,7,WLS,17,1.7718909024494467e-05,-0.1073222010882805
0,x_tcsc,1-14,-0.1045988244161524,7,MAP_SCADA,17,0.0027233766721281027,-0.1073222010882805
0,x_tcsc,1-14,-0.1073583015206868,7,MAP_PMU,17,3.610043240630245e-05,-0.1073222010882805
1,B_svc,2,0.1755736726805518,7,WLS,17,3.8575610044805364e-05,0.1756122482905966
1,B_svc,2,0.1712470443244542,7,MAP_SCADA,17,0.0043652039661424,0.1756122482905966
1,B_svc,2,0.1755770244025764,7,MAP_PMU,17,3.522388802021381e-05,0.1756122482905966
4,UPFC_Vse,5-15,0.0580111360634726,7,WLS,17,0.0012872079845976034,0.056723928078875
4,UPFC_Vse,5-15,0.0583206289255564,7,MAP_SCADA,17,0.001596700846681405,0.056723928078875
4,UPFC_Vse,5-15,0.0580075542512424,7,MAP_PMU,17,0.0012836261723674011,0.056723928078875
2,UPFC_Vsh,5-15,1.1119778369119775,7,WLS,17,0.001265248267792396,1.110712588644185
2,UPFC_Vsh,5-15,1.1143225166077113,7,MAP_SCADA,17,0.003609927963526216,1.110712588644185
2,UPFC_Vsh,5-15,1.111975653649189,7,MAP_PMU,17,0.0012630650050038383,1.110712588644185
5,UPFC_tse,5-15,-2.1315960607681324,7,WLS,17,0.005933490336884173,-2.125662570431248
5,UPFC_tse,5-15,-2.125530772288669,7,MAP_SCADA,17,0.0001317981425792425,-2.125662570431248
5,UPFC_tse,5-15,-2.1315487494650958,7,MAP_PMU,17,0.005886179033847583,-2.125662570431248
3,UPFC_tsh,5-15,-0.2371006190655211,7,WLS,17,2.706924029705071e-06,-0.2370979121414914
3,UPFC_tsh,5-15,-0.237676134755732,7,MAP_SCADA,17,0.0005782226142405922,-0.2370979121414914
3,UPFC_tsh,5-15,-0.2371003579114401,7,MAP_PMU,17,2.4457699487057116e-06,-0.2370979121414914
0,x_tcsc,1-14,-0.1073170066011634,8,WLS,17,5.194487117096691e-06,-0.1073222010882805
0,x_tcsc,1-14,-0.1052133161498671,8,MAP_SCADA,17,0.002108884938413394,-0.1073222010882805
0,x_tcsc,1-14,-0.1073300075127664,8,MAP_PMU,17,7.806424485903851e-06,-0.1073222010882805
1,B_svc,2,0.1753700788185269,8,WLS,17,0.00024216947206970318,0.1756122482905966
1,B_svc,2,0.1765255215568726,8,MAP_SCADA,17,0.0009132732662759935,0.1756122482905966
1,B_svc,2,0.1753850773717241,8,MAP_PMU,17,0.00022717091887250462,0.1756122482905966
4,UPFC_Vse,5-15,0.0573752680312309,8,WLS,17,0.0006513399523559033,0.056723928078875
4,UPFC_Vse,5-15,0.0575742942186923,8,MAP_SCADA,17,0.0008503661398173018,0.056723928078875
4,UPFC_Vse,5-15,0.0573755138311258,8,MAP_PMU,17,0.0006515857522508064,0.056723928078875
2,UPFC_Vsh,5-15,1.111607749065748,8,WLS,17,0.0008951604215630127,1.110712588644185
2,UPFC_Vsh,5-15,1.1094174165188055,8,MAP_SCADA,17,0.0012951721253795512,1.110712588644185
2,UPFC_Vsh,5-15,1.1116030234277647,8,MAP_PMU,17,0.0008904347835796411,1.110712588644185
5,UPFC_tse,5-15,-2.130827738661144,8,WLS,17,0.005165168229895656,-2.125662570431248
5,UPFC_tse,5-15,-2.128784796891451,8,MAP_SCADA,17,0.0031222264602028815,-2.125662570431248
5,UPFC_tse,5-15,-2.130813385847961,8,MAP_PMU,17,0.005150815416712806,-2.125662570431248
3,UPFC_tsh,5-15,-0.2370834380589455,8,WLS,17,1.4474082545901101e-05,-0.2370979121414914
3,UPFC_tsh,5-15,-0.2394379408323106,8,MAP_SCADA,17,0.0023400286908192014,-0.2370979121414914
3,UPFC_tsh,5-15,-0.237083722039504,8,MAP_PMU,17,1.4190101987388015e-05,-0.2370979121414914
0,x_tcsc,1-14,-0.1073044319722732,9,WLS,17,1.77691160073018e-05,-0.1073222010882805
0,x_tcsc,1-14,-0.1058694583135297,9,MAP_SCADA,17,0.0014527427747507982,-0.1073222010882805
0,x_tcsc,1-14,-0.1073121923119469,9,MAP_PMU,17,1.0008776333600422e-05,-0.1073222010882805
1,B_svc,2,0.1757581397431969,9,WLS,17,0.00014589145260029968,0.1756122482905966
1,B_svc,2,0.1745204610707672,9,MAP_SCADA,17,0.0010917872198293876,0.1756122482905966
1,B_svc,2,0.1757724591205922,9,MAP_PMU,17,0.000160210829995594,0.1756122482905966
4,UPFC_Vse,5-15,0.057680415858835,9,WLS,17,0.0009564877799600052,0.056723928078875
4,UPFC_Vse,5-15,0.0578097762594768,9,MAP_SCADA,17,0.0010858481806018047,0.056723928078875
4,UPFC_Vse,5-15,0.0576809828645883,9,MAP_PMU,17,0.0009570547857133058,0.056723928078875
2,UPFC_Vsh,5-15,1.1121202675063473,9,WLS,17,0.0014076788621621983,1.110712588644185
2,UPFC_Vsh,5-15,1.110964173874104,9,MAP_SCADA,17,0.00025158522991897136,1.110712588644185
2,UPFC_Vsh,5-15,1.1121173755365017,9,MAP_PMU,17,0.0014047868923166007,1.110712588644185
5,UPFC_tse,5-15,-2.127694453134031,9,WLS,17,0.0020318827027829833,-2.125662570431248
5,UPFC_tse,5-15,-2.124621495031673,9,MAP_SCADA,17,0.0010410753995753197,-2.125662570431248
5,UPFC_tse,5-15,-2.127681479692257,9,MAP_PMU,17,0.0020189092610087833,-2.125662570431248
3,UPFC_tsh,5-15,-0.2370610726147113,9,WLS,17,3.6839526780102494e-05,-0.2370979121414914
3,UPFC_tsh,5-15,-0.2387539604104957,9,MAP_SCADA,17,0.0016560482690043121,-0.2370979121414914
3,UPFC_tsh,5-15,-0.2370612248099677,9,MAP_PMU,17,3.668733152370485e-05,-0.2370979121414914
0,x_tcsc,1-14,-0.1076796143428654,0,WLS,18,3.850266582330897e-05,-0.1077181170086887
0,x_tcsc,1-14,-0.1070284412461947,0,MAP_SCADA,18,0.0006896757624939992,-0.1077181170086887
0,x_tcsc,1-14,-0.1076840936444292,0,MAP_PMU,18,3.4023364259505584e-05,-0.1077181170086887
1,B_svc,2,0.1761533553588575,0,WLS,18,3.686614123349363e-05,0.176190221500091
1,B_svc,2,0.172506831699301,0,MAP_SCADA,18,0.003683389800789999,0.176190221500091
1,B_svc,2,0.1761585391499507,0,MAP_PMU,18,3.168235014031073e-05,0.176190221500091
4,UPFC_Vse,5-15,0.0578088518202185,0,WLS,18,0.0009743248048258019,0.0568345270153927
4,UPFC_Vse,5-15,0.0580114974818672,0,MAP_SCADA,18,0.0011769704664745043,0.0568345270153927
4,UPFC_Vse,5-15,0.057808214114319,0,MAP_PMU,18,0.0009736870989263055,0.0568345270153927
2,UPFC_Vsh,5-15,1.111783998517171,0,WLS,18,0.0011691296664049222,1.110614868850766
2,UPFC_Vsh,5-15,1.1102086318187063,0,MAP_SCADA,18,0.0004062370320596642,1.110614868850766
2,UPFC_Vsh,5-15,1.1117849808362037,0,MAP_PMU,18,0.0011701119854377051,1.110614868850766
5,UPFC_tse,5-15,-2.130637770460156,0,WLS,18,0.005236045728815419,-2.1254017247313404
5,UPFC_tse,5-15,-2.125013314471087,0,MAP_SCADA,18,0.0003884102602533801,-2.1254017247313404
5,UPFC_tse,5-15,-2.130610196521128,0,MAP_PMU,18,0.005208471789787783,-2.1254017247313404
3,UPFC_tsh,5-15,-0.2366553776564568,0,WLS,18,5.171093399730653e-05,-0.2367070885904541
3,UPFC_tsh,5-15,-0.2377466939834934,0,MAP_SCADA,18,0.0010396053930392946,-0.2367070885904541
3,UPFC_tsh,5-15,-0.2366552257051326,0,MAP_PMU,18,5.1862885321524166e-05,-0.2367070885904541
0,x_tcsc,1-14,-0.1077094532114021,1,WLS,18,8.663797286603825e-06,-0.1077181170086887
0,x_tcsc,1-14,-0.1067255256403177,1,MAP_SCADA,18,0.0009925913683710014,-0.1077181170086887
0,x_tcsc,1-14,-0.1077220777504255,1,MAP_PMU,18,3.960741736794282e-06,-0.1077181170086887
1,B_svc,2,0.1764541519615653,1,WLS,18,0.00026393046147429877,0.176190221500091
1,B_svc,2,0.1699620932372151,1,MAP_SCADA,18,0.006228128262875915,0.176190221500091
1,B_svc,2,0.176460670905479,1,MAP_PMU,18,0.0002704494053880069,0.176190221500091
4,UPFC_Vse,5-15,0.0580975575337837,1,WLS,18,0.001263030518391002,0.0568345270153927
4,UPFC_Vse,5-15,0.0581152203758432,1,MAP_SCADA,18,0.0012806933604505022,0.0568345270153927
4,UPFC_Vse,5-15,0.0580952158518988,1,MAP_PMU,18,0.0012606888365061034,0.0568345270153927
2,UPFC_Vsh,5-15,1.1116287287268165,1,WLS,18,0.0010138598760505158,1.110614868850766
2,UPFC_Vsh,5-15,1.1123615374976672,1,MAP_SCADA,18,0.001746668646901206,1.110614868850766
2,UPFC_Vsh,5-15,1.1116296754093895,1,MAP_PMU,18,0.0010148065586235155,1.110614868850766
5,UPFC_tse,5-15,-2.127311575201676,1,WLS,18,0.001909850470335428,-2.1254017247313404
5,UPFC_tse,5-15,-2.1211163238376645,1,MAP_SCADA,18,0.004285400893675906,-2.1254017247313404
5,UPFC_tse,5-15,-2.127305535247323,1,MAP_PMU,18,0.0019038105159827623,-2.1254017247313404
3,UPFC_tsh,5-15,-0.2366782168712552,1,WLS,18,2.887171919890852e-05,-0.2367070885904541
3,UPFC_tsh,5-15,-0.2369684384345173,1,MAP_SCADA,18,0.0002613498440631745,-0.2367070885904541
3,UPFC_tsh,5-15,-0.2366778055288416,1,MAP_PMU,18,2.9283061612511707e-05,-0.2367070885904541
0,x_tcsc,1-14,-0.1076959727550078,2,WLS,18,2.214425368091133e-05,-0.1077181170086887
0,x_tcsc,1-14,-0.1070769698284908,2,MAP_SCADA,18,0.0006411471801979068,-0.1077181170086887
0,x_tcsc,1-14,-0.107700017630102,2,MAP_PMU,18,1.809937858671118e-05,-0.1077181170086887
1,B_svc,2,0.176460323498487,2,WLS,18,0.0002701019983959996,0.176190221500091
1,B_svc,2,0.1721999161702743,2,MAP_SCADA,18,0.003990305329816701,0.176190221500091
1,B_svc,2,0.1764621785666706,2,MAP_PMU,18,0.0002719570665795923,0.176190221500091
4,UPFC_Vse,5-15,0.0574358950319689,2,WLS,18,0.0006013680165762036,0.0568345270153927
4,UPFC_Vse,5-15,0.0575735246487923,2,MAP_SCADA,18,0.0007389976333996018,0.0568345270153927
4,UPFC_Vse,5-15,0.0574336155207498,2,MAP_PMU,18,0.000599088505357101,0.0568345270153927
2,UPFC_Vsh,5-15,1.111687740343681,2,WLS,18,0.0010728714929149064,1.110614868850766
2,UPFC_Vsh,5-15,1.112716678655468,2,MAP_SCADA,18,0.0021018098047020928,1.110614868850766
2,UPFC_Vsh,5-15,1.111689066956799,2,MAP_PMU,18,0.0010741981060329309,1.110614868850766
5,UPFC_tse,5-15,-2.1286213274927177,2,WLS,18,0.003219602761377338,-2.1254017247313404
5,UPFC_tse,5-15,-2.1230999990028,2,MAP_SCADA,18,0.0023017257285404824,-2.1254017247313404
5,UPFC_tse,5-15,-2.1285986955052967,2,MAP_PMU,18,0.003196970773956309,-2.1254017247313404
3,UPFC_tsh,5-15,-0.2366727894394745,2,WLS,18,3.429915097960534e-05,-0.2367070885904541
3,UPFC_tsh,5-15,-0.2371799133413688,2,MAP_SCADA,18,0.00047282475091467435,-0.2367070885904541
3,UPFC_tsh,5-15,-0.2366723796767091,2,MAP_PMU,18,3.47089137450185e-05,-0.2367070885904541
0,x_tcsc,1-14,-0.1076941357271699,3,WLS,18,2.3981281518800635e-05,-0.1077181170086887
0,x_tcsc,1-14,-0.1081144615164635,3,MAP_SCADA,18,0.00039634450777480124,-0.1077181170086887
0,x_tcsc,1-14,-0.1076862884188103,3,MAP_PMU,18,3.182858987840764e-05,-0.1077181170086887
1,B_svc,2,0.1764549163642074,3,WLS,18,0.0002646948641163993,0.176190221500091
1,B_svc,2,0.1654977181222396,3,MAP_SCADA,18,0.010692503377851409,0.176190221500091
1,B_svc,2,0.1764320865587634,3,MAP_PMU,18,0.00024186505867240804,0.176190221500091
4,UPFC_Vse,5-15,0.0578898496358777,3,WLS,18,0.001055322620485001,0.0568345270153927
4,UPFC_Vse,5-15,0.0576055159860732,3,MAP_SCADA,18,0.0007709889706805015,0.0568345270153927
4,UPFC_Vse,5-15,0.0578811466138145,3,MAP_PMU,18,0.0010466195984218038,0.0568345270153927
2,UPFC_Vsh,5-15,1.1123763593407283,3,WLS,18,0.0017614904899623252,1.110614868850766
2,UPFC_Vsh,5-15,1.115389257090103,3,MAP_SCADA,18,0.0047743882393369574,1.110614868850766
2,UPFC_Vsh,5-15,1.112381400055456,3,MAP_PMU,18,0.0017665312046899473,1.110614868850766
5,UPFC_tse,5-15,-2.131909571464854,3,WLS,18,0.006507846733513567,-2.1254017247313404
5,UPFC_tse,5-15,-2.1228174010783643,3,MAP_SCADA,18,0.002584323652976117,-2.1254017247313404
5,UPFC_tse,5-15,-2.1319382503816247,3,MAP_PMU,18,0.006536525650284286,-2.1254017247313404
3,UPFC_tsh,5-15,-0.2366980629006209,3,WLS,18,9.025689833214168e-06,-0.2367070885904541
3,UPFC_tsh,5-15,-0.2355480509882025,3,MAP_SCADA,18,0.0011590376022516113,-0.2367070885904541
3,UPFC_tsh,5-15,-0.2366971629819295,3,MAP_PMU,18,9.92560852461355e-06,-0.2367070885904541
0,x_tcsc,1-14,-0.1077055967663432,4,WLS,18,1.2520242345506749e-05,-0.1077181170086887
0,x_tcsc,1-14,-0.10634473140501,4,MAP_SCADA,18,0.001373385603678709,-0.1077181170086887
0,x_tcsc,1-14,-0.1077123915385822,4,MAP_PMU,18,5.725470106507369e-06,-0.1077181170086887
1,B_svc,2,0.1765706639549443,4,WLS,18,0.0003804424548533025,0.176190221500091
1,B_svc,2,0.1755735078302422,4,MAP_SCADA,18,0.0006167136698488063,0.176190221500091
1,B_svc,2,0.176580716584945,4,MAP_PMU,18,0.0003904950848540034,0.176190221500091
4,UPFC_Vse,5-15,0.0579480738660845,4,WLS,18,0.0011135468506918017,0.0568345270153927
4,UPFC_Vse,5-15,0.0584639012235131,4,MAP_SCADA,18,0.0016293742081204057,0.0568345270153927
4,UPFC_Vse,5-15,0.0579477504685329,4,MAP_PMU,18,0.0011132234531402024,0.0568345270153927
2,UPFC_Vsh,5-15,1.112014215231522,4,WLS,18,0.0013993463807560058,1.110614868850766
2,UPFC_Vsh,5-15,1.111199722143873,4,MAP_SCADA,18,0.0005848532931069794,1.110614868850766
2,UPFC_Vsh,5-15,1.1120135315641624,4,MAP_PMU,18,0.0013986627133963925,1.110614868850766
5,UPFC_tse,5-15,-2.128308870129327,4,WLS,18,0.0029071453979865325,-2.1254017247313404
5,UPFC_tse,5-15,-2.125218158257117,4,MAP_SCADA,18,0.00018356647422335115,-2.1254017247313404
5,UPFC_tse,5-15,-2.12827104879452,4,MAP_PMU,18,0.0028693240631794126,-2.1254017247313404
3,UPFC_tsh,5-15,-0.23668149693883,4,WLS,18,2.559165162410726e-05,-0.2367070885904541
3,UPFC_tsh,5-15,-0.2382009340591349,4,MAP_SCADA,18,0.0014938454686807823,-0.2367070885904541
3,UPFC_tsh,5-15,-0.2366813743565795,4,MAP_PMU,18,2.5714233874624126e-05,-0.2367070885904541
0,x_tcsc,1-14,-0.1076928515404772,5,WLS,18,2.526546821150777e-05,-0.1077181170086887
0,x_tcsc,1-14,-0.1079082994169492,5,MAP_SCADA,18,0.00019018240826049193,-0.1077181170086887
0,x_tcsc,1-14,-0.1076901138110957,5,MAP_PMU,18,2.8003197593010065e-05,-0.1077181170086887
1,B_svc,2,0.176461803035675,5,WLS,18,0.0002715815355839868,0.176190221500091
1,B_svc,2,0.1685733813608642,5,MAP_SCADA,18,0.00761684013922681,0.176190221500091
1,B_svc,2,0.1764549448790189,5,MAP_PMU,18,0.00026472337892788356,0.176190221500091
4,UPFC_Vse,5-15,0.0575097698247695,5,WLS,18,0.0006752428093768012,0.0568345270153927
4,UPFC_Vse,5-15,0.0575864519264921,5,MAP_SCADA,18,0.0007519249110994053,0.0568345270153927
4,UPFC_Vse,5-15,0.0575070252838129,5,MAP_PMU,18,0.0006724982684202033,0.0568345270153927
2,UPFC_Vsh,5-15,1.1118014290990943,5,WLS,18,0.0011865602483283055,1.110614868850766
2,UPFC_Vsh,5-15,1.1124061159697878,5,MAP_SCADA,18,0.0017912471190217882,1.110614868850766
2,UPFC_Vsh,5-15,1.1118049067996598,5,MAP_PMU,18,0.0011900379488938295,1.110614868850766
5,UPFC_tse,5-15,-2.129999953259232,5,WLS,18,0.004598228527891823,-2.1254017247313404
5,UPFC_tse,5-15,-2.123550517995745,5,MAP_SCADA,18,0.0018512067355955786,-2.1254017247313404
5,UPFC_tse,5-15,-2.129986515016598,5,MAP_PMU,18,0.004584790285257601,-2.1254017247313404
3,UPFC_tsh,5-15,-0.2366951483137317,5,WLS,18,1.1940276722410825e-05,-0.2367070885904541
3,UPFC_tsh,5-15,-0.2369410129883002,5,MAP_SCADA,18,0.00023392439784608587,-0.2367070885904541
3,UPFC_tsh,5-15,-0.2366945895586483,5,MAP_PMU,18,1.2499031805807137e-05,-0.2367070885904541
0,x_tcsc,1-14,-0.1077016134337721,6,WLS,18,1.6503574916601482e-05,-0.1077181170086887
0,x_tcsc,1-14,-0.1045107019372545,6,MAP_SCADA,18,0.003207415071434211,-0.1077181170086887
0,x_tcsc,1-14,-0.107740416153601,6,MAP_PMU,18,2.22991449122939e-05,-0.1077181170086887
1,B_svc,2,0.1763965387960307,6,WLS,18,0.00020631729593970083,0.176190221500091
1,B_svc,2,0.1767290105409961,6,MAP_SCADA,18,0.0005387890409050966,0.176190221500091
1,B_svc,2,0.1764130767654479,6,MAP_PMU,18,0.00022285526535689715,0.176190221500091
4,UPFC_Vse,5-15,0.057490981798125,6,WLS,18,0.0006564547827323033,0.0568345270153927
4,UPFC_Vse,5-15,0.0576260792132012,6,MAP_SCADA,18,0.0007915521978085066,0.0568345270153927
4,UPFC_Vse,5-15,0.0574878194466016,6,MAP_PMU,18,0.0006532924312089017,0.0568345270153927
2,UPFC_Vsh,5-15,1.112018122281999,6,WLS,18,0.0014032534312329314,1.110614868850766
2,UPFC_Vsh,5-15,1.1135006915001406,6,MAP_SCADA,18,0.0028858226493746475,1.110614868850766
2,UPFC_Vsh,5-15,1.1120105027348397,6,MAP_PMU,18,0.0013956338840737104,1.110614868850766
5,UPFC_tse,5-15,-2.131560917786224,6,WLS,18,0.006159193054883438,-2.1254017247313404
5,UPFC_tse,5-15,-2.124829114767701,6,MAP_SCADA,18,0.0005726099636391702,-2.1254017247313404
5,UPFC_tse,5-15,-2.131543834983404,6,MAP_PMU,18,0.006142110252063571,-2.1254017247313404
3,UPFC_tsh,5-15,-0.2366295369159792,6,WLS,18,7.755167447490163e-05,-0.2367070885904541
3,UPFC_tsh,5-15,-0.2383235367792493,6,MAP_SCADA,18,0.0016164481887951943,-0.2367070885904541
3,UPFC_tsh,5-15,-0.2366294452213833,6,MAP_PMU,18,7.764336907081781e-05,-0.2367070885904541
0,x_tcsc,1-14,-0.1076931479376932,7,WLS,18,2.496907099550083e-05,-0.1077181170086887
0,x_tcsc,1-14,-0.1045988244161524,7,MAP_SCADA,18,0.0031192925925363074,-0.1077181170086887
0,x_tcsc,1-14,-0.1077613808727796,7,MAP_PMU,18,4.3263864090897775e-05,-0.1077181170086887
1,B_svc,2,0.1761956741106502,7,WLS,18,5.45261055920343e-06,0.176190221500091
1,B_svc,2,0.1712470443244542,7,MAP_SCADA,18,0.004943177175636804,0.176190221500091
1,B_svc,2,0.1762055945380618,7,MAP_PMU,18,1.5373037970806136e-05,0.176190221500091
4,UPFC_Vse,5-15,0.058044010291715,7,WLS,18,0.0012094832763223026,0.0568345270153927
4,UPFC_Vse,5-15,0.0583206289255564,7,MAP_SCADA,18,0.001486101910163705,0.0568345270153927
4,UPFC_Vse,5-15,0.0580407556625644,7,MAP_PMU,18,0.0012062286471717018,0.0568345270153927
2,UPFC_Vsh,5-15,1.111960323608232,7,WLS,18,0.001345454757466058,1.110614868850766
2,UPFC_Vsh,5-15,1.1143225166077113,7,MAP_SCADA,18,0.0037076477569453203,1.110614868850766
2,UPFC_Vsh,5-15,1.111955632109049,7,MAP_PMU,18,0.0013407632582829176,1.110614868850766
5,UPFC_tse,5-15,-2.1312584966191586,7,WLS,18,0.005856771887818191,-2.1254017247313404
5,UPFC_tse,5-15,-2.125530772288669,7,MAP_SCADA,18,0.00012904755732856543,-2.1254017247313404
5,UPFC_tse,5-15,-2.131214193141913,7,MAP_PMU,18,0.005812468410572702,-2.1254017247313404
3,UPFC_tsh,5-15,-0.2366975353620365,7,WLS,18,9.553228417613635e-06,-0.2367070885904541
3,UPFC_tsh,5-15,-0.237676134755732,7,MAP_SCADA,18,0.0009690461652778759,-0.2367070885904541
3,UPFC_tsh,5-15,-0.2366973157274781,7,MAP_PMU,18,9.772862976015206e-06,-0.2367070885904541
0,x_tcsc,1-14,-0.1077056104582683,8,WLS,18,1.2506550420399165e-05,-0.1077181170086887
0,x_tcsc,1-14,-0.1052133161498671,8,MAP_SCADA,18,0.0025048008588215986,-0.1077181170086887
0,x_tcsc,1-14,-0.1077261990837699,8,MAP_PMU,18,8.082075081197737e-06,-0.1077181170086887
1,B_svc,2,0.1759917927219289,8,WLS,18,0.0001984287781620908,0.176190221500091
1,B_svc,2,0.1765255215568726,8,MAP_SCADA,18,0.00033530005678159003,0.176190221500091
1,B_svc,2,0.1760147216325039,8,MAP_PMU,18,0.0001754998675871089,0.176190221500091
4,UPFC_Vse,5-15,0.0574078365858475,8,WLS,18,0.0005733095704548025,0.0568345270153927
4,UPFC_Vse,5-15,0.0575742942186923,8,MAP_SCADA,18,0.0007397672032996017,0.0568345270153927
4,UPFC_Vse,5-15,0.0574084730022801,8,MAP_PMU,18,0.0005739459868874044,0.0568345270153927
2,UPFC_Vsh,5-15,1.1115906107379965,8,WLS,18,0.0009757418872304857,1.110614868850766
2,UPFC_Vsh,5-15,1.1094174165188055,8,MAP_SCADA,18,0.0011974523319604469,1.110614868850766
2,UPFC_Vsh,5-15,1.111584089653034,8,MAP_PMU,18,0.0009692208022680227,1.110614868850766
5,UPFC_tse,5-15,-2.1304987570542395,8,WLS,18,0.005097032322899153,-2.1254017247313404
5,UPFC_tse,5-15,-2.128784796891451,8,MAP_SCADA,18,0.0033830721601106895,-2.1254017247313404
5,UPFC_tse,5-15,-2.13048651240397,8,MAP_PMU,18,0.005084787672629432,-2.1254017247313404
3,UPFC_tsh,5-15,-0.2366802732399597,8,WLS,18,2.6815350494424628e-05,-0.2367070885904541
3,UPFC_tsh,5-15,-0.2394379408323106,8,MAP_SCADA,18,0.002730852241856485,-0.2367070885904541
3,UPFC_tsh,5-15,-0.2366806634194989,8,MAP_PMU,18,2.642517095521879e-05,-0.2367070885904541
0,x_tcsc,1-14,-0.107693000940595,9,WLS,18,2.5116068093702926e-05,-0.1077181170086887
0,x_tcsc,1-14,-0.1058694583135297,9,MAP_SCADA,18,0.0018486586951590028,-0.1077181170086887
0,x_tcsc,1-14,-0.1077066684594688,9,MAP_PMU,18,1.1448549219902904e-05,-0.1077181170086887
1,B_svc,2,0.1763792533743285,9,WLS,18,0.00018903187423749412,0.176190221500091
1,B_svc,2,0.1745204610707672,9,MAP_SCADA,18,0.001669760429323791,0.176190221500091
1,B_svc,2,0.1764008228439418,9,MAP_PMU,18,0.00021060134385078588,0.176190221500091
4,UPFC_Vse,5-15,0.0577132488931134,9,WLS,18,0.0008787218777207007,0.0568345270153927
4,UPFC_Vse,5-15,0.0578097762594768,9,MAP_SCADA,18,0.0009752492440841046,0.0568345270153927
4,UPFC_Vse,5-15,0.0577140748486933,9,MAP_PMU,18,0.0008795478333006035,0.0568345270153927
2,UPFC_Vsh,5-15,1.11210315311005,9,WLS,18,0.001488284259284045,1.110614868850766
2,UPFC_Vsh,5-15,1.110964173874104,9,MAP_SCADA,18,0.00034930502333807567,1.110614868850766
2,UPFC_Vsh,5-15,1.1120989511960913,9,MAP_PMU,18,0.001484082345325266,1.110614868850766
5,UPFC_tse,5-15,-2.1273679919960498,9,WLS,18,0.001966267264709387,-2.1254017247313404
5,UPFC_tse,5-15,-2.124621495031673,9,MAP_SCADA,18,0.0007802296996675118,-2.1254017247313404
5,UPFC_tse,5-15,-2.127356616192338,9,MAP_PMU,18,0.0019548914609974766,-2.1254017247313404
3,UPFC_tsh,5-15,-0.2366581534328389,9,WLS,18,4.893515761519862e-05,-0.2367070885904541
3,UPFC_tsh,5-15,-0.2387539604104957,9,MAP_SCADA,18,0.002046871820041596,-0.2367070885904541
3,UPFC_tsh,5-15,-0.2366583407381544,9,MAP_PMU,18,4.8747852299718675e-05,-0.2367070885904541
0,x_tcsc,1-14,-0.1074444726653768,0,WLS,19,3.580188748000812e-05,-0.1074802745528568
0,x_tcsc,1-14,-0.1070284412461947,0,MAP_SCADA,19,0.0004518333066620972,-0.1074802745528568
0,x_tcsc,1-14,-0.1074468517667473,0,MAP_PMU,19,3.342278610950211e-05,-0.1074802745528568
1,B_svc,2,0.1758950223930587,0,WLS,19,5.410556812709966e-05,0.1759491279611858
1,B_svc,2,0.172506831699301,0,MAP_SCADA,19,0.003442296261884803,0.1759491279611858
1,B_svc,2,0.1758973806387599,0,MAP_PMU,19,5.174732242591018e-05,0.1759491279611858
4,UPFC_Vse,5-15,0.0576481332694935,0,WLS,19,0.0013487527279978026,0.0562993805414957
4,UPFC_Vse,5-15,0.0580114974818672,0,MAP_SCADA,19,0.0017121169403715025,0.0562993805414957
4,UPFC_Vse,5-15,0.0576473470499118,0,MAP_PMU,19,0.0013479665084161,0.0562993805414957
2,UPFC_Vsh,5-15,1.1118101827354343,0,WLS,19,0.0009073224521651824,1.1109028602832691
2,UPFC_Vsh,5-15,1.1102086318187063,0,MAP_SCADA,19,0.0006942284645627961,1.1109028602832691
2,UPFC_Vsh,5-15,1.1118121034976325,0,MAP_PMU,19,0.0009092432143633644,1.1109028602832691
5,UPFC_tse,5-15,-2.1306825166178607,0,WLS,19,0.008583300103000013,-2.1220992165148607
5,UPFC_tse,5-15,-2.125013314471087,0,MAP_SCADA,19,0.0029140979562263247,-2.1220992165148607
5,UPFC_tse,5-15,-2.130642045337287,0,MAP_PMU,19,0.008542828822426518,-2.1220992165148607
3,UPFC_tsh,5-15,-0.2370871740011448,0,WLS,19,3.6965036531222406e-05,-0.237124139037676
3,UPFC_tsh,5-15,-0.2377466939834934,0,MAP_SCADA,19,0.000622554945817394,-0.237124139037676
3,UPFC_tsh,5-15,-0.2370870143702391,0,MAP_PMU,19,3.7124667436910785e-05,-0.237124139037676
0,x_tcsc,1-14,-0.107474265583184,1,WLS,19,6.008969672802178e-06,-0.1074802745528568
0,x_tcsc,1-14,-0.1067255256403177,1,MAP_SCADA,19,0.0007547489125390994,-0.1074802745528568
0,x_tcsc,1-14,-0.1074829464992243,1,MAP_PMU,19,2.671946367494016e-06,-0.1074802745528568
1,B_svc,2,0.1761952643676926,1,WLS,19,0.0002461364065067806,0.1759491279611858
1,B_svc,2,0.1699620932372151,1,MAP_SCADA,19,0.005987034723970719,0.1759491279611858
1,B_svc,2,0.1761985184326194,1,MAP_PMU,19,0.0002493904714336026,0.1759491279611858
4,UPFC_Vse,5-15,0.0579371227244316,1,WLS,19,0.0016377421829359001,0.0562993805414957
4,UPFC_Vse,5-15,0.0581152203758432,1,MAP_SCADA,19,0.0018158398343475005,0.0562993805414957
4,UPFC_Vse,5-15,0.057934714205935,1,MAP_PMU,19,0.0016353336644393049,0.0562993805414957
2,UPFC_Vsh,5-15,1.111654373615162,1,WLS,19,0.000751513331892939,1.1109028602832691
2,UPFC_Vsh,5-15,1.1123615374976672,1,MAP_SCADA,19,0.0014586772143980742,1.1109028602832691
2,UPFC_Vsh,5-15,1.1116568831289515,1,MAP_PMU,19,0.0007540228456823783,1.1109028602832691
5,UPFC_tse,5-15,-2.127344995325924,1,WLS,19,0.00524577881106314,-2.1220992165148607
5,UPFC_tse,5-15,-2.1211163238376645,1,MAP_SCADA,19,0.000982892677196201,-2.1220992165148607
5,UPFC_tse,5-15,-2.1273228790204657,1,MAP_PMU,19,0.00522366250560502,-2.1220992165148607
3,UPFC_tsh,5-15,-0.2371099063498326,1,WLS,19,1.4232687843424019e-05,-0.237124139037676
3,UPFC_tsh,5-15,-0.2369684384345173,1,MAP_SCADA,19,0.00015570060315872603,-0.237124139037676
3,UPFC_tsh,5-15,-0.2371094292684656,1,MAP_PMU,19,1.4709769210419221e-05,-0.237124139037676
0,x_tcsc,1-14,-0.1074607828134662,2,WLS,19,1.9491739390600782e-05,-0.1074802745528568
0,x_tcsc,1-14,-0.1070769698284908,2,MAP_SCADA,19,0.00040330472436600484,-0.1074802745528568
0,x_tcsc,1-14,-0.1074627912839347,2,MAP_PMU,19,1.74832689221055e-05,-0.1074802745528568
1,B_svc,2,0.1762022689853787,2,WLS,19,0.0002531410241928822,0.1759491279611858
1,B_svc,2,0.1721999161702743,2,MAP_SCADA,19,0.0037492117909115052,0.1759491279611858
1,B_svc,2,0.1762015725115202,2,MAP_PMU,19,0.00025244455033437974,0.1759491279611858
4,UPFC_Vse,5-15,0.0572753041208556,2,WLS,19,0.0009759235793599039,0.0562993805414957
4,UPFC_Vse,5-15,0.0575735246487923,2,MAP_SCADA,19,0.0012741441072966,0.0562993805414957
4,UPFC_Vse,5-15,0.0572730683792312,2,MAP_PMU,19,0.0009736878377354999,0.0562993805414957
2,UPFC_Vsh,5-15,1.1117136158115284,2,WLS,19,0.000810755528259266,1.1109028602832691
2,UPFC_Vsh,5-15,1.112716678655468,2,MAP_SCADA,19,0.001813818372198961,1.1109028602832691
2,UPFC_Vsh,5-15,1.1117159022803864,2,MAP_PMU,19,0.000813041997117292,1.1109028602832691
5,UPFC_tse,5-15,-2.1286520179073896,2,WLS,19,0.006552801392528895,-2.1220992165148607
5,UPFC_tse,5-15,-2.1230999990028,2,MAP_SCADA,19,0.0010007824879392224,-2.1220992165148607
5,UPFC_tse,5-15,-2.1286159716546784,2,MAP_PMU,19,0.006516755139817754,-2.1220992165148607
3,UPFC_tsh,5-15,-0.2371045586679192,2,WLS,19,1.9580369756799776e-05,-0.237124139037676
3,UPFC_tsh,5-15,-0.2371799133413688,2,MAP_SCADA,19,5.577430369277381e-05,-0.237124139037676
3,UPFC_tsh,5-15,-0.237104110015874,2,MAP_PMU,19,2.0029021802009384e-05,-0.237124139037676
0,x_tcsc,1-14,-0.1074590507881835,3,WLS,19,2.1223764673297674e-05,-0.1074802745528568
0,x_tcsc,1-14,-0.1081144615164635,3,MAP_SCADA,19,0.0006341869636067032,-0.1074802745528568
0,x_tcsc,1-14,-0.107448301621948,3,MAP_PMU,19,3.19729309087996e-05,-0.1074802745528568
1,B_svc,2,0.1761967827459666,3,WLS,19,0.00024765478478078196,0.1759491279611858
1,B_svc,2,0.1654977181222396,3,MAP_SCADA,19,0.010451409838946213,0.1759491279611858
1,B_svc,2,0.1761726985911782,3,MAP_PMU,19,0.00022357062999239785,0.1759491279611858
4,UPFC_Vse,5-15,0.057729162765355,3,WLS,19,0.0014297822238593036,0.0562993805414957
4,UPFC_Vse,5-15,0.0576055159860732,3,MAP_SCADA,19,0.0013061354445774997,0.0562993805414957
4,UPFC_Vse,5-15,0.0577211682864077,3,MAP_PMU,19,0.0014217877449120009,0.0562993805414957
2,UPFC_Vsh,5-15,1.1124025952977508,3,WLS,19,0.0014997350144816401,1.1109028602832691
2,UPFC_Vsh,5-15,1.115389257090103,3,MAP_SCADA,19,0.004486396806833826,1.1109028602832691
2,UPFC_Vsh,5-15,1.11240809914944,3,MAP_PMU,19,0.0015052388661709326,1.1109028602832691
5,UPFC_tse,5-15,-2.131952286961561,3,WLS,19,0.00985307044670014,-2.1220992165148607
5,UPFC_tse,5-15,-2.1228174010783643,3,MAP_SCADA,19,0.0007181845635035877,-2.1220992165148607
5,UPFC_tse,5-15,-2.131955065344207,3,MAP_PMU,19,0.009855848829346314,-2.1220992165148607
3,UPFC_tsh,5-15,-0.2371298699078552,3,WLS,19,5.730870179188052e-06,-0.237124139037676
3,UPFC_tsh,5-15,-0.2355480509882025,3,MAP_SCADA,19,0.0015760880494735119,-0.237124139037676
3,UPFC_tsh,5-15,-0.2371289246641202,3,MAP_PMU,19,4.785626444181457e-06,-0.237124139037676
0,x_tcsc,1-14,-0.107470392247386,4,WLS,19,9.882305470804154e-06,-0.1074802745528568
0,x_tcsc,1-14,-0.10634473140501,4,MAP_SCADA,19,0.001135543147846807,-0.1074802745528568
0,x_tcsc,1-14,-0.1074746614792534,4,MAP_PMU,19,5.613073603402685e-06,-0.1074802745528568
1,B_svc,2,0.1763120449105529,4,WLS,19,0.0003629169493671036,0.1759491279611858
1,B_svc,2,0.1755735078302422,4,MAP_SCADA,19,0.00037562013094361024,0.1759491279611858
1,B_svc,2,0.1763186678864603,4,MAP_PMU,19,0.00036953992527449797,0.1759491279611858
4,UPFC_Vse,5-15,0.0577878419227704,4,WLS,19,0.0014884613812747027,0.0562993805414957
4,UPFC_Vse,5-15,0.0584639012235131,4,MAP_SCADA,19,0.002164520682017404,0.0562993805414957
4,UPFC_Vse,5-15,0.0577874950219579,4,MAP_PMU,19,0.0014881144804622035,0.0562993805414957
2,UPFC_Vsh,5-15,1.1120398402273168,4,WLS,19,0.0011369799440477113,1.1109028602832691
2,UPFC_Vsh,5-15,1.111199722143873,4,MAP_SCADA,19,0.00029686186060384756,1.1109028602832691
2,UPFC_Vsh,5-15,1.1120406311554265,4,MAP_PMU,19,0.0011377708721573843,1.1109028602832691
5,UPFC_tse,5-15,-2.128347930521153,4,WLS,19,0.006248714006292122,-2.1220992165148607
5,UPFC_tse,5-15,-2.125218158257117,4,MAP_SCADA,19,0.0031189417422563537,-2.1220992165148607
5,UPFC_tse,5-15,-2.12830367219242,4,MAP_PMU,19,0.0062044556775591175,-2.1220992165148607
3,UPFC_tsh,5-15,-0.2371133119967105,4,WLS,19,1.0827040965499801e-05,-0.237124139037676
3,UPFC_tsh,5-15,-0.2382009340591349,4,MAP_SCADA,19,0.0010767950214588817,-0.237124139037676
3,UPFC_tsh,5-15,-0.2371131539994601,4,MAP_PMU,19,1.0985038215921561e-05,-0.237124139037676
0,x_tcsc,1-14,-0.1074576639226241,5,WLS,19,2.2610630232705597e-05,-0.1074802745528568
0,x_tcsc,1-14,-0.1079082994169492,5,MAP_SCADA,19,0.00042802486409239393,-0.1074802745528568
0,x_tcsc,1-14,-0.1074528012148463,5,MAP_PMU,19,2.7473338010508552e-05,-0.1074802745528568
1,B_svc,2,0.1762032732869588,5,WLS,19,0.0002541453257730031,0.1759491279611858
1,B_svc,2,0.1685733813608642,5,MAP_SCADA,19,0.007375746600321614,0.1759491279611858
1,B_svc,2,0.1761946176950503,5,MAP_PMU,19,0.0002454897338644846,0.1759491279611858
4,UPFC_Vse,5-15,0.0573493243748082,5,WLS,19,0.0010499438333125,0.0562993805414957
4,UPFC_Vse,5-15,0.0575864519264921,5,MAP_SCADA,19,0.0012870713849964036,0.0562993805414957
4,UPFC_Vse,5-15,0.0573466472855768,5,MAP_PMU,19,0.0010472667440811004,0.0562993805414957
2,UPFC_Vsh,5-15,1.1118275414588383,5,WLS,19,0.0009246811755692086,1.1109028602832691
2,UPFC_Vsh,5-15,1.1124061159697878,5,MAP_SCADA,19,0.0015032556865186564,1.1109028602832691
2,UPFC_Vsh,5-15,1.11183181789955,5,MAP_PMU,19,0.0009289576162809787,1.1109028602832691
5,UPFC_tse,5-15,-2.130033886283384,5,WLS,19,0.007934669768523417,-2.1220992165148607
5,UPFC_tse,5-15,-2.123550517995745,5,MAP_SCADA,19,0.0014513014808841262,-2.1220992165148607
5,UPFC_tse,5-15,-2.1300048892993635,5,MAP_PMU,19,0.007905672784502826,-2.1220992165148607
3,UPFC_tsh,5-15,-0.2371270783111206,5,WLS,19,2.939273444579893e-06,-0.237124139037676
3,UPFC_tsh,5-15,-0.2369410129883002,5,MAP_SCADA,19,0.00018312604937581467,-0.237124139037676
3,UPFC_tsh,5-15,-0.2371264941010781,5,MAP_PMU,19,2.3550634020985672e-06,-0.237124139037676
0,x_tcsc,1-14,-0.107466468167673,6,WLS,19,1.3806385183806613e-05,-0.1074802745528568
0,x_tcsc,1-14,-0.1045107019372545,6,MAP_SCADA,19,0.002969572615602309,-0.1074802745528568
0,x_tcsc,1-14,-0.1074988097781268,6,MAP_PMU,19,1.853522526999718e-05,-0.1074802745528568
1,B_svc,2,0.1761383079003524,6,WLS,19,0.00018917993916658937,0.1759491279611858
1,B_svc,2,0.1767290105409961,6,MAP_SCADA,19,0.0007798825798102926,0.1759491279611858
1,B_svc,2,0.1761505189424744,6,MAP_PMU,19,0.00020139098128860167,0.1759491279611858
4,UPFC_Vse,5-15,0.0573304403036136,6,WLS,19,0.0010310597621179043,0.0562993805414957
4,UPFC_Vse,5-15,0.0576260792132012,6,MAP_SCADA,19,0.0013266986717055049,0.0562993805414957
4,UPFC_Vse,5-15,0.0573273426172458,6,MAP_PMU,19,0.001027962075750101,0.0562993805414957
2,UPFC_Vsh,5-15,1.1120440054603842,6,WLS,19,0.001141145177115055,1.1109028602832691
2,UPFC_Vsh,5-15,1.1135006915001406,6,MAP_SCADA,19,0.0025978312168715156,1.1109028602832691
2,UPFC_Vsh,5-15,1.1120386037230794,6,MAP_PMU,19,0.0011357434398102662,1.1109028602832691
5,UPFC_tse,5-15,-2.1316017875178925,6,WLS,19,0.009502571003031868,-2.1220992165148607
5,UPFC_tse,5-15,-2.124829114767701,6,MAP_SCADA,19,0.0027298982528405347,-2.1220992165148607
5,UPFC_tse,5-15,-2.1315632193210696,6,MAP_PMU,19,0.00946400280620896,-2.1220992165148607
3,UPFC_tsh,5-15,-0.2370612737331415,6,WLS,19,6.286530453450401e-05,-0.237124139037676
3,UPFC_tsh,5-15,-0.2383235367792493,6,MAP_SCADA,19,0.0011993977415732937,-0.237124139037676
3,UPFC_tsh,5-15,-0.2370611186947698,6,MAP_PMU,19,6.30203429062004e-05,-0.237124139037676
0,x_tcsc,1-14,-0.1074579485685482,7,WLS,19,2.2325984308596558e-05,-0.1074802745528568
0,x_tcsc,1-14,-0.1045988244161524,7,MAP_SCADA,19,0.0028814501367044054,-0.1074802745528568
0,x_tcsc,1-14,-0.1075173605452228,7,MAP_PMU,19,3.7085992366001075e-05,-0.1074802745528568
1,B_svc,2,0.1759372491617954,7,WLS,19,1.1878799390407924e-05,0.1759491279611858
1,B_svc,2,0.1712470443244542,7,MAP_SCADA,19,0.004702083636731608,0.1759491279611858
1,B_svc,2,0.1759425519281786,7,MAP_PMU,19,6.576033007216209e-06,0.1759491279611858
4,UPFC_Vse,5-15,0.0578835506130105,7,WLS,19,0.0015841700715148038,0.0562993805414957
4,UPFC_Vse,5-15,0.0583206289255564,7,MAP_SCADA,19,0.002021248384060703,0.0562993805414957
4,UPFC_Vse,5-15,0.0578801955740796,7,MAP_PMU,19,0.0015808150325839002,0.0562993805414957
2,UPFC_Vsh,5-15,1.111986380545765,7,WLS,19,0.0010835202624959184,1.1109028602832691
2,UPFC_Vsh,5-15,1.1143225166077113,7,MAP_SCADA,19,0.0034196563244421885,1.1109028602832691
2,UPFC_Vsh,5-15,1.11198424620089,7,MAP_PMU,19,0.0010813859176208585,1.1109028602832691
5,UPFC_tse,5-15,-2.131303140051721,7,WLS,19,0.00920392353686017,-2.1220992165148607
5,UPFC_tse,5-15,-2.125530772288669,7,MAP_SCADA,19,0.0034315557738082703,-2.1220992165148607
5,UPFC_tse,5-15,-2.1312437606513304,7,MAP_PMU,19,0.009144544136469701,-2.1220992165148607
3,UPFC_tsh,5-15,-0.2371293852739207,7,WLS,19,5.246236244677016e-06,-0.237124139037676
3,UPFC_tsh,5-15,-0.237676134755732,7,MAP_SCADA,19,0.0005519957180559754,-0.237124139037676
3,UPFC_tsh,5-15,-0.237129045150628,7,MAP_PMU,19,4.906112951980068e-06,-0.237124139037676
0,x_tcsc,1-14,-0.1074703843997375,8,WLS,19,9.89015311930741e-06,-0.1074802745528568
0,x_tcsc,1-14,-0.1052133161498671,8,MAP_SCADA,19,0.0022669584029896966,-0.1074802745528568
0,x_tcsc,1-14,-0.1074863174324324,8,MAP_PMU,19,6.042879575590687e-06,-0.1074802745528568
1,B_svc,2,0.1757339227738229,8,WLS,19,0.00021520518736289906,0.1759491279611858
1,B_svc,2,0.1765255215568726,8,MAP_SCADA,19,0.000576393595686786,0.1759491279611858
1,B_svc,2,0.1757516609400272,8,MAP_PMU,19,0.00019746702115860937,0.1759491279611858
4,UPFC_Vse,5-15,0.0572472499850231,8,WLS,19,0.0009478694435273993,0.0562993805414957
4,UPFC_Vse,5-15,0.0575742942186923,8,MAP_SCADA,19,0.0012749136771966,0.0562993805414957
4,UPFC_Vse,5-15,0.0572476633830762,8,MAP_PMU,19,0.0009482828415805014,0.0562993805414957
2,UPFC_Vsh,5-15,1.1116166970928394,8,WLS,19,0.0007138368095702674,1.1109028602832691
2,UPFC_Vsh,5-15,1.1094174165188055,8,MAP_SCADA,19,0.0014854437644635787,1.1109028602832691
2,UPFC_Vsh,5-15,1.111612037993711,8,MAP_PMU,19,0.0007091777104419883,1.1109028602832691
5,UPFC_tse,5-15,-2.1305322720785456,8,WLS,19,0.0084330555636849,-2.1220992165148607
5,UPFC_tse,5-15,-2.128784796891451,8,MAP_SCADA,19,0.006685580376590394,-2.1220992165148607
5,UPFC_tse,5-15,-2.130510901632489,8,MAP_PMU,19,0.008411685117628132,-2.1220992165148607
3,UPFC_tsh,5-15,-0.2371120167719217,8,WLS,19,1.2122265754310746e-05,-0.237124139037676
3,UPFC_tsh,5-15,-0.2394379408323106,8,MAP_SCADA,19,0.0023138017946345846,-0.237124139037676
3,UPFC_tsh,5-15,-0.2371123792156712,8,MAP_PMU,19,1.1759822004825393e-05,-0.237124139037676
0,x_tcsc,1-14,-0.1074578730943648,9,WLS,19,2.2401458491999593e-05,-0.1074802745528568
0,x_tcsc,1-14,-0.1058694583135297,9,MAP_SCADA,19,0.0016108162393271008,-0.1074802745528568
0,x_tcsc,1-14,-0.1074678622474908,9,MAP_PMU,19,1.2412305365999687e-05,-0.1074802745528568
1,B_svc,2,0.1761212937427676,9,WLS,19,0.00017216578158180118,0.1759491279611858
1,B_svc,2,0.1745204610707672,9,MAP_SCADA,19,0.001428666890418595,0.1759491279611858
1,B_svc,2,0.1761381007360392,9,MAP_PMU,19,0.00018897277485338537,0.1759491279611858
4,UPFC_Vse,5-15,0.0575528496655181,9,WLS,19,0.0012534691240224036,0.0562993805414957
4,UPFC_Vse,5-15,0.0578097762594768,9,MAP_SCADA,19,0.0015103957179811028,0.0562993805414957
4,UPFC_Vse,5-15,0.0575534451681258,9,MAP_PMU,19,0.0012540646266301012,0.0562993805414957
2,UPFC_Vsh,5-15,1.1121290341489485,9,WLS,19,0.0012261738656793586,1.1109028602832691
2,UPFC_Vsh,5-15,1.110964173874104,9,MAP_SCADA,19,6.131359083494381e-05,1.1109028602832691
2,UPFC_Vsh,5-15,1.1121266871496431,9,MAP_PMU,19,0.0012238268663740115,1.1109028602832691
5,UPFC_tse,5-15,-2.1274012079585143,9,WLS,19,0.00530199144365362,-2.1220992165148607
5,UPFC_tse,5-15,-2.124621495031673,9,MAP_SCADA,19,0.002522278516812193,-2.1220992165148607
5,UPFC_tse,5-15,-2.1273802046246177,9,MAP_PMU,19,0.005280988109757079,-2.1220992165148607
3,UPFC_tsh,5-15,-0.2370899019282389,9,WLS,19,3.423710943711855e-05,-0.237124139037676
3,UPFC_tsh,5-15,-0.2387539604104957,9,MAP_SCADA,19,0.0016298213728196953,-0.237124139037676
3,UPFC_tsh,5-15,-0.2370900370842724,9,MAP_PMU,19,3.410195340361466e-05,-0.237124139037676
0,x_tcsc,1-14,-0.107664292297943,0,WLS,20,2.0652564061696133e-05,-0.1076849448620047
0,x_tcsc,1-14,-0.1089444442291636,0,MAP_SCADA,20,0.0012594993671589116,-0.1076849448620047
0,x_tcsc,1-14,-0.1076680641369355,0,MAP_PMU,20,1.6880725069196023e-05,-0.1076849448620047
1,B_svc,2,0.1759633508449695,0,WLS,20,0.00015405699075429768,0.1761174078357238
1,B_svc,2,0.174428196232649,0,MAP_SCADA,20,0.0016892116030748083,0.1761174078357238
1,B_svc,2,0.1759619085081801,0,MAP_PMU,20,0.00015549932754369,0.1761174078357238
4,UPFC_Vse,5-15,0.0562067253652347,0,WLS,20,1.8404671781199755e-05,0.0562251300370159
4,UPFC_Vse,5-15,0.0561860795451701,0,MAP_SCADA,20,3.905049184579901e-05,0.0562251300370159
4,UPFC_Vse,5-15,0.056206024659701,0,MAP_PMU,20,1.9105377314899974e-05,0.0562251300370159
2,UPFC_Vsh,5-15,1.1106765623517891,0,WLS,20,0.0001790529431913157,1.1108556152949804
2,UPFC_Vsh,5-15,1.1090519233992089,0,MAP_SCADA,20,0.0018036918957715642,1.1108556152949804
2,UPFC_Vsh,5-15,1.1106774439919975,0,MAP_PMU,20,0.00017817130298292128,1.1108556152949804
5,UPFC_tse,5-15,-2.1215604456400667,0,WLS,20,0.0007689576816907184,-2.120791487958376
5,UPFC_tse,5-15,-2.1204368032299503,0,MAP_SCADA,20,0.00035468472842570264,-2.120791487958376
5,UPFC_tse,5-15,-2.121559369158766,0,MAP_PMU,20,0.0007678812003901747,-2.120791487958376
3,UPFC_tsh,5-15,-0.2369676823893929,0,WLS,20,2.1807890438901856e-05,-0.2369894902798318
3,UPFC_tsh,5-15,-0.2367785914428654,0,MAP_SCADA,20,0.0002108988369664,-0.2369894902798318
3,UPFC_tsh,5-15,-0.2369675828384937,0,MAP_PMU,20,2.1907441338092637e-05,-0.2369894902798318
0,x_tcsc,1-14,-0.1076938586590729,1,WLS,20,8.91379706820239e-06,-0.1076849448620047
0,x_tcsc,1-14,-0.1086557864376798,1,MAP_SCADA,20,0.0009708415756751049,-0.1076849448620047
0,x_tcsc,1-14,-0.1076906966044727,1,MAP_PMU,20,5.75174246800203e-06,-0.1076849448620047
1,B_svc,2,0.1762654771226916,1,WLS,20,0.0001480692869678113,0.1761174078357238
1,B_svc,2,0.1718083872692184,1,MAP_SCADA,20,0.004309020566505395,0.1761174078357238
1,B_svc,2,0.176261901820337,1,MAP_PMU,20,0.00014449398461319207,0.1761174078357238
4,UPFC_Vse,5-15,0.05653589502464,1,WLS,20,0.00031076498762409865,0.0562251300370159
4,UPFC_Vse,5-15,0.0563413319015134,1,MAP_SCADA,20,0.0001162018644974977,0.0562251300370159
4,UPFC_Vse,5-15,0.0565355749763664,1,MAP_PMU,20,0.00031044493935050016,0.0562251300370159
2,UPFC_Vsh,5-15,1.1105172797583365,1,WLS,20,0.0003383355366439744,1.1108556152949804
2,UPFC_Vsh,5-15,1.1111729212253298,1,MAP_SCADA,20,0.0003173059303493986,1.1108556152949804
2,UPFC_Vsh,5-15,1.1105184535619144,1,MAP_PMU,20,0.00033716173306608255,1.1108556152949804
5,UPFC_tse,5-15,-2.1181721725583254,1,WLS,20,0.00261931540005067,-2.120791487958376
5,UPFC_tse,5-15,-2.1163925574197218,1,MAP_SCADA,20,0.004398930538654255,-2.120791487958376
5,UPFC_tse,5-15,-2.1181740678614247,1,MAP_PMU,20,0.0026174200969513173,-2.120791487958376
3,UPFC_tsh,5-15,-0.236989714155177,1,WLS,20,2.2387534520662555e-07,-0.2369894902798318
3,UPFC_tsh,5-15,-0.2360064392531947,1,MAP_SCADA,20,0.000983051026637094,-0.2369894902798318
3,UPFC_tsh,5-15,-0.2369895888449412,1,MAP_PMU,20,9.856510940764451e-08,-0.2369894902798318
0,x_tcsc,1-14,-0.1076806272846524,2,WLS,20,4.317577352294655e-06,-0.1076849448620047
0,x_tcsc,1-14,-0.1089921741762098,2,MAP_SCADA,20,0.0013072293142050995,-0.1076849448620047
0,x_tcsc,1-14,-0.1076845399542535,2,MAP_PMU,20,4.049077511891763e-07,-0.1076849448620047
1,B_svc,2,0.1762701899557607,2,WLS,20,0.0001527821200368873,0.1761174078357238
1,B_svc,2,0.1740912333696392,2,MAP_SCADA,20,0.002026174466084607,0.1761174078357238
1,B_svc,2,0.1762675934103353,2,MAP_PMU,20,0.0001501855746114944,0.1761174078357238
4,UPFC_Vse,5-15,0.0558637557487651,2,WLS,20,0.0003613742882508028,0.0562251300370159
4,UPFC_Vse,5-15,0.0557782403244673,2,MAP_SCADA,20,0.0004468897125486024,0.0562251300370159
4,UPFC_Vse,5-15,0.0558638834498601,2,MAP_PMU,20,0.0003612465871558057,0.0562251300370159
2,UPFC_Vsh,5-15,1.110583230114105,2,WLS,20,0.00027238518087546737,1.1108556152949804
2,UPFC_Vsh,5-15,1.1115687088844377,2,MAP_SCADA,20,0.0007130935894572588,1.1108556152949804
2,UPFC_Vsh,5-15,1.110582625101295,2,MAP_PMU,20,0.00027299019368554056,1.1108556152949804
5,UPFC_tse,5-15,-2.119647531934658,2,WLS,20,0.0011439560237178625,-2.120791487958376
5,UPFC_tse,5-15,-2.118666830349078,2,MAP_SCADA,20,0.0021246576092979197,-2.120791487958376
5,UPFC_tse,5-15,-2.119646597559112,2,MAP_PMU,20,0.0011448903992641313,-2.120791487958376
3,UPFC_tsh,5-15,-0.2369857073001043,2,WLS,20,3.782979727501301e-06,-0.2369894902798318
3,UPFC_tsh,5-15,-0.2362029600831672,2,MAP_SCADA,20,0.000786530196664581,-0.2369894902798318
3,UPFC_tsh,5-15,-0.2369857121828952,2,MAP_PMU,20,3.778096936607467e-06,-0.2369894902798318
0,x_tcsc,1-14,-0.1076785822542657,3,WLS,20,6.362607738993886e-06,-0.1076849448620047
0,x_tcsc,1-14,-0.1099699090129551,3,MAP_SCADA,20,0.0022849641509504054,-0.1076849448620047
0,x_tcsc,1-14,-0.1076639598581946,3,MAP_PMU,20,2.0985003810092273e-05,-0.1076849448620047
1,B_svc,2,0.1762659469433708,3,WLS,20,0.0001485391076470055,0.1761174078357238
1,B_svc,2,0.1675215368568821,3,MAP_SCADA,20,0.008595870978841708,0.1761174078357238
1,B_svc,2,0.1762489027466634,3,MAP_PMU,20,0.0001314949109396113,0.1761174078357238
4,UPFC_Vse,5-15,0.0562959216052594,3,WLS,20,7.079156824349453e-05,0.0562251300370159
4,UPFC_Vse,5-15,0.0558056429982969,3,MAP_SCADA,20,0.00041948703871900334,0.0562251300370159
4,UPFC_Vse,5-15,0.0562946863840945,3,MAP_PMU,20,6.955634707860037e-05,0.0562251300370159
2,UPFC_Vsh,5-15,1.11124267936766,3,WLS,20,0.0003870640726795216,1.1108556152949804
2,UPFC_Vsh,5-15,1.1142020903269296,3,MAP_SCADA,20,0.003346475031949181,1.1108556152949804
2,UPFC_Vsh,5-15,1.1112424860398291,3,MAP_PMU,20,0.00038687074484866635,1.1108556152949804
5,UPFC_tse,5-15,-2.1229147910801687,3,WLS,20,0.0021233031217926523,-2.120791487958376
5,UPFC_tse,5-15,-2.1182558259789315,3,MAP_SCADA,20,0.002535661979444548,-2.120791487958376
5,UPFC_tse,5-15,-2.122933121833231,3,MAP_PMU,20,0.002141633874854776,-2.120791487958376
3,UPFC_tsh,5-15,-0.2370098496413052,3,WLS,20,2.0359361473404336e-05,-0.2369894902798318
3,UPFC_tsh,5-15,-0.2345995701709153,3,MAP_SCADA,20,0.0023899201089165045,-0.2369894902798318
3,UPFC_tsh,5-15,-0.2370096814926942,3,MAP_PMU,20,2.0191212862397112e-05,-0.2369894902798318
0,x_tcsc,1-14,-0.1076902466575376,4,WLS,20,5.3017955329026645e-06,-0.1076849448620047
0,x_tcsc,1-14,-0.1082864962538895,4,MAP_SCADA,20,0.0006015513918848081,-0.1076849448620047
0,x_tcsc,1-14,-0.1076929609927051,4,MAP_PMU,20,8.016130700408408e-06,-0.1076849448620047
1,B_svc,2,0.1763804965267923,4,WLS,20,0.00026308869106850263,0.1761174078357238
1,B_svc,2,0.1774276333066684,4,MAP_SCADA,20,0.001310225470944587,0.1761174078357238
1,B_svc,2,0.1763797738946297,4,MAP_PMU,20,0.00026236605890589404,0.1761174078357238
4,UPFC_Vse,5-15,0.0563701321537246,4,WLS,20,0.0001450021167086965,0.0562251300370159
4,UPFC_Vse,5-15,0.0566497292789568,4,MAP_SCADA,20,0.0004245992419408956,0.0562251300370159
4,UPFC_Vse,5-15,0.0563701893321136,4,MAP_PMU,20,0.00014505929509769921,0.0562251300370159
2,UPFC_Vsh,5-15,1.1108863780642255,4,WLS,20,3.076276924507404e-05,1.1108556152949804
2,UPFC_Vsh,5-15,1.1100254231121638,4,MAP_SCADA,20,0.0008301921828166581,1.1108556152949804
2,UPFC_Vsh,5-15,1.1108865693762973,4,MAP_PMU,20,3.09540813168141e-05,1.1108556152949804
5,UPFC_tse,5-15,-2.119057220367773,4,WLS,20,0.0017342675906029115,-2.120791487958376
5,UPFC_tse,5-15,-2.120514447812158,4,MAP_SCADA,20,0.00027704014621798834,-2.120791487958376
5,UPFC_tse,5-15,-2.119063321362596,4,MAP_PMU,20,0.001728166595780234,-2.120791487958376
3,UPFC_tsh,5-15,-0.2369934804359908,4,WLS,20,3.99015615901166e-06,-0.2369894902798318
3,UPFC_tsh,5-15,-0.2372143558004812,4,MAP_SCADA,20,0.00022486552064940324,-0.2369894902798318
3,UPFC_tsh,5-15,-0.236993457024147,4,MAP_PMU,20,3.96674431521471e-06,-0.2369894902798318
0,x_tcsc,1-14,-0.1076771357075912,5,WLS,20,7.809154413493391e-06,-0.1076849448620047
0,x_tcsc,1-14,-0.1098308118195774,5,MAP_SCADA,20,0.002145866957572712,-0.1076849448620047
0,x_tcsc,1-14,-0.1076734193695122,5,MAP_PMU,20,1.1525492492489575e-05,-0.1076849448620047
1,B_svc,2,0.1762738129540276,5,WLS,20,0.00015640511830380954,0.1761174078357238
1,B_svc,2,0.1704339824644985,5,MAP_SCADA,20,0.0056834253712252925,0.1761174078357238
1,B_svc,2,0.1762688018369651,5,MAP_PMU,20,0.00015139400124131175,0.1761174078357238
4,UPFC_Vse,5-15,0.0559507536929277,5,WLS,20,0.00027437634408820216,0.0562251300370159
4,UPFC_Vse,5-15,0.0557996144426486,5,MAP_SCADA,20,0.00042551559436729974,0.0562251300370159
4,UPFC_Vse,5-15,0.0559506019037304,5,MAP_PMU,20,0.00027452813328550374,0.0562251300370159
2,UPFC_Vsh,5-15,1.1106786664941093,5,WLS,20,0.00017694880087115727,1.1108556152949804
2,UPFC_Vsh,5-15,1.111247408683594,5,MAP_SCADA,20,0.0003917933886135039,1.1108556152949804
2,UPFC_Vsh,5-15,1.1106786033146596,5,MAP_PMU,20,0.0001770119803208292,1.1108556152949804
5,UPFC_tse,5-15,-2.1206906596391284,5,WLS,20,0.00010082831924762559,-2.120791487958376
5,UPFC_tse,5-15,-2.118769078015071,5,MAP_SCADA,20,0.002022409943304826,-2.120791487958376
5,UPFC_tse,5-15,-2.120691450097114,5,MAP_PMU,20,0.0001000378612618924,-2.120791487958376
3,UPFC_tsh,5-15,-0.2370070766027322,5,WLS,20,1.758632290041473e-05,-0.2369894902798318
3,UPFC_tsh,5-15,-0.2359501929320838,5,MAP_SCADA,20,0.0010392973477479917,-0.2369894902798318
3,UPFC_tsh,5-15,-0.2370069909901269,5,MAP_PMU,20,1.7500710295104138e-05,-0.2369894902798318
0,x_tcsc,1-14,-0.1076862839656858,6,WLS,20,1.3391036811083445e-06,-0.1076849448620047
0,x_tcsc,1-14,-0.1065297956301855,6,MAP_SCADA,20,0.001155149231819197,-0.1076849448620047
0,x_tcsc,1-14,-0.1076885835983362,6,MAP_PMU,20,3.6387363315099064e-06,-0.1076849448620047
1,B_svc,2,0.176206628033641,6,WLS,20,8.922019791721136e-05,0.1761174078357238
1,B_svc,2,0.1783891471239537,6,MAP_SCADA,20,0.002271739288229907,0.1761174078357238
1,B_svc,2,0.1762043891567728,6,MAP_PMU,20,8.698132104900669e-05,0.1761174078357238
4,UPFC_Vse,5-15,0.0559343214515352,6,WLS,20,0.00029080858548070215,0.0562251300370159
4,UPFC_Vse,5-15,0.0558549003478376,6,MAP_SCADA,20,0.0003702296891783044,0.0562251300370159
4,UPFC_Vse,5-15,0.0559335582348297,6,MAP_PMU,20,0.00029157180218620377,0.0562251300370159
2,UPFC_Vsh,5-15,1.110907507568474,6,WLS,20,5.189227349355896e-05,1.1108556152949804
2,UPFC_Vsh,5-15,1.1123445065748574,6,MAP_SCADA,20,0.0014888912798769471,1.1108556152949804
2,UPFC_Vsh,5-15,1.1109073296523655,6,MAP_PMU,20,5.171435738504648e-05,1.1108556152949804
5,UPFC_tse,5-15,-2.122691996969864,6,WLS,20,0.001900509011488083,-2.120791487958376
5,UPFC_tse,5-15,-2.120361871387332,6,MAP_SCADA,20,0.0004296165710440114,-2.120791487958376
5,UPFC_tse,5-15,-2.1226975346270334,6,MAP_PMU,20,0.0019060466686573463,-2.120791487958376
3,UPFC_tsh,5-15,-0.2369430219435584,6,WLS,20,4.6468336273391975e-05,-0.2369894902798318
3,UPFC_tsh,5-15,-0.2373298485568249,6,MAP_SCADA,20,0.00034035827699310794,-0.2369894902798318
3,UPFC_tsh,5-15,-0.2369429643620445,6,MAP_PMU,20,4.652591778728232e-05,-0.2369894902798318
0,x_tcsc,1-14,-0.1076776595155357,7,WLS,20,7.285346468988152e-06,-0.1076849448620047
0,x_tcsc,1-14,-0.1065573707578366,7,MAP_SCADA,20,0.001127574104168097,-0.1076849448620047
0,x_tcsc,1-14,-0.1076897925421133,7,MAP_PMU,20,4.847680108610586e-06,-0.1076849448620047
1,B_svc,2,0.1760060419359179,7,WLS,20,0.00011136589980589862,0.1761174078357238
1,B_svc,2,0.1730324904101736,7,MAP_SCADA,20,0.0030849174255501988,0.1761174078357238
1,B_svc,2,0.1759944365301979,7,MAP_PMU,20,0.00012297130552590962,0.1761174078357238
4,UPFC_Vse,5-15,0.0564820804968752,7,WLS,20,0.0002569504598592953,0.0562251300370159
4,UPFC_Vse,5-15,0.0565481061313362,7,MAP_SCADA,20,0.0003229760943202972,0.0562251300370159
4,UPFC_Vse,5-15,0.0564811885904568,7,MAP_PMU,20,0.0002560585534409007,0.0562251300370159
2,UPFC_Vsh,5-15,1.1108259396780826,7,WLS,20,2.9675616897817392e-05,1.1108556152949804
2,UPFC_Vsh,5-15,1.1131114318308462,7,MAP_SCADA,20,0.0022558165358657067,1.1108556152949804
2,UPFC_Vsh,5-15,1.1108268414615132,7,MAP_PMU,20,2.877383346722162e-05,1.1108556152949804
5,UPFC_tse,5-15,-2.121873194507973,7,WLS,20,0.0010817065495971612,-2.120791487958376
5,UPFC_tse,5-15,-2.120652839538623,7,MAP_SCADA,20,0.00013864841975319564,-2.120791487958376
5,UPFC_tse,5-15,-2.1218705298736467,7,MAP_PMU,20,0.0010790419152706399,-2.120791487958376
3,UPFC_tsh,5-15,-0.237008374929927,7,WLS,20,1.8884650095196687e-05,-0.2369894902798318
3,UPFC_tsh,5-15,-0.2367058917981646,7,MAP_SCADA,20,0.00028359848166720214,-0.2369894902798318
3,UPFC_tsh,5-15,-0.2370082624580092,7,MAP_PMU,20,1.8772178177417498e-05,-0.2369894902798318
0,x_tcsc,1-14,-0.1076900547682425,8,WLS,20,5.109906237810158e-06,-0.1076849448620047
0,x_tcsc,1-14,-0.1071344394222101,8,MAP_SCADA,20,0.0005505054397945963,-0.1076849448620047
0,x_tcsc,1-14,-0.1076889139286296,8,MAP_PMU,20,3.969066624906481e-06,-0.1076849448620047
1,B_svc,2,0.1758030133175508,8,WLS,20,0.0003143945181730001,0.1761174078357238
1,B_svc,2,0.178422838172466,8,MAP_SCADA,20,0.002305430336742187,0.1761174078357238
1,B_svc,2,0.1758005820177039,8,MAP_PMU,20,0.0003168258180198946,0.1761174078357238
4,UPFC_Vse,5-15,0.0558592295816805,8,WLS,20,0.00036590045533540366,0.0562251300370159
4,UPFC_Vse,5-15,0.055807898128445,8,MAP_SCADA,20,0.0004172319085709031,0.0562251300370159
4,UPFC_Vse,5-15,0.0558580200786279,8,MAP_PMU,20,0.00036710995838800525,0.0562251300370159
2,UPFC_Vsh,5-15,1.1104663376863144,8,WLS,20,0.0003892776086660277,1.1108556152949804
2,UPFC_Vsh,5-15,1.108225669414033,8,MAP_SCADA,20,0.0026299458809473375,1.1108556152949804
2,UPFC_Vsh,5-15,1.110466392589362,8,MAP_PMU,20,0.0003892227056183639,1.1108556152949804
5,UPFC_tse,5-15,-2.1212214751043272,8,WLS,20,0.0004299871459512161,-2.120791487958376
5,UPFC_tse,5-15,-2.124134150618547,8,MAP_SCADA,20,0.0033426626601711362,-2.120791487958376
5,UPFC_tse,5-15,-2.1212256532402414,8,MAP_PMU,20,0.00043416528186535075,-2.120791487958376
3,UPFC_tsh,5-15,-0.2369929298363011,8,WLS,20,3.4395564693090463e-06,-0.2369894902798318
3,UPFC_tsh,5-15,-0.2384692950456517,8,MAP_SCADA,20,0.0014798047658199087,-0.2369894902798318
3,UPFC_tsh,5-15,-0.236992845119878,8,MAP_PMU,20,3.354840046210228e-06,-0.2369894902798318
0,x_tcsc,1-14,-0.1076774360912941,9,WLS,20,7.508770710595858e-06,-0.1076849448620047
0,x_tcsc,1-14,-0.1077991589540639,9,MAP_SCADA,20,0.00011421409205920885,-0.1076849448620047
0,x_tcsc,1-14,-0.1076774432809183,9,MAP_PMU,20,7.5015810863943155e-06,-0.1076849448620047
1,B_svc,2,0.1761904662935448,9,WLS,20,7.30584578209903e-05,0.1761174078357238
1,B_svc,2,0.1763583555744501,9,MAP_SCADA,20,0.00024094773872629371,0.1761174078357238
1,B_svc,2,0.1761900616181964,9,MAP_PMU,20,7.265378247259258e-05,0.1761174078357238
4,UPFC_Vse,5-15,0.056182829016797,9,WLS,20,4.230102021890447e-05,0.0562251300370159
4,UPFC_Vse,5-15,0.0560465699486527,9,MAP_SCADA,20,0.00017856008836319992,0.0562251300370159
4,UPFC_Vse,5-15,0.0561825857280568,9,MAP_PMU,20,4.2544308959099886e-05,0.0562251300370159
2,UPFC_Vsh,5-15,1.1109937669856875,9,WLS,20,0.0001381516907070779,1.1108556152949804
2,UPFC_Vsh,5-15,1.1097831736243513,9,MAP_SCADA,20,0.0010724416706291429,1.1108556152949804
2,UPFC_Vsh,5-15,1.1109940636179507,9,MAP_PMU,20,0.00013844832297027487,1.1108556152949804
5,UPFC_tse,5-15,-2.1184725249052647,9,WLS,20,0.0023189630531113004,-2.120791487958376
5,UPFC_tse,5-15,-2.1202414192625936,9,MAP_SCADA,20,0.0005500686957824463,-2.120791487958376
5,UPFC_tse,5-15,-2.118468495724169,9,MAP_PMU,20,0.0023229922342071774,-2.120791487958376
3,UPFC_tsh,5-15,-0.236970674401809,9,WLS,20,1.8815878022798715e-05,-0.2369894902798318
3,UPFC_tsh,5-15,-0.2377841401972573,9,MAP_SCADA,20,0.0007946499174255051,-0.2369894902798318
3,UPFC_tsh,5-15,-0.2369706635801491,9,MAP_PMU,20,1.8826699682700232e-05,-0.2369894902798318
0,x_tcsc,1-14,-0.1074082577289875,0,WLS,21,1.666283827229942e-05,-0.1074249205672598
0,x_tcsc,1-14,-0.1089444442291636,0,MAP_SCADA,21,0.0015195236619038044,-0.1074249205672598
0,x_tcsc,1-14,-0.1074147888673928,0,MAP_PMU,21,1.0131699867008126e-05,-0.1074249205672598
1,B_svc,2,0.1756783516201387,0,WLS,21,0.00017979605910128926,0.17585814767924
1,B_svc,2,0.174428196232649,0,MAP_SCADA,21,0.001429951446590999,0.17585814767924
1,B_svc,2,0.1756786742509866,0,MAP_PMU,21,0.00017947342825339052,0.17585814767924
4,UPFC_Vse,5-15,0.056176858810482,0,WLS,21,1.9863436801693946e-05,0.0561569953736803
4,UPFC_Vse,5-15,0.0561860795451701,0,MAP_SCADA,21,2.9084171489800192e-05,0.0561569953736803
4,UPFC_Vse,5-15,0.0561763311722512,0,MAP_PMU,21,1.9335798570899176e-05,0.0561569953736803
2,UPFC_Vsh,5-15,1.1106930404020234,0,WLS,21,0.00038143424843606333,1.1110744746504595
2,UPFC_Vsh,5-15,1.1090519233992089,0,MAP_SCADA,21,0.002022551251250615,1.1110744746504595
2,UPFC_Vsh,5-15,1.1106931339257646,0,MAP_PMU,21,0.00038134072469486746,1.1110744746504595
5,UPFC_tse,5-15,-2.121136627072004,0,WLS,21,0.001591698554989751,-2.1195449285170143
5,UPFC_tse,5-15,-2.1204368032299503,0,MAP_SCADA,21,0.0008918747129360582,-2.1195449285170143
5,UPFC_tse,5-15,-2.121135818897453,0,MAP_PMU,21,0.001590890380438914,-2.1195449285170143
3,UPFC_tsh,5-15,-0.237212688108095,0,WLS,21,1.0503256537286454e-05,-0.2372231913646323
3,UPFC_tsh,5-15,-0.2367785914428654,0,MAP_SCADA,21,0.00044459992176690277,-0.2372231913646323
3,UPFC_tsh,5-15,-0.2372126083830726,0,MAP_PMU,21,1.0582981559703608e-05,-0.2372231913646323
0,x_tcsc,1-14,-0.1074377755519545,1,WLS,21,1.2854984694693483e-05,-0.1074249205672598
0,x_tcsc,1-14,-0.1086557864376798,1,MAP_SCADA,21,0.0012308658704199976,-0.1074249205672598
0,x_tcsc,1-14,-0.1074354250569846,1,MAP_PMU,21,1.0504489724796895e-05,-0.1074249205672598
1,B_svc,2,0.1759797970662888,1,WLS,21,0.00012164938704881112,0.17585814767924
1,B_svc,2,0.1718083872692184,1,MAP_SCADA,21,0.004049760410021586,0.17585814767924
1,B_svc,2,0.1759774917155708,1,MAP_PMU,21,0.00011934403633082069,0.17585814767924
4,UPFC_Vse,5-15,0.0565060695337442,1,WLS,21,0.00034907416006389747,0.0561569953736803
4,UPFC_Vse,5-15,0.0563413319015134,1,MAP_SCADA,21,0.0001843365278330969,0.0561569953736803
4,UPFC_Vse,5-15,0.0565058877410797,1,MAP_PMU,21,0.00034889236739939905,0.0561569953736803
2,UPFC_Vsh,5-15,1.110533682707238,1,WLS,21,0.0005407919432214303,1.1110744746504595
2,UPFC_Vsh,5-15,1.1111729212253298,1,MAP_SCADA,21,9.84465748703478e-05,1.1110744746504595
2,UPFC_Vsh,5-15,1.1105343542711927,1,MAP_PMU,21,0.0005401203792667619,1.1110744746504595
5,UPFC_tse,5-15,-2.117751708874288,1,WLS,21,0.0017932196427263847,-2.1195449285170143
5,UPFC_tse,5-15,-2.1163925574197218,1,MAP_SCADA,21,0.0031523710972924945,-2.1195449285170143
5,UPFC_tse,5-15,-2.1177516720994003,1,MAP_PMU,21,0.0017932564176139643,-2.1195449285170143
3,UPFC_tsh,5-15,-0.2372346042706516,1,WLS,21,1.141290601930356e-05,-0.2372231913646323
3,UPFC_tsh,5-15,-0.2360064392531947,1,MAP_SCADA,21,0.0012167521114375968,-0.2372231913646323
3,UPFC_tsh,5-15,-0.237234508548649,1,MAP_PMU,21,1.1317184016701454e-05,-0.2372231913646323
0,x_tcsc,1-14,-0.1074245360663251,2,WLS,21,3.845009347025474e-07,-0.1074249205672598
0,x_tcsc,1-14,-0.1089921741762098,2,MAP_SCADA,21,0.0015672536089499922,-0.1074249205672598
0,x_tcsc,1-14,-0.1074312854791931,2,MAP_PMU,21,6.364911933301465e-06,-0.1074249205672598
1,B_svc,2,0.1759854887214353,2,WLS,21,0.00012734104219530584,0.17585814767924
1,B_svc,2,0.1740912333696392,2,MAP_SCADA,21,0.0017669143096007978,0.17585814767924
1,B_svc,2,0.1759849070233042,2,MAP_PMU,21,0.00012675934406419787,0.17585814767924
4,UPFC_Vse,5-15,0.0558339688596372,2,WLS,21,0.0003230265140431038,0.0561569953736803
4,UPFC_Vse,5-15,0.0557782403244673,2,MAP_SCADA,21,0.0003787550492130032,0.0561569953736803
4,UPFC_Vse,5-15,0.0558342430652087,2,MAP_PMU,21,0.00032275230847160497,0.0561569953736803
2,UPFC_Vsh,5-15,1.1105996408398688,2,WLS,21,0.000474833810590658,1.1110744746504595
2,UPFC_Vsh,5-15,1.1115687088844377,2,MAP_SCADA,21,0.000494234233978208,1.1110744746504595
2,UPFC_Vsh,5-15,1.1105981663154407,2,MAP_PMU,21,0.00047630833501877134,1.1110744746504595
5,UPFC_tse,5-15,-2.119217447933045,2,WLS,21,0.000327480583969475,-2.1195449285170143
5,UPFC_tse,5-15,-2.118666830349078,2,MAP_SCADA,21,0.0008780981679361588,-2.1195449285170143
5,UPFC_tse,5-15,-2.1192169612628007,2,MAP_PMU,21,0.0003279672542135792,-2.1195449285170143
3,UPFC_tsh,5-15,-0.2372306374794194,2,WLS,21,7.446114787090785e-06,-0.2372231913646323
3,UPFC_tsh,5-15,-0.2362029600831672,2,MAP_SCADA,21,0.0010202312814650838,-0.2372231913646323
3,UPFC_tsh,5-15,-0.2372306908834269,2,MAP_PMU,21,7.499518794612525e-06,-0.2372231913646323
0,x_tcsc,1-14,-0.1074226174588599,3,WLS,21,2.3031083998953372e-06,-0.1074249205672598
0,x_tcsc,1-14,-0.1099699090129551,3,MAP_SCADA,21,0.002544988445695298,-0.1074249205672598
0,x_tcsc,1-14,-0.1074098487827709,3,MAP_PMU,21,1.50717844888959e-05,-0.1074249205672598
1,B_svc,2,0.1759810472080195,3,WLS,21,0.00012289952877950205,0.17585814767924
1,B_svc,2,0.1675215368568821,3,MAP_SCADA,21,0.008336610822357898,0.17585814767924
1,B_svc,2,0.1759673065829398,3,MAP_PMU,21,0.00010915890369980752,0.17585814767924
4,UPFC_Vse,5-15,0.0562657959645143,3,WLS,21,0.00010880059083399896,0.0561569953736803
4,UPFC_Vse,5-15,0.0558056429982969,3,MAP_SCADA,21,0.00035135237538340414,0.0561569953736803
4,UPFC_Vse,5-15,0.0562652079584445,3,MAP_PMU,21,0.00010821258476419876,0.0561569953736803
2,UPFC_Vsh,5-15,1.1112594384360397,3,WLS,21,0.00018496378558019444,1.1110744746504595
2,UPFC_Vsh,5-15,1.1142020903269296,3,MAP_SCADA,21,0.00312761567647013,1.1110744746504595
2,UPFC_Vsh,5-15,1.1112580285224296,3,MAP_PMU,21,0.0001835538719701102,1.1110744746504595
5,UPFC_tse,5-15,-2.1224928196465447,3,WLS,21,0.002947891129530422,-2.1195449285170143
5,UPFC_tse,5-15,-2.1182558259789315,3,MAP_SCADA,21,0.001289102538082787,-2.1195449285170143
5,UPFC_tse,5-15,-2.1225051288281893,3,MAP_PMU,21,0.002960200311175054,-2.1195449285170143
3,UPFC_tsh,5-15,-0.237254830330002,3,WLS,21,3.1638965369701344e-05,-0.2372231913646323
3,UPFC_tsh,5-15,-0.2345995701709153,3,MAP_SCADA,21,0.0026236211937170073,-0.2372231913646323
3,UPFC_tsh,5-15,-0.2372547275704386,3,MAP_PMU,21,3.153620580631511e-05,-0.2372231913646323
0,x_tcsc,1-14,-0.1074341485324364,4,WLS,21,9.227965176591968e-06,-0.1074249205672598
0,x_tcsc,1-14,-0.1082864962538895,4,MAP_SCADA,21,0.0008615756866297009,-0.1074249205672598
0,x_tcsc,1-14,-0.1074391976999773,4,MAP_PMU,21,1.4277132717496754e-05,-0.1074249205672598
1,B_svc,2,0.1760951087360944,4,WLS,21,0.00023696105685441782,0.17585814767924
1,B_svc,2,0.1774276333066684,4,MAP_SCADA,21,0.0015694856274283964,0.17585814767924
1,B_svc,2,0.1760955564819232,4,MAP_PMU,21,0.00023740880268321995,0.17585814767924
4,UPFC_Vse,5-15,0.056340447327062,4,WLS,21,0.00018345195338169418,0.0561569953736803
4,UPFC_Vse,5-15,0.0566497292789568,4,MAP_SCADA,21,0.0004927339052764948,0.0561569953736803
4,UPFC_Vse,5-15,0.0563406442349671,4,MAP_PMU,21,0.00018364886128679342,0.0561569953736803
2,UPFC_Vsh,5-15,1.1109026094304386,4,WLS,21,0.00017186522002088367,1.1110744746504595
2,UPFC_Vsh,5-15,1.1100254231121638,4,MAP_SCADA,21,0.0010490515382957089,1.1110744746504595
2,UPFC_Vsh,5-15,1.1109023265257076,4,MAP_PMU,21,0.0001721481247518586,1.1110744746504595
5,UPFC_tse,5-15,-2.1186333025638437,4,WLS,21,0.000911625953170514,-2.1195449285170143
5,UPFC_tse,5-15,-2.120514447812158,4,MAP_SCADA,21,0.0009695192951437726,-2.1195449285170143
5,UPFC_tse,5-15,-2.1186435764715217,4,MAP_PMU,21,0.0009013520454925761,-2.1195449285170143
3,UPFC_tsh,5-15,-0.2372384490190021,4,WLS,21,1.525765436979909e-05,-0.2372231913646323
3,UPFC_tsh,5-15,-0.2372143558004812,4,MAP_SCADA,21,8.83556415109954e-06,-0.2372231913646323
3,UPFC_tsh,5-15,-0.2372384464040577,4,MAP_PMU,21,1.5255039425399186e-05,-0.2372231913646323
0,x_tcsc,1-14,-0.1074210520413545,5,WLS,21,3.868525905295628e-06,-0.1074249205672598
0,x_tcsc,1-14,-0.1098308118195774,5,MAP_SCADA,21,0.0024058912523176046,-0.1074249205672598
0,x_tcsc,1-14,-0.1074200857850994,5,MAP_PMU,21,4.834782160401119e-06,-0.1074249205672598
1,B_svc,2,0.1759885628018856,5,WLS,21,0.00013041512264561073,0.17585814767924
1,B_svc,2,0.1704339824644985,5,MAP_SCADA,21,0.005424165214741483,0.17585814767924
1,B_svc,2,0.1759864418588413,5,MAP_PMU,21,0.00012829417960130707,0.17585814767924
4,UPFC_Vse,5-15,0.0559209066265246,5,WLS,21,0.00023608874715570077,0.0561569953736803
4,UPFC_Vse,5-15,0.0557996144426486,5,MAP_SCADA,21,0.00035738093103170054,0.0561569953736803
4,UPFC_Vse,5-15,0.0559209881430361,5,MAP_PMU,21,0.00023600723064420154,0.0561569953736803
2,UPFC_Vsh,5-15,1.1106954027224023,5,WLS,21,0.00037907192805719525,1.1110744746504595
2,UPFC_Vsh,5-15,1.111247408683594,5,MAP_SCADA,21,0.0001729340331344531,1.1110744746504595
2,UPFC_Vsh,5-15,1.1106942581821273,5,MAP_PMU,21,0.00038021646833219513,1.1110744746504595
5,UPFC_tse,5-15,-2.1202601622889987,5,WLS,21,0.0007152337719844581,-2.1195449285170143
5,UPFC_tse,5-15,-2.118769078015071,5,MAP_SCADA,21,0.000775850501943065,-2.1195449285170143
5,UPFC_tse,5-15,-2.1202597637436567,5,MAP_PMU,21,0.0007148352266423963,-2.1195449285170143
3,UPFC_tsh,5-15,-0.2372520539147177,5,WLS,21,2.8862550085412275e-05,-0.2372231913646323
3,UPFC_tsh,5-15,-0.2359501929320838,5,MAP_SCADA,21,0.0012729984325484944,-0.2372231913646323
3,UPFC_tsh,5-15,-0.2372520210160592,5,MAP_PMU,21,2.8829651426892644e-05,-0.2372231913646323
0,x_tcsc,1-14,-0.1074302433765817,6,WLS,21,5.32280932190321e-06,-0.1074249205672598
0,x_tcsc,1-14,-0.1065297956301855,6,MAP_SCADA,21,0.0008951249370743042,-0.1074249205672598
0,x_tcsc,1-14,-0.1074307641645765,6,MAP_PMU,21,5.8435973167014765e-06,-0.1074249205672598
1,B_svc,2,0.1759217057364487,6,WLS,21,6.355805720870134e-05,0.17585814767924
1,B_svc,2,0.1783891471239537,6,MAP_SCADA,21,0.0025309994447137163,0.17585814767924
1,B_svc,2,0.1759195874121979,6,MAP_PMU,21,6.143973295791305e-05,0.17585814767924
4,UPFC_Vse,5-15,0.0559043748469533,6,WLS,21,0.0002526205267270043,0.0561569953736803
4,UPFC_Vse,5-15,0.0558549003478376,6,MAP_SCADA,21,0.0003020950258427052,0.0561569953736803
4,UPFC_Vse,5-15,0.055903753081158,6,MAP_PMU,21,0.00025324229252230573,0.0561569953736803
2,UPFC_Vsh,5-15,1.1109239274657656,6,WLS,21,0.00015054718469387218,1.1110744746504595
2,UPFC_Vsh,5-15,1.1123445065748574,6,MAP_SCADA,21,0.0012700319243978964,1.1110744746504595
2,UPFC_Vsh,5-15,1.1109241773914458,6,MAP_PMU,21,0.00015029725901372082,1.1110744746504595
5,UPFC_tse,5-15,-2.122267519002449,6,WLS,21,0.0027225904854346616,-2.1195449285170143
5,UPFC_tse,5-15,-2.120361871387332,6,MAP_SCADA,21,0.0008169428703177495,-2.1195449285170143
5,UPFC_tse,5-15,-2.1222710866182157,6,MAP_PMU,21,0.00272615810120147,-2.1195449285170143
3,UPFC_tsh,5-15,-0.237187965985379,6,WLS,21,3.5225379253295275e-05,-0.2372231913646323
3,UPFC_tsh,5-15,-0.2373298485568249,6,MAP_SCADA,21,0.00010665719219260517,-0.2372231913646323
3,UPFC_tsh,5-15,-0.2371879206674144,6,MAP_PMU,21,3.527069721789844e-05,-0.2372231913646323
0,x_tcsc,1-14,-0.1074215564105604,7,WLS,21,3.364156699395271e-06,-0.1074249205672598
0,x_tcsc,1-14,-0.1065573707578366,7,MAP_SCADA,21,0.0008675498094232043,-0.1074249205672598
0,x_tcsc,1-14,-0.1074292990710944,7,MAP_PMU,21,4.3785038345983684e-06,-0.1074249205672598
1,B_svc,2,0.1757208599234789,7,WLS,21,0.00013728775576107854,0.17585814767924
1,B_svc,2,0.1730324904101736,7,MAP_SCADA,21,0.0028256572690663895,0.17585814767924
1,B_svc,2,0.1757090234151597,7,MAP_PMU,21,0.0001491242640802859,0.17585814767924
4,UPFC_Vse,5-15,0.0564518612711164,7,WLS,21,0.000294865897436096,0.0561569953736803
4,UPFC_Vse,5-15,0.0565481061313362,7,MAP_SCADA,21,0.0003911107576558964,0.0561569953736803
4,UPFC_Vse,5-15,0.0564508741611313,7,MAP_PMU,21,0.00029387878745099766,0.0561569953736803
2,UPFC_Vsh,5-15,1.1108428790368594,7,WLS,21,0.0002315956136000885,1.1110744746504595
2,UPFC_Vsh,5-15,1.1131114318308462,7,MAP_SCADA,21,0.002036957180386656,1.1110744746504595
2,UPFC_Vsh,5-15,1.110844192822158,7,MAP_PMU,21,0.00023028182830153732,1.1110744746504595
5,UPFC_tse,5-15,-2.1214549414452506,7,WLS,21,0.0019100129282363376,-2.1195449285170143
5,UPFC_tse,5-15,-2.120652839538623,7,MAP_SCADA,21,0.0011079110216085652,-2.1195449285170143
5,UPFC_tse,5-15,-2.1214545915907,7,MAP_PMU,21,0.0019096630736856746,-2.1195449285170143
3,UPFC_tsh,5-15,-0.2372532684340386,7,WLS,21,3.0077069406303503e-05,-0.2372231913646323
3,UPFC_tsh,5-15,-0.2367058917981646,7,MAP_SCADA,21,0.0005172995664677049,-0.2372231913646323
3,UPFC_tsh,5-15,-0.2372531558831647,7,MAP_PMU,21,2.9964518532404893e-05,-0.2372231913646323
0,x_tcsc,1-14,-0.1074339426438156,8,WLS,21,9.022076555800784e-06,-0.1074249205672598
0,x_tcsc,1-14,-0.1071344394222101,8,MAP_SCADA,21,0.00029048114504970357,-0.1074249205672598
0,x_tcsc,1-14,-0.1074327988911744,8,MAP_PMU,21,7.878323914592422e-06,-0.1074249205672598
1,B_svc,2,0.1755184012059173,8,WLS,21,0.0003397464733226885,0.17585814767924
1,B_svc,2,0.178422838172466,8,MAP_SCADA,21,0.002564690493225996,0.17585814767924
1,B_svc,2,0.1755151858800175,8,MAP_PMU,21,0.0003429617992224965,0.17585814767924
4,UPFC_Vse,5-15,0.0558293430385754,8,WLS,21,0.0003276523351048999,0.0561569953736803
4,UPFC_Vse,5-15,0.055807898128445,8,MAP_SCADA,21,0.0003490972452353039,0.0561569953736803
4,UPFC_Vse,5-15,0.0558281831733036,8,MAP_PMU,21,0.00032881220037670605,0.0561569953736803
2,UPFC_Vsh,5-15,1.1104828728212073,8,WLS,21,0.0005916018292522196,1.1110744746504595
2,UPFC_Vsh,5-15,1.108225669414033,8,MAP_SCADA,21,0.0028488052364263883,1.1110744746504595
2,UPFC_Vsh,5-15,1.1104831275048153,8,MAP_PMU,21,0.0005913471456442387,1.1110744746504595
5,UPFC_tse,5-15,-2.1207917351702674,8,WLS,21,0.001246806653253163,-2.1195449285170143
5,UPFC_tse,5-15,-2.124134150618547,8,MAP_SCADA,21,0.004589222101532897,-2.1195449285170143
5,UPFC_tse,5-15,-2.1207959738117497,8,MAP_PMU,21,0.001251045294735409,-2.1195449285170143
3,UPFC_tsh,5-15,-0.2372378802225823,8,WLS,21,1.4688857950001522e-05,-0.2372231913646323
3,UPFC_tsh,5-15,-0.2384692950456517,8,MAP_SCADA,21,0.001246103681019406,-0.2372231913646323
3,UPFC_tsh,5-15,-0.2372377631511422,8,MAP_PMU,21,1.4571786509903761e-05,-0.2372231913646323
0,x_tcsc,1-14,-0.1074214125865995,9,WLS,21,3.5079806603027786e-06,-0.1074249205672598
0,x_tcsc,1-14,-0.1077991589540639,9,MAP_SCADA,21,0.0003742383868041016,-0.1074249205672598
0,x_tcsc,1-14,-0.1074224852575194,9,MAP_PMU,21,2.435309740395075e-06,-0.1074249205672598
1,B_svc,2,0.1759058411090241,9,WLS,21,4.7693429784112507e-05,0.17585814767924
1,B_svc,2,0.1763583555744501,9,MAP_SCADA,21,0.000500207895210103,0.17585814767924
1,B_svc,2,0.1759050990514188,9,MAP_PMU,21,4.695137217880507e-05,0.17585814767924
4,UPFC_Vse,5-15,0.0561529674396017,9,WLS,21,4.027934078602857e-06,0.0561569953736803
4,UPFC_Vse,5-15,0.0560465699486527,9,MAP_SCADA,21,0.00011042542502760072,0.0561569953736803
4,UPFC_Vse,5-15,0.0561527353432002,9,MAP_PMU,21,4.260030480103538e-06,0.0561569953736803
2,UPFC_Vsh,5-15,1.1110102751059157,9,WLS,21,6.419954454384147e-05,1.1110744746504595
2,UPFC_Vsh,5-15,1.1097831736243513,9,MAP_SCADA,21,0.0012913010261081936,1.1110744746504595
2,UPFC_Vsh,5-15,1.1110105145139444,9,MAP_PMU,21,6.396013651510657e-05,1.1110744746504595
5,UPFC_tse,5-15,-2.118047036693515,9,WLS,21,0.0014978918234991312,-2.1195449285170143
5,UPFC_tse,5-15,-2.1202414192625936,9,MAP_SCADA,21,0.0006964907455793146,-2.1195449285170143
5,UPFC_tse,5-15,-2.118042320480969,9,MAP_PMU,21,0.0015026080360454053,-2.1195449285170143
3,UPFC_tsh,5-15,-0.2372155239344755,9,WLS,21,7.667430156788058e-06,-0.2372231913646323
3,UPFC_tsh,5-15,-0.2377841401972573,9,MAP_SCADA,21,0.0005609488326250023,-0.2372231913646323
3,UPFC_tsh,5-15,-0.2372155034632677,9,MAP_PMU,21,7.687901364600291e-06,-0.2372231913646323
0,x_tcsc,1-14,-0.1070485024750478,0,WLS,22,1.2481358978508328e-05,-0.1070609838340263
0,x_tcsc,1-14,-0.1089444442291636,0,MAP_SCADA,22,0.0018834603951373013,-0.1070609838340263
0,x_tcsc,1-14,-0.1070599694230308,0,MAP_PMU,22,1.0144109955090297e-06,-0.1070609838340263
1,B_svc,2,0.175140519405105,0,WLS,22,0.0002039547029898947,0.1753444741080949
1,B_svc,2,0.174428196232649,0,MAP_SCADA,22,0.0009162778754459033,0.1753444741080949
1,B_svc,2,0.175144053298081,0,MAP_PMU,22,0.000200420810013896,0.1753444741080949
4,UPFC_Vse,5-15,0.0560627073313912,0,WLS,22,0.0002814404300334056,0.0557812669013578
4,UPFC_Vse,5-15,0.0561860795451701,0,MAP_SCADA,22,0.00040481264381230647,0.0557812669013578
4,UPFC_Vse,5-15,0.0560627024223731,0,MAP_PMU,22,0.00028143552101530384,0.0557812669013578
2,UPFC_Vsh,5-15,1.1107015077622866,0,WLS,22,0.0006937964354378767,1.1113953041977245
2,UPFC_Vsh,5-15,1.1090519233992089,0,MAP_SCADA,22,0.002343380798515593,1.1113953041977245
2,UPFC_Vsh,5-15,1.110700164283169,0,MAP_PMU,22,0.0006951399145553872,1.1113953041977245
5,UPFC_tse,5-15,-2.121383148751352,0,WLS,22,0.004775414762542063,-2.11660773398881
5,UPFC_tse,5-15,-2.1204368032299503,0,MAP_SCADA,22,0.003829069241140459,-2.11660773398881
5,UPFC_tse,5-15,-2.121382596539207,0,MAP_PMU,22,0.004774862550397163,-2.11660773398881
3,UPFC_tsh,5-15,-0.2377436135993094,0,WLS,22,3.8280797360901175e-06,-0.2377397855195733
3,UPFC_tsh,5-15,-0.2367785914428654,0,MAP_SCADA,22,0.0009611940767079163,-0.2377397855195733
3,UPFC_tsh,5-15,-0.2377436388324972,0,MAP_PMU,22,3.8533129238793595e-06,-0.2377397855195733
0,x_tcsc,1-14,-0.107077886427301,1,WLS,22,1.6902593274692457e-05,-0.1070609838340263
0,x_tcsc,1-14,-0.1086557864376798,1,MAP_SCADA,22,0.0015948026036534946,-0.1070609838340263
0,x_tcsc,1-14,-0.1070777485161739,1,MAP_PMU,22,1.676468214759086e-05,-0.1070609838340263
1,B_svc,2,0.1754408992948626,1,WLS,22,9.642518676769574e-05,0.1753444741080949
1,B_svc,2,0.1718083872692184,1,MAP_SCADA,22,0.00353608683887649,0.1753444741080949
1,B_svc,2,0.1754412745619873,1,MAP_PMU,22,9.680045389240388e-05,0.1753444741080949
4,UPFC_Vse,5-15,0.0563921069698436,1,WLS,22,0.0006108400684858017,0.0557812669013578
4,UPFC_Vse,5-15,0.0563413319015134,1,MAP_SCADA,22,0.0005600650001556032,0.0557812669013578
4,UPFC_Vse,5-15,0.0563920788154294,1,MAP_PMU,22,0.0006108119140716059,0.0557812669013578
2,UPFC_Vsh,5-15,1.1105421227305006,1,WLS,22,0.0008531814672239069,1.1113953041977245
2,UPFC_Vsh,5-15,1.1111729212253298,1,MAP_SCADA,22,0.00022238297239463023,1.1113953041977245
2,UPFC_Vsh,5-15,1.110541925953471,1,MAP_PMU,22,0.0008533782442534665,1.1113953041977245
5,UPFC_tse,5-15,-2.1179887915092417,1,WLS,22,0.0013810575204318276,-2.11660773398881
5,UPFC_tse,5-15,-2.1163925574197218,1,MAP_SCADA,22,0.00021517656908809357,-2.11660773398881
5,UPFC_tse,5-15,-2.117988644020095,1,MAP_PMU,22,0.001380910031285154,-2.11660773398881
3,UPFC_tsh,5-15,-0.2377654459919407,1,WLS,22,2.5660472367378118e-05,-0.2377397855195733
3,UPFC_tsh,5-15,-0.2360064392531947,1,MAP_SCADA,22,0.0017333462663786103,-0.2377397855195733
3,UPFC_tsh,5-15,-0.2377654272891894,1,MAP_PMU,22,2.5641769616085996e-05,-0.2377397855195733
0,x_tcsc,1-14,-0.1070647264872827,2,WLS,22,3.742653256394446e-06,-0.1070609838340263
0,x_tcsc,1-14,-0.1089921741762098,2,MAP_SCADA,22,0.0019311903421834892,-0.1070609838340263
0,x_tcsc,1-14,-0.1070765214929905,2,MAP_PMU,22,1.5537658964198675e-05,-0.1070609838340263
1,B_svc,2,0.1754478803430326,2,WLS,22,0.00010340623493770851,0.1753444741080949
1,B_svc,2,0.1740912333696392,2,MAP_SCADA,22,0.001253240738455702,0.1753444741080949
1,B_svc,2,0.1754511154965936,2,MAP_PMU,22,0.00010664138849869609,0.1753444741080949
4,UPFC_Vse,5-15,0.0557199553605502,2,WLS,22,6.131154080759454e-05,0.0557812669013578
4,UPFC_Vse,5-15,0.0557782403244673,2,MAP_SCADA,22,3.0265768904969015e-06,0.0557812669013578
4,UPFC_Vse,5-15,0.0557203912423873,2,MAP_PMU,22,6.0875658970498125e-05,0.0557812669013578
2,UPFC_Vsh,5-15,1.1106079940955345,2,WLS,22,0.0007873101021900197,1.1113953041977245
2,UPFC_Vsh,5-15,1.1115687088844377,2,MAP_SCADA,22,0.00017340468671322995,1.1113953041977245
2,UPFC_Vsh,5-15,1.1106052328034957,2,MAP_PMU,22,0.0007900713942288196,1.1113953041977245
5,UPFC_tse,5-15,-2.119454640725865,2,WLS,22,0.0028469067370551215,-2.11660773398881
5,UPFC_tse,5-15,-2.118666830349078,2,MAP_SCADA,22,0.002059096360268242,-2.11660773398881
5,UPFC_tse,5-15,-2.119456798610533,2,MAP_PMU,22,0.002849064621722963,-2.11660773398881
3,UPFC_tsh,5-15,-0.2377615385065321,2,WLS,22,2.1752986958778475e-05,-0.2377397855195733
3,UPFC_tsh,5-15,-0.2362029600831672,2,MAP_SCADA,22,0.0015368254364060974,-0.2377397855195733
3,UPFC_tsh,5-15,-0.2377616964378504,2,MAP_PMU,22,2.191091827707936e-05,-0.2377397855195733
0,x_tcsc,1-14,-0.1070629489448938,3,WLS,22,1.9651108674884066e-06,-0.1070609838340263
0,x_tcsc,1-14,-0.1099699090129551,3,MAP_SCADA,22,0.002908925178928795,-0.1070609838340263
0,x_tcsc,1-14,-0.1070537930866276,3,MAP_PMU,22,7.190747398702624e-06,-0.1070609838340263
1,B_svc,2,0.1754430727203514,3,WLS,22,9.85986122565008e-05,0.1753444741080949
1,B_svc,2,0.1675215368568821,3,MAP_SCADA,22,0.007822937251212803,0.1753444741080949
1,B_svc,2,0.175434921440877,3,MAP_PMU,22,9.044733278210093e-05,0.1753444741080949
4,UPFC_Vse,5-15,0.0561516875365269,3,WLS,22,0.0003704206351691011,0.0557812669013578
4,UPFC_Vse,5-15,0.0558056429982969,3,MAP_SCADA,22,2.4376096939102143e-05,0.0557812669013578
4,UPFC_Vse,5-15,0.0561514649507631,3,MAP_PMU,22,0.00037019804940530143,0.0557812669013578
2,UPFC_Vsh,5-15,1.1112680082078172,3,WLS,22,0.000127295989907239,1.1113953041977245
2,UPFC_Vsh,5-15,1.1142020903269296,3,MAP_SCADA,22,0.002806786129205152,1.1113953041977245
2,UPFC_Vsh,5-15,1.1112651074133937,3,MAP_PMU,22,0.00013019678433079385,1.1113953041977245
5,UPFC_tse,5-15,-2.122741733562829,3,WLS,22,0.006133999574019278,-2.11660773398881
5,UPFC_tse,5-15,-2.1182558259789315,3,MAP_SCADA,22,0.001648091990121614,-2.11660773398881
5,UPFC_tse,5-15,-2.1227485303008686,3,MAP_PMU,22,0.006140796312058772,-2.11660773398881
3,UPFC_tsh,5-15,-0.2377858444898307,3,WLS,22,4.605897025738992e-05,-0.2377397855195733
3,UPFC_tsh,5-15,-0.2345995701709153,3,MAP_SCADA,22,0.003140215348658021,-0.2377397855195733
3,UPFC_tsh,5-15,-0.237785847812246,3,MAP_PMU,22,4.606229267267725e-05,-0.2377397855195733
0,x_tcsc,1-14,-0.1070742869843742,4,WLS,22,1.3303150347893089e-05,-0.1070609838340263
0,x_tcsc,1-14,-0.1082864962538895,4,MAP_SCADA,22,0.0012255124198631978,-0.1070609838340263
0,x_tcsc,1-14,-0.1070837108114343,4,MAP_PMU,22,2.272697740798857e-05,-0.1070609838340263
1,B_svc,2,0.1755566339673813,4,WLS,22,0.00021215985928640935,0.1753444741080949
1,B_svc,2,0.1774276333066684,4,MAP_SCADA,22,0.002083159198573492,0.1753444741080949
1,B_svc,2,0.1755596264187806,4,MAP_PMU,22,0.00021515231068569562,0.1753444741080949
4,UPFC_Vse,5-15,0.0562267168568957,4,WLS,22,0.0004454499555379063,0.0557812669013578
4,UPFC_Vse,5-15,0.0566497292789568,4,MAP_SCADA,22,0.0008684623775990011,0.0557812669013578
4,UPFC_Vse,5-15,0.0562272931997847,4,MAP_PMU,22,0.0004460262984269034,0.0557812669013578
2,UPFC_Vsh,5-15,1.1109108180373624,4,WLS,22,0.00048448616036211867,1.1113953041977245
2,UPFC_Vsh,5-15,1.1100254231121638,4,MAP_SCADA,22,0.0013698810855606869,1.1113953041977245
2,UPFC_Vsh,5-15,1.1109096123197968,4,MAP_PMU,22,0.0004856918779276853,1.1113953041977245
5,UPFC_tse,5-15,-2.118874746805274,4,WLS,22,0.0022670128164641312,-2.11660773398881
5,UPFC_tse,5-15,-2.120514447812158,4,MAP_SCADA,22,0.0039067138233481735,-2.11660773398881
5,UPFC_tse,5-15,-2.118891163083938,4,MAP_PMU,22,0.002283429095128131,-2.11660773398881
3,UPFC_tsh,5-15,-0.2377693878841783,4,WLS,22,2.960236460500254e-05,-0.2377397855195733
3,UPFC_tsh,5-15,-0.2372143558004812,4,MAP_SCADA,22,0.0005254297190921131,-0.2377397855195733
3,UPFC_tsh,5-15,-0.2377694599322695,4,MAP_PMU,22,2.967441269619009e-05,-0.2377397855195733
0,x_tcsc,1-14,-0.1070612698621559,5,WLS,22,2.8602812959799273e-07,-0.1070609838340263
0,x_tcsc,1-14,-0.1098308118195774,5,MAP_SCADA,22,0.0027698279855511015,-0.1070609838340263
0,x_tcsc,1-14,-0.1070651785607062,5,MAP_PMU,22,4.194726679895844e-06,-0.1070609838340263
1,B_svc,2,0.1754499900694443,5,WLS,22,0.00010551596134941721,0.1753444741080949
1,B_svc,2,0.1704339824644985,5,MAP_SCADA,22,0.0049104916435963875,0.1753444741080949
1,B_svc,2,0.1754527415993845,5,MAP_PMU,22,0.00010826749128961533,0.1753444741080949
4,UPFC_Vse,5-15,0.0558070295006137,5,WLS,22,2.5762599255900465e-05,0.0557812669013578
4,UPFC_Vse,5-15,0.0557996144426486,5,MAP_SCADA,22,1.8347541290805736e-05,0.0557812669013578
4,UPFC_Vse,5-15,0.0558073834644899,5,MAP_PMU,22,2.6116563132103088e-05,0.0557812669013578
2,UPFC_Vsh,5-15,1.110703838607336,5,WLS,22,0.0006914655903884626,1.1113953041977245
2,UPFC_Vsh,5-15,1.111247408683594,5,MAP_SCADA,22,0.00014789551413052493,1.1113953041977245
2,UPFC_Vsh,5-15,1.1107013487607245,5,MAP_PMU,22,0.0006939554370000156,1.1113953041977245
5,UPFC_tse,5-15,-2.1205015006294974,5,WLS,22,0.0038937666406875238,-2.11660773398881
5,UPFC_tse,5-15,-2.118769078015071,5,MAP_SCADA,22,0.002161344026261336,-2.11660773398881
5,UPFC_tse,5-15,-2.1205012768703795,5,MAP_PMU,22,0.0038935428815696227,-2.11660773398881
3,UPFC_tsh,5-15,-0.2377830892864857,5,WLS,22,4.330376691238924e-05,-0.2377397855195733
3,UPFC_tsh,5-15,-0.2359501929320838,5,MAP_SCADA,22,0.001789592587489508,-0.2377397855195733
3,UPFC_tsh,5-15,-0.2377831550002455,5,MAP_PMU,22,4.3369480672184046e-05,-0.2377397855195733
0,x_tcsc,1-14,-0.1070704514166288,6,WLS,22,9.467582602493141e-06,-0.1070609838340263
0,x_tcsc,1-14,-0.1065297956301855,6,MAP_SCADA,22,0.0005311882038408072,-0.1070609838340263
0,x_tcsc,1-14,-0.1070696449706573,6,MAP_PMU,22,8.661136630991328e-06,-0.1070609838340263
1,B_svc,2,0.1753839828955529,6,WLS,22,3.950878745800912e-05,0.1753444741080949
1,B_svc,2,0.1783891471239537,6,MAP_SCADA,22,0.003044673015858812,0.1753444741080949
1,B_svc,2,0.1753832649405086,6,MAP_PMU,22,3.879083241370429e-05,0.1753444741080949
4,UPFC_Vse,5-15,0.055790272222625,6,WLS,22,9.005321267199773e-06,0.0557812669013578
4,UPFC_Vse,5-15,0.0558549003478376,6,MAP_SCADA,22,7.363344647980108e-05,0.0557812669013578
4,UPFC_Vse,5-15,0.0557896195447646,6,MAP_PMU,22,8.352643406803195e-06,0.0557812669013578
2,UPFC_Vsh,5-15,1.1109322383212548,6,WLS,22,0.00046306587646971487,1.1113953041977245
2,UPFC_Vsh,5-15,1.1123445065748574,6,MAP_SCADA,22,0.0009492023771329183,1.1113953041977245
2,UPFC_Vsh,5-15,1.1109327514017808,6,MAP_PMU,22,0.0004625527959436493,1.1113953041977245
5,UPFC_tse,5-15,-2.122507882655755,6,WLS,22,0.005900148666944993,-2.11660773398881
5,UPFC_tse,5-15,-2.120361871387332,6,MAP_SCADA,22,0.0037541373985221504,-2.11660773398881
5,UPFC_tse,5-15,-2.1225081124170524,6,MAP_PMU,22,0.0059003784282425364,-2.11660773398881
3,UPFC_tsh,5-15,-0.2377187690904688,6,WLS,22,2.101642910451451e-05,-0.2377397855195733
3,UPFC_tsh,5-15,-0.2373298485568249,6,MAP_SCADA,22,0.0004099369627484084,-0.2377397855195733
3,UPFC_tsh,5-15,-0.2377187411105971,6,MAP_PMU,22,2.1044408976211848e-05,-0.2377397855195733
0,x_tcsc,1-14,-0.1070617308852124,7,WLS,22,7.470511860924178e-07,-0.1070609838340263
0,x_tcsc,1-14,-0.1065573707578366,7,MAP_SCADA,22,0.0005036130761897073,-0.1070609838340263
0,x_tcsc,1-14,-0.1070644728498086,7,MAP_PMU,22,3.48901578230143e-06,-0.1070609838340263
1,B_svc,2,0.1751825775548308,7,WLS,22,0.0001618965532640959,0.1753444741080949
1,B_svc,2,0.1730324904101736,7,MAP_SCADA,22,0.0023119836979212938,0.1753444741080949
1,B_svc,2,0.1751715877431154,7,MAP_PMU,22,0.00017288636497950205,0.1753444741080949
4,UPFC_Vse,5-15,0.0563379065405928,7,WLS,22,0.0005566396392350029,0.0557812669013578
4,UPFC_Vse,5-15,0.0565481061313362,7,MAP_SCADA,22,0.0007668392299784027,0.0557812669013578
4,UPFC_Vse,5-15,0.0563365241276179,7,MAP_PMU,22,0.0005552572262601044,0.0557812669013578
2,UPFC_Vsh,5-15,1.1108513900567605,7,WLS,22,0.0005439141409639969,1.1113953041977245
2,UPFC_Vsh,5-15,1.1131114318308462,7,MAP_SCADA,22,0.001716127633121678,1.1113953041977245
2,UPFC_Vsh,5-15,1.1108531448049102,7,MAP_PMU,22,0.0005421593928143231,1.1113953041977245
5,UPFC_tse,5-15,-2.1217060597603874,7,WLS,22,0.005098325771577539,-2.11660773398881
5,UPFC_tse,5-15,-2.120652839538623,7,MAP_SCADA,22,0.004045105549812966,-2.11660773398881
5,UPFC_tse,5-15,-2.121708291681718,7,MAP_PMU,22,0.005100557692907959,-2.11660773398881
3,UPFC_tsh,5-15,-0.23778425523536,7,WLS,22,4.4469715786699116e-05,-0.2377397855195733
3,UPFC_tsh,5-15,-0.2367058917981646,7,MAP_SCADA,22,0.0010338937214087185,-0.2377397855195733
3,UPFC_tsh,5-15,-0.2377841131434944,7,MAP_PMU,22,4.432762392109213e-05,-0.2377397855195733
0,x_tcsc,1-14,-0.1070741621111728,8,WLS,22,1.3178277146488893e-05,-0.1070609838340263
0,x_tcsc,1-14,-0.1071344394222101,8,MAP_SCADA,22,7.345558818379339e-05,-0.1070609838340263
0,x_tcsc,1-14,-0.1070741559134296,8,MAP_PMU,22,1.3172079403295234e-05,-0.1070609838340263
1,B_svc,2,0.1749804059383934,8,WLS,22,0.000364068169701498,0.1753444741080949
1,B_svc,2,0.178422838172466,8,MAP_SCADA,22,0.003078364064371092,0.1753444741080949
1,B_svc,2,0.1749769478161958,8,MAP_PMU,22,0.00036752629189909514,0.1753444741080949
4,UPFC_Vse,5-15,0.0557154175821638,8,WLS,22,6.584931919399739e-05,0.0557812669013578
4,UPFC_Vse,5-15,0.055807898128445,8,MAP_SCADA,22,2.663122708720239e-05,0.0557812669013578
4,UPFC_Vse,5-15,0.0557146280561944,8,MAP_PMU,22,6.663884516339841e-05,0.0557812669013578
2,UPFC_Vsh,5-15,1.110491430609064,8,WLS,22,0.0009038735886603977,1.1113953041977245
2,UPFC_Vsh,5-15,1.108225669414033,8,MAP_SCADA,22,0.0031696347836913663,1.1113953041977245
2,UPFC_Vsh,5-15,1.110491392280085,8,MAP_PMU,22,0.0009039119176394994,1.1113953041977245
5,UPFC_tse,5-15,-2.1210306047640195,8,WLS,22,0.004422870775209642,-2.11660773398881
5,UPFC_tse,5-15,-2.124134150618547,8,MAP_SCADA,22,0.007526416629737298,-2.11660773398881
5,UPFC_tse,5-15,-2.121037285889052,8,MAP_PMU,22,0.004429551900241968,-2.11660773398881
3,UPFC_tsh,5-15,-0.2377688701527056,8,WLS,22,2.908463313228138e-05,-0.2377397855195733
3,UPFC_tsh,5-15,-0.2384692950456517,8,MAP_SCADA,22,0.0007295095260783924,-0.2377397855195733
3,UPFC_tsh,5-15,-0.2377687399788421,8,MAP_PMU,22,2.895445926878737e-05,-0.2377397855195733
0,x_tcsc,1-14,-0.1070616862343441,9,WLS,22,7.02400317798002e-07,-0.1070609838340263
0,x_tcsc,1-14,-0.1077991589540639,9,MAP_SCADA,22,0.0007381751200375986,-0.1070609838340263
0,x_tcsc,1-14,-0.1070653674128171,9,MAP_PMU,22,4.383578790789766e-06,-0.1070609838340263
1,B_svc,2,0.1753682973230444,9,WLS,22,2.3823214949508786e-05,0.1753444741080949
1,B_svc,2,0.1763583555744501,9,MAP_SCADA,22,0.0010138814663551987,0.1753444741080949
1,B_svc,2,0.1753679433396063,9,MAP_PMU,22,2.346923151141933e-05,0.1753444741080949
4,UPFC_Vse,5-15,0.0560389896696748,9,WLS,22,0.0002577227683170022,0.0557812669013578
4,UPFC_Vse,5-15,0.0560465699486527,9,MAP_SCADA,22,0.00026530304729490556,0.0557812669013578
4,UPFC_Vse,5-15,0.0560389872923753,9,MAP_PMU,22,0.00025772039101750605,0.0557812669013578
2,UPFC_Vsh,5-15,1.1110186458288265,9,WLS,22,0.0003766583688979974,1.1113953041977245
2,UPFC_Vsh,5-15,1.1097831736243513,9,MAP_SCADA,22,0.0016121305733731717,1.1113953041977245
2,UPFC_Vsh,5-15,1.1110185193365425,9,MAP_PMU,22,0.00037678486118197796,1.1113953041977245
5,UPFC_tse,5-15,-2.1182840461602224,9,WLS,22,0.0016763121714125084,-2.11660773398881
5,UPFC_tse,5-15,-2.1202414192625936,9,MAP_SCADA,22,0.0036336852737837155,-2.11660773398881
5,UPFC_tse,5-15,-2.1182822968256247,9,MAP_PMU,22,0.0016745628368148857,-2.11660773398881
3,UPFC_tsh,5-15,-0.2377463491798913,9,WLS,22,6.563660317981945e-06,-0.2377397855195733
3,UPFC_tsh,5-15,-0.2377841401972573,9,MAP_SCADA,22,4.435467768398871e-05,-0.2377397855195733
3,UPFC_tsh,5-15,-0.2377463443656567,9,MAP_PMU,22,6.558846083387637e-06,-0.2377397855195733
0,x_tcsc,1-14,-0.106981561355848,0,WLS,23,1.129465101928906e-05,-0.1069928560068673
0,x_tcsc,1-14,-0.1089444442291636,0,MAP_SCADA,23,0.0019515882222963105,-0.1069928560068673
0,x_tcsc,1-14,-0.1069941095066868,0,MAP_PMU,23,1.2534998194979607e-06,-0.1069928560068673
1,B_svc,2,0.1750515428202513,0,WLS,23,0.0002132726453895062,0.1752648154656408
1,B_svc,2,0.174428196232649,0,MAP_SCADA,23,0.0008366192329918032,0.1752648154656408
1,B_svc,2,0.1750558685031362,0,MAP_PMU,23,0.00020894696250459144,0.1752648154656408
4,UPFC_Vse,5-15,0.0560320777272741,0,WLS,23,0.0003454317811259003,0.0556866459461482
4,UPFC_Vse,5-15,0.0561860795451701,0,MAP_SCADA,23,0.000499433599021902,0.0556866459461482
4,UPFC_Vse,5-15,0.0560321966349927,0,MAP_PMU,23,0.00034555068884449536,0.0556866459461482
2,UPFC_Vsh,5-15,1.1107171687725994,0,WLS,23,0.0007656996514924241,1.1114828684240918
2,UPFC_Vsh,5-15,1.1090519233992089,0,MAP_SCADA,23,0.0024309450248829467,1.1114828684240918
2,UPFC_Vsh,5-15,1.1107154453028862,0,MAP_PMU,23,0.0007674231212055904,1.1114828684240918
5,UPFC_tse,5-15,-2.121267212935615,0,WLS,23,0.005774125165216137,-2.115493087770399
5,UPFC_tse,5-15,-2.1204368032299503,0,MAP_SCADA,23,0.004943715459551523,-2.115493087770399
5,UPFC_tse,5-15,-2.1212673156910684,0,MAP_PMU,23,0.005774227920669617,-2.115493087770399
3,UPFC_tsh,5-15,-0.2378460995010693,0,WLS,23,9.13078554651281e-06,-0.2378369687155228
3,UPFC_tsh,5-15,-0.2367785914428654,0,MAP_SCADA,23,0.001058377272657396,-0.2378369687155228
3,UPFC_tsh,5-15,-0.2378461378847121,0,MAP_PMU,23,9.169169189304771e-06,-0.2378369687155228
0,x_tcsc,1-14,-0.1070109176523239,1,WLS,23,1.8061645456604603e-05,-0.1069928560068673
0,x_tcsc,1-14,-0.1086557864376798,1,MAP_SCADA,23,0.0016629304308125037,-0.1069928560068673
0,x_tcsc,1-14,-0.1070113534305012,1,MAP_PMU,23,1.8497423633898058e-05,-0.1069928560068673
1,B_svc,2,0.175351829465757,1,WLS,23,8.701400011620897e-05,0.1752648154656408
1,B_svc,2,0.1718083872692184,1,MAP_SCADA,23,0.0034564281964223897,0.1752648154656408
1,B_svc,2,0.1753528808733586,1,MAP_PMU,23,8.806540771780225e-05,0.1752648154656408
4,UPFC_Vse,5-15,0.0563615518993915,1,WLS,23,0.0006749059532433002,0.0556866459461482
4,UPFC_Vse,5-15,0.0563413319015134,1,MAP_SCADA,23,0.0006546859553651987,0.0556866459461482
4,UPFC_Vse,5-15,0.0563615096538701,1,MAP_PMU,23,0.0006748637077218997,0.0556866459461482
2,UPFC_Vsh,5-15,1.1105575085042516,1,WLS,23,0.0009253599198402185,1.1114828684240918
2,UPFC_Vsh,5-15,1.1111729212253298,1,MAP_SCADA,23,0.00030994719876198396,1.1114828684240918
2,UPFC_Vsh,5-15,1.1105572247674371,1,MAP_PMU,23,0.0009256436566547066,1.1114828684240918
5,UPFC_tse,5-15,-2.117872172049292,1,WLS,23,0.0023790842788931066,-2.115493087770399
5,UPFC_tse,5-15,-2.1163925574197218,1,MAP_SCADA,23,0.0008994696493229704,-2.115493087770399
5,UPFC_tse,5-15,-2.117872075465831,1,MAP_PMU,23,0.002378987695432322,-2.115493087770399
3,UPFC_tsh,5-15,-0.2378678867094989,1,WLS,23,3.0917993976115055e-05,-0.2378369687155228
3,UPFC_tsh,5-15,-0.2360064392531947,1,MAP_SCADA,23,0.0018305294623280899,-0.2378369687155228
3,UPFC_tsh,5-15,-0.237867860565979,1,MAP_PMU,23,3.089185045621057e-05,-0.2378369687155228
0,x_tcsc,1-14,-0.1069977652321829,2,WLS,23,4.909225315610777e-06,-0.1069928560068673
0,x_tcsc,1-14,-0.1089921741762098,2,MAP_SCADA,23,0.0019993181693424983,-0.1069928560068673
0,x_tcsc,1-14,-0.107010658075217,2,MAP_PMU,23,1.780206834969822e-05,-0.1069928560068673
1,B_svc,2,0.1753590319612468,2,WLS,23,9.421649560600875e-05,0.1752648154656408
1,B_svc,2,0.1740912333696392,2,MAP_SCADA,23,0.001173582096001602,0.1752648154656408
1,B_svc,2,0.1753631523116403,2,MAP_PMU,23,9.83368459994971e-05,0.1752648154656408
4,UPFC_Vse,5-15,0.0556893657445233,2,WLS,23,2.7197983751003907e-06,0.0556866459461482
4,UPFC_Vse,5-15,0.0557782403244673,2,MAP_SCADA,23,9.159437831909867e-05,0.0556866459461482
4,UPFC_Vse,5-15,0.0556897790068155,2,MAP_PMU,23,3.1330606672999584e-06,0.0556866459461482
2,UPFC_Vsh,5-15,1.1106234647380202,2,WLS,23,0.0008594036860716248,1.1114828684240918
2,UPFC_Vsh,5-15,1.1115687088844377,2,MAP_SCADA,23,8.584046034587622e-05,1.1114828684240918
2,UPFC_Vsh,5-15,1.1106204555077963,2,MAP_PMU,23,0.0008624129162955185,1.1114828684240918
5,UPFC_tse,5-15,-2.119335255152968,2,WLS,23,0.0038421673825692615,-2.115493087770399
5,UPFC_tse,5-15,-2.118666830349078,2,MAP_SCADA,23,0.003173742578679306,-2.115493087770399
5,UPFC_tse,5-15,-2.1193385882507845,2,MAP_PMU,23,0.0038455004803856774,-2.115493087770399
3,UPFC_tsh,5-15,-0.2378639991801053,2,WLS,23,2.7030464582522562e-05,-0.2378369687155228
3,UPFC_tsh,5-15,-0.2362029600831672,2,MAP_SCADA,23,0.001634008632355577,-0.2378369687155228
3,UPFC_tsh,5-15,-0.2378641555560587,2,MAP_PMU,23,2.7186840535903256e-05,-0.2378369687155228
0,x_tcsc,1-14,-0.1069960147089774,3,WLS,23,3.1587021101092683e-06,-0.1069928560068673
0,x_tcsc,1-14,-0.1099699090129551,3,MAP_SCADA,23,0.002977053006087804,-0.1069928560068673
0,x_tcsc,1-14,-0.106987705940788,3,MAP_PMU,23,5.15006607929025e-06,-0.1069928560068673
1,B_svc,2,0.1753541718280781,3,WLS,23,8.935636243731504e-05,0.1752648154656408
1,B_svc,2,0.1675215368568821,3,MAP_SCADA,23,0.0077432786087587024,0.1752648154656408
1,B_svc,2,0.1753473128394353,3,MAP_PMU,23,8.249737379451005e-05,0.1752648154656408
4,UPFC_Vse,5-15,0.0561210460906518,3,WLS,23,0.00043440014450359804,0.0556866459461482
4,UPFC_Vse,5-15,0.0558056429982969,3,MAP_SCADA,23,0.00011899705214869771,0.0556866459461482
4,UPFC_Vse,5-15,0.05612090278002,3,MAP_PMU,23,0.0004342568338717989,0.0556866459461482
2,UPFC_Vsh,5-15,1.1112836154181296,3,WLS,23,0.00019925300596224105,1.1114828684240918
2,UPFC_Vsh,5-15,1.1142020903269296,3,MAP_SCADA,23,0.0027192219028377984,1.1114828684240918
2,UPFC_Vsh,5-15,1.1112804407107508,3,MAP_PMU,23,0.0002024277133410024,1.1114828684240918
5,UPFC_tse,5-15,-2.1226261679186536,3,WLS,23,0.007133080148254756,-2.115493087770399
5,UPFC_tse,5-15,-2.1182558259789315,3,MAP_SCADA,23,0.002762738208532678,-2.115493087770399
5,UPFC_tse,5-15,-2.1226310353403157,3,MAP_PMU,23,0.007137947569916925,-2.115493087770399
3,UPFC_tsh,5-15,-0.2378883288660407,3,WLS,23,5.136015051790399e-05,-0.2378369687155228
3,UPFC_tsh,5-15,-0.2345995701709153,3,MAP_SCADA,23,0.0032373985446075004,-0.2378369687155228
3,UPFC_tsh,5-15,-0.237888321708459,3,MAP_PMU,23,5.1352992936209985e-05,-0.2378369687155228
0,x_tcsc,1-14,-0.1070073195147995,4,WLS,23,1.4463507932202524e-05,-0.1069928560068673
0,x_tcsc,1-14,-0.1082864962538895,4,MAP_SCADA,23,0.001293640247022207,-0.1069928560068673
0,x_tcsc,1-14,-0.1070177130251223,4,MAP_PMU,23,2.4857018254997865e-05,-0.1069928560068673
1,B_svc,2,0.1754676286965558,4,WLS,23,0.00020281323091500547,0.1752648154656408
1,B_svc,2,0.1774276333066684,4,MAP_SCADA,23,0.0021628178410275922,0.1752648154656408
1,B_svc,2,0.1754712175549085,4,MAP_PMU,23,0.00020640208926769876,0.1752648154656408
4,UPFC_Vse,5-15,0.056196208630935,4,WLS,23,0.0005095626847868018,0.0556866459461482
4,UPFC_Vse,5-15,0.0566497292789568,4,MAP_SCADA,23,0.0009630833328085966,0.0556866459461482
4,UPFC_Vse,5-15,0.0561968704591634,4,MAP_PMU,23,0.0005102245130151964,0.0556866459461482
2,UPFC_Vsh,5-15,1.110926191532038,4,WLS,23,0.0005566768920537424,1.1114828684240918
2,UPFC_Vsh,5-15,1.1100254231121638,4,MAP_SCADA,23,0.0014574453119280406,1.1114828684240918
2,UPFC_Vsh,5-15,1.1109248170827142,4,MAP_PMU,23,0.0005580513413776522,1.1114828684240918
5,UPFC_tse,5-15,-2.1187582778745515,4,WLS,23,0.0032651901041527154,-2.115493087770399
5,UPFC_tse,5-15,-2.120514447812158,4,MAP_SCADA,23,0.0050213600417592374,-2.115493087770399
5,UPFC_tse,5-15,-2.1187774807119224,4,MAP_PMU,23,0.003284392941523606,-2.115493087770399
3,UPFC_tsh,5-15,-0.2378718631842106,4,WLS,23,3.4894468687818314e-05,-0.2378369687155228
3,UPFC_tsh,5-15,-0.2372143558004812,4,MAP_SCADA,23,0.0006226129150415927,-0.2378369687155228
3,UPFC_tsh,5-15,-0.2378719406296161,4,MAP_PMU,23,3.4971914093323564e-05,-0.2378369687155228
0,x_tcsc,1-14,-0.1069943145886524,5,WLS,23,1.4585817851020533e-06,-0.1069928560068673
0,x_tcsc,1-14,-0.1098308118195774,5,MAP_SCADA,23,0.0028379558127101107,-0.1069928560068673
0,x_tcsc,1-14,-0.1069993064264778,5,MAP_PMU,23,6.450419610504188e-06,-0.1069928560068673
1,B_svc,2,0.1753609547438083,5,WLS,23,9.613927816751189e-05,0.1752648154656408
1,B_svc,2,0.1704339824644985,5,MAP_SCADA,23,0.004830833001142287,0.1752648154656408
1,B_svc,2,0.175364835586916,5,MAP_PMU,23,0.00010002012127521831,0.1752648154656408
4,UPFC_Vse,5-15,0.0557764765913808,5,WLS,23,8.98306452325956e-05,0.0556866459461482
4,UPFC_Vse,5-15,0.0557996144426486,5,MAP_SCADA,23,0.0001129684965004013,0.0556866459461482
4,UPFC_Vse,5-15,0.0557768599531969,5,MAP_PMU,23,9.021400704870008e-05,0.0556866459461482
2,UPFC_Vsh,5-15,1.1107194132547935,5,WLS,23,0.0007634551692983216,1.1114828684240918
2,UPFC_Vsh,5-15,1.111247408683594,5,MAP_SCADA,23,0.00023545974049787866,1.1114828684240918
2,UPFC_Vsh,5-15,1.1107165937133838,5,MAP_PMU,23,0.0007662747107080037,1.1114828684240918
5,UPFC_tse,5-15,-2.120382606108188,5,WLS,23,0.004889518337789056,-2.115493087770399
5,UPFC_tse,5-15,-2.118769078015071,5,MAP_SCADA,23,0.0032759902446724,-2.115493087770399
5,UPFC_tse,5-15,-2.120382762806058,5,MAP_PMU,23,0.004889675035659291,-2.115493087770399
3,UPFC_tsh,5-15,-0.2378856048151194,5,WLS,23,4.8636099596599536e-05,-0.2378369687155228
3,UPFC_tsh,5-15,-0.2359501929320838,5,MAP_SCADA,23,0.0018867757834389876,-0.2378369687155228
3,UPFC_tsh,5-15,-0.2378856745221756,5,MAP_PMU,23,4.87058066528101e-05,-0.2378369687155228
0,x_tcsc,1-14,-0.1070035066805048,6,WLS,23,1.0650673637507824e-05,-0.1069928560068673
0,x_tcsc,1-14,-0.1065297956301855,6,MAP_SCADA,23,0.0004630603766817981,-0.1069928560068673
0,x_tcsc,1-14,-0.1070025912816463,6,MAP_PMU,23,9.735274779001934e-06,-0.1069928560068673
1,B_svc,2,0.1752950355439538,6,WLS,23,3.022007831299245e-05,0.1752648154656408
1,B_svc,2,0.1783891471239537,6,MAP_SCADA,23,0.003124331658312912,0.1752648154656408
1,B_svc,2,0.1752946826525646,6,MAP_PMU,23,2.986718692379875e-05,0.1752648154656408
4,UPFC_Vse,5-15,0.0557596771157351,6,WLS,23,7.303116958690126e-05,0.0556866459461482
4,UPFC_Vse,5-15,0.0558549003478376,6,MAP_SCADA,23,0.00016825440168939665,0.0556866459461482
4,UPFC_Vse,5-15,0.055759030393698,6,MAP_PMU,23,7.238444754979756e-05,0.0556866459461482
2,UPFC_Vsh,5-15,1.110947761733606,6,WLS,23,0.0005351066904857316,1.1114828684240918
2,UPFC_Vsh,5-15,1.1123445065748574,6,MAP_SCADA,23,0.0008616381507655646,1.1114828684240918
2,UPFC_Vsh,5-15,1.1109483330019665,6,MAP_PMU,23,0.0005345354221253373,1.1114828684240918
5,UPFC_tse,5-15,-2.1223915208928195,6,WLS,23,0.006898433122420666,-2.115493087770399
5,UPFC_tse,5-15,-2.120361871387332,6,MAP_SCADA,23,0.004868783616933214,-2.115493087770399
5,UPFC_tse,5-15,-2.122391412416573,6,MAP_PMU,23,0.006898324646174014,-2.115493087770399
3,UPFC_tsh,5-15,-0.2378212350141363,6,WLS,23,1.5733701386494436e-05,-0.2378369687155228
3,UPFC_tsh,5-15,-0.2373298485568249,6,MAP_SCADA,23,0.000507120158697888,-0.2378369687155228
3,UPFC_tsh,5-15,-0.2378212024648373,6,MAP_PMU,23,1.5766250685500527e-05,-0.2378369687155228
0,x_tcsc,1-14,-0.1069947696822308,7,WLS,23,1.9136753635073944e-06,-0.1069928560068673
0,x_tcsc,1-14,-0.1065573707578366,7,MAP_SCADA,23,0.0004354852490306982,-0.1069928560068673
0,x_tcsc,1-14,-0.1069967277368603,7,MAP_PMU,23,3.871729992999118e-06,-0.1069928560068673
1,B_svc,2,0.1750935904029081,7,WLS,23,0.000171225062732705,0.1752648154656408
1,B_svc,2,0.1730324904101736,7,MAP_SCADA,23,0.0022323250554671936,0.1752648154656408
1,B_svc,2,0.1750828829064437,7,MAP_PMU,23,0.00018193255919710105,0.1752648154656408
4,UPFC_Vse,5-15,0.0563073062437833,7,WLS,23,0.0006206602976350992,0.0556866459461482
4,UPFC_Vse,5-15,0.0565481061313362,7,MAP_SCADA,23,0.0008614601851879983,0.0556866459461482
4,UPFC_Vse,5-15,0.056305769147875,7,MAP_PMU,23,0.0006191232017268011,0.0556866459461482
2,UPFC_Vsh,5-15,1.1108669525707708,7,WLS,23,0.0006159158533209919,1.1114828684240918
2,UPFC_Vsh,5-15,1.1131114318308462,7,MAP_SCADA,23,0.0016285634067543242,1.1114828684240918
2,UPFC_Vsh,5-15,1.110868944527568,7,MAP_PMU,23,0.0006139238965239269,1.1114828684240918
5,UPFC_tse,5-15,-2.12159088917332,7,WLS,23,0.006097801402921377,-2.115493087770399
5,UPFC_tse,5-15,-2.120652839538623,7,MAP_SCADA,23,0.00515975176822403,-2.115493087770399
5,UPFC_tse,5-15,-2.1215948655991617,7,MAP_PMU,23,0.0061017778287628666,-2.115493087770399
3,UPFC_tsh,5-15,-0.2378867423663253,7,WLS,23,4.977365080249818e-05,-0.2378369687155228
3,UPFC_tsh,5-15,-0.2367058917981646,7,MAP_SCADA,23,0.001131076917358198,-0.2378369687155228
3,UPFC_tsh,5-15,-0.2378865780490887,7,MAP_PMU,23,4.9609333565903135e-05,-0.2378369687155228
0,x_tcsc,1-14,-0.1070071881865534,8,WLS,23,1.4332179686105118e-05,-0.1069928560068673
0,x_tcsc,1-14,-0.1071344394222101,8,MAP_SCADA,23,0.0001415834153428025,-0.1069928560068673
0,x_tcsc,1-14,-0.1070075441831362,8,MAP_PMU,23,1.4688176268901065e-05,-0.1069928560068673
1,B_svc,2,0.1748916239342521,8,WLS,23,0.00037319153138870576,0.1752648154656408
1,B_svc,2,0.178422838172466,8,MAP_SCADA,23,0.003158022706825192,0.1752648154656408
1,B_svc,2,0.1748882086336367,8,MAP_PMU,23,0.00037660683200410605,0.1752648154656408
4,UPFC_Vse,5-15,0.0556848337942147,8,WLS,23,1.8121519335043135e-06,0.0556866459461482
4,UPFC_Vse,5-15,0.055807898128445,8,MAP_SCADA,23,0.00012125218229679796,0.0556866459461482
4,UPFC_Vse,5-15,0.055684183325376,8,MAP_PMU,23,2.46262077219922e-06,0.0556866459461482
2,UPFC_Vsh,5-15,1.110506867687783,8,WLS,23,0.0009760007363088796,1.1114828684240918
2,UPFC_Vsh,5-15,1.108225669414033,8,MAP_SCADA,23,0.00325719901005872,1.1114828684240918
2,UPFC_Vsh,5-15,1.1105067543274811,8,MAP_PMU,23,0.0009761140966106918,1.1114828684240918
5,UPFC_tse,5-15,-2.120912132358819,8,WLS,23,0.005419044588420352,-2.115493087770399
5,UPFC_tse,5-15,-2.124134150618547,8,MAP_SCADA,23,0.008641062848148362,-2.115493087770399
5,UPFC_tse,5-15,-2.120920020522672,8,MAP_PMU,23,0.005426932752273128,-2.115493087770399
3,UPFC_tsh,5-15,-0.237871334513293,8,WLS,23,3.436579777021942e-05,-0.2378369687155228
3,UPFC_tsh,5-15,-0.2384692950456517,8,MAP_SCADA,23,0.0006323263301289128,-0.2378369687155228
3,UPFC_tsh,5-15,-0.2378712163152154,8,MAP_PMU,23,3.424759969261615e-05,-0.2378369687155228
0,x_tcsc,1-14,-0.1069947414848872,9,WLS,23,1.8854780199084598e-06,-0.1069928560068673
0,x_tcsc,1-14,-0.1077991589540639,9,MAP_SCADA,23,0.0008063029471966077,-0.1069928560068673
0,x_tcsc,1-14,-0.1069990584806792,9,MAP_PMU,23,6.2024738119031975e-06,-0.1069928560068673
1,B_svc,2,0.1752794716572881,9,WLS,23,1.4656191647310912e-05,0.1752648154656408
1,B_svc,2,0.1763583555744501,9,MAP_SCADA,23,0.0010935401088092989,0.1752648154656408
1,B_svc,2,0.1752793282683059,9,MAP_PMU,23,1.4512802665095359e-05,0.1752648154656408
4,UPFC_Vse,5-15,0.056008442332746,9,WLS,23,0.0003217963865978016,0.0556866459461482
4,UPFC_Vse,5-15,0.0560465699486527,9,MAP_SCADA,23,0.00035992400250450113,0.0556866459461482
4,UPFC_Vse,5-15,0.0560085034288203,9,MAP_PMU,23,0.0003218574826720985,0.0556866459461482
2,UPFC_Vsh,5-15,1.1110341055853077,9,WLS,23,0.0004487628387841447,1.1114828684240918
2,UPFC_Vsh,5-15,1.1097831736243513,9,MAP_SCADA,23,0.0016996947997405254,1.1114828684240918
2,UPFC_Vsh,5-15,1.1110338733651126,9,MAP_PMU,23,0.000448995058979218,1.1114828684240918
5,UPFC_tse,5-15,-2.1181665018879543,9,WLS,23,0.002673414117555506,-2.115493087770399
5,UPFC_tse,5-15,-2.1202414192625936,9,MAP_SCADA,23,0.0047483314921947795,-2.115493087770399
5,UPFC_tse,5-15,-2.118165808109362,9,MAP_PMU,23,0.0026727203389631526,-2.115493087770399
3,UPFC_tsh,5-15,-0.2378488032253346,9,WLS,23,1.1834509811819993e-05,-0.2378369687155228
3,UPFC_tsh,5-15,-0.2377841401972573,9,MAP_SCADA,23,5.282851826549084e-05,-0.2378369687155228
3,UPFC_tsh,5-15,-0.2378488025408488,9,MAP_PMU,23,1.1833825326018621e-05,-0.2378369687155228
0,x_tcsc,1-14,-0.107354008936231,0,WLS,24,1.2843702229009546e-05,-0.10736685263846
0,x_tcsc,1-14,-0.1089444442291636,0,MAP_SCADA,24,0.0015775915907036003,-0.10736685263846
0,x_tcsc,1-14,-0.1073612944384983,0,MAP_PMU,24,5.558199961702703e-06,-0.10736685263846
1,B_svc,2,0.1754136485280046,0,WLS,24,0.00020471246145850608,0.1756183609894631
1,B_svc,2,0.174428196232649,0,MAP_SCADA,24,0.001190164756814105,0.1756183609894631
1,B_svc,2,0.1754143525964805,0,MAP_PMU,24,0.00020400839298259643,0.1756183609894631
4,UPFC_Vse,5-15,0.0559627377036814,0,WLS,24,0.0005662159495231009,0.0553965217541583
4,UPFC_Vse,5-15,0.0561860795451701,0,MAP_SCADA,24,0.000789557791011801,0.0553965217541583
4,UPFC_Vse,5-15,0.0559627089809477,0,MAP_PMU,24,0.0005661872267893955,0.0553965217541583
2,UPFC_Vsh,5-15,1.110726180285463,0,WLS,24,0.0007664900923636253,1.1114926703778267
2,UPFC_Vsh,5-15,1.1090519233992089,0,MAP_SCADA,24,0.002440746978617847,1.1114926703778267
2,UPFC_Vsh,5-15,1.1107253155818115,0,MAP_PMU,24,0.0007673547960151961,1.1114926703778267
5,UPFC_tse,5-15,-2.1216251366146857,0,WLS,24,0.010178132698333009,-2.1114470039163526
5,UPFC_tse,5-15,-2.1204368032299503,0,MAP_SCADA,24,0.008989799313597668,-2.1114470039163526
5,UPFC_tse,5-15,-2.121623753363369,0,MAP_PMU,24,0.010176749447016409,-2.1114470039163526
3,UPFC_tsh,5-15,-0.2376417618550231,0,WLS,24,1.578638206528593e-05,-0.2376259754729578
3,UPFC_tsh,5-15,-0.2367785914428654,0,MAP_SCADA,24,0.0008473840300924074,-0.2376259754729578
3,UPFC_tsh,5-15,-0.2376417531893472,0,MAP_PMU,24,1.5777716389386853e-05,-0.2376259754729578
0,x_tcsc,1-14,-0.1073833754205947,1,WLS,24,1.652278213469527e-05,-0.10736685263846
0,x_tcsc,1-14,-0.1086557864376798,1,MAP_SCADA,24,0.0012889337992197936,-0.10736685263846
0,x_tcsc,1-14,-0.1073813683513804,1,MAP_PMU,24,1.4515712920395996e-05,-0.10736685263846
1,B_svc,2,0.1757154103335279,1,WLS,24,9.704934406479238e-05,0.1756183609894631
1,B_svc,2,0.1718083872692184,1,MAP_SCADA,24,0.0038099737202446915,0.1756183609894631
1,B_svc,2,0.1757135240804103,1,MAP_PMU,24,9.516309094720343e-05,0.1756183609894631
4,UPFC_Vse,5-15,0.0562924183078825,1,WLS,24,0.0008958965537241986,0.0553965217541583
4,UPFC_Vse,5-15,0.0563413319015134,1,MAP_SCADA,24,0.0009448101473550977,0.0553965217541583
4,UPFC_Vse,5-15,0.0562920272510166,1,MAP_PMU,24,0.0008955054968582954,0.0553965217541583
2,UPFC_Vsh,5-15,1.1105656045968708,1,WLS,24,0.0009270657809559157,1.1114926703778267
2,UPFC_Vsh,5-15,1.1111729212253298,1,MAP_SCADA,24,0.0003197491524968843,1.1114926703778267
2,UPFC_Vsh,5-15,1.110566541560429,1,MAP_PMU,24,0.0009261288173976201,1.1114926703778267
5,UPFC_tse,5-15,-2.118218763058552,1,WLS,24,0.006771759142199407,-2.1114470039163526
5,UPFC_tse,5-15,-2.1163925574197218,1,MAP_SCADA,24,0.004945553503369116,-2.1114470039163526
5,UPFC_tse,5-15,-2.1182182636185813,1,MAP_PMU,24,0.0067712597022286936,-2.1114470039163526
3,UPFC_tsh,5-15,-0.2376636077567875,1,WLS,24,3.763228382969164e-05,-0.2376259754729578
3,UPFC_tsh,5-15,-0.2360064392531947,1,MAP_SCADA,24,0.0016195362197631014,-0.2376259754729578
3,UPFC_tsh,5-15,-0.2376634617447369,1,MAP_PMU,24,3.7486271779102465e-05,-0.2376259754729578
0,x_tcsc,1-14,-0.1073702502781049,2,WLS,24,3.397639644894812e-06,-0.10736685263846
0,x_tcsc,1-14,-0.1089921741762098,2,MAP_SCADA,24,0.0016253215377497882,-0.10736685263846
0,x_tcsc,1-14,-0.1073777832416328,2,MAP_PMU,24,1.0930603172795705e-05,-0.10736685263846
1,B_svc,2,0.1757210384873741,2,WLS,24,0.00010267749791101344,0.1756183609894631
1,B_svc,2,0.1740912333696392,2,MAP_SCADA,24,0.0015271276198239037,0.1756183609894631
1,B_svc,2,0.175721100670153,2,MAP_PMU,24,0.00010273968068991168,0.1756183609894631
4,UPFC_Vse,5-15,0.0556199658234298,2,WLS,24,0.00022344406927149452,0.0553965217541583
4,UPFC_Vse,5-15,0.0557782403244673,2,MAP_SCADA,24,0.0003817185703089976,0.0553965217541583
4,UPFC_Vse,5-15,0.055619994218832,2,MAP_PMU,24,0.0002234724646736977,0.0553965217541583
2,UPFC_Vsh,5-15,1.1106320115920307,2,WLS,24,0.000860658785795998,1.1114926703778267
2,UPFC_Vsh,5-15,1.1115687088844377,2,MAP_SCADA,24,7.603850661097589e-05,1.1114926703778267
2,UPFC_Vsh,5-15,1.1106304189018936,2,MAP_PMU,24,0.0008622514759331068,1.1114926703778267
5,UPFC_tse,5-15,-2.119692975971276,2,WLS,24,0.008245972054923278,-2.1114470039163526
5,UPFC_tse,5-15,-2.118666830349078,2,MAP_SCADA,24,0.007219826432725451,-2.1114470039163526
5,UPFC_tse,5-15,-2.1196951890973192,2,MAP_PMU,24,0.008248185180966594,-2.1114470039163526
3,UPFC_tsh,5-15,-0.2376597420713808,2,WLS,24,3.376659842299623e-05,-0.2376259754729578
3,UPFC_tsh,5-15,-0.2362029600831672,2,MAP_SCADA,24,0.0014230153897905884,-0.2376259754729578
3,UPFC_tsh,5-15,-0.2376597579511832,2,MAP_PMU,24,3.378247822538594e-05,-0.2376259754729578
0,x_tcsc,1-14,-0.1073683435331912,3,WLS,24,1.4908947311986775e-06,-0.10736685263846
0,x_tcsc,1-14,-0.1099699090129551,3,MAP_SCADA,24,0.002603056374495094,-0.10736685263846
0,x_tcsc,1-14,-0.1073562394387173,3,MAP_PMU,24,1.061319974270114e-05,-0.10736685263846
1,B_svc,2,0.1757162347711606,3,WLS,24,9.78737816975106e-05,0.1756183609894631
1,B_svc,2,0.1675215368568821,3,MAP_SCADA,24,0.008096824132581004,0.1756183609894631
1,B_svc,2,0.1757037276444615,3,MAP_PMU,24,8.536665499839224e-05,0.1756183609894631
4,UPFC_Vse,5-15,0.0560522843953272,3,WLS,24,0.0006557626411688999,0.0553965217541583
4,UPFC_Vse,5-15,0.0558056429982969,3,MAP_SCADA,24,0.00040912124413859663,0.0553965217541583
4,UPFC_Vse,5-15,0.0560512856392719,3,MAP_PMU,24,0.0006547638851135962,0.0553965217541583
2,UPFC_Vsh,5-15,1.1112918994940546,3,WLS,24,0.00020077088377212782,1.1114926703778267
2,UPFC_Vsh,5-15,1.1142020903269296,3,MAP_SCADA,24,0.002709419949102898,1.1114926703778267
2,UPFC_Vsh,5-15,1.1112907773900484,3,MAP_PMU,24,0.0002018929877782849,1.1114926703778267
5,UPFC_tse,5-15,-2.122984378758801,3,WLS,24,0.011537374842448322,-2.1114470039163526
5,UPFC_tse,5-15,-2.1182558259789315,3,MAP_SCADA,24,0.006808822062578823,-2.1114470039163526
5,UPFC_tse,5-15,-2.1229880470201867,3,MAP_PMU,24,0.011541043103834081,-2.1114470039163526
3,UPFC_tsh,5-15,-0.237684035146433,3,WLS,24,5.8059673475191476e-05,-0.2376259754729578
3,UPFC_tsh,5-15,-0.2345995701709153,3,MAP_SCADA,24,0.003026405302042512,-0.2376259754729578
3,UPFC_tsh,5-15,-0.2376838078041464,3,MAP_PMU,24,5.7832331188611974e-05,-0.2376259754729578
0,x_tcsc,1-14,-0.1073798168759741,4,WLS,24,1.2964237514095922e-05,-0.10736685263846
0,x_tcsc,1-14,-0.1082864962538895,4,MAP_SCADA,24,0.0009196436154294968,-0.10736685263846
0,x_tcsc,1-14,-0.1073854966120788,4,MAP_PMU,24,1.864397361879544e-05,-0.10736685263846
1,B_svc,2,0.1758306704935187,4,WLS,24,0.00021230950405559668,0.1756183609894631
1,B_svc,2,0.1774276333066684,4,MAP_SCADA,24,0.0018092723172052905,0.1756183609894631
1,B_svc,2,0.1758312735386079,4,MAP_PMU,24,0.00021291254914479474,0.1756183609894631
4,UPFC_Vse,5-15,0.0561269481720998,4,WLS,24,0.0007304264179415002,0.0553965217541583
4,UPFC_Vse,5-15,0.0566497292789568,4,MAP_SCADA,24,0.0012532075247984956,0.0553965217541583
4,UPFC_Vse,5-15,0.0561274720381401,4,MAP_PMU,24,0.0007309502839817975,0.0553965217541583
2,UPFC_Vsh,5-15,1.1109348189803812,4,WLS,24,0.0005578513974455745,1.1114926703778267
2,UPFC_Vsh,5-15,1.1100254231121638,4,MAP_SCADA,24,0.001467247265662941,1.1114926703778267
2,UPFC_Vsh,5-15,1.1109344123351006,4,MAP_PMU,24,0.0005582580427261341,1.1114926703778267
5,UPFC_tse,5-15,-2.119113945741101,4,WLS,24,0.007666941824748363,-2.1114470039163526
5,UPFC_tse,5-15,-2.120514447812158,4,MAP_SCADA,24,0.009067443895805383,-2.1114470039163526
5,UPFC_tse,5-15,-2.119131684636561,4,MAP_PMU,24,0.007684680720208448,-2.1114470039163526
3,UPFC_tsh,5-15,-0.2376675787440759,4,WLS,24,4.160327111810136e-05,-0.2376259754729578
3,UPFC_tsh,5-15,-0.2372143558004812,4,MAP_SCADA,24,0.00041161967247660414,-0.2376259754729578
3,UPFC_tsh,5-15,-0.2376675935752963,4,MAP_PMU,24,4.161810233849206e-05,-0.2376259754729578
0,x_tcsc,1-14,-0.1073668402799399,5,WLS,24,1.2358520110056226e-08,-0.10736685263846
0,x_tcsc,1-14,-0.1098308118195774,5,MAP_SCADA,24,0.0024639591811174005,-0.10736685263846
0,x_tcsc,1-14,-0.1073667064088272,5,MAP_PMU,24,1.4622963280530588e-07,-0.10736685263846
1,B_svc,2,0.1757233900206389,5,WLS,24,0.00010502903117579065,0.1756183609894631
1,B_svc,2,0.1704339824644985,5,MAP_SCADA,24,0.005184378524964589,0.1756183609894631
1,B_svc,2,0.1757220849731404,5,MAP_PMU,24,0.00010372398367730629,0.1756183609894631
4,UPFC_Vse,5-15,0.0557074373823061,5,WLS,24,0.00031091562814779955,0.0553965217541583
4,UPFC_Vse,5-15,0.0557996144426486,5,MAP_SCADA,24,0.0004030926884903002,0.0553965217541583
4,UPFC_Vse,5-15,0.055707381692998,5,MAP_PMU,24,0.0003108599388396971,0.0553965217541583
2,UPFC_Vsh,5-15,1.1107276588227537,5,WLS,24,0.0007650115550730252,1.1114926703778267
2,UPFC_Vsh,5-15,1.111247408683594,5,MAP_SCADA,24,0.000245261694232779,1.1114926703778267
2,UPFC_Vsh,5-15,1.1107264933551817,5,MAP_PMU,24,0.0007661770226450315,1.1114926703778267
5,UPFC_tse,5-15,-2.120744868045105,5,WLS,24,0.00929786412875222,-2.1114470039163526
5,UPFC_tse,5-15,-2.118769078015071,5,MAP_SCADA,24,0.007322074098718545,-2.1114470039163526
5,UPFC_tse,5-15,-2.12074445137526,5,MAP_PMU,24,0.00929744745890737,-2.1114470039163526
3,UPFC_tsh,5-15,-0.2376815022539545,5,WLS,24,5.552678099671193e-05,-0.2376259754729578
3,UPFC_tsh,5-15,-0.2359501929320838,5,MAP_SCADA,24,0.001675782540873999,-0.2376259754729578
3,UPFC_tsh,5-15,-0.2376814213008115,5,MAP_PMU,24,5.5445827853689567e-05,-0.2376259754729578
0,x_tcsc,1-14,-0.1073759212315663,6,WLS,24,9.06859310628727e-06,-0.10736685263846
0,x_tcsc,1-14,-0.1065297956301855,6,MAP_SCADA,24,0.0008370570082745082,-0.10736685263846
0,x_tcsc,1-14,-0.1073761058870169,6,MAP_PMU,24,9.25324855689802e-06,-0.10736685263846
1,B_svc,2,0.175657306605143,6,WLS,24,3.8945615679908396e-05,0.1756183609894631
1,B_svc,2,0.1783891471239537,6,MAP_SCADA,24,0.0027707861344906104,0.1756183609894631
1,B_svc,2,0.1756555165678964,6,MAP_PMU,24,3.7155578433312186e-05,0.1756183609894631
4,UPFC_Vse,5-15,0.0556905617471238,6,WLS,24,0.00029403999296549743,0.0553965217541583
4,UPFC_Vse,5-15,0.0558549003478376,6,MAP_SCADA,24,0.00045837859367929557,0.0553965217541583
4,UPFC_Vse,5-15,0.0556897039767539,6,MAP_PMU,24,0.0002931822225955977,0.0553965217541583
2,UPFC_Vsh,5-15,1.1109565175623966,6,WLS,24,0.0005361528154301798,1.1114926703778267
2,UPFC_Vsh,5-15,1.1123445065748574,6,MAP_SCADA,24,0.0008518361970306643,1.1114926703778267
2,UPFC_Vsh,5-15,1.110957132912215,6,MAP_PMU,24,0.0005355374656117462,1.1114926703778267
5,UPFC_tse,5-15,-2.1227459592305613,6,WLS,24,0.011298955314208659,-2.1114470039163526
5,UPFC_tse,5-15,-2.120361871387332,6,MAP_SCADA,24,0.00891486747097936,-2.1114470039163526
5,UPFC_tse,5-15,-2.122742485036944,6,MAP_PMU,24,0.011295481120591422,-2.1114470039163526
3,UPFC_tsh,5-15,-0.2376169325253216,6,WLS,24,9.042947636206389e-06,-0.2376259754729578
3,UPFC_tsh,5-15,-0.2373298485568249,6,MAP_SCADA,24,0.00029612691613289943,-0.2376259754729578
3,UPFC_tsh,5-15,-0.237616849310537,6,MAP_PMU,24,9.126162420797224e-06,-0.2376259754729578
0,x_tcsc,1-14,-0.1073673014423332,7,WLS,24,4.48803873190351e-07,-0.10736685263846
0,x_tcsc,1-14,-0.1065573707578366,7,MAP_SCADA,24,0.0008094818806234083,-0.10736685263846
0,x_tcsc,1-14,-0.1073741819224975,7,MAP_PMU,24,7.329284037488337e-06,-0.10736685263846
1,B_svc,2,0.1754561394215384,7,WLS,24,0.00016222156792469744,0.1756183609894631
1,B_svc,2,0.1730324904101736,7,MAP_SCADA,24,0.0025858705792894954,0.1756183609894631
1,B_svc,2,0.1754446149798305,7,MAP_PMU,24,0.00017374600963260267,0.1756183609894631
4,UPFC_Vse,5-15,0.056238979338332,7,WLS,24,0.0008424575841737003,0.0553965217541583
4,UPFC_Vse,5-15,0.0565481061313362,7,MAP_SCADA,24,0.0011515843771778972,0.0553965217541583
4,UPFC_Vse,5-15,0.0562371933149546,7,MAP_PMU,24,0.0008406715607962995,0.0553965217541583
2,UPFC_Vsh,5-15,1.1108747965676804,7,WLS,24,0.0006178738101463299,1.1114926703778267
2,UPFC_Vsh,5-15,1.1131114318308462,7,MAP_SCADA,24,0.0016187614530194239,1.1114926703778267
2,UPFC_Vsh,5-15,1.110877521415818,7,MAP_PMU,24,0.0006151489620087602,1.1114926703778267
5,UPFC_tse,5-15,-2.1219418393795206,7,WLS,24,0.010494835463167984,-2.1114470039163526
5,UPFC_tse,5-15,-2.120652839538623,7,MAP_SCADA,24,0.009205835622270175,-2.1114470039163526
5,UPFC_tse,5-15,-2.121941545368235,7,MAP_PMU,24,0.010494541451882444,-2.1114470039163526
3,UPFC_tsh,5-15,-0.2376826643215152,7,WLS,24,5.6688848557390203e-05,-0.2376259754729578
3,UPFC_tsh,5-15,-0.2367058917981646,7,MAP_SCADA,24,0.0009200836747932095,-0.2376259754729578
3,UPFC_tsh,5-15,-0.2376824119089948,7,MAP_PMU,24,5.64364360370051e-05,-0.2376259754729578
0,x_tcsc,1-14,-0.1073797007712672,8,WLS,24,1.2848132807191659e-05,-0.10736685263846
0,x_tcsc,1-14,-0.1071344394222101,8,MAP_SCADA,24,0.00023241321624990763,-0.10736685263846
0,x_tcsc,1-14,-0.1073786236919695,8,MAP_PMU,24,1.1771053509496143e-05,-0.10736685263846
1,B_svc,2,0.1752535001343923,8,WLS,24,0.0003648608550707866,0.1756183609894631
1,B_svc,2,0.178422838172466,8,MAP_SCADA,24,0.0028044771830028903,0.1756183609894631
1,B_svc,2,0.1752498308336061,8,MAP_PMU,24,0.0003685301558569998,0.1756183609894631
4,UPFC_Vse,5-15,0.0556155888568589,8,WLS,24,0.00021906710270059443,0.0553965217541583
4,UPFC_Vse,5-15,0.055807898128445,8,MAP_SCADA,24,0.0004113763742866969,0.0553965217541583
4,UPFC_Vse,5-15,0.0556150851062219,8,MAP_PMU,24,0.0002185633520635985,0.0553965217541583
2,UPFC_Vsh,5-15,1.1105152294301277,8,WLS,24,0.0009774409476990265,1.1114926703778267
2,UPFC_Vsh,5-15,1.108225669414033,8,MAP_SCADA,24,0.0032670009637936204,1.1114926703778267
2,UPFC_Vsh,5-15,1.1105151828624886,8,MAP_PMU,24,0.0009774875153381046,1.1114926703778267
5,UPFC_tse,5-15,-2.1212733159859924,8,WLS,24,0.009826312069639798,-2.1114470039163526
5,UPFC_tse,5-15,-2.124134150618547,8,MAP_SCADA,24,0.012687146702194507,-2.1114470039163526
5,UPFC_tse,5-15,-2.1212820737948896,8,MAP_PMU,24,0.009835069878536995,-2.1114470039163526
3,UPFC_tsh,5-15,-0.2376670021781158,8,WLS,24,4.102670515798712e-05,-0.2376259754729578
3,UPFC_tsh,5-15,-0.2384692950456517,8,MAP_SCADA,24,0.0008433195726939013,-0.2376259754729578
3,UPFC_tsh,5-15,-0.2376669598033506,8,MAP_PMU,24,4.098433039279037e-05,-0.2376259754729578
0,x_tcsc,1-14,-0.1073671260952895,9,WLS,24,2.7345682949986294e-07,-0.10736685263846
0,x_tcsc,1-14,-0.1077991589540639,9,MAP_SCADA,24,0.00043230631560389754,-0.10736685263846
0,x_tcsc,1-14,-0.1073685261762758,9,MAP_PMU,24,1.6735378157994862e-06,-0.10736685263846
1,B_svc,2,0.1756413771071981,9,WLS,24,2.3016117735003006e-05,0.1756183609894631
1,B_svc,2,0.1763583555744501,9,MAP_SCADA,24,0.0007399945849869971,0.1756183609894631
1,B_svc,2,0.1756404249296682,9,MAP_PMU,24,2.2063940205097055e-05,0.1756183609894631
4,UPFC_Vse,5-15,0.0559394183887378,9,WLS,24,0.0005428966345794942,0.0553965217541583
4,UPFC_Vse,5-15,0.0560465699486527,9,MAP_SCADA,24,0.0006500481944944,0.0553965217541583
4,UPFC_Vse,5-15,0.0559395398924085,9,MAP_PMU,24,0.0005430181382501953,0.0553965217541583
2,UPFC_Vsh,5-15,1.111042507850623,9,WLS,24,0.0004501625272037568,1.1114926703778267
2,UPFC_Vsh,5-15,1.1097831736243513,9,MAP_SCADA,24,0.0017094967534754257,1.1114926703778267
2,UPFC_Vsh,5-15,1.1110425938422026,9,MAP_PMU,24,0.0004500765356241221,1.1114926703778267
5,UPFC_tse,5-15,-2.1185194254101987,9,WLS,24,0.007072421493846015,-2.1114470039163526
5,UPFC_tse,5-15,-2.1202414192625936,9,MAP_SCADA,24,0.008794415346240925,-2.1114470039163526
5,UPFC_tse,5-15,-2.118520603765647,9,MAP_PMU,24,0.007073599849294343,-2.1114470039163526
3,UPFC_tsh,5-15,-0.2376447168832179,9,WLS,24,1.874141026009246e-05,-0.2376259754729578
3,UPFC_tsh,5-15,-0.2377841401972573,9,MAP_SCADA,24,0.00015816472429949768,-0.2376259754729578
3,UPFC_tsh,5-15,-0.2376447267978989,9,MAP_PMU,24,1.8751324941085334e-05,-0.2376259754729578
0,x_tcsc,1-14,-0.152983851381551,0,WLS,25,0.00019586555220160728,-0.1531797169337526
0,x_tcsc,1-14,-0.1089444442291636,0,MAP_SCADA,25,0.04423527270458899,-0.1531797169337526
0,x_tcsc,1-14,-0.1750079831052499,0,MAP_PMU,25,0.0218282661714973,-0.1531797169337526
1,B_svc,2,0.4464922259860748,0,WLS,25,0.002420974532078679,0.4489132005181535
1,B_svc,2,0.174428196232649,0,MAP_SCADA,25,0.2744850042855045,0.4489132005181535
1,B_svc,2,0.4413538846035224,0,MAP_PMU,25,0.007559315914631104,0.4489132005181535
4,UPFC_Vse,5-15,0.056603372763287,0,WLS,25,0.000854605247030904,0.0557487675162561
4,UPFC_Vse,5-15,0.0561860795451701,0,MAP_SCADA,25,0.00043731202891400534,0.0557487675162561
4,UPFC_Vse,5-15,0.058744955538294,0,MAP_PMU,25,0.002996188022037903,0.0557487675162561
2,UPFC_Vsh,5-15,1.107816777424511,0,WLS,25,0.0033488426961090223,1.11116562012062
2,UPFC_Vsh,5-15,1.1090519233992089,0,MAP_SCADA,25,0.0021136967214110403,1.11116562012062
2,UPFC_Vsh,5-15,1.0968503480040508,0,MAP_PMU,25,0.014315272116569133,1.11116562012062
5,UPFC_tse,5-15,-2.122565875390827,0,WLS,25,0.014140605973957943,-2.1084252694168693
5,UPFC_tse,5-15,-2.1204368032299503,0,MAP_SCADA,25,0.012011533813081066,-2.1084252694168693
5,UPFC_tse,5-15,-2.1323104643036777,0,MAP_PMU,25,0.023885194886808403,-2.1084252694168693
3,UPFC_tsh,5-15,-0.2338705599200792,0,WLS,25,0.00019557909939552087,-0.2336749808206837
3,UPFC_tsh,5-15,-0.2367785914428654,0,MAP_SCADA,25,0.0031036106221817017,-0.2336749808206837
3,UPFC_tsh,5-15,-0.2347322897147279,0,MAP_PMU,25,0.0010573088940442066,-0.2336749808206837
0,x_tcsc,1-14,-0.1530226042116858,1,WLS,25,0.00015711272206681004,-0.1531797169337526
0,x_tcsc,1-14,-0.1086557864376798,1,MAP_SCADA,25,0.0445239304960728,-0.1531797169337526
0,x_tcsc,1-14,-0.1755649449149907,1,MAP_PMU,25,0.0223852279812381,-0.1531797169337526
1,B_svc,2,0.4471052809095981,1,WLS,25,0.001807919608555364,0.4489132005181535
1,B_svc,2,0.1718083872692184,1,MAP_SCADA,25,0.2771048132489351,0.4489132005181535
1,B_svc,2,0.441249309580851,1,MAP_PMU,25,0.007663890937302464,0.4489132005181535
4,UPFC_Vse,5-15,0.0569426902559017,1,WLS,25,0.0011939227396456017,0.0557487675162561
4,UPFC_Vse,5-15,0.0563413319015134,1,MAP_SCADA,25,0.000592564385257302,0.0557487675162561
4,UPFC_Vse,5-15,0.0590824007070478,1,MAP_PMU,25,0.0033336331907917044,0.0557487675162561
2,UPFC_Vsh,5-15,1.1076004266785564,1,WLS,25,0.003565193442063519,1.11116562012062
2,UPFC_Vsh,5-15,1.1111729212253298,1,MAP_SCADA,25,7.301104709922512e-06,1.11116562012062
2,UPFC_Vsh,5-15,1.096446464822499,1,MAP_PMU,25,0.014719155298120956,1.11116562012062
5,UPFC_tse,5-15,-2.1191595630165647,1,WLS,25,0.010734293599695466,-2.1084252694168693
5,UPFC_tse,5-15,-2.1163925574197218,1,MAP_SCADA,25,0.007967288002852513,-2.1084252694168693
5,UPFC_tse,5-15,-2.129113563478663,1,MAP_PMU,25,0.020688294061793844,-2.1084252694168693
3,UPFC_tsh,5-15,-0.2338975636256095,1,WLS,25,0.0002225828049258194,-0.2336749808206837
3,UPFC_tsh,5-15,-0.2360064392531947,1,MAP_SCADA,25,0.0023314584325110077,-0.2336749808206837
3,UPFC_tsh,5-15,-0.2347715282260778,1,MAP_PMU,25,0.0010965474053941104,-0.2336749808206837
0,x_tcsc,1-14,-0.1530048327774908,2,WLS,25,0.00017488415626179532,-0.1531797169337526
0,x_tcsc,1-14,-0.1089921741762098,2,MAP_SCADA,25,0.0441875427575428,-0.1531797169337526
0,x_tcsc,1-14,-0.174985667146061,2,MAP_PMU,25,0.02180595021230841,-0.1531797169337526
1,B_svc,2,0.4467644608724447,2,WLS,25,0.002148739645708775,0.4489132005181535
1,B_svc,2,0.1740912333696392,2,MAP_SCADA,25,0.27482196714851426,0.4489132005181535
1,B_svc,2,0.4412528786248348,2,MAP_PMU,25,0.007660321893318667,0.4489132005181535
4,UPFC_Vse,5-15,0.0562601711410026,2,WLS,25,0.0005114036247465051,0.0557487675162561
4,UPFC_Vse,5-15,0.0557782403244673,2,MAP_SCADA,25,2.9472808211201962e-05,0.0557487675162561
4,UPFC_Vse,5-15,0.0583826303429787,2,MAP_PMU,25,0.002633862826722601,0.0557487675162561
2,UPFC_Vsh,5-15,1.1077245910189153,2,WLS,25,0.003441029101704629,1.11116562012062
2,UPFC_Vsh,5-15,1.1115687088844377,2,MAP_SCADA,25,0.0004030887638177827,1.11116562012062
2,UPFC_Vsh,5-15,1.096761941051592,2,MAP_PMU,25,0.014403679069027842,1.11116562012062
5,UPFC_tse,5-15,-2.1207097954018166,2,WLS,25,0.012284525984947336,-2.1084252694168693
5,UPFC_tse,5-15,-2.118666830349078,2,MAP_SCADA,25,0.010241560932208849,-2.1084252694168693
5,UPFC_tse,5-15,-2.1303792518835216,2,MAP_PMU,25,0.021953982466652366,-2.1084252694168693
3,UPFC_tsh,5-15,-0.2338904776952228,2,WLS,25,0.00021549687453911726,-0.2336749808206837
3,UPFC_tsh,5-15,-0.2362029600831672,2,MAP_SCADA,25,0.0025279792624835207,-0.2336749808206837
3,UPFC_tsh,5-15,-0.2347540587384381,2,MAP_PMU,25,0.0010790779177544119,-0.2336749808206837
0,x_tcsc,1-14,-0.1529935074677351,3,WLS,25,0.0001862094660174951,-0.1531797169337526
0,x_tcsc,1-14,-0.1099699090129551,3,MAP_SCADA,25,0.0432098079207975,-0.1531797169337526
0,x_tcsc,1-14,-0.1749341390798732,3,MAP_PMU,25,0.02175442214612061,-0.1531797169337526
1,B_svc,2,0.4467777452685704,3,WLS,25,0.0021354552495830847,0.4489132005181535
1,B_svc,2,0.1675215368568821,3,MAP_SCADA,25,0.2813916636612714,0.4489132005181535
1,B_svc,2,0.4409480064139509,3,MAP_PMU,25,0.0079651941042026,0.4489132005181535
4,UPFC_Vse,5-15,0.0567018327702007,3,WLS,25,0.0009530652539446044,0.0557487675162561
4,UPFC_Vse,5-15,0.0558056429982969,3,MAP_SCADA,25,5.6875482040801006e-05,0.0557487675162561
4,UPFC_Vse,5-15,0.0587058418318255,3,MAP_PMU,25,0.002957074315569401,0.0557487675162561
2,UPFC_Vsh,5-15,1.1083448194247665,3,WLS,25,0.0028208006958534426,1.11116562012062
2,UPFC_Vsh,5-15,1.1142020903269296,3,MAP_SCADA,25,0.003036470206309705,1.11116562012062
2,UPFC_Vsh,5-15,1.0977007284191975,3,MAP_PMU,25,0.013464891701422399,1.11116562012062
5,UPFC_tse,5-15,-2.123855331152572,3,WLS,25,0.015430061735702605,-2.1084252694168693
5,UPFC_tse,5-15,-2.1182558259789315,3,MAP_SCADA,25,0.00983055656206222,-2.1084252694168693
5,UPFC_tse,5-15,-2.133162159320209,3,MAP_PMU,25,0.024736889903339776,-2.1084252694168693
3,UPFC_tsh,5-15,-0.2339160583065336,3,WLS,25,0.0002410774858498943,-0.2336749808206837
3,UPFC_tsh,5-15,-0.2345995701709153,3,MAP_SCADA,25,0.0009245893502315972,-0.2336749808206837
3,UPFC_tsh,5-15,-0.2347547004787302,3,MAP_PMU,25,0.001079719658046513,-0.2336749808206837
0,x_tcsc,1-14,-0.1530206623623789,4,WLS,25,0.00015905457137369017,-0.1531797169337526
0,x_tcsc,1-14,-0.1082864962538895,4,MAP_SCADA,25,0.044893220679863094,-0.1531797169337526
0,x_tcsc,1-14,-0.1753327077708476,4,MAP_PMU,25,0.022152990837095016,-0.1531797169337526
1,B_svc,2,0.4470760462003497,4,WLS,25,0.0018371543178037908,0.4489132005181535
1,B_svc,2,0.1774276333066684,4,MAP_SCADA,25,0.2714855672114851,0.4489132005181535
1,B_svc,2,0.4416584144666753,4,MAP_PMU,25,0.007254786051478168,0.4489132005181535
4,UPFC_Vse,5-15,0.0567645544171588,4,WLS,25,0.0010157869009027043,0.0557487675162561
4,UPFC_Vse,5-15,0.0566497292789568,4,MAP_SCADA,25,0.0009009617627006999,0.0557487675162561
4,UPFC_Vse,5-15,0.0589680680303099,4,MAP_PMU,25,0.003219300514053801,0.0557487675162561
2,UPFC_Vsh,5-15,1.1080320697291324,4,WLS,25,0.0031335503914875495,1.11116562012062
2,UPFC_Vsh,5-15,1.1100254231121638,4,MAP_SCADA,25,0.0011401970084561341,1.11116562012062
2,UPFC_Vsh,5-15,1.0968385664510092,4,MAP_PMU,25,0.014327053669610734,1.11116562012062
5,UPFC_tse,5-15,-2.120075594093162,4,WLS,25,0.0116503246762929,-2.1084252694168693
5,UPFC_tse,5-15,-2.120514447812158,4,MAP_SCADA,25,0.01208917839528878,-2.1084252694168693
5,UPFC_tse,5-15,-2.129732830180536,4,MAP_PMU,25,0.0213075607636668,-2.1084252694168693
3,UPFC_tsh,5-15,-0.2338965057750561,4,WLS,25,0.00022152495437241515,-0.2336749808206837
3,UPFC_tsh,5-15,-0.2372143558004812,4,MAP_SCADA,25,0.003539374979797505,-0.2336749808206837
3,UPFC_tsh,5-15,-0.2347739138837614,4,MAP_PMU,25,0.001098933063077706,-0.2336749808206837
0,x_tcsc,1-14,-0.1529994134448343,5,WLS,25,0.0001803034889182875,-0.1531797169337526
0,x_tcsc,1-14,-0.1098308118195774,5,MAP_SCADA,25,0.04334890511417519,-0.1531797169337526
0,x_tcsc,1-14,-0.1747933324490696,5,MAP_PMU,25,0.021613615515317014,-0.1531797169337526
1,B_svc,2,0.4470025560897581,5,WLS,25,0.0019106444283953916,0.4489132005181535
1,B_svc,2,0.1704339824644985,5,MAP_SCADA,25,0.27847921805365494,0.4489132005181535
1,B_svc,2,0.4416126913987677,5,MAP_PMU,25,0.00730050911938579,0.4489132005181535
4,UPFC_Vse,5-15,0.0563537215419584,5,WLS,25,0.0006049540257022992,0.0557487675162561
4,UPFC_Vse,5-15,0.0557996144426486,5,MAP_SCADA,25,5.08469263925046e-05,0.0557487675162561
4,UPFC_Vse,5-15,0.058429034196712,5,MAP_PMU,25,0.0026802666804559006,0.0557487675162561
2,UPFC_Vsh,5-15,1.1077837662842347,5,WLS,25,0.003381853836385229,1.11116562012062
2,UPFC_Vsh,5-15,1.111247408683594,5,MAP_SCADA,25,8.178856297402781e-05,1.11116562012062
2,UPFC_Vsh,5-15,1.0970823085869306,5,MAP_PMU,25,0.014083311533689358,1.11116562012062
5,UPFC_tse,5-15,-2.1217396536765567,5,WLS,25,0.01331438425968745,-2.1084252694168693
5,UPFC_tse,5-15,-2.118769078015071,5,MAP_SCADA,25,0.010343808598201942,-2.1084252694168693
5,UPFC_tse,5-15,-2.131193782127184,5,MAP_PMU,25,0.02276851271031477,-2.1084252694168693
3,UPFC_tsh,5-15,-0.2339119591318789,5,WLS,25,0.0002369783111952073,-0.2336749808206837
3,UPFC_tsh,5-15,-0.2359501929320838,5,MAP_SCADA,25,0.00227521211140011,-0.2336749808206837
3,UPFC_tsh,5-15,-0.2347585886259083,5,MAP_PMU,25,0.0010836078052245957,-0.2336749808206837
0,x_tcsc,1-14,-0.1530099904232974,6,WLS,25,0.00016972651045518705,-0.1531797169337526
0,x_tcsc,1-14,-0.1065297956301855,6,MAP_SCADA,25,0.0466499213035671,-0.1531797169337526
0,x_tcsc,1-14,-0.1767816416912042,6,MAP_PMU,25,0.023601924757451598,-0.1531797169337526
1,B_svc,2,0.4467375772219367,6,WLS,25,0.0021756232962167887,0.4489132005181535
1,B_svc,2,0.1783891471239537,6,MAP_SCADA,25,0.27052405339419977,0.4489132005181535
1,B_svc,2,0.4401620482041289,6,MAP_PMU,25,0.008751152314024568,0.4489132005181535
4,UPFC_Vse,5-15,0.0563360614133965,6,WLS,25,0.0005872938971403993,0.0557487675162561
4,UPFC_Vse,5-15,0.0558549003478376,6,MAP_SCADA,25,0.00010613283158149994,0.0557487675162561
4,UPFC_Vse,5-15,0.0585422288235137,6,MAP_PMU,25,0.0027934613072576053,0.0557487675162561
2,UPFC_Vsh,5-15,1.1080362177319,6,WLS,25,0.0031294023887198374,1.11116562012062
2,UPFC_Vsh,5-15,1.1123445065748574,6,MAP_SCADA,25,0.001178886454237471,1.11116562012062
2,UPFC_Vsh,5-15,1.0962367625735232,6,MAP_PMU,25,0.014928857547096719,1.11116562012062
5,UPFC_tse,5-15,-2.1236626746206926,6,WLS,25,0.015237405203823329,-2.1084252694168693
5,UPFC_tse,5-15,-2.120361871387332,6,MAP_SCADA,25,0.011936601970462757,-2.1084252694168693
5,UPFC_tse,5-15,-2.134411864500396,6,MAP_PMU,25,0.025986595083526964,-2.1084252694168693
3,UPFC_tsh,5-15,-0.2338509341781364,6,WLS,25,0.0001759533574527128,-0.2336749808206837
3,UPFC_tsh,5-15,-0.2373298485568249,6,MAP_SCADA,25,0.0036548677361412096,-0.2336749808206837
3,UPFC_tsh,5-15,-0.2347625213958705,6,MAP_PMU,25,0.0010875405751868128,-0.2336749808206837
0,x_tcsc,1-14,-0.1529946777056598,7,WLS,25,0.0001850392280927926,-0.1531797169337526
0,x_tcsc,1-14,-0.1065573707578366,7,MAP_SCADA,25,0.046622346175916,-0.1531797169337526
0,x_tcsc,1-14,-0.177379675923829,7,MAP_PMU,25,0.024199958990076403,-0.1531797169337526
1,B_svc,2,0.4466235772659485,7,WLS,25,0.0022896232522049975,0.4489132005181535
1,B_svc,2,0.1730324904101736,7,MAP_SCADA,25,0.2758807101079799,0.4489132005181535
1,B_svc,2,0.43962566075904,7,MAP_PMU,25,0.00928753975911345,0.4489132005181535
4,UPFC_Vse,5-15,0.0569057076369387,7,WLS,25,0.001156940120682605,0.0557487675162561
4,UPFC_Vse,5-15,0.0565481061313362,7,MAP_SCADA,25,0.0007993386150801016,0.0557487675162561
4,UPFC_Vse,5-15,0.0591175323176442,7,MAP_PMU,25,0.003368764801388105,0.0557487675162561
2,UPFC_Vsh,5-15,1.1078327105629486,7,WLS,25,0.003332909557671293,1.11116562012062
2,UPFC_Vsh,5-15,1.1131114318308462,7,MAP_SCADA,25,0.0019458117102262307,1.11116562012062
2,UPFC_Vsh,5-15,1.0960650471816626,7,MAP_PMU,25,0.01510057293895728,1.11116562012062
5,UPFC_tse,5-15,-2.122931234862396,7,WLS,25,0.014505965445526847,-2.1084252694168693
5,UPFC_tse,5-15,-2.120652839538623,7,MAP_SCADA,25,0.012227570121753573,-2.1084252694168693
5,UPFC_tse,5-15,-2.1328997235644587,7,MAP_PMU,25,0.02447445414758942,-2.1084252694168693
3,UPFC_tsh,5-15,-0.2339216571959602,7,WLS,25,0.00024667637527650554,-0.2336749808206837
3,UPFC_tsh,5-15,-0.2367058917981646,7,MAP_SCADA,25,0.0030309109774808995,-0.2336749808206837
3,UPFC_tsh,5-15,-0.2348278787187965,7,MAP_PMU,25,0.0011528978981128202,-0.2336749808206837
0,x_tcsc,1-14,-0.1530090085807651,8,WLS,25,0.00017070835298749198,-0.1531797169337526
0,x_tcsc,1-14,-0.1071344394222101,8,MAP_SCADA,25,0.0460452775115425,-0.1531797169337526
0,x_tcsc,1-14,-0.1761431913036625,8,MAP_PMU,25,0.022963474369909892,-0.1531797169337526
1,B_svc,2,0.4463329509525368,8,WLS,25,0.002580249565616699,0.4489132005181535
1,B_svc,2,0.178422838172466,8,MAP_SCADA,25,0.27049036234568746,0.4489132005181535
1,B_svc,2,0.4407545571021561,8,MAP_PMU,25,0.008158643415997369,0.4489132005181535
4,UPFC_Vse,5-15,0.0562623564672565,8,WLS,25,0.0005135889510003988,0.0557487675162561
4,UPFC_Vse,5-15,0.055807898128445,8,MAP_SCADA,25,5.9130612188901255e-05,0.0557487675162561
4,UPFC_Vse,5-15,0.058528951519206,8,MAP_PMU,25,0.0027801840029499023,0.0557487675162561
2,UPFC_Vsh,5-15,1.1075567281430627,8,WLS,25,0.003608891977557205,1.11116562012062
2,UPFC_Vsh,5-15,1.108225669414033,8,MAP_SCADA,25,0.0029399507065868136,1.11116562012062
2,UPFC_Vsh,5-15,1.0959995811805772,8,MAP_PMU,25,0.015166038940042759,1.11116562012062
5,UPFC_tse,5-15,-2.122271707717678,8,WLS,25,0.013846438300808561,-2.1084252694168693
5,UPFC_tse,5-15,-2.124134150618547,8,MAP_SCADA,25,0.015708881201677904,-2.1084252694168693
5,UPFC_tse,5-15,-2.132416778011178,8,MAP_PMU,25,0.02399150859430854,-2.1084252694168693
3,UPFC_tsh,5-15,-0.233900879096266,8,WLS,25,0.00022589827558230913,-0.2336749808206837
3,UPFC_tsh,5-15,-0.2384692950456517,8,MAP_SCADA,25,0.00479431422496801,-0.2336749808206837
3,UPFC_tsh,5-15,-0.2347980959446236,8,MAP_PMU,25,0.0011231151239399217,-0.2336749808206837
0,x_tcsc,1-14,-0.1529927266854964,9,WLS,25,0.00018699024825619137,-0.1531797169337526
0,x_tcsc,1-14,-0.1077991589540639,9,MAP_SCADA,25,0.04538055797968869,-0.1531797169337526
0,x_tcsc,1-14,-0.175643643279889,9,MAP_PMU,25,0.022463926346136392,-0.1531797169337526
1,B_svc,2,0.4465943941972148,9,WLS,25,0.002318806320938671,0.4489132005181535
1,B_svc,2,0.1763583555744501,9,MAP_SCADA,25,0.2725548449437034,0.4489132005181535
1,B_svc,2,0.441020906786824,9,MAP_PMU,25,0.007892293731329492,0.4489132005181535
4,UPFC_Vse,5-15,0.0565916458483964,9,WLS,25,0.0008428783321402997,0.0557487675162561
4,UPFC_Vse,5-15,0.0560465699486527,9,MAP_SCADA,25,0.0002978024323966044,0.0557487675162561
4,UPFC_Vse,5-15,0.0588198079953745,9,MAP_PMU,25,0.0030710404791184018,0.0557487675162561
2,UPFC_Vsh,5-15,1.10809142933562,9,WLS,25,0.0030741907849998196,1.11116562012062
2,UPFC_Vsh,5-15,1.1097831736243513,9,MAP_SCADA,25,0.001382446496268619,1.11116562012062
2,UPFC_Vsh,5-15,1.09666046781241,9,MAP_PMU,25,0.014505152308210034,1.11116562012062
5,UPFC_tse,5-15,-2.119523914073828,9,WLS,25,0.011098644656958534,-2.1084252694168693
5,UPFC_tse,5-15,-2.1202414192625936,9,MAP_SCADA,25,0.011816149845724322,-2.1084252694168693
5,UPFC_tse,5-15,-2.1297788449480666,9,MAP_PMU,25,0.021353575531197322,-2.1084252694168693
3,UPFC_tsh,5-15,-0.2338812387292641,9,WLS,25,0.0002062579085804206,-0.2336749808206837
3,UPFC_tsh,5-15,-0.2377841401972573,9,MAP_SCADA,25,0.004109159376573607,-0.2336749808206837
3,UPFC_tsh,5-15,-0.2347715179619834,9,MAP_PMU,25,0.0010965371412997027,-0.2336749808206837
0,x_tcsc,1-14,-0.15266973002748,0,WLS,26,0.00019314855660301777,-0.152862878584083
0,x_tcsc,1-14,-0.1089444442291636,0,MAP_SCADA,26,0.043918434354919406,-0.152862878584083
0,x_tcsc,1-14,-0.1743783483742571,0,MAP_PMU,26,0.021515469790174102,-0.152862878584083
1,B_svc,2,0.4433852316185374,0,WLS,26,0.0023461320013065112,0.4457313636198439
1,B_svc,2,0.174428196232649,0,MAP_SCADA,26,0.2713031673871949,0.4457313636198439
1,B_svc,2,0.4386506540908801,0,MAP_PMU,26,0.00708070952896378,0.4457313636198439
4,UPFC_Vse,5-15,0.0566155463266988,0,WLS,26,0.0007190589868208003,0.055896487339878
4,UPFC_Vse,5-15,0.0561860795451701,0,MAP_SCADA,26,0.000289592205292101,0.055896487339878
4,UPFC_Vse,5-15,0.0587261553401102,0,MAP_PMU,26,0.0028296680002321967,0.055896487339878
2,UPFC_Vsh,5-15,1.1078581358562254,0,WLS,26,0.0034962307592067976,1.1113543666154322
2,UPFC_Vsh,5-15,1.1090519233992089,0,MAP_SCADA,26,0.0023024432162233044,1.1113543666154322
2,UPFC_Vsh,5-15,1.0971381777557196,0,MAP_PMU,26,0.014216188859712542,1.1113543666154322
5,UPFC_tse,5-15,-2.121643177356265,0,WLS,26,0.01244313217015236,-2.1092000451861126
5,UPFC_tse,5-15,-2.1204368032299503,0,MAP_SCADA,26,0.011236758043837725,-2.1092000451861126
5,UPFC_tse,5-15,-2.131111324379795,0,MAP_PMU,26,0.021911279193682187,-2.1092000451861126
3,UPFC_tsh,5-15,-0.2339937382319993,0,WLS,26,0.00018751628894458916,-0.2338062219430547
3,UPFC_tsh,5-15,-0.2367785914428654,0,MAP_SCADA,26,0.0029723694998106953,-0.2338062219430547
3,UPFC_tsh,5-15,-0.2348363499811205,0,MAP_PMU,26,0.0010301280380657918,-0.2338062219430547
0,x_tcsc,1-14,-0.1527085958278945,1,WLS,26,0.0001542827561885063,-0.152862878584083
0,x_tcsc,1-14,-0.1086557864376798,1,MAP_SCADA,26,0.04420709214640321,-0.152862878584083
0,x_tcsc,1-14,-0.1749315976791544,1,MAP_PMU,26,0.022068719095071382,-0.152862878584083
1,B_svc,2,0.4439949762842824,1,WLS,26,0.0017363873355614734,0.4457313636198439
1,B_svc,2,0.1718083872692184,1,MAP_SCADA,26,0.27392297635062546,0.4457313636198439
1,B_svc,2,0.4385561085233793,1,MAP_PMU,26,0.007175255096464606,0.4457313636198439
4,UPFC_Vse,5-15,0.0569547458082864,1,WLS,26,0.0010582584684083948,0.055896487339878
4,UPFC_Vse,5-15,0.0563413319015134,1,MAP_SCADA,26,0.0004448445616353977,0.055896487339878
4,UPFC_Vse,5-15,0.0590665312831385,1,MAP_PMU,26,0.003170043943260495,0.055896487339878
2,UPFC_Vsh,5-15,1.1076431644380562,1,WLS,26,0.003711202177375972,1.1113543666154322
2,UPFC_Vsh,5-15,1.1111729212253298,1,MAP_SCADA,26,0.00018144539010234162,1.1113543666154322
2,UPFC_Vsh,5-15,1.0967365031277736,1,MAP_PMU,26,0.014617863487658589,1.1113543666154322
5,UPFC_tse,5-15,-2.118245730520699,1,WLS,26,0.009045685334586384,-2.1092000451861126
5,UPFC_tse,5-15,-2.1163925574197218,1,MAP_SCADA,26,0.007192512233609172,-2.1092000451861126
5,UPFC_tse,5-15,-2.127918853660006,1,MAP_PMU,26,0.0187188084738934,-2.1092000451861126
3,UPFC_tsh,5-15,-0.2340206402026065,1,WLS,26,0.00021441825955179072,-0.2338062219430547
3,UPFC_tsh,5-15,-0.2360064392531947,1,MAP_SCADA,26,0.0022002173101400013,-0.2338062219430547
3,UPFC_tsh,5-15,-0.2348754888621237,1,MAP_PMU,26,0.0010692669190690007,-0.2338062219430547
0,x_tcsc,1-14,-0.1526907230087295,2,WLS,26,0.000172155575353522,-0.152862878584083
0,x_tcsc,1-14,-0.1089921741762098,2,MAP_SCADA,26,0.04387070440787322,-0.152862878584083
0,x_tcsc,1-14,-0.1743565065907378,2,MAP_PMU,26,0.021493628006654775,-0.152862878584083
1,B_svc,2,0.4436575650565583,2,WLS,26,0.0020737985632856004,0.4457313636198439
1,B_svc,2,0.1740912333696392,2,MAP_SCADA,26,0.2716401302502047,0.4457313636198439
1,B_svc,2,0.4385523784881699,2,MAP_PMU,26,0.007178985131673976,0.4457313636198439
4,UPFC_Vse,5-15,0.0562725213368691,2,WLS,26,0.00037603399699109863,0.055896487339878
4,UPFC_Vse,5-15,0.0557782403244673,2,MAP_SCADA,26,0.00011824701541070237,0.055896487339878
4,UPFC_Vse,5-15,0.0583662017938357,2,MAP_PMU,26,0.0024697144539576957,0.055896487339878
2,UPFC_Vsh,5-15,1.1077660348277691,2,WLS,26,0.003588331787663046,1.1113543666154322
2,UPFC_Vsh,5-15,1.1115687088844377,2,MAP_SCADA,26,0.00021434226900551856,1.1113543666154322
2,UPFC_Vsh,5-15,1.0970492349416876,2,MAP_PMU,26,0.014305131673744587,1.1113543666154322
5,UPFC_tse,5-15,-2.1197790665696186,2,WLS,26,0.010579021383505971,-2.1092000451861126
5,UPFC_tse,5-15,-2.118666830349078,2,MAP_SCADA,26,0.009466785162965508,-2.1092000451861126
5,UPFC_tse,5-15,-2.1291756712428884,2,MAP_PMU,26,0.01997562605677583,-2.1092000451861126
3,UPFC_tsh,5-15,-0.2340136442177425,2,WLS,26,0.00020742227468781294,-0.2338062219430547
3,UPFC_tsh,5-15,-0.2362029600831672,2,MAP_SCADA,26,0.0023967381401125143,-0.2338062219430547
3,UPFC_tsh,5-15,-0.2348581771982287,2,MAP_PMU,26,0.0010519552551740141,-0.2338062219430547
0,x_tcsc,1-14,-0.1526795009572615,3,WLS,26,0.0001833776268215237,-0.152862878584083
0,x_tcsc,1-14,-0.1099699090129551,3,MAP_SCADA,26,0.04289296957112791,-0.152862878584083
0,x_tcsc,1-14,-0.1743046368943416,3,MAP_PMU,26,0.021441758310258602,-0.152862878584083
1,B_svc,2,0.4436718996417618,3,WLS,26,0.002059463978082099,0.4457313636198439
1,B_svc,2,0.1675215368568821,3,MAP_SCADA,26,0.2782098267629618,0.4457313636198439
1,B_svc,2,0.4382439538769132,3,MAP_PMU,26,0.007487409742930717,0.4457313636198439
4,UPFC_Vse,5-15,0.0567134151931599,3,WLS,26,0.0008169278532818985,0.055896487339878
4,UPFC_Vse,5-15,0.0558056429982969,3,MAP_SCADA,26,9.084434158110333e-05,0.055896487339878
4,UPFC_Vse,5-15,0.0586937400470923,3,MAP_PMU,26,0.002797252707214301,0.055896487339878
2,UPFC_Vsh,5-15,1.1083873790705077,3,WLS,26,0.0029669875449245264,1.1113543666154322
2,UPFC_Vsh,5-15,1.1142020903269296,3,MAP_SCADA,26,0.0028477237114974407,1.1113543666154322
2,UPFC_Vsh,5-15,1.0979836290891338,3,MAP_PMU,26,0.01337073752629836,1.1113543666154322
5,UPFC_tse,5-15,-2.122930505948411,3,WLS,26,0.013730460762298335,-2.1092000451861126
5,UPFC_tse,5-15,-2.1182558259789315,3,MAP_SCADA,26,0.00905578079281888,-2.1092000451861126
5,UPFC_tse,5-15,-2.131958260210508,3,MAP_PMU,26,0.022758215024395234,-2.1092000451861126
3,UPFC_tsh,5-15,-0.234039106716276,3,WLS,26,0.00023288477322130907,-0.2338062219430547
3,UPFC_tsh,5-15,-0.2345995701709153,3,MAP_SCADA,26,0.0007933482278605908,-0.2338062219430547
3,UPFC_tsh,5-15,-0.2348591469518089,3,MAP_PMU,26,0.001052925008754202,-0.2338062219430547
0,x_tcsc,1-14,-0.1527065438711321,4,WLS,26,0.00015633471295090073,-0.152862878584083
0,x_tcsc,1-14,-0.1082864962538895,4,MAP_SCADA,26,0.04457638233019351,-0.152862878584083
0,x_tcsc,1-14,-0.1747008815177048,4,MAP_PMU,26,0.021838002933621786,-0.152862878584083
1,B_svc,2,0.4439666614757455,4,WLS,26,0.0017647021440984068,0.4457313636198439
1,B_svc,2,0.1774276333066684,4,MAP_SCADA,26,0.2683037303131755,0.4457313636198439
1,B_svc,2,0.4389601051823621,4,MAP_PMU,26,0.006771258437481775,0.4457313636198439
4,UPFC_Vse,5-15,0.0567768959336888,4,WLS,26,0.0008804085938107983,0.055896487339878
4,UPFC_Vse,5-15,0.0566497292789568,4,MAP_SCADA,26,0.0007532419390787956,0.055896487339878
4,UPFC_Vse,5-15,0.0589480678336354,4,MAP_PMU,26,0.0030515804937573943,0.055896487339878
2,UPFC_Vsh,5-15,1.1080732875852275,4,WLS,26,0.003281079030204692,1.1113543666154322
2,UPFC_Vsh,5-15,1.1100254231121638,4,MAP_SCADA,26,0.0013289435032683983,1.1113543666154322
2,UPFC_Vsh,5-15,1.0971291412341178,4,MAP_PMU,26,0.014225225381314432,1.1113543666154322
5,UPFC_tse,5-15,-2.1191543409449185,4,WLS,26,0.009954295758805909,-2.1092000451861126
5,UPFC_tse,5-15,-2.120514447812158,4,MAP_SCADA,26,0.011314402626045439,-2.1092000451861126
5,UPFC_tse,5-15,-2.1285506404292422,4,MAP_PMU,26,0.019350595243129654,-2.1092000451861126
3,UPFC_tsh,5-15,-0.234019703955083,4,WLS,26,0.00021348201202830985,-0.2338062219430547
3,UPFC_tsh,5-15,-0.2372143558004812,4,MAP_SCADA,26,0.0034081338574264985,-0.2338062219430547
3,UPFC_tsh,5-15,-0.2348778191722603,4,MAP_PMU,26,0.0010715972292056064,-0.2338062219430547
0,x_tcsc,1-14,-0.1526852753226259,5,WLS,26,0.00017760326145710437,-0.152862878584083
0,x_tcsc,1-14,-0.1098308118195774,5,MAP_SCADA,26,0.043032066764505605,-0.152862878584083
0,x_tcsc,1-14,-0.1741650659394078,5,MAP_PMU,26,0.021302187355324798,-0.152862878584083
1,B_svc,2,0.4438937019865561,5,WLS,26,0.0018376616332878015,0.4457313636198439
1,B_svc,2,0.1704339824644985,5,MAP_SCADA,26,0.2752973811553454,0.4457313636198439
1,B_svc,2,0.4389031851780847,5,MAP_PMU,26,0.006828178441759203,0.4457313636198439
4,UPFC_Vse,5-15,0.0563656607344035,5,WLS,26,0.0004691733945254989,0.055896487339878
4,UPFC_Vse,5-15,0.0557996144426486,5,MAP_SCADA,26,9.687289722939973e-05,0.055896487339878
4,UPFC_Vse,5-15,0.0584122805341036,5,MAP_PMU,26,0.0025157931942255962,0.055896487339878
2,UPFC_Vsh,5-15,1.1078259695873705,5,WLS,26,0.003528397028061736,1.1113543666154322
2,UPFC_Vsh,5-15,1.111247408683594,5,MAP_SCADA,26,0.00010695793183823632,1.1113543666154322
2,UPFC_Vsh,5-15,1.0973666942446922,5,MAP_PMU,26,0.013987672370739945,1.1113543666154322
5,UPFC_tse,5-15,-2.1208053212839646,5,WLS,26,0.011605276097852002,-2.1092000451861126
5,UPFC_tse,5-15,-2.118769078015071,5,MAP_SCADA,26,0.009569032828958601,-2.1092000451861126
5,UPFC_tse,5-15,-2.1299872358165475,5,MAP_PMU,26,0.020787190630434882,-2.1092000451861126
3,UPFC_tsh,5-15,-0.2340349491887068,5,WLS,26,0.0002287272456520939,-0.2338062219430547
3,UPFC_tsh,5-15,-0.2359501929320838,5,MAP_SCADA,26,0.0021439709890291037,-0.2338062219430547
3,UPFC_tsh,5-15,-0.2348627331655471,5,MAP_PMU,26,0.0010565112224923956,-0.2338062219430547
0,x_tcsc,1-14,-0.152695945857444,6,WLS,26,0.0001669327266390075,-0.152862878584083
0,x_tcsc,1-14,-0.1065297956301855,6,MAP_SCADA,26,0.046333082953897514,-0.152862878584083
0,x_tcsc,1-14,-0.1761375922163374,6,MAP_PMU,26,0.02327471363225439,-0.152862878584083
1,B_svc,2,0.443630049570357,6,WLS,26,0.00210131404948688,0.4457313636198439
1,B_svc,2,0.1783891471239537,6,MAP_SCADA,26,0.2673422164958902,0.4457313636198439
1,B_svc,2,0.4374877259283483,6,MAP_PMU,26,0.008243637691495609,0.4457313636198439
4,UPFC_Vse,5-15,0.0563481369676643,6,WLS,26,0.0004516496277863005,0.055896487339878
4,UPFC_Vse,5-15,0.0558549003478376,6,MAP_SCADA,26,4.158699204040439e-05,0.055896487339878
4,UPFC_Vse,5-15,0.0585279544473933,6,MAP_PMU,26,0.0026314671075153007,0.055896487339878
2,UPFC_Vsh,5-15,1.1080779614755525,6,WLS,26,0.003276405139879701,1.1113543666154322
2,UPFC_Vsh,5-15,1.1123445065748574,6,MAP_SCADA,26,0.000990139959425207,1.1113543666154322
2,UPFC_Vsh,5-15,1.0965341703317288,6,MAP_PMU,26,0.014820196283703346,1.1113543666154322
5,UPFC_tse,5-15,-2.122742998672501,6,WLS,26,0.013542953486388232,-2.1092000451861126
5,UPFC_tse,5-15,-2.120361871387332,6,MAP_SCADA,26,0.011161826201219416,-2.1092000451861126
5,UPFC_tse,5-15,-2.1331998426650807,6,MAP_PMU,26,0.023999797478968077,-2.1092000451861126
3,UPFC_tsh,5-15,-0.2339741407479576,6,WLS,26,0.00016791880490291122,-0.2338062219430547
3,UPFC_tsh,5-15,-0.2373298485568249,6,MAP_SCADA,26,0.0035236266137702033,-0.2338062219430547
3,UPFC_tsh,5-15,-0.2348660996298624,6,MAP_PMU,26,0.0010598776868077087,-0.2338062219430547
0,x_tcsc,1-14,-0.1526807028112359,7,WLS,26,0.00018217577284709852,-0.152862878584083
0,x_tcsc,1-14,-0.1065573707578366,7,MAP_SCADA,26,0.046305507826246414,-0.152862878584083
0,x_tcsc,1-14,-0.1767307367279108,7,MAP_PMU,26,0.023867858143827775,-0.152862878584083
1,B_svc,2,0.4435172565347567,7,WLS,26,0.0022141070850871802,0.4457313636198439
1,B_svc,2,0.1730324904101736,7,MAP_SCADA,26,0.2726988732096703,0.4457313636198439
1,B_svc,2,0.4369591472678815,7,MAP_PMU,26,0.008772216351962403,0.4457313636198439
4,UPFC_Vse,5-15,0.05691679055411,7,WLS,26,0.0010203032142320004,0.055896487339878
4,UPFC_Vse,5-15,0.0565481061313362,7,MAP_SCADA,26,0.0006516187914581972,0.055896487339878
4,UPFC_Vse,5-15,0.0591030819250958,7,MAP_PMU,26,0.003206594585217798,0.055896487339878
2,UPFC_Vsh,5-15,1.1078766665220914,7,WLS,26,0.0034777000933408075,1.1113543666154322
2,UPFC_Vsh,5-15,1.1131114318308462,7,MAP_SCADA,26,0.0017570652154139665,1.1113543666154322
2,UPFC_Vsh,5-15,1.0963628615963372,7,MAP_PMU,26,0.014991505019094964,1.1113543666154322
5,UPFC_tse,5-15,-2.1220116028687577,7,WLS,26,0.01281155768264508,-2.1092000451861126
5,UPFC_tse,5-15,-2.120652839538623,7,MAP_SCADA,26,0.011452794352510232,-2.1092000451861126
5,UPFC_tse,5-15,-2.131710092066699,7,MAP_PMU,26,0.022510046880586554,-2.1092000451861126
3,UPFC_tsh,5-15,-0.2340444681874806,7,WLS,26,0.0002382462444258937,-0.2338062219430547
3,UPFC_tsh,5-15,-0.2367058917981646,7,MAP_SCADA,26,0.002899669855109893,-0.2338062219430547
3,UPFC_tsh,5-15,-0.2349312810619654,7,MAP_PMU,26,0.0011250591189106984,-0.2338062219430547
0,x_tcsc,1-14,-0.152694974987015,8,WLS,26,0.00016790359706800317,-0.152862878584083
0,x_tcsc,1-14,-0.1071344394222101,8,MAP_SCADA,26,0.045728439161872914,-0.152862878584083
0,x_tcsc,1-14,-0.1755053323151714,8,MAP_PMU,26,0.02264245373108839,-0.152862878584083
1,B_svc,2,0.4432271652815345,8,WLS,26,0.0025041983383093935,0.4457313636198439
1,B_svc,2,0.178422838172466,8,MAP_SCADA,26,0.26730852544737793,0.4457313636198439
1,B_svc,2,0.4380722730996962,8,MAP_PMU,26,0.007659090520147682,0.4457313636198439
4,UPFC_Vse,5-15,0.0562743419597875,8,WLS,26,0.00037785461990949565,0.055896487339878
4,UPFC_Vse,5-15,0.055807898128445,8,MAP_SCADA,26,8.858921143300308e-05,0.055896487339878
4,UPFC_Vse,5-15,0.0585077784645771,8,MAP_PMU,26,0.0026112911246991,0.055896487339878
2,UPFC_Vsh,5-15,1.1075991874517004,8,WLS,26,0.0037551791637318033,1.1113543666154322
2,UPFC_Vsh,5-15,1.108225669414033,8,MAP_SCADA,26,0.0031286972013990777,1.1113543666154322
2,UPFC_Vsh,5-15,1.0962952935601078,8,MAP_PMU,26,0.01505907305532439,1.1113543666154322
5,UPFC_tse,5-15,-2.121339001286196,8,WLS,26,0.012138956100083309,-2.1092000451861126
5,UPFC_tse,5-15,-2.124134150618547,8,MAP_SCADA,26,0.014934105432434563,-2.1092000451861126
5,UPFC_tse,5-15,-2.1312000827105364,8,MAP_PMU,26,0.02200003752442381,-2.1092000451861126
3,UPFC_tsh,5-15,-0.2340239539316428,8,WLS,26,0.00021773198858809906,-0.2338062219430547
3,UPFC_tsh,5-15,-0.2384692950456517,8,MAP_SCADA,26,0.004663073102597004,-0.2338062219430547
3,UPFC_tsh,5-15,-0.2349016522271806,8,MAP_PMU,26,0.0010954302841258978,-0.2338062219430547
0,x_tcsc,1-14,-0.1526787172856831,9,WLS,26,0.00018416129839990414,-0.152862878584083
0,x_tcsc,1-14,-0.1077991589540639,9,MAP_SCADA,26,0.04506371963001911,-0.152862878584083
0,x_tcsc,1-14,-0.1750104157193255,9,MAP_PMU,26,0.02214753713524248,-0.152862878584083
1,B_svc,2,0.4434894616258564,9,WLS,26,0.002241901993987494,0.4457313636198439
1,B_svc,2,0.1763583555744501,9,MAP_SCADA,26,0.26937300804539377,0.4457313636198439
1,B_svc,2,0.4383376996516113,9,MAP_PMU,26,0.0073936639682326,0.4457313636198439
4,UPFC_Vse,5-15,0.0566036684047596,9,WLS,26,0.0007071810648815943,0.055896487339878
4,UPFC_Vse,5-15,0.0560465699486527,9,MAP_SCADA,26,0.0001500826087747001,0.055896487339878
4,UPFC_Vse,5-15,0.0588003159254774,9,MAP_PMU,26,0.0029038285855993995,0.055896487339878
2,UPFC_Vsh,5-15,1.108133935346523,9,WLS,26,0.003220431268909252,1.1113543666154322
2,UPFC_Vsh,5-15,1.1097831736243513,9,MAP_SCADA,26,0.001571192991080883,1.1113543666154322
2,UPFC_Vsh,5-15,1.096954194881467,9,MAP_PMU,26,0.014400171733965239,1.1113543666154322
5,UPFC_tse,5-15,-2.118602664012976,9,WLS,26,0.009402618826863218,-2.1092000451861126
5,UPFC_tse,5-15,-2.1202414192625936,9,MAP_SCADA,26,0.011041374076480981,-2.1092000451861126
5,UPFC_tse,5-15,-2.128570671640637,9,MAP_PMU,26,0.019370626454524587,-2.1092000451861126
3,UPFC_tsh,5-15,-0.2340042193346393,9,WLS,26,0.0001979973915846034,-0.2338062219430547
3,UPFC_tsh,5-15,-0.2377841401972573,9,MAP_SCADA,26,0.0039779182542026,-0.2338062219430547
3,UPFC_tsh,5-15,-0.2348751161299315,9,MAP_PMU,26,0.0010688941868768065,-0.2338062219430547
0,x_tcsc,1-14,-0.1528619859973576,0,WLS,27,0.0001965627517030999,-0.1530585487490607
0,x_tcsc,1-14,-0.1089444442291636,0,MAP_SCADA,27,0.044114104519897085,-0.1530585487490607
0,x_tcsc,1-14,-0.1747643947801039,0,MAP_PMU,27,0.021705846031043197,-0.1530585487490607
1,B_svc,2,0.4454123596307573,0,WLS,27,0.00238654521095899,0.4477989048417163
1,B_svc,2,0.174428196232649,0,MAP_SCADA,27,0.2733707086090673,0.4477989048417163
1,B_svc,2,0.4404269233621128,0,MAP_PMU,27,0.0073719814796034955,0.4477989048417163
4,UPFC_Vse,5-15,0.0564827873575514,0,WLS,27,0.0011020690242690978,0.0553807183332823
4,UPFC_Vse,5-15,0.0561860795451701,0,MAP_SCADA,27,0.0008053612118878034,0.0553807183332823
4,UPFC_Vse,5-15,0.0586183614067987,0,MAP_PMU,27,0.0032376430735163997,0.0553807183332823
2,UPFC_Vsh,5-15,1.1078446118701193,0,WLS,27,0.0034938790366791928,1.1113384909067985
2,UPFC_Vsh,5-15,1.1090519233992089,0,MAP_SCADA,27,0.0022865675075895986,1.1113384909067985
2,UPFC_Vsh,5-15,1.096973873662261,0,MAP_PMU,27,0.014364617244537525,1.1113384909067985
5,UPFC_tse,5-15,-2.1222606310920216,0,WLS,27,0.015403151464143505,-2.106857479627878
5,UPFC_tse,5-15,-2.1204368032299503,0,MAP_SCADA,27,0.013579323602072257,-2.106857479627878
5,UPFC_tse,5-15,-2.131856560152592,0,MAP_PMU,27,0.02499908052471378,-2.106857479627878
3,UPFC_tsh,5-15,-0.2340741199992676,0,WLS,27,0.0001959294779061982,-0.2338781905213614
3,UPFC_tsh,5-15,-0.2367785914428654,0,MAP_SCADA,27,0.0029004009215039817,-0.2338781905213614
3,UPFC_tsh,5-15,-0.2349291553700288,0,MAP_PMU,27,0.0010509648486674017,-0.2338781905213614
0,x_tcsc,1-14,-0.1529008180820359,1,WLS,27,0.00015773066702479133,-0.1530585487490607
0,x_tcsc,1-14,-0.1086557864376798,1,MAP_SCADA,27,0.04440276231138089,-0.1530585487490607
0,x_tcsc,1-14,-0.1753199535447267,1,MAP_PMU,27,0.022261404795666018,-0.1530585487490607
1,B_svc,2,0.4460242725484193,1,WLS,27,0.001774632293296996,0.4477989048417163
1,B_svc,2,0.1718083872692184,1,MAP_SCADA,27,0.27599051757249793,0.4477989048417163
1,B_svc,2,0.4403260195549197,1,MAP_PMU,27,0.007472885286796627,0.4477989048417163
4,UPFC_Vse,5-15,0.0568223023822513,1,WLS,27,0.0014415840489689982,0.0553807183332823
4,UPFC_Vse,5-15,0.0563413319015134,1,MAP_SCADA,27,0.0009606135682311001,0.0553807183332823
4,UPFC_Vse,5-15,0.058958233422633,1,MAP_PMU,27,0.003577515089350697,0.0553807183332823
2,UPFC_Vsh,5-15,1.1076283598897776,1,WLS,27,0.00371013101702089,1.1113384909067985
2,UPFC_Vsh,5-15,1.1111729212253298,1,MAP_SCADA,27,0.00016556968146863582,1.1113384909067985
2,UPFC_Vsh,5-15,1.0965703598662269,1,MAP_PMU,27,0.01476813104057162,1.1113384909067985
5,UPFC_tse,5-15,-2.1188472034791874,1,WLS,27,0.011989723851309364,-2.106857479627878
5,UPFC_tse,5-15,-2.1163925574197218,1,MAP_SCADA,27,0.009535077791843705,-2.106857479627878
5,UPFC_tse,5-15,-2.1286444415081323,1,MAP_PMU,27,0.021786961880254196,-2.106857479627878
3,UPFC_tsh,5-15,-0.2341010737663338,1,WLS,27,0.00022288324497238277,-0.2338781905213614
3,UPFC_tsh,5-15,-0.2360064392531947,1,MAP_SCADA,27,0.0021282487318332877,-0.2338781905213614
3,UPFC_tsh,5-15,-0.2349683185936576,1,MAP_PMU,27,0.0010901280722961926,-0.2338781905213614
0,x_tcsc,1-14,-0.1528829675995626,2,WLS,27,0.00017558114949808856,-0.1530585487490607
0,x_tcsc,1-14,-0.1089921741762098,2,MAP_SCADA,27,0.0440663745728509,-0.1530585487490607
0,x_tcsc,1-14,-0.1747422274710828,2,MAP_PMU,27,0.02168367872202212,-0.1530585487490607
1,B_svc,2,0.4456847321231191,2,WLS,27,0.002114172718597207,0.4477989048417163
1,B_svc,2,0.1740912333696392,2,MAP_SCADA,27,0.2737076714720771,0.4477989048417163
1,B_svc,2,0.4403268858313553,2,MAP_PMU,27,0.007472019010360986,0.4477989048417163
4,UPFC_Vse,5-15,0.056139711249898,2,WLS,27,0.0007589929166157,0.0553807183332823
4,UPFC_Vse,5-15,0.0557782403244673,2,MAP_SCADA,27,0.00039752199118500003,0.0553807183332823
4,UPFC_Vse,5-15,0.0582577115058497,2,MAP_PMU,27,0.002876993172567399,0.0553807183332823
2,UPFC_Vsh,5-15,1.1077522613295727,2,WLS,27,0.0035862295772257635,1.1113384909067985
2,UPFC_Vsh,5-15,1.1115687088844377,2,MAP_SCADA,27,0.00023021797763922436,1.1113384909067985
2,UPFC_Vsh,5-15,1.096884789199716,2,MAP_PMU,27,0.01445370170708249,1.1113384909067985
5,UPFC_tse,5-15,-2.1203913122847635,2,WLS,27,0.013533832656885458,-2.106857479627878
5,UPFC_tse,5-15,-2.118666830349078,2,MAP_SCADA,27,0.01180935072120004,-2.106857479627878
5,UPFC_tse,5-15,-2.1299124137275336,2,MAP_PMU,27,0.023054934099655533,-2.106857479627878
3,UPFC_tsh,5-15,-0.2340940610488416,2,WLS,27,0.00021587052748017754,-0.2338781905213614
3,UPFC_tsh,5-15,-0.2362029600831672,2,MAP_SCADA,27,0.0023247695618058006,-0.2338781905213614
3,UPFC_tsh,5-15,-0.2349509383601839,2,MAP_PMU,27,0.0010727478388224965,-0.2338781905213614
0,x_tcsc,1-14,-0.1528716611707099,3,WLS,27,0.00018688757835078063,-0.1530585487490607
0,x_tcsc,1-14,-0.1099699090129551,3,MAP_SCADA,27,0.04308863973610559,-0.1530585487490607
0,x_tcsc,1-14,-0.1746905069062505,3,MAP_PMU,27,0.021631958157189796,-0.1530585487490607
1,B_svc,2,0.4456985912228079,3,WLS,27,0.0021003136189083893,0.4477989048417163
1,B_svc,2,0.1675215368568821,3,MAP_SCADA,27,0.2802773679848342,0.4477989048417163
1,B_svc,2,0.4400207871504333,3,MAP_PMU,27,0.007778117691283004,0.4477989048417163
4,UPFC_Vse,5-15,0.0565811101452462,3,WLS,27,0.001200391811963901,0.0553807183332823
4,UPFC_Vse,5-15,0.0558056429982969,3,MAP_SCADA,27,0.0004249246650145991,0.0553807183332823
4,UPFC_Vse,5-15,0.0585840885008978,3,MAP_PMU,27,0.003203370167615502,0.0553807183332823
2,UPFC_Vsh,5-15,1.1083730656178157,3,WLS,27,0.0029654252889828037,1.1113384909067985
2,UPFC_Vsh,5-15,1.1142020903269296,3,MAP_SCADA,27,0.0028635994201311465,1.1113384909067985
2,UPFC_Vsh,5-15,1.0978212587580067,3,MAP_PMU,27,0.013517232148791747,1.1113384909067985
5,UPFC_tse,5-15,-2.123544342234867,3,WLS,27,0.016686862606988928,-2.106857479627878
5,UPFC_tse,5-15,-2.1182558259789315,3,MAP_SCADA,27,0.011398346351053412,-2.106857479627878
5,UPFC_tse,5-15,-2.132681738173578,3,MAP_PMU,27,0.02582425854570003,-2.106857479627878
3,UPFC_tsh,5-15,-0.2341195452483568,3,WLS,27,0.00024135472699537974,-0.2338781905213614
3,UPFC_tsh,5-15,-0.2345995701709153,3,MAP_SCADA,27,0.0007213796495538771,-0.2338781905213614
3,UPFC_tsh,5-15,-0.2349516207245322,3,MAP_PMU,27,0.0010734302031707998,-0.2338781905213614
0,x_tcsc,1-14,-0.1528988025274888,4,WLS,27,0.00015974622157188811,-0.1530585487490607
0,x_tcsc,1-14,-0.1082864962538895,4,MAP_SCADA,27,0.04477205249517119,-0.1530585487490607
0,x_tcsc,1-14,-0.1750882927928133,4,MAP_PMU,27,0.022029744043752603,-0.1530585487490607
1,B_svc,2,0.4459953922108463,4,WLS,27,0.00180351263087003,0.4477989048417163
1,B_svc,2,0.1774276333066684,4,MAP_SCADA,27,0.2703712715350479,0.4477989048417163
1,B_svc,2,0.440733242042935,4,MAP_PMU,27,0.0070656627987812914,0.4477989048417163
4,UPFC_Vse,5-15,0.0566443422285313,4,WLS,27,0.0012636238952489984,0.0553807183332823
4,UPFC_Vse,5-15,0.0566497292789568,4,MAP_SCADA,27,0.001269010945674498,0.0553807183332823
4,UPFC_Vse,5-15,0.0588410651832534,4,MAP_PMU,27,0.0034603468499711035,0.0553807183332823
2,UPFC_Vsh,5-15,1.1080595283366554,4,WLS,27,0.0032789625701430403,1.1113384909067985
2,UPFC_Vsh,5-15,1.1100254231121638,4,MAP_SCADA,27,0.0013130677946346925,1.1113384909067985
2,UPFC_Vsh,5-15,1.096963084694052,4,MAP_PMU,27,0.014375406212746578,1.1113384909067985
5,UPFC_tse,5-15,-2.1197658877533385,4,WLS,27,0.012908408125460458,-2.106857479627878
5,UPFC_tse,5-15,-2.120514447812158,4,MAP_SCADA,27,0.013656968184279972,-2.106857479627878
5,UPFC_tse,5-15,-2.129292617930707,4,MAP_PMU,27,0.02243513830282895,-2.106857479627878
3,UPFC_tsh,5-15,-0.2341001190912831,4,WLS,27,0.00022192856992167553,-0.2338781905213614
3,UPFC_tsh,5-15,-0.2372143558004812,4,MAP_SCADA,27,0.003336165279119785,-0.2338781905213614
3,UPFC_tsh,5-15,-0.2349707725332132,4,MAP_PMU,27,0.0010925820118517782,-0.2338781905213614
0,x_tcsc,1-14,-0.1528775093986386,5,WLS,27,0.00018103935042210195,-0.1530585487490607
0,x_tcsc,1-14,-0.1098308118195774,5,MAP_SCADA,27,0.043227736929483285,-0.1530585487490607
0,x_tcsc,1-14,-0.1745501931248715,5,MAP_PMU,27,0.021491644375810803,-0.1530585487490607
1,B_svc,2,0.4459222437711884,5,WLS,27,0.0018766610705279185,0.4477989048417163
1,B_svc,2,0.1704339824644985,5,MAP_SCADA,27,0.27736492237721777,0.4477989048417163
1,B_svc,2,0.440683463886464,5,MAP_PMU,27,0.007115440955252295,0.4477989048417163
4,UPFC_Vse,5-15,0.0562332239976747,5,WLS,27,0.0008525056643923987,0.0553807183332823
4,UPFC_Vse,5-15,0.0557996144426486,5,MAP_SCADA,27,0.00041889610936630267,0.0553807183332823
4,UPFC_Vse,5-15,0.0583039263681913,5,MAP_PMU,27,0.002923208034909003,0.0553807183332823
2,UPFC_Vsh,5-15,1.1078118707782107,5,WLS,27,0.003526620128587732,1.1113384909067985
2,UPFC_Vsh,5-15,1.111247408683594,5,MAP_SCADA,27,9.108222320453052e-05,1.1113384909067985
2,UPFC_Vsh,5-15,1.0972041027838602,5,MAP_PMU,27,0.014134388122938324,1.1113384909067985
5,UPFC_tse,5-15,-2.121420602771412,5,WLS,27,0.014563123143533918,-2.106857479627878
5,UPFC_tse,5-15,-2.118769078015071,5,MAP_SCADA,27,0.011911598387193134,-2.106857479627878
5,UPFC_tse,5-15,-2.13072526724802,5,MAP_PMU,27,0.023867787620142078,-2.106857479627878
3,UPFC_tsh,5-15,-0.2341155545229788,5,WLS,27,0.00023736400161739057,-0.2338781905213614
3,UPFC_tsh,5-15,-0.2359501929320838,5,MAP_SCADA,27,0.00207200241072239,-0.2338781905213614
3,UPFC_tsh,5-15,-0.2349555513744097,5,MAP_PMU,27,0.001077360853048298,-0.2338781905213614
0,x_tcsc,1-14,-0.1528881873295335,6,WLS,27,0.00017036141952719852,-0.1530585487490607
0,x_tcsc,1-14,-0.1065297956301855,6,MAP_SCADA,27,0.046528753118875193,-0.1530585487490607
0,x_tcsc,1-14,-0.1765325620007709,6,MAP_PMU,27,0.023474013251710196,-0.1530585487490607
1,B_svc,2,0.4456575188581792,6,WLS,27,0.0021413859835370808,0.4477989048417163
1,B_svc,2,0.1783891471239537,6,MAP_SCADA,27,0.2694097577177626,0.4477989048417163
1,B_svc,2,0.4392458753045342,6,MAP_PMU,27,0.008553029537182122,0.4477989048417163
4,UPFC_Vse,5-15,0.0562156666199861,6,WLS,27,0.0008349482867038016,0.0553807183332823
4,UPFC_Vse,5-15,0.0558549003478376,6,MAP_SCADA,27,0.000474182014555298,0.0553807183332823
4,UPFC_Vse,5-15,0.0584193568078051,6,MAP_PMU,27,0.0030386384745227993,0.0553807183332823
2,UPFC_Vsh,5-15,1.1080640110527251,6,WLS,27,0.0032744798540733644,1.1113384909067985
2,UPFC_Vsh,5-15,1.1123445065748574,6,MAP_SCADA,27,0.0010060156680589127,1.1113384909067985
2,UPFC_Vsh,5-15,1.096363283161044,6,MAP_PMU,27,0.01497520774575456,1.1113384909067985
5,UPFC_tse,5-15,-2.123358574151337,6,WLS,27,0.01650109452345916,-2.106857479627878
5,UPFC_tse,5-15,-2.120361871387332,6,MAP_SCADA,27,0.013504391759453949,-2.106857479627878
5,UPFC_tse,5-15,-2.1339358733409104,6,MAP_PMU,27,0.027078393713032334,-2.106857479627878
3,UPFC_tsh,5-15,-0.2340545487041052,6,WLS,27,0.0001763581827437799,-0.2338781905213614
3,UPFC_tsh,5-15,-0.2373298485568249,6,MAP_SCADA,27,0.0034516580354634896,-0.2338781905213614
3,UPFC_tsh,5-15,-0.2349593101005559,6,MAP_PMU,27,0.0010811195791944894,-0.2338781905213614
0,x_tcsc,1-14,-0.1528728578214508,7,WLS,27,0.00018569092760989392,-0.1530585487490607
0,x_tcsc,1-14,-0.1065573707578366,7,MAP_SCADA,27,0.046501177991224094,-0.1530585487490607
0,x_tcsc,1-14,-0.1771286316415346,7,MAP_PMU,27,0.02407008289247392,-0.1530585487490607
1,B_svc,2,0.4455442431775732,7,WLS,27,0.0022546616641431205,0.4477989048417163
1,B_svc,2,0.1730324904101736,7,MAP_SCADA,27,0.2747664144315427,0.4477989048417163
1,B_svc,2,0.4387125375299708,7,MAP_PMU,27,0.009086367311745502,0.4477989048417163
4,UPFC_Vse,5-15,0.0567850262474769,7,WLS,27,0.0014043079141946024,0.0553807183332823
4,UPFC_Vse,5-15,0.0565481061313362,7,MAP_SCADA,27,0.0011673877980538996,0.0553807183332823
4,UPFC_Vse,5-15,0.0589951619475615,7,MAP_PMU,27,0.003614443614279199,0.0553807183332823
2,UPFC_Vsh,5-15,1.1078612435610922,7,WLS,27,0.0034772473457063136,1.1113384909067985
2,UPFC_Vsh,5-15,1.1131114318308462,7,MAP_SCADA,27,0.0017729409240476723,1.1113384909067985
2,UPFC_Vsh,5-15,1.0961917661745053,7,MAP_PMU,27,0.01514672473229317,1.1113384909067985
5,UPFC_tse,5-15,-2.122621777596476,7,WLS,27,0.01576429796859813,-2.106857479627878
5,UPFC_tse,5-15,-2.120652839538623,7,MAP_SCADA,27,0.013795359910744764,-2.106857479627878
5,UPFC_tse,5-15,-2.1324339530360814,7,MAP_PMU,27,0.02557647340820335,-2.106857479627878
3,UPFC_tsh,5-15,-0.2341251530697274,7,WLS,27,0.00024696254836598097,-0.2338781905213614
3,UPFC_tsh,5-15,-0.2367058917981646,7,MAP_SCADA,27,0.0028277012768031795,-0.2338781905213614
3,UPFC_tsh,5-15,-0.2350246006314357,7,MAP_PMU,27,0.0011464101100742974,-0.2338781905213614
0,x_tcsc,1-14,-0.1528871033235368,8,WLS,27,0.0001714454255238862,-0.1530585487490607
0,x_tcsc,1-14,-0.1071344394222101,8,MAP_SCADA,27,0.04592410932685059,-0.1530585487490607
0,x_tcsc,1-14,-0.1758963975212665,8,MAP_PMU,27,0.02283784877220582,-0.1530585487490607
1,B_svc,2,0.4452540077430078,8,WLS,27,0.0025448970987085318,0.4477989048417163
1,B_svc,2,0.178422838172466,8,MAP_SCADA,27,0.2693760666692503,0.4477989048417163
1,B_svc,2,0.439835874900522,8,MAP_PMU,27,0.0079630299411943,0.4477989048417163
4,UPFC_Vse,5-15,0.0561417655142913,8,WLS,27,0.0007610471810090003,0.0553807183332823
4,UPFC_Vse,5-15,0.055807898128445,8,MAP_SCADA,27,0.00042717979516269933,0.0553807183332823
4,UPFC_Vse,5-15,0.0584013986287054,8,MAP_PMU,27,0.0030206802954231005,0.0553807183332823
2,UPFC_Vsh,5-15,1.1075849140905036,8,WLS,27,0.0037535768162948457,1.1113384909067985
2,UPFC_Vsh,5-15,1.108225669414033,8,MAP_SCADA,27,0.003112821492765372,1.1113384909067985
2,UPFC_Vsh,5-15,1.0961259605298963,8,MAP_PMU,27,0.015212530376902178,1.1113384909067985
5,UPFC_tse,5-15,-2.1219539709916124,8,WLS,27,0.015096491363734366,-2.106857479627878
5,UPFC_tse,5-15,-2.124134150618547,8,MAP_SCADA,27,0.017276670990669096,-2.106857479627878
5,UPFC_tse,5-15,-2.131953691541276,8,MAP_PMU,27,0.025096211913397948,-2.106857479627878
3,UPFC_tsh,5-15,-0.2341043431862061,8,WLS,27,0.00022615266484468655,-0.2338781905213614
3,UPFC_tsh,5-15,-0.2384692950456517,8,MAP_SCADA,27,0.00459110452429029,-0.2338781905213614
3,UPFC_tsh,5-15,-0.2349948081869848,8,MAP_PMU,27,0.0011166176656233762,-0.2338781905213614
0,x_tcsc,1-14,-0.152870901806822,9,WLS,27,0.0001876469422386895,-0.1530585487490607
0,x_tcsc,1-14,-0.1077991589540639,9,MAP_SCADA,27,0.04525938979499679,-0.1530585487490607
0,x_tcsc,1-14,-0.1753986909591753,9,MAP_PMU,27,0.0223401422101146,-0.1530585487490607
1,B_svc,2,0.4455154665945596,9,WLS,27,0.0022834382471567105,0.4477989048417163
1,B_svc,2,0.1763583555744501,9,MAP_SCADA,27,0.27144054926726624,0.4477989048417163
1,B_svc,2,0.440101561573903,9,MAP_PMU,27,0.007697343267813295,0.4477989048417163
4,UPFC_Vse,5-15,0.0564713105924546,9,WLS,27,0.001090592259172303,0.0553807183332823
4,UPFC_Vse,5-15,0.0560465699486527,9,MAP_SCADA,27,0.0006658516153704025,0.0553807183332823
4,UPFC_Vse,5-15,0.0586934491077974,9,MAP_PMU,27,0.0033127307745150977,0.0553807183332823
2,UPFC_Vsh,5-15,1.1081194841726498,9,WLS,27,0.003219006734148655,1.1113384909067985
2,UPFC_Vsh,5-15,1.1097831736243513,9,MAP_SCADA,27,0.0015553172824471773,1.1113384909067985
2,UPFC_Vsh,5-15,1.0967861329324575,9,MAP_PMU,27,0.014552357974340957,1.1113384909067985
5,UPFC_tse,5-15,-2.11921185786968,9,WLS,27,0.012354378241802078,-2.106857479627878
5,UPFC_tse,5-15,-2.1202414192625936,9,MAP_SCADA,27,0.013383939634715514,-2.106857479627878
5,UPFC_tse,5-15,-2.12931781648466,9,MAP_PMU,27,0.022460336856781726,-2.106857479627878
3,UPFC_tsh,5-15,-0.2340847982052691,9,WLS,27,0.00020660768390767803,-0.2338781905213614
3,UPFC_tsh,5-15,-0.2377841401972573,9,MAP_SCADA,27,0.0039059496758958867,-0.2338781905213614
3,UPFC_tsh,5-15,-0.2349683227679583,9,MAP_PMU,27,0.0010901322465968755,-0.2338781905213614
0,x_tcsc,1-14,-0.1531529464249827,0,WLS,28,0.00020336970193068904,-0.1533563161269134
0,x_tcsc,1-14,-0.1089444442291636,0,MAP_SCADA,28,0.04441187189774978,-0.1533563161269134
0,x_tcsc,1-14,-0.1753509989881925,0,MAP_PMU,28,0.02199468286127912,-0.1533563161269134
1,B_svc,2,0.4486230506940976,0,WLS,28,0.0024506354945941222,0.4510736861886917
1,B_svc,2,0.174428196232649,0,MAP_SCADA,28,0.2766454899560427,0.4510736861886917
1,B_svc,2,0.4432404672326919,0,MAP_PMU,28,0.00783321895599981,0.4510736861886917
4,UPFC_Vse,5-15,0.0564978100445561,0,WLS,28,0.0010705121955321,0.055427297849024
4,UPFC_Vse,5-15,0.0561860795451701,0,MAP_SCADA,28,0.0007587816961461061,0.055427297849024
4,UPFC_Vse,5-15,0.0586754666568183,0,MAP_PMU,28,0.0032481688077942994,0.055427297849024
2,UPFC_Vsh,5-15,1.1078267411446896,0,WLS,28,0.0035854089075484374,1.111412150052238
2,UPFC_Vsh,5-15,1.1090519233992089,0,MAP_SCADA,28,0.0023602266530291516,1.111412150052238
2,UPFC_Vsh,5-15,1.0967212366940753,0,MAP_PMU,28,0.01469091335816275,1.111412150052238
5,UPFC_tse,5-15,-2.1216421422133998,0,WLS,28,0.017076217731498478,-2.1045659244819013
5,UPFC_tse,5-15,-2.1204368032299503,0,MAP_SCADA,28,0.015870878748049044,-2.1045659244819013
5,UPFC_tse,5-15,-2.131487195537508,0,MAP_PMU,28,0.0269212710556066,-2.1045659244819013
3,UPFC_tsh,5-15,-0.2338714667201306,0,WLS,28,0.00020101002547540103,-0.2336704566946552
3,UPFC_tsh,5-15,-0.2367785914428654,0,MAP_SCADA,28,0.0031081347482102006,-0.2336704566946552
3,UPFC_tsh,5-15,-0.2347433702821094,0,MAP_PMU,28,0.001072913587454205,-0.2336704566946552
0,x_tcsc,1-14,-0.1531917571718714,1,WLS,28,0.00016455895504199902,-0.1533563161269134
0,x_tcsc,1-14,-0.1086557864376798,1,MAP_SCADA,28,0.04470052968923359,-0.1533563161269134
0,x_tcsc,1-14,-0.1759100813684971,1,MAP_PMU,28,0.0225537652415837,-0.1533563161269134
1,B_svc,2,0.4492380176089517,1,WLS,28,0.0018356685797399908,0.4510736861886917
1,B_svc,2,0.1718083872692184,1,MAP_SCADA,28,0.27926529891947327,0.4510736861886917
1,B_svc,2,0.4431294672233868,1,MAP_PMU,28,0.007944218965304894,0.4510736861886917
4,UPFC_Vse,5-15,0.0568376165376199,1,WLS,28,0.0014103186885959032,0.055427297849024
4,UPFC_Vse,5-15,0.0563413319015134,1,MAP_SCADA,28,0.0009140340524894028,0.055427297849024
4,UPFC_Vse,5-15,0.0590155366901229,1,MAP_PMU,28,0.0035882388410988994,0.055427297849024
2,UPFC_Vsh,5-15,1.1076088909655537,1,WLS,28,0.0038032590866843297,1.111412150052238
2,UPFC_Vsh,5-15,1.1111729212253298,1,MAP_SCADA,28,0.0002392288269081888,1.111412150052238
2,UPFC_Vsh,5-15,1.0963149406463046,1,MAP_PMU,28,0.015097209405933398,1.111412150052238
5,UPFC_tse,5-15,-2.118234859693117,1,WLS,28,0.013668935211215594,-2.1045659244819013
5,UPFC_tse,5-15,-2.1163925574197218,1,MAP_SCADA,28,0.011826632937820492,-2.1045659244819013
5,UPFC_tse,5-15,-2.1282808913079254,1,MAP_PMU,28,0.023714966826024142,-2.1045659244819013
3,UPFC_tsh,5-15,-0.2338984936616055,1,WLS,28,0.0002280369669503124,-0.2336704566946552
3,UPFC_tsh,5-15,-0.2360064392531947,1,MAP_SCADA,28,0.0023359825585395066,-0.2336704566946552
3,UPFC_tsh,5-15,-0.2347826116890461,1,MAP_PMU,28,0.001112154994390907,-0.2336704566946552
0,x_tcsc,1-14,-0.1531739119342875,2,WLS,28,0.0001824041926258846,-0.1533563161269134
0,x_tcsc,1-14,-0.1089921741762098,2,MAP_SCADA,28,0.044364141950703595,-0.1533563161269134
0,x_tcsc,1-14,-0.1753283301367581,2,MAP_PMU,28,0.02197201400984472,-0.1533563161269134
1,B_svc,2,0.4488954141311733,2,WLS,28,0.0021782720575184156,0.4510736861886917
1,B_svc,2,0.1740912333696392,2,MAP_SCADA,28,0.27698245281905254,0.4510736861886917
1,B_svc,2,0.4431376613518515,2,MAP_PMU,28,0.007936024836840194,0.4510736861886917
4,UPFC_Vse,5-15,0.0561546909897754,2,WLS,28,0.0007273931407514034,0.055427297849024
4,UPFC_Vse,5-15,0.0557782403244673,2,MAP_SCADA,28,0.0003509424754433027,0.055427297849024
4,UPFC_Vse,5-15,0.0583149721291161,2,MAP_PMU,28,0.002887674280092102,0.055427297849024
2,UPFC_Vsh,5-15,1.1077342130734766,2,WLS,28,0.003677936978761398,1.111412150052238
2,UPFC_Vsh,5-15,1.1115687088844377,2,MAP_SCADA,28,0.00015655883219967137,1.111412150052238
2,UPFC_Vsh,5-15,1.0966318731178766,2,MAP_PMU,28,0.014780276934361458,1.111412150052238
5,UPFC_tse,5-15,-2.119770044251325,2,WLS,28,0.01520411976942393,-2.1045659244819013
5,UPFC_tse,5-15,-2.118666830349078,2,MAP_SCADA,28,0.014100905867176827,-2.1045659244819013
5,UPFC_tse,5-15,-2.1295392003261693,2,MAP_PMU,28,0.024973275844268006,-2.1045659244819013
3,UPFC_tsh,5-15,-0.2338913931150986,2,WLS,28,0.00022093642044340722,-0.2336704566946552
3,UPFC_tsh,5-15,-0.2362029600831672,2,MAP_SCADA,28,0.0025325033885120196,-0.2336704566946552
3,UPFC_tsh,5-15,-0.2347651040451246,2,MAP_PMU,28,0.0010946473504694076,-0.2336704566946552
0,x_tcsc,1-14,-0.1531624425675148,3,WLS,28,0.00019387355939859408,-0.1533563161269134
0,x_tcsc,1-14,-0.1099699090129551,3,MAP_SCADA,28,0.04338640711395829,-0.1533563161269134
0,x_tcsc,1-14,-0.1752767871704639,3,MAP_PMU,28,0.02192047104355052,-0.1533563161269134
1,B_svc,2,0.4489086491098943,3,WLS,28,0.002165037078797394,0.4510736861886917
1,B_svc,2,0.1675215368568821,3,MAP_SCADA,28,0.2835521493318096,0.4510736861886917
1,B_svc,2,0.4428353196554343,3,MAP_PMU,28,0.00823836653325738,0.4510736861886917
4,UPFC_Vse,5-15,0.0565963068580126,3,WLS,28,0.0011690090089886002,0.055427297849024
4,UPFC_Vse,5-15,0.0558056429982969,3,MAP_SCADA,28,0.00037834514927290175,0.055427297849024
4,UPFC_Vse,5-15,0.0586404591692817,3,MAP_PMU,28,0.0032131613202577014,0.055427297849024
2,UPFC_Vsh,5-15,1.1083541755868476,3,WLS,28,0.0030579744653904672,1.111412150052238
2,UPFC_Vsh,5-15,1.1142020903269296,3,MAP_SCADA,28,0.0027899402746915936,1.111412150052238
2,UPFC_Vsh,5-15,1.097571623495453,3,MAP_PMU,28,0.013840526556785138,1.111412150052238
5,UPFC_tse,5-15,-2.122925082392773,3,WLS,28,0.018359157910871726,-2.1045659244819013
5,UPFC_tse,5-15,-2.1182558259789315,3,MAP_SCADA,28,0.013689901497030199,-2.1045659244819013
5,UPFC_tse,5-15,-2.132300009656268,3,MAP_PMU,28,0.027734085174366818,-2.1045659244819013
3,UPFC_tsh,5-15,-0.233916883633684,3,WLS,28,0.0002464269390287932,-0.2336704566946552
3,UPFC_tsh,5-15,-0.2345995701709153,3,MAP_SCADA,28,0.0009291134762600961,-0.2336704566946552
3,UPFC_tsh,5-15,-0.2347654605746363,3,MAP_PMU,28,0.001095003879981099,-0.2336704566946552
0,x_tcsc,1-14,-0.1531897828701011,4,WLS,28,0.00016653325681229014,-0.1533563161269134
0,x_tcsc,1-14,-0.1082864962538895,4,MAP_SCADA,28,0.045069819873023886,-0.1533563161269134
0,x_tcsc,1-14,-0.1756769993010853,4,MAP_PMU,28,0.022320683174171907,-0.1533563161269134
1,B_svc,2,0.4492083995845566,4,WLS,28,0.0018652866041350968,0.4510736861886917
1,B_svc,2,0.1774276333066684,4,MAP_SCADA,28,0.2736460528820233,0.4510736861886917
1,B_svc,2,0.4435417697957305,4,MAP_PMU,28,0.007531916392961191,0.4510736861886917
4,UPFC_Vse,5-15,0.056659307733644,4,WLS,28,0.0012320098846200014,0.055427297849024
4,UPFC_Vse,5-15,0.0566497292789568,4,MAP_SCADA,28,0.0012224314299328007,0.055427297849024
4,UPFC_Vse,5-15,0.0588990705047496,4,MAP_PMU,28,0.0034717726557256037,0.055427297849024
2,UPFC_Vsh,5-15,1.108041465026663,4,WLS,28,0.0033706850255750265,1.111412150052238
2,UPFC_Vsh,5-15,1.1100254231121638,4,MAP_SCADA,28,0.0013867269400742455,1.111412150052238
2,UPFC_Vsh,5-15,1.0967074293265109,4,MAP_PMU,28,0.01470472072572715,1.111412150052238
5,UPFC_tse,5-15,-2.119149841902063,4,WLS,28,0.01458391742016163,-2.1045659244819013
5,UPFC_tse,5-15,-2.120514447812158,4,MAP_SCADA,28,0.01594852333025676,-2.1045659244819013
5,UPFC_tse,5-15,-2.128925124843445,4,MAP_PMU,28,0.02435920036154382,-2.1045659244819013
3,UPFC_tsh,5-15,-0.2338974289853289,4,WLS,28,0.00022697229067369928,-0.2336704566946552
3,UPFC_tsh,5-15,-0.2372143558004812,4,MAP_SCADA,28,0.003543899105826004,-0.2336704566946552
3,UPFC_tsh,5-15,-0.2347851176283947,4,MAP_PMU,28,0.0011146609337395197,-0.2336704566946552
0,x_tcsc,1-14,-0.1531683838527856,5,WLS,28,0.0001879322741277778,-0.1533563161269134
0,x_tcsc,1-14,-0.1098308118195774,5,MAP_SCADA,28,0.04352550430733598,-0.1533563161269134
0,x_tcsc,1-14,-0.1751353320581855,5,MAP_PMU,28,0.0217790159312721,-0.1533563161269134
1,B_svc,2,0.4491352778746338,5,WLS,28,0.0019384083140578934,0.4510736861886917
1,B_svc,2,0.1704339824644985,5,MAP_SCADA,28,0.2806397037241932,0.4510736861886917
1,B_svc,2,0.4435035113023969,5,MAP_PMU,28,0.0075701748862948,0.4510736861886917
4,UPFC_Vse,5-15,0.0562483124860476,5,WLS,28,0.0008210146370236024,0.055427297849024
4,UPFC_Vse,5-15,0.0557996144426486,5,MAP_SCADA,28,0.00037231659362460534,0.055427297849024
4,UPFC_Vse,5-15,0.0583608336348806,5,MAP_PMU,28,0.002933535785856603,0.055427297849024
2,UPFC_Vsh,5-15,1.1077934580258657,5,WLS,28,0.0036186920263723277,1.111412150052238
2,UPFC_Vsh,5-15,1.111247408683594,5,MAP_SCADA,28,0.0001647413686440835,1.111412150052238
2,UPFC_Vsh,5-15,1.0969539064575855,5,MAP_PMU,28,0.014458243594652531,1.111412150052238
5,UPFC_tse,5-15,-2.1207989360028088,5,WLS,28,0.016233011520907503,-2.1045659244819013
5,UPFC_tse,5-15,-2.118769078015071,5,MAP_SCADA,28,0.014203153533169921,-2.1045659244819013
5,UPFC_tse,5-15,-2.1303477109236746,5,MAP_PMU,28,0.025781786441773313,-2.1045659244819013
3,UPFC_tsh,5-15,-0.2339129499069057,5,WLS,28,0.00024249321225050524,-0.2336704566946552
3,UPFC_tsh,5-15,-0.2359501929320838,5,MAP_SCADA,28,0.002279736237428609,-0.2336704566946552
3,UPFC_tsh,5-15,-0.234769642386499,5,MAP_PMU,28,0.001099185691843807,-0.2336704566946552
0,x_tcsc,1-14,-0.1531791802305493,6,WLS,28,0.000177135896364089,-0.1533563161269134
0,x_tcsc,1-14,-0.1065297956301855,6,MAP_SCADA,28,0.04682652049672789,-0.1533563161269134
0,x_tcsc,1-14,-0.1771328120581053,6,MAP_PMU,28,0.02377649593119191,-0.1533563161269134
1,B_svc,2,0.4488684872167834,6,WLS,28,0.0022051989719082954,0.4510736861886917
1,B_svc,2,0.1783891471239537,6,MAP_SCADA,28,0.272684539064738,0.4510736861886917
1,B_svc,2,0.4420310721016359,6,MAP_PMU,28,0.009042614087055811,0.4510736861886917
4,UPFC_Vse,5-15,0.0562308457015506,6,WLS,28,0.0008035478525265996,0.055427297849024
4,UPFC_Vse,5-15,0.0558549003478376,6,MAP_SCADA,28,0.0004276024988136007,0.055427297849024
4,UPFC_Vse,5-15,0.0584772926190468,6,MAP_PMU,28,0.0030499947700228028,0.055427297849024
2,UPFC_Vsh,5-15,1.1080457109470296,6,WLS,28,0.0033664391052083964,1.111412150052238
2,UPFC_Vsh,5-15,1.1123445065748574,6,MAP_SCADA,28,0.0009323565226193598,1.111412150052238
2,UPFC_Vsh,5-15,1.096100571757291,6,MAP_PMU,28,0.015311578294947115,1.111412150052238
5,UPFC_tse,5-15,-2.122743044789185,6,WLS,28,0.0181771203072838,-2.1045659244819013
5,UPFC_tse,5-15,-2.120361871387332,6,MAP_SCADA,28,0.015795946905430736,-2.1045659244819013
5,UPFC_tse,5-15,-2.1335830778683427,6,MAP_PMU,28,0.029017153386441397,-2.1045659244819013
3,UPFC_tsh,5-15,-0.2338520036000949,6,WLS,28,0.0001815469054397001,-0.2336704566946552
3,UPFC_tsh,5-15,-0.2373298485568249,6,MAP_SCADA,28,0.0036593918621697086,-0.2336704566946552
3,UPFC_tsh,5-15,-0.2347741380733181,6,MAP_PMU,28,0.0011036813786629018,-0.2336704566946552
0,x_tcsc,1-14,-0.1531636349799279,7,WLS,28,0.00019268114698547945,-0.1533563161269134
0,x_tcsc,1-14,-0.1065573707578366,7,MAP_SCADA,28,0.04679894536907679,-0.1533563161269134
0,x_tcsc,1-14,-0.1777331951990207,7,MAP_PMU,28,0.02437687907210731,-0.1533563161269134
1,B_svc,2,0.44875447685922,7,WLS,28,0.0023192093294717164,0.4510736861886917
1,B_svc,2,0.1730324904101736,7,MAP_SCADA,28,0.2780411957785181,0.4510736861886917
1,B_svc,2,0.4414904029135296,7,MAP_PMU,28,0.009583283275162113,0.4510736861886917
4,UPFC_Vse,5-15,0.0568004859327151,7,WLS,28,0.0013731880836911,0.055427297849024
4,UPFC_Vse,5-15,0.0565481061313362,7,MAP_SCADA,28,0.0011208082823122023,0.055427297849024
4,UPFC_Vse,5-15,0.0590535482530199,7,MAP_PMU,28,0.0036262504039959037,0.055427297849024
2,UPFC_Vsh,5-15,1.107841077575901,7,WLS,28,0.003571072476337145,1.111412150052238
2,UPFC_Vsh,5-15,1.1131114318308462,7,MAP_SCADA,28,0.0016992817786081194,1.111412150052238
2,UPFC_Vsh,5-15,1.0959286276249,7,MAP_PMU,28,0.01548352242733797,1.111412150052238
5,UPFC_tse,5-15,-2.122002015752453,7,WLS,28,0.017436091270551568,-2.1045659244819013
5,UPFC_tse,5-15,-2.120652839538623,7,MAP_SCADA,28,0.01608691505672155,-2.1045659244819013
5,UPFC_tse,5-15,-2.1320639801378523,7,MAP_PMU,28,0.02749805565595098,-2.1045659244819013
3,UPFC_tsh,5-15,-0.2339226577635196,7,WLS,28,0.00025220106886439386,-0.2336704566946552
3,UPFC_tsh,5-15,-0.2367058917981646,7,MAP_SCADA,28,0.0030354351035093985,-0.2336704566946552
3,UPFC_tsh,5-15,-0.2348392954933803,7,MAP_PMU,28,0.0011688387987251192,-0.2336704566946552
0,x_tcsc,1-14,-0.1531778162339298,8,WLS,28,0.00017849989298360236,-0.1533563161269134
0,x_tcsc,1-14,-0.1071344394222101,8,MAP_SCADA,28,0.04622187670470329,-0.1533563161269134
0,x_tcsc,1-14,-0.1764905652281246,8,MAP_PMU,28,0.0231342491012112,-0.1533563161269134
1,B_svc,2,0.4484646786150073,8,WLS,28,0.00260900757368443,0.4510736861886917
1,B_svc,2,0.178422838172466,8,MAP_SCADA,28,0.27265084801622574,0.4510736861886917
1,B_svc,2,0.442629857471723,8,MAP_PMU,28,0.008443828716968693,0.4510736861886917
4,UPFC_Vse,5-15,0.056156848707261,8,WLS,28,0.0007295508582370047,0.055427297849024
4,UPFC_Vse,5-15,0.055807898128445,8,MAP_SCADA,28,0.000380600279421002,0.055427297849024
4,UPFC_Vse,5-15,0.0584597732040016,8,MAP_PMU,28,0.0030324753549776026,0.055427297849024
2,UPFC_Vsh,5-15,1.1075656964275693,8,WLS,28,0.003846453624668733,1.111412150052238
2,UPFC_Vsh,5-15,1.108225669414033,8,MAP_SCADA,28,0.003186480638204925,1.111412150052238
2,UPFC_Vsh,5-15,1.0958652738768977,8,MAP_PMU,28,0.01554687617534034,1.111412150052238
5,UPFC_tse,5-15,-2.1213348009996893,8,WLS,28,0.016768876517788023,-2.1045659244819013
5,UPFC_tse,5-15,-2.124134150618547,8,MAP_SCADA,28,0.019568226136645883,-2.1045659244819013
5,UPFC_tse,5-15,-2.131590352673864,8,MAP_PMU,28,0.027024428191962713,-2.1045659244819013
3,UPFC_tsh,5-15,-0.2339016629312593,8,WLS,28,0.000231206236604109,-0.2336704566946552
3,UPFC_tsh,5-15,-0.2384692950456517,8,MAP_SCADA,28,0.004798838350996509,-0.2336704566946552
3,UPFC_tsh,5-15,-0.2348093788586307,8,MAP_PMU,28,0.0011389221639755143,-0.2336704566946552
0,x_tcsc,1-14,-0.1531617486594675,9,WLS,28,0.00019456746744589415,-0.1533563161269134
0,x_tcsc,1-14,-0.1077991589540639,9,MAP_SCADA,28,0.045557157172849486,-0.1533563161269134
0,x_tcsc,1-14,-0.1759886465836894,9,MAP_PMU,28,0.022632330456776012,-0.1533563161269134
1,B_svc,2,0.4487243545699377,9,WLS,28,0.0023493316187540025,0.4510736861886917
1,B_svc,2,0.1763583555744501,9,MAP_SCADA,28,0.2747153306142416,0.4510736861886917
1,B_svc,2,0.4428957171403795,9,MAP_PMU,28,0.008177969048312195,0.4510736861886917
4,UPFC_Vse,5-15,0.0564866843495909,9,WLS,28,0.0010593865005669029,0.055427297849024
4,UPFC_Vse,5-15,0.0560465699486527,9,MAP_SCADA,28,0.0006192720996287052,0.055427297849024
4,UPFC_Vse,5-15,0.0587516497477919,9,MAP_PMU,28,0.0033243518987679035,0.055427297849024
2,UPFC_Vsh,5-15,1.1081003625831398,9,WLS,28,0.003311787469098215,1.111412150052238
2,UPFC_Vsh,5-15,1.1097831736243513,9,MAP_SCADA,28,0.0016289764278867302,1.111412150052238
2,UPFC_Vsh,5-15,1.0965275191501822,9,MAP_PMU,28,0.014884630902055829,1.111412150052238
5,UPFC_tse,5-15,-2.118597392462239,9,WLS,28,0.01403146798033772,-2.1045659244819013
5,UPFC_tse,5-15,-2.1202414192625936,9,MAP_SCADA,28,0.0156754947806923,-2.1045659244819013
5,UPFC_tse,5-15,-2.128958680973404,9,MAP_PMU,28,0.02439275649150252,-2.1045659244819013
3,UPFC_tsh,5-15,-0.2338822939271913,9,WLS,28,0.000211837232536094,-0.2336704566946552
3,UPFC_tsh,5-15,-0.2377841401972573,9,MAP_SCADA,28,0.004113683502602106,-0.2336704566946552
3,UPFC_tsh,5-15,-0.2347829216186046,9,MAP_PMU,28,0.0011124649239493967,-0.2336704566946552
0,x_tcsc,1-14,-0.1530674477230038,0,WLS,29,0.0002007781784377216,-0.1532682259014415
0,x_tcsc,1-14,-0.1089444442291636,0,MAP_SCADA,29,0.04432378167227791,-0.1532682259014415
0,x_tcsc,1-14,-0.1751767814069844,0,MAP_PMU,29,0.02190855550554288,-0.1532682259014415
1,B_svc,2,0.4477315816775549,0,WLS,29,0.002441409244342607,0.4501729909218975
1,B_svc,2,0.174428196232649,0,MAP_SCADA,29,0.2757447946892485,0.4501729909218975
1,B_svc,2,0.4424703852734095,0,MAP_PMU,29,0.0077026056484880145,0.4501729909218975
4,UPFC_Vse,5-15,0.0566082512822655,0,WLS,29,0.000750907108509502,0.055857344173756
4,UPFC_Vse,5-15,0.0561860795451701,0,MAP_SCADA,29,0.00032873537141410447,0.055857344173756
4,UPFC_Vse,5-15,0.0587766063312919,0,MAP_PMU,29,0.0029192621575359,0.055857344173756
2,UPFC_Vsh,5-15,1.107845220013301,0,WLS,29,0.0035930297897210917,1.1114382498030222
2,UPFC_Vsh,5-15,1.1090519233992089,0,MAP_SCADA,29,0.0023863264038133103,1.1114382498030222
2,UPFC_Vsh,5-15,1.0968104747510643,0,MAP_PMU,29,0.014627775051957892,1.1114382498030222
5,UPFC_tse,5-15,-2.1208637573601234,0,WLS,29,0.015012378635827162,-2.1058513787242963
5,UPFC_tse,5-15,-2.1204368032299503,0,MAP_SCADA,29,0.014585424505654032,-2.1058513787242963
5,UPFC_tse,5-15,-2.1306573443255945,0,MAP_PMU,29,0.02480596560129822,-2.1058513787242963
3,UPFC_tsh,5-15,-0.2337346633898658,0,WLS,29,0.0001977757495990884,-0.2335368876402667
3,UPFC_tsh,5-15,-0.2367785914428654,0,MAP_SCADA,29,0.0032417038025986944,-0.2335368876402667
3,UPFC_tsh,5-15,-0.2346003580344488,0,MAP_PMU,29,0.0010634703941821144,-0.2335368876402667
0,x_tcsc,1-14,-0.1531062656883127,1,WLS,29,0.00016196021312880893,-0.1532682259014415
0,x_tcsc,1-14,-0.1086557864376798,1,MAP_SCADA,29,0.04461243946376171,-0.1532682259014415
0,x_tcsc,1-14,-0.175734821037289,1,MAP_PMU,29,0.022466595135847478,-0.1532682259014415
1,B_svc,2,0.4483456505691769,1,WLS,29,0.0018273403527205856,0.4501729909218975
1,B_svc,2,0.1718083872692184,1,MAP_SCADA,29,0.2783646036526791,0.4501729909218975
1,B_svc,2,0.4423622800524505,1,MAP_PMU,29,0.007810710869447013,0.4501729909218975
4,UPFC_Vse,5-15,0.056947862137627,1,WLS,29,0.001090517963871003,0.055857344173756
4,UPFC_Vse,5-15,0.0563413319015134,1,MAP_SCADA,29,0.0004839877277574012,0.055857344173756
4,UPFC_Vse,5-15,0.0591173730325631,1,MAP_PMU,29,0.0032600288588071,0.055857344173756
2,UPFC_Vsh,5-15,1.1076278399029134,1,WLS,29,0.0038104099001088354,1.1114382498030222
2,UPFC_Vsh,5-15,1.1111729212253298,1,MAP_SCADA,29,0.0002653285776923475,1.1114382498030222
2,UPFC_Vsh,5-15,1.0964048407140847,1,MAP_PMU,29,0.015033409088937466,1.1114382498030222
5,UPFC_tse,5-15,-2.117472459390209,1,WLS,29,0.011621080665912498,-2.1058513787242963
5,UPFC_tse,5-15,-2.1163925574197218,1,MAP_SCADA,29,0.01054117869542548,-2.1058513787242963
5,UPFC_tse,5-15,-2.127469642376098,1,MAP_PMU,29,0.02161826365180186,-2.1058513787242963
3,UPFC_tsh,5-15,-0.233761631170257,1,WLS,29,0.00022474352999030112,-0.2335368876402667
3,UPFC_tsh,5-15,-0.2360064392531947,1,MAP_SCADA,29,0.0024695516129280004,-0.2335368876402667
3,UPFC_tsh,5-15,-0.2346395732508522,1,MAP_PMU,29,0.001102685610585491,-0.2335368876402667
0,x_tcsc,1-14,-0.153088400384902,2,WLS,29,0.00017982551653950019,-0.1532682259014415
0,x_tcsc,1-14,-0.1089921741762098,2,MAP_SCADA,29,0.04427605172523172,-0.1532682259014415
0,x_tcsc,1-14,-0.1751542394023533,2,MAP_PMU,29,0.021886013500911794,-0.1532682259014415
1,B_svc,2,0.4480040131618574,2,WLS,29,0.002168977760040103,0.4501729909218975
1,B_svc,2,0.1740912333696392,2,MAP_SCADA,29,0.2760817575522583,0.4501729909218975
1,B_svc,2,0.4423683470974643,2,MAP_PMU,29,0.007804643824433188,0.4501729909218975
4,UPFC_Vse,5-15,0.0562651580051153,2,WLS,29,0.00040781383135930077,0.055857344173756
4,UPFC_Vse,5-15,0.0557782403244673,2,MAP_SCADA,29,7.91038492886989e-05,0.055857344173756
4,UPFC_Vse,5-15,0.0584168808004752,2,MAP_PMU,29,0.0025595366267191985,0.055857344173756
2,UPFC_Vsh,5-15,1.10775275056076,2,WLS,29,0.0036854992422621358,1.1114382498030222
2,UPFC_Vsh,5-15,1.1115687088844377,2,MAP_SCADA,29,0.00013045908141551266,1.1114382498030222
2,UPFC_Vsh,5-15,1.0967210374894767,2,MAP_PMU,29,0.014717212313545502,1.1114382498030222
5,UPFC_tse,5-15,-2.118994682278259,2,WLS,29,0.01314330355396276,-2.1058513787242963
5,UPFC_tse,5-15,-2.118666830349078,2,MAP_SCADA,29,0.012815451624781815,-2.1058513787242963
5,UPFC_tse,5-15,-2.128715097444877,2,MAP_PMU,29,0.022863718720580906,-2.1058513787242963
3,UPFC_tsh,5-15,-0.2337545351011049,2,WLS,29,0.00021764746083818842,-0.2335368876402667
3,UPFC_tsh,5-15,-0.2362029600831672,2,MAP_SCADA,29,0.0026660724429005134,-0.2335368876402667
3,UPFC_tsh,5-15,-0.2346220991729478,2,MAP_PMU,29,0.0010852115326810963,-0.2335368876402667
0,x_tcsc,1-14,-0.1530769695700447,3,WLS,29,0.00019125633139679965,-0.1532682259014415
0,x_tcsc,1-14,-0.1099699090129551,3,MAP_SCADA,29,0.04329831688848641,-0.1532682259014415
0,x_tcsc,1-14,-0.1751026672448672,3,MAP_PMU,29,0.021834441343425687,-0.1532682259014415
1,B_svc,2,0.4480174480653462,3,WLS,29,0.0021555428565512846,0.4501729909218975
1,B_svc,2,0.1675215368568821,3,MAP_SCADA,29,0.2826514540650154,0.4501729909218975
1,B_svc,2,0.4420649667895335,3,MAP_PMU,29,0.008108024132364,0.4501729909218975
4,UPFC_Vse,5-15,0.0567063718335426,3,WLS,29,0.0008490276597866026,0.055857344173756
4,UPFC_Vse,5-15,0.0558056429982969,3,MAP_SCADA,29,5.170117545909986e-05,0.055857344173756
4,UPFC_Vse,5-15,0.0587434030236545,3,MAP_PMU,29,0.0028860588498985026,0.055857344173756
2,UPFC_Vsh,5-15,1.1083730467400104,3,WLS,29,0.0030652030630118343,1.1114382498030222
2,UPFC_Vsh,5-15,1.1142020903269296,3,MAP_SCADA,29,0.002763840523907435,1.1114382498030222
2,UPFC_Vsh,5-15,1.097659930905312,3,MAP_PMU,29,0.013778318897710085,1.1114382498030222
5,UPFC_tse,5-15,-2.1221496867192635,3,WLS,29,0.01629830799496723,-2.1058513787242963
5,UPFC_tse,5-15,-2.1182558259789315,3,MAP_SCADA,29,0.012404447254635187,-2.1058513787242963
5,UPFC_tse,5-15,-2.131483900410728,3,MAP_PMU,29,0.02563252168643171,-2.1058513787242963
3,UPFC_tsh,5-15,-0.2337800090053979,3,WLS,29,0.0002431213651311881,-0.2335368876402667
3,UPFC_tsh,5-15,-0.2345995701709153,3,MAP_SCADA,29,0.0010626825306485899,-0.2335368876402667
3,UPFC_tsh,5-15,-0.2346226103551569,3,MAP_PMU,29,0.0010857227148902138,-0.2335368876402667
0,x_tcsc,1-14,-0.1531042732692465,4,WLS,29,0.00016395263219501355,-0.1532682259014415
0,x_tcsc,1-14,-0.1082864962538895,4,MAP_SCADA,29,0.04498172964755201,-0.1532682259014415
0,x_tcsc,1-14,-0.1755021393657708,4,MAP_PMU,29,0.02223391346432929,-0.1532682259014415
1,B_svc,2,0.4483162756613463,4,WLS,29,0.0018567152605512005,0.4501729909218975
1,B_svc,2,0.1774276333066684,4,MAP_SCADA,29,0.2727453576152291,0.4501729909218975
1,B_svc,2,0.4427730805596913,4,MAP_PMU,29,0.007399910362206219,0.4501729909218975
4,UPFC_Vse,5-15,0.0567695708508451,4,WLS,29,0.0009122266770891022,0.055857344173756
4,UPFC_Vse,5-15,0.0566497292789568,4,MAP_SCADA,29,0.0007923851052007991,0.055857344173756
4,UPFC_Vse,5-15,0.0589997111696228,4,MAP_PMU,29,0.0031423669958667994,0.055857344173756
2,UPFC_Vsh,5-15,1.1080599274414422,4,WLS,29,0.0033783223615799773,1.1114382498030222
2,UPFC_Vsh,5-15,1.1100254231121638,4,MAP_SCADA,29,0.0014128266908584042,1.1114382498030222
2,UPFC_Vsh,5-15,1.096797278131307,4,MAP_PMU,29,0.014640971671715297,1.1114382498030222
5,UPFC_tse,5-15,-2.1183773718525765,4,WLS,29,0.012525993128280177,-2.1058513787242963
5,UPFC_tse,5-15,-2.120514447812158,4,MAP_SCADA,29,0.014663069087861746,-2.1058513787242963
5,UPFC_tse,5-15,-2.128100306742136,4,MAP_PMU,29,0.02224892801783973,-2.1058513787242963
3,UPFC_tsh,5-15,-0.2337605761419691,4,WLS,29,0.0002236885017024015,-0.2335368876402667
3,UPFC_tsh,5-15,-0.2372143558004812,4,MAP_SCADA,29,0.0036774681602144976,-0.2335368876402667
3,UPFC_tsh,5-15,-0.234642008789525,4,MAP_PMU,29,0.0011051211492582869,-0.2335368876402667
0,x_tcsc,1-14,-0.1530828739826165,5,WLS,29,0.00018535191882501634,-0.1532682259014415
0,x_tcsc,1-14,-0.1098308118195774,5,MAP_SCADA,29,0.043437414081864106,-0.1532682259014415
0,x_tcsc,1-14,-0.1749615396111793,5,MAP_PMU,29,0.021693313709737788,-0.1532682259014415
1,B_svc,2,0.4482432587053664,5,WLS,29,0.0019297322165310882,0.4501729909218975
1,B_svc,2,0.1704339824644985,5,MAP_SCADA,29,0.27973900845739896,0.4501729909218975
1,B_svc,2,0.4427316814008673,5,MAP_PMU,29,0.0074413095210301705,0.4501729909218975
4,UPFC_Vse,5-15,0.0563585003622964,5,WLS,29,0.0005011561885404012,0.055857344173756
4,UPFC_Vse,5-15,0.0557996144426486,5,MAP_SCADA,29,5.7729731107396265e-05,0.055857344173756
4,UPFC_Vse,5-15,0.0584625156131069,5,MAP_PMU,29,0.0026051714393508993,0.055857344173756
2,UPFC_Vsh,5-15,1.1078122674862572,5,WLS,29,0.0036259823167650307,1.1114382498030222
2,UPFC_Vsh,5-15,1.111247408683594,5,MAP_SCADA,29,0.00019084111942824222,1.1114382498030222
2,UPFC_Vsh,5-15,1.0970422695898658,5,MAP_PMU,29,0.014395980213156356,1.1114382498030222
5,UPFC_tse,5-15,-2.120020446771169,5,WLS,29,0.014169068046872901,-2.1058513787242963
5,UPFC_tse,5-15,-2.118769078015071,5,MAP_SCADA,29,0.012917699290774909,-2.1058513787242963
5,UPFC_tse,5-15,-2.12952053980568,5,MAP_PMU,29,0.023669161081383727,-2.1058513787242963
3,UPFC_tsh,5-15,-0.2337759722323991,5,WLS,29,0.0002390845921323992,-0.2335368876402667
3,UPFC_tsh,5-15,-0.2359501929320838,5,MAP_SCADA,29,0.0024133052918171027,-0.2335368876402667
3,UPFC_tsh,5-15,-0.2346265917159461,5,MAP_PMU,29,0.001089704075679404,-0.2335368876402667
0,x_tcsc,1-14,-0.1530936946155222,6,WLS,29,0.00017453128591932154,-0.1532682259014415
0,x_tcsc,1-14,-0.1065297956301855,6,MAP_SCADA,29,0.046738430271256015,-0.1532682259014415
0,x_tcsc,1-14,-0.176954514537339,6,MAP_PMU,29,0.0236862886358975,-0.1532682259014415
1,B_svc,2,0.4479768581863824,6,WLS,29,0.0021961327355151106,0.4501729909218975
1,B_svc,2,0.1783891471239537,6,MAP_SCADA,29,0.2717838437979438,0.4501729909218975
1,B_svc,2,0.4412691204672958,6,MAP_PMU,29,0.008903870454601726,0.4501729909218975
4,UPFC_Vse,5-15,0.0563410724331163,6,WLS,29,0.00048372825936029984,0.055857344173756
4,UPFC_Vse,5-15,0.0558549003478376,6,MAP_SCADA,29,2.4438259184009214e-06,0.055857344173756
4,UPFC_Vse,5-15,0.0585797531433241,6,MAP_PMU,29,0.002722408969568102,0.055857344173756
2,UPFC_Vsh,5-15,1.1080643825356356,6,WLS,29,0.0033738672673866432,1.1114382498030222
2,UPFC_Vsh,5-15,1.1123445065748574,6,MAP_SCADA,29,0.000906256771835201,1.1114382498030222
2,UPFC_Vsh,5-15,1.096192791587177,6,MAP_PMU,29,0.01524545821584522,1.1114382498030222
5,UPFC_tse,5-15,-2.1219678138049867,6,WLS,29,0.016116435080690383,-2.1058513787242963
5,UPFC_tse,5-15,-2.120361871387332,6,MAP_SCADA,29,0.014510492663035723,-2.1058513787242963
5,UPFC_tse,5-15,-2.1327653478513238,6,MAP_PMU,29,0.02691396912702748,-2.1058513787242963
3,UPFC_tsh,5-15,-0.2337152026076273,6,WLS,29,0.00017831496736059327,-0.2335368876402667
3,UPFC_tsh,5-15,-0.2373298485568249,6,MAP_SCADA,29,0.0037929609165582023,-0.2335368876402667
3,UPFC_tsh,5-15,-0.234630958538184,6,MAP_PMU,29,0.0010940708979172986,-0.2335368876402667
0,x_tcsc,1-14,-0.1530781638624374,7,WLS,29,0.0001900620390041241,-0.1532682259014415
0,x_tcsc,1-14,-0.1065573707578366,7,MAP_SCADA,29,0.046710855143604915,-0.1532682259014415
0,x_tcsc,1-14,-0.1775535517984992,7,MAP_PMU,29,0.024285325897057675,-0.1532682259014415
1,B_svc,2,0.447863079863121,7,WLS,29,0.0023099110587764815,0.4501729909218975
1,B_svc,2,0.1730324904101736,7,MAP_SCADA,29,0.2771405005117239,0.4501729909218975
1,B_svc,2,0.4407306756613041,7,MAP_PMU,29,0.009442315260593415,0.4501729909218975
4,UPFC_Vse,5-15,0.0569101486906929,7,WLS,29,0.0010528045169369005,0.055857344173756
4,UPFC_Vse,5-15,0.0565481061313362,7,MAP_SCADA,29,0.0006907619575802007,0.055857344173756
4,UPFC_Vse,5-15,0.0591555645455744,7,MAP_PMU,29,0.0032982203718184,0.055857344173756
2,UPFC_Vsh,5-15,1.1078605998249147,7,WLS,29,0.0035776499781075,1.1114382498030222
2,UPFC_Vsh,5-15,1.1131114318308462,7,MAP_SCADA,29,0.0016731820278239606,1.1114382498030222
2,UPFC_Vsh,5-15,1.0960210297827435,7,MAP_PMU,29,0.015417220020278677,1.1114382498030222
5,UPFC_tse,5-15,-2.121229608278046,7,WLS,29,0.0153782295537499,-2.1058513787242963
5,UPFC_tse,5-15,-2.120652839538623,7,MAP_SCADA,29,0.01480146081432654,-2.1058513787242963
5,UPFC_tse,5-15,-2.131252336283876,7,MAP_PMU,29,0.025400957559579496,-2.1058513787242963
3,UPFC_tsh,5-15,-0.2337856130415274,7,WLS,29,0.00024872540126069653,-0.2335368876402667
3,UPFC_tsh,5-15,-0.2367058917981646,7,MAP_SCADA,29,0.0031690041578978922,-0.2335368876402667
3,UPFC_tsh,5-15,-0.2346959704827381,7,MAP_PMU,29,0.001159082842471404,-0.2335368876402667
0,x_tcsc,1-14,-0.153092333618369,8,WLS,29,0.0001758922830725207,-0.1532682259014415
0,x_tcsc,1-14,-0.1071344394222101,8,MAP_SCADA,29,0.046133786479231415,-0.1532682259014415
0,x_tcsc,1-14,-0.1763139872782389,8,MAP_PMU,29,0.023045761376797397,-0.1532682259014415
1,B_svc,2,0.4475736462499623,8,WLS,29,0.0025993446719351776,0.4501729909218975
1,B_svc,2,0.178422838172466,8,MAP_SCADA,29,0.2717501527494315,0.4501729909218975
1,B_svc,2,0.4418656884480562,8,MAP_PMU,29,0.008307302473841316,0.4501729909218975
4,UPFC_Vse,5-15,0.056267124979555,8,WLS,29,0.0004097808057990024,0.055857344173756
4,UPFC_Vse,5-15,0.055807898128445,8,MAP_SCADA,29,4.944604531099961e-05,0.055857344173756
4,UPFC_Vse,5-15,0.0585599480774816,8,MAP_PMU,29,0.002702603903725599,0.055857344173756
2,UPFC_Vsh,5-15,1.107584328470168,8,WLS,29,0.0038539213328541155,1.1114382498030222
2,UPFC_Vsh,5-15,1.108225669414033,8,MAP_SCADA,29,0.0032125803889890836,1.1114382498030222
2,UPFC_Vsh,5-15,1.0959566445855142,8,MAP_PMU,29,0.015481605217507965,1.1114382498030222
5,UPFC_tse,5-15,-2.120558051274769,8,WLS,29,0.014706672550472533,-2.1058513787242963
5,UPFC_tse,5-15,-2.124134150618547,8,MAP_SCADA,29,0.01828277189425087,-2.1058513787242963
5,UPFC_tse,5-15,-2.130754805512535,8,MAP_PMU,29,0.024903426788238647,-2.1058513787242963
3,UPFC_tsh,5-15,-0.2337648100890373,8,WLS,29,0.00022792244877059553,-0.2335368876402667
3,UPFC_tsh,5-15,-0.2384692950456517,8,MAP_SCADA,29,0.004932407405385003,-0.2335368876402667
3,UPFC_tsh,5-15,-0.2346661469895209,8,MAP_PMU,29,0.0011292593492542025,-0.2335368876402667
0,x_tcsc,1-14,-0.1530762618208171,9,WLS,29,0.00019196408062441273,-0.1532682259014415
0,x_tcsc,1-14,-0.1077991589540639,9,MAP_SCADA,29,0.04546906694737761,-0.1532682259014415
0,x_tcsc,1-14,-0.1758133744346397,9,MAP_PMU,29,0.022545148533198195,-0.1532682259014415
1,B_svc,2,0.4478334950448989,9,WLS,29,0.0023394958769986096,0.4501729909218975
1,B_svc,2,0.1763583555744501,9,MAP_SCADA,29,0.27381463534744743,0.4501729909218975
1,B_svc,2,0.4421313008328214,9,MAP_PMU,29,0.008041690089076126,0.4501729909218975
4,UPFC_Vse,5-15,0.0565968742442852,9,WLS,29,0.0007395300705292027,0.055857344173756
4,UPFC_Vse,5-15,0.0560465699486527,9,MAP_SCADA,29,0.00018922577489670356,0.055857344173756
4,UPFC_Vse,5-15,0.0588523151469892,9,MAP_PMU,29,0.002994970973233202,0.055857344173756
2,UPFC_Vsh,5-15,1.1081192230820127,9,WLS,29,0.003319026721009477,1.1114382498030222
2,UPFC_Vsh,5-15,1.1097831736243513,9,MAP_SCADA,29,0.001655076178670889,1.1114382498030222
2,UPFC_Vsh,5-15,1.0966183328140655,9,MAP_PMU,29,0.014819916988956683,1.1114382498030222
5,UPFC_tse,5-15,-2.1178272353372085,9,WLS,29,0.011975856612912228,-2.1058513787242963
5,UPFC_tse,5-15,-2.1202414192625936,9,MAP_SCADA,29,0.014390040538297288,-2.1058513787242963
5,UPFC_tse,5-15,-2.1281300292638443,9,MAP_PMU,29,0.02227865053954803,-2.1058513787242963
3,UPFC_tsh,5-15,-0.2337453426539087,9,WLS,29,0.00020845501364200048,-0.2335368876402667
3,UPFC_tsh,5-15,-0.2377841401972573,9,MAP_SCADA,29,0.0042472525569905994,-0.2335368876402667
3,UPFC_tsh,5-15,-0.2346396675228252,9,MAP_PMU,29,0.0011027798825584967,-0.2335368876402667
0,x_tcsc,1-14,-0.1530765629885511,0,WLS,30,0.00020098474243399056,-0.1532775477309851
0,x_tcsc,1-14,-0.1089444442291636,0,MAP_SCADA,30,0.044333103501821486,-0.1532775477309851
0,x_tcsc,1-14,-0.1751954288152077,0,MAP_PMU,30,0.0219178810842226,-0.1532775477309851
1,B_svc,2,0.4478456718545857,0,WLS,30,0.0024412683847458982,0.4502869402393316
1,B_svc,2,0.174428196232649,0,MAP_SCADA,30,0.2758587440066826,0.4502869402393316
1,B_svc,2,0.4425714297256736,0,MAP_PMU,30,0.007715510513657986,0.4502869402393316
4,UPFC_Vse,5-15,0.05647380520769,0,WLS,30,0.0010938977740451022,0.0553799074336449
4,UPFC_Vse,5-15,0.0561860795451701,0,MAP_SCADA,30,0.0008061721115252066,0.0553799074336449
4,UPFC_Vse,5-15,0.0586471878729516,0,MAP_PMU,30,0.0032672804393067065,0.0553799074336449
2,UPFC_Vsh,5-15,1.1078482383147483,0,WLS,30,0.003732473296953698,1.111580711611702
2,UPFC_Vsh,5-15,1.1090519233992089,0,MAP_SCADA,30,0.0025287882124931382,1.111580711611702
2,UPFC_Vsh,5-15,1.0968077335608684,0,MAP_PMU,30,0.014772978050833663,1.111580711611702
5,UPFC_tse,5-15,-2.1212020587859435,0,WLS,30,0.018387255348559783,-2.1028148034373837
5,UPFC_tse,5-15,-2.1204368032299503,0,MAP_SCADA,30,0.017621999792566623,-2.1028148034373837
5,UPFC_tse,5-15,-2.130959196758371,0,MAP_PMU,30,0.028144393320987504,-2.1028148034373837
3,UPFC_tsh,5-15,-0.2339286852982183,0,WLS,30,0.00020602775158090614,-0.2337226575466374
3,UPFC_tsh,5-15,-0.2367785914428654,0,MAP_SCADA,30,0.0030559338962279914,-0.2337226575466374
3,UPFC_tsh,5-15,-0.2347961273110504,0,MAP_PMU,30,0.0010734697644129987,-0.2337226575466374
0,x_tcsc,1-14,-0.1531153811755724,1,WLS,30,0.00016216655541267944,-0.1532775477309851
0,x_tcsc,1-14,-0.1086557864376798,1,MAP_SCADA,30,0.04462176129330529,-0.1532775477309851
0,x_tcsc,1-14,-0.1757535799455468,1,MAP_PMU,30,0.02247603221456171,-0.1532775477309851
1,B_svc,2,0.4484600279426582,1,WLS,30,0.0018269122966733664,0.4502869402393316
1,B_svc,2,0.1718083872692184,1,MAP_SCADA,30,0.27847855297011315,0.4502869402393316
1,B_svc,2,0.4424630348731875,1,MAP_PMU,30,0.00782390536614408,0.4502869402393316
4,UPFC_Vse,5-15,0.0568136633962735,1,WLS,30,0.0014337559626286037,0.0553799074336449
4,UPFC_Vse,5-15,0.0563413319015134,1,MAP_SCADA,30,0.0009614244678685033,0.0553799074336449
4,UPFC_Vse,5-15,0.0589887573124839,1,MAP_PMU,30,0.003608849878839006,0.0553799074336449
2,UPFC_Vsh,5-15,1.1076304162394912,1,WLS,30,0.00395029537221081,1.111580711611702
2,UPFC_Vsh,5-15,1.1111729212253298,1,MAP_SCADA,30,0.00040779038637217546,1.111580711611702
2,UPFC_Vsh,5-15,1.096401722042074,1,MAP_PMU,30,0.015178989569627932,1.111580711611702
5,UPFC_tse,5-15,-2.117796692575236,1,WLS,30,0.014981889137852367,-2.1028148034373837
5,UPFC_tse,5-15,-2.1163925574197218,1,MAP_SCADA,30,0.01357775398233807,-2.1028148034373837
5,UPFC_tse,5-15,-2.127751528800001,1,MAP_PMU,30,0.024936725362617373,-2.1028148034373837
3,UPFC_tsh,5-15,-0.23395565256142,1,WLS,30,0.00023299501478260543,-0.2337226575466374
3,UPFC_tsh,5-15,-0.2360064392531947,1,MAP_SCADA,30,0.0022837817065572974,-0.2337226575466374
3,UPFC_tsh,5-15,-0.2348353162904163,1,MAP_PMU,30,0.0011126587437788882,-0.2337226575466374
0,x_tcsc,1-14,-0.1530975106045521,2,WLS,30,0.00018003712643299696,-0.1532775477309851
0,x_tcsc,1-14,-0.1089921741762098,2,MAP_SCADA,30,0.0442853735547753,-0.1532775477309851
0,x_tcsc,1-14,-0.1751728568516821,2,MAP_PMU,30,0.02189530912069701,-0.1532775477309851
1,B_svc,2,0.4481181924019594,2,WLS,30,0.002168747837372198,0.4502869402393316
1,B_svc,2,0.1740912333696392,2,MAP_SCADA,30,0.2761957068696924,0.4502869402393316
1,B_svc,2,0.4424693146670101,2,MAP_PMU,30,0.007817625572321463,0.4502869402393316
4,UPFC_Vse,5-15,0.0561307531975632,2,WLS,30,0.0007508457639183036,0.0553799074336449
4,UPFC_Vse,5-15,0.0557782403244673,2,MAP_SCADA,30,0.0003983328908224032,0.0553799074336449
4,UPFC_Vse,5-15,0.0582877671980674,2,MAP_PMU,30,0.002907859764422503,0.0553799074336449
2,UPFC_Vsh,5-15,1.107755571646167,2,WLS,30,0.0038251399655351292,1.111580711611702
2,UPFC_Vsh,5-15,1.1115687088844377,2,MAP_SCADA,30,1.2002727264315283e-05,1.111580711611702
2,UPFC_Vsh,5-15,1.096718059764611,2,MAP_PMU,30,0.014862651847091124,1.111580711611702
5,UPFC_tse,5-15,-2.1193247669985804,2,WLS,30,0.016509963561196717,-2.1028148034373837
5,UPFC_tse,5-15,-2.118666830349078,2,MAP_SCADA,30,0.015852026911694406,-2.1028148034373837
5,UPFC_tse,5-15,-2.129007193417278,2,MAP_PMU,30,0.02619238997989415,-2.1028148034373837
3,UPFC_tsh,5-15,-0.2339485990721124,2,WLS,30,0.00022594152547500412,-0.2337226575466374
3,UPFC_tsh,5-15,-0.2362029600831672,2,MAP_SCADA,30,0.0024803025365298104,-0.2337226575466374
3,UPFC_tsh,5-15,-0.2348178641060316,2,MAP_PMU,30,0.001095206559394185,-0.2337226575466374
0,x_tcsc,1-14,-0.1530860801582232,3,WLS,30,0.0001914675727618942,-0.1532775477309851
0,x_tcsc,1-14,-0.1099699090129551,3,MAP_SCADA,30,0.04330763871802999,-0.1532775477309851
0,x_tcsc,1-14,-0.1751212873707329,3,MAP_PMU,30,0.02184373963974781,-0.1532775477309851
1,B_svc,2,0.4481316285787791,3,WLS,30,0.0021553116605524947,0.4502869402393316
1,B_svc,2,0.1675215368568821,3,MAP_SCADA,30,0.2827654033824495,0.4502869402393316
1,B_svc,2,0.4421660965699645,3,MAP_PMU,30,0.008120843669367106,0.4502869402393316
4,UPFC_Vse,5-15,0.0565721761491668,3,WLS,30,0.001192268715521902,0.0553799074336449
4,UPFC_Vse,5-15,0.0558056429982969,3,MAP_SCADA,30,0.00042573556465200224,0.0553799074336449
4,UPFC_Vse,5-15,0.0586152472825408,3,MAP_PMU,30,0.0032353398488959018,0.0553799074336449
2,UPFC_Vsh,5-15,1.108375899519929,3,WLS,30,0.003204812091772924,1.111580711611702
2,UPFC_Vsh,5-15,1.1142020903269296,3,MAP_SCADA,30,0.002621378715227607,1.111580711611702
2,UPFC_Vsh,5-15,1.0976566946155466,3,MAP_PMU,30,0.01392401699615542,1.111580711611702
5,UPFC_tse,5-15,-2.1224855919842454,3,WLS,30,0.01967078854686166,-2.1028148034373837
5,UPFC_tse,5-15,-2.1182558259789315,3,MAP_SCADA,30,0.015441022541547778,-2.1028148034373837
5,UPFC_tse,5-15,-2.131764973228321,3,MAP_PMU,30,0.02895016979093734,-2.1028148034373837
3,UPFC_tsh,5-15,-0.2339740628839471,3,WLS,30,0.0002514053373096903,-0.2337226575466374
3,UPFC_tsh,5-15,-0.2345995701709153,3,MAP_SCADA,30,0.0008769126242778869,-0.2337226575466374
3,UPFC_tsh,5-15,-0.2348182862825754,3,MAP_PMU,30,0.0010956287359379924,-0.2337226575466374
0,x_tcsc,1-14,-0.1531133829553892,4,WLS,30,0.0001641647755958875,-0.1532775477309851
0,x_tcsc,1-14,-0.1082864962538895,4,MAP_SCADA,30,0.04499105147709559,-0.1532775477309851
0,x_tcsc,1-14,-0.175520848443708,4,MAP_PMU,30,0.022243300712722902,-0.1532775477309851
1,B_svc,2,0.4484305763730942,4,WLS,30,0.0018563638662373871,0.4502869402393316
1,B_svc,2,0.1774276333066684,4,MAP_SCADA,30,0.2728593069326632,0.4502869402393316
1,B_svc,2,0.4428739773278449,4,MAP_PMU,30,0.007412962911486687,0.4502869402393316
4,UPFC_Vse,5-15,0.0566354427851547,4,WLS,30,0.0012555353515098025,0.0553799074336449
4,UPFC_Vse,5-15,0.0566497292789568,4,MAP_SCADA,30,0.0012698218453119012,0.0553799074336449
4,UPFC_Vse,5-15,0.0588703962829688,4,MAP_PMU,30,0.003490488849323903,0.0553799074336449
2,UPFC_Vsh,5-15,1.1080626971959462,4,WLS,30,0.0035180144157558324,1.111580711611702
2,UPFC_Vsh,5-15,1.1100254231121638,4,MAP_SCADA,30,0.0015552884995382321,1.111580711611702
2,UPFC_Vsh,5-15,1.096794541803952,4,MAP_PMU,30,0.01478616980775005,1.111580711611702
5,UPFC_tse,5-15,-2.1187098690556114,4,WLS,30,0.015895065618227733,-2.1028148034373837
5,UPFC_tse,5-15,-2.120514447812158,4,MAP_SCADA,30,0.017699644374774337,-2.1028148034373837
5,UPFC_tse,5-15,-2.128406516036025,4,MAP_PMU,30,0.025591712598641347,-2.1028148034373837
3,UPFC_tsh,5-15,-0.2339546516001117,4,WLS,30,0.0002319940534742937,-0.2337226575466374
3,UPFC_tsh,5-15,-0.2372143558004812,4,MAP_SCADA,30,0.0034916982538437946,-0.2337226575466374
3,UPFC_tsh,5-15,-0.2348378449042341,4,MAP_PMU,30,0.001115187357596692,-0.2337226575466374
0,x_tcsc,1-14,-0.1530919931961907,5,WLS,30,0.0001855545347943799,-0.1532775477309851
0,x_tcsc,1-14,-0.1098308118195774,5,MAP_SCADA,30,0.043446735911407686,-0.1532775477309851
0,x_tcsc,1-14,-0.174980136620801,5,MAP_PMU,30,0.02170258888981591,-0.1532775477309851
1,B_svc,2,0.4483574811823727,5,WLS,30,0.0019294590569589043,0.4502869402393316
1,B_svc,2,0.1704339824644985,5,MAP_SCADA,30,0.2798529577748331,0.4502869402393316
1,B_svc,2,0.4428329158210221,5,MAP_PMU,30,0.007454024418309502,0.4502869402393316
4,UPFC_Vse,5-15,0.0562243286808049,5,WLS,30,0.0008444212471600057,0.0553799074336449
4,UPFC_Vse,5-15,0.0557996144426486,5,MAP_SCADA,30,0.00041970700900370583,0.0553799074336449
4,UPFC_Vse,5-15,0.0583334776590432,5,MAP_PMU,30,0.0029535702253983,0.0553799074336449
2,UPFC_Vsh,5-15,1.1078150868457102,5,WLS,30,0.0037656247659918485,1.111580711611702
2,UPFC_Vsh,5-15,1.111247408683594,5,MAP_SCADA,30,0.00033330292810807016,1.111580711611702
2,UPFC_Vsh,5-15,1.0970394532888412,5,MAP_PMU,30,0.014541258322860795,1.111580711611702
5,UPFC_tse,5-15,-2.120353717012273,5,WLS,30,0.017538913574889126,-2.1028148034373837
5,UPFC_tse,5-15,-2.118769078015071,5,MAP_SCADA,30,0.0159542745776875,-2.1028148034373837
5,UPFC_tse,5-15,-2.12981488844518,5,MAP_PMU,30,0.027000085007796493,-2.1028148034373837
3,UPFC_tsh,5-15,-0.2339701676536934,5,WLS,30,0.0002475101070560093,-0.2337226575466374
3,UPFC_tsh,5-15,-0.2359501929320838,5,MAP_SCADA,30,0.0022275353854463997,-0.2337226575466374
3,UPFC_tsh,5-15,-0.2348224535648548,5,MAP_PMU,30,0.001099796018217386,-0.2337226575466374
0,x_tcsc,1-14,-0.1531028025774939,6,WLS,30,0.0001747451534911959,-0.1532775477309851
0,x_tcsc,1-14,-0.1065297956301855,6,MAP_SCADA,30,0.046747752100799594,-0.1532775477309851
0,x_tcsc,1-14,-0.1769735934864395,6,MAP_PMU,30,0.02369604575545442,-0.1532775477309851
1,B_svc,2,0.4480910687274168,6,WLS,30,0.0021958715119148042,0.4502869402393316
1,B_svc,2,0.1783891471239537,6,MAP_SCADA,30,0.2718977931153779,0.4502869402393316
1,B_svc,2,0.4413692621032414,6,MAP_PMU,30,0.008917678136090179,0.4502869402393316
4,UPFC_Vse,5-15,0.0562068342100546,6,WLS,30,0.000826926776409706,0.0553799074336449
4,UPFC_Vse,5-15,0.0558549003478376,6,MAP_SCADA,30,0.0004749929141927012,0.0553799074336449
4,UPFC_Vse,5-15,0.0584514356901375,6,MAP_PMU,30,0.003071528256492602,0.0553799074336449
2,UPFC_Vsh,5-15,1.1080672142179175,6,WLS,30,0.0035134973937844816,1.111580711611702
2,UPFC_Vsh,5-15,1.1123445065748574,6,MAP_SCADA,30,0.0007637949631553731,1.111580711611702
2,UPFC_Vsh,5-15,1.0961894048997929,6,MAP_PMU,30,0.015391306711909136,1.111580711611702
5,UPFC_tse,5-15,-2.1223027044966543,6,WLS,30,0.019487901059270563,-2.1028148034373837
5,UPFC_tse,5-15,-2.120361871387332,6,MAP_SCADA,30,0.017547067949948314,-2.1028148034373837
5,UPFC_tse,5-15,-2.1330463673171467,6,MAP_PMU,30,0.030231563879763,-2.1028148034373837
3,UPFC_tsh,5-15,-0.2339092217881234,6,WLS,30,0.00018656424148599804,-0.2337226575466374
3,UPFC_tsh,5-15,-0.2373298485568249,6,MAP_SCADA,30,0.0036071910101874993,-0.2337226575466374
3,UPFC_tsh,5-15,-0.2348268112208109,6,MAP_PMU,30,0.0011041536741734914,-0.2337226575466374
0,x_tcsc,1-14,-0.1530872783202498,7,WLS,30,0.0001902694107352998,-0.1532775477309851
0,x_tcsc,1-14,-0.1065573707578366,7,MAP_SCADA,30,0.046720176973148494,-0.1532775477309851
0,x_tcsc,1-14,-0.1775727813504576,7,MAP_PMU,30,0.0242952336194725,-0.1532775477309851
1,B_svc,2,0.4479773625266279,7,WLS,30,0.002309577712703681,0.4502869402393316
1,B_svc,2,0.1730324904101736,7,MAP_SCADA,30,0.277254449829158,0.4502869402393316
1,B_svc,2,0.440830595168893,7,MAP_PMU,30,0.009456345070438577,0.4502869402393316
4,UPFC_Vse,5-15,0.0567762901825908,7,WLS,30,0.0013963827489459,0.0553799074336449
4,UPFC_Vse,5-15,0.0565481061313362,7,MAP_SCADA,30,0.0011681986976913028,0.0553799074336449
4,UPFC_Vse,5-15,0.0590278353921792,7,MAP_PMU,30,0.0036479279585343027,0.0553799074336449
2,UPFC_Vsh,5-15,1.1078631426725554,7,WLS,30,0.0037175689391466538,1.111580711611702
2,UPFC_Vsh,5-15,1.1131114318308462,7,MAP_SCADA,30,0.0015307202191441327,1.111580711611702
2,UPFC_Vsh,5-15,1.0960177010235317,7,MAP_PMU,30,0.015563010588170334,1.111580711611702
5,UPFC_tse,5-15,-2.121563752985407,7,WLS,30,0.018748949548023308,-2.1028148034373837
5,UPFC_tse,5-15,-2.120652839538623,7,MAP_SCADA,30,0.01783803610123913,-2.1028148034373837
5,UPFC_tse,5-15,-2.1315381509571725,7,MAP_PMU,30,0.028723347519788778,-2.1028148034373837
3,UPFC_tsh,5-15,-0.2339797954043226,7,WLS,30,0.00025713785768519126,-0.2337226575466374
3,UPFC_tsh,5-15,-0.2367058917981646,7,MAP_SCADA,30,0.0029832342515271892,-0.2337226575466374
3,UPFC_tsh,5-15,-0.2348919381372796,7,MAP_PMU,30,0.0011692805906421966,-0.2337226575466374
0,x_tcsc,1-14,-0.1531014265816048,8,WLS,30,0.00017612114938028722,-0.1532775477309851
0,x_tcsc,1-14,-0.1071344394222101,8,MAP_SCADA,30,0.046143108308774994,-0.1532775477309851
0,x_tcsc,1-14,-0.1763328749397764,8,MAP_PMU,30,0.023055327208791304,-0.1532775477309851
1,B_svc,2,0.4476877893163549,8,WLS,30,0.0025991509229766896,0.4502869402393316
1,B_svc,2,0.178422838172466,8,MAP_SCADA,30,0.2718641020668656,0.4502869402393316
1,B_svc,2,0.4419661473372238,8,MAP_PMU,30,0.008320792902107799,0.4502869402393316
4,UPFC_Vse,5-15,0.0561327971824634,8,WLS,30,0.0007528897488184999,0.0553799074336449
4,UPFC_Vse,5-15,0.055807898128445,8,MAP_SCADA,30,0.0004279906948001025,0.0553799074336449
4,UPFC_Vse,5-15,0.0584307001506749,8,MAP_PMU,30,0.0030507927170300014,0.0553799074336449
2,UPFC_Vsh,5-15,1.107587296290125,8,WLS,30,0.003993415321577043,1.111580711611702
2,UPFC_Vsh,5-15,1.108225669414033,8,MAP_SCADA,30,0.0033550421976689115,1.111580711611702
2,UPFC_Vsh,5-15,1.0959537233129757,8,MAP_PMU,30,0.01562698829872633,1.111580711611702
5,UPFC_tse,5-15,-2.1208902182018536,8,WLS,30,0.018075414764469944,-2.1028148034373837
5,UPFC_tse,5-15,-2.124134150618547,8,MAP_SCADA,30,0.02131934718116346,-2.1028148034373837
5,UPFC_tse,5-15,-2.1310568791596203,8,MAP_PMU,30,0.02824207572223658,-2.1028148034373837
3,UPFC_tsh,5-15,-0.2339588283635546,8,WLS,30,0.00023617081691720831,-0.2337226575466374
3,UPFC_tsh,5-15,-0.2384692950456517,8,MAP_SCADA,30,0.0047466374990143,-0.2337226575466374
3,UPFC_tsh,5-15,-0.234862019868785,8,MAP_PMU,30,0.0011393623221475913,-0.2337226575466374
0,x_tcsc,1-14,-0.153085371837163,9,WLS,30,0.00019217589382208855,-0.1532775477309851
0,x_tcsc,1-14,-0.1077991589540639,9,MAP_SCADA,30,0.04547838877692119,-0.1532775477309851
0,x_tcsc,1-14,-0.1758321380756066,9,MAP_PMU,30,0.02255459034462151,-0.1532775477309851
1,B_svc,2,0.4479476400548602,9,WLS,30,0.0023393001844713712,0.4502869402393316
1,B_svc,2,0.1763583555744501,9,MAP_SCADA,30,0.27392858466488146,0.4502869402393316
1,B_svc,2,0.4422317447827885,9,MAP_PMU,30,0.008055195456543096,0.4502869402393316
4,UPFC_Vse,5-15,0.056462738189258,9,WLS,30,0.0010828307556130998,0.0553799074336449
4,UPFC_Vse,5-15,0.0560465699486527,9,MAP_SCADA,30,0.0006666625150078057,0.0553799074336449
4,UPFC_Vse,5-15,0.0587233857420073,9,MAP_PMU,30,0.003343478308362402,0.0553799074336449
2,UPFC_Vsh,5-15,1.1081219946986207,9,WLS,30,0.0034587169130813056,1.111580711611702
2,UPFC_Vsh,5-15,1.1097831736243513,9,MAP_SCADA,30,0.001797537987350717,1.111580711611702
2,UPFC_Vsh,5-15,1.0966154099973802,9,MAP_PMU,30,0.014965301614321858,1.111580711611702
5,UPFC_tse,5-15,-2.118156097934253,9,WLS,30,0.015341294496869384,-2.1028148034373837
5,UPFC_tse,5-15,-2.1202414192625936,9,MAP_SCADA,30,0.01742661582520988,-2.1028148034373837
5,UPFC_tse,5-15,-2.12842702044917,9,MAP_PMU,30,0.02561221701178651,-2.1028148034373837
3,UPFC_tsh,5-15,-0.2339394668862687,9,WLS,30,0.00021680933963130755,-0.2337226575466374
3,UPFC_tsh,5-15,-0.2377841401972573,9,MAP_SCADA,30,0.0040614826506198964,-0.2337226575466374
3,UPFC_tsh,5-15,-0.2348355960634349,9,MAP_PMU,30,0.0011129385167975014,-0.2337226575466374
0,x_tcsc,1-14,-0.1519539076239636,0,WLS,31,0.00017147026335678772,-0.1521253778873204
0,x_tcsc,1-14,-0.1089444442291636,0,MAP_SCADA,31,0.043180933658156784,-0.1521253778873204
0,x_tcsc,1-14,-0.1729419722255407,0,MAP_PMU,31,0.020816594338220307,-0.1521253778873204
1,B_svc,2,0.4358635102073146,0,WLS,31,0.0022622899611892677,0.4381258001685039
1,B_svc,2,0.174428196232649,0,MAP_SCADA,31,0.2636976039358549,0.4381258001685039
1,B_svc,2,0.4320428036604077,0,MAP_PMU,31,0.006082996508096183,0.4381258001685039
4,UPFC_Vse,5-15,0.0564803223650678,0,WLS,31,0.0008846788136779027,0.0555956435513899
4,UPFC_Vse,5-15,0.0561860795451701,0,MAP_SCADA,31,0.0005904359937802042,0.0555956435513899
4,UPFC_Vse,5-15,0.0585171464493004,0,MAP_PMU,31,0.0029215028979105023,0.0555956435513899
2,UPFC_Vsh,5-15,1.1080207702729403,0,WLS,31,0.004007044853838515,1.1120278151267788
2,UPFC_Vsh,5-15,1.1090519233992089,0,MAP_SCADA,31,0.002975891727569957,1.1120278151267788
2,UPFC_Vsh,5-15,1.097877109962612,0,MAP_PMU,31,0.014150705164166943,1.1120278151267788
5,UPFC_tse,5-15,-2.120475189246271,0,WLS,31,0.017726709709996236,-2.1027484795362748
5,UPFC_tse,5-15,-2.1204368032299503,0,MAP_SCADA,31,0.017688323693675567,-2.1027484795362748
5,UPFC_tse,5-15,-2.1292419398356586,0,MAP_PMU,31,0.02649346029938382,-2.1027484795362748
3,UPFC_tsh,5-15,-0.234570214792945,0,WLS,31,0.00021068335033358476,-0.2343595314426114
3,UPFC_tsh,5-15,-0.2367785914428654,0,MAP_SCADA,31,0.002419060000253992,-0.2343595314426114
3,UPFC_tsh,5-15,-0.2353719829264633,0,MAP_PMU,31,0.0010124514838519005,-0.2343595314426114
0,x_tcsc,1-14,-0.1519927302958162,1,WLS,31,0.00013264759150419247,-0.1521253778873204
0,x_tcsc,1-14,-0.1086557864376798,1,MAP_SCADA,31,0.04346959144964059,-0.1521253778873204
0,x_tcsc,1-14,-0.1734863484450061,1,MAP_PMU,31,0.02136097055768571,-0.1521253778873204
1,B_svc,2,0.4364672327769762,1,WLS,31,0.0016585673915276988,0.4381258001685039
1,B_svc,2,0.1718083872692184,1,MAP_SCADA,31,0.26631741289928546,0.4381258001685039
1,B_svc,2,0.4319719755216185,1,MAP_PMU,31,0.0061538246468854085,0.4381258001685039
4,UPFC_Vse,5-15,0.0568194966678048,1,WLS,31,0.0012238531164149025,0.0555956435513899
4,UPFC_Vse,5-15,0.0563413319015134,1,MAP_SCADA,31,0.0007456883501235009,0.0555956435513899
4,UPFC_Vse,5-15,0.0588638813515341,1,MAP_PMU,31,0.003268237800144201,0.0555956435513899
2,UPFC_Vsh,5-15,1.1078069768970924,1,WLS,31,0.004220838229686441,1.1120278151267788
2,UPFC_Vsh,5-15,1.1111729212253298,1,MAP_SCADA,31,0.0008548939014489942,1.1120278151267788
2,UPFC_Vsh,5-15,1.0974802090123985,1,MAP_PMU,31,0.01454760611438033,1.1120278151267788
5,UPFC_tse,5-15,-2.117079065519006,1,WLS,31,0.014330585982731403,-2.1027484795362748
5,UPFC_tse,5-15,-2.1163925574197218,1,MAP_SCADA,31,0.013644077883447014,-2.1027484795362748
5,UPFC_tse,5-15,-2.126034865011117,1,MAP_PMU,31,0.023286385474842408,-2.1027484795362748
3,UPFC_tsh,5-15,-0.2345967144735555,1,WLS,31,0.0002371830309441103,-0.2343595314426114
3,UPFC_tsh,5-15,-0.2360064392531947,1,MAP_SCADA,31,0.001646907810583298,-0.2343595314426114
3,UPFC_tsh,5-15,-0.2354106725171705,1,MAP_PMU,31,0.0010511410745590866,-0.2343595314426114
0,x_tcsc,1-14,-0.1519748021375839,2,WLS,31,0.00015057574973648125,-0.1521253778873204
0,x_tcsc,1-14,-0.1089921741762098,2,MAP_SCADA,31,0.043133203711110596,-0.1521253778873204
0,x_tcsc,1-14,-0.1729211400632149,2,MAP_PMU,31,0.020795762175894517,-0.1521253778873204
1,B_svc,2,0.4361368601622682,2,WLS,31,0.0019889400062356732,0.4381258001685039
1,B_svc,2,0.1740912333696392,2,MAP_SCADA,31,0.2640345667988647,0.4381258001685039
1,B_svc,2,0.4319513507172517,2,MAP_PMU,31,0.006174449451252173,0.4381258001685039
4,UPFC_Vse,5-15,0.0561376876615694,2,WLS,31,0.0005420441101795029,0.0555956435513899
4,UPFC_Vse,5-15,0.0557782403244673,2,MAP_SCADA,31,0.00018259677307740085,0.0555956435513899
4,UPFC_Vse,5-15,0.0581616501628611,2,MAP_PMU,31,0.0025660066114712027,0.0555956435513899
2,UPFC_Vsh,5-15,1.107927644838833,2,WLS,31,0.004100170287945737,1.1120278151267788
2,UPFC_Vsh,5-15,1.1115687088844377,2,MAP_SCADA,31,0.00045910624234113406,1.1120278151267788
2,UPFC_Vsh,5-15,1.0977871118033833,2,MAP_PMU,31,0.014240703323395554,1.1120278151267788
5,UPFC_tse,5-15,-2.1185912650462,2,WLS,31,0.01584278550992524,-2.1027484795362748
5,UPFC_tse,5-15,-2.118666830349078,2,MAP_SCADA,31,0.01591835081280335,-2.1027484795362748
5,UPFC_tse,5-15,-2.1272917178358424,2,MAP_PMU,31,0.024543238299567616,-2.1027484795362748
3,UPFC_tsh,5-15,-0.234590037786929,2,WLS,31,0.00023050634431759365,-0.2343595314426114
3,UPFC_tsh,5-15,-0.2362029600831672,2,MAP_SCADA,31,0.001843428640555811,-0.2343595314426114
3,UPFC_tsh,5-15,-0.2353937764127516,2,MAP_PMU,31,0.0010342449701402079,-0.2343595314426114
0,x_tcsc,1-14,-0.1519639631948904,3,WLS,31,0.00016141469243000084,-0.1521253778873204
0,x_tcsc,1-14,-0.1099699090129551,3,MAP_SCADA,31,0.04215546887436529,-0.1521253778873204
0,x_tcsc,1-14,-0.1728689787328176,3,MAP_PMU,31,0.0207436008454972,-0.1521253778873204
1,B_svc,2,0.4361525625581229,3,WLS,31,0.0019732376103809846,0.4381258001685039
1,B_svc,2,0.1675215368568821,3,MAP_SCADA,31,0.2706042633116218,0.4381258001685039
1,B_svc,2,0.4316353882418077,3,MAP_PMU,31,0.0064904119266961935,0.4381258001685039
4,UPFC_Vse,5-15,0.0565775850321595,3,WLS,31,0.0009819414807695978,0.0555956435513899
4,UPFC_Vse,5-15,0.0558056429982969,3,MAP_SCADA,31,0.0002099994469069999,0.0555956435513899
4,UPFC_Vse,5-15,0.058499441042119,3,MAP_PMU,31,0.002903797490729103,0.0555956435513899
2,UPFC_Vsh,5-15,1.1085516894922285,3,WLS,31,0.0034761256345503533,1.1120278151267788
2,UPFC_Vsh,5-15,1.1142020903269296,3,MAP_SCADA,31,0.002174275200150788,1.1120278151267788
2,UPFC_Vsh,5-15,1.0987130921021728,3,MAP_PMU,31,0.013314723024606012,1.1120278151267788
5,UPFC_tse,5-15,-2.121768649687301,3,WLS,31,0.019020170151026417,-2.1027484795362748
5,UPFC_tse,5-15,-2.1182558259789315,3,MAP_SCADA,31,0.015507346442656722,-2.1027484795362748
5,UPFC_tse,5-15,-2.1300724606269754,3,MAP_PMU,31,0.027323981090700666,-2.1027484795362748
3,UPFC_tsh,5-15,-0.2346154660328057,3,WLS,31,0.00025593459019429554,-0.2343595314426114
3,UPFC_tsh,5-15,-0.2345995701709153,3,MAP_SCADA,31,0.0002400387283038874,-0.2343595314426114
3,UPFC_tsh,5-15,-0.2353954756090573,3,MAP_PMU,31,0.0010359441664458957,-0.2343595314426114
0,x_tcsc,1-14,-0.1519905677151907,4,WLS,31,0.0001348101721296846,-0.1521253778873204
0,x_tcsc,1-14,-0.1082864962538895,4,MAP_SCADA,31,0.04383888163343089,-0.1521253778873204
0,x_tcsc,1-14,-0.1732591558178208,4,MAP_PMU,31,0.02113377793050042,-0.1521253778873204
1,B_svc,2,0.4364405751879643,4,WLS,31,0.0016852249805395791,0.4381258001685039
1,B_svc,2,0.1774276333066684,4,MAP_SCADA,31,0.2606981668618355,0.4381258001685039
1,B_svc,2,0.4323635341402101,4,MAP_PMU,31,0.005762266028293772,0.4381258001685039
4,UPFC_Vse,5-15,0.0566424619791494,4,WLS,31,0.0010468184277594994,0.0555956435513899
4,UPFC_Vse,5-15,0.0566497292789568,4,MAP_SCADA,31,0.0010540857275668988,0.0555956435513899
4,UPFC_Vse,5-15,0.0587359532821423,4,MAP_PMU,31,0.003140309730752404,0.0555956435513899
2,UPFC_Vsh,5-15,1.108234183243629,4,WLS,31,0.0037936318831497395,1.1120278151267788
2,UPFC_Vsh,5-15,1.1100254231121638,4,MAP_SCADA,31,0.002002392014615051,1.1120278151267788
2,UPFC_Vsh,5-15,1.097874301311449,4,MAP_PMU,31,0.014153513815329921,1.1120278151267788
5,UPFC_tse,5-15,-2.1179848790007605,4,WLS,31,0.01523639946448574,-2.1027484795362748
5,UPFC_tse,5-15,-2.120514447812158,4,MAP_SCADA,31,0.01776596827588328,-2.1027484795362748
5,UPFC_tse,5-15,-2.126721737235096,4,MAP_PMU,31,0.023973257698821193,-2.1027484795362748
3,UPFC_tsh,5-15,-0.2345962095494121,4,WLS,31,0.00023667810680069734,-0.2343595314426114
3,UPFC_tsh,5-15,-0.2372143558004812,4,MAP_SCADA,31,0.002854824357869795,-0.2343595314426114
3,UPFC_tsh,5-15,-0.2354130945253541,4,MAP_PMU,31,0.001053563082742709,-0.2343595314426114
0,x_tcsc,1-14,-0.1519695439587435,5,WLS,31,0.00015583392857687617,-0.1521253778873204
0,x_tcsc,1-14,-0.1098308118195774,5,MAP_SCADA,31,0.042294566067742984,-0.1521253778873204
0,x_tcsc,1-14,-0.1727323114445674,5,MAP_PMU,31,0.02060693355724702,-0.1521253778873204
1,B_svc,2,0.4363672228439564,5,WLS,31,0.0017585773245474834,0.4381258001685039
1,B_svc,2,0.1704339824644985,5,MAP_SCADA,31,0.2676918177040054,0.4381258001685039
1,B_svc,2,0.4322812733584397,5,MAP_PMU,31,0.005844526810064199,0.4381258001685039
4,UPFC_Vse,5-15,0.0562306276896613,5,WLS,31,0.0006349841382713994,0.0555956435513899
4,UPFC_Vse,5-15,0.0557996144426486,5,MAP_SCADA,31,0.0002039708912587035,0.0555956435513899
4,UPFC_Vse,5-15,0.0582077623365478,5,MAP_PMU,31,0.0026121187851579006,0.0555956435513899
2,UPFC_Vsh,5-15,1.1079891732320326,5,WLS,31,0.004038641894746231,1.1120278151267788
2,UPFC_Vsh,5-15,1.111247408683594,5,MAP_SCADA,31,0.0007804064431848889,1.1120278151267788
2,UPFC_Vsh,5-15,1.098098245713083,5,MAP_PMU,31,0.01392956941369583,1.1120278151267788
5,UPFC_tse,5-15,-2.1196200735391546,5,WLS,31,0.016871594002879853,-2.1027484795362748
5,UPFC_tse,5-15,-2.118769078015071,5,MAP_SCADA,31,0.016020598478796444,-2.1027484795362748
5,UPFC_tse,5-15,-2.128106723543284,5,MAP_PMU,31,0.025358244007009034,-2.1027484795362748
3,UPFC_tsh,5-15,-0.2346114393789118,5,WLS,31,0.000251907936300394,-0.2343595314426114
3,UPFC_tsh,5-15,-0.2359501929320838,5,MAP_SCADA,31,0.0015906614894724003,-0.2343595314426114
3,UPFC_tsh,5-15,-0.2353987904903201,5,MAP_PMU,31,0.001039259047708685,-0.2343595314426114
0,x_tcsc,1-14,-0.1519800742878193,6,WLS,31,0.00014530359950110094,-0.1521253778873204
0,x_tcsc,1-14,-0.1065297956301855,6,MAP_SCADA,31,0.04559558225713489,-0.1521253778873204
0,x_tcsc,1-14,-0.1746674464658162,6,MAP_PMU,31,0.022542068578495805,-0.1521253778873204
1,B_svc,2,0.4361080268355222,6,WLS,31,0.0020177733329816983,0.4381258001685039
1,B_svc,2,0.1783891471239537,6,MAP_SCADA,31,0.2597366530445502,0.4381258001685039
1,B_svc,2,0.4309453776792956,6,MAP_PMU,31,0.007180422489208305,0.4381258001685039
4,UPFC_Vse,5-15,0.0562127694793704,6,WLS,31,0.0006171259279805011,0.0555956435513899
4,UPFC_Vse,5-15,0.0558549003478376,6,MAP_SCADA,31,0.00025925679644769883,0.0555956435513899
4,UPFC_Vse,5-15,0.0583286245612499,6,MAP_PMU,31,0.002732981009860004,0.0555956435513899
2,UPFC_Vsh,5-15,1.1082407024230507,6,WLS,31,0.0037871127037281127,1.1120278151267788
2,UPFC_Vsh,5-15,1.1123445065748574,6,MAP_SCADA,31,0.0003166914480785543,1.1120278151267788
2,UPFC_Vsh,5-15,1.0972965994755202,6,MAP_PMU,31,0.014731215651258678,1.1120278151267788
5,UPFC_tse,5-15,-2.1215696792967744,6,WLS,31,0.018821199760499674,-2.1027484795362748
5,UPFC_tse,5-15,-2.120361871387332,6,MAP_SCADA,31,0.01761339185105726,-2.1027484795362748
5,UPFC_tse,5-15,-2.131269399693468,6,MAP_PMU,31,0.02852092015719343,-2.1027484795362748
3,UPFC_tsh,5-15,-0.2345504330643823,6,WLS,31,0.00019090162177090586,-0.2343595314426114
3,UPFC_tsh,5-15,-0.2373298485568249,6,MAP_SCADA,31,0.0029703171142135,-0.2343595314426114
3,UPFC_tsh,5-15,-0.2354004731505086,6,MAP_PMU,31,0.0010409417078972028,-0.2343595314426114
0,x_tcsc,1-14,-0.1519652092870484,7,WLS,31,0.0001601686002719871,-0.1521253778873204
0,x_tcsc,1-14,-0.1065573707578366,7,MAP_SCADA,31,0.04556800712948379,-0.1521253778873204
0,x_tcsc,1-14,-0.1752497398705173,7,MAP_PMU,31,0.023124361983196923,-0.1521253778873204
1,B_svc,2,0.4359971737361041,7,WLS,31,0.002128626432399805,0.4381258001685039
1,B_svc,2,0.1730324904101736,7,MAP_SCADA,31,0.2650933097583303,0.4381258001685039
1,B_svc,2,0.4304344130065518,7,MAP_PMU,31,0.007691387161952112,0.4381258001685039
4,UPFC_Vse,5-15,0.0567804528171994,7,WLS,31,0.0011848092658095014,0.0555956435513899
4,UPFC_Vse,5-15,0.0565481061313362,7,MAP_SCADA,31,0.0009524625799463005,0.0555956435513899
4,UPFC_Vse,5-15,0.0589036013919939,7,MAP_PMU,31,0.0033079578406040033,0.0555956435513899
2,UPFC_Vsh,5-15,1.1080438241280224,7,WLS,31,0.003983990998756459,1.1120278151267788
2,UPFC_Vsh,5-15,1.1131114318308462,7,MAP_SCADA,31,0.001083616704067314,1.1120278151267788
2,UPFC_Vsh,5-15,1.0971274740923578,7,MAP_PMU,31,0.01490034103442106,1.1120278151267788
5,UPFC_tse,5-15,-2.1208538534106824,7,WLS,31,0.018105373874407693,-2.1027484795362748
5,UPFC_tse,5-15,-2.120652839538623,7,MAP_SCADA,31,0.017904360002348074,-2.1027484795362748
5,UPFC_tse,5-15,-2.1298496105100977,7,MAP_PMU,31,0.02710113097382294,-2.1027484795362748
3,UPFC_tsh,5-15,-0.2346204796114071,7,WLS,31,0.0002609481687957105,-0.2343595314426114
3,UPFC_tsh,5-15,-0.2367058917981646,7,MAP_SCADA,31,0.0023463603555531898,-0.2343595314426114
3,UPFC_tsh,5-15,-0.2354657458496301,7,MAP_PMU,31,0.0011062144070186908,-0.2343595314426114
0,x_tcsc,1-14,-0.1519793967729356,8,WLS,31,0.00014598111438479666,-0.1521253778873204
0,x_tcsc,1-14,-0.1071344394222101,8,MAP_SCADA,31,0.04499093846511029,-0.1521253778873204
0,x_tcsc,1-14,-0.1740497053422017,8,MAP_PMU,31,0.02192432745488132,-0.1521253778873204
1,B_svc,2,0.4357077716576312,8,WLS,31,0.002418028510872694,0.4381258001685039
1,B_svc,2,0.178422838172466,8,MAP_SCADA,31,0.25970296199603793,0.4381258001685039
1,B_svc,2,0.431510176270295,8,MAP_PMU,31,0.006615623898208911,0.4381258001685039
4,UPFC_Vse,5-15,0.056139043972018,8,WLS,31,0.0005434004206281012,0.0555956435513899
4,UPFC_Vse,5-15,0.055807898128445,8,MAP_SCADA,31,0.00021225457705510015,0.0555956435513899
4,UPFC_Vse,5-15,0.0582935916376337,8,MAP_PMU,31,0.0026979480862438024,0.0555956435513899
2,UPFC_Vsh,5-15,1.10776281016906,8,WLS,31,0.004265004957718865,1.1120278151267788
2,UPFC_Vsh,5-15,1.108225669414033,8,MAP_SCADA,31,0.0038021457127457303,1.1120278151267788
2,UPFC_Vsh,5-15,1.097052660587393,8,MAP_PMU,31,0.014975154539385915,1.1120278151267788
5,UPFC_tse,5-15,-2.120154127975997,8,WLS,31,0.017405648439722032,-2.1027484795362748
5,UPFC_tse,5-15,-2.124134150618547,8,MAP_SCADA,31,0.021385671082272406,-2.1027484795362748
5,UPFC_tse,5-15,-2.129300642838803,8,MAP_PMU,31,0.026552163302528076,-2.1027484795362748
3,UPFC_tsh,5-15,-0.2346002572384952,8,WLS,31,0.0002407257958838005,-0.2343595314426114
3,UPFC_tsh,5-15,-0.2384692950456517,8,MAP_SCADA,31,0.004109763603040301,-0.2343595314426114
3,UPFC_tsh,5-15,-0.2354363308746252,8,MAP_PMU,31,0.001076799432013803,-0.2343595314426114
0,x_tcsc,1-14,-0.1519630246649386,9,WLS,31,0.00016235322238178362,-0.1521253778873204
0,x_tcsc,1-14,-0.1077991589540639,9,MAP_SCADA,31,0.04432621893325649,-0.1521253778873204
0,x_tcsc,1-14,-0.1735653233860294,9,MAP_PMU,31,0.021439945498709007,-0.1521253778873204
1,B_svc,2,0.4359731386828008,9,WLS,31,0.002152661485703089,0.4381258001685039
1,B_svc,2,0.1763583555744501,9,MAP_SCADA,31,0.26176744459405377,0.4381258001685039
1,B_svc,2,0.431774792117755,9,MAP_PMU,31,0.006351008050748896,0.4381258001685039
4,UPFC_Vse,5-15,0.0564683895148257,9,WLS,31,0.0008727459634357976,0.0555956435513899
4,UPFC_Vse,5-15,0.0560465699486527,9,MAP_SCADA,31,0.0004509263972628033,0.0555956435513899
4,UPFC_Vse,5-15,0.058589927850888,9,MAP_PMU,31,0.0029942842994980998,0.0555956435513899
2,UPFC_Vsh,5-15,1.1082978747564023,9,WLS,31,0.00372994037037655,1.1120278151267788
2,UPFC_Vsh,5-15,1.1097831736243513,9,MAP_SCADA,31,0.0022446415024275357,1.1120278151267788
2,UPFC_Vsh,5-15,1.0977066179567725,9,MAP_PMU,31,0.01432119717000635,1.1120278151267788
5,UPFC_tse,5-15,-2.1174246702603394,9,WLS,31,0.014676190724064675,-2.1027484795362748
5,UPFC_tse,5-15,-2.1202414192625936,9,MAP_SCADA,31,0.017492939726318824,-2.1027484795362748
5,UPFC_tse,5-15,-2.126672003391426,9,MAP_PMU,31,0.023923523855151174,-2.1027484795362748
3,UPFC_tsh,5-15,-0.2345802902466415,9,WLS,31,0.00022075880403010784,-0.2343595314426114
3,UPFC_tsh,5-15,-0.2377841401972573,9,MAP_SCADA,31,0.003424608754645897,-0.2343595314426114
3,UPFC_tsh,5-15,-0.235409853501772,9,MAP_PMU,31,0.0010503220591605855,-0.2343595314426114
0,x_tcsc,1-14,-0.1524678923510939,0,WLS,32,0.0001801055643234073,-0.1526479979154173
0,x_tcsc,1-14,-0.1089444442291636,0,MAP_SCADA,32,0.0437035536862537,-0.1526479979154173
0,x_tcsc,1-14,-0.1739643337284024,0,MAP_PMU,32,0.021316335812985088,-0.1526479979154173
1,B_svc,2,0.4411147429080226,0,WLS,32,0.0023694528489610067,0.4434841957569836
1,B_svc,2,0.174428196232649,0,MAP_SCADA,32,0.2690559995243346,0.4434841957569836
1,B_svc,2,0.4366774098016501,0,MAP_PMU,32,0.006806785955333516,0.4434841957569836
4,UPFC_Vse,5-15,0.0564163441196629,0,WLS,32,0.001127041604498398,0.0552893025151645
4,UPFC_Vse,5-15,0.0561860795451701,0,MAP_SCADA,32,0.0008967770300056035,0.0552893025151645
4,UPFC_Vse,5-15,0.0585184219936043,0,MAP_PMU,32,0.0032291194784397972,0.0552893025151645
2,UPFC_Vsh,5-15,1.1079810948020472,0,WLS,32,0.004003830955877197,1.1119849257579244
2,UPFC_Vsh,5-15,1.1090519233992089,0,MAP_SCADA,32,0.0029330023587155196,1.1119849257579244
2,UPFC_Vsh,5-15,1.097445589579829,0,MAP_PMU,32,0.014539336178095441,1.1119849257579244
5,UPFC_tse,5-15,-2.12073149755067,0,WLS,32,0.021682529408611817,-2.0990489681420583
5,UPFC_tse,5-15,-2.1204368032299503,0,MAP_SCADA,32,0.021387835087891993,-2.0990489681420583
5,UPFC_tse,5-15,-2.129898658568751,0,MAP_PMU,32,0.03084969042669261,-2.0990489681420583
3,UPFC_tsh,5-15,-0.2343655602076355,0,WLS,32,0.00022334755377068083,-0.2341422126538648
3,UPFC_tsh,5-15,-0.2367785914428654,0,MAP_SCADA,32,0.002636378789000582,-0.2341422126538648
3,UPFC_tsh,5-15,-0.2351971232405874,0,MAP_PMU,32,0.0010549105867225794,-0.2341422126538648
0,x_tcsc,1-14,-0.1525066236829709,1,WLS,32,0.00014137423244639513,-0.1526479979154173
0,x_tcsc,1-14,-0.1086557864376798,1,MAP_SCADA,32,0.043992211477737506,-0.1526479979154173
0,x_tcsc,1-14,-0.1745148965881973,1,MAP_PMU,32,0.021866898672779994,-0.1526479979154173
1,B_svc,2,0.4417238906448838,1,WLS,32,0.0017603051120997915,0.4434841957569836
1,B_svc,2,0.1718083872692184,1,MAP_SCADA,32,0.2716758084877652,0.4434841957569836
1,B_svc,2,0.4365903356959104,1,MAP_PMU,32,0.0068938600610732315,0.4434841957569836
4,UPFC_Vse,5-15,0.0567559875866647,1,WLS,32,0.001466685071500197,0.0552893025151645
4,UPFC_Vse,5-15,0.0563413319015134,1,MAP_SCADA,32,0.0010520293863489003,0.0552893025151645
4,UPFC_Vse,5-15,0.0588637639948307,1,MAP_PMU,32,0.0035744614796662036,0.0552893025151645
2,UPFC_Vsh,5-15,1.1077645912590048,1,WLS,32,0.004220334498919565,1.1119849257579244
2,UPFC_Vsh,5-15,1.1111729212253298,1,MAP_SCADA,32,0.0008120045325945568,1.1119849257579244
2,UPFC_Vsh,5-15,1.0970441410395746,1,MAP_PMU,32,0.014940784718349809,1.1119849257579244
5,UPFC_tse,5-15,-2.117327637897162,1,WLS,32,0.018278669755103838,-2.0990489681420583
5,UPFC_tse,5-15,-2.1163925574197218,1,MAP_SCADA,32,0.01734358927766344,-2.0990489681420583
5,UPFC_tse,5-15,-2.1266841697608214,1,MAP_PMU,32,0.027635201618763094,-2.0990489681420583
3,UPFC_tsh,5-15,-0.2343921980209557,1,WLS,32,0.0002499853670908936,-0.2341422126538648
3,UPFC_tsh,5-15,-0.2360064392531947,1,MAP_SCADA,32,0.0018642265993298879,-0.2341422126538648
3,UPFC_tsh,5-15,-0.235235949994879,1,MAP_PMU,32,0.0010937373410142004,-0.2341422126538648
0,x_tcsc,1-14,-0.1524887621462912,2,WLS,32,0.0001592357691261037,-0.1526479979154173
0,x_tcsc,1-14,-0.1089921741762098,2,MAP_SCADA,32,0.04365582373920751,-0.1526479979154173
0,x_tcsc,1-14,-0.1739426705556649,2,MAP_PMU,32,0.02129467264024759,-0.1526479979154173
1,B_svc,2,0.4413880788126413,2,WLS,32,0.0020961169443423078,0.4434841957569836
1,B_svc,2,0.1740912333696392,2,MAP_SCADA,32,0.26939296238734445,0.4434841957569836
1,B_svc,2,0.4365813326218455,2,MAP_PMU,32,0.006902863135138104,0.4434841957569836
4,UPFC_Vse,5-15,0.0560735576949213,2,WLS,32,0.0007842551797567973,0.0552893025151645
4,UPFC_Vse,5-15,0.0557782403244673,2,MAP_SCADA,32,0.0004889378093028002,0.0552893025151645
4,UPFC_Vse,5-15,0.0581615952344663,2,MAP_PMU,32,0.002872292719301797,0.0552893025151645
2,UPFC_Vsh,5-15,1.107887615906078,2,WLS,32,0.00409730985184642,1.1119849257579244
2,UPFC_Vsh,5-15,1.1115687088844377,2,MAP_SCADA,32,0.00041621687348669667,1.1119849257579244
2,UPFC_Vsh,5-15,1.0973555326151494,2,MAP_PMU,32,0.014629393142775005,1.1119849257579244
5,UPFC_tse,5-15,-2.118846544308102,2,WLS,32,0.01979757616604383,-2.0990489681420583
5,UPFC_tse,5-15,-2.118666830349078,2,MAP_SCADA,32,0.019617862207019776,-2.0990489681420583
5,UPFC_tse,5-15,-2.1279434232692984,2,MAP_PMU,32,0.028894455127240093,-2.0990489681420583
3,UPFC_tsh,5-15,-0.23438539743727,2,WLS,32,0.00024318478340518146,-0.2341422126538648
3,UPFC_tsh,5-15,-0.2362029600831672,2,MAP_SCADA,32,0.002060747429302401,-0.2341422126538648
3,UPFC_tsh,5-15,-0.235218825376086,2,MAP_PMU,32,0.0010766127222211763,-0.2341422126538648
0,x_tcsc,1-14,-0.1524776904060373,3,WLS,32,0.00017030750938001882,-0.1526479979154173
0,x_tcsc,1-14,-0.1099699090129551,3,MAP_SCADA,32,0.042678088902462205,-0.1526479979154173
0,x_tcsc,1-14,-0.1738909283525087,3,MAP_PMU,32,0.021242930437091384,-0.1526479979154173
1,B_svc,2,0.4414025665321827,3,WLS,32,0.0020816292248009294,0.4434841957569836
1,B_svc,2,0.1675215368568821,3,MAP_SCADA,32,0.2759626589001015,0.4434841957569836
1,B_svc,2,0.4362710197601133,3,MAP_PMU,32,0.007213175996870325,0.4434841957569836
4,UPFC_Vse,5-15,0.0565142939179753,3,WLS,32,0.0012249914028108003,0.0552893025151645
4,UPFC_Vse,5-15,0.0558056429982969,3,MAP_SCADA,32,0.0005163404831323992,0.0552893025151645
4,UPFC_Vse,5-15,0.058495963469029,3,MAP_PMU,32,0.0032066609538645013,0.0552893025151645
2,UPFC_Vsh,5-15,1.1085101481181925,3,WLS,32,0.0034747776397319186,1.1119849257579244
2,UPFC_Vsh,5-15,1.1142020903269296,3,MAP_SCADA,32,0.0022171645690052255,1.1119849257579244
2,UPFC_Vsh,5-15,1.0982875893569797,3,MAP_PMU,32,0.013697336400944726,1.1119849257579244
5,UPFC_tse,5-15,-2.122023546262585,3,WLS,32,0.022974578120526612,-2.0990489681420583
5,UPFC_tse,5-15,-2.1182558259789315,3,MAP_SCADA,32,0.019206857836873148,-2.0990489681420583
5,UPFC_tse,5-15,-2.1307096618625896,3,MAP_PMU,32,0.03166069372053126,-2.0990489681420583
3,UPFC_tsh,5-15,-0.234410895259666,3,WLS,32,0.0002686826058011793,-0.2341422126538648
3,UPFC_tsh,5-15,-0.2345995701709153,3,MAP_SCADA,32,0.00045735751705047734,-0.2341422126538648
3,UPFC_tsh,5-15,-0.235219931942876,3,MAP_PMU,32,0.0010777192890111809,-0.2341422126538648
0,x_tcsc,1-14,-0.1525045676483372,4,WLS,32,0.00014343026708010798,-0.1526479979154173
0,x_tcsc,1-14,-0.1082864962538895,4,MAP_SCADA,32,0.0443615016615278,-0.1526479979154173
0,x_tcsc,1-14,-0.1742851369486447,4,MAP_PMU,32,0.021637139033227393,-0.1526479979154173
1,B_svc,2,0.4416957862709538,4,WLS,32,0.0017884094860298183,0.4434841957569836
1,B_svc,2,0.1774276333066684,4,MAP_SCADA,32,0.2660565624503152,0.4434841957569836
1,B_svc,2,0.4369902252965009,4,MAP_PMU,32,0.006493970460482723,0.4434841957569836
4,UPFC_Vse,5-15,0.0565784609565386,4,WLS,32,0.0012891584413741025,0.0552893025151645
4,UPFC_Vse,5-15,0.0566497292789568,4,MAP_SCADA,32,0.0013604267637922982,0.0552893025151645
4,UPFC_Vse,5-15,0.0587390457779027,4,MAP_PMU,32,0.0034497432627381974,0.0552893025151645
2,UPFC_Vsh,5-15,1.1081942599389791,4,WLS,32,0.0037906658189452713,1.1119849257579244
2,UPFC_Vsh,5-15,1.1100254231121638,4,MAP_SCADA,32,0.0019595026457606135,1.1119849257579244
2,UPFC_Vsh,5-15,1.0974378843133583,4,MAP_PMU,32,0.014547041444566089,1.1119849257579244
5,UPFC_tse,5-15,-2.118239467155248,4,WLS,32,0.019190499013189477,-2.0990489681420583
5,UPFC_tse,5-15,-2.120514447812158,4,MAP_SCADA,32,0.021465479670099707,-2.0990489681420583
5,UPFC_tse,5-15,-2.1273707987793764,4,MAP_PMU,32,0.02832183063731808,-2.0990489681420583
3,UPFC_tsh,5-15,-0.2343915338435898,4,WLS,32,0.0002493211897249825,-0.2341422126538648
3,UPFC_tsh,5-15,-0.2372143558004812,4,MAP_SCADA,32,0.003072143146616385,-0.2341422126538648
3,UPFC_tsh,5-15,-0.2352385050962511,4,MAP_PMU,32,0.001096292442386293,-0.2341422126538648
0,x_tcsc,1-14,-0.1524834545835037,5,WLS,32,0.00016454333191359694,-0.1526479979154173
0,x_tcsc,1-14,-0.1098308118195774,5,MAP_SCADA,32,0.0428171860958399,-0.1526479979154173
0,x_tcsc,1-14,-0.173752251094205,5,MAP_PMU,32,0.021104253178787696,-0.1526479979154173
1,B_svc,2,0.4416220906856377,5,WLS,32,0.001862105071345932,0.4434841957569836
1,B_svc,2,0.1704339824644985,5,MAP_SCADA,32,0.27305021329248513,0.4434841957569836
1,B_svc,2,0.4369260706385188,5,MAP_PMU,32,0.006558125118464819,0.4434841957569836
4,UPFC_Vse,5-15,0.0561669939382697,5,WLS,32,0.0008776914231052035,0.0552893025151645
4,UPFC_Vse,5-15,0.0557996144426486,5,MAP_SCADA,32,0.0005103119274841028,0.0552893025151645
4,UPFC_Vse,5-15,0.058207565045755,5,MAP_PMU,32,0.0029182625305905,0.0552893025151645
2,UPFC_Vsh,5-15,1.1079483037261,5,WLS,32,0.004036622031824422,1.1119849257579244
2,UPFC_Vsh,5-15,1.111247408683594,5,MAP_SCADA,32,0.0007375170743304515,1.1119849257579244
2,UPFC_Vsh,5-15,1.0976714292853118,5,MAP_PMU,32,0.014313496472612597,1.1119849257579244
5,UPFC_tse,5-15,-2.119878480432566,5,WLS,32,0.02082951229050778,-2.0990489681420583
5,UPFC_tse,5-15,-2.118769078015071,5,MAP_SCADA,32,0.01972010987301287,-2.0990489681420583
5,UPFC_tse,5-15,-2.1287568340299674,5,MAP_PMU,32,0.02970786588790908,-2.0990489681420583
3,UPFC_tsh,5-15,-0.2344070413286541,5,WLS,32,0.00026482867478927474,-0.2341422126538648
3,UPFC_tsh,5-15,-0.2359501929320838,5,MAP_SCADA,32,0.0018079802782189902,-0.2341422126538648
3,UPFC_tsh,5-15,-0.2352237934328101,5,MAP_PMU,32,0.0010815807789452958,-0.2341422126538648
0,x_tcsc,1-14,-0.1524940367852091,6,WLS,32,0.00015396113020821334,-0.1526479979154173
0,x_tcsc,1-14,-0.1065297956301855,6,MAP_SCADA,32,0.04611820228523181,-0.1526479979154173
0,x_tcsc,1-14,-0.1757134448450097,6,MAP_PMU,32,0.023065446929592393,-0.1526479979154173
1,B_svc,2,0.4413599248829807,6,WLS,32,0.0021242708740029093,0.4434841957569836
1,B_svc,2,0.1783891471239537,6,MAP_SCADA,32,0.2650950486330299,0.4434841957569836
1,B_svc,2,0.4355335118818288,6,MAP_PMU,32,0.007950683875154796,0.4434841957569836
4,UPFC_Vse,5-15,0.0561491262318031,6,WLS,32,0.0008598237166385983,0.0552893025151645
4,UPFC_Vse,5-15,0.0558549003478376,6,MAP_SCADA,32,0.0005655978326730982,0.0552893025151645
4,UPFC_Vse,5-15,0.0583282510724711,6,MAP_PMU,32,0.0030389485573066033,0.0552893025151645
2,UPFC_Vsh,5-15,1.108200249665582,6,WLS,32,0.003784676092342343,1.1119849257579244
2,UPFC_Vsh,5-15,1.1123445065748574,6,MAP_SCADA,32,0.0003595808169329917,1.1119849257579244
2,UPFC_Vsh,5-15,1.0968480799034923,6,MAP_PMU,32,0.01513684585443209,1.1119849257579244
5,UPFC_tse,5-15,-2.121825973971319,6,WLS,32,0.022777005829260677,-2.0990489681420583
5,UPFC_tse,5-15,-2.120361871387332,6,MAP_SCADA,32,0.021312903245273684,-2.0990489681420583
5,UPFC_tse,5-15,-2.13194161885018,6,MAP_PMU,32,0.03289265070812153,-2.0990489681420583
3,UPFC_tsh,5-15,-0.2343458706606856,6,WLS,32,0.00020365800682078938,-0.2341422126538648
3,UPFC_tsh,5-15,-0.2373298485568249,6,MAP_SCADA,32,0.00318763590296009,-0.2341422126538648
3,UPFC_tsh,5-15,-0.2352265983543093,6,MAP_PMU,32,0.0010843857004445012,-0.2341422126538648
0,x_tcsc,1-14,-0.1524789245314554,7,WLS,32,0.00016907338396190963,-0.1526479979154173
0,x_tcsc,1-14,-0.1065573707578366,7,MAP_SCADA,32,0.04609062715758071,-0.1526479979154173
0,x_tcsc,1-14,-0.1763035227299842,7,MAP_PMU,32,0.023655524814566897,-0.1526479979154173
1,B_svc,2,0.4412478166178792,7,WLS,32,0.0022363791391044052,0.4434841957569836
1,B_svc,2,0.1730324904101736,7,MAP_SCADA,32,0.27045170534681,0.4434841957569836
1,B_svc,2,0.4350103529248578,7,MAP_PMU,32,0.008473842832125822,0.4434841957569836
4,UPFC_Vse,5-15,0.0567179178864755,7,WLS,32,0.001428615371310997,0.0552893025151645
4,UPFC_Vse,5-15,0.0565481061313362,7,MAP_SCADA,32,0.0012588036161716998,0.0552893025151645
4,UPFC_Vse,5-15,0.058904219849305,7,MAP_PMU,32,0.003614917334140502,0.0552893025151645
2,UPFC_Vsh,5-15,1.1079999663031936,7,WLS,32,0.003984959454730763,1.1119849257579244
2,UPFC_Vsh,5-15,1.1131114318308462,7,MAP_SCADA,32,0.0011265060729217513,1.1119849257579244
2,UPFC_Vsh,5-15,1.0966781732191266,7,MAP_PMU,32,0.015306752538797763,1.1119849257579244
5,UPFC_tse,5-15,-2.1211035699878185,7,WLS,32,0.022054601845760136,-2.0990489681420583
5,UPFC_tse,5-15,-2.120652839538623,7,MAP_SCADA,32,0.0216038713965645,-2.0990489681420583
5,UPFC_tse,5-15,-2.1304901746359826,7,MAP_PMU,32,0.031441206493924234,-2.0990489681420583
3,UPFC_tsh,5-15,-0.2344162985617132,7,WLS,32,0.00027408590784838704,-0.2341422126538648
3,UPFC_tsh,5-15,-0.2367058917981646,7,MAP_SCADA,32,0.0025636791442997797,-0.2341422126538648
3,UPFC_tsh,5-15,-0.2352919169187785,7,MAP_PMU,32,0.0011497042649136757,-0.2341422126538648
0,x_tcsc,1-14,-0.1524930678747293,8,WLS,32,0.0001549300406880061,-0.1526479979154173
0,x_tcsc,1-14,-0.1071344394222101,8,MAP_SCADA,32,0.04551355849320721,-0.1526479979154173
0,x_tcsc,1-14,-0.1750853952597693,8,MAP_PMU,32,0.02243739734435199,-0.1526479979154173
1,B_svc,2,0.440958360837752,8,WLS,32,0.00252583491923164,0.4434841957569836
1,B_svc,2,0.178422838172466,8,MAP_SCADA,32,0.26506135758451765,0.4434841957569836
1,B_svc,2,0.4361125541266152,8,MAP_PMU,32,0.0073716416303684085,0.4434841957569836
4,UPFC_Vse,5-15,0.0560752993593179,8,WLS,32,0.0007859968441533971,0.0552893025151645
4,UPFC_Vse,5-15,0.055807898128445,8,MAP_SCADA,32,0.0005185956132804995,0.0552893025151645
4,UPFC_Vse,5-15,0.0582978953101602,8,MAP_PMU,32,0.0030085927949956986,0.0552893025151645
2,UPFC_Vsh,5-15,1.107721058973757,8,WLS,32,0.004263866784167458,1.1119849257579244
2,UPFC_Vsh,5-15,1.108225669414033,8,MAP_SCADA,32,0.003759256343891293,1.1119849257579244
2,UPFC_Vsh,5-15,1.096607525564118,8,MAP_PMU,32,0.015377400193806512,1.1119849257579244
5,UPFC_tse,5-15,-2.1204136927685715,8,WLS,32,0.021364724626513176,-2.0990489681420583
5,UPFC_tse,5-15,-2.124134150618547,8,MAP_SCADA,32,0.025085182476488832,-2.0990489681420583
5,UPFC_tse,5-15,-2.1299758553620083,8,MAP_PMU,32,0.03092688721994996,-2.0990489681420583
3,UPFC_tsh,5-15,-0.234395630678044,8,WLS,32,0.0002534180241791917,-0.2341422126538648
3,UPFC_tsh,5-15,-0.2384692950456517,8,MAP_SCADA,32,0.004327082391786891,-0.2341422126538648
3,UPFC_tsh,5-15,-0.2352622183129131,8,MAP_PMU,32,0.0011200056590482954,-0.2341422126538648
0,x_tcsc,1-14,-0.1524768217134758,9,WLS,32,0.00017117620194151417,-0.1526479979154173
0,x_tcsc,1-14,-0.1077991589540639,9,MAP_SCADA,32,0.0448488389613534,-0.1526479979154173
0,x_tcsc,1-14,-0.1745936559349961,9,MAP_PMU,32,0.02194565801957879,-0.1526479979154173
1,B_svc,2,0.4412213541409634,9,WLS,32,0.0022628416160201947,0.4434841957569836
1,B_svc,2,0.1763583555744501,9,MAP_SCADA,32,0.2671258401825335,0.4434841957569836
1,B_svc,2,0.4363777682521391,9,MAP_PMU,32,0.007106427504844526,0.4434841957569836
4,UPFC_Vse,5-15,0.0564049937498351,9,WLS,32,0.0011156912346705974,0.0552893025151645
4,UPFC_Vse,5-15,0.0560465699486527,9,MAP_SCADA,32,0.0007572674334882026,0.0552893025151645
4,UPFC_Vse,5-15,0.058593042863613,9,MAP_PMU,32,0.0033037403484484987,0.0552893025151645
2,UPFC_Vsh,5-15,1.1082560969734896,9,WLS,32,0.0037288287844348122,1.1119849257579244
2,UPFC_Vsh,5-15,1.1097831736243513,9,MAP_SCADA,32,0.0022017521335730983,1.1119849257579244
2,UPFC_Vsh,5-15,1.097264936004619,9,MAP_PMU,32,0.014719989753305462,1.1119849257579244
5,UPFC_tse,5-15,-2.117679270052581,9,WLS,32,0.01863030191052273,-2.0990489681420583
5,UPFC_tse,5-15,-2.1202414192625936,9,MAP_SCADA,32,0.02119245112053525,-2.0990489681420583
5,UPFC_tse,5-15,-2.127343024734333,9,MAP_PMU,32,0.028294056592274686,-2.0990489681420583
3,UPFC_tsh,5-15,-0.2343759677955526,9,WLS,32,0.00023375514168777478,-0.2341422126538648
3,UPFC_tsh,5-15,-0.2377841401972573,9,MAP_SCADA,32,0.003641927543392487,-0.2341422126538648
3,UPFC_tsh,5-15,-0.2352357774629556,9,MAP_PMU,32,0.0010935648090907857,-0.2341422126538648
0,x_tcsc,1-14,-0.152863780820603,0,WLS,33,0.0001915567748864977,-0.1530553375954895
0,x_tcsc,1-14,-0.1089444442291636,0,MAP_SCADA,33,0.0441108933663259,-0.1530553375954895
0,x_tcsc,1-14,-0.1747617311734454,0,MAP_PMU,33,0.021706393577955896,-0.1530553375954895
1,B_svc,2,0.4454031111983672,0,WLS,33,0.0024272645663763193,0.4478303757647435
1,B_svc,2,0.174428196232649,0,MAP_SCADA,33,0.2734021795320945,0.4478303757647435
1,B_svc,2,0.4404381341101268,0,MAP_PMU,33,0.007392241654616716,0.4478303757647435
4,UPFC_Vse,5-15,0.0564852591380208,0,WLS,33,0.0010085339900420959,0.0554767251479787
4,UPFC_Vse,5-15,0.0561860795451701,0,MAP_SCADA,33,0.0007093543971914001,0.0554767251479787
4,UPFC_Vse,5-15,0.0586360655926382,0,MAP_PMU,33,0.0031593404446594933,0.0554767251479787
2,UPFC_Vsh,5-15,1.1079060924539992,0,WLS,33,0.003959647786684339,1.1118657402406835
2,UPFC_Vsh,5-15,1.1090519233992089,0,MAP_SCADA,33,0.0028138168414746367,1.1118657402406835
2,UPFC_Vsh,5-15,1.0970481337830709,0,MAP_PMU,33,0.014817606457612653,1.1118657402406835
5,UPFC_tse,5-15,-2.1206208734147016,0,WLS,33,0.021024424804654718,-2.099596448610047
5,UPFC_tse,5-15,-2.1204368032299503,0,MAP_SCADA,33,0.020840354619903412,-2.099596448610047
5,UPFC_tse,5-15,-2.1301591838232428,0,MAP_PMU,33,0.030562735213195857,-2.099596448610047
3,UPFC_tsh,5-15,-0.2340441360924818,0,WLS,33,0.00021843914706332068,-0.2338256969454185
3,UPFC_tsh,5-15,-0.2367785914428654,0,MAP_SCADA,33,0.0029528944974469007,-0.2338256969454185
3,UPFC_tsh,5-15,-0.2348986574247213,0,MAP_PMU,33,0.0010729604793028036,-0.2338256969454185
0,x_tcsc,1-14,-0.1529025321489308,1,WLS,33,0.00015280544655871253,-0.1530553375954895
0,x_tcsc,1-14,-0.1086557864376798,1,MAP_SCADA,33,0.044399551157809705,-0.1530553375954895
0,x_tcsc,1-14,-0.1753171827122696,1,MAP_PMU,33,0.022261845116780088,-0.1530553375954895
1,B_svc,2,0.446015814045324,1,WLS,33,0.0018145617194195163,0.4478303757647435
1,B_svc,2,0.1718083872692184,1,MAP_SCADA,33,0.27602198849552506,0.4478303757647435
1,B_svc,2,0.4403375312481266,1,MAP_PMU,33,0.007492844516616914,0.4478303757647435
4,UPFC_Vse,5-15,0.0568250622557754,1,WLS,33,0.0013483371077967002,0.0554767251479787
4,UPFC_Vse,5-15,0.0563413319015134,1,MAP_SCADA,33,0.0008646067535346968,0.0554767251479787
4,UPFC_Vse,5-15,0.058979609998121,1,MAP_PMU,33,0.0035028848501422946,0.0554767251479787
2,UPFC_Vsh,5-15,1.107688512854127,1,WLS,33,0.00417722738655657,1.1118657402406835
2,UPFC_Vsh,5-15,1.1111729212253298,1,MAP_SCADA,33,0.000692819015353674,1.1118657402406835
2,UPFC_Vsh,5-15,1.096643607623364,1,MAP_PMU,33,0.015222132617319417,1.1118657402406835
5,UPFC_tse,5-15,-2.1172220486832907,1,WLS,33,0.017625600073243763,-2.099596448610047
5,UPFC_tse,5-15,-2.1163925574197218,1,MAP_SCADA,33,0.01679610880967486,-2.099596448610047
5,UPFC_tse,5-15,-2.1269546406362387,1,MAP_PMU,33,0.02735819202619183,-2.099596448610047
3,UPFC_tsh,5-15,-0.2340709592618032,1,WLS,33,0.00024526231638472007,-0.2338256969454185
3,UPFC_tsh,5-15,-0.2360064392531947,1,MAP_SCADA,33,0.0021807423077762067,-0.2338256969454185
3,UPFC_tsh,5-15,-0.2349377019281691,1,MAP_PMU,33,0.0011120049827506029,-0.2338256969454185
0,x_tcsc,1-14,-0.1528846824477513,2,WLS,33,0.00017065514773820234,-0.1530553375954895
0,x_tcsc,1-14,-0.1089921741762098,2,MAP_SCADA,33,0.04406316341927971,-0.1530553375954895
0,x_tcsc,1-14,-0.1747394697275174,2,MAP_PMU,33,0.021684132132027883,-0.1530553375954895
1,B_svc,2,0.4456760341603766,2,WLS,33,0.002154341604366894,0.4478303757647435
1,B_svc,2,0.1740912333696392,2,MAP_SCADA,33,0.27373914239510433,0.4478303757647435
1,B_svc,2,0.4403382298737205,2,MAP_PMU,33,0.007492145891022983,0.4478303757647435
4,UPFC_Vse,5-15,0.0561423258594921,2,WLS,33,0.0006656007115133991,0.0554767251479787
4,UPFC_Vse,5-15,0.0557782403244673,2,MAP_SCADA,33,0.00030151517648859677,0.0554767251479787
4,UPFC_Vse,5-15,0.0582780650316057,2,MAP_PMU,33,0.002801339883626998,0.0554767251479787
2,UPFC_Vsh,5-15,1.1078129944677684,2,WLS,33,0.004052745772915145,1.1118657402406835
2,UPFC_Vsh,5-15,1.1115687088844377,2,MAP_SCADA,33,0.0002970313562458138,1.1118657402406835
2,UPFC_Vsh,5-15,1.0969582839302263,2,MAP_PMU,33,0.014907456310457201,1.1118657402406835
5,UPFC_tse,5-15,-2.118740915438772,2,WLS,33,0.01914446682872528,-2.099596448610047
5,UPFC_tse,5-15,-2.118666830349078,2,MAP_SCADA,33,0.019070381739031195,-2.099596448610047
5,UPFC_tse,5-15,-2.1282064329437564,2,MAP_PMU,33,0.028609984333709537,-2.099596448610047
3,UPFC_tsh,5-15,-0.2340640016040714,2,WLS,33,0.00023830465865290473,-0.2338256969454185
3,UPFC_tsh,5-15,-0.2362029600831672,2,MAP_SCADA,33,0.0023772631377487197,-0.2338256969454185
3,UPFC_tsh,5-15,-0.2349203694403387,2,MAP_PMU,33,0.001094672494920207,-0.2338256969454185
0,x_tcsc,1-14,-0.1528733935901473,3,WLS,33,0.0001819440053422161,-0.1530553375954895
0,x_tcsc,1-14,-0.1099699090129551,3,MAP_SCADA,33,0.043085428582534405,-0.1530553375954895
0,x_tcsc,1-14,-0.1746879075416026,3,MAP_PMU,33,0.021632569946113095,-0.1530553375954895
1,B_svc,2,0.4456897455429053,3,WLS,33,0.002140630221838191,0.4478303757647435
1,B_svc,2,0.1675215368568821,3,MAP_SCADA,33,0.2803088389078614,0.4478303757647435
1,B_svc,2,0.4400324612058959,3,MAP_PMU,33,0.007797914558847596,0.4478303757647435
4,UPFC_Vse,5-15,0.0565834617368394,3,WLS,33,0.0011067365888606934,0.0554767251479787
4,UPFC_Vse,5-15,0.0558056429982969,3,MAP_SCADA,33,0.0003289178503181958,0.0554767251479787
4,UPFC_Vse,5-15,0.0586086816736564,3,MAP_PMU,33,0.003131956525677694,0.0554767251479787
2,UPFC_Vsh,5-15,1.1084341317978623,3,WLS,33,0.003431608442821199,1.1118657402406835
2,UPFC_Vsh,5-15,1.1142020903269296,3,MAP_SCADA,33,0.0023363500862461084,1.1118657402406835
2,UPFC_Vsh,5-15,1.0978948150939305,3,MAP_PMU,33,0.013970925146753022,1.1118657402406835
5,UPFC_tse,5-15,-2.121911169621191,3,WLS,33,0.02231472101114429,-2.099596448610047
5,UPFC_tse,5-15,-2.1182558259789315,3,MAP_SCADA,33,0.018659377368884567,-2.099596448610047
5,UPFC_tse,5-15,-2.1309693825471268,3,MAP_PMU,33,0.03137293393707985,-2.099596448610047
3,UPFC_tsh,5-15,-0.2340895019940843,3,WLS,33,0.00026380504866579946,-0.2338256969454185
3,UPFC_tsh,5-15,-0.2345995701709153,3,MAP_SCADA,33,0.0007738732254967962,-0.2338256969454185
3,UPFC_tsh,5-15,-0.2349210585599105,3,MAP_PMU,33,0.001095361614492002,-0.2338256969454185
0,x_tcsc,1-14,-0.1529005292181453,4,WLS,33,0.0001548083773442177,-0.1530553375954895
0,x_tcsc,1-14,-0.1082864962538895,4,MAP_SCADA,33,0.0447688413416,-0.1530553375954895
0,x_tcsc,1-14,-0.1750854787903472,4,MAP_PMU,33,0.02203014119485769,-0.1530553375954895
1,B_svc,2,0.4459867778963248,4,WLS,33,0.0018435978684187004,0.4478303757647435
1,B_svc,2,0.1774276333066684,4,MAP_SCADA,33,0.2704027424580751,0.4478303757647435
1,B_svc,2,0.4407444118517379,4,MAP_PMU,33,0.0070859639130055885,0.4478303757647435
4,UPFC_Vse,5-15,0.056647059398346,4,WLS,33,0.0011703342503672984,0.0554767251479787
4,UPFC_Vse,5-15,0.0566497292789568,4,MAP_SCADA,33,0.0011730041309780948,0.0554767251479787
4,UPFC_Vse,5-15,0.0588582529833895,4,MAP_PMU,33,0.0033815278354107983,0.0554767251479787
2,UPFC_Vsh,5-15,1.108119906065241,4,WLS,33,0.0037458341754426083,1.1118657402406835
2,UPFC_Vsh,5-15,1.1100254231121638,4,MAP_SCADA,33,0.0018403171285197306,1.1118657402406835
2,UPFC_Vsh,5-15,1.097036768903418,4,MAP_PMU,33,0.014828971337265573,1.1118657402406835
5,UPFC_tse,5-15,-2.118131296131484,4,WLS,33,0.018534847521437303,-2.099596448610047
5,UPFC_tse,5-15,-2.120514447812158,4,MAP_SCADA,33,0.020917999202111126,-2.099596448610047
5,UPFC_tse,5-15,-2.127619510940897,4,MAP_PMU,33,0.028023062330849946,-2.099596448610047
3,UPFC_tsh,5-15,-0.2340700828576477,4,WLS,33,0.0002443859122291947,-0.2338256969454185
3,UPFC_tsh,5-15,-0.2372143558004812,4,MAP_SCADA,33,0.003388658855062704,-0.2338256969454185
3,UPFC_tsh,5-15,-0.2349402367870456,4,MAP_PMU,33,0.001114539841627099,-0.2338256969454185
0,x_tcsc,1-14,-0.1528792639967534,5,WLS,33,0.00017607359873611506,-0.1530553375954895
0,x_tcsc,1-14,-0.1098308118195774,5,MAP_SCADA,33,0.0432245257759121,-0.1530553375954895
0,x_tcsc,1-14,-0.1745476295007879,5,MAP_PMU,33,0.02149229190529839,-0.1530553375954895
1,B_svc,2,0.4459133123896902,5,WLS,33,0.0019170633750533184,0.4478303757647435
1,B_svc,2,0.1704339824644985,5,MAP_SCADA,33,0.277396393300245,0.4478303757647435
1,B_svc,2,0.4406950339981145,5,MAP_PMU,33,0.007135341766629,0.4478303757647435
4,UPFC_Vse,5-15,0.0562358436294276,5,WLS,33,0.0007591184814488977,0.0554767251479787
4,UPFC_Vse,5-15,0.0557996144426486,5,MAP_SCADA,33,0.0003228892946698994,0.0554767251479787
4,UPFC_Vse,5-15,0.0583237329484347,5,MAP_PMU,33,0.0028470078004559987,0.0554767251479787
2,UPFC_Vsh,5-15,1.10787294686553,5,WLS,33,0.003992793375153569,1.1118657402406835
2,UPFC_Vsh,5-15,1.111247408683594,5,MAP_SCADA,33,0.0006183315570895687,1.1118657402406835
2,UPFC_Vsh,5-15,1.0972777709914656,5,MAP_PMU,33,0.014587969249217903,1.1118657402406835
5,UPFC_tse,5-15,-2.119771785591544,5,WLS,33,0.020175336981496983,-2.099596448610047
5,UPFC_tse,5-15,-2.118769078015071,5,MAP_SCADA,33,0.01917262940502429,-2.099596448610047
5,UPFC_tse,5-15,-2.129016324547338,5,MAP_PMU,33,0.029419875937291007,-2.099596448610047
3,UPFC_tsh,5-15,-0.2340856177823841,5,WLS,33,0.00025992083696560475,-0.2338256969454185
3,UPFC_tsh,5-15,-0.2359501929320838,5,MAP_SCADA,33,0.002124495986665309,-0.2338256969454185
3,UPFC_tsh,5-15,-0.2349251124731647,5,MAP_PMU,33,0.0010994155277462003,-0.2338256969454185
0,x_tcsc,1-14,-0.1528899656390833,6,WLS,33,0.00016537195640620173,-0.1530553375954895
0,x_tcsc,1-14,-0.1065297956301855,6,MAP_SCADA,33,0.04652554196530401,-0.1530553375954895
0,x_tcsc,1-14,-0.1765295519198825,6,MAP_PMU,33,0.023474214324393006,-0.1530553375954895
1,B_svc,2,0.4456485050896937,6,WLS,33,0.0021818706750497685,0.4478303757647435
1,B_svc,2,0.1783891471239537,6,MAP_SCADA,33,0.2694412286407898,0.4478303757647435
1,B_svc,2,0.4392568553931168,6,MAP_PMU,33,0.008573520371626675,0.4478303757647435
4,UPFC_Vse,5-15,0.0562181368378714,6,WLS,33,0.0007414116898926959,0.0554767251479787
4,UPFC_Vse,5-15,0.0558549003478376,6,MAP_SCADA,33,0.00037817519985889475,0.0554767251479787
4,UPFC_Vse,5-15,0.0584434409304079,6,MAP_PMU,33,0.0029667157824291995,0.0554767251479787
2,UPFC_Vsh,5-15,1.108125078347786,6,WLS,33,0.0037406618928974567,1.1118657402406835
2,UPFC_Vsh,5-15,1.1123445065748574,6,MAP_SCADA,33,0.0004787663341738746,1.1118657402406835
2,UPFC_Vsh,5-15,1.096437288587739,6,MAP_PMU,33,0.015428451652944597,1.1118657402406835
5,UPFC_tse,5-15,-2.121718223988929,6,WLS,33,0.02212177537888227,-2.099596448610047
5,UPFC_tse,5-15,-2.120361871387332,6,MAP_SCADA,33,0.020765422777285103,-2.099596448610047
5,UPFC_tse,5-15,-2.132231788101349,6,MAP_PMU,33,0.03263533949130215,-2.099596448610047
3,UPFC_tsh,5-15,-0.2340245746848089,6,WLS,33,0.0001988777393903962,-0.2338256969454185
3,UPFC_tsh,5-15,-0.2373298485568249,6,MAP_SCADA,33,0.0035041516114064086,-0.2338256969454185
3,UPFC_tsh,5-15,-0.2349289040720928,6,MAP_PMU,33,0.0011032071266743049,-0.2338256969454185
0,x_tcsc,1-14,-0.1528746038748704,7,WLS,33,0.00018073372061910842,-0.1530553375954895
0,x_tcsc,1-14,-0.1065573707578366,7,MAP_SCADA,33,0.04649796683765291,-0.1530553375954895
0,x_tcsc,1-14,-0.1771255725282209,7,MAP_PMU,33,0.024070234932731388,-0.1530553375954895
1,B_svc,2,0.4455353207317368,7,WLS,33,0.0022950550330066988,0.4478303757647435
1,B_svc,2,0.1730324904101736,7,MAP_SCADA,33,0.2747978853545699,0.4478303757647435
1,B_svc,2,0.4387237690427876,7,MAP_PMU,33,0.009106606721955901,0.4478303757647435
4,UPFC_Vse,5-15,0.0567873597056926,7,WLS,33,0.001310634557713894,0.0554767251479787
4,UPFC_Vse,5-15,0.0565481061313362,7,MAP_SCADA,33,0.0010713809833574964,0.0554767251479787
4,UPFC_Vse,5-15,0.0590197530923652,7,MAP_PMU,33,0.0035430279443864968,0.0554767251479787
2,UPFC_Vsh,5-15,1.107922361713195,7,WLS,33,0.003943378527488495,1.1118657402406835
2,UPFC_Vsh,5-15,1.1131114318308462,7,MAP_SCADA,33,0.0012456915901626342,1.1118657402406835
2,UPFC_Vsh,5-15,1.0962663233852863,7,MAP_PMU,33,0.01559941685539723,1.1118657402406835
5,UPFC_tse,5-15,-2.120990322686837,7,WLS,33,0.021393874076790276,-2.099596448610047
5,UPFC_tse,5-15,-2.120652839538623,7,MAP_SCADA,33,0.02105639092857592,-2.099596448610047
5,UPFC_tse,5-15,-2.130749658160118,7,MAP_PMU,33,0.03115320955007128,-2.099596448610047
3,UPFC_tsh,5-15,-0.2340950928743982,7,WLS,33,0.0002693959289797043,-0.2338256969454185
3,UPFC_tsh,5-15,-0.2367058917981646,7,MAP_SCADA,33,0.0028801948527460985,-0.2338256969454185
3,UPFC_tsh,5-15,-0.2349941024637295,7,MAP_PMU,33,0.0011684055183110165,-0.2338256969454185
0,x_tcsc,1-14,-0.1528887495198838,8,WLS,33,0.00016658807560571143,-0.1530553375954895
0,x_tcsc,1-14,-0.1071344394222101,8,MAP_SCADA,33,0.045920898173279406,-0.1530553375954895
0,x_tcsc,1-14,-0.1758933375553134,8,MAP_PMU,33,0.022837999959823885,-0.1530553375954895
1,B_svc,2,0.4452458540018729,8,WLS,33,0.0025845217628706063,0.4478303757647435
1,B_svc,2,0.178422838172466,8,MAP_SCADA,33,0.26940753759227754,0.4478303757647435
1,B_svc,2,0.4398472894919326,8,MAP_PMU,33,0.007983086272810913,0.4478303757647435
4,UPFC_Vse,5-15,0.0561442292762736,8,WLS,33,0.0006675041282948949,0.0554767251479787
4,UPFC_Vse,5-15,0.055807898128445,8,MAP_SCADA,33,0.00033117298046629606,0.0554767251479787
4,UPFC_Vse,5-15,0.0584178662895081,8,MAP_PMU,33,0.0029411411415293937,0.0554767251479787
2,UPFC_Vsh,5-15,1.1076451933276992,8,WLS,33,0.0042205469129843465,1.1118657402406835
2,UPFC_Vsh,5-15,1.108225669414033,8,MAP_SCADA,33,0.00364007082665041,1.1118657402406835
2,UPFC_Vsh,5-15,1.0961996790627224,8,MAP_PMU,33,0.0156660611779611,1.1118657402406835
5,UPFC_tse,5-15,-2.120307869359432,8,WLS,33,0.020711420749385034,-2.099596448610047
5,UPFC_tse,5-15,-2.124134150618547,8,MAP_SCADA,33,0.02453770200850025,-2.099596448610047
5,UPFC_tse,5-15,-2.1302484210111565,8,MAP_PMU,33,0.030651972401109617,-2.099596448610047
3,UPFC_tsh,5-15,-0.2340742539278999,8,WLS,33,0.00024855698248141267,-0.2338256969454185
3,UPFC_tsh,5-15,-0.2384692950456517,8,MAP_SCADA,33,0.004643598100233209,-0.2338256969454185
3,UPFC_tsh,5-15,-0.23496425859992,8,MAP_PMU,33,0.0011385616545015187,-0.2338256969454185
0,x_tcsc,1-14,-0.1528726127688818,9,WLS,33,0.00018272482660769418,-0.1530553375954895
0,x_tcsc,1-14,-0.1077991589540639,9,MAP_SCADA,33,0.0452561786414256,-0.1530553375954895
0,x_tcsc,1-14,-0.1753957909415637,9,MAP_PMU,33,0.022340453346074207,-0.1530553375954895
1,B_svc,2,0.4455068562448318,9,WLS,33,0.002323519519911721,0.4478303757647435
1,B_svc,2,0.1763583555744501,9,MAP_SCADA,33,0.2714720201902934,0.4478303757647435
1,B_svc,2,0.4401128365158679,9,MAP_PMU,33,0.007717539248875582,0.4478303757647435
4,UPFC_Vse,5-15,0.0564741054042195,9,WLS,33,0.0009973802562407985,0.0554767251479787
4,UPFC_Vse,5-15,0.0560465699486527,9,MAP_SCADA,33,0.0005698448006739992,0.0554767251479787
4,UPFC_Vse,5-15,0.0587117678708199,9,MAP_PMU,33,0.003235042722841197,0.0554767251479787
2,UPFC_Vsh,5-15,1.1081801327502498,9,WLS,33,0.0036856074904336733,1.1118657402406835
2,UPFC_Vsh,5-15,1.1097831736243513,9,MAP_SCADA,33,0.0020825666163322154,1.1118657402406835
2,UPFC_Vsh,5-15,1.096859808449923,9,MAP_PMU,33,0.015005931790760485,1.1118657402406835
5,UPFC_tse,5-15,-2.117574854731454,9,WLS,33,0.017978406121406998,-2.099596448610047
5,UPFC_tse,5-15,-2.1202414192625936,9,MAP_SCADA,33,0.020644970652546668,-2.099596448610047
5,UPFC_tse,5-15,-2.1276186395237056,9,MAP_PMU,33,0.02802219091365865,-2.099596448610047
3,UPFC_tsh,5-15,-0.2340547592424278,9,WLS,33,0.00022906229700930814,-0.2338256969454185
3,UPFC_tsh,5-15,-0.2377841401972573,9,MAP_SCADA,33,0.003958443251838806,-0.2338256969454185
3,UPFC_tsh,5-15,-0.2349378164277204,9,MAP_PMU,33,0.0011121194823019154,-0.2338256969454185
0,x_tcsc,1-14,-0.1525309907317565,0,WLS,34,0.00017996385546770188,-0.1527109545872242
0,x_tcsc,1-14,-0.1089444442291636,0,MAP_SCADA,34,0.04376651035806059,-0.1527109545872242
0,x_tcsc,1-14,-0.1740904698921929,0,MAP_PMU,34,0.021379515304968705,-0.1527109545872242
1,B_svc,2,0.4416077309734949,0,WLS,34,0.0023818612065169553,0.4439895921800119
1,B_svc,2,0.174428196232649,0,MAP_SCADA,34,0.2695613959473629,0.4439895921800119
1,B_svc,2,0.4370950181805508,0,MAP_PMU,34,0.006894573999461084,0.4439895921800119
4,UPFC_Vse,5-15,0.0564493153324425,0,WLS,34,0.001094308320305798,0.0553550070121367
4,UPFC_Vse,5-15,0.0561860795451701,0,MAP_SCADA,34,0.0008310725330334043,0.0553550070121367
4,UPFC_Vse,5-15,0.0585526744402778,0,MAP_PMU,34,0.0031976674281411002,0.0553550070121367
2,UPFC_Vsh,5-15,1.1079582257144815,0,WLS,34,0.003894021369463152,1.1118522470839447
2,UPFC_Vsh,5-15,1.1090519233992089,0,MAP_SCADA,34,0.002800323684735817,1.1118522470839447
2,UPFC_Vsh,5-15,1.097373143310579,0,MAP_PMU,34,0.014479103773365809,1.1118522470839447
5,UPFC_tse,5-15,-2.121345261887933,0,WLS,34,0.021361184942869205,-2.0999840769450637
5,UPFC_tse,5-15,-2.1204368032299503,0,MAP_SCADA,34,0.02045272628488659,-2.0999840769450637
5,UPFC_tse,5-15,-2.130578149121212,0,MAP_PMU,34,0.0305940721761484,-2.0999840769450637
3,UPFC_tsh,5-15,-0.2343254662302906,0,WLS,34,0.00022265577303490214,-0.2341028104572557
3,UPFC_tsh,5-15,-0.2367785914428654,0,MAP_SCADA,34,0.0026757809856096937,-0.2341028104572557
3,UPFC_tsh,5-15,-0.2351608138710006,0,MAP_PMU,34,0.0010580034137449013,-0.2341028104572557
0,x_tcsc,1-14,-0.1525696758569802,1,WLS,34,0.00014127873024399884,-0.1527109545872242
0,x_tcsc,1-14,-0.1086557864376798,1,MAP_SCADA,34,0.044055168149544396,-0.1527109545872242
0,x_tcsc,1-14,-0.1746417599075321,1,MAP_PMU,34,0.021930805320307917,-0.1527109545872242
1,B_svc,2,0.4422174259086067,1,WLS,34,0.0017721662714051956,0.4439895921800119
1,B_svc,2,0.1718083872692184,1,MAP_SCADA,34,0.27218120491079345,0.4439895921800119
1,B_svc,2,0.4370062009075587,1,MAP_PMU,34,0.006983391272453177,0.4439895921800119
4,UPFC_Vse,5-15,0.0567888659105511,1,WLS,34,0.0014338588984144016,0.0553550070121367
4,UPFC_Vse,5-15,0.0563413319015134,1,MAP_SCADA,34,0.000986324889376701,0.0553550070121367
4,UPFC_Vse,5-15,0.0588962374526836,1,MAP_PMU,34,0.003541230440546904,0.0553550070121367
2,UPFC_Vsh,5-15,1.10774176778474,1,WLS,34,0.004110479299204606,1.1118522470839447
2,UPFC_Vsh,5-15,1.1111729212253298,1,MAP_SCADA,34,0.0006793258586148543,1.1118522470839447
2,UPFC_Vsh,5-15,1.096971671905602,1,MAP_PMU,34,0.014880575178342736,1.1118522470839447
5,UPFC_tse,5-15,-2.1179385968619857,1,WLS,34,0.017954519916921985,-2.0999840769450637
5,UPFC_tse,5-15,-2.1163925574197218,1,MAP_SCADA,34,0.016408480474658038,-2.0999840769450637
5,UPFC_tse,5-15,-2.127364474020649,1,MAP_PMU,34,0.02738039707558526,-2.0999840769450637
3,UPFC_tsh,5-15,-0.2343521550344569,1,WLS,34,0.0002493445772011882,-0.2341028104572557
3,UPFC_tsh,5-15,-0.2360064392531947,1,MAP_SCADA,34,0.0019036287959389997,-0.2341028104572557
3,UPFC_tsh,5-15,-0.2351996905933133,1,MAP_PMU,34,0.0010968801360576041,-0.2341028104572557
0,x_tcsc,1-14,-0.1525518729846906,2,WLS,34,0.00015908160253358394,-0.1527109545872242
0,x_tcsc,1-14,-0.1089921741762098,2,MAP_SCADA,34,0.0437187804110144,-0.1527109545872242
0,x_tcsc,1-14,-0.1740687495524921,2,MAP_PMU,34,0.021357794965267907,-0.1527109545872242
1,B_svc,2,0.4418809353224879,2,WLS,34,0.002108656857523983,0.4439895921800119
1,B_svc,2,0.1740912333696392,2,MAP_SCADA,34,0.2698983588103727,0.4439895921800119
1,B_svc,2,0.4369984946640947,2,MAP_PMU,34,0.0069910975159171995,0.4439895921800119
4,UPFC_Vse,5-15,0.0561064499559601,2,WLS,34,0.0007514429438233994,0.0553550070121367
4,UPFC_Vse,5-15,0.0557782403244673,2,MAP_SCADA,34,0.0004232333123306009,0.0553550070121367
4,UPFC_Vse,5-15,0.0581945832647313,2,MAP_PMU,34,0.0028395762525946014,0.0553550070121367
2,UPFC_Vsh,5-15,1.1078648648583629,2,WLS,34,0.003987382225581815,1.1118522470839447
2,UPFC_Vsh,5-15,1.1115687088844377,2,MAP_SCADA,34,0.0002835381995069941,1.1118522470839447
2,UPFC_Vsh,5-15,1.0972835889774966,2,MAP_PMU,34,0.01456865810644814,1.1118522470839447
5,UPFC_tse,5-15,-2.1194681435912366,2,WLS,34,0.01948406664617286,-2.0999840769450637
5,UPFC_tse,5-15,-2.118666830349078,2,MAP_SCADA,34,0.018682753404014374,-2.0999840769450637
5,UPFC_tse,5-15,-2.128628624057206,2,MAP_PMU,34,0.02864454711214215,-2.0999840769450637
3,UPFC_tsh,5-15,-0.2343453174568119,2,WLS,34,0.00024250699955619126,-0.2341028104572557
3,UPFC_tsh,5-15,-0.2362029600831672,2,MAP_SCADA,34,0.0021001496259115127,-0.2341028104572557
3,UPFC_tsh,5-15,-0.235182514473595,2,MAP_PMU,34,0.0010797040163393057,-0.2341028104572557
0,x_tcsc,1-14,-0.1525407971250317,3,WLS,34,0.00017015746219248284,-0.1527109545872242
0,x_tcsc,1-14,-0.1099699090129551,3,MAP_SCADA,34,0.042741045574269096,-0.1527109545872242
0,x_tcsc,1-14,-0.1740170974607011,3,MAP_PMU,34,0.021306142873476902,-0.1527109545872242
1,B_svc,2,0.4418951091722951,3,WLS,34,0.0020944830077168075,0.4439895921800119
1,B_svc,2,0.1675215368568821,3,MAP_SCADA,34,0.2764680553231298,0.4439895921800119
1,B_svc,2,0.436688699455553,3,MAP_PMU,34,0.007300892724458885,0.4439895921800119
4,UPFC_Vse,5-15,0.0565474787337348,3,WLS,34,0.0011924717215981012,0.0553550070121367
4,UPFC_Vse,5-15,0.0558056429982969,3,MAP_SCADA,34,0.00045063598616019995,0.0553550070121367
4,UPFC_Vse,5-15,0.0585266252328743,3,MAP_PMU,34,0.003171618220737603,0.0553550070121367
2,UPFC_Vsh,5-15,1.108487026078378,3,WLS,34,0.0033652210055667986,1.1118522470839447
2,UPFC_Vsh,5-15,1.1142020903269296,3,MAP_SCADA,34,0.002349843242984928,1.1118522470839447
2,UPFC_Vsh,5-15,1.098216904506954,3,MAP_PMU,34,0.013635342576990617,1.1118522470839447
5,UPFC_tse,5-15,-2.122639819138728,3,WLS,34,0.022655742193664175,-2.0999840769450637
5,UPFC_tse,5-15,-2.1182558259789315,3,MAP_SCADA,34,0.018271749033867746,-2.0999840769450637
5,UPFC_tse,5-15,-2.1314014860941484,3,MAP_PMU,34,0.03141740914908464,-2.0999840769450637
3,UPFC_tsh,5-15,-0.2343708810981467,3,WLS,34,0.0002680706408909883,-0.2341028104572557
3,UPFC_tsh,5-15,-0.2345995701709153,3,MAP_SCADA,34,0.0004967597136595892,-0.2341028104572557
3,UPFC_tsh,5-15,-0.2351835887790188,3,MAP_PMU,34,0.0010807783217630929,-0.2341028104572557
0,x_tcsc,1-14,-0.1525676663168032,4,WLS,34,0.00014328827042098258,-0.1527109545872242
0,x_tcsc,1-14,-0.1082864962538895,4,MAP_SCADA,34,0.04442445833333469,-0.1527109545872242
0,x_tcsc,1-14,-0.1744117111500317,4,MAP_PMU,34,0.02170075656280751,-0.1527109545872242
1,B_svc,2,0.4421891276731348,4,WLS,34,0.0018004645068770975,0.4439895921800119
1,B_svc,2,0.1774276333066684,4,MAP_SCADA,34,0.2665619588733435,0.4439895921800119
1,B_svc,2,0.4374070272472394,4,MAP_PMU,34,0.006582564932772483,0.4439895921800119
4,UPFC_Vse,5-15,0.0566112736265162,4,WLS,34,0.0012562666143794976,0.0553550070121367
4,UPFC_Vse,5-15,0.0566497292789568,4,MAP_SCADA,34,0.0012947222668200989,0.0553550070121367
4,UPFC_Vse,5-15,0.0587737556932019,4,MAP_PMU,34,0.0034187486810652035,0.0553550070121367
2,UPFC_Vsh,5-15,1.108171682006184,4,WLS,34,0.0036805650777607113,1.1118522470839447
2,UPFC_Vsh,5-15,1.1100254231121638,4,MAP_SCADA,34,0.001826823971780911,1.1118522470839447
2,UPFC_Vsh,5-15,1.0973650487144868,4,MAP_PMU,34,0.014487198369457888,1.1118522470839447
5,UPFC_tse,5-15,-2.1188533410541948,4,WLS,34,0.018869264109131034,-2.0999840769450637
5,UPFC_tse,5-15,-2.120514447812158,4,MAP_SCADA,34,0.020530370867094305,-2.0999840769450637
5,UPFC_tse,5-15,-2.1280385596617144,4,MAP_PMU,34,0.028054482716650675,-2.0999840769450637
3,UPFC_tsh,5-15,-0.2343514340202027,4,WLS,34,0.00024862356294699794,-0.2341028104572557
3,UPFC_tsh,5-15,-0.2372143558004812,4,MAP_SCADA,34,0.003111545343225497,-0.2341028104572557
3,UPFC_tsh,5-15,-0.235202217387539,4,MAP_PMU,34,0.001099406930283292,-0.2341028104572557
0,x_tcsc,1-14,-0.1525465968535035,5,WLS,34,0.00016435773372069917,-0.1527109545872242
0,x_tcsc,1-14,-0.1098308118195774,5,MAP_SCADA,34,0.04288014276764679,-0.1527109545872242
0,x_tcsc,1-14,-0.1738781686026388,5,MAP_PMU,34,0.021167214015414604,-0.1527109545872242
1,B_svc,2,0.4421151856837211,5,WLS,34,0.0018744064962907814,0.4439895921800119
1,B_svc,2,0.1704339824644985,5,MAP_SCADA,34,0.2735556097155134,0.4439895921800119
1,B_svc,2,0.4373446777671922,5,MAP_PMU,34,0.006644914412819669,0.4439895921800119
4,UPFC_Vse,5-15,0.0561999957753803,5,WLS,34,0.0008449887632435982,0.0553550070121367
4,UPFC_Vse,5-15,0.0557996144426486,5,MAP_SCADA,34,0.00044460743051190355,0.0553550070121367
4,UPFC_Vse,5-15,0.0582407590942172,5,MAP_PMU,34,0.0028857520820805005,0.0553550070121367
2,UPFC_Vsh,5-15,1.1079252105306685,5,WLS,34,0.0039270365532761975,1.1118522470839447
2,UPFC_Vsh,5-15,1.111247408683594,5,MAP_SCADA,34,0.000604838400350749,1.1118522470839447
2,UPFC_Vsh,5-15,1.0976000089925193,5,MAP_PMU,34,0.014252238091425395,1.1118522470839447
5,UPFC_tse,5-15,-2.120501784892582,5,WLS,34,0.020517707947518282,-2.0999840769450637
5,UPFC_tse,5-15,-2.118769078015071,5,MAP_SCADA,34,0.018785001070007468,-2.0999840769450637
5,UPFC_tse,5-15,-2.129445462771921,5,MAP_PMU,34,0.02946138582685709,-2.0999840769450637
3,UPFC_tsh,5-15,-0.2343669831514386,5,WLS,34,0.00026417269418291256,-0.2341028104572557
3,UPFC_tsh,5-15,-0.2359501929320838,5,MAP_SCADA,34,0.001847382474828102,-0.2341028104572557
3,UPFC_tsh,5-15,-0.2351874556544806,5,MAP_PMU,34,0.0010846451972248983,-0.2341028104572557
0,x_tcsc,1-14,-0.1525570878635286,6,WLS,34,0.00015386672369560594,-0.1527109545872242
0,x_tcsc,1-14,-0.1065297956301855,6,MAP_SCADA,34,0.0461811589570387,-0.1527109545872242
0,x_tcsc,1-14,-0.1758424355615194,6,MAP_PMU,34,0.02313148097429521,-0.1527109545872242
1,B_svc,2,0.4418530342035822,6,WLS,34,0.0021365579764296982,0.4439895921800119
1,B_svc,2,0.1783891471239537,6,MAP_SCADA,34,0.2656004450560582,0.4439895921800119
1,B_svc,2,0.4359459294114416,6,MAP_PMU,34,0.00804366276857027,0.4439895921800119
4,UPFC_Vse,5-15,0.0561820420319857,6,WLS,34,0.0008270350198490012,0.0553550070121367
4,UPFC_Vse,5-15,0.0558549003478376,6,MAP_SCADA,34,0.0004998933357008989,0.0553550070121367
4,UPFC_Vse,5-15,0.0583595307213037,6,MAP_PMU,34,0.003004523709166998,0.0553550070121367
2,UPFC_Vsh,5-15,1.108177403218443,6,WLS,34,0.0036748438655016535,1.1118522470839447
2,UPFC_Vsh,5-15,1.1123445065748574,6,MAP_SCADA,34,0.0004922594909126943,1.1118522470839447
2,UPFC_Vsh,5-15,1.0967741691456443,6,MAP_PMU,34,0.015078077938300405,1.1118522470839447
5,UPFC_tse,5-15,-2.1224372486430347,6,WLS,34,0.02245317169797101,-2.0999840769450637
5,UPFC_tse,5-15,-2.120361871387332,6,MAP_SCADA,34,0.020377794442268282,-2.0999840769450637
5,UPFC_tse,5-15,-2.132626765251095,6,MAP_PMU,34,0.03264268830603134,-2.0999840769450637
3,UPFC_tsh,5-15,-0.2343057257618875,6,WLS,34,0.00020291530463178997,-0.2341028104572557
3,UPFC_tsh,5-15,-0.2373298485568249,6,MAP_SCADA,34,0.0032270380995692016,-0.2341028104572557
3,UPFC_tsh,5-15,-0.2351902960113032,6,MAP_PMU,34,0.0010874855540475015,-0.2341028104572557
0,x_tcsc,1-14,-0.1525420175633458,7,WLS,34,0.00016893702387840714,-0.1527109545872242
0,x_tcsc,1-14,-0.1065573707578366,7,MAP_SCADA,34,0.0461535838293876,-0.1527109545872242
0,x_tcsc,1-14,-0.1764335823875431,7,MAP_PMU,34,0.02372262780031889,-0.1527109545872242
1,B_svc,2,0.4417405274349053,7,WLS,34,0.0022490647451066104,0.4439895921800119
1,B_svc,2,0.1730324904101736,7,MAP_SCADA,34,0.2709571017698383,0.4439895921800119
1,B_svc,2,0.4354212076651212,7,MAP_PMU,34,0.00856838451489067,0.4439895921800119
4,UPFC_Vse,5-15,0.0567511918182847,7,WLS,34,0.0013961848061480042,0.0553550070121367
4,UPFC_Vse,5-15,0.0565481061313362,7,MAP_SCADA,34,0.0011930991191995005,0.0553550070121367
4,UPFC_Vse,5-15,0.058935461901494,7,MAP_PMU,34,0.0035804548893573,0.0553550070121367
2,UPFC_Vsh,5-15,1.1079766052654996,7,WLS,34,0.0038756418184451302,1.1118522470839447
2,UPFC_Vsh,5-15,1.1131114318308462,7,MAP_SCADA,34,0.0012591847469014539,1.1118522470839447
2,UPFC_Vsh,5-15,1.0966040762777611,7,MAP_PMU,34,0.01524817080618357,1.1118522470839447
5,UPFC_tse,5-15,-2.1217177424869904,7,WLS,34,0.021733665541926683,-2.0999840769450637
5,UPFC_tse,5-15,-2.120652839538623,7,MAP_SCADA,34,0.020668762593559098,-2.0999840769450637
5,UPFC_tse,5-15,-2.131168210340206,7,MAP_PMU,34,0.031184133395142144,-2.0999840769450637
3,UPFC_tsh,5-15,-0.2343763191651653,7,WLS,34,0.0002735087079095977,-0.2341028104572557
3,UPFC_tsh,5-15,-0.2367058917981646,7,MAP_SCADA,34,0.0026030813409088915,-0.2341028104572557
3,UPFC_tsh,5-15,-0.235255740021449,7,MAP_PMU,34,0.0011529295641933002,-0.2341028104572557
0,x_tcsc,1-14,-0.1525562322970226,8,WLS,34,0.00015472229020160877,-0.1527109545872242
0,x_tcsc,1-14,-0.1071344394222101,8,MAP_SCADA,34,0.0455765151650141,-0.1527109545872242
0,x_tcsc,1-14,-0.1752132708430407,8,MAP_PMU,34,0.0225023162558165,-0.1527109545872242
1,B_svc,2,0.4414505809046505,8,WLS,34,0.0025390112753613803,0.4439895921800119
1,B_svc,2,0.178422838172466,8,MAP_SCADA,34,0.2655667540075459,0.4439895921800119
1,B_svc,2,0.4365259413169851,8,MAP_PMU,34,0.007463650863026805,0.4439895921800119
4,UPFC_Vse,5-15,0.0561083384881012,8,WLS,34,0.0007533314759644999,0.0553550070121367
4,UPFC_Vse,5-15,0.055807898128445,8,MAP_SCADA,34,0.0004528911163083002,0.0553550070121367
4,UPFC_Vse,5-15,0.0583329675146376,8,MAP_PMU,34,0.0029779605025009037,0.0553550070121367
2,UPFC_Vsh,5-15,1.107698133099366,8,WLS,34,0.004154113984578656,1.1118522470839447
2,UPFC_Vsh,5-15,1.108225669414033,8,MAP_SCADA,34,0.0036265776699115904,1.1118522470839447
2,UPFC_Vsh,5-15,1.0965337151248171,8,MAP_PMU,34,0.01531853195912758,1.1118522470839447
5,UPFC_tse,5-15,-2.12103494866959,8,WLS,34,0.021050871724526132,-2.0999840769450637
5,UPFC_tse,5-15,-2.124134150618547,8,MAP_SCADA,34,0.02415007367348343,-2.0999840769450637
5,UPFC_tse,5-15,-2.130662304379814,8,MAP_PMU,34,0.030678227434750127,-2.0999840769450637
3,UPFC_tsh,5-15,-0.2343556298399048,8,WLS,34,0.0002528193826490943,-0.2341028104572557
3,UPFC_tsh,5-15,-0.2384692950456517,8,MAP_SCADA,34,0.004366484588396002,-0.2341028104572557
3,UPFC_tsh,5-15,-0.2352260368641971,8,MAP_PMU,34,0.0011232264069414022,-0.2341028104572557
0,x_tcsc,1-14,-0.1525399136027382,9,WLS,34,0.0001710409844860039,-0.1527109545872242
0,x_tcsc,1-14,-0.1077991589540639,9,MAP_SCADA,34,0.04491179563316029,-0.1527109545872242
0,x_tcsc,1-14,-0.1747205420884826,9,MAP_PMU,34,0.022009587501258393,-0.1527109545872242
1,B_svc,2,0.441713798527034,9,WLS,34,0.0022757936529778644,0.4439895921800119
1,B_svc,2,0.1763583555744501,9,MAP_SCADA,34,0.26763123660556176,0.4439895921800119
1,B_svc,2,0.4367916457844703,9,MAP_PMU,34,0.00719794639554161,0.4439895921800119
4,UPFC_Vse,5-15,0.0564378507690298,9,WLS,34,0.0010828437568931037,0.0553550070121367
4,UPFC_Vse,5-15,0.0560465699486527,9,MAP_SCADA,34,0.0006915629365160034,0.0553550070121367
4,UPFC_Vse,5-15,0.0586271935375512,9,MAP_PMU,34,0.0032721865254145,0.0553550070121367
2,UPFC_Vsh,5-15,1.1082331442186883,9,WLS,34,0.0036191028652563517,1.1118522470839447
2,UPFC_Vsh,5-15,1.1097831736243513,9,MAP_SCADA,34,0.0020690734595933957,1.1118522470839447
2,UPFC_Vsh,5-15,1.097191473525783,9,MAP_PMU,34,0.014660773558161644,1.1118522470839447
5,UPFC_tse,5-15,-2.118293567888525,9,WLS,34,0.01830949094346135,-2.0999840769450637
5,UPFC_tse,5-15,-2.1202414192625936,9,MAP_SCADA,34,0.020257342317529847,-2.0999840769450637
5,UPFC_tse,5-15,-2.128024718077183,9,MAP_PMU,34,0.028040641132119237,-2.0999840769450637
3,UPFC_tsh,5-15,-0.2343359122054009,9,WLS,34,0.00023310174814519802,-0.2341028104572557
3,UPFC_tsh,5-15,-0.2377841401972573,9,MAP_SCADA,34,0.0036813297400015987,-0.2341028104572557
3,UPFC_tsh,5-15,-0.2351995376156756,9,MAP_PMU,34,0.0010967271584199079,-0.2341028104572557
0,x_tcsc,1-14,-0.1527394540533078,0,WLS,35,0.00018577280600551305,-0.1529252268593133
0,x_tcsc,1-14,-0.1089444442291636,0,MAP_SCADA,35,0.043980782630149706,-0.1529252268593133
0,x_tcsc,1-14,-0.174510056532276,0,MAP_PMU,35,0.021584829672962685,-0.1529252268593133
1,B_svc,2,0.4438489095626175,0,WLS,35,0.002413581878415283,0.4462624914410328
1,B_svc,2,0.174428196232649,0,MAP_SCADA,35,0.2718342952083838,0.4462624914410328
1,B_svc,2,0.4390612977355662,0,MAP_PMU,35,0.007201193705466624,0.4462624914410328
4,UPFC_Vse,5-15,0.0564011033633952,0,WLS,35,0.0012559365719381002,0.0551451667914571
4,UPFC_Vse,5-15,0.0561860795451701,0,MAP_SCADA,35,0.0010409127537130067,0.0551451667914571
4,UPFC_Vse,5-15,0.0585303537919998,0,MAP_PMU,35,0.0033851870005427026,0.0551451667914571
2,UPFC_Vsh,5-15,1.1079264695663948,0,WLS,35,0.003863179039712561,1.1117896486061074
2,UPFC_Vsh,5-15,1.1090519233992089,0,MAP_SCADA,35,0.0027377252068985225,1.1117896486061074
2,UPFC_Vsh,5-15,1.0971738370492108,0,MAP_PMU,35,0.014615811556896618,1.1117896486061074
5,UPFC_tse,5-15,-2.1216748471344458,0,WLS,35,0.022374773189721697,-2.099300073944724
5,UPFC_tse,5-15,-2.1204368032299503,0,MAP_SCADA,35,0.021136729285226252,-2.099300073944724
5,UPFC_tse,5-15,-2.131080349094813,0,MAP_PMU,35,0.031780275150088855,-2.099300073944724
3,UPFC_tsh,5-15,-0.23427861048741,0,WLS,35,0.00022340917849780761,-0.2340552013089122
3,UPFC_tsh,5-15,-0.2367785914428654,0,MAP_SCADA,35,0.002723390133953202,-0.2340552013089122
3,UPFC_tsh,5-15,-0.2351266144051955,0,MAP_PMU,35,0.001071413096283308,-0.2340552013089122
0,x_tcsc,1-14,-0.1527781408076247,1,WLS,35,0.00014708605168861633,-0.1529252268593133
0,x_tcsc,1-14,-0.1086557864376798,1,MAP_SCADA,35,0.04426944042163351,-0.1529252268593133
0,x_tcsc,1-14,-0.1750639066423352,1,MAP_PMU,35,0.022138679783021892,-0.1529252268593133
1,B_svc,2,0.4444606294451345,1,WLS,35,0.001801861995898324,0.4462624914410328
1,B_svc,2,0.1718083872692184,1,MAP_SCADA,35,0.2744541041718144,0.4462624914410328
1,B_svc,2,0.4389654389084175,1,MAP_PMU,35,0.007297052532615311,0.4462624914410328
4,UPFC_Vse,5-15,0.0567408560036045,1,WLS,35,0.0015956892121474012,0.0551451667914571
4,UPFC_Vse,5-15,0.0563413319015134,1,MAP_SCADA,35,0.0011961651100563034,0.0551451667914571
4,UPFC_Vse,5-15,0.0588730585039573,1,MAP_PMU,35,0.0037278917125002017,0.0551451667914571
2,UPFC_Vsh,5-15,1.107709150693098,1,WLS,35,0.004080497913009351,1.1117896486061074
2,UPFC_Vsh,5-15,1.1111729212253298,1,MAP_SCADA,35,0.0006167273807775597,1.1117896486061074
2,UPFC_Vsh,5-15,1.0967706133454929,1,MAP_PMU,35,0.015019035260614544,1.1117896486061074
5,UPFC_tse,5-15,-2.1182609232498457,1,WLS,35,0.018960849305121652,-2.099300073944724
5,UPFC_tse,5-15,-2.1163925574197218,1,MAP_SCADA,35,0.0170924834749977,-2.099300073944724
5,UPFC_tse,5-15,-2.1278593482211177,1,MAP_PMU,35,0.028559274276393598,-2.099300073944724
3,UPFC_tsh,5-15,-0.2343053908167207,1,WLS,35,0.00025018950780850147,-0.2340552013089122
3,UPFC_tsh,5-15,-0.2360064392531947,1,MAP_SCADA,35,0.0019512379442825079,-0.2340552013089122
3,UPFC_tsh,5-15,-0.2351655751193427,1,MAP_PMU,35,0.0011103738104304983,-0.2340552013089122
0,x_tcsc,1-14,-0.1527603475579981,2,WLS,35,0.00016487930131520168,-0.1529252268593133
0,x_tcsc,1-14,-0.1089921741762098,2,MAP_SCADA,35,0.04393305268310352,-0.1529252268593133
0,x_tcsc,1-14,-0.1744880087022854,2,MAP_PMU,35,0.021562781842972084,-0.1529252268593133
1,B_svc,2,0.4441219747682454,2,WLS,35,0.002140516672787418,0.4462624914410328
1,B_svc,2,0.1740912333696392,2,MAP_SCADA,35,0.27217125807139364,0.4462624914410328
1,B_svc,2,0.4389627911286013,2,MAP_PMU,35,0.00729970031243149,0.4462624914410328
4,UPFC_Vse,5-15,0.0560581711062035,2,WLS,35,0.0009130043147464045,0.0551451667914571
4,UPFC_Vse,5-15,0.0557782403244673,2,MAP_SCADA,35,0.0006330735330102033,0.0551451667914571
4,UPFC_Vse,5-15,0.0581715044110449,2,MAP_PMU,35,0.0030263376195878017,0.0551451667914571
2,UPFC_Vsh,5-15,1.1078331380562587,2,WLS,35,0.003956510549848691,1.1117896486061074
2,UPFC_Vsh,5-15,1.1115687088844377,2,MAP_SCADA,35,0.00022093972166969955,1.1117896486061074
2,UPFC_Vsh,5-15,1.097084292588829,2,MAP_PMU,35,0.014705356017278515,1.1117896486061074
5,UPFC_tse,5-15,-2.119796545006539,2,WLS,35,0.020496471061814958,-2.099300073944724
5,UPFC_tse,5-15,-2.118666830349078,2,MAP_SCADA,35,0.019366756404354035,-2.099300073944724
5,UPFC_tse,5-15,-2.129127518300758,2,MAP_PMU,35,0.029827444356033794,-2.099300073944724
3,UPFC_tsh,5-15,-0.2342984951132813,2,WLS,35,0.00024329380436910464,-0.2340552013089122
3,UPFC_tsh,5-15,-0.2362029600831672,2,MAP_SCADA,35,0.002147758774255021,-0.2340552013089122
3,UPFC_tsh,5-15,-0.2351483020347057,2,MAP_PMU,35,0.0010931007257934944,-0.2340552013089122
0,x_tcsc,1-14,-0.1527491607096628,3,WLS,35,0.0001760661496505167,-0.1529252268593133
0,x_tcsc,1-14,-0.1099699090129551,3,MAP_SCADA,35,0.04295531784635821,-0.1529252268593133
0,x_tcsc,1-14,-0.1744364543437571,3,MAP_PMU,35,0.021511227484443785,-0.1529252268593133
1,B_svc,2,0.4441357398578814,3,WLS,35,0.0021267515831513983,0.4462624914410328
1,B_svc,2,0.1675215368568821,3,MAP_SCADA,35,0.2787409545841507,0.4462624914410328
1,B_svc,2,0.4386554242425867,3,MAP_PMU,35,0.007607067198446116,0.4462624914410328
4,UPFC_Vse,5-15,0.0564995656811492,3,WLS,35,0.0013543988896921044,0.0551451667914571
4,UPFC_Vse,5-15,0.0558056429982969,3,MAP_SCADA,35,0.0006604762068398023,0.0551451667914571
4,UPFC_Vse,5-15,0.0585017932594533,3,MAP_PMU,35,0.0033566264679962057,0.0551451667914571
2,UPFC_Vsh,5-15,1.1084546128501649,3,WLS,35,0.003335035755942517,1.1117896486061074
2,UPFC_Vsh,5-15,1.1142020903269296,3,MAP_SCADA,35,0.0024124417208222226,1.1117896486061074
2,UPFC_Vsh,5-15,1.098019850040206,3,MAP_PMU,35,0.013769798565901326,1.1117896486061074
5,UPFC_tse,5-15,-2.1229663521067814,3,WLS,35,0.023666278162057353,-2.099300073944724
5,UPFC_tse,5-15,-2.1182558259789315,3,MAP_SCADA,35,0.018955752034207407,-2.099300073944724
5,UPFC_tse,5-15,-2.1318926393152817,3,MAP_PMU,35,0.03259256537055766,-2.099300073944724
3,UPFC_tsh,5-15,-0.2343240629255559,3,WLS,35,0.00026886161664371744,-0.2340552013089122
3,UPFC_tsh,5-15,-0.2345995701709153,3,MAP_SCADA,35,0.0005443688620030973,-0.2340552013089122
3,UPFC_tsh,5-15,-0.2351491118789815,3,MAP_PMU,35,0.0010939105700693008,-0.2340552013089122
0,x_tcsc,1-14,-0.1527761592626918,4,WLS,35,0.00014906759662150493,-0.1529252268593133
0,x_tcsc,1-14,-0.1082864962538895,4,MAP_SCADA,35,0.04463873060542381,-0.1529252268593133
0,x_tcsc,1-14,-0.1748328349971436,4,MAP_PMU,35,0.021907608137830298,-0.1529252268593133
1,B_svc,2,0.4444318036600571,4,WLS,35,0.001830687780975726,0.4462624914410328
1,B_svc,2,0.1774276333066684,4,MAP_SCADA,35,0.2688348581343644,0.4462624914410328
1,B_svc,2,0.4393698938949423,4,MAP_PMU,35,0.0068925975460905065,0.4462624914410328
4,UPFC_Vse,5-15,0.0565630715305087,4,WLS,35,0.0014179047390516022,0.0551451667914571
4,UPFC_Vse,5-15,0.0566497292789568,4,MAP_SCADA,35,0.0015045624874997013,0.0551451667914571
4,UPFC_Vse,5-15,0.0587522819244456,4,MAP_PMU,35,0.003607115132988503,0.0551451667914571
2,UPFC_Vsh,5-15,1.1081400537480253,4,WLS,35,0.003649594858082139,1.1117896486061074
2,UPFC_Vsh,5-15,1.1100254231121638,4,MAP_SCADA,35,0.0017642254939436164,1.1117896486061074
2,UPFC_Vsh,5-15,1.0971638513515316,4,MAP_PMU,35,0.0146257972545758,1.1117896486061074
5,UPFC_tse,5-15,-2.119180342977564,4,WLS,35,0.019880269032840125,-2.099300073944724
5,UPFC_tse,5-15,-2.120514447812158,4,MAP_SCADA,35,0.021214373867433967,-2.099300073944724
5,UPFC_tse,5-15,-2.1285352017138077,4,MAP_PMU,35,0.029235127769083658,-2.099300073944724
3,UPFC_tsh,5-15,-0.2343045930596618,4,WLS,35,0.00024939175074961684,-0.2340552013089122
3,UPFC_tsh,5-15,-0.2372143558004812,4,MAP_SCADA,35,0.003159154491569005,-0.2340552013089122
3,UPFC_tsh,5-15,-0.2351681511845594,4,MAP_PMU,35,0.0011129498756471956,-0.2340552013089122
0,x_tcsc,1-14,-0.1527550245958146,5,WLS,35,0.00017020226349870327,-0.1529252268593133
0,x_tcsc,1-14,-0.1098308118195774,5,MAP_SCADA,35,0.043094415039735906,-0.1529252268593133
0,x_tcsc,1-14,-0.1742966989679002,5,MAP_PMU,35,0.021371472108586892,-0.1529252268593133
1,B_svc,2,0.4443578921283391,5,WLS,35,0.001904599312693711,0.4462624914410328
1,B_svc,2,0.1704339824644985,5,MAP_SCADA,35,0.2758285089765343,0.4462624914410328
1,B_svc,2,0.4393152782090275,5,MAP_PMU,35,0.0069472132320053115,0.4462624914410328
4,UPFC_Vse,5-15,0.0561519153063245,5,WLS,35,0.0010067485148674005,0.0551451667914571
4,UPFC_Vse,5-15,0.0557996144426486,5,MAP_SCADA,35,0.0006544476511915059,0.0551451667914571
4,UPFC_Vse,5-15,0.0582176723809975,5,MAP_PMU,35,0.0030725055895404058,0.0551451667914571
2,UPFC_Vsh,5-15,1.107893096365421,5,WLS,35,0.003896552240686413,1.1117896486061074
2,UPFC_Vsh,5-15,1.111247408683594,5,MAP_SCADA,35,0.0005422399225134544,1.1117896486061074
2,UPFC_Vsh,5-15,1.0974026342784329,5,MAP_PMU,35,0.01438701432767453,1.1117896486061074
5,UPFC_tse,5-15,-2.1208312165676846,5,WLS,35,0.02153114262296052,-2.099300073944724
5,UPFC_tse,5-15,-2.118769078015071,5,MAP_SCADA,35,0.01946900407034713,-2.099300073944724
5,UPFC_tse,5-15,-2.1299438662757257,5,MAP_PMU,35,0.030643792331001674,-2.099300073944724
3,UPFC_tsh,5-15,-0.2343202329281379,5,WLS,35,0.0002650316192256974,-0.2340552013089122
3,UPFC_tsh,5-15,-0.2359501929320838,5,MAP_SCADA,35,0.0018949916231716102,-0.2340552013089122
3,UPFC_tsh,5-15,-0.2351531965589596,5,MAP_PMU,35,0.0010979952500474177,-0.2340552013089122
0,x_tcsc,1-14,-0.1527655640431731,6,WLS,35,0.00015966281614021582,-0.1529252268593133
0,x_tcsc,1-14,-0.1065297956301855,6,MAP_SCADA,35,0.046395431229127815,-0.1529252268593133
0,x_tcsc,1-14,-0.1762718447814579,6,MAP_PMU,35,0.023346617922144597,-0.1529252268593133
1,B_svc,2,0.4440944056462929,6,WLS,35,0.002168085794739927,0.4462624914410328
1,B_svc,2,0.1783891471239537,6,MAP_SCADA,35,0.2678733443170791,0.4462624914410328
1,B_svc,2,0.4378925853976587,6,MAP_PMU,35,0.00836990604337412,0.4462624914410328
4,UPFC_Vse,5-15,0.0561340157250803,6,WLS,35,0.0009888489336232,0.0551451667914571
4,UPFC_Vse,5-15,0.0558549003478376,6,MAP_SCADA,35,0.0007097335563805013,0.0551451667914571
4,UPFC_Vse,5-15,0.0583359541809742,6,MAP_PMU,35,0.0031907873895171066,0.0551451667914571
2,UPFC_Vsh,5-15,1.1081454083254825,6,WLS,35,0.003644240280624933,1.1117896486061074
2,UPFC_Vsh,5-15,1.1123445065748574,6,MAP_SCADA,35,0.0005548579687499888,1.1117896486061074
2,UPFC_Vsh,5-15,1.096567710865447,6,MAP_PMU,35,0.015221937740660385,1.1117896486061074
5,UPFC_tse,5-15,-2.12276694225141,6,WLS,35,0.023466868306686095,-2.099300073944724
5,UPFC_tse,5-15,-2.120361871387332,6,MAP_SCADA,35,0.021061797442607944,-2.099300073944724
5,UPFC_tse,5-15,-2.133133288791202,6,MAP_PMU,35,0.033833214846477944,-2.099300073944724
3,UPFC_tsh,5-15,-0.2342589277278384,6,WLS,35,0.00020372641892621446,-0.2340552013089122
3,UPFC_tsh,5-15,-0.2373298485568249,6,MAP_SCADA,35,0.0032746472479127098,-0.2340552013089122
3,UPFC_tsh,5-15,-0.2351565195151792,6,MAP_PMU,35,0.0011013182062670213,-0.2340552013089122
0,x_tcsc,1-14,-0.1527503744021216,7,WLS,35,0.00017485245719170428,-0.1529252268593133
0,x_tcsc,1-14,-0.1065573707578366,7,MAP_SCADA,35,0.046367856101476715,-0.1529252268593133
0,x_tcsc,1-14,-0.1768661358088394,7,MAP_PMU,35,0.02394090894952608,-0.1529252268593133
1,B_svc,2,0.4439813939068524,7,WLS,35,0.002281097534180432,0.4462624914410328
1,B_svc,2,0.1730324904101736,7,MAP_SCADA,35,0.2732300010308592,0.4462624914410328
1,B_svc,2,0.4373626747019152,7,MAP_PMU,35,0.008899816739117605,0.4462624914410328
4,UPFC_Vse,5-15,0.0567036268813892,7,WLS,35,0.001558460089932101,0.0551451667914571
4,UPFC_Vse,5-15,0.0565481061313362,7,MAP_SCADA,35,0.001402939339879103,0.0551451667914571
4,UPFC_Vse,5-15,0.0589122910751844,7,MAP_PMU,35,0.0037671242837273022,0.0551451667914571
2,UPFC_Vsh,5-15,1.1079431714766788,7,WLS,35,0.0038464771294286493,1.1117896486061074
2,UPFC_Vsh,5-15,1.1131114318308462,7,MAP_SCADA,35,0.0013217832247387484,1.1117896486061074
2,UPFC_Vsh,5-15,1.0963971569797304,7,MAP_PMU,35,0.015392491626377014,1.1117896486061074
5,UPFC_tse,5-15,-2.1220422327873645,7,WLS,35,0.022742158842640414,-2.099300073944724
5,UPFC_tse,5-15,-2.120652839538623,7,MAP_SCADA,35,0.02135276559389876,-2.099300073944724
5,UPFC_tse,5-15,-2.131658990537523,7,MAP_PMU,35,0.03235891659279888,-2.099300073944724
3,UPFC_tsh,5-15,-0.2343296798039671,7,WLS,35,0.0002744784950549084,-0.2340552013089122
3,UPFC_tsh,5-15,-0.2367058917981646,7,MAP_SCADA,35,0.0026506904892523997,-0.2340552013089122
3,UPFC_tsh,5-15,-0.2352219790387413,7,MAP_PMU,35,0.0011667777298291215,-0.2340552013089122
0,x_tcsc,1-14,-0.1527645768971181,8,WLS,35,0.0001606499621952251,-0.1529252268593133
0,x_tcsc,1-14,-0.1071344394222101,8,MAP_SCADA,35,0.045790787437103214,-0.1529252268593133
0,x_tcsc,1-14,-0.1756384005198659,8,MAP_PMU,35,0.022713173660552588,-0.1529252268593133
1,B_svc,2,0.4436913509109323,8,WLS,35,0.002571140530100491,0.4462624914410328
1,B_svc,2,0.178422838172466,8,MAP_SCADA,35,0.26783965326856685,0.4462624914410328
1,B_svc,2,0.4384785865087646,8,MAP_PMU,35,0.007783904932268215,0.4462624914410328
4,UPFC_Vse,5-15,0.0560602263870047,8,WLS,35,0.0009150595955476001,0.0551451667914571
4,UPFC_Vse,5-15,0.055807898128445,8,MAP_SCADA,35,0.0006627313369879026,0.0551451667914571
4,UPFC_Vse,5-15,0.0583120559755202,8,MAP_PMU,35,0.003166889184063104,0.0551451667914571
2,UPFC_Vsh,5-15,1.107665823556196,8,WLS,35,0.004123825049911378,1.1117896486061074
2,UPFC_Vsh,5-15,1.108225669414033,8,MAP_SCADA,35,0.003563979192074296,1.1117896486061074
2,UPFC_Vsh,5-15,1.096328917925952,8,MAP_PMU,35,0.015460730680155299,1.1117896486061074
5,UPFC_tse,5-15,-2.1213644024586777,8,WLS,35,0.02206432851395368,-2.099300073944724
5,UPFC_tse,5-15,-2.124134150618547,8,MAP_SCADA,35,0.02483407667382309,-2.099300073944724
5,UPFC_tse,5-15,-2.131172175798454,8,MAP_PMU,35,0.031872101853729795,-2.099300073944724
3,UPFC_tsh,5-15,-0.2343087968385528,8,WLS,35,0.0002535955296406045,-0.2340552013089122
3,UPFC_tsh,5-15,-0.2384692950456517,8,MAP_SCADA,35,0.0044140937367395106,-0.2340552013089122
3,UPFC_tsh,5-15,-0.2351921581572226,8,MAP_PMU,35,0.0011369568483104164,-0.2340552013089122
0,x_tcsc,1-14,-0.1527483219242465,9,WLS,35,0.00017690493506680727,-0.1529252268593133
0,x_tcsc,1-14,-0.1077991589540639,9,MAP_SCADA,35,0.04512606790524941,-0.1529252268593133
0,x_tcsc,1-14,-0.1751426210088247,9,MAP_PMU,35,0.022217394149511377,-0.1529252268593133
1,B_svc,2,0.4439535652369817,9,WLS,35,0.0023089262040510983,0.4462624914410328
1,B_svc,2,0.1763583555744501,9,MAP_SCADA,35,0.2699041358665827,0.4462624914410328
1,B_svc,2,0.4387444835510106,9,MAP_PMU,35,0.007518007890022216,0.4462624914410328
4,UPFC_Vse,5-15,0.0563898952020837,9,WLS,35,0.0012447284106266027,0.0551451667914571
4,UPFC_Vse,5-15,0.0560465699486527,9,MAP_SCADA,35,0.0009014031571956058,0.0551451667914571
4,UPFC_Vse,5-15,0.0586056303095323,9,MAP_PMU,35,0.0034604635180752047,0.0551451667914571
2,UPFC_Vsh,5-15,1.1082006944333322,9,WLS,35,0.0035889541727751606,1.1117896486061074
2,UPFC_Vsh,5-15,1.1097831736243513,9,MAP_SCADA,35,0.002006474981756101,1.1117896486061074
2,UPFC_Vsh,5-15,1.0969881121048533,9,MAP_PMU,35,0.014801536501254153,1.1117896486061074
5,UPFC_tse,5-15,-2.1186206497922786,9,WLS,35,0.019320575847554533,-2.099300073944724
5,UPFC_tse,5-15,-2.1202414192625936,9,MAP_SCADA,35,0.02094134531786951,-2.099300073944724
5,UPFC_tse,5-15,-2.1285323641910083,9,MAP_PMU,35,0.029232290246284265,-2.099300073944724
3,UPFC_tsh,5-15,-0.2342892236878022,9,WLS,35,0.0002340223788900031,-0.2340552013089122
3,UPFC_tsh,5-15,-0.2377841401972573,9,MAP_SCADA,35,0.003728938888345107,-0.2340552013089122
3,UPFC_tsh,5-15,-0.2351656839569483,9,MAP_PMU,35,0.0011104826480361207,-0.2340552013089122
0,x_tcsc,1-14,-0.1534207988000799,0,WLS,36,0.00020425159613071675,-0.1536250503962106
0,x_tcsc,1-14,-0.1089444442291636,0,MAP_SCADA,36,0.044680606167047,-0.1536250503962106
0,x_tcsc,1-14,-0.1758890217654318,0,MAP_PMU,36,0.022263971369221203,-0.1536250503962106
1,B_svc,2,0.45138608505369,0,WLS,36,0.002535785164073101,0.4539218702177631
1,B_svc,2,0.174428196232649,0,MAP_SCADA,36,0.2794936739851141,0.4539218702177631
1,B_svc,2,0.4456442419139187,0,MAP_PMU,36,0.008277628303844375,0.4539218702177631
4,UPFC_Vse,5-15,0.0564987437122974,0,WLS,36,0.0010972187064344982,0.0554015250058629
4,UPFC_Vse,5-15,0.0561860795451701,0,MAP_SCADA,36,0.0007845545393072029,0.0554015250058629
4,UPFC_Vse,5-15,0.0587135908640338,0,MAP_PMU,36,0.0033120658581708984,0.0554015250058629
2,UPFC_Vsh,5-15,1.107824188521934,0,WLS,36,0.0037195109817640404,1.111543699503698
2,UPFC_Vsh,5-15,1.1090519233992089,0,MAP_SCADA,36,0.0024917761044891407,1.111543699503698
2,UPFC_Vsh,5-15,1.0965089372033618,0,MAP_PMU,36,0.01503476230033618,1.111543699503698
5,UPFC_tse,5-15,-2.121338236923447,0,WLS,36,0.021046018783922538,-2.1002922181395243
5,UPFC_tse,5-15,-2.1204368032299503,0,MAP_SCADA,36,0.020144585090426048,-2.1002922181395243
5,UPFC_tse,5-15,-2.131393220500178,0,MAP_PMU,36,0.03110100236065394,-2.1002922181395243
3,UPFC_tsh,5-15,-0.233728767168854,0,WLS,36,0.0002177572968163899,-0.2335110098720376
3,UPFC_tsh,5-15,-0.2367785914428654,0,MAP_SCADA,36,0.0032675815708277933,-0.2335110098720376
3,UPFC_tsh,5-15,-0.2346168345833392,0,MAP_PMU,36,0.0011058247113016062,-0.2335110098720376
0,x_tcsc,1-14,-0.1534594901693099,1,WLS,36,0.0001655602269007017,-0.1536250503962106
0,x_tcsc,1-14,-0.1086557864376798,1,MAP_SCADA,36,0.044969263958530806,-0.1536250503962106
0,x_tcsc,1-14,-0.1764512166929968,1,MAP_PMU,36,0.022826166296786188,-0.1536250503962106
1,B_svc,2,0.4520042587294592,1,WLS,36,0.001917611488303883,0.4539218702177631
1,B_svc,2,0.1718083872692184,1,MAP_SCADA,36,0.28211348294854466,0.4539218702177631
1,B_svc,2,0.445524380430802,1,MAP_PMU,36,0.008397489786961088,0.4539218702177631
4,UPFC_Vse,5-15,0.056838820004311,1,WLS,36,0.0014372949984481007,0.0554015250058629
4,UPFC_Vse,5-15,0.0563413319015134,1,MAP_SCADA,36,0.0009398068956504996,0.0554015250058629
4,UPFC_Vse,5-15,0.0590534961294632,1,MAP_PMU,36,0.0036519711236003005,0.0554015250058629
2,UPFC_Vsh,5-15,1.1076044555609987,1,WLS,36,0.003939243942699289,1.111543699503698
2,UPFC_Vsh,5-15,1.1111729212253298,1,MAP_SCADA,36,0.0003707782783681779,1.111543699503698
2,UPFC_Vsh,5-15,1.0961001365298844,1,MAP_PMU,36,0.015443562973813663,1.111543699503698
5,UPFC_tse,5-15,-2.117933851678362,1,WLS,36,0.01764163353883763,-2.1002922181395243
5,UPFC_tse,5-15,-2.1163925574197218,1,MAP_SCADA,36,0.016100339280197495,-2.1002922181395243
5,UPFC_tse,5-15,-2.128189133579132,1,MAP_PMU,36,0.027896915439607817,-2.1002922181395243
3,UPFC_tsh,5-15,-0.2337558160497276,1,WLS,36,0.0002448061776899879,-0.2335110098720376
3,UPFC_tsh,5-15,-0.2360064392531947,1,MAP_SCADA,36,0.0024954293811570993,-0.2335110098720376
3,UPFC_tsh,5-15,-0.2346561012932761,1,MAP_PMU,36,0.0011450914212385033,-0.2335110098720376
0,x_tcsc,1-14,-0.1534417141132792,2,WLS,36,0.0001833362829314067,-0.1536250503962106
0,x_tcsc,1-14,-0.1089921741762098,2,MAP_SCADA,36,0.04463287622000081,-0.1536250503962106
0,x_tcsc,1-14,-0.1758658859540374,2,MAP_PMU,36,0.0222408355578268,-0.1536250503962106
1,B_svc,2,0.4516586388408475,2,WLS,36,0.0022632313769155865,0.4539218702177631
1,B_svc,2,0.1740912333696392,2,MAP_SCADA,36,0.2798306368481239,0.4539218702177631
1,B_svc,2,0.445539097653967,2,MAP_PMU,36,0.008382772563796104,0.4539218702177631
4,UPFC_Vse,5-15,0.0561555643243068,2,WLS,36,0.0007540393184439012,0.0554015250058629
4,UPFC_Vse,5-15,0.0557782403244673,2,MAP_SCADA,36,0.0003767153186043995,0.0554015250058629
4,UPFC_Vse,5-15,0.0583528779076905,2,MAP_PMU,36,0.002951352901827596,0.0554015250058629
2,UPFC_Vsh,5-15,1.107731222374127,2,WLS,36,0.0038124771295711124,1.111543699503698
2,UPFC_Vsh,5-15,1.1115687088844377,2,MAP_SCADA,36,2.5009380739682285e-05,1.111543699503698
2,UPFC_Vsh,5-15,1.0964195000668475,2,MAP_PMU,36,0.015124199436850505,1.111543699503698
5,UPFC_tse,5-15,-2.1194661568095654,2,WLS,36,0.019173938670041135,-2.1002922181395243
5,UPFC_tse,5-15,-2.118666830349078,2,MAP_SCADA,36,0.01837461220955383,-2.1002922181395243
5,UPFC_tse,5-15,-2.1294430589188167,2,MAP_PMU,36,0.02915084077929242,-2.1002922181395243
3,UPFC_tsh,5-15,-0.2337486602137131,2,WLS,36,0.00023765034167549937,-0.2335110098720376
3,UPFC_tsh,5-15,-0.2362029600831672,2,MAP_SCADA,36,0.0026919502111296123,-0.2335110098720376
3,UPFC_tsh,5-15,-0.2346384853480051,2,MAP_PMU,36,0.0011274754759675043,-0.2335110098720376
0,x_tcsc,1-14,-0.1534301503588577,3,WLS,36,0.0001949000373528964,-0.1536250503962106
0,x_tcsc,1-14,-0.1099699090129551,3,MAP_SCADA,36,0.043655141383255505,-0.1536250503962106
0,x_tcsc,1-14,-0.1758146803433769,3,MAP_PMU,36,0.022189629947166306,-0.1536250503962106
1,B_svc,2,0.4516709395273144,3,WLS,36,0.0022509306904486825,0.4539218702177631
1,B_svc,2,0.1675215368568821,3,MAP_SCADA,36,0.286400333360881,0.4539218702177631
1,B_svc,2,0.4452402346366832,3,MAP_PMU,36,0.008681635581079872,0.4539218702177631
4,UPFC_Vse,5-15,0.0565975994668378,3,WLS,36,0.0011960744609749024,0.0554015250058629
4,UPFC_Vse,5-15,0.0558056429982969,3,MAP_SCADA,36,0.00040411799243399854,0.0554015250058629
4,UPFC_Vse,5-15,0.0586772426141521,3,MAP_PMU,36,0.003275717608289201,0.0554015250058629
2,UPFC_Vsh,5-15,1.108350417239612,3,WLS,36,0.003193282264086106,1.111543699503698
2,UPFC_Vsh,5-15,1.1142020903269296,3,MAP_SCADA,36,0.0026583908232316045,1.111543699503698
2,UPFC_Vsh,5-15,1.097362910381489,3,MAP_PMU,36,0.014180789122208992,1.111543699503698
5,UPFC_tse,5-15,-2.122625588451456,3,WLS,36,0.022333370311931944,-2.1002922181395243
5,UPFC_tse,5-15,-2.1182558259789315,3,MAP_SCADA,36,0.017963607839407203,-2.1002922181395243
5,UPFC_tse,5-15,-2.132199343536717,3,MAP_PMU,36,0.03190712539719254,-2.1002922181395243
3,UPFC_tsh,5-15,-0.2337742394020455,3,WLS,36,0.0002632295300079024,-0.2335110098720376
3,UPFC_tsh,5-15,-0.2345995701709153,3,MAP_SCADA,36,0.0010885602988776888,-0.2335110098720376
3,UPFC_tsh,5-15,-0.2346385590762635,3,MAP_PMU,36,0.0011275492042258917,-0.2335110098720376
0,x_tcsc,1-14,-0.1534576050851822,4,WLS,36,0.00016744531102841353,-0.1536250503962106
0,x_tcsc,1-14,-0.1082864962538895,4,MAP_SCADA,36,0.0453385541423211,-0.1536250503962106
0,x_tcsc,1-14,-0.176216838144147,4,MAP_PMU,36,0.02259178774793638,-0.1536250503962106
1,B_svc,2,0.4519738215563841,4,WLS,36,0.0019480486613789871,0.4539218702177631
1,B_svc,2,0.1774276333066684,4,MAP_SCADA,36,0.2764942369110947,0.4539218702177631
1,B_svc,2,0.4459410559879793,4,MAP_PMU,36,0.007980814229783806,0.4539218702177631
4,UPFC_Vse,5-15,0.056660223236528,4,WLS,36,0.0012586982306651007,0.0554015250058629
4,UPFC_Vse,5-15,0.0566497292789568,4,MAP_SCADA,36,0.0012482042730938975,0.0554015250058629
4,UPFC_Vse,5-15,0.0589380184485023,4,MAP_PMU,36,0.003536493442639399,0.0554015250058629
2,UPFC_Vsh,5-15,1.1080384509358243,4,WLS,36,0.003505248567873709,1.111543699503698
2,UPFC_Vsh,5-15,1.1100254231121638,4,MAP_SCADA,36,0.0015182763915342345,1.111543699503698
2,UPFC_Vsh,5-15,1.0964923868862169,4,MAP_PMU,36,0.01505131261748116,1.111543699503698
5,UPFC_tse,5-15,-2.118848149282176,4,WLS,36,0.018555931142651527,-2.1002922181395243
5,UPFC_tse,5-15,-2.120514447812158,4,MAP_SCADA,36,0.020222229672633762,-2.1002922181395243
5,UPFC_tse,5-15,-2.128831236607095,4,MAP_PMU,36,0.028539018467570898,-2.1002922181395243
3,UPFC_tsh,5-15,-0.2337546814511443,4,WLS,36,0.0002436715791067079,-0.2335110098720376
3,UPFC_tsh,5-15,-0.2372143558004812,4,MAP_SCADA,36,0.0037033459284435966,-0.2335110098720376
3,UPFC_tsh,5-15,-0.2346586926396693,4,MAP_PMU,36,0.0011476827676316914,-0.2335110098720376
0,x_tcsc,1-14,-0.1534362090012792,5,WLS,36,0.00018884139493141605,-0.1536250503962106
0,x_tcsc,1-14,-0.1098308118195774,5,MAP_SCADA,36,0.0437942385766332,-0.1536250503962106
0,x_tcsc,1-14,-0.175672192126138,5,MAP_PMU,36,0.02204714172992739,-0.1536250503962106
1,B_svc,2,0.4519001989950947,5,WLS,36,0.0020216712226683864,0.4539218702177631
1,B_svc,2,0.1704339824644985,5,MAP_SCADA,36,0.2834878877532646,0.4539218702177631
1,B_svc,2,0.4459131823427864,5,MAP_PMU,36,0.008008687874976717,0.4539218702177631
4,UPFC_Vse,5-15,0.0562494729812403,5,WLS,36,0.0008479479753773986,0.0554015250058629
4,UPFC_Vse,5-15,0.0557996144426486,5,MAP_SCADA,36,0.00039808943678570213,0.0554015250058629
4,UPFC_Vse,5-15,0.0583985920857451,5,MAP_PMU,36,0.002997067079882197,0.0554015250058629
2,UPFC_Vsh,5-15,1.1077900496288446,5,WLS,36,0.003753649874853382,1.111543699503698
2,UPFC_Vsh,5-15,1.111247408683594,5,MAP_SCADA,36,0.0002962908201040726,1.111543699503698
2,UPFC_Vsh,5-15,1.0967441200915633,5,MAP_PMU,36,0.014799579412134722,1.111543699503698
5,UPFC_tse,5-15,-2.120497911604172,5,WLS,36,0.020205693464647734,-2.1002922181395243
5,UPFC_tse,5-15,-2.118769078015071,5,MAP_SCADA,36,0.018476859875546925,-2.1002922181395243
5,UPFC_tse,5-15,-2.130251241223419,5,MAP_PMU,36,0.029959023083894643,-2.1002922181395243
3,UPFC_tsh,5-15,-0.2337703997449996,5,WLS,36,0.000259389872962007,-0.2335110098720376
3,UPFC_tsh,5-15,-0.2359501929320838,5,MAP_SCADA,36,0.0024391830600462017,-0.2335110098720376
3,UPFC_tsh,5-15,-0.2346430474848927,5,MAP_PMU,36,0.0011320376128551024,-0.2335110098720376
0,x_tcsc,1-14,-0.1534469815906744,6,WLS,36,0.00017806880553619675,-0.1536250503962106
0,x_tcsc,1-14,-0.1065297956301855,6,MAP_SCADA,36,0.04709525476602511,-0.1536250503962106
0,x_tcsc,1-14,-0.1776830540559354,6,MAP_PMU,36,0.024058003659724797,-0.1536250503962106
1,B_svc,2,0.4516320512817113,6,WLS,36,0.0022898189360517907,0.4539218702177631
1,B_svc,2,0.1783891471239537,6,MAP_SCADA,36,0.2755327230938094,0.4539218702177631
1,B_svc,2,0.444409065929046,6,MAP_PMU,36,0.009512804288717092,0.4539218702177631
4,UPFC_Vse,5-15,0.0562318701850299,6,WLS,36,0.0008303451791669969,0.0554015250058629
4,UPFC_Vse,5-15,0.0558549003478376,6,MAP_SCADA,36,0.0004533753419746975,0.0554015250058629
4,UPFC_Vse,5-15,0.0585155675012174,6,MAP_PMU,36,0.003114042495354498,0.0554015250058629
2,UPFC_Vsh,5-15,1.1080426156830638,6,WLS,36,0.0035010838206341877,1.111543699503698
2,UPFC_Vsh,5-15,1.1123445065748574,6,MAP_SCADA,36,0.0008008070711593707,1.111543699503698
2,UPFC_Vsh,5-15,1.0958797370870037,6,MAP_PMU,36,0.01566396241669432,1.111543699503698
5,UPFC_tse,5-15,-2.122437724035333,6,WLS,36,0.02214550589580888,-2.1002922181395243
5,UPFC_tse,5-15,-2.120361871387332,6,MAP_SCADA,36,0.02006965324780774,-2.1002922181395243
5,UPFC_tse,5-15,-2.133498133363668,6,MAP_PMU,36,0.033205915224143734,-2.1002922181395243
3,UPFC_tsh,5-15,-0.2337093137355299,6,WLS,36,0.00019830386349228846,-0.2335110098720376
3,UPFC_tsh,5-15,-0.2373298485568249,6,MAP_SCADA,36,0.0038188386847873013,-0.2335110098720376
3,UPFC_tsh,5-15,-0.2346480900421712,6,MAP_PMU,36,0.0011370801701335864,-0.2335110098720376
0,x_tcsc,1-14,-0.1534313235608697,7,WLS,36,0.00019372683534091273,-0.1536250503962106
0,x_tcsc,1-14,-0.1065573707578366,7,MAP_SCADA,36,0.04706767963837401,-0.1536250503962106
0,x_tcsc,1-14,-0.1782875220051628,7,MAP_PMU,36,0.024662471608952186,-0.1536250503962106
1,B_svc,2,0.4515170478370715,7,WLS,36,0.002404822380691618,0.4539218702177631
1,B_svc,2,0.1730324904101736,7,MAP_SCADA,36,0.2808893798075895,0.4539218702177631
1,B_svc,2,0.4438616490986496,7,MAP_PMU,36,0.010060221119113477,0.4539218702177631
4,UPFC_Vse,5-15,0.0568021452216126,7,WLS,36,0.001400620215749701,0.0554015250058629
4,UPFC_Vse,5-15,0.0565481061313362,7,MAP_SCADA,36,0.001146581125473299,0.0554015250058629
4,UPFC_Vse,5-15,0.0590923331202207,7,MAP_PMU,36,0.003690808114357798,0.0554015250058629
2,UPFC_Vsh,5-15,1.1078361417522733,7,WLS,36,0.003707557751424728,1.111543699503698
2,UPFC_Vsh,5-15,1.1131114318308462,7,MAP_SCADA,36,0.0015677323271481303,1.111543699503698
2,UPFC_Vsh,5-15,1.0957077241383428,7,MAP_PMU,36,0.015835975365355193,1.111543699503698
5,UPFC_tse,5-15,-2.121699922057718,7,WLS,36,0.02140770391819391,-2.1002922181395243
5,UPFC_tse,5-15,-2.120652839538623,7,MAP_SCADA,36,0.020360621399098555,-2.1002922181395243
5,UPFC_tse,5-15,-2.131969028055911,7,MAP_PMU,36,0.03167680991638688,-2.1002922181395243
3,UPFC_tsh,5-15,-0.2337801935711714,7,WLS,36,0.00026918369913381257,-0.2335110098720376
3,UPFC_tsh,5-15,-0.2367058917981646,7,MAP_SCADA,36,0.003194881926126991,-0.2335110098720376
3,UPFC_tsh,5-15,-0.2347132827399748,7,MAP_PMU,36,0.0012022728679371986,-0.2335110098720376
0,x_tcsc,1-14,-0.153445484663405,8,WLS,36,0.00017956573280561439,-0.1536250503962106
0,x_tcsc,1-14,-0.1071344394222101,8,MAP_SCADA,36,0.04649061097400051,-0.1536250503962106
0,x_tcsc,1-14,-0.1770353931327326,8,MAP_PMU,36,0.023410342736521983,-0.1536250503962106
1,B_svc,2,0.4512273916682942,8,WLS,36,0.002694478549468915,0.4539218702177631
1,B_svc,2,0.178422838172466,8,MAP_SCADA,36,0.27549903204529713,0.4539218702177631
1,B_svc,2,0.4450152144255304,8,MAP_PMU,36,0.00890665579223271,0.4539218702177631
4,UPFC_Vse,5-15,0.0561579137723315,8,WLS,36,0.0007563887664686006,0.0554015250058629
4,UPFC_Vse,5-15,0.055807898128445,8,MAP_SCADA,36,0.0004063731225820988,0.0554015250058629
4,UPFC_Vse,5-15,0.0584991514115554,8,MAP_PMU,36,0.0030976264056924996,0.0554015250058629
2,UPFC_Vsh,5-15,1.107561551420696,8,WLS,36,0.003982148083002013,1.111543699503698
2,UPFC_Vsh,5-15,1.108225669414033,8,MAP_SCADA,36,0.003318030089664914,1.111543699503698
2,UPFC_Vsh,5-15,1.095645842529264,8,MAP_PMU,36,0.015897856974434132,1.111543699503698
5,UPFC_tse,5-15,-2.121034609600561,8,WLS,36,0.020742391461036735,-2.1002922181395243
5,UPFC_tse,5-15,-2.124134150618547,8,MAP_SCADA,36,0.023841932479022887,-2.1002922181395243
5,UPFC_tse,5-15,-2.1315055065318025,8,MAP_PMU,36,0.031213288392278216,-2.1002922181395243
3,UPFC_tsh,5-15,-0.2337589773434629,8,WLS,36,0.0002479674714253033,-0.2335110098720376
3,UPFC_tsh,5-15,-0.2384692950456517,8,MAP_SCADA,36,0.004958285173614102,-0.2335110098720376
3,UPFC_tsh,5-15,-0.2346832219320994,8,MAP_PMU,36,0.0011722120600617947,-0.2335110098720376
0,x_tcsc,1-14,-0.1534294611868766,9,WLS,36,0.00019558920933401835,-0.1536250503962106
0,x_tcsc,1-14,-0.1077991589540639,9,MAP_SCADA,36,0.0458258914421467,-0.1536250503962106
0,x_tcsc,1-14,-0.1765295912964044,9,MAP_PMU,36,0.02290454090019378,-0.1536250503962106
1,B_svc,2,0.4514859031438415,9,WLS,36,0.0024359670739215744,0.4539218702177631
1,B_svc,2,0.1763583555744501,9,MAP_SCADA,36,0.27756351464331297,0.4539218702177631
1,B_svc,2,0.4452817060446596,9,MAP_PMU,36,0.008640164173103482,0.4539218702177631
4,UPFC_Vse,5-15,0.0564879346527998,9,WLS,36,0.0010864096469368964,0.0554015250058629
4,UPFC_Vse,5-15,0.0560465699486527,9,MAP_SCADA,36,0.000645044942789802,0.0554015250058629
4,UPFC_Vse,5-15,0.0587907457076625,9,MAP_PMU,36,0.003389220701799603,0.0554015250058629
2,UPFC_Vsh,5-15,1.1080963865919555,9,WLS,36,0.003447312911742495,1.111543699503698
2,UPFC_Vsh,5-15,1.1097831736243513,9,MAP_SCADA,36,0.0017605258793467193,1.111543699503698
2,UPFC_Vsh,5-15,1.0963098130722893,9,MAP_PMU,36,0.015233886431408772,1.111543699503698
5,UPFC_tse,5-15,-2.1182950767517488,9,WLS,36,0.018002858612224504,-2.1002922181395243
5,UPFC_tse,5-15,-2.1202414192625936,9,MAP_SCADA,36,0.019949201123069304,-2.1002922181395243
5,UPFC_tse,5-15,-2.128872130648858,9,MAP_PMU,36,0.02857991250933356,-2.1002922181395243
3,UPFC_tsh,5-15,-0.2337397262247512,9,WLS,36,0.00022871635271359825,-0.2335110098720376
3,UPFC_tsh,5-15,-0.2377841401972573,9,MAP_SCADA,36,0.004273130325219698,-0.2335110098720376
3,UPFC_tsh,5-15,-0.2346567598179973,9,MAP_PMU,36,0.001145749945959701,-0.2335110098720376
0,x_tcsc,1-14,-0.153325652253071,0,WLS,37,0.00020144851234671357,-0.1535271007654177
0,x_tcsc,1-14,-0.1089444442291636,0,MAP_SCADA,37,0.044582656536254095,-0.1535271007654177
0,x_tcsc,1-14,-0.1756947413267226,0,MAP_PMU,37,0.022167640561304908,-0.1535271007654177
1,B_svc,2,0.4503735811271294,0,WLS,37,0.0025231906063959975,0.4528967717335254
1,B_svc,2,0.174428196232649,0,MAP_SCADA,37,0.2784685755008764,0.4528967717335254
1,B_svc,2,0.4447716383303703,0,MAP_PMU,37,0.008125133403155071,0.4528967717335254
4,UPFC_Vse,5-15,0.056489071122832,0,WLS,37,0.0010987830029365042,0.0553902881198955
4,UPFC_Vse,5-15,0.0561860795451701,0,MAP_SCADA,37,0.0007957914252746043,0.0553902881198955
4,UPFC_Vse,5-15,0.0586934321612785,0,MAP_PMU,37,0.003303144041383002,0.0553902881198955
2,UPFC_Vsh,5-15,1.107850489581968,0,WLS,37,0.003693180374738869,1.111543669956707
2,UPFC_Vsh,5-15,1.1090519233992089,0,MAP_SCADA,37,0.0024917465574980646,1.111543669956707
2,UPFC_Vsh,5-15,1.096616743055978,0,MAP_PMU,37,0.014926926900729054,1.111543669956707
5,UPFC_tse,5-15,-2.121172137486796,0,WLS,37,0.02041931619853843,-2.1007528212882574
5,UPFC_tse,5-15,-2.1204368032299503,0,MAP_SCADA,37,0.019683981941692963,-2.1007528212882574
5,UPFC_tse,5-15,-2.1311347534263203,0,MAP_PMU,37,0.03038193213806295,-2.1007528212882574
3,UPFC_tsh,5-15,-0.2337676578777124,0,WLS,37,0.00021774002458768704,-0.2335499178531247
3,UPFC_tsh,5-15,-0.2367785914428654,0,MAP_SCADA,37,0.003228673589740688,-0.2335499178531247
3,UPFC_tsh,5-15,-0.2346497777531408,0,MAP_PMU,37,0.001099859900016098,-0.2335499178531247
0,x_tcsc,1-14,-0.1533643483105274,1,WLS,37,0.0001627524548903081,-0.1535271007654177
0,x_tcsc,1-14,-0.1086557864376798,1,MAP_SCADA,37,0.0448713143277379,-0.1535271007654177
0,x_tcsc,1-14,-0.1762557706881627,1,MAP_PMU,37,0.022728669922745,-0.1535271007654177
1,B_svc,2,0.4509909172908049,1,WLS,37,0.001905854442720456,0.4528967717335254
1,B_svc,2,0.1718083872692184,1,MAP_SCADA,37,0.28108838446430695,0.4528967717335254
1,B_svc,2,0.4446551126573279,1,MAP_PMU,37,0.008241659076197505,0.4528967717335254
4,UPFC_Vse,5-15,0.0568290926431187,1,WLS,37,0.0014388045232232027,0.0553902881198955
4,UPFC_Vse,5-15,0.0563413319015134,1,MAP_SCADA,37,0.000951043781617901,0.0553902881198955
4,UPFC_Vse,5-15,0.0590340688970594,1,MAP_PMU,37,0.003643780777163902,0.0553902881198955
2,UPFC_Vsh,5-15,1.1076309512474616,1,WLS,37,0.003912718709245366,1.111543669956707
2,UPFC_Vsh,5-15,1.1111729212253298,1,MAP_SCADA,37,0.00037074873137710185,1.111543669956707
2,UPFC_Vsh,5-15,1.096208525607222,1,MAP_PMU,37,0.015335144349484908,1.111543669956707
5,UPFC_tse,5-15,-2.117769153047929,1,WLS,37,0.017016331759671655,-2.1007528212882574
5,UPFC_tse,5-15,-2.1163925574197218,1,MAP_SCADA,37,0.01563973613146441,-2.1007528212882574
5,UPFC_tse,5-15,-2.1279308516954374,1,MAP_PMU,37,0.02717803040718003,-2.1007528212882574
3,UPFC_tsh,5-15,-0.2337946419073152,1,WLS,37,0.00024472405419048715,-0.2335499178531247
3,UPFC_tsh,5-15,-0.2360064392531947,1,MAP_SCADA,37,0.002456521400069994,-0.2335499178531247
3,UPFC_tsh,5-15,-0.2346889812746482,1,MAP_PMU,37,0.0011390634215235063,-0.2335499178531247
0,x_tcsc,1-14,-0.1533465514912859,2,WLS,37,0.00018054927413180266,-0.1535271007654177
0,x_tcsc,1-14,-0.1089921741762098,2,MAP_SCADA,37,0.04453492658920791,-0.1535271007654177
0,x_tcsc,1-14,-0.1756717357330974,2,MAP_PMU,37,0.02214463496767971,-0.1535271007654177
1,B_svc,2,0.450646283041395,2,WLS,37,0.0022504886921304035,0.4528967717335254
1,B_svc,2,0.1740912333696392,2,MAP_SCADA,37,0.2788055383638862,0.4528967717335254
1,B_svc,2,0.4446673750310683,2,MAP_PMU,37,0.008229396702457092,0.4528967717335254
4,UPFC_Vse,5-15,0.0561459266815751,2,WLS,37,0.0007556385616796016,0.0553902881198955
4,UPFC_Vse,5-15,0.0557782403244673,2,MAP_SCADA,37,0.0003879522045718009,0.0553902881198955
4,UPFC_Vse,5-15,0.0583332485381623,2,MAP_PMU,37,0.0029429604182667976,0.0553902881198955
2,UPFC_Vsh,5-15,1.1077574028166417,2,WLS,37,0.003786267140065247,1.111543669956707
2,UPFC_Vsh,5-15,1.1115687088844377,2,MAP_SCADA,37,2.503892773075833e-05,1.111543669956707
2,UPFC_Vsh,5-15,1.0965271022220366,2,MAP_PMU,37,0.015016567734670305,1.111543669956707
5,UPFC_tse,5-15,-2.1192980328129405,2,WLS,37,0.018545211524683136,-2.1007528212882574
5,UPFC_tse,5-15,-2.118666830349078,2,MAP_SCADA,37,0.017914009060820746,-2.1007528212882574
5,UPFC_tse,5-15,-2.12918384556955,2,MAP_PMU,37,0.02843102428129285,-2.1007528212882574
3,UPFC_tsh,5-15,-0.233787526617332,2,WLS,37,0.00023760876420728105,-0.2335499178531247
3,UPFC_tsh,5-15,-0.2362029600831672,2,MAP_SCADA,37,0.002653042230042507,-0.2335499178531247
3,UPFC_tsh,5-15,-0.2346714194712679,2,MAP_PMU,37,0.0011215016181432003,-0.2335499178531247
0,x_tcsc,1-14,-0.1533350348454449,3,WLS,37,0.00019206591997281142,-0.1535271007654177
0,x_tcsc,1-14,-0.1099699090129551,3,MAP_SCADA,37,0.0435571917524626,-0.1535271007654177
0,x_tcsc,1-14,-0.1756204896332213,3,MAP_PMU,37,0.0220933888678036,-0.1535271007654177
1,B_svc,2,0.4506588269918781,3,WLS,37,0.002237944741647291,0.4528967717335254
1,B_svc,2,0.1675215368568821,3,MAP_SCADA,37,0.2853752348766433,0.4528967717335254
1,B_svc,2,0.4443673477541435,3,MAP_PMU,37,0.00852942397938189,0.4528967717335254
4,UPFC_Vse,5-15,0.0565877637172142,3,WLS,37,0.001197475597318698,0.0553902881198955
4,UPFC_Vse,5-15,0.0558056429982969,3,MAP_SCADA,37,0.00041535487840139995,0.0553902881198955
4,UPFC_Vse,5-15,0.0586588450452732,3,MAP_PMU,37,0.003268556925377704,0.0553902881198955
2,UPFC_Vsh,5-15,1.1083770242634323,3,WLS,37,0.003166645693274628,1.111543669956707
2,UPFC_Vsh,5-15,1.1142020903269296,3,MAP_SCADA,37,0.0026584203702226805,1.111543669956707
2,UPFC_Vsh,5-15,1.0974693305501135,3,MAP_PMU,37,0.014074339406593417,1.111543669956707
5,UPFC_tse,5-15,-2.12245892540922,3,WLS,37,0.02170610412096252,-2.1007528212882574
5,UPFC_tse,5-15,-2.1182558259789315,3,MAP_SCADA,37,0.017503004690674118,-2.1007528212882574
5,UPFC_tse,5-15,-2.1319395958575,3,MAP_PMU,37,0.03118677456924246,-2.1007528212882574
3,UPFC_tsh,5-15,-0.2338130848882683,3,WLS,37,0.0002631670351435911,-0.2335499178531247
3,UPFC_tsh,5-15,-0.2345995701709153,3,MAP_SCADA,37,0.0010496523177905837,-0.2335499178531247
3,UPFC_tsh,5-15,-0.234671591362376,3,MAP_PMU,37,0.0011216735092512975,-0.2335499178531247
0,x_tcsc,1-14,-0.1533624397817376,4,WLS,37,0.00016466098368009274,-0.1535271007654177
0,x_tcsc,1-14,-0.1082864962538895,4,MAP_SCADA,37,0.0452406045115282,-0.1535271007654177
0,x_tcsc,1-14,-0.1760218363213895,4,MAP_PMU,37,0.022494735555971812,-0.1535271007654177
1,B_svc,2,0.4509607044827447,4,WLS,37,0.0019360672507806598,0.4528967717335254
1,B_svc,2,0.1774276333066684,4,MAP_SCADA,37,0.275469138426857,0.4528967717335254
1,B_svc,2,0.4450700652507999,4,MAP_PMU,37,0.007826706482725487,0.4528967717335254
4,UPFC_Vse,5-15,0.056650610391695,4,WLS,37,0.0012603222717995008,0.0553902881198955
4,UPFC_Vse,5-15,0.0566497292789568,4,MAP_SCADA,37,0.0012594411590612989,0.0553902881198955
4,UPFC_Vse,5-15,0.0589174284625872,4,MAP_PMU,37,0.0035271403426916995,0.0553902881198955
2,UPFC_Vsh,5-15,1.1080645124611537,4,WLS,37,0.0034791574955532756,1.111543669956707
2,UPFC_Vsh,5-15,1.1100254231121638,4,MAP_SCADA,37,0.0015182468445431585,1.111543669956707
2,UPFC_Vsh,5-15,1.096600976545483,4,MAP_PMU,37,0.014942693411224006,1.111543669956707
5,UPFC_tse,5-15,-2.118682190554472,4,WLS,37,0.01792936926621458,-2.1007528212882574
5,UPFC_tse,5-15,-2.120514447812158,4,MAP_SCADA,37,0.019761626523900677,-2.1007528212882574
5,UPFC_tse,5-15,-2.128577818320621,4,MAP_PMU,37,0.02782499703236363,-2.1007528212882574
3,UPFC_tsh,5-15,-0.2337935679096608,4,WLS,37,0.00024365005653609328,-0.2335499178531247
3,UPFC_tsh,5-15,-0.2372143558004812,4,MAP_SCADA,37,0.0036644379473564914,-0.2335499178531247
3,UPFC_tsh,5-15,-0.2346915813527567,4,MAP_PMU,37,0.0011416634996319897,-0.2335499178531247
0,x_tcsc,1-14,-0.1533410610848848,5,WLS,37,0.00018603968053290676,-0.1535271007654177
0,x_tcsc,1-14,-0.1098308118195774,5,MAP_SCADA,37,0.043696288945840295,-0.1535271007654177
0,x_tcsc,1-14,-0.1754783843051869,5,MAP_PMU,37,0.02195128353976919,-0.1535271007654177
1,B_svc,2,0.4508871012295916,5,WLS,37,0.0020096705039338025,0.4528967717335254
1,B_svc,2,0.1704339824644985,5,MAP_SCADA,37,0.2824627892690269,0.4528967717335254
1,B_svc,2,0.445038545211063,5,MAP_PMU,37,0.007858226522462375,0.4528967717335254
4,UPFC_Vse,5-15,0.0562397594327754,5,WLS,37,0.0008494713128799,0.0553902881198955
4,UPFC_Vse,5-15,0.0557996144426486,5,MAP_SCADA,37,0.00040932632275310354,0.0553902881198955
4,UPFC_Vse,5-15,0.0583789474626304,5,MAP_PMU,37,0.0029886593427349006,0.0553902881198955
2,UPFC_Vsh,5-15,1.1078165163432232,5,WLS,37,0.003727153613483747,1.111543669956707
2,UPFC_Vsh,5-15,1.111247408683594,5,MAP_SCADA,37,0.00029626127311299655,1.111543669956707
2,UPFC_Vsh,5-15,1.0968508789826192,5,MAP_PMU,37,0.01469279097408771,1.111543669956707
5,UPFC_tse,5-15,-2.1203285954148434,5,WLS,37,0.019575774126586065,-2.1007528212882574
5,UPFC_tse,5-15,-2.118769078015071,5,MAP_SCADA,37,0.01801625672681384,-2.1007528212882574
5,UPFC_tse,5-15,-2.1299909943657545,5,MAP_PMU,37,0.029238173077497098,-2.1007528212882574
3,UPFC_tsh,5-15,-0.2338092544342407,5,WLS,37,0.00025933658111598756,-0.2335499178531247
3,UPFC_tsh,5-15,-0.2359501929320838,5,MAP_SCADA,37,0.0024002750789590965,-0.2335499178531247
3,UPFC_tsh,5-15,-0.2346760267233454,5,MAP_PMU,37,0.0011261088702206878,-0.2335499178531247
0,x_tcsc,1-14,-0.153351839310593,6,WLS,37,0.0001752614548246878,-0.1535271007654177
0,x_tcsc,1-14,-0.1065297956301855,6,MAP_SCADA,37,0.046997305135232204,-0.1535271007654177
0,x_tcsc,1-14,-0.1774842180611155,6,MAP_PMU,37,0.0239571172956978,-0.1535271007654177
1,B_svc,2,0.4506194726901709,6,WLS,37,0.002277299043354497,0.4528967717335254
1,B_svc,2,0.1783891471239537,6,MAP_SCADA,37,0.2745076246095717,0.4528967717335254
1,B_svc,2,0.4435456883510466,6,MAP_PMU,37,0.009351083382478809,0.4528967717335254
4,UPFC_Vse,5-15,0.0562221666121316,6,WLS,37,0.0008318784922361003,0.0553902881198955
4,UPFC_Vse,5-15,0.0558549003478376,6,MAP_SCADA,37,0.0004646122279420989,0.0553902881198955
4,UPFC_Vse,5-15,0.058496567907353,6,MAP_PMU,37,0.0031062797874574985,0.0553902881198955
2,UPFC_Vsh,5-15,1.108068947457406,6,WLS,37,0.0034747224993010306,1.111543669956707
2,UPFC_Vsh,5-15,1.1123445065748574,6,MAP_SCADA,37,0.0008008366181504467,1.111543669956707
2,UPFC_Vsh,5-15,1.0959906451483297,6,MAP_PMU,37,0.01555302480837728,1.111543669956707
5,UPFC_tse,5-15,-2.122272995107472,6,WLS,37,0.021520173819214783,-2.1007528212882574
5,UPFC_tse,5-15,-2.120361871387332,6,MAP_SCADA,37,0.019609050099074654,-2.1007528212882574
5,UPFC_tse,5-15,-2.1332352197894204,6,MAP_PMU,37,0.03248239850116308,-2.1007528212882574
3,UPFC_tsh,5-15,-0.2337481941239277,6,WLS,37,0.00019827627080298837,-0.2335499178531247
3,UPFC_tsh,5-15,-0.2373298485568249,6,MAP_SCADA,37,0.003779930703700196,-0.2335499178531247
3,UPFC_tsh,5-15,-0.234680875798012,6,MAP_PMU,37,0.0011309579448872953,-0.2335499178531247
0,x_tcsc,1-14,-0.1533362170313986,7,WLS,37,0.0001908837340190983,-0.1535271007654177
0,x_tcsc,1-14,-0.1065573707578366,7,MAP_SCADA,37,0.046969730007581104,-0.1535271007654177
0,x_tcsc,1-14,-0.178087213075887,7,MAP_PMU,37,0.024560112310469312,-0.1535271007654177
1,B_svc,2,0.4505048280662589,7,WLS,37,0.002391943667266472,0.4528967717335254
1,B_svc,2,0.1730324904101736,7,MAP_SCADA,37,0.2798642813233518,0.4528967717335254
1,B_svc,2,0.4430008009541735,7,MAP_PMU,37,0.009895970779351893,0.4528967717335254
4,UPFC_Vse,5-15,0.0567921766673713,7,WLS,37,0.0014018885474757978,0.0553902881198955
4,UPFC_Vse,5-15,0.0565481061313362,7,MAP_SCADA,37,0.0011578180114407005,0.0553902881198955
4,UPFC_Vse,5-15,0.0590732423513004,7,MAP_PMU,37,0.0036829542314049044,0.0553902881198955
2,UPFC_Vsh,5-15,1.1078631936644294,7,WLS,37,0.0036804762922775236,1.111543669956707
2,UPFC_Vsh,5-15,1.1131114318308462,7,MAP_SCADA,37,0.0015677618741392063,1.111543669956707
2,UPFC_Vsh,5-15,1.095818915050722,7,MAP_PMU,37,0.015724754905984906,1.111543669956707
5,UPFC_tse,5-15,-2.121534158047357,7,WLS,37,0.020781336759099656,-2.1007528212882574
5,UPFC_tse,5-15,-2.120652839538623,7,MAP_SCADA,37,0.01990001825036547,-2.1007528212882574
5,UPFC_tse,5-15,-2.131712117032884,7,MAP_PMU,37,0.030959295744626747,-2.1007528212882574
3,UPFC_tsh,5-15,-0.2338189739815386,7,WLS,37,0.00026905612841390814,-0.2335499178531247
3,UPFC_tsh,5-15,-0.2367058917981646,7,MAP_SCADA,37,0.003155973945039886,-0.2335499178531247
3,UPFC_tsh,5-15,-0.2347460317304658,7,MAP_PMU,37,0.0011961138773410873,-0.2335499178531247
0,x_tcsc,1-14,-0.153350351671791,8,WLS,37,0.00017674909362669355,-0.1535271007654177
0,x_tcsc,1-14,-0.1071344394222101,8,MAP_SCADA,37,0.0463926613432076,-0.1535271007654177
0,x_tcsc,1-14,-0.1768385018022541,8,MAP_PMU,37,0.023311401036836404,-0.1535271007654177
1,B_svc,2,0.4502153765899624,8,WLS,37,0.00268139514356297,0.4528967717335254
1,B_svc,2,0.178422838172466,8,MAP_SCADA,37,0.2744739335610594,0.4528967717335254
1,B_svc,2,0.444149339945051,8,MAP_PMU,37,0.008747431788474369,0.4528967717335254
4,UPFC_Vse,5-15,0.0561481899178663,8,WLS,37,0.0007579017979707989,0.0553902881198955
4,UPFC_Vse,5-15,0.055807898128445,8,MAP_SCADA,37,0.0004176100085495002,0.0553902881198955
4,UPFC_Vse,5-15,0.0584783001132553,8,MAP_PMU,37,0.003088011993359799,0.0553902881198955
2,UPFC_Vsh,5-15,1.1075880110708345,8,WLS,37,0.0039556588858724595,1.111543669956707
2,UPFC_Vsh,5-15,1.108225669414033,8,MAP_SCADA,37,0.003318000542673838,1.111543669956707
2,UPFC_Vsh,5-15,1.095756057540085,8,MAP_PMU,37,0.015787612416621855,1.111543669956707
5,UPFC_tse,5-15,-2.120866338598435,8,WLS,37,0.02011351731017763,-2.1007528212882574
5,UPFC_tse,5-15,-2.124134150618547,8,MAP_SCADA,37,0.023381329330289802,-2.1007528212882574
5,UPFC_tse,5-15,-2.1312429646018747,8,MAP_PMU,37,0.030490143313617324,-2.1007528212882574
3,UPFC_tsh,5-15,-0.2337978141509821,8,WLS,37,0.00024789629785740286,-0.2335499178531247
3,UPFC_tsh,5-15,-0.2384692950456517,8,MAP_SCADA,37,0.004919377192526997,-0.2335499178531247
3,UPFC_tsh,5-15,-0.2347160091127645,8,MAP_PMU,37,0.0011660912596397899,-0.2335499178531247
0,x_tcsc,1-14,-0.1533343292773168,9,WLS,37,0.00019277148810090128,-0.1535271007654177
0,x_tcsc,1-14,-0.1077991589540639,9,MAP_SCADA,37,0.0457279418113538,-0.1535271007654177
0,x_tcsc,1-14,-0.1763341577835128,9,MAP_PMU,37,0.0228070570180951,-0.1535271007654177
1,B_svc,2,0.4504741775198488,9,WLS,37,0.0024225942136765766,0.4528967717335254
1,B_svc,2,0.1763583555744501,9,MAP_SCADA,37,0.27653841615907526,0.4528967717335254
1,B_svc,2,0.4444155656651373,9,MAP_PMU,37,0.008481206068388092,0.4528967717335254
4,UPFC_Vse,5-15,0.056478197311614,9,WLS,37,0.0010879091917185002,0.0553902881198955
4,UPFC_Vse,5-15,0.0560465699486527,9,MAP_SCADA,37,0.0006562818287572034,0.0553902881198955
4,UPFC_Vse,5-15,0.0587703401917204,9,MAP_PMU,37,0.0033800520718249016,0.0553902881198955
2,UPFC_Vsh,5-15,1.1081229190874835,9,WLS,37,0.0034207508692234434,1.111543669956707
2,UPFC_Vsh,5-15,1.1097831736243513,9,MAP_SCADA,37,0.0017604963323556433,1.111543669956707
2,UPFC_Vsh,5-15,1.0964194026880498,9,MAP_PMU,37,0.015124267268657121,1.111543669956707
5,UPFC_tse,5-15,-2.118128897411215,9,WLS,37,0.017376076122957773,-2.1007528212882574
5,UPFC_tse,5-15,-2.1202414192625936,9,MAP_SCADA,37,0.01948859797433622,-2.1007528212882574
5,UPFC_tse,5-15,-2.1286109982518804,9,MAP_PMU,37,0.027858176963623027,-2.1007528212882574
3,UPFC_tsh,5-15,-0.2337785411334398,9,WLS,37,0.00022862328031508783,-0.2335499178531247
3,UPFC_tsh,5-15,-0.2377841401972573,9,MAP_SCADA,37,0.004234222344132593,-0.2335499178531247
3,UPFC_tsh,5-15,-0.2346895634171807,9,MAP_PMU,37,0.001139645564055991,-0.2335499178531247
0,x_tcsc,1-14,-0.1540472869025842,0,WLS,38,0.00021416666438020537,-0.1542614535669644
0,x_tcsc,1-14,-0.1089444442291636,0,MAP_SCADA,38,0.04531700933780081,-0.1542614535669644
0,x_tcsc,1-14,-0.1771629272023917,0,MAP_PMU,38,0.0229014736354273,-0.1542614535669644
1,B_svc,2,0.4583342378558453,0,WLS,38,0.0026962587941962712,0.4610304966500416
1,B_svc,2,0.174428196232649,0,MAP_SCADA,38,0.2866023004173926,0.4610304966500416
1,B_svc,2,0.4516603675338069,0,MAP_PMU,38,0.009370129116234693,0.4610304966500416
4,UPFC_Vse,5-15,0.0565480079816217,0,WLS,38,0.0010966545850042975,0.0554513533966174
4,UPFC_Vse,5-15,0.0561860795451701,0,MAP_SCADA,38,0.0007347261485527029,0.0554513533966174
4,UPFC_Vse,5-15,0.0588384027649006,0,MAP_PMU,38,0.0033870493682831987,0.0554513533966174
2,UPFC_Vsh,5-15,1.1077581372109635,0,WLS,38,0.003417509357658277,1.1111756465686218
2,UPFC_Vsh,5-15,1.1090519233992089,0,MAP_SCADA,38,0.0021237231694128944,1.1111756465686218
2,UPFC_Vsh,5-15,1.095921069289986,0,MAP_PMU,38,0.015254577278635884,1.1111756465686218
5,UPFC_tse,5-15,-2.1215416700131478,0,WLS,38,0.020278056987226734,-2.101263613025921
5,UPFC_tse,5-15,-2.1204368032299503,0,MAP_SCADA,38,0.0191731902040293,-2.101263613025921
5,UPFC_tse,5-15,-2.132202288466842,0,MAP_PMU,38,0.030938675440920882,-2.101263613025921
3,UPFC_tsh,5-15,-0.2332532017897884,0,WLS,38,0.0002240060024523982,-0.233029195787336
3,UPFC_tsh,5-15,-0.2367785914428654,0,MAP_SCADA,38,0.0037493956555293972,-0.233029195787336
3,UPFC_tsh,5-15,-0.2341798731642702,0,MAP_PMU,38,0.001150677376934195,-0.233029195787336
0,x_tcsc,1-14,-0.1540858629253905,1,WLS,38,0.00017559064157390836,-0.1542614535669644
0,x_tcsc,1-14,-0.1086557864376798,1,MAP_SCADA,38,0.04560566712928461,-0.1542614535669644
0,x_tcsc,1-14,-0.1777326048659625,1,MAP_PMU,38,0.0234711512989981,-0.1542614535669644
1,B_svc,2,0.4589589607207681,1,WLS,38,0.0020715359292735047,0.4610304966500416
1,B_svc,2,0.1718083872692184,1,MAP_SCADA,38,0.28922210938082316,0.4610304966500416
1,B_svc,2,0.4515178907380511,1,MAP_PMU,38,0.00951260591199049,0.4610304966500416
4,UPFC_Vse,5-15,0.0568883193366979,1,WLS,38,0.001436965940080498,0.0554513533966174
4,UPFC_Vse,5-15,0.0563413319015134,1,MAP_SCADA,38,0.0008899785048959996,0.0554513533966174
4,UPFC_Vse,5-15,0.0591747614075551,1,MAP_PMU,38,0.0037234080109376996,0.0554513533966174
2,UPFC_Vsh,5-15,1.1075354789540095,1,WLS,38,0.0036401676146122774,1.1111756465686218
2,UPFC_Vsh,5-15,1.1111729212253298,1,MAP_SCADA,38,2.7253432919316367e-06,1.1111756465686218
2,UPFC_Vsh,5-15,1.0955070510061993,1,MAP_PMU,38,0.015668595562422505,1.1111756465686218
5,UPFC_tse,5-15,-2.118140721628693,1,WLS,38,0.01687710860277214,-2.101263613025921
5,UPFC_tse,5-15,-2.1163925574197218,1,MAP_SCADA,38,0.015128944393800747,-2.101263613025921
5,UPFC_tse,5-15,-2.1290087838712304,1,MAP_PMU,38,0.027745170845309364,-2.101263613025921
3,UPFC_tsh,5-15,-0.2332804012886359,1,WLS,38,0.00025120550129989483,-0.233029195787336
3,UPFC_tsh,5-15,-0.2360064392531947,1,MAP_SCADA,38,0.0029772434658587033,-0.233029195787336
3,UPFC_tsh,5-15,-0.2342193230098514,1,MAP_PMU,38,0.001190127222515408,-0.233029195787336
0,x_tcsc,1-14,-0.1540681556495787,2,WLS,38,0.00019329791738570412,-0.1542614535669644
0,x_tcsc,1-14,-0.1089921741762098,2,MAP_SCADA,38,0.04526927939075462,-0.1542614535669644
0,x_tcsc,1-14,-0.1771387354932532,2,MAP_PMU,38,0.022877281926288795,-0.1542614535669644
1,B_svc,2,0.4586066387752166,2,WLS,38,0.002423857874824964,0.4610304966500416
1,B_svc,2,0.1740912333696392,2,MAP_SCADA,38,0.2869392632804024,0.4610304966500416
1,B_svc,2,0.4515491721097779,2,MAP_PMU,38,0.00948132454026368,0.4610304966500416
4,UPFC_Vse,5-15,0.0562045233396343,2,WLS,38,0.0007531699430168987,0.0554513533966174
4,UPFC_Vse,5-15,0.0557782403244673,2,MAP_SCADA,38,0.00032688692784989953,0.0554513533966174
4,UPFC_Vse,5-15,0.0584751251862876,2,MAP_PMU,38,0.0030237717896701988,0.0554513533966174
2,UPFC_Vsh,5-15,1.1076651430477047,2,WLS,38,0.0035105035209170854,1.1111756465686218
2,UPFC_Vsh,5-15,1.1115687088844377,2,MAP_SCADA,38,0.00039306231581592854,1.1111756465686218
2,UPFC_Vsh,5-15,1.0958317667350754,2,MAP_PMU,38,0.015343879833546348,1.1111756465686218
5,UPFC_tse,5-15,-2.1196782293901317,2,WLS,38,0.018414616364210712,-2.101263613025921
5,UPFC_tse,5-15,-2.118666830349078,2,MAP_SCADA,38,0.017403217323157083,-2.101263613025921
5,UPFC_tse,5-15,-2.130256756984749,2,MAP_PMU,38,0.028993143958827794,-2.101263613025921
3,UPFC_tsh,5-15,-0.2332730426109579,2,WLS,38,0.00024384682362191268,-0.233029195787336
3,UPFC_tsh,5-15,-0.2362029600831672,2,MAP_SCADA,38,0.0031737642958312162,-0.233029195787336
3,UPFC_tsh,5-15,-0.2342014151802408,2,MAP_PMU,38,0.0011722193929047942,-0.233029195787336
0,x_tcsc,1-14,-0.154056309850891,3,WLS,38,0.00020514371607341375,-0.1542614535669644
0,x_tcsc,1-14,-0.1099699090129551,3,MAP_SCADA,38,0.04429154455400931,-0.1542614535669644
0,x_tcsc,1-14,-0.1770880902343269,3,MAP_PMU,38,0.022826636667362482,-0.1542614535669644
1,B_svc,2,0.4586170388551888,3,WLS,38,0.0024134577948528024,0.4610304966500416
1,B_svc,2,0.1675215368568821,3,MAP_SCADA,38,0.2935089597931595,0.4610304966500416
1,B_svc,2,0.451258826844534,3,MAP_PMU,38,0.009771669805507588,0.4610304966500416
4,UPFC_Vse,5-15,0.0566473505780705,3,WLS,38,0.0011959971814530998,0.0554513533966174
4,UPFC_Vse,5-15,0.0558056429982969,3,MAP_SCADA,38,0.0003542896016794986,0.0554513533966174
4,UPFC_Vse,5-15,0.0587932373080101,3,MAP_PMU,38,0.0033418839113927012,0.0554513533966174
2,UPFC_Vsh,5-15,1.1082823646306836,3,WLS,38,0.0028932819379381414,1.1111756465686218
2,UPFC_Vsh,5-15,1.1142020903269296,3,MAP_SCADA,38,0.0030264437583078507,1.1111756465686218
2,UPFC_Vsh,5-15,1.0967831923020692,3,MAP_PMU,38,0.014392454266552557,1.1111756465686218
5,UPFC_tse,5-15,-2.122827450871101,3,WLS,38,0.0215638378451799,-2.101263613025921
5,UPFC_tse,5-15,-2.1182558259789315,3,MAP_SCADA,38,0.016992212953010455,-2.101263613025921
5,UPFC_tse,5-15,-2.133005981534874,3,MAP_PMU,38,0.03174236850895307,-2.101263613025921
3,UPFC_tsh,5-15,-0.2332987107161832,3,WLS,38,0.0002695149288471921,-0.233029195787336
3,UPFC_tsh,5-15,-0.2345995701709153,3,MAP_SCADA,38,0.0015703743835792927,-0.233029195787336
3,UPFC_tsh,5-15,-0.2342007989288972,3,MAP_PMU,38,0.0011716031415612005,-0.233029195787336
0,x_tcsc,1-14,-0.1540841209720444,4,WLS,38,0.00017733259492000442,-0.1542614535669644
0,x_tcsc,1-14,-0.1082864962538895,4,MAP_SCADA,38,0.04597495731307491,-0.1542614535669644
0,x_tcsc,1-14,-0.1774952326504269,4,MAP_PMU,38,0.023233779083462497,-0.1542614535669644
1,B_svc,2,0.4589269076598984,4,WLS,38,0.0021035889901431792,0.4610304966500416
1,B_svc,2,0.1774276333066684,4,MAP_SCADA,38,0.2836028633433732,0.4610304966500416
1,B_svc,2,0.4519458175065625,4,MAP_PMU,38,0.009084679143479102,0.4610304966500416
4,UPFC_Vse,5-15,0.0567090493867755,4,WLS,38,0.0012576959901580975,0.0554513533966174
4,UPFC_Vse,5-15,0.0566497292789568,4,MAP_SCADA,38,0.0011983758823393975,0.0554513533966174
4,UPFC_Vse,5-15,0.059065036604352,4,MAP_PMU,38,0.0036136832077346,0.0554513533966174
2,UPFC_Vsh,5-15,1.10797256642318,4,WLS,38,0.0032030801454416835,1.1111756465686218
2,UPFC_Vsh,5-15,1.1100254231121638,4,MAP_SCADA,38,0.0011502234564579883,1.1111756465686218
2,UPFC_Vsh,5-15,1.0958983869398942,4,MAP_PMU,38,0.015277259628727613,1.1111756465686218
5,UPFC_tse,5-15,-2.119054432090734,4,WLS,38,0.017790819064813057,-2.101263613025921
5,UPFC_tse,5-15,-2.120514447812158,4,MAP_SCADA,38,0.019250834786237014,-2.101263613025921
5,UPFC_tse,5-15,-2.1296208614416745,4,MAP_PMU,38,0.02835724841575349,-2.101263613025921
3,UPFC_tsh,5-15,-0.2332790215893342,4,WLS,38,0.00024982580199819915,-0.233029195787336
3,UPFC_tsh,5-15,-0.2372143558004812,4,MAP_SCADA,38,0.0041851600131452005,-0.233029195787336
3,UPFC_tsh,5-15,-0.2342220135725991,4,MAP_PMU,38,0.0011928177852631172,-0.233029195787336
0,x_tcsc,1-14,-0.1540625810341347,5,WLS,38,0.00019887253282971362,-0.1542614535669644
0,x_tcsc,1-14,-0.1098308118195774,5,MAP_SCADA,38,0.044430641747387006,-0.1542614535669644
0,x_tcsc,1-14,-0.1769431038370767,5,MAP_PMU,38,0.02268165027011229,-0.1542614535669644
1,B_svc,2,0.45885295704372,5,WLS,38,0.00217753960632161,0.4610304966500416
1,B_svc,2,0.1704339824644985,5,MAP_SCADA,38,0.2905965141855431,0.4610304966500416
1,B_svc,2,0.451943779734403,5,MAP_PMU,38,0.009086716915638615,0.4610304966500416
4,UPFC_Vse,5-15,0.0562987927854336,5,WLS,38,0.0008474393888161999,0.0554513533966174
4,UPFC_Vse,5-15,0.0557996144426486,5,MAP_SCADA,38,0.00034826104603120217,0.0554513533966174
4,UPFC_Vse,5-15,0.0585208118951159,5,MAP_PMU,38,0.0030694584984984966,0.0554513533966174
2,UPFC_Vsh,5-15,1.1077229962476351,5,WLS,38,0.0034526503209866277,1.1111756465686218
2,UPFC_Vsh,5-15,1.111247408683594,5,MAP_SCADA,38,7.176211497217366e-05,1.1111756465686218
2,UPFC_Vsh,5-15,1.0961623983974786,5,MAP_PMU,38,0.015013248171143134,1.1111756465686218
5,UPFC_tse,5-15,-2.120708273347192,5,WLS,38,0.019444660321271012,-2.101263613025921
5,UPFC_tse,5-15,-2.118769078015071,5,MAP_SCADA,38,0.017505464989150177,-2.101263613025921
5,UPFC_tse,5-15,-2.131058730334234,5,MAP_PMU,38,0.029795117308312857,-2.101263613025921
3,UPFC_tsh,5-15,-0.2332949384491992,5,WLS,38,0.0002657426618632164,-0.233029195787336
3,UPFC_tsh,5-15,-0.2359501929320838,5,MAP_SCADA,38,0.0029209971447478056,-0.233029195787336
3,UPFC_tsh,5-15,-0.2342057885765578,5,MAP_PMU,38,0.001176592789221803,-0.233029195787336
0,x_tcsc,1-14,-0.1540734525520998,6,WLS,38,0.00018800101486460274,-0.1542614535669644
0,x_tcsc,1-14,-0.1065297956301855,6,MAP_SCADA,38,0.047731657936778915,-0.1542614535669644
0,x_tcsc,1-14,-0.178986322387284,6,MAP_PMU,38,0.0247248688203196,-0.1542614535669644
1,B_svc,2,0.4585810242745758,6,WLS,38,0.0024494723754657777,0.4610304966500416
1,B_svc,2,0.1783891471239537,6,MAP_SCADA,38,0.2826413495260879,0.4610304966500416
1,B_svc,2,0.4503618392532391,6,MAP_PMU,38,0.010668657396802506,0.4610304966500416
4,UPFC_Vse,5-15,0.0562812880231977,6,WLS,38,0.000829934626580299,0.0554513533966174
4,UPFC_Vse,5-15,0.0558549003478376,6,MAP_SCADA,38,0.0004035469512201975,0.0554513533966174
4,UPFC_Vse,5-15,0.0586354512204563,6,MAP_PMU,38,0.0031840978238388967,0.0554513533966174
2,UPFC_Vsh,5-15,1.1079758514522509,6,WLS,38,0.003199795116370918,1.1111756465686218
2,UPFC_Vsh,5-15,1.1123445065748574,6,MAP_SCADA,38,0.001168860006235617,1.1111756465686218
2,UPFC_Vsh,5-15,1.09527147132612,6,MAP_PMU,38,0.01590417524250176,1.1111756465686218
5,UPFC_tse,5-15,-2.122647205950758,6,WLS,38,0.021383592924836936,-2.101263613025921
5,UPFC_tse,5-15,-2.120361871387332,6,MAP_SCADA,38,0.01909825836141099,-2.101263613025921
5,UPFC_tse,5-15,-2.134351705395795,6,MAP_PMU,38,0.0330880923698742,-2.101263613025921
3,UPFC_tsh,5-15,-0.2332338701031634,6,WLS,38,0.0002046743158274078,-0.233029195787336
3,UPFC_tsh,5-15,-0.2373298485568249,6,MAP_SCADA,38,0.004300652769488905,-0.233029195787336
3,UPFC_tsh,5-15,-0.234212321574447,6,MAP_PMU,38,0.0011831257871109946,-0.233029195787336
0,x_tcsc,1-14,-0.154057412776751,7,WLS,38,0.00020404079021341115,-0.1542614535669644
0,x_tcsc,1-14,-0.1065573707578366,7,MAP_SCADA,38,0.047704082809127815,-0.1542614535669644
0,x_tcsc,1-14,-0.1796002078926781,7,MAP_PMU,38,0.025338754325713697,-0.1542614535669644
1,B_svc,2,0.458463579412037,7,WLS,38,0.0025669172380045624,0.4610304966500416
1,B_svc,2,0.1730324904101736,7,MAP_SCADA,38,0.287998006239868,0.4610304966500416
1,B_svc,2,0.4497977272303567,7,MAP_PMU,38,0.011232769419684874,0.4610304966500416
4,UPFC_Vse,5-15,0.056852458942806,7,WLS,38,0.001401105546188601,0.0554513533966174
4,UPFC_Vse,5-15,0.0565481061313362,7,MAP_SCADA,38,0.0010967527347187991,0.0554513533966174
4,UPFC_Vse,5-15,0.059212402950916,7,MAP_PMU,38,0.0037610495542986025,0.0554513533966174
2,UPFC_Vsh,5-15,1.1077654445191698,7,WLS,38,0.0034102020494519714,1.1111756465686218
2,UPFC_Vsh,5-15,1.1131114318308462,7,MAP_SCADA,38,0.0019357852622243765,1.1111756465686218
2,UPFC_Vsh,5-15,1.095098793617702,7,MAP_PMU,38,0.016076852950919873,1.1111756465686218
5,UPFC_tse,5-15,-2.121898012180964,7,WLS,38,0.02063439915504306,-2.101263613025921
5,UPFC_tse,5-15,-2.120652839538623,7,MAP_SCADA,38,0.019389226512701807,-2.101263613025921
5,UPFC_tse,5-15,-2.132770595624911,7,MAP_PMU,38,0.031506982598989985,-2.101263613025921
3,UPFC_tsh,5-15,-0.2333050080900991,7,WLS,38,0.00027581230276310653,-0.233029195787336
3,UPFC_tsh,5-15,-0.2367058917981646,7,MAP_SCADA,38,0.003676696010828595,-0.233029195787336
3,UPFC_tsh,5-15,-0.2342773640789358,7,MAP_PMU,38,0.0012481682915997938,-0.233029195787336
0,x_tcsc,1-14,-0.1540715485879686,8,WLS,38,0.0001899049789958196,-0.1542614535669644
0,x_tcsc,1-14,-0.1071344394222101,8,MAP_SCADA,38,0.047127014144754314,-0.1542614535669644
0,x_tcsc,1-14,-0.178325587275512,8,MAP_PMU,38,0.024064133708547597,-0.1542614535669644
1,B_svc,2,0.4581743513203357,8,WLS,38,0.002856145329705906,0.4610304966500416
1,B_svc,2,0.178422838172466,8,MAP_SCADA,38,0.28260765847757563,0.4610304966500416
1,B_svc,2,0.4509863967219825,8,MAP_PMU,38,0.010044099928059103,0.4610304966500416
4,UPFC_Vse,5-15,0.0562072537887979,8,WLS,38,0.0007559003921805002,0.0554513533966174
4,UPFC_Vse,5-15,0.055807898128445,8,MAP_SCADA,38,0.0003565447318275988,0.0554513533966174
4,UPFC_Vse,5-15,0.0586276872424649,8,MAP_PMU,38,0.0031763338458474996,0.0554513533966174
2,UPFC_Vsh,5-15,1.1074931864991604,8,WLS,38,0.0036824600694613796,1.1111756465686218
2,UPFC_Vsh,5-15,1.108225669414033,8,MAP_SCADA,38,0.0029499771545886677,1.1111756465686218
2,UPFC_Vsh,5-15,1.0950415843305072,8,MAP_PMU,38,0.016134062238114533,1.1111756465686218
5,UPFC_tse,5-15,-2.1212487644411,8,WLS,38,0.019985151415179203,-2.101263613025921
5,UPFC_tse,5-15,-2.124134150618547,8,MAP_SCADA,38,0.02287053759262614,-2.101263613025921
5,UPFC_tse,5-15,-2.1323389085656506,8,MAP_PMU,38,0.03107529553972954,-2.101263613025921
3,UPFC_tsh,5-15,-0.2332833997782205,8,WLS,38,0.00025420399088449397,-0.233029195787336
3,UPFC_tsh,5-15,-0.2384692950456517,8,MAP_SCADA,38,0.005440099258315706,-0.233029195787336
3,UPFC_tsh,5-15,-0.2342470526372428,8,MAP_PMU,38,0.001217856849906801,-0.233029195787336
0,x_tcsc,1-14,-0.1540556877619882,9,WLS,38,0.0002057658049762212,-0.1542614535669644
0,x_tcsc,1-14,-0.1077991589540639,9,MAP_SCADA,38,0.04646229461290051,-0.1542614535669644
0,x_tcsc,1-14,-0.1778105202623703,9,MAP_PMU,38,0.02354906669540588,-0.1542614535669644
1,B_svc,2,0.4584297351518254,9,WLS,38,0.0026007614982161975,0.4610304966500416
1,B_svc,2,0.1763583555744501,9,MAP_SCADA,38,0.28467214107559147,0.4610304966500416
1,B_svc,2,0.4512539134697582,9,MAP_PMU,38,0.009776583180283405,0.4610304966500416
4,UPFC_Vse,5-15,0.0565374919422624,9,WLS,38,0.0010861385456450018,0.0554513533966174
4,UPFC_Vse,5-15,0.0560465699486527,9,MAP_SCADA,38,0.000595216552035302,0.0554513533966174
4,UPFC_Vse,5-15,0.0589170773008332,9,MAP_PMU,38,0.0034657239042157964,0.0554513533966174
2,UPFC_Vsh,5-15,1.108028106051619,9,WLS,38,0.0031475405170027226,1.1111756465686218
2,UPFC_Vsh,5-15,1.1097831736243513,9,MAP_SCADA,38,0.001392472944270473,1.1111756465686218
2,UPFC_Vsh,5-15,1.0957097754315597,9,MAP_PMU,38,0.015465871137062104,1.1111756465686218
5,UPFC_tse,5-15,-2.118506109306172,9,WLS,38,0.017242496280251096,-2.101263613025921
5,UPFC_tse,5-15,-2.1202414192625936,9,MAP_SCADA,38,0.018977806236672556,-2.101263613025921
5,UPFC_tse,5-15,-2.129705533299015,9,MAP_PMU,38,0.028441920273094112,-2.101263613025921
3,UPFC_tsh,5-15,-0.2332644394872873,9,WLS,38,0.00023524369995131522,-0.233029195787336
3,UPFC_tsh,5-15,-0.2377841401972573,9,MAP_SCADA,38,0.004754944409921302,-0.233029195787336
3,UPFC_tsh,5-15,-0.2342205950347224,9,MAP_PMU,38,0.0011913992473863988,-0.233029195787336
0,x_tcsc,1-14,-0.1547166207436064,0,WLS,39,0.00023187395657259247,-0.154948494700179
0,x_tcsc,1-14,-0.1089444442291636,0,MAP_SCADA,39,0.046004050471015384,-0.154948494700179
0,x_tcsc,1-14,-0.1785447359221732,0,MAP_PMU,39,0.02359624122199422,-0.154948494700179
1,B_svc,2,0.4661003498073489,0,WLS,39,0.0028431047899898365,0.4689434545973387
1,B_svc,2,0.174428196232649,0,MAP_SCADA,39,0.2945152583646897,0.4689434545973387
1,B_svc,2,0.458311851513746,0,MAP_PMU,39,0.010631603083592733,0.4689434545973387
4,UPFC_Vse,5-15,0.0565491185386927,0,WLS,39,0.0012204981809893975,0.0553286203577033
4,UPFC_Vse,5-15,0.0561860795451701,0,MAP_SCADA,39,0.0008574591874668039,0.0553286203577033
4,UPFC_Vse,5-15,0.0589216412053196,0,MAP_PMU,39,0.003593020847616299,0.0553286203577033
2,UPFC_Vsh,5-15,1.107649525699287,0,WLS,39,0.0032598538677706124,1.1109093795670577
2,UPFC_Vsh,5-15,1.1090519233992089,0,MAP_SCADA,39,0.0018574561678488255,1.1109093795670577
2,UPFC_Vsh,5-15,1.0952207354000223,0,MAP_PMU,39,0.015688644167035415,1.1109093795670577
5,UPFC_tse,5-15,-2.122033697641996,0,WLS,39,0.020933676532968626,-2.101100021109027
5,UPFC_tse,5-15,-2.1204368032299503,0,MAP_SCADA,39,0.019336782120923157,-2.101100021109027
5,UPFC_tse,5-15,-2.133369376721721,0,MAP_PMU,39,0.03226935561269384,-2.101100021109027
3,UPFC_tsh,5-15,-0.2329030120198229,0,WLS,39,0.000224682293140821,-0.2326783297266821
3,UPFC_tsh,5-15,-0.2367785914428654,0,MAP_SCADA,39,0.004100261716183301,-0.2326783297266821
3,UPFC_tsh,5-15,-0.2338727920861992,0,MAP_PMU,39,0.0011944623595171178,-0.2326783297266821
0,x_tcsc,1-14,-0.1547551490431944,1,WLS,39,0.00019334565698458928,-0.154948494700179
0,x_tcsc,1-14,-0.1086557864376798,1,MAP_SCADA,39,0.04629270826249919,-0.154948494700179
0,x_tcsc,1-14,-0.1791224873281528,1,MAP_PMU,39,0.024173992627973817,-0.154948494700179
1,B_svc,2,0.4667317365113537,1,WLS,39,0.002211718085985026,0.4689434545973387
1,B_svc,2,0.1718083872692184,1,MAP_SCADA,39,0.29713506732812034,0.4689434545973387
1,B_svc,2,0.4581435130244285,1,MAP_PMU,39,0.010799941572910199,0.4689434545973387
4,UPFC_Vse,5-15,0.0568898794782946,1,WLS,39,0.0015612591205913032,0.0553286203577033
4,UPFC_Vse,5-15,0.0563413319015134,1,MAP_SCADA,39,0.0010127115438101006,0.0553286203577033
4,UPFC_Vse,5-15,0.0592542489784466,1,MAP_PMU,39,0.0039256286207432975,0.0553286203577033
2,UPFC_Vsh,5-15,1.107424076980418,1,WLS,39,0.0034853025866397047,1.1109093795670577
2,UPFC_Vsh,5-15,1.1111729212253298,1,MAP_SCADA,39,0.00026354165827213727,1.1109093795670577
2,UPFC_Vsh,5-15,1.0948014435395097,1,MAP_PMU,39,0.01610793602754801,1.1109093795670577
5,UPFC_tse,5-15,-2.1186278761783024,1,WLS,39,0.017527855069275233,-2.101100021109027
5,UPFC_tse,5-15,-2.1163925574197218,1,MAP_SCADA,39,0.015292536310694604,-2.101100021109027
5,UPFC_tse,5-15,-2.13017568216157,1,MAP_PMU,39,0.029075661052542667,-2.101100021109027
3,UPFC_tsh,5-15,-0.232930495045901,1,WLS,39,0.00025216531921889995,-0.2326783297266821
3,UPFC_tsh,5-15,-0.2360064392531947,1,MAP_SCADA,39,0.003328109526512607,-0.2326783297266821
3,UPFC_tsh,5-15,-0.2339125013710263,1,MAP_PMU,39,0.0012341716443441952,-0.2326783297266821
0,x_tcsc,1-14,-0.1547375027776095,2,WLS,39,0.00021099192256948673,-0.154948494700179
0,x_tcsc,1-14,-0.1089921741762098,2,MAP_SCADA,39,0.045956320523969196,-0.154948494700179
0,x_tcsc,1-14,-0.1785194366958729,2,MAP_PMU,39,0.0235709419956939,-0.154948494700179
1,B_svc,2,0.466372253615026,2,WLS,39,0.002571200982312727,0.4689434545973387
1,B_svc,2,0.1740912333696392,2,MAP_SCADA,39,0.2948522212276995,0.4689434545973387
1,B_svc,2,0.4581940332739406,2,MAP_PMU,39,0.010749421323398123,0.4689434545973387
4,UPFC_Vse,5-15,0.0562053736191616,2,WLS,39,0.0008767532614583004,0.0553286203577033
4,UPFC_Vse,5-15,0.0557782403244673,2,MAP_SCADA,39,0.0004496199667640005,0.0553286203577033
4,UPFC_Vse,5-15,0.0585556359146208,2,MAP_PMU,39,0.003227015556917498,0.0553286203577033
2,UPFC_Vsh,5-15,1.1075567629396554,2,WLS,39,0.0033526166274022717,1.1109093795670577
2,UPFC_Vsh,5-15,1.1115687088844377,2,MAP_SCADA,39,0.0006593293173799974,1.1109093795670577
2,UPFC_Vsh,5-15,1.0951317109466707,2,MAP_PMU,39,0.015777668620386986,1.1109093795670577
5,UPFC_tse,5-15,-2.120175069485396,2,WLS,39,0.019075048376368642,-2.101100021109027
5,UPFC_tse,5-15,-2.118666830349078,2,MAP_SCADA,39,0.01756680924005094,-2.101100021109027
5,UPFC_tse,5-15,-2.1314224034769684,2,MAP_PMU,39,0.03032238236794127,-2.101100021109027
3,UPFC_tsh,5-15,-0.2329228878727458,2,WLS,39,0.00024455814606369475,-0.2326783297266821
3,UPFC_tsh,5-15,-0.2362029600831672,2,MAP_SCADA,39,0.00352463035648512,-0.2326783297266821
3,UPFC_tsh,5-15,-0.233894269024479,2,MAP_PMU,39,0.0012159392977968975,-0.2326783297266821
0,x_tcsc,1-14,-0.1547252964494884,3,WLS,39,0.00022319825069058719,-0.154948494700179
0,x_tcsc,1-14,-0.1099699090129551,3,MAP_SCADA,39,0.04497858568722389,-0.154948494700179
0,x_tcsc,1-14,-0.1784691617104377,3,MAP_PMU,39,0.023520667010258706,-0.154948494700179
1,B_svc,2,0.466380758759605,3,WLS,39,0.0025626958377337195,0.4689434545973387
1,B_svc,2,0.1675215368568821,3,MAP_SCADA,39,0.3014219177404566,0.4689434545973387
1,B_svc,2,0.457913740217295,3,MAP_PMU,39,0.011029714380043742,0.4689434545973387
4,UPFC_Vse,5-15,0.0566491829284699,3,WLS,39,0.001320562570766598,0.0553286203577033
4,UPFC_Vse,5-15,0.0558056429982969,3,MAP_SCADA,39,0.00047702264059359956,0.0553286203577033
4,UPFC_Vse,5-15,0.0588670605398186,3,MAP_PMU,39,0.003538440182115299,0.0553286203577033
2,UPFC_Vsh,5-15,1.108171528695051,3,WLS,39,0.0027378508720066197,1.1109093795670577
2,UPFC_Vsh,5-15,1.1142020903269296,3,MAP_SCADA,39,0.0032927107598719196,1.1109093795670577
2,UPFC_Vsh,5-15,1.096091264856126,3,MAP_PMU,39,0.01481811471093164,1.1109093795670577
5,UPFC_tse,5-15,-2.1233146376402328,3,WLS,39,0.0222146165312056,-2.101100021109027
5,UPFC_tse,5-15,-2.1182558259789315,3,MAP_SCADA,39,0.017155804869904312,-2.101100021109027
5,UPFC_tse,5-15,-2.1341598016471126,3,MAP_PMU,39,0.03305978053808545,-2.101100021109027
3,UPFC_tsh,5-15,-0.2329486288348882,3,WLS,39,0.00027029910820611236,-0.2326783297266821
3,UPFC_tsh,5-15,-0.2345995701709153,3,MAP_SCADA,39,0.0019212404442331965,-0.2326783297266821
3,UPFC_tsh,5-15,-0.2338928703577165,3,MAP_PMU,39,0.0012145406310344053,-0.2326783297266821
0,x_tcsc,1-14,-0.1547535394040529,4,WLS,39,0.00019495529612609253,-0.154948494700179
0,x_tcsc,1-14,-0.1082864962538895,4,MAP_SCADA,39,0.04666199844628949,-0.154948494700179
0,x_tcsc,1-14,-0.1788820457702047,4,MAP_PMU,39,0.023933551070025705,-0.154948494700179
1,B_svc,2,0.4666981531159899,4,WLS,39,0.002245301481348827,0.4689434545973387
1,B_svc,2,0.1774276333066684,4,MAP_SCADA,39,0.29151582129067033,0.4689434545973387
1,B_svc,2,0.4585842882792647,4,MAP_PMU,39,0.010359166318074042,0.4689434545973387
4,UPFC_Vse,5-15,0.0567098492007758,4,WLS,39,0.001381228843072499,0.0553286203577033
4,UPFC_Vse,5-15,0.0566497292789568,4,MAP_SCADA,39,0.0013211089212534985,0.0553286203577033
4,UPFC_Vse,5-15,0.0591508296602128,4,MAP_PMU,39,0.0038222093025095036,0.0553286203577033
2,UPFC_Vsh,5-15,1.107864527672811,4,WLS,39,0.0030448518942467473,1.1109093795670577
2,UPFC_Vsh,5-15,1.1100254231121638,4,MAP_SCADA,39,0.0008839564548939194,1.1109093795670577
2,UPFC_Vsh,5-15,1.0951916792754175,4,MAP_PMU,39,0.015717700291640213,1.1109093795670577
5,UPFC_tse,5-15,-2.1195457308483063,4,WLS,39,0.01844570973927917,-2.101100021109027
5,UPFC_tse,5-15,-2.120514447812158,4,MAP_SCADA,39,0.01941442670313087,-2.101100021109027
5,UPFC_tse,5-15,-2.1307651022136858,4,MAP_PMU,39,0.029665081104658597,-2.101100021109027
3,UPFC_tsh,5-15,-0.23292879553731,4,WLS,39,0.0002504658106279034,-0.2326783297266821
3,UPFC_tsh,5-15,-0.2372143558004812,4,MAP_SCADA,39,0.004536026073799104,-0.2326783297266821
3,UPFC_tsh,5-15,-0.2339152818312402,4,MAP_PMU,39,0.0012369521045580978,-0.2326783297266821
0,x_tcsc,1-14,-0.1547317917496141,5,WLS,39,0.00021670295056488986,-0.154948494700179
0,x_tcsc,1-14,-0.1098308118195774,5,MAP_SCADA,39,0.045117682880601584,-0.154948494700179
0,x_tcsc,1-14,-0.17832151095829,5,MAP_PMU,39,0.023373016258111,-0.154948494700179
1,B_svc,2,0.4666241561347707,5,WLS,39,0.002319298462568009,0.4689434545973387
1,B_svc,2,0.1704339824644985,5,MAP_SCADA,39,0.2985094721328402,0.4689434545973387
1,B_svc,2,0.458611836734038,5,MAP_PMU,39,0.010331617863300724,0.4689434545973387
4,UPFC_Vse,5-15,0.0563000763797203,5,WLS,39,0.0009714560220170018,0.0553286203577033
4,UPFC_Vse,5-15,0.0557996144426486,5,MAP_SCADA,39,0.00047099408494530315,0.0553286203577033
4,UPFC_Vse,5-15,0.0586013705281828,5,MAP_PMU,39,0.0032727501704795034,0.0553286203577033
2,UPFC_Vsh,5-15,1.1076132846876214,5,WLS,39,0.0032960948794362732,1.1109093795670577
2,UPFC_Vsh,5-15,1.111247408683594,5,MAP_SCADA,39,0.00033802911653624257,1.1109093795670577
2,UPFC_Vsh,5-15,1.095468655800114,5,MAP_PMU,39,0.01544072376694361,1.1109093795670577
5,UPFC_tse,5-15,-2.121205631065947,5,WLS,39,0.02010560995691968,-2.101100021109027
5,UPFC_tse,5-15,-2.118769078015071,5,MAP_SCADA,39,0.017669056906044034,-2.101100021109027
5,UPFC_tse,5-15,-2.132220403651841,5,MAP_PMU,39,0.031120382542813907,-2.101100021109027
3,UPFC_tsh,5-15,-0.2329449206549662,5,WLS,39,0.00026659092828409947,-0.2326783297266821
3,UPFC_tsh,5-15,-0.2359501929320838,5,MAP_SCADA,39,0.0032718632054017094,-0.2326783297266821
3,UPFC_tsh,5-15,-0.2338984095264577,5,MAP_PMU,39,0.0012200797997756196,-0.2326783297266821
0,x_tcsc,1-14,-0.1547428213910482,6,WLS,39,0.00020567330913079385,-0.154948494700179
0,x_tcsc,1-14,-0.1065297956301855,6,MAP_SCADA,39,0.04841869906999349,-0.154948494700179
0,x_tcsc,1-14,-0.1804002998810337,6,MAP_PMU,39,0.025451805180854714,-0.154948494700179
1,B_svc,2,0.4663478391861285,6,WLS,39,0.002595615411210228,0.4689434545973387
1,B_svc,2,0.1783891471239537,6,MAP_SCADA,39,0.290554307473385,0.4689434545973387
1,B_svc,2,0.4569420946699606,6,MAP_PMU,39,0.012001359927378108,0.4689434545973387
4,UPFC_Vse,5-15,0.0562827493094658,6,WLS,39,0.0009541289517625007,0.0553286203577033
4,UPFC_Vse,5-15,0.0558549003478376,6,MAP_SCADA,39,0.0005262799901342985,0.0553286203577033
4,UPFC_Vse,5-15,0.0587131806616637,6,MAP_PMU,39,0.0033845603039604003,0.0553286203577033
2,UPFC_Vsh,5-15,1.1078665306810598,6,WLS,39,0.0030428488859979286,1.1109093795670577
2,UPFC_Vsh,5-15,1.1123445065748574,6,MAP_SCADA,39,0.0014351270077996858,1.1109093795670577
2,UPFC_Vsh,5-15,1.0945485448390049,6,MAP_PMU,39,0.01636083472805283,1.1109093795670577
5,UPFC_tse,5-15,-2.1231426498717063,6,WLS,39,0.02204262876267915,-2.101100021109027
5,UPFC_tse,5-15,-2.120361871387332,6,MAP_SCADA,39,0.01926185027830485,-2.101100021109027
5,UPFC_tse,5-15,-2.1355566722045363,6,MAP_PMU,39,0.034456651095509105,-2.101100021109027
3,UPFC_tsh,5-15,-0.232883853929967,6,WLS,39,0.0002055242032849014,-0.2326783297266821
3,UPFC_tsh,5-15,-0.2373298485568249,6,MAP_SCADA,39,0.004651518830142809,-0.2326783297266821
3,UPFC_tsh,5-15,-0.2339065358800827,6,MAP_PMU,39,0.0012282061534006072,-0.2326783297266821
0,x_tcsc,1-14,-0.1547263308513385,7,WLS,39,0.00022216384884049534,-0.154948494700179
0,x_tcsc,1-14,-0.1065573707578366,7,MAP_SCADA,39,0.04839112394234239,-0.154948494700179
0,x_tcsc,1-14,-0.1810242414464229,7,MAP_PMU,39,0.02607574674624391,-0.154948494700179
1,B_svc,2,0.4662276312121081,7,WLS,39,0.0027158233852306313,0.4689434545973387
1,B_svc,2,0.1730324904101736,7,MAP_SCADA,39,0.2959109641871651,0.4689434545973387
1,B_svc,2,0.456359062855265,7,MAP_PMU,39,0.012584391742073708,0.4689434545973387
4,UPFC_Vse,5-15,0.0568550995607879,7,WLS,39,0.001526479203084602,0.0553286203577033
4,UPFC_Vse,5-15,0.0565481061313362,7,MAP_SCADA,39,0.0012194857736329001,0.0553286203577033
4,UPFC_Vse,5-15,0.0592904719386927,7,MAP_PMU,39,0.003961851580989398,0.0553286203577033
2,UPFC_Vsh,5-15,1.107651357621216,7,WLS,39,0.0032580219458417936,1.1109093795670577
2,UPFC_Vsh,5-15,1.1131114318308462,7,MAP_SCADA,39,0.0022020522637884454,1.1109093795670577
2,UPFC_Vsh,5-15,1.0943748391757744,7,MAP_PMU,39,0.016534540391283326,1.1109093795670577
5,UPFC_tse,5-15,-2.1223810216196943,7,WLS,39,0.02128100051066717,-2.101100021109027
5,UPFC_tse,5-15,-2.120652839538623,7,MAP_SCADA,39,0.019552818429595664,-2.101100021109027
5,UPFC_tse,5-15,-2.1339199076430897,7,MAP_PMU,39,0.03281988653406254,-2.101100021109027
3,UPFC_tsh,5-15,-0.232955379659797,7,WLS,39,0.0002770499331149201,-0.2326783297266821
3,UPFC_tsh,5-15,-0.2367058917981646,7,MAP_SCADA,39,0.004027562071482499,-0.2326783297266821
3,UPFC_tsh,5-15,-0.2339714685179421,7,MAP_PMU,39,0.0012931387912600012,-0.2326783297266821
0,x_tcsc,1-14,-0.1547404648082175,8,WLS,39,0.00020802989196150312,-0.154948494700179
0,x_tcsc,1-14,-0.1071344394222101,8,MAP_SCADA,39,0.04781405527796889,-0.154948494700179
0,x_tcsc,1-14,-0.1797252659134886,8,MAP_PMU,39,0.024776771213309623,-0.154948494700179
1,B_svc,2,0.4659386244717319,8,WLS,39,0.0030048301256068166,0.4689434545973387
1,B_svc,2,0.178422838172466,8,MAP_SCADA,39,0.2905206164248727,0.4689434545973387
1,B_svc,2,0.4575866836023665,8,MAP_PMU,39,0.011356770994972232,0.4689434545973387
4,UPFC_Vse,5-15,0.0562085982518427,8,WLS,39,0.0008799778941393985,0.0553286203577033
4,UPFC_Vse,5-15,0.055807898128445,8,MAP_SCADA,39,0.0004792777707416998,0.0553286203577033
4,UPFC_Vse,5-15,0.0587151937818402,8,MAP_PMU,39,0.003386573424136903,0.0553286203577033
2,UPFC_Vsh,5-15,1.1073824080508865,8,WLS,39,0.0035269715161712067,1.1109093795670577
2,UPFC_Vsh,5-15,1.108225669414033,8,MAP_SCADA,39,0.002683710153024599,1.1109093795670577
2,UPFC_Vsh,5-15,1.0943235571957457,8,MAP_PMU,39,0.01658582237131201,1.1109093795670577
5,UPFC_tse,5-15,-2.12174761736976,8,WLS,39,0.020647596260732648,-2.101100021109027
5,UPFC_tse,5-15,-2.124134150618547,8,MAP_SCADA,39,0.023034129509519996,-2.101100021109027
5,UPFC_tse,5-15,-2.1335307750091395,8,MAP_PMU,39,0.0324307539001123,-2.101100021109027
3,UPFC_tsh,5-15,-0.2329332997455369,8,WLS,39,0.00025497001885479986,-0.2326783297266821
3,UPFC_tsh,5-15,-0.2384692950456517,8,MAP_SCADA,39,0.00579096531896961,-0.2326783297266821
3,UPFC_tsh,5-15,-0.2339409024222958,8,MAP_PMU,39,0.0012625726956136951,-0.2326783297266821
0,x_tcsc,1-14,-0.1547248023042808,9,WLS,39,0.00022369239589820067,-0.154948494700179
0,x_tcsc,1-14,-0.1077991589540639,9,MAP_SCADA,39,0.04714933574611509,-0.154948494700179
0,x_tcsc,1-14,-0.1791999958518468,9,MAP_PMU,39,0.024251501151667798,-0.154948494700179
1,B_svc,2,0.4661906438029229,9,WLS,39,0.0027528107944158053,0.4689434545973387
1,B_svc,2,0.1763583555744501,9,MAP_SCADA,39,0.29258509902288865,0.4689434545973387
1,B_svc,2,0.4578555157477653,9,MAP_PMU,39,0.011087938849573431,0.4689434545973387
4,UPFC_Vse,5-15,0.0565391546172839,9,WLS,39,0.0012105342595805993,0.0553286203577033
4,UPFC_Vse,5-15,0.0560465699486527,9,MAP_SCADA,39,0.000717949590949403,0.0553286203577033
4,UPFC_Vse,5-15,0.0590021566674137,9,MAP_PMU,39,0.0036735363097104012,0.0553286203577033
2,UPFC_Vsh,5-15,1.1079171432835688,9,WLS,39,0.0029922362834888805,1.1109093795670577
2,UPFC_Vsh,5-15,1.1097831736243513,9,MAP_SCADA,39,0.0011262059427064042,1.1109093795670577
2,UPFC_Vsh,5-15,1.0949964219888149,9,MAP_PMU,39,0.015912957578242848,1.1109093795670577
5,UPFC_tse,5-15,-2.1190014053226194,9,WLS,39,0.01790138421359222,-2.101100021109027
5,UPFC_tse,5-15,-2.1202414192625936,9,MAP_SCADA,39,0.019141398153566413,-2.101100021109027
5,UPFC_tse,5-15,-2.1308959768855606,9,MAP_PMU,39,0.02979595577653349,-2.101100021109027
3,UPFC_tsh,5-15,-0.2329146710447042,9,WLS,39,0.00023634131802210967,-0.2326783297266821
3,UPFC_tsh,5-15,-0.2377841401972573,9,MAP_SCADA,39,0.005105810470575206,-0.2326783297266821
3,UPFC_tsh,5-15,-0.233914442992235,9,MAP_PMU,39,0.0012361132655528961,-0.2326783297266821
0,x_tcsc,1-14,-0.1546391377495808,0,WLS,40,2.6716092004108738e-05,-0.1546658538415849
0,x_tcsc,1-14,-0.1552551668162382,0,MAP_SCADA,40,0.0005893129746532833,-0.1546658538415849
0,x_tcsc,1-14,-0.1546412643355654,0,MAP_PMU,40,2.458950601949561e-05,-0.1546658538415849
1,B_svc,2,0.4652327110367006,0,WLS,40,0.0003069982217229761,0.4655397092584236
1,B_svc,2,0.4681300993122599,0,MAP_SCADA,40,0.0025903900538363223,0.4655397092584236
1,B_svc,2,0.4652275289753722,0,MAP_PMU,40,0.0003121802830514109,0.4655397092584236
4,UPFC_Vse,5-15,0.0549301478259284,0,WLS,40,4.894231955369921e-05,0.0549790901454821
4,UPFC_Vse,5-15,0.0549227545807145,0,MAP_SCADA,40,5.633556476759838e-05,0.0549790901454821
4,UPFC_Vse,5-15,0.0549295186358469,0,MAP_PMU,40,4.957150963520035e-05,0.0549790901454821
2,UPFC_Vsh,5-15,1.11091392350429,0,WLS,40,0.00017796559529892342,1.111091889099589
2,UPFC_Vsh,5-15,1.109219806879187,0,MAP_SCADA,40,0.001872082220401916,1.111091889099589
2,UPFC_Vsh,5-15,1.1109147914312447,0,MAP_PMU,40,0.00017709766834417273,1.111091889099589
5,UPFC_tse,5-15,-2.09950807891224,0,WLS,40,0.0008261296163736276,-2.0986819492958664
5,UPFC_tse,5-15,-2.098640903283867,0,MAP_SCADA,40,4.104601199950153e-05,-2.0986819492958664
5,UPFC_tse,5-15,-2.099506839716166,0,MAP_PMU,40,0.0008248904202994289,-2.0986819492958664
3,UPFC_tsh,5-15,-0.2329853696775669,0,WLS,40,2.3878214006622933e-05,-0.2330092478915735
3,UPFC_tsh,5-15,-0.2330218017790698,0,MAP_SCADA,40,1.2553887496297156e-05,-0.2330092478915735
3,UPFC_tsh,5-15,-0.232985327096066,0,MAP_PMU,40,2.392079550750381e-05,-0.2330092478915735
0,x_tcsc,1-14,-0.1546821032836454,1,WLS,40,1.6249442060495278e-05,-0.1546658538415849
0,x_tcsc,1-14,-0.1550033830785958,1,MAP_SCADA,40,0.0003375292370108862,-0.1546658538415849
0,x_tcsc,1-14,-0.1546810314626313,1,MAP_PMU,40,1.5177621046386092e-05,-0.1546658538415849
1,B_svc,2,0.4659148034070641,1,WLS,40,0.00037509414864050905,0.4655397092584236
1,B_svc,2,0.4615185256559382,1,MAP_SCADA,40,0.004021183602485379,0.4655397092584236
1,B_svc,2,0.4659129741925306,1,MAP_PMU,40,0.00037326493410699824,0.4655397092584236
4,UPFC_Vse,5-15,0.0552956966464655,1,WLS,40,0.00031660650098339765,0.0549790901454821
4,UPFC_Vse,5-15,0.0551318022512095,1,MAP_SCADA,40,0.00015271210572739835,0.0549790901454821
4,UPFC_Vse,5-15,0.055295488718816,1,MAP_PMU,40,0.0003163985733338967,0.0549790901454821
2,UPFC_Vsh,5-15,1.1107607670798838,1,WLS,40,0.0003311220197050879,1.111091889099589
2,UPFC_Vsh,5-15,1.111288466604513,1,MAP_SCADA,40,0.00019657750492418913,1.111091889099589
2,UPFC_Vsh,5-15,1.1107615223356273,1,MAP_PMU,40,0.00033036676396158704,1.111091889099589
5,UPFC_tse,5-15,-2.0963038566314856,1,WLS,40,0.0023780926643808264,-2.0986819492958664
5,UPFC_tse,5-15,-2.094762586398,1,MAP_SCADA,40,0.003919362897866208,-2.0986819492958664
5,UPFC_tse,5-15,-2.0963058583762666,1,MAP_PMU,40,0.0023760909195997826,-2.0986819492958664
3,UPFC_tsh,5-15,-0.2330083161304393,1,WLS,40,9.317611342207766e-07,-0.2330092478915735
3,UPFC_tsh,5-15,-0.2322641810080754,1,MAP_SCADA,40,0.0007450668834981244,-0.2330092478915735
3,UPFC_tsh,5-15,-0.2330082286454133,1,MAP_PMU,40,1.019246160222087e-06,-0.2330092478915735
0,x_tcsc,1-14,-0.1546589831876423,2,WLS,40,6.870653942614435e-06,-0.1546658538415849
0,x_tcsc,1-14,-0.155410840079784,2,MAP_SCADA,40,0.0007449862381991024,-0.1546658538415849
0,x_tcsc,1-14,-0.1546616439392315,2,MAP_PMU,40,4.20990235339147e-06,-0.1546658538415849
1,B_svc,2,0.465489624853546,2,WLS,40,5.00844048775817e-05,0.4655397092584236
1,B_svc,2,0.4657500130065091,2,MAP_SCADA,40,0.00021030374808550523,0.4655397092584236
1,B_svc,2,0.4654898968932622,2,MAP_PMU,40,4.981236516138354e-05,0.4655397092584236
4,UPFC_Vse,5-15,0.0546149523001858,2,WLS,40,0.0003641378452962987,0.0549790901454821
4,UPFC_Vse,5-15,0.0545301163713877,2,MAP_SCADA,40,0.00044897377409439804,0.0549790901454821
4,UPFC_Vse,5-15,0.054615239743109,2,MAP_PMU,40,0.000363850402373099,0.0549790901454821
2,UPFC_Vsh,5-15,1.110807194920627,2,WLS,40,0.0002846941789618196,1.111091889099589
2,UPFC_Vsh,5-15,1.1118352177443702,2,MAP_SCADA,40,0.000743328644781327,1.111091889099589
2,UPFC_Vsh,5-15,1.1108061717115194,2,MAP_PMU,40,0.0002857173880694841,1.111091889099589
5,UPFC_tse,5-15,-2.0975316621392253,2,WLS,40,0.0011502871566411166,-2.0986819492958664
5,UPFC_tse,5-15,-2.096498705934241,2,MAP_SCADA,40,0.002183243361625564,-2.0986819492958664
5,UPFC_tse,5-15,-2.0975312766093914,2,MAP_PMU,40,0.0011506726864749517,-2.0986819492958664
3,UPFC_tsh,5-15,-0.2330068443594713,2,WLS,40,2.4035321022075617e-06,-0.2330092478915735
3,UPFC_tsh,5-15,-0.2322619986911179,2,MAP_SCADA,40,0.000747249200455602,-0.2330092478915735
3,UPFC_tsh,5-15,-0.233006943781014,2,MAP_PMU,40,2.304110559514516e-06,-0.2330092478915735
0,x_tcsc,1-14,-0.1546514387110666,3,WLS,40,1.4415130518308228e-05,-0.1546658538415849
0,x_tcsc,1-14,-0.1556611265370181,3,MAP_SCADA,40,0.0009952726954332025,-0.1546658538415849
0,x_tcsc,1-14,-0.1546450852337137,3,MAP_PMU,40,2.076860787120216e-05,-0.1546658538415849
1,B_svc,2,0.4655503729387475,3,WLS,40,1.066368032393017e-05,0.4655397092584236
1,B_svc,2,0.4573828339866937,3,MAP_SCADA,40,0.008156875271729869,0.4655397092584236
1,B_svc,2,0.4655380052361145,3,MAP_PMU,40,1.7040223090902806e-06,0.4655397092584236
4,UPFC_Vse,5-15,0.0550311130534433,3,WLS,40,5.202290796119807e-05,0.0549790901454821
4,UPFC_Vse,5-15,0.0545741302195165,3,MAP_SCADA,40,0.0004049599259655992,0.0549790901454821
4,UPFC_Vse,5-15,0.0550304041757813,3,MAP_PMU,40,5.13140302991974e-05,0.0549790901454821
2,UPFC_Vsh,5-15,1.1114907790241304,3,WLS,40,0.0003988899245415123,1.111091889099589
2,UPFC_Vsh,5-15,1.114338337383613,3,MAP_SCADA,40,0.003246448284024206,1.111091889099589
2,UPFC_Vsh,5-15,1.111490155869501,3,MAP_PMU,40,0.000398266769912059,1.111091889099589
5,UPFC_tse,5-15,-2.100814693010268,3,WLS,40,0.0021327437144016415,-2.0986819492958664
5,UPFC_tse,5-15,-2.096462536434822,3,MAP_SCADA,40,0.002219412861044212,-2.0986819492958664
5,UPFC_tse,5-15,-2.100832731734028,3,MAP_PMU,40,0.0021507824381616913,-2.0986819492958664
3,UPFC_tsh,5-15,-0.2330277177212748,3,WLS,40,1.8469829701300844e-05,-0.2330092478915735
3,UPFC_tsh,5-15,-0.2309826968418172,3,MAP_SCADA,40,0.0020265510497563255,-0.2330092478915735
3,UPFC_tsh,5-15,-0.2330277415421572,3,MAP_PMU,40,1.8493650583678578e-05,-0.2330092478915735
0,x_tcsc,1-14,-0.1546748371781444,4,WLS,40,8.983336559492683e-06,-0.1546658538415849
0,x_tcsc,1-14,-0.1550909292439212,4,MAP_SCADA,40,0.00042507540233630015,-0.1546658538415849
0,x_tcsc,1-14,-0.1546768745135604,4,MAP_PMU,40,1.1020671975503493e-05,-0.1546658538415849
1,B_svc,2,0.4658106076723819,4,WLS,40,0.0002708984139583315,0.4655397092584236
1,B_svc,2,0.4701608987813483,4,MAP_SCADA,40,0.004621189522924729,0.4655397092584236
1,B_svc,2,0.4658082869945543,4,MAP_PMU,40,0.000268577736130704,0.4655397092584236
4,UPFC_Vse,5-15,0.0551149573814111,4,WLS,40,0.00013586723592900335,0.0549790901454821
4,UPFC_Vse,5-15,0.0553781376606521,4,MAP_SCADA,40,0.0003990475151700035,0.0549790901454821
4,UPFC_Vse,5-15,0.0551150503577387,4,MAP_PMU,40,0.00013596021225659866,0.0549790901454821
2,UPFC_Vsh,5-15,1.111117967582968,4,WLS,40,2.6078483379210482e-05,1.111091889099589
2,UPFC_Vsh,5-15,1.1102891671427044,4,MAP_SCADA,40,0.0008027219568844668,1.111091889099589
2,UPFC_Vsh,5-15,1.1111180273226615,4,MAP_PMU,40,2.613822307262481e-05,1.111091889099589
5,UPFC_tse,5-15,-2.097184036387913,4,WLS,40,0.0014979129079533138,-2.0986819492958664
5,UPFC_tse,5-15,-2.0987166470387293,4,MAP_SCADA,40,3.4697742862910275e-05,-2.0986819492958664
5,UPFC_tse,5-15,-2.097190449993032,4,MAP_PMU,40,0.0014914993028343204,-2.0986819492958664
3,UPFC_tsh,5-15,-0.2330128548573793,4,WLS,40,3.606965805785789e-06,-0.2330092478915735
3,UPFC_tsh,5-15,-0.2332377355911988,4,MAP_SCADA,40,0.00022848769962530158,-0.2330092478915735
3,UPFC_tsh,5-15,-0.2330128668046224,4,MAP_PMU,40,3.6189130488972765e-06,-0.2330092478915735
0,x_tcsc,1-14,-0.1546556430802046,5,WLS,40,1.0210761380302635e-05,-0.1546658538415849
0,x_tcsc,1-14,-0.1559556818058403,5,MAP_SCADA,40,0.0012898279642553911,-0.1546658538415849
0,x_tcsc,1-14,-0.154653938350596,5,MAP_PMU,40,1.1915490988917421e-05,-0.1546658538415849
1,B_svc,2,0.4657661835897811,5,WLS,40,0.00022647433135752904,0.4655397092584236
1,B_svc,2,0.4615353750014238,5,MAP_SCADA,40,0.004004334256999809,0.4655397092584236
1,B_svc,2,0.4657658173140416,5,MAP_PMU,40,0.00022610805561801284,0.4655397092584236
4,UPFC_Vse,5-15,0.0547229830561603,5,WLS,40,0.00025610708932179843,0.0549790901454821
4,UPFC_Vse,5-15,0.0545602489493132,5,MAP_SCADA,40,0.00041884119616889676,0.0549790901454821
4,UPFC_Vse,5-15,0.0547231595972188,5,MAP_PMU,40,0.0002559305482632973,0.0549790901454821
2,UPFC_Vsh,5-15,1.1109021414599034,5,WLS,40,0.00018974763968548913,1.111091889099589
2,UPFC_Vsh,5-15,1.1115793564576082,5,MAP_SCADA,40,0.0004874673580193001,1.111091889099589
2,UPFC_Vsh,5-15,1.1109015424321231,5,MAP_PMU,40,0.00019034666746575724,1.111091889099589
5,UPFC_tse,5-15,-2.098640296255621,5,WLS,40,4.165304024539296e-05,-2.0986819492958664
5,UPFC_tse,5-15,-2.096598908826428,5,MAP_SCADA,40,0.002083040469438302,-2.0986819492958664
5,UPFC_tse,5-15,-2.098642621557425,5,MAP_PMU,40,3.932773844139703e-05,-2.0986819492958664
3,UPFC_tsh,5-15,-0.2330263457667686,5,WLS,40,1.7097875195076773e-05,-0.2330092478915735
3,UPFC_tsh,5-15,-0.2320082693991724,5,MAP_SCADA,40,0.0010009784924011056,-0.2330092478915735
3,UPFC_tsh,5-15,-0.2330264536498922,5,MAP_PMU,40,1.720575831867799e-05,-0.2330092478915735
0,x_tcsc,1-14,-0.1546661271613079,6,WLS,40,2.7331972299315943e-07,-0.1546658538415849
0,x_tcsc,1-14,-0.154285651549894,6,MAP_SCADA,40,0.00038020229169091757,-0.1546658538415849
0,x_tcsc,1-14,-0.154666622614861,6,MAP_PMU,40,7.687732760941479e-07,-0.1546658538415849
1,B_svc,2,0.4654908904201598,6,WLS,40,4.881883826379774e-05,0.4655397092584236
1,B_svc,2,0.4667919889623746,6,MAP_SCADA,40,0.0012522797039510314,0.4655397092584236
1,B_svc,2,0.4654915305626061,6,MAP_PMU,40,4.817869581746903e-05,0.4655397092584236
4,UPFC_Vse,5-15,0.0547078089922919,6,WLS,40,0.0002712811531902018,0.0549790901454821
4,UPFC_Vse,5-15,0.0546368575602763,6,MAP_SCADA,40,0.00034223258520579836,0.0549790901454821
4,UPFC_Vse,5-15,0.0547071489222976,6,MAP_PMU,40,0.00027194122318449643,0.0549790901454821
2,UPFC_Vsh,5-15,1.1111483192803373,6,WLS,40,5.643018074841244e-05,1.111091889099589
2,UPFC_Vsh,5-15,1.1127047894322617,6,MAP_SCADA,40,0.0016129003326728064,1.111091889099589
2,UPFC_Vsh,5-15,1.1111476886248974,6,MAP_PMU,40,5.579952530854193e-05,1.111091889099589
5,UPFC_tse,5-15,-2.1004634885017075,6,WLS,40,0.0017815392058411206,-2.0986819492958664
5,UPFC_tse,5-15,-2.097793283697018,6,MAP_SCADA,40,0.0008886655988482595,-2.0986819492958664
5,UPFC_tse,5-15,-2.100468545500576,6,MAP_PMU,40,0.0017865962047096673,-2.0986819492958664
3,UPFC_tsh,5-15,-0.2329656498346521,6,WLS,40,4.359805692141783e-05,-0.2330092478915735
3,UPFC_tsh,5-15,-0.2331385786067991,6,MAP_SCADA,40,0.00012933071522558404,-0.2330092478915735
3,UPFC_tsh,5-15,-0.2329656787899958,6,MAP_PMU,40,4.3569101577711766e-05,-0.2330092478915735
0,x_tcsc,1-14,-0.1546581570375313,7,WLS,40,7.696804053602957e-06,-0.1546658538415849
0,x_tcsc,1-14,-0.1538507206025142,7,MAP_SCADA,40,0.0008151332390707033,-0.1546658538415849
0,x_tcsc,1-14,-0.1546670179995414,7,MAP_PMU,40,1.1641579565069282e-06,-0.1546658538415849
1,B_svc,2,0.4654708114768979,7,WLS,40,6.88977815256897e-05,0.4655397092584236
1,B_svc,2,0.4574778902719384,7,MAP_SCADA,40,0.00806181898648517,0.4655397092584236
1,B_svc,2,0.4654510121950025,7,MAP_PMU,40,8.869706342107264e-05,0.4655397092584236
4,UPFC_Vse,5-15,0.0552584843140718,7,WLS,40,0.0002793941685897,0.0549790901454821
4,UPFC_Vse,5-15,0.0553480307531179,7,MAP_SCADA,40,0.00036894060763580094,0.0549790901454821
4,UPFC_Vse,5-15,0.0552577107689093,7,MAP_PMU,40,0.000278620623427199,0.0549790901454821
2,UPFC_Vsh,5-15,1.1110660240764263,7,WLS,40,2.5865023162596756e-05,1.111091889099589
2,UPFC_Vsh,5-15,1.1132311111641209,7,MAP_SCADA,40,0.002139222064531987,1.111091889099589
2,UPFC_Vsh,5-15,1.1110665405524562,7,MAP_PMU,40,2.534854713265311e-05,1.111091889099589
5,UPFC_tse,5-15,-2.100020905363324,7,WLS,40,0.0013389560674577083,-2.0986819492958664
5,UPFC_tse,5-15,-2.099134201328418,7,MAP_SCADA,40,0.00045225203255183644,-2.0986819492958664
5,UPFC_tse,5-15,-2.100018381060662,7,MAP_PMU,40,0.001336431764795698,-2.0986819492958664
3,UPFC_tsh,5-15,-0.2330280324217938,7,WLS,40,1.878453022027826e-05,-0.2330092478915735
3,UPFC_tsh,5-15,-0.2328764806224023,7,MAP_SCADA,40,0.00013276726917121895,-0.2330092478915735
3,UPFC_tsh,5-15,-0.233027938783459,7,MAP_PMU,40,1.8690891885497773e-05,-0.2330092478915735
0,x_tcsc,1-14,-0.1546670231874159,8,WLS,40,1.1693458309980365e-06,-0.1546658538415849
0,x_tcsc,1-14,-0.1542986818918144,8,MAP_SCADA,40,0.0003671719497705117,-0.1546658538415849
0,x_tcsc,1-14,-0.1546662134188714,8,MAP_PMU,40,3.5957728650171106e-07,-0.1546658538415849
1,B_svc,2,0.4651119384208975,8,WLS,40,0.000427770837526098,0.4655397092584236
1,B_svc,2,0.4684439903946154,8,MAP_SCADA,40,0.0029042811361917886,0.4655397092584236
1,B_svc,2,0.4651091185610664,8,MAP_PMU,40,0.0004305906973571805,0.4655397092584236
4,UPFC_Vse,5-15,0.0546414574564448,8,WLS,40,0.0003376326890372969,0.0549790901454821
4,UPFC_Vse,5-15,0.0546113657831081,8,MAP_SCADA,40,0.0003677243623739987,0.0549790901454821
4,UPFC_Vse,5-15,0.0546402531614681,8,MAP_PMU,40,0.00033883698401399737,0.0549790901454821
2,UPFC_Vsh,5-15,1.1107043881724104,8,WLS,40,0.00038750092717854123,1.111091889099589
2,UPFC_Vsh,5-15,1.1083594368083318,8,MAP_SCADA,40,0.0027324522912570703,1.111091889099589
2,UPFC_Vsh,5-15,1.1107042457151644,8,MAP_PMU,40,0.0003876433844245408,1.111091889099589
5,UPFC_tse,5-15,-2.099094554072426,8,WLS,40,0.00041260477655979955,-2.0986819492958664
5,UPFC_tse,5-15,-2.1021588530142,8,MAP_SCADA,40,0.003476903718333535,-2.0986819492958664
5,UPFC_tse,5-15,-2.099099107973084,8,MAP_PMU,40,0.0004171586772176994,-2.0986819492958664
3,UPFC_tsh,5-15,-0.2330139405308877,8,WLS,40,4.692639314185509e-06,-0.2330092478915735
3,UPFC_tsh,5-15,-0.2345607245766876,8,MAP_SCADA,40,0.0015514766851141004,-0.2330092478915735
3,UPFC_tsh,5-15,-0.2330138670641551,8,MAP_PMU,40,4.6191725815991624e-06,-0.2330092478915735
0,x_tcsc,1-14,-0.1546510432063373,9,WLS,40,1.4810635247608506e-05,-0.1546658538415849
0,x_tcsc,1-14,-0.154519894498489,9,MAP_SCADA,40,0.00014595934309591385,-0.1546658538415849
0,x_tcsc,1-14,-0.154650534952847,9,MAP_PMU,40,1.531888873790299e-05,-0.1546658538415849
1,B_svc,2,0.4653639027264921,9,WLS,40,0.00017580653193149942,0.4655397092584236
1,B_svc,2,0.4662146416727125,9,MAP_SCADA,40,0.0006749324142888979,0.4655397092584236
1,B_svc,2,0.4653631938086799,9,MAP_PMU,40,0.00017651544974367495,0.4655397092584236
4,UPFC_Vse,5-15,0.0549781521290808,9,WLS,40,9.380164013028658e-07,0.0549790901454821
4,UPFC_Vse,5-15,0.0548439844175026,9,MAP_SCADA,40,0.00013510572797949955,0.0549790901454821
4,UPFC_Vse,5-15,0.0549779078554007,9,MAP_PMU,40,1.1822900813987514e-06,0.0549790901454821
2,UPFC_Vsh,5-15,1.1112377807127047,9,WLS,40,0.00014589161311584498,1.111091889099589
2,UPFC_Vsh,5-15,1.1098736574487926,9,MAP_SCADA,40,0.0012182316507962643,1.111091889099589
2,UPFC_Vsh,5-15,1.111237883740784,9,MAP_PMU,40,0.00014599464119502414,1.111091889099589
5,UPFC_tse,5-15,-2.096282514476454,9,WLS,40,0.002399434819412516,-2.0986819492958664
5,UPFC_tse,5-15,-2.0982522157628223,9,MAP_SCADA,40,0.00042973353304409656,-2.0986819492958664
5,UPFC_tse,5-15,-2.096278245983229,9,MAP_PMU,40,0.002403703312637173,-2.0986819492958664
3,UPFC_tsh,5-15,-0.2329930907801264,9,WLS,40,1.6157111447118178e-05,-0.2330092478915735
3,UPFC_tsh,5-15,-0.2339621019398127,9,MAP_SCADA,40,0.0009528540482391934,-0.2330092478915735
3,UPFC_tsh,5-15,-0.2329931033115376,9,MAP_PMU,40,1.614458003590391e-05,-0.2330092478915735
0,x_tcsc,1-14,-0.1552698401155172,0,WLS,41,3.289033728209878e-05,-0.1553027304527993
0,x_tcsc,1-14,-0.1552551668162382,0,MAP_SCADA,41,4.7563636561109846e-05,-0.1553027304527993
0,x_tcsc,1-14,-0.1552700121756293,0,MAP_PMU,41,3.271827716999631e-05,-0.1553027304527993
1,B_svc,2,0.472735202270568,0,WLS,41,0.000299659135237329,0.4730348614058053
1,B_svc,2,0.4681300993122599,0,MAP_SCADA,41,0.004904762093545401,0.4730348614058053
1,B_svc,2,0.4727384230425195,0,MAP_PMU,41,0.0002964383632858003,0.4730348614058053
4,UPFC_Vse,5-15,0.0548560268882244,0,WLS,41,0.0001932495262094991,0.0546627773620149
4,UPFC_Vse,5-15,0.0549227545807145,0,MAP_SCADA,41,0.0002599772186996016,0.0546627773620149
4,UPFC_Vse,5-15,0.054855346769854,0,MAP_PMU,41,0.00019256940783909937,0.0546627773620149
2,UPFC_Vsh,5-15,1.1109170127518913,0,WLS,41,9.134955743528295e-05,1.110825663194456
2,UPFC_Vsh,5-15,1.109219806879187,0,MAP_SCADA,41,0.0016058563152689942,1.110825663194456
2,UPFC_Vsh,5-15,1.1109182913396614,0,MAP_PMU,41,9.262814520538676e-05,1.110825663194456
5,UPFC_tse,5-15,-2.100133770257582,0,WLS,41,0.0018762713219713234,-2.098257498935611
5,UPFC_tse,5-15,-2.098640903283867,0,MAP_SCADA,41,0.0003834043482560112,-2.098257498935611
5,UPFC_tse,5-15,-2.1001297135731347,0,MAP_PMU,41,0.0018722146375238502,-2.098257498935611
3,UPFC_tsh,5-15,-0.2327158628008341,0,WLS,41,2.8749706162206623e-05,-0.2327446125069963
3,UPFC_tsh,5-15,-0.2330218017790698,0,MAP_SCADA,41,0.0002771892720735136,-0.2327446125069963
3,UPFC_tsh,5-15,-0.232715756223776,0,MAP_PMU,41,2.8856283220302092e-05,-0.2327446125069963
0,x_tcsc,1-14,-0.1553129547905799,1,WLS,41,1.0224337780612158e-05,-0.1553027304527993
0,x_tcsc,1-14,-0.1550033830785958,1,MAP_SCADA,41,0.0002993473742035069,-0.1553027304527993
0,x_tcsc,1-14,-0.1553157376702186,1,MAP_PMU,41,1.3007217419314099e-05,-0.1553027304527993
1,B_svc,2,0.4734268751275213,1,WLS,41,0.00039201372171598914,0.4730348614058053
1,B_svc,2,0.4615185256559382,1,MAP_SCADA,41,0.011516335749867102,0.4730348614058053
1,B_svc,2,0.473425985691789,1,MAP_PMU,41,0.00039112428598370164,0.4730348614058053
4,UPFC_Vse,5-15,0.0552217081835106,1,WLS,41,0.000558930821495697,0.0546627773620149
4,UPFC_Vse,5-15,0.0551318022512095,1,MAP_SCADA,41,0.00046902488919459834,0.0546627773620149
4,UPFC_Vse,5-15,0.0552214973672699,1,MAP_PMU,41,0.0005587200052550034,0.0546627773620149
2,UPFC_Vsh,5-15,1.1107630212924111,1,WLS,41,6.264190204485764e-05,1.110825663194456
2,UPFC_Vsh,5-15,1.111288466604513,1,MAP_SCADA,41,0.000462803410057111,1.110825663194456
2,UPFC_Vsh,5-15,1.1107635064661474,1,MAP_PMU,41,6.215672830856e-05,1.110825663194456
5,UPFC_tse,5-15,-2.096915848464332,1,WLS,41,0.0013416504712786548,-2.098257498935611
5,UPFC_tse,5-15,-2.094762586398,1,MAP_SCADA,41,0.003494912537610695,-2.098257498935611
5,UPFC_tse,5-15,-2.0969177420861964,1,MAP_PMU,41,0.001339756849414453,-2.098257498935611
3,UPFC_tsh,5-15,-0.2327388954463463,1,WLS,41,5.7170606500012155e-06,-0.2327446125069963
3,UPFC_tsh,5-15,-0.2322641810080754,1,MAP_SCADA,41,0.000480431498920908,-0.2327446125069963
3,UPFC_tsh,5-15,-0.2327388549952687,1,MAP_PMU,41,5.757511727599862e-06,-0.2327446125069963
0,x_tcsc,1-14,-0.155289638548667,2,WLS,41,1.3091904132289667e-05,-0.1553027304527993
0,x_tcsc,1-14,-0.155410840079784,2,MAP_SCADA,41,0.00010810962698470927,-0.1553027304527993
0,x_tcsc,1-14,-0.15528912245618,2,MAP_PMU,41,1.3607996619285911e-05,-0.1553027304527993
1,B_svc,2,0.4729908518152124,2,WLS,41,4.400959059291942e-05,0.4730348614058053
1,B_svc,2,0.4657500130065091,2,MAP_SCADA,41,0.007284848399296218,0.4730348614058053
1,B_svc,2,0.4729855690981149,2,MAP_PMU,41,4.9292307690407267e-05,0.4730348614058053
4,UPFC_Vse,5-15,0.0545406887802058,2,WLS,41,0.00012208858180910026,0.0546627773620149
4,UPFC_Vse,5-15,0.0545301163713877,2,MAP_SCADA,41,0.00013266099062719805,0.0546627773620149
4,UPFC_Vse,5-15,0.0545404681456282,2,MAP_PMU,41,0.00012230921638670122,0.0546627773620149
2,UPFC_Vsh,5-15,1.1108100445917513,2,WLS,41,1.561860270471449e-05,1.110825663194456
2,UPFC_Vsh,5-15,1.1118352177443702,2,MAP_SCADA,41,0.0010095545499142489,1.110825663194456
2,UPFC_Vsh,5-15,1.110810277910047,2,MAP_PMU,41,1.538528440891973e-05,1.110825663194456
5,UPFC_tse,5-15,-2.098157386051821,2,WLS,41,0.00010011288379008221,-2.098257498935611
5,UPFC_tse,5-15,-2.096498705934241,2,MAP_SCADA,41,0.0017587930013700515,-2.098257498935611
5,UPFC_tse,5-15,-2.0981551206052784,2,MAP_PMU,41,0.00010237833033244215,-2.098257498935611
3,UPFC_tsh,5-15,-0.2327374065805168,2,WLS,41,7.205926479486591e-06,-0.2327446125069963
3,UPFC_tsh,5-15,-0.2322619986911179,2,MAP_SCADA,41,0.0004826138158783855,-0.2327446125069963
3,UPFC_tsh,5-15,-0.2327373088341338,2,MAP_PMU,41,7.3036728625019975e-06,-0.2327446125069963
0,x_tcsc,1-14,-0.1552819555078031,3,WLS,41,2.077494499619359e-05,-0.1553027304527993
0,x_tcsc,1-14,-0.1556611265370181,3,MAP_SCADA,41,0.0003583960842188094,-0.1553027304527993
0,x_tcsc,1-14,-0.1552759386484645,3,MAP_PMU,41,2.6791804334791447e-05,-0.1553027304527993
1,B_svc,2,0.4730528072668369,3,WLS,41,1.7945861031598564e-05,0.4730348614058053
1,B_svc,2,0.4573828339866937,3,MAP_SCADA,41,0.01565202741911159,0.4730348614058053
1,B_svc,2,0.4730252843751649,3,MAP_PMU,41,9.577030640417483e-06,0.4730348614058053
4,UPFC_Vse,5-15,0.0549574498490383,3,WLS,41,0.00029467248702340354,0.0546627773620149
4,UPFC_Vse,5-15,0.0545741302195165,3,MAP_SCADA,41,8.864714249839922e-05,0.0546627773620149
4,UPFC_Vse,5-15,0.0549554492340061,3,MAP_PMU,41,0.00029267187199120276,0.0546627773620149
2,UPFC_Vsh,5-15,1.1114932246767673,3,WLS,41,0.0006675614823112852,1.110825663194456
2,UPFC_Vsh,5-15,1.114338337383613,3,MAP_SCADA,41,0.003512674189157128,1.110825663194456
2,UPFC_Vsh,5-15,1.11149427568485,3,MAP_PMU,41,0.0006686124903940716,1.110825663194456
5,UPFC_tse,5-15,-2.1014339730774987,3,WLS,41,0.0031764741418878195,-2.098257498935611
5,UPFC_tse,5-15,-2.096462536434822,3,MAP_SCADA,41,0.0017949625007886993,-2.098257498935611
5,UPFC_tse,5-15,-2.1014527013254005,3,MAP_PMU,41,0.003195202389789653,-2.098257498935611
3,UPFC_tsh,5-15,-0.2327581914349064,3,WLS,41,1.3578927910096183e-05,-0.2327446125069963
3,UPFC_tsh,5-15,-0.2309826968418172,3,MAP_SCADA,41,0.001761915665179109,-0.2327446125069963
3,UPFC_tsh,5-15,-0.2327578698339836,3,MAP_PMU,41,1.3257326987314855e-05,-0.2327446125069963
0,x_tcsc,1-14,-0.1553055567203518,4,WLS,41,2.8262675524914904e-06,-0.1553027304527993
0,x_tcsc,1-14,-0.1550909292439212,4,MAP_SCADA,41,0.00021180120887809295,-0.1553027304527993
0,x_tcsc,1-14,-0.1553058923517394,4,MAP_PMU,41,3.1618989400905573e-06,-0.1553027304527993
1,B_svc,2,0.4733170640708175,4,WLS,41,0.0002822026650121656,0.4730348614058053
1,B_svc,2,0.4701608987813483,4,MAP_SCADA,41,0.002873962624456994,0.4730348614058053
1,B_svc,2,0.4733194077159776,4,MAP_PMU,41,0.0002845463101722734,0.4730348614058053
4,UPFC_Vse,5-15,0.0550407761606357,4,WLS,41,0.0003779987986207989,0.0546627773620149
4,UPFC_Vse,5-15,0.0553781376606521,4,MAP_SCADA,41,0.0007153602986372035,0.0546627773620149
4,UPFC_Vse,5-15,0.055040853441497,4,MAP_PMU,41,0.0003780760794820995,0.0546627773620149
2,UPFC_Vsh,5-15,1.1111209552345147,4,WLS,41,0.00029529204005873666,1.110825663194456
2,UPFC_Vsh,5-15,1.1102891671427044,4,MAP_SCADA,41,0.0005364960517515449,1.110825663194456
2,UPFC_Vsh,5-15,1.1111214727620315,4,MAP_PMU,41,0.00029580956757557786,1.110825663194456
5,UPFC_tse,5-15,-2.097805729706604,4,WLS,41,0.00045176922900669325,-2.098257498935611
5,UPFC_tse,5-15,-2.0987166470387293,4,MAP_SCADA,41,0.000459148103118423,-2.098257498935611
5,UPFC_tse,5-15,-2.0978086380812755,4,MAP_PMU,41,0.0004488608543353756,-2.098257498935611
3,UPFC_tsh,5-15,-0.2327433783367334,4,WLS,41,1.2341702629037332e-06,-0.2327446125069963
3,UPFC_tsh,5-15,-0.2332377355911988,4,MAP_SCADA,41,0.000493123084202518,-0.2327446125069963
3,UPFC_tsh,5-15,-0.2327433722228334,4,MAP_PMU,41,1.2402841629011174e-06,-0.2327446125069963
0,x_tcsc,1-14,-0.1552862773694587,5,WLS,41,1.6453083340611796e-05,-0.1553027304527993
0,x_tcsc,1-14,-0.1559556818058403,5,MAP_SCADA,41,0.000652951353040998,-0.1553027304527993
0,x_tcsc,1-14,-0.1552806212771343,5,MAP_PMU,41,2.21091756650027e-05,-0.1553027304527993
1,B_svc,2,0.4732743009854003,5,WLS,41,0.00023943957959499107,0.4730348614058053
1,B_svc,2,0.4615353750014238,5,MAP_SCADA,41,0.011499486404381531,0.4730348614058053
1,B_svc,2,0.473267617343883,5,MAP_PMU,41,0.0002327559380777,0.4730348614058053
4,UPFC_Vse,5-15,0.0546490098413748,5,WLS,41,1.376752064009834e-05,0.0546627773620149
4,UPFC_Vse,5-15,0.0545602489493132,5,MAP_SCADA,41,0.00010252841270169677,0.0546627773620149
4,UPFC_Vse,5-15,0.0546482509846536,5,MAP_PMU,41,1.4526377361302745e-05,0.0546627773620149
2,UPFC_Vsh,5-15,1.1109046875450574,5,WLS,41,7.902435060147539e-05,1.110825663194456
2,UPFC_Vsh,5-15,1.1115793564576082,5,MAP_SCADA,41,0.000753693263152222,1.110825663194456
2,UPFC_Vsh,5-15,1.110906013675311,5,MAP_PMU,41,8.035048085508478e-05,1.110825663194456
5,UPFC_tse,5-15,-2.0992670668716205,5,WLS,41,0.0010095679360095922,-2.098257498935611
5,UPFC_tse,5-15,-2.096598908826428,5,MAP_SCADA,41,0.0016585901091827893,-2.098257498935611
5,UPFC_tse,5-15,-2.0992691670767574,5,MAP_PMU,41,0.0010116681411465045,-2.098257498935611
3,UPFC_tsh,5-15,-0.2327570023430167,5,WLS,41,1.2389836020393341e-05,-0.2327446125069963
3,UPFC_tsh,5-15,-0.2320082693991724,5,MAP_SCADA,41,0.0007363431078238891,-0.2327446125069963
3,UPFC_tsh,5-15,-0.2327567012957714,5,MAP_PMU,41,1.2088788775094228e-05,-0.2327446125069963
0,x_tcsc,1-14,-0.1552969001119241,6,WLS,41,5.830340875201401e-06,-0.1553027304527993
0,x_tcsc,1-14,-0.154285651549894,6,MAP_SCADA,41,0.0010170789029053107,-0.1553027304527993
0,x_tcsc,1-14,-0.1553050791737246,6,MAP_PMU,41,2.3487209253048036e-06,-0.1553027304527993
1,B_svc,2,0.472994822552526,6,WLS,41,4.003885327930057e-05,0.4730348614058053
1,B_svc,2,0.4667919889623746,6,MAP_SCADA,41,0.0062428724434306915,0.4730348614058053
1,B_svc,2,0.4729890207817649,6,MAP_PMU,41,4.584062404039413e-05,0.4730348614058053
4,UPFC_Vse,5-15,0.0546339928819418,6,WLS,41,2.8784480073103247e-05,0.0546627773620149
4,UPFC_Vse,5-15,0.0546368575602763,6,MAP_SCADA,41,2.591980173859837e-05,0.0546627773620149
4,UPFC_Vse,5-15,0.0546335298403171,6,MAP_PMU,41,2.924752169779915e-05,0.0546627773620149
2,UPFC_Vsh,5-15,1.1111511382771988,6,WLS,41,0.0003254750827428321,1.110825663194456
2,UPFC_Vsh,5-15,1.1127047894322617,6,MAP_SCADA,41,0.0018791262378057283,1.110825663194456
2,UPFC_Vsh,5-15,1.1111482908916557,6,MAP_PMU,41,0.00032262769719970663,1.110825663194456
5,UPFC_tse,5-15,-2.101090109594792,6,WLS,41,0.0028326106591811673,-2.098257498935611
5,UPFC_tse,5-15,-2.097793283697018,6,MAP_SCADA,41,0.0004642152385927467,-2.098257498935611
5,UPFC_tse,5-15,-2.1010924375012348,6,MAP_PMU,41,0.00283493856562389,-2.098257498935611
3,UPFC_tsh,5-15,-0.2326962605697464,6,WLS,41,4.835193724989084e-05,-0.2327446125069963
3,UPFC_tsh,5-15,-0.2331385786067991,6,MAP_SCADA,41,0.0003939660998028005,-0.2327446125069963
3,UPFC_tsh,5-15,-0.2326965146883772,6,MAP_PMU,41,4.809781861908613e-05,-0.2327446125069963
0,x_tcsc,1-14,-0.155288853726055,7,WLS,41,1.3876726744299628e-05,-0.1553027304527993
0,x_tcsc,1-14,-0.1538507206025142,7,MAP_SCADA,41,0.0014520098502850964,-0.1553027304527993
0,x_tcsc,1-14,-0.1553153882289709,7,MAP_PMU,41,1.2657776171598467e-05,-0.1553027304527993
1,B_svc,2,0.4729778486959186,7,WLS,41,5.701270988672791e-05,0.4730348614058053
1,B_svc,2,0.4574778902719384,7,MAP_SCADA,41,0.015556971133866893,0.4730348614058053
1,B_svc,2,0.4729538393764142,7,MAP_PMU,41,8.102202939108683e-05,0.4730348614058053
4,UPFC_Vse,5-15,0.0551852321578134,7,WLS,41,0.0005224547957985021,0.0546627773620149
4,UPFC_Vse,5-15,0.0553480307531179,7,MAP_SCADA,41,0.0006852533911030009,0.0546627773620149
4,UPFC_Vse,5-15,0.0551852025713308,7,MAP_PMU,41,0.0005224252093158979,0.0546627773620149
2,UPFC_Vsh,5-15,1.111067836239089,7,WLS,41,0.00024217304463292066,1.110825663194456
2,UPFC_Vsh,5-15,1.1132311111641209,7,MAP_SCADA,41,0.002405447969664909,1.110825663194456
2,UPFC_Vsh,5-15,1.1110658995097071,7,MAP_PMU,41,0.0002402363152511633,1.110825663194456
5,UPFC_tse,5-15,-2.100632726178291,7,WLS,41,0.0023752272426800225,-2.098257498935611
5,UPFC_tse,5-15,-2.099134201328418,7,MAP_SCADA,41,0.0008767023928073492,-2.098257498935611
5,UPFC_tse,5-15,-2.100625170855696,7,MAP_PMU,41,0.002367671920084913,-2.098257498935611
3,UPFC_tsh,5-15,-0.2327587550029544,7,WLS,41,1.4142495958102685e-05,-0.2327446125069963
3,UPFC_tsh,5-15,-0.2328764806224023,7,MAP_SCADA,41,0.00013186811540599752,-0.2327446125069963
3,UPFC_tsh,5-15,-0.2327590978799905,7,MAP_PMU,41,1.4485372994199608e-05,-0.2327446125069963
0,x_tcsc,1-14,-0.1552974584576754,8,WLS,41,5.271995123901085e-06,-0.1553027304527993
0,x_tcsc,1-14,-0.1542986818918144,8,MAP_SCADA,41,0.0010040485609849048,-0.1553027304527993
0,x_tcsc,1-14,-0.1553030466034359,8,MAP_PMU,41,3.161506366144984e-07,-0.1553027304527993
1,B_svc,2,0.472615094361947,8,WLS,41,0.0004197670438583212,0.4730348614058053
1,B_svc,2,0.4684439903946154,8,MAP_SCADA,41,0.004590871011189934,0.4730348614058053
1,B_svc,2,0.472632922564946,8,MAP_PMU,41,0.0004019388408593172,0.4730348614058053
4,UPFC_Vse,5-15,0.0545673244754262,8,WLS,41,9.54528865887011e-05,0.0546627773620149
4,UPFC_Vse,5-15,0.0546113657831081,8,MAP_SCADA,41,5.1411578906798705e-05,0.0546627773620149
4,UPFC_Vse,5-15,0.0545671388514601,8,MAP_PMU,41,9.563851055480188e-05,0.0546627773620149
2,UPFC_Vsh,5-15,1.1107070269144523,8,WLS,41,0.00011863628000363668,1.110825663194456
2,UPFC_Vsh,5-15,1.1083594368083318,8,MAP_SCADA,41,0.0024662263861241485,1.110825663194456
2,UPFC_Vsh,5-15,1.1107052183187387,8,MAP_PMU,41,0.0001204448757172738,1.110825663194456
5,UPFC_tse,5-15,-2.0997215519986856,8,WLS,41,0.0014640530630747328,-2.098257498935611
5,UPFC_tse,5-15,-2.1021588530142,8,MAP_SCADA,41,0.0039013540785890477,-2.098257498935611
5,UPFC_tse,5-15,-2.0997254620391725,8,MAP_PMU,41,0.0014679631035616758,-2.098257498935611
3,UPFC_tsh,5-15,-0.2327443596180673,8,WLS,41,2.5288892899211213e-07,-0.2327446125069963
3,UPFC_tsh,5-15,-0.2345607245766876,8,MAP_SCADA,41,0.0018161120696913169,-0.2327446125069963
3,UPFC_tsh,5-15,-0.2327447826812031,8,MAP_PMU,41,1.7017420680942585e-07,-0.2327446125069963
0,x_tcsc,1-14,-0.1552816848715308,9,WLS,41,2.1045581268502866e-05,-0.1553027304527993
0,x_tcsc,1-14,-0.154519894498489,9,MAP_SCADA,41,0.000782835954310307,-0.1553027304527993
0,x_tcsc,1-14,-0.1552852679300957,9,MAP_PMU,41,1.7462522703598493e-05,-0.1553027304527993
1,B_svc,2,0.4728638821569343,9,WLS,41,0.00017097924887099492,0.4730348614058053
1,B_svc,2,0.4662146416727125,9,MAP_SCADA,41,0.006820219733092825,0.4730348614058053
1,B_svc,2,0.4728782497885621,9,MAP_PMU,41,0.0001566116172432297,0.4730348614058053
4,UPFC_Vse,5-15,0.0549042883068178,9,WLS,41,0.00024151094480290292,0.0546627773620149
4,UPFC_Vse,5-15,0.0548439844175026,9,MAP_SCADA,41,0.00018120705548770044,0.0546627773620149
4,UPFC_Vse,5-15,0.0549049539656245,9,MAP_PMU,41,0.00024217660360960347,0.0546627773620149
2,UPFC_Vsh,5-15,1.1112402742507206,9,WLS,41,0.00041461105626461325,1.110825663194456
2,UPFC_Vsh,5-15,1.1098736574487926,9,MAP_SCADA,41,0.0009520057456633424,1.110825663194456
2,UPFC_Vsh,5-15,1.1112386474553375,9,MAP_PMU,41,0.0004129842608815437,1.110825663194456
5,UPFC_tse,5-15,-2.096903228368552,9,WLS,41,0.0013542705670590571,-2.098257498935611
5,UPFC_tse,5-15,-2.0982522157628223,9,MAP_SCADA,41,5.283172788583812e-06,-2.098257498935611
5,UPFC_tse,5-15,-2.0969007634365444,9,MAP_PMU,41,0.0013567354990664526,-2.098257498935611
3,UPFC_tsh,5-15,-0.2327238542761376,9,WLS,41,2.0758230858702875e-05,-0.2327446125069963
3,UPFC_tsh,5-15,-0.2339621019398127,9,MAP_SCADA,41,0.0012174894328164099,-0.2327446125069963
3,UPFC_tsh,5-15,-0.2327242775848967,9,MAP_PMU,41,2.033492209960186e-05,-0.2327446125069963
0,x_tcsc,1-14,-0.1546158710642792,0,WLS,42,2.400819441270019e-05,-0.1546398792586919
0,x_tcsc,1-14,-0.1552551668162382,0,MAP_SCADA,42,0.0006152875575462791,-0.1546398792586919
0,x_tcsc,1-14,-0.154618244265792,0,MAP_PMU,42,2.1634992899921546e-05,-0.1546398792586919
1,B_svc,2,0.4648888442257837,0,WLS,42,0.00032653774317248363,0.4652153819689562
1,B_svc,2,0.4681300993122599,0,MAP_SCADA,42,0.00291471734330373,0.4652153819689562
1,B_svc,2,0.4648835464246783,0,MAP_PMU,42,0.00033183554427790307,0.4652153819689562
4,UPFC_Vse,5-15,0.0548801533436235,0,WLS,42,8.050295303069915e-05,0.0547996503905928
4,UPFC_Vse,5-15,0.0549227545807145,0,MAP_SCADA,42,0.00012310419012170198,0.0547996503905928
4,UPFC_Vse,5-15,0.0548796629007034,0,MAP_PMU,42,8.00125101106039e-05,0.0547996503905928
2,UPFC_Vsh,5-15,1.110943514674339,0,WLS,42,0.00011504839472431527,1.1110585630690633
2,UPFC_Vsh,5-15,1.109219806879187,0,MAP_SCADA,42,0.0018387561898762783,1.1110585630690633
2,UPFC_Vsh,5-15,1.110943882383232,0,MAP_PMU,42,0.00011468068583120328,1.1110585630690633
5,UPFC_tse,5-15,-2.0996605176807783,0,WLS,42,0.0015575935170257793,-2.0981029241637525
5,UPFC_tse,5-15,-2.098640903283867,0,MAP_SCADA,42,0.0005379791201143291,-2.0981029241637525
5,UPFC_tse,5-15,-2.099658774233106,0,MAP_PMU,42,0.0015558500693533261,-2.0981029241637525
3,UPFC_tsh,5-15,-0.2330553436609342,0,WLS,42,1.8616475379706898e-05,-0.2330739601363139
3,UPFC_tsh,5-15,-0.2330218017790698,0,MAP_SCADA,42,5.215835724409201e-05,-0.2330739601363139
3,UPFC_tsh,5-15,-0.233055332321223,0,MAP_PMU,42,1.862781509090472e-05,-0.2330739601363139
0,x_tcsc,1-14,-0.1546587811480999,1,WLS,42,1.8901889407979544e-05,-0.1546398792586919
0,x_tcsc,1-14,-0.1550033830785958,1,MAP_SCADA,42,0.00036350381990388203,-0.1546398792586919
0,x_tcsc,1-14,-0.1546577473529262,1,MAP_PMU,42,1.7868094234291254e-05,-0.1546398792586919
1,B_svc,2,0.4655709467225437,1,WLS,42,0.0003555647535875006,0.4652153819689562
1,B_svc,2,0.4615185256559382,1,MAP_SCADA,42,0.003696856313017971,0.4652153819689562
1,B_svc,2,0.4655693116384751,1,MAP_PMU,42,0.00035392966951891536,0.4652153819689562
4,UPFC_Vse,5-15,0.0552457666471311,1,WLS,42,0.0004461162565383009,0.0547996503905928
4,UPFC_Vse,5-15,0.0551318022512095,1,MAP_SCADA,42,0.0003321518606166987,0.0547996503905928
4,UPFC_Vse,5-15,0.0552455208679094,1,MAP_PMU,42,0.0004458704773166039,0.0547996503905928
2,UPFC_Vsh,5-15,1.110789797214977,1,WLS,42,0.0002687658540863058,1.1110585630690633
2,UPFC_Vsh,5-15,1.111288466604513,1,MAP_SCADA,42,0.0002299035354498269,1.1110585630690633
2,UPFC_Vsh,5-15,1.1107905828299185,1,MAP_PMU,42,0.00026798023914476055,1.1110585630690633
5,UPFC_tse,5-15,-2.0964522501270477,1,WLS,42,0.0016506740367048245,-2.0981029241637525
5,UPFC_tse,5-15,-2.094762586398,1,MAP_SCADA,42,0.003340337765752377,-2.0981029241637525
5,UPFC_tse,5-15,-2.096453650917344,1,MAP_PMU,42,0.0016492732464086224,-2.0981029241637525
3,UPFC_tsh,5-15,-0.2330782356042521,1,WLS,42,4.275467938186228e-06,-0.2330739601363139
3,UPFC_tsh,5-15,-0.2322641810080754,1,MAP_SCADA,42,0.0008097791282385136,-0.2330739601363139
3,UPFC_tsh,5-15,-0.2330781381333987,1,MAP_PMU,42,4.177997084797713e-06,-0.2330739601363139
0,x_tcsc,1-14,-0.1546356893739976,2,WLS,42,4.18988469430559e-06,-0.1546398792586919
0,x_tcsc,1-14,-0.155410840079784,2,MAP_SCADA,42,0.0007709608210920982,-0.1546398792586919
0,x_tcsc,1-14,-0.1546386500791071,2,MAP_PMU,42,1.2291795848107245e-06,-0.1546398792586919
1,B_svc,2,0.4651460216423541,2,WLS,42,6.936032660209701e-05,0.4652153819689562
1,B_svc,2,0.4657500130065091,2,MAP_SCADA,42,0.0005346310375529129,0.4652153819689562
1,B_svc,2,0.4651467092638233,2,MAP_PMU,42,6.867270513288837e-05,0.4652153819689562
4,UPFC_Vse,5-15,0.0545649689462013,2,WLS,42,0.0002346814443914963,0.0547996503905928
4,UPFC_Vse,5-15,0.0545301163713877,2,MAP_SCADA,42,0.0002695340192050977,0.0547996503905928
4,UPFC_Vse,5-15,0.0545652358362091,2,MAP_PMU,42,0.0002344145543837009,0.0547996503905928
2,UPFC_Vsh,5-15,1.1108364435120812,2,WLS,42,0.00022211955698203667,1.1110585630690633
2,UPFC_Vsh,5-15,1.1118352177443702,2,MAP_SCADA,42,0.0007766546753069647,1.1110585630690633
2,UPFC_Vsh,5-15,1.110835187719163,2,MAP_PMU,42,0.00022337534990035657,1.1110585630690633
5,UPFC_tse,5-15,-2.0976817184925025,2,WLS,42,0.0004212056712500356,-2.0981029241637525
5,UPFC_tse,5-15,-2.096498705934241,2,MAP_SCADA,42,0.0016042182295117335,-2.0981029241637525
5,UPFC_tse,5-15,-2.0976814732181635,2,MAP_PMU,42,0.0004214509455890969,-2.0981029241637525
3,UPFC_tsh,5-15,-0.2330767958650796,2,WLS,42,2.8357287656932684e-06,-0.2330739601363139
3,UPFC_tsh,5-15,-0.2322619986911179,2,MAP_SCADA,42,0.0008119614451959911,-0.2330739601363139
3,UPFC_tsh,5-15,-0.2330768936856109,2,MAP_PMU,42,2.9335492970072874e-06,-0.2330739601363139
0,x_tcsc,1-14,-0.1546281625831917,3,WLS,42,1.1716675500206275e-05,-0.1546398792586919
0,x_tcsc,1-14,-0.1556611265370181,3,MAP_SCADA,42,0.0010212472783261983,-0.1546398792586919
0,x_tcsc,1-14,-0.1546220053595539,3,MAP_PMU,42,1.7873899138015625e-05,-0.1546398792586919
1,B_svc,2,0.4652066192050447,3,WLS,42,8.762763911485116e-06,0.4652153819689562
1,B_svc,2,0.4573828339866937,3,MAP_SCADA,42,0.007832547982262461,0.4652153819689562
1,B_svc,2,0.4651951930449663,3,MAP_PMU,42,2.0188923989861163e-05,0.4652153819689562
4,UPFC_Vse,5-15,0.0549811948679386,3,WLS,42,0.00018154447734580054,0.0547996503905928
4,UPFC_Vse,5-15,0.0545741302195165,3,MAP_SCADA,42,0.00022552017107629885,0.0547996503905928
4,UPFC_Vse,5-15,0.0549803916988,3,MAP_PMU,42,0.00018074130820720097,0.0547996503905928
2,UPFC_Vsh,5-15,1.1115201813535045,3,WLS,42,0.0004616182844412453,1.1110585630690633
2,UPFC_Vsh,5-15,1.114338337383613,3,MAP_SCADA,42,0.0032797743145498437,1.1110585630690633
2,UPFC_Vsh,5-15,1.1115195245300098,3,MAP_PMU,42,0.00046096146094654067,1.1110585630690633
5,UPFC_tse,5-15,-2.1009667723314056,3,WLS,42,0.0028638481676530603,-2.0981029241637525
5,UPFC_tse,5-15,-2.096462536434822,3,MAP_SCADA,42,0.0016403877289303814,-2.0981029241637525
5,UPFC_tse,5-15,-2.100982740602125,3,MAP_PMU,42,0.00287981643837254,-2.0981029241637525
3,UPFC_tsh,5-15,-0.2330976924509508,3,WLS,42,2.37323146368984e-05,-0.2330739601363139
3,UPFC_tsh,5-15,-0.2309826968418172,3,MAP_SCADA,42,0.0020912632944967147,-0.2330739601363139
3,UPFC_tsh,5-15,-0.2330976901687287,3,MAP_PMU,42,2.3730032414792657e-05,-0.2330739601363139
0,x_tcsc,1-14,-0.1546515366681826,4,WLS,42,1.1657409490689608e-05,-0.1546398792586919
0,x_tcsc,1-14,-0.1550909292439212,4,MAP_SCADA,42,0.00045104998522929596,-0.1546398792586919
0,x_tcsc,1-14,-0.1546538100776031,4,MAP_PMU,42,1.3930818911184195e-05,-0.1546398792586919
1,B_svc,2,0.4654668763047525,4,WLS,42,0.00025149433579629843,0.4652153819689562
1,B_svc,2,0.4701608987813483,4,MAP_SCADA,42,0.004945516812392137,0.4652153819689562
1,B_svc,2,0.4654644185198929,4,MAP_PMU,42,0.00024903655093672095,0.4652153819689562
4,UPFC_Vse,5-15,0.0550650813152148,4,WLS,42,0.000265430924622001,0.0547996503905928
4,UPFC_Vse,5-15,0.0553781376606521,4,MAP_SCADA,42,0.0005784872700593038,0.0547996503905928
4,UPFC_Vse,5-15,0.0550652598659134,4,MAP_PMU,42,0.0002656094753206023,0.0547996503905928
2,UPFC_Vsh,5-15,1.111147076710208,4,WLS,42,8.851364114481619e-05,1.1110585630690633
2,UPFC_Vsh,5-15,1.1102891671427044,4,MAP_SCADA,42,0.000769395926358829,1.1110585630690633
2,UPFC_Vsh,5-15,1.1111469622271315,4,MAP_PMU,42,8.839915806824195e-05,1.1110585630690633
5,UPFC_tse,5-15,-2.0973351521637644,4,WLS,42,0.0007677719999881205,-2.0981029241637525
5,UPFC_tse,5-15,-2.0987166470387293,4,MAP_SCADA,42,0.0006137228749767409,-2.0981029241637525
5,UPFC_tse,5-15,-2.097342640150059,4,MAP_PMU,42,0.0007602840136935463,-2.0981029241637525
3,UPFC_tsh,5-15,-0.2330828238768258,4,WLS,42,8.863740511899643e-06,-0.2330739601363139
3,UPFC_tsh,5-15,-0.2332377355911988,4,MAP_SCADA,42,0.0001637754548849124,-0.2330739601363139
3,UPFC_tsh,5-15,-0.2330828499502785,4,MAP_PMU,42,8.889813964602089e-06,-0.2330739601363139
0,x_tcsc,1-14,-0.1546323769536347,5,WLS,42,7.502305057222047e-06,-0.1546398792586919
0,x_tcsc,1-14,-0.1559556818058403,5,MAP_SCADA,42,0.001315802547148387,-0.1546398792586919
0,x_tcsc,1-14,-0.1546310350244532,5,MAP_PMU,42,8.844234238719606e-06,-0.1546398792586919
1,B_svc,2,0.4654221744580186,5,WLS,42,0.00020679248906241288,0.4652153819689562
1,B_svc,2,0.4615353750014238,5,MAP_SCADA,42,0.003680006967532401,0.4652153819689562
1,B_svc,2,0.465422305297172,5,MAP_PMU,42,0.00020692332821581338,0.4652153819689562
4,UPFC_Vse,5-15,0.054673110695607,5,WLS,42,0.00012653969498579998,0.0547996503905928
4,UPFC_Vse,5-15,0.0545602489493132,5,MAP_SCADA,42,0.0002394014412795964,0.0547996503905928
4,UPFC_Vse,5-15,0.0546733049382371,5,MAP_PMU,42,0.00012634545235570144,0.0547996503905928
2,UPFC_Vsh,5-15,1.1109314281005844,5,WLS,42,0.00012713496847882588,1.1110585630690633
2,UPFC_Vsh,5-15,1.1115793564576082,5,MAP_SCADA,42,0.0005207933885449378,1.1110585630690633
2,UPFC_Vsh,5-15,1.1109305449623257,5,MAP_PMU,42,0.00012801810673757075,1.1110585630690633
5,UPFC_tse,5-15,-2.0987912582660067,5,WLS,42,0.0006883341022541067,-2.0981029241637525
5,UPFC_tse,5-15,-2.096598908826428,5,MAP_SCADA,42,0.0015040153373244713,-2.0981029241637525
5,UPFC_tse,5-15,-2.098793106577704,5,MAP_PMU,42,0.0006901824139515789,-2.0981029241637525
3,UPFC_tsh,5-15,-0.2330963830520812,5,WLS,42,2.2422915767289497e-05,-0.2330739601363139
3,UPFC_tsh,5-15,-0.2320082693991724,5,MAP_SCADA,42,0.0010656907371414948,-0.2330739601363139
3,UPFC_tsh,5-15,-0.2330964983327135,5,MAP_PMU,42,2.2538196399607413e-05,-0.2330739601363139
0,x_tcsc,1-14,-0.1546428332664599,6,WLS,42,2.95400776798016e-06,-0.1546398792586919
0,x_tcsc,1-14,-0.154285651549894,6,MAP_SCADA,42,0.00035422770879792176,-0.1546398792586919
0,x_tcsc,1-14,-0.1546431991421502,6,MAP_PMU,42,3.3198834582803816e-06,-0.1546398792586919
1,B_svc,2,0.4651471368989154,6,WLS,42,6.824507004077329e-05,0.4652153819689562
1,B_svc,2,0.4667919889623746,6,MAP_SCADA,42,0.001576606993418439,0.4652153819689562
1,B_svc,2,0.4651482032426777,6,MAP_PMU,42,6.717872627848287e-05,0.4652153819689562
4,UPFC_Vse,5-15,0.0546578823998491,6,WLS,42,0.0001417679907436964,0.0547996503905928
4,UPFC_Vse,5-15,0.0546368575602763,6,MAP_SCADA,42,0.000162792830316498,0.0547996503905928
4,UPFC_Vse,5-15,0.0546571602703553,6,MAP_PMU,42,0.00014249012023750257,0.0547996503905928
2,UPFC_Vsh,5-15,1.1111776541870753,6,WLS,42,0.00011909111801200467,1.1110585630690633
2,UPFC_Vsh,5-15,1.1127047894322617,6,MAP_SCADA,42,0.0016462263631984442,1.1110585630690633
2,UPFC_Vsh,5-15,1.111177142484974,6,MAP_PMU,42,0.0001185794159106468,1.1110585630690633
5,UPFC_tse,5-15,-2.1006159351162927,6,WLS,42,0.0025130109525401956,-2.0981029241637525
5,UPFC_tse,5-15,-2.097793283697018,6,MAP_SCADA,42,0.0003096404667344288,-2.0981029241637525
5,UPFC_tse,5-15,-2.1006185773967565,6,MAP_PMU,42,0.002515653233003956,-2.0981029241637525
3,UPFC_tsh,5-15,-0.2330355948577981,6,WLS,42,3.836527851580618e-05,-0.2330739601363139
3,UPFC_tsh,5-15,-0.2331385786067991,6,MAP_SCADA,42,6.461847048519487e-05,-0.2330739601363139
3,UPFC_tsh,5-15,-0.2330356117615308,6,MAP_PMU,42,3.8348374783114814e-05,-0.2330739601363139
0,x_tcsc,1-14,-0.1546348813491414,7,WLS,42,4.9979095504970594e-06,-0.1546398792586919
0,x_tcsc,1-14,-0.1538507206025142,7,MAP_SCADA,42,0.0007891586561777075,-0.1546398792586919
0,x_tcsc,1-14,-0.1546432497853183,7,MAP_PMU,42,3.3705266263839295e-06,-0.1546398792586919
1,B_svc,2,0.4651269190993169,7,WLS,42,8.846286963926087e-05,0.4652153819689562
1,B_svc,2,0.4574778902719384,7,MAP_SCADA,42,0.007737491697017762,0.4652153819689562
1,B_svc,2,0.4651075644565545,7,MAP_PMU,42,0.00010781751240168669,0.4652153819689562
4,UPFC_Vse,5-15,0.0552086674002862,7,WLS,42,0.00040901700969340343,0.0547996503905928
4,UPFC_Vse,5-15,0.0553480307531179,7,MAP_SCADA,42,0.0005483803625251013,0.0547996503905928
4,UPFC_Vse,5-15,0.0552077031425949,7,MAP_PMU,42,0.0004080527520020985,0.0547996503905928
2,UPFC_Vsh,5-15,1.1110953437131603,7,WLS,42,3.6780644097067494e-05,1.1110585630690633
2,UPFC_Vsh,5-15,1.1132311111641209,7,MAP_SCADA,42,0.002172548095057625,1.1110585630690633
2,UPFC_Vsh,5-15,1.1110964340433902,7,MAP_PMU,42,3.787097432694786e-05,1.1110585630690633
5,UPFC_tse,5-15,-2.100171861281844,7,WLS,42,0.0020689371180915295,-2.0981029241637525
5,UPFC_tse,5-15,-2.099134201328418,7,MAP_SCADA,42,0.001031277164665667,-2.0981029241637525
5,UPFC_tse,5-15,-2.100168397096952,7,MAP_PMU,42,0.0020654729331992527,-2.0981029241637525
3,UPFC_tsh,5-15,-0.2330980436387747,7,WLS,42,2.4083502460803263e-05,-0.2330739601363139
3,UPFC_tsh,5-15,-0.2328764806224023,7,MAP_SCADA,42,0.00019747951391160812,-0.2330739601363139
3,UPFC_tsh,5-15,-0.2330979057693182,7,MAP_PMU,42,2.3945633004285316e-05,-0.2330739601363139
0,x_tcsc,1-14,-0.1546437297497856,8,WLS,42,3.850491093693176e-06,-0.1546398792586919
0,x_tcsc,1-14,-0.1542986818918144,8,MAP_SCADA,42,0.0003411973668775159,-0.1546398792586919
0,x_tcsc,1-14,-0.1546428429609075,8,MAP_PMU,42,2.9637022155859505e-06,-0.1546398792586919
1,B_svc,2,0.4647683057258316,8,WLS,42,0.00044707624312456673,0.4652153819689562
1,B_svc,2,0.4684439903946154,8,MAP_SCADA,42,0.0032286084256591963,0.4652153819689562
1,B_svc,2,0.4647647677948018,8,MAP_PMU,42,0.00045061417415437344,0.4652153819689562
4,UPFC_Vse,5-15,0.054591540355825,8,WLS,42,0.00020811003476779721,0.0547996503905928
4,UPFC_Vse,5-15,0.0546113657831081,8,MAP_SCADA,42,0.00018828460748469833,0.0547996503905928
4,UPFC_Vse,5-15,0.0545904693123522,8,MAP_PMU,42,0.00020918107824059728,0.0547996503905928
2,UPFC_Vsh,5-15,1.110733537641175,8,WLS,42,0.00032502542788814814,1.1110585630690633
2,UPFC_Vsh,5-15,1.1083594368083318,8,MAP_SCADA,42,0.0026991262607314326,1.1110585630690633
2,UPFC_Vsh,5-15,1.1107332894758286,8,MAP_PMU,42,0.0003252735932346429,1.1110585630690633
5,UPFC_tse,5-15,-2.0992461038214523,8,WLS,42,0.0011431796576997222,-2.0981029241637525
5,UPFC_tse,5-15,-2.1021588530142,8,MAP_SCADA,42,0.004055928850447366,-2.0981029241637525
5,UPFC_tse,5-15,-2.0992514125638357,8,MAP_PMU,42,0.0011484884000831919,-2.0981029241637525
3,UPFC_tsh,5-15,-0.2330838867856908,8,WLS,42,9.926649376906793e-06,-0.2330739601363139
3,UPFC_tsh,5-15,-0.2345607245766876,8,MAP_SCADA,42,0.0014867644403737112,-0.2330739601363139
3,UPFC_tsh,5-15,-0.2330838433512282,8,MAP_PMU,42,9.88321491429689e-06,-0.2330739601363139
0,x_tcsc,1-14,-0.1546277469603412,9,WLS,42,1.2132298350703286e-05,-0.1546398792586919
0,x_tcsc,1-14,-0.154519894498489,9,MAP_SCADA,42,0.00011998476020291804,-0.1546398792586919
0,x_tcsc,1-14,-0.1546272456253149,9,MAP_PMU,42,1.263363337700163e-05,-0.1546398792586919
1,B_svc,2,0.4650203927921656,9,WLS,42,0.00019498917679056094,0.4652153819689562
1,B_svc,2,0.4662146416727125,9,MAP_SCADA,42,0.0009992597037563056,0.4652153819689562
1,B_svc,2,0.4650192807323457,9,MAP_PMU,42,0.00019610123661045753,0.4652153819689562
4,UPFC_Vse,5-15,0.0549282360150717,9,WLS,42,0.00012858562447889965,0.0547996503905928
4,UPFC_Vse,5-15,0.0548439844175026,9,MAP_SCADA,42,4.433402690980082e-05,0.0547996503905928
4,UPFC_Vse,5-15,0.0549280852413536,9,MAP_PMU,42,0.0001284348507607988,0.0547996503905928
2,UPFC_Vsh,5-15,1.1112669963711233,9,WLS,42,0.000208433302059996,1.1110585630690633
2,UPFC_Vsh,5-15,1.1098736574487926,9,MAP_SCADA,42,0.0011849056202706265,1.1110585630690633
2,UPFC_Vsh,5-15,1.1112669420165628,9,MAP_PMU,42,0.00020837894749958785,1.1110585630690633
5,UPFC_tse,5-15,-2.096432189797106,9,WLS,42,0.0016707343666464425,-2.0981029241637525
5,UPFC_tse,5-15,-2.0982522157628223,9,MAP_SCADA,42,0.0001492915990697341,-2.0981029241637525
5,UPFC_tse,5-15,-2.096428974782028,9,MAP_PMU,42,0.0016739493817246043,-2.0981029241637525
3,UPFC_tsh,5-15,-0.2330630545980281,9,WLS,42,1.0905538285810312e-05,-0.2330739601363139
3,UPFC_tsh,5-15,-0.2339621019398127,9,MAP_SCADA,42,0.0008881418034988042,-0.2330739601363139
3,UPFC_tsh,5-15,-0.2330630859456286,9,MAP_PMU,42,1.0874190685294938e-05,-0.2330739601363139
0,x_tcsc,1-14,-0.1541177598415286,0,WLS,43,1.975518620492278e-05,-0.1541375150277335
0,x_tcsc,1-14,-0.1552551668162382,0,MAP_SCADA,43,0.0011176517885046755,-0.1541375150277335
0,x_tcsc,1-14,-0.1541278782121248,0,MAP_PMU,43,9.636815608699001e-06,-0.1541375150277335
1,B_svc,2,0.459156310142256,0,WLS,43,0.00031877673538949214,0.4594750868776455
1,B_svc,2,0.4681300993122599,0,MAP_SCADA,43,0.008655012434614417,0.4594750868776455
1,B_svc,2,0.4591512106757878,0,MAP_PMU,43,0.00032387620185769794,0.4594750868776455
4,UPFC_Vse,5-15,0.0549162815414372,0,WLS,43,3.076973444299941e-05,0.0549470512758802
4,UPFC_Vse,5-15,0.0549227545807145,0,MAP_SCADA,43,2.429669516569588e-05,0.0549470512758802
4,UPFC_Vse,5-15,0.0549164616158699,0,MAP_PMU,43,3.058966001029395e-05,0.0549470512758802
2,UPFC_Vsh,5-15,1.110909998900741,0,WLS,43,0.00031924198718447094,1.1112292408879254
2,UPFC_Vsh,5-15,1.109219806879187,0,MAP_SCADA,43,0.002009434008738431,1.1112292408879254
2,UPFC_Vsh,5-15,1.1109091266908515,0,MAP_PMU,43,0.0003201141970738952,1.1112292408879254
5,UPFC_tse,5-15,-2.099603842027811,0,WLS,43,0.0004699675764614497,-2.0991338744513497
5,UPFC_tse,5-15,-2.098640903283867,0,MAP_SCADA,43,0.0004929711674828141,-2.0991338744513497
5,UPFC_tse,5-15,-2.099602085530359,0,MAP_PMU,43,0.0004682110790095173,-2.0991338744513497
3,UPFC_tsh,5-15,-0.2333085648284008,0,WLS,43,1.6498097967221348e-05,-0.233325062926368
3,UPFC_tsh,5-15,-0.2330218017790698,0,MAP_SCADA,43,0.00030326114729820053,-0.233325062926368
3,UPFC_tsh,5-15,-0.2333088969607678,0,MAP_PMU,43,1.616596560022332e-05,-0.233325062926368
0,x_tcsc,1-14,-0.154160583091472,1,WLS,43,2.306806373847392e-05,-0.1541375150277335
0,x_tcsc,1-14,-0.1550033830785958,1,MAP_SCADA,43,0.0008658680508622785,-0.1541375150277335
0,x_tcsc,1-14,-0.1541627640485981,1,MAP_PMU,43,2.5249020864592797e-05,-0.1541375150277335
1,B_svc,2,0.4598307865707781,1,WLS,43,0.000355699693132594,0.4594750868776455
1,B_svc,2,0.4615185256559382,1,MAP_SCADA,43,0.0020434387782927166,0.4594750868776455
1,B_svc,2,0.4598348340953351,1,MAP_PMU,43,0.00035974721768960993,0.4594750868776455
4,UPFC_Vse,5-15,0.0552817425123093,1,WLS,43,0.00033469123642910353,0.0549470512758802
4,UPFC_Vse,5-15,0.0551318022512095,1,MAP_SCADA,43,0.00018475097532930085,0.0549470512758802
4,UPFC_Vse,5-15,0.055282105863197,1,MAP_PMU,43,0.00033505458731680066,0.0549470512758802
2,UPFC_Vsh,5-15,1.110757414565492,1,WLS,43,0.00047182632243347733,1.1112292408879254
2,UPFC_Vsh,5-15,1.111288466604513,1,MAP_SCADA,43,5.922571658767417e-05,1.1112292408879254
2,UPFC_Vsh,5-15,1.1107569831176554,1,MAP_PMU,43,0.0004722577702700459,1.1112292408879254
5,UPFC_tse,5-15,-2.0964000132765093,1,WLS,43,0.002733861174840424,-2.0991338744513497
5,UPFC_tse,5-15,-2.094762586398,1,MAP_SCADA,43,0.00437128805334952,-2.0991338744513497
5,UPFC_tse,5-15,-2.096401245707033,1,MAP_PMU,43,0.0027326287443165675,-2.0991338744513497
3,UPFC_tsh,5-15,-0.2333314190911045,1,WLS,43,6.3561647364873686e-06,-0.233325062926368
3,UPFC_tsh,5-15,-0.2322641810080754,1,MAP_SCADA,43,0.0010608819182926221,-0.233325062926368
3,UPFC_tsh,5-15,-0.2333316207301609,1,MAP_PMU,43,6.557803792883732e-06,-0.233325062926368
0,x_tcsc,1-14,-0.1541376305468228,2,WLS,43,1.1551908929430255e-07,-0.1541375150277335
0,x_tcsc,1-14,-0.155410840079784,2,MAP_SCADA,43,0.0012733250520504946,-0.1541375150277335
0,x_tcsc,1-14,-0.1541492800864313,2,MAP_PMU,43,1.176505869779354e-05,-0.1541375150277335
1,B_svc,2,0.4594142579376021,2,WLS,43,6.0828940043389235e-05,0.4594750868776455
1,B_svc,2,0.4657500130065091,2,MAP_SCADA,43,0.0062749261288636005,0.4594750868776455
1,B_svc,2,0.4594259166962951,2,MAP_PMU,43,4.917018135036644e-05,0.4594750868776455
4,UPFC_Vse,5-15,0.0546011675643622,2,WLS,43,0.0003458837115179955,0.0549470512758802
4,UPFC_Vse,5-15,0.0545301163713877,2,MAP_SCADA,43,0.00041693490449249554,0.0549470512758802
4,UPFC_Vse,5-15,0.0546023946615485,2,MAP_PMU,43,0.00034465661433169537,0.0549470512758802
2,UPFC_Vsh,5-15,1.1108034348276443,2,WLS,43,0.0004258060602810865,1.1112292408879254
2,UPFC_Vsh,5-15,1.1118352177443702,2,MAP_SCADA,43,0.000605976856444812,1.1112292408879254
2,UPFC_Vsh,5-15,1.1108000735965384,2,MAP_PMU,43,0.0004291672913869782,1.1112292408879254
5,UPFC_tse,5-15,-2.097626228274342,2,WLS,43,0.0015076461770076044,-2.0991338744513497
5,UPFC_tse,5-15,-2.096498705934241,2,MAP_SCADA,43,0.002635168517108877,-2.0991338744513497
5,UPFC_tse,5-15,-2.097626397832256,2,MAP_PMU,43,0.0015074766190936728,-2.0991338744513497
3,UPFC_tsh,5-15,-0.2333299949581632,2,WLS,43,4.932031795190639e-06,-0.233325062926368
3,UPFC_tsh,5-15,-0.2322619986911179,2,MAP_SCADA,43,0.0010630642352500996,-0.233325062926368
3,UPFC_tsh,5-15,-0.2333305715321938,2,MAP_PMU,43,5.5086058257936e-06,-0.233325062926368
0,x_tcsc,1-14,-0.1541302287431469,3,WLS,43,7.286284586599523e-06,-0.1541375150277335
0,x_tcsc,1-14,-0.1556611265370181,3,MAP_SCADA,43,0.0015236115092845948,-0.1541375150277335
0,x_tcsc,1-14,-0.1541299756036828,3,MAP_PMU,43,7.5394240507120625e-06,-0.1541375150277335
1,B_svc,2,0.4594739094356273,3,WLS,43,1.1774420181631662e-06,0.4594750868776455
1,B_svc,2,0.4573828339866937,3,MAP_SCADA,43,0.0020922528909517735,0.4594750868776455
1,B_svc,2,0.4594806519750935,3,MAP_PMU,43,5.565097448034795e-06,0.4594750868776455
4,UPFC_Vse,5-15,0.0550170132032371,3,WLS,43,6.996192735689993e-05,0.0549470512758802
4,UPFC_Vse,5-15,0.0545741302195165,3,MAP_SCADA,43,0.0003729210563636967,0.0549470512758802
4,UPFC_Vse,5-15,0.0550175631779548,3,MAP_PMU,43,7.051190207460478e-05,0.0549470512758802
2,UPFC_Vsh,5-15,1.1114873804983252,3,WLS,43,0.00025813961039977684,1.1112292408879254
2,UPFC_Vsh,5-15,1.114338337383613,3,MAP_SCADA,43,0.003109096495687691,1.1112292408879254
2,UPFC_Vsh,5-15,1.1114841447655133,3,MAP_PMU,43,0.00025490387758786426,1.1112292408879254
5,UPFC_tse,5-15,-2.10091434273069,3,WLS,43,0.0017804682793403082,-2.0991338744513497
5,UPFC_tse,5-15,-2.096462536434822,3,MAP_SCADA,43,0.0026713380165275247,-2.0991338744513497
5,UPFC_tse,5-15,-2.100930398876417,3,MAP_PMU,43,0.0017965244250675028,-2.0991338744513497
3,UPFC_tsh,5-15,-0.233350950389561,3,WLS,43,2.5887463192986182e-05,-0.233325062926368
3,UPFC_tsh,5-15,-0.2309826968418172,3,MAP_SCADA,43,0.002342366084550823,-0.233325062926368
3,UPFC_tsh,5-15,-0.2333515544219056,3,MAP_PMU,43,2.649149553760055e-05,-0.233325062926368
0,x_tcsc,1-14,-0.1541534328411881,4,WLS,43,1.591781345458565e-05,-0.1541375150277335
0,x_tcsc,1-14,-0.1550909292439212,4,MAP_SCADA,43,0.0009534142161876924,-0.1541375150277335
0,x_tcsc,1-14,-0.1541632678425457,4,MAP_PMU,43,2.5752814812179947e-05,-0.1541375150277335
1,B_svc,2,0.459731029184635,4,WLS,43,0.0002559423069894984,0.4594750868776455
1,B_svc,2,0.4701608987813483,4,MAP_SCADA,43,0.010685811903702824,0.4594750868776455
1,B_svc,2,0.4597317722905942,4,MAP_PMU,43,0.0002566854129487095,0.4594750868776455
4,UPFC_Vse,5-15,0.0551012408433724,4,WLS,43,0.00015418956749220503,0.0549470512758802
4,UPFC_Vse,5-15,0.0553781376606521,4,MAP_SCADA,43,0.00043108638477190597,0.0549470512758802
4,UPFC_Vse,5-15,0.0551020476437911,4,MAP_PMU,43,0.00015499636791090066,0.0549470512758802
2,UPFC_Vsh,5-15,1.1111141081578286,4,WLS,43,0.0001151327300967786,1.1112292408879254
2,UPFC_Vsh,5-15,1.1102891671427044,4,MAP_SCADA,43,0.0009400737452209817,1.1112292408879254
2,UPFC_Vsh,5-15,1.1111124747484185,4,MAP_PMU,43,0.00011676613950695192,1.1112292408879254
5,UPFC_tse,5-15,-2.097278988501899,4,WLS,43,0.001854885949450491,-2.0991338744513497
5,UPFC_tse,5-15,-2.0987166470387293,4,MAP_SCADA,43,0.0004172274126204023,-2.0991338744513497
5,UPFC_tse,5-15,-2.09728666498273,4,MAP_PMU,43,0.0018472094686194929,-2.0991338744513497
3,UPFC_tsh,5-15,-0.2333360491748515,4,WLS,43,1.0986248483502159e-05,-0.233325062926368
3,UPFC_tsh,5-15,-0.2332377355911988,4,MAP_SCADA,43,8.732733516919611e-05,-0.233325062926368
3,UPFC_tsh,5-15,-0.233336397463715,4,MAP_PMU,43,1.133453734700196e-05,-0.233325062926368
0,x_tcsc,1-14,-0.1541343418881383,5,WLS,43,3.1731395952194763e-06,-0.1541375150277335
0,x_tcsc,1-14,-0.1559556818058403,5,MAP_SCADA,43,0.0018181667781067834,-0.1541375150277335
0,x_tcsc,1-14,-0.1541422325045928,5,MAP_PMU,43,4.717476859289471e-06,-0.1541375150277335
1,B_svc,2,0.4596851359337666,5,WLS,43,0.0002100490561210977,0.4594750868776455
1,B_svc,2,0.4615353750014238,5,MAP_SCADA,43,0.0020602881237782866,0.4594750868776455
1,B_svc,2,0.4596967956650982,5,MAP_PMU,43,0.00022170878745270128,0.4594750868776455
4,UPFC_Vse,5-15,0.0547091194351397,5,WLS,43,0.00023793184074049484,0.0549470512758802
4,UPFC_Vse,5-15,0.0545602489493132,5,MAP_SCADA,43,0.00038680232656699426,0.0549470512758802
4,UPFC_Vse,5-15,0.0547105562671294,5,MAP_PMU,43,0.000236495008750795,0.0549470512758802
2,UPFC_Vsh,5-15,1.1108986124187277,5,WLS,43,0.0003306284691977357,1.1112292408879254
2,UPFC_Vsh,5-15,1.1115793564576082,5,MAP_SCADA,43,0.0003501155696827851,1.1112292408879254
2,UPFC_Vsh,5-15,1.1108953294966686,5,MAP_PMU,43,0.0003339113912568248,1.1112292408879254
5,UPFC_tse,5-15,-2.0987354785322125,5,WLS,43,0.0003983959191371511,-2.0991338744513497
5,UPFC_tse,5-15,-2.096598908826428,5,MAP_SCADA,43,0.0025349656249216146,-2.0991338744513497
5,UPFC_tse,5-15,-2.0987364983977588,5,MAP_PMU,43,0.0003973760535909143,-2.0991338744513497
3,UPFC_tsh,5-15,-0.2333494991395808,5,WLS,43,2.443621321279732e-05,-0.233325062926368
3,UPFC_tsh,5-15,-0.2320082693991724,5,MAP_SCADA,43,0.0013167935271956033,-0.233325062926368
3,UPFC_tsh,5-15,-0.2333502363961968,5,MAP_PMU,43,2.517346982877644e-05,-0.233325062926368
0,x_tcsc,1-14,-0.1541446625214297,6,WLS,43,7.147493696180174e-06,-0.1541375150277335
0,x_tcsc,1-14,-0.154285651549894,6,MAP_SCADA,43,0.00014813652216047468,-0.1541375150277335
0,x_tcsc,1-14,-0.1541453262029183,6,MAP_PMU,43,7.811175184779806e-06,-0.1541375150277335
1,B_svc,2,0.4594134947446845,6,WLS,43,6.159213296097477e-05,0.4594750868776455
1,B_svc,2,0.4667919889623746,6,MAP_SCADA,43,0.007316902084729127,0.4594750868776455
1,B_svc,2,0.4594258503381856,6,MAP_PMU,43,4.923653945987372e-05,0.4594750868776455
4,UPFC_Vse,5-15,0.0546937515241129,6,WLS,43,0.0002532997517672997,0.0549470512758802
4,UPFC_Vse,5-15,0.0546368575602763,6,MAP_SCADA,43,0.00031019371560389586,0.0549470512758802
4,UPFC_Vse,5-15,0.0546933567087124,6,MAP_PMU,43,0.0002536945671677976,0.0549470512758802
2,UPFC_Vsh,5-15,1.111144565985576,6,WLS,43,8.467490234931319e-05,1.1112292408879254
2,UPFC_Vsh,5-15,1.1127047894322617,6,MAP_SCADA,43,0.0014755485443362915,1.1112292408879254
2,UPFC_Vsh,5-15,1.111144313681622,6,MAP_PMU,43,8.492720630348671e-05,1.1112292408879254
5,UPFC_tse,5-15,-2.1005561794169427,6,WLS,43,0.0014223049655930353,-2.0991338744513497
5,UPFC_tse,5-15,-2.097793283697018,6,MAP_SCADA,43,0.001340590754331572,-2.0991338744513497
5,UPFC_tse,5-15,-2.1005593282084294,6,MAP_PMU,43,0.0014254537570796977,-2.0991338744513497
3,UPFC_tsh,5-15,-0.2332887108363084,6,WLS,43,3.635209005961593e-05,-0.233325062926368
3,UPFC_tsh,5-15,-0.2331385786067991,6,MAP_SCADA,43,0.00018648431956891365,-0.233325062926368
3,UPFC_tsh,5-15,-0.233288891953746,6,MAP_PMU,43,3.617097262201274e-05,-0.233325062926368
0,x_tcsc,1-14,-0.1541367846575172,7,WLS,43,7.303702163063974e-07,-0.1541375150277335
0,x_tcsc,1-14,-0.1538507206025142,7,MAP_SCADA,43,0.0002867944252193111,-0.1541375150277335
0,x_tcsc,1-14,-0.1541376522446965,7,MAP_PMU,43,1.3721696298651942e-07,-0.1541375150277335
1,B_svc,2,0.4593907439457266,7,WLS,43,8.434293191889042e-05,0.4594750868776455
1,B_svc,2,0.4574778902719384,7,MAP_SCADA,43,0.0019971966057070745,0.4594750868776455
1,B_svc,2,0.4593806450303939,7,MAP_PMU,43,9.444184725160287e-05,0.4594750868776455
4,UPFC_Vse,5-15,0.0552442152014432,7,WLS,43,0.0002971639255630043,0.0549470512758802
4,UPFC_Vse,5-15,0.0553480307531179,7,MAP_SCADA,43,0.00040097947723770344,0.0549470512758802
4,UPFC_Vse,5-15,0.0552432880595284,7,MAP_PMU,43,0.0002962367836482002,0.0549470512758802
2,UPFC_Vsh,5-15,1.1110630464973936,7,WLS,43,0.00016619439053178198,1.1112292408879254
2,UPFC_Vsh,5-15,1.1132311111641209,7,MAP_SCADA,43,0.002001870276195472,1.1112292408879254
2,UPFC_Vsh,5-15,1.1110641076629242,7,MAP_PMU,43,0.00016513322500122385,1.1112292408879254
5,UPFC_tse,5-15,-2.1001249771538557,7,WLS,43,0.0009911027025060193,-2.0991338744513497
5,UPFC_tse,5-15,-2.099134201328418,7,MAP_SCADA,43,3.2687706852385645e-07,-2.0991338744513497
5,UPFC_tse,5-15,-2.1001234807407827,7,MAP_PMU,43,0.0009896062894330093,-2.0991338744513497
3,UPFC_tsh,5-15,-0.2333511151482977,7,WLS,43,2.6052221929695474e-05,-0.233325062926368
3,UPFC_tsh,5-15,-0.2328764806224023,7,MAP_SCADA,43,0.00044858230396571663,-0.233325062926368
3,UPFC_tsh,5-15,-0.2333509947463607,7,MAP_PMU,43,2.5931819992691674e-05,-0.233325062926368
0,x_tcsc,1-14,-0.1541458769458508,8,WLS,43,8.361918117288925e-06,-0.1541375150277335
0,x_tcsc,1-14,-0.1542986818918144,8,MAP_SCADA,43,0.00016116686408088055,-0.1541375150277335
0,x_tcsc,1-14,-0.1541462584523249,8,MAP_PMU,43,8.743424591395321e-06,-0.1541375150277335
1,B_svc,2,0.4590347583126828,8,WLS,43,0.0004403285649626776,0.4594750868776455
1,B_svc,2,0.4684439903946154,8,MAP_SCADA,43,0.008968903516969884,0.4594750868776455
1,B_svc,2,0.4590218982273368,8,MAP_PMU,43,0.00045318865030868904,0.4594750868776455
4,UPFC_Vse,5-15,0.0546276406955598,8,WLS,43,0.00031941058032039504,0.0549470512758802
4,UPFC_Vse,5-15,0.0546113657831081,8,MAP_SCADA,43,0.0003356854927720962,0.0549470512758802
4,UPFC_Vse,5-15,0.0546264460085968,8,MAP_PMU,43,0.0003206052672833984,0.0549470512758802
2,UPFC_Vsh,5-15,1.110700977802611,8,WLS,43,0.0005282630853145065,1.1112292408879254
2,UPFC_Vsh,5-15,1.1083594368083318,8,MAP_SCADA,43,0.0028698040795935853,1.1112292408879254
2,UPFC_Vsh,5-15,1.1107006201804996,8,MAP_PMU,43,0.0005286207074257643,1.1112292408879254
5,UPFC_tse,5-15,-2.099188456040571,8,WLS,43,5.458158922122536e-05,-2.0991338744513497
5,UPFC_tse,5-15,-2.1021588530142,8,MAP_SCADA,43,0.0030249785628502224,-2.0991338744513497
5,UPFC_tse,5-15,-2.099192974745025,8,MAP_PMU,43,5.910029367539593e-05,-2.0991338744513497
3,UPFC_tsh,5-15,-0.2333371920174345,8,WLS,43,1.2129091066487296e-05,-0.233325062926368
3,UPFC_tsh,5-15,-0.2345607245766876,8,MAP_SCADA,43,0.0012356616503196027,-0.233325062926368
3,UPFC_tsh,5-15,-0.2333370500568569,8,MAP_PMU,43,1.1987130488888553e-05,-0.233325062926368
0,x_tcsc,1-14,-0.1541297053579768,9,WLS,43,7.809669756719817e-06,-0.1541375150277335
0,x_tcsc,1-14,-0.154519894498489,9,MAP_SCADA,43,0.0003823794707554784,-0.1541375150277335
0,x_tcsc,1-14,-0.1541322626900873,9,MAP_PMU,43,5.252337646199923e-06,-0.1541375150277335
1,B_svc,2,0.4592895457730183,9,WLS,43,0.00018554110462720708,0.4594750868776455
1,B_svc,2,0.4662146416727125,9,MAP_SCADA,43,0.006739554795066993,0.4594750868776455
1,B_svc,2,0.4592831834674205,9,MAP_PMU,43,0.0001919034102250139,0.4594750868776455
4,UPFC_Vse,5-15,0.0549641041334199,9,WLS,43,1.7052857539702482e-05,0.0549470512758802
4,UPFC_Vse,5-15,0.0548439844175026,9,MAP_SCADA,43,0.00010306685837759705,0.0549470512758802
4,UPFC_Vse,5-15,0.0549638996461311,9,MAP_PMU,43,1.6848370250899247e-05,0.0549470512758802
2,UPFC_Vsh,5-15,1.1112343506129083,9,WLS,43,5.10972498291018e-06,1.1112292408879254
2,UPFC_Vsh,5-15,1.1098736574487926,9,MAP_SCADA,43,0.0013555834391327792,1.1112292408879254
2,UPFC_Vsh,5-15,1.1112343766159034,9,MAP_PMU,43,5.135727978000659e-06,1.1112292408879254
5,UPFC_tse,5-15,-2.096375785331054,9,WLS,43,0.002758089120295626,-2.0991338744513497
5,UPFC_tse,5-15,-2.0982522157628223,9,MAP_SCADA,43,0.0008816586885274091,-2.0991338744513497
5,UPFC_tse,5-15,-2.0963710490394565,9,MAP_PMU,43,0.0027628254118932105,-2.0991338744513497
3,UPFC_tsh,5-15,-0.2333160928290043,9,WLS,43,8.970097363697471e-06,-0.233325062926368
3,UPFC_tsh,5-15,-0.2339621019398127,9,MAP_SCADA,43,0.0006370390134446957,-0.233325062926368
3,UPFC_tsh,5-15,-0.2333161044661645,9,MAP_PMU,43,8.958460203517538e-06,-0.233325062926368
0,x_tcsc,1-14,-0.1538787467927455,0,WLS,44,2.141224672369546e-05,-0.1539001590394692
0,x_tcsc,1-14,-0.1552551668162382,0,MAP_SCADA,44,0.0013550077767690016,-0.1539001590394692
0,x_tcsc,1-14,-0.1538943501080255,0,MAP_PMU,44,5.808931443695986e-06,-0.1539001590394692
1,B_svc,2,0.4565698570495304,0,WLS,44,0.0003038340318666788,0.4568736910813971
1,B_svc,2,0.4681300993122599,0,MAP_SCADA,44,0.011256408230862824,0.4568736910813971
1,B_svc,2,0.4565672124592706,0,MAP_PMU,44,0.0003064786221264604,0.4568736910813971
4,UPFC_Vse,5-15,0.0548685863297649,0,WLS,44,3.166418438520224e-05,0.0548369221453797
4,UPFC_Vse,5-15,0.0549227545807145,0,MAP_SCADA,44,8.583243533480389e-05,0.0548369221453797
4,UPFC_Vse,5-15,0.0548694085427171,0,MAP_PMU,44,3.248639733740427e-05,0.0548369221453797
2,UPFC_Vsh,5-15,1.1109049339966333,0,WLS,44,0.0006797265267579622,1.1115846605233912
2,UPFC_Vsh,5-15,1.109219806879187,0,MAP_SCADA,44,0.0023648536442042456,1.1115846605233912
2,UPFC_Vsh,5-15,1.1109031764987494,0,MAP_PMU,44,0.0006814840246418541,1.1115846605233912
5,UPFC_tse,5-15,-2.0990659333095367,0,WLS,44,0.002988820017093996,-2.0960771132924427
5,UPFC_tse,5-15,-2.098640903283867,0,MAP_SCADA,44,0.002563789991424148,-2.0960771132924427
5,UPFC_tse,5-15,-2.099063761196009,0,MAP_PMU,44,0.0029866479035662863,-2.0960771132924427
3,UPFC_tsh,5-15,-0.2335531036612035,0,WLS,44,1.3111070677696013e-05,-0.2335662147318812
3,UPFC_tsh,5-15,-0.2330218017790698,0,MAP_SCADA,44,0.0005444129528113795,-0.2335662147318812
3,UPFC_tsh,5-15,-0.2335537306360835,0,MAP_PMU,44,1.2484095797682393e-05,-0.2335662147318812
0,x_tcsc,1-14,-0.1539215718389421,1,WLS,44,2.1412799472902977e-05,-0.1539001590394692
0,x_tcsc,1-14,-0.1550033830785958,1,MAP_SCADA,44,0.0011032240391266046,-0.1539001590394692
0,x_tcsc,1-14,-0.1539270627613488,1,MAP_PMU,44,2.6903721879606435e-05,-0.1539001590394692
1,B_svc,2,0.4572408065606556,1,WLS,44,0.0003671154792584952,0.4568736910813971
1,B_svc,2,0.4615185256559382,1,MAP_SCADA,44,0.0046448345745411235,0.4568736910813971
1,B_svc,2,0.4572496407166595,1,MAP_PMU,44,0.0003759496352624403,0.4568736910813971
4,UPFC_Vse,5-15,0.055234269222816,1,WLS,44,0.0003973470774362997,0.0548369221453797
4,UPFC_Vse,5-15,0.0551318022512095,1,MAP_SCADA,44,0.0002948801058298006,0.0548369221453797
4,UPFC_Vse,5-15,0.0552350458213561,1,MAP_PMU,44,0.0003981236759764001,0.0548369221453797
2,UPFC_Vsh,5-15,1.1107525111717378,1,WLS,44,0.0008321493516534328,1.1115846605233912
2,UPFC_Vsh,5-15,1.111288466604513,1,MAP_SCADA,44,0.0002961939188781404,1.1115846605233912
2,UPFC_Vsh,5-15,1.11075140653085,1,MAP_PMU,44,0.0008332539925413052,1.1115846605233912
5,UPFC_tse,5-15,-2.0958627353022896,1,WLS,44,0.00021437799015311398,-2.0960771132924427
5,UPFC_tse,5-15,-2.094762586398,1,MAP_SCADA,44,0.001314526894442558,-2.0960771132924427
5,UPFC_tse,5-15,-2.0958615581274214,1,MAP_PMU,44,0.00021555516502136385,-2.0960771132924427
3,UPFC_tsh,5-15,-0.2335759617098338,1,WLS,44,9.746977952612701e-06,-0.2335662147318812
3,UPFC_tsh,5-15,-0.2322641810080754,1,MAP_SCADA,44,0.001302033723805801,-0.2335662147318812
3,UPFC_tsh,5-15,-0.2335763767528053,1,MAP_PMU,44,1.0162020924103787e-05,-0.2335662147318812
0,x_tcsc,1-14,-0.1538986556597124,2,WLS,44,1.5033797567953755e-06,-0.1539001590394692
0,x_tcsc,1-14,-0.155410840079784,2,MAP_SCADA,44,0.0015106810403148208,-0.1539001590394692
0,x_tcsc,1-14,-0.1539161841504644,2,MAP_PMU,44,1.6025110995215863e-05,-0.1539001590394692
1,B_svc,2,0.4568281927120435,2,WLS,44,4.5498369353580426e-05,0.4568736910813971
1,B_svc,2,0.4657500130065091,2,MAP_SCADA,44,0.008876321925112007,0.4568736910813971
1,B_svc,2,0.4568473853002086,2,MAP_PMU,44,2.6305781188507016e-05,0.4568736910813971
4,UPFC_Vse,5-15,0.0545536421582314,2,WLS,44,0.000283279987148298,0.0548369221453797
4,UPFC_Vse,5-15,0.0545301163713877,2,MAP_SCADA,44,0.00030680577399199577,0.0548369221453797
4,UPFC_Vse,5-15,0.0545553894600262,2,MAP_PMU,44,0.0002815326853534972,0.0548369221453797
2,UPFC_Vsh,5-15,1.1107983966870272,2,WLS,44,0.0007862638363640428,1.1115846605233912
2,UPFC_Vsh,5-15,1.1118352177443702,2,MAP_SCADA,44,0.00025055722097899746,1.1115846605233912
2,UPFC_Vsh,5-15,1.1107937901432428,2,MAP_PMU,44,0.0007908703801484673,1.1115846605233912
5,UPFC_tse,5-15,-2.097078508877825,2,WLS,44,0.0010013955853822587,-2.0960771132924427
5,UPFC_tse,5-15,-2.096498705934241,2,MAP_SCADA,44,0.0004215926417980853,-2.0960771132924427
5,UPFC_tse,5-15,-2.0970783922868828,2,MAP_PMU,44,0.0010012789944400247,-2.0960771132924427
3,UPFC_tsh,5-15,-0.2335745620517507,2,WLS,44,8.347319869511649e-06,-0.2335662147318812
3,UPFC_tsh,5-15,-0.2322619986911179,2,MAP_SCADA,44,0.0013042160407632786,-0.2335662147318812
3,UPFC_tsh,5-15,-0.2335754413050128,2,MAP_PMU,44,9.226573131598803e-06,-0.2335662147318812
0,x_tcsc,1-14,-0.1538912690251679,3,WLS,44,8.89001430129377e-06,-0.1539001590394692
0,x_tcsc,1-14,-0.1556611265370181,3,MAP_SCADA,44,0.001760967497548921,-0.1539001590394692
0,x_tcsc,1-14,-0.1538955119044621,3,MAP_PMU,44,4.647135007085357e-06,-0.1539001590394692
1,B_svc,2,0.4568876609019866,3,WLS,44,1.3969820589543325e-05,0.4568736910813971
1,B_svc,2,0.4573828339866937,3,MAP_SCADA,44,0.0005091429052966334,0.4568736910813971
1,B_svc,2,0.4569053960629649,3,MAP_PMU,44,3.170498156779278e-05,0.4568736910813971
4,UPFC_Vse,5-15,0.0549692454525985,3,WLS,44,0.00013232330721880264,0.0548369221453797
4,UPFC_Vse,5-15,0.0545741302195165,3,MAP_SCADA,44,0.00026279192586319694,0.0548369221453797
4,UPFC_Vse,5-15,0.0549708593546008,3,MAP_PMU,44,0.00013393720922109942,0.0548369221453797
2,UPFC_Vsh,5-15,1.1114824740676013,3,WLS,44,0.00010218645578996544,1.1115846605233912
2,UPFC_Vsh,5-15,1.114338337383613,3,MAP_SCADA,44,0.0027536768602218764,1.1115846605233912
2,UPFC_Vsh,5-15,1.111477445254897,3,MAP_PMU,44,0.0001072152684942207,1.1115846605233912
5,UPFC_tse,5-15,-2.100376466249003,3,WLS,44,0.004299352956560476,-2.0960771132924427
5,UPFC_tse,5-15,-2.096462536434822,3,MAP_SCADA,44,0.0003854231423794374,-2.0960771132924427
5,UPFC_tse,5-15,-2.1003845330261037,3,MAP_PMU,44,0.004307419733661,-2.0960771132924427
3,UPFC_tsh,5-15,-0.2335955033151511,3,WLS,44,2.9288583269920787e-05,-0.2335662147318812
3,UPFC_tsh,5-15,-0.2309826968418172,3,MAP_SCADA,44,0.002583517890064002,-0.2335662147318812
3,UPFC_tsh,5-15,-0.233596472470647,3,MAP_PMU,44,3.0257738765804287e-05,-0.2335662147318812
0,x_tcsc,1-14,-0.1539144357306367,4,WLS,44,1.4276691167519617e-05,-0.1539001590394692
0,x_tcsc,1-14,-0.1550909292439212,4,MAP_SCADA,44,0.0011907702044520185,-0.1539001590394692
0,x_tcsc,1-14,-0.1539296777243659,4,MAP_PMU,44,2.9518684896701064e-05,-0.1539001590394692
1,B_svc,2,0.4571431102855519,4,WLS,44,0.00026941920415479714,0.4568736910813971
1,B_svc,2,0.4701608987813483,4,MAP_SCADA,44,0.013287207699951231,0.4568736910813971
1,B_svc,2,0.45714761522938,4,MAP_PMU,44,0.0002739241479829402,0.4568736910813971
4,UPFC_Vse,5-15,0.0550538444087867,4,WLS,44,0.00021692226340699894,0.0548369221453797
4,UPFC_Vse,5-15,0.0553781376606521,4,MAP_SCADA,44,0.0005412155152724057,0.0548369221453797
4,UPFC_Vse,5-15,0.0550552060426682,4,MAP_PMU,44,0.00021828389728850012,0.0548369221453797
2,UPFC_Vsh,5-15,1.1111089698256045,4,WLS,44,0.0004756906977867459,1.1115846605233912
2,UPFC_Vsh,5-15,1.1102891671427044,4,MAP_SCADA,44,0.0012954933806867963,1.1115846605233912
2,UPFC_Vsh,5-15,1.1111064408805087,4,MAP_PMU,44,0.00047821964288252694,1.1115846605233912
5,UPFC_tse,5-15,-2.0967402377835325,4,WLS,44,0.0006631244910897394,-2.0960771132924427
5,UPFC_tse,5-15,-2.0987166470387293,4,MAP_SCADA,44,0.00263953374628656,-2.0960771132924427
5,UPFC_tse,5-15,-2.096753022913404,4,MAP_PMU,44,0.0006759096209614235,-2.0960771132924427
3,UPFC_tsh,5-15,-0.2335806269842129,4,WLS,44,1.4412252331702513e-05,-0.2335662147318812
3,UPFC_tsh,5-15,-0.2332377355911988,4,MAP_SCADA,44,0.00032847914068237505,-0.2335662147318812
3,UPFC_tsh,5-15,-0.2335812354418149,4,MAP_PMU,44,1.5020709933699639e-05,-0.2335662147318812
0,x_tcsc,1-14,-0.1538953317797959,5,WLS,44,4.82725967329567e-06,-0.1539001590394692
0,x_tcsc,1-14,-0.1559556818058403,5,MAP_SCADA,44,0.0020555227663711095,-0.1539001590394692
0,x_tcsc,1-14,-0.1539093187880158,5,MAP_PMU,44,9.15974854662216e-06,-0.1539001590394692
1,B_svc,2,0.4570968699636405,5,WLS,44,0.00022317888224343552,0.4568736910813971
1,B_svc,2,0.4615353750014238,5,MAP_SCADA,44,0.0046616839200266935,0.4568736910813971
1,B_svc,2,0.4571164206771189,5,MAP_PMU,44,0.0002427295957218023,0.4568736910813971
4,UPFC_Vse,5-15,0.0546615298075718,5,WLS,44,0.00017539233780789615,0.0548369221453797
4,UPFC_Vse,5-15,0.0545602489493132,5,MAP_SCADA,44,0.0002766731960664945,0.0548369221453797
4,UPFC_Vse,5-15,0.0546637310796715,5,MAP_PMU,44,0.00017319106570819892,0.0548369221453797
2,UPFC_Vsh,5-15,1.1108936839917762,5,WLS,44,0.0006909765316149841,1.1115846605233912
2,UPFC_Vsh,5-15,1.1115793564576082,5,MAP_SCADA,44,5.3040657830294435e-06,1.1115846605233912
2,UPFC_Vsh,5-15,1.1108889393607655,5,MAP_PMU,44,0.0006957211626257287,1.1115846605233912
5,UPFC_tse,5-15,-2.098189720331128,5,WLS,44,0.0021126070386854323,-2.0960771132924427
5,UPFC_tse,5-15,-2.096598908826428,5,MAP_SCADA,44,0.0005217955339853475,-2.0960771132924427
5,UPFC_tse,5-15,-2.098187939115828,5,MAP_PMU,44,0.0021108258233852872,-2.0960771132924427
3,UPFC_tsh,5-15,-0.2335940521101872,5,WLS,44,2.7837378306000415e-05,-0.2335662147318812
3,UPFC_tsh,5-15,-0.2320082693991724,5,MAP_SCADA,44,0.0015579453327087822,-0.2335662147318812
3,UPFC_tsh,5-15,-0.2335951833854839,5,MAP_PMU,44,2.896865360271783e-05,-0.2335662147318812
0,x_tcsc,1-14,-0.1539056727474814,6,WLS,44,5.513708012216956e-06,-0.1539001590394692
0,x_tcsc,1-14,-0.154285651549894,6,MAP_SCADA,44,0.0003854925104248008,-0.1539001590394692
0,x_tcsc,1-14,-0.1539083069910465,6,MAP_PMU,44,8.14795157730308e-06,-0.1539001590394692
1,B_svc,2,0.456826441652946,6,WLS,44,4.724942845107938e-05,0.4568736910813971
1,B_svc,2,0.4667919889623746,6,MAP_SCADA,44,0.009918297880977534,0.4568736910813971
1,B_svc,2,0.4568462868281142,6,MAP_PMU,44,2.74042532829033e-05,0.4568736910813971
4,UPFC_Vse,5-15,0.0546461374473775,6,WLS,44,0.0001907846980021971,0.0548369221453797
4,UPFC_Vse,5-15,0.0546368575602763,6,MAP_SCADA,44,0.0002000645851033961,0.0548369221453797
4,UPFC_Vse,5-15,0.054646242228856,6,MAP_PMU,44,0.00019067991652369637,0.0548369221453797
2,UPFC_Vsh,5-15,1.111139515024652,6,WLS,44,0.00044514549873930775,1.1115846605233912
2,UPFC_Vsh,5-15,1.1127047894322617,6,MAP_SCADA,44,0.0011201289088704769,1.1115846605233912
2,UPFC_Vsh,5-15,1.1111386461736337,6,MAP_PMU,44,0.00044601434975755083,1.1115846605233912
5,UPFC_tse,5-15,-2.100016011105612,6,WLS,44,0.003938897813169362,-2.0960771132924427
5,UPFC_tse,5-15,-2.097793283697018,6,MAP_SCADA,44,0.00171617040457539,-2.0960771132924427
5,UPFC_tse,5-15,-2.100016861417297,6,MAP_PMU,44,0.003939748124854425,-2.0960771132924427
3,UPFC_tsh,5-15,-0.2335332549330274,6,WLS,44,3.295979885378775e-05,-0.2335662147318812
3,UPFC_tsh,5-15,-0.2331385786067991,6,MAP_SCADA,44,0.0004276361250820926,-0.2335662147318812
3,UPFC_tsh,5-15,-0.2335336129209737,6,MAP_PMU,44,3.260181090750103e-05,-0.2335662147318812
0,x_tcsc,1-14,-0.1538977784482823,7,WLS,44,2.380591186873504e-06,-0.1539001590394692
0,x_tcsc,1-14,-0.1538507206025142,7,MAP_SCADA,44,4.9438436954984954e-05,-0.1539001590394692
0,x_tcsc,1-14,-0.153896916370328,7,MAP_PMU,44,3.2426691411735487e-06,-0.1539001590394692
1,B_svc,2,0.4568028267250183,7,WLS,44,7.086435637876365e-05,0.4568736910813971
1,B_svc,2,0.4574778902719384,7,MAP_SCADA,44,0.0006041991905413324,0.4568736910813971
1,B_svc,2,0.456798993935806,7,MAP_PMU,44,7.469714559110718e-05,0.4568736910813971
4,UPFC_Vse,5-15,0.0551964730180231,7,WLS,44,0.00035955087264340213,0.0548369221453797
4,UPFC_Vse,5-15,0.0553480307531179,7,MAP_SCADA,44,0.0005111086077382032,0.0548369221453797
4,UPFC_Vse,5-15,0.0551955523652741,7,MAP_PMU,44,0.00035863021989439997,0.0548369221453797
2,UPFC_Vsh,5-15,1.111058105811843,7,WLS,44,0.0005265547115482772,1.1115846605233912
2,UPFC_Vsh,5-15,1.1132311111641209,7,MAP_SCADA,44,0.0016464506407296575,1.1115846605233912
2,UPFC_Vsh,5-15,1.1110585314102628,7,MAP_PMU,44,0.0005261291131284374,1.1115846605233912
5,UPFC_tse,5-15,-2.0995909176738845,7,WLS,44,0.0035138043814417763,-2.0960771132924427
5,UPFC_tse,5-15,-2.099134201328418,7,MAP_SCADA,44,0.003057088035975486,-2.0960771132924427
5,UPFC_tse,5-15,-2.099593506950328,7,MAP_PMU,44,0.003516393657885253,-2.0960771132924427
3,UPFC_tsh,5-15,-0.2335956430150844,7,WLS,44,2.9428283203208894e-05,-0.2335662147318812
3,UPFC_tsh,5-15,-0.2328764806224023,7,MAP_SCADA,44,0.0006897341094788956,-0.2335662147318812
3,UPFC_tsh,5-15,-0.2335956090080774,7,MAP_PMU,44,2.9394276196220703e-05,-0.2335662147318812
0,x_tcsc,1-14,-0.1539069282888988,8,WLS,44,6.7692494296056616e-06,-0.1539001590394692
0,x_tcsc,1-14,-0.1542986818918144,8,MAP_SCADA,44,0.0003985228523452067,-0.1539001590394692
0,x_tcsc,1-14,-0.1539098075270832,8,MAP_PMU,44,9.648487614005719e-06,-0.1539001590394692
1,B_svc,2,0.4564482536488448,8,WLS,44,0.00042543743255230027,0.4568736910813971
1,B_svc,2,0.4684439903946154,8,MAP_SCADA,44,0.01157029931321829,0.4568736910813971
1,B_svc,2,0.4564332629140579,8,MAP_PMU,44,0.00044042816733919077,0.4568736910813971
4,UPFC_Vse,5-15,0.0545800546650911,8,WLS,44,0.0002568674802885945,0.0548369221453797
4,UPFC_Vse,5-15,0.0546113657831081,8,MAP_SCADA,44,0.00022555636227159642,0.0548369221453797
4,UPFC_Vse,5-15,0.0545793343883642,8,MAP_PMU,44,0.0002575877570154955,0.0548369221453797
2,UPFC_Vsh,5-15,1.1106960803487,8,WLS,44,0.0008885801746911781,1.1115846605233912
2,UPFC_Vsh,5-15,1.1083594368083318,8,MAP_SCADA,44,0.0032252237150594,1.1115846605233912
2,UPFC_Vsh,5-15,1.1106949925494995,8,MAP_PMU,44,0.0008896679738916724,1.1115846605233912
5,UPFC_tse,5-15,-2.098641751671396,8,WLS,44,0.0025646383789532656,-2.0960771132924427
5,UPFC_tse,5-15,-2.1021588530142,8,MAP_SCADA,44,0.0060817397217571845,-2.0960771132924427
5,UPFC_tse,5-15,-2.098647809475069,8,MAP_PMU,44,0.0025706961826261754,-2.0960771132924427
3,UPFC_tsh,5-15,-0.2335817648809554,8,WLS,44,1.5550149074200492e-05,-0.2335662147318812
3,UPFC_tsh,5-15,-0.2345607245766876,8,MAP_SCADA,44,0.0009945098448064238,-0.2335662147318812
3,UPFC_tsh,5-15,-0.2335817563898342,8,MAP_PMU,44,1.554165795300544e-05,-0.2335662147318812
0,x_tcsc,1-14,-0.153890741240039,9,WLS,44,9.417799430200269e-06,-0.1539001590394692
0,x_tcsc,1-14,-0.154519894498489,9,MAP_SCADA,44,0.0006197354590198045,-0.1539001590394692
0,x_tcsc,1-14,-0.1538966001168247,9,MAP_PMU,44,3.5589226444754374e-06,-0.1539001590394692
1,B_svc,2,0.4567039788011745,9,WLS,44,0.0001697122802225559,0.4568736910813971
1,B_svc,2,0.4662146416727125,9,MAP_SCADA,44,0.0093409505913154,0.4568736910813971
1,B_svc,2,0.4566973450182559,9,MAP_PMU,44,0.00017634606314120838,0.4568736910813971
4,UPFC_Vse,5-15,0.0549166539283068,9,WLS,44,7.973178292710464e-05,0.0548369221453797
4,UPFC_Vse,5-15,0.0548439844175026,9,MAP_SCADA,44,7.062272122902724e-06,0.0548369221453797
4,UPFC_Vse,5-15,0.0549167316164927,9,MAP_PMU,44,7.98094711130029e-05,0.0548369221453797
2,UPFC_Vsh,5-15,1.1112293440565173,9,WLS,44,0.0003553164668739228,1.1115846605233912
2,UPFC_Vsh,5-15,1.1098736574487926,9,MAP_SCADA,44,0.0017110030745985938,1.1115846605233912
2,UPFC_Vsh,5-15,1.1112290691963873,9,MAP_PMU,44,0.0003555913270039124,1.1115846605233912
5,UPFC_tse,5-15,-2.0958349868487813,9,WLS,44,0.00024212644366139457,-2.0960771132924427
5,UPFC_tse,5-15,-2.0982522157628223,9,MAP_SCADA,44,0.002175102470379553,-2.0960771132924427
5,UPFC_tse,5-15,-2.095829876491896,9,MAP_PMU,44,0.000247236800546613,-2.0960771132924427
3,UPFC_tsh,5-15,-0.2335606122395298,9,WLS,44,5.602492351375332e-06,-0.2335662147318812
3,UPFC_tsh,5-15,-0.2339621019398127,9,MAP_SCADA,44,0.00039588720793151677,-0.2335662147318812
3,UPFC_tsh,5-15,-0.2335607378880225,9,MAP_PMU,44,5.476843858681635e-06,-0.2335662147318812
0,x_tcsc,1-14,-0.1534518178351591,0,WLS,45,1.9146600405389735e-05,-0.1534709644355645
0,x_tcsc,1-14,-0.1552551668162382,0,MAP_SCADA,45,0.0017842023806736995,-0.1534709644355645
0,x_tcsc,1-14,-0.1534801400024911,0,MAP_PMU,45,9.175566926616918e-06,-0.1534709644355645
1,B_svc,2,0.451883616606,0,WLS,45,0.00030365307264207386,0.4521872696786421
1,B_svc,2,0.4681300993122599,0,MAP_SCADA,45,0.015942829633617817,0.4521872696786421
1,B_svc,2,0.4518884335481087,0,MAP_PMU,45,0.0002988361305333864,0.4521872696786421
4,UPFC_Vse,5-15,0.0547884000213341,0,WLS,45,0.00019986116861910042,0.054588538852715
4,UPFC_Vse,5-15,0.0549227545807145,0,MAP_SCADA,45,0.0003342157279994998,0.054588538852715
4,UPFC_Vse,5-15,0.054790648063137,0,MAP_PMU,45,0.0002021092104219982,0.054588538852715
2,UPFC_Vsh,5-15,1.1109119236181493,0,WLS,45,0.0008132461954475367,1.1117251698135968
2,UPFC_Vsh,5-15,1.109219806879187,0,MAP_SCADA,45,0.0025053629344098383,1.1117251698135968
2,UPFC_Vsh,5-15,1.110907737638508,0,MAP_PMU,45,0.0008174321750888947,1.1117251698135968
5,UPFC_tse,5-15,-2.099108425829402,0,WLS,45,0.0031555893930423906,-2.0959528364363598
5,UPFC_tse,5-15,-2.098640903283867,0,MAP_SCADA,45,0.002688066847507109,-2.0959528364363598
5,UPFC_tse,5-15,-2.099105344154137,0,MAP_PMU,45,0.0031525077177771976,-2.0959528364363598
3,UPFC_tsh,5-15,-0.2339229670506363,0,WLS,45,1.0383591012186333e-05,-0.2339333506416485
3,UPFC_tsh,5-15,-0.2330218017790698,0,MAP_SCADA,45,0.0009115488625786872,-0.2339333506416485
3,UPFC_tsh,5-15,-0.2339242311759319,0,MAP_PMU,45,9.119465716606046e-06,-0.2339333506416485
0,x_tcsc,1-14,-0.1534945736169554,1,WLS,45,2.360918139091006e-05,-0.1534709644355645
0,x_tcsc,1-14,-0.1550033830785958,1,MAP_SCADA,45,0.0015324186430313025,-0.1534709644355645
0,x_tcsc,1-14,-0.153508944106858,1,MAP_PMU,45,3.7979671293514317e-05,-0.1534709644355645
1,B_svc,2,0.4525485349704247,1,WLS,45,0.0003612652917825976,0.4521872696786421
1,B_svc,2,0.4615185256559382,1,MAP_SCADA,45,0.009331255977296116,0.4521872696786421
1,B_svc,2,0.4525690750077954,1,MAP_PMU,45,0.00038180532915332854,0.4521872696786421
4,UPFC_Vse,5-15,0.0551541895928709,1,WLS,45,0.0005656507401558958,0.054588538852715
4,UPFC_Vse,5-15,0.0551318022512095,1,MAP_SCADA,45,0.0005432633984944965,0.054588538852715
4,UPFC_Vse,5-15,0.0551559561404534,1,MAP_PMU,45,0.0005674172877383962,0.054588538852715
2,UPFC_Vsh,5-15,1.1107597217826295,1,WLS,45,0.0009654480309673197,1.1117251698135968
2,UPFC_Vsh,5-15,1.111288466604513,1,MAP_SCADA,45,0.00043670320908373306,1.1117251698135968
2,UPFC_Vsh,5-15,1.1107566477526798,1,MAP_PMU,45,0.0009685220609170209,1.1117251698135968
5,UPFC_tse,5-15,-2.095900425137707,1,WLS,45,5.241129865263261e-05,-2.0959528364363598
5,UPFC_tse,5-15,-2.094762586398,1,MAP_SCADA,45,0.001190250038359597,-2.0959528364363598
5,UPFC_tse,5-15,-2.095898549289504,1,MAP_PMU,45,5.428714685562497e-05,-2.0959528364363598
3,UPFC_tsh,5-15,-0.2339457660819526,1,WLS,45,1.2415440304114345e-05,-0.2339333506416485
3,UPFC_tsh,5-15,-0.2322641810080754,1,MAP_SCADA,45,0.0016691696335731088,-0.2339333506416485
3,UPFC_tsh,5-15,-0.2339467139550589,1,MAP_PMU,45,1.3363313410397204e-05,-0.2339333506416485
0,x_tcsc,1-14,-0.1534717569842177,2,WLS,45,7.925486532056603e-07,-0.1534709644355645
0,x_tcsc,1-14,-0.155410840079784,2,MAP_SCADA,45,0.0019398756442195186,-0.1534709644355645
0,x_tcsc,1-14,-0.1535027447256834,2,MAP_PMU,45,3.178029011891015e-05,-0.1534709644355645
1,B_svc,2,0.4521427483630019,2,WLS,45,4.452131564020023e-05,0.4521872696786421
1,B_svc,2,0.4657500130065091,2,MAP_SCADA,45,0.013562743327867,0.4521872696786421
1,B_svc,2,0.4521784263770916,2,MAP_PMU,45,8.843301550487404e-06,0.4521872696786421
4,UPFC_Vse,5-15,0.0544735899342861,2,WLS,45,0.00011494891842889904,0.054588538852715
4,UPFC_Vse,5-15,0.0545301163713877,2,MAP_SCADA,45,5.842248132729988e-05,0.054588538852715
4,UPFC_Vse,5-15,0.0544765568761955,2,MAP_PMU,45,0.00011198197651950126,0.054588538852715
2,UPFC_Vsh,5-15,1.110805385939077,2,WLS,45,0.0009197838745198528,1.1117251698135968
2,UPFC_Vsh,5-15,1.1118352177443702,2,MAP_SCADA,45,0.0001100479307734048,1.1117251698135968
2,UPFC_Vsh,5-15,1.1107978718036726,2,MAP_PMU,45,0.0009272980099241934,1.1117251698135968
5,UPFC_tse,5-15,-2.097112866274847,2,WLS,45,0.0011600298384872865,-2.0959528364363598
5,UPFC_tse,5-15,-2.096498705934241,2,MAP_SCADA,45,0.0005458694978810463,-2.0959528364363598
5,UPFC_tse,5-15,-2.097114147695867,2,MAP_PMU,45,0.0011613112595072472,-2.0959528364363598
3,UPFC_tsh,5-15,-0.2339444143058019,2,WLS,45,1.106366415340454e-05,-0.2339333506416485
3,UPFC_tsh,5-15,-0.2322619986911179,2,MAP_SCADA,45,0.0016713519505305863,-0.2339333506416485
3,UPFC_tsh,5-15,-0.2339459727402292,2,MAP_PMU,45,1.2622098580716834e-05,-0.2339333506416485
0,x_tcsc,1-14,-0.1534644475843092,3,WLS,45,6.516851255300438e-06,-0.1534709644355645
0,x_tcsc,1-14,-0.1556611265370181,3,MAP_SCADA,45,0.0021901621014536188,-0.1534709644355645
0,x_tcsc,1-14,-0.1534797408484177,3,MAP_PMU,45,8.776412853211957e-06,-0.1534709644355645
1,B_svc,2,0.452201582606466,3,WLS,45,1.4312927823889598e-05,0.4521872696786421
1,B_svc,2,0.4573828339866937,3,MAP_SCADA,45,0.005195564308051626,0.4521872696786421
1,B_svc,2,0.4522419827885833,3,MAP_PMU,45,5.471310994120682e-05,0.4521872696786421
4,UPFC_Vse,5-15,0.0548889160279421,3,WLS,45,0.00030037717522710117,0.054588538852715
4,UPFC_Vse,5-15,0.0545741302195165,3,MAP_SCADA,45,1.4408633198501053e-05,0.054588538852715
4,UPFC_Vse,5-15,0.0548920564021641,3,MAP_PMU,45,0.0003035175494491005,0.054588538852715
2,UPFC_Vsh,5-15,1.111489809186214,3,WLS,45,0.00023536062738283015,1.1117251698135968
2,UPFC_Vsh,5-15,1.114338337383613,3,MAP_SCADA,45,0.0026131675700162837,1.1117251698135968
2,UPFC_Vsh,5-15,1.1114813053560422,3,MAP_PMU,45,0.00024386445755464337,1.1117251698135968
5,UPFC_tse,5-15,-2.100417421035595,3,WLS,45,0.004464584599235266,-2.0959528364363598
5,UPFC_tse,5-15,-2.096462536434822,3,MAP_SCADA,45,0.0005096999984623984,-2.0959528364363598
5,UPFC_tse,5-15,-2.100420977071537,3,MAP_PMU,45,0.00446814063517742,-2.0959528364363598
3,UPFC_tsh,5-15,-0.2339653808264999,3,WLS,45,3.203018485140041e-05,-0.2339333506416485
3,UPFC_tsh,5-15,-0.2309826968418172,3,MAP_SCADA,45,0.00295065379983131,-0.2339333506416485
3,UPFC_tsh,5-15,-0.2339671173996162,3,MAP_PMU,45,3.3766757967707006e-05,-0.2339333506416485
0,x_tcsc,1-14,-0.1534874985603882,4,WLS,45,1.653412482371941e-05,-0.1534709644355645
0,x_tcsc,1-14,-0.1550909292439212,4,MAP_SCADA,45,0.0016199648083567164,-0.1534709644355645
0,x_tcsc,1-14,-0.153515321895154,4,MAP_PMU,45,4.4357459589500214e-05,-0.1534709644355645
1,B_svc,2,0.4524543757530584,4,WLS,45,0.0002671060744163234,0.4521872696786421
1,B_svc,2,0.4701608987813483,4,MAP_SCADA,45,0.017973629102706223,0.4521872696786421
1,B_svc,2,0.4524686248235891,4,MAP_PMU,45,0.0002813551449470375,0.4521872696786421
4,UPFC_Vse,5-15,0.0549739757216119,4,WLS,45,0.0003854368688968948,0.054588538852715
4,UPFC_Vse,5-15,0.0553781376606521,4,MAP_SCADA,45,0.0007895988079371016,0.054588538852715
4,UPFC_Vse,5-15,0.0549766165511721,4,MAP_PMU,45,0.0003880776984570983,0.054588538852715
2,UPFC_Vsh,5-15,1.111115780719835,4,WLS,45,0.0006093890937617363,1.1117251698135968
2,UPFC_Vsh,5-15,1.1102891671427044,4,MAP_SCADA,45,0.001436002670892389,1.1117251698135968
2,UPFC_Vsh,5-15,1.111110911983166,4,MAP_PMU,45,0.0006142578304308977,1.1117251698135968
5,UPFC_tse,5-15,-2.0967795777620992,4,WLS,45,0.0008267413257394551,-2.0959528364363598
5,UPFC_tse,5-15,-2.0987166470387293,4,MAP_SCADA,45,0.002763810602369521,-2.0959528364363598
5,UPFC_tse,5-15,-2.096796750673483,4,MAP_PMU,45,0.0008439142371230446,-2.0959528364363598
3,UPFC_tsh,5-15,-0.2339505206915422,4,WLS,45,1.717004989371107e-05,-0.2339333506416485
3,UPFC_tsh,5-15,-0.2332377355911988,4,MAP_SCADA,45,0.0006956150504496827,-0.2339333506416485
3,UPFC_tsh,5-15,-0.2339517211702828,4,MAP_PMU,45,1.8370528634292782e-05,-0.2339333506416485
0,x_tcsc,1-14,-0.153468431250849,5,WLS,45,2.5331847154919096e-06,-0.1534709644355645
0,x_tcsc,1-14,-0.1559556818058403,5,MAP_SCADA,45,0.0024847173702758074,-0.1534709644355645
0,x_tcsc,1-14,-0.1534962996007832,5,MAP_PMU,45,2.533516521871504e-05,-0.1534709644355645
1,B_svc,2,0.4524072144610032,5,WLS,45,0.00021994478236109227,0.4521872696786421
1,B_svc,2,0.4615353750014238,5,MAP_SCADA,45,0.009348105322781686,0.4521872696786421
1,B_svc,2,0.452443897892462,5,MAP_PMU,45,0.0002566282138198872,0.4521872696786421
4,UPFC_Vse,5-15,0.0545814393318924,5,WLS,45,7.099520822603789e-06,0.054588538852715
4,UPFC_Vse,5-15,0.0545602489493132,5,MAP_SCADA,45,2.82899034017986e-05,0.054588538852715
4,UPFC_Vse,5-15,0.054585186726752,5,MAP_PMU,45,3.3521259630020506e-06,0.054588538852715
2,UPFC_Vsh,5-15,1.1109008990717937,5,WLS,45,0.0008242707418031348,1.1117251698135968
2,UPFC_Vsh,5-15,1.1115793564576082,5,MAP_SCADA,45,0.0001458133559886221,1.1117251698135968
2,UPFC_Vsh,5-15,1.1108929706874722,5,MAP_PMU,45,0.0008321991261246442,1.1117251698135968
5,UPFC_tse,5-15,-2.09822468108832,5,WLS,45,0.0022718446519602864,-2.0959528364363598
5,UPFC_tse,5-15,-2.096598908826428,5,MAP_SCADA,45,0.0006460723900683085,-2.0959528364363598
5,UPFC_tse,5-15,-2.098221398594216,5,MAP_PMU,45,0.002268562157856202,-2.0959528364363598
3,UPFC_tsh,5-15,-0.2339639187200102,5,WLS,45,3.05680783617146e-05,-0.2339333506416485
3,UPFC_tsh,5-15,-0.2320082693991724,5,MAP_SCADA,45,0.00192508124247609,-0.2339333506416485
3,UPFC_tsh,5-15,-0.233965866456982,5,MAP_PMU,45,3.251581533350589e-05,-0.2339333506416485
0,x_tcsc,1-14,-0.1534787257788429,6,WLS,45,7.761343278400723e-06,-0.1534709644355645
0,x_tcsc,1-14,-0.154285651549894,6,MAP_SCADA,45,0.0008146871143294987,-0.1534709644355645
0,x_tcsc,1-14,-0.1534878366463513,6,MAP_PMU,45,1.6872210786805786e-05,-0.1534709644355645
1,B_svc,2,0.4521393566175865,6,WLS,45,4.791306105561555e-05,0.4521872696786421
1,B_svc,2,0.4667919889623746,6,MAP_SCADA,45,0.014604719283732526,0.4521872696786421
1,B_svc,2,0.4521754785481829,6,MAP_PMU,45,1.179113045918223e-05,0.4521872696786421
4,UPFC_Vse,5-15,0.054565984011501,6,WLS,45,2.2554841214002253e-05,0.054588538852715
4,UPFC_Vse,5-15,0.0546368575602763,6,MAP_SCADA,45,4.83187075612998e-05,0.054588538852715
4,UPFC_Vse,5-15,0.0545669245657898,6,MAP_PMU,45,2.161428692520201e-05,0.054588538852715
2,UPFC_Vsh,5-15,1.1111464860658855,6,WLS,45,0.000578683747711306,1.1117251698135968
2,UPFC_Vsh,5-15,1.1127047894322617,6,MAP_SCADA,45,0.0009796196186648842,1.1117251698135968
2,UPFC_Vsh,5-15,1.1111442358108716,6,MAP_PMU,45,0.0005809340027251864,1.1117251698135968
5,UPFC_tse,5-15,-2.100057243386648,6,WLS,45,0.00410440695028802,-2.0959528364363598
5,UPFC_tse,5-15,-2.097793283697018,6,MAP_SCADA,45,0.001840447260658351,-2.0959528364363598
5,UPFC_tse,5-15,-2.100055544943335,6,MAP_PMU,45,0.004102708506975361,-2.0959528364363598
3,UPFC_tsh,5-15,-0.2339030593667439,6,WLS,45,3.029127490458694e-05,-0.2339333506416485
3,UPFC_tsh,5-15,-0.2331385786067991,6,MAP_SCADA,45,0.0007947720348494003,-0.2339333506416485
3,UPFC_tsh,5-15,-0.2339038719145974,6,MAP_PMU,45,2.947872705108545e-05,-0.2339333506416485
0,x_tcsc,1-14,-0.1534708494987552,7,WLS,45,1.1493680929230976e-07,-0.1534709644355645
0,x_tcsc,1-14,-0.1538507206025142,7,MAP_SCADA,45,0.0003797561669497129,-0.1534709644355645
0,x_tcsc,1-14,-0.1534698939743194,7,MAP_PMU,45,1.0704612450895823e-06,-0.1534709644355645
1,B_svc,2,0.4521138645603164,7,WLS,45,7.340511832570895e-05,0.4521872696786421
1,B_svc,2,0.4574778902719384,7,MAP_SCADA,45,0.005290620593296325,0.4521872696786421
1,B_svc,2,0.4521243581597068,7,MAP_PMU,45,6.291151893528246e-05,0.4521872696786421
4,UPFC_Vse,5-15,0.0551161288175692,7,WLS,45,0.0005275899648541985,0.054588538852715
4,UPFC_Vse,5-15,0.0553480307531179,7,MAP_SCADA,45,0.0007594919004028991,0.054588538852715
4,UPFC_Vse,5-15,0.0551155290686457,7,MAP_PMU,45,0.000526990215930695,0.054588538852715
2,UPFC_Vsh,5-15,1.111065533908776,7,WLS,45,0.0006596359048207656,1.1117251698135968
2,UPFC_Vsh,5-15,1.1132311111641209,7,MAP_SCADA,45,0.0015059413505240649,1.1117251698135968
2,UPFC_Vsh,5-15,1.1110646038262104,7,MAP_PMU,45,0.0006605659873863967,1.1117251698135968
5,UPFC_tse,5-15,-2.0996358943831326,7,WLS,45,0.0036830579467728164,-2.0959528364363598
5,UPFC_tse,5-15,-2.099134201328418,7,MAP_SCADA,45,0.003181364892058447,-2.0959528364363598
5,UPFC_tse,5-15,-2.099642279996609,7,MAP_PMU,45,0.0036894435602490283,-2.0959528364363598
3,UPFC_tsh,5-15,-0.2339654575542999,7,WLS,45,3.2106912651402864e-05,-0.2339333506416485
3,UPFC_tsh,5-15,-0.2328764806224023,7,MAP_SCADA,45,0.0010568700192462033,-0.2339333506416485
3,UPFC_tsh,5-15,-0.2339657284917858,7,MAP_PMU,45,3.2377850137293995e-05,-0.2339333506416485
0,x_tcsc,1-14,-0.153480126978985,8,WLS,45,9.162543420510039e-06,-0.1534709644355645
0,x_tcsc,1-14,-0.1542986818918144,8,MAP_SCADA,45,0.0008277174562499046,-0.1534709644355645
0,x_tcsc,1-14,-0.153490363954115,8,MAP_PMU,45,1.9399518550511363e-05,-0.1534709644355645
1,B_svc,2,0.4517617282100493,8,WLS,45,0.00042554146859280495,0.4521872696786421
1,B_svc,2,0.4684439903946154,8,MAP_SCADA,45,0.016256720715973283,0.4521872696786421
1,B_svc,2,0.4517459587722738,8,MAP_PMU,45,0.0004413109063682863,0.4521872696786421
4,UPFC_Vse,5-15,0.0545000046074309,8,WLS,45,8.853424528409981e-05,0.054588538852715
4,UPFC_Vse,5-15,0.0546113657831081,8,MAP_SCADA,45,2.2826930393099465e-05,0.054588538852715
4,UPFC_Vse,5-15,0.0545002883269593,8,MAP_PMU,45,8.825052575570091e-05,0.054588538852715
2,UPFC_Vsh,5-15,1.1107033330616811,8,WLS,45,0.0010218367519156946,1.1117251698135968
2,UPFC_Vsh,5-15,1.1083594368083318,8,MAP_SCADA,45,0.0033657330052649925,1.1117251698135968
2,UPFC_Vsh,5-15,1.110700435803081,8,MAP_PMU,45,0.0010247340105158376,1.1117251698135968
5,UPFC_tse,5-15,-2.098676297539868,8,WLS,45,0.0027234611035082956,-2.0959528364363598
5,UPFC_tse,5-15,-2.1021588530142,8,MAP_SCADA,45,0.0062060165778401455,-2.0959528364363598
5,UPFC_tse,5-15,-2.0986845764834103,8,MAP_PMU,45,0.002731740047050568,-2.0959528364363598
3,UPFC_tsh,5-15,-0.2339516514639367,8,WLS,45,1.8300822288208618e-05,-0.2339333506416485
3,UPFC_tsh,5-15,-0.2345607245766876,8,MAP_SCADA,45,0.0006273739350391161,-0.2339333506416485
3,UPFC_tsh,5-15,-0.2339519828160223,8,MAP_PMU,45,1.8632174373811594e-05,-0.2339333506416485
0,x_tcsc,1-14,-0.1534638589209388,9,WLS,45,7.105514625682652e-06,-0.1534709644355645
0,x_tcsc,1-14,-0.154519894498489,9,MAP_SCADA,45,0.0010489300629245024,-0.1534709644355645
0,x_tcsc,1-14,-0.1534785260774571,9,MAP_PMU,45,7.561641892611659e-06,-0.1534709644355645
1,B_svc,2,0.4520193921095776,9,WLS,45,0.0001678775690645007,0.4521872696786421
1,B_svc,2,0.4662146416727125,9,MAP_SCADA,45,0.014027371994070392,0.4521872696786421
1,B_svc,2,0.4520153431781207,9,MAP_PMU,45,0.00017192650052139102,0.4521872696786421
4,UPFC_Vse,5-15,0.054836543875226,9,WLS,45,0.0002480050225109956,0.054588538852715
4,UPFC_Vse,5-15,0.0548439844175026,9,MAP_SCADA,45,0.0002554455647875986,0.054588538852715
4,UPFC_Vse,5-15,0.0548374344425741,9,MAP_PMU,45,0.00024889558985909804,0.054588538852715
2,UPFC_Vsh,5-15,1.1112365021795605,9,WLS,45,0.0004886676340363216,1.1117251698135968
2,UPFC_Vsh,5-15,1.1098736574487926,9,MAP_SCADA,45,0.0018515123648041865,1.1117251698135968
2,UPFC_Vsh,5-15,1.1112349050806107,9,MAP_PMU,45,0.0004902647329860788,1.1117251698135968
5,UPFC_tse,5-15,-2.095871942611323,9,WLS,45,8.089382503673193e-05,-2.0959528364363598
5,UPFC_tse,5-15,-2.0982522157628223,9,MAP_SCADA,45,0.002299379326462514,-2.0959528364363598
5,UPFC_tse,5-15,-2.095868427172102,9,MAP_PMU,45,8.440926425778983e-05,-2.0959528364363598
3,UPFC_tsh,5-15,-0.2339303662600173,9,WLS,45,2.9843816312102867e-06,-0.2339333506416485
3,UPFC_tsh,5-15,-0.2339621019398127,9,MAP_SCADA,45,2.875129816420907e-05,-0.2339333506416485
3,UPFC_tsh,5-15,-0.2339308332215607,9,MAP_PMU,45,2.517420087805311e-06,-0.2339333506416485
0,x_tcsc,1-14,-0.1542843125625677,0,WLS,46,2.3455318965304173e-05,-0.154307767881533
0,x_tcsc,1-14,-0.1552551668162382,0,MAP_SCADA,46,0.0009473989347051903,-0.154307767881533
0,x_tcsc,1-14,-0.1542912476059059,0,MAP_PMU,46,1.652027562709657e-05,-0.154307767881533
1,B_svc,2,0.4611185783436757,0,WLS,46,0.00031451873366428185,0.46143309707734
1,B_svc,2,0.4681300993122599,0,MAP_SCADA,46,0.006697002234919924,0.46143309707734
1,B_svc,2,0.4611128151487098,0,MAP_PMU,46,0.0003202819286302061,0.46143309707734
4,UPFC_Vse,5-15,0.0548801323654044,0,WLS,46,4.330799145559755e-05,0.0548368243739488
4,UPFC_Vse,5-15,0.0549227545807145,0,MAP_SCADA,46,8.593020676569973e-05,0.0548368243739488
4,UPFC_Vse,5-15,0.0548800859174132,0,MAP_PMU,46,4.326154346440125e-05,0.0548368243739488
2,UPFC_Vsh,5-15,1.1109278770694486,0,WLS,46,0.0003500839292305269,1.1112779609986791
2,UPFC_Vsh,5-15,1.109219806879187,0,MAP_SCADA,46,0.0020581541194921726,1.1112779609986791
2,UPFC_Vsh,5-15,1.110927528800735,0,MAP_PMU,46,0.0003504321979441727,1.1112779609986791
5,UPFC_tse,5-15,-2.099378511290746,0,WLS,46,0.001897438036750465,-2.0974810732539955
5,UPFC_tse,5-15,-2.098640903283867,0,MAP_SCADA,46,0.0011598300298714115,-2.0974810732539955
5,UPFC_tse,5-15,-2.0993768128535018,0,MAP_PMU,46,0.0018957395995062853,-2.0974810732539955
3,UPFC_tsh,5-15,-0.2332734912584994,0,WLS,46,1.775560959901834e-05,-0.2332912468680984
3,UPFC_tsh,5-15,-0.2330218017790698,0,MAP_SCADA,46,0.0002694450890285971,-0.2332912468680984
3,UPFC_tsh,5-15,-0.2332737015055174,0,MAP_PMU,46,1.75453625810007e-05,-0.2332912468680984
0,x_tcsc,1-14,-0.154327188824883,1,WLS,46,1.942094335000144e-05,-0.154307767881533
0,x_tcsc,1-14,-0.1550033830785958,1,MAP_SCADA,46,0.0006956151970627933,-0.154307767881533
0,x_tcsc,1-14,-0.1543276863817161,1,MAP_PMU,46,1.9918500183097043e-05,-0.154307767881533
1,B_svc,2,0.4617956065395868,1,WLS,46,0.00036250946224680725,0.46143309707734
1,B_svc,2,0.4615185256559382,1,MAP_SCADA,46,8.542857859822339e-05,0.46143309707734
1,B_svc,2,0.4617970977559835,1,MAP_PMU,46,0.0003640006786435057,0.46143309707734
4,UPFC_Vse,5-15,0.0552457780546986,1,WLS,46,0.0004089536807498004,0.0548368243739488
4,UPFC_Vse,5-15,0.0551318022512095,1,MAP_SCADA,46,0.00029497787726069646,0.0548368243739488
4,UPFC_Vse,5-15,0.0552458629208319,1,MAP_PMU,46,0.0004090385468830948,0.0548368243739488
2,UPFC_Vsh,5-15,1.110774744061919,1,WLS,46,0.0005032169367602535,1.1112779609986791
2,UPFC_Vsh,5-15,1.111288466604513,1,MAP_SCADA,46,1.0505605833932563e-05,1.1112779609986791
2,UPFC_Vsh,5-15,1.1107749483156335,1,MAP_PMU,46,0.000503012683045645,1.1112779609986791
5,UPFC_tse,5-15,-2.09617306484263,1,WLS,46,0.0013080084113652468,-2.0974810732539955
5,UPFC_tse,5-15,-2.094762586398,1,MAP_SCADA,46,0.0027184868559952946,-2.0974810732539955
5,UPFC_tse,5-15,-2.096173415587095,1,MAP_PMU,46,0.0013076576669006634,-2.0974810732539955
3,UPFC_tsh,5-15,-0.2332963744402656,1,WLS,46,5.1275721671961705e-06,-0.2332912468680984
3,UPFC_tsh,5-15,-0.2322641810080754,1,MAP_SCADA,46,0.0010270658600230187,-0.2332912468680984
3,UPFC_tsh,5-15,-0.2332964353941131,1,MAP_PMU,46,5.188526014693329e-06,-0.2332912468680984
0,x_tcsc,1-14,-0.1543041758526813,2,WLS,46,3.5920288516955168e-06,-0.154307767881533
0,x_tcsc,1-14,-0.155410840079784,2,MAP_SCADA,46,0.0011030721982510094,-0.154307767881533
0,x_tcsc,1-14,-0.1543123006719935,2,MAP_PMU,46,4.532790460504144e-06,-0.154307767881533
1,B_svc,2,0.4613762799582936,2,WLS,46,5.6817119046370657e-05,0.46143309707734
1,B_svc,2,0.4657500130065091,2,MAP_SCADA,46,0.004316915929169107,0.46143309707734
1,B_svc,2,0.461383691547172,2,MAP_PMU,46,4.940553016796745e-05,0.46143309707734
4,UPFC_Vse,5-15,0.0545650601680988,2,WLS,46,0.00027176420585000444,0.0548368243739488
4,UPFC_Vse,5-15,0.0545301163713877,2,MAP_SCADA,46,0.0003067080025610999,0.0548368243739488
4,UPFC_Vse,5-15,0.0545658776569665,2,MAP_PMU,46,0.000270946716982301,0.0548368243739488
2,UPFC_Vsh,5-15,1.1108210319613057,2,WLS,46,0.000456929037373488,1.1112779609986791
2,UPFC_Vsh,5-15,1.1118352177443702,2,MAP_SCADA,46,0.0005572567456910704,1.1112779609986791
2,UPFC_Vsh,5-15,1.1108185073712808,2,MAP_PMU,46,0.00045945362739829854,1.1112779609986791
5,UPFC_tse,5-15,-2.097395947625712,2,WLS,46,8.512562828366654e-05,-2.0974810732539955
5,UPFC_tse,5-15,-2.096498705934241,2,MAP_SCADA,46,0.0009823673197546512,-2.0974810732539955
5,UPFC_tse,5-15,-2.097395843767093,2,MAP_PMU,46,8.522948690226073e-05,-2.0974810732539955
3,UPFC_tsh,5-15,-0.2332949460718318,2,WLS,46,3.6992037333871686e-06,-0.2332912468680984
3,UPFC_tsh,5-15,-0.2322619986911179,2,MAP_SCADA,46,0.0010292481769804962,-0.2332912468680984
3,UPFC_tsh,5-15,-0.2332953264650559,2,MAP_PMU,46,4.079596957501375e-06,-0.2332912468680984
0,x_tcsc,1-14,-0.1542967036609706,3,WLS,46,1.1064220562406746e-05,-0.154307767881533
0,x_tcsc,1-14,-0.1556611265370181,3,MAP_SCADA,46,0.0013533586554851096,-0.154307767881533
0,x_tcsc,1-14,-0.1542938303359542,3,MAP_PMU,46,1.3937545578796007e-05,-0.154307767881533
1,B_svc,2,0.4614364014422293,3,WLS,46,3.3043648893227306e-06,0.46143309707734
1,B_svc,2,0.4573828339866937,3,MAP_SCADA,46,0.004050263090646267,0.46143309707734
1,B_svc,2,0.461436546357261,3,MAP_PMU,46,3.44927992101951e-06,0.46143309707734
4,UPFC_Vse,5-15,0.0549809950991227,3,WLS,46,0.00014417072517389912,0.0548368243739488
4,UPFC_Vse,5-15,0.0545741302195165,3,MAP_SCADA,46,0.0002626941544323011,0.0548368243739488
4,UPFC_Vse,5-15,0.0549811837118968,3,MAP_PMU,46,0.0001443593379479996,0.0548368243739488
2,UPFC_Vsh,5-15,1.1115049183923944,3,WLS,46,0.0002269573937152547,1.1112779609986791
2,UPFC_Vsh,5-15,1.114338337383613,3,MAP_SCADA,46,0.0030603763849339494,1.1112779609986791
2,UPFC_Vsh,5-15,1.1115025132627303,3,MAP_PMU,46,0.0002245522640511588,1.1112779609986791
5,UPFC_tse,5-15,-2.100686235091183,3,WLS,46,0.0032051618371875534,-2.0974810732539955
5,UPFC_tse,5-15,-2.096462536434822,3,MAP_SCADA,46,0.001018536819173299,-2.0974810732539955
5,UPFC_tse,5-15,-2.100698946803408,3,MAP_PMU,46,0.0032178735494126087,-2.0974810732539955
3,UPFC_tsh,5-15,-0.2333158610576277,3,WLS,46,2.461418952928729e-05,-0.2332912468680984
3,UPFC_tsh,5-15,-0.2309826968418172,3,MAP_SCADA,46,0.0023085500262812197,-0.2332912468680984
3,UPFC_tsh,5-15,-0.2333162295169981,3,MAP_PMU,46,2.4982648899690707e-05,-0.2332912468680984
0,x_tcsc,1-14,-0.154319991325768,4,WLS,46,1.2223444235015535e-05,-0.154307767881533
0,x_tcsc,1-14,-0.1550909292439212,4,MAP_SCADA,46,0.0007831613623882072,-0.154307767881533
0,x_tcsc,1-14,-0.1543267061735751,4,MAP_PMU,46,1.893829204210884e-05,-0.154307767881533
1,B_svc,2,0.4616944483354183,4,WLS,46,0.00026135125807830173,0.46143309707734
1,B_svc,2,0.4701608987813483,4,MAP_SCADA,46,0.008727801704008331,0.46143309707734
1,B_svc,2,0.4616934805301658,4,MAP_PMU,46,0.00026038345282580755,0.46143309707734
4,UPFC_Vse,5-15,0.055065201045362,4,WLS,46,0.00022837667141319823,0.0548368243739488
4,UPFC_Vse,5-15,0.0553781376606521,4,MAP_SCADA,46,0.0005413132867033016,0.0548368243739488
4,UPFC_Vse,5-15,0.0550657755681679,4,MAP_PMU,46,0.0002289511942190972,0.0548368243739488
2,UPFC_Vsh,5-15,1.1111316319124735,4,WLS,46,0.0001463290862055988,1.1112779609986791
2,UPFC_Vsh,5-15,1.1102891671427044,4,MAP_SCADA,46,0.0009887938559747234,1.1112779609986791
2,UPFC_Vsh,5-15,1.1111306739650633,4,MAP_PMU,46,0.0001472870336158838,1.1112779609986791
5,UPFC_tse,5-15,-2.097053201436081,4,WLS,46,0.0004278718179144825,-2.0974810732539955
5,UPFC_tse,5-15,-2.0987166470387293,4,MAP_SCADA,46,0.0012355737847338233,-2.0974810732539955
5,UPFC_tse,5-15,-2.0970630956804595,4,MAP_PMU,46,0.0004179775735360103,-2.0974810732539955
3,UPFC_tsh,5-15,-0.2333009894892269,4,WLS,46,9.742621128489004e-06,-0.2332912468680984
3,UPFC_tsh,5-15,-0.2332377355911988,4,MAP_SCADA,46,5.3511276899592675e-05,-0.2332912468680984
3,UPFC_tsh,5-15,-0.2333012093271206,4,MAP_PMU,46,9.962459022183623e-06,-0.2332912468680984
0,x_tcsc,1-14,-0.1543008501465014,5,WLS,46,6.917735031586325e-06,-0.154307767881533
0,x_tcsc,1-14,-0.1559556818058403,5,MAP_SCADA,46,0.0016479139243072982,-0.154307767881533
0,x_tcsc,1-14,-0.1543050202586653,5,MAP_PMU,46,2.747622867699251e-06,-0.154307767881533
1,B_svc,2,0.4616490721146973,5,WLS,46,0.00021597503735731882,0.46143309707734
1,B_svc,2,0.4615353750014238,5,MAP_SCADA,46,0.00010227792408379344,0.46143309707734
1,B_svc,2,0.4616563351138043,5,MAP_PMU,46,0.00022323803646429052,0.46143309707734
4,UPFC_Vse,5-15,0.0546730714907504,5,WLS,46,0.00016375288319839948,0.0548368243739488
4,UPFC_Vse,5-15,0.0545602489493132,5,MAP_SCADA,46,0.00027657542463559864,0.0548368243739488
4,UPFC_Vse,5-15,0.0546740570678273,5,MAP_PMU,46,0.0001627673061215043,0.0548368243739488
2,UPFC_Vsh,5-15,1.1109161481640706,5,WLS,46,0.00036181283460856584,1.1112779609986791
2,UPFC_Vsh,5-15,1.1115793564576082,5,MAP_SCADA,46,0.0003013954589290435,1.1112779609986791
2,UPFC_Vsh,5-15,1.1109137286746191,5,MAP_PMU,46,0.00036423232406002093,1.1112779609986791
5,UPFC_tse,5-15,-2.0985059207020798,5,WLS,46,0.0010248474480842873,-2.0974810732539955
5,UPFC_tse,5-15,-2.096598908826428,5,MAP_SCADA,46,0.000882164427567389,-2.0974810732539955
5,UPFC_tse,5-15,-2.0985063448454757,5,MAP_PMU,46,0.001025271591480248,-2.0974810732539955
3,UPFC_tsh,5-15,-0.2333144794086471,5,WLS,46,2.3232540548701053e-05,-0.2332912468680984
3,UPFC_tsh,5-15,-0.2320082693991724,5,MAP_SCADA,46,0.0012829774689259998,-0.2332912468680984
3,UPFC_tsh,5-15,-0.2333149882527545,5,MAP_PMU,46,2.3741384656106312e-05,-0.2332912468680984
0,x_tcsc,1-14,-0.1543112656653477,6,WLS,46,3.497783814698785e-06,-0.154307767881533
0,x_tcsc,1-14,-0.154285651549894,6,MAP_SCADA,46,2.21163316390105e-05,-0.154307767881533
0,x_tcsc,1-14,-0.1543112323490819,6,MAP_PMU,46,3.4644675488970655e-06,-0.154307767881533
1,B_svc,2,0.4613760619598214,6,WLS,46,5.703511751858903e-05,0.46143309707734
1,B_svc,2,0.4667919889623746,6,MAP_SCADA,46,0.005358891885034633,0.46143309707734
1,B_svc,2,0.4613840582008068,6,MAP_PMU,46,4.903887653318062e-05,0.46143309707734
4,UPFC_Vse,5-15,0.054657791820226,6,WLS,46,0.00017903255372279936,0.0548368243739488
4,UPFC_Vse,5-15,0.0546368575602763,6,MAP_SCADA,46,0.00019996681367250024,0.0548368243739488
4,UPFC_Vse,5-15,0.0546573222541966,6,MAP_PMU,46,0.00017950211975219926,0.0548368243739488
2,UPFC_Vsh,5-15,1.1111622021536405,6,WLS,46,0.00011575884503867151,1.1112779609986791
2,UPFC_Vsh,5-15,1.1127047894322617,6,MAP_SCADA,46,0.0014268284335825498,1.1112779609986791
2,UPFC_Vsh,5-15,1.1111617800744538,6,MAP_PMU,46,0.00011618092422538417,1.1112779609986791
5,UPFC_tse,5-15,-2.100332096425349,6,WLS,46,0.0028510231713534395,-2.0974810732539955
5,UPFC_tse,5-15,-2.097793283697018,6,MAP_SCADA,46,0.00031221044302265355,-2.0974810732539955
5,UPFC_tse,5-15,-2.100334217116788,6,MAP_PMU,46,0.00285314386279234,-2.0974810732539955
3,UPFC_tsh,5-15,-0.2332537049798041,6,WLS,46,3.754188829430127e-05,-0.2332912468680984
3,UPFC_tsh,5-15,-0.2331385786067991,6,MAP_SCADA,46,0.00015266826129931022,-0.2332912468680984
3,UPFC_tsh,5-15,-0.2332538007118114,6,MAP_PMU,46,3.744615628700765e-05,-0.2332912468680984
0,x_tcsc,1-14,-0.154303333807593,7,WLS,46,4.434073939990624e-06,-0.154307767881533
0,x_tcsc,1-14,-0.1538507206025142,7,MAP_SCADA,46,0.00045704727901879627,-0.154307767881533
0,x_tcsc,1-14,-0.1543061107233234,7,MAP_PMU,46,1.657158209600329e-06,-0.154307767881533
1,B_svc,2,0.4613543570731726,7,WLS,46,7.874000416735472e-05,0.46143309707734
1,B_svc,2,0.4574778902719384,7,MAP_SCADA,46,0.003955206805401568,0.46143309707734
1,B_svc,2,0.4613404880874762,7,MAP_PMU,46,9.260898986379607e-05,0.46143309707734
4,UPFC_Vse,5-15,0.0552083453878662,7,WLS,46,0.0003715210139174016,0.0548368243739488
4,UPFC_Vse,5-15,0.0553480307531179,7,MAP_SCADA,46,0.0005112063791690991,0.0548368243739488
4,UPFC_Vse,5-15,0.0552072899722329,7,MAP_PMU,46,0.00037046559828409625,0.0548368243739488
2,UPFC_Vsh,5-15,1.1110802780215827,7,WLS,46,0.00019768297709643612,1.1112779609986791
2,UPFC_Vsh,5-15,1.1132311111641209,7,MAP_SCADA,46,0.0019531501654417305,1.1112779609986791
2,UPFC_Vsh,5-15,1.111081345415906,7,MAP_PMU,46,0.00019661558277306312,1.1112779609986791
5,UPFC_tse,5-15,-2.0998955608251664,7,WLS,46,0.002414487571170909,-2.0974810732539955
5,UPFC_tse,5-15,-2.099134201328418,7,MAP_SCADA,46,0.0016531280744227494,-2.0974810732539955
5,UPFC_tse,5-15,-2.099894922265302,7,MAP_PMU,46,0.002413849011306368,-2.0974810732539955
3,UPFC_tsh,5-15,-0.2333161163351049,7,WLS,46,2.4869467006499724e-05,-0.2332912468680984
3,UPFC_tsh,5-15,-0.2328764806224023,7,MAP_SCADA,46,0.0004147662456961132,-0.2332912468680984
3,UPFC_tsh,5-15,-0.2333159488423462,7,MAP_PMU,46,2.4701974247781644e-05,-0.2332912468680984
0,x_tcsc,1-14,-0.1543123138739432,8,WLS,46,4.545992410204258e-06,-0.154307767881533
0,x_tcsc,1-14,-0.1542986818918144,8,MAP_SCADA,46,9.085989718604637e-06,-0.154307767881533
0,x_tcsc,1-14,-0.1543117135651818,8,MAP_PMU,46,3.945683648809428e-06,-0.154307767881533
1,B_svc,2,0.4609976113489847,8,WLS,46,0.0004354857283552782,0.46143309707734
1,B_svc,2,0.4684439903946154,8,MAP_SCADA,46,0.007010893317275391,0.46143309707734
1,B_svc,2,0.4609872570738321,8,MAP_PMU,46,0.0004458400035078913,0.46143309707734
4,UPFC_Vse,5-15,0.0545915663410238,8,WLS,46,0.0002452580329250012,0.0548368243739488
4,UPFC_Vse,5-15,0.0546113657831081,8,MAP_SCADA,46,0.00022545859084070058,0.0548368243739488
4,UPFC_Vse,5-15,0.0545904955517114,8,MAP_PMU,46,0.0002463288222374002,0.0548368243739488
2,UPFC_Vsh,5-15,1.1107183562769087,8,WLS,46,0.0005596047217704125,1.1112779609986791
2,UPFC_Vsh,5-15,1.1083594368083318,8,MAP_SCADA,46,0.002918524190347327,1.1112779609986791
2,UPFC_Vsh,5-15,1.1107179839912256,8,MAP_PMU,46,0.0005599770074535826,1.1112779609986791
5,UPFC_tse,5-15,-2.098959714327685,8,WLS,46,0.0014786410736893352,-2.0974810732539955
5,UPFC_tse,5-15,-2.1021588530142,8,MAP_SCADA,46,0.004677779760204448,-2.0974810732539955
5,UPFC_tse,5-15,-2.0989655122879154,8,MAP_PMU,46,0.0014844390339199265,-2.0974810732539955
3,UPFC_tsh,5-15,-0.2333020896752503,8,WLS,46,1.0842807151884015e-05,-0.2332912468680984
3,UPFC_tsh,5-15,-0.2345607245766876,8,MAP_SCADA,46,0.0012694777085892062,-0.2332912468680984
3,UPFC_tsh,5-15,-0.2333019940035546,8,MAP_PMU,46,1.0747135456207202e-05,-0.2332912468680984
0,x_tcsc,1-14,-0.1542962455580294,9,WLS,46,1.152232350359883e-05,-0.154307767881533
0,x_tcsc,1-14,-0.154519894498489,9,MAP_SCADA,46,0.00021212661695599322,-0.154307767881533
0,x_tcsc,1-14,-0.1542972023087272,9,MAP_PMU,46,1.0565572805792955e-05,-0.154307767881533
1,B_svc,2,0.4612512943788258,9,WLS,46,0.0001818026985141996,0.46143309707734
1,B_svc,2,0.4662146416727125,9,MAP_SCADA,46,0.0047815445953725,0.46143309707734
1,B_svc,2,0.4612460786269127,9,MAP_PMU,46,0.00018701845042728982,0.46143309707734
4,UPFC_Vse,5-15,0.0549282087564553,9,WLS,46,9.138438250649861e-05,0.0548368243739488
4,UPFC_Vse,5-15,0.0548439844175026,9,MAP_SCADA,46,7.160043553798567e-06,0.0548368243739488
4,UPFC_Vse,5-15,0.054928009686223,9,MAP_PMU,46,9.118531227420013e-05,0.0548368243739488
2,UPFC_Vsh,5-15,1.1112517479005652,9,WLS,46,2.6213098113903044e-05,1.1112779609986791
2,UPFC_Vsh,5-15,1.1098736574487926,9,MAP_SCADA,46,0.0014043035498865208,1.1112779609986791
2,UPFC_Vsh,5-15,1.1112518628747103,9,MAP_PMU,46,2.6098123968809617e-05,1.1112779609986791
5,UPFC_tse,5-15,-2.096149597437829,9,WLS,46,0.0013314758161664386,-2.0974810732539955
5,UPFC_tse,5-15,-2.0982522157628223,9,MAP_SCADA,46,0.0007711425088268165,-2.0974810732539955
5,UPFC_tse,5-15,-2.096145536643863,9,MAP_PMU,46,0.001335536610132415,-2.0974810732539955
3,UPFC_tsh,5-15,-0.2332811109776138,9,WLS,46,1.0135890484597176e-05,-0.2332912468680984
3,UPFC_tsh,5-15,-0.2339621019398127,9,MAP_SCADA,46,0.0006708550717142991,-0.2332912468680984
3,UPFC_tsh,5-15,-0.2332811135397705,9,MAP_PMU,46,1.0133328327915914e-05,-0.2332912468680984
0,x_tcsc,1-14,-0.1537507458293243,0,WLS,47,1.8286856303589838e-05,-0.1537690326856279
0,x_tcsc,1-14,-0.1552551668162382,0,MAP_SCADA,47,0.0014861341306103004,-0.1537690326856279
0,x_tcsc,1-14,-0.1537698176237094,0,MAP_PMU,47,7.849380815050377e-07,-0.1537690326856279
1,B_svc,2,0.4550342973294705,0,WLS,47,0.0003166845205097024,0.4553509818499802
1,B_svc,2,0.4681300993122599,0,MAP_SCADA,47,0.012779117462279721,0.4553509818499802
1,B_svc,2,0.4550331518112086,0,MAP_PMU,47,0.00031783003877156046,0.4553509818499802
4,UPFC_Vse,5-15,0.0548951053562149,0,WLS,47,1.5395253935401865e-05,0.0549105006101503
4,UPFC_Vse,5-15,0.0549227545807145,0,MAP_SCADA,47,1.2253970564202188e-05,0.0549105006101503
4,UPFC_Vse,5-15,0.0548962109493054,0,MAP_PMU,47,1.4289660844900298e-05,0.0549105006101503
2,UPFC_Vsh,5-15,1.1109133897033263,0,WLS,47,0.0004958642496533106,1.1114092539529796
2,UPFC_Vsh,5-15,1.109219806879187,0,MAP_SCADA,47,0.0021894470737926497,1.1114092539529796
2,UPFC_Vsh,5-15,1.1109108351878627,0,MAP_PMU,47,0.0004984187651169147,1.1114092539529796
5,UPFC_tse,5-15,-2.0994386695771587,0,WLS,47,0.0008414369573666036,-2.098597232619792
5,UPFC_tse,5-15,-2.098640903283867,0,MAP_SCADA,47,4.36706640747353e-05,-2.098597232619792
5,UPFC_tse,5-15,-2.0994359738923363,0,MAP_PMU,47,0.0008387412725441301,-2.098597232619792
3,UPFC_tsh,5-15,-0.2335855356229941,0,WLS,47,1.474619904237584e-05,-0.2336002818220365
3,UPFC_tsh,5-15,-0.2330218017790698,0,MAP_SCADA,47,0.0005784800429666781,-0.2336002818220365
3,UPFC_tsh,5-15,-0.2335863194892312,0,MAP_PMU,47,1.3962332805289579e-05,-0.2336002818220365
0,x_tcsc,1-14,-0.1537935021979628,1,WLS,47,2.446951233492367e-05,-0.1537690326856279
0,x_tcsc,1-14,-0.1550033830785958,1,MAP_SCADA,47,0.0012343503929679034,-0.1537690326856279
0,x_tcsc,1-14,-0.1538013195797763,1,MAP_PMU,47,3.228689414841446e-05,-0.1537690326856279
1,B_svc,2,0.4557034824395879,1,WLS,47,0.00035250058960772934,0.4553509818499802
1,B_svc,2,0.4615185256559382,1,MAP_SCADA,47,0.00616754380595802,0.4553509818499802
1,B_svc,2,0.455715306248837,1,MAP_PMU,47,0.0003643243988568079,0.4553509818499802
4,UPFC_Vse,5-15,0.0552606372840269,1,WLS,47,0.00035013667387660125,0.0549105006101503
4,UPFC_Vse,5-15,0.0551318022512095,1,MAP_SCADA,47,0.00022130164105919892,0.0549105006101503
4,UPFC_Vse,5-15,0.0552617137934692,1,MAP_PMU,47,0.0003512131833188978,0.0549105006101503
2,UPFC_Vsh,5-15,1.1107610892926325,1,WLS,47,0.000648164660347117,1.1114092539529796
2,UPFC_Vsh,5-15,1.111288466604513,1,MAP_SCADA,47,0.00012078734846654449,1.1114092539529796
2,UPFC_Vsh,5-15,1.110759365780903,1,MAP_PMU,47,0.0006498881720766736,1.1114092539529796
5,UPFC_tse,5-15,-2.0962358033258983,1,WLS,47,0.002361429293893824,-2.098597232619792
5,UPFC_tse,5-15,-2.094762586398,1,MAP_SCADA,47,0.003834646221791971,-2.098597232619792
5,UPFC_tse,5-15,-2.0962350891733146,1,MAP_PMU,47,0.0023621434464775604,-2.098597232619792
3,UPFC_tsh,5-15,-0.2336083596105019,1,WLS,47,8.077788465399305e-06,-0.2336002818220365
3,UPFC_tsh,5-15,-0.2322641810080754,1,MAP_SCADA,47,0.0013361008139610997,-0.2336002818220365
3,UPFC_tsh,5-15,-0.2336089243345843,1,MAP_PMU,47,8.642512547812897e-06,-0.2336002818220365
0,x_tcsc,1-14,-0.1537706511315815,2,WLS,47,1.6184459536161544e-06,-0.1537690326856279
0,x_tcsc,1-14,-0.155410840079784,2,MAP_SCADA,47,0.0016418073941561195,-0.1537690326856279
0,x_tcsc,1-14,-0.1537919017669541,2,MAP_PMU,47,2.2869081326204466e-05,-0.1537690326856279
1,B_svc,2,0.4552929140075318,2,WLS,47,5.806784244838381e-05,0.4553509818499802
1,B_svc,2,0.4657500130065091,2,MAP_SCADA,47,0.010399031156528904,0.4553509818499802
1,B_svc,2,0.4553164075828921,2,MAP_PMU,47,3.457426708808331e-05,0.4553509818499802
4,UPFC_Vse,5-15,0.0545801213057692,2,WLS,47,0.00033037930438110236,0.0549105006101503
4,UPFC_Vse,5-15,0.0545301163713877,2,MAP_SCADA,47,0.00038038423876259747,0.0549105006101503
4,UPFC_Vse,5-15,0.0545822850227452,2,MAP_PMU,47,0.00032821558740509654,0.0549105006101503
2,UPFC_Vsh,5-15,1.1108068316195234,2,WLS,47,0.0006024223334561984,1.1114092539529796
2,UPFC_Vsh,5-15,1.1118352177443702,2,MAP_SCADA,47,0.00042596379139059337,1.1114092539529796
2,UPFC_Vsh,5-15,1.1108014284082597,2,MAP_PMU,47,0.0006078255447199421,1.1114092539529796
5,UPFC_tse,5-15,-2.097456332974132,2,WLS,47,0.0011408996456601095,-2.098597232619792
5,UPFC_tse,5-15,-2.096498705934241,2,MAP_SCADA,47,0.0020985266855513274,-2.098597232619792
5,UPFC_tse,5-15,-2.09745582961855,2,MAP_PMU,47,0.0011414030012422138,-2.098597232619792
3,UPFC_tsh,5-15,-0.2336069545822309,2,WLS,47,6.672760194420535e-06,-0.2336002818220365
3,UPFC_tsh,5-15,-0.2322619986911179,2,MAP_SCADA,47,0.0013382831309185772,-0.2336002818220365
3,UPFC_tsh,5-15,-0.2336080218155927,2,MAP_PMU,47,7.73999355621613e-06,-0.2336002818220365
0,x_tcsc,1-14,-0.1537633098145485,3,WLS,47,5.722871079388847e-06,-0.1537690326856279
0,x_tcsc,1-14,-0.1556611265370181,3,MAP_SCADA,47,0.0018920938513902197,-0.1537690326856279
0,x_tcsc,1-14,-0.153770587321627,3,MAP_PMU,47,1.5546359991014391e-06,-0.1537690326856279
1,B_svc,2,0.4553520153503725,3,WLS,47,1.0335003923223063e-06,0.4553509818499802
1,B_svc,2,0.4573828339866937,3,MAP_SCADA,47,0.00203185213671353,0.4553509818499802
1,B_svc,2,0.4553759551166782,3,MAP_PMU,47,2.4973266698036234e-05,0.4553509818499802
4,UPFC_Vse,5-15,0.0549957027131249,3,WLS,47,8.520210297460057e-05,0.0549105006101503
4,UPFC_Vse,5-15,0.0545741302195165,3,MAP_SCADA,47,0.00033637039063379864,0.0549105006101503
4,UPFC_Vse,5-15,0.0549975827937267,3,MAP_PMU,47,8.708218357639935e-05,0.0549105006101503
2,UPFC_Vsh,5-15,1.1114909964496666,3,WLS,47,8.17424966870206e-05,1.1114092539529796
2,UPFC_Vsh,5-15,1.114338337383613,3,MAP_SCADA,47,0.0029290834306334723,1.1114092539529796
2,UPFC_Vsh,5-15,1.1114853409837708,3,MAP_PMU,47,7.608703079120538e-05,1.1114092539529796
5,UPFC_tse,5-15,-2.100750139921313,3,WLS,47,0.0021529073015207345,-2.098597232619792
5,UPFC_tse,5-15,-2.096462536434822,3,MAP_SCADA,47,0.0021346961849699753,-2.098597232619792
5,UPFC_tse,5-15,-2.1007612341720523,3,MAP_PMU,47,0.002164001552260153,-2.098597232619792
3,UPFC_tsh,5-15,-0.2336279516784272,3,WLS,47,2.7669856390716285e-05,-0.2336002818220365
3,UPFC_tsh,5-15,-0.2309826968418172,3,MAP_SCADA,47,0.0026175849802193007,-0.2336002818220365
3,UPFC_tsh,5-15,-0.2336291235191949,3,MAP_PMU,47,2.8841697158416002e-05,-0.2336002818220365
0,x_tcsc,1-14,-0.1537864132316194,4,WLS,47,1.7380545991513285e-05,-0.1537690326856279
0,x_tcsc,1-14,-0.1550909292439212,4,MAP_SCADA,47,0.0013218965582933173,-0.1537690326856279
0,x_tcsc,1-14,-0.153805079776422,4,MAP_PMU,47,3.604709079410573e-05,-0.1537690326856279
1,B_svc,2,0.4556068282262804,4,WLS,47,0.0002558463763002172,0.4553509818499802
1,B_svc,2,0.4701608987813483,4,MAP_SCADA,47,0.014809916931368128,0.4553509818499802
1,B_svc,2,0.4556135601348561,4,MAP_PMU,47,0.00026257828487591395,0.4553509818499802
4,UPFC_Vse,5-15,0.0550802701578953,4,WLS,47,0.0001697695477450023,0.0549105006101503
4,UPFC_Vse,5-15,0.0553781376606521,4,MAP_SCADA,47,0.00046763705050180404,0.0549105006101503
4,UPFC_Vse,5-15,0.0550819184834265,4,MAP_PMU,47,0.00017141787327620145,0.0549105006101503
2,UPFC_Vsh,5-15,1.1111173845816904,4,WLS,47,0.00029186937128922175,1.1114092539529796
2,UPFC_Vsh,5-15,1.1102891671427044,4,MAP_SCADA,47,0.0011200868102752004,1.1114092539529796
2,UPFC_Vsh,5-15,1.1111141128065882,4,MAP_PMU,47,0.00029514114639139777,1.1114092539529796
5,UPFC_tse,5-15,-2.0971133073040487,4,WLS,47,0.001483925315743484,-2.098597232619792
5,UPFC_tse,5-15,-2.0987166470387293,4,MAP_SCADA,47,0.0001194144189371471,-2.098597232619792
5,UPFC_tse,5-15,-2.0971230018191607,4,MAP_PMU,47,0.0014742308006314708,-2.098597232619792
3,UPFC_tsh,5-15,-0.2336130329519378,4,WLS,47,1.2751129901317215e-05,-0.2336002818220365
3,UPFC_tsh,5-15,-0.2332377355911988,4,MAP_SCADA,47,0.0003625462308376737,-0.2336002818220365
3,UPFC_tsh,5-15,-0.2336137927287028,4,MAP_PMU,47,1.351090666631971e-05,-0.2336002818220365
0,x_tcsc,1-14,-0.1537673612231011,5,WLS,47,1.6714625267755245e-06,-0.1537690326856279
0,x_tcsc,1-14,-0.1559556818058403,5,MAP_SCADA,47,0.0021866491202124083,-0.1537690326856279
0,x_tcsc,1-14,-0.1537852256804198,5,MAP_PMU,47,1.6192994791913717e-05,-0.1537690326856279
1,B_svc,2,0.4555600964705876,5,WLS,47,0.00020911462060740904,0.4553509818499802
1,B_svc,2,0.4615353750014238,5,MAP_SCADA,47,0.00618439315144359,0.4553509818499802
1,B_svc,2,0.4555841039300362,5,MAP_PMU,47,0.0002331220800559919,0.4553509818499802
4,UPFC_Vse,5-15,0.0546879882816139,5,WLS,47,0.00022251232853640057,0.0549105006101503
4,UPFC_Vse,5-15,0.0545602489493132,5,MAP_SCADA,47,0.0003502516608370962,0.0549105006101503
4,UPFC_Vse,5-15,0.0546906265369413,5,MAP_PMU,47,0.00021987407320899627,0.0549105006101503
2,UPFC_Vsh,5-15,1.1109021401153942,5,WLS,47,0.0005071138375853934,1.1114092539529796
2,UPFC_Vsh,5-15,1.1115793564576082,5,MAP_SCADA,47,0.00017010250462856646,1.1114092539529796
2,UPFC_Vsh,5-15,1.1108965625402971,5,MAP_PMU,47,0.0005126914126825088,1.1114092539529796
5,UPFC_tse,5-15,-2.098566342622873,5,WLS,47,3.088999691902572e-05,-2.098597232619792
5,UPFC_tse,5-15,-2.096598908826428,5,MAP_SCADA,47,0.001998323793364065,-2.098597232619792
5,UPFC_tse,5-15,-2.098564735687044,5,MAP_PMU,47,3.2496932748316e-05,-2.098597232619792
3,UPFC_tsh,5-15,-0.233626443122152,5,WLS,47,2.6161300115512542e-05,-0.2336002818220365
3,UPFC_tsh,5-15,-0.2320082693991724,5,MAP_SCADA,47,0.0015920124228640808,-0.2336002818220365
3,UPFC_tsh,5-15,-0.2336277919514445,5,MAP_PMU,47,2.7510129408020445e-05,-0.2336002818220365
0,x_tcsc,1-14,-0.153777631446641,6,WLS,47,8.598761013112188e-06,-0.1537690326856279
0,x_tcsc,1-14,-0.154285651549894,6,MAP_SCADA,47,0.0005166188642660996,-0.1537690326856279
0,x_tcsc,1-14,-0.1537818366976205,6,MAP_PMU,47,1.2804011992606501e-05,-0.1537690326856279
1,B_svc,2,0.4552906973069981,6,WLS,47,6.0284542982069755e-05,0.4553509818499802
1,B_svc,2,0.4667919889623746,6,MAP_SCADA,47,0.01144100711239443,0.4553509818499802
1,B_svc,2,0.4553149023793903,6,MAP_PMU,47,3.6079470589867046e-05,0.4553509818499802
4,UPFC_Vse,5-15,0.054672557701081,6,WLS,47,0.00023794290906929694,0.0549105006101503
4,UPFC_Vse,5-15,0.0546368575602763,6,MAP_SCADA,47,0.0002736430498739978,0.0549105006101503
4,UPFC_Vse,5-15,0.0546727925253297,6,MAP_PMU,47,0.00023770808482059813,0.0549105006101503
2,UPFC_Vsh,5-15,1.111147968819951,6,WLS,47,0.00026128513302858813,1.1114092539529796
2,UPFC_Vsh,5-15,1.1127047894322617,6,MAP_SCADA,47,0.0012955354792820728,1.1114092539529796
2,UPFC_Vsh,5-15,1.111147001161796,6,MAP_PMU,47,0.00026225279118352596,1.1114092539529796
5,UPFC_tse,5-15,-2.100389580377928,6,WLS,47,0.0017923477581356373,-2.098597232619792
5,UPFC_tse,5-15,-2.097793283697018,6,MAP_SCADA,47,0.0008039489227740226,-2.098597232619792
5,UPFC_tse,5-15,-2.100390766193036,6,MAP_PMU,47,0.0017935335732439661,-2.098597232619792
3,UPFC_tsh,5-15,-0.2335656282106025,6,WLS,47,3.465361143398238e-05,-0.2336002818220365
3,UPFC_tsh,5-15,-0.2331385786067991,6,MAP_SCADA,47,0.0004617032152373912,-0.2336002818220365
3,UPFC_tsh,5-15,-0.2335660908512024,6,MAP_PMU,47,3.4190970834097056e-05,-0.2336002818220365
0,x_tcsc,1-14,-0.1537697791075709,7,WLS,47,7.464219430042274e-07,-0.1537690326856279
0,x_tcsc,1-14,-0.1538507206025142,7,MAP_SCADA,47,8.168791688631383e-05,-0.1537690326856279
0,x_tcsc,1-14,-0.1537685104178736,7,MAP_PMU,47,5.222677542937593e-07,-0.1537690326856279
1,B_svc,2,0.4552663227835293,7,WLS,47,8.465906645088728e-05,0.4553509818499802
1,B_svc,2,0.4574778902719384,7,MAP_SCADA,47,0.002126908421958229,0.4553509818499802
1,B_svc,2,0.4552664519236442,7,MAP_PMU,47,8.452992633600775e-05,0.4553509818499802
4,UPFC_Vse,5-15,0.0552228251942582,7,WLS,47,0.00031232458410790365,0.0549105006101503
4,UPFC_Vse,5-15,0.0553480307531179,7,MAP_SCADA,47,0.0004375301429676015,0.0549105006101503
4,UPFC_Vse,5-15,0.0552221273863918,7,MAP_PMU,47,0.000311626776241504,0.0549105006101503
2,UPFC_Vsh,5-15,1.1110667836303965,7,WLS,47,0.000342470322583166,1.1114092539529796
2,UPFC_Vsh,5-15,1.1132311111641209,7,MAP_SCADA,47,0.0018218572111412534,1.1114092539529796
2,UPFC_Vsh,5-15,1.1110671439327653,7,MAP_PMU,47,0.0003421100202143368,1.1114092539529796
5,UPFC_tse,5-15,-2.0999644277368428,7,WLS,47,0.0013671951170506347,-2.098597232619792
5,UPFC_tse,5-15,-2.099134201328418,7,MAP_SCADA,47,0.0005369687086260733,-2.098597232619792
5,UPFC_tse,5-15,-2.0999648763070966,7,MAP_PMU,47,0.001367643687304465,-2.098597232619792
3,UPFC_tsh,5-15,-0.2336280363303613,7,WLS,47,2.775450832481763e-05,-0.2336002818220365
3,UPFC_tsh,5-15,-0.2328764806224023,7,MAP_SCADA,47,0.0007238011996341942,-0.2336002818220365
3,UPFC_tsh,5-15,-0.2336280705585646,7,MAP_PMU,47,2.7788736528117086e-05,-0.2336002818220365
0,x_tcsc,1-14,-0.1537789966902278,8,WLS,47,9.964004599904985e-06,-0.1537690326856279
0,x_tcsc,1-14,-0.1542986818918144,8,MAP_SCADA,47,0.0005296492061865055,-0.1537690326856279
0,x_tcsc,1-14,-0.1537836812213038,8,MAP_PMU,47,1.4648535675898522e-05,-0.1537690326856279
1,B_svc,2,0.4549124202423513,8,WLS,47,0.0004385616076288956,0.4553509818499802
1,B_svc,2,0.4684439903946154,8,MAP_SCADA,47,0.013093008544635187,0.4553509818499802
1,B_svc,2,0.4548963966653362,8,MAP_PMU,47,0.00045458518464397413,0.4553509818499802
4,UPFC_Vse,5-15,0.0546065946462939,8,WLS,47,0.0003039059638563976,0.0549105006101503
4,UPFC_Vse,5-15,0.0546113657831081,8,MAP_SCADA,47,0.0002991348270421981,0.0549105006101503
4,UPFC_Vse,5-15,0.0546058769059553,8,MAP_PMU,47,0.00030462370419499785,0.0549105006101503
2,UPFC_Vsh,5-15,1.1107044828652426,8,WLS,47,0.0007047710877370328,1.1114092539529796
2,UPFC_Vsh,5-15,1.1083594368083318,8,MAP_SCADA,47,0.003049817144647804,1.1114092539529796
2,UPFC_Vsh,5-15,1.1107030719266469,8,MAP_PMU,47,0.0007061820263327689,1.1114092539529796
5,UPFC_tse,5-15,-2.099018672377104,8,WLS,47,0.00042143975731168126,-2.098597232619792
5,UPFC_tse,5-15,-2.1021588530142,8,MAP_SCADA,47,0.003561620394407772,-2.098597232619792
5,UPFC_tse,5-15,-2.0990235978690293,8,MAP_PMU,47,0.00042636524923711505,-2.098597232619792
3,UPFC_tsh,5-15,-0.2336142202961634,8,WLS,47,1.3938474126923284e-05,-0.2336002818220365
3,UPFC_tsh,5-15,-0.2345607245766876,8,MAP_SCADA,47,0.0009604427546511252,-0.2336002818220365
3,UPFC_tsh,5-15,-0.2336142487920854,8,MAP_PMU,47,1.3966970048906457e-05,-0.2336002818220365
0,x_tcsc,1-14,-0.1537627396718778,9,WLS,47,6.2930137500749606e-06,-0.1537690326856279
0,x_tcsc,1-14,-0.154519894498489,9,MAP_SCADA,47,0.0007508618128611033,-0.1537690326856279
0,x_tcsc,1-14,-0.1537708615113702,9,MAP_PMU,47,1.8288257423171306e-06,-0.1537690326856279
1,B_svc,2,0.4551689393527012,9,WLS,47,0.00018204249727898913,0.4553509818499802
1,B_svc,2,0.4662146416727125,9,MAP_SCADA,47,0.010863659822732297,0.4553509818499802
1,B_svc,2,0.4551624146319878,9,MAP_PMU,47,0.00018856721799237475,0.4553509818499802
4,UPFC_Vse,5-15,0.0549429627993173,9,WLS,47,3.24621891669985e-05,0.0549105006101503
4,UPFC_Vse,5-15,0.0548439844175026,9,MAP_SCADA,47,6.651619264769898e-05,0.0549105006101503
4,UPFC_Vse,5-15,0.0549431568223625,9,MAP_PMU,47,3.2656212212198166e-05,0.0549105006101503
2,UPFC_Vsh,5-15,1.111237859655466,9,WLS,47,0.00017139429751367175,1.1114092539529796
2,UPFC_Vsh,5-15,1.1098736574487926,9,MAP_SCADA,47,0.0015355965041869979,1.1114092539529796
2,UPFC_Vsh,5-15,1.1112371724931058,9,MAP_PMU,47,0.0001720814598737963,1.1114092539529796
5,UPFC_tse,5-15,-2.096209096215998,9,WLS,47,0.0023881364037943165,-2.098597232619792
5,UPFC_tse,5-15,-2.0982522157628223,9,MAP_SCADA,47,0.00034501685696985973,-2.098597232619792
5,UPFC_tse,5-15,-2.0962035303628,9,MAP_PMU,47,0.002393702256992203,-2.098597232619792
3,UPFC_tsh,5-15,-0.2335929596347967,9,WLS,47,7.322187239783284e-06,-0.2336002818220365
3,UPFC_tsh,5-15,-0.2339621019398127,9,MAP_SCADA,47,0.00036182011777621814,-0.2336002818220365
3,UPFC_tsh,5-15,-0.2335931563181107,9,MAP_PMU,47,7.1255039257867026e-06,-0.2336002818220365
0,x_tcsc,1-14,-0.1537558250642767,0,WLS,48,2.1371323046387447e-05,-0.1537771963873231
0,x_tcsc,1-14,-0.1552551668162382,0,MAP_SCADA,48,0.001477970428915093,-0.1537771963873231
0,x_tcsc,1-14,-0.1537747045593731,0,MAP_PMU,48,2.4918279500074636e-06,-0.1537771963873231
1,B_svc,2,0.4553543835258546,0,WLS,48,0.0003014624585067627,0.4556558459843614
1,B_svc,2,0.4681300993122599,0,MAP_SCADA,48,0.012474253327898532,0.4556558459843614
1,B_svc,2,0.4553534612740258,0,MAP_PMU,48,0.00030238471033555703,0.4556558459843614
4,UPFC_Vse,5-15,0.054902914095783,0,WLS,48,7.05690886381033e-05,0.0549734831844211
4,UPFC_Vse,5-15,0.0549227545807145,0,MAP_SCADA,48,5.0728603706598485e-05,0.0549734831844211
4,UPFC_Vse,5-15,0.0549039194077765,0,MAP_PMU,48,6.956377664459751e-05,0.0549734831844211
2,UPFC_Vsh,5-15,1.1109035575011237,0,WLS,48,0.0005970476276286885,1.1115006051287524
2,UPFC_Vsh,5-15,1.109219806879187,0,MAP_SCADA,48,0.0022807982495653967,1.1115006051287524
2,UPFC_Vsh,5-15,1.1109016041239377,0,MAP_PMU,48,0.0005990010048146921,1.1115006051287524
5,UPFC_tse,5-15,-2.098711739418759,0,WLS,48,0.0001516293100118915,-2.0988633687287708
5,UPFC_tse,5-15,-2.098640903283867,0,MAP_SCADA,48,0.00022246544490389653,-2.0988633687287708
5,UPFC_tse,5-15,-2.098708851753412,0,MAP_PMU,48,0.00015451697535873166,-2.0988633687287708
3,UPFC_tsh,5-15,-0.2335174022825158,0,WLS,48,1.8727522985095835e-05,-0.2335361298055009
3,UPFC_tsh,5-15,-0.2330218017790698,0,MAP_SCADA,48,0.0005143280264310879,-0.2335361298055009
3,UPFC_tsh,5-15,-0.2335181437561312,0,MAP_PMU,48,1.7986049369700385e-05,-0.2335361298055009
0,x_tcsc,1-14,-0.1537986724033199,1,WLS,48,2.1476015996807485e-05,-0.1537771963873231
0,x_tcsc,1-14,-0.1550033830785958,1,MAP_SCADA,48,0.001226186691272696,-0.1537771963873231
0,x_tcsc,1-14,-0.1538063263207932,1,MAP_PMU,48,2.9129933470095626e-05,-0.1537771963873231
1,B_svc,2,0.4560234021832944,1,WLS,48,0.0003675561989330278,0.4556558459843614
1,B_svc,2,0.4615185256559382,1,MAP_SCADA,48,0.0058626796715768315,0.4556558459843614
1,B_svc,2,0.4560351483181085,1,MAP_PMU,48,0.0003793023337471113,0.4556558459843614
4,UPFC_Vse,5-15,0.0552684776421961,1,WLS,48,0.0002949944577749983,0.0549734831844211
4,UPFC_Vse,5-15,0.0551318022512095,1,MAP_SCADA,48,0.00015831906678839824,0.0549734831844211
4,UPFC_Vse,5-15,0.0552695192389426,1,MAP_PMU,48,0.00029603605452149795,0.0549734831844211
2,UPFC_Vsh,5-15,1.1107514865402532,1,WLS,48,0.0007491185884991314,1.1115006051287524
2,UPFC_Vsh,5-15,1.111288466604513,1,MAP_SCADA,48,0.00021213852423929147,1.1115006051287524
2,UPFC_Vsh,5-15,1.1107499412218391,1,MAP_PMU,48,0.0007506639069132515,1.1115006051287524
5,UPFC_tse,5-15,-2.0955156325191022,1,WLS,48,0.0033477362096685503,-2.0988633687287708
5,UPFC_tse,5-15,-2.094762586398,1,MAP_SCADA,48,0.004100782330770603,-2.0988633687287708
5,UPFC_tse,5-15,-2.095513389414023,1,MAP_PMU,48,0.0033499793147475643,-2.0988633687287708
3,UPFC_tsh,5-15,-0.2335402279475878,1,WLS,48,4.098142086905732e-06,-0.2335361298055009
3,UPFC_tsh,5-15,-0.2322641810080754,1,MAP_SCADA,48,0.0012719487974255095,-0.2335361298055009
3,UPFC_tsh,5-15,-0.2335407680563237,1,MAP_PMU,48,4.638250822808221e-06,-0.2335361298055009
0,x_tcsc,1-14,-0.1537757397989088,2,WLS,48,1.4565884143002972e-06,-0.1537771963873231
0,x_tcsc,1-14,-0.155410840079784,2,MAP_SCADA,48,0.0016336436924609121,-0.1537771963873231
0,x_tcsc,1-14,-0.1537967481162423,2,MAP_PMU,48,1.955172891920931e-05,-0.1537771963873231
1,B_svc,2,0.4556128905834111,2,WLS,48,4.295540095028416e-05,0.4556558459843614
1,B_svc,2,0.4657500130065091,2,MAP_SCADA,48,0.010094167022147715,0.4556558459843614
1,B_svc,2,0.4556363290326584,2,MAP_PMU,48,1.9516951702991392e-05,0.4556558459843614
4,UPFC_Vse,5-15,0.0545879657445054,2,WLS,48,0.000385517439915703,0.0549734831844211
4,UPFC_Vse,5-15,0.0545301163713877,2,MAP_SCADA,48,0.00044336681303339814,0.0549734831844211
4,UPFC_Vse,5-15,0.0545900691543978,2,MAP_PMU,48,0.0003834140300233019,0.0549734831844211
2,UPFC_Vsh,5-15,1.1107972558865198,2,WLS,48,0.0007033492422325871,1.1115006051287524
2,UPFC_Vsh,5-15,1.1118352177443702,2,MAP_SCADA,48,0.0003346126156178464,1.1115006051287524
2,UPFC_Vsh,5-15,1.1107919023249788,2,MAP_PMU,48,0.0007087028037735532,1.1115006051287524
5,UPFC_tse,5-15,-2.0967240712495405,2,WLS,48,0.002139297479230251,-2.0988633687287708
5,UPFC_tse,5-15,-2.096498705934241,2,MAP_SCADA,48,0.002364662794529959,-2.0988633687287708
5,UPFC_tse,5-15,-2.096723327230931,2,MAP_PMU,48,0.00214004149783964,-2.0988633687287708
3,UPFC_tsh,5-15,-0.2335388225955812,2,WLS,48,2.6927900803053184e-06,-0.2335361298055009
3,UPFC_tsh,5-15,-0.2322619986911179,2,MAP_SCADA,48,0.001274131114382987,-0.2335361298055009
3,UPFC_tsh,5-15,-0.2335398717993501,2,MAP_PMU,48,3.7419938491989324e-06,-0.2335361298055009
0,x_tcsc,1-14,-0.1537683635739943,3,WLS,48,8.832813328807365e-06,-0.1537771963873231
0,x_tcsc,1-14,-0.1556611265370181,3,MAP_SCADA,48,0.0018839301496950123,-0.1537771963873231
0,x_tcsc,1-14,-0.1537753813566466,3,MAP_PMU,48,1.815030676505236e-06,-0.1537771963873231
1,B_svc,2,0.4556722665702338,3,WLS,48,1.642058587242312e-05,0.4556558459843614
1,B_svc,2,0.4573828339866937,3,MAP_SCADA,48,0.0017269880023323414,0.4556558459843614
1,B_svc,2,0.4556960203656193,3,MAP_PMU,48,4.017438125791806e-05,0.4556558459843614
4,UPFC_Vse,5-15,0.0550032387242403,3,WLS,48,2.9755539819202592e-05,0.0549734831844211
4,UPFC_Vse,5-15,0.0545741302195165,3,MAP_SCADA,48,0.0003993529649045993,0.0549734831844211
4,UPFC_Vse,5-15,0.0550054961485763,3,MAP_PMU,48,3.2012964155198054e-05,0.0549734831844211
2,UPFC_Vsh,5-15,1.11148152367714,3,WLS,48,1.9081451612334988e-05,1.1115006051287524
2,UPFC_Vsh,5-15,1.114338337383613,3,MAP_SCADA,48,0.0028377322548607253,1.1115006051287524
2,UPFC_Vsh,5-15,1.111475270146,3,MAP_PMU,48,2.5334982752367452e-05,1.1115006051287524
5,UPFC_tse,5-15,-2.1000197276005697,3,WLS,48,0.0011563588717988793,-2.0988633687287708
5,UPFC_tse,5-15,-2.096462536434822,3,MAP_SCADA,48,0.002400832293948607,-2.0988633687287708
5,UPFC_tse,5-15,-2.100027430614224,3,MAP_PMU,48,0.0011640618854533713,-2.0988633687287708
3,UPFC_tsh,5-15,-0.2335597252090573,3,WLS,48,2.3595403556397887e-05,-0.2335361298055009
3,UPFC_tsh,5-15,-0.2309826968418172,3,MAP_SCADA,48,0.0025534329636837105,-0.2335361298055009
3,UPFC_tsh,5-15,-0.2335609230162835,3,MAP_PMU,48,2.4793210782608766e-05,-0.2335361298055009
0,x_tcsc,1-14,-0.1537915285544593,4,WLS,48,1.4332167136199558e-05,-0.1537771963873231
0,x_tcsc,1-14,-0.1550909292439212,4,MAP_SCADA,48,0.00131373285659811,-0.1537771963873231
0,x_tcsc,1-14,-0.1538100043644439,4,MAP_PMU,48,3.280797712079675e-05,-0.1537771963873231
1,B_svc,2,0.4559267875537935,4,WLS,48,0.0002709415694321371,0.4556558459843614
1,B_svc,2,0.4701608987813483,4,MAP_SCADA,48,0.01450505279698694,0.4556558459843614
1,B_svc,2,0.4559336957294669,4,MAP_PMU,48,0.0002778497451055295,0.4556558459843614
4,UPFC_Vse,5-15,0.0550880886800762,4,WLS,48,0.00011460549565509709,0.0549734831844211
4,UPFC_Vse,5-15,0.0553781376606521,4,MAP_SCADA,48,0.00040465447623100337,0.0549734831844211
4,UPFC_Vse,5-15,0.0550896656760409,4,MAP_PMU,48,0.00011618249161979982,0.0549734831844211
2,UPFC_Vsh,5-15,1.111107753756541,4,WLS,48,0.0003928513722113447,1.1115006051287524
2,UPFC_Vsh,5-15,1.1102891671427044,4,MAP_SCADA,48,0.0012114379860479474,1.1115006051287524
2,UPFC_Vsh,5-15,1.1111047942058965,4,MAP_PMU,48,0.00039581092285589925,1.1115006051287524
5,UPFC_tse,5-15,-2.096387801305771,4,WLS,48,0.0024755674229997027,-2.0988633687287708
5,UPFC_tse,5-15,-2.0987166470387293,4,MAP_SCADA,48,0.00014672169004148472,-2.0988633687287708
5,UPFC_tse,5-15,-2.096399993172292,4,MAP_PMU,48,0.0024633755564789084,-2.0988633687287708
3,UPFC_tsh,5-15,-0.2335449049889134,4,WLS,48,8.775183412496057e-06,-0.2335361298055009
3,UPFC_tsh,5-15,-0.2332377355911988,4,MAP_SCADA,48,0.00029839421430208346,-0.2335361298055009
3,UPFC_tsh,5-15,-0.2335456403166857,4,MAP_PMU,48,9.510511184807058e-06,-0.2335361298055009
0,x_tcsc,1-14,-0.1537723762575677,5,WLS,48,4.8201297553895905e-06,-0.1537771963873231
0,x_tcsc,1-14,-0.1559556818058403,5,MAP_SCADA,48,0.002178485418517201,-0.1537771963873231
0,x_tcsc,1-14,-0.1537899630735301,5,MAP_PMU,48,1.2766686207005273e-05,-0.1537771963873231
1,B_svc,2,0.4558805662779053,5,WLS,48,0.00022472029354392298,0.4556558459843614
1,B_svc,2,0.4615353750014238,5,MAP_SCADA,48,0.0058795290170624015,0.4556558459843614
1,B_svc,2,0.455904671559084,5,MAP_PMU,48,0.0002488255747226109,0.4556558459843614
4,UPFC_Vse,5-15,0.0546956467055693,5,WLS,48,0.000277836478851802,0.0549734831844211
4,UPFC_Vse,5-15,0.0545602489493132,5,MAP_SCADA,48,0.00041323423510789686,0.0549734831844211
4,UPFC_Vse,5-15,0.0546983052255656,5,MAP_PMU,48,0.0002751779588555034,0.0549734831844211
2,UPFC_Vsh,5-15,1.1108927865028408,5,WLS,48,0.000607818625911527,1.1115006051287524
2,UPFC_Vsh,5-15,1.1115793564576082,5,MAP_SCADA,48,7.875132885581948e-05,1.1115006051287524
2,UPFC_Vsh,5-15,1.1108870588944462,5,MAP_PMU,48,0.0006135462343062059,1.1115006051287524
5,UPFC_tse,5-15,-2.097830930042097,5,WLS,48,0.0010324386866735757,-2.0988633687287708
5,UPFC_tse,5-15,-2.096598908826428,5,MAP_SCADA,48,0.002264459902342697,-2.0988633687287708
5,UPFC_tse,5-15,-2.097828224451203,5,MAP_PMU,48,0.0010351442775675679,-2.0988633687287708
3,UPFC_tsh,5-15,-0.2335582122770863,5,WLS,48,2.2082471585416208e-05,-0.2335361298055009
3,UPFC_tsh,5-15,-0.2320082693991724,5,MAP_SCADA,48,0.0015278604063284906,-0.2335361298055009
3,UPFC_tsh,5-15,-0.2335595648209698,5,MAP_PMU,48,2.3435015468892262e-05,-0.2335361298055009
0,x_tcsc,1-14,-0.153782782576543,6,WLS,48,5.586189219891624e-06,-0.1537771963873231
0,x_tcsc,1-14,-0.154285651549894,6,MAP_SCADA,48,0.0005084551625708922,-0.1537771963873231
0,x_tcsc,1-14,-0.1537868939298614,6,MAP_PMU,48,9.697542538295023e-06,-0.1537771963873231
1,B_svc,2,0.4556105995186503,6,WLS,48,4.52464657110796e-05,0.4556558459843614
1,B_svc,2,0.4667919889623746,6,MAP_SCADA,48,0.011136142978013241,0.4556558459843614
1,B_svc,2,0.4556344885737238,6,MAP_PMU,48,2.1357410637579122e-05,0.4556558459843614
4,UPFC_Vse,5-15,0.054680360261356,6,WLS,48,0.00029312292306510335,0.0549734831844211
4,UPFC_Vse,5-15,0.0546368575602763,6,MAP_SCADA,48,0.00033662562414479846,0.0549734831844211
4,UPFC_Vse,5-15,0.0546807698577413,6,MAP_PMU,48,0.00029271332667980127,0.0549734831844211
2,UPFC_Vsh,5-15,1.1111383051264083,6,WLS,48,0.00036230000234405146,1.1115006051287524
2,UPFC_Vsh,5-15,1.1127047894322617,6,MAP_SCADA,48,0.0012041843035093258,1.1115006051287524
2,UPFC_Vsh,5-15,1.1111371615486132,6,MAP_PMU,48,0.00036344358013917777,1.1115006051287524
5,UPFC_tse,5-15,-2.099666842407353,6,WLS,48,0.0008034736785820229,-2.0988633687287708
5,UPFC_tse,5-15,-2.097793283697018,6,MAP_SCADA,48,0.0010700850317526545,-2.0988633687287708
5,UPFC_tse,5-15,-2.099668414997129,6,MAP_PMU,48,0.0008050462683582005,-2.0988633687287708
3,UPFC_tsh,5-15,-0.2334975854747071,6,WLS,48,3.854433079381048e-05,-0.2335361298055009
3,UPFC_tsh,5-15,-0.2331385786067991,6,MAP_SCADA,48,0.000397551198701801,-0.2335361298055009
3,UPFC_tsh,5-15,-0.2334980622066644,6,MAP_PMU,48,3.8067598836510896e-05,-0.2335361298055009
0,x_tcsc,1-14,-0.1537748325983728,7,WLS,48,2.363788950299206e-06,-0.1537771963873231
0,x_tcsc,1-14,-0.1538507206025142,7,MAP_SCADA,48,7.352421519110641e-05,-0.1537771963873231
0,x_tcsc,1-14,-0.1537735494078907,7,MAP_PMU,48,3.646979432392339e-06,-0.1537771963873231
1,B_svc,2,0.4555864805702246,7,WLS,48,6.936541413676833e-05,0.4556558459843614
1,B_svc,2,0.4574778902719384,7,MAP_SCADA,48,0.0018220442875770404,0.4556558459843614
1,B_svc,2,0.4555861929058034,7,MAP_PMU,48,6.96530785579963e-05,0.4556558459843614
4,UPFC_Vse,5-15,0.055230221667035,7,WLS,48,0.00025673848261389964,0.0549734831844211
4,UPFC_Vse,5-15,0.0553480307531179,7,MAP_SCADA,48,0.00037454756869680084,0.0549734831844211
4,UPFC_Vse,5-15,0.055229536009215,7,MAP_PMU,48,0.0002560528247938995,0.0549734831844211
2,UPFC_Vsh,5-15,1.1110574148437118,7,WLS,48,0.00044319028504058444,1.1115006051287524
2,UPFC_Vsh,5-15,1.1132311111641209,7,MAP_SCADA,48,0.0017305060353685064,1.1115006051287524
2,UPFC_Vsh,5-15,1.111057260545674,7,MAP_PMU,48,0.0004433445830782645,1.1115006051287524
5,UPFC_tse,5-15,-2.0992376943394384,7,WLS,48,0.00037432561066763625,-2.0988633687287708
5,UPFC_tse,5-15,-2.099134201328418,7,MAP_SCADA,48,0.00027083259964744144,-2.0988633687287708
5,UPFC_tse,5-15,-2.099241746782336,7,MAP_PMU,48,0.0003783780535653314,-2.0988633687287708
3,UPFC_tsh,5-15,-0.2335597691111851,7,WLS,48,2.3639305684192147e-05,-0.2335361298055009
3,UPFC_tsh,5-15,-0.2328764806224023,7,MAP_SCADA,48,0.000659649183098604,-0.2335361298055009
3,UPFC_tsh,5-15,-0.233559841100248,7,MAP_PMU,48,2.3711294747097433e-05,-0.2335361298055009
0,x_tcsc,1-14,-0.1537839937549707,8,WLS,48,6.797367647609631e-06,-0.1537771963873231
0,x_tcsc,1-14,-0.1542986818918144,8,MAP_SCADA,48,0.000521485504491298,-0.1537771963873231
0,x_tcsc,1-14,-0.1537886131428091,8,MAP_PMU,48,1.1416755485993413e-05,-0.1537771963873231
1,B_svc,2,0.4552329859066533,8,WLS,48,0.0004228600777080871,0.4556558459843614
1,B_svc,2,0.4684439903946154,8,MAP_SCADA,48,0.012788144410253999,0.4556558459843614
1,B_svc,2,0.4552174305572452,8,MAP_PMU,48,0.0004384154271162011,0.4556558459843614
4,UPFC_Vse,5-15,0.0546142430455441,8,WLS,48,0.00035924013887699696,0.0549734831844211
4,UPFC_Vse,5-15,0.0546113657831081,8,MAP_SCADA,48,0.0003621174013129988,0.0549734831844211
4,UPFC_Vse,5-15,0.0546135710995202,8,MAP_PMU,48,0.0003599120849009027,0.0549734831844211
2,UPFC_Vsh,5-15,1.1106950453971676,8,WLS,48,0.000805559731584804,1.1115006051287524
2,UPFC_Vsh,5-15,1.1083594368083318,8,MAP_SCADA,48,0.003141168320420551,1.1115006051287524
2,UPFC_Vsh,5-15,1.1106938468041454,8,MAP_PMU,48,0.0008067583246069709,1.1115006051287524
5,UPFC_tse,5-15,-2.0982854432561084,8,WLS,48,0.0005779254726623329,-2.0988633687287708
5,UPFC_tse,5-15,-2.1021588530142,8,MAP_SCADA,48,0.00329548428542914,-2.0988633687287708
5,UPFC_tse,5-15,-2.0982900579365014,8,MAP_PMU,48,0.0005733107922694103,-2.0988633687287708
3,UPFC_tsh,5-15,-0.2335459964405174,8,WLS,48,9.866635016508862e-06,-0.2335361298055009
3,UPFC_tsh,5-15,-0.2345607245766876,8,MAP_SCADA,48,0.0010245947711867154,-0.2335361298055009
3,UPFC_tsh,5-15,-0.233546037167962,8,MAP_PMU,48,9.907362461092362e-06,-0.2335361298055009
0,x_tcsc,1-14,-0.1537678271149416,9,WLS,48,9.369272381487548e-06,-0.1537771963873231
0,x_tcsc,1-14,-0.154519894498489,9,MAP_SCADA,48,0.0007426981111658959,-0.1537771963873231
0,x_tcsc,1-14,-0.1537758415489498,9,MAP_PMU,48,1.3548383732964187e-06,-0.1537771963873231
1,B_svc,2,0.4554889103582625,9,WLS,48,0.00016693562609887413,0.4556558459843614
1,B_svc,2,0.4662146416727125,9,MAP_SCADA,48,0.010558795688351108,0.4556558459843614
1,B_svc,2,0.4554826360726494,9,MAP_PMU,48,0.00017320991171199118,0.4556558459843614
4,UPFC_Vse,5-15,0.0549508211586918,9,WLS,48,2.2662025729300317e-05,0.0549734831844211
4,UPFC_Vse,5-15,0.0548439844175026,9,MAP_SCADA,48,0.00012949876691849965,0.0549734831844211
4,UPFC_Vse,5-15,0.0549509402696016,9,MAP_PMU,48,2.2542914819498328e-05,0.0549734831844211
2,UPFC_Vsh,5-15,1.1112283361533817,9,WLS,48,0.00027226897537069306,1.1115006051287524
2,UPFC_Vsh,5-15,1.1098736574487926,9,MAP_SCADA,48,0.0016269476799597449,1.1115006051287524
2,UPFC_Vsh,5-15,1.111228010493015,9,MAP_PMU,48,0.00027259463573736653,1.1115006051287524
5,UPFC_tse,5-15,-2.095484995606387,9,WLS,48,0.00337837312238376,-2.0988633687287708
5,UPFC_tse,5-15,-2.0982522157628223,9,MAP_SCADA,48,0.0006111529659484916,-2.0988633687287708
5,UPFC_tse,5-15,-2.095477530016785,9,MAP_PMU,48,0.0033858387119858335,-2.0988633687287708
3,UPFC_tsh,5-15,-0.23352481340587,9,WLS,48,1.1316399630895146e-05,-0.2335361298055009
3,UPFC_tsh,5-15,-0.2339621019398127,9,MAP_SCADA,48,0.00042597213431180836,-0.2335361298055009
3,UPFC_tsh,5-15,-0.2335249922907766,9,MAP_PMU,48,1.1137514724285369e-05,-0.2335361298055009
0,x_tcsc,1-14,-0.153625333892787,0,WLS,49,1.8512148156374364e-05,-0.1536438460409434
0,x_tcsc,1-14,-0.1552551668162382,0,MAP_SCADA,49,0.0016113207752948,-0.1536438460409434
0,x_tcsc,1-14,-0.1536480805597526,0,MAP_PMU,49,4.234518809209664e-06,-0.1536438460409434
1,B_svc,2,0.4537642290609334,0,WLS,49,0.00029965198778070246,0.4540638810487141
1,B_svc,2,0.4681300993122599,0,MAP_SCADA,49,0.014066218263545816,0.4540638810487141
1,B_svc,2,0.4537654319185787,0,MAP_PMU,49,0.0002984491301353809,0.4540638810487141
4,UPFC_Vse,5-15,0.0549148676721925,0,WLS,49,8.291259388619465e-05,0.0549977802660787
4,UPFC_Vse,5-15,0.0549227545807145,0,MAP_SCADA,49,7.502568536419535e-05,0.0549977802660787
4,UPFC_Vse,5-15,0.0549162118349002,0,MAP_PMU,49,8.156843117849977e-05,0.0549977802660787
2,UPFC_Vsh,5-15,1.1108762423639251,0,WLS,49,0.0007120481333613427,1.1115882904972865
2,UPFC_Vsh,5-15,1.109219806879187,0,MAP_SCADA,49,0.002368483618099493,1.1115882904972865
2,UPFC_Vsh,5-15,1.1108737759517442,0,MAP_PMU,49,0.0007145145455422774,1.1115882904972865
5,UPFC_tse,5-15,-2.099085522343352,0,WLS,49,0.000941622047775148,-2.098143900295577
5,UPFC_tse,5-15,-2.098640903283867,0,MAP_SCADA,49,0.0004970029882898075,-2.098143900295577
5,UPFC_tse,5-15,-2.099082028701189,0,MAP_PMU,49,0.0009381284056120265,-2.098143900295577
3,UPFC_tsh,5-15,-0.2336201114694662,0,WLS,49,1.3992246648192319e-05,-0.2336341037161144
3,UPFC_tsh,5-15,-0.2330218017790698,0,MAP_SCADA,49,0.0006123019370445903,-0.2336341037161144
3,UPFC_tsh,5-15,-0.2336210265322656,0,MAP_PMU,49,1.3077183848797524e-05,-0.2336341037161144
0,x_tcsc,1-14,-0.1536681252275903,1,WLS,49,2.4279186646908313e-05,-0.1536438460409434
0,x_tcsc,1-14,-0.1550033830785958,1,MAP_SCADA,49,0.001359537037652403,-0.1536438460409434
0,x_tcsc,1-14,-0.153678487072175,1,MAP_PMU,49,3.464103123160256e-05,-0.1536438460409434
1,B_svc,2,0.4544312717288226,1,WLS,49,0.0003673906801084925,0.4540638810487141
1,B_svc,2,0.4615185256559382,1,MAP_SCADA,49,0.007454644607224115,0.4540638810487141
1,B_svc,2,0.4544465807988718,1,MAP_PMU,49,0.0003826997501577001,0.4540638810487141
4,UPFC_Vse,5-15,0.0552803547191519,1,WLS,49,0.00028257445307320467,0.0549977802660787
4,UPFC_Vse,5-15,0.0551318022512095,1,MAP_SCADA,49,0.00013402198513080138,0.0549977802660787
4,UPFC_Vse,5-15,0.0552817511489096,1,MAP_PMU,49,0.0002839708828309001,0.0549977802660787
2,UPFC_Vsh,5-15,1.1107246768335208,1,WLS,49,0.0008636136637656389,1.1115882904972865
2,UPFC_Vsh,5-15,1.111288466604513,1,MAP_SCADA,49,0.0002998238927733876,1.1115882904972865
2,UPFC_Vsh,5-15,1.1107225361918107,1,MAP_PMU,49,0.0008657543054757522,1.1115882904972865
5,UPFC_tse,5-15,-2.095886587408013,1,WLS,49,0.0022573128875640336,-2.098143900295577
5,UPFC_tse,5-15,-2.094762586398,1,MAP_SCADA,49,0.0033813138975768986,-2.098143900295577
5,UPFC_tse,5-15,-2.0958846351935048,1,MAP_PMU,49,0.0022592651020723054,-2.098143900295577
3,UPFC_tsh,5-15,-0.2336429453304905,1,WLS,49,8.841614376087215e-06,-0.2336341037161144
3,UPFC_tsh,5-15,-0.2322641810080754,1,MAP_SCADA,49,0.001369922708039012,-0.2336341037161144
3,UPFC_tsh,5-15,-0.2336436690393389,1,MAP_PMU,49,9.565323224491884e-06,-0.2336341037161144
0,x_tcsc,1-14,-0.1536452661820196,2,WLS,49,1.4201410762082478e-06,-0.1536438460409434
0,x_tcsc,1-14,-0.155410840079784,2,MAP_SCADA,49,0.0017669940388406191,-0.1536438460409434
0,x_tcsc,1-14,-0.153670414039543,2,MAP_PMU,49,2.6567998599624776e-05,-0.1536438460409434
1,B_svc,2,0.4540228683144481,2,WLS,49,4.101273426598828e-05,0.4540638810487141
1,B_svc,2,0.4657500130065091,2,MAP_SCADA,49,0.011686131957794998,0.4540638810487141
1,B_svc,2,0.4540512421680348,2,MAP_PMU,49,1.2638880679316511e-05,0.4540638810487141
4,UPFC_Vse,5-15,0.0545999094212134,2,WLS,49,0.00039787084486529734,0.0549977802660787
4,UPFC_Vse,5-15,0.0545301163713877,2,MAP_SCADA,49,0.000467663894690995,0.0549977802660787
4,UPFC_Vse,5-15,0.054602452560892,2,MAP_PMU,49,0.00039532770518669463,0.0549977802660787
2,UPFC_Vsh,5-15,1.1107701681628577,2,WLS,49,0.0008181223344287947,1.1115882904972865
2,UPFC_Vsh,5-15,1.1118352177443702,2,MAP_SCADA,49,0.00024692724708375025,1.1115882904972865
2,UPFC_Vsh,5-15,1.11076422078448,2,MAP_PMU,49,0.0008240697128065744,1.1115882904972865
5,UPFC_tse,5-15,-2.097101702464761,2,WLS,49,0.0010421978308161606,-2.098143900295577
5,UPFC_tse,5-15,-2.096498705934241,2,MAP_SCADA,49,0.0016451943613362552,-2.098143900295577
5,UPFC_tse,5-15,-2.097100428563295,2,MAP_PMU,49,0.0010434717322822529,-2.098143900295577
3,UPFC_tsh,5-15,-0.2336415466203401,2,WLS,49,7.442904225690716e-06,-0.2336341037161144
3,UPFC_tsh,5-15,-0.2322619986911179,2,MAP_SCADA,49,0.0013721050249964895,-0.2336341037161144
3,UPFC_tsh,5-15,-0.2336428182338472,2,MAP_PMU,49,8.71451773279408e-06,-0.2336341037161144
0,x_tcsc,1-14,-0.1536379569400427,3,WLS,49,5.889100900685618e-06,-0.1536438460409434
0,x_tcsc,1-14,-0.1556611265370181,3,MAP_SCADA,49,0.0020172804960747193,-0.1536438460409434
0,x_tcsc,1-14,-0.153648408817925,3,MAP_PMU,49,4.562776981603678e-06,-0.1536438460409434
1,B_svc,2,0.454081819311752,3,WLS,49,1.79382630379199e-05,0.4540638810487141
1,B_svc,2,0.4573828339866937,3,MAP_SCADA,49,0.0033189529379796245,0.4540638810487141
1,B_svc,2,0.4541122274693057,3,MAP_PMU,49,4.8346420591594e-05,0.4540638810487141
4,UPFC_Vse,5-15,0.0550152657348427,3,WLS,49,1.748546876400442e-05,0.0549977802660787
4,UPFC_Vse,5-15,0.0545741302195165,3,MAP_SCADA,49,0.0004236500465621962,0.0549977802660787
4,UPFC_Vse,5-15,0.055017845242516,3,MAP_PMU,49,2.0064976437306203e-05,0.0549977802660787
2,UPFC_Vsh,5-15,1.111454347465976,3,WLS,49,0.00013394303131053498,1.1115882904972865
2,UPFC_Vsh,5-15,1.114338337383613,3,MAP_SCADA,49,0.002750046886326629,1.1115882904972865
2,UPFC_Vsh,5-15,1.111447673408922,3,MAP_PMU,49,0.00014061708836443643,1.1115882904972865
5,UPFC_tse,5-15,-2.1003982093674147,3,WLS,49,0.002254309071837657,-2.098143900295577
5,UPFC_tse,5-15,-2.096462536434822,3,MAP_SCADA,49,0.001681363860754903,-2.098143900295577
5,UPFC_tse,5-15,-2.100407231762331,3,MAP_PMU,49,0.0022633314667537263,-2.098143900295577
3,UPFC_tsh,5-15,-0.2336625101081615,3,WLS,49,2.8406392047097828e-05,-0.2336341037161144
3,UPFC_tsh,5-15,-0.2309826968418172,3,MAP_SCADA,49,0.002651406874297213,-0.2336341037161144
3,UPFC_tsh,5-15,-0.2336639481478446,3,MAP_PMU,49,2.9844431730208232e-05,-0.2336341037161144
0,x_tcsc,1-14,-0.1536610328365396,4,WLS,49,1.7186795596202398e-05,-0.1536438460409434
0,x_tcsc,1-14,-0.1550909292439212,4,MAP_SCADA,49,0.001447083202977817,-0.1536438460409434
0,x_tcsc,1-14,-0.1536833309361883,4,MAP_PMU,49,3.948489524491228e-05,-0.1536438460409434
1,B_svc,2,0.4543357071348652,4,WLS,49,0.0002718260861511168,0.4540638810487141
1,B_svc,2,0.4701608987813483,4,MAP_SCADA,49,0.016097017732634222,0.4540638810487141
1,B_svc,2,0.4543456077074059,4,MAP_PMU,49,0.00028172665869180546,0.4540638810487141
4,UPFC_Vse,5-15,0.0551000253178216,4,WLS,49,0.00010224505174290244,0.0549977802660787
4,UPFC_Vse,5-15,0.0553781376606521,4,MAP_SCADA,49,0.0003803573945734065,0.0549977802660787
4,UPFC_Vse,5-15,0.0551019258804832,4,MAP_PMU,49,0.00010414561440450637,0.0549977802660787
2,UPFC_Vsh,5-15,1.111080813925846,4,WLS,49,0.0005074765714405682,1.1115882904972865
2,UPFC_Vsh,5-15,1.1102891671427044,4,MAP_SCADA,49,0.0012991233545820435,1.1115882904972865
2,UPFC_Vsh,5-15,1.1110772512073823,4,MAP_PMU,49,0.0005110392899041472,1.1115882904972865
5,UPFC_tse,5-15,-2.096760721448777,4,WLS,49,0.0013831788468001704,-2.098143900295577
5,UPFC_tse,5-15,-2.0987166470387293,4,MAP_SCADA,49,0.0005727467431522193,-2.098143900295577
5,UPFC_tse,5-15,-2.096770759179161,4,MAP_PMU,49,0.0013731411164159546,-2.098143900295577
3,UPFC_tsh,5-15,-0.2336476260529966,4,WLS,49,1.352233688220461e-05,-0.2336341037161144
3,UPFC_tsh,5-15,-0.2332377355911988,4,MAP_SCADA,49,0.00039636812491558593,-0.2336341037161144
3,UPFC_tsh,5-15,-0.2336485314004028,4,MAP_PMU,49,1.4427684288387255e-05,-0.2336341037161144
0,x_tcsc,1-14,-0.1536419573560667,5,WLS,49,1.8886848766885844e-06,-0.1536438460409434
0,x_tcsc,1-14,-0.1559556818058403,5,MAP_SCADA,49,0.002311835764896908,-0.1536438460409434
0,x_tcsc,1-14,-0.1536638189070844,5,MAP_PMU,49,1.9972866140999246e-05,-0.1536438460409434
1,B_svc,2,0.4542889420234962,5,WLS,49,0.00022506097478208753,0.4540638810487141
1,B_svc,2,0.4615353750014238,5,MAP_SCADA,49,0.007471493952709685,0.4540638810487141
1,B_svc,2,0.4543179820516698,5,MAP_PMU,49,0.0002541010029556978,0.4540638810487141
4,UPFC_Vse,5-15,0.0547076408022908,5,WLS,49,0.00029013946378789873,0.0549977802660787
4,UPFC_Vse,5-15,0.0545602489493132,5,MAP_SCADA,49,0.00043753131676549373,0.0549977802660787
4,UPFC_Vse,5-15,0.0547107416212352,5,MAP_PMU,49,0.00028703864484349445,0.0549977802660787
2,UPFC_Vsh,5-15,1.1108656002193271,5,WLS,49,0.000722690277959348,1.1115882904972865
2,UPFC_Vsh,5-15,1.1115793564576082,5,MAP_SCADA,49,8.934039678276662e-06,1.1115882904972865
2,UPFC_Vsh,5-15,1.1108594237308365,5,MAP_PMU,49,0.0007288667664500093,1.1115882904972865
5,UPFC_tse,5-15,-2.09821114960182,5,WLS,49,6.724930624280034e-05,-2.098143900295577
5,UPFC_tse,5-15,-2.096598908826428,5,MAP_SCADA,49,0.001544991469148993,-2.098143900295577
5,UPFC_tse,5-15,-2.09820804348761,5,MAP_PMU,49,6.41431920329616e-05,-2.098143900295577
3,UPFC_tsh,5-15,-0.2336609550362606,5,WLS,49,2.68513201462095e-05,-0.2336341037161144
3,UPFC_tsh,5-15,-0.2320082693991724,5,MAP_SCADA,49,0.001625834316941993,-0.2336341037161144
3,UPFC_tsh,5-15,-0.2336625407968559,5,MAP_PMU,49,2.8437080741489096e-05,-0.2336341037161144
0,x_tcsc,1-14,-0.1536522276133745,6,WLS,49,8.381572431104267e-06,-0.1536438460409434
0,x_tcsc,1-14,-0.154285651549894,6,MAP_SCADA,49,0.0006418055089505992,-0.1536438460409434
0,x_tcsc,1-14,-0.1536582936966261,6,MAP_PMU,49,1.4447655682703342e-05,-0.1536438460409434
1,B_svc,2,0.454020264193622,6,WLS,49,4.36168550920768e-05,0.4540638810487141
1,B_svc,2,0.4667919889623746,6,MAP_SCADA,49,0.012728107913660525,0.4540638810487141
1,B_svc,2,0.4540492337910876,6,MAP_PMU,49,1.464725762650998e-05,0.4540638810487141
4,UPFC_Vse,5-15,0.0546921937717049,6,WLS,49,0.0003055864943737954,0.0549977802660787
4,UPFC_Vse,5-15,0.0546368575602763,6,MAP_SCADA,49,0.00036092270580239533,0.0549977802660787
4,UPFC_Vse,5-15,0.0546927505878667,6,MAP_PMU,49,0.0003050296782119988,0.0549977802660787
2,UPFC_Vsh,5-15,1.111111194165805,6,WLS,49,0.0004770963314815191,1.1115882904972865
2,UPFC_Vsh,5-15,1.1127047894322617,6,MAP_SCADA,49,0.0011164989349752297,1.1115882904972865
2,UPFC_Vsh,5-15,1.1111101197662412,6,MAP_PMU,49,0.00047817073104527985,1.1115882904972865
5,UPFC_tse,5-15,-2.1000351381172995,6,WLS,49,0.0018912378217224024,-2.098143900295577
5,UPFC_tse,5-15,-2.097793283697018,6,MAP_SCADA,49,0.00035061659855895044,-2.098143900295577
5,UPFC_tse,5-15,-2.100036192697966,6,MAP_PMU,49,0.001892292402388751,-2.098143900295577
3,UPFC_tsh,5-15,-0.2336002083095417,6,WLS,49,3.3895406572698183e-05,-0.2336341037161144
3,UPFC_tsh,5-15,-0.2331385786067991,6,MAP_SCADA,49,0.0004955251093153035,-0.2336341037161144
3,UPFC_tsh,5-15,-0.2336008113232298,6,MAP_PMU,49,3.329239288460406e-05,-0.2336341037161144
0,x_tcsc,1-14,-0.1536443658457311,7,WLS,49,5.19804787713074e-07,-0.1536438460409434
0,x_tcsc,1-14,-0.1538507206025142,7,MAP_SCADA,49,0.0002068745615708134,-0.1536438460409434
0,x_tcsc,1-14,-0.1536430140815319,7,MAP_PMU,49,8.319594115013818e-07,-0.1536438460409434
1,B_svc,2,0.4539952616889547,7,WLS,49,6.861935975938094e-05,0.4540638810487141
1,B_svc,2,0.4574778902719384,7,MAP_SCADA,49,0.0034140092232243235,0.4540638810487141
1,B_svc,2,0.4539994895151152,7,MAP_PMU,49,6.439153359888428e-05,0.4540638810487141
4,UPFC_Vse,5-15,0.0552422563742233,7,WLS,49,0.0002444761081446048,0.0549977802660787
4,UPFC_Vse,5-15,0.0553480307531179,7,MAP_SCADA,49,0.00035025048703920397,0.0549977802660787
4,UPFC_Vse,5-15,0.0552417697246595,7,MAP_PMU,49,0.00024398945858080529,0.0549977802660787
2,UPFC_Vsh,5-15,1.1110303798019308,7,WLS,49,0.0005579106953557122,1.1115882904972865
2,UPFC_Vsh,5-15,1.1132311111641209,7,MAP_SCADA,49,0.0016428206668344103,1.1115882904972865
2,UPFC_Vsh,5-15,1.111030153857464,7,MAP_PMU,49,0.0005581366398224041,1.1115882904972865
5,UPFC_tse,5-15,-2.099616068619473,7,WLS,49,0.0014721683238958505,-2.098143900295577
5,UPFC_tse,5-15,-2.099134201328418,7,MAP_SCADA,49,0.0009903010328411455,-2.098143900295577
5,UPFC_tse,5-15,-2.0996181083040804,7,MAP_PMU,49,0.001474208008503286,-2.098143900295577
3,UPFC_tsh,5-15,-0.2336625156333256,7,WLS,49,2.8411917211201843e-05,-0.2336341037161144
3,UPFC_tsh,5-15,-0.2328764806224023,7,MAP_SCADA,49,0.0007576230937121065,-0.2336341037161144
3,UPFC_tsh,5-15,-0.2336626743791125,7,MAP_PMU,49,2.85706629981064e-05,-0.2336341037161144
0,x_tcsc,1-14,-0.1536536532812951,8,WLS,49,9.807240351711322e-06,-0.1536438460409434
0,x_tcsc,1-14,-0.1542986818918144,8,MAP_SCADA,49,0.000654835850871005,-0.1536438460409434
0,x_tcsc,1-14,-0.1536604279065185,8,MAP_PMU,49,1.658186557509933e-05,-0.1536438460409434
1,B_svc,2,0.4536419769215962,8,WLS,49,0.00042190412711790026,0.4540638810487141
1,B_svc,2,0.4684439903946154,8,MAP_SCADA,49,0.014380109345901282,0.4540638810487141
1,B_svc,2,0.4536260698539078,8,MAP_PMU,49,0.0004378111948062924,0.4540638810487141
4,UPFC_Vse,5-15,0.0546262229925802,8,WLS,49,0.0003715572734984962,0.0549977802660787
4,UPFC_Vse,5-15,0.0546113657831081,8,MAP_SCADA,49,0.00038641448297059566,0.0549977802660787
4,UPFC_Vse,5-15,0.054625594453275,8,MAP_PMU,49,0.00037218581280369645,0.0549977802660787
2,UPFC_Vsh,5-15,1.1106681784155783,8,WLS,49,0.0009201120817081687,1.1115882904972865
2,UPFC_Vsh,5-15,1.1083594368083318,8,MAP_SCADA,49,0.003228853688954647,1.1115882904972865
2,UPFC_Vsh,5-15,1.1106668183319652,8,MAP_PMU,49,0.0009214721653212354,1.1115882904972865
5,UPFC_tse,5-15,-2.098662608038035,8,WLS,49,0.0005187077424579911,-2.098143900295577
5,UPFC_tse,5-15,-2.1021588530142,8,MAP_SCADA,49,0.004014952718622844,-2.098143900295577
5,UPFC_tse,5-15,-2.0986661805988422,8,MAP_PMU,49,0.0005222803032651768,-2.098143900295577
3,UPFC_tsh,5-15,-0.2336487990048843,8,WLS,49,1.469528876990589e-05,-0.2336341037161144
3,UPFC_tsh,5-15,-0.2345607245766876,8,MAP_SCADA,49,0.0009266208605732129,-0.2336341037161144
3,UPFC_tsh,5-15,-0.2336488547707232,8,MAP_PMU,49,1.4751054608796998e-05,-0.2336341037161144
0,x_tcsc,1-14,-0.1536373614529646,9,WLS,49,6.484587978777823e-06,-0.1536438460409434
0,x_tcsc,1-14,-0.154519894498489,9,MAP_SCADA,49,0.0008760484575456029,-0.1536438460409434
0,x_tcsc,1-14,-0.1536480161844341,9,MAP_PMU,49,4.170143490717093e-06,-0.1536438460409434
1,B_svc,2,0.4538990829496273,9,WLS,49,0.00016479809908681586,0.4540638810487141
1,B_svc,2,0.4662146416727125,9,MAP_SCADA,49,0.012150760623998391,0.4540638810487141
1,B_svc,2,0.4538934746805905,9,MAP_PMU,49,0.000170406368123599,0.4540638810487141
4,UPFC_Vse,5-15,0.0549626566191112,9,WLS,49,3.512364696749842e-05,0.0549977802660787
4,UPFC_Vse,5-15,0.0548439844175026,9,MAP_SCADA,49,0.00015379584857609652,0.0549977802660787
4,UPFC_Vse,5-15,0.0549629239255305,9,MAP_PMU,49,3.485634054819359e-05,0.0549977802660787
2,UPFC_Vsh,5-15,1.1112013774049097,9,WLS,49,0.00038691309237681715,1.1115882904972865
2,UPFC_Vsh,5-15,1.1098736574487926,9,MAP_SCADA,49,0.001714633048493841,1.1115882904972865
2,UPFC_Vsh,5-15,1.1112008601266332,9,MAP_PMU,49,0.00038743037065325225,1.1115882904972865
5,UPFC_tse,5-15,-2.0958564025127044,9,WLS,49,0.0022874977828726273,-2.098143900295577
5,UPFC_tse,5-15,-2.0982522157628223,9,MAP_SCADA,49,0.00010831546724521246,-2.098143900295577
5,UPFC_tse,5-15,-2.095848748200189,9,MAP_PMU,49,0.002295152095387998,-2.098143900295577
3,UPFC_tsh,5-15,-0.2336274970157536,9,WLS,49,6.606700360789475e-06,-0.2336341037161144
3,UPFC_tsh,5-15,-0.2339621019398127,9,MAP_SCADA,49,0.0003279982236983059,-0.2336341037161144
3,UPFC_tsh,5-15,-0.2336277447415165,9,MAP_PMU,49,6.35897459788648e-06,-0.2336341037161144
0,x_tcsc,1-14,-0.1538975205159733,0,WLS,50,1.665340831008555e-05,-0.1539141739242834
0,x_tcsc,1-14,-0.1552551668162382,0,MAP_SCADA,50,0.0013409928919548009,-0.1539141739242834
0,x_tcsc,1-14,-0.1539127133144408,0,MAP_PMU,50,1.4606098425740122e-06,-0.1539141739242834
1,B_svc,2,0.4566974552091029,0,WLS,50,0.000322551812422911,0.4570200070215258
1,B_svc,2,0.4681300993122599,0,MAP_SCADA,50,0.01111009229073412,0.4570200070215258
1,B_svc,2,0.4566942523482866,0,MAP_PMU,50,0.00032575467323919804,0.4570200070215258
4,UPFC_Vse,5-15,0.0549696865778493,0,WLS,50,0.00018504266747589732,0.0551547292453252
4,UPFC_Vse,5-15,0.0549227545807145,0,MAP_SCADA,50,0.0002319746646106957,0.0551547292453252
4,UPFC_Vse,5-15,0.0549701978696528,0,MAP_PMU,50,0.00018453137567239764,0.0551547292453252
2,UPFC_Vsh,5-15,1.110899216396402,0,WLS,50,0.0004364808729175884,1.1113356972693196
2,UPFC_Vsh,5-15,1.109219806879187,0,MAP_SCADA,50,0.002115890390132602,1.1113356972693196
2,UPFC_Vsh,5-15,1.1108977032037923,0,MAP_PMU,50,0.0004379940655272474,1.1113356972693196
5,UPFC_tse,5-15,-2.09918426559274,0,WLS,50,0.0004915842200858833,-2.099675849812826
5,UPFC_tse,5-15,-2.098640903283867,0,MAP_SCADA,50,0.0010349465289589688,-2.099675849812826
5,UPFC_tse,5-15,-2.099182468844099,0,MAP_PMU,50,0.0004933809687268642,-2.099675849812826
3,UPFC_tsh,5-15,-0.2333419080288588,0,WLS,50,1.3966921690422573e-05,-0.2333558749505492
3,UPFC_tsh,5-15,-0.2330218017790698,0,MAP_SCADA,50,0.0003340731714794043,-0.2333558749505492
3,UPFC_tsh,5-15,-0.2333424340244735,0,MAP_PMU,50,1.3440926075719561e-05,-0.2333558749505492
0,x_tcsc,1-14,-0.1539403036587897,1,WLS,50,2.6129734506302738e-05,-0.1539141739242834
0,x_tcsc,1-14,-0.1550033830785958,1,MAP_SCADA,50,0.0010892091543124038,-0.1539141739242834
0,x_tcsc,1-14,-0.1539455732714378,1,MAP_PMU,50,3.1399347154403845e-05,-0.1539141739242834
1,B_svc,2,0.4573686310066722,1,WLS,50,0.00034862398514640125,0.4570200070215258
1,B_svc,2,0.4615185256559382,1,MAP_SCADA,50,0.004498518634412418,0.4570200070215258
1,B_svc,2,0.4573769221080468,1,MAP_PMU,50,0.00035691508652102577,0.4570200070215258
4,UPFC_Vse,5-15,0.0553350240500611,1,WLS,50,0.00018029480473590043,0.0551547292453252
4,UPFC_Vse,5-15,0.0551318022512095,1,MAP_SCADA,50,2.2926994115698984e-05,0.0551547292453252
4,UPFC_Vse,5-15,0.055335823799841,1,MAP_PMU,50,0.00018109455451580103,0.0551547292453252
2,UPFC_Vsh,5-15,1.110747124845826,1,WLS,50,0.0005885724234935275,1.1113356972693196
2,UPFC_Vsh,5-15,1.111288466604513,1,MAP_SCADA,50,4.723066480649685e-05,1.1113356972693196
2,UPFC_Vsh,5-15,1.1107459610721486,1,MAP_PMU,50,0.0005897361971709536,1.1113356972693196
5,UPFC_tse,5-15,-2.095989225793797,1,WLS,50,0.0036866240190289723,-2.099675849812826
5,UPFC_tse,5-15,-2.094762586398,1,MAP_SCADA,50,0.004913263414825675,-2.099675849812826
5,UPFC_tse,5-15,-2.095989296662875,1,MAP_PMU,50,0.003686553149950811,-2.099675849812826
3,UPFC_tsh,5-15,-0.2333647180805216,1,WLS,50,8.843129972374575e-06,-0.2333558749505492
3,UPFC_tsh,5-15,-0.2322641810080754,1,MAP_SCADA,50,0.001091693942473826,-0.2333558749505492
3,UPFC_tsh,5-15,-0.233365116590962,1,MAP_PMU,50,9.24164041279929e-06,-0.2333558749505492
0,x_tcsc,1-14,-0.1539173994831032,2,WLS,50,3.2255588198193408e-06,-0.1539141739242834
0,x_tcsc,1-14,-0.155410840079784,2,MAP_SCADA,50,0.00149666615550062,-0.1539141739242834
0,x_tcsc,1-14,-0.1539345387697747,2,MAP_PMU,50,2.036484549131079e-05,-0.1539141739242834
1,B_svc,2,0.4569557707981038,2,WLS,50,6.423622342199842e-05,0.4570200070215258
1,B_svc,2,0.4657500130065091,2,MAP_SCADA,50,0.008730005984983302,0.4570200070215258
1,B_svc,2,0.4569739942056658,2,MAP_PMU,50,4.6012815859974854e-05,0.4570200070215258
4,UPFC_Vse,5-15,0.054654596987426,2,WLS,50,0.0005001322578991954,0.0551547292453252
4,UPFC_Vse,5-15,0.0545301163713877,2,MAP_SCADA,50,0.0006246128739374954,0.0551547292453252
4,UPFC_Vse,5-15,0.0546564152424115,2,MAP_PMU,50,0.0004983140029136968,0.0551547292453252
2,UPFC_Vsh,5-15,1.1107929156267278,2,WLS,50,0.0005427816425918053,1.1113356972693196
2,UPFC_Vsh,5-15,1.1118352177443702,2,MAP_SCADA,50,0.000499520475050641,1.1113356972693196
2,UPFC_Vsh,5-15,1.110788422645356,2,MAP_PMU,50,0.000547274623963645,1.1113356972693196
5,UPFC_tse,5-15,-2.0972078321762977,2,WLS,50,0.0024680176365281525,-2.099675849812826
5,UPFC_tse,5-15,-2.096498705934241,2,MAP_SCADA,50,0.0031771438785850314,-2.099675849812826
5,UPFC_tse,5-15,-2.097207194998498,2,MAP_PMU,50,0.0024686548143280085,-2.099675849812826
3,UPFC_tsh,5-15,-0.2333633006782673,2,WLS,50,7.425727718085584e-06,-0.2333558749505492
3,UPFC_tsh,5-15,-0.2322619986911179,2,MAP_SCADA,50,0.0010938762594313034,-0.2333558749505492
3,UPFC_tsh,5-15,-0.2333641496048984,2,MAP_PMU,50,8.274654349188504e-06,-0.2333558749505492
0,x_tcsc,1-14,-0.1539100601706884,3,WLS,50,4.113753594991998e-06,-0.1539141739242834
0,x_tcsc,1-14,-0.1556611265370181,3,MAP_SCADA,50,0.0017469526127347201,-0.1539141739242834
0,x_tcsc,1-14,-0.1539140760235688,3,MAP_PMU,50,9.790071459070404e-08,-0.1539141739242834
1,B_svc,2,0.457014975944182,3,WLS,50,5.031077343786716e-06,0.4570200070215258
1,B_svc,2,0.4573828339866937,3,MAP_SCADA,50,0.00036282696516792834,0.4570200070215258
1,B_svc,2,0.4570314395941653,3,MAP_PMU,50,1.1432572639524796e-05,0.4570200070215258
4,UPFC_Vse,5-15,0.0550701324640286,3,WLS,50,8.459678129659615e-05,0.0551547292453252
4,UPFC_Vse,5-15,0.0545741302195165,3,MAP_SCADA,50,0.0005805990258086965,0.0551547292453252
4,UPFC_Vse,5-15,0.055071636046981,3,MAP_PMU,50,8.30931983441946e-05,0.0551547292453252
2,UPFC_Vsh,5-15,1.111477019745145,3,WLS,50,0.00014132247582532287,1.1113356972693196
2,UPFC_Vsh,5-15,1.114338337383613,3,MAP_SCADA,50,0.00300264011429352,1.1113356972693196
2,UPFC_Vsh,5-15,1.1114724166056764,3,MAP_PMU,50,0.00013671933635683864,1.1113356972693196
5,UPFC_tse,5-15,-2.1004977981869,3,WLS,50,0.0008219483740741218,-2.099675849812826
5,UPFC_tse,5-15,-2.096462536434822,3,MAP_SCADA,50,0.0032133133780036793,-2.099675849812826
5,UPFC_tse,5-15,-2.100512688343528,3,MAP_PMU,50,0.0008368385307022663,-2.099675849812826
3,UPFC_tsh,5-15,-0.2333842732669561,3,WLS,50,2.8398316406885726e-05,-0.2333558749505492
3,UPFC_tsh,5-15,-0.2309826968418172,3,MAP_SCADA,50,0.002373178108732027,-0.2333558749505492
3,UPFC_tsh,5-15,-0.2333852117403329,3,MAP_PMU,50,2.9336789783673822e-05,-0.2333558749505492
0,x_tcsc,1-14,-0.1539331918508423,4,WLS,50,1.9017926558922982e-05,-0.1539141739242834
0,x_tcsc,1-14,-0.1550909292439212,4,MAP_SCADA,50,0.0011767553196378178,-0.1539141739242834
0,x_tcsc,1-14,-0.1539480224383853,4,MAP_PMU,50,3.384851410190293e-05,-0.1539141739242834
1,B_svc,2,0.4572707357430682,4,WLS,50,0.00025072872154241477,0.4570200070215258
1,B_svc,2,0.4701608987813483,4,MAP_SCADA,50,0.013140891759822526,0.4570200070215258
1,B_svc,2,0.4572746634757726,4,MAP_PMU,50,0.0002546564542468266,0.4570200070215258
4,UPFC_Vse,5-15,0.0551545859458312,4,WLS,50,1.4329949400010422e-07,0.0551547292453252
4,UPFC_Vse,5-15,0.0553781376606521,4,MAP_SCADA,50,0.00022340841532690614,0.0551547292453252
4,UPFC_Vse,5-15,0.0551557497720674,4,MAP_PMU,50,1.0205267422028208e-06,0.0551547292453252
2,UPFC_Vsh,5-15,1.1111035659808142,4,WLS,50,0.00023213128850541054,1.1113356972693196
2,UPFC_Vsh,5-15,1.1102891671427044,4,MAP_SCADA,50,0.0010465301266151528,1.1113356972693196
2,UPFC_Vsh,5-15,1.1111011002403797,4,MAP_PMU,50,0.00023459702893990908,1.1113356972693196
5,UPFC_tse,5-15,-2.096862099987614,4,WLS,50,0.0028137498252118753,-2.099675849812826
5,UPFC_tse,5-15,-2.0987166470387293,4,MAP_SCADA,50,0.000959202774096557,-2.099675849812826
5,UPFC_tse,5-15,-2.096869415857162,4,MAP_PMU,50,0.002806433955663934,-2.099675849812826
3,UPFC_tsh,5-15,-0.2333693696916822,4,WLS,50,1.3494741132991095e-05,-0.2333558749505492
3,UPFC_tsh,5-15,-0.2332377355911988,4,MAP_SCADA,50,0.00011813935935039988,-0.2333558749505492
3,UPFC_tsh,5-15,-0.2333699164869808,4,MAP_PMU,50,1.404153643158601e-05,-0.2333558749505492
0,x_tcsc,1-14,-0.1539141193494298,5,WLS,50,5.457485358073555e-08,-0.1539141739242834
0,x_tcsc,1-14,-0.1559556818058403,5,MAP_SCADA,50,0.0020415078815569088,-0.1539141739242834
0,x_tcsc,1-14,-0.1539277425685866,5,MAP_PMU,50,1.3568644303213473e-05,-0.1539141739242834
1,B_svc,2,0.4572243726512658,5,WLS,50,0.00020436562974002204,0.4570200070215258
1,B_svc,2,0.4615353750014238,5,MAP_SCADA,50,0.0045153679798979884,0.4570200070215258
1,B_svc,2,0.4572429288931586,5,MAP_PMU,50,0.00022292187163280852,0.4570200070215258
4,UPFC_Vse,5-15,0.0547623778615452,5,WLS,50,0.00039235138377999995,0.0551547292453252
4,UPFC_Vse,5-15,0.0545602489493132,5,MAP_SCADA,50,0.0005944802960119941,0.0551547292453252
4,UPFC_Vse,5-15,0.0547645339926513,5,MAP_PMU,50,0.0003901952526738986,0.0551547292453252
2,UPFC_Vsh,5-15,1.1108882744439643,5,WLS,50,0.00044742282535525923,1.1113356972693196
2,UPFC_Vsh,5-15,1.1115793564576082,5,MAP_SCADA,50,0.0002436591882886141,1.1113356972693196
2,UPFC_Vsh,5-15,1.110883677696382,5,MAP_PMU,50,0.00045201957293761197,1.1113356972693196
5,UPFC_tse,5-15,-2.0983155132390725,5,WLS,50,0.0013603365737533402,-2.099675849812826
5,UPFC_tse,5-15,-2.096598908826428,5,MAP_SCADA,50,0.0030769409863977693,-2.099675849812826
5,UPFC_tse,5-15,-2.0983151920041614,5,MAP_PMU,50,0.001360657808664456,-2.099675849812826
3,UPFC_tsh,5-15,-0.2333827367086717,5,WLS,50,2.6861758122498358e-05,-0.2333558749505492
3,UPFC_tsh,5-15,-0.2320082693991724,5,MAP_SCADA,50,0.001347605551376807,-0.2333558749505492
3,UPFC_tsh,5-15,-0.2333838100641473,5,MAP_PMU,50,2.7935113598082095e-05,-0.2333558749505492
0,x_tcsc,1-14,-0.1539243998402551,6,WLS,50,1.0225915971717736e-05,-0.1539141739242834
0,x_tcsc,1-14,-0.154285651549894,6,MAP_SCADA,50,0.00037147762561060005,-0.1539141739242834
0,x_tcsc,1-14,-0.1539268768481243,6,MAP_PMU,50,1.2702923840923752e-05,-0.1539141739242834
1,B_svc,2,0.456954169317129,6,WLS,50,6.583770439677616e-05,0.4570200070215258
1,B_svc,2,0.4667919889623746,6,MAP_SCADA,50,0.009771981940848828,0.4570200070215258
1,B_svc,2,0.4569730680293767,6,MAP_PMU,50,4.693899214908148e-05,0.4570200070215258
4,UPFC_Vse,5-15,0.0547469558524402,6,WLS,50,0.00040777339288499553,0.0551547292453252
4,UPFC_Vse,5-15,0.0546368575602763,6,MAP_SCADA,50,0.0005178716850488957,0.0551547292453252
4,UPFC_Vse,5-15,0.0547469693103643,6,MAP_PMU,50,0.000407759934960894,0.0551547292453252
2,UPFC_Vsh,5-15,1.1111340200212876,6,WLS,50,0.00020167724803199505,1.1113356972693196
2,UPFC_Vsh,5-15,1.1127047894322617,6,MAP_SCADA,50,0.0013690921629421204,1.1113356972693196
2,UPFC_Vsh,5-15,1.1111337223809812,6,MAP_PMU,50,0.0002019748883383965,1.1113356972693196
5,UPFC_tse,5-15,-2.100137101929484,6,WLS,50,0.0004612521166582617,-2.099675849812826
5,UPFC_tse,5-15,-2.097793283697018,6,MAP_SCADA,50,0.0018825661158077267,-2.099675849812826
5,UPFC_tse,5-15,-2.1001411547657325,6,MAP_PMU,50,0.0004653049529066422,-2.099675849812826
3,UPFC_tsh,5-15,-0.233322017887841,6,WLS,50,3.385706270822575e-05,-0.2333558749505492
3,UPFC_tsh,5-15,-0.2331385786067991,6,MAP_SCADA,50,0.00021729634375011742,-0.2333558749505492
3,UPFC_tsh,5-15,-0.2333223471149059,6,MAP_PMU,50,3.352783564330997e-05,-0.2333558749505492
0,x_tcsc,1-14,-0.1539165352688467,7,WLS,50,2.361344563300838e-06,-0.1539141739242834
0,x_tcsc,1-14,-0.1538507206025142,7,MAP_SCADA,50,6.345332176918572e-05,-0.1539141739242834
0,x_tcsc,1-14,-0.1539157930810218,7,MAP_PMU,50,1.6191567384082894e-06,-0.1539141739242834
1,B_svc,2,0.4569302487863115,7,WLS,50,8.975823521428783e-05,0.4570200070215258
1,B_svc,2,0.4574778902719384,7,MAP_SCADA,50,0.00045788325041262734,0.4570200070215258
1,B_svc,2,0.456925845059693,7,MAP_PMU,50,9.41619618327616e-05,0.4570200070215258
4,UPFC_Vse,5-15,0.0552970900236526,7,WLS,50,0.00014236077832740363,0.0551547292453252
4,UPFC_Vse,5-15,0.0553480307531179,7,MAP_SCADA,50,0.0001933015077927036,0.0551547292453252
4,UPFC_Vse,5-15,0.0552964252764603,7,MAP_PMU,50,0.0001416960311351051,0.0551547292453252
2,UPFC_Vsh,5-15,1.1110530627478965,7,WLS,50,0.0002826345214230752,1.1113356972693196
2,UPFC_Vsh,5-15,1.1132311111641209,7,MAP_SCADA,50,0.001895413894801301,1.1113356972693196
2,UPFC_Vsh,5-15,1.1110538606436149,7,MAP_PMU,50,0.00028183662570469004,1.1113356972693196
5,UPFC_tse,5-15,-2.0997122618381474,7,WLS,50,3.6412025321563846e-05,-2.099675849812826
5,UPFC_tse,5-15,-2.099134201328418,7,MAP_SCADA,50,0.0005416484844076308,-2.099675849812826
5,UPFC_tse,5-15,-2.0997120308832304,7,MAP_PMU,50,3.618107040459506e-05,-2.099675849812826
3,UPFC_tsh,5-15,-0.2333843085456298,7,WLS,50,2.843359508059029e-05,-0.2333558749505492
3,UPFC_tsh,5-15,-0.2328764806224023,7,MAP_SCADA,50,0.0004793943281469204,-0.2333558749505492
3,UPFC_tsh,5-15,-0.2333842857263789,7,MAP_PMU,50,2.8410775829684765e-05,-0.2333558749505492
0,x_tcsc,1-14,-0.153925722316577,8,WLS,50,1.1548392293614373e-05,-0.1539141739242834
0,x_tcsc,1-14,-0.1542986818918144,8,MAP_SCADA,50,0.0003845079675310059,-0.1539141739242834
0,x_tcsc,1-14,-0.1539283363615123,8,MAP_PMU,50,1.4162437228903979e-05,-0.1539141739242834
1,B_svc,2,0.4565756194467067,8,WLS,50,0.00044438757481907176,0.4570200070215258
1,B_svc,2,0.4684439903946154,8,MAP_SCADA,50,0.011423983373089586,0.4570200070215258
1,B_svc,2,0.456560435377137,8,MAP_PMU,50,0.00045957164438881204,0.4570200070215258
4,UPFC_Vse,5-15,0.0546809390853294,8,WLS,50,0.0004737901599957961,0.0551547292453252
4,UPFC_Vse,5-15,0.0546113657831081,8,MAP_SCADA,50,0.000543363462217096,0.0551547292453252
4,UPFC_Vse,5-15,0.0546797176744437,8,MAP_PMU,50,0.0004750115708814992,0.0551547292453252
2,UPFC_Vsh,5-15,1.1106906181058334,8,WLS,50,0.0006450791634862174,1.1113356972693196
2,UPFC_Vsh,5-15,1.1083594368083318,8,MAP_SCADA,50,0.0029762604609877563,1.1113356972693196
2,UPFC_Vsh,5-15,1.1106901859374507,8,MAP_PMU,50,0.0006455113318688532,1.1113356972693196
5,UPFC_tse,5-15,-2.098768886297466,8,WLS,50,0.0009069635153600153,-2.099675849812826
5,UPFC_tse,5-15,-2.1021588530142,8,MAP_SCADA,50,0.0024830032013740677,-2.099675849812826
5,UPFC_tse,5-15,-2.0987717763811333,8,MAP_PMU,50,0.0009040734316925203,-2.099675849812826
3,UPFC_tsh,5-15,-0.233370533692756,8,WLS,50,1.4658742206796749e-05,-0.2333558749505492
3,UPFC_tsh,5-15,-0.2345607245766876,8,MAP_SCADA,50,0.001204849626138399,-0.2333558749505492
3,UPFC_tsh,5-15,-0.2333704031285347,8,MAP_PMU,50,1.4528177985473345e-05,-0.2333558749505492
0,x_tcsc,1-14,-0.153909479872743,9,WLS,50,4.694051540382604e-06,-0.1539141739242834
0,x_tcsc,1-14,-0.154519894498489,9,MAP_SCADA,50,0.0006057205742056038,-0.1539141739242834
0,x_tcsc,1-14,-0.1539150540295405,9,MAP_PMU,50,8.801052571172363e-07,-0.1539141739242834
1,B_svc,2,0.4568314634415609,9,WLS,50,0.0001885435799648949,0.4570200070215258
1,B_svc,2,0.4662146416727125,9,MAP_SCADA,50,0.009194634651186695,0.4570200070215258
1,B_svc,2,0.4568245628328559,9,MAP_PMU,50,0.0001954441886699021,0.4570200070215258
4,UPFC_Vse,5-15,0.0550173262421171,9,WLS,50,0.00013740300320809473,0.0551547292453252
4,UPFC_Vse,5-15,0.0548439844175026,9,MAP_SCADA,50,0.0003107448278225969,0.0551547292453252
4,UPFC_Vse,5-15,0.0550171610151302,9,MAP_PMU,50,0.00013756823019499959,0.0551547292453252
2,UPFC_Vsh,5-15,1.1112240233012582,9,WLS,50,0.00011167396806133212,1.1113356972693196
2,UPFC_Vsh,5-15,1.1098736574487926,9,MAP_SCADA,50,0.0014620398205269503,1.1113356972693196
2,UPFC_Vsh,5-15,1.111223923189508,9,MAP_PMU,50,0.00011177407981155518,1.1113356972693196
5,UPFC_tse,5-15,-2.095959982906655,9,WLS,50,0.0037158669061709837,-2.099675849812826
5,UPFC_tse,5-15,-2.0982522157628223,9,MAP_SCADA,50,0.0014236340500035638,-2.099675849812826
5,UPFC_tse,5-15,-2.0959525753113923,9,MAP_PMU,50,0.0037232745014335045,-2.099675849812826
3,UPFC_tsh,5-15,-0.2333493106255187,9,WLS,50,6.56432503051696e-06,-0.2333558749505492
3,UPFC_tsh,5-15,-0.2339621019398127,9,MAP_SCADA,50,0.0006062269892634919,-0.2333558749505492
3,UPFC_tsh,5-15,-0.2333493768325435,9,MAP_PMU,50,6.498118005709985e-06,-0.2333558749505492
0,x_tcsc,1-14,-0.1542994059515153,0,WLS,51,2.0934213188800177e-05,-0.1543203401647041
0,x_tcsc,1-14,-0.1552551668162382,0,MAP_SCADA,51,0.0009348266515340764,-0.1543203401647041
0,x_tcsc,1-14,-0.1543060985373362,0,MAP_PMU,51,1.4241627367905796e-05,-0.1543203401647041
1,B_svc,2,0.4614107604480541,0,WLS,51,0.0003260873927702912,0.4617368478408244
1,B_svc,2,0.4681300993122599,0,MAP_SCADA,51,0.0063932514714354904,0.4617368478408244
1,B_svc,2,0.461404641899167,0,MAP_PMU,51,0.00033220594165739303,0.4617368478408244
4,UPFC_Vse,5-15,0.0551306876080889,0,WLS,51,0.0006146189371443941,0.0557453065452333
4,UPFC_Vse,5-15,0.0549227545807145,0,MAP_SCADA,51,0.0008225519645187959,0.0557453065452333
4,UPFC_Vse,5-15,0.0551299331023639,0,MAP_PMU,51,0.0006153734428693963,0.0557453065452333
2,UPFC_Vsh,5-15,1.1109168498186668,0,WLS,51,0.00032885728763809574,1.1112457071063049
2,UPFC_Vsh,5-15,1.109219806879187,0,MAP_SCADA,51,0.002025900227117905,1.1112457071063049
2,UPFC_Vsh,5-15,1.1109176111134964,0,MAP_PMU,51,0.0003280959928084748,1.1112457071063049
5,UPFC_tse,5-15,-2.097943231284867,0,WLS,51,0.002900933463404254,-2.1008441647482714
5,UPFC_tse,5-15,-2.098640903283867,0,MAP_SCADA,51,0.0022032614644045267,-2.1008441647482714
5,UPFC_tse,5-15,-2.0979409340655324,0,MAP_PMU,51,0.002903230682739011,-2.1008441647482714
3,UPFC_tsh,5-15,-0.2328231178712167,0,WLS,51,2.2102174718097167e-05,-0.2328452200459348
3,UPFC_tsh,5-15,-0.2330218017790698,0,MAP_SCADA,51,0.00017658173313500614,-0.2328452200459348
3,UPFC_tsh,5-15,-0.2328231527580442,0,MAP_PMU,51,2.206728789061474e-05,-0.2328452200459348
0,x_tcsc,1-14,-0.1543423044491803,1,WLS,51,2.1964284476178042e-05,-0.1543203401647041
0,x_tcsc,1-14,-0.1550033830785958,1,MAP_SCADA,51,0.0006830429138916794,-0.1543203401647041
0,x_tcsc,1-14,-0.1543427070362285,1,MAP_PMU,51,2.236687152437633e-05,-0.1543203401647041
1,B_svc,2,0.4620876928424977,1,WLS,51,0.00035084500167326116,0.4617368478408244
1,B_svc,2,0.4615185256559382,1,MAP_SCADA,51,0.00021832218488621047,0.4617368478408244
1,B_svc,2,0.462088817615338,1,MAP_PMU,51,0.0003519697745135719,0.4617368478408244
4,UPFC_Vse,5-15,0.0554959003845315,1,WLS,51,0.0002494061607017997,0.0557453065452333
4,UPFC_Vse,5-15,0.0551318022512095,1,MAP_SCADA,51,0.0006135042940237992,0.0557453065452333
4,UPFC_Vse,5-15,0.0554960561672035,1,MAP_PMU,51,0.00024925037802979444,0.0557453065452333
2,UPFC_Vsh,5-15,1.110764398184758,1,WLS,51,0.0004813089215469635,1.1112457071063049
2,UPFC_Vsh,5-15,1.111288466604513,1,MAP_SCADA,51,4.275949820820024e-05,1.1112457071063049
2,UPFC_Vsh,5-15,1.110764892549862,1,MAP_PMU,51,0.0004808145564427768,1.1112457071063049
5,UPFC_tse,5-15,-2.0947709005220823,1,WLS,51,0.006073264226189146,-2.1008441647482714
5,UPFC_tse,5-15,-2.094762586398,1,MAP_SCADA,51,0.006081578350271233,-2.1008441647482714
5,UPFC_tse,5-15,-2.0947672619686206,1,MAP_PMU,51,0.0060769027796507835,-2.1008441647482714
3,UPFC_tsh,5-15,-0.232845955065203,1,WLS,51,7.350192681998546e-07,-0.2328452200459348
3,UPFC_tsh,5-15,-0.2322641810080754,1,MAP_SCADA,51,0.0005810390378594155,-0.2328452200459348
3,UPFC_tsh,5-15,-0.2328459719605471,1,MAP_PMU,51,7.519146122958453e-07,-0.2328452200459348
0,x_tcsc,1-14,-0.1543192439546874,2,WLS,51,1.0962100167044575e-06,-0.1543203401647041
0,x_tcsc,1-14,-0.155410840079784,2,MAP_SCADA,51,0.0010904999150798955,-0.1543203401647041
0,x_tcsc,1-14,-0.1543271245311691,2,MAP_PMU,51,6.784366464979152e-06,-0.1543203401647041
1,B_svc,2,0.4616683546642613,2,WLS,51,6.849317656310028e-05,0.4617368478408244
1,B_svc,2,0.4657500130065091,2,MAP_SCADA,51,0.004013165165684673,0.4617368478408244
1,B_svc,2,0.4616749898980301,2,MAP_PMU,51,6.185794279434109e-05,0.4617368478408244
4,UPFC_Vse,5-15,0.054815524080146,2,WLS,51,0.0009297824650872991,0.0557453065452333
4,UPFC_Vse,5-15,0.0545301163713877,2,MAP_SCADA,51,0.0012151901738455956,0.0557453065452333
4,UPFC_Vse,5-15,0.0548164703048291,2,MAP_PMU,51,0.0009288362404041989,0.0557453065452333
2,UPFC_Vsh,5-15,1.1108105090176783,2,WLS,51,0.00043519808862657605,1.1112457071063049
2,UPFC_Vsh,5-15,1.1118352177443702,2,MAP_SCADA,51,0.0005895106380653381,1.1112457071063049
2,UPFC_Vsh,5-15,1.1108084591934453,2,MAP_PMU,51,0.0004372479128595952,1.1112457071063049
5,UPFC_tse,5-15,-2.095972046080973,2,WLS,51,0.00487211866729842,-2.1008441647482714
5,UPFC_tse,5-15,-2.096498705934241,2,MAP_SCADA,51,0.004345458814030589,-2.1008441647482714
5,UPFC_tse,5-15,-2.095966356087289,2,MAP_PMU,51,0.004877808660982197,-2.1008441647482714
3,UPFC_tsh,5-15,-0.2328444636462855,2,WLS,51,7.563996493042957e-07,-0.2328452200459348
3,UPFC_tsh,5-15,-0.2322619986911179,2,MAP_SCADA,51,0.000583221354816893,-0.2328452200459348
3,UPFC_tsh,5-15,-0.2328447885333129,2,MAP_PMU,51,4.315126219123222e-07,-0.2328452200459348
0,x_tcsc,1-14,-0.1543117837169689,3,WLS,51,8.556447735202921e-06,-0.1543203401647041
0,x_tcsc,1-14,-0.1556611265370181,3,MAP_SCADA,51,0.0013407863723139957,-0.1543203401647041
0,x_tcsc,1-14,-0.1543087792283815,3,MAP_PMU,51,1.1560936322624338e-05,-0.1543203401647041
1,B_svc,2,0.4617284206565039,3,WLS,51,8.427184320536352e-06,0.4617368478408244
1,B_svc,2,0.4573828339866937,3,MAP_SCADA,51,0.0043540138541307005,0.4617368478408244
1,B_svc,2,0.4617275101791388,3,MAP_PMU,51,9.337661685593357e-06,0.4617368478408244
4,UPFC_Vse,5-15,0.0552308672672301,3,WLS,51,0.0005144392780031953,0.0557453065452333
4,UPFC_Vse,5-15,0.0545741302195165,3,MAP_SCADA,51,0.0011711763257167968,0.0557453065452333
4,UPFC_Vse,5-15,0.0552317911738066,3,MAP_PMU,51,0.0005135153714266941,0.0557453065452333
2,UPFC_Vsh,5-15,1.1114944604740462,3,WLS,51,0.00024875336774132784,1.1112457071063049
2,UPFC_Vsh,5-15,1.114338337383613,3,MAP_SCADA,51,0.003092630277308217,1.1112457071063049
2,UPFC_Vsh,5-15,1.1114924426669066,3,MAP_PMU,51,0.00024673556060172963,1.1112457071063049
5,UPFC_tse,5-15,-2.099256388444702,3,WLS,51,0.0015877763035692105,-2.1008441647482714
5,UPFC_tse,5-15,-2.096462536434822,3,MAP_SCADA,51,0.004381628313449237,-2.1008441647482714
5,UPFC_tse,5-15,-2.099269803148554,3,MAP_PMU,51,0.0015743615997174665,-2.1008441647482714
3,UPFC_tsh,5-15,-0.2328653552326242,3,WLS,51,2.0135186689390627e-05,-0.2328452200459348
3,UPFC_tsh,5-15,-0.2309826968418172,3,MAP_SCADA,51,0.0018625232041176165,-0.2328452200459348
3,UPFC_tsh,5-15,-0.2328657166969714,3,MAP_PMU,51,2.0496651036594482e-05,-0.2328452200459348
0,x_tcsc,1-14,-0.1543350944309616,4,WLS,51,1.4754266257493986e-05,-0.1543203401647041
0,x_tcsc,1-14,-0.1550909292439212,4,MAP_SCADA,51,0.0007705890792170933,-0.1543203401647041
0,x_tcsc,1-14,-0.1543415661540338,4,MAP_PMU,51,2.1225989329687334e-05,-0.1543203401647041
1,B_svc,2,0.4619864673082136,4,WLS,51,0.00024961946738916163,0.4617368478408244
1,B_svc,2,0.4701608987813483,4,MAP_SCADA,51,0.008424050940523897,0.4617368478408244
1,B_svc,2,0.4619851964658338,4,MAP_PMU,51,0.0002483486250093869,0.4617368478408244
4,UPFC_Vse,5-15,0.0553151790198934,4,WLS,51,0.00043012752533989895,0.0557453065452333
4,UPFC_Vse,5-15,0.0553781376606521,4,MAP_SCADA,51,0.00036716888458119407,0.0557453065452333
4,UPFC_Vse,5-15,0.055315312640337,4,MAP_PMU,51,0.0004299939048963003,0.0557453065452333
2,UPFC_Vsh,5-15,1.111121131902885,4,WLS,51,0.00012457520341979667,1.1112457071063049
2,UPFC_Vsh,5-15,1.1102891671427044,4,MAP_SCADA,51,0.0009565399636004557,1.1112457071063049
2,UPFC_Vsh,5-15,1.111120695597342,4,MAP_PMU,51,0.00012501150896282454,1.1112457071063049
5,UPFC_tse,5-15,-2.095630217451597,4,WLS,51,0.005213947296674348,-2.1008441647482714
5,UPFC_tse,5-15,-2.0987166470387293,4,MAP_SCADA,51,0.002127517709542115,-2.1008441647482714
5,UPFC_tse,5-15,-2.0956324529883084,4,MAP_PMU,51,0.005211711759963045,-2.1008441647482714
3,UPFC_tsh,5-15,-0.2328504982567195,4,WLS,51,5.278210784692705e-06,-0.2328452200459348
3,UPFC_tsh,5-15,-0.2332377355911988,4,MAP_SCADA,51,0.00039251554526401056,-0.2328452200459348
3,UPFC_tsh,5-15,-0.2328506139798517,4,MAP_PMU,51,5.3939339169084555e-06,-0.2328452200459348
0,x_tcsc,1-14,-0.1543158916290203,5,WLS,51,4.4485356838208645e-06,-0.1543203401647041
0,x_tcsc,1-14,-0.1559556818058403,5,MAP_SCADA,51,0.0016353416411361843,-0.1543203401647041
0,x_tcsc,1-14,-0.1543198287094314,5,MAP_PMU,51,5.114552727170096e-07,-0.1543203401647041
1,B_svc,2,0.4619414180861627,5,WLS,51,0.00020457024533826473,0.4617368478408244
1,B_svc,2,0.4615353750014238,5,MAP_SCADA,51,0.00020147283940064042,0.4617368478408244
1,B_svc,2,0.4619480775493862,5,MAP_PMU,51,0.0002112297085617998,0.4617368478408244
4,UPFC_Vse,5-15,0.0549230398662713,5,WLS,51,0.0008222666789619998,0.0557453065452333
4,UPFC_Vse,5-15,0.0545602489493132,5,MAP_SCADA,51,0.0011850575959200943,0.0557453065452333
4,UPFC_Vse,5-15,0.0549240933934583,5,MAP_PMU,51,0.0008212131517749965,0.0557453065452333
2,UPFC_Vsh,5-15,1.110905906782368,5,WLS,51,0.00033980032393698956,1.1112457071063049
2,UPFC_Vsh,5-15,1.1115793564576082,5,MAP_SCADA,51,0.0003336493513033112,1.1112457071063049
2,UPFC_Vsh,5-15,1.1109037258444223,5,MAP_PMU,51,0.0003419812618825624,1.1112457071063049
5,UPFC_tse,5-15,-2.097073971510154,5,WLS,51,0.0037701932381173364,-2.1008441647482714
5,UPFC_tse,5-15,-2.096598908826428,5,MAP_SCADA,51,0.004245255921843327,-2.1008441647482714
5,UPFC_tse,5-15,-2.097070987641029,5,MAP_PMU,51,0.0037731771072424536,-2.1008441647482714
3,UPFC_tsh,5-15,-0.2328637568846503,5,WLS,51,1.8536838715499382e-05,-0.2328452200459348
3,UPFC_tsh,5-15,-0.2320082693991724,5,MAP_SCADA,51,0.0008369506467623966,-0.2328452200459348
3,UPFC_tsh,5-15,-0.2328642095782477,5,MAP_PMU,51,1.898953231288525e-05,-0.2328452200459348
0,x_tcsc,1-14,-0.15432638207275,6,WLS,51,6.041908045900657e-06,-0.1543203401647041
0,x_tcsc,1-14,-0.154285651549894,6,MAP_SCADA,51,3.468861481012442e-05,-0.1543203401647041
0,x_tcsc,1-14,-0.1543263221102995,6,MAP_PMU,51,5.981945595395777e-06,-0.1543203401647041
1,B_svc,2,0.4616681093810683,6,WLS,51,6.873845975613468e-05,0.4617368478408244
1,B_svc,2,0.4667919889623746,6,MAP_SCADA,51,0.0050551411215502,0.4617368478408244
1,B_svc,2,0.4616751832355751,6,MAP_PMU,51,6.166460524931194e-05,0.4617368478408244
4,UPFC_Vse,5-15,0.0549078645127614,6,WLS,51,0.000837442032471894,0.0557453065452333
4,UPFC_Vse,5-15,0.0546368575602763,6,MAP_SCADA,51,0.001108448984956996,0.0557453065452333
4,UPFC_Vse,5-15,0.0549077346105485,6,MAP_PMU,51,0.0008375719346847971,0.0557453065452333
2,UPFC_Vsh,5-15,1.1111516428258563,6,WLS,51,9.406428044855808e-05,1.1112457071063049
2,UPFC_Vsh,5-15,1.1127047894322617,6,MAP_SCADA,51,0.0014590823259568175,1.1112457071063049
2,UPFC_Vsh,5-15,1.1111519364013849,6,MAP_PMU,51,9.377070492000428e-05,1.1112457071063049
5,UPFC_tse,5-15,-2.098905586651401,6,WLS,51,0.0019385780968703692,-2.1008441647482714
5,UPFC_tse,5-15,-2.097793283697018,6,MAP_SCADA,51,0.0030508810512532847,-2.1008441647482714
5,UPFC_tse,5-15,-2.098912945244834,6,MAP_PMU,51,0.0019312195034375534,-2.1008441647482714
3,UPFC_tsh,5-15,-0.2328033810449228,6,WLS,51,4.183900101201177e-05,-0.2328452200459348
3,UPFC_tsh,5-15,-0.2331385786067991,6,MAP_SCADA,51,0.000293358560864293,-0.2328452200459348
3,UPFC_tsh,5-15,-0.2328034441766492,6,MAP_PMU,51,4.177586928560961e-05,-0.2328452200459348
0,x_tcsc,1-14,-0.1543183801599328,7,WLS,51,1.960004771317525e-06,-0.1543203401647041
0,x_tcsc,1-14,-0.1538507206025142,7,MAP_SCADA,51,0.0004696195621899102,-0.1543203401647041
0,x_tcsc,1-14,-0.1543213581163103,7,MAP_PMU,51,1.017951606174794e-06,-0.1543203401647041
1,B_svc,2,0.4616462218390861,7,WLS,51,9.062600173831425e-05,0.4617368478408244
1,B_svc,2,0.4574778902719384,7,MAP_SCADA,51,0.0042589575688860015,0.4617368478408244
1,B_svc,2,0.4616318425401832,7,MAP_PMU,51,0.00010500530064122549,0.4617368478408244
4,UPFC_Vse,5-15,0.0554575209679444,7,WLS,51,0.000287785577288896,0.0557453065452333
4,UPFC_Vse,5-15,0.0553480307531179,7,MAP_SCADA,51,0.0003972757921153966,0.0557453065452333
4,UPFC_Vse,5-15,0.0554570568205084,7,MAP_PMU,51,0.0002882497247248955,0.0557453065452333
2,UPFC_Vsh,5-15,1.111070601494586,7,WLS,51,0.000175105611718962,1.1112457071063049
2,UPFC_Vsh,5-15,1.1132311111641209,7,MAP_SCADA,51,0.001985404057815998,1.1112457071063049
2,UPFC_Vsh,5-15,1.111071696903438,7,MAP_PMU,51,0.00017401020286689217,1.1112457071063049
5,UPFC_tse,5-15,-2.0984712632251323,7,WLS,51,0.0023729015231390704,-2.1008441647482714
5,UPFC_tse,5-15,-2.099134201328418,7,MAP_SCADA,51,0.0017099634198531888,-2.1008441647482714
5,UPFC_tse,5-15,-2.0984692787550228,7,MAP_PMU,51,0.0023748859932486432,-2.1008441647482714
3,UPFC_tsh,5-15,-0.2328653551824855,7,WLS,51,2.013513655069188e-05,-0.2328452200459348
3,UPFC_tsh,5-15,-0.2328764806224023,7,MAP_SCADA,51,3.126057646749003e-05,-0.2328452200459348
3,UPFC_tsh,5-15,-0.2328652410003305,7,MAP_PMU,51,2.0020954395683077e-05,-0.2328452200459348
0,x_tcsc,1-14,-0.1543273555562349,8,WLS,51,7.015391530779125e-06,-0.1543203401647041
0,x_tcsc,1-14,-0.1542986818918144,8,MAP_SCADA,51,2.1658272889718555e-05,-0.1543203401647041
0,x_tcsc,1-14,-0.1543266599536733,8,MAP_PMU,51,6.3197889692001574e-06,-0.1543203401647041
1,B_svc,2,0.4612900845374241,8,WLS,51,0.00044676330340032155,0.4617368478408244
1,B_svc,2,0.4684439903946154,8,MAP_SCADA,51,0.006707142553790957,0.4617368478408244
1,B_svc,2,0.461279741168088,8,MAP_PMU,51,0.00045710667273640704,0.4617368478408244
4,UPFC_Vse,5-15,0.0548416733311523,8,WLS,51,0.0009036332140809969,0.0557453065452333
4,UPFC_Vse,5-15,0.0546113657831081,8,MAP_SCADA,51,0.0011339407621251962,0.0557453065452333
4,UPFC_Vse,5-15,0.054839699261783,8,MAP_PMU,51,0.0009056072834503007,0.0557453065452333
2,UPFC_Vsh,5-15,1.1107076631409047,8,WLS,51,0.0005380439654001368,1.1112457071063049
2,UPFC_Vsh,5-15,1.1083594368083318,8,MAP_SCADA,51,0.0028862702979730592,1.1112457071063049
2,UPFC_Vsh,5-15,1.1107086629206795,8,MAP_PMU,51,0.0005370441856253905,1.1112457071063049
5,UPFC_tse,5-15,-2.0975323551749345,8,WLS,51,0.003311809573336877,-2.1008441647482714
5,UPFC_tse,5-15,-2.1021588530142,8,MAP_SCADA,51,0.0013146882659285097,-2.1008441647482714
5,UPFC_tse,5-15,-2.0975297902689807,8,MAP_PMU,51,0.003314374479290727,-2.1008441647482714
3,UPFC_tsh,5-15,-0.2328516193639226,8,WLS,51,6.3993179877930295e-06,-0.2328452200459348
3,UPFC_tsh,5-15,-0.2345607245766876,8,MAP_SCADA,51,0.0017155045307528094,-0.2328452200459348
3,UPFC_tsh,5-15,-0.2328513494499343,8,MAP_PMU,51,6.129403999494132e-06,-0.2328452200459348
0,x_tcsc,1-14,-0.1543113049157185,9,WLS,51,9.035248985600486e-06,-0.1543203401647041
0,x_tcsc,1-14,-0.154519894498489,9,MAP_SCADA,51,0.0001995543337848793,-0.1543203401647041
0,x_tcsc,1-14,-0.1543121384191501,9,MAP_PMU,51,8.201745554020645e-06,-0.1543203401647041
1,B_svc,2,0.4615432863871428,9,WLS,51,0.00019356145368160105,0.4617368478408244
1,B_svc,2,0.4662146416727125,9,MAP_SCADA,51,0.004477793831888066,0.4617368478408244
1,B_svc,2,0.4615380406260357,9,MAP_PMU,51,0.00019880721478870989,0.4617368478408244
4,UPFC_Vse,5-15,0.0551782289738613,9,WLS,51,0.0005670775713719975,0.0557453065452333
4,UPFC_Vse,5-15,0.0548439844175026,9,MAP_SCADA,51,0.0009013221277306971,0.0557453065452333
4,UPFC_Vse,5-15,0.05517743447268,9,MAP_PMU,51,0.0005678720725533007,0.0557453065452333
2,UPFC_Vsh,5-15,1.1112413978797304,9,WLS,51,4.309226574461533e-06,1.1112457071063049
2,UPFC_Vsh,5-15,1.1098736574487926,9,MAP_SCADA,51,0.0013720496575122532,1.1112457071063049
2,UPFC_Vsh,5-15,1.1112422372222228,9,MAP_PMU,51,3.4698840820635013e-06,1.1112457071063049
5,UPFC_tse,5-15,-2.0947347894655666,9,WLS,51,0.006109375282704832,-2.1008441647482714
5,UPFC_tse,5-15,-2.0982522157628223,9,MAP_SCADA,51,0.0025919489854491218,-2.1008441647482714
5,UPFC_tse,5-15,-2.094719739050275,9,MAP_PMU,51,0.006124425697996205,-2.1008441647482714
3,UPFC_tsh,5-15,-0.2328305353225883,9,WLS,51,1.468472334650861e-05,-0.2328452200459348
3,UPFC_tsh,5-15,-0.2339621019398127,9,MAP_SCADA,51,0.0011168818938779024,-0.2328452200459348
3,UPFC_tsh,5-15,-0.2328304321872866,9,MAP_PMU,51,1.4787858648196428e-05,-0.2328452200459348
0,x_tcsc,1-14,-0.1547359671634458,0,WLS,52,2.9036447845909308e-05,-0.1547650036112917
0,x_tcsc,1-14,-0.1552551668162382,0,MAP_SCADA,52,0.0004901632049464921,-0.1547650036112917
0,x_tcsc,1-14,-0.1547372332445979,0,MAP_PMU,52,2.7770366693796733e-05,-0.1547650036112917
1,B_svc,2,0.4667434952983533,0,WLS,52,0.000298978887581125,0.4670424741859344
1,B_svc,2,0.4681300993122599,0,MAP_SCADA,52,0.0010876251263254866,0.4670424741859344
1,B_svc,2,0.4667388078983059,0,MAP_PMU,52,0.00030366628762851233,0.4670424741859344
4,UPFC_Vse,5-15,0.0551264059872588,0,WLS,52,0.0005941103990033045,0.0557205163862621
4,UPFC_Vse,5-15,0.0549227545807145,0,MAP_SCADA,52,0.0007977618055476018,0.0557205163862621
4,UPFC_Vse,5-15,0.0551250207920508,0,MAP_PMU,52,0.0005954955942113066,0.0557205163862621
2,UPFC_Vsh,5-15,1.110897762719368,0,WLS,52,0.00019681178753816475,1.111094574506906
2,UPFC_Vsh,5-15,1.109219806879187,0,MAP_SCADA,52,0.0018747676277190983,1.111094574506906
2,UPFC_Vsh,5-15,1.1109005217736707,0,MAP_PMU,52,0.00019405273323536143,1.111094574506906
5,UPFC_tse,5-15,-2.097734613622837,0,WLS,52,0.004216163922087013,-2.101950777544924
5,UPFC_tse,5-15,-2.098640903283867,0,MAP_SCADA,52,0.003309874261057111,-2.101950777544924
5,UPFC_tse,5-15,-2.097731389534216,0,MAP_PMU,52,0.004219388010707981,-2.101950777544924
3,UPFC_tsh,5-15,-0.232524390094276,0,WLS,52,3.3478862248886854e-05,-0.2325578689565249
3,UPFC_tsh,5-15,-0.2330218017790698,0,MAP_SCADA,52,0.0004639328225449213,-0.2325578689565249
3,UPFC_tsh,5-15,-0.2325241208562075,0,MAP_PMU,52,3.374810031739339e-05,-0.2325578689565249
0,x_tcsc,1-14,-0.1547790647426411,1,WLS,52,1.4061131349413225e-05,-0.1547650036112917
0,x_tcsc,1-14,-0.1550033830785958,1,MAP_SCADA,52,0.0002383794673040951,-0.1547650036112917
0,x_tcsc,1-14,-0.1547780096068602,1,MAP_PMU,52,1.3005995568499129e-05,-0.1547650036112917
1,B_svc,2,0.4674265375225643,1,WLS,52,0.0003840633366298807,0.4670424741859344
1,B_svc,2,0.4615185256559382,1,MAP_SCADA,52,0.005523948529996214,0.4670424741859344
1,B_svc,2,0.4674239572674357,1,MAP_PMU,52,0.000381483081501266,0.4670424741859344
4,UPFC_Vse,5-15,0.0554916604011597,1,WLS,52,0.00022885598510240246,0.0557205163862621
4,UPFC_Vse,5-15,0.0551318022512095,1,MAP_SCADA,52,0.0005887141350526051,0.0557205163862621
4,UPFC_Vse,5-15,0.0554914406151463,1,MAP_PMU,52,0.00022907577111580535,0.0557205163862621
2,UPFC_Vsh,5-15,1.1107452630583576,1,WLS,52,0.00034931144854843943,1.111094574506906
2,UPFC_Vsh,5-15,1.111288466604513,1,MAP_SCADA,52,0.00019389209760700687,1.111094574506906
2,UPFC_Vsh,5-15,1.1107467480574915,1,MAP_PMU,52,0.00034782644941455665,1.111094574506906
5,UPFC_tse,5-15,-2.0945615878954147,1,WLS,52,0.007389189649509298,-2.101950777544924
5,UPFC_tse,5-15,-2.094762586398,1,MAP_SCADA,52,0.007188191146923817,-2.101950777544924
5,UPFC_tse,5-15,-2.0945578760017787,1,MAP_PMU,52,0.007392901543145314,-2.101950777544924
3,UPFC_tsh,5-15,-0.2325473147695083,1,WLS,52,1.0554187016592609e-05,-0.2325578689565249
3,UPFC_tsh,5-15,-0.2322641810080754,1,MAP_SCADA,52,0.0002936879484495003,-0.2325578689565249
3,UPFC_tsh,5-15,-0.2325471334328128,1,MAP_PMU,52,1.0735523712085415e-05,-0.2325578689565249
0,x_tcsc,1-14,-0.1547557979586266,2,WLS,52,9.205652665100761e-06,-0.1547650036112917
0,x_tcsc,1-14,-0.155410840079784,2,MAP_SCADA,52,0.0006458364684923112,-0.1547650036112917
0,x_tcsc,1-14,-0.1547573871843456,2,MAP_PMU,52,7.616426946105426e-06,-0.1547650036112917
1,B_svc,2,0.4670000490809897,2,WLS,52,4.242510494473217e-05,0.4670424741859344
1,B_svc,2,0.4657500130065091,2,MAP_SCADA,52,0.0012924611794253305,0.4670424741859344
1,B_svc,2,0.4669984566233098,2,MAP_PMU,52,4.4017562624620865e-05,0.4670424741859344
4,UPFC_Vse,5-15,0.0548111561400452,2,WLS,52,0.0009093602462169059,0.0557205163862621
4,UPFC_Vse,5-15,0.0545301163713877,2,MAP_SCADA,52,0.0011904000148744015,0.0557205163862621
4,UPFC_Vse,5-15,0.0548114082802696,2,MAP_PMU,52,0.0009091081059925052,0.0557205163862621
2,UPFC_Vsh,5-15,1.1107916504848077,2,WLS,52,0.0003029240220984164,1.111094574506906
2,UPFC_Vsh,5-15,1.1118352177443702,2,MAP_SCADA,52,0.0007406432374641447,1.111094574506906
2,UPFC_Vsh,5-15,1.1107915490709797,2,MAP_PMU,52,0.0003030254359264184,1.111094574506906
5,UPFC_tse,5-15,-2.095761740639115,2,WLS,52,0.0061890369058090755,-2.101950777544924
5,UPFC_tse,5-15,-2.096498705934241,2,MAP_SCADA,52,0.0054520716106831735,-2.101950777544924
5,UPFC_tse,5-15,-2.09575535017879,2,MAP_PMU,52,0.006195427366133988,-2.101950777544924
3,UPFC_tsh,5-15,-0.2325457874984819,2,WLS,52,1.2081458042989546e-05,-0.2325578689565249
3,UPFC_tsh,5-15,-0.2322619986911179,2,MAP_SCADA,52,0.0002958702654069778,-0.2325578689565249
3,UPFC_tsh,5-15,-0.2325457608978498,2,MAP_PMU,52,1.2108058675075473e-05,-0.2325578689565249
0,x_tcsc,1-14,-0.1547482039047035,3,WLS,52,1.6799706588188634e-05,-0.1547650036112917
0,x_tcsc,1-14,-0.1556611265370181,3,MAP_SCADA,52,0.0008961229257264114,-0.1547650036112917
0,x_tcsc,1-14,-0.1547412910293747,3,MAP_PMU,52,2.371258191699588e-05,-0.1547650036112917
1,B_svc,2,0.4670612097282344,3,WLS,52,1.873554229997465e-05,0.4670424741859344
1,B_svc,2,0.4573828339866937,3,MAP_SCADA,52,0.009659640199240704,0.4670424741859344
1,B_svc,2,0.4670454287011253,3,MAP_PMU,52,2.9545151908894063e-06,0.4670424741859344
4,UPFC_Vse,5-15,0.0552266065000227,3,WLS,52,0.000493909886239402,0.0557205163862621
4,UPFC_Vse,5-15,0.0545741302195165,3,MAP_SCADA,52,0.0011463861667456027,0.0557205163862621
4,UPFC_Vse,5-15,0.0552267212340551,3,MAP_PMU,52,0.0004937951522070022,0.0557205163862621
2,UPFC_Vsh,5-15,1.1114753438831493,3,WLS,52,0.0003807693762432063,1.111094574506906
2,UPFC_Vsh,5-15,1.114338337383613,3,MAP_SCADA,52,0.0032437628767070237,1.111094574506906
2,UPFC_Vsh,5-15,1.1114749395926526,3,MAP_PMU,52,0.00038036508574657013,1.111094574506906
5,UPFC_tse,5-15,-2.0990404437927763,3,WLS,52,0.0029103337521476647,-2.101950777544924
5,UPFC_tse,5-15,-2.096462536434822,3,MAP_SCADA,52,0.005488241110101821,-2.101950777544924
5,UPFC_tse,5-15,-2.099054633071004,3,MAP_PMU,52,0.0028961444739201703,-2.101950777544924
3,UPFC_tsh,5-15,-0.2325665329115714,3,WLS,52,8.663955046506189e-06,-0.2325578689565249
3,UPFC_tsh,5-15,-0.2309826968418172,3,MAP_SCADA,52,0.0015751721147077014,-0.2325578689565249
3,UPFC_tsh,5-15,-0.2325664964956492,3,MAP_PMU,52,8.6275391243118e-06,-0.2325578689565249
0,x_tcsc,1-14,-0.1547717143598896,4,WLS,52,6.710748597898997e-06,-0.1547650036112917
0,x_tcsc,1-14,-0.1550909292439212,4,MAP_SCADA,52,0.000325925632629509,-0.1547650036112917
0,x_tcsc,1-14,-0.1547729242562514,4,MAP_PMU,52,7.920644959691359e-06,-0.1547650036112917
1,B_svc,2,0.4673216337898905,4,WLS,52,0.00027915960395608064,0.4670424741859344
1,B_svc,2,0.4701608987813483,4,MAP_SCADA,52,0.0031184245954138934,0.4670424741859344
1,B_svc,2,0.4673193298190917,4,MAP_PMU,52,0.00027685563315726913,0.4670424741859344
4,UPFC_Vse,5-15,0.0553107587466263,4,WLS,52,0.0004097576396358063,0.0557205163862621
4,UPFC_Vse,5-15,0.0553781376606521,4,MAP_SCADA,52,0.00034237872561,0.0557205163862621
4,UPFC_Vse,5-15,0.055310375544825,4,MAP_PMU,52,0.00041014084143710383,0.0557205163862621
2,UPFC_Vsh,5-15,1.1111023927984824,4,WLS,52,7.818291576366931e-06,1.111094574506906
2,UPFC_Vsh,5-15,1.1102891671427044,4,MAP_SCADA,52,0.000805407364201649,1.111094574506906
2,UPFC_Vsh,5-15,1.1111035866495214,4,MAP_PMU,52,9.01214261528338e-06,1.111094574506906
5,UPFC_tse,5-15,-2.09542114294192,4,WLS,52,0.006529634603003931,-2.101950777544924
5,UPFC_tse,5-15,-2.0987166470387293,4,MAP_SCADA,52,0.003234130506194699,-2.101950777544924
5,UPFC_tse,5-15,-2.0954224854313863,4,MAP_PMU,52,0.00652829211353767,-2.101950777544924
3,UPFC_tsh,5-15,-0.2325517907165897,4,WLS,52,6.078239935175533e-06,-0.2325578689565249
3,UPFC_tsh,5-15,-0.2332377355911988,4,MAP_SCADA,52,0.0006798666346739257,-0.2325578689565249
3,UPFC_tsh,5-15,-0.2325516554656343,4,MAP_PMU,52,6.2134908905830954e-06,-0.2325578689565249
0,x_tcsc,1-14,-0.1547523535673499,5,WLS,52,1.2650043941797584e-05,-0.1547650036112917
0,x_tcsc,1-14,-0.1559556818058403,5,MAP_SCADA,52,0.0011906781945486,-0.1547650036112917
0,x_tcsc,1-14,-0.1547494516084366,5,MAP_PMU,52,1.555200285510705e-05,-0.1547650036112917
1,B_svc,2,0.4672782177463568,5,WLS,52,0.00023574356042238565,0.4670424741859344
1,B_svc,2,0.4615353750014238,5,MAP_SCADA,52,0.005507099184510644,0.4670424741859344
1,B_svc,2,0.4672761948602425,5,MAP_PMU,52,0.00023372067430810217,0.4670424741859344
4,UPFC_Vse,5-15,0.0549186348212928,5,WLS,52,0.0008018815649693048,0.0557205163862621
4,UPFC_Vse,5-15,0.0545602489493132,5,MAP_SCADA,52,0.0011602674369489002,0.0557205163862621
4,UPFC_Vse,5-15,0.0549187460641927,5,MAP_PMU,52,0.0008017703220694061,0.0557205163862621
2,UPFC_Vsh,5-15,1.110887008177152,5,WLS,52,0.00020756632975404976,1.111094574506906
2,UPFC_Vsh,5-15,1.1115793564576082,5,MAP_SCADA,52,0.0004847819507021178,1.111094574506906
2,UPFC_Vsh,5-15,1.1108870102367263,5,MAP_PMU,52,0.00020756427017976087,1.111094574506906
5,UPFC_tse,5-15,-2.096860546085065,5,WLS,52,0.005090231459858874,-2.101950777544924
5,UPFC_tse,5-15,-2.096598908826428,5,MAP_SCADA,52,0.005351868718495911,-2.101950777544924
5,UPFC_tse,5-15,-2.0968579780874275,5,MAP_PMU,52,0.005092799457496522,-2.101950777544924
3,UPFC_tsh,5-15,-0.2325650053556487,5,WLS,52,7.136399123808257e-06,-0.2325578689565249
3,UPFC_tsh,5-15,-0.2320082693991724,5,MAP_SCADA,52,0.0005495995573524814,-0.2325578689565249
3,UPFC_tsh,5-15,-0.2325649845305503,5,MAP_PMU,52,7.115574025412519e-06,-0.2325578689565249
0,x_tcsc,1-14,-0.1547630627544268,6,WLS,52,1.940856864890428e-06,-0.1547650036112917
0,x_tcsc,1-14,-0.154285651549894,6,MAP_SCADA,52,0.0004793520613977087,-0.1547650036112917
0,x_tcsc,1-14,-0.154764182777781,6,MAP_PMU,52,8.208335106896225e-07,-0.1547650036112917
1,B_svc,2,0.4670015417996868,6,WLS,52,4.093238624763851e-05,0.4670424741859344
1,B_svc,2,0.4667919889623746,6,MAP_SCADA,52,0.0002504852235598043,0.4670424741859344
1,B_svc,2,0.4669998250280155,6,MAP_PMU,52,4.264915791890589e-05,0.4670424741859344
4,UPFC_Vse,5-15,0.0549037300013675,6,WLS,52,0.0008167863848946022,0.0557205163862621
4,UPFC_Vse,5-15,0.0546368575602763,6,MAP_SCADA,52,0.0010836588259858018,0.0557205163862621
4,UPFC_Vse,5-15,0.0549035359779495,6,MAP_PMU,52,0.0008169804083126009,0.0557205163862621
2,UPFC_Vsh,5-15,1.1111326527762917,6,WLS,52,3.8078269385621866e-05,1.111094574506906
2,UPFC_Vsh,5-15,1.1127047894322617,6,MAP_SCADA,52,0.0016102149253556242,1.111094574506906
2,UPFC_Vsh,5-15,1.1111324362046784,6,MAP_PMU,52,3.78616977723123e-05,1.111094574506906
5,UPFC_tse,5-15,-2.0987019924404744,6,WLS,52,0.003248785104449592,-2.101950777544924
5,UPFC_tse,5-15,-2.097793283697018,6,MAP_SCADA,52,0.004157493847905869,-2.101950777544924
5,UPFC_tse,5-15,-2.0987101762602944,6,MAP_PMU,52,0.0032406012846295518,-2.101950777544924
3,UPFC_tsh,5-15,-0.2325048220350415,6,WLS,52,5.304692148339063e-05,-0.2325578689565249
3,UPFC_tsh,5-15,-0.2331385786067991,6,MAP_SCADA,52,0.0005807096502742082,-0.2325578689565249
3,UPFC_tsh,5-15,-0.2325048287367092,6,MAP_PMU,52,5.304021981569762e-05,-0.2325578689565249
0,x_tcsc,1-14,-0.154754922216709,7,WLS,52,1.0081394582694969e-05,-0.1547650036112917
0,x_tcsc,1-14,-0.1538507206025142,7,MAP_SCADA,52,0.0009142830087774945,-0.1547650036112917
0,x_tcsc,1-14,-0.1547659281505229,7,MAP_PMU,52,9.245392312007272e-07,-0.1547650036112917
1,B_svc,2,0.4669819960965871,7,WLS,52,6.047808934733778e-05,0.4670424741859344
1,B_svc,2,0.4574778902719384,7,MAP_SCADA,52,0.009564583913996005,0.4670424741859344
1,B_svc,2,0.466960338403822,7,MAP_PMU,52,8.213578211241357e-05,0.4670424741859344
4,UPFC_Vse,5-15,0.0554533322144434,7,WLS,52,0.0002671841718187018,0.0557205163862621
4,UPFC_Vse,5-15,0.0553480307531179,7,MAP_SCADA,52,0.0003724856331442025,0.0557205163862621
4,UPFC_Vse,5-15,0.055453159417845,7,MAP_PMU,52,0.00026735696841710677,0.0557205163862621
2,UPFC_Vsh,5-15,1.111051217133584,7,WLS,52,4.3357373322061576e-05,1.111094574506906
2,UPFC_Vsh,5-15,1.1132311111641209,7,MAP_SCADA,52,0.002136536657214805,1.111094574506906
2,UPFC_Vsh,5-15,1.1110512345133972,7,MAP_PMU,52,4.3339993508917374e-05,1.111094574506906
5,UPFC_tse,5-15,-2.098253827713713,7,WLS,52,0.0036969498312111604,-2.101950777544924
5,UPFC_tse,5-15,-2.099134201328418,7,MAP_SCADA,52,0.002816576216505773,-2.101950777544924
5,UPFC_tse,5-15,-2.098252017251664,7,MAP_PMU,52,0.003698760293259884,-2.101950777544924
3,UPFC_tsh,5-15,-0.2325666369661562,7,WLS,52,8.768009631315854e-06,-0.2325578689565249
3,UPFC_tsh,5-15,-0.2328764806224023,7,MAP_SCADA,52,0.0003186116658774052,-0.2325578689565249
3,UPFC_tsh,5-15,-0.2325666390948544,7,MAP_PMU,52,8.770138329505794e-06,-0.2325578689565249
0,x_tcsc,1-14,-0.1547636890071168,8,WLS,52,1.3146041749068083e-06,-0.1547650036112917
0,x_tcsc,1-14,-0.1542986818918144,8,MAP_SCADA,52,0.00046632171947730283,-0.1547650036112917
0,x_tcsc,1-14,-0.1547633222556284,8,MAP_PMU,52,1.6813556633077376e-06,-0.1547650036112917
1,B_svc,2,0.4666235711064591,8,WLS,52,0.0004189030794753412,0.4670424741859344
1,B_svc,2,0.4684439903946154,8,MAP_SCADA,52,0.001401516208680953,0.4670424741859344
1,B_svc,2,0.4666233213870538,8,MAP_PMU,52,0.0004191527988806065,0.4670424741859344
4,UPFC_Vse,5-15,0.0548372047362746,8,WLS,52,0.000883311649987506,0.0557205163862621
4,UPFC_Vse,5-15,0.0546113657831081,8,MAP_SCADA,52,0.0011091506031540022,0.0557205163862621
4,UPFC_Vse,5-15,0.0548353661307514,8,MAP_PMU,52,0.0008851502555107041,0.0557205163862621
2,UPFC_Vsh,5-15,1.1106888010752372,8,WLS,52,0.000405773431668921,1.111094574506906
2,UPFC_Vsh,5-15,1.1083594368083318,8,MAP_SCADA,52,0.0027351376985742526,1.111094574506906
2,UPFC_Vsh,5-15,1.1106900724009112,8,MAP_PMU,52,0.0004045021059948528,1.111094574506906
5,UPFC_tse,5-15,-2.097320946950324,8,WLS,52,0.004629830594600204,-2.101950777544924
5,UPFC_tse,5-15,-2.1021588530142,8,MAP_SCADA,52,0.00020807546927592568,-2.101950777544924
5,UPFC_tse,5-15,-2.097317671171457,8,MAP_PMU,52,0.004633106373467033,-2.101950777544924
3,UPFC_tsh,5-15,-0.2325527810640686,8,WLS,52,5.087892456290266e-06,-0.2325578689565249
3,UPFC_tsh,5-15,-0.2345607245766876,8,MAP_SCADA,52,0.0020028556201627246,-0.2325578689565249
3,UPFC_tsh,5-15,-0.2325526106805232,8,MAP_PMU,52,5.2582760017017005e-06,-0.2325578689565249
0,x_tcsc,1-14,-0.1547478478680886,9,WLS,52,1.7155743203101093e-05,-0.1547650036112917
0,x_tcsc,1-14,-0.154519894498489,9,MAP_SCADA,52,0.000245109112802705,-0.1547650036112917
0,x_tcsc,1-14,-0.1547474238660225,9,MAP_PMU,52,1.7579745269197256e-05,-0.1547650036112917
1,B_svc,2,0.4668741009189557,9,WLS,52,0.00016837326697871635,0.4670424741859344
1,B_svc,2,0.4662146416727125,9,MAP_SCADA,52,0.0008278325132219377,0.4670424741859344
1,B_svc,2,0.4668750193475318,9,MAP_PMU,52,0.00016745483840263642,0.4670424741859344
4,UPFC_Vse,5-15,0.0551740695139826,9,WLS,52,0.0005464468722795046,0.0557205163862621
4,UPFC_Vse,5-15,0.0548439844175026,9,MAP_SCADA,52,0.000876531968759503,0.0557205163862621
4,UPFC_Vse,5-15,0.0551733180036674,9,MAP_PMU,52,0.0005471983825947047,0.0557205163862621
2,UPFC_Vsh,5-15,1.111222370271633,9,WLS,52,0.00012779576472699006,1.111094574506906
2,UPFC_Vsh,5-15,1.1098736574487926,9,MAP_SCADA,52,0.0012209170581134465,1.111094574506906
2,UPFC_Vsh,5-15,1.111223538848281,9,MAP_PMU,52,0.000128964341374882,1.111094574506906
5,UPFC_tse,5-15,-2.094527681697173,9,WLS,52,0.007423095847750805,-2.101950777544924
5,UPFC_tse,5-15,-2.0982522157628223,9,MAP_SCADA,52,0.003698561782101706,-2.101950777544924
5,UPFC_tse,5-15,-2.094512148972264,9,MAP_PMU,52,0.0074386285726602,-2.101950777544924
3,UPFC_tsh,5-15,-0.2325319720681906,9,WLS,52,2.589688833429249e-05,-0.2325578689565249
3,UPFC_tsh,5-15,-0.2339621019398127,9,MAP_SCADA,52,0.0014042329832878175,-0.2325578689565249
3,UPFC_tsh,5-15,-0.2325318969252057,9,MAP_PMU,52,2.5972031319182465e-05,-0.2325578689565249
0,x_tcsc,1-14,-0.1544301615966152,0,WLS,53,2.4495691797077335e-05,-0.1544546572884123
0,x_tcsc,1-14,-0.1552551668162382,0,MAP_SCADA,53,0.0008005095278258989,-0.1544546572884123
0,x_tcsc,1-14,-0.1544348010293665,0,MAP_PMU,53,1.9856259045797353e-05,-0.1544546572884123
1,B_svc,2,0.4629951020597582,0,WLS,53,0.0003065832384435141,0.4633016852982017
1,B_svc,2,0.4681300993122599,0,MAP_SCADA,53,0.004828414014058202,0.4633016852982017
1,B_svc,2,0.4629892507608822,0,MAP_PMU,53,0.0003124345373194948,0.4633016852982017
4,UPFC_Vse,5-15,0.0549979646019098,0,WLS,53,0.0002702863804652997,0.0552682509823751
4,UPFC_Vse,5-15,0.0549227545807145,0,MAP_SCADA,53,0.0003454964016606013,0.0552682509823751
4,UPFC_Vse,5-15,0.0549973377269525,0,MAP_PMU,53,0.0002709132554226043,0.0552682509823751
2,UPFC_Vsh,5-15,1.1109009195791344,0,WLS,53,0.0004357645885855188,1.11133668416772
2,UPFC_Vsh,5-15,1.109219806879187,0,MAP_SCADA,53,0.0021168772885329368,1.11133668416772
2,UPFC_Vsh,5-15,1.110901877095475,0,MAP_PMU,53,0.00043480707224485826,1.11133668416772
5,UPFC_tse,5-15,-2.0983850871436687,0,WLS,53,4.4136278343653856e-05,-2.098340950865325
5,UPFC_tse,5-15,-2.098640903283867,0,MAP_SCADA,53,0.00029995241854186006,-2.098340950865325
5,UPFC_tse,5-15,-2.0983835597246747,0,MAP_PMU,53,4.2608859349702044e-05,-2.098340950865325
3,UPFC_tsh,5-15,-0.2329497996073964,0,WLS,53,2.0129081919395553e-05,-0.2329699286893158
3,UPFC_tsh,5-15,-0.2330218017790698,0,MAP_SCADA,53,5.187308975401761e-05,-0.2329699286893158
3,UPFC_tsh,5-15,-0.2329497999086409,0,MAP_PMU,53,2.0128780674893987e-05,-0.2329699286893158
0,x_tcsc,1-14,-0.1544731325899914,1,WLS,53,1.8475301579112813e-05,-0.1544546572884123
0,x_tcsc,1-14,-0.1550033830785958,1,MAP_SCADA,53,0.0005487257901835019,-0.1544546572884123
0,x_tcsc,1-14,-0.154472660709683,1,MAP_PMU,53,1.8003421270701425e-05,-0.1544546572884123
1,B_svc,2,0.4636739080083653,1,WLS,53,0.0003722227101635722,0.4633016852982017
1,B_svc,2,0.4615185256559382,1,MAP_SCADA,53,0.0017831596422634988,0.4633016852982017
1,B_svc,2,0.4636736160327542,1,MAP_PMU,53,0.0003719307345524947,0.4633016852982017
4,UPFC_Vse,5-15,0.0553634211208365,1,WLS,53,9.517013846140066e-05,0.0552682509823751
4,UPFC_Vse,5-15,0.0551318022512095,1,MAP_SCADA,53,0.00013644873116560458,0.0552682509823751
4,UPFC_Vse,5-15,0.0553634189886608,1,MAP_PMU,53,9.516800628569383e-05,0.0552682509823751
2,UPFC_Vsh,5-15,1.1107482934985378,1,WLS,53,0.0005883906691821483,1.11133668416772
2,UPFC_Vsh,5-15,1.111288466604513,1,MAP_SCADA,53,4.821756320683157e-05,1.11133668416772
2,UPFC_Vsh,5-15,1.1107488824901663,1,MAP_PMU,53,0.0005878016775535677,1.11133668416772
5,UPFC_tse,5-15,-2.095196771507275,1,WLS,53,0.0031441793580500033,-2.098340950865325
5,UPFC_tse,5-15,-2.094762586398,1,MAP_SCADA,53,0.003578364467324846,-2.098340950865325
5,UPFC_tse,5-15,-2.095195435661956,1,MAP_PMU,53,0.0031455152033688094,-2.098340950865325
3,UPFC_tsh,5-15,-0.232972685092596,1,WLS,53,2.756403280207431e-06,-0.2329699286893158
3,UPFC_tsh,5-15,-0.2322641810080754,1,MAP_SCADA,53,0.000705747681240404,-0.2329699286893158
3,UPFC_tsh,5-15,-0.2329726533371777,1,MAP_PMU,53,2.7246478619125103e-06,-0.2329699286893158
0,x_tcsc,1-14,-0.1544500115472066,2,WLS,53,4.645741205677734e-06,-0.1544546572884123
0,x_tcsc,1-14,-0.155410840079784,2,MAP_SCADA,53,0.000956182791371718,-0.1544546572884123
0,x_tcsc,1-14,-0.154455572815346,2,MAP_PMU,53,9.155269337091099e-07,-0.1544546572884123
1,B_svc,2,0.463252370945614,2,WLS,53,4.931435258770378e-05,0.4633016852982017
1,B_svc,2,0.4657500130065091,2,MAP_SCADA,53,0.002448327708307385,0.4633016852982017
1,B_svc,2,0.4632563533813332,2,MAP_PMU,53,4.533191686850735e-05,0.4633016852982017
4,UPFC_Vse,5-15,0.0546828260729974,2,WLS,53,0.0005854249093777061,0.0552682509823751
4,UPFC_Vse,5-15,0.0545301163713877,2,MAP_SCADA,53,0.000738134610987401,0.0552682509823751
4,UPFC_Vse,5-15,0.0546834694559752,2,MAP_PMU,53,0.0005847815263999023,0.0552682509823751
2,UPFC_Vsh,5-15,1.1107945745978485,2,WLS,53,0.0005421095698714407,1.11133668416772
2,UPFC_Vsh,5-15,1.1118352177443702,2,MAP_SCADA,53,0.0004985335766503063,1.11133668416772
2,UPFC_Vsh,5-15,1.1107928125012896,2,MAP_PMU,53,0.0005438716664303289,1.11133668416772
5,UPFC_tse,5-15,-2.0964058995811503,2,WLS,53,0.0019350512841747047,-2.098340950865325
5,UPFC_tse,5-15,-2.096498705934241,2,MAP_SCADA,53,0.0018422449310842026,-2.098340950865325
5,UPFC_tse,5-15,-2.0964036818772604,2,MAP_PMU,53,0.0019372689880645666,-2.098340950865325
3,UPFC_tsh,5-15,-0.2329712287301516,2,WLS,53,1.300040835816585e-06,-0.2329699286893158
3,UPFC_tsh,5-15,-0.2322619986911179,2,MAP_SCADA,53,0.0007079299981978815,-0.2329699286893158
3,UPFC_tsh,5-15,-0.2329714654539474,2,MAP_PMU,53,1.5367646316044592e-06,-0.2329699286893158
0,x_tcsc,1-14,-0.1544425138455666,3,WLS,53,1.2143442845696795e-05,-0.1544546572884123
0,x_tcsc,1-14,-0.1556611265370181,3,MAP_SCADA,53,0.0012064692486058182,-0.1544546572884123
0,x_tcsc,1-14,-0.154437885771009,3,MAP_PMU,53,1.677151740328564e-05,-0.1544546572884123
1,B_svc,2,0.4633128022557668,3,WLS,53,1.1116957565115992e-05,0.4633016852982017
1,B_svc,2,0.4573828339866937,3,MAP_SCADA,53,0.005918851311507989,0.4633016852982017
1,B_svc,2,0.4633071996936823,3,MAP_PMU,53,5.514395480576972e-06,0.4633016852982017
4,UPFC_Vse,5-15,0.0550984451503349,3,WLS,53,0.00016980583204020266,0.0552682509823751
4,UPFC_Vse,5-15,0.0545741302195165,3,MAP_SCADA,53,0.0006941207628586021,0.0552682509823751
4,UPFC_Vse,5-15,0.0550988636690222,3,MAP_PMU,53,0.00016938731335290613,0.0552682509823751
2,UPFC_Vsh,5-15,1.1114784137544078,3,WLS,53,0.0001417295866878998,1.11133668416772
2,UPFC_Vsh,5-15,1.114338337383613,3,MAP_SCADA,53,0.0030016532158931852,1.11133668416772
2,UPFC_Vsh,5-15,1.1114764683495078,3,MAP_PMU,53,0.0001397841817878387,1.11133668416772
5,UPFC_tse,5-15,-2.0996941106746303,3,WLS,53,0.0013531598093052821,-2.098340950865325
5,UPFC_tse,5-15,-2.096462536434822,3,MAP_SCADA,53,0.0018784144305028505,-2.098340950865325
5,UPFC_tse,5-15,-2.0997067413765675,3,MAP_PMU,53,0.0013657905112425262,-2.098340950865325
3,UPFC_tsh,5-15,-0.232992060603968,3,WLS,53,2.2131914652195883e-05,-0.2329699286893158
3,UPFC_tsh,5-15,-0.2309826968418172,3,MAP_SCADA,53,0.001987231847498605,-0.2329699286893158
3,UPFC_tsh,5-15,-0.2329923067906399,3,MAP_PMU,53,2.2378101324105337e-05,-0.2329699286893158
0,x_tcsc,1-14,-0.1544658745593605,4,WLS,53,1.1217270948216118e-05,-0.1544546572884123
0,x_tcsc,1-14,-0.1550909292439212,4,MAP_SCADA,53,0.0006362719555089158,-0.1544546572884123
0,x_tcsc,1-14,-0.1544703420204573,4,MAP_PMU,53,1.568473204502374e-05,-0.1544546572884123
1,B_svc,2,0.4635715583493577,4,WLS,53,0.0002698730511559999,0.4633016852982017
1,B_svc,2,0.4701608987813483,4,MAP_SCADA,53,0.006859213483146609,0.4633016852982017
1,B_svc,2,0.4635697819976236,4,MAP_PMU,53,0.00026809669942190473,0.4633016852982017
4,UPFC_Vse,5-15,0.0551827233792813,4,WLS,53,8.552760309380597e-05,0.0552682509823751
4,UPFC_Vse,5-15,0.0553781376606521,4,MAP_SCADA,53,0.00010988667827700055,0.0552682509823751
4,UPFC_Vse,5-15,0.0551828856650999,4,MAP_PMU,53,8.536531727520308e-05,0.0552682509823751
2,UPFC_Vsh,5-15,1.1111052647383457,4,WLS,53,0.00023141942937421334,1.11133668416772
2,UPFC_Vsh,5-15,1.1102891671427044,4,MAP_SCADA,53,0.0010475170250154875,1.11133668416772
2,UPFC_Vsh,5-15,1.1111050829336502,4,MAP_PMU,53,0.00023160123406973376,1.11133668416772
5,UPFC_tse,5-15,-2.0960657503518205,4,WLS,53,0.002275200513504494,-2.098340950865325
5,UPFC_tse,5-15,-2.0987166470387293,4,MAP_SCADA,53,0.00037569617340427186,-2.098340950865325
5,UPFC_tse,5-15,-2.0960735330828526,4,MAP_PMU,53,0.002267417782472414,-2.098340950865325
3,UPFC_tsh,5-15,-0.2329772570057611,4,WLS,53,7.328316445315286e-06,-0.2329699286893158
3,UPFC_tsh,5-15,-0.2332377355911988,4,MAP_SCADA,53,0.00026780690188302203,-0.2329699286893158
3,UPFC_tsh,5-15,-0.2329773292636289,4,MAP_PMU,53,7.400574313115582e-06,-0.2329699286893158
0,x_tcsc,1-14,-0.1544466406436057,5,WLS,53,8.016644806596585e-06,-0.1544546572884123
0,x_tcsc,1-14,-0.1559556818058403,5,MAP_SCADA,53,0.0015010245174280068,-0.1544546572884123
0,x_tcsc,1-14,-0.1544480783470619,5,MAP_PMU,53,6.578941350393608e-06,-0.1544546572884123
1,B_svc,2,0.4635269395502834,5,WLS,53,0.00022525425208169692,0.4633016852982017
1,B_svc,2,0.4615353750014238,5,MAP_SCADA,53,0.0017663102967779287,0.4633016852982017
1,B_svc,2,0.463530704450746,5,MAP_PMU,53,0.0002290191525443075,0.4633016852982017
4,UPFC_Vse,5-15,0.0547905620714364,5,WLS,53,0.00047768891093870336,0.0552682509823751
4,UPFC_Vse,5-15,0.0545602489493132,5,MAP_SCADA,53,0.0007080020330618997,0.0552682509823751
4,UPFC_Vse,5-15,0.0547912803006826,5,MAP_PMU,53,0.00047697068169250123,0.0552682509823751
2,UPFC_Vsh,5-15,1.1108898708453512,5,WLS,53,0.00044681332236873317,1.11133668416772
2,UPFC_Vsh,5-15,1.1115793564576082,5,MAP_SCADA,53,0.00024267228988827938,1.11133668416772
2,UPFC_Vsh,5-15,1.110888171876099,5,MAP_PMU,53,0.0004485122916209061,1.11133668416772
5,UPFC_tse,5-15,-2.097511318409033,5,WLS,53,0.0008296324562921953,-2.098340950865325
5,UPFC_tse,5-15,-2.096598908826428,5,MAP_SCADA,53,0.0017420420388969404,-2.098340950865325
5,UPFC_tse,5-15,-2.097510637600379,5,MAP_PMU,53,0.000830313264946092,-2.098340950865325
3,UPFC_tsh,5-15,-0.2329906086009241,5,WLS,53,2.0679911608312285e-05,-0.2329699286893158
3,UPFC_tsh,5-15,-0.2320082693991724,5,MAP_SCADA,53,0.0009616592901433851,-0.2329699286893158
3,UPFC_tsh,5-15,-0.2329909307154489,5,MAP_PMU,53,2.1002026133115637e-05,-0.2329699286893158
0,x_tcsc,1-14,-0.1544571637973059,6,WLS,53,2.506508893607151e-06,-0.1544546572884123
0,x_tcsc,1-14,-0.154285651549894,6,MAP_SCADA,53,0.00016900573851830192,-0.1544546572884123
0,x_tcsc,1-14,-0.1544570306908551,6,MAP_PMU,53,2.3734024428012646e-06,-0.1544546572884123
1,B_svc,2,0.4632527276086135,6,WLS,53,4.8957689588180475e-05,0.4633016852982017
1,B_svc,2,0.4667919889623746,6,MAP_SCADA,53,0.0034903036641729113,0.4633016852982017
1,B_svc,2,0.4632570176687257,6,MAP_PMU,53,4.4667629476025095e-05,0.4633016852982017
4,UPFC_Vse,5-15,0.054775390407961,6,WLS,53,0.0004928605744141043,0.0552682509823751
4,UPFC_Vse,5-15,0.0546368575602763,6,MAP_SCADA,53,0.0006313934220988013,0.0552682509823751
4,UPFC_Vse,5-15,0.0547750984783413,6,MAP_PMU,53,0.0004931525040338045,0.0552682509823751
2,UPFC_Vsh,5-15,1.111135649431283,6,WLS,53,0.0002010347364369558,1.11133668416772
2,UPFC_Vsh,5-15,1.1127047894322617,6,MAP_SCADA,53,0.0013681052645417857,1.11133668416772
2,UPFC_Vsh,5-15,1.1111354317119635,6,MAP_PMU,53,0.0002012524557564177,1.11133668416772
5,UPFC_tse,5-15,-2.099343368740908,6,WLS,53,0.0010024178755831947,-2.098340950865325
5,UPFC_tse,5-15,-2.097793283697018,6,MAP_SCADA,53,0.0005476671683068979,-2.098340950865325
5,UPFC_tse,5-15,-2.099348785768977,6,MAP_PMU,53,0.0010078349036519718,-2.098340950865325
3,UPFC_tsh,5-15,-0.232930097541007,6,WLS,53,3.983114830879986e-05,-0.2329699286893158
3,UPFC_tsh,5-15,-0.2331385786067991,6,MAP_SCADA,53,0.0001686499174833045,-0.2329699286893158
3,UPFC_tsh,5-15,-0.2329301581553122,6,MAP_PMU,53,3.977053400358588e-05,-0.2329699286893158
0,x_tcsc,1-14,-0.1544491493963404,7,WLS,53,5.507892071876519e-06,-0.1544546572884123
0,x_tcsc,1-14,-0.1538507206025142,7,MAP_SCADA,53,0.0006039366858980877,-0.1544546572884123
0,x_tcsc,1-14,-0.1544540942721319,7,MAP_PMU,53,5.630162804026728e-07,-0.1544546572884123
1,B_svc,2,0.46323162839744,7,WLS,53,7.005690076172799e-05,0.4633016852982017
1,B_svc,2,0.4574778902719384,7,MAP_SCADA,53,0.00582379502626329,0.4633016852982017
1,B_svc,2,0.4632147001061051,7,MAP_PMU,53,8.698519209660027e-05,0.4633016852982017
4,UPFC_Vse,5-15,0.0553254658084224,7,WLS,53,5.721482604729988e-05,0.0552682509823751
4,UPFC_Vse,5-15,0.0553480307531179,7,MAP_SCADA,53,7.977977074279802e-05,0.0552682509823751
4,UPFC_Vse,5-15,0.0553247555989221,7,MAP_PMU,53,5.650461654699984e-05,0.0552682509823751
2,UPFC_Vsh,5-15,1.1110541547176709,7,WLS,53,0.0002825294500490294,1.11133668416772
2,UPFC_Vsh,5-15,1.1132311111641209,7,MAP_SCADA,53,0.0018944269964009663,1.11133668416772
2,UPFC_Vsh,5-15,1.1110547942618303,7,MAP_PMU,53,0.0002818899058896207,1.11133668416772
5,UPFC_tse,5-15,-2.0989068686724783,7,WLS,53,0.0005659178071533155,-2.098340950865325
5,UPFC_tse,5-15,-2.099134201328418,7,MAP_SCADA,53,0.000793250463093198,-2.098340950865325
5,UPFC_tse,5-15,-2.098907392934358,7,MAP_PMU,53,0.0005664420690330019,-2.098340950865325
3,UPFC_tsh,5-15,-0.232992210002004,7,WLS,53,2.2281312688221533e-05,-0.2329699286893158
3,UPFC_tsh,5-15,-0.2328764806224023,7,MAP_SCADA,53,9.34480669134985e-05,-0.2329699286893158
3,UPFC_tsh,5-15,-0.2329921103370718,7,MAP_PMU,53,2.2181647755997735e-05,-0.2329699286893158
0,x_tcsc,1-14,-0.1544580697524749,8,WLS,53,3.412464062602094e-06,-0.1544546572884123
0,x_tcsc,1-14,-0.1542986818918144,8,MAP_SCADA,53,0.00015597539659789605,-0.1544546572884123
0,x_tcsc,1-14,-0.1544570511344112,8,MAP_PMU,53,2.3938459988992467e-06,-0.1544546572884123
1,B_svc,2,0.4628744322966808,8,WLS,53,0.00042725300152091084,0.4633016852982017
1,B_svc,2,0.4684439903946154,8,MAP_SCADA,53,0.0051423050964136685,0.4633016852982017
1,B_svc,2,0.4628669899537579,8,MAP_PMU,53,0.00043469534444379176,0.4633016852982017
4,UPFC_Vse,5-15,0.054709036989928,8,WLS,53,0.0005592139924470996,0.0552682509823751
4,UPFC_Vse,5-15,0.0546113657831081,8,MAP_SCADA,53,0.0006568851992670016,0.0552682509823751
4,UPFC_Vse,5-15,0.0547075510741855,8,MAP_PMU,53,0.0005606999081896047,0.0552682509823751
2,UPFC_Vsh,5-15,1.1106919924858991,8,WLS,53,0.0006446916818207971,1.11133668416772
2,UPFC_Vsh,5-15,1.1083594368083318,8,MAP_SCADA,53,0.002977247359388091,1.11133668416772
2,UPFC_Vsh,5-15,1.1106924916235166,8,MAP_PMU,53,0.0006441925442033369,1.11133668416772
5,UPFC_tse,5-15,-2.097967514733672,8,WLS,53,0.0003734361316531931,-2.098340950865325
5,UPFC_tse,5-15,-2.1021588530142,8,MAP_SCADA,53,0.0038179021488748965,-2.098340950865325
5,UPFC_tse,5-15,-2.097969516887328,8,MAP_PMU,53,0.0003714339779969933,-2.098340950865325
3,UPFC_tsh,5-15,-0.2329782981510106,8,WLS,53,8.369461694801572e-06,-0.2329699286893158
3,UPFC_tsh,5-15,-0.2345607245766876,8,MAP_SCADA,53,0.0015907958873718209,-0.2329699286893158
3,UPFC_tsh,5-15,-0.23297812071949,8,MAP_PMU,53,8.192030174214437e-06,-0.2329699286893158
0,x_tcsc,1-14,-0.1544420735937464,9,WLS,53,1.2583694665890821e-05,-0.1544546572884123
0,x_tcsc,1-14,-0.154519894498489,9,MAP_SCADA,53,6.52372100767018e-05,-0.1544546572884123
0,x_tcsc,1-14,-0.1544421086173687,9,MAP_PMU,53,1.2548671043582926e-05,-0.1544546572884123
1,B_svc,2,0.4631270451256969,9,WLS,53,0.0001746401725047919,0.4633016852982017
1,B_svc,2,0.4662146416727125,9,MAP_SCADA,53,0.002912956374510778,0.4633016852982017
1,B_svc,2,0.4631233843094046,9,MAP_PMU,53,0.00017830098879711986,0.4633016852982017
4,UPFC_Vse,5-15,0.0550458343356494,9,WLS,53,0.00022241664672570383,0.0552682509823751
4,UPFC_Vse,5-15,0.0548439844175026,9,MAP_SCADA,53,0.00042426656487250247,0.0552682509823751
4,UPFC_Vse,5-15,0.0550453220466595,9,MAP_PMU,53,0.00022292893571559946,0.0552682509823751
2,UPFC_Vsh,5-15,1.111225392418004,9,WLS,53,0.00011129174971591382,1.11133668416772
2,UPFC_Vsh,5-15,1.1098736574487926,9,MAP_SCADA,53,0.001463026718927285,1.11133668416772
2,UPFC_Vsh,5-15,1.1112260670070655,9,MAP_PMU,53,0.00011061716065441374,1.11133668416772
5,UPFC_tse,5-15,-2.095166055014133,9,WLS,53,0.0031748958511919056,-2.098340950865325
5,UPFC_tse,5-15,-2.0982522157628223,9,MAP_SCADA,53,8.873510250273497e-05,-2.098340950865325
5,UPFC_tse,5-15,-2.0951566936823336,9,MAP_PMU,53,0.0031842571829914235,-2.098340950865325
3,UPFC_tsh,5-15,-0.2329573779998878,9,WLS,53,1.2550689427986983e-05,-0.2329699286893158
3,UPFC_tsh,5-15,-0.2339621019398127,9,MAP_SCADA,53,0.0009921732504969138,-0.2329699286893158
3,UPFC_tsh,5-15,-0.2329573153421437,9,MAP_PMU,53,1.2613347172091283e-05,-0.2329699286893158
0,x_tcsc,1-14,-0.1537316671182913,0,WLS,54,1.7804024587203537e-05,-0.1537494711428785
0,x_tcsc,1-14,-0.1552551668162382,0,MAP_SCADA,54,0.001505695673359675,-0.1537494711428785
0,x_tcsc,1-14,-0.1537512785518477,0,MAP_PMU,54,1.8074089691844097e-06,-0.1537494711428785
1,B_svc,2,0.4550960780748649,0,WLS,54,0.0003094491297127022,0.4554055272045776
1,B_svc,2,0.4681300993122599,0,MAP_SCADA,54,0.012724572107682297,0.4554055272045776
1,B_svc,2,0.4550954606984523,0,MAP_PMU,54,0.00031006650612530606,0.4554055272045776
4,UPFC_Vse,5-15,0.0549649787600326,0,WLS,54,0.00023671978060710308,0.0552016985406397
4,UPFC_Vse,5-15,0.0549227545807145,0,MAP_SCADA,54,0.0002789439599251986,0.0552016985406397
4,UPFC_Vse,5-15,0.0549658672431231,0,MAP_PMU,54,0.00023583129751660048,0.0552016985406397
2,UPFC_Vsh,5-15,1.110886943676255,0,WLS,54,0.000787906730023602,1.1116748504062786
2,UPFC_Vsh,5-15,1.109219806879187,0,MAP_SCADA,54,0.0024550435270915827,1.1116748504062786
2,UPFC_Vsh,5-15,1.110885081208854,0,MAP_PMU,54,0.0007897691974245724,1.1116748504062786
5,UPFC_tse,5-15,-2.098117772528131,0,WLS,54,0.000512281953116478,-2.0976054905750146
5,UPFC_tse,5-15,-2.098640903283867,0,MAP_SCADA,54,0.0010354127088523235,-2.0976054905750146
5,UPFC_tse,5-15,-2.0981146124381014,0,MAP_PMU,54,0.0005091218630868255,-2.0976054905750146
3,UPFC_tsh,5-15,-0.2334105499931617,0,WLS,54,1.0811068851007688e-05,-0.2334213610620127
3,UPFC_tsh,5-15,-0.2330218017790698,0,MAP_SCADA,54,0.0003995592829428851,-0.2334213610620127
3,UPFC_tsh,5-15,-0.2334112570509132,0,MAP_PMU,54,1.0104011099493215e-05,-0.2334213610620127
0,x_tcsc,1-14,-0.1537745009231307,1,WLS,54,2.502978025217817e-05,-0.1537494711428785
0,x_tcsc,1-14,-0.1550033830785958,1,MAP_SCADA,54,0.0012539119357172779,-0.1537494711428785
0,x_tcsc,1-14,-0.1537826801794557,1,MAP_PMU,54,3.3209036577191986e-05,-0.1537494711428785
1,B_svc,2,0.4557646850107954,1,WLS,54,0.00035915780621781357,0.4554055272045776
1,B_svc,2,0.4615185256559382,1,MAP_SCADA,54,0.006112998451360596,0.4554055272045776
1,B_svc,2,0.4557769960201885,1,MAP_PMU,54,0.00037146881561089806,0.4554055272045776
4,UPFC_Vse,5-15,0.0553304248160617,1,WLS,54,0.00012872627542200032,0.0552016985406397
4,UPFC_Vse,5-15,0.0551318022512095,1,MAP_SCADA,54,6.989628943020187e-05,0.0552016985406397
4,UPFC_Vse,5-15,0.0553315542966426,1,MAP_PMU,54,0.00012985575600289734,0.0552016985406397
2,UPFC_Vsh,5-15,1.1107351671472712,1,WLS,54,0.0009396832590073956,1.1116748504062786
2,UPFC_Vsh,5-15,1.111288466604513,1,MAP_SCADA,54,0.0003863838017654775,1.1116748504062786
2,UPFC_Vsh,5-15,1.1107334265271234,1,MAP_PMU,54,0.0009414238791551899,1.1116748504062786
5,UPFC_tse,5-15,-2.0949315907572625,1,WLS,54,0.0026738998177520124,-2.0976054905750146
5,UPFC_tse,5-15,-2.094762586398,1,MAP_SCADA,54,0.0028429041770143826,-2.0976054905750146
5,UPFC_tse,5-15,-2.094927464786472,1,MAP_PMU,54,0.002678025788542371,-2.0976054905750146
3,UPFC_tsh,5-15,-0.2334333338226913,1,WLS,54,1.1972760678602423e-05,-0.2334213610620127
3,UPFC_tsh,5-15,-0.2322641810080754,1,MAP_SCADA,54,0.0011571800539373067,-0.2334213610620127
3,UPFC_tsh,5-15,-0.2334338943096525,1,MAP_PMU,54,1.2533247639806566e-05,-0.2334213610620127
0,x_tcsc,1-14,-0.1537515637540333,2,WLS,54,2.0926111547747706e-06,-0.1537494711428785
0,x_tcsc,1-14,-0.155410840079784,2,MAP_SCADA,54,0.001661368936905494,-0.1537494711428785
0,x_tcsc,1-14,-0.1537733828428315,2,MAP_PMU,54,2.39116999529998e-05,-0.1537494711428785
1,B_svc,2,0.4553546214096312,2,WLS,54,5.090579494643199e-05,0.4554055272045776
1,B_svc,2,0.4657500130065091,2,MAP_SCADA,54,0.01034448580193148,0.4554055272045776
1,B_svc,2,0.4553787690813957,2,MAP_PMU,54,2.675812318192472e-05,0.4554055272045776
4,UPFC_Vse,5-15,0.0546500085947939,2,WLS,54,0.0005516899458457986,0.0552016985406397
4,UPFC_Vse,5-15,0.0545301163713877,2,MAP_SCADA,54,0.0006715821692519983,0.0552016985406397
4,UPFC_Vse,5-15,0.0546522093294087,2,MAP_PMU,54,0.0005494892112309982,0.0552016985406397
2,UPFC_Vsh,5-15,1.1107809132381152,2,WLS,54,0.0008939371681633279,1.1116748504062786
2,UPFC_Vsh,5-15,1.1118352177443702,2,MAP_SCADA,54,0.00016036733809166037,1.1116748504062786
2,UPFC_Vsh,5-15,1.1107753458610927,2,MAP_PMU,54,0.0008995045451858363,1.1116748504062786
5,UPFC_tse,5-15,-2.096132107279703,2,WLS,54,0.0014733832953117698,-2.0976054905750146
5,UPFC_tse,5-15,-2.096498705934241,2,MAP_SCADA,54,0.0011067846407737392,-2.0976054905750146
5,UPFC_tse,5-15,-2.09612962111638,2,MAP_PMU,54,0.0014758694586345378,-2.0976054905750146
3,UPFC_tsh,5-15,-0.2334319426639733,2,WLS,54,1.0581601960601983e-05,-0.2334213610620127
3,UPFC_tsh,5-15,-0.2322619986911179,2,MAP_SCADA,54,0.0011593623708947842,-0.2334213610620127
3,UPFC_tsh,5-15,-0.2334330187878851,2,MAP_PMU,54,1.165772587241598e-05,-0.2334213610620127
0,x_tcsc,1-14,-0.1537442334499155,3,WLS,54,5.237692963011575e-06,-0.1537494711428785
0,x_tcsc,1-14,-0.1556611265370181,3,MAP_SCADA,54,0.0019116553941395942,-0.1537494711428785
0,x_tcsc,1-14,-0.1537519579795935,3,MAP_PMU,54,2.48683671499883e-06,-0.1537494711428785
1,B_svc,2,0.4554137803721197,3,WLS,54,8.253167542104922e-06,0.4554055272045776
1,B_svc,2,0.4573828339866937,3,MAP_SCADA,54,0.001977306782116106,0.4554055272045776
1,B_svc,2,0.4554384997804854,3,MAP_PMU,54,3.2972575907785906e-05,0.4554055272045776
4,UPFC_Vse,5-15,0.0550650935692463,3,WLS,54,0.00013660497139340172,0.0552016985406397
4,UPFC_Vse,5-15,0.0545741302195165,3,MAP_SCADA,54,0.0006275683211231994,0.0552016985406397
4,UPFC_Vse,5-15,0.0550677240606017,3,MAP_PMU,54,0.00013397448003799745,0.0552016985406397
2,UPFC_Vsh,5-15,1.1114652277121733,3,WLS,54,0.00020962269410529366,1.1116748504062786
2,UPFC_Vsh,5-15,1.114338337383613,3,MAP_SCADA,54,0.0026634869773345393,1.1116748504062786
2,UPFC_Vsh,5-15,1.1114587631669008,3,MAP_PMU,54,0.0002160872393777158,1.1116748504062786
5,UPFC_tse,5-15,-2.0994307237158747,3,WLS,54,0.0018252331408601385,-2.0976054905750146
5,UPFC_tse,5-15,-2.096462536434822,3,MAP_SCADA,54,0.001142954140192387,-2.0976054905750146
5,UPFC_tse,5-15,-2.0994363862204195,3,MAP_PMU,54,0.0018308956454049508,-2.0976054905750146
3,UPFC_tsh,5-15,-0.2334528411557598,3,WLS,54,3.148009374709382e-05,-0.2334213610620127
3,UPFC_tsh,5-15,-0.2309826968418172,3,MAP_SCADA,54,0.0024386642201955078,-0.2334213610620127
3,UPFC_tsh,5-15,-0.2334540818982039,3,MAP_PMU,54,3.2720836191213465e-05,-0.2334213610620127
0,x_tcsc,1-14,-0.1537673667327157,4,WLS,54,1.7895589837196857e-05,-0.1537494711428785
0,x_tcsc,1-14,-0.1550909292439212,4,MAP_SCADA,54,0.0013414581010426918,-0.1537494711428785
0,x_tcsc,1-14,-0.1537865600458703,4,MAP_PMU,54,3.7088902991783135e-05,-0.1537494711428785
1,B_svc,2,0.4556682328517227,4,WLS,54,0.0002627056471450895,0.4554055272045776
1,B_svc,2,0.4701608987813483,4,MAP_SCADA,54,0.014755371576770704,0.4554055272045776
1,B_svc,2,0.4556756312667872,4,MAP_PMU,54,0.00027010406220956407,0.4554055272045776
4,UPFC_Vse,5-15,0.0551500297381026,4,WLS,54,5.166880253709705e-05,0.0552016985406397
4,UPFC_Vse,5-15,0.0553781376606521,4,MAP_SCADA,54,0.00017643912001240325,0.0552016985406397
4,UPFC_Vse,5-15,0.05515154011656,4,MAP_PMU,54,5.0158424079703445e-05,0.0552016985406397
2,UPFC_Vsh,5-15,1.111091454670317,4,WLS,54,0.000583395735961556,1.1116748504062786
2,UPFC_Vsh,5-15,1.1102891671427044,4,MAP_SCADA,54,0.0013856832635741334,1.1116748504062786
2,UPFC_Vsh,5-15,1.1110883822149864,4,MAP_PMU,54,0.0005864681912921554,1.1116748504062786
5,UPFC_tse,5-15,-2.09579739831058,4,WLS,54,0.0018080922644343467,-2.0976054905750146
5,UPFC_tse,5-15,-2.0987166470387293,4,MAP_SCADA,54,0.0011111564637147353,-2.0976054905750146
5,UPFC_tse,5-15,-2.0958085518054217,4,MAP_PMU,54,0.0017969387695928596,-2.0976054905750146
3,UPFC_tsh,5-15,-0.2334380256997309,4,WLS,54,1.666463771821114e-05,-0.2334213610620127
3,UPFC_tsh,5-15,-0.2332377355911988,4,MAP_SCADA,54,0.0001836254708138807,-0.2334213610620127
3,UPFC_tsh,5-15,-0.2334387554854931,4,MAP_PMU,54,1.739442348039355e-05,-0.2334213610620127
0,x_tcsc,1-14,-0.153748223602766,5,WLS,54,1.2475401125200403e-06,-0.1537494711428785
0,x_tcsc,1-14,-0.1559556818058403,5,MAP_SCADA,54,0.002206210662961783,-0.1537494711428785
0,x_tcsc,1-14,-0.1537666711644384,5,MAP_PMU,54,1.7200021559887757e-05,-0.1537494711428785
1,B_svc,2,0.455621937484005,5,WLS,54,0.00021641027942737034,0.4554055272045776
1,B_svc,2,0.4615353750014238,5,MAP_SCADA,54,0.006129847796846166,0.4554055272045776
1,B_svc,2,0.4556468050540477,5,MAP_PMU,54,0.00024127784947008957,0.4554055272045776
4,UPFC_Vse,5-15,0.0547575831861307,5,WLS,54,0.0004441153545090004,0.0552016985406397
4,UPFC_Vse,5-15,0.0545602489493132,5,MAP_SCADA,54,0.000641449591326497,0.0552016985406397
4,UPFC_Vse,5-15,0.054760344192026,5,MAP_PMU,54,0.0004413543486136984,0.0552016985406397
2,UPFC_Vsh,5-15,1.110876569349538,5,WLS,54,0.000798281056740624,1.1116748504062786
2,UPFC_Vsh,5-15,1.1115793564576082,5,MAP_SCADA,54,9.549394867036654e-05,1.1116748504062786
2,UPFC_Vsh,5-15,1.110870602162784,5,MAP_PMU,54,0.0008042482434944542,1.1116748504062786
5,UPFC_tse,5-15,-2.097238422657957,5,WLS,54,0.0003670679170575397,-2.0976054905750146
5,UPFC_tse,5-15,-2.096598908826428,5,MAP_SCADA,54,0.001006581748586477,-2.0976054905750146
5,UPFC_tse,5-15,-2.09723399725974,5,MAP_PMU,54,0.00037149331527475127,-2.0976054905750146
3,UPFC_tsh,5-15,-0.2334512939695592,5,WLS,54,2.9932907546492693e-05,-0.2334213610620127
3,UPFC_tsh,5-15,-0.2320082693991724,5,MAP_SCADA,54,0.0014130916628402879,-0.2334213610620127
3,UPFC_tsh,5-15,-0.2334526666681313,5,MAP_PMU,54,3.1305606118609e-05,-0.2334213610620127
0,x_tcsc,1-14,-0.1537585956993496,6,WLS,54,9.124556471090672e-06,-0.1537494711428785
0,x_tcsc,1-14,-0.154285651549894,6,MAP_SCADA,54,0.0005361804070154741,-0.1537494711428785
0,x_tcsc,1-14,-0.1537630744787537,6,MAP_PMU,54,1.3603335875189693e-05,-0.1537494711428785
1,B_svc,2,0.4553523000478345,6,WLS,54,5.322715674310752e-05,0.4554055272045776
1,B_svc,2,0.4667919889623746,6,MAP_SCADA,54,0.011386461757797006,0.4554055272045776
1,B_svc,2,0.4553768430409156,6,MAP_PMU,54,2.8684163662029416e-05,0.4554055272045776
4,UPFC_Vse,5-15,0.0547422042131992,6,WLS,54,0.00045949432744050306,0.0552016985406397
4,UPFC_Vse,5-15,0.0546368575602763,6,MAP_SCADA,54,0.0005648409803633986,0.0552016985406397
4,UPFC_Vse,5-15,0.0547427602126319,6,MAP_PMU,54,0.0004589383280078005,0.0552016985406397
2,UPFC_Vsh,5-15,1.1111219518601534,6,WLS,54,0.000552898546125169,1.1116748504062786
2,UPFC_Vsh,5-15,1.1127047894322617,6,MAP_SCADA,54,0.0010299390259831398,1.1116748504062786
2,UPFC_Vsh,5-15,1.1111210723608371,6,MAP_PMU,54,0.0005537780454414332,1.1116748504062786
5,UPFC_tse,5-15,-2.0990721543570685,6,WLS,54,0.0014666637820539563,-2.0976054905750146
5,UPFC_tse,5-15,-2.097793283697018,6,MAP_SCADA,54,0.00018779312200356557,-2.0976054905750146
5,UPFC_tse,5-15,-2.099074143006317,6,MAP_PMU,54,0.001468652431302342,-2.0976054905750146
3,UPFC_tsh,5-15,-0.2333907142575496,6,WLS,54,3.064680446310253e-05,-0.2334213610620127
3,UPFC_tsh,5-15,-0.2331385786067991,6,MAP_SCADA,54,0.00028278245521359824,-0.2334213610620127
3,UPFC_tsh,5-15,-0.2333912090768357,6,MAP_PMU,54,3.0151985177001572e-05,-0.2334213610620127
0,x_tcsc,1-14,-0.1537506576116928,7,WLS,54,1.1864688142793067e-06,-0.1537494711428785
0,x_tcsc,1-14,-0.1538507206025142,7,MAP_SCADA,54,0.00010124945963568832,-0.1537494711428785
0,x_tcsc,1-14,-0.1537493538234151,7,MAP_PMU,54,1.1731946342186106e-07,-0.1537494711428785
1,B_svc,2,0.4553278067894057,7,WLS,54,7.77204151719002e-05,0.4554055272045776
1,B_svc,2,0.4574778902719384,7,MAP_SCADA,54,0.002072363067360805,0.4554055272045776
1,B_svc,2,0.4553281890670847,7,MAP_PMU,54,7.733813749288831e-05,0.4554055272045776
4,UPFC_Vse,5-15,0.0552918951443205,7,WLS,54,9.019660368080051e-05,0.0552016985406397
4,UPFC_Vse,5-15,0.0553480307531179,7,MAP_SCADA,54,0.00014633221247820072,0.0552016985406397
4,UPFC_Vse,5-15,0.0552913098211561,7,MAP_PMU,54,8.961128051639816e-05,0.0552016985406397
2,UPFC_Vsh,5-15,1.1110414757305098,7,WLS,54,0.0006333746757687386,1.1116748504062786
2,UPFC_Vsh,5-15,1.1132311111641209,7,MAP_SCADA,54,0.0015562607578423204,1.1116748504062786
2,UPFC_Vsh,5-15,1.111041401066044,7,MAP_PMU,54,0.0006334493402344599,1.1116748504062786
5,UPFC_tse,5-15,-2.098651124671618,7,WLS,54,0.0010456340966036315,-2.0976054905750146
5,UPFC_tse,5-15,-2.099134201328418,7,MAP_SCADA,54,0.0015287107534036615,-2.0976054905750146
5,UPFC_tse,5-15,-2.098655040279402,7,MAP_PMU,54,0.0010495497043874202,-2.0976054905750146
3,UPFC_tsh,5-15,-0.2334527944973247,7,WLS,54,3.143343531200604e-05,-0.2334213610620127
3,UPFC_tsh,5-15,-0.2328764806224023,7,MAP_SCADA,54,0.0005448804396104012,-0.2334213610620127
3,UPFC_tsh,5-15,-0.2334528991842165,7,MAP_PMU,54,3.1538122203800256e-05,-0.2334213610620127
0,x_tcsc,1-14,-0.1537598533535791,8,WLS,54,1.0382210700599082e-05,-0.1537494711428785
0,x_tcsc,1-14,-0.1542986818918144,8,MAP_SCADA,54,0.00054921074893588,-0.1537494711428785
0,x_tcsc,1-14,-0.1537648358041851,8,MAP_PMU,54,1.536466130658276e-05,-0.1537494711428785
1,B_svc,2,0.4549745187478959,8,WLS,54,0.00043100845668170296,0.4554055272045776
1,B_svc,2,0.4684439903946154,8,MAP_SCADA,54,0.013038463190037763,0.4554055272045776
1,B_svc,2,0.4549588382962082,8,MAP_PMU,54,0.0004466889083694081,0.4554055272045776
4,UPFC_Vse,5-15,0.0546761046720378,8,WLS,54,0.0005255938686019035,0.0552016985406397
4,UPFC_Vse,5-15,0.0546113657831081,8,MAP_SCADA,54,0.0005903327575315989,0.0552016985406397
4,UPFC_Vse,5-15,0.0546752124066497,8,MAP_PMU,54,0.0005264861339899993,0.0552016985406397
2,UPFC_Vsh,5-15,1.1106788577005962,8,WLS,54,0.0009959927056824025,1.1116748504062786
2,UPFC_Vsh,5-15,1.1083594368083318,8,MAP_SCADA,54,0.003315413597946737,1.1116748504062786
2,UPFC_Vsh,5-15,1.110678089902701,8,MAP_PMU,54,0.000996760503577665,1.1116748504062786
5,UPFC_tse,5-15,-2.0976930222354206,8,WLS,54,8.753166040609273e-05,-2.0976054905750146
5,UPFC_tse,5-15,-2.1021588530142,8,MAP_SCADA,54,0.00455336243918536,-2.0976054905750146
5,UPFC_tse,5-15,-2.097694811090791,8,MAP_PMU,54,8.932051577659195e-05,-2.0976054905750146
3,UPFC_tsh,5-15,-0.2334391099884539,8,WLS,54,1.7748926441213397e-05,-0.2334213610620127
3,UPFC_tsh,5-15,-0.2345607245766876,8,MAP_SCADA,54,0.0011393635146749181,-0.2334213610620127
3,UPFC_tsh,5-15,-0.2334390822950977,8,MAP_PMU,54,1.772123308499407e-05,-0.2334213610620127
0,x_tcsc,1-14,-0.1537436490694794,9,WLS,54,5.822073399108785e-06,-0.1537494711428785
0,x_tcsc,1-14,-0.154519894498489,9,MAP_SCADA,54,0.0007704233556104778,-0.1537494711428785
0,x_tcsc,1-14,-0.1537521442937627,9,MAP_PMU,54,2.6731508841748575e-06,-0.1537494711428785
1,B_svc,2,0.4552306492089895,9,WLS,54,0.00017487799558812966,0.4554055272045776
1,B_svc,2,0.4662146416727125,9,MAP_SCADA,54,0.010809114468134873,0.4554055272045776
1,B_svc,2,0.45522440876655,9,MAP_PMU,54,0.0001811184380275943,0.4554055272045776
4,UPFC_Vse,5-15,0.0550127419054301,9,WLS,54,0.00018895663520959727,0.0552016985406397
4,UPFC_Vse,5-15,0.0548439844175026,9,MAP_SCADA,54,0.00035771412313709977,0.0552016985406397
4,UPFC_Vse,5-15,0.0550127272535013,9,MAP_PMU,54,0.00018897128713839945,0.0552016985406397
2,UPFC_Vsh,5-15,1.111212144837724,9,WLS,54,0.0004627055685546555,1.1116748504062786
2,UPFC_Vsh,5-15,1.1098736574487926,9,MAP_SCADA,54,0.0018011929574859309,1.1116748504062786
2,UPFC_Vsh,5-15,1.111211949553561,9,MAP_PMU,54,0.00046290085271749604,1.1116748504062786
5,UPFC_tse,5-15,-2.094895134036595,9,WLS,54,0.002710356538419667,-2.0976054905750146
5,UPFC_tse,5-15,-2.0982522157628223,9,MAP_SCADA,54,0.0006467251878077285,-2.0976054905750146
5,UPFC_tse,5-15,-2.094884022578052,9,MAP_PMU,54,0.002721467996962712,-2.0976054905750146
3,UPFC_tsh,5-15,-0.2334178954064951,9,WLS,54,3.465655517592703e-06,-0.2334213610620127
3,UPFC_tsh,5-15,-0.2339621019398127,9,MAP_SCADA,54,0.0005407408778000111,-0.2334213610620127
3,UPFC_tsh,5-15,-0.23341804753599,9,MAP_PMU,54,3.3135260227024066e-06,-0.2334213610620127
0,x_tcsc,1-14,-0.1530265047102082,0,WLS,55,1.0677691325094996e-05,-0.1530371824015333
0,x_tcsc,1-14,-0.1552551668162382,0,MAP_SCADA,55,0.0022179844147048877,-0.1530371824015333
0,x_tcsc,1-14,-0.1530712305626452,0,MAP_PMU,55,3.4048161111910336e-05,-0.1530371824015333
1,B_svc,2,0.4473616546485877,0,WLS,55,0.00032218402367750754,0.4476838386722652
1,B_svc,2,0.4681300993122599,0,MAP_SCADA,55,0.020446260639994718,0.4476838386722652
1,B_svc,2,0.4473777157646751,0,MAP_PMU,55,0.00030612290759007843,0.4476838386722652
4,UPFC_Vse,5-15,0.0549574771397787,0,WLS,55,0.00026494701356249983,0.0552224241533412
4,UPFC_Vse,5-15,0.0549227545807145,0,MAP_SCADA,55,0.00029966957262669847,0.0552224241533412
4,UPFC_Vse,5-15,0.0549607644788065,0,MAP_PMU,55,0.0002616596745347033,0.0552224241533412
2,UPFC_Vsh,5-15,1.1108893157455213,0,WLS,55,0.0010020858972485946,1.11189140164277
2,UPFC_Vsh,5-15,1.109219806879187,0,MAP_SCADA,55,0.0026715947635829185,1.11189140164277
2,UPFC_Vsh,5-15,1.1108830410576818,0,MAP_PMU,55,0.0010083605850881305,1.11189140164277
5,UPFC_tse,5-15,-2.0978786296298844,0,WLS,55,0.0005407657379210562,-2.0984193953678054
5,UPFC_tse,5-15,-2.098640903283867,0,MAP_SCADA,55,0.0002215079160614586,-2.0984193953678054
5,UPFC_tse,5-15,-2.097872087620972,0,MAP_PMU,55,0.0005473077468334253,-2.0984193953678054
3,UPFC_tsh,5-15,-0.2338444278783447,0,WLS,55,4.4601314629078015e-06,-0.2338488880098076
3,UPFC_tsh,5-15,-0.2330218017790698,0,MAP_SCADA,55,0.0008270862307377946,-0.2338488880098076
3,UPFC_tsh,5-15,-0.2338463026936187,0,MAP_PMU,55,2.5853161889077825e-06,-0.2338488880098076
0,x_tcsc,1-14,-0.153069184681491,1,WLS,55,3.200227995769911e-05,-0.1530371824015333
0,x_tcsc,1-14,-0.1550033830785958,1,MAP_SCADA,55,0.0019662006770624907,-0.1530371824015333
0,x_tcsc,1-14,-0.1530961912941295,1,MAP_PMU,55,5.900889259619069e-05,-0.1530371824015333
1,B_svc,2,0.4480203591981712,1,WLS,55,0.00033652052590599224,0.4476838386722652
1,B_svc,2,0.4615185256559382,1,MAP_SCADA,55,0.013834686983673017,0.4476838386722652
1,B_svc,2,0.4480563566918504,1,MAP_PMU,55,0.0003725180195852107,0.4476838386722652
4,UPFC_Vse,5-15,0.0553228581464044,1,WLS,55,0.00010043399306319811,0.0552224241533412
4,UPFC_Vse,5-15,0.0551318022512095,1,MAP_SCADA,55,9.062190213170174e-05,0.0552224241533412
4,UPFC_Vse,5-15,0.0553260417300124,1,MAP_PMU,55,0.0001036175766711972,0.0552224241533412
2,UPFC_Vsh,5-15,1.11073823268945,1,WLS,55,0.0011531689533199607,1.11189140164277
2,UPFC_Vsh,5-15,1.111288466604513,1,MAP_SCADA,55,0.0006029350382568133,1.11189140164277
2,UPFC_Vsh,5-15,1.1107324976511608,1,MAP_PMU,55,0.001158903991609117,1.11189140164277
5,UPFC_tse,5-15,-2.0946973385231806,1,WLS,55,0.003722056844624788,-2.0984193953678054
5,UPFC_tse,5-15,-2.094762586398,1,MAP_SCADA,55,0.0036568089698052475,-2.0984193953678054
5,UPFC_tse,5-15,-2.0946890164554075,1,MAP_PMU,55,0.0037303789123979136,-2.0984193953678054
3,UPFC_tsh,5-15,-0.2338670957000558,1,WLS,55,1.820769024818425e-05,-0.2338488880098076
3,UPFC_tsh,5-15,-0.2322641810080754,1,MAP_SCADA,55,0.0015847070017322162,-0.2338488880098076
3,UPFC_tsh,5-15,-0.2338687245057462,1,MAP_PMU,55,1.9836495938591048e-05,-0.2338488880098076
0,x_tcsc,1-14,-0.1530464340785105,2,WLS,55,9.251676977212187e-06,-0.1530371824015333
0,x_tcsc,1-14,-0.155410840079784,2,MAP_SCADA,55,0.002373657678250707,-0.1530371824015333
0,x_tcsc,1-14,-0.1530946151239806,2,MAP_PMU,55,5.7432722447292583e-05,-0.1530371824015333
1,B_svc,2,0.4476214671213033,2,WLS,55,6.237155096189273e-05,0.4476838386722652
1,B_svc,2,0.4657500130065091,2,MAP_SCADA,55,0.0180661743342439,0.4476838386722652
1,B_svc,2,0.4476770948733644,2,MAP_PMU,55,6.743798900810116e-06,0.4476838386722652
4,UPFC_Vse,5-15,0.0546426611723566,2,WLS,55,0.0005797629809845967,0.0552224241533412
4,UPFC_Vse,5-15,0.0545301163713877,2,MAP_SCADA,55,0.0006923077819534981,0.0552224241533412
4,UPFC_Vse,5-15,0.0546473016994155,2,MAP_PMU,55,0.0005751224539256999,0.0552224241533412
2,UPFC_Vsh,5-15,1.1107834725492705,2,WLS,55,0.001107929093499438,1.11189140164277
2,UPFC_Vsh,5-15,1.1118352177443702,2,MAP_SCADA,55,5.6183898399675414e-05,1.11189140164277
2,UPFC_Vsh,5-15,1.1107726704397471,2,MAP_PMU,55,0.0011187312030227492,1.11189140164277
5,UPFC_tse,5-15,-2.0958886854234096,2,WLS,55,0.002530709944395859,-2.0984193953678054
5,UPFC_tse,5-15,-2.096498705934241,2,MAP_SCADA,55,0.001920689433564604,-2.0984193953678054
5,UPFC_tse,5-15,-2.09588366730121,2,MAP_PMU,55,0.0025357280665954107,-2.0984193953678054
3,UPFC_tsh,5-15,-0.233865753673143,2,WLS,55,1.6865663335391412e-05,-0.2338488880098076
3,UPFC_tsh,5-15,-0.2322619986911179,2,MAP_SCADA,55,0.0015868893186896937,-0.2338488880098076
3,UPFC_tsh,5-15,-0.23386812300911,2,MAP_PMU,55,1.9234999302397693e-05,-0.2338488880098076
0,x_tcsc,1-14,-0.1530392685109322,3,WLS,55,2.0861093988910895e-06,-0.1530371824015333
0,x_tcsc,1-14,-0.1556611265370181,3,MAP_SCADA,55,0.002623944135484807,-0.1530371824015333
0,x_tcsc,1-14,-0.1530694187455059,3,MAP_PMU,55,3.223634397259145e-05,-0.1530371824015333
1,B_svc,2,0.4476793673631515,3,WLS,55,4.471309113684985e-06,0.4476838386722652
1,B_svc,2,0.4573828339866937,3,MAP_SCADA,55,0.009698995314428527,0.4476838386722652
1,B_svc,2,0.4477455933986123,3,MAP_PMU,55,6.175472634711854e-05,0.4476838386722652
4,UPFC_Vse,5-15,0.0550571779154829,3,WLS,55,0.00016524623785830334,0.0552224241533412
4,UPFC_Vse,5-15,0.0545741302195165,3,MAP_SCADA,55,0.0006482939338246993,0.0552224241533412
4,UPFC_Vse,5-15,0.0550628298653531,3,MAP_PMU,55,0.00015959428798809766,0.0552224241533412
2,UPFC_Vsh,5-15,1.1114682900470092,3,WLS,55,0.00042311159576069457,1.11189140164277
2,UPFC_Vsh,5-15,1.114338337383613,3,MAP_SCADA,55,0.0024469357408432035,1.11189140164277
2,UPFC_Vsh,5-15,1.1114559710230916,3,MAP_PMU,55,0.0004354306196783231,1.11189140164277
5,UPFC_tse,5-15,-2.0991949295991126,3,WLS,55,0.0007755342313071623,-2.0984193953678054
5,UPFC_tse,5-15,-2.096462536434822,3,MAP_SCADA,55,0.001956858932983252,-2.0984193953678054
5,UPFC_tse,5-15,-2.0991929462541927,3,MAP_PMU,55,0.0007735508863873086,-2.0984193953678054
3,UPFC_tsh,5-15,-0.2338867413820397,3,WLS,55,3.785337223208285e-05,-0.2338488880098076
3,UPFC_tsh,5-15,-0.2309826968418172,3,MAP_SCADA,55,0.0028661911679904173,-0.2338488880098076
3,UPFC_tsh,5-15,-0.233889420962489,3,MAP_PMU,55,4.053295268138801e-05,-0.2338488880098076
0,x_tcsc,1-14,-0.1530621771617685,4,WLS,55,2.4994760235208524e-05,-0.1530371824015333
0,x_tcsc,1-14,-0.1550909292439212,4,MAP_SCADA,55,0.0020537468423879046,-0.1530371824015333
0,x_tcsc,1-14,-0.1531062653076758,4,MAP_PMU,55,6.908290614249246e-05,-0.1530371824015333
1,B_svc,2,0.4479296390922122,4,WLS,55,0.0002458004199469843,0.4476838386722652
1,B_svc,2,0.4701608987813483,4,MAP_SCADA,55,0.022477060109083125,0.4476838386722652
1,B_svc,2,0.4479575495369277,4,MAP_PMU,55,0.00027371086466249084,0.4476838386722652
4,UPFC_Vse,5-15,0.055142753271971,4,WLS,55,7.967088137020295e-05,0.0552224241533412
4,UPFC_Vse,5-15,0.0553781376606521,4,MAP_SCADA,55,0.0001557135073109034,0.0552224241533412
4,UPFC_Vse,5-15,0.0551465041012133,4,MAP_PMU,55,7.592005212789937e-05,0.0552224241533412
2,UPFC_Vsh,5-15,1.1110938027166395,4,WLS,55,0.0007975989261304051,1.11189140164277
2,UPFC_Vsh,5-15,1.1102891671427044,4,MAP_SCADA,55,0.0016022345000654692,1.11189140164277
2,UPFC_Vsh,5-15,1.1110862695140908,4,MAP_PMU,55,0.0008051321286790536,1.11189140164277
5,UPFC_tse,5-15,-2.095558449408149,4,WLS,55,0.002860945959656469,-2.0984193953678054
5,UPFC_tse,5-15,-2.0987166470387293,4,MAP_SCADA,55,0.0002972516709238704,-2.0984193953678054
5,UPFC_tse,5-15,-2.095569883148412,4,MAP_PMU,55,0.0028495122193934463,-2.0984193953678054
3,UPFC_tsh,5-15,-0.2338718953365934,4,WLS,55,2.3007326785784432e-05,-0.2338488880098076
3,UPFC_tsh,5-15,-0.2332377355911988,4,MAP_SCADA,55,0.0006111524186087902,-0.2338488880098076
3,UPFC_tsh,5-15,-0.2338737492030063,4,MAP_PMU,55,2.4861193198694176e-05,-0.2338488880098076
0,x_tcsc,1-14,-0.1530431291415772,5,WLS,55,5.94674004389395e-06,-0.1530371824015333
0,x_tcsc,1-14,-0.1559556818058403,5,MAP_SCADA,55,0.0029184994043069956,-0.1530371824015333
0,x_tcsc,1-14,-0.1530886342576116,5,MAP_PMU,55,5.1451856078299496e-05,-0.1530371824015333
1,B_svc,2,0.447881701983339,5,WLS,55,0.00019786331107379818,0.4476838386722652
1,B_svc,2,0.4615353750014238,5,MAP_SCADA,55,0.013851536329158587,0.4476838386722652
1,B_svc,2,0.4479391161844987,5,MAP_PMU,55,0.00025527751223353157,0.4476838386722652
4,UPFC_Vse,5-15,0.0547500366062683,5,WLS,55,0.0004723875470728986,0.0552224241533412
4,UPFC_Vse,5-15,0.0545602489493132,5,MAP_SCADA,55,0.0006621752040279968,0.0552224241533412
4,UPFC_Vse,5-15,0.0547556931504322,5,MAP_PMU,55,0.00046673100290899744,0.0552224241533412
2,UPFC_Vsh,5-15,1.110879494899259,5,WLS,55,0.0010119067435108153,1.11189140164277
2,UPFC_Vsh,5-15,1.1115793564576082,5,MAP_SCADA,55,0.0003120451851617023,1.11189140164277
2,UPFC_Vsh,5-15,1.1108679299818818,5,MAP_PMU,55,0.00102347166088812,1.11189140164277
5,UPFC_tse,5-15,-2.096994405207504,5,WLS,55,0.0014249901603013981,-2.0984193953678054
5,UPFC_tse,5-15,-2.096598908826428,5,MAP_SCADA,55,0.001820486541377342,-2.0984193953678054
5,UPFC_tse,5-15,-2.096984156297835,5,MAP_PMU,55,0.00143523906997034,-2.0984193953678054
3,UPFC_tsh,5-15,-0.2338850652909474,5,WLS,55,3.617728113980423e-05,-0.2338488880098076
3,UPFC_tsh,5-15,-0.2320082693991724,5,MAP_SCADA,55,0.0018406186106351974,-0.2338488880098076
3,UPFC_tsh,5-15,-0.2338879361879942,5,MAP_PMU,55,3.904817818659034e-05,-0.2338488880098076
0,x_tcsc,1-14,-0.1530533674250363,6,WLS,55,1.618502350300699e-05,-0.1530371824015333
0,x_tcsc,1-14,-0.154285651549894,6,MAP_SCADA,55,0.001248469148360687,-0.1530371824015333
0,x_tcsc,1-14,-0.1530727306672803,6,MAP_PMU,55,3.554826574700409e-05,-0.1530371824015333
1,B_svc,2,0.4476165581481748,6,WLS,55,6.72805240903851e-05,0.4476838386722652
1,B_svc,2,0.4667919889623746,6,MAP_SCADA,55,0.019108150290109427,0.4476838386722652
1,B_svc,2,0.4476721114045505,6,MAP_PMU,55,1.1727267714700673e-05,0.4476838386722652
4,UPFC_Vse,5-15,0.0547344915153626,6,WLS,55,0.000487932637978597,0.0552224241533412
4,UPFC_Vse,5-15,0.0546368575602763,6,MAP_SCADA,55,0.0005855665930648984,0.0552224241533412
4,UPFC_Vse,5-15,0.0547368540021449,6,MAP_PMU,55,0.00048557015119630315,0.0552224241533412
2,UPFC_Vsh,5-15,1.1111244942274243,6,WLS,55,0.0007669074153455746,1.11189140164277
2,UPFC_Vsh,5-15,1.1127047894322617,6,MAP_SCADA,55,0.000813387789491804,1.11189140164277
2,UPFC_Vsh,5-15,1.111120972157086,6,MAP_PMU,55,0.0007704294856838434,1.11189140164277
5,UPFC_tse,5-15,-2.098831633440634,6,WLS,55,0.0004122380728284192,-2.0984193953678054
5,UPFC_tse,5-15,-2.097793283697018,6,MAP_SCADA,55,0.0006261116707872993,-2.0984193953678054
5,UPFC_tse,5-15,-2.0988301144051973,6,MAP_PMU,55,0.0004107190373918712,-2.0984193953678054
3,UPFC_tsh,5-15,-0.2338244575897374,6,WLS,55,2.4430420070192804e-05,-0.2338488880098076
3,UPFC_tsh,5-15,-0.2331385786067991,6,MAP_SCADA,55,0.0007103094030085078,-0.2338488880098076
3,UPFC_tsh,5-15,-0.2338258777507951,6,MAP_PMU,55,2.301025901249587e-05,-0.2338488880098076
0,x_tcsc,1-14,-0.1530454885869867,7,WLS,55,8.306185453388348e-06,-0.1530371824015333
0,x_tcsc,1-14,-0.1538507206025142,7,MAP_SCADA,55,0.0008135382009809011,-0.1530371824015333
0,x_tcsc,1-14,-0.1530482766700714,7,MAP_PMU,55,1.1094268538097696e-05,-0.1530371824015333
1,B_svc,2,0.4475886651939662,7,WLS,55,9.517347829901546e-05,0.4476838386722652
1,B_svc,2,0.4574778902719384,7,MAP_SCADA,55,0.009794051599673226,0.4476838386722652
1,B_svc,2,0.4476169768702544,7,MAP_PMU,55,6.686180201076475e-05,0.4476838386722652
4,UPFC_Vse,5-15,0.0552836879917976,7,WLS,55,6.126383845640043e-05,0.0552224241533412
4,UPFC_Vse,5-15,0.0553480307531179,7,MAP_SCADA,55,0.00012560659977670086,0.0552224241533412
4,UPFC_Vse,5-15,0.0552842731315812,7,MAP_PMU,55,6.184897823999919e-05,0.0552224241533412
2,UPFC_Vsh,5-15,1.1110450480184917,7,WLS,55,0.0008463536242782066,1.11189140164277
2,UPFC_Vsh,5-15,1.1132311111641209,7,MAP_SCADA,55,0.0013397095213509846,1.11189140164277
2,UPFC_Vsh,5-15,1.1110420436876984,7,MAP_PMU,55,0.0008493579550714614,1.11189140164277
5,UPFC_tse,5-15,-2.0984227918897864,7,WLS,55,3.3965219810028202e-06,-2.0984193953678054
5,UPFC_tse,5-15,-2.099134201328418,7,MAP_SCADA,55,0.0007148059606127966,-2.0984193953678054
5,UPFC_tse,5-15,-2.098428601185946,7,MAP_PMU,55,9.205818140678446e-06,-2.0984193953678054
3,UPFC_tsh,5-15,-0.2338864798366202,7,WLS,55,3.75918268125941e-05,-0.2338488880098076
3,UPFC_tsh,5-15,-0.2328764806224023,7,MAP_SCADA,55,0.0009724073874053107,-0.2338488880098076
3,UPFC_tsh,5-15,-0.233887298690603,7,MAP_PMU,55,3.841068079540877e-05,-0.2338488880098076
0,x_tcsc,1-14,-0.1530549401955117,8,WLS,55,1.775779397839017e-05,-0.1530371824015333
0,x_tcsc,1-14,-0.1542986818918144,8,MAP_SCADA,55,0.0012614994902810928,-0.1530371824015333
0,x_tcsc,1-14,-0.1530761979143057,8,MAP_PMU,55,3.901551277241122e-05,-0.1530371824015333
1,B_svc,2,0.4472393265404224,8,WLS,55,0.00044451213184276694,0.4476838386722652
1,B_svc,2,0.4684439903946154,8,MAP_SCADA,55,0.020760151722350184,0.4476838386722652
1,B_svc,2,0.4472267169925313,8,MAP_PMU,55,0.00045712167973388507,0.4476838386722652
4,UPFC_Vse,5-15,0.0546686833060275,8,WLS,55,0.0005537408473137023,0.0552224241533412
4,UPFC_Vse,5-15,0.0546113657831081,8,MAP_SCADA,55,0.0006110583702330988,0.0552224241533412
4,UPFC_Vse,5-15,0.0546693182000838,8,MAP_PMU,55,0.0005531059532574018,0.0552224241533412
2,UPFC_Vsh,5-15,1.1106817417385288,8,WLS,55,0.001209659904241045,1.11189140164277
2,UPFC_Vsh,5-15,1.1083594368083318,8,MAP_SCADA,55,0.0035319648344380727,1.11189140164277
2,UPFC_Vsh,5-15,1.1106777795239526,8,MAP_PMU,55,0.0012136221188172591,1.11189140164277
5,UPFC_tse,5-15,-2.097448688922068,8,WLS,55,0.0009707064457376013,-2.0984193953678054
5,UPFC_tse,5-15,-2.1021588530142,8,MAP_SCADA,55,0.003739457646394495,-2.0984193953678054
5,UPFC_tse,5-15,-2.0974483846100904,8,MAP_PMU,55,0.0009710107577149962,-2.0984193953678054
3,UPFC_tsh,5-15,-0.2338730443116903,8,WLS,55,2.4156301882682918e-05,-0.2338488880098076
3,UPFC_tsh,5-15,-0.2345607245766876,8,MAP_SCADA,55,0.0007118365668800086,-0.2338488880098076
3,UPFC_tsh,5-15,-0.2338736590173161,8,MAP_PMU,55,2.4771007508500587e-05,-0.2338488880098076
0,x_tcsc,1-14,-0.1530385456274747,9,WLS,55,1.3632259414086967e-06,-0.1530371824015333
0,x_tcsc,1-14,-0.154519894498489,9,MAP_SCADA,55,0.0014827120969556906,-0.1530371824015333
0,x_tcsc,1-14,-0.153065716352921,9,MAP_PMU,55,2.8533951387688106e-05,-0.1530371824015333
1,B_svc,2,0.4474988603803684,9,WLS,55,0.00018497829189678683,0.4476838386722652
1,B_svc,2,0.4662146416727125,9,MAP_SCADA,55,0.018530803000447293,0.4476838386722652
1,B_svc,2,0.4475012554763117,9,MAP_PMU,55,0.0001825831959534896,0.4476838386722652
4,UPFC_Vse,5-15,0.0550050612856576,9,WLS,55,0.0002173628676835973,0.0552224241533412
4,UPFC_Vse,5-15,0.0548439844175026,9,MAP_SCADA,55,0.00037843973583859963,0.0552224241533412
4,UPFC_Vse,5-15,0.0550064874562174,9,MAP_PMU,55,0.00021593669712380303,0.0552224241533412
2,UPFC_Vsh,5-15,1.1112150558897942,9,WLS,55,0.0006763457529757044,1.11189140164277
2,UPFC_Vsh,5-15,1.1098736574487926,9,MAP_SCADA,55,0.0020177441939772667,1.11189140164277
2,UPFC_Vsh,5-15,1.1112120710298956,9,MAP_PMU,55,0.0006793306128742849,1.11189140164277
5,UPFC_tse,5-15,-2.0946551737128125,9,WLS,55,0.0037642216549929053,-2.0984193953678054
5,UPFC_tse,5-15,-2.0982522157628223,9,MAP_SCADA,55,0.00016717960498313644,-2.0984193953678054
5,UPFC_tse,5-15,-2.094640478561568,9,MAP_PMU,55,0.003778916806237209,-2.0984193953678054
3,UPFC_tsh,5-15,-0.2338515012278299,9,WLS,55,2.6132180223070733e-06,-0.2338488880098076
3,UPFC_tsh,5-15,-0.2339621019398127,9,MAP_SCADA,55,0.0001132139300051016,-0.2338488880098076
3,UPFC_tsh,5-15,-0.2338523580503131,9,MAP_PMU,55,3.470040505493266e-06,-0.2338488880098076
0,x_tcsc,1-14,-0.1532298185355578,0,WLS,56,1.1988336130197563e-05,-0.153241806871688
0,x_tcsc,1-14,-0.1552551668162382,0,MAP_SCADA,56,0.0020133599445501804,-0.153241806871688
0,x_tcsc,1-14,-0.1532662973360591,0,MAP_PMU,56,2.4490464371085263e-05,-0.153241806871688
1,B_svc,2,0.4495690399463863,0,WLS,56,0.00032827643635968684,0.449897316382746
1,B_svc,2,0.4681300993122599,0,MAP_SCADA,56,0.018232782929513913,0.449897316382746
1,B_svc,2,0.4495789361780712,0,MAP_PMU,56,0.0003183802046747841,0.449897316382746
4,UPFC_Vse,5-15,0.0549661883093603,0,WLS,56,0.0002726483924454029,0.0552388367018057
4,UPFC_Vse,5-15,0.0549227545807145,0,MAP_SCADA,56,0.0003160821210912018,0.0552388367018057
4,UPFC_Vse,5-15,0.0549686794373612,0,MAP_PMU,56,0.00027015726444450106,0.0552388367018057
2,UPFC_Vsh,5-15,1.1109075377066104,0,WLS,56,0.0008131119890277816,1.1117206496956382
2,UPFC_Vsh,5-15,1.109219806879187,0,MAP_SCADA,56,0.002500842816451243,1.1117206496956382
2,UPFC_Vsh,5-15,1.110902393274659,0,MAP_PMU,56,0.0008182564209793242,1.1117206496956382
5,UPFC_tse,5-15,-2.097915686034513,0,WLS,56,0.0015072651563179384,-2.099422951190831
5,UPFC_tse,5-15,-2.098640903283867,0,MAP_SCADA,56,0.0007820479069642339,-2.099422951190831
5,UPFC_tse,5-15,-2.09791043023398,0,MAP_PMU,56,0.001512520956850949,-2.099422951190831
3,UPFC_tsh,5-15,-0.2336840494677523,0,WLS,56,7.780468510715233e-06,-0.233691829936263
3,UPFC_tsh,5-15,-0.2330218017790698,0,MAP_SCADA,56,0.0006700281571931921,-0.233691829936263
3,UPFC_tsh,5-15,-0.2336855348047599,0,MAP_PMU,56,6.295131503103457e-06,-0.233691829936263
0,x_tcsc,1-14,-0.1532725282560992,1,WLS,56,3.0721384411180885e-05,-0.153241806871688
0,x_tcsc,1-14,-0.1550033830785958,1,MAP_SCADA,56,0.0017615762069077834,-0.153241806871688
0,x_tcsc,1-14,-0.1532930919051234,1,MAP_PMU,56,5.128503343540536e-05,-0.153241806871688
1,B_svc,2,0.4502306961269902,1,WLS,56,0.0003333797442441888,0.449897316382746
1,B_svc,2,0.4615185256559382,1,MAP_SCADA,56,0.011621209273192212,0.449897316382746
1,B_svc,2,0.4502585995171748,1,MAP_PMU,56,0.00036128313442879145,0.449897316382746
4,UPFC_Vse,5-15,0.0553315528786214,1,WLS,56,9.271617681569366e-05,0.0552388367018057
4,UPFC_Vse,5-15,0.0551318022512095,1,MAP_SCADA,56,0.00010703445059620509,0.0552388367018057
4,UPFC_Vse,5-15,0.0553340454390028,1,MAP_PMU,56,9.520873719709444e-05,0.0552388367018057
2,UPFC_Vsh,5-15,1.110756026536583,1,WLS,56,0.0009646231590552112,1.1117206496956382
2,UPFC_Vsh,5-15,1.111288466604513,1,MAP_SCADA,56,0.00043218309112513786,1.1117206496956382
2,UPFC_Vsh,5-15,1.110751485063465,1,MAP_PMU,56,0.000969164632173225,1.1117206496956382
5,UPFC_tse,5-15,-2.094734782800172,1,WLS,56,0.004688168390658998,-2.099422951190831
5,UPFC_tse,5-15,-2.094762586398,1,MAP_SCADA,56,0.00466036479283094,-2.099422951190831
5,UPFC_tse,5-15,-2.0947277971551004,1,MAP_PMU,56,0.004695154035730731,-2.099422951190831
3,UPFC_tsh,5-15,-0.2337067216497878,1,WLS,56,1.4891713524811667e-05,-0.233691829936263
3,UPFC_tsh,5-15,-0.2322641810080754,1,MAP_SCADA,56,0.0014276489281876137,-0.233691829936263
3,UPFC_tsh,5-15,-0.2337079795432233,1,MAP_PMU,56,1.6149606960308427e-05,-0.233691829936263
0,x_tcsc,1-14,-0.1532497239958521,2,WLS,56,7.917124164091849e-06,-0.153241806871688
0,x_tcsc,1-14,-0.155410840079784,2,MAP_SCADA,56,0.0021690332080959995,-0.153241806871688
0,x_tcsc,1-14,-0.1532893006621869,2,MAP_PMU,56,4.7493790498898125e-05,-0.153241806871688
1,B_svc,2,0.4498285924004969,2,WLS,56,6.872398224910814e-05,0.449897316382746
1,B_svc,2,0.4657500130065091,2,MAP_SCADA,56,0.015852696623763096,0.449897316382746
1,B_svc,2,0.4498738338806571,2,MAP_PMU,56,2.348250208888958e-05,0.449897316382746
4,UPFC_Vse,5-15,0.0546513131539807,2,WLS,56,0.0005875235478250002,0.0552388367018057
4,UPFC_Vse,5-15,0.0545301163713877,2,MAP_SCADA,56,0.0007087203304180015,0.0552388367018057
4,UPFC_Vse,5-15,0.0546551751371326,2,MAP_PMU,56,0.0005836615646731061,0.0552388367018057
2,UPFC_Vsh,5-15,1.110801499216372,2,WLS,56,0.000919150479266273,1.1117206496956382
2,UPFC_Vsh,5-15,1.1118352177443702,2,MAP_SCADA,56,0.000114568048732,1.1117206496956382
2,UPFC_Vsh,5-15,1.1107921221218635,2,MAP_PMU,56,0.0009285275737747067,1.1117206496956382
5,UPFC_tse,5-15,-2.095927493570321,2,WLS,56,0.0034954576205099563,-2.099422951190831
5,UPFC_tse,5-15,-2.096498705934241,2,MAP_SCADA,56,0.0029242452565902965,-2.099422951190831
5,UPFC_tse,5-15,-2.0959234213125164,2,MAP_PMU,56,0.0034995298783147,-2.099422951190831
3,UPFC_tsh,5-15,-0.2337053646013081,2,WLS,56,1.3534665045111804e-05,-0.233691829936263
3,UPFC_tsh,5-15,-0.2322619986911179,2,MAP_SCADA,56,0.0014298312451450912,-0.233691829936263
3,UPFC_tsh,5-15,-0.2337073000091203,2,MAP_PMU,56,1.5470072857293182e-05,-0.233691829936263
0,x_tcsc,1-14,-0.1532425060276468,3,WLS,56,6.991559587943286e-07,-0.153241806871688
0,x_tcsc,1-14,-0.1556611265370181,3,MAP_SCADA,56,0.0024193196653300997,-0.153241806871688
0,x_tcsc,1-14,-0.1532651948941111,3,MAP_PMU,56,2.3388022423104227e-05,-0.153241806871688
1,B_svc,2,0.4498868473967873,3,WLS,56,1.046898595868928e-05,0.449897316382746
1,B_svc,2,0.4573828339866937,3,MAP_SCADA,56,0.007485517603947722,0.449897316382746
1,B_svc,2,0.4499399414039539,3,MAP_PMU,56,4.262502120788714e-05,0.449897316382746
4,UPFC_Vse,5-15,0.0550659446951886,3,WLS,56,0.00017289200661710358,0.0552388367018057
4,UPFC_Vse,5-15,0.0545741302195165,3,MAP_SCADA,56,0.0006647064822892026,0.0552388367018057
4,UPFC_Vse,5-15,0.0550706491852659,3,MAP_PMU,56,0.00016818751653980418,0.0552388367018057
2,UPFC_Vsh,5-15,1.1114862705966364,3,WLS,56,0.00023437909900181353,1.1117206496956382
2,UPFC_Vsh,5-15,1.114338337383613,3,MAP_SCADA,56,0.002617687687974879,1.1117206496956382
2,UPFC_Vsh,5-15,1.1114755950068542,3,MAP_PMU,56,0.0002450546887839966,1.1117206496956382
5,UPFC_tse,5-15,-2.099229767212506,3,WLS,56,0.00019318397832490675,-2.099422951190831
5,UPFC_tse,5-15,-2.096462536434822,3,MAP_SCADA,56,0.0029604147560089444,-2.099422951190831
5,UPFC_tse,5-15,-2.09923065501352,3,MAP_PMU,56,0.000192296177311313,-2.099422951190831
3,UPFC_tsh,5-15,-0.2337263280630164,3,WLS,56,3.449812675340724e-05,-0.233691829936263
3,UPFC_tsh,5-15,-0.2309826968418172,3,MAP_SCADA,56,0.0027091330944458147,-0.233691829936263
3,UPFC_tsh,5-15,-0.2337285273057875,3,MAP_PMU,56,3.669736952449654e-05,-0.233691829936263
0,x_tcsc,1-14,-0.1532654862036125,4,WLS,56,2.367933192448657e-05,-0.153241806871688
0,x_tcsc,1-14,-0.1550909292439212,4,MAP_SCADA,56,0.0018491223722331973,-0.153241806871688
0,x_tcsc,1-14,-0.1533013878259231,4,MAP_PMU,56,5.958095423508336e-05,-0.153241806871688
1,B_svc,2,0.4501383350362721,4,WLS,56,0.00024101865352610385,0.449897316382746
1,B_svc,2,0.4701608987813483,4,MAP_SCADA,56,0.02026358239860232,0.449897316382746
1,B_svc,2,0.4501589126549371,4,MAP_PMU,56,0.00026159627219113357,0.449897316382746
4,UPFC_Vse,5-15,0.0551513670761833,4,WLS,56,8.746962562240085e-05,0.0552388367018057
4,UPFC_Vse,5-15,0.0553781376606521,4,MAP_SCADA,56,0.00013930095884640004,0.0552388367018057
4,UPFC_Vse,5-15,0.0551543835628364,4,MAP_PMU,56,8.445313896930651e-05,0.0552388367018057
2,UPFC_Vsh,5-15,1.1111118018486523,4,WLS,56,0.0006088478469858938,1.1117206496956382
2,UPFC_Vsh,5-15,1.1102891671427044,4,MAP_SCADA,56,0.0014314825529337938,1.1117206496956382
2,UPFC_Vsh,5-15,1.1111055119744844,4,MAP_PMU,56,0.0006151377211538467,1.1117206496956382
5,UPFC_tse,5-15,-2.095596169121946,4,WLS,56,0.003826782068885315,-2.099422951190831
5,UPFC_tse,5-15,-2.0987166470387293,4,MAP_SCADA,56,0.0007063041521018221,-2.099422951190831
5,UPFC_tse,5-15,-2.095607395130474,4,MAP_PMU,56,0.003815556060357217,-2.099422951190831
3,UPFC_tsh,5-15,-0.233711498495878,4,WLS,56,1.9668559614993697e-05,-0.233691829936263
3,UPFC_tsh,5-15,-0.2332377355911988,4,MAP_SCADA,56,0.00045409434506418767,-0.233691829936263
3,UPFC_tsh,5-15,-0.2337129742798606,4,MAP_PMU,56,2.114434359759554e-05,-0.233691829936263
0,x_tcsc,1-14,-0.1532464052522908,5,WLS,56,4.598380602793828e-06,-0.153241806871688
0,x_tcsc,1-14,-0.1559556818058403,5,MAP_SCADA,56,0.0027138749341522883,-0.153241806871688
0,x_tcsc,1-14,-0.153283128722351,5,MAP_PMU,56,4.132185066299532e-05,-0.153241806871688
1,B_svc,2,0.4500908493269276,5,WLS,56,0.00019353294418161804,0.449897316382746
1,B_svc,2,0.4615353750014238,5,MAP_SCADA,56,0.011638058618677782,0.449897316382746
1,B_svc,2,0.4501376451955191,5,MAP_PMU,56,0.00024032881277308293,0.449897316382746
4,UPFC_Vse,5-15,0.0547587215069669,5,WLS,56,0.00048011519483880105,0.0552388367018057
4,UPFC_Vse,5-15,0.0545602489493132,5,MAP_SCADA,56,0.0006785877524925002,0.0552388367018057
4,UPFC_Vse,5-15,0.0547634771853385,5,MAP_PMU,56,0.0004753595164672039,0.0552388367018057
2,UPFC_Vsh,5-15,1.1108974811947667,5,WLS,56,0.0008231685008714962,1.1117206496956382
2,UPFC_Vsh,5-15,1.1115793564576082,5,MAP_SCADA,56,0.0001412932380300269,1.1117206496956382
2,UPFC_Vsh,5-15,1.110887345325816,5,MAP_PMU,56,0.0008333043698223186,1.1117206496956382
5,UPFC_tse,5-15,-2.097031792552841,5,WLS,56,0.0023911586379901095,-2.099422951190831
5,UPFC_tse,5-15,-2.096598908826428,5,MAP_SCADA,56,0.0028240423644030344,-2.099422951190831
5,UPFC_tse,5-15,-2.097023623707281,5,MAP_PMU,56,0.0023993274835500955,-2.099422951190831
3,UPFC_tsh,5-15,-0.2337246876604117,5,WLS,56,3.2857724148710465e-05,-0.233691829936263
3,UPFC_tsh,5-15,-0.2320082693991724,5,MAP_SCADA,56,0.0016835605370905948,-0.233691829936263
3,UPFC_tsh,5-15,-0.2337270742159183,5,MAP_PMU,56,3.524427965528876e-05,-0.233691829936263
0,x_tcsc,1-14,-0.1532567043811818,6,WLS,56,1.4897509493794203e-05,-0.153241806871688
0,x_tcsc,1-14,-0.154285651549894,6,MAP_SCADA,56,0.0010438446782059796,-0.153241806871688
0,x_tcsc,1-14,-0.1532707357362353,6,MAP_PMU,56,2.89288645472785e-05,-0.153241806871688
1,B_svc,2,0.4498243373572231,6,WLS,56,7.297902552289015e-05,0.449897316382746
1,B_svc,2,0.4667919889623746,6,MAP_SCADA,56,0.016894672579628622,0.449897316382746
1,B_svc,2,0.4498696454677829,6,MAP_PMU,56,2.7670914963084936e-05,0.449897316382746
4,UPFC_Vse,5-15,0.0547432637091921,6,WLS,56,0.0004955729926136021,0.0552388367018057
4,UPFC_Vse,5-15,0.0546368575602763,6,MAP_SCADA,56,0.0006019791415294018,0.0552388367018057
4,UPFC_Vse,5-15,0.0547450264330299,6,MAP_PMU,56,0.0004938102687758045,0.0552388367018057
2,UPFC_Vsh,5-15,1.1111425596466686,6,WLS,56,0.0005780900489695817,1.1117206496956382
2,UPFC_Vsh,5-15,1.1127047894322617,6,MAP_SCADA,56,0.0009841397366234794,1.1117206496956382
2,UPFC_Vsh,5-15,1.111139843521948,6,MAP_PMU,56,0.0005808061736902737,1.1117206496956382
5,UPFC_tse,5-15,-2.0988718450191173,6,WLS,56,0.0005511061717138332,-2.099422951190831
5,UPFC_tse,5-15,-2.097793283697018,6,MAP_SCADA,56,0.0016296674938129918,-2.099422951190831
5,UPFC_tse,5-15,-2.0988717039294214,6,MAP_PMU,56,0.0005512472614097597,-2.099422951190831
3,UPFC_tsh,5-15,-0.23366412492169,6,WLS,56,2.7705014572998454e-05,-0.233691829936263
3,UPFC_tsh,5-15,-0.2331385786067991,6,MAP_SCADA,56,0.0005532513294639052,-0.233691829936263
3,UPFC_tsh,5-15,-0.2336652193645555,6,MAP_PMU,56,2.6610571707497144e-05,-0.233691829936263
0,x_tcsc,1-14,-0.1532487920409131,7,WLS,56,6.985169225093291e-06,-0.153241806871688
0,x_tcsc,1-14,-0.1538507206025142,7,MAP_SCADA,56,0.0006089137308261938,-0.153241806871688
0,x_tcsc,1-14,-0.1532493485261461,7,MAP_PMU,56,7.541654458098623e-06,-0.153241806871688
1,B_svc,2,0.449797449746084,7,WLS,56,9.98666366620049e-05,0.449897316382746
1,B_svc,2,0.4574778902719384,7,MAP_SCADA,56,0.007580573889192421,0.449897316382746
1,B_svc,2,0.4498165164597589,7,MAP_PMU,56,8.079992298709593e-05,0.449897316382746
4,UPFC_Vse,5-15,0.055292487167986,7,WLS,56,5.365046618029806e-05,0.0552388367018057
4,UPFC_Vse,5-15,0.0553480307531179,7,MAP_SCADA,56,0.0001091940513121975,0.0552388367018057
4,UPFC_Vse,5-15,0.0552926627551227,7,MAP_PMU,56,5.3826053316996525e-05,0.0552388367018057
2,UPFC_Vsh,5-15,1.111062905582934,7,WLS,56,0.0006577441127042505,1.1117206496956382
2,UPFC_Vsh,5-15,1.1132311111641209,7,MAP_SCADA,56,0.00151046146848266,1.1117206496956382
2,UPFC_Vsh,5-15,1.1110609408730845,7,MAP_PMU,56,0.0006597088225537284,1.1117206496956382
5,UPFC_tse,5-15,-2.0984554267019657,7,WLS,56,0.00096752448886539,-2.099422951190831
5,UPFC_tse,5-15,-2.099134201328418,7,MAP_SCADA,56,0.0002887498624128959,-2.099422951190831
5,UPFC_tse,5-15,-2.098460636565115,7,MAP_PMU,56,0.0009623146257160542,-2.099422951190831
3,UPFC_tsh,5-15,-0.2337261192496252,7,WLS,56,3.428931336219021e-05,-0.233691829936263
3,UPFC_tsh,5-15,-0.2328764806224023,7,MAP_SCADA,56,0.0008153493138607082,-0.233691829936263
3,UPFC_tsh,5-15,-0.2337266715304833,7,MAP_PMU,56,3.484159422029176e-05,-0.233691829936263
0,x_tcsc,1-14,-0.1532581432927584,8,WLS,56,1.6336421070378693e-05,-0.153241806871688
0,x_tcsc,1-14,-0.1542986818918144,8,MAP_SCADA,56,0.0010568750201263855,-0.153241806871688
0,x_tcsc,1-14,-0.153273684453961,8,MAP_PMU,56,3.187758227299331e-05,-0.153241806871688
1,B_svc,2,0.449447219307363,8,WLS,56,0.0004500970753830158,0.449897316382746
1,B_svc,2,0.4684439903946154,8,MAP_SCADA,56,0.01854667401186938,0.449897316382746
1,B_svc,2,0.4494322929742868,8,MAP_PMU,56,0.00046502340845921974,0.449897316382746
4,UPFC_Vse,5-15,0.0546773631605506,8,WLS,56,0.0005614735412551031,0.0552388367018057
4,UPFC_Vse,5-15,0.0546113657831081,8,MAP_SCADA,56,0.0006274709186976021,0.0552388367018057
4,UPFC_Vse,5-15,0.0546774470940944,8,MAP_PMU,56,0.0005613896077113004,0.0552388367018057
2,UPFC_Vsh,5-15,1.110699552236843,8,WLS,56,0.0010210974587951949,1.1117206496956382
2,UPFC_Vsh,5-15,1.1083594368083318,8,MAP_SCADA,56,0.0033612128873063973,1.1117206496956382
2,UPFC_Vsh,5-15,1.1106965373006958,8,MAP_PMU,56,0.001024112394942378,1.1117206496956382
5,UPFC_tse,5-15,-2.097487751652148,8,WLS,56,0.0019351995386829302,-2.099422951190831
5,UPFC_tse,5-15,-2.1021588530142,8,MAP_SCADA,56,0.0027359018233688026,-2.099422951190831
5,UPFC_tse,5-15,-2.0974881581640097,8,MAP_PMU,56,0.0019347930268214242,-2.099422951190831
3,UPFC_tsh,5-15,-0.2337126123244428,8,WLS,56,2.0782388179790834e-05,-0.233691829936263
3,UPFC_tsh,5-15,-0.2345607245766876,8,MAP_SCADA,56,0.0008688946404246112,-0.233691829936263
3,UPFC_tsh,5-15,-0.2337130036985897,8,MAP_PMU,56,2.1173762326687218e-05,-0.233691829936263
0,x_tcsc,1-14,-0.1532418247854086,9,WLS,56,1.791372059023466e-08,-0.153241806871688
0,x_tcsc,1-14,-0.154519894498489,9,MAP_SCADA,56,0.0012780876268009833,-0.153241806871688
0,x_tcsc,1-14,-0.1532625874980734,9,MAP_PMU,56,2.0780626385386025e-05,-0.153241806871688
1,B_svc,2,0.4497056189017401,9,WLS,56,0.00019169748100589246,0.449897316382746
1,B_svc,2,0.4662146416727125,9,MAP_SCADA,56,0.01631732528996649,0.449897316382746
1,B_svc,2,0.4497041968439484,9,MAP_PMU,56,0.00019311953879758148,0.449897316382746
4,UPFC_Vse,5-15,0.0550137811305712,9,WLS,56,0.00022505557123450592,0.0552388367018057
4,UPFC_Vse,5-15,0.0548439844175026,9,MAP_SCADA,56,0.000394852284303103,0.0552388367018057
4,UPFC_Vse,5-15,0.0550146948992917,9,MAP_PMU,56,0.00022414180251400379,0.0552388367018057
2,UPFC_Vsh,5-15,1.1112329654992763,9,WLS,56,0.00048768419636191496,1.1117206496956382
2,UPFC_Vsh,5-15,1.1098736574487926,9,MAP_SCADA,56,0.0018469922468455913,1.1117206496956382
2,UPFC_Vsh,5-15,1.11123074017279,9,MAP_PMU,56,0.0004899095228481087,1.1117206496956382
5,UPFC_tse,5-15,-2.0946942158336497,9,WLS,56,0.004728735357181435,-2.099422951190831
5,UPFC_tse,5-15,-2.0982522157628223,9,MAP_SCADA,56,0.001170735428008829,-2.099422951190831
5,UPFC_tse,5-15,-2.094680535733901,9,MAP_PMU,56,0.004742415456929994,-2.099422951190831
3,UPFC_tsh,5-15,-0.2336911690001566,9,WLS,56,6.609361064002783e-07,-0.233691829936263
3,UPFC_tsh,5-15,-0.2339621019398127,9,MAP_SCADA,56,0.00027027200354970415,-0.233691829936263
3,UPFC_tsh,5-15,-0.2336917777810904,9,MAP_PMU,56,5.215517259737901e-08,-0.233691829936263
0,x_tcsc,1-14,-0.1548661554511729,0,WLS,57,2.6003209380703884e-05,-0.1548921586605536
0,x_tcsc,1-14,-0.1552551668162382,0,MAP_SCADA,57,0.00036300815568457434,-0.1548921586605536
0,x_tcsc,1-14,-0.1548665971242281,0,MAP_PMU,57,2.5561536325519052e-05,-0.1548921586605536
1,B_svc,2,0.4680706561284873,0,WLS,57,0.00031490169172848637,0.4683855578202158
1,B_svc,2,0.4681300993122599,0,MAP_SCADA,57,0.00025545850795588576,0.4683855578202158
1,B_svc,2,0.4680672860076016,0,MAP_PMU,57,0.00031827181261417925,0.4683855578202158
4,UPFC_Vse,5-15,0.0551112407964146,0,WLS,57,0.0005059872247964031,0.055617228021211
4,UPFC_Vse,5-15,0.0549227545807145,0,MAP_SCADA,57,0.0006944734404965014,0.055617228021211
4,UPFC_Vse,5-15,0.0551099349126628,0,MAP_PMU,57,0.0005072931085482041,0.055617228021211
2,UPFC_Vsh,5-15,1.110901358054478,0,WLS,57,3.569240394329931e-05,1.1109370504584213
2,UPFC_Vsh,5-15,1.109219806879187,0,MAP_SCADA,57,0.0017172435792343066,1.1109370504584213
2,UPFC_Vsh,5-15,1.1109035626501569,0,MAP_PMU,57,3.3487808264398566e-05,1.1109370504584213
5,UPFC_tse,5-15,-2.098453184866162,0,WLS,57,0.0036512870126941266,-2.102104471878856
5,UPFC_tse,5-15,-2.098640903283867,0,MAP_SCADA,57,0.003463568594989308,-2.102104471878856
5,UPFC_tse,5-15,-2.098452917363481,0,MAP_PMU,57,0.0036515545153750217,-2.102104471878856
3,UPFC_tsh,5-15,-0.232480948427301,0,WLS,57,2.9172025278800806e-05,-0.2325101204525798
3,UPFC_tsh,5-15,-0.2330218017790698,0,MAP_SCADA,57,0.0005116813264900155,-0.2325101204525798
3,UPFC_tsh,5-15,-0.2324806825092678,0,MAP_PMU,57,2.943794331200511e-05,-0.2325101204525798
0,x_tcsc,1-14,-0.1549092050030619,1,WLS,57,1.704634250829229e-05,-0.1548921586605536
0,x_tcsc,1-14,-0.1550033830785958,1,MAP_SCADA,57,0.00011122441804217731,-0.1548921586605536
0,x_tcsc,1-14,-0.1549085386407815,1,MAP_PMU,57,1.6379980227881896e-05,-0.1548921586605536
1,B_svc,2,0.4687558462087375,1,WLS,57,0.0003702883885217112,0.4683855578202158
1,B_svc,2,0.4615185256559382,1,MAP_SCADA,57,0.006867032164277587,0.4683855578202158
1,B_svc,2,0.4687532765430716,1,MAP_PMU,57,0.0003677187228557921,0.4683855578202158
4,UPFC_Vse,5-15,0.0554764226965324,1,WLS,57,0.00014080532467860424,0.055617228021211
4,UPFC_Vse,5-15,0.0551318022512095,1,MAP_SCADA,57,0.00048542577000150466,0.055617228021211
4,UPFC_Vse,5-15,0.0554762368716515,1,MAP_PMU,57,0.0001409911495595037,0.055617228021211
2,UPFC_Vsh,5-15,1.110748590593549,1,WLS,57,0.00018845986487225908,1.1109370504584213
2,UPFC_Vsh,5-15,1.111288466604513,1,MAP_SCADA,57,0.0003514161460917986,1.1109370504584213
2,UPFC_Vsh,5-15,1.1107496338945075,1,MAP_PMU,57,0.00018741656391374484,1.1109370504584213
5,UPFC_tse,5-15,-2.095272688574325,1,WLS,57,0.006831783304531047,-2.102104471878856
5,UPFC_tse,5-15,-2.094762586398,1,MAP_SCADA,57,0.007341885480856014,-2.102104471878856
5,UPFC_tse,5-15,-2.095274259712092,1,MAP_PMU,57,0.006830212166764049,-2.102104471878856
3,UPFC_tsh,5-15,-0.2325038644484547,1,WLS,57,6.2560041250991905e-06,-0.2325101204525798
3,UPFC_tsh,5-15,-0.2322641810080754,1,MAP_SCADA,57,0.0002459394445044061,-0.2325101204525798
3,UPFC_tsh,5-15,-0.2325037208274279,1,MAP_PMU,57,6.3996251518927405e-06,-0.2325101204525798
0,x_tcsc,1-14,-0.1548859567114929,2,WLS,57,6.201949060702372e-06,-0.1548921586605536
0,x_tcsc,1-14,-0.155410840079784,2,MAP_SCADA,57,0.0005186814192303935,-0.1548921586605536
0,x_tcsc,1-14,-0.1548865226977504,2,MAP_PMU,57,5.63596280320211e-06,-0.1548921586605536
1,B_svc,2,0.4683270447358424,2,WLS,57,5.851308437337943e-05,0.4683855578202158
1,B_svc,2,0.4657500130065091,2,MAP_SCADA,57,0.002635544813706703,0.4683855578202158
1,B_svc,2,0.4683239833706847,2,MAP_PMU,57,6.15744495310877e-05,0.4683855578202158
4,UPFC_Vse,5-15,0.0547958936319313,2,WLS,57,0.0008213343892797056,0.055617228021211
4,UPFC_Vse,5-15,0.0545301163713877,2,MAP_SCADA,57,0.001087111649823301,0.055617228021211
4,UPFC_Vse,5-15,0.054796092034829,2,MAP_PMU,57,0.0008211359863820045,0.055617228021211
2,UPFC_Vsh,5-15,1.1107950981340662,2,WLS,57,0.00014195232435509908,1.1109370504584213
2,UPFC_Vsh,5-15,1.1118352177443702,2,MAP_SCADA,57,0.0008981672859489365,1.1109370504584213
2,UPFC_Vsh,5-15,1.110794955994182,2,MAP_PMU,57,0.00014209446423918415,1.1109370504584213
5,UPFC_tse,5-15,-2.0964859200304864,2,WLS,57,0.0056185518483697905,-2.102104471878856
5,UPFC_tse,5-15,-2.096498705934241,2,MAP_SCADA,57,0.005605765944615371,-2.102104471878856
5,UPFC_tse,5-15,-2.0964836398303213,2,MAP_PMU,57,0.005620832048534918,-2.102104471878856
3,UPFC_tsh,5-15,-0.2325023455484252,2,WLS,57,7.77490415460047e-06,-0.2325101204525798
3,UPFC_tsh,5-15,-0.2322619986911179,2,MAP_SCADA,57,0.0002481217614618836,-0.2325101204525798
3,UPFC_tsh,5-15,-0.2325023002178172,2,MAP_PMU,57,7.820234762589973e-06,-0.2325101204525798
0,x_tcsc,1-14,-0.1548783834840351,3,WLS,57,1.3775176518515675e-05,-0.1548921586605536
0,x_tcsc,1-14,-0.1556611265370181,3,MAP_SCADA,57,0.0007689678764644936,-0.1548921586605536
0,x_tcsc,1-14,-0.1548712268237561,3,MAP_PMU,57,2.0931836797521974e-05,-0.1548921586605536
1,B_svc,2,0.4683881411073056,3,WLS,57,2.5832870897968263e-06,0.4683855578202158
1,B_svc,2,0.4573828339866937,3,MAP_SCADA,57,0.011002723833522077,0.4683855578202158
1,B_svc,2,0.4683689444844457,3,MAP_PMU,57,1.6613335770077065e-05,0.4683855578202158
4,UPFC_Vse,5-15,0.0552116873471606,3,WLS,57,0.00040554067405040167,0.055617228021211
4,UPFC_Vse,5-15,0.0545741302195165,3,MAP_SCADA,57,0.0010430978016945022,0.055617228021211
4,UPFC_Vse,5-15,0.0552111739256807,3,MAP_PMU,57,0.00040605409553030186,0.055617228021211
2,UPFC_Vsh,5-15,1.1114786738900564,3,WLS,57,0.0005416234316351076,1.1109370504584213
2,UPFC_Vsh,5-15,1.114338337383613,3,MAP_SCADA,57,0.0034012869251918154,1.1109370504584213
2,UPFC_Vsh,5-15,1.111478852475113,3,MAP_PMU,57,0.0005418020166916282,1.1109370504584213
5,UPFC_tse,5-15,-2.099761150777627,3,WLS,57,0.0023433211012293675,-2.102104471878856
5,UPFC_tse,5-15,-2.096462536434822,3,MAP_SCADA,57,0.005641935444034019,-2.102104471878856
5,UPFC_tse,5-15,-2.099783649545925,3,MAP_PMU,57,0.002320822332931183,-2.102104471878856
3,UPFC_tsh,5-15,-0.2325231416409624,3,WLS,57,1.302118838261701e-05,-0.2325101204525798
3,UPFC_tsh,5-15,-0.2309826968418172,3,MAP_SCADA,57,0.0015274236107626071,-0.2325101204525798
3,UPFC_tsh,5-15,-0.2325230233581109,3,MAP_PMU,57,1.2902905531103626e-05,-0.2325101204525798
0,x_tcsc,1-14,-0.1549018736378011,4,WLS,57,9.714977247499146e-06,-0.1548921586605536
0,x_tcsc,1-14,-0.1550909292439212,4,MAP_SCADA,57,0.00019877058336759124,-0.1548921586605536
0,x_tcsc,1-14,-0.1549023061986672,4,MAP_PMU,57,1.0147538113597365e-05,-0.1548921586605536
1,B_svc,2,0.4686497015841589,4,WLS,57,0.00026414376394312544,0.4683855578202158
1,B_svc,2,0.4701608987813483,4,MAP_SCADA,57,0.001775340961132521,0.4683855578202158
1,B_svc,2,0.4686479733484284,4,MAP_PMU,57,0.0002624155282126006,0.4683855578202158
4,UPFC_Vse,5-15,0.0552955167751825,4,WLS,57,0.0003217112460285054,0.055617228021211
4,UPFC_Vse,5-15,0.0553781376606521,4,MAP_SCADA,57,0.00023909036055889954,0.055617228021211
4,UPFC_Vse,5-15,0.0552951957200989,4,MAP_PMU,57,0.0003220323011121004,0.055617228021211
2,UPFC_Vsh,5-15,1.1111059318286978,4,WLS,57,0.00016888137027648575,1.1109370504584213
2,UPFC_Vsh,5-15,1.1102891671427044,4,MAP_SCADA,57,0.0006478833157168573,1.1109370504584213
2,UPFC_Vsh,5-15,1.1111067629821036,4,MAP_PMU,57,0.00016971252368236378,1.1109370504584213
5,UPFC_tse,5-15,-2.0961379745400235,4,WLS,57,0.005966497338832699,-2.102104471878856
5,UPFC_tse,5-15,-2.0987166470387293,4,MAP_SCADA,57,0.0033878248401268962,-2.102104471878856
5,UPFC_tse,5-15,-2.096139692173037,4,MAP_PMU,57,0.005964779705819101,-2.102104471878856
3,UPFC_tsh,5-15,-0.2325083431491255,4,WLS,57,1.7773034542978294e-06,-0.2325101204525798
3,UPFC_tsh,5-15,-0.2332377355911988,4,MAP_SCADA,57,0.0007276151386190199,-0.2325101204525798
3,UPFC_tsh,5-15,-0.2325082198417921,4,MAP_PMU,57,1.900610787697321e-06,-0.2325101204525798
0,x_tcsc,1-14,-0.15488258053998,5,WLS,57,9.578120573616733e-06,-0.1548921586605536
0,x_tcsc,1-14,-0.1559556818058403,5,MAP_SCADA,57,0.0010635231452866822,-0.1548921586605536
0,x_tcsc,1-14,-0.1548785388842937,5,MAP_PMU,57,1.3619776259909955e-05,-0.1548921586605536
1,B_svc,2,0.4686061985154705,5,WLS,57,0.00022064069525468133,0.4683855578202158
1,B_svc,2,0.4615353750014238,5,MAP_SCADA,57,0.006850182818792017,0.4683855578202158
1,B_svc,2,0.4686024209922356,5,MAP_PMU,57,0.00021686317201979888,0.4683855578202158
4,UPFC_Vse,5-15,0.0549035714145349,5,WLS,57,0.0007136566066761052,0.055617228021211
4,UPFC_Vse,5-15,0.0545602489493132,5,MAP_SCADA,57,0.0010569790718977998,0.055617228021211
4,UPFC_Vse,5-15,0.0549034676552636,5,MAP_PMU,57,0.0007137603659474051,0.055617228021211
2,UPFC_Vsh,5-15,1.1108902813512551,5,WLS,57,4.676910716616689e-05,1.1109370504584213
2,UPFC_Vsh,5-15,1.1115793564576082,5,MAP_SCADA,57,0.0006423059991869096,1.1109370504584213
2,UPFC_Vsh,5-15,1.110890537142353,5,MAP_PMU,57,4.651331606830844e-05,1.1109370504584213
5,UPFC_tse,5-15,-2.097586801481856,5,WLS,57,0.004517670397000018,-2.102104471878856
5,UPFC_tse,5-15,-2.096598908826428,5,MAP_SCADA,57,0.0055055630524281085,-2.102104471878856
5,UPFC_tse,5-15,-2.097589458446123,5,MAP_PMU,57,0.004515013432733195,-2.102104471878856
3,UPFC_tsh,5-15,-0.2325216597590289,5,WLS,57,1.1539306449093178e-05,-0.2325101204525798
3,UPFC_tsh,5-15,-0.2320082693991724,5,MAP_SCADA,57,0.0005018510534073872,-0.2325101204525798
3,UPFC_tsh,5-15,-0.2325215501304036,5,MAP_PMU,57,1.142967782380433e-05,-0.2325101204525798
0,x_tcsc,1-14,-0.1548931917768391,6,WLS,57,1.0331162854926301e-06,-0.1548921586605536
0,x_tcsc,1-14,-0.154285651549894,6,MAP_SCADA,57,0.0006065071106596265,-0.1548921586605536
0,x_tcsc,1-14,-0.1548954393521887,6,MAP_PMU,57,3.2806916350769377e-06,-0.1548921586605536
1,B_svc,2,0.4683292020085592,6,WLS,57,5.635581165658321e-05,0.4683855578202158
1,B_svc,2,0.4667919889623746,6,MAP_SCADA,57,0.0015935688578411766,0.4683855578202158
1,B_svc,2,0.4683260410097646,6,MAP_PMU,57,5.951681045118784e-05,0.4683855578202158
4,UPFC_Vse,5-15,0.0548885574273113,6,WLS,57,0.000728670593899701,0.055617228021211
4,UPFC_Vse,5-15,0.0546368575602763,6,MAP_SCADA,57,0.0009803704609347014,0.055617228021211
4,UPFC_Vse,5-15,0.0548882210276946,6,MAP_PMU,57,0.0007290069935164054,0.055617228021211
2,UPFC_Vsh,5-15,1.1111361478324804,6,WLS,57,0.00019909737405909844,1.1109370504584213
2,UPFC_Vsh,5-15,1.1127047894322617,6,MAP_SCADA,57,0.001767738973840416,1.1109370504584213
2,UPFC_Vsh,5-15,1.1111356038333975,6,MAP_PMU,57,0.00019855337497620695,1.1109370504584213
5,UPFC_tse,5-15,-2.099417562133552,6,WLS,57,0.002686909745304167,-2.102104471878856
5,UPFC_tse,5-15,-2.097793283697018,6,MAP_SCADA,57,0.004311188181838066,-2.102104471878856
5,UPFC_tse,5-15,-2.09942907620306,6,MAP_PMU,57,0.0026753956757961106,-2.102104471878856
3,UPFC_tsh,5-15,-0.2324613212003809,6,WLS,57,4.879925219888892e-05,-0.2325101204525798
3,UPFC_tsh,5-15,-0.2331385786067991,6,MAP_SCADA,57,0.0006284581542193024,-0.2325101204525798
3,UPFC_tsh,5-15,-0.2324613737929927,6,MAP_PMU,57,4.8746659587095564e-05,-0.2325101204525798
0,x_tcsc,1-14,-0.1548851207218328,7,WLS,57,7.037938720810821e-06,-0.1548921586605536
0,x_tcsc,1-14,-0.1538507206025142,7,MAP_SCADA,57,0.0010414380580394123,-0.1548921586605536
0,x_tcsc,1-14,-0.1548993001328316,7,MAP_PMU,57,7.1414722779827855e-06,-0.1548921586605536
1,B_svc,2,0.468309978351292,7,WLS,57,7.557946892378098e-05,0.4683855578202158
1,B_svc,2,0.4574778902719384,7,MAP_SCADA,57,0.010907667548277378,0.4683855578202158
1,B_svc,2,0.4682875256783225,7,MAP_PMU,57,9.803214189330056e-05,0.4683855578202158
4,UPFC_Vse,5-15,0.055438564754825,7,WLS,57,0.00017866326638600605,0.055617228021211
4,UPFC_Vse,5-15,0.0553480307531179,7,MAP_SCADA,57,0.00026919726809310207,0.055617228021211
4,UPFC_Vse,5-15,0.0554385172630654,7,MAP_PMU,57,0.00017871075814560045,0.055617228021211
2,UPFC_Vsh,5-15,1.1110544604503516,7,WLS,57,0.00011740999193032842,1.1109370504584213
2,UPFC_Vsh,5-15,1.1132311111641209,7,MAP_SCADA,57,0.0022940607056995965,1.1109370504584213
2,UPFC_Vsh,5-15,1.111054342952838,7,MAP_PMU,57,0.00011729249441660983,1.1109370504584213
5,UPFC_tse,5-15,-2.0989703999837466,7,WLS,57,0.0031340718951096136,-2.102104471878856
5,UPFC_tse,5-15,-2.099134201328418,7,MAP_SCADA,57,0.00297027055043797,-2.102104471878856
5,UPFC_tse,5-15,-2.0989685020910542,7,MAP_PMU,57,0.003135969787801951,-2.102104471878856
3,UPFC_tsh,5-15,-0.2325233077036971,7,WLS,57,1.318725111731922e-05,-0.2325101204525798
3,UPFC_tsh,5-15,-0.2328764806224023,7,MAP_SCADA,57,0.0003663601698224994,-0.2325101204525798
3,UPFC_tsh,5-15,-0.2325233899081059,7,MAP_PMU,57,1.326945552609926e-05,-0.2325101204525798
0,x_tcsc,1-14,-0.1548938874845487,8,WLS,57,1.7288239950730144e-06,-0.1548921586605536
0,x_tcsc,1-14,-0.1542986818918144,8,MAP_SCADA,57,0.0005934767687392206,-0.1548921586605536
0,x_tcsc,1-14,-0.1548943272565537,8,MAP_PMU,57,2.168596000079459e-06,-0.1548921586605536
1,B_svc,2,0.4679504263013491,8,WLS,57,0.00043513151886670487,0.4683855578202158
1,B_svc,2,0.4684439903946154,8,MAP_SCADA,57,5.8432574399580606e-05,0.4683855578202158
1,B_svc,2,0.4679539424367226,8,MAP_PMU,57,0.00043161538349317796,0.4683855578202158
4,UPFC_Vse,5-15,0.054822073622366,8,WLS,57,0.0007951543988450049,0.055617228021211
4,UPFC_Vse,5-15,0.0546113657831081,8,MAP_SCADA,57,0.0010058622381029017,0.055617228021211
4,UPFC_Vse,5-15,0.0548204014640814,8,MAP_PMU,57,0.0007968265571295999,0.055617228021211
2,UPFC_Vsh,5-15,1.11069221171113,8,WLS,57,0.0002448387472913094,1.1109370504584213
2,UPFC_Vsh,5-15,1.1083594368083318,8,MAP_SCADA,57,0.002577613650089461,1.1109370504584213
2,UPFC_Vsh,5-15,1.1106929605861164,8,MAP_PMU,57,0.00024408987230484236,1.1109370504584213
5,UPFC_tse,5-15,-2.098045720634237,8,WLS,57,0.004058751244619074,-2.102104471878856
5,UPFC_tse,5-15,-2.1021588530142,8,MAP_SCADA,57,5.438113534372846e-05,-2.102104471878856
5,UPFC_tse,5-15,-2.0980452845741007,8,MAP_PMU,57,0.004059187304755518,-2.102104471878856
3,UPFC_tsh,5-15,-0.2325093658543629,8,WLS,57,7.545982168843945e-07,-0.2325101204525798
3,UPFC_tsh,5-15,-0.2345607245766876,8,MAP_SCADA,57,0.0020506041241078188,-0.2325101204525798
3,UPFC_tsh,5-15,-0.2325092709583962,8,MAP_PMU,57,8.494941835801573e-07,-0.2325101204525798
0,x_tcsc,1-14,-0.1548780029477688,9,WLS,57,1.4155712784819086e-05,-0.1548921586605536
0,x_tcsc,1-14,-0.154519894498489,9,MAP_SCADA,57,0.00037226416206462276,-0.1548921586605536
0,x_tcsc,1-14,-0.1548779499892897,9,MAP_PMU,57,1.4208671263921113e-05,-0.1548921586605536
1,B_svc,2,0.4682008167049302,9,WLS,57,0.00018474111528560266,0.4683855578202158
1,B_svc,2,0.4662146416727125,9,MAP_SCADA,57,0.00217091614750331,0.4683855578202158
1,B_svc,2,0.468204471629744,9,MAP_PMU,57,0.00018108619047180197,0.4683855578202158
4,UPFC_Vse,5-15,0.0551588280009706,9,WLS,57,0.00045840002024040427,0.055617228021211
4,UPFC_Vse,5-15,0.0548439844175026,9,MAP_SCADA,57,0.0007732436037084026,0.055617228021211
4,UPFC_Vse,5-15,0.0551583339633424,9,MAP_PMU,57,0.00045889405786860016,0.055617228021211
2,UPFC_Vsh,5-15,1.111225787164389,9,WLS,57,0.00028873670596762935,1.1109370504584213
2,UPFC_Vsh,5-15,1.1098736574487926,9,MAP_SCADA,57,0.0010633930096286548,1.1109370504584213
2,UPFC_Vsh,5-15,1.1112261807326775,9,MAP_PMU,57,0.00028913027425625515,1.1109370504584213
5,UPFC_tse,5-15,-2.0952431828008016,9,WLS,57,0.006861289078054611,-2.102104471878856
5,UPFC_tse,5-15,-2.0982522157628223,9,MAP_SCADA,57,0.003852256116033903,-2.102104471878856
5,UPFC_tse,5-15,-2.095232751421268,9,MAP_PMU,57,0.006871720457588104,-2.102104471878856
3,UPFC_tsh,5-15,-0.2324885738268569,9,WLS,57,2.1546625722901336e-05,-0.2325101204525798
3,UPFC_tsh,5-15,-0.2339621019398127,9,MAP_SCADA,57,0.0014519814872329118,-0.2325101204525798
3,UPFC_tsh,5-15,-0.2324885952027871,9,MAP_PMU,57,2.1525249792681e-05,-0.2325101204525798
0,x_tcsc,1-14,-0.1558522331160256,0,WLS,58,3.4068471840092984e-05,-0.1558863015878657
0,x_tcsc,1-14,-0.1552551668162382,0,MAP_SCADA,58,0.0006311347716275173,-0.1558863015878657
0,x_tcsc,1-14,-0.1558582376269777,0,MAP_PMU,58,2.8063960888002892e-05,-0.1558863015878657
1,B_svc,2,0.4799849921308087,0,WLS,58,0.00032246288926068845,0.4803074550200694
1,B_svc,2,0.4681300993122599,0,MAP_SCADA,58,0.012177355707809479,0.4803074550200694
1,B_svc,2,0.4800044519441846,0,MAP_PMU,58,0.0003030030758847668,0.4803074550200694
4,UPFC_Vse,5-15,0.0552051793849087,0,WLS,58,0.0006693427087023987,0.0558745220936111
4,UPFC_Vse,5-15,0.0549227545807145,0,MAP_SCADA,58,0.0009517675128965994,0.0558745220936111
4,UPFC_Vse,5-15,0.0552043915931798,0,MAP_PMU,58,0.0006701305004312985,0.0558745220936111
2,UPFC_Vsh,5-15,1.1109221721272566,0,WLS,58,0.0005780547786697898,1.1103441173485868
2,UPFC_Vsh,5-15,1.109219806879187,0,MAP_SCADA,58,0.0011243104693998696,1.1103441173485868
2,UPFC_Vsh,5-15,1.1109232822054638,0,MAP_PMU,58,0.0005791648568769237,1.1103441173485868
5,UPFC_tse,5-15,-2.098690749875863,0,WLS,58,0.00655371541714489,-2.105244465293008
5,UPFC_tse,5-15,-2.098640903283867,0,MAP_SCADA,58,0.0066035620091411396,-2.105244465293008
5,UPFC_tse,5-15,-2.098693754144974,0,MAP_PMU,58,0.006550711148034072,-2.105244465293008
3,UPFC_tsh,5-15,-0.2317521439887588,0,WLS,58,4.4630849123622474e-05,-0.2317967748378824
3,UPFC_tsh,5-15,-0.2330218017790698,0,MAP_SCADA,58,0.001225026941187396,-0.2317967748378824
3,UPFC_tsh,5-15,-0.231752177948586,0,MAP_PMU,58,4.459688929642214e-05,-0.2317967748378824
0,x_tcsc,1-14,-0.155895485195018,1,WLS,58,9.183607152296602e-06,-0.1558863015878657
0,x_tcsc,1-14,-0.1550033830785958,1,MAP_SCADA,58,0.0008829185092699143,-0.1558863015878657
0,x_tcsc,1-14,-0.15590955382172,1,MAP_PMU,58,2.325223385429842e-05,-0.1558863015878657
1,B_svc,2,0.480685346927124,1,WLS,58,0.00037789190705461717,0.4803074550200694
1,B_svc,2,0.4615185256559382,1,MAP_SCADA,58,0.01878892936413118,0.4803074550200694
1,B_svc,2,0.4806937652656415,1,MAP_PMU,58,0.000386310245572119,0.4803074550200694
4,UPFC_Vse,5-15,0.0555702375543921,1,WLS,58,0.00030428453921899773,0.0558745220936111
4,UPFC_Vse,5-15,0.0551318022512095,1,MAP_SCADA,58,0.0007427198424016027,0.0558745220936111
4,UPFC_Vse,5-15,0.055571114061841,1,MAP_PMU,58,0.0003034080317700985,0.0558745220936111
2,UPFC_Vsh,5-15,1.1107683127079166,1,WLS,58,0.00042419535932980423,1.1103441173485868
2,UPFC_Vsh,5-15,1.111288466604513,1,MAP_SCADA,58,0.0009443492559262356,1.1103441173485868
2,UPFC_Vsh,5-15,1.1107668193960298,1,MAP_PMU,58,0.000422702047442991,1.1103441173485868
5,UPFC_tse,5-15,-2.09551334033446,1,WLS,58,0.009731124958547888,-2.105244465293008
5,UPFC_tse,5-15,-2.094762586398,1,MAP_SCADA,58,0.010481878895007846,-2.105244465293008
5,UPFC_tse,5-15,-2.09552187694404,1,MAP_PMU,58,0.00972258834896822,-2.105244465293008
3,UPFC_tsh,5-15,-0.2317751746023634,1,WLS,58,2.1600235519003697e-05,-0.2317967748378824
3,UPFC_tsh,5-15,-0.2322641810080754,1,MAP_SCADA,58,0.00046740617019297437,-0.2317967748378824
3,UPFC_tsh,5-15,-0.2317755858047746,1,MAP_PMU,58,2.1189033107826827e-05,-0.2317967748378824
0,x_tcsc,1-14,-0.1558719390456663,2,WLS,58,1.4362542199414241e-05,-0.1558863015878657
0,x_tcsc,1-14,-0.155410840079784,2,MAP_SCADA,58,0.0004754615080816982,-0.1558863015878657
0,x_tcsc,1-14,-0.1558761307136473,2,MAP_PMU,58,1.0170874218395909e-05,-0.1558863015878657
1,B_svc,2,0.480239339618663,2,WLS,58,6.811540140638783e-05,0.4803074550200694
1,B_svc,2,0.4657500130065091,2,MAP_SCADA,58,0.014557442013560296,0.4803074550200694
1,B_svc,2,0.4802371338857906,2,MAP_PMU,58,7.03211342787946e-05,0.4803074550200694
4,UPFC_Vse,5-15,0.0548895479641796,2,WLS,58,0.0009849741294314998,0.0558745220936111
4,UPFC_Vse,5-15,0.0545301163713877,2,MAP_SCADA,58,0.001344405722223399,0.0558745220936111
4,UPFC_Vse,5-15,0.0548900220823568,2,MAP_PMU,58,0.0009845000112543023,0.0558745220936111
2,UPFC_Vsh,5-15,1.1108155977173808,2,WLS,58,0.00047148036879396393,1.1103441173485868
2,UPFC_Vsh,5-15,1.1118352177443702,2,MAP_SCADA,58,0.0014911003957833735,1.1103441173485868
2,UPFC_Vsh,5-15,1.110815745379121,2,MAP_PMU,58,0.0004716280305341325,1.1103441173485868
5,UPFC_tse,5-15,-2.0967357213943862,2,WLS,58,0.008508743898621773,-2.105244465293008
5,UPFC_tse,5-15,-2.096498705934241,2,MAP_SCADA,58,0.008745759358767202,-2.105244465293008
5,UPFC_tse,5-15,-2.0967356024589363,2,MAP_PMU,58,0.008508862834071707,-2.105244465293008
3,UPFC_tsh,5-15,-0.2317735505800566,2,WLS,58,2.3224257825804617e-05,-0.2317967748378824
3,UPFC_tsh,5-15,-0.2322619986911179,2,MAP_SCADA,58,0.00046522385323549686,-0.2317967748378824
3,UPFC_tsh,5-15,-0.2317736494998022,2,MAP_PMU,58,2.312533808021544e-05,-0.2317967748378824
0,x_tcsc,1-14,-0.1558641471316172,3,WLS,58,2.2154456248507648e-05,-0.1558863015878657
0,x_tcsc,1-14,-0.1556611265370181,3,MAP_SCADA,58,0.00022517505084759804,-0.1558863015878657
0,x_tcsc,1-14,-0.1558661383085298,3,MAP_PMU,58,2.0163279335905226e-05,-0.1558863015878657
1,B_svc,2,0.4803022700284387,3,WLS,58,5.184991630657887e-06,0.4803074550200694
1,B_svc,2,0.4573828339866937,3,MAP_SCADA,58,0.02292462103337567,0.4803074550200694
1,B_svc,2,0.4802687434210683,3,MAP_PMU,58,3.8711599001095554e-05,0.4803074550200694
4,UPFC_Vse,5-15,0.0553059539301393,3,WLS,58,0.000568568163471804,0.0558745220936111
4,UPFC_Vse,5-15,0.0545741302195165,3,MAP_SCADA,58,0.0013003918740946002,0.0558745220936111
4,UPFC_Vse,5-15,0.0553046291809003,3,MAP_PMU,58,0.0005698929127107982,0.0558745220936111
2,UPFC_Vsh,5-15,1.111498526351648,3,WLS,58,0.0011544090030610743,1.1103441173485868
2,UPFC_Vsh,5-15,1.114338337383613,3,MAP_SCADA,58,0.0039942200350262524,1.1103441173485868
2,UPFC_Vsh,5-15,1.1114999747977816,3,MAP_PMU,58,0.0011558574491947748,1.1103441173485868
5,UPFC_tse,5-15,-2.099993020086491,3,WLS,58,0.00525144520651688,-2.105244465293008
5,UPFC_tse,5-15,-2.096462536434822,3,MAP_SCADA,58,0.00878192885818585,-2.105244465293008
5,UPFC_tse,5-15,-2.100029987097956,3,MAP_PMU,58,0.0052144781950520525,-2.105244465293008
3,UPFC_tsh,5-15,-0.2317942572678135,3,WLS,58,2.517570068916175e-06,-0.2317967748378824
3,UPFC_tsh,5-15,-0.2309826968418172,3,MAP_SCADA,58,0.0008140779960652267,-0.2317967748378824
3,UPFC_tsh,5-15,-0.2317940607281485,3,MAP_PMU,58,2.7141097339034026e-06,-0.2317967748378824
0,x_tcsc,1-14,-0.1558879623719948,4,WLS,58,1.6607841290816605e-06,-0.1558863015878657
0,x_tcsc,1-14,-0.1550909292439212,4,MAP_SCADA,58,0.0007953723439445004,-0.1558863015878657
0,x_tcsc,1-14,-0.1558943773393317,4,MAP_PMU,58,8.075751465996817e-06,-0.1558863015878657
1,B_svc,2,0.4805702715020247,4,WLS,58,0.00026281648195530805,0.4803074550200694
1,B_svc,2,0.4701608987813483,4,MAP_SCADA,58,0.010146556238721072,0.4803074550200694
1,B_svc,2,0.4805855186053057,4,MAP_PMU,58,0.0002780635852362989,0.4803074550200694
4,UPFC_Vse,5-15,0.0553888946096758,4,WLS,58,0.0004856274839353039,0.0558745220936111
4,UPFC_Vse,5-15,0.0553781376606521,4,MAP_SCADA,58,0.0004963844329589975,0.0558745220936111
4,UPFC_Vse,5-15,0.0553893061957454,4,MAP_PMU,58,0.00048521589786570257,0.0558745220936111
2,UPFC_Vsh,5-15,1.1111266200667052,4,WLS,58,0.0007825027181183053,1.1103441173485868
2,UPFC_Vsh,5-15,1.1102891671427044,4,MAP_SCADA,58,5.495020588242028e-05,1.1103441173485868
2,UPFC_Vsh,5-15,1.1111261871519529,4,MAP_PMU,58,0.0007820698033660367,1.1103441173485868
5,UPFC_tse,5-15,-2.0963791235356,4,WLS,58,0.00886534175740783,-2.105244465293008
5,UPFC_tse,5-15,-2.0987166470387293,4,MAP_SCADA,58,0.006527818254278728,-2.105244465293008
5,UPFC_tse,5-15,-2.09637592990619,4,MAP_PMU,58,0.008868535386818088,-2.105244465293008
3,UPFC_tsh,5-15,-0.2317794768830597,4,WLS,58,1.729795482272034e-05,-0.2317967748378824
3,UPFC_tsh,5-15,-0.2332377355911988,4,MAP_SCADA,58,0.0014409607533164004,-0.2317967748378824
3,UPFC_tsh,5-15,-0.2317797642168661,4,MAP_PMU,58,1.7010621016305683e-05,-0.2317967748378824
0,x_tcsc,1-14,-0.1558685297220808,5,WLS,58,1.777186578491574e-05,-0.1558863015878657
0,x_tcsc,1-14,-0.1559556818058403,5,MAP_SCADA,58,6.93802179745906e-05,-0.1558863015878657
0,x_tcsc,1-14,-0.1558668664178879,5,MAP_PMU,58,1.943516997779393e-05,-0.1558863015878657
1,B_svc,2,0.4805294522053372,5,WLS,58,0.0002219971852678304,0.4803074550200694
1,B_svc,2,0.4615353750014238,5,MAP_SCADA,58,0.01877208001864561,0.4803074550200694
1,B_svc,2,0.4805255450376337,5,MAP_PMU,58,0.00021809001756428747,0.4803074550200694
4,UPFC_Vse,5-15,0.0549973435559533,5,WLS,58,0.0008771785376577995,0.0558745220936111
4,UPFC_Vse,5-15,0.0545602489493132,5,MAP_SCADA,58,0.0013142731442978978,0.0558745220936111
4,UPFC_Vse,5-15,0.0549967661192535,5,MAP_PMU,58,0.0008777559743576024,0.0558745220936111
2,UPFC_Vsh,5-15,1.1109103635286683,5,WLS,58,0.0005662461800814977,1.1103441173485868
2,UPFC_Vsh,5-15,1.1115793564576082,5,MAP_SCADA,58,0.0012352391090213466,1.1103441173485868
2,UPFC_Vsh,5-15,1.1109119521180166,5,MAP_PMU,58,0.0005678347694297869,1.1103441173485868
5,UPFC_tse,5-15,-2.097832457179848,5,WLS,58,0.007412008113159896,-2.105244465293008
5,UPFC_tse,5-15,-2.096598908826428,5,MAP_SCADA,58,0.00864555646657994,-2.105244465293008
5,UPFC_tse,5-15,-2.0978417264632374,5,MAP_PMU,58,0.007402738829770605,-2.105244465293008
3,UPFC_tsh,5-15,-0.2317928543859699,5,WLS,58,3.920451912525769e-06,-0.2317967748378824
3,UPFC_tsh,5-15,-0.2320082693991724,5,MAP_SCADA,58,0.00021149456128999322,-0.2317967748378824
3,UPFC_tsh,5-15,-0.2317925511811863,5,MAP_PMU,58,4.223656696111799e-06,-0.2317967748378824
0,x_tcsc,1-14,-0.1558793907200421,6,WLS,58,6.910867823617384e-06,-0.1558863015878657
0,x_tcsc,1-14,-0.154285651549894,6,MAP_SCADA,58,0.0016006500379717181,-0.1558863015878657
0,x_tcsc,1-14,-0.1559024565924979,6,MAP_PMU,58,1.615500463220121e-05,-0.1558863015878657
1,B_svc,2,0.4802457721896196,6,WLS,58,6.168283044977185e-05,0.4803074550200694
1,B_svc,2,0.4667919889623746,6,MAP_SCADA,58,0.01351546605769477,0.4803074550200694
1,B_svc,2,0.4802415697908168,6,MAP_PMU,58,6.588522925260465e-05,0.4803074550200694
4,UPFC_Vse,5-15,0.0549826690369016,6,WLS,58,0.0008918530567095032,0.0558745220936111
4,UPFC_Vse,5-15,0.0546368575602763,6,MAP_SCADA,58,0.0012376645333347994,0.0558745220936111
4,UPFC_Vse,5-15,0.0549838557892807,6,MAP_PMU,58,0.0008906663043303994,0.0558745220936111
2,UPFC_Vsh,5-15,1.1111566412167524,6,WLS,58,0.0008125238681655489,1.1103441173485868
2,UPFC_Vsh,5-15,1.1127047894322617,6,MAP_SCADA,58,0.002360672083674853,1.1103441173485868
2,UPFC_Vsh,5-15,1.1111505124128649,6,MAP_PMU,58,0.0008063950642780426,1.1103441173485868
5,UPFC_tse,5-15,-2.099663956627359,6,WLS,58,0.005580508665648853,-2.105244465293008
5,UPFC_tse,5-15,-2.097793283697018,6,MAP_SCADA,58,0.0074511815959898975,-2.105244465293008
5,UPFC_tse,5-15,-2.09968678644754,6,MAP_PMU,58,0.005557678845467873,-2.105244465293008
3,UPFC_tsh,5-15,-0.2317327114877535,6,WLS,58,6.406335012890119e-05,-0.2317967748378824
3,UPFC_tsh,5-15,-0.2331385786067991,6,MAP_SCADA,58,0.0013418037689166828,-0.2317967748378824
3,UPFC_tsh,5-15,-0.231733599271842,6,MAP_PMU,58,6.317556604040764e-05,-0.2317967748378824
0,x_tcsc,1-14,-0.155871166111764,7,WLS,58,1.5135476101713063e-05,-0.1558863015878657
0,x_tcsc,1-14,-0.1538507206025142,7,MAP_SCADA,58,0.002035580985351504,-0.1558863015878657
0,x_tcsc,1-14,-0.1559219305914319,7,MAP_PMU,58,3.562900356618437e-05,-0.1558863015878657
1,B_svc,2,0.4802312369739533,7,WLS,58,7.621804611607219e-05,0.4803074550200694
1,B_svc,2,0.4574778902719384,7,MAP_SCADA,58,0.02282956474813097,0.4803074550200694
1,B_svc,2,0.4802113551271294,7,MAP_PMU,58,9.609989293996035e-05,0.4803074550200694
4,UPFC_Vse,5-15,0.0555329678851772,7,WLS,58,0.00034155420843390294,0.0558745220936111
4,UPFC_Vse,5-15,0.0553480307531179,7,MAP_SCADA,58,0.0005264913404932001,0.0558745220936111
4,UPFC_Vse,5-15,0.0555355947051674,7,MAP_PMU,58,0.00033892738844370357,0.0558745220936111
2,UPFC_Vsh,5-15,1.111073750042364,7,WLS,58,0.0007296326937771269,1.1103441173485868
2,UPFC_Vsh,5-15,1.1132311111641209,7,MAP_SCADA,58,0.0028869938155340336,1.1103441173485868
2,UPFC_Vsh,5-15,1.111067133320663,7,MAP_PMU,58,0.0007230159720761353,1.1103441173485868
5,UPFC_tse,5-15,-2.099192882879474,7,WLS,58,0.006051582413534096,-2.105244465293008
5,UPFC_tse,5-15,-2.099134201328418,7,MAP_SCADA,58,0.006110263964589802,-2.105244465293008
5,UPFC_tse,5-15,-2.0991912217728674,7,MAP_PMU,58,0.006053243520140583,-2.105244465293008
3,UPFC_tsh,5-15,-0.2317946360433456,7,WLS,58,2.138794536810096e-06,-0.2317967748378824
3,UPFC_tsh,5-15,-0.2328764806224023,7,MAP_SCADA,58,0.0010797057845198799,-0.2317967748378824
3,UPFC_tsh,5-15,-0.2317959485500026,7,MAP_PMU,58,8.262878798126483e-07,-0.2317967748378824
0,x_tcsc,1-14,-0.1558795201205637,8,WLS,58,6.781467302013899e-06,-0.1558863015878657
0,x_tcsc,1-14,-0.1542986818918144,8,MAP_SCADA,58,0.0015876196960513123,-0.1558863015878657
0,x_tcsc,1-14,-0.155898737969006,8,MAP_PMU,58,1.2436381140290553e-05,-0.1558863015878657
1,B_svc,2,0.479865972361227,8,WLS,58,0.0004414826588423626,0.4803074550200694
1,B_svc,2,0.4684439903946154,8,MAP_SCADA,58,0.011863464625454012,0.4803074550200694
1,B_svc,2,0.4799113451130762,8,MAP_PMU,58,0.0003961099069931806,0.4803074550200694
4,UPFC_Vse,5-15,0.0549158353311213,8,WLS,58,0.0009586867624898007,0.0558745220936111
4,UPFC_Vse,5-15,0.0546113657831081,8,MAP_SCADA,58,0.0012631563105029997,0.0558745220936111
4,UPFC_Vse,5-15,0.0549162168021115,8,MAP_PMU,58,0.0009583052914996018,0.0558745220936111
2,UPFC_Vsh,5-15,1.1107118937413751,8,WLS,58,0.0003677763927882882,1.1103441173485868
2,UPFC_Vsh,5-15,1.1083594368083318,8,MAP_SCADA,58,0.001984680540255024,1.1103441173485868
2,UPFC_Vsh,5-15,1.1107081986483154,8,MAP_PMU,58,0.00036408129972853587,1.1103441173485868
5,UPFC_tse,5-15,-2.098295331117656,8,WLS,58,0.006949134175351812,-2.105244465293008
5,UPFC_tse,5-15,-2.1021588530142,8,MAP_SCADA,58,0.003085612278808103,-2.105244465293008
5,UPFC_tse,5-15,-2.098295759399184,8,MAP_PMU,58,0.006948705893824236,-2.105244465293008
3,UPFC_tsh,5-15,-0.2317804378175584,8,WLS,58,1.6337020324025397e-05,-0.2317967748378824
3,UPFC_tsh,5-15,-0.2345607245766876,8,MAP_SCADA,58,0.0027639497388051992,-0.2317967748378824
3,UPFC_tsh,5-15,-0.2317815228430353,8,MAP_PMU,58,1.5251994847115258e-05,-0.2317967748378824
0,x_tcsc,1-14,-0.1558639617100057,9,WLS,58,2.233987786001701e-05,-0.1558863015878657
0,x_tcsc,1-14,-0.154519894498489,9,MAP_SCADA,58,0.0013664070893767144,-0.1558863015878657
0,x_tcsc,1-14,-0.1558790206959578,9,MAP_PMU,58,7.280891907907039e-06,-0.1558863015878657
1,B_svc,2,0.4801111379715617,9,WLS,58,0.00019631704850769927,0.4803074550200694
1,B_svc,2,0.4662146416727125,9,MAP_SCADA,58,0.014092813347356903,0.4803074550200694
1,B_svc,2,0.480147991690923,9,MAP_PMU,58,0.00015946332914640315,0.4803074550200694
4,UPFC_Vse,5-15,0.0552527447319659,9,WLS,58,0.0006217773616452038,0.0558745220936111
4,UPFC_Vse,5-15,0.0548439844175026,9,MAP_SCADA,58,0.0010305376761085006,0.0558745220936111
4,UPFC_Vse,5-15,0.0552543588478828,9,MAP_PMU,58,0.0006201632457282988,0.0558745220936111
2,UPFC_Vsh,5-15,1.111245700503236,9,WLS,58,0.0009015831546490549,1.1103441173485868
2,UPFC_Vsh,5-15,1.1098736574487926,9,MAP_SCADA,58,0.00047045989979421776,1.1103441173485868
2,UPFC_Vsh,5-15,1.111241140459902,9,MAP_PMU,58,0.0008970231113152316,1.1103441173485868
5,UPFC_tse,5-15,-2.095490130713104,9,WLS,58,0.009754334579903823,-2.105244465293008
5,UPFC_tse,5-15,-2.0982522157628223,9,MAP_SCADA,58,0.006992249530185735,-2.105244465293008
5,UPFC_tse,5-15,-2.095483363265648,9,MAP_PMU,58,0.009761102027360025,-2.105244465293008
3,UPFC_tsh,5-15,-0.2317600281679613,9,WLS,58,3.674666992112274e-05,-0.2317967748378824
3,UPFC_tsh,5-15,-0.2339621019398127,9,MAP_SCADA,58,0.002165327101930292,-0.2317967748378824
3,UPFC_tsh,5-15,-0.2317611440994957,9,MAP_PMU,58,3.5630738386721594e-05,-0.2317967748378824
0,x_tcsc,1-14,-0.1562910605112464,0,WLS,59,4.129775440370187e-05,-0.1563323582656501
0,x_tcsc,1-14,-0.1552551668162382,0,MAP_SCADA,59,0.0010771914494119017,-0.1563323582656501
0,x_tcsc,1-14,-0.1563065480346757,0,MAP_PMU,59,2.58102309743935e-05,-0.1563323582656501
1,B_svc,2,0.4857143937817341,0,WLS,59,0.0003128241233228968,0.486027217905057
1,B_svc,2,0.4681300993122599,0,MAP_SCADA,59,0.01789711859279708,0.486027217905057
1,B_svc,2,0.4857512916136633,0,MAP_PMU,59,0.00027592629139366887,0.486027217905057
4,UPFC_Vse,5-15,0.0551578351660461,0,WLS,59,0.0005451930674822969,0.0557030282335284
4,UPFC_Vse,5-15,0.0549227545807145,0,MAP_SCADA,59,0.0007802736528138982,0.0557030282335284
4,UPFC_Vse,5-15,0.0551579981246191,0,MAP_PMU,59,0.0005450301089093001,0.0557030282335284
2,UPFC_Vsh,5-15,1.11093617321109,0,WLS,59,0.0007939642564025462,1.1101422089546875
2,UPFC_Vsh,5-15,1.109219806879187,0,MAP_SCADA,59,0.0009224020755005391,1.1101422089546875
2,UPFC_Vsh,5-15,1.1109358408792258,0,MAP_PMU,59,0.0007936319245382961,1.1101422089546875
5,UPFC_tse,5-15,-2.098565929976121,0,WLS,59,0.0075939107251294935,-2.1061598407012503
5,UPFC_tse,5-15,-2.098640903283867,0,MAP_SCADA,59,0.007518937417383409,-2.1061598407012503
5,UPFC_tse,5-15,-2.0985658836087784,0,MAP_PMU,59,0.0075939570924719035,-2.1061598407012503
3,UPFC_tsh,5-15,-0.2315275401938868,0,WLS,59,5.4269510750104555e-05,-0.2315818097046369
3,UPFC_tsh,5-15,-0.2330218017790698,0,MAP_SCADA,59,0.0014399920744329053,-0.2315818097046369
3,UPFC_tsh,5-15,-0.2315280289162368,0,MAP_PMU,59,5.378078840009848e-05,-0.2315818097046369
0,x_tcsc,1-14,-0.1563344806134438,1,WLS,59,2.1223477937037938e-06,-0.1563323582656501
0,x_tcsc,1-14,-0.1550033830785958,1,MAP_SCADA,59,0.0013289751870542987,-0.1563323582656501
0,x_tcsc,1-14,-0.1563621581682343,1,MAP_PMU,59,2.9799902584198845e-05,-0.1563323582656501
1,B_svc,2,0.4864216767354808,1,WLS,59,0.00039445883042382723,0.486027217905057
1,B_svc,2,0.4615185256559382,1,MAP_SCADA,59,0.02450869224911878,0.486027217905057
1,B_svc,2,0.4864415345721398,1,MAP_PMU,59,0.00041431666708280357,0.486027217905057
4,UPFC_Vse,5-15,0.0555230335747717,1,WLS,59,0.0001799946587566978,0.0557030282335284
4,UPFC_Vse,5-15,0.0551318022512095,1,MAP_SCADA,59,0.0005712259823189014,0.0557030282335284
4,UPFC_Vse,5-15,0.0555250406155058,1,MAP_PMU,59,0.00017798761802260282,0.0557030282335284
2,UPFC_Vsh,5-15,1.1107816473731316,1,WLS,59,0.0006394384184440494,1.1101422089546875
2,UPFC_Vsh,5-15,1.111288466604513,1,MAP_SCADA,59,0.001146257649825566,1.1101422089546875
2,UPFC_Vsh,5-15,1.1107778571134117,1,MAP_PMU,59,0.0006356481587241891,1.1101422089546875
5,UPFC_tse,5-15,-2.095384988771606,1,WLS,59,0.010774851929644225,-2.1061598407012503
5,UPFC_tse,5-15,-2.094762586398,1,MAP_SCADA,59,0.011397254303250115,-2.1061598407012503
5,UPFC_tse,5-15,-2.0953911936742227,1,MAP_PMU,59,0.010768647027027622,-2.1061598407012503
3,UPFC_tsh,5-15,-0.2315506245616787,1,WLS,59,3.1185142958217726e-05,-0.2315818097046369
3,UPFC_tsh,5-15,-0.2322641810080754,1,MAP_SCADA,59,0.0006823713034384837,-0.2315818097046369
3,UPFC_tsh,5-15,-0.2315515811904378,1,MAP_PMU,59,3.0228514199093226e-05,-0.2315818097046369
0,x_tcsc,1-14,-0.1563107300696635,2,WLS,59,2.162819598658383e-05,-0.1563323582656501
0,x_tcsc,1-14,-0.155410840079784,2,MAP_SCADA,59,0.0009215181858660826,-0.1563323582656501
0,x_tcsc,1-14,-0.1563234531033721,2,MAP_PMU,59,8.90516227800009e-06,-0.1563323582656501
1,B_svc,2,0.4859677496104521,2,WLS,59,5.9468294604902994e-05,0.486027217905057
1,B_svc,2,0.4657500130065091,2,MAP_SCADA,59,0.020277204898547896,0.486027217905057
1,B_svc,2,0.4859728537803068,2,MAP_PMU,59,5.4364124750183596e-05,0.486027217905057
4,UPFC_Vse,5-15,0.0548421465798285,2,WLS,59,0.0008608816536999006,0.0557030282335284
4,UPFC_Vse,5-15,0.0545301163713877,2,MAP_SCADA,59,0.0011729118621406978,0.0557030282335284
4,UPFC_Vse,5-15,0.0548433478036214,2,MAP_PMU,59,0.0008596804299070004,0.0557030282335284
2,UPFC_Vsh,5-15,1.1108294457712171,2,WLS,59,0.0006872368165296017,1.1101422089546875
2,UPFC_Vsh,5-15,1.1118352177443702,2,MAP_SCADA,59,0.001693008789682704,1.1101422089546875
2,UPFC_Vsh,5-15,1.1108284771618206,2,MAP_PMU,59,0.0006862682071331339,1.1101422089546875
5,UPFC_tse,5-15,-2.096606220619603,2,WLS,59,0.009553620081647285,-2.1061598407012503
5,UPFC_tse,5-15,-2.096498705934241,2,MAP_SCADA,59,0.009661134767009472,-2.1061598407012503
5,UPFC_tse,5-15,-2.0966030615490343,2,MAP_PMU,59,0.009556779152215977,-2.1061598407012503
3,UPFC_tsh,5-15,-0.2315489788676056,2,WLS,59,3.283083703131684e-05,-0.2315818097046369
3,UPFC_tsh,5-15,-0.2322619986911179,2,MAP_SCADA,59,0.0006801889864810062,-0.2315818097046369
3,UPFC_tsh,5-15,-0.2315494360251493,2,MAP_PMU,59,3.2373679487607276e-05,-0.2315818097046369
0,x_tcsc,1-14,-0.1563028002244066,3,WLS,59,2.9558041243493705e-05,-0.1563323582656501
0,x_tcsc,1-14,-0.1556611265370181,3,MAP_SCADA,59,0.0006712317286319824,-0.1563323582656501
0,x_tcsc,1-14,-0.1563157254252977,3,MAP_PMU,59,1.6632840352387435e-05,-0.1563323582656501
1,B_svc,2,0.4860318190917062,3,WLS,59,4.601186649189071e-06,0.486027217905057
1,B_svc,2,0.4573828339866937,3,MAP_SCADA,59,0.02864438391836327,0.486027217905057
1,B_svc,2,0.4859986456216061,3,MAP_PMU,59,2.8572283450878366e-05,0.486027217905057
4,UPFC_Vse,5-15,0.0552587067562365,3,WLS,59,0.00044432147729189797,0.0557030282335284
4,UPFC_Vse,5-15,0.0545741302195165,3,MAP_SCADA,59,0.001128898014011899,0.0557030282335284
4,UPFC_Vse,5-15,0.0552579781885763,3,MAP_PMU,59,0.0004450500449521,0.0557030282335284
2,UPFC_Vsh,5-15,1.1115122077980657,3,WLS,59,0.001369998843378184,1.1101422089546875
2,UPFC_Vsh,5-15,1.114338337383613,3,MAP_SCADA,59,0.004196128428925583,1.1101422089546875
2,UPFC_Vsh,5-15,1.1115123399046831,3,MAP_PMU,59,0.0013701309499956071,1.1101422089546875
5,UPFC_tse,5-15,-2.0998591742145947,3,WLS,59,0.006300666486655615,-2.1061598407012503
5,UPFC_tse,5-15,-2.096462536434822,3,MAP_SCADA,59,0.00969730426642812,-2.1061598407012503
5,UPFC_tse,5-15,-2.0998918120590693,3,MAP_PMU,59,0.006268028642181012,-2.1061598407012503
3,UPFC_tsh,5-15,-0.2315695610286271,3,WLS,59,1.2248676009796178e-05,-0.2315818097046369
3,UPFC_tsh,5-15,-0.2309826968418172,3,MAP_SCADA,59,0.0005991128628197173,-0.2315818097046369
3,UPFC_tsh,5-15,-0.2315696424872465,3,MAP_PMU,59,1.2167217390390839e-05,-0.2315818097046369
0,x_tcsc,1-14,-0.1563268185530827,4,WLS,59,5.539712567392829e-06,-0.1563323582656501
0,x_tcsc,1-14,-0.1550909292439212,4,MAP_SCADA,59,0.0012414290217288848,-0.1563323582656501
0,x_tcsc,1-14,-0.1563429254506631,4,MAP_PMU,59,1.0567185013021785e-05,-0.1563323582656501
1,B_svc,2,0.4863025137809128,4,WLS,59,0.00027529587585584103,0.486027217905057
1,B_svc,2,0.4701608987813483,4,MAP_SCADA,59,0.015866319123708672,0.486027217905057
1,B_svc,2,0.4863323825935947,4,MAP_PMU,59,0.00030516468853769574,0.486027217905057
4,UPFC_Vse,5-15,0.055341531359791,4,WLS,59,0.00036149687373739775,0.0557030282335284
4,UPFC_Vse,5-15,0.0553781376606521,4,MAP_SCADA,59,0.0003248905728762963,0.0557030282335284
4,UPFC_Vse,5-15,0.0553429737878073,4,MAP_PMU,59,0.00036005444572109746,0.0557030282335284
2,UPFC_Vsh,5-15,1.1111404296732543,4,WLS,59,0.0009982207185668113,1.1101422089546875
2,UPFC_Vsh,5-15,1.1102891671427044,4,MAP_SCADA,59,0.00014695818801691019,1.1101422089546875
2,UPFC_Vsh,5-15,1.1111384086267926,4,MAP_PMU,59,0.0009961996721050692,1.1101422089546875
5,UPFC_tse,5-15,-2.096252921095728,4,WLS,59,0.009906919605522368,-2.1061598407012503
5,UPFC_tse,5-15,-2.0987166470387293,4,MAP_SCADA,59,0.007443193662520997,-2.1061598407012503
5,UPFC_tse,5-15,-2.096248379427885,4,MAP_PMU,59,0.009911461273365507,-2.1061598407012503
3,UPFC_tsh,5-15,-0.2315548858590095,4,WLS,59,2.6923845627413456e-05,-0.2315818097046369
3,UPFC_tsh,5-15,-0.2332377355911988,4,MAP_SCADA,59,0.0016559258865619098,-0.2315818097046369
3,UPFC_tsh,5-15,-0.2315556728137828,4,MAP_PMU,59,2.6136890854094874e-05,-0.2315818097046369
0,x_tcsc,1-14,-0.1563072434838477,5,WLS,59,2.511478180239335e-05,-0.1563323582656501
0,x_tcsc,1-14,-0.1559556818058403,5,MAP_SCADA,59,0.0003766764598097938,-0.1563323582656501
0,x_tcsc,1-14,-0.1563134706291268,5,MAP_PMU,59,1.88876365233015e-05,-0.1563323582656501
1,B_svc,2,0.4862633443342599,5,WLS,59,0.0002361264292028986,0.486027217905057
1,B_svc,2,0.4615353750014238,5,MAP_SCADA,59,0.02449184290363321,0.486027217905057
1,B_svc,2,0.4862665462302319,5,MAP_PMU,59,0.00023932832517492564,0.486027217905057
4,UPFC_Vse,5-15,0.0549499853523766,5,WLS,59,0.0007530428811517997,0.0557030282335284
4,UPFC_Vse,5-15,0.0545602489493132,5,MAP_SCADA,59,0.0011427792842151965,0.0557030282335284
4,UPFC_Vse,5-15,0.0549498694312685,5,MAP_PMU,59,0.0007531588022599012,0.0557030282335284
2,UPFC_Vsh,5-15,1.1109241723096317,5,WLS,59,0.0007819633549441818,1.1101422089546875
2,UPFC_Vsh,5-15,1.1115793564576082,5,MAP_SCADA,59,0.001437147502920677,1.1101422089546875
2,UPFC_Vsh,5-15,1.1109250894676626,5,MAP_PMU,59,0.0007828805129750371,1.1101422089546875
5,UPFC_tse,5-15,-2.097700175438671,5,WLS,59,0.008459665262579463,-2.1061598407012503
5,UPFC_tse,5-15,-2.096598908826428,5,MAP_SCADA,59,0.00956093187482221,-2.1061598407012503
5,UPFC_tse,5-15,-2.097706529330846,5,MAP_PMU,59,0.008453311370404393,-2.1061598407012503
3,UPFC_tsh,5-15,-0.2315682732405927,5,WLS,59,1.3536464044200391e-05,-0.2315818097046369
3,UPFC_tsh,5-15,-0.2320082693991724,5,MAP_SCADA,59,0.0004264596945355026,-0.2315818097046369
3,UPFC_tsh,5-15,-0.2315681937224997,5,MAP_PMU,59,1.36159821371995e-05,-0.2315818097046369
0,x_tcsc,1-14,-0.1563183433915404,6,WLS,59,1.4014874109680164e-05,-0.1563323582656501
0,x_tcsc,1-14,-0.154285651549894,6,MAP_SCADA,59,0.0020467067157561025,-0.1563323582656501
0,x_tcsc,1-14,-0.1563578725390624,6,MAP_PMU,59,2.551427341229706e-05,-0.1563323582656501
1,B_svc,2,0.485976124820111,6,WLS,59,5.1093084945996736e-05,0.486027217905057
1,B_svc,2,0.4667919889623746,6,MAP_SCADA,59,0.01923522894268237,0.486027217905057
1,B_svc,2,0.4859776246717999,6,MAP_PMU,59,4.959323325709475e-05,0.486027217905057
4,UPFC_Vse,5-15,0.0549355904817724,6,WLS,59,0.0007674377517560005,0.0557030282335284
4,UPFC_Vse,5-15,0.0546368575602763,6,MAP_SCADA,59,0.0010661706732520981,0.0557030282335284
4,UPFC_Vse,5-15,0.0549383379469025,6,MAP_PMU,59,0.000764690286625902,0.0557030282335284
2,UPFC_Vsh,5-15,1.1111704223336103,6,WLS,59,0.001028213378922782,1.1101422089546875
2,UPFC_Vsh,5-15,1.1127047894322617,6,MAP_SCADA,59,0.0025625804775741834,1.1101422089546875
2,UPFC_Vsh,5-15,1.1111598333169024,6,MAP_PMU,59,0.001017624362214864,1.1101422089546875
5,UPFC_tse,5-15,-2.099545523081117,6,WLS,59,0.006614317620133203,-2.1061598407012503
5,UPFC_tse,5-15,-2.097793283697018,6,MAP_SCADA,59,0.008366557004232167,-2.1061598407012503
5,UPFC_tse,5-15,-2.0995664557817104,6,MAP_PMU,59,0.006593384919539869,-2.1061598407012503
3,UPFC_tsh,5-15,-0.2315082722216233,6,WLS,59,7.353748301361374e-05,-0.2315818097046369
3,UPFC_tsh,5-15,-0.2331385786067991,6,MAP_SCADA,59,0.0015567689021621922,-0.2315818097046369
3,UPFC_tsh,5-15,-0.2315098840459518,6,MAP_PMU,59,7.192565868510692e-05,-0.2315818097046369
0,x_tcsc,1-14,-0.1563099609671091,7,WLS,59,2.239729854097705e-05,-0.1563323582656501
0,x_tcsc,1-14,-0.1538507206025142,7,MAP_SCADA,59,0.0024816376631358883,-0.1563323582656501
0,x_tcsc,1-14,-0.1563843250600672,7,MAP_PMU,59,5.196679441710206e-05,-0.1563323582656501
1,B_svc,2,0.4859640214604827,7,WLS,59,6.31964445743094e-05,0.486027217905057
1,B_svc,2,0.4574778902719384,7,MAP_SCADA,59,0.02854932763311857,0.486027217905057
1,B_svc,2,0.4859509879188456,7,MAP_PMU,59,7.622998621137356e-05,0.486027217905057
4,UPFC_Vse,5-15,0.0554858871347401,7,WLS,59,0.000217141098788301,0.0557030282335284
4,UPFC_Vse,5-15,0.0553480307531179,7,MAP_SCADA,59,0.00035499748041049883,0.0557030282335284
4,UPFC_Vse,5-15,0.0554903790576867,7,MAP_PMU,59,0.00021264917584169762,0.0557030282335284
2,UPFC_Vsh,5-15,1.1110869734442084,7,WLS,59,0.0009447644895208551,1.1101422089546875
2,UPFC_Vsh,5-15,1.1132311111641209,7,MAP_SCADA,59,0.003088902209433364,1.1101422089546875
2,UPFC_Vsh,5-15,1.1110752711473264,7,MAP_PMU,59,0.0009330621926388893,1.1101422089546875
5,UPFC_tse,5-15,-2.0990565860358874,7,WLS,59,0.007103254665362879,-2.1061598407012503
5,UPFC_tse,5-15,-2.099134201328418,7,MAP_SCADA,59,0.007025639372832071,-2.1061598407012503
5,UPFC_tse,5-15,-2.099053873543906,7,MAP_PMU,59,0.0071059671573441285,-2.1061598407012503
3,UPFC_tsh,5-15,-0.2315700879073191,7,WLS,59,1.1721797317815197e-05,-0.2315818097046369
3,UPFC_tsh,5-15,-0.2328764806224023,7,MAP_SCADA,59,0.0012946709177653892,-0.2315818097046369
3,UPFC_tsh,5-15,-0.2315723000581399,7,MAP_PMU,59,9.509646497013469e-06,-0.2315818097046369
0,x_tcsc,1-14,-0.1563180542378261,8,WLS,59,1.4304027823985876e-05,-0.1563323582656501
0,x_tcsc,1-14,-0.1542986818918144,8,MAP_SCADA,59,0.0020336763738356967,-0.1563323582656501
0,x_tcsc,1-14,-0.1563528690119616,8,MAP_PMU,59,2.051074631151395e-05,-0.1563323582656501
1,B_svc,2,0.4855964125922507,8,WLS,59,0.00043080531280625944,0.486027217905057
1,B_svc,2,0.4684439903946154,8,MAP_SCADA,59,0.017583227510441612,0.486027217905057
1,B_svc,2,0.485667679024766,8,MAP_PMU,59,0.00035953888029099934,0.486027217905057
4,UPFC_Vse,5-15,0.0548684281305957,8,WLS,59,0.0008346001029327019,0.0557030282335284
4,UPFC_Vse,5-15,0.0546113657831081,8,MAP_SCADA,59,0.0010916624504202985,0.0557030282335284
4,UPFC_Vse,5-15,0.0548707033419669,8,MAP_PMU,59,0.0008323248915615006,0.0557030282335284
2,UPFC_Vsh,5-15,1.1107254958460335,8,WLS,59,0.0005832868913460132,1.1101422089546875
2,UPFC_Vsh,5-15,1.1083594368083318,8,MAP_SCADA,59,0.0017827721463556934,1.1101422089546875
2,UPFC_Vsh,5-15,1.1107180998238306,8,MAP_PMU,59,0.0005758908691431142,1.1101422089546875
5,UPFC_tse,5-15,-2.098166160068472,8,WLS,59,0.0079936806327785,-2.1061598407012503
5,UPFC_tse,5-15,-2.1021588530142,8,MAP_SCADA,59,0.0040009876870503724,-2.1061598407012503
5,UPFC_tse,5-15,-2.098165884503944,8,MAP_PMU,59,0.00799395619730614,-2.1061598407012503
3,UPFC_tsh,5-15,-0.2315557069775455,8,WLS,59,2.6102727091414923e-05,-0.2315818097046369
3,UPFC_tsh,5-15,-0.2345607245766876,8,MAP_SCADA,59,0.0029789148720507086,-0.2315818097046369
3,UPFC_tsh,5-15,-0.2315577253553413,8,MAP_PMU,59,2.4084349295599994e-05,-0.2315818097046369
0,x_tcsc,1-14,-0.1563027459500547,9,WLS,59,2.9612315595395344e-05,-0.1563323582656501
0,x_tcsc,1-14,-0.154519894498489,9,MAP_SCADA,59,0.0018124637671610988,-0.1563323582656501
0,x_tcsc,1-14,-0.156331678318969,9,MAP_PMU,59,6.799466810980537e-07,-0.1563323582656501
1,B_svc,2,0.4858386993215036,9,WLS,59,0.00018851858355339868,0.486027217905057
1,B_svc,2,0.4662146416727125,9,MAP_SCADA,59,0.019812576232344503,0.486027217905057
1,B_svc,2,0.4858972470366458,9,MAP_PMU,59,0.00012997086841121108,0.486027217905057
4,UPFC_Vse,5-15,0.0552056445251365,9,WLS,59,0.0004973837083918978,0.0557030282335284
4,UPFC_Vse,5-15,0.0548439844175026,9,MAP_SCADA,59,0.0008590438160257993,0.0557030282335284
4,UPFC_Vse,5-15,0.0552089864646287,9,MAP_PMU,59,0.0004940417688997015,0.0557030282335284
2,UPFC_Vsh,5-15,1.111259237934214,9,WLS,59,0.0011170289795265909,1.1101422089546875
2,UPFC_Vsh,5-15,1.1098736574487926,9,MAP_SCADA,59,0.0002685515058948873,1.1101422089546875
2,UPFC_Vsh,5-15,1.111251164689957,9,MAP_PMU,59,0.001108955735269479,1.1101422089546875
5,UPFC_tse,5-15,-2.0953653063590405,9,WLS,59,0.010794534342209783,-2.1061598407012503
5,UPFC_tse,5-15,-2.0982522157628223,9,MAP_SCADA,59,0.007907624938428004,-2.1061598407012503
5,UPFC_tse,5-15,-2.0953580291558827,9,MAP_PMU,59,0.010801811545367634,-2.1061598407012503
3,UPFC_tsh,5-15,-0.2315355881639919,9,WLS,59,4.6221540645013937e-05,-0.2315818097046369
3,UPFC_tsh,5-15,-0.2339621019398127,9,MAP_SCADA,59,0.0023802922351758016,-0.2315818097046369
3,UPFC_tsh,5-15,-0.2315375362695505,9,MAP_PMU,59,4.427343508639492e-05,-0.2315818097046369
