,n,convMAP_SCADA,convMAP_PMU,convWLS,nitsMAP_SCADA,nitsMAP_PMU,nitsWLS,caso
0,0,1,1,1,6,2,7,20
1,1,1,1,1,6,2,7,20
2,2,1,1,1,6,2,7,20
3,3,1,1,1,6,2,7,20
4,4,1,1,1,6,2,7,20
5,5,1,1,1,6,2,7,20
6,6,1,1,1,6,2,7,20
7,7,1,1,1,6,2,7,20
8,8,1,1,1,6,2,7,20
9,9,1,1,1,6,2,7,20
10,10,1,1,1,6,2,7,20
11,11,1,1,1,6,2,7,20
12,12,1,1,1,6,2,7,20
13,13,1,1,1,6,2,7,20
14,14,1,1,1,6,2,7,20
15,15,1,1,1,6,2,7,20
16,16,1,1,1,6,2,7,20
17,17,1,1,1,6,2,7,20
18,18,1,1,1,6,2,7,20
19,19,1,1,1,6,2,7,20
20,20,1,1,1,6,2,7,20
21,21,1,1,1,6,2,7,20
22,22,1,1,1,6,2,7,20
23,23,1,1,1,6,2,7,20
24,24,1,1,1,6,2,7,20
25,25,1,1,1,6,2,7,20
26,26,1,1,1,6,2,7,20
27,27,1,1,1,6,2,7,20
28,28,1,1,1,6,2,7,20
29,29,1,1,1,6,2,7,20
30,30,1,1,1,6,2,7,20
31,31,1,1,1,6,2,7,20
32,32,1,1,1,6,2,7,20
33,33,1,1,1,6,2,7,20
34,34,1,1,1,6,2,7,20
35,35,1,1,1,6,2,7,20
36,36,1,1,1,6,2,7,20
37,37,1,1,1,6,2,7,20
38,38,1,1,1,6,2,7,20
39,39,1,1,1,6,2,7,20
40,40,1,1,1,6,2,7,20
41,41,1,1,1,6,2,7,20
42,42,1,1,1,6,2,7,20
43,43,1,1,1,6,2,7,20
44,44,1,1,1,6,2,7,20
45,45,1,1,1,6,2,7,20
46,46,1,1,1,6,2,7,20
47,47,1,1,1,6,2,7,20
48,48,1,1,1,6,2,7,20
49,49,1,1,1,6,2,7,20
50,50,1,1,1,6,2,7,20
51,51,1,1,1,6,2,7,20
52,52,1,1,1,6,2,7,20
53,53,1,1,1,6,2,7,20
54,54,1,1,1,6,2,7,20
55,55,1,1,1,6,2,7,20
56,56,1,1,1,6,2,7,20
57,57,1,1,1,6,2,7,20
58,58,1,1,1,6,2,7,20
59,59,1,1,1,6,2,7,20
60,60,1,1,1,6,2,7,20
61,61,1,1,1,6,2,7,20
62,62,1,1,1,6,2,7,20
63,63,1,1,1,6,2,7,20
64,64,1,1,1,6,2,7,20
65,65,1,1,1,6,2,7,20
66,66,1,1,1,6,2,7,20
67,67,1,1,1,6,2,7,20
68,68,1,1,1,6,2,7,20
69,69,1,1,1,6,2,7,20
70,70,1,1,1,6,2,7,20
71,71,1,1,1,6,2,7,20
72,72,1,1,1,6,2,7,20
73,73,1,1,1,6,2,7,20
74,74,1,1,1,6,2,7,20
75,75,1,1,1,6,2,7,20
76,76,1,1,1,6,2,7,20
77,77,1,1,1,6,2,7,20
78,78,1,1,1,6,2,7,20
79,79,1,1,1,6,2,7,20
80,80,1,1,1,6,2,7,20
81,81,1,1,1,6,2,7,20
82,82,1,1,1,6,2,7,20
83,83,1,1,1,6,2,7,20
84,84,1,1,1,6,2,7,20
85,85,1,1,1,6,2,7,20
86,86,1,1,1,6,2,7,20
87,87,1,1,1,6,2,7,20
88,88,1,1,1,6,2,7,20
89,89,1,1,1,6,2,7,20
90,90,1,1,1,6,2,7,20
91,91,1,1,1,6,2,7,20
92,92,1,1,1,6,2,7,20
93,93,1,1,1,6,2,7,20
94,94,1,1,1,6,2,7,20
95,95,1,1,1,6,2,7,20
96,96,1,1,1,6,2,7,20
97,97,1,1,1,6,2,7,20
98,98,1,1,1,6,2,7,20
99,99,1,1,1,6,2,7,20
100,0,1,1,1,6,2,7,21
101,1,1,1,1,6,2,7,21
102,2,1,1,1,6,2,7,21
103,3,1,1,1,6,2,7,21
104,4,1,1,1,6,2,7,21
105,5,1,1,1,6,2,7,21
106,6,1,1,1,6,2,7,21
107,7,1,1,1,6,2,7,21
108,8,1,1,1,6,2,7,21
109,9,1,1,1,6,2,7,21
110,10,1,1,1,6,2,7,21
111,11,1,1,1,6,2,7,21
112,12,1,1,1,6,2,7,21
113,13,1,1,1,6,2,7,21
114,14,1,1,1,6,2,7,21
115,15,1,1,1,6,2,7,21
116,16,1,1,1,6,2,7,21
117,17,1,1,1,6,2,7,21
118,18,1,1,1,6,2,7,21
119,19,1,1,1,6,2,7,21
120,20,1,1,1,6,2,7,21
121,21,1,1,1,6,2,7,21
122,22,1,1,1,6,2,7,21
123,23,1,1,1,6,2,7,21
124,24,1,1,1,6,2,7,21
125,25,1,1,1,6,2,7,21
126,26,1,1,1,6,2,7,21
127,27,1,1,1,6,2,7,21
128,28,1,1,1,6,2,7,21
129,29,1,1,1,6,2,7,21
130,30,1,1,1,6,2,7,21
131,31,1,1,1,6,2,7,21
132,32,1,1,1,6,2,7,21
133,33,1,1,1,6,2,7,21
134,34,1,1,1,6,2,7,21
135,35,1,1,1,6,2,7,21
136,36,1,1,1,6,2,7,21
137,37,1,1,1,6,2,7,21
138,38,1,1,1,6,2,7,21
139,39,1,1,1,6,2,7,21
140,40,1,1,1,6,2,7,21
141,41,1,1,1,6,2,7,21
142,42,1,1,1,6,2,7,21
143,43,1,1,1,6,2,7,21
144,44,1,1,1,6,2,7,21
145,45,1,1,1,6,2,7,21
146,46,1,1,1,6,2,7,21
147,47,1,1,1,6,2,7,21
148,48,1,1,1,6,2,7,21
149,49,1,1,1,6,2,7,21
150,50,1,1,1,6,2,7,21
151,51,1,1,1,6,2,7,21
152,52,1,1,1,6,2,7,21
153,53,1,1,1,6,2,7,21
154,54,1,1,1,6,2,7,21
155,55,1,1,1,6,2,7,21
156,56,1,1,1,6,2,7,21
157,57,1,1,1,6,2,7,21
158,58,1,1,1,6,2,7,21
159,59,1,1,1,6,2,7,21
160,60,1,1,1,6,2,7,21
161,61,1,1,1,6,2,7,21
162,62,1,1,1,6,2,7,21
163,63,1,1,1,6,2,7,21
164,64,1,1,1,6,2,7,21
165,65,1,1,1,6,2,7,21
166,66,1,1,1,6,2,7,21
167,67,1,1,1,6,2,7,21
168,68,1,1,1,6,2,7,21
169,69,1,1,1,6,2,7,21
170,70,1,1,1,6,2,7,21
171,71,1,1,1,6,2,7,21
172,72,1,1,1,6,2,7,21
173,73,1,1,1,6,2,7,21
174,74,1,1,1,6,2,7,21
175,75,1,1,1,6,2,7,21
176,76,1,1,1,6,2,7,21
177,77,1,1,1,6,2,7,21
178,78,1,1,1,6,2,7,21
179,79,1,1,1,6,2,7,21
180,80,1,1,1,6,2,7,21
181,81,1,1,1,6,2,7,21
182,82,1,1,1,6,2,7,21
183,83,1,1,1,6,2,7,21
184,84,1,1,1,6,2,7,21
185,85,1,1,1,6,2,7,21
186,86,1,1,1,6,2,7,21
187,87,1,1,1,6,2,7,21
188,88,1,1,1,6,2,7,21
189,89,1,1,1,6,2,7,21
190,90,1,1,1,6,2,7,21
191,91,1,1,1,6,2,7,21
192,92,1,1,1,6,2,7,21
193,93,1,1,1,6,2,7,21
194,94,1,1,1,6,2,7,21
195,95,1,1,1,6,2,7,21
196,96,1,1,1,6,2,7,21
197,97,1,1,1,6,2,7,21
198,98,1,1,1,6,2,7,21
199,99,1,1,1,6,2,7,21
200,0,1,1,1,6,2,7,22
201,1,1,1,1,6,2,7,22
202,2,1,1,1,6,2,7,22
203,3,1,1,1,6,2,7,22
204,4,1,1,1,6,2,7,22
205,5,1,1,1,6,2,7,22
206,6,1,1,1,6,2,7,22
207,7,1,1,1,6,2,7,22
208,8,1,1,1,6,2,7,22
209,9,1,1,1,6,2,7,22
210,10,1,1,1,6,2,7,22
211,11,1,1,1,6,2,7,22
212,12,1,1,1,6,2,7,22
213,13,1,1,1,6,2,7,22
214,14,1,1,1,6,2,7,22
215,15,1,1,1,6,2,7,22
216,16,1,1,1,6,2,7,22
217,17,1,1,1,6,2,7,22
218,18,1,1,1,6,2,7,22
219,19,1,1,1,6,2,7,22
220,20,1,1,1,6,2,7,22
221,21,1,1,1,6,2,7,22
222,22,1,1,1,6,2,7,22
223,23,1,1,1,6,2,7,22
224,24,1,1,1,6,2,7,22
225,25,1,1,1,6,2,7,22
226,26,1,1,1,6,2,7,22
227,27,1,1,1,6,2,7,22
228,28,1,1,1,6,2,7,22
229,29,1,1,1,6,2,7,22
230,30,1,1,1,6,2,7,22
231,31,1,1,1,6,2,7,22
232,32,1,1,1,6,2,7,22
233,33,1,1,1,6,2,7,22
234,34,1,1,1,6,2,7,22
235,35,1,1,1,6,2,7,22
236,36,1,1,1,6,2,7,22
237,37,1,1,1,6,2,7,22
238,38,1,1,1,6,2,7,22
239,39,1,1,1,6,2,7,22
240,40,1,1,1,6,2,7,22
241,41,1,1,1,6,2,7,22
242,42,1,1,1,6,2,7,22
243,43,1,1,1,6,2,7,22
244,44,1,1,1,6,2,7,22
245,45,1,1,1,6,2,7,22
246,46,1,1,1,6,2,7,22
247,47,1,1,1,6,2,7,22
248,48,1,1,1,6,2,7,22
249,49,1,1,1,6,2,7,22
250,50,1,1,1,6,2,7,22
251,51,1,1,1,6,2,7,22
252,52,1,1,1,6,2,7,22
253,53,1,1,1,6,2,7,22
254,54,1,1,1,6,2,7,22
255,55,1,1,1,6,2,7,22
256,56,1,1,1,6,2,7,22
257,57,1,1,1,6,2,7,22
258,58,1,1,1,6,2,7,22
259,59,1,1,1,6,2,7,22
260,60,1,1,1,6,2,7,22
261,61,1,1,1,6,2,7,22
262,62,1,1,1,6,2,7,22
263,63,1,1,1,6,2,7,22
264,64,1,1,1,6,2,7,22
265,65,1,1,1,6,2,7,22
266,66,1,1,1,6,2,7,22
267,67,1,1,1,6,2,7,22
268,68,1,1,1,6,2,7,22
269,69,1,1,1,6,2,7,22
270,70,1,1,1,6,2,7,22
271,71,1,1,1,6,2,7,22
272,72,1,1,1,6,2,7,22
273,73,1,1,1,6,2,7,22
274,74,1,1,1,6,2,7,22
275,75,1,1,1,6,2,7,22
276,76,1,1,1,6,2,7,22
277,77,1,1,1,6,2,7,22
278,78,1,1,1,6,2,7,22
279,79,1,1,1,6,2,7,22
280,80,1,1,1,6,2,7,22
281,81,1,1,1,6,2,7,22
282,82,1,1,1,6,2,7,22
283,83,1,1,1,6,2,7,22
284,84,1,1,1,6,2,7,22
285,85,1,1,1,6,2,7,22
286,86,1,1,1,6,2,7,22
287,87,1,1,1,6,2,7,22
288,88,1,1,1,6,2,7,22
289,89,1,1,1,6,2,7,22
290,90,1,1,1,6,2,7,22
291,91,1,1,1,6,2,7,22
292,92,1,1,1,6,2,7,22
293,93,1,1,1,6,2,7,22
294,94,1,1,1,6,2,7,22
295,95,1,1,1,6,2,7,22
296,96,1,1,1,6,2,7,22
297,97,1,1,1,6,2,7,22
298,98,1,1,1,6,2,7,22
299,99,1,1,1,6,2,7,22
300,0,1,1,1,6,2,7,23
301,1,1,1,1,6,2,7,23
302,2,1,1,1,6,2,7,23
303,3,1,1,1,6,2,7,23
304,4,1,1,1,6,2,7,23
305,5,1,1,1,6,2,7,23
306,6,1,1,1,6,2,7,23
307,7,1,1,1,6,2,7,23
308,8,1,1,1,6,2,7,23
309,9,1,1,1,6,2,7,23
310,10,1,1,1,6,2,7,23
311,11,1,1,1,6,2,7,23
312,12,1,1,1,6,2,7,23
313,13,1,1,1,6,2,7,23
314,14,1,1,1,6,2,7,23
315,15,1,1,1,6,2,7,23
316,16,1,1,1,6,2,7,23
317,17,1,1,1,6,2,7,23
318,18,1,1,1,6,2,7,23
319,19,1,1,1,6,2,7,23
320,20,1,1,1,6,2,7,23
321,21,1,1,1,6,2,7,23
322,22,1,1,1,6,2,7,23
323,23,1,1,1,6,2,7,23
324,24,1,1,1,6,2,7,23
325,25,1,1,1,6,2,7,23
326,26,1,1,1,6,2,7,23
327,27,1,1,1,6,2,7,23
328,28,1,1,1,6,2,7,23
329,29,1,1,1,6,2,7,23
330,30,1,1,1,6,2,7,23
331,31,1,1,1,6,2,7,23
332,32,1,1,1,6,2,7,23
333,33,1,1,1,6,2,7,23
334,34,1,1,1,6,2,7,23
335,35,1,1,1,6,2,7,23
336,36,1,1,1,6,2,7,23
337,37,1,1,1,6,2,7,23
338,38,1,1,1,6,2,7,23
339,39,1,1,1,6,2,7,23
340,40,1,1,1,6,2,7,23
341,41,1,1,1,6,2,7,23
342,42,1,1,1,6,2,7,23
343,43,1,1,1,6,2,7,23
344,44,1,1,1,6,2,7,23
345,45,1,1,1,6,2,7,23
346,46,1,1,1,6,2,7,23
347,47,1,1,1,6,2,7,23
348,48,1,1,1,6,2,7,23
349,49,1,1,1,6,2,7,23
350,50,1,1,1,6,2,7,23
351,51,1,1,1,6,2,7,23
352,52,1,1,1,6,2,7,23
353,53,1,1,1,6,2,7,23
354,54,1,1,1,6,2,7,23
355,55,1,1,1,6,2,7,23
356,56,1,1,1,6,2,7,23
357,57,1,1,1,6,2,7,23
358,58,1,1,1,6,2,7,23
359,59,1,1,1,6,2,7,23
360,60,1,1,1,6,2,7,23
361,61,1,1,1,6,2,7,23
362,62,1,1,1,6,2,7,23
363,63,1,1,1,6,2,7,23
364,64,1,1,1,6,2,7,23
365,65,1,1,1,6,2,7,23
366,66,1,1,1,6,2,7,23
367,67,1,1,1,6,2,7,23
368,68,1,1,1,6,2,7,23
369,69,1,1,1,6,2,7,23
370,70,1,1,1,6,2,7,23
371,71,1,1,1,6,2,7,23
372,72,1,1,1,6,2,7,23
373,73,1,1,1,6,2,7,23
374,74,1,1,1,6,2,7,23
375,75,1,1,1,6,2,7,23
376,76,1,1,1,6,2,7,23
377,77,1,1,1,6,2,7,23
378,78,1,1,1,6,2,7,23
379,79,1,1,1,6,2,7,23
380,80,1,1,1,6,2,7,23
381,81,1,1,1,6,2,7,23
382,82,1,1,1,6,2,7,23
383,83,1,1,1,6,2,7,23
384,84,1,1,1,6,2,7,23
385,85,1,1,1,6,2,7,23
386,86,1,1,1,6,2,7,23
387,87,1,1,1,6,2,7,23
388,88,1,1,1,6,2,7,23
389,89,1,1,1,6,2,7,23
390,90,1,1,1,6,2,7,23
391,91,1,1,1,6,2,7,23
392,92,1,1,1,6,2,7,23
393,93,1,1,1,6,2,7,23
394,94,1,1,1,6,2,7,23
395,95,1,1,1,6,2,7,23
396,96,1,1,1,6,2,7,23
397,97,1,1,1,6,2,7,23
398,98,1,1,1,6,2,7,23
399,99,1,1,1,6,2,7,23
400,0,1,1,1,6,2,7,24
401,1,1,1,1,6,2,7,24
402,2,1,1,1,6,2,7,24
403,3,1,1,1,6,2,7,24
404,4,1,1,1,6,2,7,24
405,5,1,1,1,6,2,7,24
406,6,1,1,1,6,2,7,24
407,7,1,1,1,6,2,7,24
408,8,1,1,1,6,2,7,24
409,9,1,1,1,6,2,7,24
410,10,1,1,1,6,2,7,24
411,11,1,1,1,6,2,7,24
412,12,1,1,1,6,2,7,24
413,13,1,1,1,6,2,7,24
414,14,1,1,1,6,2,7,24
415,15,1,1,1,6,2,7,24
416,16,1,1,1,6,2,7,24
417,17,1,1,1,6,2,7,24
418,18,1,1,1,6,2,7,24
419,19,1,1,1,6,2,7,24
420,20,1,1,1,6,2,7,24
421,21,1,1,1,6,2,7,24
422,22,1,1,1,6,2,7,24
423,23,1,1,1,6,2,7,24
424,24,1,1,1,6,2,7,24
425,25,1,1,1,6,2,7,24
426,26,1,1,1,6,2,7,24
427,27,1,1,1,6,2,7,24
428,28,1,1,1,6,2,7,24
429,29,1,1,1,6,2,7,24
430,30,1,1,1,6,2,7,24
431,31,1,1,1,6,2,7,24
432,32,1,1,1,6,2,7,24
433,33,1,1,1,6,2,7,24
434,34,1,1,1,6,2,7,24
435,35,1,1,1,6,2,7,24
436,36,1,1,1,6,2,7,24
437,37,1,1,1,6,2,7,24
438,38,1,1,1,6,2,7,24
439,39,1,1,1,6,2,7,24
440,40,1,1,1,6,2,7,24
441,41,1,1,1,6,2,7,24
442,42,1,1,1,6,2,7,24
443,43,1,1,1,6,2,7,24
444,44,1,1,1,6,2,7,24
445,45,1,1,1,6,2,7,24
446,46,1,1,1,6,2,7,24
447,47,1,1,1,6,2,7,24
448,48,1,1,1,6,2,7,24
449,49,1,1,1,6,2,7,24
450,50,1,1,1,6,2,7,24
451,51,1,1,1,6,2,7,24
452,52,1,1,1,6,2,7,24
453,53,1,1,1,6,2,7,24
454,54,1,1,1,6,2,7,24
455,55,1,1,1,6,2,7,24
456,56,1,1,1,6,2,7,24
457,57,1,1,1,6,2,7,24
458,58,1,1,1,6,2,7,24
459,59,1,1,1,6,2,7,24
460,60,1,1,1,6,2,7,24
461,61,1,1,1,6,2,7,24
462,62,1,1,1,6,2,7,24
463,63,1,1,1,6,2,7,24
464,64,1,1,1,6,2,7,24
465,65,1,1,1,6,2,7,24
466,66,1,1,1,6,2,7,24
467,67,1,1,1,6,2,7,24
468,68,1,1,1,6,2,7,24
469,69,1,1,1,6,2,7,24
470,70,1,1,1,6,2,7,24
471,71,1,1,1,6,2,7,24
472,72,1,1,1,6,2,7,24
473,73,1,1,1,6,2,7,24
474,74,1,1,1,6,2,7,24
475,75,1,1,1,6,2,7,24
476,76,1,1,1,6,2,7,24
477,77,1,1,1,6,2,7,24
478,78,1,1,1,6,2,7,24
479,79,1,1,1,6,2,7,24
480,80,1,1,1,6,2,7,24
481,81,1,1,1,6,2,7,24
482,82,1,1,1,6,2,7,24
483,83,1,1,1,6,2,7,24
484,84,1,1,1,6,2,7,24
485,85,1,1,1,6,2,7,24
486,86,1,1,1,6,2,7,24
487,87,1,1,1,6,2,7,24
488,88,1,1,1,6,2,7,24
489,89,1,1,1,6,2,7,24
490,90,1,1,1,6,2,7,24
491,91,1,1,1,6,2,7,24
492,92,1,1,1,6,2,7,24
493,93,1,1,1,6,2,7,24
494,94,1,1,1,6,2,7,24
495,95,1,1,1,6,2,7,24
496,96,1,1,1,6,2,7,24
497,97,1,1,1,6,2,7,24
498,98,1,1,1,6,2,7,24
499,99,1,1,1,6,2,7,24
500,0,1,1,1,6,2,7,25
501,1,1,1,1,6,2,7,25
502,2,1,1,1,6,2,7,25
503,3,1,1,1,6,2,7,25
504,4,1,1,1,6,2,7,25
505,5,1,1,1,6,2,7,25
506,6,1,1,1,6,2,7,25
507,7,1,1,1,6,2,7,25
508,8,1,1,1,6,2,7,25
509,9,1,1,1,6,2,7,25
510,10,1,1,1,6,2,7,25
511,11,1,1,1,6,2,7,25
512,12,1,1,1,6,2,7,25
513,13,1,1,1,6,2,7,25
514,14,1,1,1,6,2,7,25
515,15,1,1,1,6,2,7,25
516,16,1,1,1,6,2,7,25
517,17,1,1,1,6,2,7,25
518,18,1,1,1,6,2,7,25
519,19,1,1,1,6,2,7,25
520,20,1,1,1,6,2,7,25
521,21,1,1,1,6,2,7,25
522,22,1,1,1,6,2,7,25
523,23,1,1,1,6,2,7,25
524,24,1,1,1,6,2,7,25
525,25,1,1,1,6,2,7,25
526,26,1,1,1,6,2,7,25
527,27,1,1,1,6,2,7,25
528,28,1,1,1,6,2,7,25
529,29,1,1,1,6,2,7,25
530,30,1,1,1,6,2,7,25
531,31,1,1,1,6,2,7,25
532,32,1,1,1,6,2,7,25
533,33,1,1,1,6,2,7,25
534,34,1,1,1,6,2,7,25
535,35,1,1,1,6,2,7,25
536,36,1,1,1,6,2,7,25
537,37,1,1,1,6,2,7,25
538,38,1,1,1,6,2,7,25
539,39,1,1,1,6,2,7,25
540,40,1,1,1,6,2,7,25
541,41,1,1,1,6,2,7,25
542,42,1,1,1,6,2,7,25
543,43,1,1,1,6,2,7,25
544,44,1,1,1,6,2,7,25
545,45,1,1,1,6,2,7,25
546,46,1,1,1,6,2,7,25
547,47,1,1,1,6,2,7,25
548,48,1,1,1,6,2,7,25
549,49,1,1,1,6,2,7,25
550,50,1,1,1,6,2,7,25
551,51,1,1,1,6,2,7,25
552,52,1,1,1,6,2,7,25
553,53,1,1,1,6,2,7,25
554,54,1,1,1,6,2,7,25
555,55,1,1,1,6,2,7,25
556,56,1,1,1,6,2,7,25
557,57,1,1,1,6,2,7,25
558,58,1,1,1,6,2,7,25
559,59,1,1,1,6,2,7,25
560,60,1,1,1,6,2,7,25
561,61,1,1,1,6,2,7,25
562,62,1,1,1,6,2,7,25
563,63,1,1,1,6,2,7,25
564,64,1,1,1,6,2,7,25
565,65,1,1,1,6,2,7,25
566,66,1,1,1,6,2,7,25
567,67,1,1,1,6,2,7,25
568,68,1,1,1,6,2,7,25
569,69,1,1,1,6,2,7,25
570,70,1,1,1,6,2,7,25
571,71,1,1,1,6,2,7,25
572,72,1,1,1,6,2,7,25
573,73,1,1,1,6,2,7,25
574,74,1,1,1,6,2,7,25
575,75,1,1,1,6,2,7,25
576,76,1,1,1,6,2,7,25
577,77,1,1,1,6,2,7,25
578,78,1,1,1,6,2,7,25
579,79,1,1,1,6,2,7,25
580,80,1,1,1,6,2,7,25
581,81,1,1,1,6,2,7,25
582,82,1,1,1,6,2,7,25
583,83,1,1,1,6,2,7,25
584,84,1,1,1,6,2,7,25
585,85,1,1,1,6,2,7,25
586,86,1,1,1,6,2,7,25
587,87,1,1,1,6,2,7,25
588,88,1,1,1,6,2,7,25
589,89,1,1,1,6,2,7,25
590,90,1,1,1,6,2,7,25
591,91,1,1,1,6,2,7,25
592,92,1,1,1,6,2,7,25
593,93,1,1,1,6,2,7,25
594,94,1,1,1,6,2,7,25
595,95,1,1,1,6,2,7,25
596,96,1,1,1,6,2,7,25
597,97,1,1,1,6,2,7,25
598,98,1,1,1,6,2,7,25
599,99,1,1,1,6,2,7,25
600,0,1,1,1,6,2,7,26
601,1,1,1,1,6,2,7,26
602,2,1,1,1,6,2,7,26
603,3,1,1,1,6,2,7,26
604,4,1,1,1,6,2,7,26
605,5,1,1,1,6,2,7,26
606,6,1,1,1,6,2,7,26
607,7,1,1,1,6,2,7,26
608,8,1,1,1,6,2,7,26
609,9,1,1,1,6,2,7,26
610,10,1,1,1,6,2,7,26
611,11,1,1,1,6,2,7,26
612,12,1,1,1,6,2,7,26
613,13,1,1,1,6,2,7,26
614,14,1,1,1,6,2,7,26
615,15,1,1,1,6,2,7,26
616,16,1,1,1,6,2,7,26
617,17,1,1,1,6,2,7,26
618,18,1,1,1,6,2,7,26
619,19,1,1,1,6,2,7,26
620,20,1,1,1,6,2,7,26
621,21,1,1,1,6,2,7,26
622,22,1,1,1,6,2,7,26
623,23,1,1,1,6,2,7,26
624,24,1,1,1,6,2,7,26
625,25,1,1,1,6,2,7,26
626,26,1,1,1,6,2,7,26
627,27,1,1,1,6,2,7,26
628,28,1,1,1,6,2,7,26
629,29,1,1,1,6,2,7,26
630,30,1,1,1,6,2,7,26
631,31,1,1,1,6,2,7,26
632,32,1,1,1,6,2,7,26
633,33,1,1,1,6,2,7,26
634,34,1,1,1,6,2,7,26
635,35,1,1,1,6,2,7,26
636,36,1,1,1,6,2,7,26
637,37,1,1,1,6,2,7,26
638,38,1,1,1,6,2,7,26
639,39,1,1,1,6,2,7,26
640,40,1,1,1,6,2,7,26
641,41,1,1,1,6,2,7,26
642,42,1,1,1,6,2,7,26
643,43,1,1,1,6,2,7,26
644,44,1,1,1,6,2,7,26
645,45,1,1,1,6,2,7,26
646,46,1,1,1,6,2,7,26
647,47,1,1,1,6,2,7,26
648,48,1,1,1,6,2,7,26
649,49,1,1,1,6,2,7,26
650,50,1,1,1,6,2,7,26
651,51,1,1,1,6,2,7,26
652,52,1,1,1,6,2,7,26
653,53,1,1,1,6,2,7,26
654,54,1,1,1,6,2,7,26
655,55,1,1,1,6,2,7,26
656,56,1,1,1,6,2,7,26
657,57,1,1,1,6,2,7,26
658,58,1,1,1,6,2,7,26
659,59,1,1,1,6,2,7,26
660,60,1,1,1,6,2,7,26
661,61,1,1,1,6,2,7,26
662,62,1,1,1,6,2,7,26
663,63,1,1,1,6,2,7,26
664,64,1,1,1,6,2,7,26
665,65,1,1,1,6,2,7,26
666,66,1,1,1,6,2,7,26
667,67,1,1,1,6,2,7,26
668,68,1,1,1,6,2,7,26
669,69,1,1,1,6,2,7,26
670,70,1,1,1,6,2,7,26
671,71,1,1,1,6,2,7,26
672,72,1,1,1,6,2,7,26
673,73,1,1,1,6,2,7,26
674,74,1,1,1,6,2,7,26
675,75,1,1,1,6,2,7,26
676,76,1,1,1,6,2,7,26
677,77,1,1,1,6,2,7,26
678,78,1,1,1,6,2,7,26
679,79,1,1,1,6,2,7,26
680,80,1,1,1,6,2,7,26
681,81,1,1,1,6,2,7,26
682,82,1,1,1,6,2,7,26
683,83,1,1,1,6,2,7,26
684,84,1,1,1,6,2,7,26
685,85,1,1,1,6,2,7,26
686,86,1,1,1,6,2,7,26
687,87,1,1,1,6,2,7,26
688,88,1,1,1,6,2,7,26
689,89,1,1,1,6,2,7,26
690,90,1,1,1,6,2,7,26
691,91,1,1,1,6,2,7,26
692,92,1,1,1,6,2,7,26
693,93,1,1,1,6,2,7,26
694,94,1,1,1,6,2,7,26
695,95,1,1,1,6,2,7,26
696,96,1,1,1,6,2,7,26
697,97,1,1,1,6,2,7,26
698,98,1,1,1,6,2,7,26
699,99,1,1,1,6,2,7,26
700,0,1,1,1,6,2,7,27
701,1,1,1,1,6,2,7,27
702,2,1,1,1,6,2,7,27
703,3,1,1,1,6,2,7,27
704,4,1,1,1,6,2,7,27
705,5,1,1,1,6,2,7,27
706,6,1,1,1,6,2,7,27
707,7,1,1,1,6,2,7,27
708,8,1,1,1,6,2,7,27
709,9,1,1,1,6,2,7,27
710,10,1,1,1,6,2,7,27
711,11,1,1,1,6,2,7,27
712,12,1,1,1,6,2,7,27
713,13,1,1,1,6,2,7,27
714,14,1,1,1,6,2,7,27
715,15,1,1,1,6,2,7,27
716,16,1,1,1,6,2,7,27
717,17,1,1,1,6,2,7,27
718,18,1,1,1,6,2,7,27
719,19,1,1,1,6,2,7,27
720,20,1,1,1,6,2,7,27
721,21,1,1,1,6,2,7,27
722,22,1,1,1,6,2,7,27
723,23,1,1,1,6,2,7,27
724,24,1,1,1,6,2,7,27
725,25,1,1,1,6,2,7,27
726,26,1,1,1,6,2,7,27
727,27,1,1,1,6,2,7,27
728,28,1,1,1,6,2,7,27
729,29,1,1,1,6,2,7,27
730,30,1,1,1,6,2,7,27
731,31,1,1,1,6,2,7,27
732,32,1,1,1,6,2,7,27
733,33,1,1,1,6,2,7,27
734,34,1,1,1,6,2,7,27
735,35,1,1,1,6,2,7,27
736,36,1,1,1,6,2,7,27
737,37,1,1,1,6,2,7,27
738,38,1,1,1,6,2,7,27
739,39,1,1,1,6,2,7,27
740,40,1,1,1,6,2,7,27
741,41,1,1,1,6,2,7,27
742,42,1,1,1,6,2,7,27
743,43,1,1,1,6,2,7,27
744,44,1,1,1,6,2,7,27
745,45,1,1,1,6,2,7,27
746,46,1,1,1,6,2,7,27
747,47,1,1,1,6,2,7,27
748,48,1,1,1,6,2,7,27
749,49,1,1,1,6,2,7,27
750,50,1,1,1,6,2,7,27
751,51,1,1,1,6,2,7,27
752,52,1,1,1,6,2,7,27
753,53,1,1,1,6,2,7,27
754,54,1,1,1,6,2,7,27
755,55,1,1,1,6,2,7,27
756,56,1,1,1,6,2,7,27
757,57,1,1,1,6,2,7,27
758,58,1,1,1,6,2,7,27
759,59,1,1,1,6,2,7,27
760,60,1,1,1,6,2,7,27
761,61,1,1,1,6,2,7,27
762,62,1,1,1,6,2,7,27
763,63,1,1,1,6,2,7,27
764,64,1,1,1,6,2,7,27
765,65,1,1,1,6,2,7,27
766,66,1,1,1,6,2,7,27
767,67,1,1,1,6,2,7,27
768,68,1,1,1,6,2,7,27
769,69,1,1,1,6,2,7,27
770,70,1,1,1,6,2,7,27
771,71,1,1,1,6,2,7,27
772,72,1,1,1,6,2,7,27
773,73,1,1,1,6,2,7,27
774,74,1,1,1,6,2,7,27
775,75,1,1,1,6,2,7,27
776,76,1,1,1,6,2,7,27
777,77,1,1,1,6,2,7,27
778,78,1,1,1,6,2,7,27
779,79,1,1,1,6,2,7,27
780,80,1,1,1,6,2,7,27
781,81,1,1,1,6,2,7,27
782,82,1,1,1,6,2,7,27
783,83,1,1,1,6,2,7,27
784,84,1,1,1,6,2,7,27
785,85,1,1,1,6,2,7,27
786,86,1,1,1,6,2,7,27
787,87,1,1,1,6,2,7,27
788,88,1,1,1,6,2,7,27
789,89,1,1,1,6,2,7,27
790,90,1,1,1,6,2,7,27
791,91,1,1,1,6,2,7,27
792,92,1,1,1,6,2,7,27
793,93,1,1,1,6,2,7,27
794,94,1,1,1,6,2,7,27
795,95,1,1,1,6,2,7,27
796,96,1,1,1,6,2,7,27
797,97,1,1,1,6,2,7,27
798,98,1,1,1,6,2,7,27
799,99,1,1,1,6,2,7,27
800,0,1,1,1,6,2,7,28
801,1,1,1,1,6,2,7,28
802,2,1,1,1,6,2,7,28
803,3,1,1,1,6,2,7,28
804,4,1,1,1,6,2,7,28
805,5,1,1,1,6,2,7,28
806,6,1,1,1,6,2,7,28
807,7,1,1,1,6,2,7,28
808,8,1,1,1,6,2,7,28
809,9,1,1,1,6,2,7,28
810,10,1,1,1,6,2,7,28
811,11,1,1,1,6,2,7,28
812,12,1,1,1,6,2,7,28
813,13,1,1,1,6,2,7,28
814,14,1,1,1,6,2,7,28
815,15,1,1,1,6,2,7,28
816,16,1,1,1,6,2,7,28
817,17,1,1,1,6,2,7,28
818,18,1,1,1,6,2,7,28
819,19,1,1,1,6,2,7,28
820,20,1,1,1,6,2,7,28
821,21,1,1,1,6,2,7,28
822,22,1,1,1,6,2,7,28
823,23,1,1,1,6,2,7,28
824,24,1,1,1,6,2,7,28
825,25,1,1,1,6,2,7,28
826,26,1,1,1,6,2,7,28
827,27,1,1,1,6,2,7,28
828,28,1,1,1,6,2,7,28
829,29,1,1,1,6,2,7,28
830,30,1,1,1,6,2,7,28
831,31,1,1,1,6,2,7,28
832,32,1,1,1,6,2,7,28
833,33,1,1,1,6,2,7,28
834,34,1,1,1,6,2,7,28
835,35,1,1,1,6,2,7,28
836,36,1,1,1,6,2,7,28
837,37,1,1,1,6,2,7,28
838,38,1,1,1,6,2,7,28
839,39,1,1,1,6,2,7,28
840,40,1,1,1,6,2,7,28
841,41,1,1,1,6,2,7,28
842,42,1,1,1,6,2,7,28
843,43,1,1,1,6,2,7,28
844,44,1,1,1,6,2,7,28
845,45,1,1,1,6,2,7,28
846,46,1,1,1,6,2,7,28
847,47,1,1,1,6,2,7,28
848,48,1,1,1,6,2,7,28
849,49,1,1,1,6,2,7,28
850,50,1,1,1,6,2,7,28
851,51,1,1,1,6,2,7,28
852,52,1,1,1,6,2,7,28
853,53,1,1,1,6,2,7,28
854,54,1,1,1,6,2,7,28
855,55,1,1,1,6,2,7,28
856,56,1,1,1,6,2,7,28
857,57,1,1,1,6,2,7,28
858,58,1,1,1,6,2,7,28
859,59,1,1,1,6,2,7,28
860,60,1,1,1,6,2,7,28
861,61,1,1,1,6,2,7,28
862,62,1,1,1,6,2,7,28
863,63,1,1,1,6,2,7,28
864,64,1,1,1,6,2,7,28
865,65,1,1,1,6,2,7,28
866,66,1,1,1,6,2,7,28
867,67,1,1,1,6,2,7,28
868,68,1,1,1,6,2,7,28
869,69,1,1,1,6,2,7,28
870,70,1,1,1,6,2,7,28
871,71,1,1,1,6,2,7,28
872,72,1,1,1,6,2,7,28
873,73,1,1,1,6,2,7,28
874,74,1,1,1,6,2,7,28
875,75,1,1,1,6,2,7,28
876,76,1,1,1,6,2,7,28
877,77,1,1,1,6,2,7,28
878,78,1,1,1,6,2,7,28
879,79,1,1,1,6,2,7,28
880,80,1,1,1,6,2,7,28
881,81,1,1,1,6,2,7,28
882,82,1,1,1,6,2,7,28
883,83,1,1,1,6,2,7,28
884,84,1,1,1,6,2,7,28
885,85,1,1,1,6,2,7,28
886,86,1,1,1,6,2,7,28
887,87,1,1,1,6,2,7,28
888,88,1,1,1,6,2,7,28
889,89,1,1,1,6,2,7,28
890,90,1,1,1,6,2,7,28
891,91,1,1,1,6,2,7,28
892,92,1,1,1,6,2,7,28
893,93,1,1,1,6,2,7,28
894,94,1,1,1,6,2,7,28
895,95,1,1,1,6,2,7,28
896,96,1,1,1,6,2,7,28
897,97,1,1,1,6,2,7,28
898,98,1,1,1,6,2,7,28
899,99,1,1,1,6,2,7,28
900,0,1,1,1,6,2,7,29
901,1,1,1,1,6,2,7,29
902,2,1,1,1,6,2,7,29
903,3,1,1,1,6,2,7,29
904,4,1,1,1,6,2,7,29
905,5,1,1,1,6,2,7,29
906,6,1,1,1,6,2,7,29
907,7,1,1,1,6,2,7,29
908,8,1,1,1,6,2,7,29
909,9,1,1,1,6,2,7,29
910,10,1,1,1,6,2,7,29
911,11,1,1,1,6,2,7,29
912,12,1,1,1,6,2,7,29
913,13,1,1,1,6,2,7,29
914,14,1,1,1,6,2,7,29
915,15,1,1,1,6,2,7,29
916,16,1,1,1,6,2,7,29
917,17,1,1,1,6,2,7,29
918,18,1,1,1,6,2,7,29
919,19,1,1,1,6,2,7,29
920,20,1,1,1,6,2,7,29
921,21,1,1,1,6,2,7,29
922,22,1,1,1,6,2,7,29
923,23,1,1,1,6,2,7,29
924,24,1,1,1,6,2,7,29
925,25,1,1,1,6,2,7,29
926,26,1,1,1,6,2,7,29
927,27,1,1,1,6,2,7,29
928,28,1,1,1,6,2,7,29
929,29,1,1,1,6,2,7,29
930,30,1,1,1,6,2,7,29
931,31,1,1,1,6,2,7,29
932,32,1,1,1,6,2,7,29
933,33,1,1,1,6,2,7,29
934,34,1,1,1,6,2,7,29
935,35,1,1,1,6,2,7,29
936,36,1,1,1,6,2,7,29
937,37,1,1,1,6,2,7,29
938,38,1,1,1,6,2,7,29
939,39,1,1,1,6,2,7,29
940,40,1,1,1,6,2,7,29
941,41,1,1,1,6,2,7,29
942,42,1,1,1,6,2,7,29
943,43,1,1,1,6,2,7,29
944,44,1,1,1,6,2,7,29
945,45,1,1,1,6,2,7,29
946,46,1,1,1,6,2,7,29
947,47,1,1,1,6,2,7,29
948,48,1,1,1,6,2,7,29
949,49,1,1,1,6,2,7,29
950,50,1,1,1,6,2,7,29
951,51,1,1,1,6,2,7,29
952,52,1,1,1,6,2,7,29
953,53,1,1,1,6,2,7,29
954,54,1,1,1,6,2,7,29
955,55,1,1,1,6,2,7,29
956,56,1,1,1,6,2,7,29
957,57,1,1,1,6,2,7,29
958,58,1,1,1,6,2,7,29
959,59,1,1,1,6,2,7,29
960,60,1,1,1,6,2,7,29
961,61,1,1,1,6,2,7,29
962,62,1,1,1,6,2,7,29
963,63,1,1,1,6,2,7,29
964,64,1,1,1,6,2,7,29
965,65,1,1,1,6,2,7,29
966,66,1,1,1,6,2,7,29
967,67,1,1,1,6,2,7,29
968,68,1,1,1,6,2,7,29
969,69,1,1,1,6,2,7,29
970,70,1,1,1,6,2,7,29
971,71,1,1,1,6,2,7,29
972,72,1,1,1,6,2,7,29
973,73,1,1,1,6,2,7,29
974,74,1,1,1,6,2,7,29
975,75,1,1,1,6,2,7,29
976,76,1,1,1,6,2,7,29
977,77,1,1,1,6,2,7,29
978,78,1,1,1,6,2,7,29
979,79,1,1,1,6,2,7,29
980,80,1,1,1,6,2,7,29
981,81,1,1,1,6,2,7,29
982,82,1,1,1,6,2,7,29
983,83,1,1,1,6,2,7,29
984,84,1,1,1,6,2,7,29
985,85,1,1,1,6,2,7,29
986,86,1,1,1,6,2,7,29
987,87,1,1,1,6,2,7,29
988,88,1,1,1,6,2,7,29
989,89,1,1,1,6,2,7,29
990,90,1,1,1,6,2,7,29
991,91,1,1,1,6,2,7,29
992,92,1,1,1,6,2,7,29
993,93,1,1,1,6,2,7,29
994,94,1,1,1,6,2,7,29
995,95,1,1,1,6,2,7,29
996,96,1,1,1,6,2,7,29
997,97,1,1,1,6,2,7,29
998,98,1,1,1,6,2,7,29
999,99,1,1,1,6,2,7,29
1000,0,1,1,1,6,2,7,30
1001,1,1,1,1,6,2,7,30
1002,2,1,1,1,6,2,7,30
1003,3,1,1,1,6,2,7,30
1004,4,1,1,1,6,2,7,30
1005,5,1,1,1,6,2,7,30
1006,6,1,1,1,6,2,7,30
1007,7,1,1,1,6,2,7,30
1008,8,1,1,1,6,2,7,30
1009,9,1,1,1,6,2,7,30
1010,10,1,1,1,6,2,7,30
1011,11,1,1,1,6,2,7,30
1012,12,1,1,1,6,2,7,30
1013,13,1,1,1,6,2,7,30
1014,14,1,1,1,6,2,7,30
1015,15,1,1,1,6,2,7,30
1016,16,1,1,1,6,2,7,30
1017,17,1,1,1,6,2,7,30
1018,18,1,1,1,6,2,7,30
1019,19,1,1,1,6,2,7,30
1020,20,1,1,1,6,2,7,30
1021,21,1,1,1,6,2,7,30
1022,22,1,1,1,6,2,7,30
1023,23,1,1,1,6,2,7,30
1024,24,1,1,1,6,2,7,30
1025,25,1,1,1,6,2,7,30
1026,26,1,1,1,6,2,7,30
1027,27,1,1,1,6,2,7,30
1028,28,1,1,1,6,2,7,30
1029,29,1,1,1,6,2,7,30
1030,30,1,1,1,6,2,7,30
1031,31,1,1,1,6,2,7,30
1032,32,1,1,1,6,2,7,30
1033,33,1,1,1,6,2,7,30
1034,34,1,1,1,6,2,7,30
1035,35,1,1,1,6,2,7,30
1036,36,1,1,1,6,2,7,30
1037,37,1,1,1,6,2,7,30
1038,38,1,1,1,6,2,7,30
1039,39,1,1,1,6,2,7,30
1040,40,1,1,1,6,2,7,30
1041,41,1,1,1,6,2,7,30
1042,42,1,1,1,6,2,7,30
1043,43,1,1,1,6,2,7,30
1044,44,1,1,1,6,2,7,30
1045,45,1,1,1,6,2,7,30
1046,46,1,1,1,6,2,7,30
1047,47,1,1,1,6,2,7,30
1048,48,1,1,1,6,2,7,30
1049,49,1,1,1,6,2,7,30
1050,50,1,1,1,6,2,7,30
1051,51,1,1,1,6,2,7,30
1052,52,1,1,1,6,2,7,30
1053,53,1,1,1,6,2,7,30
1054,54,1,1,1,6,2,7,30
1055,55,1,1,1,6,2,7,30
1056,56,1,1,1,6,2,7,30
1057,57,1,1,1,6,2,7,30
1058,58,1,1,1,6,2,7,30
1059,59,1,1,1,6,2,7,30
1060,60,1,1,1,6,2,7,30
1061,61,1,1,1,6,2,7,30
1062,62,1,1,1,6,2,7,30
1063,63,1,1,1,6,2,7,30
1064,64,1,1,1,6,2,7,30
1065,65,1,1,1,6,2,7,30
1066,66,1,1,1,6,2,7,30
1067,67,1,1,1,6,2,7,30
1068,68,1,1,1,6,2,7,30
1069,69,1,1,1,6,2,7,30
1070,70,1,1,1,6,2,7,30
1071,71,1,1,1,6,2,7,30
1072,72,1,1,1,6,2,7,30
1073,73,1,1,1,6,2,7,30
1074,74,1,1,1,6,2,7,30
1075,75,1,1,1,6,2,7,30
1076,76,1,1,1,6,2,7,30
1077,77,1,1,1,6,2,7,30
1078,78,1,1,1,6,2,7,30
1079,79,1,1,1,6,2,7,30
1080,80,1,1,1,6,2,7,30
1081,81,1,1,1,6,2,7,30
1082,82,1,1,1,6,2,7,30
1083,83,1,1,1,6,2,7,30
1084,84,1,1,1,6,2,7,30
1085,85,1,1,1,6,2,7,30
1086,86,1,1,1,6,2,7,30
1087,87,1,1,1,6,2,7,30
1088,88,1,1,1,6,2,7,30
1089,89,1,1,1,6,2,7,30
1090,90,1,1,1,6,2,7,30
1091,91,1,1,1,6,2,7,30
1092,92,1,1,1,6,2,7,30
1093,93,1,1,1,6,2,7,30
1094,94,1,1,1,6,2,7,30
1095,95,1,1,1,6,2,7,30
1096,96,1,1,1,6,2,7,30
1097,97,1,1,1,6,2,7,30
1098,98,1,1,1,6,2,7,30
1099,99,1,1,1,6,2,7,30
1100,0,1,1,1,6,2,7,31
1101,1,1,1,1,6,2,7,31
1102,2,1,1,1,6,2,7,31
1103,3,1,1,1,6,2,7,31
1104,4,1,1,1,6,2,7,31
1105,5,1,1,1,6,2,7,31
1106,6,1,1,1,6,2,7,31
1107,7,1,1,1,6,2,7,31
1108,8,1,1,1,6,2,7,31
1109,9,1,1,1,6,2,7,31
1110,10,1,1,1,6,2,7,31
1111,11,1,1,1,6,2,7,31
1112,12,1,1,1,6,2,7,31
1113,13,1,1,1,6,2,7,31
1114,14,1,1,1,6,2,7,31
1115,15,1,1,1,6,2,7,31
1116,16,1,1,1,6,2,7,31
1117,17,1,1,1,6,2,7,31
1118,18,1,1,1,6,2,7,31
1119,19,1,1,1,6,2,7,31
1120,20,1,1,1,6,2,7,31
1121,21,1,1,1,6,2,7,31
1122,22,1,1,1,6,2,7,31
1123,23,1,1,1,6,2,7,31
1124,24,1,1,1,6,2,7,31
1125,25,1,1,1,6,2,7,31
1126,26,1,1,1,6,2,7,31
1127,27,1,1,1,6,2,7,31
1128,28,1,1,1,6,2,7,31
1129,29,1,1,1,6,2,7,31
1130,30,1,1,1,6,2,7,31
1131,31,1,1,1,6,2,7,31
1132,32,1,1,1,6,2,7,31
1133,33,1,1,1,6,2,7,31
1134,34,1,1,1,6,2,7,31
1135,35,1,1,1,6,2,7,31
1136,36,1,1,1,6,2,7,31
1137,37,1,1,1,6,2,7,31
1138,38,1,1,1,6,2,7,31
1139,39,1,1,1,6,2,7,31
1140,40,1,1,1,6,2,7,31
1141,41,1,1,1,6,2,7,31
1142,42,1,1,1,6,2,7,31
1143,43,1,1,1,6,2,7,31
1144,44,1,1,1,6,2,7,31
1145,45,1,1,1,6,2,7,31
1146,46,1,1,1,6,2,7,31
1147,47,1,1,1,6,2,7,31
1148,48,1,1,1,6,2,7,31
1149,49,1,1,1,6,2,7,31
1150,50,1,1,1,6,2,7,31
1151,51,1,1,1,6,2,7,31
1152,52,1,1,1,6,2,7,31
1153,53,1,1,1,6,2,7,31
1154,54,1,1,1,6,2,7,31
1155,55,1,1,1,6,2,7,31
1156,56,1,1,1,6,2,7,31
1157,57,1,1,1,6,2,7,31
1158,58,1,1,1,6,2,7,31
1159,59,1,1,1,6,2,7,31
1160,60,1,1,1,6,2,7,31
1161,61,1,1,1,6,2,7,31
1162,62,1,1,1,6,2,7,31
1163,63,1,1,1,6,2,7,31
1164,64,1,1,1,6,2,7,31
1165,65,1,1,1,6,2,7,31
1166,66,1,1,1,6,2,7,31
1167,67,1,1,1,6,2,7,31
1168,68,1,1,1,6,2,7,31
1169,69,1,1,1,6,2,7,31
1170,70,1,1,1,6,2,7,31
1171,71,1,1,1,6,2,7,31
1172,72,1,1,1,6,2,7,31
1173,73,1,1,1,6,2,7,31
1174,74,1,1,1,6,2,7,31
1175,75,1,1,1,6,2,7,31
1176,76,1,1,1,6,2,7,31
1177,77,1,1,1,6,2,7,31
1178,78,1,1,1,6,2,7,31
1179,79,1,1,1,6,2,7,31
1180,80,1,1,1,6,2,7,31
1181,81,1,1,1,6,2,7,31
1182,82,1,1,1,6,2,7,31
1183,83,1,1,1,6,2,7,31
1184,84,1,1,1,6,2,7,31
1185,85,1,1,1,6,2,7,31
1186,86,1,1,1,6,2,7,31
1187,87,1,1,1,6,2,7,31
1188,88,1,1,1,6,2,7,31
1189,89,1,1,1,6,2,7,31
1190,90,1,1,1,6,2,7,31
1191,91,1,1,1,6,2,7,31
1192,92,1,1,1,6,2,7,31
1193,93,1,1,1,6,2,7,31
1194,94,1,1,1,6,2,7,31
1195,95,1,1,1,6,2,7,31
1196,96,1,1,1,6,2,7,31
1197,97,1,1,1,6,2,7,31
1198,98,1,1,1,6,2,7,31
1199,99,1,1,1,6,2,7,31
1200,0,1,1,1,6,2,7,32
1201,1,1,1,1,6,2,7,32
1202,2,1,1,1,6,2,7,32
1203,3,1,1,1,6,2,7,32
1204,4,1,1,1,6,2,7,32
1205,5,1,1,1,6,2,7,32
1206,6,1,1,1,6,2,7,32
1207,7,1,1,1,6,2,7,32
1208,8,1,1,1,6,2,7,32
1209,9,1,1,1,6,2,7,32
1210,10,1,1,1,6,2,7,32
1211,11,1,1,1,6,2,7,32
1212,12,1,1,1,6,2,7,32
1213,13,1,1,1,6,2,7,32
1214,14,1,1,1,6,2,7,32
1215,15,1,1,1,6,2,7,32
1216,16,1,1,1,6,2,7,32
1217,17,1,1,1,6,2,7,32
1218,18,1,1,1,6,2,7,32
1219,19,1,1,1,6,2,7,32
1220,20,1,1,1,6,2,7,32
1221,21,1,1,1,6,2,7,32
1222,22,1,1,1,6,2,7,32
1223,23,1,1,1,6,2,7,32
1224,24,1,1,1,6,2,7,32
1225,25,1,1,1,6,2,7,32
1226,26,1,1,1,6,2,7,32
1227,27,1,1,1,6,2,7,32
1228,28,1,1,1,6,2,7,32
1229,29,1,1,1,6,2,7,32
1230,30,1,1,1,6,2,7,32
1231,31,1,1,1,6,2,7,32
1232,32,1,1,1,6,2,7,32
1233,33,1,1,1,6,2,7,32
1234,34,1,1,1,6,2,7,32
1235,35,1,1,1,6,2,7,32
1236,36,1,1,1,6,2,7,32
1237,37,1,1,1,6,2,7,32
1238,38,1,1,1,6,2,7,32
1239,39,1,1,1,6,2,7,32
1240,40,1,1,1,6,2,7,32
1241,41,1,1,1,6,2,7,32
1242,42,1,1,1,6,2,7,32
1243,43,1,1,1,6,2,7,32
1244,44,1,1,1,6,2,7,32
1245,45,1,1,1,6,2,7,32
1246,46,1,1,1,6,2,7,32
1247,47,1,1,1,6,2,7,32
1248,48,1,1,1,6,2,7,32
1249,49,1,1,1,6,2,7,32
1250,50,1,1,1,6,2,7,32
1251,51,1,1,1,6,2,7,32
1252,52,1,1,1,6,2,7,32
1253,53,1,1,1,6,2,7,32
1254,54,1,1,1,6,2,7,32
1255,55,1,1,1,6,2,7,32
1256,56,1,1,1,6,2,7,32
1257,57,1,1,1,6,2,7,32
1258,58,1,1,1,6,2,7,32
1259,59,1,1,1,6,2,7,32
1260,60,1,1,1,6,2,7,32
1261,61,1,1,1,6,2,7,32
1262,62,1,1,1,6,2,7,32
1263,63,1,1,1,6,2,7,32
1264,64,1,1,1,6,2,7,32
1265,65,1,1,1,6,2,7,32
1266,66,1,1,1,6,2,7,32
1267,67,1,1,1,6,2,7,32
1268,68,1,1,1,6,2,7,32
1269,69,1,1,1,6,2,7,32
1270,70,1,1,1,6,2,7,32
1271,71,1,1,1,6,2,7,32
1272,72,1,1,1,6,2,7,32
1273,73,1,1,1,6,2,7,32
1274,74,1,1,1,6,2,7,32
1275,75,1,1,1,6,2,7,32
1276,76,1,1,1,6,2,7,32
1277,77,1,1,1,6,2,7,32
1278,78,1,1,1,6,2,7,32
1279,79,1,1,1,6,2,7,32
1280,80,1,1,1,6,2,7,32
1281,81,1,1,1,6,2,7,32
1282,82,1,1,1,6,2,7,32
1283,83,1,1,1,6,2,7,32
1284,84,1,1,1,6,2,7,32
1285,85,1,1,1,6,2,7,32
1286,86,1,1,1,6,2,7,32
1287,87,1,1,1,6,2,7,32
1288,88,1,1,1,6,2,7,32
1289,89,1,1,1,6,2,7,32
1290,90,1,1,1,6,2,7,32
1291,91,1,1,1,6,2,7,32
1292,92,1,1,1,6,2,7,32
1293,93,1,1,1,6,2,7,32
1294,94,1,1,1,6,2,7,32
1295,95,1,1,1,6,2,7,32
1296,96,1,1,1,6,2,7,32
1297,97,1,1,1,6,2,7,32
1298,98,1,1,1,6,2,7,32
1299,99,1,1,1,6,2,7,32
1300,0,1,1,1,6,2,7,33
1301,1,1,1,1,6,2,7,33
1302,2,1,1,1,6,2,7,33
1303,3,1,1,1,6,2,7,33
1304,4,1,1,1,6,2,7,33
1305,5,1,1,1,6,2,7,33
1306,6,1,1,1,6,2,7,33
1307,7,1,1,1,6,2,7,33
1308,8,1,1,1,6,2,7,33
1309,9,1,1,1,6,2,7,33
1310,10,1,1,1,6,2,7,33
1311,11,1,1,1,6,2,7,33
1312,12,1,1,1,6,2,7,33
1313,13,1,1,1,6,2,7,33
1314,14,1,1,1,6,2,7,33
1315,15,1,1,1,6,2,7,33
1316,16,1,1,1,6,2,7,33
1317,17,1,1,1,6,2,7,33
1318,18,1,1,1,6,2,7,33
1319,19,1,1,1,6,2,7,33
1320,20,1,1,1,6,2,7,33
1321,21,1,1,1,6,2,7,33
1322,22,1,1,1,6,2,7,33
1323,23,1,1,1,6,2,7,33
1324,24,1,1,1,6,2,7,33
1325,25,1,1,1,6,2,7,33
1326,26,1,1,1,6,2,7,33
1327,27,1,1,1,6,2,7,33
1328,28,1,1,1,6,2,7,33
1329,29,1,1,1,6,2,7,33
1330,30,1,1,1,6,2,7,33
1331,31,1,1,1,6,2,7,33
1332,32,1,1,1,6,2,7,33
1333,33,1,1,1,6,2,7,33
1334,34,1,1,1,6,2,7,33
1335,35,1,1,1,6,2,7,33
1336,36,1,1,1,6,2,7,33
1337,37,1,1,1,6,2,7,33
1338,38,1,1,1,6,2,7,33
1339,39,1,1,1,6,2,7,33
1340,40,1,1,1,6,2,7,33
1341,41,1,1,1,6,2,7,33
1342,42,1,1,1,6,2,7,33
1343,43,1,1,1,6,2,7,33
1344,44,1,1,1,6,2,7,33
1345,45,1,1,1,6,2,7,33
1346,46,1,1,1,6,2,7,33
1347,47,1,1,1,6,2,7,33
1348,48,1,1,1,6,2,7,33
1349,49,1,1,1,6,2,7,33
1350,50,1,1,1,6,2,7,33
1351,51,1,1,1,6,2,7,33
1352,52,1,1,1,6,2,7,33
1353,53,1,1,1,6,2,7,33
1354,54,1,1,1,6,2,7,33
1355,55,1,1,1,6,2,7,33
1356,56,1,1,1,6,2,7,33
1357,57,1,1,1,6,2,7,33
1358,58,1,1,1,6,2,7,33
1359,59,1,1,1,6,2,7,33
1360,60,1,1,1,6,2,7,33
1361,61,1,1,1,6,2,7,33
1362,62,1,1,1,6,2,7,33
1363,63,1,1,1,6,2,7,33
1364,64,1,1,1,6,2,7,33
1365,65,1,1,1,6,2,7,33
1366,66,1,1,1,6,2,7,33
1367,67,1,1,1,6,2,7,33
1368,68,1,1,1,6,2,7,33
1369,69,1,1,1,6,2,7,33
1370,70,1,1,1,6,2,7,33
1371,71,1,1,1,6,2,7,33
1372,72,1,1,1,6,2,7,33
1373,73,1,1,1,6,2,7,33
1374,74,1,1,1,6,2,7,33
1375,75,1,1,1,6,2,7,33
1376,76,1,1,1,6,2,7,33
1377,77,1,1,1,6,2,7,33
1378,78,1,1,1,6,2,7,33
1379,79,1,1,1,6,2,7,33
1380,80,1,1,1,6,2,7,33
1381,81,1,1,1,6,2,7,33
1382,82,1,1,1,6,2,7,33
1383,83,1,1,1,6,2,7,33
1384,84,1,1,1,6,2,7,33
1385,85,1,1,1,6,2,7,33
1386,86,1,1,1,6,2,7,33
1387,87,1,1,1,6,2,7,33
1388,88,1,1,1,6,2,7,33
1389,89,1,1,1,6,2,7,33
1390,90,1,1,1,6,2,7,33
1391,91,1,1,1,6,2,7,33
1392,92,1,1,1,6,2,7,33
1393,93,1,1,1,6,2,7,33
1394,94,1,1,1,6,2,7,33
1395,95,1,1,1,6,2,7,33
1396,96,1,1,1,6,2,7,33
1397,97,1,1,1,6,2,7,33
1398,98,1,1,1,6,2,7,33
1399,99,1,1,1,6,2,7,33
1400,0,1,1,1,6,2,7,34
1401,1,1,1,1,6,2,7,34
1402,2,1,1,1,6,2,7,34
1403,3,1,1,1,6,2,7,34
1404,4,1,1,1,6,2,7,34
1405,5,1,1,1,6,2,7,34
1406,6,1,1,1,6,2,7,34
1407,7,1,1,1,6,2,7,34
1408,8,1,1,1,6,2,7,34
1409,9,1,1,1,6,2,7,34
1410,10,1,1,1,6,2,7,34
1411,11,1,1,1,6,2,7,34
1412,12,1,1,1,6,2,7,34
1413,13,1,1,1,6,2,7,34
1414,14,1,1,1,6,2,7,34
1415,15,1,1,1,6,2,7,34
1416,16,1,1,1,6,2,7,34
1417,17,1,1,1,6,2,7,34
1418,18,1,1,1,6,2,7,34
1419,19,1,1,1,6,2,7,34
1420,20,1,1,1,6,2,7,34
1421,21,1,1,1,6,2,7,34
1422,22,1,1,1,6,2,7,34
1423,23,1,1,1,6,2,7,34
1424,24,1,1,1,6,2,7,34
1425,25,1,1,1,6,2,7,34
1426,26,1,1,1,6,2,7,34
1427,27,1,1,1,6,2,7,34
1428,28,1,1,1,6,2,7,34
1429,29,1,1,1,6,2,7,34
1430,30,1,1,1,6,2,7,34
1431,31,1,1,1,6,2,7,34
1432,32,1,1,1,6,2,7,34
1433,33,1,1,1,6,2,7,34
1434,34,1,1,1,6,2,7,34
1435,35,1,1,1,6,2,7,34
1436,36,1,1,1,6,2,7,34
1437,37,1,1,1,6,2,7,34
1438,38,1,1,1,6,2,7,34
1439,39,1,1,1,6,2,7,34
1440,40,1,1,1,6,2,7,34
1441,41,1,1,1,6,2,7,34
1442,42,1,1,1,6,2,7,34
1443,43,1,1,1,6,2,7,34
1444,44,1,1,1,6,2,7,34
1445,45,1,1,1,6,2,7,34
1446,46,1,1,1,6,2,7,34
1447,47,1,1,1,6,2,7,34
1448,48,1,1,1,6,2,7,34
1449,49,1,1,1,6,2,7,34
1450,50,1,1,1,6,2,7,34
1451,51,1,1,1,6,2,7,34
1452,52,1,1,1,6,2,7,34
1453,53,1,1,1,6,2,7,34
1454,54,1,1,1,6,2,7,34
1455,55,1,1,1,6,2,7,34
1456,56,1,1,1,6,2,7,34
1457,57,1,1,1,6,2,7,34
1458,58,1,1,1,6,2,7,34
1459,59,1,1,1,6,2,7,34
1460,60,1,1,1,6,2,7,34
1461,61,1,1,1,6,2,7,34
1462,62,1,1,1,6,2,7,34
1463,63,1,1,1,6,2,7,34
1464,64,1,1,1,6,2,7,34
1465,65,1,1,1,6,2,7,34
1466,66,1,1,1,6,2,7,34
1467,67,1,1,1,6,2,7,34
1468,68,1,1,1,6,2,7,34
1469,69,1,1,1,6,2,7,34
1470,70,1,1,1,6,2,7,34
1471,71,1,1,1,6,2,7,34
1472,72,1,1,1,6,2,7,34
1473,73,1,1,1,6,2,7,34
1474,74,1,1,1,6,2,7,34
1475,75,1,1,1,6,2,7,34
1476,76,1,1,1,6,2,7,34
1477,77,1,1,1,6,2,7,34
1478,78,1,1,1,6,2,7,34
1479,79,1,1,1,6,2,7,34
1480,80,1,1,1,6,2,7,34
1481,81,1,1,1,6,2,7,34
1482,82,1,1,1,6,2,7,34
1483,83,1,1,1,6,2,7,34
1484,84,1,1,1,6,2,7,34
1485,85,1,1,1,6,2,7,34
1486,86,1,1,1,6,2,7,34
1487,87,1,1,1,6,2,7,34
1488,88,1,1,1,6,2,7,34
1489,89,1,1,1,6,2,7,34
1490,90,1,1,1,6,2,7,34
1491,91,1,1,1,6,2,7,34
1492,92,1,1,1,6,2,7,34
1493,93,1,1,1,6,2,7,34
1494,94,1,1,1,6,2,7,34
1495,95,1,1,1,6,2,7,34
1496,96,1,1,1,6,2,7,34
1497,97,1,1,1,6,2,7,34
1498,98,1,1,1,6,2,7,34
1499,99,1,1,1,6,2,7,34
1500,0,1,1,1,6,2,7,35
1501,1,1,1,1,6,2,7,35
1502,2,1,1,1,6,2,7,35
1503,3,1,1,1,6,2,7,35
1504,4,1,1,1,6,2,7,35
1505,5,1,1,1,6,2,7,35
1506,6,1,1,1,6,2,7,35
1507,7,1,1,1,6,2,7,35
1508,8,1,1,1,6,2,7,35
1509,9,1,1,1,6,2,7,35
1510,10,1,1,1,6,2,7,35
1511,11,1,1,1,6,2,7,35
1512,12,1,1,1,6,2,7,35
1513,13,1,1,1,6,2,7,35
1514,14,1,1,1,6,2,7,35
1515,15,1,1,1,6,2,7,35
1516,16,1,1,1,6,2,7,35
1517,17,1,1,1,6,2,7,35
1518,18,1,1,1,6,2,7,35
1519,19,1,1,1,6,2,7,35
1520,20,1,1,1,6,2,7,35
1521,21,1,1,1,6,2,7,35
1522,22,1,1,1,6,2,7,35
1523,23,1,1,1,6,2,7,35
1524,24,1,1,1,6,2,7,35
1525,25,1,1,1,6,2,7,35
1526,26,1,1,1,6,2,7,35
1527,27,1,1,1,6,2,7,35
1528,28,1,1,1,6,2,7,35
1529,29,1,1,1,6,2,7,35
1530,30,1,1,1,6,2,7,35
1531,31,1,1,1,6,2,7,35
1532,32,1,1,1,6,2,7,35
1533,33,1,1,1,6,2,7,35
1534,34,1,1,1,6,2,7,35
1535,35,1,1,1,6,2,7,35
1536,36,1,1,1,6,2,7,35
1537,37,1,1,1,6,2,7,35
1538,38,1,1,1,6,2,7,35
1539,39,1,1,1,6,2,7,35
1540,40,1,1,1,6,2,7,35
1541,41,1,1,1,6,2,7,35
1542,42,1,1,1,6,2,7,35
1543,43,1,1,1,6,2,7,35
1544,44,1,1,1,6,2,7,35
1545,45,1,1,1,6,2,7,35
1546,46,1,1,1,6,2,7,35
1547,47,1,1,1,6,2,7,35
1548,48,1,1,1,6,2,7,35
1549,49,1,1,1,6,2,7,35
1550,50,1,1,1,6,2,7,35
1551,51,1,1,1,6,2,7,35
1552,52,1,1,1,6,2,7,35
1553,53,1,1,1,6,2,7,35
1554,54,1,1,1,6,2,7,35
1555,55,1,1,1,6,2,7,35
1556,56,1,1,1,6,2,7,35
1557,57,1,1,1,6,2,7,35
1558,58,1,1,1,6,2,7,35
1559,59,1,1,1,6,2,7,35
1560,60,1,1,1,6,2,7,35
1561,61,1,1,1,6,2,7,35
1562,62,1,1,1,6,2,7,35
1563,63,1,1,1,6,2,7,35
1564,64,1,1,1,6,2,7,35
1565,65,1,1,1,6,2,7,35
1566,66,1,1,1,6,2,7,35
1567,67,1,1,1,6,2,7,35
1568,68,1,1,1,6,2,7,35
1569,69,1,1,1,6,2,7,35
1570,70,1,1,1,6,2,7,35
1571,71,1,1,1,6,2,7,35
1572,72,1,1,1,6,2,7,35
1573,73,1,1,1,6,2,7,35
1574,74,1,1,1,6,2,7,35
1575,75,1,1,1,6,2,7,35
1576,76,1,1,1,6,2,7,35
1577,77,1,1,1,6,2,7,35
1578,78,1,1,1,6,2,7,35
1579,79,1,1,1,6,2,7,35
1580,80,1,1,1,6,2,7,35
1581,81,1,1,1,6,2,7,35
1582,82,1,1,1,6,2,7,35
1583,83,1,1,1,6,2,7,35
1584,84,1,1,1,6,2,7,35
1585,85,1,1,1,6,2,7,35
1586,86,1,1,1,6,2,7,35
1587,87,1,1,1,6,2,7,35
1588,88,1,1,1,6,2,7,35
1589,89,1,1,1,6,2,7,35
1590,90,1,1,1,6,2,7,35
1591,91,1,1,1,6,2,7,35
1592,92,1,1,1,6,2,7,35
1593,93,1,1,1,6,2,7,35
1594,94,1,1,1,6,2,7,35
1595,95,1,1,1,6,2,7,35
1596,96,1,1,1,6,2,7,35
1597,97,1,1,1,6,2,7,35
1598,98,1,1,1,6,2,7,35
1599,99,1,1,1,6,2,7,35
1600,0,1,1,1,6,2,7,36
1601,1,1,1,1,6,2,7,36
1602,2,1,1,1,6,2,7,36
1603,3,1,1,1,6,2,7,36
1604,4,1,1,1,6,2,7,36
1605,5,1,1,1,6,2,7,36
1606,6,1,1,1,6,2,7,36
1607,7,1,1,1,6,2,7,36
1608,8,1,1,1,6,2,7,36
1609,9,1,1,1,6,2,7,36
1610,10,1,1,1,6,2,7,36
1611,11,1,1,1,6,2,7,36
1612,12,1,1,1,6,2,7,36
1613,13,1,1,1,6,2,7,36
1614,14,1,1,1,6,2,7,36
1615,15,1,1,1,6,2,7,36
1616,16,1,1,1,6,2,7,36
1617,17,1,1,1,6,2,7,36
1618,18,1,1,1,6,2,7,36
1619,19,1,1,1,6,2,7,36
1620,20,1,1,1,6,2,7,36
1621,21,1,1,1,6,2,7,36
1622,22,1,1,1,6,2,7,36
1623,23,1,1,1,6,2,7,36
1624,24,1,1,1,6,2,7,36
1625,25,1,1,1,6,2,7,36
1626,26,1,1,1,6,2,7,36
1627,27,1,1,1,6,2,7,36
1628,28,1,1,1,6,2,7,36
1629,29,1,1,1,6,2,7,36
1630,30,1,1,1,6,2,7,36
1631,31,1,1,1,6,2,7,36
1632,32,1,1,1,6,2,7,36
1633,33,1,1,1,6,2,7,36
1634,34,1,1,1,6,2,7,36
1635,35,1,1,1,6,2,7,36
1636,36,1,1,1,6,2,7,36
1637,37,1,1,1,6,2,7,36
1638,38,1,1,1,6,2,7,36
1639,39,1,1,1,6,2,7,36
1640,40,1,1,1,6,2,7,36
1641,41,1,1,1,6,2,7,36
1642,42,1,1,1,6,2,7,36
1643,43,1,1,1,6,2,7,36
1644,44,1,1,1,6,2,7,36
1645,45,1,1,1,6,2,7,36
1646,46,1,1,1,6,2,7,36
1647,47,1,1,1,6,2,7,36
1648,48,1,1,1,6,2,7,36
1649,49,1,1,1,6,2,7,36
1650,50,1,1,1,6,2,7,36
1651,51,1,1,1,6,2,7,36
1652,52,1,1,1,6,2,7,36
1653,53,1,1,1,6,2,7,36
1654,54,1,1,1,6,2,7,36
1655,55,1,1,1,6,2,7,36
1656,56,1,1,1,6,2,7,36
1657,57,1,1,1,6,2,7,36
1658,58,1,1,1,6,2,7,36
1659,59,1,1,1,6,2,7,36
1660,60,1,1,1,6,2,7,36
1661,61,1,1,1,6,2,7,36
1662,62,1,1,1,6,2,7,36
1663,63,1,1,1,6,2,7,36
1664,64,1,1,1,6,2,7,36
1665,65,1,1,1,6,2,7,36
1666,66,1,1,1,6,2,7,36
1667,67,1,1,1,6,2,7,36
1668,68,1,1,1,6,2,7,36
1669,69,1,1,1,6,2,7,36
1670,70,1,1,1,6,2,7,36
1671,71,1,1,1,6,2,7,36
1672,72,1,1,1,6,2,7,36
1673,73,1,1,1,6,2,7,36
1674,74,1,1,1,6,2,7,36
1675,75,1,1,1,6,2,7,36
1676,76,1,1,1,6,2,7,36
1677,77,1,1,1,6,2,7,36
1678,78,1,1,1,6,2,7,36
1679,79,1,1,1,6,2,7,36
1680,80,1,1,1,6,2,7,36
1681,81,1,1,1,6,2,7,36
1682,82,1,1,1,6,2,7,36
1683,83,1,1,1,6,2,7,36
1684,84,1,1,1,6,2,7,36
1685,85,1,1,1,6,2,7,36
1686,86,1,1,1,6,2,7,36
1687,87,1,1,1,6,2,7,36
1688,88,1,1,1,6,2,7,36
1689,89,1,1,1,6,2,7,36
1690,90,1,1,1,6,2,7,36
1691,91,1,1,1,6,2,7,36
1692,92,1,1,1,6,2,7,36
1693,93,1,1,1,6,2,7,36
1694,94,1,1,1,6,2,7,36
1695,95,1,1,1,6,2,7,36
1696,96,1,1,1,6,2,7,36
1697,97,1,1,1,6,2,7,36
1698,98,1,1,1,6,2,7,36
1699,99,1,1,1,6,2,7,36
1700,0,1,1,1,6,2,7,37
1701,1,1,1,1,6,2,7,37
1702,2,1,1,1,6,2,7,37
1703,3,1,1,1,6,2,7,37
1704,4,1,1,1,6,2,7,37
1705,5,1,1,1,6,2,7,37
1706,6,1,1,1,6,2,7,37
1707,7,1,1,1,6,2,7,37
1708,8,1,1,1,6,2,7,37
1709,9,1,1,1,6,2,7,37
1710,10,1,1,1,6,2,7,37
1711,11,1,1,1,6,2,7,37
1712,12,1,1,1,6,2,7,37
1713,13,1,1,1,6,2,7,37
1714,14,1,1,1,6,2,7,37
1715,15,1,1,1,6,2,7,37
1716,16,1,1,1,6,2,7,37
1717,17,1,1,1,6,2,7,37
1718,18,1,1,1,6,2,7,37
1719,19,1,1,1,6,2,7,37
1720,20,1,1,1,6,2,7,37
1721,21,1,1,1,6,2,7,37
1722,22,1,1,1,6,2,7,37
1723,23,1,1,1,6,2,7,37
1724,24,1,1,1,6,2,7,37
1725,25,1,1,1,6,2,7,37
1726,26,1,1,1,6,2,7,37
1727,27,1,1,1,6,2,7,37
1728,28,1,1,1,6,2,7,37
1729,29,1,1,1,6,2,7,37
1730,30,1,1,1,6,2,7,37
1731,31,1,1,1,6,2,7,37
1732,32,1,1,1,6,2,7,37
1733,33,1,1,1,6,2,7,37
1734,34,1,1,1,6,2,7,37
1735,35,1,1,1,6,2,7,37
1736,36,1,1,1,6,2,7,37
1737,37,1,1,1,6,2,7,37
1738,38,1,1,1,6,2,7,37
1739,39,1,1,1,6,2,7,37
1740,40,1,1,1,6,2,7,37
1741,41,1,1,1,6,2,7,37
1742,42,1,1,1,6,2,7,37
1743,43,1,1,1,6,2,7,37
1744,44,1,1,1,6,2,7,37
1745,45,1,1,1,6,2,7,37
1746,46,1,1,1,6,2,7,37
1747,47,1,1,1,6,2,7,37
1748,48,1,1,1,6,2,7,37
1749,49,1,1,1,6,2,7,37
1750,50,1,1,1,6,2,7,37
1751,51,1,1,1,6,2,7,37
1752,52,1,1,1,6,2,7,37
1753,53,1,1,1,6,2,7,37
1754,54,1,1,1,6,2,7,37
1755,55,1,1,1,6,2,7,37
1756,56,1,1,1,6,2,7,37
1757,57,1,1,1,6,2,7,37
1758,58,1,1,1,6,2,7,37
1759,59,1,1,1,6,2,7,37
1760,60,1,1,1,6,2,7,37
1761,61,1,1,1,6,2,7,37
1762,62,1,1,1,6,2,7,37
1763,63,1,1,1,6,2,7,37
1764,64,1,1,1,6,2,7,37
1765,65,1,1,1,6,2,7,37
1766,66,1,1,1,6,2,7,37
1767,67,1,1,1,6,2,7,37
1768,68,1,1,1,6,2,7,37
1769,69,1,1,1,6,2,7,37
1770,70,1,1,1,6,2,7,37
1771,71,1,1,1,6,2,7,37
1772,72,1,1,1,6,2,7,37
1773,73,1,1,1,6,2,7,37
1774,74,1,1,1,6,2,7,37
1775,75,1,1,1,6,2,7,37
1776,76,1,1,1,6,2,7,37
1777,77,1,1,1,6,2,7,37
1778,78,1,1,1,6,2,7,37
1779,79,1,1,1,6,2,7,37
1780,80,1,1,1,6,2,7,37
1781,81,1,1,1,6,2,7,37
1782,82,1,1,1,6,2,7,37
1783,83,1,1,1,6,2,7,37
1784,84,1,1,1,6,2,7,37
1785,85,1,1,1,6,2,7,37
1786,86,1,1,1,6,2,7,37
1787,87,1,1,1,6,2,7,37
1788,88,1,1,1,6,2,7,37
1789,89,1,1,1,6,2,7,37
1790,90,1,1,1,6,2,7,37
1791,91,1,1,1,6,2,7,37
1792,92,1,1,1,6,2,7,37
1793,93,1,1,1,6,2,7,37
1794,94,1,1,1,6,2,7,37
1795,95,1,1,1,6,2,7,37
1796,96,1,1,1,6,2,7,37
1797,97,1,1,1,6,2,7,37
1798,98,1,1,1,6,2,7,37
1799,99,1,1,1,6,2,7,37
1800,0,1,1,1,6,2,7,38
1801,1,1,1,1,6,2,7,38
1802,2,1,1,1,6,2,7,38
1803,3,1,1,1,6,2,7,38
1804,4,1,1,1,6,2,7,38
1805,5,1,1,1,6,2,7,38
1806,6,1,1,1,6,2,7,38
1807,7,1,1,1,6,2,7,38
1808,8,1,1,1,6,2,7,38
1809,9,1,1,1,6,2,7,38
1810,10,1,1,1,6,2,7,38
1811,11,1,1,1,6,2,7,38
1812,12,1,1,1,6,2,7,38
1813,13,1,1,1,6,2,7,38
1814,14,1,1,1,6,2,7,38
1815,15,1,1,1,6,2,7,38
1816,16,1,1,1,6,2,7,38
1817,17,1,1,1,6,2,7,38
1818,18,1,1,1,6,2,7,38
1819,19,1,1,1,6,2,7,38
1820,20,1,1,1,6,2,7,38
1821,21,1,1,1,6,2,7,38
1822,22,1,1,1,6,2,7,38
1823,23,1,1,1,6,2,7,38
1824,24,1,1,1,6,2,7,38
1825,25,1,1,1,6,2,7,38
1826,26,1,1,1,6,2,7,38
1827,27,1,1,1,6,2,7,38
1828,28,1,1,1,6,2,7,38
1829,29,1,1,1,6,2,7,38
1830,30,1,1,1,6,2,7,38
1831,31,1,1,1,6,2,7,38
1832,32,1,1,1,6,2,7,38
1833,33,1,1,1,6,2,7,38
1834,34,1,1,1,6,2,7,38
1835,35,1,1,1,6,2,7,38
1836,36,1,1,1,6,2,7,38
1837,37,1,1,1,6,2,7,38
1838,38,1,1,1,6,2,7,38
1839,39,1,1,1,6,2,7,38
1840,40,1,1,1,6,2,7,38
1841,41,1,1,1,6,2,7,38
1842,42,1,1,1,6,2,7,38
1843,43,1,1,1,6,2,7,38
1844,44,1,1,1,6,2,7,38
1845,45,1,1,1,6,2,7,38
1846,46,1,1,1,6,2,7,38
1847,47,1,1,1,6,2,7,38
1848,48,1,1,1,6,2,7,38
1849,49,1,1,1,6,2,7,38
1850,50,1,1,1,6,2,7,38
1851,51,1,1,1,6,2,7,38
1852,52,1,1,1,6,2,7,38
1853,53,1,1,1,6,2,7,38
1854,54,1,1,1,6,2,7,38
1855,55,1,1,1,6,2,7,38
1856,56,1,1,1,6,2,7,38
1857,57,1,1,1,6,2,7,38
1858,58,1,1,1,6,2,7,38
1859,59,1,1,1,6,2,7,38
1860,60,1,1,1,6,2,7,38
1861,61,1,1,1,6,2,7,38
1862,62,1,1,1,6,2,7,38
1863,63,1,1,1,6,2,7,38
1864,64,1,1,1,6,2,7,38
1865,65,1,1,1,6,2,7,38
1866,66,1,1,1,6,2,7,38
1867,67,1,1,1,6,2,7,38
1868,68,1,1,1,6,2,7,38
1869,69,1,1,1,6,2,7,38
1870,70,1,1,1,6,2,7,38
1871,71,1,1,1,6,2,7,38
1872,72,1,1,1,6,2,7,38
1873,73,1,1,1,6,2,7,38
1874,74,1,1,1,6,2,7,38
1875,75,1,1,1,6,2,7,38
1876,76,1,1,1,6,2,7,38
1877,77,1,1,1,6,2,7,38
1878,78,1,1,1,6,2,7,38
1879,79,1,1,1,6,2,7,38
1880,80,1,1,1,6,2,7,38
1881,81,1,1,1,6,2,7,38
1882,82,1,1,1,6,2,7,38
1883,83,1,1,1,6,2,7,38
1884,84,1,1,1,6,2,7,38
1885,85,1,1,1,6,2,7,38
1886,86,1,1,1,6,2,7,38
1887,87,1,1,1,6,2,7,38
1888,88,1,1,1,6,2,7,38
1889,89,1,1,1,6,2,7,38
1890,90,1,1,1,6,2,7,38
1891,91,1,1,1,6,2,7,38
1892,92,1,1,1,6,2,7,38
1893,93,1,1,1,6,2,7,38
1894,94,1,1,1,6,2,7,38
1895,95,1,1,1,6,2,7,38
1896,96,1,1,1,6,2,7,38
1897,97,1,1,1,6,2,7,38
1898,98,1,1,1,6,2,7,38
1899,99,1,1,1,6,2,7,38
1900,0,1,1,1,6,2,7,39
1901,1,1,1,1,6,2,7,39
1902,2,1,1,1,6,2,7,39
1903,3,1,1,1,6,2,7,39
1904,4,1,1,1,6,2,7,39
1905,5,1,1,1,6,2,7,39
1906,6,1,1,1,6,2,7,39
1907,7,1,1,1,6,2,7,39
1908,8,1,1,1,6,2,7,39
1909,9,1,1,1,6,2,7,39
1910,10,1,1,1,6,2,7,39
1911,11,1,1,1,6,2,7,39
1912,12,1,1,1,6,2,7,39
1913,13,1,1,1,6,2,7,39
1914,14,1,1,1,6,2,7,39
1915,15,1,1,1,6,2,7,39
1916,16,1,1,1,6,2,7,39
1917,17,1,1,1,6,2,7,39
1918,18,1,1,1,6,2,7,39
1919,19,1,1,1,6,2,7,39
1920,20,1,1,1,6,2,7,39
1921,21,1,1,1,6,2,7,39
1922,22,1,1,1,6,2,7,39
1923,23,1,1,1,6,2,7,39
1924,24,1,1,1,6,2,7,39
1925,25,1,1,1,6,2,7,39
1926,26,1,1,1,6,2,7,39
1927,27,1,1,1,6,2,7,39
1928,28,1,1,1,6,2,7,39
1929,29,1,1,1,6,2,7,39
1930,30,1,1,1,6,2,7,39
1931,31,1,1,1,6,2,7,39
1932,32,1,1,1,6,2,7,39
1933,33,1,1,1,6,2,7,39
1934,34,1,1,1,6,2,7,39
1935,35,1,1,1,6,2,7,39
1936,36,1,1,1,6,2,7,39
1937,37,1,1,1,6,2,7,39
1938,38,1,1,1,6,2,7,39
1939,39,1,1,1,6,2,7,39
1940,40,1,1,1,6,2,7,39
1941,41,1,1,1,6,2,7,39
1942,42,1,1,1,6,2,7,39
1943,43,1,1,1,6,2,7,39
1944,44,1,1,1,6,2,7,39
1945,45,1,1,1,6,2,7,39
1946,46,1,1,1,6,2,7,39
1947,47,1,1,1,6,2,7,39
1948,48,1,1,1,6,2,7,39
1949,49,1,1,1,6,2,7,39
1950,50,1,1,1,6,2,7,39
1951,51,1,1,1,6,2,7,39
1952,52,1,1,1,6,2,7,39
1953,53,1,1,1,6,2,7,39
1954,54,1,1,1,6,2,7,39
1955,55,1,1,1,6,2,7,39
1956,56,1,1,1,6,2,7,39
1957,57,1,1,1,6,2,7,39
1958,58,1,1,1,6,2,7,39
1959,59,1,1,1,6,2,7,39
1960,60,1,1,1,6,2,7,39
1961,61,1,1,1,6,2,7,39
1962,62,1,1,1,6,2,7,39
1963,63,1,1,1,6,2,7,39
1964,64,1,1,1,6,2,7,39
1965,65,1,1,1,6,2,7,39
1966,66,1,1,1,6,2,7,39
1967,67,1,1,1,6,2,7,39
1968,68,1,1,1,6,2,7,39
1969,69,1,1,1,6,2,7,39
1970,70,1,1,1,6,2,7,39
1971,71,1,1,1,6,2,7,39
1972,72,1,1,1,6,2,7,39
1973,73,1,1,1,6,2,7,39
1974,74,1,1,1,6,2,7,39
1975,75,1,1,1,6,2,7,39
1976,76,1,1,1,6,2,7,39
1977,77,1,1,1,6,2,7,39
1978,78,1,1,1,6,2,7,39
1979,79,1,1,1,6,2,7,39
1980,80,1,1,1,6,2,7,39
1981,81,1,1,1,6,2,7,39
1982,82,1,1,1,6,2,7,39
1983,83,1,1,1,6,2,7,39
1984,84,1,1,1,6,2,7,39
1985,85,1,1,1,6,2,7,39
1986,86,1,1,1,6,2,7,39
1987,87,1,1,1,6,2,7,39
1988,88,1,1,1,6,2,7,39
1989,89,1,1,1,6,2,7,39
1990,90,1,1,1,6,2,7,39
1991,91,1,1,1,6,2,7,39
1992,92,1,1,1,6,2,7,39
1993,93,1,1,1,6,2,7,39
1994,94,1,1,1,6,2,7,39
1995,95,1,1,1,6,2,7,39
1996,96,1,1,1,6,2,7,39
1997,97,1,1,1,6,2,7,39
1998,98,1,1,1,6,2,7,39
1999,99,1,1,1,6,2,7,39
2000,0,1,1,1,6,2,7,40
2001,1,1,1,1,6,2,7,40
2002,2,1,1,1,6,2,7,40
2003,3,1,1,1,6,2,7,40
2004,4,1,1,1,6,2,7,40
2005,5,1,1,1,6,2,7,40
2006,6,1,1,1,6,2,7,40
2007,7,1,1,1,6,2,7,40
2008,8,1,1,1,6,2,7,40
2009,9,1,1,1,6,2,7,40
2010,10,1,1,1,6,2,7,40
2011,11,1,1,1,6,2,7,40
2012,12,1,1,1,6,2,7,40
2013,13,1,1,1,6,2,7,40
2014,14,1,1,1,6,2,7,40
2015,15,1,1,1,6,2,7,40
2016,16,1,1,1,6,2,7,40
2017,17,1,1,1,6,2,7,40
2018,18,1,1,1,6,2,7,40
2019,19,1,1,1,6,2,7,40
2020,20,1,1,1,6,2,7,40
2021,21,1,1,1,6,2,7,40
2022,22,1,1,1,6,2,7,40
2023,23,1,1,1,6,2,7,40
2024,24,1,1,1,6,2,7,40
2025,25,1,1,1,6,2,7,40
2026,26,1,1,1,6,2,7,40
2027,27,1,1,1,6,2,7,40
2028,28,1,1,1,6,2,7,40
2029,29,1,1,1,6,2,7,40
2030,30,1,1,1,6,2,7,40
2031,31,1,1,1,6,2,7,40
2032,32,1,1,1,6,2,7,40
2033,33,1,1,1,6,2,7,40
2034,34,1,1,1,6,2,7,40
2035,35,1,1,1,6,2,7,40
2036,36,1,1,1,6,2,7,40
2037,37,1,1,1,6,2,7,40
2038,38,1,1,1,6,2,7,40
2039,39,1,1,1,6,2,7,40
2040,40,1,1,1,6,2,7,40
2041,41,1,1,1,6,2,7,40
2042,42,1,1,1,6,2,7,40
2043,43,1,1,1,6,2,7,40
2044,44,1,1,1,6,2,7,40
2045,45,1,1,1,6,2,7,40
2046,46,1,1,1,6,2,7,40
2047,47,1,1,1,6,2,7,40
2048,48,1,1,1,6,2,7,40
2049,49,1,1,1,6,2,7,40
2050,50,1,1,1,6,2,7,40
2051,51,1,1,1,6,2,7,40
2052,52,1,1,1,6,2,7,40
2053,53,1,1,1,6,2,7,40
2054,54,1,1,1,6,2,7,40
2055,55,1,1,1,6,2,7,40
2056,56,1,1,1,6,2,7,40
2057,57,1,1,1,6,2,7,40
2058,58,1,1,1,6,2,7,40
2059,59,1,1,1,6,2,7,40
2060,60,1,1,1,6,2,7,40
2061,61,1,1,1,6,2,7,40
2062,62,1,1,1,6,2,7,40
2063,63,1,1,1,6,2,7,40
2064,64,1,1,1,6,2,7,40
2065,65,1,1,1,6,2,7,40
2066,66,1,1,1,6,2,7,40
2067,67,1,1,1,6,2,7,40
2068,68,1,1,1,6,2,7,40
2069,69,1,1,1,6,2,7,40
2070,70,1,1,1,6,2,7,40
2071,71,1,1,1,6,2,7,40
2072,72,1,1,1,6,2,7,40
2073,73,1,1,1,6,2,7,40
2074,74,1,1,1,6,2,7,40
2075,75,1,1,1,6,2,7,40
2076,76,1,1,1,6,2,7,40
2077,77,1,1,1,6,2,7,40
2078,78,1,1,1,6,2,7,40
2079,79,1,1,1,6,2,7,40
2080,80,1,1,1,6,2,7,40
2081,81,1,1,1,6,2,7,40
2082,82,1,1,1,6,2,7,40
2083,83,1,1,1,6,2,7,40
2084,84,1,1,1,6,2,7,40
2085,85,1,1,1,6,2,7,40
2086,86,1,1,1,6,2,7,40
2087,87,1,1,1,6,2,7,40
2088,88,1,1,1,6,2,7,40
2089,89,1,1,1,6,2,7,40
2090,90,1,1,1,6,2,7,40
2091,91,1,1,1,6,2,7,40
2092,92,1,1,1,6,2,7,40
2093,93,1,1,1,6,2,7,40
2094,94,1,1,1,6,2,7,40
2095,95,1,1,1,6,2,7,40
2096,96,1,1,1,6,2,7,40
2097,97,1,1,1,6,2,7,40
2098,98,1,1,1,6,2,7,40
2099,99,1,1,1,6,2,7,40
2100,0,1,1,1,6,2,7,41
2101,1,1,1,1,6,2,7,41
2102,2,1,1,1,6,2,7,41
2103,3,1,1,1,6,2,7,41
2104,4,1,1,1,6,2,7,41
2105,5,1,1,1,6,2,7,41
2106,6,1,1,1,6,2,7,41
2107,7,1,1,1,6,2,7,41
2108,8,1,1,1,6,2,7,41
2109,9,1,1,1,6,2,7,41
2110,10,1,1,1,6,2,7,41
2111,11,1,1,1,6,2,7,41
2112,12,1,1,1,6,2,7,41
2113,13,1,1,1,6,2,7,41
2114,14,1,1,1,6,2,7,41
2115,15,1,1,1,6,2,7,41
2116,16,1,1,1,6,2,7,41
2117,17,1,1,1,6,2,7,41
2118,18,1,1,1,6,2,7,41
2119,19,1,1,1,6,2,7,41
2120,20,1,1,1,6,2,7,41
2121,21,1,1,1,6,2,7,41
2122,22,1,1,1,6,2,7,41
2123,23,1,1,1,6,2,7,41
2124,24,1,1,1,6,2,7,41
2125,25,1,1,1,6,2,7,41
2126,26,1,1,1,6,2,7,41
2127,27,1,1,1,6,2,7,41
2128,28,1,1,1,6,2,7,41
2129,29,1,1,1,6,2,7,41
2130,30,1,1,1,6,2,7,41
2131,31,1,1,1,6,2,7,41
2132,32,1,1,1,6,2,7,41
2133,33,1,1,1,6,2,7,41
2134,34,1,1,1,6,2,7,41
2135,35,1,1,1,6,2,7,41
2136,36,1,1,1,6,2,7,41
2137,37,1,1,1,6,2,7,41
2138,38,1,1,1,6,2,7,41
2139,39,1,1,1,6,2,7,41
2140,40,1,1,1,6,2,7,41
2141,41,1,1,1,6,2,7,41
2142,42,1,1,1,6,2,7,41
2143,43,1,1,1,6,2,7,41
2144,44,1,1,1,6,2,7,41
2145,45,1,1,1,6,2,7,41
2146,46,1,1,1,6,2,7,41
2147,47,1,1,1,6,2,7,41
2148,48,1,1,1,6,2,7,41
2149,49,1,1,1,6,2,7,41
2150,50,1,1,1,6,2,7,41
2151,51,1,1,1,6,2,7,41
2152,52,1,1,1,6,2,7,41
2153,53,1,1,1,6,2,7,41
2154,54,1,1,1,6,2,7,41
2155,55,1,1,1,6,2,7,41
2156,56,1,1,1,6,2,7,41
2157,57,1,1,1,6,2,7,41
2158,58,1,1,1,6,2,7,41
2159,59,1,1,1,6,2,7,41
2160,60,1,1,1,6,2,7,41
2161,61,1,1,1,6,2,7,41
2162,62,1,1,1,6,2,7,41
2163,63,1,1,1,6,2,7,41
2164,64,1,1,1,6,2,7,41
2165,65,1,1,1,6,2,7,41
2166,66,1,1,1,6,2,7,41
2167,67,1,1,1,6,2,7,41
2168,68,1,1,1,6,2,7,41
2169,69,1,1,1,6,2,7,41
2170,70,1,1,1,6,2,7,41
2171,71,1,1,1,6,2,7,41
2172,72,1,1,1,6,2,7,41
2173,73,1,1,1,6,2,7,41
2174,74,1,1,1,6,2,7,41
2175,75,1,1,1,6,2,7,41
2176,76,1,1,1,6,2,7,41
2177,77,1,1,1,6,2,7,41
2178,78,1,1,1,6,2,7,41
2179,79,1,1,1,6,2,7,41
2180,80,1,1,1,6,2,7,41
2181,81,1,1,1,6,2,7,41
2182,82,1,1,1,6,2,7,41
2183,83,1,1,1,6,2,7,41
2184,84,1,1,1,6,2,7,41
2185,85,1,1,1,6,2,7,41
2186,86,1,1,1,6,2,7,41
2187,87,1,1,1,6,2,7,41
2188,88,1,1,1,6,2,7,41
2189,89,1,1,1,6,2,7,41
2190,90,1,1,1,6,2,7,41
2191,91,1,1,1,6,2,7,41
2192,92,1,1,1,6,2,7,41
2193,93,1,1,1,6,2,7,41
2194,94,1,1,1,6,2,7,41
2195,95,1,1,1,6,2,7,41
2196,96,1,1,1,6,2,7,41
2197,97,1,1,1,6,2,7,41
2198,98,1,1,1,6,2,7,41
2199,99,1,1,1,6,2,7,41
2200,0,1,1,1,6,2,7,42
2201,1,1,1,1,6,2,7,42
2202,2,1,1,1,6,2,7,42
2203,3,1,1,1,6,2,7,42
2204,4,1,1,1,6,2,7,42
2205,5,1,1,1,6,2,7,42
2206,6,1,1,1,6,2,7,42
2207,7,1,1,1,6,2,7,42
2208,8,1,1,1,6,2,7,42
2209,9,1,1,1,6,2,7,42
2210,10,1,1,1,6,2,7,42
2211,11,1,1,1,6,2,7,42
2212,12,1,1,1,6,2,7,42
2213,13,1,1,1,6,2,7,42
2214,14,1,1,1,6,2,7,42
2215,15,1,1,1,6,2,7,42
2216,16,1,1,1,6,2,7,42
2217,17,1,1,1,6,2,7,42
2218,18,1,1,1,6,2,7,42
2219,19,1,1,1,6,2,7,42
2220,20,1,1,1,6,2,7,42
2221,21,1,1,1,6,2,7,42
2222,22,1,1,1,6,2,7,42
2223,23,1,1,1,6,2,7,42
2224,24,1,1,1,6,2,7,42
2225,25,1,1,1,6,2,7,42
2226,26,1,1,1,6,2,7,42
2227,27,1,1,1,6,2,7,42
2228,28,1,1,1,6,2,7,42
2229,29,1,1,1,6,2,7,42
2230,30,1,1,1,6,2,7,42
2231,31,1,1,1,6,2,7,42
2232,32,1,1,1,6,2,7,42
2233,33,1,1,1,6,2,7,42
2234,34,1,1,1,6,2,7,42
2235,35,1,1,1,6,2,7,42
2236,36,1,1,1,6,2,7,42
2237,37,1,1,1,6,2,7,42
2238,38,1,1,1,6,2,7,42
2239,39,1,1,1,6,2,7,42
2240,40,1,1,1,6,2,7,42
2241,41,1,1,1,6,2,7,42
2242,42,1,1,1,6,2,7,42
2243,43,1,1,1,6,2,7,42
2244,44,1,1,1,6,2,7,42
2245,45,1,1,1,6,2,7,42
2246,46,1,1,1,6,2,7,42
2247,47,1,1,1,6,2,7,42
2248,48,1,1,1,6,2,7,42
2249,49,1,1,1,6,2,7,42
2250,50,1,1,1,6,2,7,42
2251,51,1,1,1,6,2,7,42
2252,52,1,1,1,6,2,7,42
2253,53,1,1,1,6,2,7,42
2254,54,1,1,1,6,2,7,42
2255,55,1,1,1,6,2,7,42
2256,56,1,1,1,6,2,7,42
2257,57,1,1,1,6,2,7,42
2258,58,1,1,1,6,2,7,42
2259,59,1,1,1,6,2,7,42
2260,60,1,1,1,6,2,7,42
2261,61,1,1,1,6,2,7,42
2262,62,1,1,1,6,2,7,42
2263,63,1,1,1,6,2,7,42
2264,64,1,1,1,6,2,7,42
2265,65,1,1,1,6,2,7,42
2266,66,1,1,1,6,2,7,42
2267,67,1,1,1,6,2,7,42
2268,68,1,1,1,6,2,7,42
2269,69,1,1,1,6,2,7,42
2270,70,1,1,1,6,2,7,42
2271,71,1,1,1,6,2,7,42
2272,72,1,1,1,6,2,7,42
2273,73,1,1,1,6,2,7,42
2274,74,1,1,1,6,2,7,42
2275,75,1,1,1,6,2,7,42
2276,76,1,1,1,6,2,7,42
2277,77,1,1,1,6,2,7,42
2278,78,1,1,1,6,2,7,42
2279,79,1,1,1,6,2,7,42
2280,80,1,1,1,6,2,7,42
2281,81,1,1,1,6,2,7,42
2282,82,1,1,1,6,2,7,42
2283,83,1,1,1,6,2,7,42
2284,84,1,1,1,6,2,7,42
2285,85,1,1,1,6,2,7,42
2286,86,1,1,1,6,2,7,42
2287,87,1,1,1,6,2,7,42
2288,88,1,1,1,6,2,7,42
2289,89,1,1,1,6,2,7,42
2290,90,1,1,1,6,2,7,42
2291,91,1,1,1,6,2,7,42
2292,92,1,1,1,6,2,7,42
2293,93,1,1,1,6,2,7,42
2294,94,1,1,1,6,2,7,42
2295,95,1,1,1,6,2,7,42
2296,96,1,1,1,6,2,7,42
2297,97,1,1,1,6,2,7,42
2298,98,1,1,1,6,2,7,42
2299,99,1,1,1,6,2,7,42
2300,0,1,1,1,6,2,7,43
2301,1,1,1,1,6,2,7,43
2302,2,1,1,1,6,2,7,43
2303,3,1,1,1,6,2,7,43
2304,4,1,1,1,6,2,7,43
2305,5,1,1,1,6,2,7,43
2306,6,1,1,1,6,2,7,43
2307,7,1,1,1,6,2,7,43
2308,8,1,1,1,6,2,7,43
2309,9,1,1,1,6,2,7,43
2310,10,1,1,1,6,2,7,43
2311,11,1,1,1,6,2,7,43
2312,12,1,1,1,6,2,7,43
2313,13,1,1,1,6,2,7,43
2314,14,1,1,1,6,2,7,43
2315,15,1,1,1,6,2,7,43
2316,16,1,1,1,6,2,7,43
2317,17,1,1,1,6,2,7,43
2318,18,1,1,1,6,2,7,43
2319,19,1,1,1,6,2,7,43
2320,20,1,1,1,6,2,7,43
2321,21,1,1,1,6,2,7,43
2322,22,1,1,1,6,2,7,43
2323,23,1,1,1,6,2,7,43
2324,24,1,1,1,6,2,7,43
2325,25,1,1,1,6,2,7,43
2326,26,1,1,1,6,2,7,43
2327,27,1,1,1,6,2,7,43
2328,28,1,1,1,6,2,7,43
2329,29,1,1,1,6,2,7,43
2330,30,1,1,1,6,2,7,43
2331,31,1,1,1,6,2,7,43
2332,32,1,1,1,6,2,7,43
2333,33,1,1,1,6,2,7,43
2334,34,1,1,1,6,2,7,43
2335,35,1,1,1,6,2,7,43
2336,36,1,1,1,6,2,7,43
2337,37,1,1,1,6,2,7,43
2338,38,1,1,1,6,2,7,43
2339,39,1,1,1,6,2,7,43
2340,40,1,1,1,6,2,7,43
2341,41,1,1,1,6,2,7,43
2342,42,1,1,1,6,2,7,43
2343,43,1,1,1,6,2,7,43
2344,44,1,1,1,6,2,7,43
2345,45,1,1,1,6,2,7,43
2346,46,1,1,1,6,2,7,43
2347,47,1,1,1,6,2,7,43
2348,48,1,1,1,6,2,7,43
2349,49,1,1,1,6,2,7,43
2350,50,1,1,1,6,2,7,43
2351,51,1,1,1,6,2,7,43
2352,52,1,1,1,6,2,7,43
2353,53,1,1,1,6,2,7,43
2354,54,1,1,1,6,2,7,43
2355,55,1,1,1,6,2,7,43
2356,56,1,1,1,6,2,7,43
2357,57,1,1,1,6,2,7,43
2358,58,1,1,1,6,2,7,43
2359,59,1,1,1,6,2,7,43
2360,60,1,1,1,6,2,7,43
2361,61,1,1,1,6,2,7,43
2362,62,1,1,1,6,2,7,43
2363,63,1,1,1,6,2,7,43
2364,64,1,1,1,6,2,7,43
2365,65,1,1,1,6,2,7,43
2366,66,1,1,1,6,2,7,43
2367,67,1,1,1,6,2,7,43
2368,68,1,1,1,6,2,7,43
2369,69,1,1,1,6,2,7,43
2370,70,1,1,1,6,2,7,43
2371,71,1,1,1,6,2,7,43
2372,72,1,1,1,6,2,7,43
2373,73,1,1,1,6,2,7,43
2374,74,1,1,1,6,2,7,43
2375,75,1,1,1,6,2,7,43
2376,76,1,1,1,6,2,7,43
2377,77,1,1,1,6,2,7,43
2378,78,1,1,1,6,2,7,43
2379,79,1,1,1,6,2,7,43
2380,80,1,1,1,6,2,7,43
2381,81,1,1,1,6,2,7,43
2382,82,1,1,1,6,2,7,43
2383,83,1,1,1,6,2,7,43
2384,84,1,1,1,6,2,7,43
2385,85,1,1,1,6,2,7,43
2386,86,1,1,1,6,2,7,43
2387,87,1,1,1,6,2,7,43
2388,88,1,1,1,6,2,7,43
2389,89,1,1,1,6,2,7,43
2390,90,1,1,1,6,2,7,43
2391,91,1,1,1,6,2,7,43
2392,92,1,1,1,6,2,7,43
2393,93,1,1,1,6,2,7,43
2394,94,1,1,1,6,2,7,43
2395,95,1,1,1,6,2,7,43
2396,96,1,1,1,6,2,7,43
2397,97,1,1,1,6,2,7,43
2398,98,1,1,1,6,2,7,43
2399,99,1,1,1,6,2,7,43
2400,0,1,1,1,6,2,7,44
2401,1,1,1,1,6,2,7,44
2402,2,1,1,1,6,2,7,44
2403,3,1,1,1,6,2,7,44
2404,4,1,1,1,6,2,7,44
2405,5,1,1,1,6,2,7,44
2406,6,1,1,1,6,2,7,44
2407,7,1,1,1,6,2,7,44
2408,8,1,1,1,6,2,7,44
2409,9,1,1,1,6,2,7,44
2410,10,1,1,1,6,2,7,44
2411,11,1,1,1,6,2,7,44
2412,12,1,1,1,6,2,7,44
2413,13,1,1,1,6,2,7,44
2414,14,1,1,1,6,2,7,44
2415,15,1,1,1,6,2,7,44
2416,16,1,1,1,6,2,7,44
2417,17,1,1,1,6,2,7,44
2418,18,1,1,1,6,2,7,44
2419,19,1,1,1,6,2,7,44
2420,20,1,1,1,6,2,7,44
2421,21,1,1,1,6,2,7,44
2422,22,1,1,1,6,2,7,44
2423,23,1,1,1,6,2,7,44
2424,24,1,1,1,6,2,7,44
2425,25,1,1,1,6,2,7,44
2426,26,1,1,1,6,2,7,44
2427,27,1,1,1,6,2,7,44
2428,28,1,1,1,6,2,7,44
2429,29,1,1,1,6,2,7,44
2430,30,1,1,1,6,2,7,44
2431,31,1,1,1,6,2,7,44
2432,32,1,1,1,6,2,7,44
2433,33,1,1,1,6,2,7,44
2434,34,1,1,1,6,2,7,44
2435,35,1,1,1,6,2,7,44
2436,36,1,1,1,6,2,7,44
2437,37,1,1,1,6,2,7,44
2438,38,1,1,1,6,2,7,44
2439,39,1,1,1,6,2,7,44
2440,40,1,1,1,6,2,7,44
2441,41,1,1,1,6,2,7,44
2442,42,1,1,1,6,2,7,44
2443,43,1,1,1,6,2,7,44
2444,44,1,1,1,6,2,7,44
2445,45,1,1,1,6,2,7,44
2446,46,1,1,1,6,2,7,44
2447,47,1,1,1,6,2,7,44
2448,48,1,1,1,6,2,7,44
2449,49,1,1,1,6,2,7,44
2450,50,1,1,1,6,2,7,44
2451,51,1,1,1,6,2,7,44
2452,52,1,1,1,6,2,7,44
2453,53,1,1,1,6,2,7,44
2454,54,1,1,1,6,2,7,44
2455,55,1,1,1,6,2,7,44
2456,56,1,1,1,6,2,7,44
2457,57,1,1,1,6,2,7,44
2458,58,1,1,1,6,2,7,44
2459,59,1,1,1,6,2,7,44
2460,60,1,1,1,6,2,7,44
2461,61,1,1,1,6,2,7,44
2462,62,1,1,1,6,2,7,44
2463,63,1,1,1,6,2,7,44
2464,64,1,1,1,6,2,7,44
2465,65,1,1,1,6,2,7,44
2466,66,1,1,1,6,2,7,44
2467,67,1,1,1,6,2,7,44
2468,68,1,1,1,6,2,7,44
2469,69,1,1,1,6,2,7,44
2470,70,1,1,1,6,2,7,44
2471,71,1,1,1,6,2,7,44
2472,72,1,1,1,6,2,7,44
2473,73,1,1,1,6,2,7,44
2474,74,1,1,1,6,2,7,44
2475,75,1,1,1,6,2,7,44
2476,76,1,1,1,6,2,7,44
2477,77,1,1,1,6,2,7,44
2478,78,1,1,1,6,2,7,44
2479,79,1,1,1,6,2,7,44
2480,80,1,1,1,6,2,7,44
2481,81,1,1,1,6,2,7,44
2482,82,1,1,1,6,2,7,44
2483,83,1,1,1,6,2,7,44
2484,84,1,1,1,6,2,7,44
2485,85,1,1,1,6,2,7,44
2486,86,1,1,1,6,2,7,44
2487,87,1,1,1,6,2,7,44
2488,88,1,1,1,6,2,7,44
2489,89,1,1,1,6,2,7,44
2490,90,1,1,1,6,2,7,44
2491,91,1,1,1,6,2,7,44
2492,92,1,1,1,6,2,7,44
2493,93,1,1,1,6,2,7,44
2494,94,1,1,1,6,2,7,44
2495,95,1,1,1,6,2,7,44
2496,96,1,1,1,6,2,7,44
2497,97,1,1,1,6,2,7,44
2498,98,1,1,1,6,2,7,44
2499,99,1,1,1,6,2,7,44
2500,0,1,1,1,6,2,7,45
2501,1,1,1,1,6,2,7,45
2502,2,1,1,1,6,2,7,45
2503,3,1,1,1,6,2,7,45
2504,4,1,1,1,6,2,7,45
2505,5,1,1,1,6,2,7,45
2506,6,1,1,1,6,2,7,45
2507,7,1,1,1,6,2,7,45
2508,8,1,1,1,6,2,7,45
2509,9,1,1,1,6,2,7,45
2510,10,1,1,1,6,2,7,45
2511,11,1,1,1,6,2,7,45
2512,12,1,1,1,6,2,7,45
2513,13,1,1,1,6,2,7,45
2514,14,1,1,1,6,2,7,45
2515,15,1,1,1,6,2,7,45
2516,16,1,1,1,6,2,7,45
2517,17,1,1,1,6,2,7,45
2518,18,1,1,1,6,2,7,45
2519,19,1,1,1,6,2,7,45
2520,20,1,1,1,6,2,7,45
2521,21,1,1,1,6,2,7,45
2522,22,1,1,1,6,2,7,45
2523,23,1,1,1,6,2,7,45
2524,24,1,1,1,6,2,7,45
2525,25,1,1,1,6,2,7,45
2526,26,1,1,1,6,2,7,45
2527,27,1,1,1,6,2,7,45
2528,28,1,1,1,6,2,7,45
2529,29,1,1,1,6,2,7,45
2530,30,1,1,1,6,2,7,45
2531,31,1,1,1,6,2,7,45
2532,32,1,1,1,6,2,7,45
2533,33,1,1,1,6,2,7,45
2534,34,1,1,1,6,2,7,45
2535,35,1,1,1,6,2,7,45
2536,36,1,1,1,6,2,7,45
2537,37,1,1,1,6,2,7,45
2538,38,1,1,1,6,2,7,45
2539,39,1,1,1,6,2,7,45
2540,40,1,1,1,6,2,7,45
2541,41,1,1,1,6,2,7,45
2542,42,1,1,1,6,2,7,45
2543,43,1,1,1,6,2,7,45
2544,44,1,1,1,6,2,7,45
2545,45,1,1,1,6,2,7,45
2546,46,1,1,1,6,2,7,45
2547,47,1,1,1,6,2,7,45
2548,48,1,1,1,6,2,7,45
2549,49,1,1,1,6,2,7,45
2550,50,1,1,1,6,2,7,45
2551,51,1,1,1,6,2,7,45
2552,52,1,1,1,6,2,7,45
2553,53,1,1,1,6,2,7,45
2554,54,1,1,1,6,2,7,45
2555,55,1,1,1,6,2,7,45
2556,56,1,1,1,6,2,7,45
2557,57,1,1,1,6,2,7,45
2558,58,1,1,1,6,2,7,45
2559,59,1,1,1,6,2,7,45
2560,60,1,1,1,6,2,7,45
2561,61,1,1,1,6,2,7,45
2562,62,1,1,1,6,2,7,45
2563,63,1,1,1,6,2,7,45
2564,64,1,1,1,6,2,7,45
2565,65,1,1,1,6,2,7,45
2566,66,1,1,1,6,2,7,45
2567,67,1,1,1,6,2,7,45
2568,68,1,1,1,6,2,7,45
2569,69,1,1,1,6,2,7,45
2570,70,1,1,1,6,2,7,45
2571,71,1,1,1,6,2,7,45
2572,72,1,1,1,6,2,7,45
2573,73,1,1,1,6,2,7,45
2574,74,1,1,1,6,2,7,45
2575,75,1,1,1,6,2,7,45
2576,76,1,1,1,6,2,7,45
2577,77,1,1,1,6,2,7,45
2578,78,1,1,1,6,2,7,45
2579,79,1,1,1,6,2,7,45
2580,80,1,1,1,6,2,7,45
2581,81,1,1,1,6,2,7,45
2582,82,1,1,1,6,2,7,45
2583,83,1,1,1,6,2,7,45
2584,84,1,1,1,6,2,7,45
2585,85,1,1,1,6,2,7,45
2586,86,1,1,1,6,2,7,45
2587,87,1,1,1,6,2,7,45
2588,88,1,1,1,6,2,7,45
2589,89,1,1,1,6,2,7,45
2590,90,1,1,1,6,2,7,45
2591,91,1,1,1,6,2,7,45
2592,92,1,1,1,6,2,7,45
2593,93,1,1,1,6,2,7,45
2594,94,1,1,1,6,2,7,45
2595,95,1,1,1,6,2,7,45
2596,96,1,1,1,6,2,7,45
2597,97,1,1,1,6,2,7,45
2598,98,1,1,1,6,2,7,45
2599,99,1,1,1,6,2,7,45
2600,0,1,1,1,6,2,7,46
2601,1,1,1,1,6,2,7,46
2602,2,1,1,1,6,2,7,46
2603,3,1,1,1,6,2,7,46
2604,4,1,1,1,6,2,7,46
2605,5,1,1,1,6,2,7,46
2606,6,1,1,1,6,2,7,46
2607,7,1,1,1,6,2,7,46
2608,8,1,1,1,6,2,7,46
2609,9,1,1,1,6,2,7,46
2610,10,1,1,1,6,2,7,46
2611,11,1,1,1,6,2,7,46
2612,12,1,1,1,6,2,7,46
2613,13,1,1,1,6,2,7,46
2614,14,1,1,1,6,2,7,46
2615,15,1,1,1,6,2,7,46
2616,16,1,1,1,6,2,7,46
2617,17,1,1,1,6,2,7,46
2618,18,1,1,1,6,2,7,46
2619,19,1,1,1,6,2,7,46
2620,20,1,1,1,6,2,7,46
2621,21,1,1,1,6,2,7,46
2622,22,1,1,1,6,2,7,46
2623,23,1,1,1,6,2,7,46
2624,24,1,1,1,6,2,7,46
2625,25,1,1,1,6,2,7,46
2626,26,1,1,1,6,2,7,46
2627,27,1,1,1,6,2,7,46
2628,28,1,1,1,6,2,7,46
2629,29,1,1,1,6,2,7,46
2630,30,1,1,1,6,2,7,46
2631,31,1,1,1,6,2,7,46
2632,32,1,1,1,6,2,7,46
2633,33,1,1,1,6,2,7,46
2634,34,1,1,1,6,2,7,46
2635,35,1,1,1,6,2,7,46
2636,36,1,1,1,6,2,7,46
2637,37,1,1,1,6,2,7,46
2638,38,1,1,1,6,2,7,46
2639,39,1,1,1,6,2,7,46
2640,40,1,1,1,6,2,7,46
2641,41,1,1,1,6,2,7,46
2642,42,1,1,1,6,2,7,46
2643,43,1,1,1,6,2,7,46
2644,44,1,1,1,6,2,7,46
2645,45,1,1,1,6,2,7,46
2646,46,1,1,1,6,2,7,46
2647,47,1,1,1,6,2,7,46
2648,48,1,1,1,6,2,7,46
2649,49,1,1,1,6,2,7,46
2650,50,1,1,1,6,2,7,46
2651,51,1,1,1,6,2,7,46
2652,52,1,1,1,6,2,7,46
2653,53,1,1,1,6,2,7,46
2654,54,1,1,1,6,2,7,46
2655,55,1,1,1,6,2,7,46
2656,56,1,1,1,6,2,7,46
2657,57,1,1,1,6,2,7,46
2658,58,1,1,1,6,2,7,46
2659,59,1,1,1,6,2,7,46
2660,60,1,1,1,6,2,7,46
2661,61,1,1,1,6,2,7,46
2662,62,1,1,1,6,2,7,46
2663,63,1,1,1,6,2,7,46
2664,64,1,1,1,6,2,7,46
2665,65,1,1,1,6,2,7,46
2666,66,1,1,1,6,2,7,46
2667,67,1,1,1,6,2,7,46
2668,68,1,1,1,6,2,7,46
2669,69,1,1,1,6,2,7,46
2670,70,1,1,1,6,2,7,46
2671,71,1,1,1,6,2,7,46
2672,72,1,1,1,6,2,7,46
2673,73,1,1,1,6,2,7,46
2674,74,1,1,1,6,2,7,46
2675,75,1,1,1,6,2,7,46
2676,76,1,1,1,6,2,7,46
2677,77,1,1,1,6,2,7,46
2678,78,1,1,1,6,2,7,46
2679,79,1,1,1,6,2,7,46
2680,80,1,1,1,6,2,7,46
2681,81,1,1,1,6,2,7,46
2682,82,1,1,1,6,2,7,46
2683,83,1,1,1,6,2,7,46
2684,84,1,1,1,6,2,7,46
2685,85,1,1,1,6,2,7,46
2686,86,1,1,1,6,2,7,46
2687,87,1,1,1,6,2,7,46
2688,88,1,1,1,6,2,7,46
2689,89,1,1,1,6,2,7,46
2690,90,1,1,1,6,2,7,46
2691,91,1,1,1,6,2,7,46
2692,92,1,1,1,6,2,7,46
2693,93,1,1,1,6,2,7,46
2694,94,1,1,1,6,2,7,46
2695,95,1,1,1,6,2,7,46
2696,96,1,1,1,6,2,7,46
2697,97,1,1,1,6,2,7,46
2698,98,1,1,1,6,2,7,46
2699,99,1,1,1,6,2,7,46
2700,0,1,1,1,6,2,7,47
2701,1,1,1,1,6,2,7,47
2702,2,1,1,1,6,2,7,47
2703,3,1,1,1,6,2,7,47
2704,4,1,1,1,6,2,7,47
2705,5,1,1,1,6,2,7,47
2706,6,1,1,1,6,2,7,47
2707,7,1,1,1,6,2,7,47
2708,8,1,1,1,6,2,7,47
2709,9,1,1,1,6,2,7,47
2710,10,1,1,1,6,2,7,47
2711,11,1,1,1,6,2,7,47
2712,12,1,1,1,6,2,7,47
2713,13,1,1,1,6,2,7,47
2714,14,1,1,1,6,2,7,47
2715,15,1,1,1,6,2,7,47
2716,16,1,1,1,6,2,7,47
2717,17,1,1,1,6,2,7,47
2718,18,1,1,1,6,2,7,47
2719,19,1,1,1,6,2,7,47
2720,20,1,1,1,6,2,7,47
2721,21,1,1,1,6,2,7,47
2722,22,1,1,1,6,2,7,47
2723,23,1,1,1,6,2,7,47
2724,24,1,1,1,6,2,7,47
2725,25,1,1,1,6,2,7,47
2726,26,1,1,1,6,2,7,47
2727,27,1,1,1,6,2,7,47
2728,28,1,1,1,6,2,7,47
2729,29,1,1,1,6,2,7,47
2730,30,1,1,1,6,2,7,47
2731,31,1,1,1,6,2,7,47
2732,32,1,1,1,6,2,7,47
2733,33,1,1,1,6,2,7,47
2734,34,1,1,1,6,2,7,47
2735,35,1,1,1,6,2,7,47
2736,36,1,1,1,6,2,7,47
2737,37,1,1,1,6,2,7,47
2738,38,1,1,1,6,2,7,47
2739,39,1,1,1,6,2,7,47
2740,40,1,1,1,6,2,7,47
2741,41,1,1,1,6,2,7,47
2742,42,1,1,1,6,2,7,47
2743,43,1,1,1,6,2,7,47
2744,44,1,1,1,6,2,7,47
2745,45,1,1,1,6,2,7,47
2746,46,1,1,1,6,2,7,47
2747,47,1,1,1,6,2,7,47
2748,48,1,1,1,6,2,7,47
2749,49,1,1,1,6,2,7,47
2750,50,1,1,1,6,2,7,47
2751,51,1,1,1,6,2,7,47
2752,52,1,1,1,6,2,7,47
2753,53,1,1,1,6,2,7,47
2754,54,1,1,1,6,2,7,47
2755,55,1,1,1,6,2,7,47
2756,56,1,1,1,6,2,7,47
2757,57,1,1,1,6,2,7,47
2758,58,1,1,1,6,2,7,47
2759,59,1,1,1,6,2,7,47
2760,60,1,1,1,6,2,7,47
2761,61,1,1,1,6,2,7,47
2762,62,1,1,1,6,2,7,47
2763,63,1,1,1,6,2,7,47
2764,64,1,1,1,6,2,7,47
2765,65,1,1,1,6,2,7,47
2766,66,1,1,1,6,2,7,47
2767,67,1,1,1,6,2,7,47
2768,68,1,1,1,6,2,7,47
2769,69,1,1,1,6,2,7,47
2770,70,1,1,1,6,2,7,47
2771,71,1,1,1,6,2,7,47
2772,72,1,1,1,6,2,7,47
2773,73,1,1,1,6,2,7,47
2774,74,1,1,1,6,2,7,47
2775,75,1,1,1,6,2,7,47
2776,76,1,1,1,6,2,7,47
2777,77,1,1,1,6,2,7,47
2778,78,1,1,1,6,2,7,47
2779,79,1,1,1,6,2,7,47
2780,80,1,1,1,6,2,7,47
2781,81,1,1,1,6,2,7,47
2782,82,1,1,1,6,2,7,47
2783,83,1,1,1,6,2,7,47
2784,84,1,1,1,6,2,7,47
2785,85,1,1,1,6,2,7,47
2786,86,1,1,1,6,2,7,47
2787,87,1,1,1,6,2,7,47
2788,88,1,1,1,6,2,7,47
2789,89,1,1,1,6,2,7,47
2790,90,1,1,1,6,2,7,47
2791,91,1,1,1,6,2,7,47
2792,92,1,1,1,6,2,7,47
2793,93,1,1,1,6,2,7,47
2794,94,1,1,1,6,2,7,47
2795,95,1,1,1,6,2,7,47
2796,96,1,1,1,6,2,7,47
2797,97,1,1,1,6,2,7,47
2798,98,1,1,1,6,2,7,47
2799,99,1,1,1,6,2,7,47
2800,0,1,1,1,6,2,7,48
2801,1,1,1,1,6,2,7,48
2802,2,1,1,1,6,2,7,48
2803,3,1,1,1,6,2,7,48
2804,4,1,1,1,6,2,7,48
2805,5,1,1,1,6,2,7,48
2806,6,1,1,1,6,2,7,48
2807,7,1,1,1,6,2,7,48
2808,8,1,1,1,6,2,7,48
2809,9,1,1,1,6,2,7,48
2810,10,1,1,1,6,2,7,48
2811,11,1,1,1,6,2,7,48
2812,12,1,1,1,6,2,7,48
2813,13,1,1,1,6,2,7,48
2814,14,1,1,1,6,2,7,48
2815,15,1,1,1,6,2,7,48
2816,16,1,1,1,6,2,7,48
2817,17,1,1,1,6,2,7,48
2818,18,1,1,1,6,2,7,48
2819,19,1,1,1,6,2,7,48
2820,20,1,1,1,6,2,7,48
2821,21,1,1,1,6,2,7,48
2822,22,1,1,1,6,2,7,48
2823,23,1,1,1,6,2,7,48
2824,24,1,1,1,6,2,7,48
2825,25,1,1,1,6,2,7,48
2826,26,1,1,1,6,2,7,48
2827,27,1,1,1,6,2,7,48
2828,28,1,1,1,6,2,7,48
2829,29,1,1,1,6,2,7,48
2830,30,1,1,1,6,2,7,48
2831,31,1,1,1,6,2,7,48
2832,32,1,1,1,6,2,7,48
2833,33,1,1,1,6,2,7,48
2834,34,1,1,1,6,2,7,48
2835,35,1,1,1,6,2,7,48
2836,36,1,1,1,6,2,7,48
2837,37,1,1,1,6,2,7,48
2838,38,1,1,1,6,2,7,48
2839,39,1,1,1,6,2,7,48
2840,40,1,1,1,6,2,7,48
2841,41,1,1,1,6,2,7,48
2842,42,1,1,1,6,2,7,48
2843,43,1,1,1,6,2,7,48
2844,44,1,1,1,6,2,7,48
2845,45,1,1,1,6,2,7,48
2846,46,1,1,1,6,2,7,48
2847,47,1,1,1,6,2,7,48
2848,48,1,1,1,6,2,7,48
2849,49,1,1,1,6,2,7,48
2850,50,1,1,1,6,2,7,48
2851,51,1,1,1,6,2,7,48
2852,52,1,1,1,6,2,7,48
2853,53,1,1,1,6,2,7,48
2854,54,1,1,1,6,2,7,48
2855,55,1,1,1,6,2,7,48
2856,56,1,1,1,6,2,7,48
2857,57,1,1,1,6,2,7,48
2858,58,1,1,1,6,2,7,48
2859,59,1,1,1,6,2,7,48
2860,60,1,1,1,6,2,7,48
2861,61,1,1,1,6,2,7,48
2862,62,1,1,1,6,2,7,48
2863,63,1,1,1,6,2,7,48
2864,64,1,1,1,6,2,7,48
2865,65,1,1,1,6,2,7,48
2866,66,1,1,1,6,2,7,48
2867,67,1,1,1,6,2,7,48
2868,68,1,1,1,6,2,7,48
2869,69,1,1,1,6,2,7,48
2870,70,1,1,1,6,2,7,48
2871,71,1,1,1,6,2,7,48
2872,72,1,1,1,6,2,7,48
2873,73,1,1,1,6,2,7,48
2874,74,1,1,1,6,2,7,48
2875,75,1,1,1,6,2,7,48
2876,76,1,1,1,6,2,7,48
2877,77,1,1,1,6,2,7,48
2878,78,1,1,1,6,2,7,48
2879,79,1,1,1,6,2,7,48
2880,80,1,1,1,6,2,7,48
2881,81,1,1,1,6,2,7,48
2882,82,1,1,1,6,2,7,48
2883,83,1,1,1,6,2,7,48
2884,84,1,1,1,6,2,7,48
2885,85,1,1,1,6,2,7,48
2886,86,1,1,1,6,2,7,48
2887,87,1,1,1,6,2,7,48
2888,88,1,1,1,6,2,7,48
2889,89,1,1,1,6,2,7,48
2890,90,1,1,1,6,2,7,48
2891,91,1,1,1,6,2,7,48
2892,92,1,1,1,6,2,7,48
2893,93,1,1,1,6,2,7,48
2894,94,1,1,1,6,2,7,48
2895,95,1,1,1,6,2,7,48
2896,96,1,1,1,6,2,7,48
2897,97,1,1,1,6,2,7,48
2898,98,1,1,1,6,2,7,48
2899,99,1,1,1,6,2,7,48
2900,0,1,1,1,6,2,7,49
2901,1,1,1,1,6,2,7,49
2902,2,1,1,1,6,2,7,49
2903,3,1,1,1,6,2,7,49
2904,4,1,1,1,6,2,7,49
2905,5,1,1,1,6,2,7,49
2906,6,1,1,1,6,2,7,49
2907,7,1,1,1,6,2,7,49
2908,8,1,1,1,6,2,7,49
2909,9,1,1,1,6,2,7,49
2910,10,1,1,1,6,2,7,49
2911,11,1,1,1,6,2,7,49
2912,12,1,1,1,6,2,7,49
2913,13,1,1,1,6,2,7,49
2914,14,1,1,1,6,2,7,49
2915,15,1,1,1,6,2,7,49
2916,16,1,1,1,6,2,7,49
2917,17,1,1,1,6,2,7,49
2918,18,1,1,1,6,2,7,49
2919,19,1,1,1,6,2,7,49
2920,20,1,1,1,6,2,7,49
2921,21,1,1,1,6,2,7,49
2922,22,1,1,1,6,2,7,49
2923,23,1,1,1,6,2,7,49
2924,24,1,1,1,6,2,7,49
2925,25,1,1,1,6,2,7,49
2926,26,1,1,1,6,2,7,49
2927,27,1,1,1,6,2,7,49
2928,28,1,1,1,6,2,7,49
2929,29,1,1,1,6,2,7,49
2930,30,1,1,1,6,2,7,49
2931,31,1,1,1,6,2,7,49
2932,32,1,1,1,6,2,7,49
2933,33,1,1,1,6,2,7,49
2934,34,1,1,1,6,2,7,49
2935,35,1,1,1,6,2,7,49
2936,36,1,1,1,6,2,7,49
2937,37,1,1,1,6,2,7,49
2938,38,1,1,1,6,2,7,49
2939,39,1,1,1,6,2,7,49
2940,40,1,1,1,6,2,7,49
2941,41,1,1,1,6,2,7,49
2942,42,1,1,1,6,2,7,49
2943,43,1,1,1,6,2,7,49
2944,44,1,1,1,6,2,7,49
2945,45,1,1,1,6,2,7,49
2946,46,1,1,1,6,2,7,49
2947,47,1,1,1,6,2,7,49
2948,48,1,1,1,6,2,7,49
2949,49,1,1,1,6,2,7,49
2950,50,1,1,1,6,2,7,49
2951,51,1,1,1,6,2,7,49
2952,52,1,1,1,6,2,7,49
2953,53,1,1,1,6,2,7,49
2954,54,1,1,1,6,2,7,49
2955,55,1,1,1,6,2,7,49
2956,56,1,1,1,6,2,7,49
2957,57,1,1,1,6,2,7,49
2958,58,1,1,1,6,2,7,49
2959,59,1,1,1,6,2,7,49
2960,60,1,1,1,6,2,7,49
2961,61,1,1,1,6,2,7,49
2962,62,1,1,1,6,2,7,49
2963,63,1,1,1,6,2,7,49
2964,64,1,1,1,6,2,7,49
2965,65,1,1,1,6,2,7,49
2966,66,1,1,1,6,2,7,49
2967,67,1,1,1,6,2,7,49
2968,68,1,1,1,6,2,7,49
2969,69,1,1,1,6,2,7,49
2970,70,1,1,1,6,2,7,49
2971,71,1,1,1,6,2,7,49
2972,72,1,1,1,6,2,7,49
2973,73,1,1,1,6,2,7,49
2974,74,1,1,1,6,2,7,49
2975,75,1,1,1,6,2,7,49
2976,76,1,1,1,6,2,7,49
2977,77,1,1,1,6,2,7,49
2978,78,1,1,1,6,2,7,49
2979,79,1,1,1,6,2,7,49
2980,80,1,1,1,6,2,7,49
2981,81,1,1,1,6,2,7,49
2982,82,1,1,1,6,2,7,49
2983,83,1,1,1,6,2,7,49
2984,84,1,1,1,6,2,7,49
2985,85,1,1,1,6,2,7,49
2986,86,1,1,1,6,2,7,49
2987,87,1,1,1,6,2,7,49
2988,88,1,1,1,6,2,7,49
2989,89,1,1,1,6,2,7,49
2990,90,1,1,1,6,2,7,49
2991,91,1,1,1,6,2,7,49
2992,92,1,1,1,6,2,7,49
2993,93,1,1,1,6,2,7,49
2994,94,1,1,1,6,2,7,49
2995,95,1,1,1,6,2,7,49
2996,96,1,1,1,6,2,7,49
2997,97,1,1,1,6,2,7,49
2998,98,1,1,1,6,2,7,49
2999,99,1,1,1,6,2,7,49
3000,0,1,1,1,6,2,7,50
3001,1,1,1,1,6,2,7,50
3002,2,1,1,1,6,2,7,50
3003,3,1,1,1,6,2,7,50
3004,4,1,1,1,6,2,7,50
3005,5,1,1,1,6,2,7,50
3006,6,1,1,1,6,2,7,50
3007,7,1,1,1,6,2,7,50
3008,8,1,1,1,6,2,7,50
3009,9,1,1,1,6,2,7,50
3010,10,1,1,1,6,2,7,50
3011,11,1,1,1,6,2,7,50
3012,12,1,1,1,6,2,7,50
3013,13,1,1,1,6,2,7,50
3014,14,1,1,1,6,2,7,50
3015,15,1,1,1,6,2,7,50
3016,16,1,1,1,6,2,7,50
3017,17,1,1,1,6,2,7,50
3018,18,1,1,1,6,2,7,50
3019,19,1,1,1,6,2,7,50
3020,20,1,1,1,6,2,7,50
3021,21,1,1,1,6,2,7,50
3022,22,1,1,1,6,2,7,50
3023,23,1,1,1,6,2,7,50
3024,24,1,1,1,6,2,7,50
3025,25,1,1,1,6,2,7,50
3026,26,1,1,1,6,2,7,50
3027,27,1,1,1,6,2,7,50
3028,28,1,1,1,6,2,7,50
3029,29,1,1,1,6,2,7,50
3030,30,1,1,1,6,2,7,50
3031,31,1,1,1,6,2,7,50
3032,32,1,1,1,6,2,7,50
3033,33,1,1,1,6,2,7,50
3034,34,1,1,1,6,2,7,50
3035,35,1,1,1,6,2,7,50
3036,36,1,1,1,6,2,7,50
3037,37,1,1,1,6,2,7,50
3038,38,1,1,1,6,2,7,50
3039,39,1,1,1,6,2,7,50
3040,40,1,1,1,6,2,7,50
3041,41,1,1,1,6,2,7,50
3042,42,1,1,1,6,2,7,50
3043,43,1,1,1,6,2,7,50
3044,44,1,1,1,6,2,7,50
3045,45,1,1,1,6,2,7,50
3046,46,1,1,1,6,2,7,50
3047,47,1,1,1,6,2,7,50
3048,48,1,1,1,6,2,7,50
3049,49,1,1,1,6,2,7,50
3050,50,1,1,1,6,2,7,50
3051,51,1,1,1,6,2,7,50
3052,52,1,1,1,6,2,7,50
3053,53,1,1,1,6,2,7,50
3054,54,1,1,1,6,2,7,50
3055,55,1,1,1,6,2,7,50
3056,56,1,1,1,6,2,7,50
3057,57,1,1,1,6,2,7,50
3058,58,1,1,1,6,2,7,50
3059,59,1,1,1,6,2,7,50
3060,60,1,1,1,6,2,7,50
3061,61,1,1,1,6,2,7,50
3062,62,1,1,1,6,2,7,50
3063,63,1,1,1,6,2,7,50
3064,64,1,1,1,6,2,7,50
3065,65,1,1,1,6,2,7,50
3066,66,1,1,1,6,2,7,50
3067,67,1,1,1,6,2,7,50
3068,68,1,1,1,6,2,7,50
3069,69,1,1,1,6,2,7,50
3070,70,1,1,1,6,2,7,50
3071,71,1,1,1,6,2,7,50
3072,72,1,1,1,6,2,7,50
3073,73,1,1,1,6,2,7,50
3074,74,1,1,1,6,2,7,50
3075,75,1,1,1,6,2,7,50
3076,76,1,1,1,6,2,7,50
3077,77,1,1,1,6,2,7,50
3078,78,1,1,1,6,2,7,50
3079,79,1,1,1,6,2,7,50
3080,80,1,1,1,6,2,7,50
3081,81,1,1,1,6,2,7,50
3082,82,1,1,1,6,2,7,50
3083,83,1,1,1,6,2,7,50
3084,84,1,1,1,6,2,7,50
3085,85,1,1,1,6,2,7,50
3086,86,1,1,1,6,2,7,50
3087,87,1,1,1,6,2,7,50
3088,88,1,1,1,6,2,7,50
3089,89,1,1,1,6,2,7,50
3090,90,1,1,1,6,2,7,50
3091,91,1,1,1,6,2,7,50
3092,92,1,1,1,6,2,7,50
3093,93,1,1,1,6,2,7,50
3094,94,1,1,1,6,2,7,50
3095,95,1,1,1,6,2,7,50
3096,96,1,1,1,6,2,7,50
3097,97,1,1,1,6,2,7,50
3098,98,1,1,1,6,2,7,50
3099,99,1,1,1,6,2,7,50
3100,0,1,1,1,6,2,7,51
3101,1,1,1,1,6,2,7,51
3102,2,1,1,1,6,2,7,51
3103,3,1,1,1,6,2,7,51
3104,4,1,1,1,6,2,7,51
3105,5,1,1,1,6,2,7,51
3106,6,1,1,1,6,2,7,51
3107,7,1,1,1,6,2,7,51
3108,8,1,1,1,6,2,7,51
3109,9,1,1,1,6,2,7,51
3110,10,1,1,1,6,2,7,51
3111,11,1,1,1,6,2,7,51
3112,12,1,1,1,6,2,7,51
3113,13,1,1,1,6,2,7,51
3114,14,1,1,1,6,2,7,51
3115,15,1,1,1,6,2,7,51
3116,16,1,1,1,6,2,7,51
3117,17,1,1,1,6,2,7,51
3118,18,1,1,1,6,2,7,51
3119,19,1,1,1,6,2,7,51
3120,20,1,1,1,6,2,7,51
3121,21,1,1,1,6,2,7,51
3122,22,1,1,1,6,2,7,51
3123,23,1,1,1,6,2,7,51
3124,24,1,1,1,6,2,7,51
3125,25,1,1,1,6,2,7,51
3126,26,1,1,1,6,2,7,51
3127,27,1,1,1,6,2,7,51
3128,28,1,1,1,6,2,7,51
3129,29,1,1,1,6,2,7,51
3130,30,1,1,1,6,2,7,51
3131,31,1,1,1,6,2,7,51
3132,32,1,1,1,6,2,7,51
3133,33,1,1,1,6,2,7,51
3134,34,1,1,1,6,2,7,51
3135,35,1,1,1,6,2,7,51
3136,36,1,1,1,6,2,7,51
3137,37,1,1,1,6,2,7,51
3138,38,1,1,1,6,2,7,51
3139,39,1,1,1,6,2,7,51
3140,40,1,1,1,6,2,7,51
3141,41,1,1,1,6,2,7,51
3142,42,1,1,1,6,2,7,51
3143,43,1,1,1,6,2,7,51
3144,44,1,1,1,6,2,7,51
3145,45,1,1,1,6,2,7,51
3146,46,1,1,1,6,2,7,51
3147,47,1,1,1,6,2,7,51
3148,48,1,1,1,6,2,7,51
3149,49,1,1,1,6,2,7,51
3150,50,1,1,1,6,2,7,51
3151,51,1,1,1,6,2,7,51
3152,52,1,1,1,6,2,7,51
3153,53,1,1,1,6,2,7,51
3154,54,1,1,1,6,2,7,51
3155,55,1,1,1,6,2,7,51
3156,56,1,1,1,6,2,7,51
3157,57,1,1,1,6,2,7,51
3158,58,1,1,1,6,2,7,51
3159,59,1,1,1,6,2,7,51
3160,60,1,1,1,6,2,7,51
3161,61,1,1,1,6,2,7,51
3162,62,1,1,1,6,2,7,51
3163,63,1,1,1,6,2,7,51
3164,64,1,1,1,6,2,7,51
3165,65,1,1,1,6,2,7,51
3166,66,1,1,1,6,2,7,51
3167,67,1,1,1,6,2,7,51
3168,68,1,1,1,6,2,7,51
3169,69,1,1,1,6,2,7,51
3170,70,1,1,1,6,2,7,51
3171,71,1,1,1,6,2,7,51
3172,72,1,1,1,6,2,7,51
3173,73,1,1,1,6,2,7,51
3174,74,1,1,1,6,2,7,51
3175,75,1,1,1,6,2,7,51
3176,76,1,1,1,6,2,7,51
3177,77,1,1,1,6,2,7,51
3178,78,1,1,1,6,2,7,51
3179,79,1,1,1,6,2,7,51
3180,80,1,1,1,6,2,7,51
3181,81,1,1,1,6,2,7,51
3182,82,1,1,1,6,2,7,51
3183,83,1,1,1,6,2,7,51
3184,84,1,1,1,6,2,7,51
3185,85,1,1,1,6,2,7,51
3186,86,1,1,1,6,2,7,51
3187,87,1,1,1,6,2,7,51
3188,88,1,1,1,6,2,7,51
3189,89,1,1,1,6,2,7,51
3190,90,1,1,1,6,2,7,51
3191,91,1,1,1,6,2,7,51
3192,92,1,1,1,6,2,7,51
3193,93,1,1,1,6,2,7,51
3194,94,1,1,1,6,2,7,51
3195,95,1,1,1,6,2,7,51
3196,96,1,1,1,6,2,7,51
3197,97,1,1,1,6,2,7,51
3198,98,1,1,1,6,2,7,51
3199,99,1,1,1,6,2,7,51
3200,0,1,1,1,6,2,7,52
3201,1,1,1,1,6,2,7,52
3202,2,1,1,1,6,2,7,52
3203,3,1,1,1,6,2,7,52
3204,4,1,1,1,6,2,7,52
3205,5,1,1,1,6,2,7,52
3206,6,1,1,1,6,2,7,52
3207,7,1,1,1,6,2,7,52
3208,8,1,1,1,6,2,7,52
3209,9,1,1,1,6,2,7,52
3210,10,1,1,1,6,2,7,52
3211,11,1,1,1,6,2,7,52
3212,12,1,1,1,6,2,7,52
3213,13,1,1,1,6,2,7,52
3214,14,1,1,1,6,2,7,52
3215,15,1,1,1,6,2,7,52
3216,16,1,1,1,6,2,7,52
3217,17,1,1,1,6,2,7,52
3218,18,1,1,1,6,2,7,52
3219,19,1,1,1,6,2,7,52
3220,20,1,1,1,6,2,7,52
3221,21,1,1,1,6,2,7,52
3222,22,1,1,1,6,2,7,52
3223,23,1,1,1,6,2,7,52
3224,24,1,1,1,6,2,7,52
3225,25,1,1,1,6,2,7,52
3226,26,1,1,1,6,2,7,52
3227,27,1,1,1,6,2,7,52
3228,28,1,1,1,6,2,7,52
3229,29,1,1,1,6,2,7,52
3230,30,1,1,1,6,2,7,52
3231,31,1,1,1,6,2,7,52
3232,32,1,1,1,6,2,7,52
3233,33,1,1,1,6,2,7,52
3234,34,1,1,1,6,2,7,52
3235,35,1,1,1,6,2,7,52
3236,36,1,1,1,6,2,7,52
3237,37,1,1,1,6,2,7,52
3238,38,1,1,1,6,2,7,52
3239,39,1,1,1,6,2,7,52
3240,40,1,1,1,6,2,7,52
3241,41,1,1,1,6,2,7,52
3242,42,1,1,1,6,2,7,52
3243,43,1,1,1,6,2,7,52
3244,44,1,1,1,6,2,7,52
3245,45,1,1,1,6,2,7,52
3246,46,1,1,1,6,2,7,52
3247,47,1,1,1,6,2,7,52
3248,48,1,1,1,6,2,7,52
3249,49,1,1,1,6,2,7,52
3250,50,1,1,1,6,2,7,52
3251,51,1,1,1,6,2,7,52
3252,52,1,1,1,6,2,7,52
3253,53,1,1,1,6,2,7,52
3254,54,1,1,1,6,2,7,52
3255,55,1,1,1,6,2,7,52
3256,56,1,1,1,6,2,7,52
3257,57,1,1,1,6,2,7,52
3258,58,1,1,1,6,2,7,52
3259,59,1,1,1,6,2,7,52
3260,60,1,1,1,6,2,7,52
3261,61,1,1,1,6,2,7,52
3262,62,1,1,1,6,2,7,52
3263,63,1,1,1,6,2,7,52
3264,64,1,1,1,6,2,7,52
3265,65,1,1,1,6,2,7,52
3266,66,1,1,1,6,2,7,52
3267,67,1,1,1,6,2,7,52
3268,68,1,1,1,6,2,7,52
3269,69,1,1,1,6,2,7,52
3270,70,1,1,1,6,2,7,52
3271,71,1,1,1,6,2,7,52
3272,72,1,1,1,6,2,7,52
3273,73,1,1,1,6,2,7,52
3274,74,1,1,1,6,2,7,52
3275,75,1,1,1,6,2,7,52
3276,76,1,1,1,6,2,7,52
3277,77,1,1,1,6,2,7,52
3278,78,1,1,1,6,2,7,52
3279,79,1,1,1,6,2,7,52
3280,80,1,1,1,6,2,7,52
3281,81,1,1,1,6,2,7,52
3282,82,1,1,1,6,2,7,52
3283,83,1,1,1,6,2,7,52
3284,84,1,1,1,6,2,7,52
3285,85,1,1,1,6,2,7,52
3286,86,1,1,1,6,2,7,52
3287,87,1,1,1,6,2,7,52
3288,88,1,1,1,6,2,7,52
3289,89,1,1,1,6,2,7,52
3290,90,1,1,1,6,2,7,52
3291,91,1,1,1,6,2,7,52
3292,92,1,1,1,6,2,7,52
3293,93,1,1,1,6,2,7,52
3294,94,1,1,1,6,2,7,52
3295,95,1,1,1,6,2,7,52
3296,96,1,1,1,6,2,7,52
3297,97,1,1,1,6,2,7,52
3298,98,1,1,1,6,2,7,52
3299,99,1,1,1,6,2,7,52
3300,0,1,1,1,6,2,7,53
3301,1,1,1,1,6,2,7,53
3302,2,1,1,1,6,2,7,53
3303,3,1,1,1,6,2,7,53
3304,4,1,1,1,6,2,7,53
3305,5,1,1,1,6,2,7,53
3306,6,1,1,1,6,2,7,53
3307,7,1,1,1,6,2,7,53
3308,8,1,1,1,6,2,7,53
3309,9,1,1,1,6,2,7,53
3310,10,1,1,1,6,2,7,53
3311,11,1,1,1,6,2,7,53
3312,12,1,1,1,6,2,7,53
3313,13,1,1,1,6,2,7,53
3314,14,1,1,1,6,2,7,53
3315,15,1,1,1,6,2,7,53
3316,16,1,1,1,6,2,7,53
3317,17,1,1,1,6,2,7,53
3318,18,1,1,1,6,2,7,53
3319,19,1,1,1,6,2,7,53
3320,20,1,1,1,6,2,7,53
3321,21,1,1,1,6,2,7,53
3322,22,1,1,1,6,2,7,53
3323,23,1,1,1,6,2,7,53
3324,24,1,1,1,6,2,7,53
3325,25,1,1,1,6,2,7,53
3326,26,1,1,1,6,2,7,53
3327,27,1,1,1,6,2,7,53
3328,28,1,1,1,6,2,7,53
3329,29,1,1,1,6,2,7,53
3330,30,1,1,1,6,2,7,53
3331,31,1,1,1,6,2,7,53
3332,32,1,1,1,6,2,7,53
3333,33,1,1,1,6,2,7,53
3334,34,1,1,1,6,2,7,53
3335,35,1,1,1,6,2,7,53
3336,36,1,1,1,6,2,7,53
3337,37,1,1,1,6,2,7,53
3338,38,1,1,1,6,2,7,53
3339,39,1,1,1,6,2,7,53
3340,40,1,1,1,6,2,7,53
3341,41,1,1,1,6,2,7,53
3342,42,1,1,1,6,2,7,53
3343,43,1,1,1,6,2,7,53
3344,44,1,1,1,6,2,7,53
3345,45,1,1,1,6,2,7,53
3346,46,1,1,1,6,2,7,53
3347,47,1,1,1,6,2,7,53
3348,48,1,1,1,6,2,7,53
3349,49,1,1,1,6,2,7,53
3350,50,1,1,1,6,2,7,53
3351,51,1,1,1,6,2,7,53
3352,52,1,1,1,6,2,7,53
3353,53,1,1,1,6,2,7,53
3354,54,1,1,1,6,2,7,53
3355,55,1,1,1,6,2,7,53
3356,56,1,1,1,6,2,7,53
3357,57,1,1,1,6,2,7,53
3358,58,1,1,1,6,2,7,53
3359,59,1,1,1,6,2,7,53
3360,60,1,1,1,6,2,7,53
3361,61,1,1,1,6,2,7,53
3362,62,1,1,1,6,2,7,53
3363,63,1,1,1,6,2,7,53
3364,64,1,1,1,6,2,7,53
3365,65,1,1,1,6,2,7,53
3366,66,1,1,1,6,2,7,53
3367,67,1,1,1,6,2,7,53
3368,68,1,1,1,6,2,7,53
3369,69,1,1,1,6,2,7,53
3370,70,1,1,1,6,2,7,53
3371,71,1,1,1,6,2,7,53
3372,72,1,1,1,6,2,7,53
3373,73,1,1,1,6,2,7,53
3374,74,1,1,1,6,2,7,53
3375,75,1,1,1,6,2,7,53
3376,76,1,1,1,6,2,7,53
3377,77,1,1,1,6,2,7,53
3378,78,1,1,1,6,2,7,53
3379,79,1,1,1,6,2,7,53
3380,80,1,1,1,6,2,7,53
3381,81,1,1,1,6,2,7,53
3382,82,1,1,1,6,2,7,53
3383,83,1,1,1,6,2,7,53
3384,84,1,1,1,6,2,7,53
3385,85,1,1,1,6,2,7,53
3386,86,1,1,1,6,2,7,53
3387,87,1,1,1,6,2,7,53
3388,88,1,1,1,6,2,7,53
3389,89,1,1,1,6,2,7,53
3390,90,1,1,1,6,2,7,53
3391,91,1,1,1,6,2,7,53
3392,92,1,1,1,6,2,7,53
3393,93,1,1,1,6,2,7,53
3394,94,1,1,1,6,2,7,53
3395,95,1,1,1,6,2,7,53
3396,96,1,1,1,6,2,7,53
3397,97,1,1,1,6,2,7,53
3398,98,1,1,1,6,2,7,53
3399,99,1,1,1,6,2,7,53
3400,0,1,1,1,6,2,7,54
3401,1,1,1,1,6,2,7,54
3402,2,1,1,1,6,2,7,54
3403,3,1,1,1,6,2,7,54
3404,4,1,1,1,6,2,7,54
3405,5,1,1,1,6,2,7,54
3406,6,1,1,1,6,2,7,54
3407,7,1,1,1,6,2,7,54
3408,8,1,1,1,6,2,7,54
3409,9,1,1,1,6,2,7,54
3410,10,1,1,1,6,2,7,54
3411,11,1,1,1,6,2,7,54
3412,12,1,1,1,6,2,7,54
3413,13,1,1,1,6,2,7,54
3414,14,1,1,1,6,2,7,54
3415,15,1,1,1,6,2,7,54
3416,16,1,1,1,6,2,7,54
3417,17,1,1,1,6,2,7,54
3418,18,1,1,1,6,2,7,54
3419,19,1,1,1,6,2,7,54
3420,20,1,1,1,6,2,7,54
3421,21,1,1,1,6,2,7,54
3422,22,1,1,1,6,2,7,54
3423,23,1,1,1,6,2,7,54
3424,24,1,1,1,6,2,7,54
3425,25,1,1,1,6,2,7,54
3426,26,1,1,1,6,2,7,54
3427,27,1,1,1,6,2,7,54
3428,28,1,1,1,6,2,7,54
3429,29,1,1,1,6,2,7,54
3430,30,1,1,1,6,2,7,54
3431,31,1,1,1,6,2,7,54
3432,32,1,1,1,6,2,7,54
3433,33,1,1,1,6,2,7,54
3434,34,1,1,1,6,2,7,54
3435,35,1,1,1,6,2,7,54
3436,36,1,1,1,6,2,7,54
3437,37,1,1,1,6,2,7,54
3438,38,1,1,1,6,2,7,54
3439,39,1,1,1,6,2,7,54
3440,40,1,1,1,6,2,7,54
3441,41,1,1,1,6,2,7,54
3442,42,1,1,1,6,2,7,54
3443,43,1,1,1,6,2,7,54
3444,44,1,1,1,6,2,7,54
3445,45,1,1,1,6,2,7,54
3446,46,1,1,1,6,2,7,54
3447,47,1,1,1,6,2,7,54
3448,48,1,1,1,6,2,7,54
3449,49,1,1,1,6,2,7,54
3450,50,1,1,1,6,2,7,54
3451,51,1,1,1,6,2,7,54
3452,52,1,1,1,6,2,7,54
3453,53,1,1,1,6,2,7,54
3454,54,1,1,1,6,2,7,54
3455,55,1,1,1,6,2,7,54
3456,56,1,1,1,6,2,7,54
3457,57,1,1,1,6,2,7,54
3458,58,1,1,1,6,2,7,54
3459,59,1,1,1,6,2,7,54
3460,60,1,1,1,6,2,7,54
3461,61,1,1,1,6,2,7,54
3462,62,1,1,1,6,2,7,54
3463,63,1,1,1,6,2,7,54
3464,64,1,1,1,6,3,7,54
3465,65,1,1,1,6,2,7,54
3466,66,1,1,1,6,2,7,54
3467,67,1,1,1,6,2,7,54
3468,68,1,1,1,6,2,7,54
3469,69,1,1,1,6,2,7,54
3470,70,1,1,1,6,2,7,54
3471,71,1,1,1,6,2,7,54
3472,72,1,1,1,6,2,7,54
3473,73,1,1,1,6,2,7,54
3474,74,1,1,1,6,2,7,54
3475,75,1,1,1,6,2,7,54
3476,76,1,1,1,6,2,7,54
3477,77,1,1,1,6,2,7,54
3478,78,1,1,1,6,2,7,54
3479,79,1,1,1,6,2,7,54
3480,80,1,1,1,6,2,7,54
3481,81,1,1,1,6,2,7,54
3482,82,1,1,1,6,2,7,54
3483,83,1,1,1,6,2,7,54
3484,84,1,1,1,6,2,7,54
3485,85,1,1,1,6,2,7,54
3486,86,1,1,1,6,2,7,54
3487,87,1,1,1,6,2,7,54
3488,88,1,1,1,6,2,7,54
3489,89,1,1,1,6,2,7,54
3490,90,1,1,1,6,2,7,54
3491,91,1,1,1,6,2,7,54
3492,92,1,1,1,6,2,7,54
3493,93,1,1,1,6,2,7,54
3494,94,1,1,1,6,2,7,54
3495,95,1,1,1,6,2,7,54
3496,96,1,1,1,6,2,7,54
3497,97,1,1,1,6,2,7,54
3498,98,1,1,1,6,2,7,54
3499,99,1,1,1,6,2,7,54
3500,0,1,1,1,6,2,7,55
3501,1,1,1,1,6,2,7,55
3502,2,1,1,1,6,2,7,55
3503,3,1,1,1,6,2,7,55
3504,4,1,1,1,6,2,7,55
3505,5,1,1,1,6,2,7,55
3506,6,1,1,1,6,2,7,55
3507,7,1,1,1,6,2,7,55
3508,8,1,1,1,6,2,7,55
3509,9,1,1,1,6,2,7,55
3510,10,1,1,1,6,2,7,55
3511,11,1,1,1,6,2,7,55
3512,12,1,1,1,6,2,7,55
3513,13,1,1,1,6,2,7,55
3514,14,1,1,1,6,2,7,55
3515,15,1,1,1,6,2,7,55
3516,16,1,1,1,6,2,7,55
3517,17,1,1,1,6,2,7,55
3518,18,1,1,1,6,2,7,55
3519,19,1,1,1,6,2,7,55
3520,20,1,1,1,6,2,7,55
3521,21,1,1,1,6,2,7,55
3522,22,1,1,1,6,2,7,55
3523,23,1,1,1,6,2,7,55
3524,24,1,1,1,6,2,7,55
3525,25,1,1,1,6,2,7,55
3526,26,1,1,1,6,2,7,55
3527,27,1,1,1,6,2,7,55
3528,28,1,1,1,6,2,7,55
3529,29,1,1,1,6,2,7,55
3530,30,1,1,1,6,2,7,55
3531,31,1,1,1,6,2,7,55
3532,32,1,1,1,6,2,7,55
3533,33,1,1,1,6,2,7,55
3534,34,1,1,1,6,2,7,55
3535,35,1,1,1,6,2,7,55
3536,36,1,1,1,6,2,7,55
3537,37,1,1,1,6,2,7,55
3538,38,1,1,1,6,2,7,55
3539,39,1,1,1,6,2,7,55
3540,40,1,1,1,6,2,7,55
3541,41,1,1,1,6,2,7,55
3542,42,1,1,1,6,2,7,55
3543,43,1,1,1,6,2,7,55
3544,44,1,1,1,6,2,7,55
3545,45,1,1,1,6,2,7,55
3546,46,1,1,1,6,2,7,55
3547,47,1,1,1,6,2,7,55
3548,48,1,1,1,6,2,7,55
3549,49,1,1,1,6,2,7,55
3550,50,1,1,1,6,2,7,55
3551,51,1,1,1,6,2,7,55
3552,52,1,1,1,6,2,7,55
3553,53,1,1,1,6,2,7,55
3554,54,1,1,1,6,2,7,55
3555,55,1,1,1,6,2,7,55
3556,56,1,1,1,6,2,7,55
3557,57,1,1,1,6,2,7,55
3558,58,1,1,1,6,2,7,55
3559,59,1,1,1,6,2,7,55
3560,60,1,1,1,6,2,7,55
3561,61,1,1,1,6,2,7,55
3562,62,1,1,1,6,2,7,55
3563,63,1,1,1,6,2,7,55
3564,64,1,1,1,6,2,7,55
3565,65,1,1,1,6,2,7,55
3566,66,1,1,1,6,2,7,55
3567,67,1,1,1,6,2,7,55
3568,68,1,1,1,6,2,7,55
3569,69,1,1,1,6,2,7,55
3570,70,1,1,1,6,2,7,55
3571,71,1,1,1,6,2,7,55
3572,72,1,1,1,6,2,7,55
3573,73,1,1,1,6,2,7,55
3574,74,1,1,1,6,2,7,55
3575,75,1,1,1,6,2,7,55
3576,76,1,1,1,6,2,7,55
3577,77,1,1,1,6,2,7,55
3578,78,1,1,1,6,2,7,55
3579,79,1,1,1,6,2,7,55
3580,80,1,1,1,6,2,7,55
3581,81,1,1,1,6,2,7,55
3582,82,1,1,1,6,2,7,55
3583,83,1,1,1,6,2,7,55
3584,84,1,1,1,6,2,7,55
3585,85,1,1,1,6,2,7,55
3586,86,1,1,1,6,2,7,55
3587,87,1,1,1,6,2,7,55
3588,88,1,1,1,6,2,7,55
3589,89,1,1,1,6,2,7,55
3590,90,1,1,1,6,2,7,55
3591,91,1,1,1,6,2,7,55
3592,92,1,1,1,6,2,7,55
3593,93,1,1,1,6,2,7,55
3594,94,1,1,1,6,2,7,55
3595,95,1,1,1,6,2,7,55
3596,96,1,1,1,6,2,7,55
3597,97,1,1,1,6,2,7,55
3598,98,1,1,1,6,2,7,55
3599,99,1,1,1,6,2,7,55
3600,0,1,1,1,6,2,7,56
3601,1,1,1,1,6,2,7,56
3602,2,1,1,1,6,2,7,56
3603,3,1,1,1,6,2,7,56
3604,4,1,1,1,6,2,7,56
3605,5,1,1,1,6,2,7,56
3606,6,1,1,1,6,2,7,56
3607,7,1,1,1,6,2,7,56
3608,8,1,1,1,6,2,7,56
3609,9,1,1,1,6,2,7,56
3610,10,1,1,1,6,2,7,56
3611,11,1,1,1,6,2,7,56
3612,12,1,1,1,6,2,7,56
3613,13,1,1,1,6,2,7,56
3614,14,1,1,1,6,2,7,56
3615,15,1,1,1,6,2,7,56
3616,16,1,1,1,6,2,7,56
3617,17,1,1,1,6,2,7,56
3618,18,1,1,1,6,2,7,56
3619,19,1,1,1,6,2,7,56
3620,20,1,1,1,6,2,7,56
3621,21,1,1,1,6,2,7,56
3622,22,1,1,1,6,2,7,56
3623,23,1,1,1,6,2,7,56
3624,24,1,1,1,6,2,7,56
3625,25,1,1,1,6,2,7,56
3626,26,1,1,1,6,2,7,56
3627,27,1,1,1,6,2,7,56
3628,28,1,1,1,6,2,7,56
3629,29,1,1,1,6,2,7,56
3630,30,1,1,1,6,2,7,56
3631,31,1,1,1,6,2,7,56
3632,32,1,1,1,6,2,7,56
3633,33,1,1,1,6,2,7,56
3634,34,1,1,1,6,2,7,56
3635,35,1,1,1,6,2,7,56
3636,36,1,1,1,6,2,7,56
3637,37,1,1,1,6,2,7,56
3638,38,1,1,1,6,2,7,56
3639,39,1,1,1,6,2,7,56
3640,40,1,1,1,6,2,7,56
3641,41,1,1,1,6,2,7,56
3642,42,1,1,1,6,2,7,56
3643,43,1,1,1,6,2,7,56
3644,44,1,1,1,6,2,7,56
3645,45,1,1,1,6,2,7,56
3646,46,1,1,1,6,2,7,56
3647,47,1,1,1,6,2,7,56
3648,48,1,1,1,6,2,7,56
3649,49,1,1,1,6,2,7,56
3650,50,1,1,1,6,2,7,56
3651,51,1,1,1,6,2,7,56
3652,52,1,1,1,6,2,7,56
3653,53,1,1,1,6,2,7,56
3654,54,1,1,1,6,2,7,56
3655,55,1,1,1,6,2,7,56
3656,56,1,1,1,6,2,7,56
3657,57,1,1,1,6,2,7,56
3658,58,1,1,1,6,2,7,56
3659,59,1,1,1,6,2,7,56
3660,60,1,1,1,6,2,7,56
3661,61,1,1,1,6,2,7,56
3662,62,1,1,1,6,2,7,56
3663,63,1,1,1,6,2,7,56
3664,64,1,1,1,6,2,7,56
3665,65,1,1,1,6,2,7,56
3666,66,1,1,1,6,2,7,56
3667,67,1,1,1,6,2,7,56
3668,68,1,1,1,6,2,7,56
3669,69,1,1,1,6,2,7,56
3670,70,1,1,1,6,2,7,56
3671,71,1,1,1,6,2,7,56
3672,72,1,1,1,6,2,7,56
3673,73,1,1,1,6,2,7,56
3674,74,1,1,1,6,2,7,56
3675,75,1,1,1,6,2,7,56
3676,76,1,1,1,6,2,7,56
3677,77,1,1,1,6,2,7,56
3678,78,1,1,1,6,2,7,56
3679,79,1,1,1,6,2,7,56
3680,80,1,1,1,6,2,7,56
3681,81,1,1,1,6,2,7,56
3682,82,1,1,1,6,2,7,56
3683,83,1,1,1,6,2,7,56
3684,84,1,1,1,6,2,7,56
3685,85,1,1,1,6,2,7,56
3686,86,1,1,1,6,2,7,56
3687,87,1,1,1,6,2,7,56
3688,88,1,1,1,6,2,7,56
3689,89,1,1,1,6,2,7,56
3690,90,1,1,1,6,2,7,56
3691,91,1,1,1,6,2,7,56
3692,92,1,1,1,6,2,7,56
3693,93,1,1,1,6,2,7,56
3694,94,1,1,1,6,2,7,56
3695,95,1,1,1,6,2,7,56
3696,96,1,1,1,6,2,7,56
3697,97,1,1,1,6,2,7,56
3698,98,1,1,1,6,2,7,56
3699,99,1,1,1,6,2,7,56
3700,0,1,1,1,6,2,7,57
3701,1,1,1,1,6,2,7,57
3702,2,1,1,1,6,2,7,57
3703,3,1,1,1,6,2,7,57
3704,4,1,1,1,6,2,7,57
3705,5,1,1,1,6,2,7,57
3706,6,1,1,1,6,2,7,57
3707,7,1,1,1,6,2,7,57
3708,8,1,1,1,6,2,7,57
3709,9,1,1,1,6,2,7,57
3710,10,1,1,1,6,2,7,57
3711,11,1,1,1,6,2,7,57
3712,12,1,1,1,6,2,7,57
3713,13,1,1,1,6,2,7,57
3714,14,1,1,1,6,2,7,57
3715,15,1,1,1,6,2,7,57
3716,16,1,1,1,6,2,7,57
3717,17,1,1,1,6,2,7,57
3718,18,1,1,1,6,2,7,57
3719,19,1,1,1,6,2,7,57
3720,20,1,1,1,6,2,7,57
3721,21,1,1,1,6,2,7,57
3722,22,1,1,1,6,2,7,57
3723,23,1,1,1,6,2,7,57
3724,24,1,1,1,6,2,7,57
3725,25,1,1,1,6,2,7,57
3726,26,1,1,1,6,2,7,57
3727,27,1,1,1,6,2,7,57
3728,28,1,1,1,6,2,7,57
3729,29,1,1,1,6,2,7,57
3730,30,1,1,1,6,2,7,57
3731,31,1,1,1,6,2,7,57
3732,32,1,1,1,6,2,7,57
3733,33,1,1,1,6,2,7,57
3734,34,1,1,1,6,2,7,57
3735,35,1,1,1,6,2,7,57
3736,36,1,1,1,6,2,7,57
3737,37,1,1,1,6,2,7,57
3738,38,1,1,1,6,2,7,57
3739,39,1,1,1,6,2,7,57
3740,40,1,1,1,6,2,7,57
3741,41,1,1,1,6,2,7,57
3742,42,1,1,1,6,2,7,57
3743,43,1,1,1,6,2,7,57
3744,44,1,1,1,6,2,7,57
3745,45,1,1,1,6,2,7,57
3746,46,1,1,1,6,2,7,57
3747,47,1,1,1,6,2,7,57
3748,48,1,1,1,6,2,7,57
3749,49,1,1,1,6,2,7,57
3750,50,1,1,1,6,2,7,57
3751,51,1,1,1,6,2,7,57
3752,52,1,1,1,6,2,7,57
3753,53,1,1,1,6,2,7,57
3754,54,1,1,1,6,2,7,57
3755,55,1,1,1,6,2,7,57
3756,56,1,1,1,6,2,7,57
3757,57,1,1,1,6,2,7,57
3758,58,1,1,1,6,2,7,57
3759,59,1,1,1,6,2,7,57
3760,60,1,1,1,6,2,7,57
3761,61,1,1,1,6,2,7,57
3762,62,1,1,1,6,2,7,57
3763,63,1,1,1,6,2,7,57
3764,64,1,1,1,6,2,7,57
3765,65,1,1,1,6,2,7,57
3766,66,1,1,1,6,2,7,57
3767,67,1,1,1,6,2,7,57
3768,68,1,1,1,6,2,7,57
3769,69,1,1,1,6,2,7,57
3770,70,1,1,1,6,2,7,57
3771,71,1,1,1,6,2,7,57
3772,72,1,1,1,6,2,7,57
3773,73,1,1,1,6,2,7,57
3774,74,1,1,1,6,2,7,57
3775,75,1,1,1,6,2,7,57
3776,76,1,1,1,6,2,7,57
3777,77,1,1,1,6,2,7,57
3778,78,1,1,1,6,2,7,57
3779,79,1,1,1,6,2,7,57
3780,80,1,1,1,6,2,7,57
3781,81,1,1,1,6,2,7,57
3782,82,1,1,1,6,2,7,57
3783,83,1,1,1,6,2,7,57
3784,84,1,1,1,6,2,7,57
3785,85,1,1,1,6,2,7,57
3786,86,1,1,1,6,2,7,57
3787,87,1,1,1,6,2,7,57
3788,88,1,1,1,6,2,7,57
3789,89,1,1,1,6,2,7,57
3790,90,1,1,1,6,2,7,57
3791,91,1,1,1,6,2,7,57
3792,92,1,1,1,6,2,7,57
3793,93,1,1,1,6,2,7,57
3794,94,1,1,1,6,2,7,57
3795,95,1,1,1,6,2,7,57
3796,96,1,1,1,6,2,7,57
3797,97,1,1,1,6,2,7,57
3798,98,1,1,1,6,2,7,57
3799,99,1,1,1,6,2,7,57
3800,0,1,1,1,6,2,7,58
3801,1,1,1,1,6,2,7,58
3802,2,1,1,1,6,2,7,58
3803,3,1,1,1,6,2,7,58
3804,4,1,1,1,6,2,7,58
3805,5,1,1,1,6,2,7,58
3806,6,1,1,1,6,2,7,58
3807,7,1,1,1,6,2,7,58
3808,8,1,1,1,6,2,7,58
3809,9,1,1,1,6,2,7,58
3810,10,1,1,1,6,2,7,58
3811,11,1,1,1,6,2,7,58
3812,12,1,1,1,6,2,7,58
3813,13,1,1,1,6,2,7,58
3814,14,1,1,1,6,2,7,58
3815,15,1,1,1,6,2,7,58
3816,16,1,1,1,6,2,7,58
3817,17,1,1,1,6,2,7,58
3818,18,1,1,1,6,2,7,58
3819,19,1,1,1,6,2,7,58
3820,20,1,1,1,6,2,7,58
3821,21,1,1,1,6,2,7,58
3822,22,1,1,1,6,2,7,58
3823,23,1,1,1,6,2,7,58
3824,24,1,1,1,6,2,7,58
3825,25,1,1,1,6,2,7,58
3826,26,1,1,1,6,2,7,58
3827,27,1,1,1,6,2,7,58
3828,28,1,1,1,6,2,7,58
3829,29,1,1,1,6,2,7,58
3830,30,1,1,1,6,2,7,58
3831,31,1,1,1,6,2,7,58
3832,32,1,1,1,6,2,7,58
3833,33,1,1,1,6,2,7,58
3834,34,1,1,1,6,2,7,58
3835,35,1,1,1,6,2,7,58
3836,36,1,1,1,6,2,7,58
3837,37,1,1,1,6,2,7,58
3838,38,1,1,1,6,2,7,58
3839,39,1,1,1,6,2,7,58
3840,40,1,1,1,6,2,7,58
3841,41,1,1,1,6,2,7,58
3842,42,1,1,1,6,2,7,58
3843,43,1,1,1,6,2,7,58
3844,44,1,1,1,6,2,7,58
3845,45,1,1,1,6,2,7,58
3846,46,1,1,1,6,2,7,58
3847,47,1,1,1,6,2,7,58
3848,48,1,1,1,6,2,7,58
3849,49,1,1,1,6,2,7,58
3850,50,1,1,1,6,2,7,58
3851,51,1,1,1,6,2,7,58
3852,52,1,1,1,6,2,7,58
3853,53,1,1,1,6,2,7,58
3854,54,1,1,1,6,2,7,58
3855,55,1,1,1,6,2,7,58
3856,56,1,1,1,6,2,7,58
3857,57,1,1,1,6,2,7,58
3858,58,1,1,1,6,2,7,58
3859,59,1,1,1,6,2,7,58
3860,60,1,1,1,6,2,7,58
3861,61,1,1,1,6,2,7,58
3862,62,1,1,1,6,2,7,58
3863,63,1,1,1,6,2,7,58
3864,64,1,1,1,6,2,7,58
3865,65,1,1,1,6,2,7,58
3866,66,1,1,1,6,2,7,58
3867,67,1,1,1,6,2,7,58
3868,68,1,1,1,6,2,7,58
3869,69,1,1,1,6,2,7,58
3870,70,1,1,1,6,2,7,58
3871,71,1,1,1,6,2,7,58
3872,72,1,1,1,6,2,7,58
3873,73,1,1,1,6,2,7,58
3874,74,1,1,1,6,2,7,58
3875,75,1,1,1,6,2,7,58
3876,76,1,1,1,6,2,7,58
3877,77,1,1,1,6,2,7,58
3878,78,1,1,1,6,2,7,58
3879,79,1,1,1,6,2,7,58
3880,80,1,1,1,6,2,7,58
3881,81,1,1,1,6,2,7,58
3882,82,1,1,1,6,2,7,58
3883,83,1,1,1,6,2,7,58
3884,84,1,1,1,6,2,7,58
3885,85,1,1,1,6,2,7,58
3886,86,1,1,1,6,2,7,58
3887,87,1,1,1,6,2,7,58
3888,88,1,1,1,6,2,7,58
3889,89,1,1,1,6,2,7,58
3890,90,1,1,1,6,2,7,58
3891,91,1,1,1,6,2,7,58
3892,92,1,1,1,6,2,7,58
3893,93,1,1,1,6,2,7,58
3894,94,1,1,1,6,2,7,58
3895,95,1,1,1,6,2,7,58
3896,96,1,1,1,6,2,7,58
3897,97,1,1,1,6,2,7,58
3898,98,1,1,1,6,2,7,58
3899,99,1,1,1,6,2,7,58
3900,0,1,1,1,6,2,7,59
3901,1,1,1,1,6,2,7,59
3902,2,1,1,1,6,2,7,59
3903,3,1,1,1,6,2,7,59
3904,4,1,1,1,6,2,7,59
3905,5,1,1,1,6,2,7,59
3906,6,1,1,1,6,2,7,59
3907,7,1,1,1,6,2,7,59
3908,8,1,1,1,6,2,7,59
3909,9,1,1,1,6,2,7,59
3910,10,1,1,1,6,2,7,59
3911,11,1,1,1,6,2,7,59
3912,12,1,1,1,6,2,7,59
3913,13,1,1,1,6,2,7,59
3914,14,1,1,1,6,2,7,59
3915,15,1,1,1,6,2,7,59
3916,16,1,1,1,6,2,7,59
3917,17,1,1,1,6,2,7,59
3918,18,1,1,1,6,2,7,59
3919,19,1,1,1,6,2,7,59
3920,20,1,1,1,6,2,7,59
3921,21,1,1,1,6,2,7,59
3922,22,1,1,1,6,2,7,59
3923,23,1,1,1,6,2,7,59
3924,24,1,1,1,6,2,7,59
3925,25,1,1,1,6,2,7,59
3926,26,1,1,1,6,2,7,59
3927,27,1,1,1,6,2,7,59
3928,28,1,1,1,6,2,7,59
3929,29,1,1,1,6,2,7,59
3930,30,1,1,1,6,2,7,59
3931,31,1,1,1,6,2,7,59
3932,32,1,1,1,6,2,7,59
3933,33,1,1,1,6,2,7,59
3934,34,1,1,1,6,2,7,59
3935,35,1,1,1,6,2,7,59
3936,36,1,1,1,6,2,7,59
3937,37,1,1,1,6,2,7,59
3938,38,1,1,1,6,2,7,59
3939,39,1,1,1,6,2,7,59
3940,40,1,1,1,6,2,7,59
3941,41,1,1,1,6,2,7,59
3942,42,1,1,1,6,2,7,59
3943,43,1,1,1,6,2,7,59
3944,44,1,1,1,6,2,7,59
3945,45,1,1,1,6,2,7,59
3946,46,1,1,1,6,2,7,59
3947,47,1,1,1,6,2,7,59
3948,48,1,1,1,6,2,7,59
3949,49,1,1,1,6,2,7,59
3950,50,1,1,1,6,2,7,59
3951,51,1,1,1,6,2,7,59
3952,52,1,1,1,6,2,7,59
3953,53,1,1,1,6,2,7,59
3954,54,1,1,1,6,2,7,59
3955,55,1,1,1,6,2,7,59
3956,56,1,1,1,6,2,7,59
3957,57,1,1,1,6,2,7,59
3958,58,1,1,1,6,2,7,59
3959,59,1,1,1,6,2,7,59
3960,60,1,1,1,6,2,7,59
3961,61,1,1,1,6,2,7,59
3962,62,1,1,1,6,2,7,59
3963,63,1,1,1,6,2,7,59
3964,64,1,1,1,6,2,7,59
3965,65,1,1,1,6,2,7,59
3966,66,1,1,1,6,2,7,59
3967,67,1,1,1,6,2,7,59
3968,68,1,1,1,6,2,7,59
3969,69,1,1,1,6,2,7,59
3970,70,1,1,1,6,2,7,59
3971,71,1,1,1,6,2,7,59
3972,72,1,1,1,6,2,7,59
3973,73,1,1,1,6,2,7,59
3974,74,1,1,1,6,2,7,59
3975,75,1,1,1,6,2,7,59
3976,76,1,1,1,6,2,7,59
3977,77,1,1,1,6,2,7,59
3978,78,1,1,1,6,2,7,59
3979,79,1,1,1,6,2,7,59
3980,80,1,1,1,6,2,7,59
3981,81,1,1,1,6,2,7,59
3982,82,1,1,1,6,2,7,59
3983,83,1,1,1,6,2,7,59
3984,84,1,1,1,6,2,7,59
3985,85,1,1,1,6,2,7,59
3986,86,1,1,1,6,2,7,59
3987,87,1,1,1,6,2,7,59
3988,88,1,1,1,6,2,7,59
3989,89,1,1,1,6,2,7,59
3990,90,1,1,1,6,2,7,59
3991,91,1,1,1,6,2,7,59
3992,92,1,1,1,6,2,7,59
3993,93,1,1,1,6,2,7,59
3994,94,1,1,1,6,2,7,59
3995,95,1,1,1,6,2,7,59
3996,96,1,1,1,6,2,7,59
3997,97,1,1,1,6,2,7,59
3998,98,1,1,1,6,2,7,59
3999,99,1,1,1,6,2,7,59
4000,0,1,1,1,6,2,7,60
4001,1,1,1,1,6,2,7,60
4002,2,1,1,1,6,2,7,60
4003,3,1,1,1,6,2,7,60
4004,4,1,1,1,6,2,7,60
4005,5,1,1,1,6,2,7,60
4006,6,1,1,1,6,2,7,60
4007,7,1,1,1,6,2,7,60
4008,8,1,1,1,6,2,7,60
4009,9,1,1,1,6,2,7,60
4010,10,1,1,1,6,2,7,60
4011,11,1,1,1,6,2,7,60
4012,12,1,1,1,6,2,7,60
4013,13,1,1,1,6,2,7,60
4014,14,1,1,1,6,2,7,60
4015,15,1,1,1,6,2,7,60
4016,16,1,1,1,6,2,7,60
4017,17,1,1,1,6,2,7,60
4018,18,1,1,1,6,2,7,60
4019,19,1,1,1,6,2,7,60
4020,20,1,1,1,6,2,7,60
4021,21,1,1,1,6,2,7,60
4022,22,1,1,1,6,2,7,60
4023,23,1,1,1,6,2,7,60
4024,24,1,1,1,6,2,7,60
4025,25,1,1,1,6,2,7,60
4026,26,1,1,1,6,2,7,60
4027,27,1,1,1,6,2,7,60
4028,28,1,1,1,6,2,7,60
4029,29,1,1,1,6,2,7,60
4030,30,1,1,1,6,2,7,60
4031,31,1,1,1,6,2,7,60
4032,32,1,1,1,6,2,7,60
4033,33,1,1,1,6,2,7,60
4034,34,1,1,1,6,2,7,60
4035,35,1,1,1,6,2,7,60
4036,36,1,1,1,6,2,7,60
4037,37,1,1,1,6,2,7,60
4038,38,1,1,1,6,2,7,60
4039,39,1,1,1,6,2,7,60
4040,40,1,1,1,6,2,7,60
4041,41,1,1,1,6,2,7,60
4042,42,1,1,1,6,2,7,60
4043,43,1,1,1,6,2,7,60
4044,44,1,1,1,6,2,7,60
4045,45,1,1,1,6,2,7,60
4046,46,1,1,1,6,2,7,60
4047,47,1,1,1,6,2,7,60
4048,48,1,1,1,6,2,7,60
4049,49,1,1,1,6,2,7,60
4050,50,1,1,1,6,2,7,60
4051,51,1,1,1,6,2,7,60
4052,52,1,1,1,6,2,7,60
4053,53,1,1,1,6,2,7,60
4054,54,1,1,1,6,2,7,60
4055,55,1,1,1,6,2,7,60
4056,56,1,1,1,6,2,7,60
4057,57,1,1,1,6,2,7,60
4058,58,1,1,1,6,2,7,60
4059,59,1,1,1,6,2,7,60
4060,60,1,1,1,6,2,7,60
4061,61,1,1,1,6,2,7,60
4062,62,1,1,1,6,2,7,60
4063,63,1,1,1,6,2,7,60
4064,64,1,1,1,6,2,7,60
4065,65,1,1,1,6,2,7,60
4066,66,1,1,1,6,2,7,60
4067,67,1,1,1,6,2,7,60
4068,68,1,1,1,6,2,7,60
4069,69,1,1,1,6,2,7,60
4070,70,1,1,1,6,2,7,60
4071,71,1,1,1,6,2,7,60
4072,72,1,1,1,6,2,7,60
4073,73,1,1,1,6,2,7,60
4074,74,1,1,1,6,2,7,60
4075,75,1,1,1,6,2,7,60
4076,76,1,1,1,6,2,7,60
4077,77,1,1,1,6,2,7,60
4078,78,1,1,1,6,2,7,60
4079,79,1,1,1,6,2,7,60
4080,80,1,1,1,6,2,7,60
4081,81,1,1,1,6,2,7,60
4082,82,1,1,1,6,2,7,60
4083,83,1,1,1,6,2,7,60
4084,84,1,1,1,6,2,7,60
4085,85,1,1,1,6,2,7,60
4086,86,1,1,1,6,2,7,60
4087,87,1,1,1,6,2,7,60
4088,88,1,1,1,6,2,7,60
4089,89,1,1,1,6,2,7,60
4090,90,1,1,1,6,2,7,60
4091,91,1,1,1,6,2,7,60
4092,92,1,1,1,6,2,7,60
4093,93,1,1,1,6,2,7,60
4094,94,1,1,1,6,2,7,60
4095,95,1,1,1,6,2,7,60
4096,96,1,1,1,6,2,7,60
4097,97,1,1,1,6,2,7,60
4098,98,1,1,1,6,2,7,60
4099,99,1,1,1,6,2,7,60
4100,0,1,1,1,6,2,7,61
4101,1,1,1,1,6,2,7,61
4102,2,1,1,1,6,2,7,61
4103,3,1,1,1,6,2,7,61
4104,4,1,1,1,6,2,7,61
4105,5,1,1,1,6,2,7,61
4106,6,1,1,1,6,2,7,61
4107,7,1,1,1,6,2,7,61
4108,8,1,1,1,6,2,7,61
4109,9,1,1,1,6,2,7,61
4110,10,1,1,1,6,2,7,61
4111,11,1,1,1,6,2,7,61
4112,12,1,1,1,6,2,7,61
4113,13,1,1,1,6,2,7,61
4114,14,1,1,1,6,2,7,61
4115,15,1,1,1,6,2,7,61
4116,16,1,1,1,6,2,7,61
4117,17,1,1,1,6,2,7,61
4118,18,1,1,1,6,2,7,61
4119,19,1,1,1,6,2,7,61
4120,20,1,1,1,6,2,7,61
4121,21,1,1,1,6,2,7,61
4122,22,1,1,1,6,2,7,61
4123,23,1,1,1,6,2,7,61
4124,24,1,1,1,6,2,7,61
4125,25,1,1,1,6,2,7,61
4126,26,1,1,1,6,2,7,61
4127,27,1,1,1,6,2,7,61
4128,28,1,1,1,6,2,7,61
4129,29,1,1,1,6,2,7,61
4130,30,1,1,1,6,2,7,61
4131,31,1,1,1,6,2,7,61
4132,32,1,1,1,6,2,7,61
4133,33,1,1,1,6,2,7,61
4134,34,1,1,1,6,2,7,61
4135,35,1,1,1,6,2,7,61
4136,36,1,1,1,6,2,7,61
4137,37,1,1,1,6,2,7,61
4138,38,1,1,1,6,2,7,61
4139,39,1,1,1,6,2,7,61
4140,40,1,1,1,6,2,7,61
4141,41,1,1,1,6,2,7,61
4142,42,1,1,1,6,2,7,61
4143,43,1,1,1,6,2,7,61
4144,44,1,1,1,6,2,7,61
4145,45,1,1,1,6,2,7,61
4146,46,1,1,1,6,2,7,61
4147,47,1,1,1,6,2,7,61
4148,48,1,1,1,6,2,7,61
4149,49,1,1,1,6,2,7,61
4150,50,1,1,1,6,2,7,61
4151,51,1,1,1,6,2,7,61
4152,52,1,1,1,6,2,7,61
4153,53,1,1,1,6,2,7,61
4154,54,1,1,1,6,2,7,61
4155,55,1,1,1,6,2,7,61
4156,56,1,1,1,6,2,7,61
4157,57,1,1,1,6,2,7,61
4158,58,1,1,1,6,2,7,61
4159,59,1,1,1,6,2,7,61
4160,60,1,1,1,6,2,7,61
4161,61,1,1,1,6,2,7,61
4162,62,1,1,1,6,2,7,61
4163,63,1,1,1,6,2,7,61
4164,64,1,1,1,6,2,7,61
4165,65,1,1,1,6,2,7,61
4166,66,1,1,1,6,2,7,61
4167,67,1,1,1,6,2,7,61
4168,68,1,1,1,6,2,7,61
4169,69,1,1,1,6,2,7,61
4170,70,1,1,1,6,2,7,61
4171,71,1,1,1,6,2,7,61
4172,72,1,1,1,6,2,7,61
4173,73,1,1,1,6,2,7,61
4174,74,1,1,1,6,2,7,61
4175,75,1,1,1,6,2,7,61
4176,76,1,1,1,6,2,7,61
4177,77,1,1,1,6,2,7,61
4178,78,1,1,1,6,2,7,61
4179,79,1,1,1,6,2,7,61
4180,80,1,1,1,6,2,7,61
4181,81,1,1,1,6,2,7,61
4182,82,1,1,1,6,2,7,61
4183,83,1,1,1,6,2,7,61
4184,84,1,1,1,6,2,7,61
4185,85,1,1,1,6,2,7,61
4186,86,1,1,1,6,2,7,61
4187,87,1,1,1,6,2,7,61
4188,88,1,1,1,6,2,7,61
4189,89,1,1,1,6,2,7,61
4190,90,1,1,1,6,2,7,61
4191,91,1,1,1,6,2,7,61
4192,92,1,1,1,6,2,7,61
4193,93,1,1,1,6,2,7,61
4194,94,1,1,1,6,2,7,61
4195,95,1,1,1,6,2,7,61
4196,96,1,1,1,6,2,7,61
4197,97,1,1,1,6,2,7,61
4198,98,1,1,1,6,2,7,61
4199,99,1,1,1,6,2,7,61
4200,0,1,1,1,6,2,7,62
4201,1,1,1,1,6,2,7,62
4202,2,1,1,1,6,2,7,62
4203,3,1,1,1,6,2,7,62
4204,4,1,1,1,6,2,7,62
4205,5,1,1,1,6,2,7,62
4206,6,1,1,1,6,2,7,62
4207,7,1,1,1,6,2,7,62
4208,8,1,1,1,6,2,7,62
4209,9,1,1,1,6,2,7,62
4210,10,1,1,1,6,2,7,62
4211,11,1,1,1,6,2,7,62
4212,12,1,1,1,6,2,7,62
4213,13,1,1,1,6,2,7,62
4214,14,1,1,1,6,2,7,62
4215,15,1,1,1,6,2,7,62
4216,16,1,1,1,6,2,7,62
4217,17,1,1,1,6,2,7,62
4218,18,1,1,1,6,2,7,62
4219,19,1,1,1,6,2,7,62
4220,20,1,1,1,6,2,7,62
4221,21,1,1,1,6,2,7,62
4222,22,1,1,1,6,2,7,62
4223,23,1,1,1,6,2,7,62
4224,24,1,1,1,6,2,7,62
4225,25,1,1,1,6,2,7,62
4226,26,1,1,1,6,2,7,62
4227,27,1,1,1,6,2,7,62
4228,28,1,1,1,6,2,7,62
4229,29,1,1,1,6,2,7,62
4230,30,1,1,1,6,2,7,62
4231,31,1,1,1,6,2,7,62
4232,32,1,1,1,6,2,7,62
4233,33,1,1,1,6,2,7,62
4234,34,1,1,1,6,2,7,62
4235,35,1,1,1,6,2,7,62
4236,36,1,1,1,6,2,7,62
4237,37,1,1,1,6,2,7,62
4238,38,1,1,1,6,2,7,62
4239,39,1,1,1,6,2,7,62
4240,40,1,1,1,6,2,7,62
4241,41,1,1,1,6,2,7,62
4242,42,1,1,1,6,2,7,62
4243,43,1,1,1,6,2,7,62
4244,44,1,1,1,6,2,7,62
4245,45,1,1,1,6,2,7,62
4246,46,1,1,1,6,2,7,62
4247,47,1,1,1,6,2,7,62
4248,48,1,1,1,6,2,7,62
4249,49,1,1,1,6,2,7,62
4250,50,1,1,1,6,2,7,62
4251,51,1,1,1,6,2,7,62
4252,52,1,1,1,6,2,7,62
4253,53,1,1,1,6,2,7,62
4254,54,1,1,1,6,2,7,62
4255,55,1,1,1,6,2,7,62
4256,56,1,1,1,6,2,7,62
4257,57,1,1,1,6,2,7,62
4258,58,1,1,1,6,2,7,62
4259,59,1,1,1,6,2,7,62
4260,60,1,1,1,6,2,7,62
4261,61,1,1,1,6,2,7,62
4262,62,1,1,1,6,2,7,62
4263,63,1,1,1,6,2,7,62
4264,64,1,1,1,6,2,7,62
4265,65,1,1,1,6,2,7,62
4266,66,1,1,1,6,2,7,62
4267,67,1,1,1,6,2,7,62
4268,68,1,1,1,6,2,7,62
4269,69,1,1,1,6,2,7,62
4270,70,1,1,1,6,2,7,62
4271,71,1,1,1,6,2,7,62
4272,72,1,1,1,6,2,7,62
4273,73,1,1,1,6,2,7,62
4274,74,1,1,1,6,2,7,62
4275,75,1,1,1,6,2,7,62
4276,76,1,1,1,6,2,7,62
4277,77,1,1,1,6,2,7,62
4278,78,1,1,1,6,2,7,62
4279,79,1,1,1,6,2,7,62
4280,80,1,1,1,6,2,7,62
4281,81,1,1,1,6,2,7,62
4282,82,1,1,1,6,2,7,62
4283,83,1,1,1,6,2,7,62
4284,84,1,1,1,6,2,7,62
4285,85,1,1,1,6,2,7,62
4286,86,1,1,1,6,2,7,62
4287,87,1,1,1,6,2,7,62
4288,88,1,1,1,6,2,7,62
4289,89,1,1,1,6,2,7,62
4290,90,1,1,1,6,2,7,62
4291,91,1,1,1,6,2,7,62
4292,92,1,1,1,6,2,7,62
4293,93,1,1,1,6,2,7,62
4294,94,1,1,1,6,2,7,62
4295,95,1,1,1,6,2,7,62
4296,96,1,1,1,6,2,7,62
4297,97,1,1,1,6,2,7,62
4298,98,1,1,1,6,2,7,62
4299,99,1,1,1,6,2,7,62
4300,0,1,1,1,6,2,7,63
4301,1,1,1,1,6,2,7,63
4302,2,1,1,1,6,2,7,63
4303,3,1,1,1,6,2,7,63
4304,4,1,1,1,6,2,7,63
4305,5,1,1,1,6,2,7,63
4306,6,1,1,1,6,2,7,63
4307,7,1,1,1,6,2,7,63
4308,8,1,1,1,6,2,7,63
4309,9,1,1,1,6,2,7,63
4310,10,1,1,1,6,2,7,63
4311,11,1,1,1,6,2,7,63
4312,12,1,1,1,6,2,7,63
4313,13,1,1,1,6,2,7,63
4314,14,1,1,1,6,2,7,63
4315,15,1,1,1,6,2,7,63
4316,16,1,1,1,6,2,7,63
4317,17,1,1,1,6,2,7,63
4318,18,1,1,1,6,2,7,63
4319,19,1,1,1,6,2,7,63
4320,20,1,1,1,6,2,7,63
4321,21,1,1,1,6,2,7,63
4322,22,1,1,1,6,2,7,63
4323,23,1,1,1,6,2,7,63
4324,24,1,1,1,6,2,7,63
4325,25,1,1,1,6,2,7,63
4326,26,1,1,1,6,2,7,63
4327,27,1,1,1,6,2,7,63
4328,28,1,1,1,6,2,7,63
4329,29,1,1,1,6,2,7,63
4330,30,1,1,1,6,2,7,63
4331,31,1,1,1,6,2,7,63
4332,32,1,1,1,6,2,7,63
4333,33,1,1,1,6,2,7,63
4334,34,1,1,1,6,2,7,63
4335,35,1,1,1,6,2,7,63
4336,36,1,1,1,6,2,7,63
4337,37,1,1,1,6,2,7,63
4338,38,1,1,1,6,2,7,63
4339,39,1,1,1,6,2,7,63
4340,40,1,1,1,6,2,7,63
4341,41,1,1,1,6,2,7,63
4342,42,1,1,1,6,2,7,63
4343,43,1,1,1,6,2,7,63
4344,44,1,1,1,6,2,7,63
4345,45,1,1,1,6,2,7,63
4346,46,1,1,1,6,2,7,63
4347,47,1,1,1,6,2,7,63
4348,48,1,1,1,6,2,7,63
4349,49,1,1,1,6,2,7,63
4350,50,1,1,1,6,2,7,63
4351,51,1,1,1,6,2,7,63
4352,52,1,1,1,6,2,7,63
4353,53,1,1,1,6,2,7,63
4354,54,1,1,1,6,2,7,63
4355,55,1,1,1,6,2,7,63
4356,56,1,1,1,6,2,7,63
4357,57,1,1,1,6,2,7,63
4358,58,1,1,1,6,2,7,63
4359,59,1,1,1,6,2,7,63
4360,60,1,1,1,6,2,7,63
4361,61,1,1,1,6,2,7,63
4362,62,1,1,1,6,2,7,63
4363,63,1,1,1,6,2,7,63
4364,64,1,1,1,6,2,7,63
4365,65,1,1,1,6,2,7,63
4366,66,1,1,1,6,2,7,63
4367,67,1,1,1,6,2,7,63
4368,68,1,1,1,6,2,7,63
4369,69,1,1,1,6,2,7,63
4370,70,1,1,1,6,2,7,63
4371,71,1,1,1,6,2,7,63
4372,72,1,1,1,6,2,7,63
4373,73,1,1,1,6,2,7,63
4374,74,1,1,1,6,2,7,63
4375,75,1,1,1,6,2,7,63
4376,76,1,1,1,6,2,7,63
4377,77,1,1,1,6,2,7,63
4378,78,1,1,1,6,2,7,63
4379,79,1,1,1,6,2,7,63
4380,80,1,1,1,6,2,7,63
4381,81,1,1,1,6,2,7,63
4382,82,1,1,1,6,2,7,63
4383,83,1,1,1,6,2,7,63
4384,84,1,1,1,6,2,7,63
4385,85,1,1,1,6,2,7,63
4386,86,1,1,1,6,2,7,63
4387,87,1,1,1,6,2,7,63
4388,88,1,1,1,6,2,7,63
4389,89,1,1,1,6,2,7,63
4390,90,1,1,1,6,2,7,63
4391,91,1,1,1,6,2,7,63
4392,92,1,1,1,6,2,7,63
4393,93,1,1,1,6,2,7,63
4394,94,1,1,1,6,2,7,63
4395,95,1,1,1,6,2,7,63
4396,96,1,1,1,6,2,7,63
4397,97,1,1,1,6,2,7,63
4398,98,1,1,1,6,2,7,63
4399,99,1,1,1,6,2,7,63
4400,0,1,1,1,6,2,7,64
4401,1,1,1,1,6,2,7,64
4402,2,1,1,1,6,2,7,64
4403,3,1,1,1,6,2,7,64
4404,4,1,1,1,6,2,7,64
4405,5,1,1,1,6,2,7,64
4406,6,1,1,1,6,2,7,64
4407,7,1,1,1,6,2,7,64
4408,8,1,1,1,6,2,7,64
4409,9,1,1,1,6,2,7,64
4410,10,1,1,1,6,2,7,64
4411,11,1,1,1,6,2,7,64
4412,12,1,1,1,6,2,7,64
4413,13,1,1,1,6,2,7,64
4414,14,1,1,1,6,2,7,64
4415,15,1,1,1,6,2,7,64
4416,16,1,1,1,6,2,7,64
4417,17,1,1,1,6,2,7,64
4418,18,1,1,1,6,2,7,64
4419,19,1,1,1,6,2,7,64
4420,20,1,1,1,6,2,7,64
4421,21,1,1,1,6,2,7,64
4422,22,1,1,1,6,2,7,64
4423,23,1,1,1,6,2,7,64
4424,24,1,1,1,6,2,7,64
4425,25,1,1,1,6,2,7,64
4426,26,1,1,1,6,2,7,64
4427,27,1,1,1,6,2,7,64
4428,28,1,1,1,6,2,7,64
4429,29,1,1,1,6,2,7,64
4430,30,1,1,1,6,2,7,64
4431,31,1,1,1,6,2,7,64
4432,32,1,1,1,6,2,7,64
4433,33,1,1,1,6,2,7,64
4434,34,1,1,1,6,2,7,64
4435,35,1,1,1,6,2,7,64
4436,36,1,1,1,6,2,7,64
4437,37,1,1,1,6,2,7,64
4438,38,1,1,1,6,2,7,64
4439,39,1,1,1,6,2,7,64
4440,40,1,1,1,6,2,7,64
4441,41,1,1,1,6,2,7,64
4442,42,1,1,1,6,2,7,64
4443,43,1,1,1,6,2,7,64
4444,44,1,1,1,6,2,7,64
4445,45,1,1,1,6,2,7,64
4446,46,1,1,1,6,2,7,64
4447,47,1,1,1,6,2,7,64
4448,48,1,1,1,6,2,7,64
4449,49,1,1,1,6,2,7,64
4450,50,1,1,1,6,2,7,64
4451,51,1,1,1,6,2,7,64
4452,52,1,1,1,6,2,7,64
4453,53,1,1,1,6,2,7,64
4454,54,1,1,1,6,2,7,64
4455,55,1,1,1,6,2,7,64
4456,56,1,1,1,6,2,7,64
4457,57,1,1,1,6,2,7,64
4458,58,1,1,1,6,2,7,64
4459,59,1,1,1,6,2,7,64
4460,60,1,1,1,6,2,7,64
4461,61,1,1,1,6,2,7,64
4462,62,1,1,1,6,2,7,64
4463,63,1,1,1,6,2,7,64
4464,64,1,1,1,6,2,7,64
4465,65,1,1,1,6,2,7,64
4466,66,1,1,1,6,2,7,64
4467,67,1,1,1,6,2,7,64
4468,68,1,1,1,6,2,7,64
4469,69,1,1,1,6,2,7,64
4470,70,1,1,1,6,2,7,64
4471,71,1,1,1,6,2,7,64
4472,72,1,1,1,6,2,7,64
4473,73,1,1,1,6,2,7,64
4474,74,1,1,1,6,2,7,64
4475,75,1,1,1,6,2,7,64
4476,76,1,1,1,6,2,7,64
4477,77,1,1,1,6,2,7,64
4478,78,1,1,1,6,2,7,64
4479,79,1,1,1,6,2,7,64
4480,80,1,1,1,6,2,7,64
4481,81,1,1,1,6,2,7,64
4482,82,1,1,1,6,2,7,64
4483,83,1,1,1,6,2,7,64
4484,84,1,1,1,6,2,7,64
4485,85,1,1,1,6,2,7,64
4486,86,1,1,1,6,2,7,64
4487,87,1,1,1,6,2,7,64
4488,88,1,1,1,6,2,7,64
4489,89,1,1,1,6,2,7,64
4490,90,1,1,1,6,2,7,64
4491,91,1,1,1,6,2,7,64
4492,92,1,1,1,6,2,7,64
4493,93,1,1,1,6,2,7,64
4494,94,1,1,1,6,2,7,64
4495,95,1,1,1,6,2,7,64
4496,96,1,1,1,6,2,7,64
4497,97,1,1,1,6,2,7,64
4498,98,1,1,1,6,2,7,64
4499,99,1,1,1,6,2,7,64
4500,0,1,1,1,6,2,7,65
4501,1,1,1,1,6,2,7,65
4502,2,1,1,1,6,2,7,65
4503,3,1,1,1,6,2,7,65
4504,4,1,1,1,6,2,7,65
4505,5,1,1,1,6,2,7,65
4506,6,1,1,1,6,2,7,65
4507,7,1,1,1,6,2,7,65
4508,8,1,1,1,6,2,7,65
4509,9,1,1,1,6,2,7,65
4510,10,1,1,1,6,2,7,65
4511,11,1,1,1,6,2,7,65
4512,12,1,1,1,6,2,7,65
4513,13,1,1,1,6,2,7,65
4514,14,1,1,1,6,2,7,65
4515,15,1,1,1,6,2,7,65
4516,16,1,1,1,6,2,7,65
4517,17,1,1,1,6,2,7,65
4518,18,1,1,1,6,2,7,65
4519,19,1,1,1,6,2,7,65
4520,20,1,1,1,6,2,7,65
4521,21,1,1,1,6,2,7,65
4522,22,1,1,1,6,2,7,65
4523,23,1,1,1,6,2,7,65
4524,24,1,1,1,6,2,7,65
4525,25,1,1,1,6,2,7,65
4526,26,1,1,1,6,2,7,65
4527,27,1,1,1,6,2,7,65
4528,28,1,1,1,6,2,7,65
4529,29,1,1,1,6,2,7,65
4530,30,1,1,1,6,2,7,65
4531,31,1,1,1,6,2,7,65
4532,32,1,1,1,6,2,7,65
4533,33,1,1,1,6,2,7,65
4534,34,1,1,1,6,2,7,65
4535,35,1,1,1,6,2,7,65
4536,36,1,1,1,6,2,7,65
4537,37,1,1,1,6,2,7,65
4538,38,1,1,1,6,2,7,65
4539,39,1,1,1,6,2,7,65
4540,40,1,1,1,6,2,7,65
4541,41,1,1,1,6,2,7,65
4542,42,1,1,1,6,2,7,65
4543,43,1,1,1,6,2,7,65
4544,44,1,1,1,6,2,7,65
4545,45,1,1,1,6,2,7,65
4546,46,1,1,1,6,2,7,65
4547,47,1,1,1,6,2,7,65
4548,48,1,1,1,6,2,7,65
4549,49,1,1,1,6,2,7,65
4550,50,1,1,1,6,2,7,65
4551,51,1,1,1,6,2,7,65
4552,52,1,1,1,6,2,7,65
4553,53,1,1,1,6,2,7,65
4554,54,1,1,1,6,2,7,65
4555,55,1,1,1,6,2,7,65
4556,56,1,1,1,6,2,7,65
4557,57,1,1,1,6,2,7,65
4558,58,1,1,1,6,2,7,65
4559,59,1,1,1,6,2,7,65
4560,60,1,1,1,6,2,7,65
4561,61,1,1,1,6,2,7,65
4562,62,1,1,1,6,2,7,65
4563,63,1,1,1,6,2,7,65
4564,64,1,1,1,6,2,7,65
4565,65,1,1,1,6,2,7,65
4566,66,1,1,1,6,2,7,65
4567,67,1,1,1,6,2,7,65
4568,68,1,1,1,6,2,7,65
4569,69,1,1,1,6,2,7,65
4570,70,1,1,1,6,2,7,65
4571,71,1,1,1,6,2,7,65
4572,72,1,1,1,6,2,7,65
4573,73,1,1,1,6,2,7,65
4574,74,1,1,1,6,2,7,65
4575,75,1,1,1,6,2,7,65
4576,76,1,1,1,6,2,7,65
4577,77,1,1,1,6,2,7,65
4578,78,1,1,1,6,2,7,65
4579,79,1,1,1,6,2,7,65
4580,80,1,1,1,6,2,7,65
4581,81,1,1,1,6,2,7,65
4582,82,1,1,1,6,2,7,65
4583,83,1,1,1,6,2,7,65
4584,84,1,1,1,6,2,7,65
4585,85,1,1,1,6,2,7,65
4586,86,1,1,1,6,2,7,65
4587,87,1,1,1,6,2,7,65
4588,88,1,1,1,6,2,7,65
4589,89,1,1,1,6,2,7,65
4590,90,1,1,1,6,2,7,65
4591,91,1,1,1,6,2,7,65
4592,92,1,1,1,6,2,7,65
4593,93,1,1,1,6,2,7,65
4594,94,1,1,1,6,2,7,65
4595,95,1,1,1,6,2,7,65
4596,96,1,1,1,6,2,7,65
4597,97,1,1,1,6,2,7,65
4598,98,1,1,1,6,2,7,65
4599,99,1,1,1,6,2,7,65
4600,0,1,1,1,6,2,7,66
4601,1,1,1,1,6,2,7,66
4602,2,1,1,1,6,2,7,66
4603,3,1,1,1,6,2,7,66
4604,4,1,1,1,6,2,7,66
4605,5,1,1,1,6,2,7,66
4606,6,1,1,1,6,2,7,66
4607,7,1,1,1,6,2,7,66
4608,8,1,1,1,6,2,7,66
4609,9,1,1,1,6,2,7,66
4610,10,1,1,1,6,2,7,66
4611,11,1,1,1,6,2,7,66
4612,12,1,1,1,6,2,7,66
4613,13,1,1,1,6,2,7,66
4614,14,1,1,1,6,2,7,66
4615,15,1,1,1,6,2,7,66
4616,16,1,1,1,6,2,7,66
4617,17,1,1,1,6,2,7,66
4618,18,1,1,1,6,2,7,66
4619,19,1,1,1,6,2,7,66
4620,20,1,1,1,6,2,7,66
4621,21,1,1,1,6,2,7,66
4622,22,1,1,1,6,2,7,66
4623,23,1,1,1,6,2,7,66
4624,24,1,1,1,6,2,7,66
4625,25,1,1,1,6,2,7,66
4626,26,1,1,1,6,2,7,66
4627,27,1,1,1,6,2,7,66
4628,28,1,1,1,6,2,7,66
4629,29,1,1,1,6,2,7,66
4630,30,1,1,1,6,2,7,66
4631,31,1,1,1,6,2,7,66
4632,32,1,1,1,6,2,7,66
4633,33,1,1,1,6,2,7,66
4634,34,1,1,1,6,2,7,66
4635,35,1,1,1,6,2,7,66
4636,36,1,1,1,6,2,7,66
4637,37,1,1,1,6,2,7,66
4638,38,1,1,1,6,2,7,66
4639,39,1,1,1,6,2,7,66
4640,40,1,1,1,6,2,7,66
4641,41,1,1,1,6,2,7,66
4642,42,1,1,1,6,2,7,66
4643,43,1,1,1,6,2,7,66
4644,44,1,1,1,6,2,7,66
4645,45,1,1,1,6,2,7,66
4646,46,1,1,1,6,2,7,66
4647,47,1,1,1,6,2,7,66
4648,48,1,1,1,6,2,7,66
4649,49,1,1,1,6,2,7,66
4650,50,1,1,1,6,2,7,66
4651,51,1,1,1,6,2,7,66
4652,52,1,1,1,6,2,7,66
4653,53,1,1,1,6,2,7,66
4654,54,1,1,1,6,2,7,66
4655,55,1,1,1,6,2,7,66
4656,56,1,1,1,6,2,7,66
4657,57,1,1,1,6,2,7,66
4658,58,1,1,1,6,2,7,66
4659,59,1,1,1,6,2,7,66
4660,60,1,1,1,6,2,7,66
4661,61,1,1,1,6,2,7,66
4662,62,1,1,1,6,2,7,66
4663,63,1,1,1,6,2,7,66
4664,64,1,1,1,6,2,7,66
4665,65,1,1,1,6,2,7,66
4666,66,1,1,1,6,2,7,66
4667,67,1,1,1,6,2,7,66
4668,68,1,1,1,6,2,7,66
4669,69,1,1,1,6,2,7,66
4670,70,1,1,1,6,2,7,66
4671,71,1,1,1,6,2,7,66
4672,72,1,1,1,6,2,7,66
4673,73,1,1,1,6,2,7,66
4674,74,1,1,1,6,2,7,66
4675,75,1,1,1,6,2,7,66
4676,76,1,1,1,6,2,7,66
4677,77,1,1,1,6,2,7,66
4678,78,1,1,1,6,2,7,66
4679,79,1,1,1,6,2,7,66
4680,80,1,1,1,6,2,7,66
4681,81,1,1,1,6,2,7,66
4682,82,1,1,1,6,2,7,66
4683,83,1,1,1,6,2,7,66
4684,84,1,1,1,6,2,7,66
4685,85,1,1,1,6,2,7,66
4686,86,1,1,1,6,2,7,66
4687,87,1,1,1,6,2,7,66
4688,88,1,1,1,6,2,7,66
4689,89,1,1,1,6,2,7,66
4690,90,1,1,1,6,2,7,66
4691,91,1,1,1,6,2,7,66
4692,92,1,1,1,6,2,7,66
4693,93,1,1,1,6,2,7,66
4694,94,1,1,1,6,2,7,66
4695,95,1,1,1,6,2,7,66
4696,96,1,1,1,6,2,7,66
4697,97,1,1,1,6,2,7,66
4698,98,1,1,1,6,2,7,66
4699,99,1,1,1,6,2,7,66
4700,0,1,1,1,6,2,7,67
4701,1,1,1,1,6,2,7,67
4702,2,1,1,1,6,2,7,67
4703,3,1,1,1,6,2,7,67
4704,4,1,1,1,6,2,7,67
4705,5,1,1,1,6,2,7,67
4706,6,1,1,1,6,2,7,67
4707,7,1,1,1,6,2,7,67
4708,8,1,1,1,6,2,7,67
4709,9,1,1,1,6,2,7,67
4710,10,1,1,1,6,2,7,67
4711,11,1,1,1,6,2,7,67
4712,12,1,1,1,6,2,7,67
4713,13,1,1,1,6,2,7,67
4714,14,1,1,1,6,2,7,67
4715,15,1,1,1,6,2,7,67
4716,16,1,1,1,6,2,7,67
4717,17,1,1,1,6,2,7,67
4718,18,1,1,1,6,2,7,67
4719,19,1,1,1,6,2,7,67
4720,20,1,1,1,6,2,7,67
4721,21,1,1,1,6,2,7,67
4722,22,1,1,1,6,2,7,67
4723,23,1,1,1,6,2,7,67
4724,24,1,1,1,6,2,7,67
4725,25,1,1,1,6,2,7,67
4726,26,1,1,1,6,2,7,67
4727,27,1,1,1,6,2,7,67
4728,28,1,1,1,6,2,7,67
4729,29,1,1,1,6,2,7,67
4730,30,1,1,1,6,2,7,67
4731,31,1,1,1,6,2,7,67
4732,32,1,1,1,6,2,7,67
4733,33,1,1,1,6,2,7,67
4734,34,1,1,1,6,2,7,67
4735,35,1,1,1,6,2,7,67
4736,36,1,1,1,6,2,7,67
4737,37,1,1,1,6,2,7,67
4738,38,1,1,1,6,2,7,67
4739,39,1,1,1,6,2,7,67
4740,40,1,1,1,6,2,7,67
4741,41,1,1,1,6,2,7,67
4742,42,1,1,1,6,2,7,67
4743,43,1,1,1,6,2,7,67
4744,44,1,1,1,6,2,7,67
4745,45,1,1,1,6,2,7,67
4746,46,1,1,1,6,2,7,67
4747,47,1,1,1,6,2,7,67
4748,48,1,1,1,6,2,7,67
4749,49,1,1,1,6,2,7,67
4750,50,1,1,1,6,2,7,67
4751,51,1,1,1,6,2,7,67
4752,52,1,1,1,6,2,7,67
4753,53,1,1,1,6,2,7,67
4754,54,1,1,1,6,2,7,67
4755,55,1,1,1,6,2,7,67
4756,56,1,1,1,6,2,7,67
4757,57,1,1,1,6,2,7,67
4758,58,1,1,1,6,2,7,67
4759,59,1,1,1,6,2,7,67
4760,60,1,1,1,6,2,7,67
4761,61,1,1,1,6,2,7,67
4762,62,1,1,1,6,2,7,67
4763,63,1,1,1,6,2,7,67
4764,64,1,1,1,6,2,7,67
4765,65,1,1,1,6,2,7,67
4766,66,1,1,1,6,2,7,67
4767,67,1,1,1,6,2,7,67
4768,68,1,1,1,6,2,7,67
4769,69,1,1,1,6,2,7,67
4770,70,1,1,1,6,2,7,67
4771,71,1,1,1,6,2,7,67
4772,72,1,1,1,6,2,7,67
4773,73,1,1,1,6,2,7,67
4774,74,1,1,1,6,2,7,67
4775,75,1,1,1,6,2,7,67
4776,76,1,1,1,6,2,7,67
4777,77,1,1,1,6,2,7,67
4778,78,1,1,1,6,2,7,67
4779,79,1,1,1,6,2,7,67
4780,80,1,1,1,6,2,7,67
4781,81,1,1,1,6,2,7,67
4782,82,1,1,1,6,2,7,67
4783,83,1,1,1,6,2,7,67
4784,84,1,1,1,6,2,7,67
4785,85,1,1,1,6,2,7,67
4786,86,1,1,1,6,2,7,67
4787,87,1,1,1,6,2,7,67
4788,88,1,1,1,6,2,7,67
4789,89,1,1,1,6,2,7,67
4790,90,1,1,1,6,2,7,67
4791,91,1,1,1,6,2,7,67
4792,92,1,1,1,6,2,7,67
4793,93,1,1,1,6,2,7,67
4794,94,1,1,1,6,2,7,67
4795,95,1,1,1,6,2,7,67
4796,96,1,1,1,6,2,7,67
4797,97,1,1,1,6,2,7,67
4798,98,1,1,1,6,2,7,67
4799,99,1,1,1,6,2,7,67
4800,0,1,1,1,6,2,7,68
4801,1,1,1,1,6,2,7,68
4802,2,1,1,1,6,2,7,68
4803,3,1,1,1,6,2,7,68
4804,4,1,1,1,6,2,7,68
4805,5,1,1,1,6,2,7,68
4806,6,1,1,1,6,2,7,68
4807,7,1,1,1,6,2,7,68
4808,8,1,1,1,6,2,7,68
4809,9,1,1,1,6,2,7,68
4810,10,1,1,1,6,2,7,68
4811,11,1,1,1,6,2,7,68
4812,12,1,1,1,6,2,7,68
4813,13,1,1,1,6,2,7,68
4814,14,1,1,1,6,2,7,68
4815,15,1,1,1,6,2,7,68
4816,16,1,1,1,6,2,7,68
4817,17,1,1,1,6,2,7,68
4818,18,1,1,1,6,2,7,68
4819,19,1,1,1,6,2,7,68
4820,20,1,1,1,6,2,7,68
4821,21,1,1,1,6,2,7,68
4822,22,1,1,1,6,2,7,68
4823,23,1,1,1,6,2,7,68
4824,24,1,1,1,6,2,7,68
4825,25,1,1,1,6,2,7,68
4826,26,1,1,1,6,2,7,68
4827,27,1,1,1,6,2,7,68
4828,28,1,1,1,6,2,7,68
4829,29,1,1,1,6,2,7,68
4830,30,1,1,1,6,2,7,68
4831,31,1,1,1,6,2,7,68
4832,32,1,1,1,6,2,7,68
4833,33,1,1,1,6,2,7,68
4834,34,1,1,1,6,2,7,68
4835,35,1,1,1,6,2,7,68
4836,36,1,1,1,6,2,7,68
4837,37,1,1,1,6,2,7,68
4838,38,1,1,1,6,2,7,68
4839,39,1,1,1,6,2,7,68
4840,40,1,1,1,6,2,7,68
4841,41,1,1,1,6,2,7,68
4842,42,1,1,1,6,2,7,68
4843,43,1,1,1,6,2,7,68
4844,44,1,1,1,6,2,7,68
4845,45,1,1,1,6,2,7,68
4846,46,1,1,1,6,2,7,68
4847,47,1,1,1,6,2,7,68
4848,48,1,1,1,6,2,7,68
4849,49,1,1,1,6,2,7,68
4850,50,1,1,1,6,2,7,68
4851,51,1,1,1,6,2,7,68
4852,52,1,1,1,6,2,7,68
4853,53,1,1,1,6,2,7,68
4854,54,1,1,1,6,2,7,68
4855,55,1,1,1,6,2,7,68
4856,56,1,1,1,6,2,7,68
4857,57,1,1,1,6,2,7,68
4858,58,1,1,1,6,2,7,68
4859,59,1,1,1,6,2,7,68
4860,60,1,1,1,6,2,7,68
4861,61,1,1,1,6,2,7,68
4862,62,1,1,1,6,2,7,68
4863,63,1,1,1,6,2,7,68
4864,64,1,1,1,6,2,7,68
4865,65,1,1,1,6,2,7,68
4866,66,1,1,1,6,2,7,68
4867,67,1,1,1,6,2,7,68
4868,68,1,1,1,6,2,7,68
4869,69,1,1,1,6,2,7,68
4870,70,1,1,1,6,2,7,68
4871,71,1,1,1,6,2,7,68
4872,72,1,1,1,6,2,7,68
4873,73,1,1,1,6,2,7,68
4874,74,1,1,1,6,2,7,68
4875,75,1,1,1,6,2,7,68
4876,76,1,1,1,6,2,7,68
4877,77,1,1,1,6,2,7,68
4878,78,1,1,1,6,2,7,68
4879,79,1,1,1,6,2,7,68
4880,80,1,1,1,6,2,7,68
4881,81,1,1,1,6,2,7,68
4882,82,1,1,1,6,2,7,68
4883,83,1,1,1,6,2,7,68
4884,84,1,1,1,6,2,7,68
4885,85,1,1,1,6,2,7,68
4886,86,1,1,1,6,2,7,68
4887,87,1,1,1,6,2,7,68
4888,88,1,1,1,6,2,7,68
4889,89,1,1,1,6,2,7,68
4890,90,1,1,1,6,2,7,68
4891,91,1,1,1,6,2,7,68
4892,92,1,1,1,6,2,7,68
4893,93,1,1,1,6,2,7,68
4894,94,1,1,1,6,2,7,68
4895,95,1,1,1,6,2,7,68
4896,96,1,1,1,6,2,7,68
4897,97,1,1,1,6,2,7,68
4898,98,1,1,1,6,2,7,68
4899,99,1,1,1,6,2,7,68
4900,0,1,1,1,6,2,7,69
4901,1,1,1,1,6,2,7,69
4902,2,1,1,1,6,2,7,69
4903,3,1,1,1,6,2,7,69
4904,4,1,1,1,6,2,7,69
4905,5,1,1,1,6,2,7,69
4906,6,1,1,1,6,2,7,69
4907,7,1,1,1,6,2,7,69
4908,8,1,1,1,6,2,7,69
4909,9,1,1,1,6,2,7,69
4910,10,1,1,1,6,2,7,69
4911,11,1,1,1,6,2,7,69
4912,12,1,1,1,6,2,7,69
4913,13,1,1,1,6,2,7,69
4914,14,1,1,1,6,2,7,69
4915,15,1,1,1,6,2,7,69
4916,16,1,1,1,6,2,7,69
4917,17,1,1,1,6,2,7,69
4918,18,1,1,1,6,2,7,69
4919,19,1,1,1,6,2,7,69
4920,20,1,1,1,6,2,7,69
4921,21,1,1,1,6,2,7,69
4922,22,1,1,1,6,2,7,69
4923,23,1,1,1,6,2,7,69
4924,24,1,1,1,6,2,7,69
4925,25,1,1,1,6,2,7,69
4926,26,1,1,1,6,2,7,69
4927,27,1,1,1,6,2,7,69
4928,28,1,1,1,6,2,7,69
4929,29,1,1,1,6,2,7,69
4930,30,1,1,1,6,2,7,69
4931,31,1,1,1,6,2,7,69
4932,32,1,1,1,6,2,7,69
4933,33,1,1,1,6,2,7,69
4934,34,1,1,1,6,2,7,69
4935,35,1,1,1,6,2,7,69
4936,36,1,1,1,6,2,7,69
4937,37,1,1,1,6,2,7,69
4938,38,1,1,1,6,2,7,69
4939,39,1,1,1,6,2,7,69
4940,40,1,1,1,6,2,7,69
4941,41,1,1,1,6,2,7,69
4942,42,1,1,1,6,2,7,69
4943,43,1,1,1,6,2,7,69
4944,44,1,1,1,6,2,7,69
4945,45,1,1,1,6,2,7,69
4946,46,1,1,1,6,2,7,69
4947,47,1,1,1,6,2,7,69
4948,48,1,1,1,6,2,7,69
4949,49,1,1,1,6,2,7,69
4950,50,1,1,1,6,2,7,69
4951,51,1,1,1,6,2,7,69
4952,52,1,1,1,6,2,7,69
4953,53,1,1,1,6,2,7,69
4954,54,1,1,1,6,2,7,69
4955,55,1,1,1,6,2,7,69
4956,56,1,1,1,6,2,7,69
4957,57,1,1,1,6,2,7,69
4958,58,1,1,1,6,2,7,69
4959,59,1,1,1,6,2,7,69
4960,60,1,1,1,6,2,7,69
4961,61,1,1,1,6,2,7,69
4962,62,1,1,1,6,2,7,69
4963,63,1,1,1,6,2,7,69
4964,64,1,1,1,6,2,7,69
4965,65,1,1,1,6,2,7,69
4966,66,1,1,1,6,2,7,69
4967,67,1,1,1,6,2,7,69
4968,68,1,1,1,6,2,7,69
4969,69,1,1,1,6,2,7,69
4970,70,1,1,1,6,2,7,69
4971,71,1,1,1,6,2,7,69
4972,72,1,1,1,6,2,7,69
4973,73,1,1,1,6,2,7,69
4974,74,1,1,1,6,2,7,69
4975,75,1,1,1,6,2,7,69
4976,76,1,1,1,6,2,7,69
4977,77,1,1,1,6,2,7,69
4978,78,1,1,1,6,2,7,69
4979,79,1,1,1,6,2,7,69
4980,80,1,1,1,6,2,7,69
4981,81,1,1,1,6,2,7,69
4982,82,1,1,1,6,2,7,69
4983,83,1,1,1,6,2,7,69
4984,84,1,1,1,6,2,7,69
4985,85,1,1,1,6,2,7,69
4986,86,1,1,1,6,2,7,69
4987,87,1,1,1,6,2,7,69
4988,88,1,1,1,6,2,7,69
4989,89,1,1,1,6,2,7,69
4990,90,1,1,1,6,2,7,69
4991,91,1,1,1,6,2,7,69
4992,92,1,1,1,6,2,7,69
4993,93,1,1,1,6,2,7,69
4994,94,1,1,1,6,2,7,69
4995,95,1,1,1,6,2,7,69
4996,96,1,1,1,6,2,7,69
4997,97,1,1,1,6,2,7,69
4998,98,1,1,1,6,2,7,69
4999,99,1,1,1,6,2,7,69
5000,0,1,1,1,6,2,7,70
5001,1,1,1,1,6,2,7,70
5002,2,1,1,1,6,2,7,70
5003,3,1,1,1,6,2,7,70
5004,4,1,1,1,6,2,7,70
5005,5,1,1,1,6,2,7,70
5006,6,1,1,1,6,2,7,70
5007,7,1,1,1,6,2,7,70
5008,8,1,1,1,6,2,7,70
5009,9,1,1,1,6,2,7,70
5010,10,1,1,1,6,2,7,70
5011,11,1,1,1,6,2,7,70
5012,12,1,1,1,6,2,7,70
5013,13,1,1,1,6,2,7,70
5014,14,1,1,1,6,2,7,70
5015,15,1,1,1,6,2,7,70
5016,16,1,1,1,6,2,7,70
5017,17,1,1,1,6,2,7,70
5018,18,1,1,1,6,2,7,70
5019,19,1,1,1,6,2,7,70
5020,20,1,1,1,6,2,7,70
5021,21,1,1,1,6,2,7,70
5022,22,1,1,1,6,2,7,70
5023,23,1,1,1,6,2,7,70
5024,24,1,1,1,6,2,7,70
5025,25,1,1,1,6,2,7,70
5026,26,1,1,1,6,2,7,70
5027,27,1,1,1,6,2,7,70
5028,28,1,1,1,6,2,7,70
5029,29,1,1,1,6,2,7,70
5030,30,1,1,1,6,2,7,70
5031,31,1,1,1,6,2,7,70
5032,32,1,1,1,6,2,7,70
5033,33,1,1,1,6,2,7,70
5034,34,1,1,1,6,2,7,70
5035,35,1,1,1,6,2,7,70
5036,36,1,1,1,6,2,7,70
5037,37,1,1,1,6,2,7,70
5038,38,1,1,1,6,2,7,70
5039,39,1,1,1,6,2,7,70
5040,40,1,1,1,6,2,7,70
5041,41,1,1,1,6,2,7,70
5042,42,1,1,1,6,2,7,70
5043,43,1,1,1,6,2,7,70
5044,44,1,1,1,6,2,7,70
5045,45,1,1,1,6,2,7,70
5046,46,1,1,1,6,2,7,70
5047,47,1,1,1,6,2,7,70
5048,48,1,1,1,6,2,7,70
5049,49,1,1,1,6,2,7,70
5050,50,1,1,1,6,2,7,70
5051,51,1,1,1,6,2,7,70
5052,52,1,1,1,6,2,7,70
5053,53,1,1,1,6,2,7,70
5054,54,1,1,1,6,2,7,70
5055,55,1,1,1,6,2,7,70
5056,56,1,1,1,6,2,7,70
5057,57,1,1,1,6,2,7,70
5058,58,1,1,1,6,2,7,70
5059,59,1,1,1,6,2,7,70
5060,60,1,1,1,6,2,7,70
5061,61,1,1,1,6,2,7,70
5062,62,1,1,1,6,2,7,70
5063,63,1,1,1,6,2,7,70
5064,64,1,1,1,6,2,7,70
5065,65,1,1,1,6,2,7,70
5066,66,1,1,1,6,2,7,70
5067,67,1,1,1,6,2,7,70
5068,68,1,1,1,6,2,7,70
5069,69,1,1,1,6,2,7,70
5070,70,1,1,1,6,2,7,70
5071,71,1,1,1,6,2,7,70
5072,72,1,1,1,6,2,7,70
5073,73,1,1,1,6,2,7,70
5074,74,1,1,1,6,2,7,70
5075,75,1,1,1,6,2,7,70
5076,76,1,1,1,6,2,7,70
5077,77,1,1,1,6,2,7,70
5078,78,1,1,1,6,2,7,70
5079,79,1,1,1,6,2,7,70
5080,80,1,1,1,6,2,7,70
5081,81,1,1,1,6,2,7,70
5082,82,1,1,1,6,2,7,70
5083,83,1,1,1,6,2,7,70
5084,84,1,1,1,6,2,7,70
5085,85,1,1,1,6,2,7,70
5086,86,1,1,1,6,2,7,70
5087,87,1,1,1,6,2,7,70
5088,88,1,1,1,6,2,7,70
5089,89,1,1,1,6,2,7,70
5090,90,1,1,1,6,2,7,70
5091,91,1,1,1,6,2,7,70
5092,92,1,1,1,6,2,7,70
5093,93,1,1,1,6,2,7,70
5094,94,1,1,1,6,2,7,70
5095,95,1,1,1,6,2,7,70
5096,96,1,1,1,6,2,7,70
5097,97,1,1,1,6,2,7,70
5098,98,1,1,1,6,2,7,70
5099,99,1,1,1,6,2,7,70
5100,0,1,1,1,6,2,7,71
5101,1,1,1,1,6,2,7,71
5102,2,1,1,1,6,2,7,71
5103,3,1,1,1,6,2,7,71
5104,4,1,1,1,6,2,7,71
5105,5,1,1,1,6,2,7,71
5106,6,1,1,1,6,2,7,71
5107,7,1,1,1,6,2,7,71
5108,8,1,1,1,6,2,7,71
5109,9,1,1,1,6,2,7,71
5110,10,1,1,1,6,2,7,71
5111,11,1,1,1,6,2,7,71
5112,12,1,1,1,6,2,7,71
5113,13,1,1,1,6,2,7,71
5114,14,1,1,1,6,2,7,71
5115,15,1,1,1,6,2,7,71
5116,16,1,1,1,6,2,7,71
5117,17,1,1,1,6,2,7,71
5118,18,1,1,1,6,2,7,71
5119,19,1,1,1,6,2,7,71
5120,20,1,1,1,6,2,7,71
5121,21,1,1,1,6,2,7,71
5122,22,1,1,1,6,2,7,71
5123,23,1,1,1,6,2,7,71
5124,24,1,1,1,6,2,7,71
5125,25,1,1,1,6,2,7,71
5126,26,1,1,1,6,2,7,71
5127,27,1,1,1,6,2,7,71
5128,28,1,1,1,6,2,7,71
5129,29,1,1,1,6,2,7,71
5130,30,1,1,1,6,2,7,71
5131,31,1,1,1,6,2,7,71
5132,32,1,1,1,6,2,7,71
5133,33,1,1,1,6,2,7,71
5134,34,1,1,1,6,2,7,71
5135,35,1,1,1,6,2,7,71
5136,36,1,1,1,6,2,7,71
5137,37,1,1,1,6,2,7,71
5138,38,1,1,1,6,2,7,71
5139,39,1,1,1,6,2,7,71
5140,40,1,1,1,6,2,7,71
5141,41,1,1,1,6,2,7,71
5142,42,1,1,1,6,2,7,71
5143,43,1,1,1,6,2,7,71
5144,44,1,1,1,6,2,7,71
5145,45,1,1,1,6,2,7,71
5146,46,1,1,1,6,2,7,71
5147,47,1,1,1,6,2,7,71
5148,48,1,1,1,6,2,7,71
5149,49,1,1,1,6,2,7,71
5150,50,1,1,1,6,2,7,71
5151,51,1,1,1,6,2,7,71
5152,52,1,1,1,6,2,7,71
5153,53,1,1,1,6,2,7,71
5154,54,1,1,1,6,2,7,71
5155,55,1,1,1,6,2,7,71
5156,56,1,1,1,6,2,7,71
5157,57,1,1,1,6,2,7,71
5158,58,1,1,1,6,2,7,71
5159,59,1,1,1,6,2,7,71
5160,60,1,1,1,6,2,7,71
5161,61,1,1,1,6,2,7,71
5162,62,1,1,1,6,2,7,71
5163,63,1,1,1,6,2,7,71
5164,64,1,1,1,6,2,7,71
5165,65,1,1,1,6,2,7,71
5166,66,1,1,1,6,2,7,71
5167,67,1,1,1,6,2,7,71
5168,68,1,1,1,6,2,7,71
5169,69,1,1,1,6,2,7,71
5170,70,1,1,1,6,2,7,71
5171,71,1,1,1,6,2,7,71
5172,72,1,1,1,6,2,7,71
5173,73,1,1,1,6,2,7,71
5174,74,1,1,1,6,2,7,71
5175,75,1,1,1,6,2,7,71
5176,76,1,1,1,6,2,7,71
5177,77,1,1,1,6,2,7,71
5178,78,1,1,1,6,2,7,71
5179,79,1,1,1,6,2,7,71
5180,80,1,1,1,6,2,7,71
5181,81,1,1,1,6,2,7,71
5182,82,1,1,1,6,2,7,71
5183,83,1,1,1,6,2,7,71
5184,84,1,1,1,6,2,7,71
5185,85,1,1,1,6,2,7,71
5186,86,1,1,1,6,2,7,71
5187,87,1,1,1,6,2,7,71
5188,88,1,1,1,6,2,7,71
5189,89,1,1,1,6,2,7,71
5190,90,1,1,1,6,2,7,71
5191,91,1,1,1,6,2,7,71
5192,92,1,1,1,6,2,7,71
5193,93,1,1,1,6,2,7,71
5194,94,1,1,1,6,2,7,71
5195,95,1,1,1,6,2,7,71
5196,96,1,1,1,6,2,7,71
5197,97,1,1,1,6,2,7,71
5198,98,1,1,1,6,2,7,71
5199,99,1,1,1,6,2,7,71
5200,0,1,1,1,6,2,7,72
5201,1,1,1,1,6,2,7,72
5202,2,1,1,1,6,2,7,72
5203,3,1,1,1,6,2,7,72
5204,4,1,1,1,6,2,7,72
5205,5,1,1,1,6,2,7,72
5206,6,1,1,1,6,2,7,72
5207,7,1,1,1,6,2,7,72
5208,8,1,1,1,6,2,7,72
5209,9,1,1,1,6,2,7,72
5210,10,1,1,1,6,2,7,72
5211,11,1,1,1,6,2,7,72
5212,12,1,1,1,6,2,7,72
5213,13,1,1,1,6,2,7,72
5214,14,1,1,1,6,2,7,72
5215,15,1,1,1,6,2,7,72
5216,16,1,1,1,6,2,7,72
5217,17,1,1,1,6,2,7,72
5218,18,1,1,1,6,2,7,72
5219,19,1,1,1,6,2,7,72
5220,20,1,1,1,6,2,7,72
5221,21,1,1,1,6,2,7,72
5222,22,1,1,1,6,2,7,72
5223,23,1,1,1,6,2,7,72
5224,24,1,1,1,6,2,7,72
5225,25,1,1,1,6,2,7,72
5226,26,1,1,1,6,2,7,72
5227,27,1,1,1,6,2,7,72
5228,28,1,1,1,6,2,7,72
5229,29,1,1,1,6,2,7,72
5230,30,1,1,1,6,2,7,72
5231,31,1,1,1,6,2,7,72
5232,32,1,1,1,6,2,7,72
5233,33,1,1,1,6,2,7,72
5234,34,1,1,1,6,2,7,72
5235,35,1,1,1,6,2,7,72
5236,36,1,1,1,6,2,7,72
5237,37,1,1,1,6,2,7,72
5238,38,1,1,1,6,2,7,72
5239,39,1,1,1,6,2,7,72
5240,40,1,1,1,6,2,7,72
5241,41,1,1,1,6,2,7,72
5242,42,1,1,1,6,2,7,72
5243,43,1,1,1,6,2,7,72
5244,44,1,1,1,6,2,7,72
5245,45,1,1,1,6,2,7,72
5246,46,1,1,1,6,2,7,72
5247,47,1,1,1,6,2,7,72
5248,48,1,1,1,6,2,7,72
5249,49,1,1,1,6,2,7,72
5250,50,1,1,1,6,2,7,72
5251,51,1,1,1,6,2,7,72
5252,52,1,1,1,6,2,7,72
5253,53,1,1,1,6,2,7,72
5254,54,1,1,1,6,2,7,72
5255,55,1,1,1,6,2,7,72
5256,56,1,1,1,6,2,7,72
5257,57,1,1,1,6,2,7,72
5258,58,1,1,1,6,2,7,72
5259,59,1,1,1,6,2,7,72
5260,60,1,1,1,6,2,7,72
5261,61,1,1,1,6,2,7,72
5262,62,1,1,1,6,2,7,72
5263,63,1,1,1,6,2,7,72
5264,64,1,1,1,6,2,7,72
5265,65,1,1,1,6,2,7,72
5266,66,1,1,1,6,2,7,72
5267,67,1,1,1,6,2,7,72
5268,68,1,1,1,6,2,7,72
5269,69,1,1,1,6,2,7,72
5270,70,1,1,1,6,2,7,72
5271,71,1,1,1,6,2,7,72
5272,72,1,1,1,6,2,7,72
5273,73,1,1,1,6,2,7,72
5274,74,1,1,1,6,2,7,72
5275,75,1,1,1,6,2,7,72
5276,76,1,1,1,6,2,7,72
5277,77,1,1,1,6,2,7,72
5278,78,1,1,1,6,2,7,72
5279,79,1,1,1,6,2,7,72
5280,80,1,1,1,6,2,7,72
5281,81,1,1,1,6,2,7,72
5282,82,1,1,1,6,2,7,72
5283,83,1,1,1,6,2,7,72
5284,84,1,1,1,6,2,7,72
5285,85,1,1,1,6,2,7,72
5286,86,1,1,1,6,2,7,72
5287,87,1,1,1,6,2,7,72
5288,88,1,1,1,6,2,7,72
5289,89,1,1,1,6,2,7,72
5290,90,1,1,1,6,2,7,72
5291,91,1,1,1,6,2,7,72
5292,92,1,1,1,6,2,7,72
5293,93,1,1,1,6,2,7,72
5294,94,1,1,1,6,2,7,72
5295,95,1,1,1,6,2,7,72
5296,96,1,1,1,6,2,7,72
5297,97,1,1,1,6,2,7,72
5298,98,1,1,1,6,2,7,72
5299,99,1,1,1,6,2,7,72
5300,0,1,1,1,6,2,7,73
5301,1,1,1,1,6,2,7,73
5302,2,1,1,1,6,2,7,73
5303,3,1,1,1,6,2,7,73
5304,4,1,1,1,6,2,7,73
5305,5,1,1,1,6,2,7,73
5306,6,1,1,1,6,2,7,73
5307,7,1,1,1,6,2,7,73
5308,8,1,1,1,6,2,7,73
5309,9,1,1,1,6,2,7,73
5310,10,1,1,1,6,2,7,73
5311,11,1,1,1,6,2,7,73
5312,12,1,1,1,6,2,7,73
5313,13,1,1,1,6,2,7,73
5314,14,1,1,1,6,2,7,73
5315,15,1,1,1,6,2,7,73
5316,16,1,1,1,6,2,7,73
5317,17,1,1,1,6,2,7,73
5318,18,1,1,1,6,2,7,73
5319,19,1,1,1,6,2,7,73
5320,20,1,1,1,6,2,7,73
5321,21,1,1,1,6,2,7,73
5322,22,1,1,1,6,2,7,73
5323,23,1,1,1,6,2,7,73
5324,24,1,1,1,6,2,7,73
5325,25,1,1,1,6,2,7,73
5326,26,1,1,1,6,2,7,73
5327,27,1,1,1,6,2,7,73
5328,28,1,1,1,6,2,7,73
5329,29,1,1,1,6,2,7,73
5330,30,1,1,1,6,2,7,73
5331,31,1,1,1,6,2,7,73
5332,32,1,1,1,6,2,7,73
5333,33,1,1,1,6,2,7,73
5334,34,1,1,1,6,2,7,73
5335,35,1,1,1,6,2,7,73
5336,36,1,1,1,6,2,7,73
5337,37,1,1,1,6,2,7,73
5338,38,1,1,1,6,2,7,73
5339,39,1,1,1,6,2,7,73
5340,40,1,1,1,6,2,7,73
5341,41,1,1,1,6,2,7,73
5342,42,1,1,1,6,2,7,73
5343,43,1,1,1,6,2,7,73
5344,44,1,1,1,6,2,7,73
5345,45,1,1,1,6,2,7,73
5346,46,1,1,1,6,2,7,73
5347,47,1,1,1,6,2,7,73
5348,48,1,1,1,6,2,7,73
5349,49,1,1,1,6,2,7,73
5350,50,1,1,1,6,2,7,73
5351,51,1,1,1,6,2,7,73
5352,52,1,1,1,6,2,7,73
5353,53,1,1,1,6,2,7,73
5354,54,1,1,1,6,2,7,73
5355,55,1,1,1,6,2,7,73
5356,56,1,1,1,6,2,7,73
5357,57,1,1,1,6,2,7,73
5358,58,1,1,1,6,2,7,73
5359,59,1,1,1,6,2,7,73
5360,60,1,1,1,6,2,7,73
5361,61,1,1,1,6,2,7,73
5362,62,1,1,1,6,2,7,73
5363,63,1,1,1,6,2,7,73
5364,64,1,1,1,6,2,7,73
5365,65,1,1,1,6,2,7,73
5366,66,1,1,1,6,2,7,73
5367,67,1,1,1,6,2,7,73
5368,68,1,1,1,6,2,7,73
5369,69,1,1,1,6,2,7,73
5370,70,1,1,1,6,2,7,73
5371,71,1,1,1,6,2,7,73
5372,72,1,1,1,6,2,7,73
5373,73,1,1,1,6,2,7,73
5374,74,1,1,1,6,2,7,73
5375,75,1,1,1,6,2,7,73
5376,76,1,1,1,6,2,7,73
5377,77,1,1,1,6,2,7,73
5378,78,1,1,1,6,2,7,73
5379,79,1,1,1,6,2,7,73
5380,80,1,1,1,6,2,7,73
5381,81,1,1,1,6,2,7,73
5382,82,1,1,1,6,2,7,73
5383,83,1,1,1,6,2,7,73
5384,84,1,1,1,6,2,7,73
5385,85,1,1,1,6,2,7,73
5386,86,1,1,1,6,2,7,73
5387,87,1,1,1,6,2,7,73
5388,88,1,1,1,6,2,7,73
5389,89,1,1,1,6,2,7,73
5390,90,1,1,1,6,2,7,73
5391,91,1,1,1,6,2,7,73
5392,92,1,1,1,6,2,7,73
5393,93,1,1,1,6,2,7,73
5394,94,1,1,1,6,2,7,73
5395,95,1,1,1,6,2,7,73
5396,96,1,1,1,6,2,7,73
5397,97,1,1,1,6,2,7,73
5398,98,1,1,1,6,2,7,73
5399,99,1,1,1,6,2,7,73
5400,0,1,1,1,6,2,7,74
5401,1,1,1,1,6,2,7,74
5402,2,1,1,1,6,2,7,74
5403,3,1,1,1,6,2,7,74
5404,4,1,1,1,6,2,7,74
5405,5,1,1,1,6,2,7,74
5406,6,1,1,1,6,2,7,74
5407,7,1,1,1,6,2,7,74
5408,8,1,1,1,6,2,7,74
5409,9,1,1,1,6,2,7,74
5410,10,1,1,1,6,2,7,74
5411,11,1,1,1,6,2,7,74
5412,12,1,1,1,6,2,7,74
5413,13,1,1,1,6,2,7,74
5414,14,1,1,1,6,2,7,74
5415,15,1,1,1,6,2,7,74
5416,16,1,1,1,6,2,7,74
5417,17,1,1,1,6,2,7,74
5418,18,1,1,1,6,2,7,74
5419,19,1,1,1,6,2,7,74
5420,20,1,1,1,6,2,7,74
5421,21,1,1,1,6,2,7,74
5422,22,1,1,1,6,2,7,74
5423,23,1,1,1,6,2,7,74
5424,24,1,1,1,6,2,7,74
5425,25,1,1,1,6,2,7,74
5426,26,1,1,1,6,2,7,74
5427,27,1,1,1,6,2,7,74
5428,28,1,1,1,6,2,7,74
5429,29,1,1,1,6,2,7,74
5430,30,1,1,1,6,2,7,74
5431,31,1,1,1,6,2,7,74
5432,32,1,1,1,6,2,7,74
5433,33,1,1,1,6,2,7,74
5434,34,1,1,1,6,2,7,74
5435,35,1,1,1,6,2,7,74
5436,36,1,1,1,6,2,7,74
5437,37,1,1,1,6,2,7,74
5438,38,1,1,1,6,2,7,74
5439,39,1,1,1,6,2,7,74
5440,40,1,1,1,6,2,7,74
5441,41,1,1,1,6,2,7,74
5442,42,1,1,1,6,2,7,74
5443,43,1,1,1,6,2,7,74
5444,44,1,1,1,6,2,7,74
5445,45,1,1,1,6,2,7,74
5446,46,1,1,1,6,2,7,74
5447,47,1,1,1,6,2,7,74
5448,48,1,1,1,6,2,7,74
5449,49,1,1,1,6,2,7,74
5450,50,1,1,1,6,2,7,74
5451,51,1,1,1,6,2,7,74
5452,52,1,1,1,6,2,7,74
5453,53,1,1,1,6,2,7,74
5454,54,1,1,1,6,2,7,74
5455,55,1,1,1,6,2,7,74
5456,56,1,1,1,6,2,7,74
5457,57,1,1,1,6,2,7,74
5458,58,1,1,1,6,2,7,74
5459,59,1,1,1,6,2,7,74
5460,60,1,1,1,6,2,7,74
5461,61,1,1,1,6,2,7,74
5462,62,1,1,1,6,2,7,74
5463,63,1,1,1,6,2,7,74
5464,64,1,1,1,6,2,7,74
5465,65,1,1,1,6,2,7,74
5466,66,1,1,1,6,2,7,74
5467,67,1,1,1,6,2,7,74
5468,68,1,1,1,6,2,7,74
5469,69,1,1,1,6,2,7,74
5470,70,1,1,1,6,2,7,74
5471,71,1,1,1,6,2,7,74
5472,72,1,1,1,6,2,7,74
5473,73,1,1,1,6,2,7,74
5474,74,1,1,1,6,2,7,74
5475,75,1,1,1,6,2,7,74
5476,76,1,1,1,6,2,7,74
5477,77,1,1,1,6,2,7,74
5478,78,1,1,1,6,2,7,74
5479,79,1,1,1,6,2,7,74
5480,80,1,1,1,6,2,7,74
5481,81,1,1,1,6,2,7,74
5482,82,1,1,1,6,2,7,74
5483,83,1,1,1,6,2,7,74
5484,84,1,1,1,6,2,7,74
5485,85,1,1,1,6,2,7,74
5486,86,1,1,1,6,2,7,74
5487,87,1,1,1,6,2,7,74
5488,88,1,1,1,6,2,7,74
5489,89,1,1,1,6,2,7,74
5490,90,1,1,1,6,2,7,74
5491,91,1,1,1,6,2,7,74
5492,92,1,1,1,6,2,7,74
5493,93,1,1,1,6,2,7,74
5494,94,1,1,1,6,2,7,74
5495,95,1,1,1,6,2,7,74
5496,96,1,1,1,6,2,7,74
5497,97,1,1,1,6,2,7,74
5498,98,1,1,1,6,2,7,74
5499,99,1,1,1,6,2,7,74
5500,0,1,1,1,6,2,7,75
5501,1,1,1,1,6,2,7,75
5502,2,1,1,1,6,2,7,75
5503,3,1,1,1,6,2,7,75
5504,4,1,1,1,6,2,7,75
5505,5,1,1,1,6,2,7,75
5506,6,1,1,1,6,2,7,75
5507,7,1,1,1,6,2,7,75
5508,8,1,1,1,6,2,7,75
5509,9,1,1,1,6,2,7,75
5510,10,1,1,1,6,2,7,75
5511,11,1,1,1,6,2,7,75
5512,12,1,1,1,6,2,7,75
5513,13,1,1,1,6,2,7,75
5514,14,1,1,1,6,2,7,75
5515,15,1,1,1,6,2,7,75
5516,16,1,1,1,6,2,7,75
5517,17,1,1,1,6,2,7,75
5518,18,1,1,1,6,2,7,75
5519,19,1,1,1,6,2,7,75
5520,20,1,1,1,6,2,7,75
5521,21,1,1,1,6,2,7,75
5522,22,1,1,1,6,2,7,75
5523,23,1,1,1,6,2,7,75
5524,24,1,1,1,6,2,7,75
5525,25,1,1,1,6,2,7,75
5526,26,1,1,1,6,2,7,75
5527,27,1,1,1,6,2,7,75
5528,28,1,1,1,6,2,7,75
5529,29,1,1,1,6,2,7,75
5530,30,1,1,1,6,2,7,75
5531,31,1,1,1,6,2,7,75
5532,32,1,1,1,6,2,7,75
5533,33,1,1,1,6,2,7,75
5534,34,1,1,1,6,2,7,75
5535,35,1,1,1,6,2,7,75
5536,36,1,1,1,6,2,7,75
5537,37,1,1,1,6,2,7,75
5538,38,1,1,1,6,2,7,75
5539,39,1,1,1,6,2,7,75
5540,40,1,1,1,6,2,7,75
5541,41,1,1,1,6,2,7,75
5542,42,1,1,1,6,2,7,75
5543,43,1,1,1,6,2,7,75
5544,44,1,1,1,6,2,7,75
5545,45,1,1,1,6,2,7,75
5546,46,1,1,1,6,2,7,75
5547,47,1,1,1,6,2,7,75
5548,48,1,1,1,6,2,7,75
5549,49,1,1,1,6,2,7,75
5550,50,1,1,1,6,2,7,75
5551,51,1,1,1,6,2,7,75
5552,52,1,1,1,6,2,7,75
5553,53,1,1,1,6,2,7,75
5554,54,1,1,1,6,2,7,75
5555,55,1,1,1,6,2,7,75
5556,56,1,1,1,6,2,7,75
5557,57,1,1,1,6,2,7,75
5558,58,1,1,1,6,2,7,75
5559,59,1,1,1,6,2,7,75
5560,60,1,1,1,6,2,7,75
5561,61,1,1,1,6,2,7,75
5562,62,1,1,1,6,2,7,75
5563,63,1,1,1,6,2,7,75
5564,64,1,1,1,6,2,7,75
5565,65,1,1,1,6,2,7,75
5566,66,1,1,1,6,2,7,75
5567,67,1,1,1,6,2,7,75
5568,68,1,1,1,6,2,7,75
5569,69,1,1,1,6,2,7,75
5570,70,1,1,1,6,2,7,75
5571,71,1,1,1,6,2,7,75
5572,72,1,1,1,6,2,7,75
5573,73,1,1,1,6,2,7,75
5574,74,1,1,1,6,2,7,75
5575,75,1,1,1,6,2,7,75
5576,76,1,1,1,6,2,7,75
5577,77,1,1,1,6,2,7,75
5578,78,1,1,1,6,2,7,75
5579,79,1,1,1,6,2,7,75
5580,80,1,1,1,6,2,7,75
5581,81,1,1,1,6,2,7,75
5582,82,1,1,1,6,2,7,75
5583,83,1,1,1,6,2,7,75
5584,84,1,1,1,6,2,7,75
5585,85,1,1,1,6,2,7,75
5586,86,1,1,1,6,2,7,75
5587,87,1,1,1,6,2,7,75
5588,88,1,1,1,6,2,7,75
5589,89,1,1,1,6,2,7,75
5590,90,1,1,1,6,2,7,75
5591,91,1,1,1,6,2,7,75
5592,92,1,1,1,6,2,7,75
5593,93,1,1,1,6,2,7,75
5594,94,1,1,1,6,2,7,75
5595,95,1,1,1,6,2,7,75
5596,96,1,1,1,6,2,7,75
5597,97,1,1,1,6,2,7,75
5598,98,1,1,1,6,2,7,75
5599,99,1,1,1,6,2,7,75
5600,0,1,1,1,6,2,7,76
5601,1,1,1,1,6,2,7,76
5602,2,1,1,1,6,2,7,76
5603,3,1,1,1,6,2,7,76
5604,4,1,1,1,6,2,7,76
5605,5,1,1,1,6,2,7,76
5606,6,1,1,1,6,2,7,76
5607,7,1,1,1,6,2,7,76
5608,8,1,1,1,6,2,7,76
5609,9,1,1,1,6,2,7,76
5610,10,1,1,1,6,2,7,76
5611,11,1,1,1,6,2,7,76
5612,12,1,1,1,6,2,7,76
5613,13,1,1,1,6,2,7,76
5614,14,1,1,1,6,2,7,76
5615,15,1,1,1,6,2,7,76
5616,16,1,1,1,6,2,7,76
5617,17,1,1,1,6,2,7,76
5618,18,1,1,1,6,2,7,76
5619,19,1,1,1,6,2,7,76
5620,20,1,1,1,6,2,7,76
5621,21,1,1,1,6,2,7,76
5622,22,1,1,1,6,2,7,76
5623,23,1,1,1,6,2,7,76
5624,24,1,1,1,6,2,7,76
5625,25,1,1,1,6,2,7,76
5626,26,1,1,1,6,2,7,76
5627,27,1,1,1,6,2,7,76
5628,28,1,1,1,6,2,7,76
5629,29,1,1,1,6,2,7,76
5630,30,1,1,1,6,2,7,76
5631,31,1,1,1,6,2,7,76
5632,32,1,1,1,6,2,7,76
5633,33,1,1,1,6,2,7,76
5634,34,1,1,1,6,2,7,76
5635,35,1,1,1,6,2,7,76
5636,36,1,1,1,6,2,7,76
5637,37,1,1,1,6,2,7,76
5638,38,1,1,1,6,2,7,76
5639,39,1,1,1,6,2,7,76
5640,40,1,1,1,6,2,7,76
5641,41,1,1,1,6,2,7,76
5642,42,1,1,1,6,2,7,76
5643,43,1,1,1,6,2,7,76
5644,44,1,1,1,6,2,7,76
5645,45,1,1,1,6,2,7,76
5646,46,1,1,1,6,2,7,76
5647,47,1,1,1,6,2,7,76
5648,48,1,1,1,6,2,7,76
5649,49,1,1,1,6,2,7,76
5650,50,1,1,1,6,2,7,76
5651,51,1,1,1,6,2,7,76
5652,52,1,1,1,6,2,7,76
5653,53,1,1,1,6,2,7,76
5654,54,1,1,1,6,2,7,76
5655,55,1,1,1,6,2,7,76
5656,56,1,1,1,6,2,7,76
5657,57,1,1,1,6,2,7,76
5658,58,1,1,1,6,2,7,76
5659,59,1,1,1,6,2,7,76
5660,60,1,1,1,6,2,7,76
5661,61,1,1,1,6,2,7,76
5662,62,1,1,1,6,2,7,76
5663,63,1,1,1,6,2,7,76
5664,64,1,1,1,6,2,7,76
5665,65,1,1,1,6,2,7,76
5666,66,1,1,1,6,2,7,76
5667,67,1,1,1,6,2,7,76
5668,68,1,1,1,6,2,7,76
5669,69,1,1,1,6,2,7,76
5670,70,1,1,1,6,2,7,76
5671,71,1,1,1,6,2,7,76
5672,72,1,1,1,6,2,7,76
5673,73,1,1,1,6,2,7,76
5674,74,1,1,1,6,2,7,76
5675,75,1,1,1,6,2,7,76
5676,76,1,1,1,6,2,7,76
5677,77,1,1,1,6,2,7,76
5678,78,1,1,1,6,2,7,76
5679,79,1,1,1,6,2,7,76
5680,80,1,1,1,6,2,7,76
5681,81,1,1,1,6,2,7,76
5682,82,1,1,1,6,2,7,76
5683,83,1,1,1,6,2,7,76
5684,84,1,1,1,6,2,7,76
5685,85,1,1,1,6,2,7,76
5686,86,1,1,1,6,2,7,76
5687,87,1,1,1,6,2,7,76
5688,88,1,1,1,6,2,7,76
5689,89,1,1,1,6,2,7,76
5690,90,1,1,1,6,2,7,76
5691,91,1,1,1,6,2,7,76
5692,92,1,1,1,6,2,7,76
5693,93,1,1,1,6,2,7,76
5694,94,1,1,1,6,2,7,76
5695,95,1,1,1,6,2,7,76
5696,96,1,1,1,6,2,7,76
5697,97,1,1,1,6,2,7,76
5698,98,1,1,1,6,2,7,76
5699,99,1,1,1,6,2,7,76
5700,0,1,1,1,6,2,7,77
5701,1,1,1,1,6,2,7,77
5702,2,1,1,1,6,2,7,77
5703,3,1,1,1,6,2,7,77
5704,4,1,1,1,6,2,7,77
5705,5,1,1,1,6,2,7,77
5706,6,1,1,1,6,2,7,77
5707,7,1,1,1,6,2,7,77
5708,8,1,1,1,6,2,7,77
5709,9,1,1,1,6,2,7,77
5710,10,1,1,1,6,2,7,77
5711,11,1,1,1,6,2,7,77
5712,12,1,1,1,6,2,7,77
5713,13,1,1,1,6,2,7,77
5714,14,1,1,1,6,2,7,77
5715,15,1,1,1,6,2,7,77
5716,16,1,1,1,6,2,7,77
5717,17,1,1,1,6,2,7,77
5718,18,1,1,1,6,2,7,77
5719,19,1,1,1,6,2,7,77
5720,20,1,1,1,6,2,7,77
5721,21,1,1,1,6,2,7,77
5722,22,1,1,1,6,2,7,77
5723,23,1,1,1,6,2,7,77
5724,24,1,1,1,6,2,7,77
5725,25,1,1,1,6,2,7,77
5726,26,1,1,1,6,2,7,77
5727,27,1,1,1,6,2,7,77
5728,28,1,1,1,6,2,7,77
5729,29,1,1,1,6,2,7,77
5730,30,1,1,1,6,2,7,77
5731,31,1,1,1,6,2,7,77
5732,32,1,1,1,6,2,7,77
5733,33,1,1,1,6,2,7,77
5734,34,1,1,1,6,2,7,77
5735,35,1,1,1,6,2,7,77
5736,36,1,1,1,6,2,7,77
5737,37,1,1,1,6,2,7,77
5738,38,1,1,1,6,2,7,77
5739,39,1,1,1,6,2,7,77
5740,40,1,1,1,6,2,7,77
5741,41,1,1,1,6,2,7,77
5742,42,1,1,1,6,2,7,77
5743,43,1,1,1,6,2,7,77
5744,44,1,1,1,6,2,7,77
5745,45,1,1,1,6,2,7,77
5746,46,1,1,1,6,2,7,77
5747,47,1,1,1,6,2,7,77
5748,48,1,1,1,6,2,7,77
5749,49,1,1,1,6,2,7,77
5750,50,1,1,1,6,2,7,77
5751,51,1,1,1,6,2,7,77
5752,52,1,1,1,6,2,7,77
5753,53,1,1,1,6,2,7,77
5754,54,1,1,1,6,2,7,77
5755,55,1,1,1,6,2,7,77
5756,56,1,1,1,6,2,7,77
5757,57,1,1,1,6,2,7,77
5758,58,1,1,1,6,2,7,77
5759,59,1,1,1,6,2,7,77
5760,60,1,1,1,6,2,7,77
5761,61,1,1,1,6,2,7,77
5762,62,1,1,1,6,2,7,77
5763,63,1,1,1,6,2,7,77
5764,64,1,1,1,6,2,7,77
5765,65,1,1,1,6,2,7,77
5766,66,1,1,1,6,2,7,77
5767,67,1,1,1,6,2,7,77
5768,68,1,1,1,6,2,7,77
5769,69,1,1,1,6,2,7,77
5770,70,1,1,1,6,2,7,77
5771,71,1,1,1,6,2,7,77
5772,72,1,1,1,6,2,7,77
5773,73,1,1,1,6,2,7,77
5774,74,1,1,1,6,2,7,77
5775,75,1,1,1,6,2,7,77
5776,76,1,1,1,6,2,7,77
5777,77,1,1,1,6,2,7,77
5778,78,1,1,1,6,2,7,77
5779,79,1,1,1,6,2,7,77
5780,80,1,1,1,6,2,7,77
5781,81,1,1,1,6,2,7,77
5782,82,1,1,1,6,2,7,77
5783,83,1,1,1,6,2,7,77
5784,84,1,1,1,6,2,7,77
5785,85,1,1,1,6,2,7,77
5786,86,1,1,1,6,2,7,77
5787,87,1,1,1,6,2,7,77
5788,88,1,1,1,6,2,7,77
5789,89,1,1,1,6,2,7,77
5790,90,1,1,1,6,2,7,77
5791,91,1,1,1,6,2,7,77
5792,92,1,1,1,6,2,7,77
5793,93,1,1,1,6,2,7,77
5794,94,1,1,1,6,2,7,77
5795,95,1,1,1,6,2,7,77
5796,96,1,1,1,6,2,7,77
5797,97,1,1,1,6,2,7,77
5798,98,1,1,1,6,2,7,77
5799,99,1,1,1,6,2,7,77
5800,0,1,1,1,6,2,7,78
5801,1,1,1,1,6,2,7,78
5802,2,1,1,1,6,2,7,78
5803,3,1,1,1,6,2,7,78
5804,4,1,1,1,6,2,7,78
5805,5,1,1,1,6,2,7,78
5806,6,1,1,1,6,2,7,78
5807,7,1,1,1,6,2,7,78
5808,8,1,1,1,6,2,7,78
5809,9,1,1,1,6,2,7,78
5810,10,1,1,1,6,2,7,78
5811,11,1,1,1,6,2,7,78
5812,12,1,1,1,6,2,7,78
5813,13,1,1,1,6,2,7,78
5814,14,1,1,1,6,2,7,78
5815,15,1,1,1,6,2,7,78
5816,16,1,1,1,6,2,7,78
5817,17,1,1,1,6,2,7,78
5818,18,1,1,1,6,2,7,78
5819,19,1,1,1,6,2,7,78
5820,20,1,1,1,6,2,7,78
5821,21,1,1,1,6,2,7,78
5822,22,1,1,1,6,2,7,78
5823,23,1,1,1,6,2,7,78
5824,24,1,1,1,6,2,7,78
5825,25,1,1,1,6,2,7,78
5826,26,1,1,1,6,2,7,78
5827,27,1,1,1,6,2,7,78
5828,28,1,1,1,6,2,7,78
5829,29,1,1,1,6,2,7,78
5830,30,1,1,1,6,2,7,78
5831,31,1,1,1,6,2,7,78
5832,32,1,1,1,6,2,7,78
5833,33,1,1,1,6,2,7,78
5834,34,1,1,1,6,2,7,78
5835,35,1,1,1,6,2,7,78
5836,36,1,1,1,6,2,7,78
5837,37,1,1,1,6,2,7,78
5838,38,1,1,1,6,2,7,78
5839,39,1,1,1,6,2,7,78
5840,40,1,1,1,6,2,7,78
5841,41,1,1,1,6,2,7,78
5842,42,1,1,1,6,2,7,78
5843,43,1,1,1,6,2,7,78
5844,44,1,1,1,6,2,7,78
5845,45,1,1,1,6,2,7,78
5846,46,1,1,1,6,2,7,78
5847,47,1,1,1,6,2,7,78
5848,48,1,1,1,6,2,7,78
5849,49,1,1,1,6,2,7,78
5850,50,1,1,1,6,2,7,78
5851,51,1,1,1,6,2,7,78
5852,52,1,1,1,6,2,7,78
5853,53,1,1,1,6,2,7,78
5854,54,1,1,1,6,2,7,78
5855,55,1,1,1,6,2,7,78
5856,56,1,1,1,6,2,7,78
5857,57,1,1,1,6,2,7,78
5858,58,1,1,1,6,2,7,78
5859,59,1,1,1,6,2,7,78
5860,60,1,1,1,6,2,7,78
5861,61,1,1,1,6,2,7,78
5862,62,1,1,1,6,2,7,78
5863,63,1,1,1,6,2,7,78
5864,64,1,1,1,6,2,7,78
5865,65,1,1,1,6,2,7,78
5866,66,1,1,1,6,2,7,78
5867,67,1,1,1,6,2,7,78
5868,68,1,1,1,6,2,7,78
5869,69,1,1,1,6,2,7,78
5870,70,1,1,1,6,2,7,78
5871,71,1,1,1,6,2,7,78
5872,72,1,1,1,6,2,7,78
5873,73,1,1,1,6,2,7,78
5874,74,1,1,1,6,2,7,78
5875,75,1,1,1,6,2,7,78
5876,76,1,1,1,6,2,7,78
5877,77,1,1,1,6,2,7,78
5878,78,1,1,1,6,2,7,78
5879,79,1,1,1,6,2,7,78
5880,80,1,1,1,6,2,7,78
5881,81,1,1,1,6,2,7,78
5882,82,1,1,1,6,2,7,78
5883,83,1,1,1,6,2,7,78
5884,84,1,1,1,6,2,7,78
5885,85,1,1,1,6,2,7,78
5886,86,1,1,1,6,2,7,78
5887,87,1,1,1,6,2,7,78
5888,88,1,1,1,6,2,7,78
5889,89,1,1,1,6,2,7,78
5890,90,1,1,1,6,2,7,78
5891,91,1,1,1,6,2,7,78
5892,92,1,1,1,6,2,7,78
5893,93,1,1,1,6,2,7,78
5894,94,1,1,1,6,2,7,78
5895,95,1,1,1,6,2,7,78
5896,96,1,1,1,6,2,7,78
5897,97,1,1,1,6,2,7,78
5898,98,1,1,1,6,2,7,78
5899,99,1,1,1,6,2,7,78
5900,0,1,1,1,6,2,7,79
5901,1,1,1,1,6,2,7,79
5902,2,1,1,1,6,2,7,79
5903,3,1,1,1,6,2,7,79
5904,4,1,1,1,6,2,7,79
5905,5,1,1,1,6,2,7,79
5906,6,1,1,1,6,2,7,79
5907,7,1,1,1,6,2,7,79
5908,8,1,1,1,6,2,7,79
5909,9,1,1,1,6,2,7,79
5910,10,1,1,1,6,2,7,79
5911,11,1,1,1,6,2,7,79
5912,12,1,1,1,6,2,7,79
5913,13,1,1,1,6,2,7,79
5914,14,1,1,1,6,2,7,79
5915,15,1,1,1,6,2,7,79
5916,16,1,1,1,6,2,7,79
5917,17,1,1,1,6,2,7,79
5918,18,1,1,1,6,2,7,79
5919,19,1,1,1,6,2,7,79
5920,20,1,1,1,6,2,7,79
5921,21,1,1,1,6,2,7,79
5922,22,1,1,1,6,2,7,79
5923,23,1,1,1,6,2,7,79
5924,24,1,1,1,6,2,7,79
5925,25,1,1,1,6,2,7,79
5926,26,1,1,1,6,2,7,79
5927,27,1,1,1,6,2,7,79
5928,28,1,1,1,6,2,7,79
5929,29,1,1,1,6,2,7,79
5930,30,1,1,1,6,2,7,79
5931,31,1,1,1,6,2,7,79
5932,32,1,1,1,6,2,7,79
5933,33,1,1,1,6,2,7,79
5934,34,1,1,1,6,2,7,79
5935,35,1,1,1,6,2,7,79
5936,36,1,1,1,6,2,7,79
5937,37,1,1,1,6,2,7,79
5938,38,1,1,1,6,2,7,79
5939,39,1,1,1,6,2,7,79
5940,40,1,1,1,6,2,7,79
5941,41,1,1,1,6,2,7,79
5942,42,1,1,1,6,2,7,79
5943,43,1,1,1,6,2,7,79
5944,44,1,1,1,6,2,7,79
5945,45,1,1,1,6,2,7,79
5946,46,1,1,1,6,2,7,79
5947,47,1,1,1,6,2,7,79
5948,48,1,1,1,6,2,7,79
5949,49,1,1,1,6,2,7,79
5950,50,1,1,1,6,2,7,79
5951,51,1,1,1,6,2,7,79
5952,52,1,1,1,6,2,7,79
5953,53,1,1,1,6,2,7,79
5954,54,1,1,1,6,2,7,79
5955,55,1,1,1,6,2,7,79
5956,56,1,1,1,6,2,7,79
5957,57,1,1,1,6,2,7,79
5958,58,1,1,1,6,2,7,79
5959,59,1,1,1,6,2,7,79
5960,60,1,1,1,6,2,7,79
5961,61,1,1,1,6,2,7,79
5962,62,1,1,1,6,2,7,79
5963,63,1,1,1,6,2,7,79
5964,64,1,1,1,6,2,7,79
5965,65,1,1,1,6,2,7,79
5966,66,1,1,1,6,2,7,79
5967,67,1,1,1,6,2,7,79
5968,68,1,1,1,6,2,7,79
5969,69,1,1,1,6,2,7,79
5970,70,1,1,1,6,2,7,79
5971,71,1,1,1,6,2,7,79
5972,72,1,1,1,6,2,7,79
5973,73,1,1,1,6,2,7,79
5974,74,1,1,1,6,2,7,79
5975,75,1,1,1,6,2,7,79
5976,76,1,1,1,6,2,7,79
5977,77,1,1,1,6,2,7,79
5978,78,1,1,1,6,2,7,79
5979,79,1,1,1,6,2,7,79
5980,80,1,1,1,6,2,7,79
5981,81,1,1,1,6,2,7,79
5982,82,1,1,1,6,2,7,79
5983,83,1,1,1,6,2,7,79
5984,84,1,1,1,6,2,7,79
5985,85,1,1,1,6,2,7,79
5986,86,1,1,1,6,2,7,79
5987,87,1,1,1,6,2,7,79
5988,88,1,1,1,6,2,7,79
5989,89,1,1,1,6,2,7,79
5990,90,1,1,1,6,2,7,79
5991,91,1,1,1,6,2,7,79
5992,92,1,1,1,6,2,7,79
5993,93,1,1,1,6,2,7,79
5994,94,1,1,1,6,2,7,79
5995,95,1,1,1,6,2,7,79
5996,96,1,1,1,6,2,7,79
5997,97,1,1,1,6,2,7,79
5998,98,1,1,1,6,2,7,79
5999,99,1,1,1,6,2,7,79
6000,0,1,1,1,6,2,7,80
6001,1,1,1,1,6,2,7,80
6002,2,1,1,1,6,2,7,80
6003,3,1,1,1,6,2,7,80
6004,4,1,1,1,6,2,7,80
6005,5,1,1,1,6,2,7,80
6006,6,1,1,1,6,2,7,80
6007,7,1,1,1,6,2,7,80
6008,8,1,1,1,6,2,7,80
6009,9,1,1,1,6,2,7,80
6010,10,1,1,1,6,2,7,80
6011,11,1,1,1,6,2,7,80
6012,12,1,1,1,6,2,7,80
6013,13,1,1,1,6,2,7,80
6014,14,1,1,1,6,2,7,80
6015,15,1,1,1,6,2,7,80
6016,16,1,1,1,6,2,7,80
6017,17,1,1,1,6,2,7,80
6018,18,1,1,1,6,2,7,80
6019,19,1,1,1,6,2,7,80
6020,20,1,1,1,6,2,7,80
6021,21,1,1,1,6,2,7,80
6022,22,1,1,1,6,2,7,80
6023,23,1,1,1,6,2,7,80
6024,24,1,1,1,6,2,7,80
6025,25,1,1,1,6,2,7,80
6026,26,1,1,1,6,2,7,80
6027,27,1,1,1,6,2,7,80
6028,28,1,1,1,6,2,7,80
6029,29,1,1,1,6,2,7,80
6030,30,1,1,1,6,2,7,80
6031,31,1,1,1,6,2,7,80
6032,32,1,1,1,6,2,7,80
6033,33,1,1,1,6,2,7,80
6034,34,1,1,1,6,2,7,80
6035,35,1,1,1,6,2,7,80
6036,36,1,1,1,6,2,7,80
6037,37,1,1,1,6,2,7,80
6038,38,1,1,1,6,2,7,80
6039,39,1,1,1,6,2,7,80
6040,40,1,1,1,6,2,7,80
6041,41,1,1,1,6,2,7,80
6042,42,1,1,1,6,2,7,80
6043,43,1,1,1,6,2,7,80
6044,44,1,1,1,6,2,7,80
6045,45,1,1,1,6,2,7,80
6046,46,1,1,1,6,2,7,80
6047,47,1,1,1,6,2,7,80
6048,48,1,1,1,6,2,7,80
6049,49,1,1,1,6,2,7,80
6050,50,1,1,1,6,2,7,80
6051,51,1,1,1,6,2,7,80
6052,52,1,1,1,6,2,7,80
6053,53,1,1,1,6,2,7,80
6054,54,1,1,1,6,2,7,80
6055,55,1,1,1,6,2,7,80
6056,56,1,1,1,6,2,7,80
6057,57,1,1,1,6,2,7,80
6058,58,1,1,1,6,2,7,80
6059,59,1,1,1,6,2,7,80
6060,60,1,1,1,6,2,7,80
6061,61,1,1,1,6,2,7,80
6062,62,1,1,1,6,2,7,80
6063,63,1,1,1,6,2,7,80
6064,64,1,1,1,6,2,7,80
6065,65,1,1,1,6,2,7,80
6066,66,1,1,1,6,2,7,80
6067,67,1,1,1,6,2,7,80
6068,68,1,1,1,6,2,7,80
6069,69,1,1,1,6,2,7,80
6070,70,1,1,1,6,2,7,80
6071,71,1,1,1,6,2,7,80
6072,72,1,1,1,6,2,7,80
6073,73,1,1,1,6,2,7,80
6074,74,1,1,1,6,2,7,80
6075,75,1,1,1,6,2,7,80
6076,76,1,1,1,6,2,7,80
6077,77,1,1,1,6,2,7,80
6078,78,1,1,1,6,2,7,80
6079,79,1,1,1,6,2,7,80
6080,80,1,1,1,6,2,7,80
6081,81,1,1,1,6,2,7,80
6082,82,1,1,1,6,2,7,80
6083,83,1,1,1,6,2,7,80
6084,84,1,1,1,6,2,7,80
6085,85,1,1,1,6,2,7,80
6086,86,1,1,1,6,2,7,80
6087,87,1,1,1,6,2,7,80
6088,88,1,1,1,6,2,7,80
6089,89,1,1,1,6,2,7,80
6090,90,1,1,1,6,2,7,80
6091,91,1,1,1,6,2,7,80
6092,92,1,1,1,6,2,7,80
6093,93,1,1,1,6,2,7,80
6094,94,1,1,1,6,2,7,80
6095,95,1,1,1,6,2,7,80
6096,96,1,1,1,6,2,7,80
6097,97,1,1,1,6,2,7,80
6098,98,1,1,1,6,2,7,80
6099,99,1,1,1,6,2,7,80
6100,0,1,1,1,6,2,7,81
6101,1,1,1,1,6,2,7,81
6102,2,1,1,1,6,2,7,81
6103,3,1,1,1,6,2,7,81
6104,4,1,1,1,6,2,7,81
6105,5,1,1,1,6,2,7,81
6106,6,1,1,1,6,2,7,81
6107,7,1,1,1,6,2,7,81
6108,8,1,1,1,6,2,7,81
6109,9,1,1,1,6,2,7,81
6110,10,1,1,1,6,2,7,81
6111,11,1,1,1,6,2,7,81
6112,12,1,1,1,6,2,7,81
6113,13,1,1,1,6,2,7,81
6114,14,1,1,1,6,2,7,81
6115,15,1,1,1,6,2,7,81
6116,16,1,1,1,6,2,7,81
6117,17,1,1,1,6,2,7,81
6118,18,1,1,1,6,2,7,81
6119,19,1,1,1,6,2,7,81
6120,20,1,1,1,6,2,7,81
6121,21,1,1,1,6,2,7,81
6122,22,1,1,1,6,2,7,81
6123,23,1,1,1,6,2,7,81
6124,24,1,1,1,6,2,7,81
6125,25,1,1,1,6,2,7,81
6126,26,1,1,1,6,2,7,81
6127,27,1,1,1,6,2,7,81
6128,28,1,1,1,6,2,7,81
6129,29,1,1,1,6,2,7,81
6130,30,1,1,1,6,2,7,81
6131,31,1,1,1,6,2,7,81
6132,32,1,1,1,6,2,7,81
6133,33,1,1,1,6,2,7,81
6134,34,1,1,1,6,2,7,81
6135,35,1,1,1,6,2,7,81
6136,36,1,1,1,6,2,7,81
6137,37,1,1,1,6,2,7,81
6138,38,1,1,1,6,2,7,81
6139,39,1,1,1,6,2,7,81
6140,40,1,1,1,6,2,7,81
6141,41,1,1,1,6,2,7,81
6142,42,1,1,1,6,2,7,81
6143,43,1,1,1,6,2,7,81
6144,44,1,1,1,6,2,7,81
6145,45,1,1,1,6,2,7,81
6146,46,1,1,1,6,2,7,81
6147,47,1,1,1,6,2,7,81
6148,48,1,1,1,6,2,7,81
6149,49,1,1,1,6,2,7,81
6150,50,1,1,1,6,2,7,81
6151,51,1,1,1,6,2,7,81
6152,52,1,1,1,6,2,7,81
6153,53,1,1,1,6,2,7,81
6154,54,1,1,1,6,2,7,81
6155,55,1,1,1,6,2,7,81
6156,56,1,1,1,6,2,7,81
6157,57,1,1,1,6,2,7,81
6158,58,1,1,1,6,2,7,81
6159,59,1,1,1,6,2,7,81
6160,60,1,1,1,6,2,7,81
6161,61,1,1,1,6,2,7,81
6162,62,1,1,1,6,2,7,81
6163,63,1,1,1,6,2,7,81
6164,64,1,1,1,6,2,7,81
6165,65,1,1,1,6,2,7,81
6166,66,1,1,1,6,2,7,81
6167,67,1,1,1,6,2,7,81
6168,68,1,1,1,6,2,7,81
6169,69,1,1,1,6,2,7,81
6170,70,1,1,1,6,2,7,81
6171,71,1,1,1,6,2,7,81
6172,72,1,1,1,6,2,7,81
6173,73,1,1,1,6,2,7,81
6174,74,1,1,1,6,2,7,81
6175,75,1,1,1,6,2,7,81
6176,76,1,1,1,6,2,7,81
6177,77,1,1,1,6,2,7,81
6178,78,1,1,1,6,2,7,81
6179,79,1,1,1,6,2,7,81
6180,80,1,1,1,6,2,7,81
6181,81,1,1,1,6,2,7,81
6182,82,1,1,1,6,2,7,81
6183,83,1,1,1,6,2,7,81
6184,84,1,1,1,6,2,7,81
6185,85,1,1,1,6,2,7,81
6186,86,1,1,1,6,2,7,81
6187,87,1,1,1,6,2,7,81
6188,88,1,1,1,6,2,7,81
6189,89,1,1,1,6,2,7,81
6190,90,1,1,1,6,2,7,81
6191,91,1,1,1,6,2,7,81
6192,92,1,1,1,6,2,7,81
6193,93,1,1,1,6,2,7,81
6194,94,1,1,1,6,2,7,81
6195,95,1,1,1,6,2,7,81
6196,96,1,1,1,6,2,7,81
6197,97,1,1,1,6,2,7,81
6198,98,1,1,1,6,2,7,81
6199,99,1,1,1,6,2,7,81
6200,0,1,1,1,6,2,7,82
6201,1,1,1,1,6,2,7,82
6202,2,1,1,1,6,2,7,82
6203,3,1,1,1,6,2,7,82
6204,4,1,1,1,6,2,7,82
6205,5,1,1,1,6,2,7,82
6206,6,1,1,1,6,2,7,82
6207,7,1,1,1,6,2,7,82
6208,8,1,1,1,6,2,7,82
6209,9,1,1,1,6,2,7,82
6210,10,1,1,1,6,2,7,82
6211,11,1,1,1,6,2,7,82
6212,12,1,1,1,6,2,7,82
6213,13,1,1,1,6,2,7,82
6214,14,1,1,1,6,2,7,82
6215,15,1,1,1,6,2,7,82
6216,16,1,1,1,6,2,7,82
6217,17,1,1,1,6,2,7,82
6218,18,1,1,1,6,2,7,82
6219,19,1,1,1,6,2,7,82
6220,20,1,1,1,6,2,7,82
6221,21,1,1,1,6,2,7,82
6222,22,1,1,1,6,2,7,82
6223,23,1,1,1,6,2,7,82
6224,24,1,1,1,6,2,7,82
6225,25,1,1,1,6,2,7,82
6226,26,1,1,1,6,2,7,82
6227,27,1,1,1,6,2,7,82
6228,28,1,1,1,6,2,7,82
6229,29,1,1,1,6,2,7,82
6230,30,1,1,1,6,2,7,82
6231,31,1,1,1,6,2,7,82
6232,32,1,1,1,6,2,7,82
6233,33,1,1,1,6,2,7,82
6234,34,1,1,1,6,2,7,82
6235,35,1,1,1,6,2,7,82
6236,36,1,1,1,6,2,7,82
6237,37,1,1,1,6,2,7,82
6238,38,1,1,1,6,2,7,82
6239,39,1,1,1,6,2,7,82
6240,40,1,1,1,6,2,7,82
6241,41,1,1,1,6,2,7,82
6242,42,1,1,1,6,2,7,82
6243,43,1,1,1,6,2,7,82
6244,44,1,1,1,6,2,7,82
6245,45,1,1,1,6,2,7,82
6246,46,1,1,1,6,2,7,82
6247,47,1,1,1,6,2,7,82
6248,48,1,1,1,6,2,7,82
6249,49,1,1,1,6,2,7,82
6250,50,1,1,1,6,2,7,82
6251,51,1,1,1,6,2,7,82
6252,52,1,1,1,6,2,7,82
6253,53,1,1,1,6,2,7,82
6254,54,1,1,1,6,2,7,82
6255,55,1,1,1,6,2,7,82
6256,56,1,1,1,6,2,7,82
6257,57,1,1,1,6,2,7,82
6258,58,1,1,1,6,2,7,82
6259,59,1,1,1,6,2,7,82
6260,60,1,1,1,6,2,7,82
6261,61,1,1,1,6,2,7,82
6262,62,1,1,1,6,2,7,82
6263,63,1,1,1,6,2,7,82
6264,64,1,1,1,6,2,7,82
6265,65,1,1,1,6,2,7,82
6266,66,1,1,1,6,2,7,82
6267,67,1,1,1,6,2,7,82
6268,68,1,1,1,6,2,7,82
6269,69,1,1,1,6,2,7,82
6270,70,1,1,1,6,2,7,82
6271,71,1,1,1,6,2,7,82
6272,72,1,1,1,6,2,7,82
6273,73,1,1,1,6,2,7,82
6274,74,1,1,1,6,2,7,82
6275,75,1,1,1,6,2,7,82
6276,76,1,1,1,6,2,7,82
6277,77,1,1,1,6,2,7,82
6278,78,1,1,1,6,2,7,82
6279,79,1,1,1,6,2,7,82
6280,80,1,1,1,6,2,7,82
6281,81,1,1,1,6,2,7,82
6282,82,1,1,1,6,2,7,82
6283,83,1,1,1,6,2,7,82
6284,84,1,1,1,6,2,7,82
6285,85,1,1,1,6,2,7,82
6286,86,1,1,1,6,2,7,82
6287,87,1,1,1,6,2,7,82
6288,88,1,1,1,6,2,7,82
6289,89,1,1,1,6,2,7,82
6290,90,1,1,1,6,2,7,82
6291,91,1,1,1,6,2,7,82
6292,92,1,1,1,6,2,7,82
6293,93,1,1,1,6,2,7,82
6294,94,1,1,1,6,2,7,82
6295,95,1,1,1,6,2,7,82
6296,96,1,1,1,6,2,7,82
6297,97,1,1,1,6,2,7,82
6298,98,1,1,1,6,2,7,82
6299,99,1,1,1,6,2,7,82
6300,0,1,1,1,6,2,7,83
6301,1,1,1,1,6,2,7,83
6302,2,1,1,1,6,2,7,83
6303,3,1,1,1,6,2,7,83
6304,4,1,1,1,6,2,7,83
6305,5,1,1,1,6,2,7,83
6306,6,1,1,1,6,2,7,83
6307,7,1,1,1,6,2,7,83
6308,8,1,1,1,6,2,7,83
6309,9,1,1,1,6,2,7,83
6310,10,1,1,1,6,2,7,83
6311,11,1,1,1,6,2,7,83
6312,12,1,1,1,6,2,7,83
6313,13,1,1,1,6,2,7,83
6314,14,1,1,1,6,2,7,83
6315,15,1,1,1,6,2,7,83
6316,16,1,1,1,6,2,7,83
6317,17,1,1,1,6,2,7,83
6318,18,1,1,1,6,2,7,83
6319,19,1,1,1,6,2,7,83
6320,20,1,1,1,6,2,7,83
6321,21,1,1,1,6,2,7,83
6322,22,1,1,1,6,2,7,83
6323,23,1,1,1,6,2,7,83
6324,24,1,1,1,6,2,7,83
6325,25,1,1,1,6,2,7,83
6326,26,1,1,1,6,2,7,83
6327,27,1,1,1,6,2,7,83
6328,28,1,1,1,6,2,7,83
6329,29,1,1,1,6,2,7,83
6330,30,1,1,1,6,2,7,83
6331,31,1,1,1,6,2,7,83
6332,32,1,1,1,6,2,7,83
6333,33,1,1,1,6,2,7,83
6334,34,1,1,1,6,2,7,83
6335,35,1,1,1,6,2,7,83
6336,36,1,1,1,6,2,7,83
6337,37,1,1,1,6,2,7,83
6338,38,1,1,1,6,2,7,83
6339,39,1,1,1,6,2,7,83
6340,40,1,1,1,6,2,7,83
6341,41,1,1,1,6,2,7,83
6342,42,1,1,1,6,2,7,83
6343,43,1,1,1,6,2,7,83
6344,44,1,1,1,6,2,7,83
6345,45,1,1,1,6,2,7,83
6346,46,1,1,1,6,2,7,83
6347,47,1,1,1,6,2,7,83
6348,48,1,1,1,6,2,7,83
6349,49,1,1,1,6,2,7,83
6350,50,1,1,1,6,2,7,83
6351,51,1,1,1,6,2,7,83
6352,52,1,1,1,6,2,7,83
6353,53,1,1,1,6,2,7,83
6354,54,1,1,1,6,2,7,83
6355,55,1,1,1,6,2,7,83
6356,56,1,1,1,6,2,7,83
6357,57,1,1,1,6,2,7,83
6358,58,1,1,1,6,2,7,83
6359,59,1,1,1,6,2,7,83
6360,60,1,1,1,6,2,7,83
6361,61,1,1,1,6,2,7,83
6362,62,1,1,1,6,2,7,83
6363,63,1,1,1,6,2,7,83
6364,64,1,1,1,6,2,7,83
6365,65,1,1,1,6,2,7,83
6366,66,1,1,1,6,2,7,83
6367,67,1,1,1,6,2,7,83
6368,68,1,1,1,6,2,7,83
6369,69,1,1,1,6,2,7,83
6370,70,1,1,1,6,2,7,83
6371,71,1,1,1,6,2,7,83
6372,72,1,1,1,6,2,7,83
6373,73,1,1,1,6,2,7,83
6374,74,1,1,1,6,2,7,83
6375,75,1,1,1,6,2,7,83
6376,76,1,1,1,6,2,7,83
6377,77,1,1,1,6,2,7,83
6378,78,1,1,1,6,2,7,83
6379,79,1,1,1,6,2,7,83
6380,80,1,1,1,6,2,7,83
6381,81,1,1,1,6,2,7,83
6382,82,1,1,1,6,2,7,83
6383,83,1,1,1,6,2,7,83
6384,84,1,1,1,6,2,7,83
6385,85,1,1,1,6,2,7,83
6386,86,1,1,1,6,2,7,83
6387,87,1,1,1,6,2,7,83
6388,88,1,1,1,6,2,7,83
6389,89,1,1,1,6,2,7,83
6390,90,1,1,1,6,2,7,83
6391,91,1,1,1,6,2,7,83
6392,92,1,1,1,6,2,7,83
6393,93,1,1,1,6,2,7,83
6394,94,1,1,1,6,2,7,83
6395,95,1,1,1,6,2,7,83
6396,96,1,1,1,6,2,7,83
6397,97,1,1,1,6,2,7,83
6398,98,1,1,1,6,2,7,83
6399,99,1,1,1,6,2,7,83
6400,0,1,1,1,6,2,7,84
6401,1,1,1,1,6,2,7,84
6402,2,1,1,1,6,2,7,84
6403,3,1,1,1,6,2,7,84
6404,4,1,1,1,6,2,7,84
6405,5,1,1,1,6,2,7,84
6406,6,1,1,1,6,2,7,84
6407,7,1,1,1,6,2,7,84
6408,8,1,1,1,6,2,7,84
6409,9,1,1,1,6,2,7,84
6410,10,1,1,1,6,2,7,84
6411,11,1,1,1,6,2,7,84
6412,12,1,1,1,6,2,7,84
6413,13,1,1,1,6,2,7,84
6414,14,1,1,1,6,2,7,84
6415,15,1,1,1,6,2,7,84
6416,16,1,1,1,6,2,7,84
6417,17,1,1,1,6,2,7,84
6418,18,1,1,1,6,2,7,84
6419,19,1,1,1,6,2,7,84
6420,20,1,1,1,6,2,7,84
6421,21,1,1,1,6,2,7,84
6422,22,1,1,1,6,2,7,84
6423,23,1,1,1,6,2,7,84
6424,24,1,1,1,6,2,7,84
6425,25,1,1,1,6,2,7,84
6426,26,1,1,1,6,2,7,84
6427,27,1,1,1,6,2,7,84
6428,28,1,1,1,6,2,7,84
6429,29,1,1,1,6,2,7,84
6430,30,1,1,1,6,2,7,84
6431,31,1,1,1,6,2,7,84
6432,32,1,1,1,6,2,7,84
6433,33,1,1,1,6,2,7,84
6434,34,1,1,1,6,2,7,84
6435,35,1,1,1,6,2,7,84
6436,36,1,1,1,6,2,7,84
6437,37,1,1,1,6,2,7,84
6438,38,1,1,1,6,2,7,84
6439,39,1,1,1,6,2,7,84
6440,40,1,1,1,6,2,7,84
6441,41,1,1,1,6,2,7,84
6442,42,1,1,1,6,2,7,84
6443,43,1,1,1,6,2,7,84
6444,44,1,1,1,6,2,7,84
6445,45,1,1,1,6,2,7,84
6446,46,1,1,1,6,2,7,84
6447,47,1,1,1,6,2,7,84
6448,48,1,1,1,6,2,7,84
6449,49,1,1,1,6,2,7,84
6450,50,1,1,1,6,2,7,84
6451,51,1,1,1,6,2,7,84
6452,52,1,1,1,6,2,7,84
6453,53,1,1,1,6,2,7,84
6454,54,1,1,1,6,2,7,84
6455,55,1,1,1,6,2,7,84
6456,56,1,1,1,6,2,7,84
6457,57,1,1,1,6,2,7,84
6458,58,1,1,1,6,2,7,84
6459,59,1,1,1,6,2,7,84
6460,60,1,1,1,6,2,7,84
6461,61,1,1,1,6,2,7,84
6462,62,1,1,1,6,2,7,84
6463,63,1,1,1,6,2,7,84
6464,64,1,1,1,6,2,7,84
6465,65,1,1,1,6,2,7,84
6466,66,1,1,1,6,2,7,84
6467,67,1,1,1,6,2,7,84
6468,68,1,1,1,6,2,7,84
6469,69,1,1,1,6,2,7,84
6470,70,1,1,1,6,2,7,84
6471,71,1,1,1,6,2,7,84
6472,72,1,1,1,6,2,7,84
6473,73,1,1,1,6,2,7,84
6474,74,1,1,1,6,2,7,84
6475,75,1,1,1,6,2,7,84
6476,76,1,1,1,6,2,7,84
6477,77,1,1,1,6,2,7,84
6478,78,1,1,1,6,2,7,84
6479,79,1,1,1,6,2,7,84
6480,80,1,1,1,6,2,7,84
6481,81,1,1,1,6,2,7,84
6482,82,1,1,1,6,2,7,84
6483,83,1,1,1,6,2,7,84
6484,84,1,1,1,6,2,7,84
6485,85,1,1,1,6,2,7,84
6486,86,1,1,1,6,2,7,84
6487,87,1,1,1,6,2,7,84
6488,88,1,1,1,6,2,7,84
6489,89,1,1,1,6,2,7,84
6490,90,1,1,1,6,2,7,84
6491,91,1,1,1,6,2,7,84
6492,92,1,1,1,6,2,7,84
6493,93,1,1,1,6,2,7,84
6494,94,1,1,1,6,2,7,84
6495,95,1,1,1,6,2,7,84
6496,96,1,1,1,6,2,7,84
6497,97,1,1,1,6,2,7,84
6498,98,1,1,1,6,2,7,84
6499,99,1,1,1,6,2,7,84
6500,0,1,1,1,6,2,7,85
6501,1,1,1,1,6,2,7,85
6502,2,1,1,1,6,2,7,85
6503,3,1,1,1,6,2,7,85
6504,4,1,1,1,6,2,7,85
6505,5,1,1,1,6,2,7,85
6506,6,1,1,1,6,2,7,85
6507,7,1,1,1,6,2,7,85
6508,8,1,1,1,6,2,7,85
6509,9,1,1,1,6,2,7,85
6510,10,1,1,1,6,2,7,85
6511,11,1,1,1,6,2,7,85
6512,12,1,1,1,6,2,7,85
6513,13,1,1,1,6,2,7,85
6514,14,1,1,1,6,2,7,85
6515,15,1,1,1,6,2,7,85
6516,16,1,1,1,6,2,7,85
6517,17,1,1,1,6,2,7,85
6518,18,1,1,1,6,2,7,85
6519,19,1,1,1,6,2,7,85
6520,20,1,1,1,6,2,7,85
6521,21,1,1,1,6,2,7,85
6522,22,1,1,1,6,2,7,85
6523,23,1,1,1,6,2,7,85
6524,24,1,1,1,6,2,7,85
6525,25,1,1,1,6,2,7,85
6526,26,1,1,1,6,2,7,85
6527,27,1,1,1,6,2,7,85
6528,28,1,1,1,6,2,7,85
6529,29,1,1,1,6,2,7,85
6530,30,1,1,1,6,2,7,85
6531,31,1,1,1,6,2,7,85
6532,32,1,1,1,6,2,7,85
6533,33,1,1,1,6,2,7,85
6534,34,1,1,1,6,2,7,85
6535,35,1,1,1,6,2,7,85
6536,36,1,1,1,6,2,7,85
6537,37,1,1,1,6,2,7,85
6538,38,1,1,1,6,2,7,85
6539,39,1,1,1,6,2,7,85
6540,40,1,1,1,6,2,7,85
6541,41,1,1,1,6,2,7,85
6542,42,1,1,1,6,2,7,85
6543,43,1,1,1,6,2,7,85
6544,44,1,1,1,6,2,7,85
6545,45,1,1,1,6,2,7,85
6546,46,1,1,1,6,2,7,85
6547,47,1,1,1,6,2,7,85
6548,48,1,1,1,6,2,7,85
6549,49,1,1,1,6,2,7,85
6550,50,1,1,1,6,2,7,85
6551,51,1,1,1,6,2,7,85
6552,52,1,1,1,6,2,7,85
6553,53,1,1,1,6,2,7,85
6554,54,1,1,1,6,2,7,85
6555,55,1,1,1,6,2,7,85
6556,56,1,1,1,6,2,7,85
6557,57,1,1,1,6,2,7,85
6558,58,1,1,1,6,2,7,85
6559,59,1,1,1,6,2,7,85
6560,60,1,1,1,6,2,7,85
6561,61,1,1,1,6,2,7,85
6562,62,1,1,1,6,2,7,85
6563,63,1,1,1,6,2,7,85
6564,64,1,1,1,6,2,7,85
6565,65,1,1,1,6,2,7,85
6566,66,1,1,1,6,2,7,85
6567,67,1,1,1,6,2,7,85
6568,68,1,1,1,6,2,7,85
6569,69,1,1,1,6,2,7,85
6570,70,1,1,1,6,2,7,85
6571,71,1,1,1,6,2,7,85
6572,72,1,1,1,6,2,7,85
6573,73,1,1,1,6,2,7,85
6574,74,1,1,1,6,2,7,85
6575,75,1,1,1,6,2,7,85
6576,76,1,1,1,6,2,7,85
6577,77,1,1,1,6,2,7,85
6578,78,1,1,1,6,2,7,85
6579,79,1,1,1,6,2,7,85
6580,80,1,1,1,6,2,7,85
6581,81,1,1,1,6,2,7,85
6582,82,1,1,1,6,2,7,85
6583,83,1,1,1,6,2,7,85
6584,84,1,1,1,6,2,7,85
6585,85,1,1,1,6,2,7,85
6586,86,1,1,1,6,2,7,85
6587,87,1,1,1,6,2,7,85
6588,88,1,1,1,6,2,7,85
6589,89,1,1,1,6,2,7,85
6590,90,1,1,1,6,2,7,85
6591,91,1,1,1,6,2,7,85
6592,92,1,1,1,6,2,7,85
6593,93,1,1,1,6,2,7,85
6594,94,1,1,1,6,2,7,85
6595,95,1,1,1,6,2,7,85
6596,96,1,1,1,6,2,7,85
6597,97,1,1,1,6,2,7,85
6598,98,1,1,1,6,2,7,85
6599,99,1,1,1,6,2,7,85
6600,0,1,1,1,6,2,7,86
6601,1,1,1,1,6,2,7,86
6602,2,1,1,1,6,2,7,86
6603,3,1,1,1,6,2,7,86
6604,4,1,1,1,6,2,7,86
6605,5,1,1,1,6,2,7,86
6606,6,1,1,1,6,2,7,86
6607,7,1,1,1,6,2,7,86
6608,8,1,1,1,6,2,7,86
6609,9,1,1,1,6,2,7,86
6610,10,1,1,1,6,2,7,86
6611,11,1,1,1,6,2,7,86
6612,12,1,1,1,6,2,7,86
6613,13,1,1,1,6,2,7,86
6614,14,1,1,1,6,2,7,86
6615,15,1,1,1,6,2,7,86
6616,16,1,1,1,6,2,7,86
6617,17,1,1,1,6,2,7,86
6618,18,1,1,1,6,2,7,86
6619,19,1,1,1,6,2,7,86
6620,20,1,1,1,6,2,7,86
6621,21,1,1,1,6,2,7,86
6622,22,1,1,1,6,2,7,86
6623,23,1,1,1,6,2,7,86
6624,24,1,1,1,6,2,7,86
6625,25,1,1,1,6,2,7,86
6626,26,1,1,1,6,2,7,86
6627,27,1,1,1,6,2,7,86
6628,28,1,1,1,6,2,7,86
6629,29,1,1,1,6,2,7,86
6630,30,1,1,1,6,2,7,86
6631,31,1,1,1,6,2,7,86
6632,32,1,1,1,6,2,7,86
6633,33,1,1,1,6,2,7,86
6634,34,1,1,1,6,2,7,86
6635,35,1,1,1,6,2,7,86
6636,36,1,1,1,6,2,7,86
6637,37,1,1,1,6,2,7,86
6638,38,1,1,1,6,2,7,86
6639,39,1,1,1,6,2,7,86
6640,40,1,1,1,6,2,7,86
6641,41,1,1,1,6,2,7,86
6642,42,1,1,1,6,2,7,86
6643,43,1,1,1,6,2,7,86
6644,44,1,1,1,6,2,7,86
6645,45,1,1,1,6,2,7,86
6646,46,1,1,1,6,2,7,86
6647,47,1,1,1,6,2,7,86
6648,48,1,1,1,6,2,7,86
6649,49,1,1,1,6,2,7,86
6650,50,1,1,1,6,2,7,86
6651,51,1,1,1,6,2,7,86
6652,52,1,1,1,6,2,7,86
6653,53,1,1,1,6,2,7,86
6654,54,1,1,1,6,2,7,86
6655,55,1,1,1,6,2,7,86
6656,56,1,1,1,6,2,7,86
6657,57,1,1,1,6,2,7,86
6658,58,1,1,1,6,2,7,86
6659,59,1,1,1,6,2,7,86
6660,60,1,1,1,6,2,7,86
6661,61,1,1,1,6,2,7,86
6662,62,1,1,1,6,2,7,86
6663,63,1,1,1,6,2,7,86
6664,64,1,1,1,6,2,7,86
6665,65,1,1,1,6,2,7,86
6666,66,1,1,1,6,2,7,86
6667,67,1,1,1,6,2,7,86
6668,68,1,1,1,6,2,7,86
6669,69,1,1,1,6,2,7,86
6670,70,1,1,1,6,2,7,86
6671,71,1,1,1,6,2,7,86
6672,72,1,1,1,6,2,7,86
6673,73,1,1,1,6,2,7,86
6674,74,1,1,1,6,2,7,86
6675,75,1,1,1,6,2,7,86
6676,76,1,1,1,6,2,7,86
6677,77,1,1,1,6,2,7,86
6678,78,1,1,1,6,2,7,86
6679,79,1,1,1,6,2,7,86
6680,80,1,1,1,6,2,7,86
6681,81,1,1,1,6,2,7,86
6682,82,1,1,1,6,2,7,86
6683,83,1,1,1,6,2,7,86
6684,84,1,1,1,6,2,7,86
6685,85,1,1,1,6,2,7,86
6686,86,1,1,1,6,2,7,86
6687,87,1,1,1,6,2,7,86
6688,88,1,1,1,6,2,7,86
6689,89,1,1,1,6,2,7,86
6690,90,1,1,1,6,2,7,86
6691,91,1,1,1,6,2,7,86
6692,92,1,1,1,6,2,7,86
6693,93,1,1,1,6,2,7,86
6694,94,1,1,1,6,2,7,86
6695,95,1,1,1,6,2,7,86
6696,96,1,1,1,6,2,7,86
6697,97,1,1,1,6,2,7,86
6698,98,1,1,1,6,2,7,86
6699,99,1,1,1,6,2,7,86
6700,0,1,1,1,6,2,7,87
6701,1,1,1,1,6,2,7,87
6702,2,1,1,1,6,2,7,87
6703,3,1,1,1,6,2,7,87
6704,4,1,1,1,6,2,7,87
6705,5,1,1,1,6,2,7,87
6706,6,1,1,1,6,2,7,87
6707,7,1,1,1,6,2,7,87
6708,8,1,1,1,6,2,7,87
6709,9,1,1,1,6,2,7,87
6710,10,1,1,1,6,2,7,87
6711,11,1,1,1,6,2,7,87
6712,12,1,1,1,6,2,7,87
6713,13,1,1,1,6,2,7,87
6714,14,1,1,1,6,2,7,87
6715,15,1,1,1,6,2,7,87
6716,16,1,1,1,6,2,7,87
6717,17,1,1,1,6,2,7,87
6718,18,1,1,1,6,2,7,87
6719,19,1,1,1,6,2,7,87
6720,20,1,1,1,6,2,7,87
6721,21,1,1,1,6,2,7,87
6722,22,1,1,1,6,2,7,87
6723,23,1,1,1,6,2,7,87
6724,24,1,1,1,6,2,7,87
6725,25,1,1,1,6,2,7,87
6726,26,1,1,1,6,2,7,87
6727,27,1,1,1,6,2,7,87
6728,28,1,1,1,6,2,7,87
6729,29,1,1,1,6,2,7,87
6730,30,1,1,1,6,2,7,87
6731,31,1,1,1,6,2,7,87
6732,32,1,1,1,6,2,7,87
6733,33,1,1,1,6,2,7,87
6734,34,1,1,1,6,2,7,87
6735,35,1,1,1,6,2,7,87
6736,36,1,1,1,6,2,7,87
6737,37,1,1,1,6,2,7,87
6738,38,1,1,1,6,2,7,87
6739,39,1,1,1,6,2,7,87
6740,40,1,1,1,6,2,7,87
6741,41,1,1,1,6,2,7,87
6742,42,1,1,1,6,2,7,87
6743,43,1,1,1,6,2,7,87
6744,44,1,1,1,6,2,7,87
6745,45,1,1,1,6,2,7,87
6746,46,1,1,1,6,2,7,87
6747,47,1,1,1,6,2,7,87
6748,48,1,1,1,6,2,7,87
6749,49,1,1,1,6,2,7,87
6750,50,1,1,1,6,2,7,87
6751,51,1,1,1,6,2,7,87
6752,52,1,1,1,6,2,7,87
6753,53,1,1,1,6,2,7,87
6754,54,1,1,1,6,2,7,87
6755,55,1,1,1,6,2,7,87
6756,56,1,1,1,6,2,7,87
6757,57,1,1,1,6,2,7,87
6758,58,1,1,1,6,2,7,87
6759,59,1,1,1,6,2,7,87
6760,60,1,1,1,6,2,7,87
6761,61,1,1,1,6,2,7,87
6762,62,1,1,1,6,2,7,87
6763,63,1,1,1,6,2,7,87
6764,64,1,1,1,6,2,7,87
6765,65,1,1,1,6,2,7,87
6766,66,1,1,1,6,2,7,87
6767,67,1,1,1,6,2,7,87
6768,68,1,1,1,6,2,7,87
6769,69,1,1,1,6,2,7,87
6770,70,1,1,1,6,2,7,87
6771,71,1,1,1,6,2,7,87
6772,72,1,1,1,6,2,7,87
6773,73,1,1,1,6,2,7,87
6774,74,1,1,1,6,2,7,87
6775,75,1,1,1,6,2,7,87
6776,76,1,1,1,6,2,7,87
6777,77,1,1,1,6,2,7,87
6778,78,1,1,1,6,2,7,87
6779,79,1,1,1,6,2,7,87
6780,80,1,1,1,6,2,7,87
6781,81,1,1,1,6,2,7,87
6782,82,1,1,1,6,2,7,87
6783,83,1,1,1,6,2,7,87
6784,84,1,1,1,6,2,7,87
6785,85,1,1,1,6,2,7,87
6786,86,1,1,1,6,2,7,87
6787,87,1,1,1,6,2,7,87
6788,88,1,1,1,6,2,7,87
6789,89,1,1,1,6,2,7,87
6790,90,1,1,1,6,2,7,87
6791,91,1,1,1,6,2,7,87
6792,92,1,1,1,6,2,7,87
6793,93,1,1,1,6,2,7,87
6794,94,1,1,1,6,2,7,87
6795,95,1,1,1,6,2,7,87
6796,96,1,1,1,6,2,7,87
6797,97,1,1,1,6,2,7,87
6798,98,1,1,1,6,2,7,87
6799,99,1,1,1,6,2,7,87
6800,0,1,1,1,6,2,7,88
6801,1,1,1,1,6,2,7,88
6802,2,1,1,1,6,2,7,88
6803,3,1,1,1,6,2,7,88
6804,4,1,1,1,6,2,7,88
6805,5,1,1,1,6,2,7,88
6806,6,1,1,1,6,2,7,88
6807,7,1,1,1,6,2,7,88
6808,8,1,1,1,6,2,7,88
6809,9,1,1,1,6,2,7,88
6810,10,1,1,1,6,2,7,88
6811,11,1,1,1,6,2,7,88
6812,12,1,1,1,6,2,7,88
6813,13,1,1,1,6,2,7,88
6814,14,1,1,1,6,2,7,88
6815,15,1,1,1,6,2,7,88
6816,16,1,1,1,6,2,7,88
6817,17,1,1,1,6,2,7,88
6818,18,1,1,1,6,2,7,88
6819,19,1,1,1,6,2,7,88
6820,20,1,1,1,6,2,7,88
6821,21,1,1,1,6,2,7,88
6822,22,1,1,1,6,2,7,88
6823,23,1,1,1,6,2,7,88
6824,24,1,1,1,6,2,7,88
6825,25,1,1,1,6,2,7,88
6826,26,1,1,1,6,2,7,88
6827,27,1,1,1,6,2,7,88
6828,28,1,1,1,6,2,7,88
6829,29,1,1,1,6,2,7,88
6830,30,1,1,1,6,2,7,88
6831,31,1,1,1,6,2,7,88
6832,32,1,1,1,6,2,7,88
6833,33,1,1,1,6,2,7,88
6834,34,1,1,1,6,2,7,88
6835,35,1,1,1,6,2,7,88
6836,36,1,1,1,6,2,7,88
6837,37,1,1,1,6,2,7,88
6838,38,1,1,1,6,2,7,88
6839,39,1,1,1,6,2,7,88
6840,40,1,1,1,6,2,7,88
6841,41,1,1,1,6,2,7,88
6842,42,1,1,1,6,2,7,88
6843,43,1,1,1,6,2,7,88
6844,44,1,1,1,6,2,7,88
6845,45,1,1,1,6,2,7,88
6846,46,1,1,1,6,2,7,88
6847,47,1,1,1,6,2,7,88
6848,48,1,1,1,6,2,7,88
6849,49,1,1,1,6,2,7,88
6850,50,1,1,1,6,2,7,88
6851,51,1,1,1,6,2,7,88
6852,52,1,1,1,6,2,7,88
6853,53,1,1,1,6,2,7,88
6854,54,1,1,1,6,2,7,88
6855,55,1,1,1,6,2,7,88
6856,56,1,1,1,6,2,7,88
6857,57,1,1,1,6,2,7,88
6858,58,1,1,1,6,2,7,88
6859,59,1,1,1,6,2,7,88
6860,60,1,1,1,6,2,7,88
6861,61,1,1,1,6,2,7,88
6862,62,1,1,1,6,2,7,88
6863,63,1,1,1,6,2,7,88
6864,64,1,1,1,6,2,7,88
6865,65,1,1,1,6,2,7,88
6866,66,1,1,1,6,2,7,88
6867,67,1,1,1,6,2,7,88
6868,68,1,1,1,6,2,7,88
6869,69,1,1,1,6,2,7,88
6870,70,1,1,1,6,2,7,88
6871,71,1,1,1,6,2,7,88
6872,72,1,1,1,6,2,7,88
6873,73,1,1,1,6,2,7,88
6874,74,1,1,1,6,2,7,88
6875,75,1,1,1,6,2,7,88
6876,76,1,1,1,6,2,7,88
6877,77,1,1,1,6,2,7,88
6878,78,1,1,1,6,2,7,88
6879,79,1,1,1,6,2,7,88
6880,80,1,1,1,6,2,7,88
6881,81,1,1,1,6,2,7,88
6882,82,1,1,1,6,2,7,88
6883,83,1,1,1,6,2,7,88
6884,84,1,1,1,6,2,7,88
6885,85,1,1,1,6,2,7,88
6886,86,1,1,1,6,2,7,88
6887,87,1,1,1,6,2,7,88
6888,88,1,1,1,6,2,7,88
6889,89,1,1,1,6,2,7,88
6890,90,1,1,1,6,2,7,88
6891,91,1,1,1,6,2,7,88
6892,92,1,1,1,6,2,7,88
6893,93,1,1,1,6,2,7,88
6894,94,1,1,1,6,2,7,88
6895,95,1,1,1,6,2,7,88
6896,96,1,1,1,6,2,7,88
6897,97,1,1,1,6,2,7,88
6898,98,1,1,1,6,2,7,88
6899,99,1,1,1,6,2,7,88
6900,0,1,1,1,6,2,7,89
6901,1,1,1,1,6,2,7,89
6902,2,1,1,1,6,2,7,89
6903,3,1,1,1,6,2,7,89
6904,4,1,1,1,6,2,7,89
6905,5,1,1,1,6,2,7,89
6906,6,1,1,1,6,2,7,89
6907,7,1,1,1,6,2,7,89
6908,8,1,1,1,6,2,7,89
6909,9,1,1,1,6,2,7,89
6910,10,1,1,1,6,2,7,89
6911,11,1,1,1,6,2,7,89
6912,12,1,1,1,6,2,7,89
6913,13,1,1,1,6,2,7,89
6914,14,1,1,1,6,2,7,89
6915,15,1,1,1,6,2,7,89
6916,16,1,1,1,6,2,7,89
6917,17,1,1,1,6,2,7,89
6918,18,1,1,1,6,2,7,89
6919,19,1,1,1,6,2,7,89
6920,20,1,1,1,6,2,7,89
6921,21,1,1,1,6,2,7,89
6922,22,1,1,1,6,2,7,89
6923,23,1,1,1,6,2,7,89
6924,24,1,1,1,6,2,7,89
6925,25,1,1,1,6,2,7,89
6926,26,1,1,1,6,2,7,89
6927,27,1,1,1,6,2,7,89
6928,28,1,1,1,6,2,7,89
6929,29,1,1,1,6,2,7,89
6930,30,1,1,1,6,2,7,89
6931,31,1,1,1,6,2,7,89
6932,32,1,1,1,6,2,7,89
6933,33,1,1,1,6,2,7,89
6934,34,1,1,1,6,2,7,89
6935,35,1,1,1,6,2,7,89
6936,36,1,1,1,6,2,7,89
6937,37,1,1,1,6,2,7,89
6938,38,1,1,1,6,2,7,89
6939,39,1,1,1,6,2,7,89
6940,40,1,1,1,6,2,7,89
6941,41,1,1,1,6,2,7,89
6942,42,1,1,1,6,2,7,89
6943,43,1,1,1,6,2,7,89
6944,44,1,1,1,6,2,7,89
6945,45,1,1,1,6,2,7,89
6946,46,1,1,1,6,2,7,89
6947,47,1,1,1,6,2,7,89
6948,48,1,1,1,6,2,7,89
6949,49,1,1,1,6,2,7,89
6950,50,1,1,1,6,2,7,89
6951,51,1,1,1,6,2,7,89
6952,52,1,1,1,6,2,7,89
6953,53,1,1,1,6,2,7,89
6954,54,1,1,1,6,2,7,89
6955,55,1,1,1,6,2,7,89
6956,56,1,1,1,6,2,7,89
6957,57,1,1,1,6,2,7,89
6958,58,1,1,1,6,2,7,89
6959,59,1,1,1,6,2,7,89
6960,60,1,1,1,6,2,7,89
6961,61,1,1,1,6,2,7,89
6962,62,1,1,1,6,2,7,89
6963,63,1,1,1,6,2,7,89
6964,64,1,1,1,6,2,7,89
6965,65,1,1,1,6,2,7,89
6966,66,1,1,1,6,2,7,89
6967,67,1,1,1,6,2,7,89
6968,68,1,1,1,6,2,7,89
6969,69,1,1,1,6,2,7,89
6970,70,1,1,1,6,2,7,89
6971,71,1,1,1,6,2,7,89
6972,72,1,1,1,6,2,7,89
6973,73,1,1,1,6,2,7,89
6974,74,1,1,1,6,2,7,89
6975,75,1,1,1,6,2,7,89
6976,76,1,1,1,6,2,7,89
6977,77,1,1,1,6,2,7,89
6978,78,1,1,1,6,2,7,89
6979,79,1,1,1,6,2,7,89
6980,80,1,1,1,6,2,7,89
6981,81,1,1,1,6,2,7,89
6982,82,1,1,1,6,2,7,89
6983,83,1,1,1,6,2,7,89
6984,84,1,1,1,6,2,7,89
6985,85,1,1,1,6,2,7,89
6986,86,1,1,1,6,2,7,89
6987,87,1,1,1,6,2,7,89
6988,88,1,1,1,6,2,7,89
6989,89,1,1,1,6,2,7,89
6990,90,1,1,1,6,2,7,89
6991,91,1,1,1,6,2,7,89
6992,92,1,1,1,6,2,7,89
6993,93,1,1,1,6,2,7,89
6994,94,1,1,1,6,2,7,89
6995,95,1,1,1,6,2,7,89
6996,96,1,1,1,6,2,7,89
6997,97,1,1,1,6,2,7,89
6998,98,1,1,1,6,2,7,89
6999,99,1,1,1,6,2,7,89
7000,0,1,1,1,6,2,7,90
7001,1,1,1,1,6,2,7,90
7002,2,1,1,1,6,2,7,90
7003,3,1,1,1,6,2,7,90
7004,4,1,1,1,6,2,7,90
7005,5,1,1,1,6,2,7,90
7006,6,1,1,1,6,2,7,90
7007,7,1,1,1,6,2,7,90
7008,8,1,1,1,6,2,7,90
7009,9,1,1,1,6,2,7,90
7010,10,1,1,1,6,2,7,90
7011,11,1,1,1,6,2,7,90
7012,12,1,1,1,6,2,7,90
7013,13,1,1,1,6,2,7,90
7014,14,1,1,1,6,2,7,90
7015,15,1,1,1,6,2,7,90
7016,16,1,1,1,6,2,7,90
7017,17,1,1,1,6,2,7,90
7018,18,1,1,1,6,2,7,90
7019,19,1,1,1,6,2,7,90
7020,20,1,1,1,6,2,7,90
7021,21,1,1,1,6,2,7,90
7022,22,1,1,1,6,2,7,90
7023,23,1,1,1,6,2,7,90
7024,24,1,1,1,6,2,7,90
7025,25,1,1,1,6,2,7,90
7026,26,1,1,1,6,2,7,90
7027,27,1,1,1,6,2,7,90
7028,28,1,1,1,6,2,7,90
7029,29,1,1,1,6,2,7,90
7030,30,1,1,1,6,2,7,90
7031,31,1,1,1,6,2,7,90
7032,32,1,1,1,6,2,7,90
7033,33,1,1,1,6,2,7,90
7034,34,1,1,1,6,2,7,90
7035,35,1,1,1,6,2,7,90
7036,36,1,1,1,6,2,7,90
7037,37,1,1,1,6,2,7,90
7038,38,1,1,1,6,2,7,90
7039,39,1,1,1,6,2,7,90
7040,40,1,1,1,6,2,7,90
7041,41,1,1,1,6,2,7,90
7042,42,1,1,1,6,2,7,90
7043,43,1,1,1,6,2,7,90
7044,44,1,1,1,6,2,7,90
7045,45,1,1,1,6,2,7,90
7046,46,1,1,1,6,2,7,90
7047,47,1,1,1,6,2,7,90
7048,48,1,1,1,6,2,7,90
7049,49,1,1,1,6,2,7,90
7050,50,1,1,1,6,2,7,90
7051,51,1,1,1,6,2,7,90
7052,52,1,1,1,6,2,7,90
7053,53,1,1,1,6,2,7,90
7054,54,1,1,1,6,2,7,90
7055,55,1,1,1,6,2,7,90
7056,56,1,1,1,6,2,7,90
7057,57,1,1,1,6,2,7,90
7058,58,1,1,1,6,2,7,90
7059,59,1,1,1,6,2,7,90
7060,60,1,1,1,6,2,7,90
7061,61,1,1,1,6,2,7,90
7062,62,1,1,1,6,2,7,90
7063,63,1,1,1,6,2,7,90
7064,64,1,1,1,6,2,7,90
7065,65,1,1,1,6,2,7,90
7066,66,1,1,1,6,2,7,90
7067,67,1,1,1,6,2,7,90
7068,68,1,1,1,6,2,7,90
7069,69,1,1,1,6,2,7,90
7070,70,1,1,1,6,2,7,90
7071,71,1,1,1,6,2,7,90
7072,72,1,1,1,6,2,7,90
7073,73,1,1,1,6,2,7,90
7074,74,1,1,1,6,2,7,90
7075,75,1,1,1,6,2,7,90
7076,76,1,1,1,6,2,7,90
7077,77,1,1,1,6,2,7,90
7078,78,1,1,1,6,2,7,90
7079,79,1,1,1,6,2,7,90
7080,80,1,1,1,6,2,7,90
7081,81,1,1,1,6,2,7,90
7082,82,1,1,1,6,2,7,90
7083,83,1,1,1,6,2,7,90
7084,84,1,1,1,6,2,7,90
7085,85,1,1,1,6,2,7,90
7086,86,1,1,1,6,2,7,90
7087,87,1,1,1,6,2,7,90
7088,88,1,1,1,6,2,7,90
7089,89,1,1,1,6,2,7,90
7090,90,1,1,1,6,2,7,90
7091,91,1,1,1,6,2,7,90
7092,92,1,1,1,6,2,7,90
7093,93,1,1,1,6,2,7,90
7094,94,1,1,1,6,2,7,90
7095,95,1,1,1,6,2,7,90
7096,96,1,1,1,6,2,7,90
7097,97,1,1,1,6,2,7,90
7098,98,1,1,1,6,2,7,90
7099,99,1,1,1,6,2,7,90
7100,0,1,1,1,6,2,7,91
7101,1,1,1,1,6,2,7,91
7102,2,1,1,1,6,2,7,91
7103,3,1,1,1,6,2,7,91
7104,4,1,1,1,6,2,7,91
7105,5,1,1,1,6,2,7,91
7106,6,1,1,1,6,2,7,91
7107,7,1,1,1,6,2,7,91
7108,8,1,1,1,6,2,7,91
7109,9,1,1,1,6,2,7,91
7110,10,1,1,1,6,2,7,91
7111,11,1,1,1,6,2,7,91
7112,12,1,1,1,6,2,7,91
7113,13,1,1,1,6,2,7,91
7114,14,1,1,1,6,2,7,91
7115,15,1,1,1,6,2,7,91
7116,16,1,1,1,6,2,7,91
7117,17,1,1,1,6,2,7,91
7118,18,1,1,1,6,2,7,91
7119,19,1,1,1,6,2,7,91
7120,20,1,1,1,6,2,7,91
7121,21,1,1,1,6,2,7,91
7122,22,1,1,1,6,2,7,91
7123,23,1,1,1,6,2,7,91
7124,24,1,1,1,6,2,7,91
7125,25,1,1,1,6,2,7,91
7126,26,1,1,1,6,2,7,91
7127,27,1,1,1,6,2,7,91
7128,28,1,1,1,6,2,7,91
7129,29,1,1,1,6,2,7,91
7130,30,1,1,1,6,2,7,91
7131,31,1,1,1,6,2,7,91
7132,32,1,1,1,6,2,7,91
7133,33,1,1,1,6,2,7,91
7134,34,1,1,1,6,2,7,91
7135,35,1,1,1,6,2,7,91
7136,36,1,1,1,6,2,7,91
7137,37,1,1,1,6,2,7,91
7138,38,1,1,1,6,2,7,91
7139,39,1,1,1,6,2,7,91
7140,40,1,1,1,6,2,7,91
7141,41,1,1,1,6,2,7,91
7142,42,1,1,1,6,2,7,91
7143,43,1,1,1,6,2,7,91
7144,44,1,1,1,6,2,7,91
7145,45,1,1,1,6,2,7,91
7146,46,1,1,1,6,2,7,91
7147,47,1,1,1,6,2,7,91
7148,48,1,1,1,6,2,7,91
7149,49,1,1,1,6,2,7,91
7150,50,1,1,1,6,2,7,91
7151,51,1,1,1,6,2,7,91
7152,52,1,1,1,6,2,7,91
7153,53,1,1,1,6,2,7,91
7154,54,1,1,1,6,2,7,91
7155,55,1,1,1,6,2,7,91
7156,56,1,1,1,6,2,7,91
7157,57,1,1,1,6,2,7,91
7158,58,1,1,1,6,2,7,91
7159,59,1,1,1,6,2,7,91
7160,60,1,1,1,6,2,7,91
7161,61,1,1,1,6,2,7,91
7162,62,1,1,1,6,2,7,91
7163,63,1,1,1,6,2,7,91
7164,64,1,1,1,6,2,7,91
7165,65,1,1,1,6,2,7,91
7166,66,1,1,1,6,2,7,91
7167,67,1,1,1,6,2,7,91
7168,68,1,1,1,6,2,7,91
7169,69,1,1,1,6,2,7,91
7170,70,1,1,1,6,2,7,91
7171,71,1,1,1,6,2,7,91
7172,72,1,1,1,6,2,7,91
7173,73,1,1,1,6,2,7,91
7174,74,1,1,1,6,2,7,91
7175,75,1,1,1,6,2,7,91
7176,76,1,1,1,6,2,7,91
7177,77,1,1,1,6,2,7,91
7178,78,1,1,1,6,2,7,91
7179,79,1,1,1,6,2,7,91
7180,80,1,1,1,6,2,7,91
7181,81,1,1,1,6,2,7,91
7182,82,1,1,1,6,2,7,91
7183,83,1,1,1,6,2,7,91
7184,84,1,1,1,6,2,7,91
7185,85,1,1,1,6,2,7,91
7186,86,1,1,1,6,2,7,91
7187,87,1,1,1,6,2,7,91
7188,88,1,1,1,6,2,7,91
7189,89,1,1,1,6,2,7,91
7190,90,1,1,1,6,2,7,91
7191,91,1,1,1,6,2,7,91
7192,92,1,1,1,6,2,7,91
7193,93,1,1,1,6,2,7,91
7194,94,1,1,1,6,2,7,91
7195,95,1,1,1,6,2,7,91
7196,96,1,1,1,6,2,7,91
7197,97,1,1,1,6,2,7,91
7198,98,1,1,1,6,2,7,91
7199,99,1,1,1,6,2,7,91
7200,0,1,1,1,6,2,7,92
7201,1,1,1,1,6,2,7,92
7202,2,1,1,1,6,2,7,92
7203,3,1,1,1,6,2,7,92
7204,4,1,1,1,6,2,7,92
7205,5,1,1,1,6,2,7,92
7206,6,1,1,1,6,2,7,92
7207,7,1,1,1,6,2,7,92
7208,8,1,1,1,6,2,7,92
7209,9,1,1,1,6,2,7,92
7210,10,1,1,1,6,2,7,92
7211,11,1,1,1,6,2,7,92
7212,12,1,1,1,6,2,7,92
7213,13,1,1,1,6,2,7,92
7214,14,1,1,1,6,2,7,92
7215,15,1,1,1,6,2,7,92
7216,16,1,1,1,6,2,7,92
7217,17,1,1,1,6,2,7,92
7218,18,1,1,1,6,2,7,92
7219,19,1,1,1,6,2,7,92
7220,20,1,1,1,6,2,7,92
7221,21,1,1,1,6,2,7,92
7222,22,1,1,1,6,2,7,92
7223,23,1,1,1,6,2,7,92
7224,24,1,1,1,6,2,7,92
7225,25,1,1,1,6,2,7,92
7226,26,1,1,1,6,2,7,92
7227,27,1,1,1,6,2,7,92
7228,28,1,1,1,6,2,7,92
7229,29,1,1,1,6,2,7,92
7230,30,1,1,1,6,2,7,92
7231,31,1,1,1,6,2,7,92
7232,32,1,1,1,6,2,7,92
7233,33,1,1,1,6,2,7,92
7234,34,1,1,1,6,2,7,92
7235,35,1,1,1,6,2,7,92
7236,36,1,1,1,6,2,7,92
7237,37,1,1,1,6,2,7,92
7238,38,1,1,1,6,2,7,92
7239,39,1,1,1,6,2,7,92
7240,40,1,1,1,6,2,7,92
7241,41,1,1,1,6,2,7,92
7242,42,1,1,1,6,2,7,92
7243,43,1,1,1,6,2,7,92
7244,44,1,1,1,6,2,7,92
7245,45,1,1,1,6,2,7,92
7246,46,1,1,1,6,2,7,92
7247,47,1,1,1,6,2,7,92
7248,48,1,1,1,6,2,7,92
7249,49,1,1,1,6,2,7,92
7250,50,1,1,1,6,2,7,92
7251,51,1,1,1,6,2,7,92
7252,52,1,1,1,6,2,7,92
7253,53,1,1,1,6,2,7,92
7254,54,1,1,1,6,2,7,92
7255,55,1,1,1,6,2,7,92
7256,56,1,1,1,6,2,7,92
7257,57,1,1,1,6,2,7,92
7258,58,1,1,1,6,2,7,92
7259,59,1,1,1,6,2,7,92
7260,60,1,1,1,6,2,7,92
7261,61,1,1,1,6,2,7,92
7262,62,1,1,1,6,2,7,92
7263,63,1,1,1,6,2,7,92
7264,64,1,1,1,6,2,7,92
7265,65,1,1,1,6,2,7,92
7266,66,1,1,1,6,2,7,92
7267,67,1,1,1,6,2,7,92
7268,68,1,1,1,6,2,7,92
7269,69,1,1,1,6,2,7,92
7270,70,1,1,1,6,2,7,92
7271,71,1,1,1,6,2,7,92
7272,72,1,1,1,6,2,7,92
7273,73,1,1,1,6,2,7,92
7274,74,1,1,1,6,2,7,92
7275,75,1,1,1,6,2,7,92
7276,76,1,1,1,6,2,7,92
7277,77,1,1,1,6,2,7,92
7278,78,1,1,1,6,2,7,92
7279,79,1,1,1,6,2,7,92
7280,80,1,1,1,6,2,7,92
7281,81,1,1,1,6,2,7,92
7282,82,1,1,1,6,2,7,92
7283,83,1,1,1,6,2,7,92
7284,84,1,1,1,6,2,7,92
7285,85,1,1,1,6,2,7,92
7286,86,1,1,1,6,2,7,92
7287,87,1,1,1,6,2,7,92
7288,88,1,1,1,6,2,7,92
7289,89,1,1,1,6,2,7,92
7290,90,1,1,1,6,2,7,92
7291,91,1,1,1,6,2,7,92
7292,92,1,1,1,6,2,7,92
7293,93,1,1,1,6,2,7,92
7294,94,1,1,1,6,2,7,92
7295,95,1,1,1,6,2,7,92
7296,96,1,1,1,6,2,7,92
7297,97,1,1,1,6,2,7,92
7298,98,1,1,1,6,2,7,92
7299,99,1,1,1,6,2,7,92
7300,0,1,1,1,6,2,7,93
7301,1,1,1,1,6,2,7,93
7302,2,1,1,1,6,2,7,93
7303,3,1,1,1,6,2,7,93
7304,4,1,1,1,6,2,7,93
7305,5,1,1,1,6,2,7,93
7306,6,1,1,1,6,2,7,93
7307,7,1,1,1,6,2,7,93
7308,8,1,1,1,6,2,7,93
7309,9,1,1,1,6,2,7,93
7310,10,1,1,1,6,2,7,93
7311,11,1,1,1,6,2,7,93
7312,12,1,1,1,6,2,7,93
7313,13,1,1,1,6,2,7,93
7314,14,1,1,1,6,2,7,93
7315,15,1,1,1,6,2,7,93
7316,16,1,1,1,6,2,7,93
7317,17,1,1,1,6,2,7,93
7318,18,1,1,1,6,2,7,93
7319,19,1,1,1,6,2,7,93
7320,20,1,1,1,6,2,7,93
7321,21,1,1,1,6,2,7,93
7322,22,1,1,1,6,2,7,93
7323,23,1,1,1,6,2,7,93
7324,24,1,1,1,6,2,7,93
7325,25,1,1,1,6,2,7,93
7326,26,1,1,1,6,2,7,93
7327,27,1,1,1,6,2,7,93
7328,28,1,1,1,6,2,7,93
7329,29,1,1,1,6,2,7,93
7330,30,1,1,1,6,2,7,93
7331,31,1,1,1,6,2,7,93
7332,32,1,1,1,6,2,7,93
7333,33,1,1,1,6,2,7,93
7334,34,1,1,1,6,2,7,93
7335,35,1,1,1,6,2,7,93
7336,36,1,1,1,6,2,7,93
7337,37,1,1,1,6,2,7,93
7338,38,1,1,1,6,2,7,93
7339,39,1,1,1,6,2,7,93
7340,40,1,1,1,6,2,7,93
7341,41,1,1,1,6,2,7,93
7342,42,1,1,1,6,2,7,93
7343,43,1,1,1,6,2,7,93
7344,44,1,1,1,6,2,7,93
7345,45,1,1,1,6,2,7,93
7346,46,1,1,1,6,2,7,93
7347,47,1,1,1,6,2,7,93
7348,48,1,1,1,6,2,7,93
7349,49,1,1,1,6,2,7,93
7350,50,1,1,1,6,2,7,93
7351,51,1,1,1,6,2,7,93
7352,52,1,1,1,6,2,7,93
7353,53,1,1,1,6,2,7,93
7354,54,1,1,1,6,2,7,93
7355,55,1,1,1,6,2,7,93
7356,56,1,1,1,6,2,7,93
7357,57,1,1,1,6,2,7,93
7358,58,1,1,1,6,2,7,93
7359,59,1,1,1,6,2,7,93
7360,60,1,1,1,6,2,7,93
7361,61,1,1,1,6,2,7,93
7362,62,1,1,1,6,2,7,93
7363,63,1,1,1,6,2,7,93
7364,64,1,1,1,6,2,7,93
7365,65,1,1,1,6,2,7,93
7366,66,1,1,1,6,2,7,93
7367,67,1,1,1,6,2,7,93
7368,68,1,1,1,6,2,7,93
7369,69,1,1,1,6,2,7,93
7370,70,1,1,1,6,2,7,93
7371,71,1,1,1,6,2,7,93
7372,72,1,1,1,6,2,7,93
7373,73,1,1,1,6,2,7,93
7374,74,1,1,1,6,2,7,93
7375,75,1,1,1,6,2,7,93
7376,76,1,1,1,6,2,7,93
7377,77,1,1,1,6,2,7,93
7378,78,1,1,1,6,2,7,93
7379,79,1,1,1,6,2,7,93
7380,80,1,1,1,6,2,7,93
7381,81,1,1,1,6,2,7,93
7382,82,1,1,1,6,2,7,93
7383,83,1,1,1,6,2,7,93
7384,84,1,1,1,6,2,7,93
7385,85,1,1,1,6,2,7,93
7386,86,1,1,1,6,2,7,93
7387,87,1,1,1,6,2,7,93
7388,88,1,1,1,6,2,7,93
7389,89,1,1,1,6,2,7,93
7390,90,1,1,1,6,2,7,93
7391,91,1,1,1,6,2,7,93
7392,92,1,1,1,6,2,7,93
7393,93,1,1,1,6,2,7,93
7394,94,1,1,1,6,2,7,93
7395,95,1,1,1,6,2,7,93
7396,96,1,1,1,6,2,7,93
7397,97,1,1,1,6,2,7,93
7398,98,1,1,1,6,2,7,93
7399,99,1,1,1,6,2,7,93
7400,0,1,1,1,6,2,7,94
7401,1,1,1,1,6,2,7,94
7402,2,1,1,1,6,2,7,94
7403,3,1,1,1,6,2,7,94
7404,4,1,1,1,6,2,7,94
7405,5,1,1,1,6,2,7,94
7406,6,1,1,1,6,2,7,94
7407,7,1,1,1,6,2,7,94
7408,8,1,1,1,6,2,7,94
7409,9,1,1,1,6,2,7,94
7410,10,1,1,1,6,2,7,94
7411,11,1,1,1,6,2,7,94
7412,12,1,1,1,6,2,7,94
7413,13,1,1,1,6,2,7,94
7414,14,1,1,1,6,2,7,94
7415,15,1,1,1,6,2,7,94
7416,16,1,1,1,6,2,7,94
7417,17,1,1,1,6,2,7,94
7418,18,1,1,1,6,2,7,94
7419,19,1,1,1,6,2,7,94
7420,20,1,1,1,6,2,7,94
7421,21,1,1,1,6,2,7,94
7422,22,1,1,1,6,2,7,94
7423,23,1,1,1,6,2,7,94
7424,24,1,1,1,6,2,7,94
7425,25,1,1,1,6,2,7,94
7426,26,1,1,1,6,2,7,94
7427,27,1,1,1,6,2,7,94
7428,28,1,1,1,6,2,7,94
7429,29,1,1,1,6,2,7,94
7430,30,1,1,1,6,2,7,94
7431,31,1,1,1,6,2,7,94
7432,32,1,1,1,6,2,7,94
7433,33,1,1,1,6,2,7,94
7434,34,1,1,1,6,2,7,94
7435,35,1,1,1,6,2,7,94
7436,36,1,1,1,6,2,7,94
7437,37,1,1,1,6,2,7,94
7438,38,1,1,1,6,2,7,94
7439,39,1,1,1,6,2,7,94
7440,40,1,1,1,6,2,7,94
7441,41,1,1,1,6,2,7,94
7442,42,1,1,1,6,2,7,94
7443,43,1,1,1,6,2,7,94
7444,44,1,1,1,6,2,7,94
7445,45,1,1,1,6,2,7,94
7446,46,1,1,1,6,2,7,94
7447,47,1,1,1,6,2,7,94
7448,48,1,1,1,6,2,7,94
7449,49,1,1,1,6,2,7,94
7450,50,1,1,1,6,2,7,94
7451,51,1,1,1,6,2,7,94
7452,52,1,1,1,6,2,7,94
7453,53,1,1,1,6,2,7,94
7454,54,1,1,1,6,2,7,94
7455,55,1,1,1,6,2,7,94
7456,56,1,1,1,6,2,7,94
7457,57,1,1,1,6,2,7,94
7458,58,1,1,1,6,2,7,94
7459,59,1,1,1,6,2,7,94
7460,60,1,1,1,6,2,7,94
7461,61,1,1,1,6,2,7,94
7462,62,1,1,1,6,2,7,94
7463,63,1,1,1,6,2,7,94
7464,64,1,1,1,6,2,7,94
7465,65,1,1,1,6,2,7,94
7466,66,1,1,1,6,2,7,94
7467,67,1,1,1,6,2,7,94
7468,68,1,1,1,6,2,7,94
7469,69,1,1,1,6,2,7,94
7470,70,1,1,1,6,2,7,94
7471,71,1,1,1,6,2,7,94
7472,72,1,1,1,6,2,7,94
7473,73,1,1,1,6,2,7,94
7474,74,1,1,1,6,2,7,94
7475,75,1,1,1,6,2,7,94
7476,76,1,1,1,6,2,7,94
7477,77,1,1,1,6,2,7,94
7478,78,1,1,1,6,2,7,94
7479,79,1,1,1,6,2,7,94
7480,80,1,1,1,6,2,7,94
7481,81,1,1,1,6,2,7,94
7482,82,1,1,1,6,2,7,94
7483,83,1,1,1,6,2,7,94
7484,84,1,1,1,6,2,7,94
7485,85,1,1,1,6,2,7,94
7486,86,1,1,1,6,2,7,94
7487,87,1,1,1,6,2,7,94
7488,88,1,1,1,6,2,7,94
7489,89,1,1,1,6,2,7,94
7490,90,1,1,1,6,2,7,94
7491,91,1,1,1,6,2,7,94
7492,92,1,1,1,6,2,7,94
7493,93,1,1,1,6,2,7,94
7494,94,1,1,1,6,2,7,94
7495,95,1,1,1,6,2,7,94
7496,96,1,1,1,6,2,7,94
7497,97,1,1,1,6,2,7,94
7498,98,1,1,1,6,2,7,94
7499,99,1,1,1,6,2,7,94
7500,0,1,1,1,6,2,7,95
7501,1,1,1,1,6,2,7,95
7502,2,1,1,1,6,2,7,95
7503,3,1,1,1,6,2,7,95
7504,4,1,1,1,6,2,7,95
7505,5,1,1,1,6,2,7,95
7506,6,1,1,1,6,2,7,95
7507,7,1,1,1,6,2,7,95
7508,8,1,1,1,6,2,7,95
7509,9,1,1,1,6,2,7,95
7510,10,1,1,1,6,2,7,95
7511,11,1,1,1,6,2,7,95
7512,12,1,1,1,6,2,7,95
7513,13,1,1,1,6,2,7,95
7514,14,1,1,1,6,2,7,95
7515,15,1,1,1,6,2,7,95
7516,16,1,1,1,6,2,7,95
7517,17,1,1,1,6,2,7,95
7518,18,1,1,1,6,2,7,95
7519,19,1,1,1,6,2,7,95
7520,20,1,1,1,6,2,7,95
7521,21,1,1,1,6,2,7,95
7522,22,1,1,1,6,2,7,95
7523,23,1,1,1,6,2,7,95
7524,24,1,1,1,6,2,7,95
7525,25,1,1,1,6,2,7,95
7526,26,1,1,1,6,2,7,95
7527,27,1,1,1,6,2,7,95
7528,28,1,1,1,6,2,7,95
7529,29,1,1,1,6,2,7,95
7530,30,1,1,1,6,2,7,95
7531,31,1,1,1,6,2,7,95
7532,32,1,1,1,6,2,7,95
7533,33,1,1,1,6,2,7,95
7534,34,1,1,1,6,2,7,95
7535,35,1,1,1,6,2,7,95
7536,36,1,1,1,6,2,7,95
7537,37,1,1,1,6,2,7,95
7538,38,1,1,1,6,2,7,95
7539,39,1,1,1,6,2,7,95
7540,40,1,1,1,6,2,7,95
7541,41,1,1,1,6,2,7,95
7542,42,1,1,1,6,2,7,95
7543,43,1,1,1,6,2,7,95
7544,44,1,1,1,6,2,7,95
7545,45,1,1,1,6,2,7,95
7546,46,1,1,1,6,2,7,95
7547,47,1,1,1,6,2,7,95
7548,48,1,1,1,6,2,7,95
7549,49,1,1,1,6,2,7,95
7550,50,1,1,1,6,2,7,95
7551,51,1,1,1,6,2,7,95
7552,52,1,1,1,6,2,7,95
7553,53,1,1,1,6,2,7,95
7554,54,1,1,1,6,2,7,95
7555,55,1,1,1,6,2,7,95
7556,56,1,1,1,6,2,7,95
7557,57,1,1,1,6,2,7,95
7558,58,1,1,1,6,2,7,95
7559,59,1,1,1,6,2,7,95
7560,60,1,1,1,6,2,7,95
7561,61,1,1,1,6,2,7,95
7562,62,1,1,1,6,2,7,95
7563,63,1,1,1,6,2,7,95
7564,64,1,1,1,6,2,7,95
7565,65,1,1,1,6,2,7,95
7566,66,1,1,1,6,2,7,95
7567,67,1,1,1,6,2,7,95
7568,68,1,1,1,6,2,7,95
7569,69,1,1,1,6,2,7,95
7570,70,1,1,1,6,2,7,95
7571,71,1,1,1,6,2,7,95
7572,72,1,1,1,6,2,7,95
7573,73,1,1,1,6,2,7,95
7574,74,1,1,1,6,2,7,95
7575,75,1,1,1,6,2,7,95
7576,76,1,1,1,6,2,7,95
7577,77,1,1,1,6,2,7,95
7578,78,1,1,1,6,2,7,95
7579,79,1,1,1,6,2,7,95
7580,80,1,1,1,6,2,7,95
7581,81,1,1,1,6,2,7,95
7582,82,1,1,1,6,2,7,95
7583,83,1,1,1,6,2,7,95
7584,84,1,1,1,6,2,7,95
7585,85,1,1,1,6,2,7,95
7586,86,1,1,1,6,2,7,95
7587,87,1,1,1,6,2,7,95
7588,88,1,1,1,6,2,7,95
7589,89,1,1,1,6,2,7,95
7590,90,1,1,1,6,2,7,95
7591,91,1,1,1,6,2,7,95
7592,92,1,1,1,6,2,7,95
7593,93,1,1,1,6,2,7,95
7594,94,1,1,1,6,2,7,95
7595,95,1,1,1,6,2,7,95
7596,96,1,1,1,6,2,7,95
7597,97,1,1,1,6,2,7,95
7598,98,1,1,1,6,2,7,95
7599,99,1,1,1,6,2,7,95
7600,0,1,1,1,6,2,7,96
7601,1,1,1,1,6,2,7,96
7602,2,1,1,1,6,2,7,96
7603,3,1,1,1,6,2,7,96
7604,4,1,1,1,6,2,7,96
7605,5,1,1,1,6,2,7,96
7606,6,1,1,1,6,2,7,96
7607,7,1,1,1,6,2,7,96
7608,8,1,1,1,6,2,7,96
7609,9,1,1,1,6,2,7,96
7610,10,1,1,1,6,2,7,96
7611,11,1,1,1,6,2,7,96
7612,12,1,1,1,6,2,7,96
7613,13,1,1,1,6,2,7,96
7614,14,1,1,1,6,2,7,96
7615,15,1,1,1,6,2,7,96
7616,16,1,1,1,6,2,7,96
7617,17,1,1,1,6,2,7,96
7618,18,1,1,1,6,2,7,96
7619,19,1,1,1,6,2,7,96
7620,20,1,1,1,6,2,7,96
7621,21,1,1,1,6,2,7,96
7622,22,1,1,1,6,2,7,96
7623,23,1,1,1,6,2,7,96
7624,24,1,1,1,6,2,7,96
7625,25,1,1,1,6,2,7,96
7626,26,1,1,1,6,2,7,96
7627,27,1,1,1,6,2,7,96
7628,28,1,1,1,6,2,7,96
7629,29,1,1,1,6,2,7,96
7630,30,1,1,1,6,2,7,96
7631,31,1,1,1,6,2,7,96
7632,32,1,1,1,6,2,7,96
7633,33,1,1,1,6,2,7,96
7634,34,1,1,1,6,2,7,96
7635,35,1,1,1,6,2,7,96
7636,36,1,1,1,6,2,7,96
7637,37,1,1,1,6,2,7,96
7638,38,1,1,1,6,2,7,96
7639,39,1,1,1,6,2,7,96
7640,40,1,1,1,6,2,7,96
7641,41,1,1,1,6,2,7,96
7642,42,1,1,1,6,2,7,96
7643,43,1,1,1,6,2,7,96
7644,44,1,1,1,6,2,7,96
7645,45,1,1,1,6,2,7,96
7646,46,1,1,1,6,2,7,96
7647,47,1,1,1,6,2,7,96
7648,48,1,1,1,6,2,7,96
7649,49,1,1,1,6,2,7,96
7650,50,1,1,1,6,2,7,96
7651,51,1,1,1,6,2,7,96
7652,52,1,1,1,6,2,7,96
7653,53,1,1,1,6,2,7,96
7654,54,1,1,1,6,2,7,96
7655,55,1,1,1,6,2,7,96
7656,56,1,1,1,6,2,7,96
7657,57,1,1,1,6,2,7,96
7658,58,1,1,1,6,2,7,96
7659,59,1,1,1,6,2,7,96
7660,60,1,1,1,6,2,7,96
7661,61,1,1,1,6,2,7,96
7662,62,1,1,1,6,2,7,96
7663,63,1,1,1,6,2,7,96
7664,64,1,1,1,6,2,7,96
7665,65,1,1,1,6,2,7,96
7666,66,1,1,1,6,2,7,96
7667,67,1,1,1,6,2,7,96
7668,68,1,1,1,6,2,7,96
7669,69,1,1,1,6,2,7,96
7670,70,1,1,1,6,2,7,96
7671,71,1,1,1,6,2,7,96
7672,72,1,1,1,6,2,7,96
7673,73,1,1,1,6,2,7,96
7674,74,1,1,1,6,2,7,96
7675,75,1,1,1,6,2,7,96
7676,76,1,1,1,6,2,7,96
7677,77,1,1,1,6,2,7,96
7678,78,1,1,1,6,2,7,96
7679,79,1,1,1,6,2,7,96
7680,80,1,1,1,6,2,7,96
7681,81,1,1,1,6,2,7,96
7682,82,1,1,1,6,2,7,96
7683,83,1,1,1,6,2,7,96
7684,84,1,1,1,6,2,7,96
7685,85,1,1,1,6,2,7,96
7686,86,1,1,1,6,2,7,96
7687,87,1,1,1,6,2,7,96
7688,88,1,1,1,6,2,7,96
7689,89,1,1,1,6,2,7,96
7690,90,1,1,1,6,2,7,96
7691,91,1,1,1,6,2,7,96
7692,92,1,1,1,6,2,7,96
7693,93,1,1,1,6,2,7,96
7694,94,1,1,1,6,2,7,96
7695,95,1,1,1,6,2,7,96
7696,96,1,1,1,6,2,7,96
7697,97,1,1,1,6,2,7,96
7698,98,1,1,1,6,2,7,96
7699,99,1,1,1,6,2,7,96
7700,0,1,1,1,6,2,7,97
7701,1,1,1,1,6,2,7,97
7702,2,1,1,1,6,2,7,97
7703,3,1,1,1,6,2,7,97
7704,4,1,1,1,6,2,7,97
7705,5,1,1,1,6,2,7,97
7706,6,1,1,1,6,2,7,97
7707,7,1,1,1,6,2,7,97
7708,8,1,1,1,6,2,7,97
7709,9,1,1,1,6,2,7,97
7710,10,1,1,1,6,2,7,97
7711,11,1,1,1,6,2,7,97
7712,12,1,1,1,6,2,7,97
7713,13,1,1,1,6,2,7,97
7714,14,1,1,1,6,2,7,97
7715,15,1,1,1,6,2,7,97
7716,16,1,1,1,6,2,7,97
7717,17,1,1,1,6,2,7,97
7718,18,1,1,1,6,2,7,97
7719,19,1,1,1,6,2,7,97
7720,20,1,1,1,6,2,7,97
7721,21,1,1,1,6,2,7,97
7722,22,1,1,1,6,2,7,97
7723,23,1,1,1,6,2,7,97
7724,24,1,1,1,6,2,7,97
7725,25,1,1,1,6,2,7,97
7726,26,1,1,1,6,2,7,97
7727,27,1,1,1,6,2,7,97
7728,28,1,1,1,6,2,7,97
7729,29,1,1,1,6,2,7,97
7730,30,1,1,1,6,2,7,97
7731,31,1,1,1,6,2,7,97
7732,32,1,1,1,6,2,7,97
7733,33,1,1,1,6,2,7,97
7734,34,1,1,1,6,2,7,97
7735,35,1,1,1,6,2,7,97
7736,36,1,1,1,6,2,7,97
7737,37,1,1,1,6,2,7,97
7738,38,1,1,1,6,2,7,97
7739,39,1,1,1,6,2,7,97
7740,40,1,1,1,6,2,7,97
7741,41,1,1,1,6,2,7,97
7742,42,1,1,1,6,2,7,97
7743,43,1,1,1,6,2,7,97
7744,44,1,1,1,6,2,7,97
7745,45,1,1,1,6,2,7,97
7746,46,1,1,1,6,2,7,97
7747,47,1,1,1,6,2,7,97
7748,48,1,1,1,6,2,7,97
7749,49,1,1,1,6,2,7,97
7750,50,1,1,1,6,2,7,97
7751,51,1,1,1,6,2,7,97
7752,52,1,1,1,6,2,7,97
7753,53,1,1,1,6,2,7,97
7754,54,1,1,1,6,2,7,97
7755,55,1,1,1,6,2,7,97
7756,56,1,1,1,6,2,7,97
7757,57,1,1,1,6,2,7,97
7758,58,1,1,1,6,2,7,97
7759,59,1,1,1,6,2,7,97
7760,60,1,1,1,6,2,7,97
7761,61,1,1,1,6,2,7,97
7762,62,1,1,1,6,2,7,97
7763,63,1,1,1,6,2,7,97
7764,64,1,1,1,6,2,7,97
7765,65,1,1,1,6,2,7,97
7766,66,1,1,1,6,2,7,97
7767,67,1,1,1,6,2,7,97
7768,68,1,1,1,6,2,7,97
7769,69,1,1,1,6,2,7,97
7770,70,1,1,1,6,2,7,97
7771,71,1,1,1,6,2,7,97
7772,72,1,1,1,6,2,7,97
7773,73,1,1,1,6,2,7,97
7774,74,1,1,1,6,2,7,97
7775,75,1,1,1,6,2,7,97
7776,76,1,1,1,6,2,7,97
7777,77,1,1,1,6,2,7,97
7778,78,1,1,1,6,2,7,97
7779,79,1,1,1,6,2,7,97
7780,80,1,1,1,6,2,7,97
7781,81,1,1,1,6,2,7,97
7782,82,1,1,1,6,2,7,97
7783,83,1,1,1,6,2,7,97
7784,84,1,1,1,6,2,7,97
7785,85,1,1,1,6,2,7,97
7786,86,1,1,1,6,2,7,97
7787,87,1,1,1,6,2,7,97
7788,88,1,1,1,6,2,7,97
7789,89,1,1,1,6,2,7,97
7790,90,1,1,1,6,2,7,97
7791,91,1,1,1,6,2,7,97
7792,92,1,1,1,6,2,7,97
7793,93,1,1,1,6,2,7,97
7794,94,1,1,1,6,2,7,97
7795,95,1,1,1,6,2,7,97
7796,96,1,1,1,6,2,7,97
7797,97,1,1,1,6,2,7,97
7798,98,1,1,1,6,2,7,97
7799,99,1,1,1,6,2,7,97
7800,0,1,1,1,6,2,7,98
7801,1,1,1,1,6,2,7,98
7802,2,1,1,1,6,2,7,98
7803,3,1,1,1,6,2,7,98
7804,4,1,1,1,6,2,7,98
7805,5,1,1,1,6,2,7,98
7806,6,1,1,1,6,2,7,98
7807,7,1,1,1,6,2,7,98
7808,8,1,1,1,6,2,7,98
7809,9,1,1,1,6,2,7,98
7810,10,1,1,1,6,2,7,98
7811,11,1,1,1,6,2,7,98
7812,12,1,1,1,6,2,7,98
7813,13,1,1,1,6,2,7,98
7814,14,1,1,1,6,2,7,98
7815,15,1,1,1,6,2,7,98
7816,16,1,1,1,6,2,7,98
7817,17,1,1,1,6,2,7,98
7818,18,1,1,1,6,2,7,98
7819,19,1,1,1,6,2,7,98
7820,20,1,1,1,6,2,7,98
7821,21,1,1,1,6,2,7,98
7822,22,1,1,1,6,2,7,98
7823,23,1,1,1,6,2,7,98
7824,24,1,1,1,6,2,7,98
7825,25,1,1,1,6,2,7,98
7826,26,1,1,1,6,2,7,98
7827,27,1,1,1,6,2,7,98
7828,28,1,1,1,6,2,7,98
7829,29,1,1,1,6,2,7,98
7830,30,1,1,1,6,2,7,98
7831,31,1,1,1,6,2,7,98
7832,32,1,1,1,6,2,7,98
7833,33,1,1,1,6,2,7,98
7834,34,1,1,1,6,2,7,98
7835,35,1,1,1,6,2,7,98
7836,36,1,1,1,6,2,7,98
7837,37,1,1,1,6,2,7,98
7838,38,1,1,1,6,2,7,98
7839,39,1,1,1,6,2,7,98
7840,40,1,1,1,6,2,7,98
7841,41,1,1,1,6,2,7,98
7842,42,1,1,1,6,2,7,98
7843,43,1,1,1,6,2,7,98
7844,44,1,1,1,6,2,7,98
7845,45,1,1,1,6,2,7,98
7846,46,1,1,1,6,2,7,98
7847,47,1,1,1,6,2,7,98
7848,48,1,1,1,6,2,7,98
7849,49,1,1,1,6,2,7,98
7850,50,1,1,1,6,2,7,98
7851,51,1,1,1,6,2,7,98
7852,52,1,1,1,6,2,7,98
7853,53,1,1,1,6,2,7,98
7854,54,1,1,1,6,2,7,98
7855,55,1,1,1,6,2,7,98
7856,56,1,1,1,6,2,7,98
7857,57,1,1,1,6,2,7,98
7858,58,1,1,1,6,2,7,98
7859,59,1,1,1,6,2,7,98
7860,60,1,1,1,6,2,7,98
7861,61,1,1,1,6,2,7,98
7862,62,1,1,1,6,2,7,98
7863,63,1,1,1,6,2,7,98
7864,64,1,1,1,6,2,7,98
7865,65,1,1,1,6,2,7,98
7866,66,1,1,1,6,2,7,98
7867,67,1,1,1,6,2,7,98
7868,68,1,1,1,6,2,7,98
7869,69,1,1,1,6,2,7,98
7870,70,1,1,1,6,2,7,98
7871,71,1,1,1,6,2,7,98
7872,72,1,1,1,6,2,7,98
7873,73,1,1,1,6,2,7,98
7874,74,1,1,1,6,2,7,98
7875,75,1,1,1,6,2,7,98
7876,76,1,1,1,6,2,7,98
7877,77,1,1,1,6,2,7,98
7878,78,1,1,1,6,2,7,98
7879,79,1,1,1,6,2,7,98
7880,80,1,1,1,6,2,7,98
7881,81,1,1,1,6,2,7,98
7882,82,1,1,1,6,2,7,98
7883,83,1,1,1,6,2,7,98
7884,84,1,1,1,6,2,7,98
7885,85,1,1,1,6,2,7,98
7886,86,1,1,1,6,2,7,98
7887,87,1,1,1,6,2,7,98
7888,88,1,1,1,6,2,7,98
7889,89,1,1,1,6,2,7,98
7890,90,1,1,1,6,2,7,98
7891,91,1,1,1,6,2,7,98
7892,92,1,1,1,6,2,7,98
7893,93,1,1,1,6,2,7,98
7894,94,1,1,1,6,2,7,98
7895,95,1,1,1,6,2,7,98
7896,96,1,1,1,6,2,7,98
7897,97,1,1,1,6,2,7,98
7898,98,1,1,1,6,2,7,98
7899,99,1,1,1,6,2,7,98
7900,0,1,1,1,6,2,7,99
7901,1,1,1,1,6,2,7,99
7902,2,1,1,1,6,2,7,99
7903,3,1,1,1,6,2,7,99
7904,4,1,1,1,6,2,7,99
7905,5,1,1,1,6,2,7,99
7906,6,1,1,1,6,2,7,99
7907,7,1,1,1,6,2,7,99
7908,8,1,1,1,6,2,7,99
7909,9,1,1,1,6,2,7,99
7910,10,1,1,1,6,2,7,99
7911,11,1,1,1,6,2,7,99
7912,12,1,1,1,6,2,7,99
7913,13,1,1,1,6,2,7,99
7914,14,1,1,1,6,2,7,99
7915,15,1,1,1,6,2,7,99
7916,16,1,1,1,6,2,7,99
7917,17,1,1,1,6,2,7,99
7918,18,1,1,1,6,2,7,99
7919,19,1,1,1,6,2,7,99
7920,20,1,1,1,6,2,7,99
7921,21,1,1,1,6,2,7,99
7922,22,1,1,1,6,2,7,99
7923,23,1,1,1,6,2,7,99
7924,24,1,1,1,6,2,7,99
7925,25,1,1,1,6,2,7,99
7926,26,1,1,1,6,2,7,99
7927,27,1,1,1,6,2,7,99
7928,28,1,1,1,6,2,7,99
7929,29,1,1,1,6,2,7,99
7930,30,1,1,1,6,2,7,99
7931,31,1,1,1,6,2,7,99
7932,32,1,1,1,6,2,7,99
7933,33,1,1,1,6,2,7,99
7934,34,1,1,1,6,2,7,99
7935,35,1,1,1,6,2,7,99
7936,36,1,1,1,6,2,7,99
7937,37,1,1,1,6,2,7,99
7938,38,1,1,1,6,2,7,99
7939,39,1,1,1,6,2,7,99
7940,40,1,1,1,6,2,7,99
7941,41,1,1,1,6,2,7,99
7942,42,1,1,1,6,2,7,99
7943,43,1,1,1,6,2,7,99
7944,44,1,1,1,6,2,7,99
7945,45,1,1,1,6,2,7,99
7946,46,1,1,1,6,2,7,99
7947,47,1,1,1,6,2,7,99
7948,48,1,1,1,6,2,7,99
7949,49,1,1,1,6,2,7,99
7950,50,1,1,1,6,2,7,99
7951,51,1,1,1,6,2,7,99
7952,52,1,1,1,6,2,7,99
7953,53,1,1,1,6,2,7,99
7954,54,1,1,1,6,2,7,99
7955,55,1,1,1,6,2,7,99
7956,56,1,1,1,6,2,7,99
7957,57,1,1,1,6,2,7,99
7958,58,1,1,1,6,2,7,99
7959,59,1,1,1,6,2,7,99
7960,60,1,1,1,6,2,7,99
7961,61,1,1,1,6,2,7,99
7962,62,1,1,1,6,2,7,99
7963,63,1,1,1,6,2,7,99
7964,64,1,1,1,6,2,7,99
7965,65,1,1,1,6,2,7,99
7966,66,1,1,1,6,2,7,99
7967,67,1,1,1,6,2,7,99
7968,68,1,1,1,6,2,7,99
7969,69,1,1,1,6,2,7,99
7970,70,1,1,1,6,2,7,99
7971,71,1,1,1,6,2,7,99
7972,72,1,1,1,6,2,7,99
7973,73,1,1,1,6,2,7,99
7974,74,1,1,1,6,2,7,99
7975,75,1,1,1,6,2,7,99
7976,76,1,1,1,6,2,7,99
7977,77,1,1,1,6,2,7,99
7978,78,1,1,1,6,2,7,99
7979,79,1,1,1,6,2,7,99
7980,80,1,1,1,6,2,7,99
7981,81,1,1,1,6,2,7,99
7982,82,1,1,1,6,2,7,99
7983,83,1,1,1,6,2,7,99
7984,84,1,1,1,6,2,7,99
7985,85,1,1,1,6,2,7,99
7986,86,1,1,1,6,2,7,99
7987,87,1,1,1,6,2,7,99
7988,88,1,1,1,6,2,7,99
7989,89,1,1,1,6,2,7,99
7990,90,1,1,1,6,2,7,99
7991,91,1,1,1,6,2,7,99
7992,92,1,1,1,6,2,7,99
7993,93,1,1,1,6,2,7,99
7994,94,1,1,1,6,2,7,99
7995,95,1,1,1,6,2,7,99
7996,96,1,1,1,6,2,7,99
7997,97,1,1,1,6,2,7,99
7998,98,1,1,1,6,2,7,99
7999,99,1,1,1,6,2,7,99
