,tipo,de,val,sample,method,scenario
0,x_tcsc,1-14,-0.10571502518005718,0,WLS,0
1,B_svc,2,0.17416888695746494,0,WLS,0
2,UPFC_Vsh,5-15,1.111680149718605,0,WLS,0
3,UPFC_tsh,5-15,-0.23800470897936643,0,WLS,0
4,UPFC_Vse,5-15,0.05817006110401031,0,WLS,0
5,UPFC_tse,5-15,-2.1258736332646078,0,WLS,0
0,x_tcsc,1-14,-0.10571624487601837,1,WLS,0
1,B_svc,2,0.1743964964619112,1,WLS,0
2,UPFC_Vsh,5-15,1.111867525713228,1,WLS,0
3,UPFC_tsh,5-15,-0.23795808529030207,1,WLS,0
4,UPFC_Vse,5-15,0.05823121320539534,1,WLS,0
5,UPFC_tse,5-15,-2.123662666759778,1,WLS,0
0,x_tcsc,1-14,-0.10572604587208617,2,WLS,0
1,B_svc,2,0.17467694770767556,2,WLS,0
2,UPFC_Vsh,5-15,1.1115277015813803,2,WLS,0
3,UPFC_tsh,5-15,-0.23798661739462385,2,WLS,0
4,UPFC_Vse,5-15,0.0577468198521311,2,WLS,0
5,UPFC_tse,5-15,-2.124031606060507,2,WLS,0
0,x_tcsc,1-14,-0.10573747122262264,3,WLS,0
1,B_svc,2,0.1745490122882159,3,WLS,0
2,UPFC_Vsh,5-15,1.1121520251261023,3,WLS,0
3,UPFC_tsh,5-15,-0.23800504223710728,3,WLS,0
4,UPFC_Vse,5-15,0.05828474278252975,3,WLS,0
5,UPFC_tse,5-15,-2.127131041881482,3,WLS,0
0,x_tcsc,1-14,-0.10572467386640687,4,WLS,0
1,B_svc,2,0.17458029693813032,4,WLS,0
2,UPFC_Vsh,5-15,1.1120624181539152,4,WLS,0
3,UPFC_tsh,5-15,-0.23792811638123154,4,WLS,0
4,UPFC_Vse,5-15,0.058124501638132584,4,WLS,0
5,UPFC_tse,5-15,-2.1239003712275326,4,WLS,0
0,x_tcsc,1-14,-0.10642695152558547,0,WLS,1
1,B_svc,2,0.17515237648889506,0,WLS,1
2,UPFC_Vsh,5-15,1.1117060798794187,0,WLS,1
3,UPFC_tsh,5-15,-0.2374521294448186,0,WLS,1
4,UPFC_Vse,5-15,0.058093268829390345,0,WLS,1
5,UPFC_tse,5-15,-2.1256786568292423,0,WLS,1
0,x_tcsc,1-14,-0.10642835659323287,1,WLS,1
1,B_svc,2,0.1753803611913036,1,WLS,1
2,UPFC_Vsh,5-15,1.1118922131490534,1,WLS,1
3,UPFC_tsh,5-15,-0.23740579162502992,1,WLS,1
4,UPFC_Vse,5-15,0.05815499783047231,1,WLS,1
5,UPFC_tse,5-15,-2.1234593121166854,1,WLS,1
0,x_tcsc,1-14,-0.10643814256115554,2,WLS,1
1,B_svc,2,0.17566194212272984,2,WLS,1
2,UPFC_Vsh,5-15,1.1115529930754127,2,WLS,1
3,UPFC_tsh,5-15,-0.23743409653561356,2,WLS,1
4,UPFC_Vse,5-15,0.057669935310553165,2,WLS,1
5,UPFC_tse,5-15,-2.123830923522865,2,WLS,1
0,x_tcsc,1-14,-0.1064492425374151,3,WLS,1
1,B_svc,2,0.17553569295078375,3,WLS,1
2,UPFC_Vsh,5-15,1.1121768743847447,3,WLS,1
3,UPFC_tsh,5-15,-0.23745249781474603,3,WLS,1
4,UPFC_Vse,5-15,0.058208554396443075,3,WLS,1
5,UPFC_tse,5-15,-2.126926456378367,3,WLS,1
0,x_tcsc,1-14,-0.10643674904996475,4,WLS,1
1,B_svc,2,0.17556450002390678,4,WLS,1
2,UPFC_Vsh,5-15,1.1120876790483856,4,WLS,1
3,UPFC_tsh,5-15,-0.23737566717530567,4,WLS,1
4,UPFC_Vse,5-15,0.058047927577077295,4,WLS,1
5,UPFC_tse,5-15,-2.1237044505482454,4,WLS,1
0,x_tcsc,1-14,-0.10672251947372859,0,WLS,2
1,B_svc,2,0.1754665791899594,0,WLS,2
2,UPFC_Vsh,5-15,1.111683625421712,0,WLS,2
3,UPFC_tsh,5-15,-0.23716951231732095,0,WLS,2
4,UPFC_Vse,5-15,0.05812668085033059,0,WLS,2
5,UPFC_tse,5-15,-2.1259142797872386,0,WLS,2
0,x_tcsc,1-14,-0.10672401257210988,1,WLS,2
1,B_svc,2,0.17569458398761365,1,WLS,2
2,UPFC_Vsh,5-15,1.111869945139612,1,WLS,2
3,UPFC_tsh,5-15,-0.23712333935293528,1,WLS,2
4,UPFC_Vse,5-15,0.058188509896038056,1,WLS,2
5,UPFC_tse,5-15,-2.1236929340277406,1,WLS,2
0,x_tcsc,1-14,-0.10673380466866192,2,WLS,2
1,B_svc,2,0.17597663266886368,2,WLS,2
2,UPFC_Vsh,5-15,1.1115306386493957,2,WLS,2
3,UPFC_tsh,5-15,-0.2371515530135256,2,WLS,2
4,UPFC_Vse,5-15,0.05770325349625462,2,WLS,2
5,UPFC_tse,5-15,-2.1240719764777745,2,WLS,2
0,x_tcsc,1-14,-0.10674475506622089,3,WLS,2
1,B_svc,2,0.1758509392462264,3,WLS,2
2,UPFC_Vsh,5-15,1.1121541043251175,3,WLS,2
3,UPFC_tsh,5-15,-0.23716995758619414,3,WLS,2
4,UPFC_Vse,5-15,0.05824222654077605,3,WLS,2
5,UPFC_tse,5-15,-2.1271613301111643,3,WLS,2
0,x_tcsc,1-14,-0.10673239567043995,4,WLS,2
1,B_svc,2,0.17587882255500428,4,WLS,2
2,UPFC_Vsh,5-15,1.1120655256275023,4,WLS,2
3,UPFC_tsh,5-15,-0.23709316089220703,4,WLS,2
4,UPFC_Vse,5-15,0.058081245930149676,4,WLS,2
5,UPFC_tse,5-15,-2.123941497999869,4,WLS,2
0,x_tcsc,1-14,-0.10768737921986353,0,WLS,3
1,B_svc,2,0.17675644171835328,0,WLS,3
2,UPFC_Vsh,5-15,1.1117027024687,0,WLS,3
3,UPFC_tsh,5-15,-0.2361979707348266,0,WLS,3
4,UPFC_Vse,5-15,0.058180809628684715,0,WLS,3
5,UPFC_tse,5-15,-2.125537247988059,0,WLS,3
0,x_tcsc,1-14,-0.10768910838255863,1,WLS,3
1,B_svc,2,0.17698495724353197,1,WLS,3
2,UPFC_Vsh,5-15,1.111887992384204,1,WLS,3
3,UPFC_tsh,5-15,-0.23615216778236495,1,WLS,3
4,UPFC_Vse,5-15,0.05824311045296406,1,WLS,3
5,UPFC_tse,5-15,-2.1233151264300805,1,WLS,3
0,x_tcsc,1-14,-0.1076988958561948,2,WLS,3
1,B_svc,2,0.1772685444145427,2,WLS,3
2,UPFC_Vsh,5-15,1.1115491555214942,2,WLS,3
3,UPFC_tsh,5-15,-0.23618007205628325,2,WLS,3
4,UPFC_Vse,5-15,0.057757122267466016,2,WLS,3
5,UPFC_tse,5-15,-2.1236997468995638,2,WLS,3
0,x_tcsc,1-14,-0.10770941033229144,3,WLS,3
1,B_svc,2,0.17714492724900233,3,WLS,3
2,UPFC_Vsh,5-15,1.1121719160056431,3,WLS,3
3,UPFC_tsh,5-15,-0.23619845767918674,3,WLS,3
4,UPFC_Vse,5-15,0.05829682402832151,3,WLS,3
5,UPFC_tse,5-15,-2.1267771344304296,3,WLS,3
0,x_tcsc,1-14,-0.10769745380042006,4,WLS,3
1,B_svc,2,0.17716959172940266,4,WLS,3
2,UPFC_Vsh,5-15,1.112084228443195,4,WLS,3
3,UPFC_tsh,5-15,-0.23612183648581309,4,WLS,3
4,UPFC_Vse,5-15,0.058135185711290595,4,WLS,3
5,UPFC_tse,5-15,-2.1235682463706973,4,WLS,3
0,x_tcsc,1-14,-0.10867205290200962,0,WLS,4
1,B_svc,2,0.17819603592226244,0,WLS,4
2,UPFC_Vsh,5-15,1.1117117123025524,0,WLS,4
3,UPFC_tsh,5-15,-0.2353581858508177,0,WLS,4
4,UPFC_Vse,5-15,0.058135711298715434,0,WLS,4
5,UPFC_tse,5-15,-2.125752308259077,0,WLS,4
0,x_tcsc,1-14,-0.10867404195853314,1,WLS,4
1,B_svc,2,0.1784249137582656,1,WLS,4
2,UPFC_Vsh,5-15,1.111895971831892,1,WLS,4
3,UPFC_tsh,5-15,-0.23531281749377858,1,WLS,4
4,UPFC_Vse,5-15,0.05819861867441633,1,WLS,4
5,UPFC_tse,5-15,-2.123520862561196,1,WLS,4
0,x_tcsc,1-14,-0.10868380783184466,2,WLS,4
1,B_svc,2,0.1787101767576744,2,WLS,4
2,UPFC_Vsh,5-15,1.1115576627642203,2,WLS,4
3,UPFC_tsh,5-15,-0.23534040124708747,2,WLS,4
4,UPFC_Vse,5-15,0.0577118093833104,2,WLS,4
5,UPFC_tse,5-15,-2.123915867198755,2,WLS,4
0,x_tcsc,1-14,-0.10869387891125787,3,WLS,4
1,B_svc,2,0.1785888214817925,3,WLS,4
2,UPFC_Vsh,5-15,1.1121796489642144,3,WLS,4
3,UPFC_tsh,5-15,-0.23535873667871837,3,WLS,4
4,UPFC_Vse,5-15,0.05825244209787991,3,WLS,4
5,UPFC_tse,5-15,-2.1269785301331043,3,WLS,4
0,x_tcsc,1-14,-0.10868234163768978,4,WLS,4
1,B_svc,2,0.17861002236226453,4,WLS,4
2,UPFC_Vsh,5-15,1.1120928642354262,4,WLS,4
3,UPFC_tsh,5-15,-0.23528228651872135,4,WLS,4
4,UPFC_Vse,5-15,0.0580901546157191,4,WLS,4
5,UPFC_tse,5-15,-2.1237843713080804,4,WLS,4
0,x_tcsc,1-14,-0.10915174185927193,0,WLS,5
1,B_svc,2,0.1786935616906962,0,WLS,5
2,UPFC_Vsh,5-15,1.111717081636615,0,WLS,5
3,UPFC_tsh,5-15,-0.2348648347263032,0,WLS,5
4,UPFC_Vse,5-15,0.05819505812893977,0,WLS,5
5,UPFC_tse,5-15,-2.1263667890046953,0,WLS,5
0,x_tcsc,1-14,-0.10915383877515157,1,WLS,5
1,B_svc,2,0.17892284650915655,1,WLS,5
2,UPFC_Vsh,5-15,1.1119009737451937,1,WLS,5
3,UPFC_tsh,5-15,-0.234819643200418,1,WLS,5
4,UPFC_Vse,5-15,0.05825806609237715,1,WLS,5
5,UPFC_tse,5-15,-2.124134445108814,1,WLS,5
0,x_tcsc,1-14,-0.10916362559852183,2,WLS,5
1,B_svc,2,0.17920875463317587,2,WLS,5
2,UPFC_Vsh,5-15,1.111562719309466,2,WLS,5
3,UPFC_tsh,5-15,-0.23484708572534674,2,WLS,5
4,UPFC_Vse,5-15,0.05777094734597918,2,WLS,5
5,UPFC_tse,5-15,-2.1245429806373064,2,WLS,5
0,x_tcsc,1-14,-0.10917344665999071,3,WLS,5
1,B_svc,2,0.179088237211062,3,WLS,5
2,UPFC_Vsh,5-15,1.1121842099634496,3,WLS,5
3,UPFC_tsh,5-15,-0.2348654778289532,3,WLS,5
4,UPFC_Vse,5-15,0.0583121721413808,3,WLS,5
5,UPFC_tse,5-15,-2.127591333213722,3,WLS,5
0,x_tcsc,1-14,-0.10916212642704082,4,WLS,5
1,B_svc,2,0.17910804740135278,4,WLS,5
2,UPFC_Vsh,5-15,1.1120981605284705,4,WLS,5
3,UPFC_tsh,5-15,-0.23478905532105063,4,WLS,5
4,UPFC_Vse,5-15,0.05814927292604615,4,WLS,5
5,UPFC_tse,5-15,-2.124403513931381,4,WLS,5
0,x_tcsc,1-14,-0.10866594749149634,0,WLS,6
1,B_svc,2,0.17787309790644806,0,WLS,6
2,UPFC_Vsh,5-15,1.1117070650934604,0,WLS,6
3,UPFC_tsh,5-15,-0.2354251111579605,0,WLS,6
4,UPFC_Vse,5-15,0.05813038351756823,0,WLS,6
5,UPFC_tse,5-15,-2.1270473395470844,0,WLS,6
0,x_tcsc,1-14,-0.1086679179230876,1,WLS,6
1,B_svc,2,0.17810230866398244,1,WLS,6
2,UPFC_Vsh,5-15,1.1118912964138303,1,WLS,6
3,UPFC_tsh,5-15,-0.23537971898549098,1,WLS,6
4,UPFC_Vse,5-15,0.05819318022002702,1,WLS,6
5,UPFC_tse,5-15,-2.124810826647245,1,WLS,6
0,x_tcsc,1-14,-0.10867772455127866,2,WLS,6
1,B_svc,2,0.1783872803093096,2,WLS,6
2,UPFC_Vsh,5-15,1.1115528485777169,2,WLS,6
3,UPFC_tsh,5-15,-0.23540732625903504,2,WLS,6
4,UPFC_Vse,5-15,0.057706382224034666,2,WLS,6
5,UPFC_tse,5-15,-2.125223216902269,2,WLS,6
0,x_tcsc,1-14,-0.10868775095467643,3,WLS,6
1,B_svc,2,0.17826553408898,3,WLS,6
2,UPFC_Vsh,5-15,1.1121746508314998,3,WLS,6
3,UPFC_tsh,5-15,-0.23542580338685742,3,WLS,6
4,UPFC_Vse,5-15,0.05824753655986984,3,WLS,6
5,UPFC_tse,5-15,-2.128277164054412,3,WLS,6
0,x_tcsc,1-14,-0.10867622663919835,4,WLS,6
1,B_svc,2,0.17828723015354458,4,WLS,6
2,UPFC_Vsh,5-15,1.1120882206709681,4,WLS,6
3,UPFC_tsh,5-15,-0.23534919789375125,4,WLS,6
4,UPFC_Vse,5-15,0.05808478221654163,4,WLS,6
5,UPFC_tse,5-15,-2.125082000106456,4,WLS,6
0,x_tcsc,1-14,-0.10859486289677271,0,WLS,7
1,B_svc,2,0.17794865592257145,0,WLS,7
2,UPFC_Vsh,5-15,1.1117040171857038,0,WLS,7
3,UPFC_tsh,5-15,-0.23564624712760796,0,WLS,7
4,UPFC_Vse,5-15,0.0580072401610511,0,WLS,7
5,UPFC_tse,5-15,-2.126861617482345,0,WLS,7
0,x_tcsc,1-14,-0.10859682973283107,1,WLS,7
1,B_svc,2,0.17817768870037634,1,WLS,7
2,UPFC_Vsh,5-15,1.111888049179619,1,WLS,7
3,UPFC_tsh,5-15,-0.23560086119578325,1,WLS,7
4,UPFC_Vse,5-15,0.05807024244093992,1,WLS,7
5,UPFC_tse,5-15,-2.124617837413489,1,WLS,7
0,x_tcsc,1-14,-0.10860660979108445,2,WLS,7
1,B_svc,2,0.17846266882226366,2,WLS,7
2,UPFC_Vsh,5-15,1.1115498275274376,2,WLS,7
3,UPFC_tsh,5-15,-0.23562848013090312,2,WLS,7
4,UPFC_Vse,5-15,0.05758336589630396,2,WLS,7
5,UPFC_tse,5-15,-2.1250248306591137,2,WLS,7
0,x_tcsc,1-14,-0.10861670158648236,3,WLS,7
1,B_svc,2,0.17834096237846256,3,WLS,7
2,UPFC_Vsh,5-15,1.1121717819988093,3,WLS,7
3,UPFC_tsh,5-15,-0.23564691160656082,3,WLS,7
4,UPFC_Vse,5-15,0.058124498963208836,3,WLS,7
5,UPFC_tse,5-15,-2.1280868299820526,3,WLS,7
0,x_tcsc,1-14,-0.1086051310014303,4,WLS,7
1,B_svc,2,0.1783626950463559,4,WLS,7
2,UPFC_Vsh,5-15,1.1120849979670377,4,WLS,7
3,UPFC_tsh,5-15,-0.23557029739231233,4,WLS,7
4,UPFC_Vse,5-15,0.057962014770783755,4,WLS,7
5,UPFC_tse,5-15,-2.1248911997244417,4,WLS,7
0,x_tcsc,1-14,-0.10870283974490513,0,WLS,8
1,B_svc,2,0.17793672197154226,0,WLS,8
2,UPFC_Vsh,5-15,1.1116857675695486,0,WLS,8
3,UPFC_tsh,5-15,-0.2356395136343638,0,WLS,8
4,UPFC_Vse,5-15,0.05796893652763286,0,WLS,8
5,UPFC_tse,5-15,-2.1279410566618226,0,WLS,8
0,x_tcsc,1-14,-0.10870483597236737,1,WLS,8
1,B_svc,2,0.17816588506935638,1,WLS,8
2,UPFC_Vsh,5-15,1.1118698835117584,1,WLS,8
3,UPFC_tsh,5-15,-0.23559419495321168,1,WLS,8
4,UPFC_Vse,5-15,0.05803195815890564,1,WLS,8
5,UPFC_tse,5-15,-2.1256896119059356,1,WLS,8
0,x_tcsc,1-14,-0.1087146331797991,2,WLS,8
1,B_svc,2,0.17845092473213578,2,WLS,8
2,UPFC_Vsh,5-15,1.111531585430335,2,WLS,8
3,UPFC_tsh,5-15,-0.23562178719874552,2,WLS,8
4,UPFC_Vse,5-15,0.057544977650915825,2,WLS,8
5,UPFC_tse,5-15,-2.126111514322681,2,WLS,8
0,x_tcsc,1-14,-0.10872465540483404,3,WLS,8
1,B_svc,2,0.1783292375271819,3,WLS,8
2,UPFC_Vsh,5-15,1.1121532732742911,3,WLS,8
3,UPFC_tsh,5-15,-0.2356402945208311,3,WLS,8
4,UPFC_Vse,5-15,0.058086629643268224,3,WLS,8
5,UPFC_tse,5-15,-2.1291655137223975,3,WLS,8
0,x_tcsc,1-14,-0.10871313579116232,4,WLS,8
1,B_svc,2,0.17835085863873157,4,WLS,8
2,UPFC_Vsh,5-15,1.1120668983775597,4,WLS,8
3,UPFC_tsh,5-15,-0.23556359552644726,4,WLS,8
4,UPFC_Vse,5-15,0.057923759003965444,4,WLS,8
5,UPFC_tse,5-15,-2.125971257716357,4,WLS,8
0,x_tcsc,1-14,-0.10819977844511755,0,WLS,9
1,B_svc,2,0.1774034907355254,0,WLS,9
2,UPFC_Vsh,5-15,1.1116909346302446,0,WLS,9
3,UPFC_tsh,5-15,-0.23600474846965122,0,WLS,9
4,UPFC_Vse,5-15,0.058008651009717124,0,WLS,9
5,UPFC_tse,5-15,-2.1272177434449424,0,WLS,9
0,x_tcsc,1-14,-0.1082016601373607,1,WLS,9
1,B_svc,2,0.1776321938018139,1,WLS,9
2,UPFC_Vsh,5-15,1.1118756601415405,1,WLS,9
3,UPFC_tsh,5-15,-0.2359592277261265,1,WLS,9
4,UPFC_Vse,5-15,0.05807138143771662,1,WLS,9
5,UPFC_tse,5-15,-2.1249754181483147,1,WLS,9
0,x_tcsc,1-14,-0.10821144179485082,2,WLS,9
1,B_svc,2,0.177916571456992,2,WLS,9
2,UPFC_Vsh,5-15,1.111537111347552,2,WLS,9
3,UPFC_tsh,5-15,-0.23598696954980536,2,WLS,9
4,UPFC_Vse,5-15,0.057584850830387405,2,WLS,9
5,UPFC_tse,5-15,-2.1253823780812184,2,WLS,9
0,x_tcsc,1-14,-0.1082217007025909,3,WLS,9
1,B_svc,2,0.17779406153610847,3,WLS,9
2,UPFC_Vsh,5-15,1.1121593158791492,3,WLS,9
3,UPFC_tsh,5-15,-0.23600538546040972,3,WLS,9
4,UPFC_Vse,5-15,0.058125642744198874,3,WLS,9
5,UPFC_tse,5-15,-2.1284447018484527,3,WLS,9
0,x_tcsc,1-14,-0.10820997716607707,4,WLS,9
1,B_svc,2,0.1778170478489825,4,WLS,9
2,UPFC_Vsh,5-15,1.112072263088828,4,WLS,9
3,UPFC_tsh,5-15,-0.23592873602596726,4,WLS,9
4,UPFC_Vse,5-15,0.0579634033758222,4,WLS,9
5,UPFC_tse,5-15,-2.1252467125536323,4,WLS,9
0,x_tcsc,1-14,-0.10897920524274908,0,WLS,10
1,B_svc,2,0.17828478168177422,0,WLS,10
2,UPFC_Vsh,5-15,1.111714721888569,0,WLS,10
3,UPFC_tsh,5-15,-0.23516739371678003,0,WLS,10
4,UPFC_Vse,5-15,0.05809797151531671,0,WLS,10
5,UPFC_tse,5-15,-2.127822695322499,0,WLS,10
0,x_tcsc,1-14,-0.10898124944125412,1,WLS,10
1,B_svc,2,0.17851420151417666,1,WLS,10
2,UPFC_Vsh,5-15,1.1118985867659628,1,WLS,10
3,UPFC_tsh,5-15,-0.2351221235386527,1,WLS,10
4,UPFC_Vse,5-15,0.05816088040009228,1,WLS,10
5,UPFC_tse,5-15,-2.1255809345354284,1,WLS,10
0,x_tcsc,1-14,-0.10899105691874711,2,WLS,10
1,B_svc,2,0.1787996508578539,2,WLS,10
2,UPFC_Vsh,5-15,1.1115602958103448,2,WLS,10
3,UPFC_tsh,5-15,-0.23514962670817394,2,WLS,10
4,UPFC_Vse,5-15,0.057673828492723365,2,WLS,10
5,UPFC_tse,5-15,-2.12600442913703,2,WLS,10
0,x_tcsc,1-14,-0.10900093965322646,3,WLS,10
1,B_svc,2,0.17867853820781313,3,WLS,10
2,UPFC_Vsh,5-15,1.1121818667397871,3,WLS,10
3,UPFC_tsh,5-15,-0.23516812086762773,3,WLS,10
4,UPFC_Vse,5-15,0.05821543396184131,3,WLS,10
5,UPFC_tse,5-15,-2.1290463008386173,3,WLS,10
0,x_tcsc,1-14,-0.10898954593112309,4,WLS,10
1,B_svc,2,0.17869923758212883,4,WLS,10
2,UPFC_Vsh,5-15,1.1120957301825092,4,WLS,10
3,UPFC_tsh,5-15,-0.23509154387453637,4,WLS,10
4,UPFC_Vse,5-15,0.0580523493251928,4,WLS,10
5,UPFC_tse,5-15,-2.125858865998545,4,WLS,10
0,x_tcsc,1-14,-0.10858071621811538,0,WLS,11
1,B_svc,2,0.17760030500947319,0,WLS,11
2,UPFC_Vsh,5-15,1.1117119140591099,0,WLS,11
3,UPFC_tsh,5-15,-0.23558012729291053,0,WLS,11
4,UPFC_Vse,5-15,0.058080836849768835,0,WLS,11
5,UPFC_tse,5-15,-2.1283007374576717,0,WLS,11
0,x_tcsc,1-14,-0.10858265723704953,1,WLS,11
1,B_svc,2,0.17782966424515315,1,WLS,11
2,UPFC_Vsh,5-15,1.1118960939561289,1,WLS,11
3,UPFC_tsh,5-15,-0.23553468646472744,1,WLS,11
4,UPFC_Vse,5-15,0.058143524038240295,1,WLS,11
5,UPFC_tse,5-15,-2.126058467431482,1,WLS,11
0,x_tcsc,1-14,-0.10859248382153247,2,WLS,11
1,B_svc,2,0.17811434090309586,2,WLS,11
2,UPFC_Vsh,5-15,1.111557584245282,2,WLS,11
3,UPFC_tsh,5-15,-0.23556232803237376,2,WLS,11
4,UPFC_Vse,5-15,0.057656775792362516,2,WLS,11
5,UPFC_tse,5-15,-2.1264842455011213,2,WLS,11
0,x_tcsc,1-14,-0.10860251971999052,3,WLS,11
1,B_svc,2,0.1779922500707571,3,WLS,11
2,UPFC_Vsh,5-15,1.1121793997791924,3,WLS,11
3,UPFC_tsh,5-15,-0.23558088150539172,3,WLS,11
4,UPFC_Vse,5-15,0.058198241132407194,3,WLS,11
5,UPFC_tse,5-15,-2.1295291238868455,3,WLS,11
0,x_tcsc,1-14,-0.10859097210125117,4,WLS,11
1,B_svc,2,0.17801445873130245,4,WLS,11
2,UPFC_Vsh,5-15,1.1120929882804786,4,WLS,11
3,UPFC_tsh,5-15,-0.23550417833575468,4,WLS,11
4,UPFC_Vse,5-15,0.05803527300415798,4,WLS,11
5,UPFC_tse,5-15,-2.1263363977021474,4,WLS,11
0,x_tcsc,1-14,-0.10862026296098025,0,WLS,12
1,B_svc,2,0.1776493684225326,0,WLS,12
2,UPFC_Vsh,5-15,1.1117096284449008,0,WLS,12
3,UPFC_tsh,5-15,-0.23562976898064047,0,WLS,12
4,UPFC_Vse,5-15,0.058023516983121706,0,WLS,12
5,UPFC_tse,5-15,-2.128583168554479,0,WLS,12
0,x_tcsc,1-14,-0.10862221428148333,1,WLS,12
1,B_svc,2,0.17787878093061832,1,WLS,12
2,UPFC_Vsh,5-15,1.1118936348454524,1,WLS,12
3,UPFC_tsh,5-15,-0.2355843526764236,1,WLS,12
4,UPFC_Vse,5-15,0.0580863024689657,1,WLS,12
5,UPFC_tse,5-15,-2.1263357461511574,1,WLS,12
0,x_tcsc,1-14,-0.10863203937680493,2,WLS,12
1,B_svc,2,0.17816350117594518,2,WLS,12
2,UPFC_Vsh,5-15,1.1115552298025086,2,WLS,12
3,UPFC_tsh,5-15,-0.23561198181311857,2,WLS,12
4,UPFC_Vse,5-15,0.057599462974535894,2,WLS,12
5,UPFC_tse,5-15,-2.126764764484228,2,WLS,12
0,x_tcsc,1-14,-0.10864206243468207,3,WLS,12
1,B_svc,2,0.17804146902103996,3,WLS,12
2,UPFC_Vsh,5-15,1.112177008755921,3,WLS,12
3,UPFC_tsh,5-15,-0.23563055514492784,3,WLS,12
4,UPFC_Vse,5-15,0.058141132610146376,3,WLS,12
5,UPFC_tse,5-15,-2.129809804767445,3,WLS,12
0,x_tcsc,1-14,-0.10863052543338954,4,WLS,12
1,B_svc,2,0.1780635935901625,4,WLS,12
2,UPFC_Vsh,5-15,1.112090602576443,4,WLS,12
3,UPFC_tsh,5-15,-0.23555381455686183,4,WLS,12
4,UPFC_Vse,5-15,0.05797810330192206,4,WLS,12
5,UPFC_tse,5-15,-2.1266174536505096,4,WLS,12
0,x_tcsc,1-14,-0.10849221378098345,0,WLS,13
1,B_svc,2,0.17722554336750385,0,WLS,13
2,UPFC_Vsh,5-15,1.1117033396917357,0,WLS,13
3,UPFC_tsh,5-15,-0.23576131189326535,0,WLS,13
4,UPFC_Vse,5-15,0.058040789517214746,0,WLS,13
5,UPFC_tse,5-15,-2.129499903324134,0,WLS,13
0,x_tcsc,1-14,-0.10849411991163956,1,WLS,13
1,B_svc,2,0.17745514014253894,1,WLS,13
2,UPFC_Vsh,5-15,1.1118875352830158,1,WLS,13
3,UPFC_tsh,5-15,-0.23571582268359614,1,WLS,13
4,UPFC_Vse,5-15,0.058103384808071014,1,WLS,13
5,UPFC_tse,5-15,-2.127250982160514,1,WLS,13
0,x_tcsc,1-14,-0.10850397846585631,2,WLS,13
1,B_svc,2,0.17773943924536312,2,WLS,13
2,UPFC_Vsh,5-15,1.1115489205584381,2,WLS,13
3,UPFC_tsh,5-15,-0.23574350914876205,2,WLS,13
4,UPFC_Vse,5-15,0.05761667737854116,2,WLS,13
5,UPFC_tse,5-15,-2.127691595522372,2,WLS,13
0,x_tcsc,1-14,-0.10851402169817677,3,WLS,13
1,B_svc,2,0.177616829816345,3,WLS,13
2,UPFC_Vsh,5-15,1.1121706406518763,3,WLS,13
3,UPFC_tsh,5-15,-0.2357621914667536,3,WLS,13
4,UPFC_Vse,5-15,0.0581585881615046,3,WLS,13
5,UPFC_tse,5-15,-2.130731206647098,3,WLS,13
0,x_tcsc,1-14,-0.10850244393562582,4,WLS,13
1,B_svc,2,0.1776397530228627,4,WLS,13
2,UPFC_Vsh,5-15,1.1120844229269544,4,WLS,13
3,UPFC_tsh,5-15,-0.23568532316845595,4,WLS,13
4,UPFC_Vse,5-15,0.0579952859738325,4,WLS,13
5,UPFC_tse,5-15,-2.127536433820803,4,WLS,13
0,x_tcsc,1-14,-0.10825921706026123,0,WLS,14
1,B_svc,2,0.17688352431401108,0,WLS,14
2,UPFC_Vsh,5-15,1.1117046001855555,0,WLS,14
3,UPFC_tsh,5-15,-0.23604826517307753,0,WLS,14
4,UPFC_Vse,5-15,0.057978577487626914,0,WLS,14
5,UPFC_tse,5-15,-2.129923531768138,0,WLS,14
0,x_tcsc,1-14,-0.10826105684400922,1,WLS,14
1,B_svc,2,0.1771131129709433,1,WLS,14
2,UPFC_Vsh,5-15,1.111888811493845,1,WLS,14
3,UPFC_tsh,5-15,-0.23600266835031875,1,WLS,14
4,UPFC_Vse,5-15,0.05804109046652431,1,WLS,14
5,UPFC_tse,5-15,-2.1276711126472487,1,WLS,14
0,x_tcsc,1-14,-0.1082709193288391,2,WLS,14
1,B_svc,2,0.17739697986152522,2,WLS,14
2,UPFC_Vsh,5-15,1.111550205750344,2,WLS,14
3,UPFC_tsh,5-15,-0.23603042722030082,2,WLS,14
4,UPFC_Vse,5-15,0.05755450786059457,2,WLS,14
5,UPFC_tse,5-15,-2.1281137379746418,2,WLS,14
0,x_tcsc,1-14,-0.1082810780251705,3,WLS,14
1,B_svc,2,0.17727379196064483,3,WLS,14
2,UPFC_Vsh,5-15,1.1121721577567218,3,WLS,14
3,UPFC_tsh,5-15,-0.23604914764786925,3,WLS,14
4,UPFC_Vse,5-15,0.058096394982697724,3,WLS,14
5,UPFC_tse,5-15,-2.131155345379461,3,WLS,14
0,x_tcsc,1-14,-0.1082693896914052,4,WLS,14
1,B_svc,2,0.17729761193273255,4,WLS,14
2,UPFC_Vsh,5-15,1.1120856126482848,4,WLS,14
3,UPFC_tsh,5-15,-0.23597219403228106,4,WLS,14
4,UPFC_Vse,5-15,0.05793321098741693,4,WLS,14
5,UPFC_tse,5-15,-2.12795848355132,4,WLS,14
0,x_tcsc,1-14,-0.10825521105970182,0,WLS,15
1,B_svc,2,0.17680760776545743,0,WLS,15
2,UPFC_Vsh,5-15,1.1116731452214537,0,WLS,15
3,UPFC_tsh,5-15,-0.2361829169538891,0,WLS,15
4,UPFC_Vse,5-15,0.057922039621610535,0,WLS,15
5,UPFC_tse,5-15,-2.1306869000515576,0,WLS,15
0,x_tcsc,1-14,-0.10825707389134022,1,WLS,15
1,B_svc,2,0.1770370591881593,1,WLS,15
2,UPFC_Vsh,5-15,1.1118577291695204,1,WLS,15
3,UPFC_tsh,5-15,-0.23613738632871667,1,WLS,15
4,UPFC_Vse,5-15,0.05798460135558394,1,WLS,15
5,UPFC_tse,5-15,-2.1284262694487284,1,WLS,15
0,x_tcsc,1-14,-0.10826693927437536,2,WLS,15
1,B_svc,2,0.17732091588621504,2,WLS,15
2,UPFC_Vsh,5-15,1.1115189674001602,2,WLS,15
3,UPFC_tsh,5-15,-0.23616515177802086,2,WLS,15
4,UPFC_Vse,5-15,0.057497986551922536,2,WLS,15
5,UPFC_tse,5-15,-2.1288784641038463,2,WLS,15
0,x_tcsc,1-14,-0.10827707966108288,3,WLS,15
1,B_svc,2,0.17719766638125406,3,WLS,15
2,UPFC_Vsh,5-15,1.1121406866273529,3,WLS,15
3,UPFC_tsh,5-15,-0.23618389733313047,3,WLS,15
4,UPFC_Vse,5-15,0.05804020765950992,3,WLS,15
5,UPFC_tse,5-15,-2.131917434314827,3,WLS,15
0,x_tcsc,1-14,-0.10826540452829041,4,WLS,15
1,B_svc,2,0.17722154964800377,4,WLS,15
2,UPFC_Vsh,5-15,1.112054470441178,4,WLS,15
3,UPFC_tsh,5-15,-0.23610687711354056,4,WLS,15
4,UPFC_Vse,5-15,0.05787683567310837,4,WLS,15
5,UPFC_tse,5-15,-2.128720197557526,4,WLS,15
0,x_tcsc,1-14,-0.10766016357220616,0,WLS,16
1,B_svc,2,0.1760206875300633,0,WLS,16
2,UPFC_Vsh,5-15,1.1116566178772729,0,WLS,16
3,UPFC_tsh,5-15,-0.23680339067188855,0,WLS,16
4,UPFC_Vse,5-15,0.05787587241716382,0,WLS,16
5,UPFC_tse,5-15,-2.1308198401073697,0,WLS,16
0,x_tcsc,1-14,-0.10766188987249417,1,WLS,16
1,B_svc,2,0.1762497514683511,1,WLS,16
2,UPFC_Vsh,5-15,1.1118418879650027,1,WLS,16
3,UPFC_tsh,5-15,-0.2367576501236426,1,WLS,16
4,UPFC_Vse,5-15,0.057938190316407054,1,WLS,16
5,UPFC_tse,5-15,-2.128558734104344,1,WLS,16
0,x_tcsc,1-14,-0.10767175389304257,2,WLS,16
1,B_svc,2,0.17653267877413123,2,WLS,16
2,UPFC_Vsh,5-15,1.11150283798809,2,WLS,16
3,UPFC_tsh,5-15,-0.23678560527290307,2,WLS,16
4,UPFC_Vse,5-15,0.05745200759269461,2,WLS,16
5,UPFC_tse,5-15,-2.129006104636781,2,WLS,16
0,x_tcsc,1-14,-0.1076821614739857,3,WLS,16
1,B_svc,2,0.17640818741823572,3,WLS,16
2,UPFC_Vsh,5-15,1.1121249767544752,3,WLS,16
3,UPFC_tsh,5-15,-0.23680434607132636,3,WLS,16
4,UPFC_Vse,5-15,0.05799377203080569,3,WLS,16
5,UPFC_tse,5-15,-2.132054187470163,3,WLS,16
0,x_tcsc,1-14,-0.1076702416942553,4,WLS,16
1,B_svc,2,0.17643401703796685,4,WLS,16
2,UPFC_Vsh,5-15,1.112038216332468,4,WLS,16
3,UPFC_tsh,5-15,-0.23672722548051245,4,WLS,16
4,UPFC_Vse,5-15,0.05783084233798613,4,WLS,16
5,UPFC_tse,5-15,-2.128849845101604,4,WLS,16
0,x_tcsc,1-14,-0.10730065440336575,0,WLS,17
1,B_svc,2,0.17550325882112927,0,WLS,17
2,UPFC_Vsh,5-15,1.111654962368038,0,WLS,17
3,UPFC_tsh,5-15,-0.23710758291336068,0,WLS,17
4,UPFC_Vse,5-15,0.05790876031309053,0,WLS,17
5,UPFC_tse,5-15,-2.130700340148067,0,WLS,17
0,x_tcsc,1-14,-0.10730229485385717,1,WLS,17
1,B_svc,2,0.17573213977088822,1,WLS,17
2,UPFC_Vsh,5-15,1.1118406610080735,1,WLS,17
3,UPFC_tsh,5-15,-0.23706170039891106,1,WLS,17
4,UPFC_Vse,5-15,0.05797086412859607,1,WLS,17
5,UPFC_tse,5-15,-2.1284437352826355,1,WLS,17
0,x_tcsc,1-14,-0.10731216617384173,2,WLS,17
1,B_svc,2,0.1760144714794986,2,WLS,17
2,UPFC_Vsh,5-15,1.111501352290592,2,WLS,17
3,UPFC_tsh,5-15,-0.23708977882088555,2,WLS,17
4,UPFC_Vse,5-15,0.057485002226642566,2,WLS,17
5,UPFC_tse,5-15,-2.128886459882074,2,WLS,17
0,x_tcsc,1-14,-0.10732271077754572,3,WLS,17
1,B_svc,2,0.17588923218570046,3,WLS,17
2,UPFC_Vsh,5-15,1.1121237172848928,3,WLS,17
3,UPFC_tsh,5-15,-0.23710851574829864,3,WLS,17
4,UPFC_Vse,5-15,0.058026383761733066,3,WLS,17
5,UPFC_tse,5-15,-2.1319391455881562,3,WLS,17
0,x_tcsc,1-14,-0.10731066211429256,4,WLS,17
1,B_svc,2,0.17591623213125313,4,WLS,17
2,UPFC_Vsh,5-15,1.1120367045167836,4,WLS,17
3,UPFC_tsh,5-15,-0.2370313537157075,4,WLS,17
4,UPFC_Vse,5-15,0.05786369457486146,4,WLS,17
5,UPFC_tse,5-15,-2.128730285119458,4,WLS,17
0,x_tcsc,1-14,-0.107688788629636,0,WLS,18
1,B_svc,2,0.17612164987525183,0,WLS,18
2,UPFC_Vsh,5-15,1.1116414391126472,0,WLS,18
3,UPFC_tsh,5-15,-0.23670402342388985,0,WLS,18
4,UPFC_Vse,5-15,0.05794061968389003,0,WLS,18
5,UPFC_tse,5-15,-2.1303674714269034,0,WLS,18
0,x_tcsc,1-14,-0.10769054531360038,1,WLS,18
1,B_svc,2,0.1763504534583778,1,WLS,18
2,UPFC_Vsh,5-15,1.111827171158143,1,WLS,18
3,UPFC_tsh,5-15,-0.23665834061629493,1,WLS,18
4,UPFC_Vse,5-15,0.05800290802114769,1,WLS,18
5,UPFC_tse,5-15,-2.1281108859840967,1,WLS,18
0,x_tcsc,1-14,-0.10770039976304674,2,WLS,18
1,B_svc,2,0.17663355557841157,2,WLS,18
2,UPFC_Vsh,5-15,1.111487918216495,2,WLS,18
3,UPFC_tsh,5-15,-0.23668628478213352,2,WLS,18
4,UPFC_Vse,5-15,0.05751677830098728,2,WLS,18
5,UPFC_tse,5-15,-2.1285537583210563,2,WLS,18
0,x_tcsc,1-14,-0.10771078300338414,3,WLS,18
1,B_svc,2,0.17650927986767517,3,WLS,18
2,UPFC_Vsh,5-15,1.112109933557014,3,WLS,18
3,UPFC_tsh,5-15,-0.23670495530538646,3,WLS,18
4,UPFC_Vse,5-15,0.05805832814532783,3,WLS,18
5,UPFC_tse,5-15,-2.131602143927033,3,WLS,18
0,x_tcsc,1-14,-0.10769889484147999,4,WLS,18
1,B_svc,2,0.17653478531435862,4,WLS,18
2,UPFC_Vsh,5-15,1.1120233828023234,4,WLS,18
3,UPFC_tsh,5-15,-0.23662792158309262,4,WLS,18
4,UPFC_Vse,5-15,0.05789546332806956,4,WLS,18
5,UPFC_tse,5-15,-2.1283980358988446,4,WLS,18
0,x_tcsc,1-14,-0.10745378508622501,0,WLS,19
1,B_svc,2,0.17586442602621075,0,WLS,19
2,UPFC_Vsh,5-15,1.1116660025839566,0,WLS,19
3,UPFC_tsh,5-15,-0.23713608060360122,0,WLS,19
4,UPFC_Vse,5-15,0.05778032678885346,0,WLS,19
5,UPFC_tse,5-15,-2.1304131427542874,0,WLS,19
0,x_tcsc,1-14,-0.10745547105911708,1,WLS,19
1,B_svc,2,0.1760933359033138,1,WLS,19
2,UPFC_Vsh,5-15,1.1118510145766707,1,WLS,19
3,UPFC_tsh,5-15,-0.2370902775682987,1,WLS,19
4,UPFC_Vse,5-15,0.05784279891408619,1,WLS,19
5,UPFC_tse,5-15,-2.1281480013370957,1,WLS,19
0,x_tcsc,1-14,-0.10746531729486815,2,WLS,19
1,B_svc,2,0.17637599577042948,2,WLS,19
2,UPFC_Vsh,5-15,1.1115121283399176,2,WLS,19
3,UPFC_tsh,5-15,-0.23711830070944587,2,WLS,19
4,UPFC_Vse,5-15,0.05735665894628229,2,WLS,19
5,UPFC_tse,5-15,-2.1285862181835777,2,WLS,19
0,x_tcsc,1-14,-0.10747582042186425,3,WLS,19
1,B_svc,2,0.17625128793386172,3,WLS,19
2,UPFC_Vsh,5-15,1.1121345149014368,3,WLS,19
3,UPFC_tsh,5-15,-0.23713700178766442,3,WLS,19
4,UPFC_Vse,5-15,0.057898235864486836,3,WLS,19
5,UPFC_tse,5-15,-2.1316457667190645,3,WLS,19
0,x_tcsc,1-14,-0.10746382180111624,4,WLS,19
1,B_svc,2,0.17627759096248247,4,WLS,19
2,UPFC_Vsh,5-15,1.1120472815647247,4,WLS,19
3,UPFC_tsh,5-15,-0.23705984892710202,4,WLS,19
4,UPFC_Vse,5-15,0.057735665315541425,4,WLS,19
5,UPFC_tse,5-15,-2.1284385040080482,4,WLS,19
0,x_tcsc,1-14,-0.10767494121664396,0,WLS,20
1,B_svc,2,0.1759412452903366,0,WLS,20
2,UPFC_Vsh,5-15,1.1105215362760716,0,WLS,20
3,UPFC_tsh,5-15,-0.23701775370267708,0,WLS,20
4,UPFC_Vse,5-15,0.0563414778838884,0,WLS,20
5,UPFC_tse,5-15,-2.121324382563402,0,WLS,20
0,x_tcsc,1-14,-0.10767640869239113,1,WLS,20
1,B_svc,2,0.17617150522847433,1,WLS,20
2,UPFC_Vsh,5-15,1.1107031540402597,1,WLS,20
3,UPFC_tsh,5-15,-0.23697122625883973,1,WLS,20
4,UPFC_Vse,5-15,0.056443261107521195,1,WLS,20
5,UPFC_tse,5-15,-2.1189659745883413,1,WLS,20
0,x_tcsc,1-14,-0.10768649835344632,2,WLS,20
1,B_svc,2,0.17645280969677513,2,WLS,20
2,UPFC_Vsh,5-15,1.1103707052642875,2,WLS,20
3,UPFC_tsh,5-15,-0.23700064900952436,2,WLS,20
4,UPFC_Vse,5-15,0.05594721628236228,2,WLS,20
5,UPFC_tse,5-15,-2.119600129336789,2,WLS,20
0,x_tcsc,1-14,-0.107696717109438,3,WLS,20
1,B_svc,2,0.17632956644251777,3,WLS,20
2,UPFC_Vsh,5-15,1.1109635794029025,3,WLS,20
3,UPFC_tsh,5-15,-0.2370182776815579,3,WLS,20
4,UPFC_Vse,5-15,0.056467741625075445,3,WLS,20
5,UPFC_tse,5-15,-2.122657180472317,3,WLS,20
0,x_tcsc,1-14,-0.10768500874263481,4,WLS,20
1,B_svc,2,0.1763540204862253,4,WLS,20
2,UPFC_Vsh,5-15,1.1108835127144223,4,WLS,20
3,UPFC_tsh,5-15,-0.23694121551947744,4,WLS,20
4,UPFC_Vse,5-15,0.056319958222885665,4,WLS,20
5,UPFC_tse,5-15,-2.11914911520239,4,WLS,20
0,x_tcsc,1-14,-0.10741913845179168,0,WLS,21
1,B_svc,2,0.17565794916707878,0,WLS,21
2,UPFC_Vsh,5-15,1.110535794596425,0,WLS,21
3,UPFC_tsh,5-15,-0.23726304264582782,0,WLS,21
4,UPFC_Vse,5-15,0.05631214788709161,0,WLS,21
5,UPFC_tse,5-15,-2.1209037027056836,0,WLS,21
0,x_tcsc,1-14,-0.10742052407076885,1,WLS,21
1,B_svc,2,0.17588822311003038,1,WLS,21
2,UPFC_Vsh,5-15,1.1107172384616864,1,WLS,21
3,UPFC_tsh,5-15,-0.2372163661380996,1,WLS,21
4,UPFC_Vse,5-15,0.05641386819110982,1,WLS,21
5,UPFC_tse,5-15,-2.1185476009043347,1,WLS,21
0,x_tcsc,1-14,-0.10743060778694273,2,WLS,21
1,B_svc,2,0.1761691191996518,2,WLS,21
2,UPFC_Vsh,5-15,1.1103848797880858,2,WLS,21
3,UPFC_tsh,5-15,-0.23724586562962316,2,WLS,21
4,UPFC_Vse,5-15,0.05591796571862797,2,WLS,21
5,UPFC_tse,5-15,-2.119173407685506,2,WLS,21
0,x_tcsc,1-14,-0.10744097042197882,3,WLS,21
1,B_svc,2,0.17604532480871624,3,WLS,21
2,UPFC_Vsh,5-15,1.1109781398313139,3,WLS,21
3,UPFC_tsh,5-15,-0.23726350453004857,3,WLS,21
4,UPFC_Vse,5-15,0.05643818561825437,3,WLS,21
5,UPFC_tse,5-15,-2.122239188308309,3,WLS,21
0,x_tcsc,1-14,-0.10742913415401885,4,WLS,21
1,B_svc,2,0.1760706432332579,4,WLS,21
2,UPFC_Vsh,5-15,1.1108975198410627,4,WLS,21
3,UPFC_tsh,5-15,-0.23718640136383973,4,WLS,21
4,UPFC_Vse,5-15,0.05629073423349709,4,WLS,21
5,UPFC_tse,5-15,-2.1187269573531515,4,WLS,21
0,x_tcsc,1-14,-0.10705971886811602,0,WLS,22
1,B_svc,2,0.17512237167077643,0,WLS,22
2,UPFC_Vsh,5-15,1.1105419532752019,0,WLS,22
3,UPFC_tsh,5-15,-0.23779428756855256,0,WLS,22
4,UPFC_Vse,5-15,0.056198565810569895,0,WLS,22
5,UPFC_tse,5-15,-2.1211520487867657,0,WLS,22
0,x_tcsc,1-14,-0.1070610144597054,1,WLS,22
1,B_svc,2,0.17535265459766158,1,WLS,22
2,UPFC_Vsh,5-15,1.1107231829416075,1,WLS,22
3,UPFC_tsh,5-15,-0.23774746253118514,1,WLS,22
4,UPFC_Vse,5-15,0.05630032545472389,1,WLS,22
5,UPFC_tse,5-15,-2.1187889118602095,1,WLS,22
0,x_tcsc,1-14,-0.10707110353123378,2,WLS,22
1,B_svc,2,0.17563286488146346,2,WLS,22
2,UPFC_Vsh,5-15,1.1103908807492713,2,WLS,22
3,UPFC_tsh,5-15,-0.23777709760535032,2,WLS,22
4,UPFC_Vse,5-15,0.055804573624656365,2,WLS,22
5,UPFC_tse,5-15,-2.1194133308139502,2,WLS,22
0,x_tcsc,1-14,-0.10708160366048974,3,WLS,22
1,B_svc,2,0.17550829331971826,3,WLS,22
2,UPFC_Vsh,5-15,1.1109844072256914,3,WLS,22
3,UPFC_tsh,5-15,-0.23779478698701606,3,WLS,22
4,UPFC_Vse,5-15,0.05632478301283379,3,WLS,22
5,UPFC_tse,5-15,-2.1224898237782677,3,WLS,22
0,x_tcsc,1-14,-0.10706963452268987,4,WLS,22
1,B_svc,2,0.17553488385202,4,WLS,22
2,UPFC_Vsh,5-15,1.1109033399828656,4,WLS,22
3,UPFC_tsh,5-15,-0.23771752714065744,4,WLS,22
4,UPFC_Vse,5-15,0.0561775564239648,4,WLS,22
5,UPFC_tse,5-15,-2.118970860149139,4,WLS,22
0,x_tcsc,1-14,-0.1069927791487801,0,WLS,23
1,B_svc,2,0.17503351634992856,0,WLS,23
2,UPFC_Vsh,5-15,1.1105569134489746,0,WLS,23
3,UPFC_tsh,5-15,-0.23789687261359768,0,WLS,23
4,UPFC_Vse,5-15,0.05616810785843667,0,WLS,23
5,UPFC_tse,5-15,-2.121037048984502,0,WLS,23
0,x_tcsc,1-14,-0.10699404948058827,1,WLS,23
1,B_svc,2,0.17526389714854207,1,WLS,23
2,UPFC_Vsh,5-15,1.1107378212104857,1,WLS,23
3,UPFC_tsh,5-15,-0.23784999616702637,1,WLS,23
4,UPFC_Vse,5-15,0.05626991152567233,1,WLS,23
5,UPFC_tse,5-15,-2.1186732059412936,1,WLS,23
0,x_tcsc,1-14,-0.10700413795708498,2,WLS,23
1,B_svc,2,0.17554396414642107,2,WLS,23
2,UPFC_Vsh,5-15,1.110405630821143,2,WLS,23
3,UPFC_tsh,5-15,-0.23787965531450647,2,WLS,23
4,UPFC_Vse,5-15,0.05577416380026694,2,WLS,23
5,UPFC_tse,5-15,-2.119294964242755,2,WLS,23
0,x_tcsc,1-14,-0.107014666825996,3,WLS,23
1,B_svc,2,0.17541925608120426,3,WLS,23
2,UPFC_Vsh,5-15,1.11099929782682,3,WLS,23
3,UPFC_tsh,5-15,-0.23789736138986842,3,WLS,23
4,UPFC_Vse,5-15,0.05629434592741675,3,WLS,23
5,UPFC_tse,5-15,-2.122375288735882,3,WLS,23
0,x_tcsc,1-14,-0.10700267027820913,4,WLS,23
1,B_svc,2,0.17544609000925862,4,WLS,23
2,UPFC_Vsh,5-15,1.1109180017781555,4,WLS,23
3,UPFC_tsh,5-15,-0.23782006763110286,4,WLS,23
4,UPFC_Vse,5-15,0.056147210509696975,4,WLS,23
5,UPFC_tse,5-15,-2.118854938141814,4,WLS,23
0,x_tcsc,1-14,-0.10736499758766767,0,WLS,24
1,B_svc,2,0.17539391548601047,0,WLS,24
2,UPFC_Vsh,5-15,1.1105674288127736,0,WLS,24
3,UPFC_tsh,5-15,-0.23769239825981192,0,WLS,24
4,UPFC_Vse,5-15,0.05609841472803437,0,WLS,24
5,UPFC_tse,5-15,-2.121392560638527,0,WLS,24
0,x_tcsc,1-14,-0.1073663515890379,1,WLS,24
1,B_svc,2,0.17562472881789248,1,WLS,24
2,UPFC_Vsh,5-15,1.1107474901861907,1,WLS,24
3,UPFC_tsh,5-15,-0.23764566822327213,1,WLS,24
4,UPFC_Vse,5-15,0.05620056754852797,1,WLS,24
5,UPFC_tse,5-15,-2.1190189694809543,1,WLS,24
0,x_tcsc,1-14,-0.10737645305454699,2,WLS,24
1,B_svc,2,0.17590522966686442,2,WLS,24
2,UPFC_Vsh,5-15,1.1104156370248102,2,WLS,24
3,UPFC_tsh,5-15,-0.23767522032157315,2,WLS,24
4,UPFC_Vse,5-15,0.05570442903660204,2,WLS,24
5,UPFC_tse,5-15,-2.1196496476832807,2,WLS,24
0,x_tcsc,1-14,-0.10738679599973087,3,WLS,24
1,B_svc,2,0.17578115206334383,3,WLS,24
2,UPFC_Vsh,5-15,1.1110089791265816,3,WLS,24
3,UPFC_tsh,5-15,-0.2376930071825653,3,WLS,24
4,UPFC_Vse,5-15,0.05622530665625145,3,WLS,24
5,UPFC_tse,5-15,-2.1227289131735323,3,WLS,24
0,x_tcsc,1-14,-0.10737495437322009,4,WLS,24
1,B_svc,2,0.17580701446948893,4,WLS,24
2,UPFC_Vsh,5-15,1.1109280494428395,4,WLS,24
3,UPFC_tsh,5-15,-0.23761563899764623,4,WLS,24
4,UPFC_Vse,5-15,0.05607773407324224,4,WLS,24
5,UPFC_tse,5-15,-2.119209222471517,4,WLS,24
0,x_tcsc,1-14,-0.10757430590503819,0,WLS,25
1,B_svc,2,0.1756952037253279,0,WLS,25
2,UPFC_Vsh,5-15,1.1105457404305403,0,WLS,25
3,UPFC_tsh,5-15,-0.2373976597552608,0,WLS,25
4,UPFC_Vse,5-15,0.05616615341194893,0,WLS,25
5,UPFC_tse,5-15,-2.12130612205162,0,WLS,25
0,x_tcsc,1-14,-0.10757572042533557,1,WLS,25
1,B_svc,2,0.17592592318003789,1,WLS,25
2,UPFC_Vsh,5-15,1.1107262016658725,1,WLS,25
3,UPFC_tsh,5-15,-0.237351042824386,1,WLS,25
4,UPFC_Vse,5-15,0.05626827965576415,1,WLS,25
5,UPFC_tse,5-15,-2.118935358217307,1,WLS,25
0,x_tcsc,1-14,-0.10758582026392073,2,WLS,25
1,B_svc,2,0.17620683655589256,2,WLS,25
2,UPFC_Vsh,5-15,1.1103942355768717,2,WLS,25
3,UPFC_tsh,5-15,-0.2373805187911448,2,WLS,25
4,UPFC_Vse,5-15,0.05577205978852246,2,WLS,25
5,UPFC_tse,5-15,-2.119568407056232,2,WLS,25
0,x_tcsc,1-14,-0.10759608546396879,3,WLS,25
1,B_svc,2,0.1760831782564287,3,WLS,25
2,UPFC_Vsh,5-15,1.1109873162625443,3,WLS,25
3,UPFC_tsh,5-15,-0.23739827644944772,3,WLS,25
4,UPFC_Vse,5-15,0.05629299192464471,3,WLS,25
5,UPFC_tse,5-15,-2.1226420381960924,3,WLS,25
0,x_tcsc,1-14,-0.10758431837010604,4,WLS,25
1,B_svc,2,0.17610832114467828,4,WLS,25
2,UPFC_Vsh,5-15,1.110906803793842,4,WLS,25
3,UPFC_tsh,5-15,-0.2373209884353244,4,WLS,25
4,UPFC_Vse,5-15,0.05614524415238348,4,WLS,25
5,UPFC_tse,5-15,-2.119124869868302,4,WLS,25
0,x_tcsc,1-14,-0.10733757925555068,0,WLS,26
1,B_svc,2,0.17561880130226423,0,WLS,26
2,UPFC_Vsh,5-15,1.1105410009612842,0,WLS,26
3,UPFC_tsh,5-15,-0.23754080474391873,0,WLS,26
4,UPFC_Vse,5-15,0.0561867086458238,0,WLS,26
5,UPFC_tse,5-15,-2.1204257486276785,0,WLS,26
0,x_tcsc,1-14,-0.10733894763702526,1,WLS,26
1,B_svc,2,0.17584910585972613,1,WLS,26
2,UPFC_Vsh,5-15,1.1107218967187193,1,WLS,26
3,UPFC_tsh,5-15,-0.23749410778470773,1,WLS,26
4,UPFC_Vse,5-15,0.0562887324028749,1,WLS,26
5,UPFC_tse,5-15,-2.1180621235025185,1,WLS,26
0,x_tcsc,1-14,-0.10734901667987143,2,WLS,26
1,B_svc,2,0.17612988058698836,2,WLS,26
2,UPFC_Vsh,5-15,1.1103898410655824,2,WLS,26
3,UPFC_tsh,5-15,-0.23752363968833526,2,WLS,26
4,UPFC_Vse,5-15,0.05579271188336242,2,WLS,26
5,UPFC_tse,5-15,-2.1186805409676692,2,WLS,26
0,x_tcsc,1-14,-0.10735943046282517,3,WLS,26
1,B_svc,2,0.17600599544748283,3,WLS,26
2,UPFC_Vsh,5-15,1.1109832398900614,3,WLS,26
3,UPFC_tsh,5-15,-0.23754128785372253,3,WLS,26
4,UPFC_Vse,5-15,0.056313012292266096,3,WLS,26
5,UPFC_tse,5-15,-2.121761405850183,3,WLS,26
0,x_tcsc,1-14,-0.10734755100411345,4,WLS,26
1,B_svc,2,0.17603154443694224,4,WLS,26
2,UPFC_Vsh,5-15,1.1109022741881946,4,WLS,26
3,UPFC_tsh,5-15,-0.2374640996860184,4,WLS,26
4,UPFC_Vse,5-15,0.056165785325439546,4,WLS,26
5,UPFC_tse,5-15,-2.1182432801733344,4,WLS,26
0,x_tcsc,1-14,-0.10748160759972421,0,WLS,27
1,B_svc,2,0.17578181936664386,0,WLS,27
2,UPFC_Vsh,5-15,1.1105579899979208,0,WLS,27
3,UPFC_tsh,5-15,-0.23760883969184823,0,WLS,27
4,UPFC_Vse,5-15,0.05604832842924297,0,WLS,27
5,UPFC_tse,5-15,-2.1209904738310916,0,WLS,27
0,x_tcsc,1-14,-0.10748300520754933,1,WLS,27
1,B_svc,2,0.1760123997154775,1,WLS,27
2,UPFC_Vsh,5-15,1.110738064155072,1,WLS,27
3,UPFC_tsh,5-15,-0.2375621956396935,1,WLS,27
4,UPFC_Vse,5-15,0.05615064419911734,1,WLS,27
5,UPFC_tse,5-15,-2.1186144819354924,1,WLS,27
0,x_tcsc,1-14,-0.10749307251613081,2,WLS,27
1,B_svc,2,0.1762933145187423,2,WLS,27
2,UPFC_Vsh,5-15,1.11040637391629,2,WLS,27
3,UPFC_tsh,5-15,-0.2375916837081856,2,WLS,27
4,UPFC_Vse,5-15,0.055654359302368256,2,WLS,27
5,UPFC_tse,5-15,-2.119239893857498,2,WLS,27
0,x_tcsc,1-14,-0.10750342077733128,3,WLS,27
1,B_svc,2,0.17616969574934377,3,WLS,27
2,UPFC_Vsh,5-15,1.110999747217297,3,WLS,27
3,UPFC_tsh,5-15,-0.237609386062581,3,WLS,27
4,UPFC_Vse,5-15,0.05617516279379666,3,WLS,27
5,UPFC_tse,5-15,-2.122321384988326,3,WLS,27
0,x_tcsc,1-14,-0.10749159522325619,4,WLS,27
1,B_svc,2,0.17619489281057774,4,WLS,27
2,UPFC_Vsh,5-15,1.1109186940478686,4,WLS,27
3,UPFC_tsh,5-15,-0.23753211156687953,4,WLS,27
4,UPFC_Vse,5-15,0.05602777525058756,4,WLS,27
5,UPFC_tse,5-15,-2.1188043680194544,4,WLS,27
0,x_tcsc,1-14,-0.10769749227429085,0,WLS,28
1,B_svc,2,0.1761247009360195,0,WLS,28
2,UPFC_Vsh,5-15,1.1105881227879573,0,WLS,28
3,UPFC_tsh,5-15,-0.23738747611882183,0,WLS,28
4,UPFC_Vse,5-15,0.05605467919932947,0,WLS,28
5,UPFC_tse,5-15,-2.1202958000014798,0,WLS,28
0,x_tcsc,1-14,-0.10769893011695318,1,WLS,28
1,B_svc,2,0.1763555219138208,1,WLS,28
2,UPFC_Vsh,5-15,1.110767447256902,1,WLS,28
3,UPFC_tsh,5-15,-0.23734088273227252,1,WLS,28
4,UPFC_Vse,5-15,0.05615720429168757,1,WLS,28
5,UPFC_tse,5-15,-2.117922395856671,1,WLS,28
0,x_tcsc,1-14,-0.10770898854858166,2,WLS,28
1,B_svc,2,0.176636793948211,2,WLS,28
2,UPFC_Vsh,5-15,1.1104360500073764,2,WLS,28
3,UPFC_tsh,5-15,-0.23737029654283176,2,WLS,28
4,UPFC_Vse,5-15,0.05566071129703264,2,WLS,28
5,UPFC_tse,5-15,-2.118540844437718,2,WLS,28
0,x_tcsc,1-14,-0.10771924760407443,3,WLS,28
1,B_svc,2,0.17651370960165333,3,WLS,28
2,UPFC_Vsh,5-15,1.1110294389282194,3,WLS,28
3,UPFC_tsh,5-15,-0.23738798861468952,3,WLS,28
4,UPFC_Vse,5-15,0.05618154514021719,3,WLS,28
5,UPFC_tse,5-15,-2.121625661979328,3,WLS,28
0,x_tcsc,1-14,-0.10770750725386077,4,WLS,28
1,B_svc,2,0.17653813226460446,4,WLS,28
2,UPFC_Vsh,5-15,1.110948300255021,4,WLS,28
3,UPFC_tsh,5-15,-0.237310762352013,4,WLS,28
4,UPFC_Vse,5-15,0.05603416508744762,4,WLS,28
5,UPFC_tse,5-15,-2.1181101895532306,4,WLS,28
0,x_tcsc,1-14,-0.10763353291909104,0,WLS,29
1,B_svc,2,0.17609002220091796,0,WLS,29
2,UPFC_Vsh,5-15,1.1105926229421539,0,WLS,29
3,UPFC_tsh,5-15,-0.2372570008405938,0,WLS,29
4,UPFC_Vse,5-15,0.05616823252305833,0,WLS,29
5,UPFC_tse,5-15,-2.1195335640470527,0,WLS,29
0,x_tcsc,1-14,-0.1076349450511893,1,WLS,29
1,B_svc,2,0.17632077055181775,1,WLS,29
2,UPFC_Vsh,5-15,1.1107722280440968,1,WLS,29
3,UPFC_tsh,5-15,-0.23721034765297463,1,WLS,29
4,UPFC_Vse,5-15,0.056270567657233664,1,WLS,29
5,UPFC_tse,5-15,-2.117172105755655,1,WLS,29
0,x_tcsc,1-14,-0.1076450015568749,2,WLS,29
1,B_svc,2,0.17660200675338972,2,WLS,29
2,UPFC_Vsh,5-15,1.1104406891993959,2,WLS,29
3,UPFC_tsh,5-15,-0.2372397737638884,2,WLS,29
4,UPFC_Vse,5-15,0.055774227266437264,2,WLS,29
5,UPFC_tse,5-15,-2.1177813335642357,2,WLS,29
0,x_tcsc,1-14,-0.1076553055306836,3,WLS,29
1,B_svc,2,0.17647880910908767,3,WLS,29
2,UPFC_Vsh,5-15,1.1110342058329679,3,WLS,29
3,UPFC_tsh,5-15,-0.2372574297359675,3,WLS,29
4,UPFC_Vse,5-15,0.05629461772364053,3,WLS,29
5,UPFC_tse,5-15,-2.1208672958538743,3,WLS,29
0,x_tcsc,1-14,-0.10764353037347237,4,WLS,29
1,B_svc,2,0.17650336413960116,4,WLS,29
2,UPFC_Vsh,5-15,1.1109529737176214,4,WLS,29
3,UPFC_tsh,5-15,-0.23718028585438425,4,WLS,29
4,UPFC_Vse,5-15,0.0561474125880281,4,WLS,29
5,UPFC_tse,5-15,-2.117351318399879,4,WLS,29
0,x_tcsc,1-14,-0.10764021903650747,0,WLS,30
1,B_svc,2,0.17611287031654618,0,WLS,30
2,UPFC_Vsh,5-15,1.1105977270004954,0,WLS,30
3,UPFC_tsh,5-15,-0.23745029412727825,0,WLS,30
4,UPFC_Vse,5-15,0.05603341826111266,0,WLS,30
5,UPFC_tse,5-15,-2.119853071574447,0,WLS,30
0,x_tcsc,1-14,-0.1076416332025119,1,WLS,30
1,B_svc,2,0.1763437238317691,1,WLS,30
2,UPFC_Vsh,5-15,1.1107768150675128,1,WLS,30
3,UPFC_tsh,5-15,-0.2374036547902976,1,WLS,30
4,UPFC_Vse,5-15,0.056135993784679816,1,WLS,30
5,UPFC_tse,5-15,-2.1174807081798455,1,WLS,30
0,x_tcsc,1-14,-0.10765168275826206,2,WLS,30
1,B_svc,2,0.176624933890641,2,WLS,30
2,UPFC_Vsh,5-15,1.1104455485826266,2,WLS,30
3,UPFC_tsh,5-15,-0.23743308072755714,2,WLS,30
4,UPFC_Vse,5-15,0.05563949622341124,2,WLS,30
5,UPFC_tse,5-15,-2.1180927522099653,2,WLS,30
0,x_tcsc,1-14,-0.10766199196291838,3,WLS,30
1,B_svc,2,0.17650175244469662,3,WLS,30
2,UPFC_Vsh,5-15,1.1110391128394603,3,WLS,30
3,UPFC_tsh,5-15,-0.23745076911329038,3,WLS,30
4,UPFC_Vse,5-15,0.056160197773588764,3,WLS,30
5,UPFC_tse,5-15,-2.121183763516162,3,WLS,30
0,x_tcsc,1-14,-0.10765021053569276,4,WLS,30
1,B_svc,2,0.1765263410111854,4,WLS,30
2,UPFC_Vsh,5-15,1.1109576956870435,4,WLS,30
3,UPFC_tsh,5-15,-0.2373735382250913,4,WLS,30
4,UPFC_Vse,5-15,0.056012995895661104,4,WLS,30
5,UPFC_tse,5-15,-2.1176662780292004,4,WLS,30
0,x_tcsc,1-14,-0.10679575869484634,0,WLS,31
1,B_svc,2,0.1749689699409448,0,WLS,31
2,UPFC_Vsh,5-15,1.1105931769410076,0,WLS,31
3,UPFC_tsh,5-15,-0.2381648254704708,0,WLS,31
4,UPFC_Vse,5-15,0.05607475690669017,0,WLS,31
5,UPFC_tse,5-15,-2.119320492771192,0,WLS,31
0,x_tcsc,1-14,-0.10679694473247899,1,WLS,31
1,B_svc,2,0.17519955560823033,1,WLS,31
2,UPFC_Vsh,5-15,1.110773042617693,1,WLS,31
3,UPFC_tsh,5-15,-0.23811778437937053,1,WLS,31
4,UPFC_Vse,5-15,0.05617682713725936,1,WLS,31
5,UPFC_tse,5-15,-2.1169588111281263,1,WLS,31
0,x_tcsc,1-14,-0.10680700515170691,2,WLS,31
1,B_svc,2,0.17547936928582047,2,WLS,31
2,UPFC_Vsh,5-15,1.1104413868072922,2,WLS,31
3,UPFC_tsh,5-15,-0.2381474931033622,2,WLS,31
4,UPFC_Vse,5-15,0.05568101899975441,2,WLS,31
5,UPFC_tse,5-15,-2.117556674368185,2,WLS,31
0,x_tcsc,1-14,-0.10681770156343215,3,WLS,31
1,B_svc,2,0.17535429873693864,3,WLS,31
2,UPFC_Vsh,5-15,1.111035652682615,3,WLS,31
3,UPFC_tsh,5-15,-0.23816521048184744,3,WLS,31
4,UPFC_Vse,5-15,0.05620081359429126,3,WLS,31
5,UPFC_tse,5-15,-2.120663311897903,3,WLS,31
0,x_tcsc,1-14,-0.10680556487470506,4,WLS,31
1,B_svc,2,0.1753817564551543,4,WLS,31
2,UPFC_Vsh,5-15,1.110953372527897,4,WLS,31
3,UPFC_tsh,5-15,-0.2380878579938422,4,WLS,31
4,UPFC_Vse,5-15,0.056054293881386975,4,WLS,31
5,UPFC_tse,5-15,-2.1171332866365242,4,WLS,31
0,x_tcsc,1-14,-0.10718541593031862,0,WLS,32
1,B_svc,2,0.17538573805199306,0,WLS,32
2,UPFC_Vsh,5-15,1.1106309029794377,0,WLS,32
3,UPFC_tsh,5-15,-0.23792876725270926,0,WLS,32
4,UPFC_Vse,5-15,0.055996772602524204,0,WLS,32
5,UPFC_tse,5-15,-2.1194659820610995,0,WLS,32
0,x_tcsc,1-14,-0.10718667690889154,1,WLS,32
1,B_svc,2,0.175616894397338,1,WLS,32
2,UPFC_Vsh,5-15,1.1108094550963181,1,WLS,32
3,UPFC_tsh,5-15,-0.23788184126959655,1,WLS,32
4,UPFC_Vse,5-15,0.056099234693573745,1,WLS,32
5,UPFC_tse,5-15,-2.1170963559994984,1,WLS,32
0,x_tcsc,1-14,-0.1071967452128008,2,WLS,32
1,B_svc,2,0.17589716343947429,2,WLS,32
2,UPFC_Vsh,5-15,1.1104782952468812,2,WLS,32
3,UPFC_tsh,5-15,-0.23791143137182258,2,WLS,32
4,UPFC_Vse,5-15,0.05560299795876651,2,WLS,32
5,UPFC_tse,5-15,-2.117699431719989,2,WLS,32
0,x_tcsc,1-14,-0.10720725107643476,3,WLS,32
1,B_svc,2,0.17577281613147858,3,WLS,32
2,UPFC_Vsh,5-15,1.111072400201494,3,WLS,32
3,UPFC_tsh,5-15,-0.23792922540854608,3,WLS,32
4,UPFC_Vse,5-15,0.05612341495248526,3,WLS,32
5,UPFC_tse,5-15,-2.1208055857740984,3,WLS,32
0,x_tcsc,1-14,-0.10719527602349462,4,WLS,32
1,B_svc,2,0.1757992049452788,4,WLS,32
2,UPFC_Vsh,5-15,1.1109902326155985,4,WLS,32
3,UPFC_tsh,5-15,-0.23785181864171945,4,WLS,32
4,UPFC_Vse,5-15,0.05597654467082459,4,WLS,32
5,UPFC_tse,5-15,-2.1172779378988698,4,WLS,32
0,x_tcsc,1-14,-0.10748222727566324,0,WLS,33
1,B_svc,2,0.1758127132087529,0,WLS,33
2,UPFC_Vsh,5-15,1.1106191030422135,0,WLS,33
3,UPFC_tsh,5-15,-0.23758111751350322,0,WLS,33
4,UPFC_Vse,5-15,0.056053051066063314,0,WLS,33
5,UPFC_tse,5-15,-2.119297121898969,0,WLS,33
0,x_tcsc,1-14,-0.10748357501151154,1,WLS,33
1,B_svc,2,0.17604381822198195,1,WLS,33
2,UPFC_Vsh,5-15,1.1107977977804546,1,WLS,33
3,UPFC_tsh,5-15,-0.23753434724440375,1,WLS,33
4,UPFC_Vse,5-15,0.056155596496007175,1,WLS,33
5,UPFC_tse,5-15,-2.1169293639810887,1,WLS,33
0,x_tcsc,1-14,-0.10749363868525774,2,WLS,33
1,B_svc,2,0.17632464010133445,2,WLS,33
2,UPFC_Vsh,5-15,1.1104666115099948,2,WLS,33
3,UPFC_tsh,5-15,-0.2375638366391122,2,WLS,33
4,UPFC_Vse,5-15,0.05565919157246468,2,WLS,33
5,UPFC_tse,5-15,-2.1175340599396875,2,WLS,33
0,x_tcsc,1-14,-0.1075040120721298,3,WLS,33
1,B_svc,2,0.1762009834157243,3,WLS,33
2,UPFC_Vsh,5-15,1.1110603990433574,3,WLS,33
3,UPFC_tsh,5-15,-0.2375815871902902,3,WLS,33
4,UPFC_Vse,5-15,0.056179734599667484,3,WLS,33
5,UPFC_tse,5-15,-2.120634536378369,3,WLS,33
0,x_tcsc,1-14,-0.10749216236301852,4,WLS,33
1,B_svc,2,0.17622628899566437,4,WLS,33
2,UPFC_Vsh,5-15,1.110978684074474,4,WLS,33
3,UPFC_tsh,5-15,-0.23750427753316494,4,WLS,33
4,UPFC_Vse,5-15,0.05603265981553296,4,WLS,33
5,UPFC_tse,5-15,-2.1171108819779882,4,WLS,33
0,x_tcsc,1-14,-0.10723437172737436,0,WLS,34
1,B_svc,2,0.17528403788971686,0,WLS,34
2,UPFC_Vsh,5-15,1.110615405420951,0,WLS,34
3,UPFC_tsh,5-15,-0.23788437609458193,0,WLS,34
4,UPFC_Vse,5-15,0.05602808935033368,0,WLS,34
5,UPFC_tse,5-15,-2.1200946443971422,0,WLS,34
0,x_tcsc,1-14,-0.10723564946900152,1,WLS,34
1,B_svc,2,0.17551525338800122,1,WLS,34
2,UPFC_Vsh,5-15,1.1107942446615642,1,WLS,34
3,UPFC_tsh,5-15,-0.23783748879022357,1,WLS,34
4,UPFC_Vse,5-15,0.05613047384132247,1,WLS,34
5,UPFC_tse,5-15,-2.1177231827095127,1,WLS,34
0,x_tcsc,1-14,-0.10724574136976858,2,WLS,34
1,B_svc,2,0.17579547552343336,2,WLS,34
2,UPFC_Vsh,5-15,1.110462901262032,2,WLS,34
3,UPFC_tsh,5-15,-0.23786708034041273,2,WLS,34
4,UPFC_Vse,5-15,0.05563425556081832,2,WLS,34
5,UPFC_tse,5-15,-2.1183360830455022,2,WLS,34
0,x_tcsc,1-14,-0.10725618596516329,3,WLS,34
1,B_svc,2,0.17567107376658117,3,WLS,34
2,UPFC_Vsh,5-15,1.1110567490054983,3,WLS,34
3,UPFC_tsh,5-15,-0.23788492088215707,3,WLS,34
4,UPFC_Vse,5-15,0.05615492487937033,3,WLS,34
5,UPFC_tse,5-15,-2.12143600408601,3,WLS,34
0,x_tcsc,1-14,-0.10724425247169403,4,WLS,34
1,B_svc,2,0.1756974891830848,4,WLS,34
2,UPFC_Vsh,5-15,1.1109750012251531,4,WLS,34
3,UPFC_tsh,5-15,-0.23780746767115743,4,WLS,34
4,UPFC_Vse,5-15,0.05600775006064104,4,WLS,34
5,UPFC_tse,5-15,-2.1179082964412137,4,WLS,34
0,x_tcsc,1-14,-0.10739080579307891,0,WLS,35
1,B_svc,2,0.17549780601055084,0,WLS,35
2,UPFC_Vsh,5-15,1.1106170769106474,0,WLS,35
3,UPFC_tsh,5-15,-0.23782370815200832,0,WLS,35
4,UPFC_Vse,5-15,0.05597321514659194,0,WLS,35
5,UPFC_tse,5-15,-2.120383738805005,0,WLS,35
0,x_tcsc,1-14,-0.10739212786895841,1,WLS,35
1,B_svc,2,0.17572909080683644,1,WLS,35
2,UPFC_Vsh,5-15,1.1107956288290564,1,WLS,35
3,UPFC_tsh,5-15,-0.2377769034272908,1,WLS,35
4,UPFC_Vse,5-15,0.05607576788683763,1,WLS,35
5,UPFC_tse,5-15,-2.118006187286332,1,WLS,35
0,x_tcsc,1-14,-0.10740221573921374,2,WLS,35
1,B_svc,2,0.17600955999522672,2,WLS,35
2,UPFC_Vsh,5-15,1.110464432958288,2,WLS,35
3,UPFC_tsh,5-15,-0.23780644378427274,2,WLS,35
4,UPFC_Vse,5-15,0.05557937423458587,2,WLS,35
5,UPFC_tse,5-15,-2.1186235653085723,2,WLS,35
0,x_tcsc,1-14,-0.10741258794462467,3,WLS,35
1,B_svc,2,0.1758855185913182,3,WLS,35
2,UPFC_Vsh,5-15,1.1110581536136663,3,WLS,35
3,UPFC_tsh,5-15,-0.23782428822290141,3,WLS,35
4,UPFC_Vse,5-15,0.05610032935413525,3,WLS,35
5,UPFC_tse,5-15,-2.121721438267597,3,WLS,35
0,x_tcsc,1-14,-0.1074007202399791,4,WLS,35
1,B_svc,2,0.17591141060237844,4,WLS,35
2,UPFC_Vsh,5-15,1.1109765220764671,4,WLS,35
3,UPFC_tsh,5-15,-0.2377468285060894,4,WLS,35
4,UPFC_Vse,5-15,0.05595301717297206,4,WLS,35
5,UPFC_tse,5-15,-2.118195932440474,4,WLS,35
0,x_tcsc,1-14,-0.10789656517635897,0,WLS,36
1,B_svc,2,0.1762616717328022,0,WLS,36
2,UPFC_Vsh,5-15,1.1106268401147683,0,WLS,36
3,UPFC_tsh,5-15,-0.23722837228276197,0,WLS,36
4,UPFC_Vse,5-15,0.05604915927923713,0,WLS,36
5,UPFC_tse,5-15,-2.1199215490758694,0,WLS,36
0,x_tcsc,1-14,-0.10789801588893393,1,WLS,36
1,B_svc,2,0.1764930628191799,1,WLS,36
2,UPFC_Vsh,5-15,1.1108050775566352,1,WLS,36
3,UPFC_tsh,5-15,-0.23718178144266253,1,WLS,36
4,UPFC_Vse,5-15,0.056151895614084915,1,WLS,36
5,UPFC_tse,5-15,-2.1175483243963824,1,WLS,36
0,x_tcsc,1-14,-0.10790809134123669,2,WLS,36
1,B_svc,2,0.17677445519511592,2,WLS,36
2,UPFC_Vsh,5-15,1.1104740344507884,2,WLS,36
3,UPFC_tsh,5-15,-0.23721114380566616,2,WLS,36
4,UPFC_Vse,5-15,0.055655177133101696,2,WLS,36
5,UPFC_tse,5-15,-2.1181650431309103,2,WLS,36
0,x_tcsc,1-14,-0.1079182479432338,3,WLS,36
1,B_svc,2,0.17665160962572288,3,WLS,36
2,UPFC_Vsh,5-15,1.1110674198902804,3,WLS,36
3,UPFC_tsh,5-15,-0.23722892650949134,3,WLS,36
4,UPFC_Vse,5-15,0.05617629447473426,3,WLS,36
5,UPFC_tse,5-15,-2.121254520593104,3,WLS,36
0,x_tcsc,1-14,-0.10790658615764404,4,WLS,36
1,B_svc,2,0.17667565850023775,4,WLS,36
2,UPFC_Vsh,5-15,1.1109862432613367,4,WLS,36
3,UPFC_tsh,5-15,-0.23715163208197365,4,WLS,36
4,UPFC_Vse,5-15,0.0560287256296618,4,WLS,36
5,UPFC_tse,5-15,-2.1177369732871933,4,WLS,36
0,x_tcsc,1-14,-0.10782584426794241,0,WLS,37
1,B_svc,2,0.17621413075312775,0,WLS,37
2,UPFC_Vsh,5-15,1.110637765724266,0,WLS,37
3,UPFC_tsh,5-15,-0.23727417409238546,0,WLS,37
4,UPFC_Vse,5-15,0.05604276885385764,0,WLS,37
5,UPFC_tse,5-15,-2.1197621868783827,0,WLS,37
0,x_tcsc,1-14,-0.10782726855452525,1,WLS,37
1,B_svc,2,0.17644553580666408,1,WLS,37
2,UPFC_Vsh,5-15,1.1108158818618028,1,WLS,37
3,UPFC_tsh,5-15,-0.2372275294969833,1,WLS,37
4,UPFC_Vse,5-15,0.05614547075510714,1,WLS,37
5,UPFC_tse,5-15,-2.1173906636469395,1,WLS,37
0,x_tcsc,1-14,-0.1078373383047182,2,WLS,37
1,B_svc,2,0.1767268374064531,2,WLS,37
2,UPFC_Vsh,5-15,1.1104848952111095,2,WLS,37
3,UPFC_tsh,5-15,-0.2372569070051375,2,WLS,37
4,UPFC_Vse,5-15,0.0556487950157164,2,WLS,37
5,UPFC_tse,5-15,-2.1180039992457953,2,WLS,37
0,x_tcsc,1-14,-0.10784754294166071,3,WLS,37
1,B_svc,2,0.1766038642499973,3,WLS,37
2,UPFC_Vsh,5-15,1.111078456930386,3,WLS,37
3,UPFC_tsh,5-15,-0.2372746838338079,3,WLS,37
4,UPFC_Vse,5-15,0.05616976952272375,3,WLS,37
5,UPFC_tse,5-15,-2.1210950140360443,3,WLS,37
0,x_tcsc,1-14,-0.10783584112932237,4,WLS,37
1,B_svc,2,0.17662812016181625,4,WLS,37
2,UPFC_Vsh,5-15,1.1109970317868887,4,WLS,37
3,UPFC_tsh,5-15,-0.23719739771078066,4,WLS,37
4,UPFC_Vse,5-15,0.05602233696721158,4,WLS,37
5,UPFC_tse,5-15,-2.1175775062414353,4,WLS,37
0,x_tcsc,1-14,-0.10835603779141491,0,WLS,38
1,B_svc,2,0.17683823178647218,0,WLS,38
2,UPFC_Vsh,5-15,1.1106644046310672,0,WLS,38
3,UPFC_tsh,5-15,-0.23671129139484828,0,WLS,38
4,UPFC_Vse,5-15,0.05607997874982454,0,WLS,38
5,UPFC_tse,5-15,-2.119990497302651,0,WLS,38
0,x_tcsc,1-14,-0.10835756132256297,1,WLS,38
1,B_svc,2,0.17707018183154188,1,WLS,38
2,UPFC_Vsh,5-15,1.1108416764809357,1,WLS,38
3,UPFC_tsh,5-15,-0.23666480854112534,1,WLS,38
4,UPFC_Vse,5-15,0.05618285636625484,1,WLS,38
5,UPFC_tse,5-15,-2.1176185513547376,1,WLS,38
0,x_tcsc,1-14,-0.1083676442946221,2,WLS,38
1,B_svc,2,0.17735222014723237,2,WLS,38
2,UPFC_Vsh,5-15,1.1105109942622087,2,WLS,38
3,UPFC_tsh,5-15,-0.23669400923344566,2,WLS,38
4,UPFC_Vse,5-15,0.05568579145655358,2,WLS,38
5,UPFC_tse,5-15,-2.118240727204289,2,WLS,38
0,x_tcsc,1-14,-0.10837761729852578,3,WLS,38
1,B_svc,2,0.17723017657064355,3,WLS,38
2,UPFC_Vsh,5-15,1.1111042592294067,3,WLS,38
3,UPFC_tsh,5-15,-0.23671184483553181,3,WLS,38
4,UPFC_Vse,5-15,0.05620729433599822,3,WLS,38
5,UPFC_tse,5-15,-2.1213204946167967,3,WLS,38
0,x_tcsc,1-14,-0.10836611668554726,4,WLS,38
1,B_svc,2,0.17725292258301037,4,WLS,38
2,UPFC_Vsh,5-15,1.1110232574447672,4,WLS,38
3,UPFC_tsh,5-15,-0.23663460050794588,4,WLS,38
4,UPFC_Vse,5-15,0.05605934691069878,4,WLS,38
5,UPFC_tse,5-15,-2.1178097039652237,4,WLS,38
0,x_tcsc,1-14,-0.10883908470256591,0,WLS,39
1,B_svc,2,0.1774828753275038,0,WLS,39
2,UPFC_Vsh,5-15,1.1106748294020459,0,WLS,39
3,UPFC_tsh,5-15,-0.23631218539969795,0,WLS,39
4,UPFC_Vse,5-15,0.056057996191081226,0,WLS,39
5,UPFC_tse,5-15,-2.1203470931685025,0,WLS,39
0,x_tcsc,1-14,-0.10884072943372147,1,WLS,39
1,B_svc,2,0.17771508767280922,1,WLS,39
2,UPFC_Vsh,5-15,1.1108514859019076,1,WLS,39
3,UPFC_tsh,5-15,-0.23626591879396203,1,WLS,39
4,UPFC_Vse,5-15,0.05616116886839685,1,WLS,39
5,UPFC_tse,5-15,-2.1179691537293825,1,WLS,39
0,x_tcsc,1-14,-0.10885081100812338,2,WLS,39
1,B_svc,2,0.17799788916334938,2,WLS,39
2,UPFC_Vsh,5-15,1.1105210583915373,2,WLS,39
3,UPFC_tsh,5-15,-0.2362949635915547,2,WLS,39
4,UPFC_Vse,5-15,0.05566370839150954,2,WLS,39
5,UPFC_tse,5-15,-2.1186000994213883,2,WLS,39
0,x_tcsc,1-14,-0.10886055438081413,3,WLS,39
1,B_svc,2,0.17787689476432,3,WLS,39
2,UPFC_Vsh,5-15,1.1111139236108922,3,WLS,39
3,UPFC_tsh,5-15,-0.23631280234685753,3,WLS,39
4,UPFC_Vse,5-15,0.05618576803926767,3,WLS,39
5,UPFC_tse,5-15,-2.121670770820091,3,WLS,39
0,x_tcsc,1-14,-0.10884926120429496,4,WLS,39
1,B_svc,2,0.17789803751722022,4,WLS,39
2,UPFC_Vsh,5-15,1.111033407651912,4,WLS,39
3,UPFC_tsh,5-15,-0.23623560627289056,4,WLS,39
4,UPFC_Vse,5-15,0.05603739508473576,4,WLS,39
5,UPFC_tse,5-15,-2.118167011122673,4,WLS,39
0,x_tcsc,1-14,-0.10864454599563035,0,WLS,40
1,B_svc,2,0.17712215139512744,0,WLS,40
2,UPFC_Vsh,5-15,1.1109535186868962,0,WLS,40
3,UPFC_tsh,5-15,-0.23662255608296343,0,WLS,40
4,UPFC_Vse,5-15,0.05493527759733625,0,WLS,40
5,UPFC_tse,5-15,-2.1032813232164767,0,WLS,40
0,x_tcsc,1-14,-0.10864619449793039,1,WLS,40
1,B_svc,2,0.17735333985011817,1,WLS,40
2,UPFC_Vsh,5-15,1.111137470379749,1,WLS,40
3,UPFC_tsh,5-15,-0.23657652646196203,1,WLS,40
4,UPFC_Vse,5-15,0.05507371157379262,1,WLS,40
5,UPFC_tse,5-15,-2.1010342985815003,1,WLS,40
0,x_tcsc,1-14,-0.10865620127137889,2,WLS,40
1,B_svc,2,0.1776366433438217,2,WLS,40
2,UPFC_Vsh,5-15,1.1107994510877515,2,WLS,40
3,UPFC_tsh,5-15,-0.23660591276611476,2,WLS,40
4,UPFC_Vse,5-15,0.054566890273544194,2,WLS,40
5,UPFC_tse,5-15,-2.1014279569492604,2,WLS,40
0,x_tcsc,1-14,-0.10866610123644123,3,WLS,40
1,B_svc,2,0.17751465707046762,3,WLS,40
2,UPFC_Vsh,5-15,1.111402892386406,3,WLS,40
3,UPFC_tsh,5-15,-0.23662309077339658,3,WLS,40
4,UPFC_Vse,5-15,0.05507470549285313,3,WLS,40
5,UPFC_tse,5-15,-2.1046220287660966,3,WLS,40
0,x_tcsc,1-14,-0.10865471019483211,4,WLS,40
1,B_svc,2,0.17753636750666638,4,WLS,40
2,UPFC_Vsh,5-15,1.111322886418737,4,WLS,40
3,UPFC_tsh,5-15,-0.23654609278321584,4,WLS,40
4,UPFC_Vse,5-15,0.05493494836989172,4,WLS,40
5,UPFC_tse,5-15,-2.1011942629003992,4,WLS,40
0,x_tcsc,1-14,-0.10908863339850816,0,WLS,41
1,B_svc,2,0.17773739194531982,0,WLS,41
2,UPFC_Vsh,5-15,1.1109664509478416,0,WLS,41
3,UPFC_tsh,5-15,-0.2363153928128448,0,WLS,41
4,UPFC_Vse,5-15,0.05485982795063506,0,WLS,41
5,UPFC_tse,5-15,-2.10386337993062,0,WLS,41
0,x_tcsc,1-14,-0.10909039034677727,1,WLS,41
1,B_svc,2,0.17796887970527675,1,WLS,41
2,UPFC_Vsh,5-15,1.1111496525863436,1,WLS,41
3,UPFC_tsh,5-15,-0.2362695540985542,1,WLS,41
4,UPFC_Vse,5-15,0.05499859142867133,1,WLS,41
5,UPFC_tse,5-15,-2.101605950572243,1,WLS,41
0,x_tcsc,1-14,-0.1091003899248051,2,WLS,41
1,B_svc,2,0.17825287885102148,2,WLS,41
2,UPFC_Vsh,5-15,1.1108119745718998,2,WLS,41
3,UPFC_tsh,5-15,-0.23629879467985554,2,WLS,41
4,UPFC_Vse,5-15,0.054491350348290564,2,WLS,41
5,UPFC_tse,5-15,-2.1020101945743623,2,WLS,41
0,x_tcsc,1-14,-0.10911009652845309,3,WLS,41
1,B_svc,2,0.1781318248551101,3,WLS,41
2,UPFC_Vsh,5-15,1.1114151204870513,3,WLS,41
3,UPFC_tsh,5-15,-0.23631599243713652,3,WLS,41
4,UPFC_Vse,5-15,0.05499979911901301,3,WLS,41
5,UPFC_tse,5-15,-2.10519628272345,3,WLS,41
0,x_tcsc,1-14,-0.10909888027136352,4,WLS,41
1,B_svc,2,0.1781521112889176,4,WLS,41
2,UPFC_Vsh,5-15,1.111335438676348,4,WLS,41
3,UPFC_tsh,5-15,-0.23623900674701956,4,WLS,41
4,UPFC_Vse,5-15,0.05485964607801679,4,WLS,41
5,UPFC_tse,5-15,-2.1017752006425834,4,WLS,41
0,x_tcsc,1-14,-0.10862828463511817,0,WLS,42
1,B_svc,2,0.17705827163089824,0,WLS,42
2,UPFC_Vsh,5-15,1.1109825466208232,0,WLS,42
3,UPFC_tsh,5-15,-0.23669490525430076,0,WLS,42
4,UPFC_Vse,5-15,0.05488637319706395,0,WLS,42
5,UPFC_tse,5-15,-2.1034183616949744,0,WLS,42
0,x_tcsc,1-14,-0.10862990845410089,1,WLS,42
1,B_svc,2,0.17728971870475105,1,WLS,42
2,UPFC_Vsh,5-15,1.1111658736264545,1,WLS,42
3,UPFC_tsh,5-15,-0.23664882108893562,1,WLS,42
4,UPFC_Vse,5-15,0.05502487433466487,1,WLS,42
5,UPFC_tse,5-15,-2.1011689186172355,1,WLS,42
0,x_tcsc,1-14,-0.1086399218233081,2,WLS,42
1,B_svc,2,0.1775728827938874,2,WLS,42
2,UPFC_Vsh,5-15,1.1108280783561644,2,WLS,42
3,UPFC_tsh,5-15,-0.2366782194762351,2,WLS,42
4,UPFC_Vse,5-15,0.054518005219860804,2,WLS,42
5,UPFC_tse,5-15,-2.1015629142053416,2,WLS,42
0,x_tcsc,1-14,-0.10864982358637522,3,WLS,42
1,B_svc,2,0.17745081919383612,3,WLS,42
2,UPFC_Vsh,5-15,1.1114316757385125,3,WLS,42
3,UPFC_tsh,5-15,-0.236695439998082,3,WLS,42
4,UPFC_Vse,5-15,0.055025925127117,3,WLS,42
5,UPFC_tse,5-15,-2.104758436448551,3,WLS,42
0,x_tcsc,1-14,-0.10863842375342005,4,WLS,42
1,B_svc,2,0.17747269800709742,4,WLS,42
2,UPFC_Vsh,5-15,1.1113514012675263,4,WLS,42
3,UPFC_tsh,5-15,-0.23661838771287824,4,WLS,42
4,UPFC_Vse,5-15,0.054886167964171576,4,WLS,42
5,UPFC_tse,5-15,-2.1013308034192315,4,WLS,42
0,x_tcsc,1-14,-0.10827253381264927,0,WLS,43
1,B_svc,2,0.17658249199801668,0,WLS,43
2,UPFC_Vsh,5-15,1.1109407580661808,0,WLS,43
3,UPFC_tsh,5-15,-0.2369762797039411,0,WLS,43
4,UPFC_Vse,5-15,0.05492331038363276,0,WLS,43
5,UPFC_tse,5-15,-2.1034096507256366,0,WLS,43
0,x_tcsc,1-14,-0.10827408544947777,1,WLS,43
1,B_svc,2,0.17681352185507465,1,WLS,43
2,UPFC_Vsh,5-15,1.111125182661126,1,WLS,43
3,UPFC_tsh,5-15,-0.23693008866755275,1,WLS,43
4,UPFC_Vse,5-15,0.055061516614562024,1,WLS,43
5,UPFC_tse,5-15,-2.101163743973338,1,WLS,43
0,x_tcsc,1-14,-0.10828410081162897,2,WLS,43
1,B_svc,2,0.17709619123841297,2,WLS,43
2,UPFC_Vsh,5-15,1.1107869780342505,2,WLS,43
3,UPFC_tsh,5-15,-0.2369595958707507,2,WLS,43
4,UPFC_Vse,5-15,0.054554980794999944,2,WLS,43
5,UPFC_tse,5-15,-2.1015556010698013,2,WLS,43
0,x_tcsc,1-14,-0.10829417409840641,3,WLS,43
1,B_svc,2,0.17697332377165806,3,WLS,43
2,UPFC_Vsh,5-15,1.1113906829262183,3,WLS,43
3,UPFC_tsh,5-15,-0.2369767983975327,3,WLS,43
4,UPFC_Vse,5-15,0.05506252057655347,3,WLS,43
5,UPFC_tse,5-15,-2.104754686140217,3,WLS,43
0,x_tcsc,1-14,-0.10828262157914685,4,WLS,43
1,B_svc,2,0.17699636350840992,4,WLS,43
2,UPFC_Vsh,5-15,1.1113103542925817,4,WLS,43
3,UPFC_tsh,5-15,-0.23689972622996958,4,WLS,43
4,UPFC_Vse,5-15,0.054923001928837,4,WLS,43
5,UPFC_tse,5-15,-2.1013216693790944,4,WLS,43
0,x_tcsc,1-14,-0.10809921533256353,0,WLS,44
1,B_svc,2,0.17643556514655206,0,WLS,44
2,UPFC_Vsh,5-15,1.110934387399319,0,WLS,44
3,UPFC_tsh,5-15,-0.23723339161992946,0,WLS,44
4,UPFC_Vse,5-15,0.054875150736771815,0,WLS,44
5,UPFC_tse,5-15,-2.10288532818533,0,WLS,44
0,x_tcsc,1-14,-0.10810074354709903,1,WLS,44
1,B_svc,2,0.17666636478955539,1,WLS,44
2,UPFC_Vsh,5-15,1.1111188803523049,1,WLS,44
3,UPFC_tsh,5-15,-0.2371871685444824,1,WLS,44
4,UPFC_Vse,5-15,0.055013462677858505,1,WLS,44
5,UPFC_tse,5-15,-2.10063860505834,1,WLS,44
0,x_tcsc,1-14,-0.10811074454975043,2,WLS,44
1,B_svc,2,0.17694883952595064,2,WLS,44
2,UPFC_Vsh,5-15,1.1107806869927028,2,WLS,44
3,UPFC_tsh,5-15,-0.23721673636181267,2,WLS,44
4,UPFC_Vse,5-15,0.054506999675999764,2,WLS,44
5,UPFC_tse,5-15,-2.1010211483546435,2,WLS,44
0,x_tcsc,1-14,-0.10812088973474986,3,WLS,44
1,B_svc,2,0.17682579164076842,3,WLS,44
2,UPFC_Vsh,5-15,1.1113845010590906,3,WLS,44
3,UPFC_tsh,5-15,-0.23723389515442672,3,WLS,44
4,UPFC_Vse,5-15,0.05501433672891357,3,WLS,44
5,UPFC_tse,5-15,-2.1042311443890687,3,WLS,44
0,x_tcsc,1-14,-0.10810927987477865,4,WLS,44
1,B_svc,2,0.1768492007253122,4,WLS,44
2,UPFC_Vsh,5-15,1.1113039416395774,4,WLS,44
3,UPFC_tsh,5-15,-0.23715680811320408,4,WLS,44
4,UPFC_Vse,5-15,0.05487510591500942,4,WLS,44
5,UPFC_tse,5-15,-2.1007942773636854,4,WLS,44
0,x_tcsc,1-14,-0.10778825068150612,0,WLS,45
1,B_svc,2,0.17608439114390842,0,WLS,45
2,UPFC_Vsh,5-15,1.1109368564204916,0,WLS,45
3,UPFC_tsh,5-15,-0.2376266168791695,0,WLS,45
4,UPFC_Vse,5-15,0.05479565674688751,0,WLS,45
5,UPFC_tse,5-15,-2.1029472951876307,0,WLS,45
0,x_tcsc,1-14,-0.10778970847496358,1,WLS,45
1,B_svc,2,0.17631500118146096,1,WLS,45
2,UPFC_Vsh,5-15,1.1111214101946367,1,WLS,45
3,UPFC_tsh,5-15,-0.2375802769559184,1,WLS,45
4,UPFC_Vse,5-15,0.054933938019206235,1,WLS,45
5,UPFC_tse,5-15,-2.100697648578125,1,WLS,45
0,x_tcsc,1-14,-0.10779970057817805,2,WLS,45
1,B_svc,2,0.17659701138580666,2,WLS,45
2,UPFC_Vsh,5-15,1.110783224055579,2,WLS,45
3,UPFC_tsh,5-15,-0.23760994451721426,2,WLS,45
4,UPFC_Vse,5-15,0.05442764574014429,2,WLS,45
5,UPFC_tse,5-15,-2.101075703256431,2,WLS,45
0,x_tcsc,1-14,-0.10780998623443498,3,WLS,45
1,B_svc,2,0.1764734263517072,3,WLS,45
2,UPFC_Vsh,5-15,1.1113873362406481,3,WLS,45
3,UPFC_tsh,5-15,-0.23762708611657732,3,WLS,45
4,UPFC_Vse,5-15,0.054934768724175735,3,WLS,45
5,UPFC_tse,5-15,-2.10429239931786,3,WLS,45
0,x_tcsc,1-14,-0.107798253249832,4,WLS,45
1,B_svc,2,0.1764977475908723,4,WLS,45
2,UPFC_Vsh,5-15,1.1113063027654846,4,WLS,45
3,UPFC_tsh,5-15,-0.2375499491400417,4,WLS,45
4,UPFC_Vse,5-15,0.054795859089280384,4,WLS,45
5,UPFC_tse,5-15,-2.1008531602836498,4,WLS,45
0,x_tcsc,1-14,-0.10839134201932679,0,WLS,46
1,B_svc,2,0.1767813707105627,0,WLS,46
2,UPFC_Vsh,5-15,1.11096283959326,0,WLS,46
3,UPFC_tsh,5-15,-0.23693144149120984,0,WLS,46
4,UPFC_Vse,5-15,0.054886305648226844,0,WLS,46
5,UPFC_tse,5-15,-2.1031644627804464,0,WLS,46
0,x_tcsc,1-14,-0.10839292569042705,1,WLS,46
1,B_svc,2,0.17701251217524644,1,WLS,46
2,UPFC_Vsh,5-15,1.1111466903311789,1,WLS,46
3,UPFC_tsh,5-15,-0.2368852973705885,1,WLS,46
4,UPFC_Vse,5-15,0.05502472024525448,1,WLS,46
5,UPFC_tse,5-15,-2.1009167217696447,1,WLS,46
0,x_tcsc,1-14,-0.10840293290407442,2,WLS,46
1,B_svc,2,0.17729537307068619,2,WLS,46
2,UPFC_Vsh,5-15,1.1108087035554053,2,WLS,46
3,UPFC_tsh,5-15,-0.23691477235604366,2,WLS,46
4,UPFC_Vse,5-15,0.054518039992766144,2,WLS,46
5,UPFC_tse,5-15,-2.1013052328826505,2,WLS,46
0,x_tcsc,1-14,-0.10841293743685688,3,WLS,46
1,B_svc,2,0.1771728993854282,3,WLS,46
2,UPFC_Vsh,5-15,1.111412394287933,3,WLS,46
3,UPFC_tsh,5-15,-0.23693195763721978,3,WLS,46
4,UPFC_Vse,5-15,0.055025678691008884,3,WLS,46
5,UPFC_tse,5-15,-2.1045067920553406,3,WLS,46
0,x_tcsc,1-14,-0.10840144989909806,4,WLS,46
1,B_svc,2,0.17719543002827065,4,WLS,46
2,UPFC_Vsh,5-15,1.1113319970014808,4,WLS,46
3,UPFC_tsh,5-15,-0.23685489882150834,4,WLS,46
4,UPFC_Vse,5-15,0.054886163983902565,4,WLS,46
5,UPFC_tse,5-15,-2.1010755103354044,4,WLS,46
0,x_tcsc,1-14,-0.10800709492812496,0,WLS,47
1,B_svc,2,0.17623523579745035,0,WLS,47
2,UPFC_Vsh,5-15,1.11094002218232,0,WLS,47
3,UPFC_tsh,5-15,-0.23727325217929432,0,WLS,47
4,UPFC_Vse,5-15,0.0549023983203277,0,WLS,47
5,UPFC_tse,5-15,-2.1032646759988403,0,WLS,47
0,x_tcsc,1-14,-0.10800859134483437,1,WLS,47
1,B_svc,2,0.1764660882009991,1,WLS,47
2,UPFC_Vsh,5-15,1.111124630977079,1,WLS,47
3,UPFC_tsh,5-15,-0.2372269675332736,1,WLS,47
4,UPFC_Vse,5-15,0.05504054579613164,1,WLS,47
5,UPFC_tse,5-15,-2.1010195766906388,1,WLS,47
0,x_tcsc,1-14,-0.10801860562263867,2,WLS,47
1,B_svc,2,0.1767483405520046,2,WLS,47
2,UPFC_Vsh,5-15,1.1107863227725105,2,WLS,47
3,UPFC_tsh,5-15,-0.23725656834653724,2,WLS,47
4,UPFC_Vse,5-15,0.054534198065778375,2,WLS,47
5,UPFC_tse,5-15,-2.101406147678483,2,WLS,47
0,x_tcsc,1-14,-0.108028776049747,3,WLS,47
1,B_svc,2,0.17662501735604902,3,WLS,47
2,UPFC_Vsh,5-15,1.1113901972295588,3,WLS,47
3,UPFC_tsh,5-15,-0.2372737532927822,3,WLS,47
4,UPFC_Vse,5-15,0.05504149303790778,3,WLS,47
5,UPFC_tse,5-15,-2.1046114578284705,3,WLS,47
0,x_tcsc,1-14,-0.108017136572927,4,WLS,47
1,B_svc,2,0.176648826491165,4,WLS,47
2,UPFC_Vsh,5-15,1.1113096119805326,4,WLS,47
3,UPFC_tsh,5-15,-0.23719664704725477,4,WLS,47
4,UPFC_Vse,5-15,0.05490221971519702,4,WLS,47
5,UPFC_tse,5-15,-2.1011752765187808,4,WLS,47
0,x_tcsc,1-14,-0.10800902211393544,0,WLS,48
1,B_svc,2,0.17647227248276418,0,WLS,48
2,UPFC_Vsh,5-15,1.1109327324870146,0,WLS,48
3,UPFC_tsh,5-15,-0.23720466474832333,0,WLS,48
4,UPFC_Vse,5-15,0.054909198502335034,0,WLS,48
5,UPFC_tse,5-15,-2.1025407069962707,0,WLS,48
0,x_tcsc,1-14,-0.10801052569427437,1,WLS,48
1,B_svc,2,0.17670285732839666,1,WLS,48
2,UPFC_Vsh,5-15,1.1111175403762463,1,WLS,48
3,UPFC_tsh,5-15,-0.23715839517737736,1,WLS,48
4,UPFC_Vse,5-15,0.055047358698333486,1,WLS,48
5,UPFC_tse,5-15,-2.1003000357701804,1,WLS,48
0,x_tcsc,1-14,-0.10802050906800655,2,WLS,48
1,B_svc,2,0.176985343510316,2,WLS,48
2,UPFC_Vsh,5-15,1.1107792999689279,2,WLS,48
3,UPFC_tsh,5-15,-0.2371879679025877,2,WLS,48
4,UPFC_Vse,5-15,0.05454101309791815,2,WLS,48
5,UPFC_tse,5-15,-2.100676451041316,2,WLS,48
0,x_tcsc,1-14,-0.10803073998515864,3,WLS,48
1,B_svc,2,0.17686221259543763,3,WLS,48
2,UPFC_Vsh,5-15,1.1113833279788534,3,WLS,48
3,UPFC_tsh,5-15,-0.2372050646292604,3,WLS,48
4,UPFC_Vse,5-15,0.05504797459007648,3,WLS,48
5,UPFC_tse,5-15,-2.1038851582955638,3,WLS,48
0,x_tcsc,1-14,-0.1080190667738391,4,WLS,48
1,B_svc,2,0.1768857400079597,4,WLS,48
2,UPFC_Vsh,5-15,1.1113024978782602,4,WLS,48
3,UPFC_tsh,5-15,-0.23712806746601042,4,WLS,48
4,UPFC_Vse,5-15,0.054908994948853596,4,WLS,48
5,UPFC_tse,5-15,-2.1004505206738218,4,WLS,48
0,x_tcsc,1-14,-0.10791558066714936,0,WLS,49
1,B_svc,2,0.17622389070626165,0,WLS,49
2,UPFC_Vsh,5-15,1.1109011358451006,0,WLS,49
3,UPFC_tsh,5-15,-0.237314321300715,0,WLS,49
4,UPFC_Vse,5-15,0.05492187366701935,0,WLS,49
5,UPFC_tse,5-15,-2.10293514727832,0,WLS,49
0,x_tcsc,1-14,-0.10791706894129606,1,WLS,49
1,B_svc,2,0.17645439562562715,1,WLS,49
2,UPFC_Vsh,5-15,1.1110864981211301,1,WLS,49
3,UPFC_tsh,5-15,-0.23726804457972886,1,WLS,49
4,UPFC_Vse,5-15,0.05505993141996272,1,WLS,49
5,UPFC_tse,5-15,-2.1006920926635098,1,WLS,49
0,x_tcsc,1-14,-0.10792706868974758,2,WLS,49
1,B_svc,2,0.17673666661054602,2,WLS,49
2,UPFC_Vsh,5-15,1.1107480113981207,2,WLS,49
3,UPFC_tsh,5-15,-0.23729765721075152,2,WLS,49
4,UPFC_Vse,5-15,0.05455367817409911,2,WLS,49
5,UPFC_tse,5-15,-2.101074756315304,2,WLS,49
0,x_tcsc,1-14,-0.10793732701859299,3,WLS,49
1,B_svc,2,0.17661315757888713,3,WLS,49
2,UPFC_Vsh,5-15,1.1113518835670184,3,WLS,49
3,UPFC_tsh,5-15,-0.2373147969798316,3,WLS,49
4,UPFC_Vse,5-15,0.05506074642862374,3,WLS,49
5,UPFC_tse,5-15,-2.1042835737726815,3,WLS,49
0,x_tcsc,1-14,-0.10792561935879491,4,WLS,49
1,B_svc,2,0.17663717625343656,4,WLS,49
2,UPFC_Vsh,5-15,1.1112713380416004,4,WLS,49
3,UPFC_tsh,5-15,-0.2372377300619135,4,WLS,49
4,UPFC_Vse,5-15,0.05492164093810541,4,WLS,49
5,UPFC_tse,5-15,-2.1008447283736236,4,WLS,49
0,x_tcsc,1-14,-0.10811362277936537,0,WLS,50
1,B_svc,2,0.17641677706625067,0,WLS,50
2,UPFC_Vsh,5-15,1.1109264899463025,0,WLS,50
3,UPFC_tsh,5-15,-0.23702231012918612,0,WLS,50
4,UPFC_Vse,5-15,0.05497727180747801,0,WLS,50
5,UPFC_tse,5-15,-2.103007963430781,0,WLS,50
0,x_tcsc,1-14,-0.1081151305817864,1,WLS,50
1,B_svc,2,0.17664763722421356,1,WLS,50
2,UPFC_Vsh,5-15,1.1111114031050926,1,WLS,50
3,UPFC_tsh,5-15,-0.23697604610382175,1,WLS,50
4,UPFC_Vse,5-15,0.055115290616758184,1,WLS,50
5,UPFC_tse,5-15,-2.100768537463862,1,WLS,50
0,x_tcsc,1-14,-0.10812514370218516,2,WLS,50
1,B_svc,2,0.1769301181300267,2,WLS,50
2,UPFC_Vsh,5-15,1.110773043375104,2,WLS,50
3,UPFC_tsh,5-15,-0.23700559415833083,2,WLS,50
4,UPFC_Vse,5-15,0.05460893101989958,2,WLS,50
5,UPFC_tse,5-15,-2.101154818081291,2,WLS,50
0,x_tcsc,1-14,-0.10813531803023539,3,WLS,50
1,B_svc,2,0.17680687772374618,3,WLS,50
2,UPFC_Vsh,5-15,1.111376886483292,3,WLS,50
3,UPFC_tsh,5-15,-0.23702277807143063,3,WLS,50
4,UPFC_Vse,5-15,0.055116129583449434,3,WLS,50
5,UPFC_tse,5-15,-2.104356663251305,3,WLS,50
0,x_tcsc,1-14,-0.10812367856293092,4,WLS,50
1,B_svc,2,0.17683043098517368,4,WLS,50
2,UPFC_Vsh,5-15,1.1112964270394732,4,WLS,50
3,UPFC_tsh,5-15,-0.23694573174751696,4,WLS,50
4,UPFC_Vse,5-15,0.05497680425044305,4,WLS,50
5,UPFC_tse,5-15,-2.100920972640634,4,WLS,50
0,x_tcsc,1-14,-0.10840148618697228,0,WLS,51
1,B_svc,2,0.176941178881359,0,WLS,51
2,UPFC_Vsh,5-15,1.110951877767879,0,WLS,51
3,UPFC_tsh,5-15,-0.23648107179959238,0,WLS,51
4,UPFC_Vse,5-15,0.055136544373559915,0,WLS,51
5,UPFC_tse,5-15,-2.1017373986739734,0,WLS,51
0,x_tcsc,1-14,-0.1084030483912375,1,WLS,51
1,B_svc,2,0.17717213620511185,1,WLS,51
2,UPFC_Vsh,5-15,1.1111365542710172,1,WLS,51
3,UPFC_tsh,5-15,-0.23643487300200078,1,WLS,51
4,UPFC_Vse,5-15,0.055274535254760386,1,WLS,51
5,UPFC_tse,5-15,-2.099514019935636,1,WLS,51
0,x_tcsc,1-14,-0.10841304814992907,2,WLS,51
1,B_svc,2,0.17745520809595106,2,WLS,51
2,UPFC_Vsh,5-15,1.1107982857713372,2,WLS,51
3,UPFC_tsh,5-15,-0.23646431132590434,2,WLS,51
4,UPFC_Vse,5-15,0.054768085946658454,2,WLS,51
5,UPFC_tse,5-15,-2.0998880906226067,2,WLS,51
0,x_tcsc,1-14,-0.10842312358439286,3,WLS,51
1,B_svc,2,0.1773327073250325,3,WLS,51
2,UPFC_Vsh,5-15,1.1114021104884324,3,WLS,51
3,UPFC_tsh,5-15,-0.23648142125320235,3,WLS,51
4,UPFC_Vse,5-15,0.05527492604744823,3,WLS,51
5,UPFC_tse,5-15,-2.103086704347425,3,WLS,51
0,x_tcsc,1-14,-0.10841158756300369,4,WLS,51
1,B_svc,2,0.17735510503402616,4,WLS,51
2,UPFC_Vsh,5-15,1.1113217218507823,4,WLS,51
3,UPFC_tsh,5-15,-0.23640456650554179,4,WLS,51
4,UPFC_Vse,5-15,0.05513564722974572,4,WLS,51
5,UPFC_tse,5-15,-2.09965580125835,4,WLS,51
0,x_tcsc,1-14,-0.10871070386100672,0,WLS,52
1,B_svc,2,0.1775754152271208,0,WLS,52
2,UPFC_Vsh,5-15,1.1109415139244438,0,WLS,52
3,UPFC_tsh,5-15,-0.23615630660268666,0,WLS,52
4,UPFC_Vse,5-15,0.05512995742446653,0,WLS,52
5,UPFC_tse,5-15,-2.101511415845899,0,WLS,52
0,x_tcsc,1-14,-0.10871235775437199,1,WLS,52
1,B_svc,2,0.1778062182973615,1,WLS,52
2,UPFC_Vsh,5-15,1.1111262089613356,1,WLS,52
3,UPFC_tsh,5-15,-0.23611027328129294,1,WLS,52
4,UPFC_Vse,5-15,0.055268110591074296,1,WLS,52
5,UPFC_tse,5-15,-2.0992869323393704,1,WLS,52
0,x_tcsc,1-14,-0.10872232509062152,2,WLS,52
1,B_svc,2,0.17809001870494565,2,WLS,52
2,UPFC_Vsh,5-15,1.110788080758431,2,WLS,52
3,UPFC_tsh,5-15,-0.23613958343540722,2,WLS,52
4,UPFC_Vse,5-15,0.054761422269236006,2,WLS,52
5,UPFC_tse,5-15,-2.099660149108123,2,WLS,52
0,x_tcsc,1-14,-0.10873231452822753,3,WLS,52
1,B_svc,2,0.177968343966658,3,WLS,52
2,UPFC_Vsh,5-15,1.1113917544442355,3,WLS,52
3,UPFC_tsh,5-15,-0.23615660927103233,3,WLS,52
4,UPFC_Vse,5-15,0.05526833763689794,3,WLS,52
5,UPFC_tse,5-15,-2.10285365572804,3,WLS,52
0,x_tcsc,1-14,-0.1087208771130238,4,WLS,52
1,B_svc,2,0.1779894617544239,4,WLS,52
2,UPFC_Vsh,5-15,1.111311533734756,4,WLS,52
3,UPFC_tsh,5-15,-0.2360798919506892,4,WLS,52
4,UPFC_Vse,5-15,0.055129022534655694,4,WLS,52
5,UPFC_tse,5-15,-2.0994292804338213,4,WLS,52
0,x_tcsc,1-14,-0.10849466060220414,0,WLS,53
1,B_svc,2,0.1771148077957515,0,WLS,53
2,UPFC_Vsh,5-15,1.1109383674295716,0,WLS,53
3,UPFC_tsh,5-15,-0.23659974692849334,0,WLS,53
4,UPFC_Vse,5-15,0.05500337440693779,0,WLS,53
5,UPFC_tse,5-15,-2.1021743831484763,0,WLS,53
0,x_tcsc,1-14,-0.10849626422584345,1,WLS,53
1,B_svc,2,0.17734571924977288,1,WLS,53
2,UPFC_Vsh,5-15,1.1111228306061354,1,WLS,53
3,UPFC_tsh,5-15,-0.23655364043307225,1,WLS,53
4,UPFC_Vse,5-15,0.055141640073598536,1,WLS,53
5,UPFC_tse,5-15,-2.0999383310911144,1,WLS,53
0,x_tcsc,1-14,-0.10850625022998393,2,WLS,53
1,B_svc,2,0.17762897879127942,2,WLS,53
2,UPFC_Vsh,5-15,1.110784749933356,2,WLS,53
3,UPFC_tsh,5-15,-0.23658304780115555,2,WLS,53
4,UPFC_Vse,5-15,0.05463498638805186,2,WLS,53
5,UPFC_tse,5-15,-2.1003173776878055,2,WLS,53
0,x_tcsc,1-14,-0.10851629452001478,3,WLS,53
1,B_svc,2,0.17750672169486162,3,WLS,53
2,UPFC_Vsh,5-15,1.1113884607309275,3,WLS,53
3,UPFC_tsh,5-15,-0.2366001601596659,3,WLS,53
4,UPFC_Vse,5-15,0.05514221240330741,3,WLS,53
5,UPFC_tse,5-15,-2.1035188057656695,3,WLS,53
0,x_tcsc,1-14,-0.10850478975026545,4,WLS,53
1,B_svc,2,0.17752878640055772,4,WLS,53
2,UPFC_Vsh,5-15,1.1113081200808839,4,WLS,53
3,UPFC_tsh,5-15,-0.23652325318705886,4,WLS,53
4,UPFC_Vse,5-15,0.05500285952550856,4,WLS,53
5,UPFC_tse,5-15,-2.100088056158234,4,WLS,53
0,x_tcsc,1-14,-0.1079917683709625,0,WLS,54
1,B_svc,2,0.17648988429031603,0,WLS,54
2,UPFC_Vsh,5-15,1.1109143141495728,0,WLS,54
3,UPFC_tsh,5-15,-0.23710011380190754,0,WLS,54
4,UPFC_Vse,5-15,0.05497210765488941,0,WLS,54
5,UPFC_tse,5-15,-2.101952154728517,0,WLS,54
0,x_tcsc,1-14,-0.10799325242497945,1,WLS,54
1,B_svc,2,0.1767204301971113,1,WLS,54
2,UPFC_Vsh,5-15,1.1110994760213004,1,WLS,54
3,UPFC_tsh,5-15,-0.2370538156601466,1,WLS,54
4,UPFC_Vse,5-15,0.05511014880219041,1,WLS,54
5,UPFC_tse,5-15,-2.099717877787417,1,WLS,54
0,x_tcsc,1-14,-0.10800323477154732,2,WLS,54
1,B_svc,2,0.17700294029775523,2,WLS,54
2,UPFC_Vsh,5-15,1.1107611818482823,2,WLS,54
3,UPFC_tsh,5-15,-0.23708338074485494,2,WLS,54
4,UPFC_Vse,5-15,0.05460385969973431,2,WLS,54
5,UPFC_tse,5-15,-2.1000890148503033,2,WLS,54
0,x_tcsc,1-14,-0.10801352865746955,3,WLS,54
1,B_svc,2,0.17687962065233387,3,WLS,54
2,UPFC_Vsh,5-15,1.1113652615324519,3,WLS,54
3,UPFC_tsh,5-15,-0.2371004825000162,3,WLS,54
4,UPFC_Vse,5-15,0.05511060837549138,3,WLS,54
5,UPFC_tse,5-15,-2.1033015414126464,3,WLS,54
0,x_tcsc,1-14,-0.10800180121317808,4,WLS,54
1,B_svc,2,0.17690331704751186,4,WLS,54
2,UPFC_Vsh,5-15,1.1112844229730299,4,WLS,54
3,UPFC_tsh,5-15,-0.23702350842672434,4,WLS,54
4,UPFC_Vse,5-15,0.05497171488951851,4,WLS,54
5,UPFC_tse,5-15,-2.0998632211509296,4,WLS,54
0,x_tcsc,1-14,-0.10747554431796172,0,WLS,55
1,B_svc,2,0.17583909421307045,0,WLS,55
2,UPFC_Vsh,5-15,1.1109075045364707,0,WLS,55
3,UPFC_tsh,5-15,-0.23757235061919002,0,WLS,55
4,UPFC_Vse,5-15,0.05496618098756687,0,WLS,55
5,UPFC_tse,5-15,-2.1017504768534345,0,WLS,55
0,x_tcsc,1-14,-0.10747689741993093,1,WLS,55
1,B_svc,2,0.176069356370412,1,WLS,55
2,UPFC_Vsh,5-15,1.1110932042702415,1,WLS,55
3,UPFC_tsh,5-15,-0.23752583037040226,1,WLS,55
4,UPFC_Vse,5-15,0.055103941713674755,1,WLS,55
5,UPFC_tse,5-15,-2.099520779845569,1,WLS,55
0,x_tcsc,1-14,-0.10748688020524547,2,WLS,55
1,B_svc,2,0.1763510670734089,2,WLS,55
2,UPFC_Vsh,5-15,1.1107546982778111,2,WLS,55
3,UPFC_tsh,5-15,-0.2375555606783678,2,WLS,55
4,UPFC_Vse,5-15,0.05459805837278881,2,WLS,55
5,UPFC_tse,5-15,-2.0998836104795973,2,WLS,55
0,x_tcsc,1-14,-0.10749741410268372,3,WLS,55
1,B_svc,2,0.1762266884516337,3,WLS,55
2,UPFC_Vsh,5-15,1.111359205796024,3,WLS,55
3,UPFC_tsh,5-15,-0.23757265177039064,3,WLS,55
4,UPFC_Vse,5-15,0.055104257467500445,3,WLS,55
5,UPFC_tse,5-15,-2.103104527401366,3,WLS,55
0,x_tcsc,1-14,-0.1074854712708014,4,WLS,55
1,B_svc,2,0.17625203353381558,4,WLS,55
2,UPFC_Vsh,5-15,1.1112777986187063,4,WLS,55
3,UPFC_tsh,5-15,-0.2374956253870043,4,WLS,55
4,UPFC_Vse,5-15,0.05496582817028737,4,WLS,55
5,UPFC_tse,5-15,-2.0996604465737723,4,WLS,55
0,x_tcsc,1-14,-0.10762494212560926,0,WLS,56
1,B_svc,2,0.1760416111912618,0,WLS,56
2,UPFC_Vsh,5-15,1.1109287963288283,0,WLS,56
3,UPFC_tsh,5-15,-0.23740154597930369,0,WLS,56
4,UPFC_Vse,5-15,0.05497465782642878,0,WLS,56
5,UPFC_tse,5-15,-2.1017686479397146,0,WLS,56
0,x_tcsc,1-14,-0.10762632193243907,1,WLS,56
1,B_svc,2,0.17627205096284998,1,WLS,56
2,UPFC_Vsh,5-15,1.1111140860466722,1,WLS,56
3,UPFC_tsh,5-15,-0.23735505636806095,1,WLS,56
4,UPFC_Vse,5-15,0.055112471108530514,1,WLS,56
5,UPFC_tse,5-15,-2.0995396913766915,1,WLS,56
0,x_tcsc,1-14,-0.10763630429448157,2,WLS,56
1,B_svc,2,0.17655397555837946,2,WLS,56
2,UPFC_Vsh,5-15,1.1107757228165647,2,WLS,56
3,UPFC_tsh,5-15,-0.23738473620312744,2,WLS,56
4,UPFC_Vse,5-15,0.05460647775425475,2,WLS,56
5,UPFC_tse,5-15,-2.099903572236344,2,WLS,56
0,x_tcsc,1-14,-0.10764677039691285,3,WLS,56
1,B_svc,2,0.17642992904767488,3,WLS,56
2,UPFC_Vsh,5-15,1.1113802232815309,3,WLS,56
3,UPFC_tsh,5-15,-0.23740183010050453,3,WLS,56
4,UPFC_Vse,5-15,0.05511276914872598,3,WLS,56
5,UPFC_tse,5-15,-2.103120387528572,3,WLS,56
0,x_tcsc,1-14,-0.10763488873070265,4,WLS,56
1,B_svc,2,0.17645478436966863,4,WLS,56
2,UPFC_Vsh,5-15,1.1112988134854165,4,WLS,56
3,UPFC_tsh,5-15,-0.2373248356370215,4,WLS,56
4,UPFC_Vse,5-15,0.05497424418464444,4,WLS,56
5,UPFC_tse,5-15,-2.0996798672194563,4,WLS,56
0,x_tcsc,1-14,-0.10880441191712359,0,WLS,57
1,B_svc,2,0.17753699834838016,0,WLS,57
2,UPFC_Vsh,5-15,1.1109442838588786,0,WLS,57
3,UPFC_tsh,5-15,-0.23610594935097307,0,WLS,57
4,UPFC_Vse,5-15,0.05511589754553044,0,WLS,57
5,UPFC_tse,5-15,-2.102219786232107,0,WLS,57
0,x_tcsc,1-14,-0.1088060737609208,1,WLS,57
1,B_svc,2,0.17776808411128994,1,WLS,57
2,UPFC_Vsh,5-15,1.111128767511409,1,WLS,57
3,UPFC_tsh,5-15,-0.23605993141704543,1,WLS,57
4,UPFC_Vse,5-15,0.055254051119106515,1,WLS,57
5,UPFC_tse,5-15,-2.09999034319758,1,WLS,57
0,x_tcsc,1-14,-0.10881606355113156,2,WLS,57
1,B_svc,2,0.17805186340113605,2,WLS,57
2,UPFC_Vsh,5-15,1.1107906648868686,2,WLS,57
3,UPFC_tsh,5-15,-0.23608922302422353,2,WLS,57
4,UPFC_Vse,5-15,0.05474727854994339,2,WLS,57
5,UPFC_tse,5-15,-2.100374456413418,2,WLS,57
0,x_tcsc,1-14,-0.10882599365503144,3,WLS,57
1,B_svc,2,0.17793015290209852,3,WLS,57
2,UPFC_Vsh,5-15,1.1113942030340767,3,WLS,57
3,UPFC_tsh,5-15,-0.2361063319718316,3,WLS,57
4,UPFC_Vse,5-15,0.05525456747291757,3,WLS,57
5,UPFC_tse,5-15,-2.1035628350987015,3,WLS,57
0,x_tcsc,1-14,-0.10881459395101346,4,WLS,57
1,B_svc,2,0.1779512621185735,4,WLS,57
2,UPFC_Vsh,5-15,1.1113142048918143,4,WLS,57
3,UPFC_tsh,5-15,-0.23602953556310324,4,WLS,57
4,UPFC_Vse,5-15,0.05511494100263401,4,WLS,57
5,UPFC_tse,5-15,-2.1001383657820867,4,WLS,57
0,x_tcsc,1-14,-0.10949151231615913,0,WLS,58
1,B_svc,2,0.178469415712919,0,WLS,58
2,UPFC_Vsh,5-15,1.1109810419869006,0,WLS,58
3,UPFC_tsh,5-15,-0.23531684113169907,0,WLS,58
4,UPFC_Vse,5-15,0.055207208778663606,0,WLS,58
5,UPFC_tse,5-15,-2.1023875005333115,0,WLS,58
0,x_tcsc,1-14,-0.10949332286086327,1,WLS,58
1,B_svc,2,0.17870099914090032,1,WLS,58
2,UPFC_Vsh,5-15,1.1111646763481169,1,WLS,58
3,UPFC_tsh,5-15,-0.23527106037642534,1,WLS,58
4,UPFC_Vse,5-15,0.05534554593895406,1,WLS,58
5,UPFC_tse,5-15,-2.1001607239178957,1,WLS,58
0,x_tcsc,1-14,-0.10950331431598877,2,WLS,58
1,B_svc,2,0.17898586202801928,2,WLS,58
2,UPFC_Vsh,5-15,1.1108268400583383,2,WLS,58
3,UPFC_tsh,5-15,-0.23530012476782491,2,WLS,58
4,UPFC_Vse,5-15,0.05483833073907432,2,WLS,58
5,UPFC_tse,5-15,-2.1005539550642522,2,WLS,58
0,x_tcsc,1-14,-0.10951293050538807,3,WLS,58
1,B_svc,2,0.1788655906269722,3,WLS,58
2,UPFC_Vsh,5-15,1.11142995838209,3,WLS,58
3,UPFC_tsh,5-15,-0.23531723211032562,3,WLS,58
4,UPFC_Vse,5-15,0.0553460930323346,3,WLS,58
5,UPFC_tse,5-15,-2.1037238044874393,3,WLS,58
0,x_tcsc,1-14,-0.10950181555581272,4,WLS,58
1,B_svc,2,0.17888443721710362,4,WLS,58
2,UPFC_Vsh,5-15,1.1113505657915528,4,WLS,58
3,UPFC_tsh,5-15,-0.2352405796726012,4,WLS,58
4,UPFC_Vse,5-15,0.055205895368176376,4,WLS,58
5,UPFC_tse,5-15,-2.1003115772828105,4,WLS,58
0,x_tcsc,1-14,-0.10978942920560628,0,WLS,59
1,B_svc,2,0.17907810461333779,0,WLS,59
2,UPFC_Vsh,5-15,1.111005584331229,0,WLS,59
3,UPFC_tsh,5-15,-0.23506377721761215,0,WLS,59
4,UPFC_Vse,5-15,0.05515777517441472,0,WLS,59
5,UPFC_tse,5-15,-2.1022242193147487,0,WLS,59
0,x_tcsc,1-14,-0.10979131313570634,1,WLS,59
1,B_svc,2,0.17930976932903045,1,WLS,59
2,UPFC_Vsh,5-15,1.111188556348555,1,WLS,59
3,UPFC_tsh,5-15,-0.23501811838847123,1,WLS,59
4,UPFC_Vse,5-15,0.05529636601873971,1,WLS,59
5,UPFC_tse,5-15,-2.0999948234006602,1,WLS,59
0,x_tcsc,1-14,-0.10980127560739973,2,WLS,59
1,B_svc,2,0.179595253376523,2,WLS,59
2,UPFC_Vsh,5-15,1.1108510760636758,2,WLS,59
3,UPFC_tsh,5-15,-0.2350470688313108,2,WLS,59
4,UPFC_Vse,5-15,0.05478886965336034,2,WLS,59
5,UPFC_tse,5-15,-2.100386041703728,2,WLS,59
0,x_tcsc,1-14,-0.10981078945809916,3,WLS,59
1,B_svc,2,0.17947582751359725,3,WLS,59
2,UPFC_Vsh,5-15,1.1114541821418735,3,WLS,59
3,UPFC_tsh,5-15,-0.2350641133028181,3,WLS,59
4,UPFC_Vse,5-15,0.05529676789920583,3,WLS,59
5,UPFC_tse,5-15,-2.1035517796646546,3,WLS,59
0,x_tcsc,1-14,-0.10979978334240588,4,WLS,59
1,B_svc,2,0.1794934451505909,4,WLS,59
2,UPFC_Vsh,5-15,1.1113746965326654,4,WLS,59
3,UPFC_tsh,5-15,-0.23498756425960018,4,WLS,59
4,UPFC_Vse,5-15,0.055156560595224016,4,WLS,59
5,UPFC_tse,5-15,-2.1001474567123175,4,WLS,59
0,x_tcsc,1-14,-0.10702844098095125,0,MAP_SCADA,0
1,B_svc,2,0.1725068307526434,0,MAP_SCADA,0
2,UPFC_Vsh,5-15,1.1102086317832134,0,MAP_SCADA,0
3,UPFC_tsh,5-15,-0.23774669402138218,0,MAP_SCADA,0
4,UPFC_Vse,5-15,0.058011497492391456,0,MAP_SCADA,0
5,UPFC_tse,5-15,-2.1250133143533034,0,MAP_SCADA,0
0,x_tcsc,1-14,-0.10672552441816538,1,MAP_SCADA,0
1,B_svc,2,0.1699620952579978,1,MAP_SCADA,0
2,UPFC_Vsh,5-15,1.1123615366510522,1,MAP_SCADA,0
3,UPFC_tsh,5-15,-0.23696843932390926,1,MAP_SCADA,0
4,UPFC_Vse,5-15,0.05811522043653081,1,MAP_SCADA,0
5,UPFC_tse,5-15,-2.1211163249654277,1,MAP_SCADA,0
0,x_tcsc,1-14,-0.10707696994290954,2,MAP_SCADA,0
1,B_svc,2,0.17219991564784423,2,MAP_SCADA,0
2,UPFC_Vsh,5-15,1.1127166786772638,2,MAP_SCADA,0
3,UPFC_tsh,5-15,-0.23717991327440674,2,MAP_SCADA,0
4,UPFC_Vse,5-15,0.05757352464531408,2,MAP_SCADA,0
5,UPFC_tse,5-15,-2.1230999988985375,2,MAP_SCADA,0
0,x_tcsc,1-14,-0.10811446017643675,3,MAP_SCADA,0
1,B_svc,2,0.16549772014997827,3,MAP_SCADA,0
2,UPFC_Vsh,5-15,1.115389256073684,3,MAP_SCADA,0
3,UPFC_tsh,5-15,-0.2355480519699161,3,MAP_SCADA,0
4,UPFC_Vse,5-15,0.057605516049099394,3,MAP_SCADA,0
5,UPFC_tse,5-15,-2.1228174022977355,3,MAP_SCADA,0
0,x_tcsc,1-14,-0.10634473161213964,4,MAP_SCADA,0
1,B_svc,2,0.17557350696143992,4,MAP_SCADA,0
2,UPFC_Vsh,5-15,1.111199722412835,4,MAP_SCADA,0
3,UPFC_tsh,5-15,-0.2382009338091858,4,MAP_SCADA,0
4,UPFC_Vse,5-15,0.05846390120501583,4,MAP_SCADA,0
5,UPFC_tse,5-15,-2.1252181578897296,4,MAP_SCADA,0
0,x_tcsc,1-14,-0.10702844098095125,0,MAP_SCADA,1
1,B_svc,2,0.1725068307526434,0,MAP_SCADA,1
2,UPFC_Vsh,5-15,1.1102086317832134,0,MAP_SCADA,1
3,UPFC_tsh,5-15,-0.23774669402138218,0,MAP_SCADA,1
4,UPFC_Vse,5-15,0.058011497492391456,0,MAP_SCADA,1
5,UPFC_tse,5-15,-2.1250133143533034,0,MAP_SCADA,1
0,x_tcsc,1-14,-0.10672552441816538,1,MAP_SCADA,1
1,B_svc,2,0.1699620952579978,1,MAP_SCADA,1
2,UPFC_Vsh,5-15,1.1123615366510522,1,MAP_SCADA,1
3,UPFC_tsh,5-15,-0.23696843932390926,1,MAP_SCADA,1
4,UPFC_Vse,5-15,0.05811522043653081,1,MAP_SCADA,1
5,UPFC_tse,5-15,-2.1211163249654277,1,MAP_SCADA,1
0,x_tcsc,1-14,-0.10707696994290954,2,MAP_SCADA,1
1,B_svc,2,0.17219991564784423,2,MAP_SCADA,1
2,UPFC_Vsh,5-15,1.1127166786772638,2,MAP_SCADA,1
3,UPFC_tsh,5-15,-0.23717991327440674,2,MAP_SCADA,1
4,UPFC_Vse,5-15,0.05757352464531408,2,MAP_SCADA,1
5,UPFC_tse,5-15,-2.1230999988985375,2,MAP_SCADA,1
0,x_tcsc,1-14,-0.10811446017643675,3,MAP_SCADA,1
1,B_svc,2,0.16549772014997827,3,MAP_SCADA,1
2,UPFC_Vsh,5-15,1.115389256073684,3,MAP_SCADA,1
3,UPFC_tsh,5-15,-0.2355480519699161,3,MAP_SCADA,1
4,UPFC_Vse,5-15,0.057605516049099394,3,MAP_SCADA,1
5,UPFC_tse,5-15,-2.1228174022977355,3,MAP_SCADA,1
0,x_tcsc,1-14,-0.10634473161213964,4,MAP_SCADA,1
1,B_svc,2,0.17557350696143992,4,MAP_SCADA,1
2,UPFC_Vsh,5-15,1.111199722412835,4,MAP_SCADA,1
3,UPFC_tsh,5-15,-0.2382009338091858,4,MAP_SCADA,1
4,UPFC_Vse,5-15,0.05846390120501583,4,MAP_SCADA,1
5,UPFC_tse,5-15,-2.1252181578897296,4,MAP_SCADA,1
0,x_tcsc,1-14,-0.10702844098095125,0,MAP_SCADA,2
1,B_svc,2,0.1725068307526434,0,MAP_SCADA,2
2,UPFC_Vsh,5-15,1.1102086317832134,0,MAP_SCADA,2
3,UPFC_tsh,5-15,-0.23774669402138218,0,MAP_SCADA,2
4,UPFC_Vse,5-15,0.058011497492391456,0,MAP_SCADA,2
5,UPFC_tse,5-15,-2.1250133143533034,0,MAP_SCADA,2
0,x_tcsc,1-14,-0.10672552441816538,1,MAP_SCADA,2
1,B_svc,2,0.1699620952579978,1,MAP_SCADA,2
2,UPFC_Vsh,5-15,1.1123615366510522,1,MAP_SCADA,2
3,UPFC_tsh,5-15,-0.23696843932390926,1,MAP_SCADA,2
4,UPFC_Vse,5-15,0.05811522043653081,1,MAP_SCADA,2
5,UPFC_tse,5-15,-2.1211163249654277,1,MAP_SCADA,2
0,x_tcsc,1-14,-0.10707696994290954,2,MAP_SCADA,2
1,B_svc,2,0.17219991564784423,2,MAP_SCADA,2
2,UPFC_Vsh,5-15,1.1127166786772638,2,MAP_SCADA,2
3,UPFC_tsh,5-15,-0.23717991327440674,2,MAP_SCADA,2
4,UPFC_Vse,5-15,0.05757352464531408,2,MAP_SCADA,2
5,UPFC_tse,5-15,-2.1230999988985375,2,MAP_SCADA,2
0,x_tcsc,1-14,-0.10811446017643675,3,MAP_SCADA,2
1,B_svc,2,0.16549772014997827,3,MAP_SCADA,2
2,UPFC_Vsh,5-15,1.115389256073684,3,MAP_SCADA,2
3,UPFC_tsh,5-15,-0.2355480519699161,3,MAP_SCADA,2
4,UPFC_Vse,5-15,0.057605516049099394,3,MAP_SCADA,2
5,UPFC_tse,5-15,-2.1228174022977355,3,MAP_SCADA,2
0,x_tcsc,1-14,-0.10634473161213964,4,MAP_SCADA,2
1,B_svc,2,0.17557350696143992,4,MAP_SCADA,2
2,UPFC_Vsh,5-15,1.111199722412835,4,MAP_SCADA,2
3,UPFC_tsh,5-15,-0.2382009338091858,4,MAP_SCADA,2
4,UPFC_Vse,5-15,0.05846390120501583,4,MAP_SCADA,2
5,UPFC_tse,5-15,-2.1252181578897296,4,MAP_SCADA,2
0,x_tcsc,1-14,-0.10702844098095125,0,MAP_SCADA,3
1,B_svc,2,0.1725068307526434,0,MAP_SCADA,3
2,UPFC_Vsh,5-15,1.1102086317832134,0,MAP_SCADA,3
3,UPFC_tsh,5-15,-0.23774669402138218,0,MAP_SCADA,3
4,UPFC_Vse,5-15,0.058011497492391456,0,MAP_SCADA,3
5,UPFC_tse,5-15,-2.1250133143533034,0,MAP_SCADA,3
0,x_tcsc,1-14,-0.10672552441816538,1,MAP_SCADA,3
1,B_svc,2,0.1699620952579978,1,MAP_SCADA,3
2,UPFC_Vsh,5-15,1.1123615366510522,1,MAP_SCADA,3
3,UPFC_tsh,5-15,-0.23696843932390926,1,MAP_SCADA,3
4,UPFC_Vse,5-15,0.05811522043653081,1,MAP_SCADA,3
5,UPFC_tse,5-15,-2.1211163249654277,1,MAP_SCADA,3
0,x_tcsc,1-14,-0.10707696994290954,2,MAP_SCADA,3
1,B_svc,2,0.17219991564784423,2,MAP_SCADA,3
2,UPFC_Vsh,5-15,1.1127166786772638,2,MAP_SCADA,3
3,UPFC_tsh,5-15,-0.23717991327440674,2,MAP_SCADA,3
4,UPFC_Vse,5-15,0.05757352464531408,2,MAP_SCADA,3
5,UPFC_tse,5-15,-2.1230999988985375,2,MAP_SCADA,3
0,x_tcsc,1-14,-0.10811446017643675,3,MAP_SCADA,3
1,B_svc,2,0.16549772014997827,3,MAP_SCADA,3
2,UPFC_Vsh,5-15,1.115389256073684,3,MAP_SCADA,3
3,UPFC_tsh,5-15,-0.2355480519699161,3,MAP_SCADA,3
4,UPFC_Vse,5-15,0.057605516049099394,3,MAP_SCADA,3
5,UPFC_tse,5-15,-2.1228174022977355,3,MAP_SCADA,3
0,x_tcsc,1-14,-0.10634473161213964,4,MAP_SCADA,3
1,B_svc,2,0.17557350696143992,4,MAP_SCADA,3
2,UPFC_Vsh,5-15,1.111199722412835,4,MAP_SCADA,3
3,UPFC_tsh,5-15,-0.2382009338091858,4,MAP_SCADA,3
4,UPFC_Vse,5-15,0.05846390120501583,4,MAP_SCADA,3
5,UPFC_tse,5-15,-2.1252181578897296,4,MAP_SCADA,3
0,x_tcsc,1-14,-0.10702844098095125,0,MAP_SCADA,4
1,B_svc,2,0.1725068307526434,0,MAP_SCADA,4
2,UPFC_Vsh,5-15,1.1102086317832134,0,MAP_SCADA,4
3,UPFC_tsh,5-15,-0.23774669402138218,0,MAP_SCADA,4
4,UPFC_Vse,5-15,0.058011497492391456,0,MAP_SCADA,4
5,UPFC_tse,5-15,-2.1250133143533034,0,MAP_SCADA,4
0,x_tcsc,1-14,-0.10672552441816538,1,MAP_SCADA,4
1,B_svc,2,0.1699620952579978,1,MAP_SCADA,4
2,UPFC_Vsh,5-15,1.1123615366510522,1,MAP_SCADA,4
3,UPFC_tsh,5-15,-0.23696843932390926,1,MAP_SCADA,4
4,UPFC_Vse,5-15,0.05811522043653081,1,MAP_SCADA,4
5,UPFC_tse,5-15,-2.1211163249654277,1,MAP_SCADA,4
0,x_tcsc,1-14,-0.10707696994290954,2,MAP_SCADA,4
1,B_svc,2,0.17219991564784423,2,MAP_SCADA,4
2,UPFC_Vsh,5-15,1.1127166786772638,2,MAP_SCADA,4
3,UPFC_tsh,5-15,-0.23717991327440674,2,MAP_SCADA,4
4,UPFC_Vse,5-15,0.05757352464531408,2,MAP_SCADA,4
5,UPFC_tse,5-15,-2.1230999988985375,2,MAP_SCADA,4
0,x_tcsc,1-14,-0.10811446017643675,3,MAP_SCADA,4
1,B_svc,2,0.16549772014997827,3,MAP_SCADA,4
2,UPFC_Vsh,5-15,1.115389256073684,3,MAP_SCADA,4
3,UPFC_tsh,5-15,-0.2355480519699161,3,MAP_SCADA,4
4,UPFC_Vse,5-15,0.057605516049099394,3,MAP_SCADA,4
5,UPFC_tse,5-15,-2.1228174022977355,3,MAP_SCADA,4
0,x_tcsc,1-14,-0.10634473161213964,4,MAP_SCADA,4
1,B_svc,2,0.17557350696143992,4,MAP_SCADA,4
2,UPFC_Vsh,5-15,1.111199722412835,4,MAP_SCADA,4
3,UPFC_tsh,5-15,-0.2382009338091858,4,MAP_SCADA,4
4,UPFC_Vse,5-15,0.05846390120501583,4,MAP_SCADA,4
5,UPFC_tse,5-15,-2.1252181578897296,4,MAP_SCADA,4
0,x_tcsc,1-14,-0.10702844098095125,0,MAP_SCADA,5
1,B_svc,2,0.1725068307526434,0,MAP_SCADA,5
2,UPFC_Vsh,5-15,1.1102086317832134,0,MAP_SCADA,5
3,UPFC_tsh,5-15,-0.23774669402138218,0,MAP_SCADA,5
4,UPFC_Vse,5-15,0.058011497492391456,0,MAP_SCADA,5
5,UPFC_tse,5-15,-2.1250133143533034,0,MAP_SCADA,5
0,x_tcsc,1-14,-0.10672552441816538,1,MAP_SCADA,5
1,B_svc,2,0.1699620952579978,1,MAP_SCADA,5
2,UPFC_Vsh,5-15,1.1123615366510522,1,MAP_SCADA,5
3,UPFC_tsh,5-15,-0.23696843932390926,1,MAP_SCADA,5
4,UPFC_Vse,5-15,0.05811522043653081,1,MAP_SCADA,5
5,UPFC_tse,5-15,-2.1211163249654277,1,MAP_SCADA,5
0,x_tcsc,1-14,-0.10707696994290954,2,MAP_SCADA,5
1,B_svc,2,0.17219991564784423,2,MAP_SCADA,5
2,UPFC_Vsh,5-15,1.1127166786772638,2,MAP_SCADA,5
3,UPFC_tsh,5-15,-0.23717991327440674,2,MAP_SCADA,5
4,UPFC_Vse,5-15,0.05757352464531408,2,MAP_SCADA,5
5,UPFC_tse,5-15,-2.1230999988985375,2,MAP_SCADA,5
0,x_tcsc,1-14,-0.10811446017643675,3,MAP_SCADA,5
1,B_svc,2,0.16549772014997827,3,MAP_SCADA,5
2,UPFC_Vsh,5-15,1.115389256073684,3,MAP_SCADA,5
3,UPFC_tsh,5-15,-0.2355480519699161,3,MAP_SCADA,5
4,UPFC_Vse,5-15,0.057605516049099394,3,MAP_SCADA,5
5,UPFC_tse,5-15,-2.1228174022977355,3,MAP_SCADA,5
0,x_tcsc,1-14,-0.10634473161213964,4,MAP_SCADA,5
1,B_svc,2,0.17557350696143992,4,MAP_SCADA,5
2,UPFC_Vsh,5-15,1.111199722412835,4,MAP_SCADA,5
3,UPFC_tsh,5-15,-0.2382009338091858,4,MAP_SCADA,5
4,UPFC_Vse,5-15,0.05846390120501583,4,MAP_SCADA,5
5,UPFC_tse,5-15,-2.1252181578897296,4,MAP_SCADA,5
0,x_tcsc,1-14,-0.10702844098095125,0,MAP_SCADA,6
1,B_svc,2,0.1725068307526434,0,MAP_SCADA,6
2,UPFC_Vsh,5-15,1.1102086317832134,0,MAP_SCADA,6
3,UPFC_tsh,5-15,-0.23774669402138218,0,MAP_SCADA,6
4,UPFC_Vse,5-15,0.058011497492391456,0,MAP_SCADA,6
5,UPFC_tse,5-15,-2.1250133143533034,0,MAP_SCADA,6
0,x_tcsc,1-14,-0.10672552441816538,1,MAP_SCADA,6
1,B_svc,2,0.1699620952579978,1,MAP_SCADA,6
2,UPFC_Vsh,5-15,1.1123615366510522,1,MAP_SCADA,6
3,UPFC_tsh,5-15,-0.23696843932390926,1,MAP_SCADA,6
4,UPFC_Vse,5-15,0.05811522043653081,1,MAP_SCADA,6
5,UPFC_tse,5-15,-2.1211163249654277,1,MAP_SCADA,6
0,x_tcsc,1-14,-0.10707696994290954,2,MAP_SCADA,6
1,B_svc,2,0.17219991564784423,2,MAP_SCADA,6
2,UPFC_Vsh,5-15,1.1127166786772638,2,MAP_SCADA,6
3,UPFC_tsh,5-15,-0.23717991327440674,2,MAP_SCADA,6
4,UPFC_Vse,5-15,0.05757352464531408,2,MAP_SCADA,6
5,UPFC_tse,5-15,-2.1230999988985375,2,MAP_SCADA,6
0,x_tcsc,1-14,-0.10811446017643675,3,MAP_SCADA,6
1,B_svc,2,0.16549772014997827,3,MAP_SCADA,6
2,UPFC_Vsh,5-15,1.115389256073684,3,MAP_SCADA,6
3,UPFC_tsh,5-15,-0.2355480519699161,3,MAP_SCADA,6
4,UPFC_Vse,5-15,0.057605516049099394,3,MAP_SCADA,6
5,UPFC_tse,5-15,-2.1228174022977355,3,MAP_SCADA,6
0,x_tcsc,1-14,-0.10634473161213964,4,MAP_SCADA,6
1,B_svc,2,0.17557350696143992,4,MAP_SCADA,6
2,UPFC_Vsh,5-15,1.111199722412835,4,MAP_SCADA,6
3,UPFC_tsh,5-15,-0.2382009338091858,4,MAP_SCADA,6
4,UPFC_Vse,5-15,0.05846390120501583,4,MAP_SCADA,6
5,UPFC_tse,5-15,-2.1252181578897296,4,MAP_SCADA,6
0,x_tcsc,1-14,-0.10702844098095125,0,MAP_SCADA,7
1,B_svc,2,0.1725068307526434,0,MAP_SCADA,7
2,UPFC_Vsh,5-15,1.1102086317832134,0,MAP_SCADA,7
3,UPFC_tsh,5-15,-0.23774669402138218,0,MAP_SCADA,7
4,UPFC_Vse,5-15,0.058011497492391456,0,MAP_SCADA,7
5,UPFC_tse,5-15,-2.1250133143533034,0,MAP_SCADA,7
0,x_tcsc,1-14,-0.10672552441816538,1,MAP_SCADA,7
1,B_svc,2,0.1699620952579978,1,MAP_SCADA,7
2,UPFC_Vsh,5-15,1.1123615366510522,1,MAP_SCADA,7
3,UPFC_tsh,5-15,-0.23696843932390926,1,MAP_SCADA,7
4,UPFC_Vse,5-15,0.05811522043653081,1,MAP_SCADA,7
5,UPFC_tse,5-15,-2.1211163249654277,1,MAP_SCADA,7
0,x_tcsc,1-14,-0.10707696994290954,2,MAP_SCADA,7
1,B_svc,2,0.17219991564784423,2,MAP_SCADA,7
2,UPFC_Vsh,5-15,1.1127166786772638,2,MAP_SCADA,7
3,UPFC_tsh,5-15,-0.23717991327440674,2,MAP_SCADA,7
4,UPFC_Vse,5-15,0.05757352464531408,2,MAP_SCADA,7
5,UPFC_tse,5-15,-2.1230999988985375,2,MAP_SCADA,7
0,x_tcsc,1-14,-0.10811446017643675,3,MAP_SCADA,7
1,B_svc,2,0.16549772014997827,3,MAP_SCADA,7
2,UPFC_Vsh,5-15,1.115389256073684,3,MAP_SCADA,7
3,UPFC_tsh,5-15,-0.2355480519699161,3,MAP_SCADA,7
4,UPFC_Vse,5-15,0.057605516049099394,3,MAP_SCADA,7
5,UPFC_tse,5-15,-2.1228174022977355,3,MAP_SCADA,7
0,x_tcsc,1-14,-0.10634473161213964,4,MAP_SCADA,7
1,B_svc,2,0.17557350696143992,4,MAP_SCADA,7
2,UPFC_Vsh,5-15,1.111199722412835,4,MAP_SCADA,7
3,UPFC_tsh,5-15,-0.2382009338091858,4,MAP_SCADA,7
4,UPFC_Vse,5-15,0.05846390120501583,4,MAP_SCADA,7
5,UPFC_tse,5-15,-2.1252181578897296,4,MAP_SCADA,7
0,x_tcsc,1-14,-0.10702844098095125,0,MAP_SCADA,8
1,B_svc,2,0.1725068307526434,0,MAP_SCADA,8
2,UPFC_Vsh,5-15,1.1102086317832134,0,MAP_SCADA,8
3,UPFC_tsh,5-15,-0.23774669402138218,0,MAP_SCADA,8
4,UPFC_Vse,5-15,0.058011497492391456,0,MAP_SCADA,8
5,UPFC_tse,5-15,-2.1250133143533034,0,MAP_SCADA,8
0,x_tcsc,1-14,-0.10672552441816538,1,MAP_SCADA,8
1,B_svc,2,0.1699620952579978,1,MAP_SCADA,8
2,UPFC_Vsh,5-15,1.1123615366510522,1,MAP_SCADA,8
3,UPFC_tsh,5-15,-0.23696843932390926,1,MAP_SCADA,8
4,UPFC_Vse,5-15,0.05811522043653081,1,MAP_SCADA,8
5,UPFC_tse,5-15,-2.1211163249654277,1,MAP_SCADA,8
0,x_tcsc,1-14,-0.10707696994290954,2,MAP_SCADA,8
1,B_svc,2,0.17219991564784423,2,MAP_SCADA,8
2,UPFC_Vsh,5-15,1.1127166786772638,2,MAP_SCADA,8
3,UPFC_tsh,5-15,-0.23717991327440674,2,MAP_SCADA,8
4,UPFC_Vse,5-15,0.05757352464531408,2,MAP_SCADA,8
5,UPFC_tse,5-15,-2.1230999988985375,2,MAP_SCADA,8
0,x_tcsc,1-14,-0.10811446017643675,3,MAP_SCADA,8
1,B_svc,2,0.16549772014997827,3,MAP_SCADA,8
2,UPFC_Vsh,5-15,1.115389256073684,3,MAP_SCADA,8
3,UPFC_tsh,5-15,-0.2355480519699161,3,MAP_SCADA,8
4,UPFC_Vse,5-15,0.057605516049099394,3,MAP_SCADA,8
5,UPFC_tse,5-15,-2.1228174022977355,3,MAP_SCADA,8
0,x_tcsc,1-14,-0.10634473161213964,4,MAP_SCADA,8
1,B_svc,2,0.17557350696143992,4,MAP_SCADA,8
2,UPFC_Vsh,5-15,1.111199722412835,4,MAP_SCADA,8
3,UPFC_tsh,5-15,-0.2382009338091858,4,MAP_SCADA,8
4,UPFC_Vse,5-15,0.05846390120501583,4,MAP_SCADA,8
5,UPFC_tse,5-15,-2.1252181578897296,4,MAP_SCADA,8
0,x_tcsc,1-14,-0.10702844098095125,0,MAP_SCADA,9
1,B_svc,2,0.1725068307526434,0,MAP_SCADA,9
2,UPFC_Vsh,5-15,1.1102086317832134,0,MAP_SCADA,9
3,UPFC_tsh,5-15,-0.23774669402138218,0,MAP_SCADA,9
4,UPFC_Vse,5-15,0.058011497492391456,0,MAP_SCADA,9
5,UPFC_tse,5-15,-2.1250133143533034,0,MAP_SCADA,9
0,x_tcsc,1-14,-0.10672552441816538,1,MAP_SCADA,9
1,B_svc,2,0.1699620952579978,1,MAP_SCADA,9
2,UPFC_Vsh,5-15,1.1123615366510522,1,MAP_SCADA,9
3,UPFC_tsh,5-15,-0.23696843932390926,1,MAP_SCADA,9
4,UPFC_Vse,5-15,0.05811522043653081,1,MAP_SCADA,9
5,UPFC_tse,5-15,-2.1211163249654277,1,MAP_SCADA,9
0,x_tcsc,1-14,-0.10707696994290954,2,MAP_SCADA,9
1,B_svc,2,0.17219991564784423,2,MAP_SCADA,9
2,UPFC_Vsh,5-15,1.1127166786772638,2,MAP_SCADA,9
3,UPFC_tsh,5-15,-0.23717991327440674,2,MAP_SCADA,9
4,UPFC_Vse,5-15,0.05757352464531408,2,MAP_SCADA,9
5,UPFC_tse,5-15,-2.1230999988985375,2,MAP_SCADA,9
0,x_tcsc,1-14,-0.10811446017643675,3,MAP_SCADA,9
1,B_svc,2,0.16549772014997827,3,MAP_SCADA,9
2,UPFC_Vsh,5-15,1.115389256073684,3,MAP_SCADA,9
3,UPFC_tsh,5-15,-0.2355480519699161,3,MAP_SCADA,9
4,UPFC_Vse,5-15,0.057605516049099394,3,MAP_SCADA,9
5,UPFC_tse,5-15,-2.1228174022977355,3,MAP_SCADA,9
0,x_tcsc,1-14,-0.10634473161213964,4,MAP_SCADA,9
1,B_svc,2,0.17557350696143992,4,MAP_SCADA,9
2,UPFC_Vsh,5-15,1.111199722412835,4,MAP_SCADA,9
3,UPFC_tsh,5-15,-0.2382009338091858,4,MAP_SCADA,9
4,UPFC_Vse,5-15,0.05846390120501583,4,MAP_SCADA,9
5,UPFC_tse,5-15,-2.1252181578897296,4,MAP_SCADA,9
0,x_tcsc,1-14,-0.10702844098095125,0,MAP_SCADA,10
1,B_svc,2,0.1725068307526434,0,MAP_SCADA,10
2,UPFC_Vsh,5-15,1.1102086317832134,0,MAP_SCADA,10
3,UPFC_tsh,5-15,-0.23774669402138218,0,MAP_SCADA,10
4,UPFC_Vse,5-15,0.058011497492391456,0,MAP_SCADA,10
5,UPFC_tse,5-15,-2.1250133143533034,0,MAP_SCADA,10
0,x_tcsc,1-14,-0.10672552441816538,1,MAP_SCADA,10
1,B_svc,2,0.1699620952579978,1,MAP_SCADA,10
2,UPFC_Vsh,5-15,1.1123615366510522,1,MAP_SCADA,10
3,UPFC_tsh,5-15,-0.23696843932390926,1,MAP_SCADA,10
4,UPFC_Vse,5-15,0.05811522043653081,1,MAP_SCADA,10
5,UPFC_tse,5-15,-2.1211163249654277,1,MAP_SCADA,10
0,x_tcsc,1-14,-0.10707696994290954,2,MAP_SCADA,10
1,B_svc,2,0.17219991564784423,2,MAP_SCADA,10
2,UPFC_Vsh,5-15,1.1127166786772638,2,MAP_SCADA,10
3,UPFC_tsh,5-15,-0.23717991327440674,2,MAP_SCADA,10
4,UPFC_Vse,5-15,0.05757352464531408,2,MAP_SCADA,10
5,UPFC_tse,5-15,-2.1230999988985375,2,MAP_SCADA,10
0,x_tcsc,1-14,-0.10811446017643675,3,MAP_SCADA,10
1,B_svc,2,0.16549772014997827,3,MAP_SCADA,10
2,UPFC_Vsh,5-15,1.115389256073684,3,MAP_SCADA,10
3,UPFC_tsh,5-15,-0.2355480519699161,3,MAP_SCADA,10
4,UPFC_Vse,5-15,0.057605516049099394,3,MAP_SCADA,10
5,UPFC_tse,5-15,-2.1228174022977355,3,MAP_SCADA,10
0,x_tcsc,1-14,-0.10634473161213964,4,MAP_SCADA,10
1,B_svc,2,0.17557350696143992,4,MAP_SCADA,10
2,UPFC_Vsh,5-15,1.111199722412835,4,MAP_SCADA,10
3,UPFC_tsh,5-15,-0.2382009338091858,4,MAP_SCADA,10
4,UPFC_Vse,5-15,0.05846390120501583,4,MAP_SCADA,10
5,UPFC_tse,5-15,-2.1252181578897296,4,MAP_SCADA,10
0,x_tcsc,1-14,-0.10702844098095125,0,MAP_SCADA,11
1,B_svc,2,0.1725068307526434,0,MAP_SCADA,11
2,UPFC_Vsh,5-15,1.1102086317832134,0,MAP_SCADA,11
3,UPFC_tsh,5-15,-0.23774669402138218,0,MAP_SCADA,11
4,UPFC_Vse,5-15,0.058011497492391456,0,MAP_SCADA,11
5,UPFC_tse,5-15,-2.1250133143533034,0,MAP_SCADA,11
0,x_tcsc,1-14,-0.10672552441816538,1,MAP_SCADA,11
1,B_svc,2,0.1699620952579978,1,MAP_SCADA,11
2,UPFC_Vsh,5-15,1.1123615366510522,1,MAP_SCADA,11
3,UPFC_tsh,5-15,-0.23696843932390926,1,MAP_SCADA,11
4,UPFC_Vse,5-15,0.05811522043653081,1,MAP_SCADA,11
5,UPFC_tse,5-15,-2.1211163249654277,1,MAP_SCADA,11
0,x_tcsc,1-14,-0.10707696994290954,2,MAP_SCADA,11
1,B_svc,2,0.17219991564784423,2,MAP_SCADA,11
2,UPFC_Vsh,5-15,1.1127166786772638,2,MAP_SCADA,11
3,UPFC_tsh,5-15,-0.23717991327440674,2,MAP_SCADA,11
4,UPFC_Vse,5-15,0.05757352464531408,2,MAP_SCADA,11
5,UPFC_tse,5-15,-2.1230999988985375,2,MAP_SCADA,11
0,x_tcsc,1-14,-0.10811446017643675,3,MAP_SCADA,11
1,B_svc,2,0.16549772014997827,3,MAP_SCADA,11
2,UPFC_Vsh,5-15,1.115389256073684,3,MAP_SCADA,11
3,UPFC_tsh,5-15,-0.2355480519699161,3,MAP_SCADA,11
4,UPFC_Vse,5-15,0.057605516049099394,3,MAP_SCADA,11
5,UPFC_tse,5-15,-2.1228174022977355,3,MAP_SCADA,11
0,x_tcsc,1-14,-0.10634473161213964,4,MAP_SCADA,11
1,B_svc,2,0.17557350696143992,4,MAP_SCADA,11
2,UPFC_Vsh,5-15,1.111199722412835,4,MAP_SCADA,11
3,UPFC_tsh,5-15,-0.2382009338091858,4,MAP_SCADA,11
4,UPFC_Vse,5-15,0.05846390120501583,4,MAP_SCADA,11
5,UPFC_tse,5-15,-2.1252181578897296,4,MAP_SCADA,11
0,x_tcsc,1-14,-0.10702844098095125,0,MAP_SCADA,12
1,B_svc,2,0.1725068307526434,0,MAP_SCADA,12
2,UPFC_Vsh,5-15,1.1102086317832134,0,MAP_SCADA,12
3,UPFC_tsh,5-15,-0.23774669402138218,0,MAP_SCADA,12
4,UPFC_Vse,5-15,0.058011497492391456,0,MAP_SCADA,12
5,UPFC_tse,5-15,-2.1250133143533034,0,MAP_SCADA,12
0,x_tcsc,1-14,-0.10672552441816538,1,MAP_SCADA,12
1,B_svc,2,0.1699620952579978,1,MAP_SCADA,12
2,UPFC_Vsh,5-15,1.1123615366510522,1,MAP_SCADA,12
3,UPFC_tsh,5-15,-0.23696843932390926,1,MAP_SCADA,12
4,UPFC_Vse,5-15,0.05811522043653081,1,MAP_SCADA,12
5,UPFC_tse,5-15,-2.1211163249654277,1,MAP_SCADA,12
0,x_tcsc,1-14,-0.10707696994290954,2,MAP_SCADA,12
1,B_svc,2,0.17219991564784423,2,MAP_SCADA,12
2,UPFC_Vsh,5-15,1.1127166786772638,2,MAP_SCADA,12
3,UPFC_tsh,5-15,-0.23717991327440674,2,MAP_SCADA,12
4,UPFC_Vse,5-15,0.05757352464531408,2,MAP_SCADA,12
5,UPFC_tse,5-15,-2.1230999988985375,2,MAP_SCADA,12
0,x_tcsc,1-14,-0.10811446017643675,3,MAP_SCADA,12
1,B_svc,2,0.16549772014997827,3,MAP_SCADA,12
2,UPFC_Vsh,5-15,1.115389256073684,3,MAP_SCADA,12
3,UPFC_tsh,5-15,-0.2355480519699161,3,MAP_SCADA,12
4,UPFC_Vse,5-15,0.057605516049099394,3,MAP_SCADA,12
5,UPFC_tse,5-15,-2.1228174022977355,3,MAP_SCADA,12
0,x_tcsc,1-14,-0.10634473161213964,4,MAP_SCADA,12
1,B_svc,2,0.17557350696143992,4,MAP_SCADA,12
2,UPFC_Vsh,5-15,1.111199722412835,4,MAP_SCADA,12
3,UPFC_tsh,5-15,-0.2382009338091858,4,MAP_SCADA,12
4,UPFC_Vse,5-15,0.05846390120501583,4,MAP_SCADA,12
5,UPFC_tse,5-15,-2.1252181578897296,4,MAP_SCADA,12
0,x_tcsc,1-14,-0.10702844098095125,0,MAP_SCADA,13
1,B_svc,2,0.1725068307526434,0,MAP_SCADA,13
2,UPFC_Vsh,5-15,1.1102086317832134,0,MAP_SCADA,13
3,UPFC_tsh,5-15,-0.23774669402138218,0,MAP_SCADA,13
4,UPFC_Vse,5-15,0.058011497492391456,0,MAP_SCADA,13
5,UPFC_tse,5-15,-2.1250133143533034,0,MAP_SCADA,13
0,x_tcsc,1-14,-0.10672552441816538,1,MAP_SCADA,13
1,B_svc,2,0.1699620952579978,1,MAP_SCADA,13
2,UPFC_Vsh,5-15,1.1123615366510522,1,MAP_SCADA,13
3,UPFC_tsh,5-15,-0.23696843932390926,1,MAP_SCADA,13
4,UPFC_Vse,5-15,0.05811522043653081,1,MAP_SCADA,13
5,UPFC_tse,5-15,-2.1211163249654277,1,MAP_SCADA,13
0,x_tcsc,1-14,-0.10707696994290954,2,MAP_SCADA,13
1,B_svc,2,0.17219991564784423,2,MAP_SCADA,13
2,UPFC_Vsh,5-15,1.1127166786772638,2,MAP_SCADA,13
3,UPFC_tsh,5-15,-0.23717991327440674,2,MAP_SCADA,13
4,UPFC_Vse,5-15,0.05757352464531408,2,MAP_SCADA,13
5,UPFC_tse,5-15,-2.1230999988985375,2,MAP_SCADA,13
0,x_tcsc,1-14,-0.10811446017643675,3,MAP_SCADA,13
1,B_svc,2,0.16549772014997827,3,MAP_SCADA,13
2,UPFC_Vsh,5-15,1.115389256073684,3,MAP_SCADA,13
3,UPFC_tsh,5-15,-0.2355480519699161,3,MAP_SCADA,13
4,UPFC_Vse,5-15,0.057605516049099394,3,MAP_SCADA,13
5,UPFC_tse,5-15,-2.1228174022977355,3,MAP_SCADA,13
0,x_tcsc,1-14,-0.10634473161213964,4,MAP_SCADA,13
1,B_svc,2,0.17557350696143992,4,MAP_SCADA,13
2,UPFC_Vsh,5-15,1.111199722412835,4,MAP_SCADA,13
3,UPFC_tsh,5-15,-0.2382009338091858,4,MAP_SCADA,13
4,UPFC_Vse,5-15,0.05846390120501583,4,MAP_SCADA,13
5,UPFC_tse,5-15,-2.1252181578897296,4,MAP_SCADA,13
0,x_tcsc,1-14,-0.10702844098095125,0,MAP_SCADA,14
1,B_svc,2,0.1725068307526434,0,MAP_SCADA,14
2,UPFC_Vsh,5-15,1.1102086317832134,0,MAP_SCADA,14
3,UPFC_tsh,5-15,-0.23774669402138218,0,MAP_SCADA,14
4,UPFC_Vse,5-15,0.058011497492391456,0,MAP_SCADA,14
5,UPFC_tse,5-15,-2.1250133143533034,0,MAP_SCADA,14
0,x_tcsc,1-14,-0.10672552441816538,1,MAP_SCADA,14
1,B_svc,2,0.1699620952579978,1,MAP_SCADA,14
2,UPFC_Vsh,5-15,1.1123615366510522,1,MAP_SCADA,14
3,UPFC_tsh,5-15,-0.23696843932390926,1,MAP_SCADA,14
4,UPFC_Vse,5-15,0.05811522043653081,1,MAP_SCADA,14
5,UPFC_tse,5-15,-2.1211163249654277,1,MAP_SCADA,14
0,x_tcsc,1-14,-0.10707696994290954,2,MAP_SCADA,14
1,B_svc,2,0.17219991564784423,2,MAP_SCADA,14
2,UPFC_Vsh,5-15,1.1127166786772638,2,MAP_SCADA,14
3,UPFC_tsh,5-15,-0.23717991327440674,2,MAP_SCADA,14
4,UPFC_Vse,5-15,0.05757352464531408,2,MAP_SCADA,14
5,UPFC_tse,5-15,-2.1230999988985375,2,MAP_SCADA,14
0,x_tcsc,1-14,-0.10811446017643675,3,MAP_SCADA,14
1,B_svc,2,0.16549772014997827,3,MAP_SCADA,14
2,UPFC_Vsh,5-15,1.115389256073684,3,MAP_SCADA,14
3,UPFC_tsh,5-15,-0.2355480519699161,3,MAP_SCADA,14
4,UPFC_Vse,5-15,0.057605516049099394,3,MAP_SCADA,14
5,UPFC_tse,5-15,-2.1228174022977355,3,MAP_SCADA,14
0,x_tcsc,1-14,-0.10634473161213964,4,MAP_SCADA,14
1,B_svc,2,0.17557350696143992,4,MAP_SCADA,14
2,UPFC_Vsh,5-15,1.111199722412835,4,MAP_SCADA,14
3,UPFC_tsh,5-15,-0.2382009338091858,4,MAP_SCADA,14
4,UPFC_Vse,5-15,0.05846390120501583,4,MAP_SCADA,14
5,UPFC_tse,5-15,-2.1252181578897296,4,MAP_SCADA,14
0,x_tcsc,1-14,-0.10702844098095125,0,MAP_SCADA,15
1,B_svc,2,0.1725068307526434,0,MAP_SCADA,15
2,UPFC_Vsh,5-15,1.1102086317832134,0,MAP_SCADA,15
3,UPFC_tsh,5-15,-0.23774669402138218,0,MAP_SCADA,15
4,UPFC_Vse,5-15,0.058011497492391456,0,MAP_SCADA,15
5,UPFC_tse,5-15,-2.1250133143533034,0,MAP_SCADA,15
0,x_tcsc,1-14,-0.10672552441816538,1,MAP_SCADA,15
1,B_svc,2,0.1699620952579978,1,MAP_SCADA,15
2,UPFC_Vsh,5-15,1.1123615366510522,1,MAP_SCADA,15
3,UPFC_tsh,5-15,-0.23696843932390926,1,MAP_SCADA,15
4,UPFC_Vse,5-15,0.05811522043653081,1,MAP_SCADA,15
5,UPFC_tse,5-15,-2.1211163249654277,1,MAP_SCADA,15
0,x_tcsc,1-14,-0.10707696994290954,2,MAP_SCADA,15
1,B_svc,2,0.17219991564784423,2,MAP_SCADA,15
2,UPFC_Vsh,5-15,1.1127166786772638,2,MAP_SCADA,15
3,UPFC_tsh,5-15,-0.23717991327440674,2,MAP_SCADA,15
4,UPFC_Vse,5-15,0.05757352464531408,2,MAP_SCADA,15
5,UPFC_tse,5-15,-2.1230999988985375,2,MAP_SCADA,15
0,x_tcsc,1-14,-0.10811446017643675,3,MAP_SCADA,15
1,B_svc,2,0.16549772014997827,3,MAP_SCADA,15
2,UPFC_Vsh,5-15,1.115389256073684,3,MAP_SCADA,15
3,UPFC_tsh,5-15,-0.2355480519699161,3,MAP_SCADA,15
4,UPFC_Vse,5-15,0.057605516049099394,3,MAP_SCADA,15
5,UPFC_tse,5-15,-2.1228174022977355,3,MAP_SCADA,15
0,x_tcsc,1-14,-0.10634473161213964,4,MAP_SCADA,15
1,B_svc,2,0.17557350696143992,4,MAP_SCADA,15
2,UPFC_Vsh,5-15,1.111199722412835,4,MAP_SCADA,15
3,UPFC_tsh,5-15,-0.2382009338091858,4,MAP_SCADA,15
4,UPFC_Vse,5-15,0.05846390120501583,4,MAP_SCADA,15
5,UPFC_tse,5-15,-2.1252181578897296,4,MAP_SCADA,15
0,x_tcsc,1-14,-0.10702844098095125,0,MAP_SCADA,16
1,B_svc,2,0.1725068307526434,0,MAP_SCADA,16
2,UPFC_Vsh,5-15,1.1102086317832134,0,MAP_SCADA,16
3,UPFC_tsh,5-15,-0.23774669402138218,0,MAP_SCADA,16
4,UPFC_Vse,5-15,0.058011497492391456,0,MAP_SCADA,16
5,UPFC_tse,5-15,-2.1250133143533034,0,MAP_SCADA,16
0,x_tcsc,1-14,-0.10672552441816538,1,MAP_SCADA,16
1,B_svc,2,0.1699620952579978,1,MAP_SCADA,16
2,UPFC_Vsh,5-15,1.1123615366510522,1,MAP_SCADA,16
3,UPFC_tsh,5-15,-0.23696843932390926,1,MAP_SCADA,16
4,UPFC_Vse,5-15,0.05811522043653081,1,MAP_SCADA,16
5,UPFC_tse,5-15,-2.1211163249654277,1,MAP_SCADA,16
0,x_tcsc,1-14,-0.10707696994290954,2,MAP_SCADA,16
1,B_svc,2,0.17219991564784423,2,MAP_SCADA,16
2,UPFC_Vsh,5-15,1.1127166786772638,2,MAP_SCADA,16
3,UPFC_tsh,5-15,-0.23717991327440674,2,MAP_SCADA,16
4,UPFC_Vse,5-15,0.05757352464531408,2,MAP_SCADA,16
5,UPFC_tse,5-15,-2.1230999988985375,2,MAP_SCADA,16
0,x_tcsc,1-14,-0.10811446017643675,3,MAP_SCADA,16
1,B_svc,2,0.16549772014997827,3,MAP_SCADA,16
2,UPFC_Vsh,5-15,1.115389256073684,3,MAP_SCADA,16
3,UPFC_tsh,5-15,-0.2355480519699161,3,MAP_SCADA,16
4,UPFC_Vse,5-15,0.057605516049099394,3,MAP_SCADA,16
5,UPFC_tse,5-15,-2.1228174022977355,3,MAP_SCADA,16
0,x_tcsc,1-14,-0.10634473161213964,4,MAP_SCADA,16
1,B_svc,2,0.17557350696143992,4,MAP_SCADA,16
2,UPFC_Vsh,5-15,1.111199722412835,4,MAP_SCADA,16
3,UPFC_tsh,5-15,-0.2382009338091858,4,MAP_SCADA,16
4,UPFC_Vse,5-15,0.05846390120501583,4,MAP_SCADA,16
5,UPFC_tse,5-15,-2.1252181578897296,4,MAP_SCADA,16
0,x_tcsc,1-14,-0.10702844098095125,0,MAP_SCADA,17
1,B_svc,2,0.1725068307526434,0,MAP_SCADA,17
2,UPFC_Vsh,5-15,1.1102086317832134,0,MAP_SCADA,17
3,UPFC_tsh,5-15,-0.23774669402138218,0,MAP_SCADA,17
4,UPFC_Vse,5-15,0.058011497492391456,0,MAP_SCADA,17
5,UPFC_tse,5-15,-2.1250133143533034,0,MAP_SCADA,17
0,x_tcsc,1-14,-0.10672552441816538,1,MAP_SCADA,17
1,B_svc,2,0.1699620952579978,1,MAP_SCADA,17
2,UPFC_Vsh,5-15,1.1123615366510522,1,MAP_SCADA,17
3,UPFC_tsh,5-15,-0.23696843932390926,1,MAP_SCADA,17
4,UPFC_Vse,5-15,0.05811522043653081,1,MAP_SCADA,17
5,UPFC_tse,5-15,-2.1211163249654277,1,MAP_SCADA,17
0,x_tcsc,1-14,-0.10707696994290954,2,MAP_SCADA,17
1,B_svc,2,0.17219991564784423,2,MAP_SCADA,17
2,UPFC_Vsh,5-15,1.1127166786772638,2,MAP_SCADA,17
3,UPFC_tsh,5-15,-0.23717991327440674,2,MAP_SCADA,17
4,UPFC_Vse,5-15,0.05757352464531408,2,MAP_SCADA,17
5,UPFC_tse,5-15,-2.1230999988985375,2,MAP_SCADA,17
0,x_tcsc,1-14,-0.10811446017643675,3,MAP_SCADA,17
1,B_svc,2,0.16549772014997827,3,MAP_SCADA,17
2,UPFC_Vsh,5-15,1.115389256073684,3,MAP_SCADA,17
3,UPFC_tsh,5-15,-0.2355480519699161,3,MAP_SCADA,17
4,UPFC_Vse,5-15,0.057605516049099394,3,MAP_SCADA,17
5,UPFC_tse,5-15,-2.1228174022977355,3,MAP_SCADA,17
0,x_tcsc,1-14,-0.10634473161213964,4,MAP_SCADA,17
1,B_svc,2,0.17557350696143992,4,MAP_SCADA,17
2,UPFC_Vsh,5-15,1.111199722412835,4,MAP_SCADA,17
3,UPFC_tsh,5-15,-0.2382009338091858,4,MAP_SCADA,17
4,UPFC_Vse,5-15,0.05846390120501583,4,MAP_SCADA,17
5,UPFC_tse,5-15,-2.1252181578897296,4,MAP_SCADA,17
0,x_tcsc,1-14,-0.10702844098095125,0,MAP_SCADA,18
1,B_svc,2,0.1725068307526434,0,MAP_SCADA,18
2,UPFC_Vsh,5-15,1.1102086317832134,0,MAP_SCADA,18
3,UPFC_tsh,5-15,-0.23774669402138218,0,MAP_SCADA,18
4,UPFC_Vse,5-15,0.058011497492391456,0,MAP_SCADA,18
5,UPFC_tse,5-15,-2.1250133143533034,0,MAP_SCADA,18
0,x_tcsc,1-14,-0.10672552441816538,1,MAP_SCADA,18
1,B_svc,2,0.1699620952579978,1,MAP_SCADA,18
2,UPFC_Vsh,5-15,1.1123615366510522,1,MAP_SCADA,18
3,UPFC_tsh,5-15,-0.23696843932390926,1,MAP_SCADA,18
4,UPFC_Vse,5-15,0.05811522043653081,1,MAP_SCADA,18
5,UPFC_tse,5-15,-2.1211163249654277,1,MAP_SCADA,18
0,x_tcsc,1-14,-0.10707696994290954,2,MAP_SCADA,18
1,B_svc,2,0.17219991564784423,2,MAP_SCADA,18
2,UPFC_Vsh,5-15,1.1127166786772638,2,MAP_SCADA,18
3,UPFC_tsh,5-15,-0.23717991327440674,2,MAP_SCADA,18
4,UPFC_Vse,5-15,0.05757352464531408,2,MAP_SCADA,18
5,UPFC_tse,5-15,-2.1230999988985375,2,MAP_SCADA,18
0,x_tcsc,1-14,-0.10811446017643675,3,MAP_SCADA,18
1,B_svc,2,0.16549772014997827,3,MAP_SCADA,18
2,UPFC_Vsh,5-15,1.115389256073684,3,MAP_SCADA,18
3,UPFC_tsh,5-15,-0.2355480519699161,3,MAP_SCADA,18
4,UPFC_Vse,5-15,0.057605516049099394,3,MAP_SCADA,18
5,UPFC_tse,5-15,-2.1228174022977355,3,MAP_SCADA,18
0,x_tcsc,1-14,-0.10634473161213964,4,MAP_SCADA,18
1,B_svc,2,0.17557350696143992,4,MAP_SCADA,18
2,UPFC_Vsh,5-15,1.111199722412835,4,MAP_SCADA,18
3,UPFC_tsh,5-15,-0.2382009338091858,4,MAP_SCADA,18
4,UPFC_Vse,5-15,0.05846390120501583,4,MAP_SCADA,18
5,UPFC_tse,5-15,-2.1252181578897296,4,MAP_SCADA,18
0,x_tcsc,1-14,-0.10702844098095125,0,MAP_SCADA,19
1,B_svc,2,0.1725068307526434,0,MAP_SCADA,19
2,UPFC_Vsh,5-15,1.1102086317832134,0,MAP_SCADA,19
3,UPFC_tsh,5-15,-0.23774669402138218,0,MAP_SCADA,19
4,UPFC_Vse,5-15,0.058011497492391456,0,MAP_SCADA,19
5,UPFC_tse,5-15,-2.1250133143533034,0,MAP_SCADA,19
0,x_tcsc,1-14,-0.10672552441816538,1,MAP_SCADA,19
1,B_svc,2,0.1699620952579978,1,MAP_SCADA,19
2,UPFC_Vsh,5-15,1.1123615366510522,1,MAP_SCADA,19
3,UPFC_tsh,5-15,-0.23696843932390926,1,MAP_SCADA,19
4,UPFC_Vse,5-15,0.05811522043653081,1,MAP_SCADA,19
5,UPFC_tse,5-15,-2.1211163249654277,1,MAP_SCADA,19
0,x_tcsc,1-14,-0.10707696994290954,2,MAP_SCADA,19
1,B_svc,2,0.17219991564784423,2,MAP_SCADA,19
2,UPFC_Vsh,5-15,1.1127166786772638,2,MAP_SCADA,19
3,UPFC_tsh,5-15,-0.23717991327440674,2,MAP_SCADA,19
4,UPFC_Vse,5-15,0.05757352464531408,2,MAP_SCADA,19
5,UPFC_tse,5-15,-2.1230999988985375,2,MAP_SCADA,19
0,x_tcsc,1-14,-0.10811446017643675,3,MAP_SCADA,19
1,B_svc,2,0.16549772014997827,3,MAP_SCADA,19
2,UPFC_Vsh,5-15,1.115389256073684,3,MAP_SCADA,19
3,UPFC_tsh,5-15,-0.2355480519699161,3,MAP_SCADA,19
4,UPFC_Vse,5-15,0.057605516049099394,3,MAP_SCADA,19
5,UPFC_tse,5-15,-2.1228174022977355,3,MAP_SCADA,19
0,x_tcsc,1-14,-0.10634473161213964,4,MAP_SCADA,19
1,B_svc,2,0.17557350696143992,4,MAP_SCADA,19
2,UPFC_Vsh,5-15,1.111199722412835,4,MAP_SCADA,19
3,UPFC_tsh,5-15,-0.2382009338091858,4,MAP_SCADA,19
4,UPFC_Vse,5-15,0.05846390120501583,4,MAP_SCADA,19
5,UPFC_tse,5-15,-2.1252181578897296,4,MAP_SCADA,19
0,x_tcsc,1-14,-0.10894444393950577,0,MAP_SCADA,20
1,B_svc,2,0.17442819564021353,0,MAP_SCADA,20
2,UPFC_Vsh,5-15,1.1090519233583687,0,MAP_SCADA,20
3,UPFC_tsh,5-15,-0.23677859150944774,0,MAP_SCADA,20
4,UPFC_Vse,5-15,0.05618607955511068,0,MAP_SCADA,20
5,UPFC_tse,5-15,-2.120436803186121,0,MAP_SCADA,20
0,x_tcsc,1-14,-0.1086557854324968,1,MAP_SCADA,20
1,B_svc,2,0.1718083889149478,1,MAP_SCADA,20
2,UPFC_Vsh,5-15,1.1111729205481724,1,MAP_SCADA,20
3,UPFC_tsh,5-15,-0.23600643997517118,1,MAP_SCADA,20
4,UPFC_Vse,5-15,0.056341331949025186,1,MAP_SCADA,20
5,UPFC_tse,5-15,-2.116392558348492,1,MAP_SCADA,20
0,x_tcsc,1-14,-0.10899217429574441,2,MAP_SCADA,20
1,B_svc,2,0.17409123288426806,2,MAP_SCADA,20
2,UPFC_Vsh,5-15,1.1115687089142834,2,MAP_SCADA,20
3,UPFC_tsh,5-15,-0.23620296001326618,2,MAP_SCADA,20
4,UPFC_Vse,5-15,0.05577824032067984,2,MAP_SCADA,20
5,UPFC_tse,5-15,-2.118666830241592,2,MAP_SCADA,20
0,x_tcsc,1-14,-0.1099699078825967,3,MAP_SCADA,20
1,B_svc,2,0.1675215385686988,3,MAP_SCADA,20
2,UPFC_Vsh,5-15,1.1142020895003966,3,MAP_SCADA,20
3,UPFC_tsh,5-15,-0.23459957098552844,3,MAP_SCADA,20
4,UPFC_Vse,5-15,0.055805643047621034,3,MAP_SCADA,20
5,UPFC_tse,5-15,-2.118255827007005,3,MAP_SCADA,20
0,x_tcsc,1-14,-0.10828649645913167,4,MAP_SCADA,20
1,B_svc,2,0.17742763248443139,4,MAP_SCADA,20
2,UPFC_Vsh,5-15,1.110025423359536,4,MAP_SCADA,20
3,UPFC_tsh,5-15,-0.23721435556683385,4,MAP_SCADA,20
4,UPFC_Vse,5-15,0.056649729262256,4,MAP_SCADA,20
5,UPFC_tse,5-15,-2.120514447465491,4,MAP_SCADA,20
0,x_tcsc,1-14,-0.10894444393950577,0,MAP_SCADA,21
1,B_svc,2,0.17442819564021353,0,MAP_SCADA,21
2,UPFC_Vsh,5-15,1.1090519233583687,0,MAP_SCADA,21
3,UPFC_tsh,5-15,-0.23677859150944774,0,MAP_SCADA,21
4,UPFC_Vse,5-15,0.05618607955511068,0,MAP_SCADA,21
5,UPFC_tse,5-15,-2.120436803186121,0,MAP_SCADA,21
0,x_tcsc,1-14,-0.1086557854324968,1,MAP_SCADA,21
1,B_svc,2,0.1718083889149478,1,MAP_SCADA,21
2,UPFC_Vsh,5-15,1.1111729205481724,1,MAP_SCADA,21
3,UPFC_tsh,5-15,-0.23600643997517118,1,MAP_SCADA,21
4,UPFC_Vse,5-15,0.056341331949025186,1,MAP_SCADA,21
5,UPFC_tse,5-15,-2.116392558348492,1,MAP_SCADA,21
0,x_tcsc,1-14,-0.10899217429574441,2,MAP_SCADA,21
1,B_svc,2,0.17409123288426806,2,MAP_SCADA,21
2,UPFC_Vsh,5-15,1.1115687089142834,2,MAP_SCADA,21
3,UPFC_tsh,5-15,-0.23620296001326618,2,MAP_SCADA,21
4,UPFC_Vse,5-15,0.05577824032067984,2,MAP_SCADA,21
5,UPFC_tse,5-15,-2.118666830241592,2,MAP_SCADA,21
0,x_tcsc,1-14,-0.1099699078825967,3,MAP_SCADA,21
1,B_svc,2,0.1675215385686988,3,MAP_SCADA,21
2,UPFC_Vsh,5-15,1.1142020895003966,3,MAP_SCADA,21
3,UPFC_tsh,5-15,-0.23459957098552844,3,MAP_SCADA,21
4,UPFC_Vse,5-15,0.055805643047621034,3,MAP_SCADA,21
5,UPFC_tse,5-15,-2.118255827007005,3,MAP_SCADA,21
0,x_tcsc,1-14,-0.10828649645913167,4,MAP_SCADA,21
1,B_svc,2,0.17742763248443139,4,MAP_SCADA,21
2,UPFC_Vsh,5-15,1.110025423359536,4,MAP_SCADA,21
3,UPFC_tsh,5-15,-0.23721435556683385,4,MAP_SCADA,21
4,UPFC_Vse,5-15,0.056649729262256,4,MAP_SCADA,21
5,UPFC_tse,5-15,-2.120514447465491,4,MAP_SCADA,21
0,x_tcsc,1-14,-0.10894444393950577,0,MAP_SCADA,22
1,B_svc,2,0.17442819564021353,0,MAP_SCADA,22
2,UPFC_Vsh,5-15,1.1090519233583687,0,MAP_SCADA,22
3,UPFC_tsh,5-15,-0.23677859150944774,0,MAP_SCADA,22
4,UPFC_Vse,5-15,0.05618607955511068,0,MAP_SCADA,22
5,UPFC_tse,5-15,-2.120436803186121,0,MAP_SCADA,22
0,x_tcsc,1-14,-0.1086557854324968,1,MAP_SCADA,22
1,B_svc,2,0.1718083889149478,1,MAP_SCADA,22
2,UPFC_Vsh,5-15,1.1111729205481724,1,MAP_SCADA,22
3,UPFC_tsh,5-15,-0.23600643997517118,1,MAP_SCADA,22
4,UPFC_Vse,5-15,0.056341331949025186,1,MAP_SCADA,22
5,UPFC_tse,5-15,-2.116392558348492,1,MAP_SCADA,22
0,x_tcsc,1-14,-0.10899217429574441,2,MAP_SCADA,22
1,B_svc,2,0.17409123288426806,2,MAP_SCADA,22
2,UPFC_Vsh,5-15,1.1115687089142834,2,MAP_SCADA,22
3,UPFC_tsh,5-15,-0.23620296001326618,2,MAP_SCADA,22
4,UPFC_Vse,5-15,0.05577824032067984,2,MAP_SCADA,22
5,UPFC_tse,5-15,-2.118666830241592,2,MAP_SCADA,22
0,x_tcsc,1-14,-0.1099699078825967,3,MAP_SCADA,22
1,B_svc,2,0.1675215385686988,3,MAP_SCADA,22
2,UPFC_Vsh,5-15,1.1142020895003966,3,MAP_SCADA,22
3,UPFC_tsh,5-15,-0.23459957098552844,3,MAP_SCADA,22
4,UPFC_Vse,5-15,0.055805643047621034,3,MAP_SCADA,22
5,UPFC_tse,5-15,-2.118255827007005,3,MAP_SCADA,22
0,x_tcsc,1-14,-0.10828649645913167,4,MAP_SCADA,22
1,B_svc,2,0.17742763248443139,4,MAP_SCADA,22
2,UPFC_Vsh,5-15,1.110025423359536,4,MAP_SCADA,22
3,UPFC_tsh,5-15,-0.23721435556683385,4,MAP_SCADA,22
4,UPFC_Vse,5-15,0.056649729262256,4,MAP_SCADA,22
5,UPFC_tse,5-15,-2.120514447465491,4,MAP_SCADA,22
0,x_tcsc,1-14,-0.10894444393950577,0,MAP_SCADA,23
1,B_svc,2,0.17442819564021353,0,MAP_SCADA,23
2,UPFC_Vsh,5-15,1.1090519233583687,0,MAP_SCADA,23
3,UPFC_tsh,5-15,-0.23677859150944774,0,MAP_SCADA,23
4,UPFC_Vse,5-15,0.05618607955511068,0,MAP_SCADA,23
5,UPFC_tse,5-15,-2.120436803186121,0,MAP_SCADA,23
0,x_tcsc,1-14,-0.1086557854324968,1,MAP_SCADA,23
1,B_svc,2,0.1718083889149478,1,MAP_SCADA,23
2,UPFC_Vsh,5-15,1.1111729205481724,1,MAP_SCADA,23
3,UPFC_tsh,5-15,-0.23600643997517118,1,MAP_SCADA,23
4,UPFC_Vse,5-15,0.056341331949025186,1,MAP_SCADA,23
5,UPFC_tse,5-15,-2.116392558348492,1,MAP_SCADA,23
0,x_tcsc,1-14,-0.10899217429574441,2,MAP_SCADA,23
1,B_svc,2,0.17409123288426806,2,MAP_SCADA,23
2,UPFC_Vsh,5-15,1.1115687089142834,2,MAP_SCADA,23
3,UPFC_tsh,5-15,-0.23620296001326618,2,MAP_SCADA,23
4,UPFC_Vse,5-15,0.05577824032067984,2,MAP_SCADA,23
5,UPFC_tse,5-15,-2.118666830241592,2,MAP_SCADA,23
0,x_tcsc,1-14,-0.1099699078825967,3,MAP_SCADA,23
1,B_svc,2,0.1675215385686988,3,MAP_SCADA,23
2,UPFC_Vsh,5-15,1.1142020895003966,3,MAP_SCADA,23
3,UPFC_tsh,5-15,-0.23459957098552844,3,MAP_SCADA,23
4,UPFC_Vse,5-15,0.055805643047621034,3,MAP_SCADA,23
5,UPFC_tse,5-15,-2.118255827007005,3,MAP_SCADA,23
0,x_tcsc,1-14,-0.10828649645913167,4,MAP_SCADA,23
1,B_svc,2,0.17742763248443139,4,MAP_SCADA,23
2,UPFC_Vsh,5-15,1.110025423359536,4,MAP_SCADA,23
3,UPFC_tsh,5-15,-0.23721435556683385,4,MAP_SCADA,23
4,UPFC_Vse,5-15,0.056649729262256,4,MAP_SCADA,23
5,UPFC_tse,5-15,-2.120514447465491,4,MAP_SCADA,23
0,x_tcsc,1-14,-0.10894444393950577,0,MAP_SCADA,24
1,B_svc,2,0.17442819564021353,0,MAP_SCADA,24
2,UPFC_Vsh,5-15,1.1090519233583687,0,MAP_SCADA,24
3,UPFC_tsh,5-15,-0.23677859150944774,0,MAP_SCADA,24
4,UPFC_Vse,5-15,0.05618607955511068,0,MAP_SCADA,24
5,UPFC_tse,5-15,-2.120436803186121,0,MAP_SCADA,24
0,x_tcsc,1-14,-0.1086557854324968,1,MAP_SCADA,24
1,B_svc,2,0.1718083889149478,1,MAP_SCADA,24
2,UPFC_Vsh,5-15,1.1111729205481724,1,MAP_SCADA,24
3,UPFC_tsh,5-15,-0.23600643997517118,1,MAP_SCADA,24
4,UPFC_Vse,5-15,0.056341331949025186,1,MAP_SCADA,24
5,UPFC_tse,5-15,-2.116392558348492,1,MAP_SCADA,24
0,x_tcsc,1-14,-0.10899217429574441,2,MAP_SCADA,24
1,B_svc,2,0.17409123288426806,2,MAP_SCADA,24
2,UPFC_Vsh,5-15,1.1115687089142834,2,MAP_SCADA,24
3,UPFC_tsh,5-15,-0.23620296001326618,2,MAP_SCADA,24
4,UPFC_Vse,5-15,0.05577824032067984,2,MAP_SCADA,24
5,UPFC_tse,5-15,-2.118666830241592,2,MAP_SCADA,24
0,x_tcsc,1-14,-0.1099699078825967,3,MAP_SCADA,24
1,B_svc,2,0.1675215385686988,3,MAP_SCADA,24
2,UPFC_Vsh,5-15,1.1142020895003966,3,MAP_SCADA,24
3,UPFC_tsh,5-15,-0.23459957098552844,3,MAP_SCADA,24
4,UPFC_Vse,5-15,0.055805643047621034,3,MAP_SCADA,24
5,UPFC_tse,5-15,-2.118255827007005,3,MAP_SCADA,24
0,x_tcsc,1-14,-0.10828649645913167,4,MAP_SCADA,24
1,B_svc,2,0.17742763248443139,4,MAP_SCADA,24
2,UPFC_Vsh,5-15,1.110025423359536,4,MAP_SCADA,24
3,UPFC_tsh,5-15,-0.23721435556683385,4,MAP_SCADA,24
4,UPFC_Vse,5-15,0.056649729262256,4,MAP_SCADA,24
5,UPFC_tse,5-15,-2.120514447465491,4,MAP_SCADA,24
0,x_tcsc,1-14,-0.10894444393950577,0,MAP_SCADA,25
1,B_svc,2,0.17442819564021353,0,MAP_SCADA,25
2,UPFC_Vsh,5-15,1.1090519233583687,0,MAP_SCADA,25
3,UPFC_tsh,5-15,-0.23677859150944774,0,MAP_SCADA,25
4,UPFC_Vse,5-15,0.05618607955511068,0,MAP_SCADA,25
5,UPFC_tse,5-15,-2.120436803186121,0,MAP_SCADA,25
0,x_tcsc,1-14,-0.1086557854324968,1,MAP_SCADA,25
1,B_svc,2,0.1718083889149478,1,MAP_SCADA,25
2,UPFC_Vsh,5-15,1.1111729205481724,1,MAP_SCADA,25
3,UPFC_tsh,5-15,-0.23600643997517118,1,MAP_SCADA,25
4,UPFC_Vse,5-15,0.056341331949025186,1,MAP_SCADA,25
5,UPFC_tse,5-15,-2.116392558348492,1,MAP_SCADA,25
0,x_tcsc,1-14,-0.10899217429574441,2,MAP_SCADA,25
1,B_svc,2,0.17409123288426806,2,MAP_SCADA,25
2,UPFC_Vsh,5-15,1.1115687089142834,2,MAP_SCADA,25
3,UPFC_tsh,5-15,-0.23620296001326618,2,MAP_SCADA,25
4,UPFC_Vse,5-15,0.05577824032067984,2,MAP_SCADA,25
5,UPFC_tse,5-15,-2.118666830241592,2,MAP_SCADA,25
0,x_tcsc,1-14,-0.1099699078825967,3,MAP_SCADA,25
1,B_svc,2,0.1675215385686988,3,MAP_SCADA,25
2,UPFC_Vsh,5-15,1.1142020895003966,3,MAP_SCADA,25
3,UPFC_tsh,5-15,-0.23459957098552844,3,MAP_SCADA,25
4,UPFC_Vse,5-15,0.055805643047621034,3,MAP_SCADA,25
5,UPFC_tse,5-15,-2.118255827007005,3,MAP_SCADA,25
0,x_tcsc,1-14,-0.10828649645913167,4,MAP_SCADA,25
1,B_svc,2,0.17742763248443139,4,MAP_SCADA,25
2,UPFC_Vsh,5-15,1.110025423359536,4,MAP_SCADA,25
3,UPFC_tsh,5-15,-0.23721435556683385,4,MAP_SCADA,25
4,UPFC_Vse,5-15,0.056649729262256,4,MAP_SCADA,25
5,UPFC_tse,5-15,-2.120514447465491,4,MAP_SCADA,25
0,x_tcsc,1-14,-0.10894444393950577,0,MAP_SCADA,26
1,B_svc,2,0.17442819564021353,0,MAP_SCADA,26
2,UPFC_Vsh,5-15,1.1090519233583687,0,MAP_SCADA,26
3,UPFC_tsh,5-15,-0.23677859150944774,0,MAP_SCADA,26
4,UPFC_Vse,5-15,0.05618607955511068,0,MAP_SCADA,26
5,UPFC_tse,5-15,-2.120436803186121,0,MAP_SCADA,26
0,x_tcsc,1-14,-0.1086557854324968,1,MAP_SCADA,26
1,B_svc,2,0.1718083889149478,1,MAP_SCADA,26
2,UPFC_Vsh,5-15,1.1111729205481724,1,MAP_SCADA,26
3,UPFC_tsh,5-15,-0.23600643997517118,1,MAP_SCADA,26
4,UPFC_Vse,5-15,0.056341331949025186,1,MAP_SCADA,26
5,UPFC_tse,5-15,-2.116392558348492,1,MAP_SCADA,26
0,x_tcsc,1-14,-0.10899217429574441,2,MAP_SCADA,26
1,B_svc,2,0.17409123288426806,2,MAP_SCADA,26
2,UPFC_Vsh,5-15,1.1115687089142834,2,MAP_SCADA,26
3,UPFC_tsh,5-15,-0.23620296001326618,2,MAP_SCADA,26
4,UPFC_Vse,5-15,0.05577824032067984,2,MAP_SCADA,26
5,UPFC_tse,5-15,-2.118666830241592,2,MAP_SCADA,26
0,x_tcsc,1-14,-0.1099699078825967,3,MAP_SCADA,26
1,B_svc,2,0.1675215385686988,3,MAP_SCADA,26
2,UPFC_Vsh,5-15,1.1142020895003966,3,MAP_SCADA,26
3,UPFC_tsh,5-15,-0.23459957098552844,3,MAP_SCADA,26
4,UPFC_Vse,5-15,0.055805643047621034,3,MAP_SCADA,26
5,UPFC_tse,5-15,-2.118255827007005,3,MAP_SCADA,26
0,x_tcsc,1-14,-0.10828649645913167,4,MAP_SCADA,26
1,B_svc,2,0.17742763248443139,4,MAP_SCADA,26
2,UPFC_Vsh,5-15,1.110025423359536,4,MAP_SCADA,26
3,UPFC_tsh,5-15,-0.23721435556683385,4,MAP_SCADA,26
4,UPFC_Vse,5-15,0.056649729262256,4,MAP_SCADA,26
5,UPFC_tse,5-15,-2.120514447465491,4,MAP_SCADA,26
0,x_tcsc,1-14,-0.10894444393950577,0,MAP_SCADA,27
1,B_svc,2,0.17442819564021353,0,MAP_SCADA,27
2,UPFC_Vsh,5-15,1.1090519233583687,0,MAP_SCADA,27
3,UPFC_tsh,5-15,-0.23677859150944774,0,MAP_SCADA,27
4,UPFC_Vse,5-15,0.05618607955511068,0,MAP_SCADA,27
5,UPFC_tse,5-15,-2.120436803186121,0,MAP_SCADA,27
0,x_tcsc,1-14,-0.1086557854324968,1,MAP_SCADA,27
1,B_svc,2,0.1718083889149478,1,MAP_SCADA,27
2,UPFC_Vsh,5-15,1.1111729205481724,1,MAP_SCADA,27
3,UPFC_tsh,5-15,-0.23600643997517118,1,MAP_SCADA,27
4,UPFC_Vse,5-15,0.056341331949025186,1,MAP_SCADA,27
5,UPFC_tse,5-15,-2.116392558348492,1,MAP_SCADA,27
0,x_tcsc,1-14,-0.10899217429574441,2,MAP_SCADA,27
1,B_svc,2,0.17409123288426806,2,MAP_SCADA,27
2,UPFC_Vsh,5-15,1.1115687089142834,2,MAP_SCADA,27
3,UPFC_tsh,5-15,-0.23620296001326618,2,MAP_SCADA,27
4,UPFC_Vse,5-15,0.05577824032067984,2,MAP_SCADA,27
5,UPFC_tse,5-15,-2.118666830241592,2,MAP_SCADA,27
0,x_tcsc,1-14,-0.1099699078825967,3,MAP_SCADA,27
1,B_svc,2,0.1675215385686988,3,MAP_SCADA,27
2,UPFC_Vsh,5-15,1.1142020895003966,3,MAP_SCADA,27
3,UPFC_tsh,5-15,-0.23459957098552844,3,MAP_SCADA,27
4,UPFC_Vse,5-15,0.055805643047621034,3,MAP_SCADA,27
5,UPFC_tse,5-15,-2.118255827007005,3,MAP_SCADA,27
0,x_tcsc,1-14,-0.10828649645913167,4,MAP_SCADA,27
1,B_svc,2,0.17742763248443139,4,MAP_SCADA,27
2,UPFC_Vsh,5-15,1.110025423359536,4,MAP_SCADA,27
3,UPFC_tsh,5-15,-0.23721435556683385,4,MAP_SCADA,27
4,UPFC_Vse,5-15,0.056649729262256,4,MAP_SCADA,27
5,UPFC_tse,5-15,-2.120514447465491,4,MAP_SCADA,27
0,x_tcsc,1-14,-0.10894444393950577,0,MAP_SCADA,28
1,B_svc,2,0.17442819564021353,0,MAP_SCADA,28
2,UPFC_Vsh,5-15,1.1090519233583687,0,MAP_SCADA,28
3,UPFC_tsh,5-15,-0.23677859150944774,0,MAP_SCADA,28
4,UPFC_Vse,5-15,0.05618607955511068,0,MAP_SCADA,28
5,UPFC_tse,5-15,-2.120436803186121,0,MAP_SCADA,28
0,x_tcsc,1-14,-0.1086557854324968,1,MAP_SCADA,28
1,B_svc,2,0.1718083889149478,1,MAP_SCADA,28
2,UPFC_Vsh,5-15,1.1111729205481724,1,MAP_SCADA,28
3,UPFC_tsh,5-15,-0.23600643997517118,1,MAP_SCADA,28
4,UPFC_Vse,5-15,0.056341331949025186,1,MAP_SCADA,28
5,UPFC_tse,5-15,-2.116392558348492,1,MAP_SCADA,28
0,x_tcsc,1-14,-0.10899217429574441,2,MAP_SCADA,28
1,B_svc,2,0.17409123288426806,2,MAP_SCADA,28
2,UPFC_Vsh,5-15,1.1115687089142834,2,MAP_SCADA,28
3,UPFC_tsh,5-15,-0.23620296001326618,2,MAP_SCADA,28
4,UPFC_Vse,5-15,0.05577824032067984,2,MAP_SCADA,28
5,UPFC_tse,5-15,-2.118666830241592,2,MAP_SCADA,28
0,x_tcsc,1-14,-0.1099699078825967,3,MAP_SCADA,28
1,B_svc,2,0.1675215385686988,3,MAP_SCADA,28
2,UPFC_Vsh,5-15,1.1142020895003966,3,MAP_SCADA,28
3,UPFC_tsh,5-15,-0.23459957098552844,3,MAP_SCADA,28
4,UPFC_Vse,5-15,0.055805643047621034,3,MAP_SCADA,28
5,UPFC_tse,5-15,-2.118255827007005,3,MAP_SCADA,28
0,x_tcsc,1-14,-0.10828649645913167,4,MAP_SCADA,28
1,B_svc,2,0.17742763248443139,4,MAP_SCADA,28
2,UPFC_Vsh,5-15,1.110025423359536,4,MAP_SCADA,28
3,UPFC_tsh,5-15,-0.23721435556683385,4,MAP_SCADA,28
4,UPFC_Vse,5-15,0.056649729262256,4,MAP_SCADA,28
5,UPFC_tse,5-15,-2.120514447465491,4,MAP_SCADA,28
0,x_tcsc,1-14,-0.10894444393950577,0,MAP_SCADA,29
1,B_svc,2,0.17442819564021353,0,MAP_SCADA,29
2,UPFC_Vsh,5-15,1.1090519233583687,0,MAP_SCADA,29
3,UPFC_tsh,5-15,-0.23677859150944774,0,MAP_SCADA,29
4,UPFC_Vse,5-15,0.05618607955511068,0,MAP_SCADA,29
5,UPFC_tse,5-15,-2.120436803186121,0,MAP_SCADA,29
0,x_tcsc,1-14,-0.1086557854324968,1,MAP_SCADA,29
1,B_svc,2,0.1718083889149478,1,MAP_SCADA,29
2,UPFC_Vsh,5-15,1.1111729205481724,1,MAP_SCADA,29
3,UPFC_tsh,5-15,-0.23600643997517118,1,MAP_SCADA,29
4,UPFC_Vse,5-15,0.056341331949025186,1,MAP_SCADA,29
5,UPFC_tse,5-15,-2.116392558348492,1,MAP_SCADA,29
0,x_tcsc,1-14,-0.10899217429574441,2,MAP_SCADA,29
1,B_svc,2,0.17409123288426806,2,MAP_SCADA,29
2,UPFC_Vsh,5-15,1.1115687089142834,2,MAP_SCADA,29
3,UPFC_tsh,5-15,-0.23620296001326618,2,MAP_SCADA,29
4,UPFC_Vse,5-15,0.05577824032067984,2,MAP_SCADA,29
5,UPFC_tse,5-15,-2.118666830241592,2,MAP_SCADA,29
0,x_tcsc,1-14,-0.1099699078825967,3,MAP_SCADA,29
1,B_svc,2,0.1675215385686988,3,MAP_SCADA,29
2,UPFC_Vsh,5-15,1.1142020895003966,3,MAP_SCADA,29
3,UPFC_tsh,5-15,-0.23459957098552844,3,MAP_SCADA,29
4,UPFC_Vse,5-15,0.055805643047621034,3,MAP_SCADA,29
5,UPFC_tse,5-15,-2.118255827007005,3,MAP_SCADA,29
0,x_tcsc,1-14,-0.10828649645913167,4,MAP_SCADA,29
1,B_svc,2,0.17742763248443139,4,MAP_SCADA,29
2,UPFC_Vsh,5-15,1.110025423359536,4,MAP_SCADA,29
3,UPFC_tsh,5-15,-0.23721435556683385,4,MAP_SCADA,29
4,UPFC_Vse,5-15,0.056649729262256,4,MAP_SCADA,29
5,UPFC_tse,5-15,-2.120514447465491,4,MAP_SCADA,29
0,x_tcsc,1-14,-0.10894444393950577,0,MAP_SCADA,30
1,B_svc,2,0.17442819564021353,0,MAP_SCADA,30
2,UPFC_Vsh,5-15,1.1090519233583687,0,MAP_SCADA,30
3,UPFC_tsh,5-15,-0.23677859150944774,0,MAP_SCADA,30
4,UPFC_Vse,5-15,0.05618607955511068,0,MAP_SCADA,30
5,UPFC_tse,5-15,-2.120436803186121,0,MAP_SCADA,30
0,x_tcsc,1-14,-0.1086557854324968,1,MAP_SCADA,30
1,B_svc,2,0.1718083889149478,1,MAP_SCADA,30
2,UPFC_Vsh,5-15,1.1111729205481724,1,MAP_SCADA,30
3,UPFC_tsh,5-15,-0.23600643997517118,1,MAP_SCADA,30
4,UPFC_Vse,5-15,0.056341331949025186,1,MAP_SCADA,30
5,UPFC_tse,5-15,-2.116392558348492,1,MAP_SCADA,30
0,x_tcsc,1-14,-0.10899217429574441,2,MAP_SCADA,30
1,B_svc,2,0.17409123288426806,2,MAP_SCADA,30
2,UPFC_Vsh,5-15,1.1115687089142834,2,MAP_SCADA,30
3,UPFC_tsh,5-15,-0.23620296001326618,2,MAP_SCADA,30
4,UPFC_Vse,5-15,0.05577824032067984,2,MAP_SCADA,30
5,UPFC_tse,5-15,-2.118666830241592,2,MAP_SCADA,30
0,x_tcsc,1-14,-0.1099699078825967,3,MAP_SCADA,30
1,B_svc,2,0.1675215385686988,3,MAP_SCADA,30
2,UPFC_Vsh,5-15,1.1142020895003966,3,MAP_SCADA,30
3,UPFC_tsh,5-15,-0.23459957098552844,3,MAP_SCADA,30
4,UPFC_Vse,5-15,0.055805643047621034,3,MAP_SCADA,30
5,UPFC_tse,5-15,-2.118255827007005,3,MAP_SCADA,30
0,x_tcsc,1-14,-0.10828649645913167,4,MAP_SCADA,30
1,B_svc,2,0.17742763248443139,4,MAP_SCADA,30
2,UPFC_Vsh,5-15,1.110025423359536,4,MAP_SCADA,30
3,UPFC_tsh,5-15,-0.23721435556683385,4,MAP_SCADA,30
4,UPFC_Vse,5-15,0.056649729262256,4,MAP_SCADA,30
5,UPFC_tse,5-15,-2.120514447465491,4,MAP_SCADA,30
0,x_tcsc,1-14,-0.10894444393950577,0,MAP_SCADA,31
1,B_svc,2,0.17442819564021353,0,MAP_SCADA,31
2,UPFC_Vsh,5-15,1.1090519233583687,0,MAP_SCADA,31
3,UPFC_tsh,5-15,-0.23677859150944774,0,MAP_SCADA,31
4,UPFC_Vse,5-15,0.05618607955511068,0,MAP_SCADA,31
5,UPFC_tse,5-15,-2.120436803186121,0,MAP_SCADA,31
0,x_tcsc,1-14,-0.1086557854324968,1,MAP_SCADA,31
1,B_svc,2,0.1718083889149478,1,MAP_SCADA,31
2,UPFC_Vsh,5-15,1.1111729205481724,1,MAP_SCADA,31
3,UPFC_tsh,5-15,-0.23600643997517118,1,MAP_SCADA,31
4,UPFC_Vse,5-15,0.056341331949025186,1,MAP_SCADA,31
5,UPFC_tse,5-15,-2.116392558348492,1,MAP_SCADA,31
0,x_tcsc,1-14,-0.10899217429574441,2,MAP_SCADA,31
1,B_svc,2,0.17409123288426806,2,MAP_SCADA,31
2,UPFC_Vsh,5-15,1.1115687089142834,2,MAP_SCADA,31
3,UPFC_tsh,5-15,-0.23620296001326618,2,MAP_SCADA,31
4,UPFC_Vse,5-15,0.05577824032067984,2,MAP_SCADA,31
5,UPFC_tse,5-15,-2.118666830241592,2,MAP_SCADA,31
0,x_tcsc,1-14,-0.1099699078825967,3,MAP_SCADA,31
1,B_svc,2,0.1675215385686988,3,MAP_SCADA,31
2,UPFC_Vsh,5-15,1.1142020895003966,3,MAP_SCADA,31
3,UPFC_tsh,5-15,-0.23459957098552844,3,MAP_SCADA,31
4,UPFC_Vse,5-15,0.055805643047621034,3,MAP_SCADA,31
5,UPFC_tse,5-15,-2.118255827007005,3,MAP_SCADA,31
0,x_tcsc,1-14,-0.10828649645913167,4,MAP_SCADA,31
1,B_svc,2,0.17742763248443139,4,MAP_SCADA,31
2,UPFC_Vsh,5-15,1.110025423359536,4,MAP_SCADA,31
3,UPFC_tsh,5-15,-0.23721435556683385,4,MAP_SCADA,31
4,UPFC_Vse,5-15,0.056649729262256,4,MAP_SCADA,31
5,UPFC_tse,5-15,-2.120514447465491,4,MAP_SCADA,31
0,x_tcsc,1-14,-0.10894444393950577,0,MAP_SCADA,32
1,B_svc,2,0.17442819564021353,0,MAP_SCADA,32
2,UPFC_Vsh,5-15,1.1090519233583687,0,MAP_SCADA,32
3,UPFC_tsh,5-15,-0.23677859150944774,0,MAP_SCADA,32
4,UPFC_Vse,5-15,0.05618607955511068,0,MAP_SCADA,32
5,UPFC_tse,5-15,-2.120436803186121,0,MAP_SCADA,32
0,x_tcsc,1-14,-0.1086557854324968,1,MAP_SCADA,32
1,B_svc,2,0.1718083889149478,1,MAP_SCADA,32
2,UPFC_Vsh,5-15,1.1111729205481724,1,MAP_SCADA,32
3,UPFC_tsh,5-15,-0.23600643997517118,1,MAP_SCADA,32
4,UPFC_Vse,5-15,0.056341331949025186,1,MAP_SCADA,32
5,UPFC_tse,5-15,-2.116392558348492,1,MAP_SCADA,32
0,x_tcsc,1-14,-0.10899217429574441,2,MAP_SCADA,32
1,B_svc,2,0.17409123288426806,2,MAP_SCADA,32
2,UPFC_Vsh,5-15,1.1115687089142834,2,MAP_SCADA,32
3,UPFC_tsh,5-15,-0.23620296001326618,2,MAP_SCADA,32
4,UPFC_Vse,5-15,0.05577824032067984,2,MAP_SCADA,32
5,UPFC_tse,5-15,-2.118666830241592,2,MAP_SCADA,32
0,x_tcsc,1-14,-0.1099699078825967,3,MAP_SCADA,32
1,B_svc,2,0.1675215385686988,3,MAP_SCADA,32
2,UPFC_Vsh,5-15,1.1142020895003966,3,MAP_SCADA,32
3,UPFC_tsh,5-15,-0.23459957098552844,3,MAP_SCADA,32
4,UPFC_Vse,5-15,0.055805643047621034,3,MAP_SCADA,32
5,UPFC_tse,5-15,-2.118255827007005,3,MAP_SCADA,32
0,x_tcsc,1-14,-0.10828649645913167,4,MAP_SCADA,32
1,B_svc,2,0.17742763248443139,4,MAP_SCADA,32
2,UPFC_Vsh,5-15,1.110025423359536,4,MAP_SCADA,32
3,UPFC_tsh,5-15,-0.23721435556683385,4,MAP_SCADA,32
4,UPFC_Vse,5-15,0.056649729262256,4,MAP_SCADA,32
5,UPFC_tse,5-15,-2.120514447465491,4,MAP_SCADA,32
0,x_tcsc,1-14,-0.10894444393950577,0,MAP_SCADA,33
1,B_svc,2,0.17442819564021353,0,MAP_SCADA,33
2,UPFC_Vsh,5-15,1.1090519233583687,0,MAP_SCADA,33
3,UPFC_tsh,5-15,-0.23677859150944774,0,MAP_SCADA,33
4,UPFC_Vse,5-15,0.05618607955511068,0,MAP_SCADA,33
5,UPFC_tse,5-15,-2.120436803186121,0,MAP_SCADA,33
0,x_tcsc,1-14,-0.1086557854324968,1,MAP_SCADA,33
1,B_svc,2,0.1718083889149478,1,MAP_SCADA,33
2,UPFC_Vsh,5-15,1.1111729205481724,1,MAP_SCADA,33
3,UPFC_tsh,5-15,-0.23600643997517118,1,MAP_SCADA,33
4,UPFC_Vse,5-15,0.056341331949025186,1,MAP_SCADA,33
5,UPFC_tse,5-15,-2.116392558348492,1,MAP_SCADA,33
0,x_tcsc,1-14,-0.10899217429574441,2,MAP_SCADA,33
1,B_svc,2,0.17409123288426806,2,MAP_SCADA,33
2,UPFC_Vsh,5-15,1.1115687089142834,2,MAP_SCADA,33
3,UPFC_tsh,5-15,-0.23620296001326618,2,MAP_SCADA,33
4,UPFC_Vse,5-15,0.05577824032067984,2,MAP_SCADA,33
5,UPFC_tse,5-15,-2.118666830241592,2,MAP_SCADA,33
0,x_tcsc,1-14,-0.1099699078825967,3,MAP_SCADA,33
1,B_svc,2,0.1675215385686988,3,MAP_SCADA,33
2,UPFC_Vsh,5-15,1.1142020895003966,3,MAP_SCADA,33
3,UPFC_tsh,5-15,-0.23459957098552844,3,MAP_SCADA,33
4,UPFC_Vse,5-15,0.055805643047621034,3,MAP_SCADA,33
5,UPFC_tse,5-15,-2.118255827007005,3,MAP_SCADA,33
0,x_tcsc,1-14,-0.10828649645913167,4,MAP_SCADA,33
1,B_svc,2,0.17742763248443139,4,MAP_SCADA,33
2,UPFC_Vsh,5-15,1.110025423359536,4,MAP_SCADA,33
3,UPFC_tsh,5-15,-0.23721435556683385,4,MAP_SCADA,33
4,UPFC_Vse,5-15,0.056649729262256,4,MAP_SCADA,33
5,UPFC_tse,5-15,-2.120514447465491,4,MAP_SCADA,33
0,x_tcsc,1-14,-0.10894444393950577,0,MAP_SCADA,34
1,B_svc,2,0.17442819564021353,0,MAP_SCADA,34
2,UPFC_Vsh,5-15,1.1090519233583687,0,MAP_SCADA,34
3,UPFC_tsh,5-15,-0.23677859150944774,0,MAP_SCADA,34
4,UPFC_Vse,5-15,0.05618607955511068,0,MAP_SCADA,34
5,UPFC_tse,5-15,-2.120436803186121,0,MAP_SCADA,34
0,x_tcsc,1-14,-0.1086557854324968,1,MAP_SCADA,34
1,B_svc,2,0.1718083889149478,1,MAP_SCADA,34
2,UPFC_Vsh,5-15,1.1111729205481724,1,MAP_SCADA,34
3,UPFC_tsh,5-15,-0.23600643997517118,1,MAP_SCADA,34
4,UPFC_Vse,5-15,0.056341331949025186,1,MAP_SCADA,34
5,UPFC_tse,5-15,-2.116392558348492,1,MAP_SCADA,34
0,x_tcsc,1-14,-0.10899217429574441,2,MAP_SCADA,34
1,B_svc,2,0.17409123288426806,2,MAP_SCADA,34
2,UPFC_Vsh,5-15,1.1115687089142834,2,MAP_SCADA,34
3,UPFC_tsh,5-15,-0.23620296001326618,2,MAP_SCADA,34
4,UPFC_Vse,5-15,0.05577824032067984,2,MAP_SCADA,34
5,UPFC_tse,5-15,-2.118666830241592,2,MAP_SCADA,34
0,x_tcsc,1-14,-0.1099699078825967,3,MAP_SCADA,34
1,B_svc,2,0.1675215385686988,3,MAP_SCADA,34
2,UPFC_Vsh,5-15,1.1142020895003966,3,MAP_SCADA,34
3,UPFC_tsh,5-15,-0.23459957098552844,3,MAP_SCADA,34
4,UPFC_Vse,5-15,0.055805643047621034,3,MAP_SCADA,34
5,UPFC_tse,5-15,-2.118255827007005,3,MAP_SCADA,34
0,x_tcsc,1-14,-0.10828649645913167,4,MAP_SCADA,34
1,B_svc,2,0.17742763248443139,4,MAP_SCADA,34
2,UPFC_Vsh,5-15,1.110025423359536,4,MAP_SCADA,34
3,UPFC_tsh,5-15,-0.23721435556683385,4,MAP_SCADA,34
4,UPFC_Vse,5-15,0.056649729262256,4,MAP_SCADA,34
5,UPFC_tse,5-15,-2.120514447465491,4,MAP_SCADA,34
0,x_tcsc,1-14,-0.10894444393950577,0,MAP_SCADA,35
1,B_svc,2,0.17442819564021353,0,MAP_SCADA,35
2,UPFC_Vsh,5-15,1.1090519233583687,0,MAP_SCADA,35
3,UPFC_tsh,5-15,-0.23677859150944774,0,MAP_SCADA,35
4,UPFC_Vse,5-15,0.05618607955511068,0,MAP_SCADA,35
5,UPFC_tse,5-15,-2.120436803186121,0,MAP_SCADA,35
0,x_tcsc,1-14,-0.1086557854324968,1,MAP_SCADA,35
1,B_svc,2,0.1718083889149478,1,MAP_SCADA,35
2,UPFC_Vsh,5-15,1.1111729205481724,1,MAP_SCADA,35
3,UPFC_tsh,5-15,-0.23600643997517118,1,MAP_SCADA,35
4,UPFC_Vse,5-15,0.056341331949025186,1,MAP_SCADA,35
5,UPFC_tse,5-15,-2.116392558348492,1,MAP_SCADA,35
0,x_tcsc,1-14,-0.10899217429574441,2,MAP_SCADA,35
1,B_svc,2,0.17409123288426806,2,MAP_SCADA,35
2,UPFC_Vsh,5-15,1.1115687089142834,2,MAP_SCADA,35
3,UPFC_tsh,5-15,-0.23620296001326618,2,MAP_SCADA,35
4,UPFC_Vse,5-15,0.05577824032067984,2,MAP_SCADA,35
5,UPFC_tse,5-15,-2.118666830241592,2,MAP_SCADA,35
0,x_tcsc,1-14,-0.1099699078825967,3,MAP_SCADA,35
1,B_svc,2,0.1675215385686988,3,MAP_SCADA,35
2,UPFC_Vsh,5-15,1.1142020895003966,3,MAP_SCADA,35
3,UPFC_tsh,5-15,-0.23459957098552844,3,MAP_SCADA,35
4,UPFC_Vse,5-15,0.055805643047621034,3,MAP_SCADA,35
5,UPFC_tse,5-15,-2.118255827007005,3,MAP_SCADA,35
0,x_tcsc,1-14,-0.10828649645913167,4,MAP_SCADA,35
1,B_svc,2,0.17742763248443139,4,MAP_SCADA,35
2,UPFC_Vsh,5-15,1.110025423359536,4,MAP_SCADA,35
3,UPFC_tsh,5-15,-0.23721435556683385,4,MAP_SCADA,35
4,UPFC_Vse,5-15,0.056649729262256,4,MAP_SCADA,35
5,UPFC_tse,5-15,-2.120514447465491,4,MAP_SCADA,35
0,x_tcsc,1-14,-0.10894444393950577,0,MAP_SCADA,36
1,B_svc,2,0.17442819564021353,0,MAP_SCADA,36
2,UPFC_Vsh,5-15,1.1090519233583687,0,MAP_SCADA,36
3,UPFC_tsh,5-15,-0.23677859150944774,0,MAP_SCADA,36
4,UPFC_Vse,5-15,0.05618607955511068,0,MAP_SCADA,36
5,UPFC_tse,5-15,-2.120436803186121,0,MAP_SCADA,36
0,x_tcsc,1-14,-0.1086557854324968,1,MAP_SCADA,36
1,B_svc,2,0.1718083889149478,1,MAP_SCADA,36
2,UPFC_Vsh,5-15,1.1111729205481724,1,MAP_SCADA,36
3,UPFC_tsh,5-15,-0.23600643997517118,1,MAP_SCADA,36
4,UPFC_Vse,5-15,0.056341331949025186,1,MAP_SCADA,36
5,UPFC_tse,5-15,-2.116392558348492,1,MAP_SCADA,36
0,x_tcsc,1-14,-0.10899217429574441,2,MAP_SCADA,36
1,B_svc,2,0.17409123288426806,2,MAP_SCADA,36
2,UPFC_Vsh,5-15,1.1115687089142834,2,MAP_SCADA,36
3,UPFC_tsh,5-15,-0.23620296001326618,2,MAP_SCADA,36
4,UPFC_Vse,5-15,0.05577824032067984,2,MAP_SCADA,36
5,UPFC_tse,5-15,-2.118666830241592,2,MAP_SCADA,36
0,x_tcsc,1-14,-0.1099699078825967,3,MAP_SCADA,36
1,B_svc,2,0.1675215385686988,3,MAP_SCADA,36
2,UPFC_Vsh,5-15,1.1142020895003966,3,MAP_SCADA,36
3,UPFC_tsh,5-15,-0.23459957098552844,3,MAP_SCADA,36
4,UPFC_Vse,5-15,0.055805643047621034,3,MAP_SCADA,36
5,UPFC_tse,5-15,-2.118255827007005,3,MAP_SCADA,36
0,x_tcsc,1-14,-0.10828649645913167,4,MAP_SCADA,36
1,B_svc,2,0.17742763248443139,4,MAP_SCADA,36
2,UPFC_Vsh,5-15,1.110025423359536,4,MAP_SCADA,36
3,UPFC_tsh,5-15,-0.23721435556683385,4,MAP_SCADA,36
4,UPFC_Vse,5-15,0.056649729262256,4,MAP_SCADA,36
5,UPFC_tse,5-15,-2.120514447465491,4,MAP_SCADA,36
0,x_tcsc,1-14,-0.10894444393950577,0,MAP_SCADA,37
1,B_svc,2,0.17442819564021353,0,MAP_SCADA,37
2,UPFC_Vsh,5-15,1.1090519233583687,0,MAP_SCADA,37
3,UPFC_tsh,5-15,-0.23677859150944774,0,MAP_SCADA,37
4,UPFC_Vse,5-15,0.05618607955511068,0,MAP_SCADA,37
5,UPFC_tse,5-15,-2.120436803186121,0,MAP_SCADA,37
0,x_tcsc,1-14,-0.1086557854324968,1,MAP_SCADA,37
1,B_svc,2,0.1718083889149478,1,MAP_SCADA,37
2,UPFC_Vsh,5-15,1.1111729205481724,1,MAP_SCADA,37
3,UPFC_tsh,5-15,-0.23600643997517118,1,MAP_SCADA,37
4,UPFC_Vse,5-15,0.056341331949025186,1,MAP_SCADA,37
5,UPFC_tse,5-15,-2.116392558348492,1,MAP_SCADA,37
0,x_tcsc,1-14,-0.10899217429574441,2,MAP_SCADA,37
1,B_svc,2,0.17409123288426806,2,MAP_SCADA,37
2,UPFC_Vsh,5-15,1.1115687089142834,2,MAP_SCADA,37
3,UPFC_tsh,5-15,-0.23620296001326618,2,MAP_SCADA,37
4,UPFC_Vse,5-15,0.05577824032067984,2,MAP_SCADA,37
5,UPFC_tse,5-15,-2.118666830241592,2,MAP_SCADA,37
0,x_tcsc,1-14,-0.1099699078825967,3,MAP_SCADA,37
1,B_svc,2,0.1675215385686988,3,MAP_SCADA,37
2,UPFC_Vsh,5-15,1.1142020895003966,3,MAP_SCADA,37
3,UPFC_tsh,5-15,-0.23459957098552844,3,MAP_SCADA,37
4,UPFC_Vse,5-15,0.055805643047621034,3,MAP_SCADA,37
5,UPFC_tse,5-15,-2.118255827007005,3,MAP_SCADA,37
0,x_tcsc,1-14,-0.10828649645913167,4,MAP_SCADA,37
1,B_svc,2,0.17742763248443139,4,MAP_SCADA,37
2,UPFC_Vsh,5-15,1.110025423359536,4,MAP_SCADA,37
3,UPFC_tsh,5-15,-0.23721435556683385,4,MAP_SCADA,37
4,UPFC_Vse,5-15,0.056649729262256,4,MAP_SCADA,37
5,UPFC_tse,5-15,-2.120514447465491,4,MAP_SCADA,37
0,x_tcsc,1-14,-0.10894444393950577,0,MAP_SCADA,38
1,B_svc,2,0.17442819564021353,0,MAP_SCADA,38
2,UPFC_Vsh,5-15,1.1090519233583687,0,MAP_SCADA,38
3,UPFC_tsh,5-15,-0.23677859150944774,0,MAP_SCADA,38
4,UPFC_Vse,5-15,0.05618607955511068,0,MAP_SCADA,38
5,UPFC_tse,5-15,-2.120436803186121,0,MAP_SCADA,38
0,x_tcsc,1-14,-0.1086557854324968,1,MAP_SCADA,38
1,B_svc,2,0.1718083889149478,1,MAP_SCADA,38
2,UPFC_Vsh,5-15,1.1111729205481724,1,MAP_SCADA,38
3,UPFC_tsh,5-15,-0.23600643997517118,1,MAP_SCADA,38
4,UPFC_Vse,5-15,0.056341331949025186,1,MAP_SCADA,38
5,UPFC_tse,5-15,-2.116392558348492,1,MAP_SCADA,38
0,x_tcsc,1-14,-0.10899217429574441,2,MAP_SCADA,38
1,B_svc,2,0.17409123288426806,2,MAP_SCADA,38
2,UPFC_Vsh,5-15,1.1115687089142834,2,MAP_SCADA,38
3,UPFC_tsh,5-15,-0.23620296001326618,2,MAP_SCADA,38
4,UPFC_Vse,5-15,0.05577824032067984,2,MAP_SCADA,38
5,UPFC_tse,5-15,-2.118666830241592,2,MAP_SCADA,38
0,x_tcsc,1-14,-0.1099699078825967,3,MAP_SCADA,38
1,B_svc,2,0.1675215385686988,3,MAP_SCADA,38
2,UPFC_Vsh,5-15,1.1142020895003966,3,MAP_SCADA,38
3,UPFC_tsh,5-15,-0.23459957098552844,3,MAP_SCADA,38
4,UPFC_Vse,5-15,0.055805643047621034,3,MAP_SCADA,38
5,UPFC_tse,5-15,-2.118255827007005,3,MAP_SCADA,38
0,x_tcsc,1-14,-0.10828649645913167,4,MAP_SCADA,38
1,B_svc,2,0.17742763248443139,4,MAP_SCADA,38
2,UPFC_Vsh,5-15,1.110025423359536,4,MAP_SCADA,38
3,UPFC_tsh,5-15,-0.23721435556683385,4,MAP_SCADA,38
4,UPFC_Vse,5-15,0.056649729262256,4,MAP_SCADA,38
5,UPFC_tse,5-15,-2.120514447465491,4,MAP_SCADA,38
0,x_tcsc,1-14,-0.10894444393950577,0,MAP_SCADA,39
1,B_svc,2,0.17442819564021353,0,MAP_SCADA,39
2,UPFC_Vsh,5-15,1.1090519233583687,0,MAP_SCADA,39
3,UPFC_tsh,5-15,-0.23677859150944774,0,MAP_SCADA,39
4,UPFC_Vse,5-15,0.05618607955511068,0,MAP_SCADA,39
5,UPFC_tse,5-15,-2.120436803186121,0,MAP_SCADA,39
0,x_tcsc,1-14,-0.1086557854324968,1,MAP_SCADA,39
1,B_svc,2,0.1718083889149478,1,MAP_SCADA,39
2,UPFC_Vsh,5-15,1.1111729205481724,1,MAP_SCADA,39
3,UPFC_tsh,5-15,-0.23600643997517118,1,MAP_SCADA,39
4,UPFC_Vse,5-15,0.056341331949025186,1,MAP_SCADA,39
5,UPFC_tse,5-15,-2.116392558348492,1,MAP_SCADA,39
0,x_tcsc,1-14,-0.10899217429574441,2,MAP_SCADA,39
1,B_svc,2,0.17409123288426806,2,MAP_SCADA,39
2,UPFC_Vsh,5-15,1.1115687089142834,2,MAP_SCADA,39
3,UPFC_tsh,5-15,-0.23620296001326618,2,MAP_SCADA,39
4,UPFC_Vse,5-15,0.05577824032067984,2,MAP_SCADA,39
5,UPFC_tse,5-15,-2.118666830241592,2,MAP_SCADA,39
0,x_tcsc,1-14,-0.1099699078825967,3,MAP_SCADA,39
1,B_svc,2,0.1675215385686988,3,MAP_SCADA,39
2,UPFC_Vsh,5-15,1.1142020895003966,3,MAP_SCADA,39
3,UPFC_tsh,5-15,-0.23459957098552844,3,MAP_SCADA,39
4,UPFC_Vse,5-15,0.055805643047621034,3,MAP_SCADA,39
5,UPFC_tse,5-15,-2.118255827007005,3,MAP_SCADA,39
0,x_tcsc,1-14,-0.10828649645913167,4,MAP_SCADA,39
1,B_svc,2,0.17742763248443139,4,MAP_SCADA,39
2,UPFC_Vsh,5-15,1.110025423359536,4,MAP_SCADA,39
3,UPFC_tsh,5-15,-0.23721435556683385,4,MAP_SCADA,39
4,UPFC_Vse,5-15,0.056649729262256,4,MAP_SCADA,39
5,UPFC_tse,5-15,-2.120514447465491,4,MAP_SCADA,39
0,x_tcsc,1-14,-0.10988174734999331,0,MAP_SCADA,40
1,B_svc,2,0.17571214601223095,0,MAP_SCADA,40
2,UPFC_Vsh,5-15,1.1094886947843363,0,MAP_SCADA,40
3,UPFC_tsh,5-15,-0.2363967511358207,0,MAP_SCADA,40
4,UPFC_Vse,5-15,0.054783695621034786,0,MAP_SCADA,40
5,UPFC_tse,5-15,-2.1023195258308345,0,MAP_SCADA,40
0,x_tcsc,1-14,-0.10960738325028634,1,MAP_SCADA,40
1,B_svc,2,0.17304016813843393,1,MAP_SCADA,40
2,UPFC_Vsh,5-15,1.111589340274025,1,MAP_SCADA,40
3,UPFC_tsh,5-15,-0.2356278165525924,1,MAP_SCADA,40
4,UPFC_Vse,5-15,0.054983068832470214,1,MAP_SCADA,40
5,UPFC_tse,5-15,-2.09840427225854,1,MAP_SCADA,40
0,x_tcsc,1-14,-0.10994431093079703,2,MAP_SCADA,40
1,B_svc,2,0.1753239282076408,2,MAP_SCADA,40
2,UPFC_Vsh,5-15,1.111998389669153,2,MAP_SCADA,40
3,UPFC_tsh,5-15,-0.23581188587916524,2,MAP_SCADA,40
4,UPFC_Vse,5-15,0.054402221965770284,2,MAP_SCADA,40
5,UPFC_tse,5-15,-2.100456264451752,2,MAP_SCADA,40
0,x_tcsc,1-14,-0.11088531728575657,3,MAP_SCADA,40
1,B_svc,2,0.16882739996408214,3,MAP_SCADA,40
2,UPFC_Vsh,5-15,1.1146440548284218,3,MAP_SCADA,40
3,UPFC_tsh,5-15,-0.2342233735799073,3,MAP_SCADA,40
4,UPFC_Vse,5-15,0.05442679302168522,3,MAP_SCADA,40
5,UPFC_tse,5-15,-2.100007416472921,3,MAP_SCADA,40
0,x_tcsc,1-14,-0.10924856110569313,4,MAP_SCADA,40
1,B_svc,2,0.17865218105972955,4,MAP_SCADA,40
2,UPFC_Vsh,5-15,1.1104618731522284,4,MAP_SCADA,40
3,UPFC_tsh,5-15,-0.23682220081140762,4,MAP_SCADA,40
4,UPFC_Vse,5-15,0.05525779056621724,4,MAP_SCADA,40
5,UPFC_tse,5-15,-2.1026913843578425,4,MAP_SCADA,40
0,x_tcsc,1-14,-0.10988174734999331,0,MAP_SCADA,41
1,B_svc,2,0.17571214601223095,0,MAP_SCADA,41
2,UPFC_Vsh,5-15,1.1094886947843363,0,MAP_SCADA,41
3,UPFC_tsh,5-15,-0.2363967511358207,0,MAP_SCADA,41
4,UPFC_Vse,5-15,0.054783695621034786,0,MAP_SCADA,41
5,UPFC_tse,5-15,-2.1023195258308345,0,MAP_SCADA,41
0,x_tcsc,1-14,-0.10960738325028634,1,MAP_SCADA,41
1,B_svc,2,0.17304016813843393,1,MAP_SCADA,41
2,UPFC_Vsh,5-15,1.111589340274025,1,MAP_SCADA,41
3,UPFC_tsh,5-15,-0.2356278165525924,1,MAP_SCADA,41
4,UPFC_Vse,5-15,0.054983068832470214,1,MAP_SCADA,41
5,UPFC_tse,5-15,-2.09840427225854,1,MAP_SCADA,41
0,x_tcsc,1-14,-0.10994431093079703,2,MAP_SCADA,41
1,B_svc,2,0.1753239282076408,2,MAP_SCADA,41
2,UPFC_Vsh,5-15,1.111998389669153,2,MAP_SCADA,41
3,UPFC_tsh,5-15,-0.23581188587916524,2,MAP_SCADA,41
4,UPFC_Vse,5-15,0.054402221965770284,2,MAP_SCADA,41
5,UPFC_tse,5-15,-2.100456264451752,2,MAP_SCADA,41
0,x_tcsc,1-14,-0.11088531728575657,3,MAP_SCADA,41
1,B_svc,2,0.16882739996408214,3,MAP_SCADA,41
2,UPFC_Vsh,5-15,1.1146440548284218,3,MAP_SCADA,41
3,UPFC_tsh,5-15,-0.2342233735799073,3,MAP_SCADA,41
4,UPFC_Vse,5-15,0.05442679302168522,3,MAP_SCADA,41
5,UPFC_tse,5-15,-2.100007416472921,3,MAP_SCADA,41
0,x_tcsc,1-14,-0.10924856110569313,4,MAP_SCADA,41
1,B_svc,2,0.17865218105972955,4,MAP_SCADA,41
2,UPFC_Vsh,5-15,1.1104618731522284,4,MAP_SCADA,41
3,UPFC_tsh,5-15,-0.23682220081140762,4,MAP_SCADA,41
4,UPFC_Vse,5-15,0.05525779056621724,4,MAP_SCADA,41
5,UPFC_tse,5-15,-2.1026913843578425,4,MAP_SCADA,41
0,x_tcsc,1-14,-0.10988174734999331,0,MAP_SCADA,42
1,B_svc,2,0.17571214601223095,0,MAP_SCADA,42
2,UPFC_Vsh,5-15,1.1094886947843363,0,MAP_SCADA,42
3,UPFC_tsh,5-15,-0.2363967511358207,0,MAP_SCADA,42
4,UPFC_Vse,5-15,0.054783695621034786,0,MAP_SCADA,42
5,UPFC_tse,5-15,-2.1023195258308345,0,MAP_SCADA,42
0,x_tcsc,1-14,-0.10960738325028634,1,MAP_SCADA,42
1,B_svc,2,0.17304016813843393,1,MAP_SCADA,42
2,UPFC_Vsh,5-15,1.111589340274025,1,MAP_SCADA,42
3,UPFC_tsh,5-15,-0.2356278165525924,1,MAP_SCADA,42
4,UPFC_Vse,5-15,0.054983068832470214,1,MAP_SCADA,42
5,UPFC_tse,5-15,-2.09840427225854,1,MAP_SCADA,42
0,x_tcsc,1-14,-0.10994431093079703,2,MAP_SCADA,42
1,B_svc,2,0.1753239282076408,2,MAP_SCADA,42
2,UPFC_Vsh,5-15,1.111998389669153,2,MAP_SCADA,42
3,UPFC_tsh,5-15,-0.23581188587916524,2,MAP_SCADA,42
4,UPFC_Vse,5-15,0.054402221965770284,2,MAP_SCADA,42
5,UPFC_tse,5-15,-2.100456264451752,2,MAP_SCADA,42
0,x_tcsc,1-14,-0.11088531728575657,3,MAP_SCADA,42
1,B_svc,2,0.16882739996408214,3,MAP_SCADA,42
2,UPFC_Vsh,5-15,1.1146440548284218,3,MAP_SCADA,42
3,UPFC_tsh,5-15,-0.2342233735799073,3,MAP_SCADA,42
4,UPFC_Vse,5-15,0.05442679302168522,3,MAP_SCADA,42
5,UPFC_tse,5-15,-2.100007416472921,3,MAP_SCADA,42
0,x_tcsc,1-14,-0.10924856110569313,4,MAP_SCADA,42
1,B_svc,2,0.17865218105972955,4,MAP_SCADA,42
2,UPFC_Vsh,5-15,1.1104618731522284,4,MAP_SCADA,42
3,UPFC_tsh,5-15,-0.23682220081140762,4,MAP_SCADA,42
4,UPFC_Vse,5-15,0.05525779056621724,4,MAP_SCADA,42
5,UPFC_tse,5-15,-2.1026913843578425,4,MAP_SCADA,42
0,x_tcsc,1-14,-0.10988174734999331,0,MAP_SCADA,43
1,B_svc,2,0.17571214601223095,0,MAP_SCADA,43
2,UPFC_Vsh,5-15,1.1094886947843363,0,MAP_SCADA,43
3,UPFC_tsh,5-15,-0.2363967511358207,0,MAP_SCADA,43
4,UPFC_Vse,5-15,0.054783695621034786,0,MAP_SCADA,43
5,UPFC_tse,5-15,-2.1023195258308345,0,MAP_SCADA,43
0,x_tcsc,1-14,-0.10960738325028634,1,MAP_SCADA,43
1,B_svc,2,0.17304016813843393,1,MAP_SCADA,43
2,UPFC_Vsh,5-15,1.111589340274025,1,MAP_SCADA,43
3,UPFC_tsh,5-15,-0.2356278165525924,1,MAP_SCADA,43
4,UPFC_Vse,5-15,0.054983068832470214,1,MAP_SCADA,43
5,UPFC_tse,5-15,-2.09840427225854,1,MAP_SCADA,43
0,x_tcsc,1-14,-0.10994431093079703,2,MAP_SCADA,43
1,B_svc,2,0.1753239282076408,2,MAP_SCADA,43
2,UPFC_Vsh,5-15,1.111998389669153,2,MAP_SCADA,43
3,UPFC_tsh,5-15,-0.23581188587916524,2,MAP_SCADA,43
4,UPFC_Vse,5-15,0.054402221965770284,2,MAP_SCADA,43
5,UPFC_tse,5-15,-2.100456264451752,2,MAP_SCADA,43
0,x_tcsc,1-14,-0.11088531728575657,3,MAP_SCADA,43
1,B_svc,2,0.16882739996408214,3,MAP_SCADA,43
2,UPFC_Vsh,5-15,1.1146440548284218,3,MAP_SCADA,43
3,UPFC_tsh,5-15,-0.2342233735799073,3,MAP_SCADA,43
4,UPFC_Vse,5-15,0.05442679302168522,3,MAP_SCADA,43
5,UPFC_tse,5-15,-2.100007416472921,3,MAP_SCADA,43
0,x_tcsc,1-14,-0.10924856110569313,4,MAP_SCADA,43
1,B_svc,2,0.17865218105972955,4,MAP_SCADA,43
2,UPFC_Vsh,5-15,1.1104618731522284,4,MAP_SCADA,43
3,UPFC_tsh,5-15,-0.23682220081140762,4,MAP_SCADA,43
4,UPFC_Vse,5-15,0.05525779056621724,4,MAP_SCADA,43
5,UPFC_tse,5-15,-2.1026913843578425,4,MAP_SCADA,43
0,x_tcsc,1-14,-0.10988174734999331,0,MAP_SCADA,44
1,B_svc,2,0.17571214601223095,0,MAP_SCADA,44
2,UPFC_Vsh,5-15,1.1094886947843363,0,MAP_SCADA,44
3,UPFC_tsh,5-15,-0.2363967511358207,0,MAP_SCADA,44
4,UPFC_Vse,5-15,0.054783695621034786,0,MAP_SCADA,44
5,UPFC_tse,5-15,-2.1023195258308345,0,MAP_SCADA,44
0,x_tcsc,1-14,-0.10960738325028634,1,MAP_SCADA,44
1,B_svc,2,0.17304016813843393,1,MAP_SCADA,44
2,UPFC_Vsh,5-15,1.111589340274025,1,MAP_SCADA,44
3,UPFC_tsh,5-15,-0.2356278165525924,1,MAP_SCADA,44
4,UPFC_Vse,5-15,0.054983068832470214,1,MAP_SCADA,44
5,UPFC_tse,5-15,-2.09840427225854,1,MAP_SCADA,44
0,x_tcsc,1-14,-0.10994431093079703,2,MAP_SCADA,44
1,B_svc,2,0.1753239282076408,2,MAP_SCADA,44
2,UPFC_Vsh,5-15,1.111998389669153,2,MAP_SCADA,44
3,UPFC_tsh,5-15,-0.23581188587916524,2,MAP_SCADA,44
4,UPFC_Vse,5-15,0.054402221965770284,2,MAP_SCADA,44
5,UPFC_tse,5-15,-2.100456264451752,2,MAP_SCADA,44
0,x_tcsc,1-14,-0.11088531728575657,3,MAP_SCADA,44
1,B_svc,2,0.16882739996408214,3,MAP_SCADA,44
2,UPFC_Vsh,5-15,1.1146440548284218,3,MAP_SCADA,44
3,UPFC_tsh,5-15,-0.2342233735799073,3,MAP_SCADA,44
4,UPFC_Vse,5-15,0.05442679302168522,3,MAP_SCADA,44
5,UPFC_tse,5-15,-2.100007416472921,3,MAP_SCADA,44
0,x_tcsc,1-14,-0.10924856110569313,4,MAP_SCADA,44
1,B_svc,2,0.17865218105972955,4,MAP_SCADA,44
2,UPFC_Vsh,5-15,1.1104618731522284,4,MAP_SCADA,44
3,UPFC_tsh,5-15,-0.23682220081140762,4,MAP_SCADA,44
4,UPFC_Vse,5-15,0.05525779056621724,4,MAP_SCADA,44
5,UPFC_tse,5-15,-2.1026913843578425,4,MAP_SCADA,44
0,x_tcsc,1-14,-0.10988174734999331,0,MAP_SCADA,45
1,B_svc,2,0.17571214601223095,0,MAP_SCADA,45
2,UPFC_Vsh,5-15,1.1094886947843363,0,MAP_SCADA,45
3,UPFC_tsh,5-15,-0.2363967511358207,0,MAP_SCADA,45
4,UPFC_Vse,5-15,0.054783695621034786,0,MAP_SCADA,45
5,UPFC_tse,5-15,-2.1023195258308345,0,MAP_SCADA,45
0,x_tcsc,1-14,-0.10960738325028634,1,MAP_SCADA,45
1,B_svc,2,0.17304016813843393,1,MAP_SCADA,45
2,UPFC_Vsh,5-15,1.111589340274025,1,MAP_SCADA,45
3,UPFC_tsh,5-15,-0.2356278165525924,1,MAP_SCADA,45
4,UPFC_Vse,5-15,0.054983068832470214,1,MAP_SCADA,45
5,UPFC_tse,5-15,-2.09840427225854,1,MAP_SCADA,45
0,x_tcsc,1-14,-0.10994431093079703,2,MAP_SCADA,45
1,B_svc,2,0.1753239282076408,2,MAP_SCADA,45
2,UPFC_Vsh,5-15,1.111998389669153,2,MAP_SCADA,45
3,UPFC_tsh,5-15,-0.23581188587916524,2,MAP_SCADA,45
4,UPFC_Vse,5-15,0.054402221965770284,2,MAP_SCADA,45
5,UPFC_tse,5-15,-2.100456264451752,2,MAP_SCADA,45
0,x_tcsc,1-14,-0.11088531728575657,3,MAP_SCADA,45
1,B_svc,2,0.16882739996408214,3,MAP_SCADA,45
2,UPFC_Vsh,5-15,1.1146440548284218,3,MAP_SCADA,45
3,UPFC_tsh,5-15,-0.2342233735799073,3,MAP_SCADA,45
4,UPFC_Vse,5-15,0.05442679302168522,3,MAP_SCADA,45
5,UPFC_tse,5-15,-2.100007416472921,3,MAP_SCADA,45
0,x_tcsc,1-14,-0.10924856110569313,4,MAP_SCADA,45
1,B_svc,2,0.17865218105972955,4,MAP_SCADA,45
2,UPFC_Vsh,5-15,1.1104618731522284,4,MAP_SCADA,45
3,UPFC_tsh,5-15,-0.23682220081140762,4,MAP_SCADA,45
4,UPFC_Vse,5-15,0.05525779056621724,4,MAP_SCADA,45
5,UPFC_tse,5-15,-2.1026913843578425,4,MAP_SCADA,45
0,x_tcsc,1-14,-0.10988174734999331,0,MAP_SCADA,46
1,B_svc,2,0.17571214601223095,0,MAP_SCADA,46
2,UPFC_Vsh,5-15,1.1094886947843363,0,MAP_SCADA,46
3,UPFC_tsh,5-15,-0.2363967511358207,0,MAP_SCADA,46
4,UPFC_Vse,5-15,0.054783695621034786,0,MAP_SCADA,46
5,UPFC_tse,5-15,-2.1023195258308345,0,MAP_SCADA,46
0,x_tcsc,1-14,-0.10960738325028634,1,MAP_SCADA,46
1,B_svc,2,0.17304016813843393,1,MAP_SCADA,46
2,UPFC_Vsh,5-15,1.111589340274025,1,MAP_SCADA,46
3,UPFC_tsh,5-15,-0.2356278165525924,1,MAP_SCADA,46
4,UPFC_Vse,5-15,0.054983068832470214,1,MAP_SCADA,46
5,UPFC_tse,5-15,-2.09840427225854,1,MAP_SCADA,46
0,x_tcsc,1-14,-0.10994431093079703,2,MAP_SCADA,46
1,B_svc,2,0.1753239282076408,2,MAP_SCADA,46
2,UPFC_Vsh,5-15,1.111998389669153,2,MAP_SCADA,46
3,UPFC_tsh,5-15,-0.23581188587916524,2,MAP_SCADA,46
4,UPFC_Vse,5-15,0.054402221965770284,2,MAP_SCADA,46
5,UPFC_tse,5-15,-2.100456264451752,2,MAP_SCADA,46
0,x_tcsc,1-14,-0.11088531728575657,3,MAP_SCADA,46
1,B_svc,2,0.16882739996408214,3,MAP_SCADA,46
2,UPFC_Vsh,5-15,1.1146440548284218,3,MAP_SCADA,46
3,UPFC_tsh,5-15,-0.2342233735799073,3,MAP_SCADA,46
4,UPFC_Vse,5-15,0.05442679302168522,3,MAP_SCADA,46
5,UPFC_tse,5-15,-2.100007416472921,3,MAP_SCADA,46
0,x_tcsc,1-14,-0.10924856110569313,4,MAP_SCADA,46
1,B_svc,2,0.17865218105972955,4,MAP_SCADA,46
2,UPFC_Vsh,5-15,1.1104618731522284,4,MAP_SCADA,46
3,UPFC_tsh,5-15,-0.23682220081140762,4,MAP_SCADA,46
4,UPFC_Vse,5-15,0.05525779056621724,4,MAP_SCADA,46
5,UPFC_tse,5-15,-2.1026913843578425,4,MAP_SCADA,46
0,x_tcsc,1-14,-0.10988174734999331,0,MAP_SCADA,47
1,B_svc,2,0.17571214601223095,0,MAP_SCADA,47
2,UPFC_Vsh,5-15,1.1094886947843363,0,MAP_SCADA,47
3,UPFC_tsh,5-15,-0.2363967511358207,0,MAP_SCADA,47
4,UPFC_Vse,5-15,0.054783695621034786,0,MAP_SCADA,47
5,UPFC_tse,5-15,-2.1023195258308345,0,MAP_SCADA,47
0,x_tcsc,1-14,-0.10960738325028634,1,MAP_SCADA,47
1,B_svc,2,0.17304016813843393,1,MAP_SCADA,47
2,UPFC_Vsh,5-15,1.111589340274025,1,MAP_SCADA,47
3,UPFC_tsh,5-15,-0.2356278165525924,1,MAP_SCADA,47
4,UPFC_Vse,5-15,0.054983068832470214,1,MAP_SCADA,47
5,UPFC_tse,5-15,-2.09840427225854,1,MAP_SCADA,47
0,x_tcsc,1-14,-0.10994431093079703,2,MAP_SCADA,47
1,B_svc,2,0.1753239282076408,2,MAP_SCADA,47
2,UPFC_Vsh,5-15,1.111998389669153,2,MAP_SCADA,47
3,UPFC_tsh,5-15,-0.23581188587916524,2,MAP_SCADA,47
4,UPFC_Vse,5-15,0.054402221965770284,2,MAP_SCADA,47
5,UPFC_tse,5-15,-2.100456264451752,2,MAP_SCADA,47
0,x_tcsc,1-14,-0.11088531728575657,3,MAP_SCADA,47
1,B_svc,2,0.16882739996408214,3,MAP_SCADA,47
2,UPFC_Vsh,5-15,1.1146440548284218,3,MAP_SCADA,47
3,UPFC_tsh,5-15,-0.2342233735799073,3,MAP_SCADA,47
4,UPFC_Vse,5-15,0.05442679302168522,3,MAP_SCADA,47
5,UPFC_tse,5-15,-2.100007416472921,3,MAP_SCADA,47
0,x_tcsc,1-14,-0.10924856110569313,4,MAP_SCADA,47
1,B_svc,2,0.17865218105972955,4,MAP_SCADA,47
2,UPFC_Vsh,5-15,1.1104618731522284,4,MAP_SCADA,47
3,UPFC_tsh,5-15,-0.23682220081140762,4,MAP_SCADA,47
4,UPFC_Vse,5-15,0.05525779056621724,4,MAP_SCADA,47
5,UPFC_tse,5-15,-2.1026913843578425,4,MAP_SCADA,47
0,x_tcsc,1-14,-0.10988174734999331,0,MAP_SCADA,48
1,B_svc,2,0.17571214601223095,0,MAP_SCADA,48
2,UPFC_Vsh,5-15,1.1094886947843363,0,MAP_SCADA,48
3,UPFC_tsh,5-15,-0.2363967511358207,0,MAP_SCADA,48
4,UPFC_Vse,5-15,0.054783695621034786,0,MAP_SCADA,48
5,UPFC_tse,5-15,-2.1023195258308345,0,MAP_SCADA,48
0,x_tcsc,1-14,-0.10960738325028634,1,MAP_SCADA,48
1,B_svc,2,0.17304016813843393,1,MAP_SCADA,48
2,UPFC_Vsh,5-15,1.111589340274025,1,MAP_SCADA,48
3,UPFC_tsh,5-15,-0.2356278165525924,1,MAP_SCADA,48
4,UPFC_Vse,5-15,0.054983068832470214,1,MAP_SCADA,48
5,UPFC_tse,5-15,-2.09840427225854,1,MAP_SCADA,48
0,x_tcsc,1-14,-0.10994431093079703,2,MAP_SCADA,48
1,B_svc,2,0.1753239282076408,2,MAP_SCADA,48
2,UPFC_Vsh,5-15,1.111998389669153,2,MAP_SCADA,48
3,UPFC_tsh,5-15,-0.23581188587916524,2,MAP_SCADA,48
4,UPFC_Vse,5-15,0.054402221965770284,2,MAP_SCADA,48
5,UPFC_tse,5-15,-2.100456264451752,2,MAP_SCADA,48
0,x_tcsc,1-14,-0.11088531728575657,3,MAP_SCADA,48
1,B_svc,2,0.16882739996408214,3,MAP_SCADA,48
2,UPFC_Vsh,5-15,1.1146440548284218,3,MAP_SCADA,48
3,UPFC_tsh,5-15,-0.2342233735799073,3,MAP_SCADA,48
4,UPFC_Vse,5-15,0.05442679302168522,3,MAP_SCADA,48
5,UPFC_tse,5-15,-2.100007416472921,3,MAP_SCADA,48
0,x_tcsc,1-14,-0.10924856110569313,4,MAP_SCADA,48
1,B_svc,2,0.17865218105972955,4,MAP_SCADA,48
2,UPFC_Vsh,5-15,1.1104618731522284,4,MAP_SCADA,48
3,UPFC_tsh,5-15,-0.23682220081140762,4,MAP_SCADA,48
4,UPFC_Vse,5-15,0.05525779056621724,4,MAP_SCADA,48
5,UPFC_tse,5-15,-2.1026913843578425,4,MAP_SCADA,48
0,x_tcsc,1-14,-0.10988174734999331,0,MAP_SCADA,49
1,B_svc,2,0.17571214601223095,0,MAP_SCADA,49
2,UPFC_Vsh,5-15,1.1094886947843363,0,MAP_SCADA,49
3,UPFC_tsh,5-15,-0.2363967511358207,0,MAP_SCADA,49
4,UPFC_Vse,5-15,0.054783695621034786,0,MAP_SCADA,49
5,UPFC_tse,5-15,-2.1023195258308345,0,MAP_SCADA,49
0,x_tcsc,1-14,-0.10960738325028634,1,MAP_SCADA,49
1,B_svc,2,0.17304016813843393,1,MAP_SCADA,49
2,UPFC_Vsh,5-15,1.111589340274025,1,MAP_SCADA,49
3,UPFC_tsh,5-15,-0.2356278165525924,1,MAP_SCADA,49
4,UPFC_Vse,5-15,0.054983068832470214,1,MAP_SCADA,49
5,UPFC_tse,5-15,-2.09840427225854,1,MAP_SCADA,49
0,x_tcsc,1-14,-0.10994431093079703,2,MAP_SCADA,49
1,B_svc,2,0.1753239282076408,2,MAP_SCADA,49
2,UPFC_Vsh,5-15,1.111998389669153,2,MAP_SCADA,49
3,UPFC_tsh,5-15,-0.23581188587916524,2,MAP_SCADA,49
4,UPFC_Vse,5-15,0.054402221965770284,2,MAP_SCADA,49
5,UPFC_tse,5-15,-2.100456264451752,2,MAP_SCADA,49
0,x_tcsc,1-14,-0.11088531728575657,3,MAP_SCADA,49
1,B_svc,2,0.16882739996408214,3,MAP_SCADA,49
2,UPFC_Vsh,5-15,1.1146440548284218,3,MAP_SCADA,49
3,UPFC_tsh,5-15,-0.2342233735799073,3,MAP_SCADA,49
4,UPFC_Vse,5-15,0.05442679302168522,3,MAP_SCADA,49
5,UPFC_tse,5-15,-2.100007416472921,3,MAP_SCADA,49
0,x_tcsc,1-14,-0.10924856110569313,4,MAP_SCADA,49
1,B_svc,2,0.17865218105972955,4,MAP_SCADA,49
2,UPFC_Vsh,5-15,1.1104618731522284,4,MAP_SCADA,49
3,UPFC_tsh,5-15,-0.23682220081140762,4,MAP_SCADA,49
4,UPFC_Vse,5-15,0.05525779056621724,4,MAP_SCADA,49
5,UPFC_tse,5-15,-2.1026913843578425,4,MAP_SCADA,49
0,x_tcsc,1-14,-0.10988174734999331,0,MAP_SCADA,50
1,B_svc,2,0.17571214601223095,0,MAP_SCADA,50
2,UPFC_Vsh,5-15,1.1094886947843363,0,MAP_SCADA,50
3,UPFC_tsh,5-15,-0.2363967511358207,0,MAP_SCADA,50
4,UPFC_Vse,5-15,0.054783695621034786,0,MAP_SCADA,50
5,UPFC_tse,5-15,-2.1023195258308345,0,MAP_SCADA,50
0,x_tcsc,1-14,-0.10960738325028634,1,MAP_SCADA,50
1,B_svc,2,0.17304016813843393,1,MAP_SCADA,50
2,UPFC_Vsh,5-15,1.111589340274025,1,MAP_SCADA,50
3,UPFC_tsh,5-15,-0.2356278165525924,1,MAP_SCADA,50
4,UPFC_Vse,5-15,0.054983068832470214,1,MAP_SCADA,50
5,UPFC_tse,5-15,-2.09840427225854,1,MAP_SCADA,50
0,x_tcsc,1-14,-0.10994431093079703,2,MAP_SCADA,50
1,B_svc,2,0.1753239282076408,2,MAP_SCADA,50
2,UPFC_Vsh,5-15,1.111998389669153,2,MAP_SCADA,50
3,UPFC_tsh,5-15,-0.23581188587916524,2,MAP_SCADA,50
4,UPFC_Vse,5-15,0.054402221965770284,2,MAP_SCADA,50
5,UPFC_tse,5-15,-2.100456264451752,2,MAP_SCADA,50
0,x_tcsc,1-14,-0.11088531728575657,3,MAP_SCADA,50
1,B_svc,2,0.16882739996408214,3,MAP_SCADA,50
2,UPFC_Vsh,5-15,1.1146440548284218,3,MAP_SCADA,50
3,UPFC_tsh,5-15,-0.2342233735799073,3,MAP_SCADA,50
4,UPFC_Vse,5-15,0.05442679302168522,3,MAP_SCADA,50
5,UPFC_tse,5-15,-2.100007416472921,3,MAP_SCADA,50
0,x_tcsc,1-14,-0.10924856110569313,4,MAP_SCADA,50
1,B_svc,2,0.17865218105972955,4,MAP_SCADA,50
2,UPFC_Vsh,5-15,1.1104618731522284,4,MAP_SCADA,50
3,UPFC_tsh,5-15,-0.23682220081140762,4,MAP_SCADA,50
4,UPFC_Vse,5-15,0.05525779056621724,4,MAP_SCADA,50
5,UPFC_tse,5-15,-2.1026913843578425,4,MAP_SCADA,50
0,x_tcsc,1-14,-0.10988174734999331,0,MAP_SCADA,51
1,B_svc,2,0.17571214601223095,0,MAP_SCADA,51
2,UPFC_Vsh,5-15,1.1094886947843363,0,MAP_SCADA,51
3,UPFC_tsh,5-15,-0.2363967511358207,0,MAP_SCADA,51
4,UPFC_Vse,5-15,0.054783695621034786,0,MAP_SCADA,51
5,UPFC_tse,5-15,-2.1023195258308345,0,MAP_SCADA,51
0,x_tcsc,1-14,-0.10960738325028634,1,MAP_SCADA,51
1,B_svc,2,0.17304016813843393,1,MAP_SCADA,51
2,UPFC_Vsh,5-15,1.111589340274025,1,MAP_SCADA,51
3,UPFC_tsh,5-15,-0.2356278165525924,1,MAP_SCADA,51
4,UPFC_Vse,5-15,0.054983068832470214,1,MAP_SCADA,51
5,UPFC_tse,5-15,-2.09840427225854,1,MAP_SCADA,51
0,x_tcsc,1-14,-0.10994431093079703,2,MAP_SCADA,51
1,B_svc,2,0.1753239282076408,2,MAP_SCADA,51
2,UPFC_Vsh,5-15,1.111998389669153,2,MAP_SCADA,51
3,UPFC_tsh,5-15,-0.23581188587916524,2,MAP_SCADA,51
4,UPFC_Vse,5-15,0.054402221965770284,2,MAP_SCADA,51
5,UPFC_tse,5-15,-2.100456264451752,2,MAP_SCADA,51
0,x_tcsc,1-14,-0.11088531728575657,3,MAP_SCADA,51
1,B_svc,2,0.16882739996408214,3,MAP_SCADA,51
2,UPFC_Vsh,5-15,1.1146440548284218,3,MAP_SCADA,51
3,UPFC_tsh,5-15,-0.2342233735799073,3,MAP_SCADA,51
4,UPFC_Vse,5-15,0.05442679302168522,3,MAP_SCADA,51
5,UPFC_tse,5-15,-2.100007416472921,3,MAP_SCADA,51
0,x_tcsc,1-14,-0.10924856110569313,4,MAP_SCADA,51
1,B_svc,2,0.17865218105972955,4,MAP_SCADA,51
2,UPFC_Vsh,5-15,1.1104618731522284,4,MAP_SCADA,51
3,UPFC_tsh,5-15,-0.23682220081140762,4,MAP_SCADA,51
4,UPFC_Vse,5-15,0.05525779056621724,4,MAP_SCADA,51
5,UPFC_tse,5-15,-2.1026913843578425,4,MAP_SCADA,51
0,x_tcsc,1-14,-0.10988174734999331,0,MAP_SCADA,52
1,B_svc,2,0.17571214601223095,0,MAP_SCADA,52
2,UPFC_Vsh,5-15,1.1094886947843363,0,MAP_SCADA,52
3,UPFC_tsh,5-15,-0.2363967511358207,0,MAP_SCADA,52
4,UPFC_Vse,5-15,0.054783695621034786,0,MAP_SCADA,52
5,UPFC_tse,5-15,-2.1023195258308345,0,MAP_SCADA,52
0,x_tcsc,1-14,-0.10960738325028634,1,MAP_SCADA,52
1,B_svc,2,0.17304016813843393,1,MAP_SCADA,52
2,UPFC_Vsh,5-15,1.111589340274025,1,MAP_SCADA,52
3,UPFC_tsh,5-15,-0.2356278165525924,1,MAP_SCADA,52
4,UPFC_Vse,5-15,0.054983068832470214,1,MAP_SCADA,52
5,UPFC_tse,5-15,-2.09840427225854,1,MAP_SCADA,52
0,x_tcsc,1-14,-0.10994431093079703,2,MAP_SCADA,52
1,B_svc,2,0.1753239282076408,2,MAP_SCADA,52
2,UPFC_Vsh,5-15,1.111998389669153,2,MAP_SCADA,52
3,UPFC_tsh,5-15,-0.23581188587916524,2,MAP_SCADA,52
4,UPFC_Vse,5-15,0.054402221965770284,2,MAP_SCADA,52
5,UPFC_tse,5-15,-2.100456264451752,2,MAP_SCADA,52
0,x_tcsc,1-14,-0.11088531728575657,3,MAP_SCADA,52
1,B_svc,2,0.16882739996408214,3,MAP_SCADA,52
2,UPFC_Vsh,5-15,1.1146440548284218,3,MAP_SCADA,52
3,UPFC_tsh,5-15,-0.2342233735799073,3,MAP_SCADA,52
4,UPFC_Vse,5-15,0.05442679302168522,3,MAP_SCADA,52
5,UPFC_tse,5-15,-2.100007416472921,3,MAP_SCADA,52
0,x_tcsc,1-14,-0.10924856110569313,4,MAP_SCADA,52
1,B_svc,2,0.17865218105972955,4,MAP_SCADA,52
2,UPFC_Vsh,5-15,1.1104618731522284,4,MAP_SCADA,52
3,UPFC_tsh,5-15,-0.23682220081140762,4,MAP_SCADA,52
4,UPFC_Vse,5-15,0.05525779056621724,4,MAP_SCADA,52
5,UPFC_tse,5-15,-2.1026913843578425,4,MAP_SCADA,52
0,x_tcsc,1-14,-0.10988174734999331,0,MAP_SCADA,53
1,B_svc,2,0.17571214601223095,0,MAP_SCADA,53
2,UPFC_Vsh,5-15,1.1094886947843363,0,MAP_SCADA,53
3,UPFC_tsh,5-15,-0.2363967511358207,0,MAP_SCADA,53
4,UPFC_Vse,5-15,0.054783695621034786,0,MAP_SCADA,53
5,UPFC_tse,5-15,-2.1023195258308345,0,MAP_SCADA,53
0,x_tcsc,1-14,-0.10960738325028634,1,MAP_SCADA,53
1,B_svc,2,0.17304016813843393,1,MAP_SCADA,53
2,UPFC_Vsh,5-15,1.111589340274025,1,MAP_SCADA,53
3,UPFC_tsh,5-15,-0.2356278165525924,1,MAP_SCADA,53
4,UPFC_Vse,5-15,0.054983068832470214,1,MAP_SCADA,53
5,UPFC_tse,5-15,-2.09840427225854,1,MAP_SCADA,53
0,x_tcsc,1-14,-0.10994431093079703,2,MAP_SCADA,53
1,B_svc,2,0.1753239282076408,2,MAP_SCADA,53
2,UPFC_Vsh,5-15,1.111998389669153,2,MAP_SCADA,53
3,UPFC_tsh,5-15,-0.23581188587916524,2,MAP_SCADA,53
4,UPFC_Vse,5-15,0.054402221965770284,2,MAP_SCADA,53
5,UPFC_tse,5-15,-2.100456264451752,2,MAP_SCADA,53
0,x_tcsc,1-14,-0.11088531728575657,3,MAP_SCADA,53
1,B_svc,2,0.16882739996408214,3,MAP_SCADA,53
2,UPFC_Vsh,5-15,1.1146440548284218,3,MAP_SCADA,53
3,UPFC_tsh,5-15,-0.2342233735799073,3,MAP_SCADA,53
4,UPFC_Vse,5-15,0.05442679302168522,3,MAP_SCADA,53
5,UPFC_tse,5-15,-2.100007416472921,3,MAP_SCADA,53
0,x_tcsc,1-14,-0.10924856110569313,4,MAP_SCADA,53
1,B_svc,2,0.17865218105972955,4,MAP_SCADA,53
2,UPFC_Vsh,5-15,1.1104618731522284,4,MAP_SCADA,53
3,UPFC_tsh,5-15,-0.23682220081140762,4,MAP_SCADA,53
4,UPFC_Vse,5-15,0.05525779056621724,4,MAP_SCADA,53
5,UPFC_tse,5-15,-2.1026913843578425,4,MAP_SCADA,53
0,x_tcsc,1-14,-0.10988174734999331,0,MAP_SCADA,54
1,B_svc,2,0.17571214601223095,0,MAP_SCADA,54
2,UPFC_Vsh,5-15,1.1094886947843363,0,MAP_SCADA,54
3,UPFC_tsh,5-15,-0.2363967511358207,0,MAP_SCADA,54
4,UPFC_Vse,5-15,0.054783695621034786,0,MAP_SCADA,54
5,UPFC_tse,5-15,-2.1023195258308345,0,MAP_SCADA,54
0,x_tcsc,1-14,-0.10960738325028634,1,MAP_SCADA,54
1,B_svc,2,0.17304016813843393,1,MAP_SCADA,54
2,UPFC_Vsh,5-15,1.111589340274025,1,MAP_SCADA,54
3,UPFC_tsh,5-15,-0.2356278165525924,1,MAP_SCADA,54
4,UPFC_Vse,5-15,0.054983068832470214,1,MAP_SCADA,54
5,UPFC_tse,5-15,-2.09840427225854,1,MAP_SCADA,54
0,x_tcsc,1-14,-0.10994431093079703,2,MAP_SCADA,54
1,B_svc,2,0.1753239282076408,2,MAP_SCADA,54
2,UPFC_Vsh,5-15,1.111998389669153,2,MAP_SCADA,54
3,UPFC_tsh,5-15,-0.23581188587916524,2,MAP_SCADA,54
4,UPFC_Vse,5-15,0.054402221965770284,2,MAP_SCADA,54
5,UPFC_tse,5-15,-2.100456264451752,2,MAP_SCADA,54
0,x_tcsc,1-14,-0.11088531728575657,3,MAP_SCADA,54
1,B_svc,2,0.16882739996408214,3,MAP_SCADA,54
2,UPFC_Vsh,5-15,1.1146440548284218,3,MAP_SCADA,54
3,UPFC_tsh,5-15,-0.2342233735799073,3,MAP_SCADA,54
4,UPFC_Vse,5-15,0.05442679302168522,3,MAP_SCADA,54
5,UPFC_tse,5-15,-2.100007416472921,3,MAP_SCADA,54
0,x_tcsc,1-14,-0.10924856110569313,4,MAP_SCADA,54
1,B_svc,2,0.17865218105972955,4,MAP_SCADA,54
2,UPFC_Vsh,5-15,1.1104618731522284,4,MAP_SCADA,54
3,UPFC_tsh,5-15,-0.23682220081140762,4,MAP_SCADA,54
4,UPFC_Vse,5-15,0.05525779056621724,4,MAP_SCADA,54
5,UPFC_tse,5-15,-2.1026913843578425,4,MAP_SCADA,54
0,x_tcsc,1-14,-0.10988174734999331,0,MAP_SCADA,55
1,B_svc,2,0.17571214601223095,0,MAP_SCADA,55
2,UPFC_Vsh,5-15,1.1094886947843363,0,MAP_SCADA,55
3,UPFC_tsh,5-15,-0.2363967511358207,0,MAP_SCADA,55
4,UPFC_Vse,5-15,0.054783695621034786,0,MAP_SCADA,55
5,UPFC_tse,5-15,-2.1023195258308345,0,MAP_SCADA,55
0,x_tcsc,1-14,-0.10960738325028634,1,MAP_SCADA,55
1,B_svc,2,0.17304016813843393,1,MAP_SCADA,55
2,UPFC_Vsh,5-15,1.111589340274025,1,MAP_SCADA,55
3,UPFC_tsh,5-15,-0.2356278165525924,1,MAP_SCADA,55
4,UPFC_Vse,5-15,0.054983068832470214,1,MAP_SCADA,55
5,UPFC_tse,5-15,-2.09840427225854,1,MAP_SCADA,55
0,x_tcsc,1-14,-0.10994431093079703,2,MAP_SCADA,55
1,B_svc,2,0.1753239282076408,2,MAP_SCADA,55
2,UPFC_Vsh,5-15,1.111998389669153,2,MAP_SCADA,55
3,UPFC_tsh,5-15,-0.23581188587916524,2,MAP_SCADA,55
4,UPFC_Vse,5-15,0.054402221965770284,2,MAP_SCADA,55
5,UPFC_tse,5-15,-2.100456264451752,2,MAP_SCADA,55
0,x_tcsc,1-14,-0.11088531728575657,3,MAP_SCADA,55
1,B_svc,2,0.16882739996408214,3,MAP_SCADA,55
2,UPFC_Vsh,5-15,1.1146440548284218,3,MAP_SCADA,55
3,UPFC_tsh,5-15,-0.2342233735799073,3,MAP_SCADA,55
4,UPFC_Vse,5-15,0.05442679302168522,3,MAP_SCADA,55
5,UPFC_tse,5-15,-2.100007416472921,3,MAP_SCADA,55
0,x_tcsc,1-14,-0.10924856110569313,4,MAP_SCADA,55
1,B_svc,2,0.17865218105972955,4,MAP_SCADA,55
2,UPFC_Vsh,5-15,1.1104618731522284,4,MAP_SCADA,55
3,UPFC_tsh,5-15,-0.23682220081140762,4,MAP_SCADA,55
4,UPFC_Vse,5-15,0.05525779056621724,4,MAP_SCADA,55
5,UPFC_tse,5-15,-2.1026913843578425,4,MAP_SCADA,55
0,x_tcsc,1-14,-0.10988174734999331,0,MAP_SCADA,56
1,B_svc,2,0.17571214601223095,0,MAP_SCADA,56
2,UPFC_Vsh,5-15,1.1094886947843363,0,MAP_SCADA,56
3,UPFC_tsh,5-15,-0.2363967511358207,0,MAP_SCADA,56
4,UPFC_Vse,5-15,0.054783695621034786,0,MAP_SCADA,56
5,UPFC_tse,5-15,-2.1023195258308345,0,MAP_SCADA,56
0,x_tcsc,1-14,-0.10960738325028634,1,MAP_SCADA,56
1,B_svc,2,0.17304016813843393,1,MAP_SCADA,56
2,UPFC_Vsh,5-15,1.111589340274025,1,MAP_SCADA,56
3,UPFC_tsh,5-15,-0.2356278165525924,1,MAP_SCADA,56
4,UPFC_Vse,5-15,0.054983068832470214,1,MAP_SCADA,56
5,UPFC_tse,5-15,-2.09840427225854,1,MAP_SCADA,56
0,x_tcsc,1-14,-0.10994431093079703,2,MAP_SCADA,56
1,B_svc,2,0.1753239282076408,2,MAP_SCADA,56
2,UPFC_Vsh,5-15,1.111998389669153,2,MAP_SCADA,56
3,UPFC_tsh,5-15,-0.23581188587916524,2,MAP_SCADA,56
4,UPFC_Vse,5-15,0.054402221965770284,2,MAP_SCADA,56
5,UPFC_tse,5-15,-2.100456264451752,2,MAP_SCADA,56
0,x_tcsc,1-14,-0.11088531728575657,3,MAP_SCADA,56
1,B_svc,2,0.16882739996408214,3,MAP_SCADA,56
2,UPFC_Vsh,5-15,1.1146440548284218,3,MAP_SCADA,56
3,UPFC_tsh,5-15,-0.2342233735799073,3,MAP_SCADA,56
4,UPFC_Vse,5-15,0.05442679302168522,3,MAP_SCADA,56
5,UPFC_tse,5-15,-2.100007416472921,3,MAP_SCADA,56
0,x_tcsc,1-14,-0.10924856110569313,4,MAP_SCADA,56
1,B_svc,2,0.17865218105972955,4,MAP_SCADA,56
2,UPFC_Vsh,5-15,1.1104618731522284,4,MAP_SCADA,56
3,UPFC_tsh,5-15,-0.23682220081140762,4,MAP_SCADA,56
4,UPFC_Vse,5-15,0.05525779056621724,4,MAP_SCADA,56
5,UPFC_tse,5-15,-2.1026913843578425,4,MAP_SCADA,56
0,x_tcsc,1-14,-0.10988174734999331,0,MAP_SCADA,57
1,B_svc,2,0.17571214601223095,0,MAP_SCADA,57
2,UPFC_Vsh,5-15,1.1094886947843363,0,MAP_SCADA,57
3,UPFC_tsh,5-15,-0.2363967511358207,0,MAP_SCADA,57
4,UPFC_Vse,5-15,0.054783695621034786,0,MAP_SCADA,57
5,UPFC_tse,5-15,-2.1023195258308345,0,MAP_SCADA,57
0,x_tcsc,1-14,-0.10960738325028634,1,MAP_SCADA,57
1,B_svc,2,0.17304016813843393,1,MAP_SCADA,57
2,UPFC_Vsh,5-15,1.111589340274025,1,MAP_SCADA,57
3,UPFC_tsh,5-15,-0.2356278165525924,1,MAP_SCADA,57
4,UPFC_Vse,5-15,0.054983068832470214,1,MAP_SCADA,57
5,UPFC_tse,5-15,-2.09840427225854,1,MAP_SCADA,57
0,x_tcsc,1-14,-0.10994431093079703,2,MAP_SCADA,57
1,B_svc,2,0.1753239282076408,2,MAP_SCADA,57
2,UPFC_Vsh,5-15,1.111998389669153,2,MAP_SCADA,57
3,UPFC_tsh,5-15,-0.23581188587916524,2,MAP_SCADA,57
4,UPFC_Vse,5-15,0.054402221965770284,2,MAP_SCADA,57
5,UPFC_tse,5-15,-2.100456264451752,2,MAP_SCADA,57
0,x_tcsc,1-14,-0.11088531728575657,3,MAP_SCADA,57
1,B_svc,2,0.16882739996408214,3,MAP_SCADA,57
2,UPFC_Vsh,5-15,1.1146440548284218,3,MAP_SCADA,57
3,UPFC_tsh,5-15,-0.2342233735799073,3,MAP_SCADA,57
4,UPFC_Vse,5-15,0.05442679302168522,3,MAP_SCADA,57
5,UPFC_tse,5-15,-2.100007416472921,3,MAP_SCADA,57
0,x_tcsc,1-14,-0.10924856110569313,4,MAP_SCADA,57
1,B_svc,2,0.17865218105972955,4,MAP_SCADA,57
2,UPFC_Vsh,5-15,1.1104618731522284,4,MAP_SCADA,57
3,UPFC_tsh,5-15,-0.23682220081140762,4,MAP_SCADA,57
4,UPFC_Vse,5-15,0.05525779056621724,4,MAP_SCADA,57
5,UPFC_tse,5-15,-2.1026913843578425,4,MAP_SCADA,57
0,x_tcsc,1-14,-0.10988174734999331,0,MAP_SCADA,58
1,B_svc,2,0.17571214601223095,0,MAP_SCADA,58
2,UPFC_Vsh,5-15,1.1094886947843363,0,MAP_SCADA,58
3,UPFC_tsh,5-15,-0.2363967511358207,0,MAP_SCADA,58
4,UPFC_Vse,5-15,0.054783695621034786,0,MAP_SCADA,58
5,UPFC_tse,5-15,-2.1023195258308345,0,MAP_SCADA,58
0,x_tcsc,1-14,-0.10960738325028634,1,MAP_SCADA,58
1,B_svc,2,0.17304016813843393,1,MAP_SCADA,58
2,UPFC_Vsh,5-15,1.111589340274025,1,MAP_SCADA,58
3,UPFC_tsh,5-15,-0.2356278165525924,1,MAP_SCADA,58
4,UPFC_Vse,5-15,0.054983068832470214,1,MAP_SCADA,58
5,UPFC_tse,5-15,-2.09840427225854,1,MAP_SCADA,58
0,x_tcsc,1-14,-0.10994431093079703,2,MAP_SCADA,58
1,B_svc,2,0.1753239282076408,2,MAP_SCADA,58
2,UPFC_Vsh,5-15,1.111998389669153,2,MAP_SCADA,58
3,UPFC_tsh,5-15,-0.23581188587916524,2,MAP_SCADA,58
4,UPFC_Vse,5-15,0.054402221965770284,2,MAP_SCADA,58
5,UPFC_tse,5-15,-2.100456264451752,2,MAP_SCADA,58
0,x_tcsc,1-14,-0.11088531728575657,3,MAP_SCADA,58
1,B_svc,2,0.16882739996408214,3,MAP_SCADA,58
2,UPFC_Vsh,5-15,1.1146440548284218,3,MAP_SCADA,58
3,UPFC_tsh,5-15,-0.2342233735799073,3,MAP_SCADA,58
4,UPFC_Vse,5-15,0.05442679302168522,3,MAP_SCADA,58
5,UPFC_tse,5-15,-2.100007416472921,3,MAP_SCADA,58
0,x_tcsc,1-14,-0.10924856110569313,4,MAP_SCADA,58
1,B_svc,2,0.17865218105972955,4,MAP_SCADA,58
2,UPFC_Vsh,5-15,1.1104618731522284,4,MAP_SCADA,58
3,UPFC_tsh,5-15,-0.23682220081140762,4,MAP_SCADA,58
4,UPFC_Vse,5-15,0.05525779056621724,4,MAP_SCADA,58
5,UPFC_tse,5-15,-2.1026913843578425,4,MAP_SCADA,58
0,x_tcsc,1-14,-0.10988174734999331,0,MAP_SCADA,59
1,B_svc,2,0.17571214601223095,0,MAP_SCADA,59
2,UPFC_Vsh,5-15,1.1094886947843363,0,MAP_SCADA,59
3,UPFC_tsh,5-15,-0.2363967511358207,0,MAP_SCADA,59
4,UPFC_Vse,5-15,0.054783695621034786,0,MAP_SCADA,59
5,UPFC_tse,5-15,-2.1023195258308345,0,MAP_SCADA,59
0,x_tcsc,1-14,-0.10960738325028634,1,MAP_SCADA,59
1,B_svc,2,0.17304016813843393,1,MAP_SCADA,59
2,UPFC_Vsh,5-15,1.111589340274025,1,MAP_SCADA,59
3,UPFC_tsh,5-15,-0.2356278165525924,1,MAP_SCADA,59
4,UPFC_Vse,5-15,0.054983068832470214,1,MAP_SCADA,59
5,UPFC_tse,5-15,-2.09840427225854,1,MAP_SCADA,59
0,x_tcsc,1-14,-0.10994431093079703,2,MAP_SCADA,59
1,B_svc,2,0.1753239282076408,2,MAP_SCADA,59
2,UPFC_Vsh,5-15,1.111998389669153,2,MAP_SCADA,59
3,UPFC_tsh,5-15,-0.23581188587916524,2,MAP_SCADA,59
4,UPFC_Vse,5-15,0.054402221965770284,2,MAP_SCADA,59
5,UPFC_tse,5-15,-2.100456264451752,2,MAP_SCADA,59
0,x_tcsc,1-14,-0.11088531728575657,3,MAP_SCADA,59
1,B_svc,2,0.16882739996408214,3,MAP_SCADA,59
2,UPFC_Vsh,5-15,1.1146440548284218,3,MAP_SCADA,59
3,UPFC_tsh,5-15,-0.2342233735799073,3,MAP_SCADA,59
4,UPFC_Vse,5-15,0.05442679302168522,3,MAP_SCADA,59
5,UPFC_tse,5-15,-2.100007416472921,3,MAP_SCADA,59
0,x_tcsc,1-14,-0.10924856110569313,4,MAP_SCADA,59
1,B_svc,2,0.17865218105972955,4,MAP_SCADA,59
2,UPFC_Vsh,5-15,1.1104618731522284,4,MAP_SCADA,59
3,UPFC_tsh,5-15,-0.23682220081140762,4,MAP_SCADA,59
4,UPFC_Vse,5-15,0.05525779056621724,4,MAP_SCADA,59
5,UPFC_tse,5-15,-2.1026913843578425,4,MAP_SCADA,59
0,x_tcsc,1-14,-0.10572050237002147,0,MAP_PMU,0
1,B_svc,2,0.17417776554386655,0,MAP_PMU,0
2,UPFC_Vsh,5-15,1.111681323984887,0,MAP_PMU,0
3,UPFC_tsh,5-15,-0.23800456889985205,0,MAP_PMU,0
4,UPFC_Vse,5-15,0.058169279851541744,0,MAP_PMU,0
5,UPFC_tse,5-15,-2.1258741914195913,0,MAP_PMU,0
0,x_tcsc,1-14,-0.10571145742062532,1,MAP_PMU,0
1,B_svc,2,0.1743834050431327,1,MAP_PMU,0
2,UPFC_Vsh,5-15,1.1118677925048104,1,MAP_PMU,0
3,UPFC_tsh,5-15,-0.23795798636731436,1,MAP_PMU,0
4,UPFC_Vse,5-15,0.05823094558745514,1,MAP_PMU,0
5,UPFC_tse,5-15,-2.123665560749396,1,MAP_PMU,0
0,x_tcsc,1-14,-0.1057301247251766,2,MAP_PMU,0
1,B_svc,2,0.1746809314618441,2,MAP_PMU,0
2,UPFC_Vsh,5-15,1.1115276362217568,2,MAP_PMU,0
3,UPFC_tsh,5-15,-0.2379865507365575,2,MAP_PMU,0
4,UPFC_Vse,5-15,0.057746735819313354,2,MAP_PMU,0
5,UPFC_tse,5-15,-2.124031093525733,2,MAP_PMU,0
0,x_tcsc,1-14,-0.10571606845217044,3,MAP_PMU,0
1,B_svc,2,0.17448830248065844,3,MAP_PMU,0
2,UPFC_Vsh,5-15,1.1121528844549866,3,MAP_PMU,0
3,UPFC_tsh,5-15,-0.23800486104606777,3,MAP_PMU,0
4,UPFC_Vse,5-15,0.058283183634472636,3,MAP_PMU,0
5,UPFC_tse,5-15,-2.127152842214974,3,MAP_PMU,0
0,x_tcsc,1-14,-0.10572862469923795,4,MAP_PMU,0
1,B_svc,2,0.17458755391944472,4,MAP_PMU,0
2,UPFC_Vsh,5-15,1.1120623293795817,4,MAP_PMU,0
3,UPFC_tsh,5-15,-0.2379280884803307,4,MAP_PMU,0
4,UPFC_Vse,5-15,0.05812460793797403,4,MAP_PMU,0
5,UPFC_tse,5-15,-2.1239066477503483,4,MAP_PMU,0
0,x_tcsc,1-14,-0.10642532457513518,0,MAP_PMU,1
1,B_svc,2,0.17514324099029105,0,MAP_PMU,1
2,UPFC_Vsh,5-15,1.1117091333842175,0,MAP_PMU,1
3,UPFC_tsh,5-15,-0.2374518900517279,0,MAP_PMU,1
4,UPFC_Vse,5-15,0.058092215161233474,0,MAP_PMU,1
5,UPFC_tse,5-15,-2.125677617589121,0,MAP_PMU,1
0,x_tcsc,1-14,-0.10642467565517835,1,MAP_PMU,1
1,B_svc,2,0.17536783079597928,1,MAP_PMU,1
2,UPFC_Vsh,5-15,1.1118949159506624,1,MAP_PMU,1
3,UPFC_tsh,5-15,-0.23740547026781014,1,MAP_PMU,1
4,UPFC_Vse,5-15,0.05815413145281781,1,MAP_PMU,1
5,UPFC_tse,5-15,-2.1234582877529435,1,MAP_PMU,1
0,x_tcsc,1-14,-0.1064356207616031,2,MAP_PMU,1
1,B_svc,2,0.17564857456061136,2,MAP_PMU,1
2,UPFC_Vsh,5-15,1.1115548395639636,2,MAP_PMU,1
3,UPFC_tsh,5-15,-0.23743379987869911,2,MAP_PMU,1
4,UPFC_Vse,5-15,0.057669294855627086,2,MAP_PMU,1
5,UPFC_tse,5-15,-2.1238286515788367,2,MAP_PMU,1
0,x_tcsc,1-14,-0.10642199552630227,3,MAP_PMU,1
1,B_svc,2,0.17545035782474303,3,MAP_PMU,1
2,UPFC_Vsh,5-15,1.1121804817607805,3,MAP_PMU,1
3,UPFC_tsh,5-15,-0.23745192141835067,3,MAP_PMU,1
4,UPFC_Vse,5-15,0.05820585367977251,3,MAP_PMU,1
5,UPFC_tse,5-15,-2.1269475363769157,3,MAP_PMU,1
0,x_tcsc,1-14,-0.10643650801096244,4,MAP_PMU,1
1,B_svc,2,0.17556315424441388,4,MAP_PMU,1
2,UPFC_Vsh,5-15,1.1120892432516918,4,MAP_PMU,1
3,UPFC_tsh,5-15,-0.23737552862206318,4,MAP_PMU,1
4,UPFC_Vse,5-15,0.05804783777347047,4,MAP_PMU,1
5,UPFC_tse,5-15,-2.1237084846848786,4,MAP_PMU,1
0,x_tcsc,1-14,-0.10672078115586964,0,MAP_PMU,2
1,B_svc,2,0.17545853265836744,0,MAP_PMU,2
2,UPFC_Vsh,5-15,1.1116867820012037,0,MAP_PMU,2
3,UPFC_tsh,5-15,-0.23716927503262672,0,MAP_PMU,2
4,UPFC_Vse,5-15,0.058125616806146,0,MAP_PMU,2
5,UPFC_tse,5-15,-2.125914076524727,0,MAP_PMU,2
0,x_tcsc,1-14,-0.1067236775161975,1,MAP_PMU,2
1,B_svc,2,0.17569102602318137,1,MAP_PMU,2
2,UPFC_Vsh,5-15,1.1118725692437645,1,MAP_PMU,2
3,UPFC_tsh,5-15,-0.23712302229635518,1,MAP_PMU,2
4,UPFC_Vse,5-15,0.058187598206237263,1,MAP_PMU,2
5,UPFC_tse,5-15,-2.123692931803055,1,MAP_PMU,2
0,x_tcsc,1-14,-0.1067314041217141,2,MAP_PMU,2
1,B_svc,2,0.17596468139519814,2,MAP_PMU,2
2,UPFC_Vsh,5-15,1.1115325696331577,2,MAP_PMU,2
3,UPFC_tsh,5-15,-0.237151244173538,2,MAP_PMU,2
4,UPFC_Vse,5-15,0.057702586224611684,2,MAP_PMU,2
5,UPFC_tse,5-15,-2.1240697833403654,2,MAP_PMU,2
0,x_tcsc,1-14,-0.10671795435994406,3,MAP_PMU,2
1,B_svc,2,0.17576378702559792,3,MAP_PMU,2
2,UPFC_Vsh,5-15,1.1121583924964584,3,MAP_PMU,2
3,UPFC_tsh,5-15,-0.23716931161457472,3,MAP_PMU,2
4,UPFC_Vse,5-15,0.05823890847844664,3,MAP_PMU,2
5,UPFC_tse,5-15,-2.1271894685529524,3,MAP_PMU,2
0,x_tcsc,1-14,-0.10673326365440217,4,MAP_PMU,2
1,B_svc,2,0.17588274105668944,4,MAP_PMU,2
2,UPFC_Vsh,5-15,1.112066837680562,4,MAP_PMU,2
3,UPFC_tsh,5-15,-0.23709302248557268,4,MAP_PMU,2
4,UPFC_Vse,5-15,0.058081154196101825,4,MAP_PMU,2
5,UPFC_tse,5-15,-2.1239414156518186,4,MAP_PMU,2
0,x_tcsc,1-14,-0.10769695101545536,0,MAP_PMU,3
1,B_svc,2,0.1767880162997718,0,MAP_PMU,3
2,UPFC_Vsh,5-15,1.111705457184134,0,MAP_PMU,3
3,UPFC_tsh,5-15,-0.23619769093879253,0,MAP_PMU,3
4,UPFC_Vse,5-15,0.058179920100210156,0,MAP_PMU,3
5,UPFC_tse,5-15,-2.1255362166662444,0,MAP_PMU,3
0,x_tcsc,1-14,-0.10771158497110514,1,MAP_PMU,3
1,B_svc,2,0.17704733722732194,1,MAP_PMU,3
2,UPFC_Vsh,5-15,1.1118903734867278,1,MAP_PMU,3
3,UPFC_tsh,5-15,-0.23615173670940937,1,MAP_PMU,3
4,UPFC_Vse,5-15,0.05824224069651747,1,MAP_PMU,3
5,UPFC_tse,5-15,-2.1233142546840447,1,MAP_PMU,3
0,x_tcsc,1-14,-0.10770852053536273,2,MAP_PMU,3
1,B_svc,2,0.17729706371059242,2,MAP_PMU,3
2,UPFC_Vsh,5-15,1.111550677379995,2,MAP_PMU,3
3,UPFC_tsh,5-15,-0.23617961366972612,2,MAP_PMU,3
4,UPFC_Vse,5-15,0.05775652948715411,2,MAP_PMU,3
5,UPFC_tse,5-15,-2.1236948889109053,2,MAP_PMU,3
0,x_tcsc,1-14,-0.10769563958174243,3,MAP_PMU,3
1,B_svc,2,0.17708749377412752,3,MAP_PMU,3
2,UPFC_Vsh,5-15,1.1121778511484177,3,MAP_PMU,3
3,UPFC_tsh,5-15,-0.23619741938088415,3,MAP_PMU,3
4,UPFC_Vse,5-15,0.05829241350408752,3,MAP_PMU,3
5,UPFC_tse,5-15,-2.1268122060369,3,MAP_PMU,3
0,x_tcsc,1-14,-0.10771377624048259,4,MAP_PMU,3
1,B_svc,2,0.17722679419660278,4,MAP_PMU,3
2,UPFC_Vsh,5-15,1.1120842223017413,4,MAP_PMU,3
3,UPFC_tsh,5-15,-0.23612169150496667,4,MAP_PMU,3
4,UPFC_Vse,5-15,0.05813543481599421,4,MAP_PMU,3
5,UPFC_tse,5-15,-2.123560994668484,4,MAP_PMU,3
0,x_tcsc,1-14,-0.10871211332282309,0,MAP_PMU,4
1,B_svc,2,0.1783270046638882,0,MAP_PMU,4
2,UPFC_Vsh,5-15,1.1117117194821036,0,MAP_PMU,4
3,UPFC_tsh,5-15,-0.23535792872518865,0,MAP_PMU,4
4,UPFC_Vse,5-15,0.058135673175611066,0,MAP_PMU,4
5,UPFC_tse,5-15,-2.1257464027601474,0,MAP_PMU,4
0,x_tcsc,1-14,-0.10873906094678677,1,MAP_PMU,4
1,B_svc,2,0.17861446325888,1,MAP_PMU,4
2,UPFC_Vsh,5-15,1.111895244957356,1,MAP_PMU,4
3,UPFC_tsh,5-15,-0.23531234449173322,1,MAP_PMU,4
4,UPFC_Vse,5-15,0.05819822522030385,1,MAP_PMU,4
5,UPFC_tse,5-15,-2.12351426886619,1,MAP_PMU,4
0,x_tcsc,1-14,-0.10872460849302915,2,MAP_PMU,4
1,B_svc,2,0.17883884797421706,2,MAP_PMU,4
2,UPFC_Vsh,5-15,1.111556181350877,2,MAP_PMU,4
3,UPFC_tsh,5-15,-0.2353398409215907,2,MAP_PMU,4
4,UPFC_Vse,5-15,0.05771162713754316,2,MAP_PMU,4
5,UPFC_tse,5-15,-2.1239059414835313,2,MAP_PMU,4
0,x_tcsc,1-14,-0.10871205594517169,3,MAP_PMU,4
1,B_svc,2,0.17861918161169485,3,MAP_PMU,4
2,UPFC_Vsh,5-15,1.11218528677219,3,MAP_PMU,4
3,UPFC_tsh,5-15,-0.2353572958143916,3,MAP_PMU,4
4,UPFC_Vse,5-15,0.05824689247984078,3,MAP_PMU,4
5,UPFC_tse,5-15,-2.1270163556463757,3,MAP_PMU,4
0,x_tcsc,1-14,-0.10873365609366,4,MAP_PMU,4
1,B_svc,2,0.17878159326941676,4,MAP_PMU,4
2,UPFC_Vsh,5-15,1.1120885821681625,4,MAP_PMU,4
3,UPFC_tsh,5-15,-0.2352822159088167,4,MAP_PMU,4
4,UPFC_Vse,5-15,0.05809142116442658,4,MAP_PMU,4
5,UPFC_tse,5-15,-2.1237668445852287,4,MAP_PMU,4
0,x_tcsc,1-14,-0.10921354419652485,0,MAP_PMU,5
1,B_svc,2,0.17889523143377362,0,MAP_PMU,5
2,UPFC_Vsh,5-15,1.1117122043010237,0,MAP_PMU,5
3,UPFC_tsh,5-15,-0.23486483618896792,0,MAP_PMU,5
4,UPFC_Vse,5-15,0.05819616448436792,0,MAP_PMU,5
5,UPFC_tse,5-15,-2.12636521470628,0,MAP_PMU,5
0,x_tcsc,1-14,-0.10924661053005606,1,MAP_PMU,5
1,B_svc,2,0.1791971328866579,1,MAP_PMU,5
2,UPFC_Vsh,5-15,1.1118953997156291,1,MAP_PMU,5
3,UPFC_tsh,5-15,-0.23481942343214235,1,MAP_PMU,5
4,UPFC_Vse,5-15,0.05825839626052583,1,MAP_PMU,5
5,UPFC_tse,5-15,-2.1241337530029205,1,MAP_PMU,5
0,x_tcsc,1-14,-0.10922655163705228,2,MAP_PMU,5
1,B_svc,2,0.17940864738734377,2,MAP_PMU,5
2,UPFC_Vsh,5-15,1.1115567168109177,2,MAP_PMU,5
3,UPFC_tsh,5-15,-0.2348467385052231,2,MAP_PMU,5
4,UPFC_Vse,5-15,0.05777139223593727,2,MAP_PMU,5
5,UPFC_tse,5-15,-2.1245378649253643,2,MAP_PMU,5
0,x_tcsc,1-14,-0.10921423949586564,3,MAP_PMU,5
1,B_svc,2,0.1791839072713311,3,MAP_PMU,5
2,UPFC_Vsh,5-15,1.1121873368182653,3,MAP_PMU,5
3,UPFC_tsh,5-15,-0.23486407900686224,3,MAP_PMU,5
4,UPFC_Vse,5-15,0.058305716042903785,3,MAP_PMU,5
5,UPFC_tse,5-15,-2.1276479447751098,3,MAP_PMU,5
0,x_tcsc,1-14,-0.10923739373526505,4,MAP_PMU,5
1,B_svc,2,0.1793578078110451,4,MAP_PMU,5
2,UPFC_Vsh,5-15,1.1120883473674126,4,MAP_PMU,5
3,UPFC_tsh,5-15,-0.23478927360689147,4,MAP_PMU,5
4,UPFC_Vse,5-15,0.05815158340048346,4,MAP_PMU,5
5,UPFC_tse,5-15,-2.1243810727101717,4,MAP_PMU,5
0,x_tcsc,1-14,-0.10870554609993832,0,MAP_PMU,6
1,B_svc,2,0.17800300266920044,0,MAP_PMU,6
2,UPFC_Vsh,5-15,1.111704592099359,0,MAP_PMU,6
3,UPFC_tsh,5-15,-0.23542509808660764,0,MAP_PMU,6
4,UPFC_Vse,5-15,0.05813090745318506,0,MAP_PMU,6
5,UPFC_tse,5-15,-2.127044593332008,0,MAP_PMU,6
0,x_tcsc,1-14,-0.10873241261605972,1,MAP_PMU,6
1,B_svc,2,0.17829075672874722,1,MAP_PMU,6
2,UPFC_Vsh,5-15,1.1118886790045788,1,MAP_PMU,6
3,UPFC_tsh,5-15,-0.2353794794198334,1,MAP_PMU,6
4,UPFC_Vse,5-15,0.058192776340960206,1,MAP_PMU,6
5,UPFC_tse,5-15,-2.124807086045289,1,MAP_PMU,6
0,x_tcsc,1-14,-0.10871812776358666,2,MAP_PMU,6
1,B_svc,2,0.1785151280412351,2,MAP_PMU,6
2,UPFC_Vsh,5-15,1.1115496173590302,2,MAP_PMU,6
3,UPFC_tsh,5-15,-0.23540700084491828,2,MAP_PMU,6
4,UPFC_Vse,5-15,0.05770615629480503,2,MAP_PMU,6
5,UPFC_tse,5-15,-2.1252175294881055,2,MAP_PMU,6
0,x_tcsc,1-14,-0.10870573355969221,3,MAP_PMU,6
1,B_svc,2,0.17829575335993852,3,MAP_PMU,6
2,UPFC_Vsh,5-15,1.1121790297369465,3,MAP_PMU,6
3,UPFC_tsh,5-15,-0.23542456865990627,3,MAP_PMU,6
4,UPFC_Vse,5-15,0.058240799747733045,3,MAP_PMU,6
5,UPFC_tse,5-15,-2.1283310790442487,3,MAP_PMU,6
0,x_tcsc,1-14,-0.10872695881132609,4,MAP_PMU,6
1,B_svc,2,0.17845747087569366,4,MAP_PMU,6
2,UPFC_Vsh,5-15,1.1120819569590108,4,MAP_PMU,6
3,UPFC_tsh,5-15,-0.23534934724213072,4,MAP_PMU,6
4,UPFC_Vse,5-15,0.05808630523470086,4,MAP_PMU,6
5,UPFC_tse,5-15,-2.1250586364653867,4,MAP_PMU,6
0,x_tcsc,1-14,-0.10863175268659224,0,MAP_PMU,7
1,B_svc,2,0.17806939397846694,0,MAP_PMU,7
2,UPFC_Vsh,5-15,1.1117035839214626,0,MAP_PMU,7
3,UPFC_tsh,5-15,-0.23564609678505732,0,MAP_PMU,7
4,UPFC_Vse,5-15,0.05800737303519331,0,MAP_PMU,7
5,UPFC_tse,5-15,-2.126850662185125,0,MAP_PMU,7
0,x_tcsc,1-14,-0.1086577174812412,1,MAP_PMU,7
1,B_svc,2,0.17835477820965911,1,MAP_PMU,7
2,UPFC_Vsh,5-15,1.1118873619496155,1,MAP_PMU,7
3,UPFC_tsh,5-15,-0.2356004534297622,1,MAP_PMU,7
4,UPFC_Vse,5-15,0.05806953856572127,1,MAP_PMU,7
5,UPFC_tse,5-15,-2.1246030694593703,1,MAP_PMU,7
0,x_tcsc,1-14,-0.10864421106776458,2,MAP_PMU,7
1,B_svc,2,0.17858113636766879,2,MAP_PMU,7
2,UPFC_Vsh,5-15,1.1115482713011016,2,MAP_PMU,7
3,UPFC_tsh,5-15,-0.23562799990804828,2,MAP_PMU,7
4,UPFC_Vse,5-15,0.057582885798849834,2,MAP_PMU,7
5,UPFC_tse,5-15,-2.125010765395809,2,MAP_PMU,7
0,x_tcsc,1-14,-0.1086316949173338,3,MAP_PMU,7
1,B_svc,2,0.17836233631984708,3,MAP_PMU,7
2,UPFC_Vsh,5-15,1.1121772018044005,3,MAP_PMU,7
3,UPFC_tsh,5-15,-0.23564554209252495,3,MAP_PMU,7
4,UPFC_Vse,5-15,0.05811815988366823,3,MAP_PMU,7
5,UPFC_tse,5-15,-2.128121454264333,3,MAP_PMU,7
0,x_tcsc,1-14,-0.10865287664050763,4,MAP_PMU,7
1,B_svc,2,0.17852273597484783,4,MAP_PMU,7
2,UPFC_Vsh,5-15,1.112080772092099,4,MAP_PMU,7
3,UPFC_tsh,5-15,-0.23557030220282874,4,MAP_PMU,7
4,UPFC_Vse,5-15,0.057963282838245304,4,MAP_PMU,7
5,UPFC_tse,5-15,-2.124866157044791,4,MAP_PMU,7
0,x_tcsc,1-14,-0.10874396870592856,0,MAP_PMU,8
1,B_svc,2,0.1780714213772783,0,MAP_PMU,8
2,UPFC_Vsh,5-15,1.1116833477585852,0,MAP_PMU,8
3,UPFC_tsh,5-15,-0.23563951359580254,0,MAP_PMU,8
4,UPFC_Vse,5-15,0.05796950769321296,0,MAP_PMU,8
5,UPFC_tse,5-15,-2.1279271574251752,0,MAP_PMU,8
0,x_tcsc,1-14,-0.10877130342397048,1,MAP_PMU,8
1,B_svc,2,0.1783600652471971,1,MAP_PMU,8
2,UPFC_Vsh,5-15,1.1118673105439854,1,MAP_PMU,8
3,UPFC_tsh,5-15,-0.23559393207581736,1,MAP_PMU,8
4,UPFC_Vse,5-15,0.0580312004148223,1,MAP_PMU,8
5,UPFC_tse,5-15,-2.1256709358377583,1,MAP_PMU,8
0,x_tcsc,1-14,-0.1087565874143764,2,MAP_PMU,8
1,B_svc,2,0.17858354331826629,2,MAP_PMU,8
2,UPFC_Vsh,5-15,1.1115283125177917,2,MAP_PMU,8
3,UPFC_tsh,5-15,-0.23562144488996825,2,MAP_PMU,8
4,UPFC_Vse,5-15,0.05754440047832496,2,MAP_PMU,8
5,UPFC_tse,5-15,-2.126095093482419,2,MAP_PMU,8
0,x_tcsc,1-14,-0.10874417163927776,3,MAP_PMU,8
1,B_svc,2,0.17836355643883164,3,MAP_PMU,8
2,UPFC_Vsh,5-15,1.112157518192366,3,MAP_PMU,8
3,UPFC_tsh,5-15,-0.23563901319524233,3,MAP_PMU,8
4,UPFC_Vse,5-15,0.058079150209955036,3,MAP_PMU,8
5,UPFC_tse,5-15,-2.129206261811087,3,MAP_PMU,8
0,x_tcsc,1-14,-0.10876557917669136,4,MAP_PMU,8
1,B_svc,2,0.17852652448054318,4,MAP_PMU,8
2,UPFC_Vsh,5-15,1.1120606858233941,4,MAP_PMU,8
3,UPFC_tsh,5-15,-0.23556374157513013,4,MAP_PMU,8
4,UPFC_Vse,5-15,0.05792527866476148,4,MAP_PMU,8
5,UPFC_tse,5-15,-2.1259364348711896,4,MAP_PMU,8
0,x_tcsc,1-14,-0.10822278478934685,0,MAP_PMU,9
1,B_svc,2,0.17747912637076177,0,MAP_PMU,9
2,UPFC_Vsh,5-15,1.111692172761676,0,MAP_PMU,9
3,UPFC_tsh,5-15,-0.23600451992998384,0,MAP_PMU,9
4,UPFC_Vse,5-15,0.05800833361937503,0,MAP_PMU,9
5,UPFC_tse,5-15,-2.1272083860923727,0,MAP_PMU,9
0,x_tcsc,1-14,-0.10824379334564083,1,MAP_PMU,9
1,B_svc,2,0.17775294259563448,1,MAP_PMU,9
2,UPFC_Vsh,5-15,1.1118765151403376,1,MAP_PMU,9
3,UPFC_tsh,5-15,-0.23595877903882057,1,MAP_PMU,9
4,UPFC_Vse,5-15,0.05807025696073418,1,MAP_PMU,9
5,UPFC_tse,5-15,-2.1249628943958485,1,MAP_PMU,9
0,x_tcsc,1-14,-0.10823486469854837,2,MAP_PMU,9
1,B_svc,2,0.17798964615489987,2,MAP_PMU,9
2,UPFC_Vsh,5-15,1.1115371689287254,2,MAP_PMU,9
3,UPFC_tsh,5-15,-0.23598646392617897,2,MAP_PMU,9
4,UPFC_Vse,5-15,0.057583955014434966,2,MAP_PMU,9
5,UPFC_tse,5-15,-2.125371016136684,2,MAP_PMU,9
0,x_tcsc,1-14,-0.10822212674792353,3,MAP_PMU,9
1,B_svc,2,0.17777479894324955,3,MAP_PMU,9
2,UPFC_Vsh,5-15,1.1121651876736667,3,MAP_PMU,9
3,UPFC_tsh,5-15,-0.23600412039346794,3,MAP_PMU,9
4,UPFC_Vse,5-15,0.058119199938033377,3,MAP_PMU,9
5,UPFC_tse,5-15,-2.1284824438212606,3,MAP_PMU,9
0,x_tcsc,1-14,-0.10824204599775329,4,MAP_PMU,9
1,B_svc,2,0.17792608161265533,4,MAP_PMU,9
2,UPFC_Vsh,5-15,1.112070151796633,4,MAP_PMU,9
3,UPFC_tsh,5-15,-0.23592863519351923,4,MAP_PMU,9
4,UPFC_Vse,5-15,0.05796411073123701,4,MAP_PMU,9
5,UPFC_tse,5-15,-2.125223298728964,4,MAP_PMU,9
0,x_tcsc,1-14,-0.10903246539367793,0,MAP_PMU,10
1,B_svc,2,0.17845897835285848,0,MAP_PMU,10
2,UPFC_Vsh,5-15,1.1117100411037932,0,MAP_PMU,10
3,UPFC_tsh,5-15,-0.2351674919141639,0,MAP_PMU,10
4,UPFC_Vse,5-15,0.05809911753680864,0,MAP_PMU,10
5,UPFC_tse,5-15,-2.12781691142592,0,MAP_PMU,10
0,x_tcsc,1-14,-0.1090633148377129,1,MAP_PMU,10
1,B_svc,2,0.17875601379305425,1,MAP_PMU,10
2,UPFC_Vsh,5-15,1.1118937476024762,1,MAP_PMU,10
3,UPFC_tsh,5-15,-0.2351219759027656,1,MAP_PMU,10
4,UPFC_Vse,5-15,0.05816058224395024,1,MAP_PMU,10
5,UPFC_tse,5-15,-2.1255740875692997,1,MAP_PMU,10
0,x_tcsc,1-14,-0.1090453543916212,2,MAP_PMU,10
1,B_svc,2,0.17897204875962625,2,MAP_PMU,10
2,UPFC_Vsh,5-15,1.111554919504982,2,MAP_PMU,10
3,UPFC_tsh,5-15,-0.23514937262074592,2,MAP_PMU,10
4,UPFC_Vse,5-15,0.05767362679682977,2,MAP_PMU,10
5,UPFC_tse,5-15,-2.125997011783187,2,MAP_PMU,10
0,x_tcsc,1-14,-0.10903309120466388,3,MAP_PMU,10
1,B_svc,2,0.1787493401767114,3,MAP_PMU,10
2,UPFC_Vsh,5-15,1.1121851863017969,3,MAP_PMU,10
3,UPFC_tsh,5-15,-0.23516684442777383,3,MAP_PMU,10
4,UPFC_Vse,5-15,0.058207538582944626,3,MAP_PMU,10
5,UPFC_tse,5-15,-2.129107173450473,3,MAP_PMU,10
0,x_tcsc,1-14,-0.10905539752455173,4,MAP_PMU,10
1,B_svc,2,0.17891863695071486,4,MAP_PMU,10
2,UPFC_Vsh,5-15,1.1120868362567824,4,MAP_PMU,10
3,UPFC_tsh,5-15,-0.2350918243395873,4,MAP_PMU,10
4,UPFC_Vse,5-15,0.058054372244293294,4,MAP_PMU,10
5,UPFC_tse,5-15,-2.125826513787572,4,MAP_PMU,10
0,x_tcsc,1-14,-0.10861684721474858,0,MAP_PMU,11
1,B_svc,2,0.17771907380659385,0,MAP_PMU,11
2,UPFC_Vsh,5-15,1.11170910340486,0,MAP_PMU,11
3,UPFC_tsh,5-15,-0.23558018063573205,0,MAP_PMU,11
4,UPFC_Vse,5-15,0.05808149340308384,0,MAP_PMU,11
5,UPFC_tse,5-15,-2.1282957036125394,0,MAP_PMU,11
0,x_tcsc,1-14,-0.1086426343627274,1,MAP_PMU,11
1,B_svc,2,0.17800460697701395,1,MAP_PMU,11
2,UPFC_Vsh,5-15,1.111893547776107,1,MAP_PMU,11
3,UPFC_tsh,5-15,-0.23553449777945118,1,MAP_PMU,11
4,UPFC_Vse,5-15,0.05814265158662051,1,MAP_PMU,11
5,UPFC_tse,5-15,-2.126051740648407,1,MAP_PMU,11
0,x_tcsc,1-14,-0.10862938598610827,2,MAP_PMU,11
1,B_svc,2,0.17823112224089038,2,MAP_PMU,11
2,UPFC_Vsh,5-15,1.111554420606916,2,MAP_PMU,11
3,UPFC_tsh,5-15,-0.2355620593565455,2,MAP_PMU,11
4,UPFC_Vse,5-15,0.05765603476531054,2,MAP_PMU,11
5,UPFC_tse,5-15,-2.126478050500164,2,MAP_PMU,11
0,x_tcsc,1-14,-0.10861702328878964,3,MAP_PMU,11
1,B_svc,2,0.17801279188885993,3,MAP_PMU,11
2,UPFC_Vsh,5-15,1.112183832612929,3,MAP_PMU,11
3,UPFC_tsh,5-15,-0.23557970549303156,3,MAP_PMU,11
4,UPFC_Vse,5-15,0.058190078779281146,3,MAP_PMU,11
5,UPFC_tse,5-15,-2.129591076570762,3,MAP_PMU,11
0,x_tcsc,1-14,-0.1086378013244944,4,MAP_PMU,11
1,B_svc,2,0.1781721497033629,4,MAP_PMU,11
2,UPFC_Vsh,5-15,1.1120868389047334,4,MAP_PMU,11
3,UPFC_tsh,5-15,-0.23550437066426272,4,MAP_PMU,11
4,UPFC_Vse,5-15,0.05803663558730693,4,MAP_PMU,11
5,UPFC_tse,5-15,-2.1263043109036333,4,MAP_PMU,11
0,x_tcsc,1-14,-0.10865793509030724,0,MAP_PMU,12
1,B_svc,2,0.17777307964173528,0,MAP_PMU,12
2,UPFC_Vsh,5-15,1.1117067083573307,0,MAP_PMU,12
3,UPFC_tsh,5-15,-0.23562984281360339,0,MAP_PMU,12
4,UPFC_Vse,5-15,0.05802422170889314,0,MAP_PMU,12
5,UPFC_tse,5-15,-2.128573290007303,0,MAP_PMU,12
0,x_tcsc,1-14,-0.10868421888995268,1,MAP_PMU,12
1,B_svc,2,0.17805976533569087,1,MAP_PMU,12
2,UPFC_Vsh,5-15,1.1118910651835199,1,MAP_PMU,12
3,UPFC_tsh,5-15,-0.23558416439065613,1,MAP_PMU,12
4,UPFC_Vse,5-15,0.05808532982099514,1,MAP_PMU,12
5,UPFC_tse,5-15,-2.1263225969693194,1,MAP_PMU,12
0,x_tcsc,1-14,-0.10867051306970199,2,MAP_PMU,12
1,B_svc,2,0.1782852430795155,2,MAP_PMU,12
2,UPFC_Vsh,5-15,1.1115519736069954,2,MAP_PMU,12
3,UPFC_tsh,5-15,-0.23561171632294584,2,MAP_PMU,12
4,UPFC_Vse,5-15,0.05759862965001502,2,MAP_PMU,12
5,UPFC_tse,5-15,-2.126753570002745,2,MAP_PMU,12
0,x_tcsc,1-14,-0.10865817565198237,3,MAP_PMU,12
1,B_svc,2,0.1780664811685422,3,MAP_PMU,12
2,UPFC_Vsh,5-15,1.11218141415094,3,MAP_PMU,12
3,UPFC_tsh,5-15,-0.23562935999227194,3,MAP_PMU,12
4,UPFC_Vse,5-15,0.05813272665854429,3,MAP_PMU,12
5,UPFC_tse,5-15,-2.1298656935957623,3,MAP_PMU,12
0,x_tcsc,1-14,-0.10867907455355881,4,MAP_PMU,12
1,B_svc,2,0.1782268095603708,4,MAP_PMU,12
2,UPFC_Vsh,5-15,1.1120843671240677,4,MAP_PMU,12
3,UPFC_tsh,5-15,-0.2355540234444277,4,MAP_PMU,12
4,UPFC_Vse,5-15,0.057979501674025526,4,MAP_PMU,12
5,UPFC_tse,5-15,-2.1265803537145636,4,MAP_PMU,12
0,x_tcsc,1-14,-0.10852482758756697,0,MAP_PMU,13
1,B_svc,2,0.17733308882303614,0,MAP_PMU,13
2,UPFC_Vsh,5-15,1.111699629852097,0,MAP_PMU,13
3,UPFC_tsh,5-15,-0.23576148940623493,0,MAP_PMU,13
4,UPFC_Vse,5-15,0.05804166619054912,0,MAP_PMU,13
5,UPFC_tse,5-15,-2.1294923856277412,0,MAP_PMU,13
0,x_tcsc,1-14,-0.10854949270874392,1,MAP_PMU,13
1,B_svc,2,0.17761640750226868,1,MAP_PMU,13
2,UPFC_Vsh,5-15,1.1118846251319396,1,MAP_PMU,13
3,UPFC_tsh,5-15,-0.23571574359647235,1,MAP_PMU,13
4,UPFC_Vse,5-15,0.05810209447651738,1,MAP_PMU,13
5,UPFC_tse,5-15,-2.127240740970846,1,MAP_PMU,13
0,x_tcsc,1-14,-0.10853735637053852,2,MAP_PMU,13
1,B_svc,2,0.17784510039778664,2,MAP_PMU,13
2,UPFC_Vsh,5-15,1.111545441213443,2,MAP_PMU,13
3,UPFC_tsh,5-15,-0.23574336041670124,2,MAP_PMU,13
4,UPFC_Vse,5-15,0.05761545794520013,2,MAP_PMU,13
5,UPFC_tse,5-15,-2.1276839782233337,2,MAP_PMU,13
0,x_tcsc,1-14,-0.10852510037979461,3,MAP_PMU,13
1,B_svc,2,0.1776278509024782,3,MAP_PMU,13
2,UPFC_Vsh,5-15,1.112174850478033,3,MAP_PMU,13
3,UPFC_tsh,5-15,-0.23576113205888793,3,MAP_PMU,13
4,UPFC_Vse,5-15,0.058148999813764604,3,MAP_PMU,13
5,UPFC_tse,5-15,-2.1307996975411787,3,MAP_PMU,13
0,x_tcsc,1-14,-0.10854526913648108,4,MAP_PMU,13
1,B_svc,2,0.17778469783996415,4,MAP_PMU,13
2,UPFC_Vsh,5-15,1.1120779531768006,4,MAP_PMU,13
3,UPFC_tsh,5-15,-0.23568561130405452,4,MAP_PMU,13
4,UPFC_Vse,5-15,0.05799653343006552,4,MAP_PMU,13
5,UPFC_tse,5-15,-2.127495376806098,4,MAP_PMU,13
0,x_tcsc,1-14,-0.10828375494348626,0,MAP_PMU,14
1,B_svc,2,0.17696463948313823,0,MAP_PMU,14
2,UPFC_Vsh,5-15,1.1117022388013957,0,MAP_PMU,14
3,UPFC_tsh,5-15,-0.2360484020450869,0,MAP_PMU,14
4,UPFC_Vse,5-15,0.057979125811442184,0,MAP_PMU,14
5,UPFC_tse,5-15,-2.1299105518501933,0,MAP_PMU,14
0,x_tcsc,1-14,-0.10830548362593191,1,MAP_PMU,14
1,B_svc,2,0.1772413075700764,1,MAP_PMU,14
2,UPFC_Vsh,5-15,1.1118874951087483,1,MAP_PMU,14
3,UPFC_tsh,5-15,-0.23600254077773208,1,MAP_PMU,14
4,UPFC_Vse,5-15,0.058039382165035326,1,MAP_PMU,14
5,UPFC_tse,5-15,-2.1276536268982875,1,MAP_PMU,14
0,x_tcsc,1-14,-0.10829606291873822,2,MAP_PMU,14
1,B_svc,2,0.1774760151437565,2,MAP_PMU,14
2,UPFC_Vsh,5-15,1.1115481442890824,2,MAP_PMU,14
3,UPFC_tsh,5-15,-0.23603025425385982,2,MAP_PMU,14
4,UPFC_Vse,5-15,0.05755292079440816,2,MAP_PMU,14
5,UPFC_tse,5-15,-2.1281007698752727,2,MAP_PMU,14
0,x_tcsc,1-14,-0.10828377251431973,3,MAP_PMU,14
1,B_svc,2,0.17726124621121409,3,MAP_PMU,14
2,UPFC_Vsh,5-15,1.1121770103932067,3,MAP_PMU,14
3,UPFC_tsh,5-15,-0.23604812654165855,3,MAP_PMU,14
4,UPFC_Vse,5-15,0.058086629129577794,3,MAP_PMU,14
5,UPFC_tse,5-15,-2.1312163873211856,3,MAP_PMU,14
0,x_tcsc,1-14,-0.1083030508363645,4,MAP_PMU,14
1,B_svc,2,0.17741244515589602,4,MAP_PMU,14
2,UPFC_Vsh,5-15,1.1120810394768337,4,MAP_PMU,14
3,UPFC_tsh,5-15,-0.23597242258673215,4,MAP_PMU,14
4,UPFC_Vse,5-15,0.05793406615117017,4,MAP_PMU,14
5,UPFC_tse,5-15,-2.1279122258392493,4,MAP_PMU,14
0,x_tcsc,1-14,-0.10827961457241539,0,MAP_PMU,15
1,B_svc,2,0.17688830554823856,0,MAP_PMU,15
2,UPFC_Vsh,5-15,1.1116705830232314,0,MAP_PMU,15
3,UPFC_tsh,5-15,-0.23618304420261324,0,MAP_PMU,15
4,UPFC_Vse,5-15,0.05792257320171472,0,MAP_PMU,15
5,UPFC_tse,5-15,-2.130667365389151,0,MAP_PMU,15
0,x_tcsc,1-14,-0.10830130786087691,1,MAP_PMU,15
1,B_svc,2,0.17716468217380732,1,MAP_PMU,15
2,UPFC_Vsh,5-15,1.1118560320922073,1,MAP_PMU,15
3,UPFC_tsh,5-15,-0.23613725165778932,1,MAP_PMU,15
4,UPFC_Vse,5-15,0.05798251349869694,1,MAP_PMU,15
5,UPFC_tse,5-15,-2.1284009078468187,1,MAP_PMU,15
0,x_tcsc,1-14,-0.10829194944767268,2,MAP_PMU,15
1,B_svc,2,0.17739957613329108,2,MAP_PMU,15
2,UPFC_Vsh,5-15,1.1115167182794738,2,MAP_PMU,15
3,UPFC_tsh,5-15,-0.23616496472841317,2,MAP_PMU,15
4,UPFC_Vse,5-15,0.05749596121494934,2,MAP_PMU,15
5,UPFC_tse,5-15,-2.1288590789337007,2,MAP_PMU,15
0,x_tcsc,1-14,-0.10827959430791548,3,MAP_PMU,15
1,B_svc,2,0.1771845802623212,3,MAP_PMU,15
2,UPFC_Vsh,5-15,1.112145397604796,3,MAP_PMU,15
3,UPFC_tsh,5-15,-0.2361828560636695,3,MAP_PMU,15
4,UPFC_Vse,5-15,0.058029439698164584,3,MAP_PMU,15
5,UPFC_tse,5-15,-2.131974896705963,3,MAP_PMU,15
0,x_tcsc,1-14,-0.10829891911829585,4,MAP_PMU,15
1,B_svc,2,0.17733609450090376,4,MAP_PMU,15
2,UPFC_Vsh,5-15,1.1120495872448097,4,MAP_PMU,15
3,UPFC_tsh,5-15,-0.2361070772993416,4,MAP_PMU,15
4,UPFC_Vse,5-15,0.0578775468144224,4,MAP_PMU,15
5,UPFC_tse,5-15,-2.128664484058156,4,MAP_PMU,15
0,x_tcsc,1-14,-0.10766899358217165,0,MAP_PMU,16
1,B_svc,2,0.17604989086069478,0,MAP_PMU,16
2,UPFC_Vsh,5-15,1.1116566735130196,0,MAP_PMU,16
3,UPFC_tsh,5-15,-0.23680336508448982,0,MAP_PMU,16
4,UPFC_Vse,5-15,0.057875696867155116,0,MAP_PMU,16
5,UPFC_tse,5-15,-2.1307987136311244,0,MAP_PMU,16
0,x_tcsc,1-14,-0.10768330162476938,1,MAP_PMU,16
1,B_svc,2,0.17630917585627803,1,MAP_PMU,16
2,UPFC_Vsh,5-15,1.111842722666353,1,MAP_PMU,16
3,UPFC_tsh,5-15,-0.23675739789769398,1,MAP_PMU,16
4,UPFC_Vse,5-15,0.05793571814860293,1,MAP_PMU,16
5,UPFC_tse,5-15,-2.1285306232093038,1,MAP_PMU,16
0,x_tcsc,1-14,-0.10768074296451947,2,MAP_PMU,16
1,B_svc,2,0.1765593396064394,2,MAP_PMU,16
2,UPFC_Vsh,5-15,1.1115030974345752,2,MAP_PMU,16
3,UPFC_tsh,5-15,-0.2367853304597693,2,MAP_PMU,16
4,UPFC_Vse,5-15,0.0574496853346158,2,MAP_PMU,16
5,UPFC_tse,5-15,-2.1289851601142886,2,MAP_PMU,16
0,x_tcsc,1-14,-0.1076680583544904,3,MAP_PMU,16
1,B_svc,2,0.17635008034522845,3,MAP_PMU,16
2,UPFC_Vsh,5-15,1.1121305153711218,3,MAP_PMU,16
3,UPFC_tsh,5-15,-0.23680339199680903,3,MAP_PMU,16
4,UPFC_Vse,5-15,0.057983741480348114,3,MAP_PMU,16
5,UPFC_tse,5-15,-2.132102235294372,3,MAP_PMU,16
0,x_tcsc,1-14,-0.1076855365566098,4,MAP_PMU,16
1,B_svc,2,0.17648830430933596,4,MAP_PMU,16
2,UPFC_Vsh,5-15,1.1120366231349883,4,MAP_PMU,16
3,UPFC_tsh,5-15,-0.23672723651878316,4,MAP_PMU,16
4,UPFC_Vse,5-15,0.057830880370492825,4,MAP_PMU,16
5,UPFC_tse,5-15,-2.128796983062773,4,MAP_PMU,16
0,x_tcsc,1-14,-0.10730342827795246,0,MAP_PMU,17
1,B_svc,2,0.175511926528679,0,MAP_PMU,17
2,UPFC_Vsh,5-15,1.1116556858330822,0,MAP_PMU,17
3,UPFC_tsh,5-15,-0.23710751023057486,0,MAP_PMU,17
4,UPFC_Vse,5-15,0.05790838352448959,0,MAP_PMU,17
5,UPFC_tse,5-15,-2.130684635987336,0,MAP_PMU,17
0,x_tcsc,1-14,-0.10731333715408355,1,MAP_PMU,17
1,B_svc,2,0.17576118544049435,1,MAP_PMU,17
2,UPFC_Vsh,5-15,1.1118421485902223,1,MAP_PMU,17
3,UPFC_tsh,5-15,-0.2370614331875925,1,MAP_PMU,17
4,UPFC_Vse,5-15,0.05796843145940542,1,MAP_PMU,17
5,UPFC_tse,5-15,-2.128422091262923,1,MAP_PMU,17
0,x_tcsc,1-14,-0.10731482947593825,2,MAP_PMU,17
1,B_svc,2,0.17602035900882154,2,MAP_PMU,17
2,UPFC_Vsh,5-15,1.1115023807874929,2,MAP_PMU,17
3,UPFC_tsh,5-15,-0.2370894951374388,2,MAP_PMU,17
4,UPFC_Vse,5-15,0.057482732660011415,2,MAP_PMU,17
5,UPFC_tse,5-15,-2.128871220812272,2,MAP_PMU,17
0,x_tcsc,1-14,-0.10730191200304003,3,MAP_PMU,17
1,B_svc,2,0.17581447738198683,3,MAP_PMU,17
2,UPFC_Vsh,5-15,1.1121293423961984,3,MAP_PMU,17
3,UPFC_tsh,5-15,-0.23710764909290263,3,MAP_PMU,17
4,UPFC_Vse,5-15,0.05801699725833894,3,MAP_PMU,17
5,UPFC_tse,5-15,-2.1319901031034325,3,MAP_PMU,17
0,x_tcsc,1-14,-0.10731834050529696,4,MAP_PMU,17
1,B_svc,2,0.1759448590837228,4,MAP_PMU,17
2,UPFC_Vsh,5-15,1.1120361135011279,4,MAP_PMU,17
3,UPFC_tsh,5-15,-0.23703129949859647,4,MAP_PMU,17
4,UPFC_Vse,5-15,0.057863513863884955,4,MAP_PMU,17
5,UPFC_tse,5-15,-2.1286851604176107,4,MAP_PMU,17
0,x_tcsc,1-14,-0.10769824010246237,0,MAP_PMU,18
1,B_svc,2,0.1761530253016348,0,MAP_PMU,18
2,UPFC_Vsh,5-15,1.1116415239837352,0,MAP_PMU,18
3,UPFC_tsh,5-15,-0.23670395143320969,0,MAP_PMU,18
4,UPFC_Vse,5-15,0.057940413616563796,0,MAP_PMU,18
5,UPFC_tse,5-15,-2.130353461646921,0,MAP_PMU,18
0,x_tcsc,1-14,-0.10771291918034787,1,MAP_PMU,18
1,B_svc,2,0.17641284322794074,1,MAP_PMU,18
2,UPFC_Vsh,5-15,1.1118275295876534,1,MAP_PMU,18
3,UPFC_tsh,5-15,-0.23665807757039545,1,MAP_PMU,18
4,UPFC_Vse,5-15,0.058000659306254886,1,MAP_PMU,18
5,UPFC_tse,5-15,-2.1280920231297453,1,MAP_PMU,18
0,x_tcsc,1-14,-0.10771000551052409,2,MAP_PMU,18
1,B_svc,2,0.17666241169083563,2,MAP_PMU,18
2,UPFC_Vsh,5-15,1.111487943908887,2,MAP_PMU,18
3,UPFC_tsh,5-15,-0.2366859811445258,2,MAP_PMU,18
4,UPFC_Vse,5-15,0.05751464559485296,2,MAP_PMU,18
5,UPFC_tse,5-15,-2.128540080297417,2,MAP_PMU,18
0,x_tcsc,1-14,-0.10769720214429424,3,MAP_PMU,18
1,B_svc,2,0.17645263408763587,3,MAP_PMU,18
2,UPFC_Vsh,5-15,1.112115312819836,3,MAP_PMU,18
3,UPFC_tsh,5-15,-0.23670398564242331,3,MAP_PMU,18
4,UPFC_Vse,5-15,0.05804868644339874,3,MAP_PMU,18
5,UPFC_tse,5-15,-2.131657630839686,3,MAP_PMU,18
0,x_tcsc,1-14,-0.10771498447409887,4,MAP_PMU,18
1,B_svc,2,0.17659192728853124,4,MAP_PMU,18
2,UPFC_Vsh,5-15,1.1120213723382046,4,MAP_PMU,18
3,UPFC_tsh,5-15,-0.23662789307374518,4,MAP_PMU,18
4,UPFC_Vse,5-15,0.05789554913006087,4,MAP_PMU,18
5,UPFC_tse,5-15,-2.128353591942959,4,MAP_PMU,18
0,x_tcsc,1-14,-0.10745887353583841,0,MAP_PMU,19
1,B_svc,2,0.17588085027592812,0,MAP_PMU,19
2,UPFC_Vsh,5-15,1.111667433311414,0,MAP_PMU,19
3,UPFC_tsh,5-15,-0.23713596897931224,0,MAP_PMU,19
4,UPFC_Vse,5-15,0.05777985240340763,0,MAP_PMU,19
5,UPFC_tse,5-15,-2.1303862025391735,0,MAP_PMU,19
0,x_tcsc,1-14,-0.1074706477072522,1,MAP_PMU,19
1,B_svc,2,0.1761342100117521,1,MAP_PMU,19
2,UPFC_Vsh,5-15,1.1118532921292308,1,MAP_PMU,19
3,UPFC_tsh,5-15,-0.2370899079744014,1,MAP_PMU,19
4,UPFC_Vse,5-15,0.057840365690551857,1,MAP_PMU,19
5,UPFC_tse,5-15,-2.1281115290089887,1,MAP_PMU,19
0,x_tcsc,1-14,-0.10747036765256995,2,MAP_PMU,19
1,B_svc,2,0.17638965096676829,2,MAP_PMU,19
2,UPFC_Vsh,5-15,1.1115136177098641,2,MAP_PMU,19
3,UPFC_tsh,5-15,-0.23711791863454917,2,MAP_PMU,19
4,UPFC_Vse,5-15,0.05735446307384452,2,MAP_PMU,19
5,UPFC_tse,5-15,-2.1285586261534197,2,MAP_PMU,19
0,x_tcsc,1-14,-0.1074574477204739,3,MAP_PMU,19
1,B_svc,2,0.17618228990356133,3,MAP_PMU,19
2,UPFC_Vsh,5-15,1.112140596390669,3,MAP_PMU,19
3,UPFC_tsh,5-15,-0.23713598350521814,3,MAP_PMU,19
4,UPFC_Vse,5-15,0.057889379017502164,3,MAP_PMU,19
5,UPFC_tse,5-15,-2.1316738937436193,3,MAP_PMU,19
0,x_tcsc,1-14,-0.10747452725593214,4,MAP_PMU,19
1,B_svc,2,0.17631617958085286,4,MAP_PMU,19
2,UPFC_Vsh,5-15,1.1120472353764321,4,MAP_PMU,19
3,UPFC_tsh,5-15,-0.23705975512839214,4,MAP_PMU,19
4,UPFC_Vse,5-15,0.05773561666301214,4,MAP_PMU,19
5,UPFC_tse,5-15,-2.1283877766194785,4,MAP_PMU,19
0,x_tcsc,1-14,-0.10768032757224101,0,MAP_PMU,20
1,B_svc,2,0.17595027736032315,0,MAP_PMU,20
2,UPFC_Vsh,5-15,1.1105226523387137,0,MAP_PMU,20
3,UPFC_tsh,5-15,-0.23701762283812725,0,MAP_PMU,20
4,UPFC_Vse,5-15,0.05634073594018104,0,MAP_PMU,20
5,UPFC_tse,5-15,-2.1213249295682197,0,MAP_PMU,20
0,x_tcsc,1-14,-0.10767189119205119,1,MAP_PMU,20
1,B_svc,2,0.1761590819641697,1,MAP_PMU,20
2,UPFC_Vsh,5-15,1.1107034202466446,1,MAP_PMU,20
3,UPFC_tsh,5-15,-0.23697113453321056,1,MAP_PMU,20
4,UPFC_Vse,5-15,0.05644299745630955,1,MAP_PMU,20
5,UPFC_tse,5-15,-2.118968648906295,1,MAP_PMU,20
0,x_tcsc,1-14,-0.10769054939153976,2,MAP_PMU,20
1,B_svc,2,0.1764572946089123,2,MAP_PMU,20
2,UPFC_Vsh,5-15,1.1103705869238605,2,MAP_PMU,20
3,UPFC_tsh,5-15,-0.23700059416810168,2,MAP_PMU,20
4,UPFC_Vse,5-15,0.05594715249279613,2,MAP_PMU,20
5,UPFC_tse,5-15,-2.1195996074697754,2,MAP_PMU,20
0,x_tcsc,1-14,-0.10767667460289831,3,MAP_PMU,20
1,B_svc,2,0.1762725597897581,3,MAP_PMU,20
2,UPFC_Vsh,5-15,1.1109642521796501,3,MAP_PMU,20
3,UPFC_tsh,5-15,-0.23701813429462035,3,MAP_PMU,20
4,UPFC_Vse,5-15,0.056466187575983526,3,MAP_PMU,20
5,UPFC_tse,5-15,-2.1226804491469187,3,MAP_PMU,20
0,x_tcsc,1-14,-0.10768883600027637,4,MAP_PMU,20
1,B_svc,2,0.17636112395929568,4,MAP_PMU,20
2,UPFC_Vsh,5-15,1.110883413345158,4,MAP_PMU,20
3,UPFC_tsh,5-15,-0.2369411892463661,4,MAP_PMU,20
4,UPFC_Vse,5-15,0.0563200703552438,4,MAP_PMU,20
5,UPFC_tse,5-15,-2.1191555827986988,4,MAP_PMU,20
0,x_tcsc,1-14,-0.10742930441049042,0,MAP_PMU,21
1,B_svc,2,0.17568053990941912,0,MAP_PMU,21
2,UPFC_Vsh,5-15,1.1105359495057052,0,MAP_PMU,21
3,UPFC_tsh,5-15,-0.23726293017371694,0,MAP_PMU,21
4,UPFC_Vse,5-15,0.056311589175551464,0,MAP_PMU,21
5,UPFC_tse,5-15,-2.1209032426299235,0,MAP_PMU,21
0,x_tcsc,1-14,-0.10741792121252898,1,MAP_PMU,21
1,B_svc,2,0.1758827885088304,1,MAP_PMU,21
2,UPFC_Vsh,5-15,1.1107166507757718,1,MAP_PMU,21
3,UPFC_tsh,5-15,-0.23721629731056554,1,MAP_PMU,21
4,UPFC_Vse,5-15,0.056413824848554554,1,MAP_PMU,21
5,UPFC_tse,5-15,-2.1185491530917044,1,MAP_PMU,21
0,x_tcsc,1-14,-0.10743924610883963,2,MAP_PMU,21
1,B_svc,2,0.17618686760992136,2,MAP_PMU,21
2,UPFC_Vsh,5-15,1.1103838021128754,2,MAP_PMU,21
3,UPFC_tsh,5-15,-0.23724585017298297,2,MAP_PMU,21
4,UPFC_Vse,5-15,0.055918067303746634,2,MAP_PMU,21
5,UPFC_tse,5-15,-2.119172337365272,2,MAP_PMU,21
0,x_tcsc,1-14,-0.10742513430477335,3,MAP_PMU,21
1,B_svc,2,0.17600396910090468,3,MAP_PMU,21
2,UPFC_Vsh,5-15,1.110977471293776,3,MAP_PMU,21
3,UPFC_tsh,5-15,-0.23726344751466913,3,MAP_PMU,21
4,UPFC_Vse,5-15,0.056437447170438707,3,MAP_PMU,21
5,UPFC_tse,5-15,-2.122253576332692,3,MAP_PMU,21
0,x_tcsc,1-14,-0.10743676601633788,4,MAP_PMU,21
1,B_svc,2,0.17608791407076904,4,MAP_PMU,21
2,UPFC_Vsh,5-15,1.1108966892232914,4,MAP_PMU,21
3,UPFC_tsh,5-15,-0.2371864034545877,4,MAP_PMU,21
4,UPFC_Vse,5-15,0.05629103175484307,4,MAP_PMU,21
5,UPFC_tse,5-15,-2.118738369018175,4,MAP_PMU,21
0,x_tcsc,1-14,-0.10707862650759309,0,MAP_PMU,22
1,B_svc,2,0.17516990202556662,0,MAP_PMU,22
2,UPFC_Vsh,5-15,1.1105405625132072,0,MAP_PMU,22
3,UPFC_tsh,5-15,-0.23779427309654724,0,MAP_PMU,22
4,UPFC_Vse,5-15,0.056198548863064086,0,MAP_PMU,22
5,UPFC_tse,5-15,-2.121151405908726,0,MAP_PMU,22
0,x_tcsc,1-14,-0.10706315697719779,1,MAP_PMU,22
1,B_svc,2,0.17536309435190023,1,MAP_PMU,22
2,UPFC_Vsh,5-15,1.1107212968204945,1,MAP_PMU,22
3,UPFC_tsh,5-15,-0.23774747568062116,1,MAP_PMU,22
4,UPFC_Vse,5-15,0.05630057104555774,1,MAP_PMU,22
5,UPFC_tse,5-15,-2.1187889884196314,1,MAP_PMU,22
0,x_tcsc,1-14,-0.1070882064852445,2,MAP_PMU,22
1,B_svc,2,0.1756753467828409,2,MAP_PMU,22
2,UPFC_Vsh,5-15,1.1103885417936665,2,MAP_PMU,22
3,UPFC_tsh,5-15,-0.23777717023175152,2,MAP_PMU,22
4,UPFC_Vse,5-15,0.05580484089227835,2,MAP_PMU,22
5,UPFC_tse,5-15,-2.1194142200793866,2,MAP_PMU,22
0,x_tcsc,1-14,-0.10707363776258759,3,MAP_PMU,22
1,B_svc,2,0.17549482176159775,3,MAP_PMU,22
2,UPFC_Vsh,5-15,1.1109823132816694,3,MAP_PMU,22
3,UPFC_tsh,5-15,-0.2377948482160521,3,MAP_PMU,22
4,UPFC_Vse,5-15,0.056324574074574814,3,MAP_PMU,22
5,UPFC_tse,5-15,-2.1224964930652357,3,MAP_PMU,22
0,x_tcsc,1-14,-0.10708467358403223,4,MAP_PMU,22
1,B_svc,2,0.1755726151189327,4,MAP_PMU,22
2,UPFC_Vsh,5-15,1.110901272599678,4,MAP_PMU,22
3,UPFC_tsh,5-15,-0.23771761000240568,4,MAP_PMU,22
4,UPFC_Vse,5-15,0.0561782997983047,4,MAP_PMU,22
5,UPFC_tse,5-15,-2.1189886617981593,4,MAP_PMU,22
0,x_tcsc,1-14,-0.10701357905492229,0,MAP_PMU,23
1,B_svc,2,0.17508655428533246,0,MAP_PMU,23
2,UPFC_Vsh,5-15,1.1105550575892513,0,MAP_PMU,23
3,UPFC_tsh,5-15,-0.23789687149364633,0,MAP_PMU,23
4,UPFC_Vse,5-15,0.05616821713818063,0,MAP_PMU,23
5,UPFC_tse,5-15,-2.121036726990209,0,MAP_PMU,23
0,x_tcsc,1-14,-0.10699734706928228,1,MAP_PMU,23
1,B_svc,2,0.1752781757769505,1,MAP_PMU,23
2,UPFC_Vsh,5-15,1.1107357177244834,1,MAP_PMU,23
3,UPFC_tsh,5-15,-0.23785000216373572,1,MAP_PMU,23
4,UPFC_Vse,5-15,0.056270182901236865,1,MAP_PMU,23
5,UPFC_tse,5-15,-2.118673252055019,1,MAP_PMU,23
0,x_tcsc,1-14,-0.10702307990225883,2,MAP_PMU,23
1,B_svc,2,0.17559190598628774,2,MAP_PMU,23
2,UPFC_Vsh,5-15,1.110402977484936,2,MAP_PMU,23
3,UPFC_tsh,5-15,-0.23787972488470488,2,MAP_PMU,23
4,UPFC_Vse,5-15,0.055774416283223466,2,MAP_PMU,23
5,UPFC_tse,5-15,-2.119296740997385,2,MAP_PMU,23
0,x_tcsc,1-14,-0.10700844334307383,3,MAP_PMU,23
1,B_svc,2,0.1754119205877944,3,MAP_PMU,23
2,UPFC_Vsh,5-15,1.1109968771696068,3,MAP_PMU,23
3,UPFC_tsh,5-15,-0.23789741625545635,3,MAP_PMU,23
4,UPFC_Vse,5-15,0.05629427282090292,3,MAP_PMU,23
5,UPFC_tse,5-15,-2.122379125266333,3,MAP_PMU,23
0,x_tcsc,1-14,-0.10701935370435167,4,MAP_PMU,23
1,B_svc,2,0.1754884208262077,4,MAP_PMU,23
2,UPFC_Vsh,5-15,1.1109156425889426,4,MAP_PMU,23
3,UPFC_tsh,5-15,-0.23782016076556242,4,MAP_PMU,23
4,UPFC_Vse,5-15,0.05614806470269394,4,MAP_PMU,23
5,UPFC_tse,5-15,-2.1188757468668324,4,MAP_PMU,23
0,x_tcsc,1-14,-0.10737640469676196,0,MAP_PMU,24
1,B_svc,2,0.17542003643198098,0,MAP_PMU,24
2,UPFC_Vsh,5-15,1.110566373248248,0,MAP_PMU,24
3,UPFC_tsh,5-15,-0.237692366511446,0,MAP_PMU,24
4,UPFC_Vse,5-15,0.05609836510714557,0,MAP_PMU,24
5,UPFC_tse,5-15,-2.1213927273757767,0,MAP_PMU,24
0,x_tcsc,1-14,-0.10736438879833907,1,MAP_PMU,24
1,B_svc,2,0.17562148625976384,1,MAP_PMU,24
2,UPFC_Vsh,5-15,1.1107470246665672,1,MAP_PMU,24
3,UPFC_tsh,5-15,-0.2376455488217685,1,MAP_PMU,24
4,UPFC_Vse,5-15,0.05620036509228545,1,MAP_PMU,24
5,UPFC_tse,5-15,-2.1190168231772417,1,MAP_PMU,24
0,x_tcsc,1-14,-0.10738630591713381,2,MAP_PMU,24
1,B_svc,2,0.17592665756820927,2,MAP_PMU,24
2,UPFC_Vsh,5-15,1.1104142600277305,2,MAP_PMU,24
3,UPFC_tsh,5-15,-0.23767517088492118,2,MAP_PMU,24
4,UPFC_Vse,5-15,0.055704283063302794,2,MAP_PMU,24
5,UPFC_tse,5-15,-2.1196517960141303,2,MAP_PMU,24
0,x_tcsc,1-14,-0.10737218740203265,3,MAP_PMU,24
1,B_svc,2,0.17574448385170574,3,MAP_PMU,24
2,UPFC_Vsh,5-15,1.1110082720923813,3,MAP_PMU,24
3,UPFC_tsh,5-15,-0.23769284193348703,3,MAP_PMU,24
4,UPFC_Vse,5-15,0.05622428163596612,3,MAP_PMU,24
5,UPFC_tse,5-15,-2.122735198779878,3,MAP_PMU,24
0,x_tcsc,1-14,-0.10738358756144117,4,MAP_PMU,24
1,B_svc,2,0.17582685148752555,4,MAP_PMU,24
2,UPFC_Vsh,5-15,1.1109268690564489,4,MAP_PMU,24
3,UPFC_tsh,5-15,-0.23761567178397058,4,MAP_PMU,24
4,UPFC_Vse,5-15,0.056078401775379025,4,MAP_PMU,24
5,UPFC_tse,5-15,-2.119227991549216,4,MAP_PMU,24
0,x_tcsc,1-14,-0.10758150716811432,0,MAP_PMU,25
1,B_svc,2,0.17570946995782144,0,MAP_PMU,25
2,UPFC_Vsh,5-15,1.1105454814708808,0,MAP_PMU,25
3,UPFC_tsh,5-15,-0.23739759133012348,0,MAP_PMU,25
4,UPFC_Vse,5-15,0.05616583906504336,0,MAP_PMU,25
5,UPFC_tse,5-15,-2.1213062533120164,0,MAP_PMU,25
0,x_tcsc,1-14,-0.10757188970388874,1,MAP_PMU,25
1,B_svc,2,0.17591612475205815,1,MAP_PMU,25
2,UPFC_Vsh,5-15,1.1107261821951404,1,MAP_PMU,25
3,UPFC_tsh,5-15,-0.23735091320052623,1,MAP_PMU,25
4,UPFC_Vse,5-15,0.05626799517600471,1,MAP_PMU,25
5,UPFC_tse,5-15,-2.1189339641918337,1,MAP_PMU,25
0,x_tcsc,1-14,-0.10759163342367131,2,MAP_PMU,25
1,B_svc,2,0.1762165196345542,2,MAP_PMU,25
2,UPFC_Vsh,5-15,1.1103933905965953,2,MAP_PMU,25
3,UPFC_tsh,5-15,-0.23738045388944667,2,MAP_PMU,25
4,UPFC_Vse,5-15,0.055771897321780645,2,MAP_PMU,25
5,UPFC_tse,5-15,-2.1195691633317253,2,MAP_PMU,25
0,x_tcsc,1-14,-0.10757777097881133,3,MAP_PMU,25
1,B_svc,2,0.17603278748998874,3,MAP_PMU,25
2,UPFC_Vsh,5-15,1.1109872338948836,3,MAP_PMU,25
3,UPFC_tsh,5-15,-0.2373980842073773,3,MAP_PMU,25
4,UPFC_Vse,5-15,0.056291737504100915,3,MAP_PMU,25
5,UPFC_tse,5-15,-2.122652782973155,3,MAP_PMU,25
0,x_tcsc,1-14,-0.10758953033171587,4,MAP_PMU,25
1,B_svc,2,0.17611902377252417,4,MAP_PMU,25
2,UPFC_Vsh,5-15,1.1109061181706579,4,MAP_PMU,25
3,UPFC_tsh,5-15,-0.23732099599490625,4,MAP_PMU,25
4,UPFC_Vse,5-15,0.05614568602132889,4,MAP_PMU,25
5,UPFC_tse,5-15,-2.119139568767529,4,MAP_PMU,25
0,x_tcsc,1-14,-0.10734947348332907,0,MAP_PMU,26
1,B_svc,2,0.17564644859782438,0,MAP_PMU,26
2,UPFC_Vsh,5-15,1.110540855793994,0,MAP_PMU,26
3,UPFC_tsh,5-15,-0.237540718585764,0,MAP_PMU,26
4,UPFC_Vse,5-15,0.056186423557888096,0,MAP_PMU,26
5,UPFC_tse,5-15,-2.120425231853076,0,MAP_PMU,26
0,x_tcsc,1-14,-0.10733715116360706,1,MAP_PMU,26
1,B_svc,2,0.17584654577369188,1,MAP_PMU,26
2,UPFC_Vsh,5-15,1.1107213180806759,1,MAP_PMU,26
3,UPFC_tsh,5-15,-0.2374940100226596,1,MAP_PMU,26
4,UPFC_Vse,5-15,0.05628865324566317,1,MAP_PMU,26
5,UPFC_tse,5-15,-2.1180623623358246,1,MAP_PMU,26
0,x_tcsc,1-14,-0.10735929889295517,2,MAP_PMU,26
1,B_svc,2,0.17615254799393015,2,MAP_PMU,26
2,UPFC_Vsh,5-15,1.1103885389229062,2,MAP_PMU,26
3,UPFC_tsh,5-15,-0.23752360564857428,2,MAP_PMU,26
4,UPFC_Vse,5-15,0.055792610157432414,2,MAP_PMU,26
5,UPFC_tse,5-15,-2.1186816605219403,2,MAP_PMU,26
0,x_tcsc,1-14,-0.10734505100674067,3,MAP_PMU,26
1,B_svc,2,0.175970170856503,3,MAP_PMU,26
2,UPFC_Vsh,5-15,1.11098210141061,3,MAP_PMU,26
3,UPFC_tsh,5-15,-0.2375412025909751,3,MAP_PMU,26
4,UPFC_Vse,5-15,0.05631261895226699,3,MAP_PMU,26
5,UPFC_tse,5-15,-2.1217641682051145,3,MAP_PMU,26
0,x_tcsc,1-14,-0.10735662649320367,4,MAP_PMU,26
1,B_svc,2,0.17605280542141788,4,MAP_PMU,26
2,UPFC_Vsh,5-15,1.1109013364752496,4,MAP_PMU,26
3,UPFC_tsh,5-15,-0.23746411372115916,4,MAP_PMU,26
4,UPFC_Vse,5-15,0.05616629961410258,4,MAP_PMU,26
5,UPFC_tse,5-15,-2.118265071262754,4,MAP_PMU,26
0,x_tcsc,1-14,-0.10749046482125654,0,MAP_PMU,27
1,B_svc,2,0.17580092892688945,0,MAP_PMU,27
2,UPFC_Vsh,5-15,1.1105581326274057,0,MAP_PMU,27
3,UPFC_tsh,5-15,-0.2376087350534677,0,MAP_PMU,27
4,UPFC_Vse,5-15,0.056048156082922865,0,MAP_PMU,27
5,UPFC_tse,5-15,-2.1209904649007325,0,MAP_PMU,27
0,x_tcsc,1-14,-0.1074797768902054,1,MAP_PMU,27
1,B_svc,2,0.1760049234256945,1,MAP_PMU,27
2,UPFC_Vsh,5-15,1.1107384476562507,1,MAP_PMU,27
3,UPFC_tsh,5-15,-0.2375619958738248,1,MAP_PMU,27
4,UPFC_Vse,5-15,0.05615023657394436,1,MAP_PMU,27
5,UPFC_tse,5-15,-2.118612624389611,1,MAP_PMU,27
0,x_tcsc,1-14,-0.10750042562921377,2,MAP_PMU,27
1,B_svc,2,0.176307577350877,2,MAP_PMU,27
2,UPFC_Vsh,5-15,1.1104056843942802,2,MAP_PMU,27
3,UPFC_tsh,5-15,-0.23759155799146386,2,MAP_PMU,27
4,UPFC_Vse,5-15,0.05565393077436596,2,MAP_PMU,27
5,UPFC_tse,5-15,-2.1192438550049904,2,MAP_PMU,27
0,x_tcsc,1-14,-0.1074863720061823,3,MAP_PMU,27
1,B_svc,2,0.17612439027386304,3,MAP_PMU,27
2,UPFC_Vsh,5-15,1.1109993461302832,3,MAP_PMU,27
3,UPFC_tsh,5-15,-0.2376091456400042,3,MAP_PMU,27
4,UPFC_Vse,5-15,0.05617404607002186,3,MAP_PMU,27
5,UPFC_tse,5-15,-2.1223251413790756,3,MAP_PMU,27
0,x_tcsc,1-14,-0.10749816515492101,4,MAP_PMU,27
1,B_svc,2,0.1762092696652425,4,MAP_PMU,27
2,UPFC_Vsh,5-15,1.1109184102991927,4,MAP_PMU,27
3,UPFC_tsh,5-15,-0.23753208456169353,4,MAP_PMU,27
4,UPFC_Vse,5-15,0.056028368192668425,4,MAP_PMU,27
5,UPFC_tse,5-15,-2.118827564703286,4,MAP_PMU,27
0,x_tcsc,1-14,-0.1077024786321011,0,MAP_PMU,28
1,B_svc,2,0.17613302636694517,0,MAP_PMU,28
2,UPFC_Vsh,5-15,1.1105892623500844,0,MAP_PMU,28
3,UPFC_tsh,5-15,-0.23738729626849478,0,MAP_PMU,28
4,UPFC_Vse,5-15,0.056054268881622765,0,MAP_PMU,28
5,UPFC_tse,5-15,-2.1202964961138395,0,MAP_PMU,28
0,x_tcsc,1-14,-0.10769425696065395,1,MAP_PMU,28
1,B_svc,2,0.17634277979080581,1,MAP_PMU,28
2,UPFC_Vsh,5-15,1.1107692886066216,1,MAP_PMU,28
3,UPFC_tsh,5-15,-0.23734054982638292,1,MAP_PMU,28
4,UPFC_Vse,5-15,0.0561564736927537,1,MAP_PMU,28
5,UPFC_tse,5-15,-2.1179212121981985,1,MAP_PMU,28
0,x_tcsc,1-14,-0.1077126206896889,2,MAP_PMU,28
1,B_svc,2,0.17664040853783897,2,MAP_PMU,28
2,UPFC_Vsh,5-15,1.1104364994993168,2,MAP_PMU,28
3,UPFC_tsh,5-15,-0.23737003848316762,2,MAP_PMU,28
4,UPFC_Vse,5-15,0.05565993094446377,2,MAP_PMU,28
5,UPFC_tse,5-15,-2.118545048085203,2,MAP_PMU,28
0,x_tcsc,1-14,-0.10769882916136006,3,MAP_PMU,28
1,B_svc,2,0.17645597606003832,3,MAP_PMU,28
2,UPFC_Vsh,5-15,1.1110303939497244,3,MAP_PMU,28
3,UPFC_tsh,5-15,-0.237387559864765,3,MAP_PMU,28
4,UPFC_Vse,5-15,0.056180203780030705,3,MAP_PMU,28
5,UPFC_tse,5-15,-2.1216261057625014,3,MAP_PMU,28
0,x_tcsc,1-14,-0.10771103172428433,4,MAP_PMU,28
1,B_svc,2,0.17654431522521538,4,MAP_PMU,28
2,UPFC_Vsh,5-15,1.1109491200016606,4,MAP_PMU,28
3,UPFC_tsh,5-15,-0.23731065926272488,4,MAP_PMU,28
4,UPFC_Vse,5-15,0.0560345617846648,4,MAP_PMU,28
5,UPFC_tse,5-15,-2.1181371151116757,4,MAP_PMU,28
0,x_tcsc,1-14,-0.10763956912819891,0,MAP_PMU,29
1,B_svc,2,0.1761013591376436,0,MAP_PMU,29
2,UPFC_Vsh,5-15,1.1105935610562208,0,MAP_PMU,29
3,UPFC_tsh,5-15,-0.2372567986697464,0,MAP_PMU,29
4,UPFC_Vse,5-15,0.05616764789980097,0,MAP_PMU,29
5,UPFC_tse,5-15,-2.119533420115283,0,MAP_PMU,29
0,x_tcsc,1-14,-0.10763060935649134,1,MAP_PMU,29
1,B_svc,2,0.176309422320877,1,MAP_PMU,29
2,UPFC_Vsh,5-15,1.110773602647565,1,MAP_PMU,29
3,UPFC_tsh,5-15,-0.23721003524916487,1,MAP_PMU,29
4,UPFC_Vse,5-15,0.056269971883759436,1,MAP_PMU,29
5,UPFC_tse,5-15,-2.1171720231504962,1,MAP_PMU,29
0,x_tcsc,1-14,-0.10764963848039572,2,MAP_PMU,29
1,B_svc,2,0.17660852046639638,2,MAP_PMU,29
2,UPFC_Vsh,5-15,1.1104407599342017,2,MAP_PMU,29
3,UPFC_tsh,5-15,-0.23723953613255486,2,MAP_PMU,29
4,UPFC_Vse,5-15,0.055773576664195815,2,MAP_PMU,29
5,UPFC_tse,5-15,-2.1177825424058394,2,MAP_PMU,29
0,x_tcsc,1-14,-0.10763580581117453,3,MAP_PMU,29
1,B_svc,2,0.17642456827172778,3,MAP_PMU,29
2,UPFC_Vsh,5-15,1.1110346654818009,3,MAP_PMU,29
3,UPFC_tsh,5-15,-0.23725705792149884,3,MAP_PMU,29
4,UPFC_Vse,5-15,0.056293825401867205,3,MAP_PMU,29
5,UPFC_tse,5-15,-2.1208643945024193,3,MAP_PMU,29
0,x_tcsc,1-14,-0.10764785950930571,4,MAP_PMU,29
1,B_svc,2,0.17651171501282473,4,MAP_PMU,29
2,UPFC_Vsh,5-15,1.110953458233808,4,MAP_PMU,29
3,UPFC_tsh,5-15,-0.2371801817054748,4,MAP_PMU,29
4,UPFC_Vse,5-15,0.05614766817124987,4,MAP_PMU,29
5,UPFC_tse,5-15,-2.117378043143629,4,MAP_PMU,29
0,x_tcsc,1-14,-0.10764612806671628,0,MAP_PMU,30
1,B_svc,2,0.17612390818063162,0,MAP_PMU,30
2,UPFC_Vsh,5-15,1.11059885839544,0,MAP_PMU,30
3,UPFC_tsh,5-15,-0.23745007812698282,0,MAP_PMU,30
4,UPFC_Vse,5-15,0.056033043939133345,0,MAP_PMU,30
5,UPFC_tse,5-15,-2.119855208380508,0,MAP_PMU,30
0,x_tcsc,1-14,-0.10763723739593661,1,MAP_PMU,30
1,B_svc,2,0.17633217607053916,1,MAP_PMU,30
2,UPFC_Vsh,5-15,1.1107787700333742,1,MAP_PMU,30
3,UPFC_tsh,5-15,-0.23740327359384888,1,MAP_PMU,30
4,UPFC_Vse,5-15,0.05613518040944396,1,MAP_PMU,30
5,UPFC_tse,5-15,-2.117481437286738,1,MAP_PMU,30
0,x_tcsc,1-14,-0.10765618931872736,2,MAP_PMU,30
1,B_svc,2,0.17663112558435337,2,MAP_PMU,30
2,UPFC_Vsh,5-15,1.1104459803578217,2,MAP_PMU,30
3,UPFC_tsh,5-15,-0.2374327831636924,2,MAP_PMU,30
4,UPFC_Vse,5-15,0.05563854183196846,2,MAP_PMU,30
5,UPFC_tse,5-15,-2.118099540659998,2,MAP_PMU,30
0,x_tcsc,1-14,-0.10764236008546334,3,MAP_PMU,30
1,B_svc,2,0.1764471456352921,3,MAP_PMU,30
2,UPFC_Vsh,5-15,1.1110398666029309,3,MAP_PMU,30
3,UPFC_tsh,5-15,-0.2374503102840801,3,MAP_PMU,30
4,UPFC_Vse,5-15,0.05615895833004166,3,MAP_PMU,30
5,UPFC_tse,5-15,-2.1211815120360002,3,MAP_PMU,30
0,x_tcsc,1-14,-0.1076544411447966,4,MAP_PMU,30
1,B_svc,2,0.17653440698771464,4,MAP_PMU,30
2,UPFC_Vsh,5-15,1.110958613649621,4,MAP_PMU,30
3,UPFC_tsh,5-15,-0.23737340485619884,4,MAP_PMU,30
4,UPFC_Vse,5-15,0.056013410241946976,4,MAP_PMU,30
5,UPFC_tse,5-15,-2.117699274032321,4,MAP_PMU,30
0,x_tcsc,1-14,-0.10682256124771981,0,MAP_PMU,31
1,B_svc,2,0.17504006908397354,0,MAP_PMU,31
2,UPFC_Vsh,5-15,1.1105901604828312,0,MAP_PMU,31
3,UPFC_tsh,5-15,-0.23816475354884317,0,MAP_PMU,31
4,UPFC_Vse,5-15,0.056075224163856505,0,MAP_PMU,31
5,UPFC_tse,5-15,-2.1193247658610885,0,MAP_PMU,31
0,x_tcsc,1-14,-0.10680407306908045,1,MAP_PMU,31
1,B_svc,2,0.17522680968864238,1,MAP_PMU,31
2,UPFC_Vsh,5-15,1.1107703951140904,1,MAP_PMU,31
3,UPFC_tsh,5-15,-0.23811765658246214,1,MAP_PMU,31
4,UPFC_Vse,5-15,0.056176896927030165,1,MAP_PMU,31
5,UPFC_tse,5-15,-2.116964807679939,1,MAP_PMU,31
0,x_tcsc,1-14,-0.10683178644363012,2,MAP_PMU,31
1,B_svc,2,0.17554491962089863,2,MAP_PMU,31
2,UPFC_Vsh,5-15,1.1104376933648494,2,MAP_PMU,31
3,UPFC_tsh,5-15,-0.2381474608482215,2,MAP_PMU,31
4,UPFC_Vse,5-15,0.05568068153670258,2,MAP_PMU,31
5,UPFC_tse,5-15,-2.117567130956735,2,MAP_PMU,31
0,x_tcsc,1-14,-0.10681701549563026,3,MAP_PMU,31
1,B_svc,2,0.17536639677061852,3,MAP_PMU,31
2,UPFC_Vsh,5-15,1.1110317123684372,3,MAP_PMU,31
3,UPFC_tsh,5-15,-0.23816517628388048,3,MAP_PMU,31
4,UPFC_Vse,5-15,0.056201170294613925,3,MAP_PMU,31
5,UPFC_tse,5-15,-2.1206539787073786,3,MAP_PMU,31
0,x_tcsc,1-14,-0.10682753092900836,4,MAP_PMU,31
1,B_svc,2,0.17543936948074024,4,MAP_PMU,31
2,UPFC_Vsh,5-15,1.1109502845132986,4,MAP_PMU,31
3,UPFC_tsh,5-15,-0.2380878968106613,4,MAP_PMU,31
4,UPFC_Vse,5-15,0.05605538494666019,4,MAP_PMU,31
5,UPFC_tse,5-15,-2.1171772948095753,4,MAP_PMU,31
0,x_tcsc,1-14,-0.10720102595675994,0,MAP_PMU,32
1,B_svc,2,0.17542451212599594,0,MAP_PMU,32
2,UPFC_Vsh,5-15,1.1106294271179704,0,MAP_PMU,32
3,UPFC_tsh,5-15,-0.23792860097176835,0,MAP_PMU,32
4,UPFC_Vse,5-15,0.05599694599643024,0,MAP_PMU,32
5,UPFC_tse,5-15,-2.119472616363236,0,MAP_PMU,32
0,x_tcsc,1-14,-0.10718692069814291,1,MAP_PMU,32
1,B_svc,2,0.17562161083488925,1,MAP_PMU,32
2,UPFC_Vsh,5-15,1.1108095159766536,1,MAP_PMU,32
3,UPFC_tsh,5-15,-0.23788149323496693,1,MAP_PMU,32
4,UPFC_Vse,5-15,0.05609864364207608,1,MAP_PMU,32
5,UPFC_tse,5-15,-2.1171020342799856,1,MAP_PMU,32
0,x_tcsc,1-14,-0.1072106419422028,2,MAP_PMU,32
1,B_svc,2,0.17593079862534156,2,MAP_PMU,32
2,UPFC_Vsh,5-15,1.1104767461002678,2,MAP_PMU,32
3,UPFC_tsh,5-15,-0.2379111911462376,2,MAP_PMU,32
4,UPFC_Vse,5-15,0.05560208354084888,2,MAP_PMU,32
5,UPFC_tse,5-15,-2.1177125607527474,2,MAP_PMU,32
0,x_tcsc,1-14,-0.1071964300218765,3,MAP_PMU,32
1,B_svc,2,0.17575023820567798,3,MAP_PMU,32
2,UPFC_Vsh,5-15,1.1110710367553422,3,MAP_PMU,32
3,UPFC_tsh,5-15,-0.23792886811801653,3,MAP_PMU,32
4,UPFC_Vse,5-15,0.05612271028243838,3,MAP_PMU,32
5,UPFC_tse,5-15,-2.120799543041603,3,MAP_PMU,32
0,x_tcsc,1-14,-0.10720744676811325,4,MAP_PMU,32
1,B_svc,2,0.17582895117790032,4,MAP_PMU,32
2,UPFC_Vsh,5-15,1.110989248397722,4,MAP_PMU,32
3,UPFC_tsh,5-15,-0.23785173166386642,4,MAP_PMU,32
4,UPFC_Vse,5-15,0.05597736865900537,4,MAP_PMU,32
5,UPFC_tse,5-15,-2.117323097418517,4,MAP_PMU,32
0,x_tcsc,1-14,-0.10749110250945419,0,MAP_PMU,33
1,B_svc,2,0.17583218453914937,0,MAP_PMU,33
2,UPFC_Vsh,5-15,1.1106190836797294,0,MAP_PMU,33
3,UPFC_tsh,5-15,-0.2375809202228304,0,MAP_PMU,33
4,UPFC_Vse,5-15,0.056052832130499115,0,MAP_PMU,33
5,UPFC_tse,5-15,-2.11930127539407,0,MAP_PMU,33
0,x_tcsc,1-14,-0.1074803869002473,1,MAP_PMU,33
1,B_svc,2,0.17603673065236886,1,MAP_PMU,33
2,UPFC_Vsh,5-15,1.1107991025957464,1,MAP_PMU,33
3,UPFC_tsh,5-15,-0.23753396628733742,1,MAP_PMU,33
4,UPFC_Vse,5-15,0.05615483615577014,1,MAP_PMU,33
5,UPFC_tse,5-15,-2.1169325103171626,1,MAP_PMU,33
0,x_tcsc,1-14,-0.10750101693474151,2,MAP_PMU,33
1,B_svc,2,0.17633919394887182,2,MAP_PMU,33
2,UPFC_Vsh,5-15,1.110466294153551,2,MAP_PMU,33
3,UPFC_tsh,5-15,-0.237563553291547,2,MAP_PMU,33
4,UPFC_Vse,5-15,0.05565820558108383,2,MAP_PMU,33
5,UPFC_tse,5-15,-2.117542508017924,2,MAP_PMU,33
0,x_tcsc,1-14,-0.10748711262805802,3,MAP_PMU,33
1,B_svc,2,0.1761565679272936,3,MAP_PMU,33
2,UPFC_Vsh,5-15,1.1110604471643997,3,MAP_PMU,33
3,UPFC_tsh,5-15,-0.2375811516910527,3,MAP_PMU,33
4,UPFC_Vse,5-15,0.05617882032794323,3,MAP_PMU,33
5,UPFC_tse,5-15,-2.1206282322543766,3,MAP_PMU,33
0,x_tcsc,1-14,-0.10749872231730773,4,MAP_PMU,33
1,B_svc,2,0.17624055258278376,4,MAP_PMU,33
2,UPFC_Vsh,5-15,1.1109788572321742,4,MAP_PMU,33
3,UPFC_tsh,5-15,-0.23750415987869358,4,MAP_PMU,33
4,UPFC_Vse,5-15,0.05603316039650662,4,MAP_PMU,33
5,UPFC_tse,5-15,-2.1171500368767893,4,MAP_PMU,33
0,x_tcsc,1-14,-0.10724884974551581,0,MAP_PMU,34
1,B_svc,2,0.17531931916881674,0,MAP_PMU,34
2,UPFC_Vsh,5-15,1.1106135349455288,0,MAP_PMU,34
3,UPFC_tsh,5-15,-0.23788428189723837,0,MAP_PMU,34
4,UPFC_Vse,5-15,0.05602825269704546,0,MAP_PMU,34
5,UPFC_tse,5-15,-2.1200992643669996,0,MAP_PMU,34
0,x_tcsc,1-14,-0.1072353107751732,1,MAP_PMU,34
1,B_svc,2,0.1755178090036689,1,MAP_PMU,34
2,UPFC_Vsh,5-15,1.1107938983509438,1,MAP_PMU,34
3,UPFC_tsh,5-15,-0.23783722870467666,1,MAP_PMU,34
4,UPFC_Vse,5-15,0.05613008852070172,1,MAP_PMU,34
5,UPFC_tse,5-15,-2.117725665903171,1,MAP_PMU,34
0,x_tcsc,1-14,-0.1072585705751734,2,MAP_PMU,34
1,B_svc,2,0.17582582636464789,2,MAP_PMU,34
2,UPFC_Vsh,5-15,1.1104611323920437,2,MAP_PMU,34
3,UPFC_tsh,5-15,-0.23786692020594824,2,MAP_PMU,34
4,UPFC_Vse,5-15,0.05563370147009604,2,MAP_PMU,34
5,UPFC_tse,5-15,-2.118344944706241,2,MAP_PMU,34
0,x_tcsc,1-14,-0.10724444043638458,3,MAP_PMU,34
1,B_svc,2,0.1756449339294991,3,MAP_PMU,34
2,UPFC_Vsh,5-15,1.111055457584275,3,MAP_PMU,34
3,UPFC_tsh,5-15,-0.23788463298245258,3,MAP_PMU,34
4,UPFC_Vse,5-15,0.05615429116772484,3,MAP_PMU,34
5,UPFC_tse,5-15,-2.12143231718816,3,MAP_PMU,34
0,x_tcsc,1-14,-0.10725544298945999,4,MAP_PMU,34
1,B_svc,2,0.17572440944153764,4,MAP_PMU,34
2,UPFC_Vsh,5-15,1.1109736404368231,4,MAP_PMU,34
3,UPFC_tsh,5-15,-0.23780744072968996,4,MAP_PMU,34
4,UPFC_Vse,5-15,0.05600857777914142,4,MAP_PMU,34
5,UPFC_tse,5-15,-2.117944868034597,4,MAP_PMU,34
0,x_tcsc,1-14,-0.10740165921327333,0,MAP_PMU,35
1,B_svc,2,0.1755226983556669,0,MAP_PMU,35
2,UPFC_Vsh,5-15,1.1106160804482323,0,MAP_PMU,35
3,UPFC_tsh,5-15,-0.2378235897810144,0,MAP_PMU,35
4,UPFC_Vse,5-15,0.05597330331019378,0,MAP_PMU,35
5,UPFC_tse,5-15,-2.1203880197036216,0,MAP_PMU,35
0,x_tcsc,1-14,-0.10738990172866882,1,MAP_PMU,35
1,B_svc,2,0.17572518786247504,1,MAP_PMU,35
2,UPFC_Vsh,5-15,1.1107963456488188,1,MAP_PMU,35
3,UPFC_tsh,5-15,-0.23777658108580935,1,MAP_PMU,35
4,UPFC_Vse,5-15,0.056075153345137616,1,MAP_PMU,35
5,UPFC_tse,5-15,-2.118007201431054,1,MAP_PMU,35
0,x_tcsc,1-14,-0.10741153082905666,2,MAP_PMU,35
1,B_svc,2,0.17602965092291145,2,MAP_PMU,35
2,UPFC_Vsh,5-15,1.1104635870108954,2,MAP_PMU,35
3,UPFC_tsh,5-15,-0.2378062199684259,2,MAP_PMU,35
4,UPFC_Vse,5-15,0.05557861533856856,2,MAP_PMU,35
5,UPFC_tse,5-15,-2.1186329165105304,2,MAP_PMU,35
0,x_tcsc,1-14,-0.10739756075257337,3,MAP_PMU,35
1,B_svc,2,0.17584772823163042,3,MAP_PMU,35
2,UPFC_Vsh,5-15,1.111057889259146,3,MAP_PMU,35
3,UPFC_tsh,5-15,-0.23782389817822655,3,MAP_PMU,35
4,UPFC_Vse,5-15,0.05609920977994033,3,MAP_PMU,35
5,UPFC_tse,5-15,-2.1217191793506522,3,MAP_PMU,35
0,x_tcsc,1-14,-0.10740887783232483,4,MAP_PMU,35
1,B_svc,2,0.17592989735659403,4,MAP_PMU,35
2,UPFC_Vsh,5-15,1.1109760642131088,4,MAP_PMU,35
3,UPFC_tsh,5-15,-0.23774676553697227,4,MAP_PMU,35
4,UPFC_Vse,5-15,0.05595378763599003,4,MAP_PMU,35
5,UPFC_tse,5-15,-2.1182313527359122,4,MAP_PMU,35
0,x_tcsc,1-14,-0.10789883614463747,0,MAP_PMU,36
1,B_svc,2,0.17626258252852955,0,MAP_PMU,36
2,UPFC_Vsh,5-15,1.110628179789487,0,MAP_PMU,36
3,UPFC_tsh,5-15,-0.2372281538632004,0,MAP_PMU,36
4,UPFC_Vse,5-15,0.05604864471146199,0,MAP_PMU,36
5,UPFC_tse,5-15,-2.11992329431368,0,MAP_PMU,36
0,x_tcsc,1-14,-0.10789289030158436,1,MAP_PMU,36
1,B_svc,2,0.17647812154237147,1,MAP_PMU,36
2,UPFC_Vsh,5-15,1.11080813622704,1,MAP_PMU,36
3,UPFC_tsh,5-15,-0.23718132645610182,1,MAP_PMU,36
4,UPFC_Vse,5-15,0.05615087791918479,1,MAP_PMU,36
5,UPFC_tse,5-15,-2.1175468229469647,1,MAP_PMU,36
0,x_tcsc,1-14,-0.10790918866507912,2,MAP_PMU,36
1,B_svc,2,0.17677090793244987,2,MAP_PMU,36
2,UPFC_Vsh,5-15,1.1104753211046312,2,MAP_PMU,36
3,UPFC_tsh,5-15,-0.23721077510394847,2,MAP_PMU,36
4,UPFC_Vse,5-15,0.05565413519024775,2,MAP_PMU,36
5,UPFC_tse,5-15,-2.1181690832464115,2,MAP_PMU,36
0,x_tcsc,1-14,-0.10789577160091358,3,MAP_PMU,36
1,B_svc,2,0.1765855527698066,3,MAP_PMU,36
2,UPFC_Vsh,5-15,1.111069714460762,3,MAP_PMU,36
3,UPFC_tsh,5-15,-0.23722830670519726,3,MAP_PMU,36
4,UPFC_Vse,5-15,0.05617462486313742,3,MAP_PMU,36
5,UPFC_tse,5-15,-2.121252451183786,3,MAP_PMU,36
0,x_tcsc,1-14,-0.10790810416633363,4,MAP_PMU,36
1,B_svc,2,0.17667662292456277,4,MAP_PMU,36
2,UPFC_Vsh,5-15,1.1109877835326563,4,MAP_PMU,36
3,UPFC_tsh,5-15,-0.2371514768731678,4,MAP_PMU,36
4,UPFC_Vse,5-15,0.05602901399455104,4,MAP_PMU,36
5,UPFC_tse,5-15,-2.1177658077092594,4,MAP_PMU,36
0,x_tcsc,1-14,-0.10782901232675052,0,MAP_PMU,37
1,B_svc,2,0.17621756331520633,0,MAP_PMU,37
2,UPFC_Vsh,5-15,1.1106390673945097,0,MAP_PMU,37
3,UPFC_tsh,5-15,-0.23727392278718493,0,MAP_PMU,37
4,UPFC_Vse,5-15,0.056042251011920494,0,MAP_PMU,37
5,UPFC_tse,5-15,-2.119764392436887,0,MAP_PMU,37
0,x_tcsc,1-14,-0.10782224195797642,1,MAP_PMU,37
1,B_svc,2,0.17643127590316313,1,MAP_PMU,37
2,UPFC_Vsh,5-15,1.110818956301803,1,MAP_PMU,37
3,UPFC_tsh,5-15,-0.23722704168012945,1,MAP_PMU,37
4,UPFC_Vse,5-15,0.05614441259855744,1,MAP_PMU,37
5,UPFC_tse,5-15,-2.117389940411047,1,MAP_PMU,37
0,x_tcsc,1-14,-0.10783927623475333,2,MAP_PMU,37
1,B_svc,2,0.1767256976127239,2,MAP_PMU,37
2,UPFC_Vsh,5-15,1.1104861267322228,2,MAP_PMU,37
3,UPFC_tsh,5-15,-0.23725651054320152,2,MAP_PMU,37
4,UPFC_Vse,5-15,0.055647681690048426,2,MAP_PMU,37
5,UPFC_tse,5-15,-2.1180090931365654,2,MAP_PMU,37
0,x_tcsc,1-14,-0.10782580223915068,3,MAP_PMU,37
1,B_svc,2,0.17654091072128772,3,MAP_PMU,37
2,UPFC_Vsh,5-15,1.1110805343722618,3,MAP_PMU,37
3,UPFC_tsh,5-15,-0.23727405219946346,3,MAP_PMU,37
4,UPFC_Vse,5-15,0.05616816848219859,3,MAP_PMU,37
5,UPFC_tse,5-15,-2.1210920756422302,3,MAP_PMU,37
0,x_tcsc,1-14,-0.10783798511425993,4,MAP_PMU,37
1,B_svc,2,0.17663061591161616,4,MAP_PMU,37
2,UPFC_Vsh,5-15,1.1109986203625604,4,MAP_PMU,37
3,UPFC_tsh,5-15,-0.2371972158540847,4,MAP_PMU,37
4,UPFC_Vse,5-15,0.056022621465904573,4,MAP_PMU,37
5,UPFC_tse,5-15,-2.117608567815886,4,MAP_PMU,37
0,x_tcsc,1-14,-0.10835471742398406,0,MAP_PMU,38
1,B_svc,2,0.17683037833002896,0,MAP_PMU,38
2,UPFC_Vsh,5-15,1.110667024788939,0,MAP_PMU,38
3,UPFC_tsh,5-15,-0.23671096059361627,0,MAP_PMU,38
4,UPFC_Vse,5-15,0.05607907676956437,0,MAP_PMU,38
5,UPFC_tse,5-15,-2.119989834386591,0,MAP_PMU,38
0,x_tcsc,1-14,-0.10835409305427748,1,MAP_PMU,38
1,B_svc,2,0.1770585169627352,1,MAP_PMU,38
2,UPFC_Vsh,5-15,1.1108467293020206,1,MAP_PMU,38
3,UPFC_tsh,5-15,-0.2366641793531116,1,MAP_PMU,38
4,UPFC_Vse,5-15,0.056181464760965034,1,MAP_PMU,38
5,UPFC_tse,5-15,-2.1176130802003557,1,MAP_PMU,38
0,x_tcsc,1-14,-0.10836552837152033,2,MAP_PMU,38
1,B_svc,2,0.17734024174249638,2,MAP_PMU,38
2,UPFC_Vsh,5-15,1.1105138752406853,2,MAP_PMU,38
3,UPFC_tsh,5-15,-0.2366934706372175,2,MAP_PMU,38
4,UPFC_Vse,5-15,0.055684562689841254,2,MAP_PMU,38
5,UPFC_tse,5-15,-2.118240059966831,2,MAP_PMU,38
0,x_tcsc,1-14,-0.10835280816365592,3,MAP_PMU,38
1,B_svc,2,0.1771519633628033,3,MAP_PMU,38
2,UPFC_Vsh,5-15,1.1111088210372437,3,MAP_PMU,38
3,UPFC_tsh,5-15,-0.236710942649322,3,MAP_PMU,38
4,UPFC_Vse,5-15,0.05620486416995486,3,MAP_PMU,38
5,UPFC_tse,5-15,-2.121321077658202,3,MAP_PMU,38
0,x_tcsc,1-14,-0.10836577928572767,4,MAP_PMU,38
1,B_svc,2,0.17725077227434852,4,MAP_PMU,38
2,UPFC_Vsh,5-15,1.111026277799254,4,MAP_PMU,38
3,UPFC_tsh,5-15,-0.23663434428762137,4,MAP_PMU,38
4,UPFC_Vse,5-15,0.056059342392516184,4,MAP_PMU,38
5,UPFC_tse,5-15,-2.117829584844366,4,MAP_PMU,38
0,x_tcsc,1-14,-0.10883826054672449,0,MAP_PMU,39
1,B_svc,2,0.17747864697670016,0,MAP_PMU,39
2,UPFC_Vsh,5-15,1.1106788790820479,0,MAP_PMU,39
3,UPFC_tsh,5-15,-0.23631183068660816,0,MAP_PMU,39
4,UPFC_Vse,5-15,0.05605696983343096,0,MAP_PMU,39
5,UPFC_tse,5-15,-2.1203429627308554,0,MAP_PMU,39
0,x_tcsc,1-14,-0.10884333031619416,1,MAP_PMU,39
1,B_svc,2,0.1777198776726124,1,MAP_PMU,39
2,UPFC_Vsh,5-15,1.1108582259366933,1,MAP_PMU,39
3,UPFC_tsh,5-15,-0.23626520729093792,1,MAP_PMU,39
4,UPFC_Vse,5-15,0.05615953881510352,1,MAP_PMU,39
5,UPFC_tse,5-15,-2.1179586343425627,1,MAP_PMU,39
0,x_tcsc,1-14,-0.10884954580985545,2,MAP_PMU,39
1,B_svc,2,0.17798994231222548,2,MAP_PMU,39
2,UPFC_Vsh,5-15,1.1105254741145771,2,MAP_PMU,39
3,UPFC_tsh,5-15,-0.23629432387121685,2,MAP_PMU,39
4,UPFC_Vse,5-15,0.05566233086135844,2,MAP_PMU,39
5,UPFC_tse,5-15,-2.1185950385323165,2,MAP_PMU,39
0,x_tcsc,1-14,-0.10883731848456013,3,MAP_PMU,39
1,B_svc,2,0.17779801249952185,3,MAP_PMU,39
2,UPFC_Vsh,5-15,1.111120910041355,3,MAP_PMU,39
3,UPFC_tsh,5-15,-0.23631166972616457,3,MAP_PMU,39
4,UPFC_Vse,5-15,0.05618244298614553,3,MAP_PMU,39
5,UPFC_tse,5-15,-2.1216728397265703,3,MAP_PMU,39
0,x_tcsc,1-14,-0.1088513560081221,4,MAP_PMU,39
1,B_svc,2,0.17790602838979017,4,MAP_PMU,39
2,UPFC_Vsh,5-15,1.1110375866926865,4,MAP_PMU,39
3,UPFC_tsh,5-15,-0.23623532601208772,4,MAP_PMU,39
4,UPFC_Vse,5-15,0.05603733789824195,4,MAP_PMU,39
5,UPFC_tse,5-15,-2.1181784322710446,4,MAP_PMU,39
0,x_tcsc,1-14,-0.10864984261371348,0,MAP_PMU,40
1,B_svc,2,0.1771311847183261,0,MAP_PMU,40
2,UPFC_Vsh,5-15,1.1109545948356432,0,MAP_PMU,40
3,UPFC_tsh,5-15,-0.2366224293902717,0,MAP_PMU,40
4,UPFC_Vse,5-15,0.05493456329339939,0,MAP_PMU,40
5,UPFC_tse,5-15,-2.103281827597979,0,MAP_PMU,40
0,x_tcsc,1-14,-0.10864183056748726,1,MAP_PMU,40
1,B_svc,2,0.17734132669368316,1,MAP_PMU,40
2,UPFC_Vsh,5-15,1.1111377197556989,1,MAP_PMU,40
3,UPFC_tsh,5-15,-0.23657643545182544,1,MAP_PMU,40
4,UPFC_Vse,5-15,0.05507344311924776,1,MAP_PMU,40
5,UPFC_tse,5-15,-2.1010368099942913,1,MAP_PMU,40
0,x_tcsc,1-14,-0.10866024123386173,2,MAP_PMU,40
1,B_svc,2,0.17764136150603982,2,MAP_PMU,40
2,UPFC_Vsh,5-15,1.1107993160010818,2,MAP_PMU,40
3,UPFC_tsh,5-15,-0.2366058611527878,2,MAP_PMU,40
4,UPFC_Vse,5-15,0.0545668356421603,2,MAP_PMU,40
5,UPFC_tse,5-15,-2.101427590210555,2,MAP_PMU,40
0,x_tcsc,1-14,-0.10864669318457518,3,MAP_PMU,40
1,B_svc,2,0.17745944668823718,3,MAP_PMU,40
2,UPFC_Vsh,5-15,1.1114034225687333,3,MAP_PMU,40
3,UPFC_tsh,5-15,-0.23662295715131945,3,MAP_PMU,40
4,UPFC_Vse,5-15,0.05507320992554898,3,MAP_PMU,40
5,UPFC_tse,5-15,-2.1046476603710804,3,MAP_PMU,40
0,x_tcsc,1-14,-0.1086584875808196,4,MAP_PMU,40
1,B_svc,2,0.17754339853520337,4,MAP_PMU,40
2,UPFC_Vsh,5-15,1.111322793252466,4,MAP_PMU,40
3,UPFC_tsh,5-15,-0.23654606728417168,4,MAP_PMU,40
4,UPFC_Vse,5-15,0.05493505624367151,4,MAP_PMU,40
5,UPFC_tse,5-15,-2.1012014815420423,4,MAP_PMU,40
0,x_tcsc,1-14,-0.10908867256127278,0,MAP_PMU,41
1,B_svc,2,0.17773238101594646,0,MAP_PMU,41
2,UPFC_Vsh,5-15,1.1109682628805573,0,MAP_PMU,41
3,UPFC_tsh,5-15,-0.23631523761583917,0,MAP_PMU,41
4,UPFC_Vse,5-15,0.05485906776448084,0,MAP_PMU,41
5,UPFC_tse,5-15,-2.1038628968099755,0,MAP_PMU,41
0,x_tcsc,1-14,-0.10908571998438302,1,MAP_PMU,41
1,B_svc,2,0.17795415833274209,1,MAP_PMU,41
2,UPFC_Vsh,5-15,1.1111511577005215,1,MAP_PMU,41
3,UPFC_tsh,5-15,-0.2362693536357696,1,MAP_PMU,41
4,UPFC_Vse,5-15,0.054997874858832216,1,MAP_PMU,41
5,UPFC_tse,5-15,-2.101605238408398,1,MAP_PMU,41
0,x_tcsc,1-14,-0.10909944341892366,2,MAP_PMU,41
1,B_svc,2,0.17824368442907967,2,MAP_PMU,41
2,UPFC_Vsh,5-15,1.1108127628348636,2,MAP_PMU,41
3,UPFC_tsh,5-15,-0.23629863079212113,2,MAP_PMU,41
4,UPFC_Vse,5-15,0.054490899620685755,2,MAP_PMU,41
5,UPFC_tse,5-15,-2.102009743653072,2,MAP_PMU,41
0,x_tcsc,1-14,-0.10908653716451755,3,MAP_PMU,41
1,B_svc,2,0.1780589669572151,3,MAP_PMU,41
2,UPFC_Vsh,5-15,1.1114170953824825,3,MAP_PMU,41
3,UPFC_tsh,5-15,-0.23631563581436538,3,MAP_PMU,41
4,UPFC_Vse,5-15,0.05499700357589075,3,MAP_PMU,41
5,UPFC_tse,5-15,-2.105226438698745,3,MAP_PMU,41
0,x_tcsc,1-14,-0.10909902064254555,4,MAP_PMU,41
1,B_svc,2,0.17815057170953083,4,MAP_PMU,41
2,UPFC_Vsh,5-15,1.111336136411076,4,MAP_PMU,41
3,UPFC_tsh,5-15,-0.23623893804243531,4,MAP_PMU,41
4,UPFC_Vse,5-15,0.05485965912799276,4,MAP_PMU,41
5,UPFC_tse,5-15,-2.10177780722848,4,MAP_PMU,41
0,x_tcsc,1-14,-0.108633874126785,0,MAP_PMU,42
1,B_svc,2,0.1770682079798521,0,MAP_PMU,42
2,UPFC_Vsh,5-15,1.1109830281893722,0,MAP_PMU,42
3,UPFC_tsh,5-15,-0.2366947984968158,0,MAP_PMU,42
4,UPFC_Vse,5-15,0.054885780296905926,0,MAP_PMU,42
5,UPFC_tse,5-15,-2.103418793375402,0,MAP_PMU,42
0,x_tcsc,1-14,-0.10862566466242796,1,MAP_PMU,42
1,B_svc,2,0.17727823742551083,1,MAP_PMU,42
2,UPFC_Vsh,5-15,1.1111660906801684,1,MAP_PMU,42
3,UPFC_tsh,5-15,-0.236648704052923,1,MAP_PMU,42
4,UPFC_Vse,5-15,0.055024555064798183,1,MAP_PMU,42
5,UPFC_tse,5-15,-2.1011699990886163,1,MAP_PMU,42
0,x_tcsc,1-14,-0.10864425215861494,2,MAP_PMU,42
1,B_svc,2,0.17757854427044545,2,MAP_PMU,42
2,UPFC_Vsh,5-15,1.1108276781087043,2,MAP_PMU,42
3,UPFC_tsh,5-15,-0.23667815084861366,2,MAP_PMU,42
4,UPFC_Vse,5-15,0.0545179084221413,2,MAP_PMU,42
5,UPFC_tse,5-15,-2.101562912378652,2,MAP_PMU,42
0,x_tcsc,1-14,-0.10863074041129875,3,MAP_PMU,42
1,B_svc,2,0.17739701206426067,3,MAP_PMU,42
2,UPFC_Vsh,5-15,1.1114320300086902,3,MAP_PMU,42
3,UPFC_tsh,5-15,-0.23669526421647155,3,MAP_PMU,42
4,UPFC_Vse,5-15,0.055024352125369914,3,MAP_PMU,42
5,UPFC_tse,5-15,-2.1047821039562367,3,MAP_PMU,42
0,x_tcsc,1-14,-0.10864241642987164,4,MAP_PMU,42
1,B_svc,2,0.1774802269645027,4,MAP_PMU,42
2,UPFC_Vsh,5-15,1.1113510864081777,4,MAP_PMU,42
3,UPFC_tsh,5-15,-0.2366183737117388,4,MAP_PMU,42
4,UPFC_Vse,5-15,0.05488636471450586,4,MAP_PMU,42
5,UPFC_tse,5-15,-2.101339182406913,4,MAP_PMU,42
0,x_tcsc,1-14,-0.1082851045639501,0,MAP_PMU,43
1,B_svc,2,0.1766121266217937,0,MAP_PMU,43
2,UPFC_Vsh,5-15,1.1109407541396195,0,MAP_PMU,43
3,UPFC_tsh,5-15,-0.23697619347167434,0,MAP_PMU,43
4,UPFC_Vse,5-15,0.054922859166253474,0,MAP_PMU,43
5,UPFC_tse,5-15,-2.103410047849821,0,MAP_PMU,43
0,x_tcsc,1-14,-0.1082728933118274,1,MAP_PMU,43
1,B_svc,2,0.17681272601539916,1,MAP_PMU,43
2,UPFC_Vsh,5-15,1.1111240766523514,1,MAP_PMU,43
3,UPFC_tsh,5-15,-0.23693009003765794,1,MAP_PMU,43
4,UPFC_Vse,5-15,0.05506159055152935,1,MAP_PMU,43
5,UPFC_tse,5-15,-2.101166542059466,1,MAP_PMU,43
0,x_tcsc,1-14,-0.1082951997803492,2,MAP_PMU,43
1,B_svc,2,0.17712137416758064,2,MAP_PMU,43
2,UPFC_Vsh,5-15,1.1107856958131166,2,MAP_PMU,43
3,UPFC_tsh,5-15,-0.23695964727305888,2,MAP_PMU,43
4,UPFC_Vse,5-15,0.054555224723090684,2,MAP_PMU,43
5,UPFC_tse,5-15,-2.1015558644675294,2,MAP_PMU,43
0,x_tcsc,1-14,-0.10828115671999955,3,MAP_PMU,43
1,B_svc,2,0.1769416879120791,3,MAP_PMU,43
2,UPFC_Vsh,5-15,1.111389677509609,3,MAP_PMU,43
3,UPFC_tsh,5-15,-0.2369768432871116,3,MAP_PMU,43
4,UPFC_Vse,5-15,0.05506170139085663,3,MAP_PMU,43
5,UPFC_tse,5-15,-2.104777724157075,3,MAP_PMU,43
0,x_tcsc,1-14,-0.10829232581415547,4,MAP_PMU,43
1,B_svc,2,0.17701944161769725,4,MAP_PMU,43
2,UPFC_Vsh,5-15,1.111309268954793,4,MAP_PMU,43
3,UPFC_tsh,5-15,-0.23689975193438656,4,MAP_PMU,43
4,UPFC_Vse,5-15,0.05492333917397716,4,MAP_PMU,43
5,UPFC_tse,5-15,-2.1013310356121484,4,MAP_PMU,43
0,x_tcsc,1-14,-0.10811592000760922,0,MAP_PMU,44
1,B_svc,2,0.17647710780920534,0,MAP_PMU,44
2,UPFC_Vsh,5-15,1.1109343153922342,0,MAP_PMU,44
3,UPFC_tsh,5-15,-0.23723334440432747,0,MAP_PMU,44
4,UPFC_Vse,5-15,0.05487487113562363,0,MAP_PMU,44
5,UPFC_tse,5-15,-2.1028836160677984,0,MAP_PMU,44
0,x_tcsc,1-14,-0.10810177453385227,1,MAP_PMU,44
1,B_svc,2,0.17667307733750007,1,MAP_PMU,44
2,UPFC_Vsh,5-15,1.111117461645343,1,MAP_PMU,44
3,UPFC_tsh,5-15,-0.23718721046164684,1,MAP_PMU,44
4,UPFC_Vse,5-15,0.055013722383116914,1,MAP_PMU,44
5,UPFC_tse,5-15,-2.1006394764095044,1,MAP_PMU,44
0,x_tcsc,1-14,-0.10812583127025172,2,MAP_PMU,44
1,B_svc,2,0.17698583288385578,2,MAP_PMU,44
2,UPFC_Vsh,5-15,1.110779160370132,2,MAP_PMU,44
3,UPFC_tsh,5-15,-0.2372168222457442,2,MAP_PMU,44
4,UPFC_Vse,5-15,0.05450728493687874,2,MAP_PMU,44
5,UPFC_tse,5-15,-2.1010200941670223,2,MAP_PMU,44
0,x_tcsc,1-14,-0.10811140409732937,3,MAP_PMU,44
1,B_svc,2,0.1768070054837049,3,MAP_PMU,44
2,UPFC_Vsh,5-15,1.1113829894953333,3,MAP_PMU,44
3,UPFC_tsh,5-15,-0.23723399998757477,3,MAP_PMU,44
4,UPFC_Vse,5-15,0.05501422476056294,3,MAP_PMU,44
5,UPFC_tse,5-15,-2.104242280994178,3,MAP_PMU,44
0,x_tcsc,1-14,-0.10812255393758954,4,MAP_PMU,44
1,B_svc,2,0.17688227000362822,4,MAP_PMU,44
2,UPFC_Vsh,5-15,1.1113026292105976,4,MAP_PMU,44
3,UPFC_tsh,5-15,-0.23715686892496965,4,MAP_PMU,44
4,UPFC_Vse,5-15,0.054875629039705075,4,MAP_PMU,44
5,UPFC_tse,5-15,-2.10080988961461,4,MAP_PMU,44
0,x_tcsc,1-14,-0.10781384813938394,0,MAP_PMU,45
1,B_svc,2,0.176151827972233,0,MAP_PMU,45
2,UPFC_Vsh,5-15,1.1109358996520884,0,MAP_PMU,45
3,UPFC_tsh,5-15,-0.23762663044486268,0,MAP_PMU,45
4,UPFC_Vse,5-15,0.054795789465427513,0,MAP_PMU,45
5,UPFC_tse,5-15,-2.102945086802091,0,MAP_PMU,45
0,x_tcsc,1-14,-0.10779624205972796,1,MAP_PMU,45
1,B_svc,2,0.17633986330154375,1,MAP_PMU,45
2,UPFC_Vsh,5-15,1.1111189240629702,1,MAP_PMU,45
3,UPFC_tsh,5-15,-0.23758039263746308,1,MAP_PMU,45
4,UPFC_Vse,5-15,0.054934477704460506,1,MAP_PMU,45
5,UPFC_tse,5-15,-2.1006979899623404,1,MAP_PMU,45
0,x_tcsc,1-14,-0.10782345986267892,2,MAP_PMU,45
1,B_svc,2,0.1766597477993739,2,MAP_PMU,45
2,UPFC_Vsh,5-15,1.1107807147863997,2,MAP_PMU,45
3,UPFC_tsh,5-15,-0.23761010525412657,2,MAP_PMU,45
4,UPFC_Vse,5-15,0.054428076242954704,2,MAP_PMU,45
5,UPFC_tse,5-15,-2.101076531902776,2,MAP_PMU,45
0,x_tcsc,1-14,-0.10780849742874013,3,MAP_PMU,45
1,B_svc,2,0.1764826230728142,3,MAP_PMU,45
2,UPFC_Vsh,5-15,1.1113845361608796,3,MAP_PMU,45
3,UPFC_tsh,5-15,-0.2376273068365408,3,MAP_PMU,45
4,UPFC_Vse,5-15,0.05493515941730499,3,MAP_PMU,45
5,UPFC_tse,5-15,-2.104297690994142,3,MAP_PMU,45
0,x_tcsc,1-14,-0.10781936768250715,4,MAP_PMU,45
1,B_svc,2,0.17655309841083244,4,MAP_PMU,45
2,UPFC_Vsh,5-15,1.1113040895394262,4,MAP_PMU,45
3,UPFC_tsh,5-15,-0.23755007473108164,4,MAP_PMU,45
4,UPFC_Vse,5-15,0.05479676527891363,4,MAP_PMU,45
5,UPFC_tse,5-15,-2.100874622150808,4,MAP_PMU,45
0,x_tcsc,1-14,-0.1084012652122262,0,MAP_PMU,46
1,B_svc,2,0.17680348004369345,0,MAP_PMU,46
2,UPFC_Vsh,5-15,1.1109631407295812,0,MAP_PMU,46
3,UPFC_tsh,5-15,-0.23693136120742206,0,MAP_PMU,46
4,UPFC_Vse,5-15,0.05488582166004879,0,MAP_PMU,46
5,UPFC_tse,5-15,-2.10316395063587,0,MAP_PMU,46
0,x_tcsc,1-14,-0.10839038955082492,1,MAP_PMU,46
1,B_svc,2,0.17700717399379493,1,MAP_PMU,46
2,UPFC_Vsh,5-15,1.1111462361293702,1,MAP_PMU,46
3,UPFC_tsh,5-15,-0.23688525037481964,1,MAP_PMU,46
4,UPFC_Vse,5-15,0.055024653034914994,1,MAP_PMU,46
5,UPFC_tse,5-15,-2.1009177701776007,1,MAP_PMU,46
0,x_tcsc,1-14,-0.10841143141686038,2,MAP_PMU,46
1,B_svc,2,0.1773131013644425,2,MAP_PMU,46
2,UPFC_Vsh,5-15,1.1108078656243932,2,MAP_PMU,46
3,UPFC_tsh,5-15,-0.23691476963876373,2,MAP_PMU,46
4,UPFC_Vse,5-15,0.05451811419773905,2,MAP_PMU,46
5,UPFC_tse,5-15,-2.101304608006429,2,MAP_PMU,46
0,x_tcsc,1-14,-0.10839749101386965,3,MAP_PMU,46
1,B_svc,2,0.17713281291642843,3,MAP_PMU,46
2,UPFC_Vsh,5-15,1.1114119714866393,3,MAP_PMU,46
3,UPFC_tsh,5-15,-0.23693190543122558,3,MAP_PMU,46
4,UPFC_Vse,5-15,0.055024774498167284,3,MAP_PMU,46
5,UPFC_tse,5-15,-2.104524834861055,3,MAP_PMU,46
0,x_tcsc,1-14,-0.10840895505670806,4,MAP_PMU,46
1,B_svc,2,0.17721241399400425,4,MAP_PMU,46
2,UPFC_Vsh,5-15,1.1113312885332753,4,MAP_PMU,46
3,UPFC_tsh,5-15,-0.23685491591109134,4,MAP_PMU,46
4,UPFC_Vse,5-15,0.05488648664407523,4,MAP_PMU,46
5,UPFC_tse,5-15,-2.10108702037971,4,MAP_PMU,46
0,x_tcsc,1-14,-0.10802632604223088,0,MAP_PMU,47
1,B_svc,2,0.17628401490592302,0,MAP_PMU,47
2,UPFC_Vsh,5-15,1.1109394633402414,0,MAP_PMU,47
3,UPFC_tsh,5-15,-0.23727321725606432,0,MAP_PMU,47
4,UPFC_Vse,5-15,0.05490217340010164,0,MAP_PMU,47
5,UPFC_tse,5-15,-2.1032636675637018,0,MAP_PMU,47
0,x_tcsc,1-14,-0.10801115291367495,1,MAP_PMU,47
1,B_svc,2,0.17647782748330135,1,MAP_PMU,47
2,UPFC_Vsh,5-15,1.1111227526204928,1,MAP_PMU,47
3,UPFC_tsh,5-15,-0.23722704147561186,1,MAP_PMU,47
4,UPFC_Vse,5-15,0.055040898938467156,1,MAP_PMU,47
5,UPFC_tse,5-15,-2.101021313215328,1,MAP_PMU,47
0,x_tcsc,1-14,-0.1080361777387632,2,MAP_PMU,47
1,B_svc,2,0.17679261331595145,2,MAP_PMU,47
2,UPFC_Vsh,5-15,1.1107844465295922,2,MAP_PMU,47
3,UPFC_tsh,5-15,-0.23725668502412753,2,MAP_PMU,47
4,UPFC_Vse,5-15,0.05453462982169272,2,MAP_PMU,47
5,UPFC_tse,5-15,-2.101405447718953,2,MAP_PMU,47
0,x_tcsc,1-14,-0.10802165383849503,3,MAP_PMU,47
1,B_svc,2,0.17661442009032122,3,MAP_PMU,47
2,UPFC_Vsh,5-15,1.1113884389594215,3,MAP_PMU,47
3,UPFC_tsh,5-15,-0.23727390191357506,3,MAP_PMU,47
4,UPFC_Vse,5-15,0.055041310821360094,3,MAP_PMU,47
5,UPFC_tse,5-15,-2.1046274686074624,3,MAP_PMU,47
0,x_tcsc,1-14,-0.1080325950041412,4,MAP_PMU,47
1,B_svc,2,0.17668799181630845,4,MAP_PMU,47
2,UPFC_Vsh,5-15,1.111307896730625,4,MAP_PMU,47
3,UPFC_tsh,5-15,-0.23719672269573244,4,MAP_PMU,47
4,UPFC_Vse,5-15,0.05490278074596905,4,MAP_PMU,47
5,UPFC_tse,5-15,-2.101187831691525,4,MAP_PMU,47
0,x_tcsc,1-14,-0.1080280964090006,0,MAP_PMU,48
1,B_svc,2,0.17652080384079813,0,MAP_PMU,48
2,UPFC_Vsh,5-15,1.11093284103343,0,MAP_PMU,48
3,UPFC_tsh,5-15,-0.23720457835025718,0,MAP_PMU,48
4,UPFC_Vse,5-15,0.05490884281690716,0,MAP_PMU,48
5,UPFC_tse,5-15,-2.1025378045505922,0,MAP_PMU,48
0,x_tcsc,1-14,-0.10801293774263335,1,MAP_PMU,48
1,B_svc,2,0.1767142420121897,1,MAP_PMU,48
2,UPFC_Vsh,5-15,1.1111158485212675,1,MAP_PMU,48
3,UPFC_tsh,5-15,-0.23715844027265515,1,MAP_PMU,48
4,UPFC_Vse,5-15,0.05504771208076045,1,MAP_PMU,48
5,UPFC_tse,5-15,-2.1003012256424216,1,MAP_PMU,48
0,x_tcsc,1-14,-0.10803789401836485,2,MAP_PMU,48
1,B_svc,2,0.17702911241704786,2,MAP_PMU,48
2,UPFC_Vsh,5-15,1.110777526310672,2,MAP_PMU,48
3,UPFC_tsh,5-15,-0.23718806159957515,2,MAP_PMU,48
4,UPFC_Vse,5-15,0.054541374087053306,2,MAP_PMU,48
5,UPFC_tse,5-15,-2.1006744542921787,2,MAP_PMU,48
0,x_tcsc,1-14,-0.10802333506212461,3,MAP_PMU,48
1,B_svc,2,0.1768507243455885,3,MAP_PMU,48
2,UPFC_Vsh,5-15,1.111381172514028,3,MAP_PMU,48
3,UPFC_tsh,5-15,-0.23720522448502224,3,MAP_PMU,48
4,UPFC_Vse,5-15,0.055048241194873095,3,MAP_PMU,48
5,UPFC_tse,5-15,-2.1038948404854367,3,MAP_PMU,48
0,x_tcsc,1-14,-0.10803441392237956,4,MAP_PMU,48
1,B_svc,2,0.17692473308274687,4,MAP_PMU,48
2,UPFC_Vsh,5-15,1.1113011444508134,4,MAP_PMU,48
3,UPFC_tsh,5-15,-0.23712811685611734,4,MAP_PMU,48
4,UPFC_Vse,5-15,0.054909498551975536,4,MAP_PMU,48
5,UPFC_tse,5-15,-2.1004661387444,4,MAP_PMU,48
0,x_tcsc,1-14,-0.10793740354495177,0,MAP_PMU,49
1,B_svc,2,0.17628014734476505,0,MAP_PMU,49
2,UPFC_Vsh,5-15,1.110901125593944,0,MAP_PMU,49
3,UPFC_tsh,5-15,-0.2373142504493491,0,MAP_PMU,49
4,UPFC_Vse,5-15,0.0549216025356467,0,MAP_PMU,49
5,UPFC_tse,5-15,-2.102932818898448,0,MAP_PMU,49
0,x_tcsc,1-14,-0.10792121351673521,1,MAP_PMU,49
1,B_svc,2,0.17647121625568643,1,MAP_PMU,49
2,UPFC_Vsh,5-15,1.111084431422299,1,MAP_PMU,49
3,UPFC_tsh,5-15,-0.23726814547185834,1,MAP_PMU,49
4,UPFC_Vse,5-15,0.05506042256108164,1,MAP_PMU,49
5,UPFC_tse,5-15,-2.100693896042009,1,MAP_PMU,49
0,x_tcsc,1-14,-0.10794717277264777,2,MAP_PMU,49
1,B_svc,2,0.17678820150059177,2,MAP_PMU,49
2,UPFC_Vsh,5-15,1.1107461439013855,2,MAP_PMU,49
3,UPFC_tsh,5-15,-0.23729780536413103,2,MAP_PMU,49
4,UPFC_Vse,5-15,0.05455419392107517,2,MAP_PMU,49
5,UPFC_tse,5-15,-2.10107312209536,2,MAP_PMU,49
0,x_tcsc,1-14,-0.10793250837726229,3,MAP_PMU,49
1,B_svc,2,0.17661018089551267,3,MAP_PMU,49
2,UPFC_Vsh,5-15,1.1113496945329489,3,MAP_PMU,49
3,UPFC_tsh,5-15,-0.237315034279674,3,MAP_PMU,49
4,UPFC_Vse,5-15,0.055061012876457885,3,MAP_PMU,49
5,UPFC_tse,5-15,-2.104296521505324,3,MAP_PMU,49
0,x_tcsc,1-14,-0.10794336230445246,4,MAP_PMU,49
1,B_svc,2,0.17668287920125478,4,MAP_PMU,49
2,UPFC_Vsh,5-15,1.1112697998346328,4,MAP_PMU,49
3,UPFC_tsh,5-15,-0.23723779294803285,4,MAP_PMU,49
4,UPFC_Vse,5-15,0.054922184052269736,4,MAP_PMU,49
5,UPFC_tse,5-15,-2.1008582756629695,4,MAP_PMU,49
0,x_tcsc,1-14,-0.10813008717143457,0,MAP_PMU,50
1,B_svc,2,0.1764576256832099,0,MAP_PMU,50
2,UPFC_Vsh,5-15,1.1109263259516988,0,MAP_PMU,50
3,UPFC_tsh,5-15,-0.23702219807643993,0,MAP_PMU,50
4,UPFC_Vse,5-15,0.054976788389831256,0,MAP_PMU,50
5,UPFC_tse,5-15,-2.103007807581175,0,MAP_PMU,50
0,x_tcsc,1-14,-0.10811609175611965,1,MAP_PMU,50
1,B_svc,2,0.17665405322349176,1,MAP_PMU,50
2,UPFC_Vsh,5-15,1.1111097044078488,1,MAP_PMU,50
3,UPFC_tsh,5-15,-0.23697607768720144,1,MAP_PMU,50
4,UPFC_Vse,5-15,0.05511557555309446,1,MAP_PMU,50
5,UPFC_tse,5-15,-2.100772305936545,1,MAP_PMU,50
0,x_tcsc,1-14,-0.10814004659835792,2,MAP_PMU,50
1,B_svc,2,0.17696635638073696,2,MAP_PMU,50
2,UPFC_Vsh,5-15,1.1107713264591996,2,MAP_PMU,50
3,UPFC_tsh,5-15,-0.23700568110644407,2,MAP_PMU,50
4,UPFC_Vse,5-15,0.05460936683618006,2,MAP_PMU,50
5,UPFC_tse,5-15,-2.101153955660352,2,MAP_PMU,50
0,x_tcsc,1-14,-0.10812581650429506,3,MAP_PMU,50
1,B_svc,2,0.17678751506803483,3,MAP_PMU,50
2,UPFC_Vsh,5-15,1.111375154019264,3,MAP_PMU,50
3,UPFC_tsh,5-15,-0.23702291388545327,3,MAP_PMU,50
4,UPFC_Vse,5-15,0.05511591908377082,3,MAP_PMU,50
5,UPFC_tse,5-15,-2.104377415000993,3,MAP_PMU,50
0,x_tcsc,1-14,-0.10813670828646023,4,MAP_PMU,50
1,B_svc,2,0.17686281673632265,4,MAP_PMU,50
2,UPFC_Vsh,5-15,1.1112950285735863,4,MAP_PMU,50
3,UPFC_tsh,5-15,-0.23694575559334424,4,MAP_PMU,50
4,UPFC_Vse,5-15,0.05497715490540035,4,MAP_PMU,50
5,UPFC_tse,5-15,-2.1009309106165936,4,MAP_PMU,50
0,x_tcsc,1-14,-0.10841123932924322,0,MAP_PMU,51
1,B_svc,2,0.17696290203087028,0,MAP_PMU,51
2,UPFC_Vsh,5-15,1.1109530573483029,0,MAP_PMU,51
3,UPFC_tsh,5-15,-0.23648083355756588,0,MAP_PMU,51
4,UPFC_Vse,5-15,0.05513541438638163,0,MAP_PMU,51
5,UPFC_tse,5-15,-2.1017340199019277,0,MAP_PMU,51
0,x_tcsc,1-14,-0.10840046437555846,1,MAP_PMU,51
1,B_svc,2,0.17716665108231824,1,MAP_PMU,51
2,UPFC_Vsh,5-15,1.1111361885152395,1,MAP_PMU,51
3,UPFC_tsh,5-15,-0.23643477651739467,1,MAP_PMU,51
4,UPFC_Vse,5-15,0.05527457704306313,1,MAP_PMU,51
5,UPFC_tse,5-15,-2.099516840399158,1,MAP_PMU,51
0,x_tcsc,1-14,-0.1084214083479101,2,MAP_PMU,51
1,B_svc,2,0.17747230464051647,2,MAP_PMU,51
2,UPFC_Vsh,5-15,1.1107977098258497,2,MAP_PMU,51
3,UPFC_tsh,5-15,-0.2364642649916871,2,MAP_PMU,51
4,UPFC_Vse,5-15,0.05476834791218781,2,MAP_PMU,51
5,UPFC_tse,5-15,-2.0998802659342433,2,MAP_PMU,51
0,x_tcsc,1-14,-0.1084076304803865,3,MAP_PMU,51
1,B_svc,2,0.17729192718857786,3,MAP_PMU,51
2,UPFC_Vsh,5-15,1.1114016652454584,3,MAP_PMU,51
3,UPFC_tsh,5-15,-0.23648139900923645,3,MAP_PMU,51
4,UPFC_Vse,5-15,0.055274874762281455,3,MAP_PMU,51
5,UPFC_tse,5-15,-2.1031032180948626,3,MAP_PMU,51
0,x_tcsc,1-14,-0.10841893466445955,4,MAP_PMU,51
1,B_svc,2,0.17737173322383049,4,MAP_PMU,51
2,UPFC_Vsh,5-15,1.111321448585478,4,MAP_PMU,51
3,UPFC_tsh,5-15,-0.23640448835154804,4,MAP_PMU,51
4,UPFC_Vse,5-15,0.055135541264757816,4,MAP_PMU,51
5,UPFC_tse,5-15,-2.0996607389907638,4,MAP_PMU,51
0,x_tcsc,1-14,-0.1087149325606439,0,MAP_PMU,52
1,B_svc,2,0.17758168764659663,0,MAP_PMU,52
2,UPFC_Vsh,5-15,1.1109443609211211,0,MAP_PMU,52
3,UPFC_tsh,5-15,-0.2361559759772686,0,MAP_PMU,52
4,UPFC_Vse,5-15,0.05512853057433863,0,MAP_PMU,52
5,UPFC_tse,5-15,-2.1015067771004827,0,MAP_PMU,52
0,x_tcsc,1-14,-0.10870765377682862,1,MAP_PMU,52
1,B_svc,2,0.17779295763673567,1,MAP_PMU,52
2,UPFC_Vsh,5-15,1.1111271733189925,1,MAP_PMU,52
3,UPFC_tsh,5-15,-0.23611007635732847,1,MAP_PMU,52
4,UPFC_Vse,5-15,0.05526786154554753,1,MAP_PMU,52
5,UPFC_tse,5-15,-2.09928891874969,1,MAP_PMU,52
0,x_tcsc,1-14,-0.10872532092555484,2,MAP_PMU,52
1,B_svc,2,0.17809154325428958,2,MAP_PMU,52
2,UPFC_Vsh,5-15,1.1107886640100857,2,MAP_PMU,52
3,UPFC_tsh,5-15,-0.236139435049293,2,MAP_PMU,52
4,UPFC_Vse,5-15,0.054761410422518406,2,MAP_PMU,52
5,UPFC_tse,5-15,-2.0996517424594994,2,MAP_PMU,52
0,x_tcsc,1-14,-0.10871193440490805,3,MAP_PMU,52
1,B_svc,2,0.1779090101024004,3,MAP_PMU,52
2,UPFC_Vsh,5-15,1.1113923486898993,3,MAP_PMU,52
3,UPFC_tsh,5-15,-0.23615645590010056,3,MAP_PMU,52
4,UPFC_Vse,5-15,0.05526785360990048,3,MAP_PMU,52
5,UPFC_tse,5-15,-2.1028712670784486,3,MAP_PMU,52
0,x_tcsc,1-14,-0.1087238504289475,4,MAP_PMU,52
1,B_svc,2,0.17799453084481026,4,MAP_PMU,52
2,UPFC_Vsh,5-15,1.1113125381694593,4,MAP_PMU,52
3,UPFC_tsh,5-15,-0.2360797356851221,4,MAP_PMU,52
4,UPFC_Vse,5-15,0.055128692993517886,4,MAP_PMU,52
5,UPFC_tse,5-15,-2.0994327906611856,4,MAP_PMU,52
0,x_tcsc,1-14,-0.10850254951935985,0,MAP_PMU,53
1,B_svc,2,0.1771313057057041,0,MAP_PMU,53
2,UPFC_Vsh,5-15,1.110939650291349,0,MAP_PMU,53
3,UPFC_tsh,5-15,-0.23659955330406524,0,MAP_PMU,53
4,UPFC_Vse,5-15,0.05500248535169729,0,MAP_PMU,53
5,UPFC_tse,5-15,-2.102172362201358,0,MAP_PMU,53
0,x_tcsc,1-14,-0.10849282740864406,1,MAP_PMU,53
1,B_svc,2,0.17733724074223453,1,MAP_PMU,53
2,UPFC_Vsh,5-15,1.11112265560049,1,MAP_PMU,53
3,UPFC_tsh,5-15,-0.2365535466402257,1,MAP_PMU,53
4,UPFC_Vse,5-15,0.055141584696115464,1,MAP_PMU,53
5,UPFC_tse,5-15,-2.0999405820610617,1,MAP_PMU,53
0,x_tcsc,1-14,-0.10851278615387742,2,MAP_PMU,53
1,B_svc,2,0.1776408274625238,2,MAP_PMU,53
2,UPFC_Vsh,5-15,1.1107842183754397,2,MAP_PMU,53
3,UPFC_tsh,5-15,-0.23658300839190416,2,MAP_PMU,53
4,UPFC_Vse,5-15,0.05463509390002594,2,MAP_PMU,53
5,UPFC_tse,5-15,-2.1003136424052427,2,MAP_PMU,53
0,x_tcsc,1-14,-0.10849908370350729,3,MAP_PMU,53
1,B_svc,2,0.177459691648536,3,MAP_PMU,53
2,UPFC_Vsh,5-15,1.1113879498547194,3,MAP_PMU,53
3,UPFC_tsh,5-15,-0.2366001154579921,3,MAP_PMU,53
4,UPFC_Vse,5-15,0.05514181421101937,3,MAP_PMU,53
5,UPFC_tse,5-15,-2.103535096830935,3,MAP_PMU,53
0,x_tcsc,1-14,-0.10851062600153955,4,MAP_PMU,53
1,B_svc,2,0.17754140080430655,4,MAP_PMU,53
2,UPFC_Vsh,5-15,1.1113079720623433,4,MAP_PMU,53
3,UPFC_tsh,5-15,-0.23652320278895206,4,MAP_PMU,53
4,UPFC_Vse,5-15,0.05500290955614454,4,MAP_PMU,53
5,UPFC_tse,5-15,-2.1000979719221933,4,MAP_PMU,53
0,x_tcsc,1-14,-0.10801141604082165,0,MAP_PMU,54
1,B_svc,2,0.17654017866035085,0,MAP_PMU,54
2,UPFC_Vsh,5-15,1.110914378698485,0,MAP_PMU,54
3,UPFC_tsh,5-15,-0.2370999680754745,0,MAP_PMU,54
4,UPFC_Vse,5-15,0.054971611278076184,0,MAP_PMU,54
5,UPFC_tse,5-15,-2.101948233570102,0,MAP_PMU,54
0,x_tcsc,1-14,-0.10799605170165973,1,MAP_PMU,54
1,B_svc,2,0.1767330844302941,1,MAP_PMU,54
2,UPFC_Vsh,5-15,1.1110974687472768,1,MAP_PMU,54
3,UPFC_tsh,5-15,-0.23705384313710826,1,MAP_PMU,54
4,UPFC_Vse,5-15,0.0551105748208109,1,MAP_PMU,54
5,UPFC_tse,5-15,-2.099719278974663,1,MAP_PMU,54
0,x_tcsc,1-14,-0.10802121310877233,2,MAP_PMU,54
1,B_svc,2,0.1770483048123577,2,MAP_PMU,54
2,UPFC_Vsh,5-15,1.1107591107587096,2,MAP_PMU,54
3,UPFC_tsh,5-15,-0.23708347244065825,2,MAP_PMU,54
4,UPFC_Vse,5-15,0.0546042926402136,2,MAP_PMU,54
5,UPFC_tse,5-15,-2.1000848718664966,2,MAP_PMU,54
0,x_tcsc,1-14,-0.10800676480520009,3,MAP_PMU,54
1,B_svc,2,0.17686994527248356,3,MAP_PMU,54
2,UPFC_Vsh,5-15,1.111362567766548,3,MAP_PMU,54
3,UPFC_tsh,5-15,-0.23710067454401385,3,MAP_PMU,54
4,UPFC_Vse,5-15,0.05511131759895154,3,MAP_PMU,54
5,UPFC_tse,5-15,-2.1033083293421884,3,MAP_PMU,54
0,x_tcsc,1-14,-0.1080176261575649,4,MAP_PMU,54
1,B_svc,2,0.1769437507127666,4,MAP_PMU,54
2,UPFC_Vsh,5-15,1.1112829536531281,4,MAP_PMU,54
3,UPFC_tsh,5-15,-0.23702352672102397,4,MAP_PMU,54
4,UPFC_Vse,5-15,0.05497211309871139,4,MAP_PMU,54
5,UPFC_tse,5-15,-2.0998784974603955,4,MAP_PMU,54
0,x_tcsc,1-14,-0.10751205141502565,0,MAP_PMU,55
1,B_svc,2,0.17593860985577325,0,MAP_PMU,55
2,UPFC_Vsh,5-15,1.1109059761257822,0,MAP_PMU,55
3,UPFC_tsh,5-15,-0.23757225529948722,0,MAP_PMU,55
4,UPFC_Vse,5-15,0.05496615987495297,0,MAP_PMU,55
5,UPFC_tse,5-15,-2.101744112312755,0,MAP_PMU,55
0,x_tcsc,1-14,-0.10749097245744982,1,MAP_PMU,55
1,B_svc,2,0.17611853815250395,1,MAP_PMU,55
2,UPFC_Vsh,5-15,1.1110890602355368,1,MAP_PMU,55
3,UPFC_tsh,5-15,-0.23752598287670693,1,MAP_PMU,55
4,UPFC_Vse,5-15,0.05510493204101124,1,MAP_PMU,55
5,UPFC_tse,5-15,-2.099521224559025,1,MAP_PMU,55
0,x_tcsc,1-14,-0.1075213866672626,2,MAP_PMU,55
1,B_svc,2,0.1764454008434962,2,MAP_PMU,55
2,UPFC_Vsh,5-15,1.110750830958867,2,MAP_PMU,55
3,UPFC_tsh,5-15,-0.23755577751671778,2,MAP_PMU,55
4,UPFC_Vse,5-15,0.05459889227430727,2,MAP_PMU,55
5,UPFC_tse,5-15,-2.099878108211609,2,MAP_PMU,55
0,x_tcsc,1-14,-0.1075061467786444,3,MAP_PMU,55
1,B_svc,2,0.17626980658786298,3,MAP_PMU,55
2,UPFC_Vsh,5-15,1.111354374246862,3,MAP_PMU,55
3,UPFC_tsh,5-15,-0.23757305698527795,3,MAP_PMU,55
4,UPFC_Vse,5-15,0.05510602305784561,3,MAP_PMU,55
5,UPFC_tse,5-15,-2.103102472624025,3,MAP_PMU,55
0,x_tcsc,1-14,-0.10751638923928286,4,MAP_PMU,55
1,B_svc,2,0.17633571518708693,4,MAP_PMU,55
2,UPFC_Vsh,5-15,1.111274585872306,4,MAP_PMU,55
3,UPFC_tsh,5-15,-0.23749572115346637,4,MAP_PMU,55
4,UPFC_Vse,5-15,0.05496666928399336,4,MAP_PMU,55
5,UPFC_tse,5-15,-2.09967927879803,4,MAP_PMU,55
0,x_tcsc,1-14,-0.10765607149224951,0,MAP_PMU,56
1,B_svc,2,0.17612552565049525,0,MAP_PMU,56
2,UPFC_Vsh,5-15,1.110927433257789,0,MAP_PMU,56
3,UPFC_tsh,5-15,-0.237401426403167,0,MAP_PMU,56
4,UPFC_Vse,5-15,0.05497447124268582,0,MAP_PMU,56
5,UPFC_tse,5-15,-2.101763157977633,0,MAP_PMU,56
0,x_tcsc,1-14,-0.10763663233312926,1,MAP_PMU,56
1,B_svc,2,0.1763093087621313,1,MAP_PMU,56
2,UPFC_Vsh,5-15,1.1111104575943105,1,MAP_PMU,56
3,UPFC_tsh,5-15,-0.23735515010466596,1,MAP_PMU,56
4,UPFC_Vse,5-15,0.05511326863897468,1,MAP_PMU,56
5,UPFC_tse,5-15,-2.0995405084307954,1,MAP_PMU,56
0,x_tcsc,1-14,-0.10766552757835372,2,MAP_PMU,56
1,B_svc,2,0.17663278126224352,2,MAP_PMU,56
2,UPFC_Vsh,5-15,1.11077216273285,2,MAP_PMU,56
3,UPFC_tsh,5-15,-0.23738489701549464,2,MAP_PMU,56
4,UPFC_Vse,5-15,0.054607191700006566,2,MAP_PMU,56
5,UPFC_tse,5-15,-2.0998984266674823,2,MAP_PMU,56
0,x_tcsc,1-14,-0.10765054118570312,3,MAP_PMU,56
1,B_svc,2,0.1764565735854002,3,MAP_PMU,56
2,UPFC_Vsh,5-15,1.1113757985718866,3,MAP_PMU,56
3,UPFC_tsh,5-15,-0.23740214924311162,3,MAP_PMU,56
4,UPFC_Vse,5-15,0.05511422554588049,3,MAP_PMU,56
5,UPFC_tse,5-15,-2.103121280931318,3,MAP_PMU,56
0,x_tcsc,1-14,-0.10766093403342114,4,MAP_PMU,56
1,B_svc,2,0.17652447488575232,4,MAP_PMU,56
2,UPFC_Vsh,5-15,1.1112959468309769,4,MAP_PMU,56
3,UPFC_tsh,5-15,-0.2373249007812592,4,MAP_PMU,56
4,UPFC_Vse,5-15,0.05497494584334522,4,MAP_PMU,56
5,UPFC_tse,5-15,-2.0996974011120715,4,MAP_PMU,56
0,x_tcsc,1-14,-0.10880741877947601,0,MAP_PMU,57
1,B_svc,2,0.17753993770096202,0,MAP_PMU,57
2,UPFC_Vsh,5-15,1.110946402579613,0,MAP_PMU,57
3,UPFC_tsh,5-15,-0.23610566361954544,0,MAP_PMU,57
4,UPFC_Vse,5-15,0.05511463041886657,0,MAP_PMU,57
5,UPFC_tse,5-15,-2.1022201206719493,0,MAP_PMU,57
0,x_tcsc,1-14,-0.10880120105883116,1,MAP_PMU,57
1,B_svc,2,0.17775396123722145,1,MAP_PMU,57
2,UPFC_Vsh,5-15,1.1111294471142317,1,MAP_PMU,57
3,UPFC_tsh,5-15,-0.23605975809555854,1,MAP_PMU,57
4,UPFC_Vse,5-15,0.05525375631024093,1,MAP_PMU,57
5,UPFC_tse,5-15,-2.0999963352012627,1,MAP_PMU,57
0,x_tcsc,1-14,-0.1088179368235246,2,MAP_PMU,57
1,B_svc,2,0.17805020732404633,2,MAP_PMU,57
2,UPFC_Vsh,5-15,1.1107909331536852,2,MAP_PMU,57
3,UPFC_tsh,5-15,-0.2360891030287137,2,MAP_PMU,57
4,UPFC_Vse,5-15,0.05474729106187711,2,MAP_PMU,57
5,UPFC_tse,5-15,-2.100371585385151,2,MAP_PMU,57
0,x_tcsc,1-14,-0.10880479555629702,3,MAP_PMU,57
1,B_svc,2,0.1778672376174177,3,MAP_PMU,57
2,UPFC_Vsh,5-15,1.111394851455539,3,MAP_PMU,57
3,UPFC_tsh,5-15,-0.2361061707416586,3,MAP_PMU,57
4,UPFC_Vse,5-15,0.05525344478378946,3,MAP_PMU,57
5,UPFC_tse,5-15,-2.103592600797026,3,MAP_PMU,57
0,x_tcsc,1-14,-0.10881663417166203,4,MAP_PMU,57
1,B_svc,2,0.1779540177974143,4,MAP_PMU,57
2,UPFC_Vsh,5-15,1.111314775018272,4,MAP_PMU,57
3,UPFC_tsh,5-15,-0.23602941305208686,4,MAP_PMU,57
4,UPFC_Vse,5-15,0.055114692593039104,4,MAP_PMU,57
5,UPFC_tse,5-15,-2.100141457784824,4,MAP_PMU,57
0,x_tcsc,1-14,-0.10948999097295187,0,MAP_PMU,58
1,B_svc,2,0.17846179571027168,0,MAP_PMU,58
2,UPFC_Vsh,5-15,1.1109841624170786,0,MAP_PMU,58
3,UPFC_tsh,5-15,-0.23531647850019555,0,MAP_PMU,58
4,UPFC_Vse,5-15,0.055205683624889805,0,MAP_PMU,58
5,UPFC_tse,5-15,-2.1023930193831686,0,MAP_PMU,58
0,x_tcsc,1-14,-0.10949166022468551,1,MAP_PMU,58
1,B_svc,2,0.1786941898745503,1,MAP_PMU,58
2,UPFC_Vsh,5-15,1.1111669300547473,1,MAP_PMU,58
3,UPFC_tsh,5-15,-0.23527074669600745,1,MAP_PMU,58
4,UPFC_Vse,5-15,0.05534479598122855,1,MAP_PMU,58
5,UPFC_tse,5-15,-2.1001728689991634,1,MAP_PMU,58
0,x_tcsc,1-14,-0.10950108930604462,2,MAP_PMU,58
1,B_svc,2,0.1789738945228077,2,MAP_PMU,58
2,UPFC_Vsh,5-15,1.1108284312986905,2,MAP_PMU,58
3,UPFC_tsh,5-15,-0.23529984310973776,2,MAP_PMU,58
4,UPFC_Vse,5-15,0.054837996595993574,2,MAP_PMU,58
5,UPFC_tse,5-15,-2.100555549962722,2,MAP_PMU,58
0,x_tcsc,1-14,-0.10948896952331623,3,MAP_PMU,58
1,B_svc,2,0.17878661470664192,3,MAP_PMU,58
2,UPFC_Vsh,5-15,1.1114331430437168,3,MAP_PMU,58
3,UPFC_tsh,5-15,-0.23531675370603866,3,MAP_PMU,58
4,UPFC_Vse,5-15,0.05534327602800494,3,MAP_PMU,58
5,UPFC_tse,5-15,-2.1037738343292403,3,MAP_PMU,58
0,x_tcsc,1-14,-0.10950185890377567,4,MAP_PMU,58
1,B_svc,2,0.1788852241165335,4,MAP_PMU,58
2,UPFC_Vsh,5-15,1.1113519680709634,4,MAP_PMU,58
3,UPFC_tsh,5-15,-0.23524038693944355,4,MAP_PMU,58
4,UPFC_Vse,5-15,0.05520544499215198,4,MAP_PMU,58
5,UPFC_tse,5-15,-2.1003088716860447,4,MAP_PMU,58
0,x_tcsc,1-14,-0.10978871922638009,0,MAP_PMU,59
1,B_svc,2,0.17907458359164058,0,MAP_PMU,59
2,UPFC_Vsh,5-15,1.1110097964387042,0,MAP_PMU,59
3,UPFC_tsh,5-15,-0.23506332536960184,0,MAP_PMU,59
4,UPFC_Vse,5-15,0.05515614590273764,0,MAP_PMU,59
5,UPFC_tse,5-15,-2.1022264963916864,0,MAP_PMU,59
0,x_tcsc,1-14,-0.10979384774667161,1,MAP_PMU,59
1,B_svc,2,0.17931481255096798,1,MAP_PMU,59
2,UPFC_Vsh,5-15,1.1111920143768275,1,MAP_PMU,59
3,UPFC_tsh,5-15,-0.23501766436413915,1,MAP_PMU,59
4,UPFC_Vse,5-15,0.05529539097438877,1,MAP_PMU,59
5,UPFC_tse,5-15,-2.1000029584342994,1,MAP_PMU,59
0,x_tcsc,1-14,-0.10980000050319812,2,MAP_PMU,59
1,B_svc,2,0.17958730627764943,2,MAP_PMU,59
2,UPFC_Vsh,5-15,1.1108535585026598,2,MAP_PMU,59
3,UPFC_tsh,5-15,-0.23504663987748248,2,MAP_PMU,59
4,UPFC_Vse,5-15,0.0547883107571625,2,MAP_PMU,59
5,UPFC_tse,5-15,-2.1003850515139115,2,MAP_PMU,59
0,x_tcsc,1-14,-0.10978822656552815,3,MAP_PMU,59
1,B_svc,2,0.1793979286889503,3,MAP_PMU,59
2,UPFC_Vsh,5-15,1.11145849548689,3,MAP_PMU,59
3,UPFC_tsh,5-15,-0.2350634143497884,3,MAP_PMU,59
4,UPFC_Vse,5-15,0.0552935761984839,3,MAP_PMU,59
5,UPFC_tse,5-15,-2.103597412452967,3,MAP_PMU,59
0,x_tcsc,1-14,-0.1098018142058336,4,MAP_PMU,59
1,B_svc,2,0.1795022050616825,4,MAP_PMU,59
2,UPFC_Vsh,5-15,1.11137697119048,4,MAP_PMU,59
3,UPFC_tsh,5-15,-0.23498729157762718,4,MAP_PMU,59
4,UPFC_Vse,5-15,0.05515606174809261,4,MAP_PMU,59
5,UPFC_tse,5-15,-2.100143339306542,4,MAP_PMU,59
