,tipo,de,val,sample,method,scenario
0,x_tcsc,1-14,-0.10570457441026895,0,WLS,0
1,B_svc,2,0.17419061613432366,0,WLS,0
2,UPFC_Vsh,5-15,1.1118347792818568,0,WLS,0
3,UPFC_tsh,5-15,-0.2379547212421452,0,WLS,0
4,UPFC_Vse,5-15,0.0580353878023631,0,WLS,0
5,UPFC_tse,5-15,-2.1261221859820516,0,WLS,0
0,x_tcsc,1-14,-0.10573420655115864,1,WLS,0
1,B_svc,2,0.17448486448086925,1,WLS,0
2,UPFC_Vsh,5-15,1.1116815567446894,1,WLS,0
3,UPFC_tsh,5-15,-0.2379769992841684,1,WLS,0
4,UPFC_Vse,5-15,0.058323820321178665,1,WLS,0
5,UPFC_tse,5-15,-2.122859671374848,1,WLS,0
0,x_tcsc,1-14,-0.10572062728032616,2,WLS,0
1,B_svc,2,0.17449893498992577,2,WLS,0
2,UPFC_Vsh,5-15,1.1117394928841198,2,WLS,0
3,UPFC_tsh,5-15,-0.23797163538500354,2,WLS,0
4,UPFC_Vse,5-15,0.0576631386915516,2,WLS,0
5,UPFC_tse,5-15,-2.124077209730529,2,WLS,0
0,x_tcsc,1-14,-0.10571968435163244,3,WLS,0
1,B_svc,2,0.17449273095442136,3,WLS,0
2,UPFC_Vsh,5-15,1.1124301303543767,3,WLS,0
3,UPFC_tsh,5-15,-0.23799717925673106,3,WLS,0
4,UPFC_Vse,5-15,0.05811357112877152,3,WLS,0
5,UPFC_tse,5-15,-2.127406842437525,3,WLS,0
0,x_tcsc,1-14,-0.10573017412682961,4,WLS,0
1,B_svc,2,0.17460396365720007,4,WLS,0
2,UPFC_Vsh,5-15,1.1120649774644877,4,WLS,0
3,UPFC_tsh,5-15,-0.23798050277116017,4,WLS,0
4,UPFC_Vse,5-15,0.05817499102871876,4,WLS,0
5,UPFC_tse,5-15,-2.123804484236727,4,WLS,0
0,x_tcsc,1-14,-0.10571739080945469,5,WLS,0
1,B_svc,2,0.17449736735320576,5,WLS,0
2,UPFC_Vsh,5-15,1.1118551837801662,5,WLS,0
3,UPFC_tsh,5-15,-0.2379936455589371,5,WLS,0
4,UPFC_Vse,5-15,0.05773537345470286,5,WLS,0
5,UPFC_tse,5-15,-2.1254409928187914,5,WLS,0
0,x_tcsc,1-14,-0.10572664103911945,6,WLS,0
1,B_svc,2,0.17443357399773302,6,WLS,0
2,UPFC_Vsh,5-15,1.112069464737766,6,WLS,0
3,UPFC_tsh,5-15,-0.23792857175084758,6,WLS,0
4,UPFC_Vse,5-15,0.05771646900980255,6,WLS,0
5,UPFC_tse,5-15,-2.1270453763580015,6,WLS,0
0,x_tcsc,1-14,-0.1057176220537735,7,WLS,0
1,B_svc,2,0.17423098434506754,7,WLS,0
2,UPFC_Vsh,5-15,1.112016218828461,7,WLS,0
3,UPFC_tsh,5-15,-0.23799565088905905,7,WLS,0
4,UPFC_Vse,5-15,0.05826580669845366,7,WLS,0
5,UPFC_tse,5-15,-2.126788901023909,7,WLS,0
0,x_tcsc,1-14,-0.105730073155504,8,WLS,0
1,B_svc,2,0.1740313899568216,8,WLS,0
2,UPFC_Vsh,5-15,1.1116430828793649,8,WLS,0
3,UPFC_tsh,5-15,-0.23797940222376188,8,WLS,0
4,UPFC_Vse,5-15,0.057633859190965676,8,WLS,0
5,UPFC_tse,5-15,-2.1259427103585224,8,WLS,0
0,x_tcsc,1-14,-0.10571818393007243,9,WLS,0
1,B_svc,2,0.17441844310235505,9,WLS,0
2,UPFC_Vsh,5-15,1.1121555582128861,9,WLS,0
3,UPFC_tsh,5-15,-0.23795618676697428,9,WLS,0
4,UPFC_Vse,5-15,0.05793914218740389,9,WLS,0
5,UPFC_tse,5-15,-2.1228623645505174,9,WLS,0
0,x_tcsc,1-14,-0.10641740377748417,0,WLS,1
1,B_svc,2,0.17518002396491428,0,WLS,1
2,UPFC_Vsh,5-15,1.1118554594368044,0,WLS,1
3,UPFC_tsh,5-15,-0.23740272520851302,0,WLS,1
4,UPFC_Vse,5-15,0.05795980547821531,0,WLS,1
5,UPFC_tse,5-15,-2.1259322513697034,0,WLS,1
0,x_tcsc,1-14,-0.10644727353513296,1,WLS,1
1,B_svc,2,0.1754766535507094,1,WLS,1
2,UPFC_Vsh,5-15,1.1117008400320336,1,WLS,1
3,UPFC_tsh,5-15,-0.23742512742724178,1,WLS,1
4,UPFC_Vse,5-15,0.05824857795592661,1,WLS,1
5,UPFC_tse,5-15,-2.122661177890953,1,WLS,1
0,x_tcsc,1-14,-0.10643356109407585,2,WLS,1
1,B_svc,2,0.1754880172496591,2,WLS,1
2,UPFC_Vsh,5-15,1.1117595397837599,2,WLS,1
3,UPFC_tsh,5-15,-0.23741976319250185,2,WLS,1
4,UPFC_Vse,5-15,0.05758746983981275,2,WLS,1
5,UPFC_tse,5-15,-2.123882901768292,2,WLS,1
0,x_tcsc,1-14,-0.10643229356333843,3,WLS,1
1,B_svc,2,0.17548274784713722,3,WLS,1
2,UPFC_Vsh,5-15,1.1124498765756325,3,WLS,1
3,UPFC_tsh,5-15,-0.23744509102659134,3,WLS,1
4,UPFC_Vse,5-15,0.05803853876141682,3,WLS,1
5,UPFC_tse,5-15,-2.1272088994594536,3,WLS,1
0,x_tcsc,1-14,-0.1064431941122065,4,WLS,1
1,B_svc,2,0.17559489730256003,4,WLS,1
2,UPFC_Vsh,5-15,1.1120850540688052,4,WLS,1
3,UPFC_tsh,5-15,-0.23742858571158793,4,WLS,1
4,UPFC_Vse,5-15,0.05809943185577425,4,WLS,1
5,UPFC_tse,5-15,-2.1236138166361136,4,WLS,1
0,x_tcsc,1-14,-0.10643027615977747,5,WLS,1
1,B_svc,2,0.1754883095356961,5,WLS,1
2,UPFC_Vsh,5-15,1.1118750115681462,5,WLS,1
3,UPFC_tsh,5-15,-0.2374418310692092,5,WLS,1
4,UPFC_Vse,5-15,0.05765996582611495,5,WLS,1
5,UPFC_tse,5-15,-2.1252475047999724,5,WLS,1
0,x_tcsc,1-14,-0.10643954978657155,6,WLS,1
1,B_svc,2,0.1754228402558101,6,WLS,1
2,UPFC_Vsh,5-15,1.1120897266825593,6,WLS,1
3,UPFC_tsh,5-15,-0.23737682073432664,6,WLS,1
4,UPFC_Vse,5-15,0.05764139490989737,6,WLS,1
5,UPFC_tse,5-15,-2.1268606475276077,6,WLS,1
0,x_tcsc,1-14,-0.1064306026422688,7,WLS,1
1,B_svc,2,0.17522148192144096,7,WLS,1
2,UPFC_Vsh,5-15,1.1120352092736374,7,WLS,1
3,UPFC_tsh,5-15,-0.2374438858694481,7,WLS,1
4,UPFC_Vse,5-15,0.05819123729857375,7,WLS,1
5,UPFC_tse,5-15,-2.126581754467407,7,WLS,1
0,x_tcsc,1-14,-0.10644290359961135,8,WLS,1
1,B_svc,2,0.17502151746428013,8,WLS,1
2,UPFC_Vsh,5-15,1.1116627110896895,8,WLS,1
3,UPFC_tsh,5-15,-0.23742728222623496,8,WLS,1
4,UPFC_Vse,5-15,0.05755827058609318,8,WLS,1
5,UPFC_tse,5-15,-2.125753012066391,8,WLS,1
0,x_tcsc,1-14,-0.10643094298849512,9,WLS,1
1,B_svc,2,0.17540749786096665,9,WLS,1
2,UPFC_Vsh,5-15,1.112175298353437,9,WLS,1
3,UPFC_tsh,5-15,-0.23740460352402407,9,WLS,1
4,UPFC_Vse,5-15,0.05786411925572821,9,WLS,1
5,UPFC_tse,5-15,-2.122671712275916,9,WLS,1
0,x_tcsc,1-14,-0.10671311728629233,0,WLS,2
1,B_svc,2,0.1754955026522225,0,WLS,2
2,UPFC_Vsh,5-15,1.11183085425599,0,WLS,2
3,UPFC_tsh,5-15,-0.237120377175111,0,WLS,2
4,UPFC_Vse,5-15,0.057993736921078745,0,WLS,2
5,UPFC_tse,5-15,-2.1261702526291937,0,WLS,2
0,x_tcsc,1-14,-0.1067430407189195,1,WLS,2
1,B_svc,2,0.17579295765752762,1,WLS,2
2,UPFC_Vsh,5-15,1.1116763059122619,1,WLS,2
3,UPFC_tsh,5-15,-0.2371428986705865,1,WLS,2
4,UPFC_Vse,5-15,0.058282498499276705,1,WLS,2
5,UPFC_tse,5-15,-2.1228972570284443,1,WLS,2
0,x_tcsc,1-14,-0.10672932982125753,2,WLS,2
1,B_svc,2,0.17580320819723108,2,WLS,2
2,UPFC_Vsh,5-15,1.1117350205605032,2,WLS,2
3,UPFC_tsh,5-15,-0.2371375001816881,2,WLS,2
4,UPFC_Vse,5-15,0.05762131479092925,2,WLS,2
5,UPFC_tse,5-15,-2.1241269953556605,2,WLS,2
0,x_tcsc,1-14,-0.10672793133324185,3,WLS,2
1,B_svc,2,0.17579808208853626,3,WLS,2
2,UPFC_Vsh,5-15,1.1124249750703563,3,WLS,2
3,UPFC_tsh,5-15,-0.23716277098199193,3,WLS,2
4,UPFC_Vse,5-15,0.05807276234392536,3,WLS,2
5,UPFC_tse,5-15,-2.1274472749273077,3,WLS,2
0,x_tcsc,1-14,-0.10673897955956863,4,WLS,2
1,B_svc,2,0.17591084783705307,4,WLS,2
2,UPFC_Vsh,5-15,1.1120607595236005,4,WLS,2
3,UPFC_tsh,5-15,-0.2371462829410181,4,WLS,2
4,UPFC_Vse,5-15,0.058133191147162554,4,WLS,2
5,UPFC_tse,5-15,-2.1238526936339417,4,WLS,2
0,x_tcsc,1-14,-0.10672605247162685,5,WLS,2
1,B_svc,2,0.17580404226650018,5,WLS,2
2,UPFC_Vsh,5-15,1.1118501842023996,5,WLS,2
3,UPFC_tsh,5-15,-0.23715953332859593,5,WLS,2
4,UPFC_Vse,5-15,0.05769390965127673,5,WLS,2
5,UPFC_tse,5-15,-2.1254928657717147,5,WLS,2
0,x_tcsc,1-14,-0.10673526259311171,6,WLS,2
1,B_svc,2,0.17573829218753298,6,WLS,2
2,UPFC_Vsh,5-15,1.1120652325139317,6,WLS,2
3,UPFC_tsh,5-15,-0.23709453863005417,6,WLS,2
4,UPFC_Vse,5-15,0.057675374734648954,6,WLS,2
5,UPFC_tse,5-15,-2.1270982667226086,6,WLS,2
0,x_tcsc,1-14,-0.10672639229107736,7,WLS,2
1,B_svc,2,0.17553718586139855,7,WLS,2
2,UPFC_Vsh,5-15,1.1120101527145867,7,WLS,2
3,UPFC_tsh,5-15,-0.23716165551358703,7,WLS,2
4,UPFC_Vse,5-15,0.058225595566377464,7,WLS,2
5,UPFC_tse,5-15,-2.1268163087024847,7,WLS,2
0,x_tcsc,1-14,-0.10673870832565213,8,WLS,2
1,B_svc,2,0.17533652699911942,8,WLS,2
2,UPFC_Vsh,5-15,1.111638102944578,8,WLS,2
3,UPFC_tsh,5-15,-0.2371449925520915,8,WLS,2
4,UPFC_Vse,5-15,0.057592192722914236,8,WLS,2
5,UPFC_tse,5-15,-2.125997419875326,8,WLS,2
0,x_tcsc,1-14,-0.10672663459578935,9,WLS,2
1,B_svc,2,0.1757225944651586,9,WLS,2
2,UPFC_Vsh,5-15,1.1121507085799707,9,WLS,2
3,UPFC_tsh,5-15,-0.2371224348143464,9,WLS,2
4,UPFC_Vse,5-15,0.05789807280952964,9,WLS,2
5,UPFC_tse,5-15,-2.122911870073859,9,WLS,2
0,x_tcsc,1-14,-0.10767900241047229,0,WLS,3
1,B_svc,2,0.17679237683083243,0,WLS,3
2,UPFC_Vsh,5-15,1.111844053343253,0,WLS,3
3,UPFC_tsh,5-15,-0.23614953655123874,0,WLS,3
4,UPFC_Vse,5-15,0.058049266976831645,0,WLS,3
5,UPFC_tse,5-15,-2.125798095725497,0,WLS,3
0,x_tcsc,1-14,-0.10770918082875913,1,WLS,3
1,B_svc,2,0.1770931183678369,1,WLS,3
2,UPFC_Vsh,5-15,1.1116881614198408,1,WLS,3
3,UPFC_tsh,5-15,-0.23617223121159694,1,WLS,3
4,UPFC_Vse,5-15,0.05833815017867764,1,WLS,3
5,UPFC_tse,5-15,-2.122527085788088,1,WLS,3
0,x_tcsc,1-14,-0.10769534693689564,2,WLS,3
1,B_svc,2,0.1770996431536106,2,WLS,3
2,UPFC_Vsh,5-15,1.11174765138645,2,WLS,3
3,UPFC_tsh,5-15,-0.2361667845871365,2,WLS,3
4,UPFC_Vse,5-15,0.05767663478910835,2,WLS,3
5,UPFC_tse,5-15,-2.1237619302428024,2,WLS,3
0,x_tcsc,1-14,-0.10769352957382279,3,WLS,3
1,B_svc,2,0.1770954358582543,3,WLS,3
2,UPFC_Vsh,5-15,1.1124370620404558,3,WLS,3
3,UPFC_tsh,5-15,-0.2361918121323884,3,WLS,3
4,UPFC_Vse,5-15,0.05812884454316783,3,WLS,3
5,UPFC_tse,5-15,-2.1270697772212257,3,WLS,3
0,x_tcsc,1-14,-0.10770509698388218,4,WLS,3
1,B_svc,2,0.17720977504156113,4,WLS,3
2,UPFC_Vsh,5-15,1.112073565848271,4,WLS,3
3,UPFC_tsh,5-15,-0.23617548715341485,4,WLS,3
4,UPFC_Vse,5-15,0.05818834148119913,4,WLS,3
5,UPFC_tse,5-15,-2.1234853895904657,4,WLS,3
0,x_tcsc,1-14,-0.10769203288517545,5,WLS,3
1,B_svc,2,0.17710272831201346,5,WLS,3
2,UPFC_Vsh,5-15,1.1118624322818065,5,WLS,3
3,UPFC_tsh,5-15,-0.23618879068792617,5,WLS,3
4,UPFC_Vse,5-15,0.057749422779275174,5,WLS,3
5,UPFC_tse,5-15,-2.1251260673087153,5,WLS,3
0,x_tcsc,1-14,-0.10770120895458694,6,WLS,3
1,B_svc,2,0.1770350515127376,6,WLS,3
2,UPFC_Vsh,5-15,1.1120781499886834,6,WLS,3
3,UPFC_tsh,5-15,-0.23612398462430967,6,WLS,3
4,UPFC_Vse,5-15,0.057731263815707576,6,WLS,3
5,UPFC_tse,5-15,-2.1267346784057173,6,WLS,3
0,x_tcsc,1-14,-0.10769247571890196,7,WLS,3
1,B_svc,2,0.17683537365005708,7,WLS,3
2,UPFC_Vsh,5-15,1.112021607771829,7,WLS,3
3,UPFC_tsh,5-15,-0.23619100627002687,7,WLS,3
4,UPFC_Vse,5-15,0.05828199024009401,7,WLS,3
5,UPFC_tse,5-15,-2.126427088388378,7,WLS,3
0,x_tcsc,1-14,-0.10770464674808354,8,WLS,3
1,B_svc,2,0.17663388141043493,8,WLS,3
2,UPFC_Vsh,5-15,1.1116500436939711,8,WLS,3
3,UPFC_tsh,5-15,-0.23617403147125116,8,WLS,3
4,UPFC_Vse,5-15,0.057647578262685545,8,WLS,3
5,UPFC_tse,5-15,-2.1256355140499994,8,WLS,3
0,x_tcsc,1-14,-0.10769241145278428,9,WLS,3
1,B_svc,2,0.17701890023620645,9,WLS,3
2,UPFC_Vsh,5-15,1.1121630102229692,9,WLS,3
3,UPFC_tsh,5-15,-0.23615204792224828,9,WLS,3
4,UPFC_Vse,5-15,0.057953928786712065,9,WLS,3
5,UPFC_tse,5-15,-2.122548850945777,9,WLS,3
0,x_tcsc,1-14,-0.1086648066969375,0,WLS,4
1,B_svc,2,0.1782399104614622,0,WLS,4
2,UPFC_Vsh,5-15,1.1118459236780238,0,WLS,4
3,UPFC_tsh,5-15,-0.23531057419297818,0,WLS,4
4,UPFC_Vse,5-15,0.05800584335634552,0,WLS,4
5,UPFC_tse,5-15,-2.1260208544368715,0,WLS,4
0,x_tcsc,1-14,-0.1086952954769094,1,WLS,4
1,B_svc,2,0.17854386762727725,1,WLS,4
2,UPFC_Vsh,5-15,1.1116887525361194,1,WLS,4
3,UPFC_tsh,5-15,-0.23533349585021357,1,WLS,4
4,UPFC_Vse,5-15,0.05829497200063792,1,WLS,4
5,UPFC_tse,5-15,-2.122739157457711,1,WLS,4
0,x_tcsc,1-14,-0.10868130939946205,2,WLS,4
1,B_svc,2,0.17854661031216287,2,WLS,4
2,UPFC_Vsh,5-15,1.111749002599723,2,WLS,4
3,UPFC_tsh,5-15,-0.23532800578413493,2,WLS,4
4,UPFC_Vse,5-15,0.057633007545630215,2,WLS,4
5,UPFC_tse,5-15,-2.1239871905860364,2,WLS,4
0,x_tcsc,1-14,-0.10867905704328291,3,WLS,4
1,B_svc,2,0.17854358132064233,3,WLS,4
2,UPFC_Vsh,5-15,1.112437824938975,3,WLS,4
3,UPFC_tsh,5-15,-0.23535274239210838,3,WLS,4
4,UPFC_Vse,5-15,0.058086123941161895,3,WLS,4
5,UPFC_tse,5-15,-2.127280931488407,3,WLS,4
0,x_tcsc,1-14,-0.10869115865176125,4,WLS,4
1,B_svc,2,0.17865931408066685,4,WLS,4
2,UPFC_Vsh,5-15,1.1120751222757579,4,WLS,4
3,UPFC_tsh,5-15,-0.2353366331576961,4,WLS,4
4,UPFC_Vse,5-15,0.058144716653498275,4,WLS,4
5,UPFC_tse,5-15,-2.123707922213387,4,WLS,4
0,x_tcsc,1-14,-0.10867792151081335,5,WLS,4
1,B_svc,2,0.1785522467198759,5,WLS,4
2,UPFC_Vsh,5-15,1.1118633660487447,5,WLS,4
3,UPFC_tsh,5-15,-0.23534999890746552,5,WLS,4
4,UPFC_Vse,5-15,0.05770608495902439,5,WLS,4
5,UPFC_tse,5-15,-2.125350571069806,5,WLS,4
0,x_tcsc,1-14,-0.10868710188821677,6,WLS,4
1,B_svc,2,0.17848236437184306,6,WLS,4
2,UPFC_Vsh,5-15,1.1120796820213612,6,WLS,4
3,UPFC_tsh,5-15,-0.23528535382370902,6,WLS,4
4,UPFC_Vse,5-15,0.05768841525656408,6,WLS,4
5,UPFC_tse,5-15,-2.1269662874483886,6,WLS,4
0,x_tcsc,1-14,-0.1086784871676337,7,WLS,4
1,B_svc,2,0.1782843154672211,7,WLS,4
2,UPFC_Vsh,5-15,1.112021437853753,7,WLS,4
3,UPFC_tsh,5-15,-0.2353523355559882,7,WLS,4
4,UPFC_Vse,5-15,0.05823979133765691,7,WLS,4
5,UPFC_tse,5-15,-2.1266261013872683,7,WLS,4
0,x_tcsc,1-14,-0.10869049932654519,8,WLS,4
1,B_svc,2,0.17808196720726938,8,WLS,4
2,UPFC_Vsh,5-15,1.1116508752308325,8,WLS,4
3,UPFC_tsh,5-15,-0.23533495886135464,8,WLS,4
4,UPFC_Vse,5-15,0.05760411095181128,8,WLS,4
5,UPFC_tse,5-15,-2.1258644685448007,8,WLS,4
0,x_tcsc,1-14,-0.10867813952460897,9,WLS,4
1,B_svc,2,0.17846572564595997,9,WLS,4
2,UPFC_Vsh,5-15,1.1121639845732056,9,WLS,4
3,UPFC_tsh,5-15,-0.2353136374005725,9,WLS,4
4,UPFC_Vse,5-15,0.0579109996736098,9,WLS,4
5,UPFC_tse,5-15,-2.1227744905852965,9,WLS,4
0,x_tcsc,1-14,-0.10914486197967936,0,WLS,5
1,B_svc,2,0.1787402297459739,0,WLS,5
2,UPFC_Vsh,5-15,1.1118493138677223,0,WLS,5
3,UPFC_tsh,5-15,-0.23481747385610388,0,WLS,5
4,UPFC_Vse,5-15,0.05806570470933843,0,WLS,5
5,UPFC_tse,5-15,-2.1266382877108714,0,WLS,5
0,x_tcsc,1-14,-0.10917536220340301,1,WLS,5
1,B_svc,2,0.17904596096153994,1,WLS,5
2,UPFC_Vsh,5-15,1.1116916117326265,1,WLS,5
3,UPFC_tsh,5-15,-0.23484049190407263,1,WLS,5
4,UPFC_Vse,5-15,0.058354715230133504,1,WLS,5
5,UPFC_tse,5-15,-2.1233548556709603,1,WLS,5
0,x_tcsc,1-14,-0.1091614228892573,2,WLS,5
1,B_svc,2,0.17904670406171494,2,WLS,5
2,UPFC_Vsh,5-15,1.1117521049664894,2,WLS,5
3,UPFC_tsh,5-15,-0.2348349594030281,2,WLS,5
4,UPFC_Vse,5-15,0.057692670737784287,2,WLS,5
5,UPFC_tse,5-15,-2.1246178588037647,2,WLS,5
0,x_tcsc,1-14,-0.1091589608311971,3,WLS,5
1,B_svc,2,0.17904375563783642,3,WLS,5
2,UPFC_Vsh,5-15,1.112440493297956,3,WLS,5
3,UPFC_tsh,5-15,-0.23485965893146554,3,WLS,5
4,UPFC_Vse,5-15,0.0581464372062977,3,WLS,5
5,UPFC_tse,5-15,-2.1278983257622643,3,WLS,5
0,x_tcsc,1-14,-0.10917128360831432,4,WLS,5
1,B_svc,2,0.1791607086008106,4,WLS,5
2,UPFC_Vsh,5-15,1.1120784169368974,4,WLS,5
3,UPFC_tsh,5-15,-0.23484354117092518,4,WLS,5
4,UPFC_Vse,5-15,0.058204232275943166,4,WLS,5
5,UPFC_tse,5-15,-2.1243281569840677,4,WLS,5
0,x_tcsc,1-14,-0.10915806595205615,5,WLS,5
1,B_svc,2,0.17905302129256653,5,WLS,5
2,UPFC_Vsh,5-15,1.111866046348972,5,WLS,5
3,UPFC_tsh,5-15,-0.23485697341953746,5,WLS,5
4,UPFC_Vse,5-15,0.05776597742663545,5,WLS,5
5,UPFC_tse,5-15,-2.1259814750910473,5,WLS,5
0,x_tcsc,1-14,-0.10916712456285316,6,WLS,5
1,B_svc,2,0.17898274374109718,6,WLS,5
2,UPFC_Vsh,5-15,1.1120829419968499,6,WLS,5
3,UPFC_tsh,5-15,-0.23479231888193539,6,WLS,5
4,UPFC_Vse,5-15,0.057748354622686716,6,WLS,5
5,UPFC_tse,5-15,-2.1275870799266587,6,WLS,5
0,x_tcsc,1-14,-0.10915864447541795,7,WLS,5
1,B_svc,2,0.17878511853062953,7,WLS,5
2,UPFC_Vsh,5-15,1.1120238100290607,7,WLS,5
3,UPFC_tsh,5-15,-0.2348594034810919,7,WLS,5
4,UPFC_Vse,5-15,0.05830029824777363,7,WLS,5
5,UPFC_tse,5-15,-2.127236129630905,7,WLS,5
0,x_tcsc,1-14,-0.10917065498681443,8,WLS,5
1,B_svc,2,0.17858183987856666,8,WLS,5
2,UPFC_Vsh,5-15,1.1116535341958338,8,WLS,5
3,UPFC_tsh,5-15,-0.23484188633021888,8,WLS,5
4,UPFC_Vse,5-15,0.057664001834277,8,WLS,5
5,UPFC_tse,5-15,-2.1264964050907214,8,WLS,5
0,x_tcsc,1-14,-0.10915812340617674,9,WLS,5
1,B_svc,2,0.17896565520846944,9,WLS,5
2,UPFC_Vsh,5-15,1.1121669247936117,9,WLS,5
3,UPFC_tsh,5-15,-0.2348207478212051,9,WLS,5
4,UPFC_Vse,5-15,0.057970792878180716,9,WLS,5
5,UPFC_tse,5-15,-2.1233982825928988,9,WLS,5
0,x_tcsc,1-14,-0.1086583600280173,0,WLS,6
1,B_svc,2,0.1779149616383902,0,WLS,6
2,UPFC_Vsh,5-15,1.1118431199540912,0,WLS,6
3,UPFC_tsh,5-15,-0.23537727578633044,0,WLS,6
4,UPFC_Vse,5-15,0.058000129031926695,0,WLS,6
5,UPFC_tse,5-15,-2.1273166361490015,0,WLS,6
0,x_tcsc,1-14,-0.10868865668882903,1,WLS,6
1,B_svc,2,0.17821916760903445,1,WLS,6
2,UPFC_Vsh,5-15,1.1116859371588452,1,WLS,6
3,UPFC_tsh,5-15,-0.23540018744881883,1,WLS,6
4,UPFC_Vse,5-15,0.058289085390039526,1,WLS,6
5,UPFC_tse,5-15,-2.1240257118268624,1,WLS,6
0,x_tcsc,1-14,-0.10867483967244755,2,WLS,6
1,B_svc,2,0.178221713765738,2,WLS,6
2,UPFC_Vsh,5-15,1.111746096123503,2,WLS,6
3,UPFC_tsh,5-15,-0.23539470398629828,2,WLS,6
4,UPFC_Vse,5-15,0.05762716235348051,2,WLS,6
5,UPFC_tse,5-15,-2.125294478389083,2,WLS,6
0,x_tcsc,1-14,-0.10867259422374569,3,WLS,6
1,B_svc,2,0.17821799643413375,3,WLS,6
2,UPFC_Vsh,5-15,1.1124347010585498,3,WLS,6
3,UPFC_tsh,5-15,-0.2354195808840533,3,WLS,6
4,UPFC_Vse,5-15,0.05808081273335162,3,WLS,6
5,UPFC_tse,5-15,-2.12858207705272,3,WLS,6
0,x_tcsc,1-14,-0.10868463645547119,4,WLS,6
1,B_svc,2,0.17833448306681962,4,WLS,6
2,UPFC_Vsh,5-15,1.1120723569583209,4,WLS,6
3,UPFC_tsh,5-15,-0.23540333151493278,4,WLS,6
4,UPFC_Vse,5-15,0.05813890404084663,4,WLS,6
5,UPFC_tse,5-15,-2.1250024458173837,4,WLS,6
0,x_tcsc,1-14,-0.10867155637787412,5,WLS,6
1,B_svc,2,0.17822649081720282,5,WLS,6
2,UPFC_Vsh,5-15,1.111860099849274,5,WLS,6
3,UPFC_tsh,5-15,-0.23541683423990947,5,WLS,6
4,UPFC_Vse,5-15,0.05770057708549298,5,WLS,6
5,UPFC_tse,5-15,-2.1266621871001106,5,WLS,6
0,x_tcsc,1-14,-0.1086805441212382,6,WLS,6
1,B_svc,2,0.17815771601694955,6,WLS,6
2,UPFC_Vsh,5-15,1.1120768463321895,6,WLS,6
3,UPFC_tsh,5-15,-0.23535190617925805,6,WLS,6
4,UPFC_Vse,5-15,0.05768257965329424,6,WLS,6
5,UPFC_tse,5-15,-2.1282574495530677,6,WLS,6
0,x_tcsc,1-14,-0.10867204988643075,7,WLS,6
1,B_svc,2,0.17795909277135694,7,WLS,6
2,UPFC_Vsh,5-15,1.1120183103461263,7,WLS,6
3,UPFC_tsh,5-15,-0.2354192096341143,7,WLS,6
4,UPFC_Vse,5-15,0.05823468629940925,7,WLS,6
5,UPFC_tse,5-15,-2.1279242282126325,7,WLS,6
0,x_tcsc,1-14,-0.10868417525870014,8,WLS,6
1,B_svc,2,0.1777559013614504,8,WLS,6
2,UPFC_Vsh,5-15,1.1116479255111293,8,WLS,6
3,UPFC_tsh,5-15,-0.2354017872059639,8,WLS,6
4,UPFC_Vse,5-15,0.05759857529969737,8,WLS,6
5,UPFC_tse,5-15,-2.127173012752292,8,WLS,6
0,x_tcsc,1-14,-0.10867165010843247,9,WLS,6
1,B_svc,2,0.17814070229134907,9,WLS,6
2,UPFC_Vsh,5-15,1.1121611124447381,9,WLS,6
3,UPFC_tsh,5-15,-0.23538034459190157,9,WLS,6
4,UPFC_Vse,5-15,0.057905046871040054,9,WLS,6
5,UPFC_tse,5-15,-2.124068457219425,9,WLS,6
0,x_tcsc,1-14,-0.10858730072217197,0,WLS,7
1,B_svc,2,0.17799063715023486,0,WLS,7
2,UPFC_Vsh,5-15,1.1118394026119198,0,WLS,7
3,UPFC_tsh,5-15,-0.2355984452439015,0,WLS,7
4,UPFC_Vse,5-15,0.05787709033963719,0,WLS,7
5,UPFC_tse,5-15,-2.1271316465945143,0,WLS,7
0,x_tcsc,1-14,-0.1086176861445075,1,WLS,7
1,B_svc,2,0.17829448956593508,1,WLS,7
2,UPFC_Vsh,5-15,1.111682112109525,1,WLS,7
3,UPFC_tsh,5-15,-0.23562135078539412,1,WLS,7
4,UPFC_Vse,5-15,0.05816631058012575,1,WLS,7
5,UPFC_tse,5-15,-2.1238319302657658,1,WLS,7
0,x_tcsc,1-14,-0.10860378372963804,2,WLS,7
1,B_svc,2,0.1782974038778776,2,WLS,7
2,UPFC_Vsh,5-15,1.1117423926255598,2,WLS,7
3,UPFC_tsh,5-15,-0.23561590864544119,2,WLS,7
4,UPFC_Vse,5-15,0.0575042260434577,2,WLS,7
5,UPFC_tse,5-15,-2.1250965158416846,2,WLS,7
0,x_tcsc,1-14,-0.10860157389119851,3,WLS,7
1,B_svc,2,0.17829399527040282,3,WLS,7
2,UPFC_Vsh,5-15,1.112431165226876,3,WLS,7
3,UPFC_tsh,5-15,-0.23564071938084166,3,WLS,7
4,UPFC_Vse,5-15,0.05795775563189403,3,WLS,7
5,UPFC_tse,5-15,-2.1283922495106506,3,WLS,7
0,x_tcsc,1-14,-0.10861360073269788,4,WLS,7
1,B_svc,2,0.17840996692358438,4,WLS,7
2,UPFC_Vsh,5-15,1.1120685576265175,4,WLS,7
3,UPFC_tsh,5-15,-0.23562455573629737,4,WLS,7
4,UPFC_Vse,5-15,0.05801621344074852,4,WLS,7
5,UPFC_tse,5-15,-2.1248125753227267,4,WLS,7
0,x_tcsc,1-14,-0.1086004558728282,5,WLS,7
1,B_svc,2,0.17830242232862442,5,WLS,7
2,UPFC_Vsh,5-15,1.111856590011175,5,WLS,7
3,UPFC_tsh,5-15,-0.23563807355881355,5,WLS,7
4,UPFC_Vse,5-15,0.05757765712443148,5,WLS,7
5,UPFC_tse,5-15,-2.126465556383821,5,WLS,7
0,x_tcsc,1-14,-0.10860953299221113,6,WLS,7
1,B_svc,2,0.1782333170249149,6,WLS,7
2,UPFC_Vsh,5-15,1.112073064899253,6,WLS,7
3,UPFC_tsh,5-15,-0.23557312209652997,6,WLS,7
4,UPFC_Vse,5-15,0.05755974611999972,6,WLS,7
5,UPFC_tse,5-15,-2.128070831703006,6,WLS,7
0,x_tcsc,1-14,-0.1086009753619956,7,WLS,7
1,B_svc,2,0.1780348654732127,7,WLS,7
2,UPFC_Vsh,5-15,1.1120145883573733,7,WLS,7
3,UPFC_tsh,5-15,-0.23564040415349524,7,WLS,7
4,UPFC_Vse,5-15,0.05811179008299815,7,WLS,7
5,UPFC_tse,5-15,-2.127735999573481,7,WLS,7
0,x_tcsc,1-14,-0.10861305174557517,8,WLS,7
1,B_svc,2,0.1778320994542807,8,WLS,7
2,UPFC_Vsh,5-15,1.1116445121660206,8,WLS,7
3,UPFC_tsh,5-15,-0.23562289927374103,8,WLS,7
4,UPFC_Vse,5-15,0.05747554875398835,8,WLS,7
5,UPFC_tse,5-15,-2.1269763042933714,8,WLS,7
0,x_tcsc,1-14,-0.10860062598226428,9,WLS,7
1,B_svc,2,0.17821647192508813,9,WLS,7
2,UPFC_Vsh,5-15,1.1121574133563517,9,WLS,7
3,UPFC_tsh,5-15,-0.23560156303831226,9,WLS,7
4,UPFC_Vse,5-15,0.0577823330230345,9,WLS,7
5,UPFC_tse,5-15,-2.1238747807229843,9,WLS,7
0,x_tcsc,1-14,-0.10869511854855045,0,WLS,8
1,B_svc,2,0.17797798508940063,0,WLS,8
2,UPFC_Vsh,5-15,1.1118211020385946,0,WLS,8
3,UPFC_tsh,5-15,-0.23559170333222942,0,WLS,8
4,UPFC_Vse,5-15,0.05783881883246692,0,WLS,8
5,UPFC_tse,5-15,-2.128213422975366,0,WLS,8
0,x_tcsc,1-14,-0.10872544278937377,1,WLS,8
1,B_svc,2,0.17828224333972859,1,WLS,8
2,UPFC_Vsh,5-15,1.1116638888282624,1,WLS,8
3,UPFC_tsh,5-15,-0.2356146581069194,1,WLS,8
4,UPFC_Vse,5-15,0.058127976816004664,1,WLS,8
5,UPFC_tse,5-15,-2.124901855305892,1,WLS,8
0,x_tcsc,1-14,-0.1087116161232163,2,WLS,8
1,B_svc,2,0.17828464628677104,2,WLS,8
2,UPFC_Vsh,5-15,1.1117241257501969,2,WLS,8
3,UPFC_tsh,5-15,-0.23560921677912017,2,WLS,8
4,UPFC_Vse,5-15,0.057465841101006075,2,WLS,8
5,UPFC_tse,5-15,-2.1261849477572743,2,WLS,8
0,x_tcsc,1-14,-0.10870936663717827,3,WLS,8
1,B_svc,2,0.17828097395365047,3,WLS,8
2,UPFC_Vsh,5-15,1.1124126311757205,3,WLS,8
3,UPFC_tsh,5-15,-0.235634065779764,3,WLS,8
4,UPFC_Vse,5-15,0.05791987343436043,3,WLS,8
5,UPFC_tse,5-15,-2.1294748491824667,3,WLS,8
0,x_tcsc,1-14,-0.10872141422389613,4,WLS,8
1,B_svc,2,0.1783975284670655,4,WLS,8
2,UPFC_Vsh,5-15,1.1120504733457601,4,WLS,8
3,UPFC_tsh,5-15,-0.2356178548327033,4,WLS,8
4,UPFC_Vse,5-15,0.05797790064893127,4,WLS,8
5,UPFC_tse,5-15,-2.1258915214733927,4,WLS,8
0,x_tcsc,1-14,-0.10870834036102645,5,WLS,8
1,B_svc,2,0.17828946436892387,5,WLS,8
2,UPFC_Vsh,5-15,1.1118380168482644,5,WLS,8
3,UPFC_tsh,5-15,-0.2356314624753297,5,WLS,8
4,UPFC_Vse,5-15,0.05753955268555155,5,WLS,8
5,UPFC_tse,5-15,-2.1275574709224605,5,WLS,8
0,x_tcsc,1-14,-0.10871729540389173,6,WLS,8
1,B_svc,2,0.17822081969189885,6,WLS,8
2,UPFC_Vsh,5-15,1.1120548014455003,6,WLS,8
3,UPFC_tsh,5-15,-0.2355663294273061,6,WLS,8
4,UPFC_Vse,5-15,0.05752149007097019,6,WLS,8
5,UPFC_tse,5-15,-2.129149479160527,6,WLS,8
0,x_tcsc,1-14,-0.10870882856868677,7,WLS,8
1,B_svc,2,0.17802218019265073,7,WLS,8
2,UPFC_Vsh,5-15,1.1119959150268592,7,WLS,8
3,UPFC_tsh,5-15,-0.23563383747113417,7,WLS,8
4,UPFC_Vse,5-15,0.05807416504896138,7,WLS,8
5,UPFC_tse,5-15,-2.128815432459581,7,WLS,8
0,x_tcsc,1-14,-0.1087209710592982,8,WLS,8
1,B_svc,2,0.17781867478367316,8,WLS,8
2,UPFC_Vsh,5-15,1.1116263229227228,8,WLS,8
3,UPFC_tsh,5-15,-0.23561624216304541,8,WLS,8
4,UPFC_Vse,5-15,0.05743738673282853,8,WLS,8
5,UPFC_tse,5-15,-2.128065823344653,8,WLS,8
0,x_tcsc,1-14,-0.10870842349816043,9,WLS,8
1,B_svc,2,0.17820360633447957,9,WLS,8
2,UPFC_Vsh,5-15,1.1121391565569863,9,WLS,8
3,UPFC_tsh,5-15,-0.2355949248141518,9,WLS,8
4,UPFC_Vse,5-15,0.057743988981388585,9,WLS,8
5,UPFC_tse,5-15,-2.1249530224413866,9,WLS,8
0,x_tcsc,1-14,-0.10819184692113677,0,WLS,9
1,B_svc,2,0.1774428499961485,0,WLS,9
2,UPFC_Vsh,5-15,1.1118281712488736,0,WLS,9
3,UPFC_tsh,5-15,-0.23595674427211724,0,WLS,9
4,UPFC_Vse,5-15,0.05787806494621842,0,WLS,9
5,UPFC_tse,5-15,-2.1274867548391425,0,WLS,9
0,x_tcsc,1-14,-0.10822214551720444,1,WLS,9
1,B_svc,2,0.17774519955867144,1,WLS,9
2,UPFC_Vsh,5-15,1.1116716883305864,1,WLS,9
3,UPFC_tsh,5-15,-0.2359796067519396,1,WLS,9
4,UPFC_Vse,5-15,0.0581671487178424,1,WLS,9
5,UPFC_tse,5-15,-2.124186665572697,1,WLS,9
0,x_tcsc,1-14,-0.10820828713176948,2,WLS,9
1,B_svc,2,0.17774970755074776,2,WLS,9
2,UPFC_Vsh,5-15,1.1117315132562775,2,WLS,9
3,UPFC_tsh,5-15,-0.23597416051091555,2,WLS,9
4,UPFC_Vse,5-15,0.05750525675671226,2,WLS,9
5,UPFC_tse,5-15,-2.125451842101081,2,WLS,9
0,x_tcsc,1-14,-0.10820623670663099,3,WLS,9
1,B_svc,2,0.17774598743580478,3,WLS,9
2,UPFC_Vsh,5-15,1.1124204685388153,3,WLS,9
3,UPFC_tsh,5-15,-0.23599906254316333,3,WLS,9
4,UPFC_Vse,5-15,0.057958459290583866,3,WLS,9
5,UPFC_tse,5-15,-2.1287481016914875,3,WLS,9
0,x_tcsc,1-14,-0.10821806526193731,4,WLS,9
1,B_svc,2,0.17786123083353578,4,WLS,9
2,UPFC_Vsh,5-15,1.1120576561061137,4,WLS,9
3,UPFC_tsh,5-15,-0.23598283634543618,4,WLS,9
4,UPFC_Vse,5-15,0.0580172465260971,4,WLS,9
5,UPFC_tse,5-15,-2.1251658549310526,4,WLS,9
0,x_tcsc,1-14,-0.10820496457002167,5,WLS,9
1,B_svc,2,0.17775388138154097,5,WLS,9
2,UPFC_Vsh,5-15,1.1118458436704437,5,WLS,9
3,UPFC_tsh,5-15,-0.23599628286376675,5,WLS,9
4,UPFC_Vse,5-15,0.0575785530715744,5,WLS,9
5,UPFC_tse,5-15,-2.1268201863309684,5,WLS,9
0,x_tcsc,1-14,-0.10821406901107275,6,WLS,9
1,B_svc,2,0.1776854978732075,6,WLS,9
2,UPFC_Vsh,5-15,1.1120620217583828,6,WLS,9
3,UPFC_tsh,5-15,-0.23593131720290292,6,WLS,9
4,UPFC_Vse,5-15,0.05756055716033044,6,WLS,9
5,UPFC_tse,5-15,-2.1284244661849376,6,WLS,9
0,x_tcsc,1-14,-0.10820544708291248,7,WLS,9
1,B_svc,2,0.17748648224853955,7,WLS,9
2,UPFC_Vsh,5-15,1.1120041874396538,7,WLS,9
3,UPFC_tsh,5-15,-0.2359986017404901,7,WLS,9
4,UPFC_Vse,5-15,0.058112298107369245,7,WLS,9
5,UPFC_tse,5-15,-2.1280967653626233,7,WLS,9
0,x_tcsc,1-14,-0.10821758920646064,8,WLS,9
1,B_svc,2,0.1772840333745444,8,WLS,9
2,UPFC_Vsh,5-15,1.1116339227296839,8,WLS,9
3,UPFC_tsh,5-15,-0.23598126115789914,8,WLS,9
4,UPFC_Vse,5-15,0.057476575937988356,8,WLS,9
5,UPFC_tse,5-15,-2.1273292221274755,8,WLS,9
0,x_tcsc,1-14,-0.1082052263861895,9,WLS,9
1,B_svc,2,0.17766883495841043,9,WLS,9
2,UPFC_Vsh,5-15,1.1121466830115254,9,WLS,9
3,UPFC_tsh,5-15,-0.23595966854670636,9,WLS,9
4,UPFC_Vse,5-15,0.057783068462107706,9,WLS,9
5,UPFC_tse,5-15,-2.124228239624381,9,WLS,9
0,x_tcsc,1-14,-0.10897192208385352,0,WLS,10
1,B_svc,2,0.17832884694803164,0,WLS,10
2,UPFC_Vsh,5-15,1.1118490603547477,0,WLS,10
3,UPFC_tsh,5-15,-0.2351197495663631,0,WLS,10
4,UPFC_Vse,5-15,0.05796813635897522,0,WLS,10
5,UPFC_tse,5-15,-2.128095579222295,0,WLS,10
0,x_tcsc,1-14,-0.10900227773817249,1,WLS,10
1,B_svc,2,0.17863417623833797,1,WLS,10
2,UPFC_Vsh,5-15,1.11169145263567,1,WLS,10
3,UPFC_tsh,5-15,-0.23514271477075754,1,WLS,10
4,UPFC_Vse,5-15,0.058257047776755874,1,WLS,10
5,UPFC_tse,5-15,-2.124795824602164,1,WLS,10
0,x_tcsc,1-14,-0.10898844315478176,2,WLS,10
1,B_svc,2,0.17863545820776994,2,WLS,10
2,UPFC_Vsh,5-15,1.1117518389233798,2,WLS,10
3,UPFC_tsh,5-15,-0.23513721887645114,2,WLS,10
4,UPFC_Vse,5-15,0.057595018661372684,2,WLS,10
5,UPFC_tse,5-15,-2.1260789110744405,2,WLS,10
0,x_tcsc,1-14,-0.10898606579484882,3,WLS,10
1,B_svc,2,0.17863196767872397,3,WLS,10
2,UPFC_Vsh,5-15,1.1124402687030908,3,WLS,10
3,UPFC_tsh,5-15,-0.23516203163150082,3,WLS,10
4,UPFC_Vse,5-15,0.05804911484526094,3,WLS,10
5,UPFC_tse,5-15,-2.1293557250747264,3,WLS,10
0,x_tcsc,1-14,-0.10899826244468826,4,WLS,10
1,B_svc,2,0.17874906338381907,4,WLS,10
2,UPFC_Vsh,5-15,1.112078179926405,4,WLS,10
3,UPFC_tsh,5-15,-0.23514583294519395,4,WLS,10
4,UPFC_Vse,5-15,0.05810678113141444,4,WLS,10
5,UPFC_tse,5-15,-2.1257799124078667,4,WLS,10
0,x_tcsc,1-14,-0.10898515821853125,5,WLS,10
1,B_svc,2,0.17864087294209055,5,WLS,10
2,UPFC_Vsh,5-15,1.1118656697447544,5,WLS,10
3,UPFC_tsh,5-15,-0.2351593795607349,5,WLS,10
4,UPFC_Vse,5-15,0.057668625560788216,5,WLS,10
5,UPFC_tse,5-15,-2.1274459598402355,5,WLS,10
0,x_tcsc,1-14,-0.10899410893191885,6,WLS,10
1,B_svc,2,0.17857161303031366,6,WLS,10
2,UPFC_Vsh,5-15,1.1120826385004259,6,WLS,10
3,UPFC_tsh,5-15,-0.23509444832017376,6,WLS,10
4,UPFC_Vse,5-15,0.05765075933527295,6,WLS,10
5,UPFC_tse,5-15,-2.1290408353740187,6,WLS,10
0,x_tcsc,1-14,-0.10898567587923373,7,WLS,10
1,B_svc,2,0.1783734016140293,7,WLS,10
2,UPFC_Vsh,5-15,1.1120235653463488,7,WLS,10
3,UPFC_tsh,5-15,-0.23516180397262176,7,WLS,10
4,UPFC_Vse,5-15,0.058203202623450176,7,WLS,10
5,UPFC_tse,5-15,-2.128693071681568,7,WLS,10
0,x_tcsc,1-14,-0.10899776819436605,8,WLS,10
1,B_svc,2,0.1781697977762128,8,WLS,10
2,UPFC_Vsh,5-15,1.1116535238753875,8,WLS,10
3,UPFC_tsh,5-15,-0.23514422281284614,8,WLS,10
4,UPFC_Vse,5-15,0.05756660424669868,8,WLS,10
5,UPFC_tse,5-15,-2.1279585057890222,8,WLS,10
0,x_tcsc,1-14,-0.10898517597739128,9,WLS,10
1,B_svc,2,0.17855437279729322,9,WLS,10
2,UPFC_Vsh,5-15,1.112166772423524,9,WLS,10
3,UPFC_tsh,5-15,-0.23512297866963972,9,WLS,10
4,UPFC_Vse,5-15,0.05787306390857974,9,WLS,10
5,UPFC_tse,5-15,-2.1248479898507626,9,WLS,10
0,x_tcsc,1-14,-0.10857293423226431,0,WLS,11
1,B_svc,2,0.1776409158868707,0,WLS,11
2,UPFC_Vsh,5-15,1.111849282593946,0,WLS,11
3,UPFC_tsh,5-15,-0.2355321235877407,0,WLS,11
4,UPFC_Vse,5-15,0.057950297376175325,0,WLS,11
5,UPFC_tse,5-15,-2.1285716426994292,0,WLS,11
0,x_tcsc,1-14,-0.1086031149378124,1,WLS,11
1,B_svc,2,0.17794497959222985,1,WLS,11
2,UPFC_Vsh,5-15,1.1116921214148323,1,WLS,11
3,UPFC_tsh,5-15,-0.23555500621050376,1,WLS,11
4,UPFC_Vse,5-15,0.05823911625775227,1,WLS,11
5,UPFC_tse,5-15,-2.125269413658167,1,WLS,11
0,x_tcsc,1-14,-0.10858939079621938,2,WLS,11
1,B_svc,2,0.1779477387801422,2,WLS,11
2,UPFC_Vsh,5-15,1.1117521865631237,2,WLS,11
3,UPFC_tsh,5-15,-0.23554953308232748,2,WLS,11
4,UPFC_Vse,5-15,0.0575772334762492,2,WLS,11
5,UPFC_tse,5-15,-2.1265556677378368,2,WLS,11
0,x_tcsc,1-14,-0.10858717868111216,3,WLS,11
1,B_svc,2,0.1779436393255168,3,WLS,11
2,UPFC_Vsh,5-15,1.1124407834196313,3,WLS,11
3,UPFC_tsh,5-15,-0.23557449924578697,3,WLS,11
4,UPFC_Vse,5-15,0.05803118386788022,3,WLS,11
5,UPFC_tse,5-15,-2.1298363886751286,3,WLS,11
0,x_tcsc,1-14,-0.10859915272980832,4,WLS,11
1,B_svc,2,0.17806033952723532,4,WLS,11
2,UPFC_Vsh,5-15,1.1120784756044046,4,WLS,11
3,UPFC_tsh,5-15,-0.23555817971554283,4,WLS,11
4,UPFC_Vse,5-15,0.05808906828040726,4,WLS,11
5,UPFC_tse,5-15,-2.126254142971704,4,WLS,11
0,x_tcsc,1-14,-0.10858615997906262,5,WLS,11
1,B_svc,2,0.1779519144474103,5,WLS,11
2,UPFC_Vsh,5-15,1.1118660543251633,5,WLS,11
3,UPFC_tsh,5-15,-0.23557175752008733,5,WLS,11
4,UPFC_Vse,5-15,0.05765087036523583,5,WLS,11
5,UPFC_tse,5-15,-2.127924921998064,5,WLS,11
0,x_tcsc,1-14,-0.1085950621771011,6,WLS,11
1,B_svc,2,0.1778838253478306,6,WLS,11
2,UPFC_Vsh,5-15,1.1120829250086723,6,WLS,11
3,UPFC_tsh,5-15,-0.23550665311482183,6,WLS,11
4,UPFC_Vse,5-15,0.057632734294780774,6,WLS,11
5,UPFC_tse,5-15,-2.129511944504542,6,WLS,11
0,x_tcsc,1-14,-0.10858661171835009,7,WLS,11
1,B_svc,2,0.1776848278197111,7,WLS,11
2,UPFC_Vsh,5-15,1.112024344832324,7,WLS,11
3,UPFC_tsh,5-15,-0.23557415389118286,7,WLS,11
4,UPFC_Vse,5-15,0.05818520184842344,7,WLS,11
5,UPFC_tse,5-15,-2.129177323933314,7,WLS,11
0,x_tcsc,1-14,-0.10859879591877791,8,WLS,11
1,B_svc,2,0.177481330424019,8,WLS,11
2,UPFC_Vsh,5-15,1.111654076445753,8,WLS,11
3,UPFC_tsh,5-15,-0.23555668656661247,8,WLS,11
4,UPFC_Vse,5-15,0.05754889506778356,8,WLS,11
5,UPFC_tse,5-15,-2.1284346765702455,8,WLS,11
0,x_tcsc,1-14,-0.10858621138272208,9,WLS,11
1,B_svc,2,0.17786668419765952,9,WLS,11
2,UPFC_Vsh,5-15,1.112167250856009,9,WLS,11
3,UPFC_tsh,5-15,-0.23553516180115389,9,WLS,11
4,UPFC_Vse,5-15,0.05785502873487495,9,WLS,11
5,UPFC_tse,5-15,-2.1253203151974507,9,WLS,11
0,x_tcsc,1-14,-0.10861245838306319,0,WLS,12
1,B_svc,2,0.17768992325184615,0,WLS,12
2,UPFC_Vsh,5-15,1.1118468175201084,0,WLS,12
3,UPFC_tsh,5-15,-0.23558176212867238,0,WLS,12
4,UPFC_Vse,5-15,0.057893010008584246,0,WLS,12
5,UPFC_tse,5-15,-2.128855022870718,0,WLS,12
0,x_tcsc,1-14,-0.10864264476709978,1,WLS,12
1,B_svc,2,0.1779941567346476,1,WLS,12
2,UPFC_Vsh,5-15,1.111689507161273,1,WLS,12
3,UPFC_tsh,5-15,-0.23560465084980495,1,WLS,12
4,UPFC_Vse,5-15,0.05818190746964009,1,WLS,12
5,UPFC_tse,5-15,-2.125545804006082,1,WLS,12
0,x_tcsc,1-14,-0.10862891945310825,2,WLS,12
1,B_svc,2,0.1779967387131228,2,WLS,12
2,UPFC_Vsh,5-15,1.1117496646205278,2,WLS,12
3,UPFC_tsh,5-15,-0.23559919670097404,2,WLS,12
4,UPFC_Vse,5-15,0.057519936008594376,2,WLS,12
5,UPFC_tse,5-15,-2.126836904897095,2,WLS,12
0,x_tcsc,1-14,-0.10862669643548165,3,WLS,12
1,B_svc,2,0.17799264746970966,3,WLS,12
2,UPFC_Vsh,5-15,1.1124382345679134,3,WLS,12
3,UPFC_tsh,5-15,-0.23562415361241257,3,WLS,12
4,UPFC_Vse,5-15,0.05797404842675692,3,WLS,12
5,UPFC_tse,5-15,-2.130118586973878,3,WLS,12
0,x_tcsc,1-14,-0.10863868351800521,4,WLS,12
1,B_svc,2,0.17810945433882022,4,WLS,12
2,UPFC_Vsh,5-15,1.112075965945269,4,WLS,12
3,UPFC_tsh,5-15,-0.2356078470645854,4,WLS,12
4,UPFC_Vse,5-15,0.05803188644864176,4,WLS,12
5,UPFC_tse,5-15,-2.126535112574925,4,WLS,12
0,x_tcsc,1-14,-0.10862569573144726,5,WLS,12
1,B_svc,2,0.17800094872565692,5,WLS,12
2,UPFC_Vsh,5-15,1.1118634908056222,5,WLS,12
3,UPFC_tsh,5-15,-0.23562147727754484,5,WLS,12
4,UPFC_Vse,5-15,0.05759369852898853,5,WLS,12
5,UPFC_tse,5-15,-2.1282079214795897,5,WLS,12
0,x_tcsc,1-14,-0.1086345796111395,6,WLS,12
1,B_svc,2,0.17793288489805323,6,WLS,12
2,UPFC_Vsh,5-15,1.1120804062975784,6,WLS,12
3,UPFC_tsh,5-15,-0.2355562905454445,6,WLS,12
4,UPFC_Vse,5-15,0.057575532225245654,6,WLS,12
5,UPFC_tse,5-15,-2.129793827502148,6,WLS,12
0,x_tcsc,1-14,-0.10862614596190508,7,WLS,12
1,B_svc,2,0.1777339073674698,7,WLS,12
2,UPFC_Vsh,5-15,1.1120216623602819,7,WLS,12
3,UPFC_tsh,5-15,-0.23562386931071969,7,WLS,12
4,UPFC_Vse,5-15,0.058128229447117916,7,WLS,12
5,UPFC_tse,5-15,-2.129458497283355,7,WLS,12
0,x_tcsc,1-14,-0.1086383296038636,8,WLS,12
1,B_svc,2,0.17753029312564567,8,WLS,12
2,UPFC_Vsh,5-15,1.1116516375950096,8,WLS,12
3,UPFC_tsh,5-15,-0.23560632396307235,8,WLS,12
4,UPFC_Vse,5-15,0.05749164968566733,8,WLS,12
5,UPFC_tse,5-15,-2.128717097464382,8,WLS,12
0,x_tcsc,1-14,-0.10862573137169332,9,WLS,12
1,B_svc,2,0.17791567112748138,9,WLS,12
2,UPFC_Vsh,5-15,1.1121647211343457,9,WLS,12
3,UPFC_tsh,5-15,-0.23558485997663767,9,WLS,12
4,UPFC_Vse,5-15,0.057797844872736925,9,WLS,12
5,UPFC_tse,5-15,-2.1255996187369592,9,WLS,12
0,x_tcsc,1-14,-0.10848400835908148,0,WLS,13
1,B_svc,2,0.1772635773075982,0,WLS,13
2,UPFC_Vsh,5-15,1.1118427973805802,0,WLS,13
3,UPFC_tsh,5-15,-0.2357130415658204,0,WLS,13
4,UPFC_Vse,5-15,0.057909788221357526,0,WLS,13
5,UPFC_tse,5-15,-2.1297713017150266,0,WLS,13
0,x_tcsc,1-14,-0.10851401374950105,1,WLS,13
1,B_svc,2,0.17756757210065527,1,WLS,13
2,UPFC_Vsh,5-15,1.1116857088966086,1,WLS,13
3,UPFC_tsh,5-15,-0.2357358966671579,1,WLS,13
4,UPFC_Vse,5-15,0.058198493205452576,1,WLS,13
5,UPFC_tse,5-15,-2.1264579379436355,1,WLS,13
0,x_tcsc,1-14,-0.10850043356861828,2,WLS,13
1,B_svc,2,0.17757049252917192,2,WLS,13
2,UPFC_Vsh,5-15,1.1117456689893699,2,WLS,13
3,UPFC_tsh,5-15,-0.23573044679272467,2,WLS,13
4,UPFC_Vse,5-15,0.05753663562853119,2,WLS,13
5,UPFC_tse,5-15,-2.127762528649487,2,WLS,13
0,x_tcsc,1-14,-0.10849826812881586,3,WLS,13
1,B_svc,2,0.17756573603277104,3,WLS,13
2,UPFC_Vsh,5-15,1.1124341296989069,3,WLS,13
3,UPFC_tsh,5-15,-0.23575554660931478,3,WLS,13
4,UPFC_Vse,5-15,0.05799101383522117,3,WLS,13
5,UPFC_tse,5-15,-2.131040492302957,3,WLS,13
0,x_tcsc,1-14,-0.1085101463553499,4,WLS,13
1,B_svc,2,0.17768292847773798,4,WLS,13
2,UPFC_Vsh,5-15,1.1120720603321586,4,WLS,13
3,UPFC_tsh,5-15,-0.23573910473723947,4,WLS,13
4,UPFC_Vse,5-15,0.058048575643384094,4,WLS,13
5,UPFC_tse,5-15,-2.127451010932144,4,WLS,13
0,x_tcsc,1-14,-0.10849729534464786,5,WLS,13
1,B_svc,2,0.17757374644086368,5,WLS,13
2,UPFC_Vsh,5-15,1.1118592670125085,5,WLS,13
3,UPFC_tsh,5-15,-0.23575281606384763,5,WLS,13
4,UPFC_Vse,5-15,0.05761059055368436,5,WLS,13
5,UPFC_tse,5-15,-2.129136398779498,5,WLS,13
0,x_tcsc,1-14,-0.10850603729448262,6,WLS,13
1,B_svc,2,0.1775067810784073,6,WLS,13
2,UPFC_Vsh,5-15,1.1120764399767282,6,WLS,13
3,UPFC_tsh,5-15,-0.23568741736767407,6,WLS,13
4,UPFC_Vse,5-15,0.05759212054044017,6,WLS,13
5,UPFC_tse,5-15,-2.1307060212977924,6,WLS,13
0,x_tcsc,1-14,-0.10849767692434593,7,WLS,13
1,B_svc,2,0.17730716544044986,7,WLS,13
2,UPFC_Vsh,5-15,1.112017713232335,7,WLS,13
3,UPFC_tsh,5-15,-0.2357552249621387,7,WLS,13
4,UPFC_Vse,5-15,0.05814524434322887,7,WLS,13
5,UPFC_tse,5-15,-2.130379766283409,7,WLS,13
0,x_tcsc,1-14,-0.10850996653906549,8,WLS,13
1,B_svc,2,0.17710302553062618,8,WLS,13
2,UPFC_Vsh,5-15,1.1116476504311847,8,WLS,13
3,UPFC_tsh,5-15,-0.23573771505784755,8,WLS,13
4,UPFC_Vse,5-15,0.05750855576550991,8,WLS,13
5,UPFC_tse,5-15,-2.129642837972178,8,WLS,13
0,x_tcsc,1-14,-0.10849725949512007,9,WLS,13
1,B_svc,2,0.1774893467573145,9,WLS,13
2,UPFC_Vsh,5-15,1.11216080181132,9,WLS,13
3,UPFC_tsh,5-15,-0.23571606477372298,9,WLS,13
4,UPFC_Vse,5-15,0.057814344295982256,9,WLS,13
5,UPFC_tse,5-15,-2.1265153073813994,9,WLS,13
0,x_tcsc,1-14,-0.10825068315170996,0,WLS,14
1,B_svc,2,0.17691932608431263,0,WLS,14
2,UPFC_Vsh,5-15,1.111846045730311,0,WLS,14
3,UPFC_tsh,5-15,-0.23599973415349038,0,WLS,14
4,UPFC_Vse,5-15,0.05784710119451498,0,WLS,14
5,UPFC_tse,5-15,-2.130194194080458,0,WLS,14
0,x_tcsc,1-14,-0.10828060954026403,1,WLS,14
1,B_svc,2,0.17722264617024175,1,WLS,14
2,UPFC_Vsh,5-15,1.1116890814391165,1,WLS,14
3,UPFC_tsh,5-15,-0.2360225145648417,1,WLS,14
4,UPFC_Vse,5-15,0.05813578899573682,1,WLS,14
5,UPFC_tse,5-15,-2.1268746248114114,1,WLS,14
0,x_tcsc,1-14,-0.10826706369966703,2,WLS,14
1,B_svc,2,0.17722642861317373,2,WLS,14
2,UPFC_Vsh,5-15,1.1117489638880091,2,WLS,14
3,UPFC_tsh,5-15,-0.23601710188365466,2,WLS,14
4,UPFC_Vse,5-15,0.057473967229090026,2,WLS,14
5,UPFC_tse,5-15,-2.1281829555090166,2,WLS,14
0,x_tcsc,1-14,-0.10826501134292331,3,WLS,14
1,B_svc,2,0.17722134889675784,3,WLS,14
2,UPFC_Vsh,5-15,1.112437618895546,3,WLS,14
3,UPFC_tsh,5-15,-0.23604227043599432,3,WLS,14
4,UPFC_Vse,5-15,0.05792827840164463,3,WLS,14
5,UPFC_tse,5-15,-2.1314638430245094,3,WLS,14
0,x_tcsc,1-14,-0.10827675493704031,4,WLS,14
1,B_svc,2,0.17733826514735984,4,WLS,14
2,UPFC_Vsh,5-15,1.1120752835727816,4,WLS,14
3,UPFC_tsh,5-15,-0.23602579250394512,4,WLS,14
4,UPFC_Vse,5-15,0.05798604823996292,4,WLS,14
5,UPFC_tse,5-15,-2.127870765024039,4,WLS,14
0,x_tcsc,1-14,-0.10826395423718366,5,WLS,14
1,B_svc,2,0.17722900482176138,5,WLS,14
2,UPFC_Vsh,5-15,1.1118626731532713,5,WLS,14
3,UPFC_tsh,5-15,-0.23603954486075773,5,WLS,14
4,UPFC_Vse,5-15,0.05754799234804752,5,WLS,14
5,UPFC_tse,5-15,-2.12955815961044,5,WLS,14
0,x_tcsc,1-14,-0.10827268080347906,6,WLS,14
1,B_svc,2,0.1771626702988427,6,WLS,14
2,UPFC_Vsh,5-15,1.1120796883605328,6,WLS,14
3,UPFC_tsh,5-15,-0.23597401328481477,6,WLS,14
4,UPFC_Vse,5-15,0.057529377534475915,6,WLS,14
5,UPFC_tse,5-15,-2.1311263573036876,6,WLS,14
0,x_tcsc,1-14,-0.1082643012457087,7,WLS,14
1,B_svc,2,0.1769626289331569,7,WLS,14
2,UPFC_Vsh,5-15,1.1120213110261237,7,WLS,14
3,UPFC_tsh,5-15,-0.2360419093797804,7,WLS,14
4,UPFC_Vse,5-15,0.058082544263608274,7,WLS,14
5,UPFC_tse,5-15,-2.1308052878681987,7,WLS,14
0,x_tcsc,1-14,-0.10827662497702085,8,WLS,14
1,B_svc,2,0.1767586664371549,8,WLS,14
2,UPFC_Vsh,5-15,1.1116511928244575,8,WLS,14
3,UPFC_tsh,5-15,-0.23602441025166404,8,WLS,14
4,UPFC_Vse,5-15,0.05744591904672879,8,WLS,14
5,UPFC_tse,5-15,-2.1300634436614154,8,WLS,14
0,x_tcsc,1-14,-0.10826394610207282,9,WLS,14
1,B_svc,2,0.1771453161971516,9,WLS,14
2,UPFC_Vsh,5-15,1.1121642103104565,9,WLS,14
3,UPFC_tsh,5-15,-0.2360026552510732,9,WLS,14
4,UPFC_Vse,5-15,0.05775159360708163,9,WLS,14
5,UPFC_tse,5-15,-2.12693288918634,9,WLS,14
0,x_tcsc,1-14,-0.10824649934349835,0,WLS,15
1,B_svc,2,0.1768425304919101,0,WLS,15
2,UPFC_Vsh,5-15,1.1118140109655001,0,WLS,15
3,UPFC_tsh,5-15,-0.23613444122105157,0,WLS,15
4,UPFC_Vse,5-15,0.05779069471077999,0,WLS,15
5,UPFC_tse,5-15,-2.1309597406830854,0,WLS,15
0,x_tcsc,1-14,-0.10827640556358242,1,WLS,15
1,B_svc,2,0.17714565277978675,1,WLS,15
2,UPFC_Vsh,5-15,1.1116574496119893,1,WLS,15
3,UPFC_tsh,5-15,-0.23615729580078043,1,WLS,15
4,UPFC_Vse,5-15,0.05807942459961878,1,WLS,15
5,UPFC_tse,5-15,-2.1276285024597636,1,WLS,15
0,x_tcsc,1-14,-0.10826290112793502,2,WLS,15
1,B_svc,2,0.17714946232737272,2,WLS,15
2,UPFC_Vsh,5-15,1.1117171437986408,2,WLS,15
3,UPFC_tsh,5-15,-0.2361518815243134,2,WLS,15
4,UPFC_Vse,5-15,0.057417541875747595,2,WLS,15
5,UPFC_tse,5-15,-2.128949319070281,2,WLS,15
0,x_tcsc,1-14,-0.10826084417255052,3,WLS,15
1,B_svc,2,0.17714428274918267,3,WLS,15
2,UPFC_Vsh,5-15,1.1124055566646975,3,WLS,15
3,UPFC_tsh,5-15,-0.23617706819351542,3,WLS,15
4,UPFC_Vse,5-15,0.057872153442324686,3,WLS,15
5,UPFC_tse,5-15,-2.132229169078239,3,WLS,15
0,x_tcsc,1-14,-0.1082725731692749,4,WLS,15
1,B_svc,2,0.1772613077818091,4,WLS,15
2,UPFC_Vsh,5-15,1.112043639134282,4,WLS,15
3,UPFC_tsh,5-15,-0.23616056438254884,4,WLS,15
4,UPFC_Vse,5-15,0.057929734071952,4,WLS,15
5,UPFC_tse,5-15,-2.1286322641420963,4,WLS,15
0,x_tcsc,1-14,-0.10825980830608636,5,WLS,15
1,B_svc,2,0.17715188454914674,5,WLS,15
2,UPFC_Vsh,5-15,1.1118306172227983,5,WLS,15
3,UPFC_tsh,5-15,-0.23617435870303444,5,WLS,15
4,UPFC_Vse,5-15,0.05749174062527835,5,WLS,15
5,UPFC_tse,5-15,-2.130328242839433,5,WLS,15
0,x_tcsc,1-14,-0.10826847761911787,6,WLS,15
1,B_svc,2,0.17708589253193394,6,WLS,15
2,UPFC_Vsh,5-15,1.1120477838693728,6,WLS,15
3,UPFC_tsh,5-15,-0.2361086925801404,6,WLS,15
4,UPFC_Vse,5-15,0.05747302369122156,6,WLS,15
5,UPFC_tse,5-15,-2.1318873348484435,6,WLS,15
0,x_tcsc,1-14,-0.10826013627693105,7,WLS,15
1,B_svc,2,0.17688567780014094,7,WLS,15
2,UPFC_Vsh,5-15,1.1119891200998206,7,WLS,15
3,UPFC_tsh,5-15,-0.236176763744648,7,WLS,15
4,UPFC_Vse,5-15,0.05802663601509052,7,WLS,15
5,UPFC_tse,5-15,-2.131569667636742,7,WLS,15
0,x_tcsc,1-14,-0.10827252170169237,8,WLS,15
1,B_svc,2,0.17668121885829038,8,WLS,15
2,UPFC_Vsh,5-15,1.1116195882115307,8,WLS,15
3,UPFC_tsh,5-15,-0.23615922350468097,8,WLS,15
4,UPFC_Vse,5-15,0.057389633092382646,8,WLS,15
5,UPFC_tse,5-15,-2.130830315982973,8,WLS,15
0,x_tcsc,1-14,-0.10825978309426845,9,WLS,15
1,B_svc,2,0.17706828978141576,9,WLS,15
2,UPFC_Vsh,5-15,1.1121324006472952,9,WLS,15
3,UPFC_tsh,5-15,-0.23613745578407636,9,WLS,15
4,UPFC_Vse,5-15,0.057695228319717747,9,WLS,15
5,UPFC_tse,5-15,-2.1276925693056548,9,WLS,15
0,x_tcsc,1-14,-0.10765083312879847,0,WLS,16
1,B_svc,2,0.1760513733435439,0,WLS,16
2,UPFC_Vsh,5-15,1.1118006669220868,0,WLS,16
3,UPFC_tsh,5-15,-0.23675453166355093,0,WLS,16
4,UPFC_Vse,5-15,0.05774375634037027,0,WLS,16
5,UPFC_tse,5-15,-2.1310899778281316,0,WLS,16
0,x_tcsc,1-14,-0.10768060756795998,1,WLS,16
1,B_svc,2,0.17635236988682207,1,WLS,16
2,UPFC_Vsh,5-15,1.1116449906855226,1,WLS,16
3,UPFC_tsh,5-15,-0.236777297465751,1,WLS,16
4,UPFC_Vse,5-15,0.0580324704095692,1,WLS,16
5,UPFC_tse,5-15,-2.1277566710491675,1,WLS,16
0,x_tcsc,1-14,-0.10766716055676667,2,WLS,16
1,B_svc,2,0.17635853056294334,2,WLS,16
2,UPFC_Vsh,5-15,1.1117041935136054,2,WLS,16
3,UPFC_tsh,5-15,-0.23677191356814148,2,WLS,16
4,UPFC_Vse,5-15,0.057370758461792855,2,WLS,16
5,UPFC_tse,5-15,-2.1290729276941924,2,WLS,16
0,x_tcsc,1-14,-0.10766535578531553,3,WLS,16
1,B_svc,2,0.17635286366786798,3,WLS,16
2,UPFC_Vsh,5-15,1.112392930753894,3,WLS,16
3,UPFC_tsh,5-15,-0.2367972311966025,3,WLS,16
4,UPFC_Vse,5-15,0.05782488053312283,3,WLS,16
5,UPFC_tse,5-15,-2.1323620696799606,3,WLS,16
0,x_tcsc,1-14,-0.10767677727912499,4,WLS,16
1,B_svc,2,0.17646882423672328,4,WLS,16
2,UPFC_Vsh,5-15,1.1120305912796653,4,WLS,16
3,UPFC_tsh,5-15,-0.23678064362364895,4,WLS,16
4,UPFC_Vse,5-15,0.05788308136992611,4,WLS,16
5,UPFC_tse,5-15,-2.128758844241366,4,WLS,16
0,x_tcsc,1-14,-0.10766408038256174,5,WLS,16
1,B_svc,2,0.17635964720654002,5,WLS,16
2,UPFC_Vsh,5-15,1.11181790694231,5,WLS,16
3,UPFC_tsh,5-15,-0.23679439631100224,5,WLS,16
4,UPFC_Vse,5-15,0.05744482302380972,5,WLS,16
5,UPFC_tse,5-15,-2.130453255677578,5,WLS,16
0,x_tcsc,1-14,-0.1076727899872339,6,WLS,16
1,B_svc,2,0.17629476939142408,6,WLS,16
2,UPFC_Vsh,5-15,1.1120346396342682,6,WLS,16
3,UPFC_tsh,5-15,-0.2367286241474827,6,WLS,16
4,UPFC_Vse,5-15,0.05742590027575332,6,WLS,16
5,UPFC_tse,5-15,-2.1320117790970605,6,WLS,16
0,x_tcsc,1-14,-0.10766435246212477,7,WLS,16
1,B_svc,2,0.17609370737584412,7,WLS,16
2,UPFC_Vsh,5-15,1.1119768525629468,7,WLS,16
3,UPFC_tsh,5-15,-0.23679674431069334,7,WLS,16
4,UPFC_Vse,5-15,0.05797919432622695,7,WLS,16
5,UPFC_tse,5-15,-2.131710068826854,7,WLS,16
0,x_tcsc,1-14,-0.10767682121049102,8,WLS,16
1,B_svc,2,0.175889794051023,8,WLS,16
2,UPFC_Vsh,5-15,1.1116071175266349,8,WLS,16
3,UPFC_tsh,5-15,-0.23677939283407778,8,WLS,16
4,UPFC_Vse,5-15,0.057342783843355255,8,WLS,16
5,UPFC_tse,5-15,-2.1309520263348865,8,WLS,16
0,x_tcsc,1-14,-0.10766419155403009,9,WLS,16
1,B_svc,2,0.1762774540627524,9,WLS,16
2,UPFC_Vsh,5-15,1.1121196471259536,9,WLS,16
3,UPFC_tsh,5-15,-0.23675728989374537,9,WLS,16
4,UPFC_Vse,5-15,0.05764815896789702,9,WLS,16
5,UPFC_tse,5-15,-2.1278159962687515,9,WLS,16
0,x_tcsc,1-14,-0.10729103523562308,0,WLS,17
1,B_svc,2,0.17553187726597932,0,WLS,17
2,UPFC_Vsh,5-15,1.111801046044976,0,WLS,17
3,UPFC_tsh,5-15,-0.23705850491003966,0,WLS,17
4,UPFC_Vse,5-15,0.05777616991085628,0,WLS,17
5,UPFC_tse,5-15,-2.130968035375389,0,WLS,17
0,x_tcsc,1-14,-0.10732069748941966,1,WLS,17
1,B_svc,2,0.17583162138060582,1,WLS,17
2,UPFC_Vsh,5-15,1.1116458883302642,1,WLS,17
3,UPFC_tsh,5-15,-0.23708121842488503,1,WLS,17
4,UPFC_Vse,5-15,0.0580648115389976,1,WLS,17
5,UPFC_tse,5-15,-2.1276400634091424,1,WLS,17
0,x_tcsc,1-14,-0.10730731633354015,2,WLS,17
1,B_svc,2,0.17583916948846093,2,WLS,17
2,UPFC_Vsh,5-15,1.1117047427429645,2,WLS,17
3,UPFC_tsh,5-15,-0.2370758306686308,2,WLS,17
4,UPFC_Vse,5-15,0.05740327037246033,2,WLS,17
5,UPFC_tse,5-15,-2.128950351607496,2,WLS,17
0,x_tcsc,1-14,-0.10730564847040369,3,WLS,17
1,B_svc,2,0.17583316638997726,3,WLS,17
2,UPFC_Vsh,5-15,1.1123936446636944,3,WLS,17
3,UPFC_tsh,5-15,-0.2371012529618701,3,WLS,17
4,UPFC_Vse,5-15,0.05785703790667848,3,WLS,17
5,UPFC_tse,5-15,-2.132243622580589,3,WLS,17
0,x_tcsc,1-14,-0.10731688755269693,4,WLS,17
1,B_svc,2,0.17594854713198352,4,WLS,17
2,UPFC_Vsh,5-15,1.1120310691210544,4,WLS,17
3,UPFC_tsh,5-15,-0.23708457983697132,4,WLS,17
4,UPFC_Vse,5-15,0.05791555497999393,4,WLS,17
5,UPFC_tse,5-15,-2.1286375172393366,4,WLS,17
0,x_tcsc,1-14,-0.10730424558999578,5,WLS,17
1,B_svc,2,0.17583944689743486,5,WLS,17
2,UPFC_Vsh,5-15,1.1118185573209842,5,WLS,17
3,UPFC_tsh,5-15,-0.2370982847307367,5,WLS,17
4,UPFC_Vse,5-15,0.0574771838099866,5,WLS,17
5,UPFC_tse,5-15,-2.130330495810416,5,WLS,17
0,x_tcsc,1-14,-0.10731297449810309,6,WLS,17
1,B_svc,2,0.17577524964186517,6,WLS,17
2,UPFC_Vsh,5-15,1.1120351104612083,6,WLS,17
3,UPFC_tsh,5-15,-0.23703249822432654,6,WLS,17
4,UPFC_Vse,5-15,0.057458143622507896,6,WLS,17
5,UPFC_tse,5-15,-2.131887547990726,6,WLS,17
0,x_tcsc,1-14,-0.10730448217925605,7,WLS,17
1,B_svc,2,0.17557367268055185,7,WLS,17
2,UPFC_Vsh,5-15,1.1119778369119775,7,WLS,17
3,UPFC_tsh,5-15,-0.2371006190655211,7,WLS,17
4,UPFC_Vse,5-15,0.058011136063472635,7,WLS,17
5,UPFC_tse,5-15,-2.1315960607681324,7,WLS,17
0,x_tcsc,1-14,-0.10731700660116342,8,WLS,17
1,B_svc,2,0.17537007881852695,8,WLS,17
2,UPFC_Vsh,5-15,1.111607749065748,8,WLS,17
3,UPFC_tsh,5-15,-0.23708343805894555,8,WLS,17
4,UPFC_Vse,5-15,0.057375268031230976,8,WLS,17
5,UPFC_tse,5-15,-2.130827738661144,8,WLS,17
0,x_tcsc,1-14,-0.10730443197227327,9,WLS,17
1,B_svc,2,0.17575813974319696,9,WLS,17
2,UPFC_Vsh,5-15,1.1121202675063473,9,WLS,17
3,UPFC_tsh,5-15,-0.2370610726147113,9,WLS,17
4,UPFC_Vse,5-15,0.05768041585883507,9,WLS,17
5,UPFC_tse,5-15,-2.127694453134031,9,WLS,17
0,x_tcsc,1-14,-0.10767961434286542,0,WLS,18
1,B_svc,2,0.17615335535885757,0,WLS,18
2,UPFC_Vsh,5-15,1.111783998517171,0,WLS,18
3,UPFC_tsh,5-15,-0.2366553776564568,0,WLS,18
4,UPFC_Vse,5-15,0.057808851820218596,0,WLS,18
5,UPFC_tse,5-15,-2.130637770460156,0,WLS,18
0,x_tcsc,1-14,-0.10770945321140213,1,WLS,18
1,B_svc,2,0.17645415196156533,1,WLS,18
2,UPFC_Vsh,5-15,1.1116287287268165,1,WLS,18
3,UPFC_tsh,5-15,-0.23667821687125523,1,WLS,18
4,UPFC_Vse,5-15,0.058097557533783734,1,WLS,18
5,UPFC_tse,5-15,-2.127311575201676,1,WLS,18
0,x_tcsc,1-14,-0.1076959727550078,2,WLS,18
1,B_svc,2,0.17646032349848703,2,WLS,18
2,UPFC_Vsh,5-15,1.1116877403436807,2,WLS,18
3,UPFC_tsh,5-15,-0.23667278943947456,2,WLS,18
4,UPFC_Vse,5-15,0.057435895031968914,2,WLS,18
5,UPFC_tse,5-15,-2.1286213274927177,2,WLS,18
0,x_tcsc,1-14,-0.10769413572716993,3,WLS,18
1,B_svc,2,0.17645491636420746,3,WLS,18
2,UPFC_Vsh,5-15,1.1123763593407283,3,WLS,18
3,UPFC_tsh,5-15,-0.2366980629006209,3,WLS,18
4,UPFC_Vse,5-15,0.05788984963587775,3,WLS,18
5,UPFC_tse,5-15,-2.131909571464854,3,WLS,18
0,x_tcsc,1-14,-0.10770559676634328,4,WLS,18
1,B_svc,2,0.17657066395494436,4,WLS,18
2,UPFC_Vsh,5-15,1.112014215231522,4,WLS,18
3,UPFC_tsh,5-15,-0.23668149693883003,4,WLS,18
4,UPFC_Vse,5-15,0.057948073866084596,4,WLS,18
5,UPFC_tse,5-15,-2.128308870129327,4,WLS,18
0,x_tcsc,1-14,-0.10769285154047721,5,WLS,18
1,B_svc,2,0.17646180303567502,5,WLS,18
2,UPFC_Vsh,5-15,1.1118014290990943,5,WLS,18
3,UPFC_tsh,5-15,-0.23669514831373178,5,WLS,18
4,UPFC_Vse,5-15,0.05750976982476953,5,WLS,18
5,UPFC_tse,5-15,-2.129999953259232,5,WLS,18
0,x_tcsc,1-14,-0.10770161343377214,6,WLS,18
1,B_svc,2,0.17639653879603076,6,WLS,18
2,UPFC_Vsh,5-15,1.112018122281999,6,WLS,18
3,UPFC_tsh,5-15,-0.23662953691597924,6,WLS,18
4,UPFC_Vse,5-15,0.05749098179812502,6,WLS,18
5,UPFC_tse,5-15,-2.131560917786224,6,WLS,18
0,x_tcsc,1-14,-0.10769314793769329,7,WLS,18
1,B_svc,2,0.17619567411065024,7,WLS,18
2,UPFC_Vsh,5-15,1.111960323608232,7,WLS,18
3,UPFC_tsh,5-15,-0.23669753536203658,7,WLS,18
4,UPFC_Vse,5-15,0.058044010291715,7,WLS,18
5,UPFC_tse,5-15,-2.1312584966191586,7,WLS,18
0,x_tcsc,1-14,-0.10770561045826837,8,WLS,18
1,B_svc,2,0.17599179272192894,8,WLS,18
2,UPFC_Vsh,5-15,1.1115906107379963,8,WLS,18
3,UPFC_tsh,5-15,-0.23668027323995972,8,WLS,18
4,UPFC_Vse,5-15,0.05740783658584752,8,WLS,18
5,UPFC_tse,5-15,-2.1304987570542395,8,WLS,18
0,x_tcsc,1-14,-0.10769300094059506,9,WLS,18
1,B_svc,2,0.17637925337432853,9,WLS,18
2,UPFC_Vsh,5-15,1.11210315311005,9,WLS,18
3,UPFC_tsh,5-15,-0.23665815343283897,9,WLS,18
4,UPFC_Vse,5-15,0.05771324889311344,9,WLS,18
5,UPFC_tse,5-15,-2.1273679919960498,9,WLS,18
0,x_tcsc,1-14,-0.10744447266537685,0,WLS,19
1,B_svc,2,0.1758950223930587,0,WLS,19
2,UPFC_Vsh,5-15,1.1118101827354345,0,WLS,19
3,UPFC_tsh,5-15,-0.23708717400114485,0,WLS,19
4,UPFC_Vse,5-15,0.05764813326949359,0,WLS,19
5,UPFC_tse,5-15,-2.1306825166178607,0,WLS,19
0,x_tcsc,1-14,-0.10747426558318408,1,WLS,19
1,B_svc,2,0.17619526436769264,1,WLS,19
2,UPFC_Vsh,5-15,1.111654373615162,1,WLS,19
3,UPFC_tsh,5-15,-0.23710990634983267,1,WLS,19
4,UPFC_Vse,5-15,0.05793712272443162,1,WLS,19
5,UPFC_tse,5-15,-2.127344995325924,1,WLS,19
0,x_tcsc,1-14,-0.10746078281346622,2,WLS,19
1,B_svc,2,0.1762022689853787,2,WLS,19
2,UPFC_Vsh,5-15,1.1117136158115284,2,WLS,19
3,UPFC_tsh,5-15,-0.23710455866791927,2,WLS,19
4,UPFC_Vse,5-15,0.057275304120855665,2,WLS,19
5,UPFC_tse,5-15,-2.1286520179073896,2,WLS,19
0,x_tcsc,1-14,-0.10745905078818355,3,WLS,19
1,B_svc,2,0.1761967827459666,3,WLS,19
2,UPFC_Vsh,5-15,1.1124025952977508,3,WLS,19
3,UPFC_tsh,5-15,-0.23712986990785526,3,WLS,19
4,UPFC_Vse,5-15,0.05772916276535504,3,WLS,19
5,UPFC_tse,5-15,-2.1319522869615612,3,WLS,19
0,x_tcsc,1-14,-0.10747039224738607,4,WLS,19
1,B_svc,2,0.17631204491055297,4,WLS,19
2,UPFC_Vsh,5-15,1.1120398402273168,4,WLS,19
3,UPFC_tsh,5-15,-0.2371133119967105,4,WLS,19
4,UPFC_Vse,5-15,0.057787841922770436,4,WLS,19
5,UPFC_tse,5-15,-2.1283479305211532,4,WLS,19
0,x_tcsc,1-14,-0.10745766392262412,5,WLS,19
1,B_svc,2,0.1762032732869588,5,WLS,19
2,UPFC_Vsh,5-15,1.1118275414588383,5,WLS,19
3,UPFC_tsh,5-15,-0.23712707831112068,5,WLS,19
4,UPFC_Vse,5-15,0.057349324374808205,5,WLS,19
5,UPFC_tse,5-15,-2.130033886283384,5,WLS,19
0,x_tcsc,1-14,-0.10746646816767305,6,WLS,19
1,B_svc,2,0.17613830790035243,6,WLS,19
2,UPFC_Vsh,5-15,1.1120440054603842,6,WLS,19
3,UPFC_tsh,5-15,-0.23706127373314154,6,WLS,19
4,UPFC_Vse,5-15,0.05733044030361365,6,WLS,19
5,UPFC_tse,5-15,-2.1316017875178925,6,WLS,19
0,x_tcsc,1-14,-0.10745794856854825,7,WLS,19
1,B_svc,2,0.17593724916179546,7,WLS,19
2,UPFC_Vsh,5-15,1.111986380545765,7,WLS,19
3,UPFC_tsh,5-15,-0.23712938527392072,7,WLS,19
4,UPFC_Vse,5-15,0.05788355061301058,7,WLS,19
5,UPFC_tse,5-15,-2.131303140051721,7,WLS,19
0,x_tcsc,1-14,-0.10747038439973758,8,WLS,19
1,B_svc,2,0.17573392277382296,8,WLS,19
2,UPFC_Vsh,5-15,1.1116166970928394,8,WLS,19
3,UPFC_tsh,5-15,-0.2371120167719217,8,WLS,19
4,UPFC_Vse,5-15,0.05724724998502313,8,WLS,19
5,UPFC_tse,5-15,-2.1305322720785456,8,WLS,19
0,x_tcsc,1-14,-0.1074578730943648,9,WLS,19
1,B_svc,2,0.1761212937427676,9,WLS,19
2,UPFC_Vsh,5-15,1.1121290341489483,9,WLS,19
3,UPFC_tsh,5-15,-0.23708990192823895,9,WLS,19
4,UPFC_Vse,5-15,0.0575528496655181,9,WLS,19
5,UPFC_tse,5-15,-2.1274012079585143,9,WLS,19
0,x_tcsc,1-14,-0.10766429229794301,0,WLS,20
1,B_svc,2,0.17596335084496956,0,WLS,20
2,UPFC_Vsh,5-15,1.1106765623517891,0,WLS,20
3,UPFC_tsh,5-15,-0.23696768238939292,0,WLS,20
4,UPFC_Vse,5-15,0.05620672536523479,0,WLS,20
5,UPFC_tse,5-15,-2.1215604456400667,0,WLS,20
0,x_tcsc,1-14,-0.1076938586590729,1,WLS,20
1,B_svc,2,0.1762654771226916,1,WLS,20
2,UPFC_Vsh,5-15,1.1105172797583365,1,WLS,20
3,UPFC_tsh,5-15,-0.23698971415517703,1,WLS,20
4,UPFC_Vse,5-15,0.05653589502464002,1,WLS,20
5,UPFC_tse,5-15,-2.1181721725583254,1,WLS,20
0,x_tcsc,1-14,-0.10768062728465246,2,WLS,20
1,B_svc,2,0.17627018995576077,2,WLS,20
2,UPFC_Vsh,5-15,1.110583230114105,2,WLS,20
3,UPFC_tsh,5-15,-0.2369857073001043,2,WLS,20
4,UPFC_Vse,5-15,0.055863755748765134,2,WLS,20
5,UPFC_tse,5-15,-2.119647531934658,2,WLS,20
0,x_tcsc,1-14,-0.10767858225426571,3,WLS,20
1,B_svc,2,0.17626594694337086,3,WLS,20
2,UPFC_Vsh,5-15,1.11124267936766,3,WLS,20
3,UPFC_tsh,5-15,-0.2370098496413052,3,WLS,20
4,UPFC_Vse,5-15,0.05629592160525946,3,WLS,20
5,UPFC_tse,5-15,-2.1229147910801687,3,WLS,20
0,x_tcsc,1-14,-0.10769024665753762,4,WLS,20
1,B_svc,2,0.17638049652679233,4,WLS,20
2,UPFC_Vsh,5-15,1.1108863780642255,4,WLS,20
3,UPFC_tsh,5-15,-0.2369934804359908,4,WLS,20
4,UPFC_Vse,5-15,0.0563701321537246,4,WLS,20
5,UPFC_tse,5-15,-2.119057220367773,4,WLS,20
0,x_tcsc,1-14,-0.1076771357075912,5,WLS,20
1,B_svc,2,0.17627381295402766,5,WLS,20
2,UPFC_Vsh,5-15,1.1106786664941093,5,WLS,20
3,UPFC_tsh,5-15,-0.23700707660273226,5,WLS,20
4,UPFC_Vse,5-15,0.05595075369292778,5,WLS,20
5,UPFC_tse,5-15,-2.1206906596391284,5,WLS,20
0,x_tcsc,1-14,-0.10768628396568584,6,WLS,20
1,B_svc,2,0.176206628033641,6,WLS,20
2,UPFC_Vsh,5-15,1.110907507568474,6,WLS,20
3,UPFC_tsh,5-15,-0.23694302194355843,6,WLS,20
4,UPFC_Vse,5-15,0.05593432145153527,6,WLS,20
5,UPFC_tse,5-15,-2.1226919969698637,6,WLS,20
0,x_tcsc,1-14,-0.1076776595155357,7,WLS,20
1,B_svc,2,0.1760060419359179,7,WLS,20
2,UPFC_Vsh,5-15,1.1108259396780826,7,WLS,20
3,UPFC_tsh,5-15,-0.237008374929927,7,WLS,20
4,UPFC_Vse,5-15,0.056482080496875205,7,WLS,20
5,UPFC_tse,5-15,-2.121873194507973,7,WLS,20
0,x_tcsc,1-14,-0.10769005476824253,8,WLS,20
1,B_svc,2,0.1758030133175508,8,WLS,20
2,UPFC_Vsh,5-15,1.1104663376863144,8,WLS,20
3,UPFC_tsh,5-15,-0.2369929298363011,8,WLS,20
4,UPFC_Vse,5-15,0.055859229581680554,8,WLS,20
5,UPFC_tse,5-15,-2.1212214751043272,8,WLS,20
0,x_tcsc,1-14,-0.1076774360912941,9,WLS,20
1,B_svc,2,0.17619046629354482,9,WLS,20
2,UPFC_Vsh,5-15,1.1109937669856875,9,WLS,20
3,UPFC_tsh,5-15,-0.23697067440180905,9,WLS,20
4,UPFC_Vse,5-15,0.05618282901679701,9,WLS,20
5,UPFC_tse,5-15,-2.1184725249052647,9,WLS,20
0,x_tcsc,1-14,-0.10740825772898759,0,WLS,21
1,B_svc,2,0.17567835162013876,0,WLS,21
2,UPFC_Vsh,5-15,1.1106930404020234,0,WLS,21
3,UPFC_tsh,5-15,-0.23721268810809504,0,WLS,21
4,UPFC_Vse,5-15,0.056176858810482094,0,WLS,21
5,UPFC_tse,5-15,-2.1211366270720036,0,WLS,21
0,x_tcsc,1-14,-0.10743777555195452,1,WLS,21
1,B_svc,2,0.17597979706628888,1,WLS,21
2,UPFC_Vsh,5-15,1.110533682707238,1,WLS,21
3,UPFC_tsh,5-15,-0.23723460427065166,1,WLS,21
4,UPFC_Vse,5-15,0.05650606953374425,1,WLS,21
5,UPFC_tse,5-15,-2.117751708874288,1,WLS,21
0,x_tcsc,1-14,-0.10742453606632517,2,WLS,21
1,B_svc,2,0.17598548872143538,2,WLS,21
2,UPFC_Vsh,5-15,1.1105996408398688,2,WLS,21
3,UPFC_tsh,5-15,-0.2372306374794194,2,WLS,21
4,UPFC_Vse,5-15,0.05583396885963725,2,WLS,21
5,UPFC_tse,5-15,-2.1192174479330452,2,WLS,21
0,x_tcsc,1-14,-0.10742261745885998,3,WLS,21
1,B_svc,2,0.17598104720801952,3,WLS,21
2,UPFC_Vsh,5-15,1.1112594384360395,3,WLS,21
3,UPFC_tsh,5-15,-0.23725483033000208,3,WLS,21
4,UPFC_Vse,5-15,0.056265795964514385,3,WLS,21
5,UPFC_tse,5-15,-2.1224928196465447,3,WLS,21
0,x_tcsc,1-14,-0.10743414853243644,4,WLS,21
1,B_svc,2,0.17609510873609444,4,WLS,21
2,UPFC_Vsh,5-15,1.1109026094304386,4,WLS,21
3,UPFC_tsh,5-15,-0.23723844901900212,4,WLS,21
4,UPFC_Vse,5-15,0.05634044732706203,4,WLS,21
5,UPFC_tse,5-15,-2.1186333025638433,4,WLS,21
0,x_tcsc,1-14,-0.10742105204135452,5,WLS,21
1,B_svc,2,0.1759885628018856,5,WLS,21
2,UPFC_Vsh,5-15,1.1106954027224025,5,WLS,21
3,UPFC_tsh,5-15,-0.23725205391471776,5,WLS,21
4,UPFC_Vse,5-15,0.05592090662652469,5,WLS,21
5,UPFC_tse,5-15,-2.1202601622889987,5,WLS,21
0,x_tcsc,1-14,-0.10743024337658179,6,WLS,21
1,B_svc,2,0.17592170573644875,6,WLS,21
2,UPFC_Vsh,5-15,1.1109239274657656,6,WLS,21
3,UPFC_tsh,5-15,-0.23718796598537903,6,WLS,21
4,UPFC_Vse,5-15,0.05590437484695336,6,WLS,21
5,UPFC_tse,5-15,-2.122267519002449,6,WLS,21
0,x_tcsc,1-14,-0.10742155641056043,7,WLS,21
1,B_svc,2,0.17572085992347897,7,WLS,21
2,UPFC_Vsh,5-15,1.1108428790368594,7,WLS,21
3,UPFC_tsh,5-15,-0.23725326843403866,7,WLS,21
4,UPFC_Vse,5-15,0.056451861271116476,7,WLS,21
5,UPFC_tse,5-15,-2.1214549414452506,7,WLS,21
0,x_tcsc,1-14,-0.10743394264381563,8,WLS,21
1,B_svc,2,0.17551840120591733,8,WLS,21
2,UPFC_Vsh,5-15,1.1104828728212073,8,WLS,21
3,UPFC_tsh,5-15,-0.23723788022258238,8,WLS,21
4,UPFC_Vse,5-15,0.05582934303857547,8,WLS,21
5,UPFC_tse,5-15,-2.1207917351702674,8,WLS,21
0,x_tcsc,1-14,-0.10742141258659953,9,WLS,21
1,B_svc,2,0.17590584110902416,9,WLS,21
2,UPFC_Vsh,5-15,1.1110102751059157,9,WLS,21
3,UPFC_tsh,5-15,-0.23721552393447556,9,WLS,21
4,UPFC_Vse,5-15,0.05615296743960171,9,WLS,21
5,UPFC_tse,5-15,-2.118047036693515,9,WLS,21
0,x_tcsc,1-14,-0.10704850247504785,0,WLS,22
1,B_svc,2,0.17514051940510508,0,WLS,22
2,UPFC_Vsh,5-15,1.1107015077622866,0,WLS,22
3,UPFC_tsh,5-15,-0.2377436135993094,0,WLS,22
4,UPFC_Vse,5-15,0.056062707331391286,0,WLS,22
5,UPFC_tse,5-15,-2.121383148751352,0,WLS,22
0,x_tcsc,1-14,-0.10707788642730103,1,WLS,22
1,B_svc,2,0.1754408992948626,1,WLS,22
2,UPFC_Vsh,5-15,1.1105421227305006,1,WLS,22
3,UPFC_tsh,5-15,-0.23776544599194072,1,WLS,22
4,UPFC_Vse,5-15,0.056392106969843626,1,WLS,22
5,UPFC_tse,5-15,-2.1179887915092417,1,WLS,22
0,x_tcsc,1-14,-0.1070647264872827,2,WLS,22
1,B_svc,2,0.1754478803430326,2,WLS,22
2,UPFC_Vsh,5-15,1.1106079940955345,2,WLS,22
3,UPFC_tsh,5-15,-0.23776153850653217,2,WLS,22
4,UPFC_Vse,5-15,0.055719955360550216,2,WLS,22
5,UPFC_tse,5-15,-2.1194546407258654,2,WLS,22
0,x_tcsc,1-14,-0.10706294894489385,3,WLS,22
1,B_svc,2,0.17544307272035145,3,WLS,22
2,UPFC_Vsh,5-15,1.1112680082078172,3,WLS,22
3,UPFC_tsh,5-15,-0.23778584448983076,3,WLS,22
4,UPFC_Vse,5-15,0.05615168753652699,3,WLS,22
5,UPFC_tse,5-15,-2.122741733562829,3,WLS,22
0,x_tcsc,1-14,-0.10707428698437424,4,WLS,22
1,B_svc,2,0.17555663396738136,4,WLS,22
2,UPFC_Vsh,5-15,1.1109108180373624,4,WLS,22
3,UPFC_tsh,5-15,-0.23776938788417837,4,WLS,22
4,UPFC_Vse,5-15,0.05622671685689572,4,WLS,22
5,UPFC_tse,5-15,-2.118874746805274,4,WLS,22
0,x_tcsc,1-14,-0.1070612698621559,5,WLS,22
1,B_svc,2,0.17544999006944434,5,WLS,22
2,UPFC_Vsh,5-15,1.110703838607336,5,WLS,22
3,UPFC_tsh,5-15,-0.2377830892864857,5,WLS,22
4,UPFC_Vse,5-15,0.05580702950061374,5,WLS,22
5,UPFC_tse,5-15,-2.1205015006294974,5,WLS,22
0,x_tcsc,1-14,-0.10707045141662881,6,WLS,22
1,B_svc,2,0.17538398289555296,6,WLS,22
2,UPFC_Vsh,5-15,1.1109322383212548,6,WLS,22
3,UPFC_tsh,5-15,-0.23771876909046885,6,WLS,22
4,UPFC_Vse,5-15,0.05579027222262503,6,WLS,22
5,UPFC_tse,5-15,-2.122507882655755,6,WLS,22
0,x_tcsc,1-14,-0.10706173088521241,7,WLS,22
1,B_svc,2,0.17518257755483083,7,WLS,22
2,UPFC_Vsh,5-15,1.1108513900567603,7,WLS,22
3,UPFC_tsh,5-15,-0.23778425523536,7,WLS,22
4,UPFC_Vse,5-15,0.05633790654059288,7,WLS,22
5,UPFC_tse,5-15,-2.1217060597603874,7,WLS,22
0,x_tcsc,1-14,-0.10707416211117286,8,WLS,22
1,B_svc,2,0.17498040593839348,8,WLS,22
2,UPFC_Vsh,5-15,1.110491430609064,8,WLS,22
3,UPFC_tsh,5-15,-0.2377688701527056,8,WLS,22
4,UPFC_Vse,5-15,0.0557154175821638,8,WLS,22
5,UPFC_tse,5-15,-2.1210306047640195,8,WLS,22
0,x_tcsc,1-14,-0.1070616862343441,9,WLS,22
1,B_svc,2,0.1753682973230444,9,WLS,22
2,UPFC_Vsh,5-15,1.1110186458288265,9,WLS,22
3,UPFC_tsh,5-15,-0.23774634917989135,9,WLS,22
4,UPFC_Vse,5-15,0.05603898966967486,9,WLS,22
5,UPFC_tse,5-15,-2.1182840461602224,9,WLS,22
0,x_tcsc,1-14,-0.106981561355848,0,WLS,23
1,B_svc,2,0.17505154282025137,0,WLS,23
2,UPFC_Vsh,5-15,1.1107171687725994,0,WLS,23
3,UPFC_tsh,5-15,-0.23784609950106936,0,WLS,23
4,UPFC_Vse,5-15,0.056032077727274116,0,WLS,23
5,UPFC_tse,5-15,-2.121267212935615,0,WLS,23
0,x_tcsc,1-14,-0.10701091765232394,1,WLS,23
1,B_svc,2,0.17535182946575706,1,WLS,23
2,UPFC_Vsh,5-15,1.1105575085042516,1,WLS,23
3,UPFC_tsh,5-15,-0.2378678867094989,1,WLS,23
4,UPFC_Vse,5-15,0.05636155189939156,1,WLS,23
5,UPFC_tse,5-15,-2.117872172049292,1,WLS,23
0,x_tcsc,1-14,-0.10699776523218292,2,WLS,23
1,B_svc,2,0.17535903196124686,2,WLS,23
2,UPFC_Vsh,5-15,1.1106234647380202,2,WLS,23
3,UPFC_tsh,5-15,-0.23786399918010534,2,WLS,23
4,UPFC_Vse,5-15,0.055689365744523364,2,WLS,23
5,UPFC_tse,5-15,-2.1193352551529676,2,WLS,23
0,x_tcsc,1-14,-0.10699601470897749,3,WLS,23
1,B_svc,2,0.17535417182807816,3,WLS,23
2,UPFC_Vsh,5-15,1.1112836154181296,3,WLS,23
3,UPFC_tsh,5-15,-0.23788832886604078,3,WLS,23
4,UPFC_Vse,5-15,0.05612104609065184,3,WLS,23
5,UPFC_tse,5-15,-2.1226261679186536,3,WLS,23
0,x_tcsc,1-14,-0.1070073195147995,4,WLS,23
1,B_svc,2,0.17546762869655588,4,WLS,23
2,UPFC_Vsh,5-15,1.110926191532038,4,WLS,23
3,UPFC_tsh,5-15,-0.23787186318421064,4,WLS,23
4,UPFC_Vse,5-15,0.05619620863093508,4,WLS,23
5,UPFC_tse,5-15,-2.1187582778745515,4,WLS,23
0,x_tcsc,1-14,-0.10699431458865243,5,WLS,23
1,B_svc,2,0.17536095474380836,5,WLS,23
2,UPFC_Vsh,5-15,1.1107194132547935,5,WLS,23
3,UPFC_tsh,5-15,-0.2378856048151194,5,WLS,23
4,UPFC_Vse,5-15,0.05577647659138086,5,WLS,23
5,UPFC_tse,5-15,-2.120382606108188,5,WLS,23
0,x_tcsc,1-14,-0.10700350668050487,6,WLS,23
1,B_svc,2,0.17529503554395384,6,WLS,23
2,UPFC_Vsh,5-15,1.110947761733606,6,WLS,23
3,UPFC_tsh,5-15,-0.23782123501413638,6,WLS,23
4,UPFC_Vse,5-15,0.05575967711573519,6,WLS,23
5,UPFC_tse,5-15,-2.1223915208928195,6,WLS,23
0,x_tcsc,1-14,-0.10699476968223089,7,WLS,23
1,B_svc,2,0.1750935904029081,7,WLS,23
2,UPFC_Vsh,5-15,1.1108669525707708,7,WLS,23
3,UPFC_tsh,5-15,-0.2378867423663253,7,WLS,23
4,UPFC_Vse,5-15,0.0563073062437833,7,WLS,23
5,UPFC_tse,5-15,-2.1215908891733197,7,WLS,23
0,x_tcsc,1-14,-0.1070071881865534,8,WLS,23
1,B_svc,2,0.17489162393425212,8,WLS,23
2,UPFC_Vsh,5-15,1.110506867687783,8,WLS,23
3,UPFC_tsh,5-15,-0.237871334513293,8,WLS,23
4,UPFC_Vse,5-15,0.05568483379421479,8,WLS,23
5,UPFC_tse,5-15,-2.120912132358819,8,WLS,23
0,x_tcsc,1-14,-0.1069947414848872,9,WLS,23
1,B_svc,2,0.1752794716572881,9,WLS,23
2,UPFC_Vsh,5-15,1.1110341055853077,9,WLS,23
3,UPFC_tsh,5-15,-0.2378488032253346,9,WLS,23
4,UPFC_Vse,5-15,0.056008442332746045,9,WLS,23
5,UPFC_tse,5-15,-2.1181665018879543,9,WLS,23
0,x_tcsc,1-14,-0.10735400893623108,0,WLS,24
1,B_svc,2,0.17541364852800462,0,WLS,24
2,UPFC_Vsh,5-15,1.110726180285463,0,WLS,24
3,UPFC_tsh,5-15,-0.23764176185502317,0,WLS,24
4,UPFC_Vse,5-15,0.05596273770368141,0,WLS,24
5,UPFC_tse,5-15,-2.1216251366146857,0,WLS,24
0,x_tcsc,1-14,-0.10738337542059471,1,WLS,24
1,B_svc,2,0.17571541033352792,1,WLS,24
2,UPFC_Vsh,5-15,1.1105656045968708,1,WLS,24
3,UPFC_tsh,5-15,-0.23766360775678755,1,WLS,24
4,UPFC_Vse,5-15,0.05629241830788254,1,WLS,24
5,UPFC_tse,5-15,-2.118218763058552,1,WLS,24
0,x_tcsc,1-14,-0.10737025027810491,2,WLS,24
1,B_svc,2,0.17572103848737416,2,WLS,24
2,UPFC_Vsh,5-15,1.1106320115920307,2,WLS,24
3,UPFC_tsh,5-15,-0.23765974207138083,2,WLS,24
4,UPFC_Vse,5-15,0.05561996582342983,2,WLS,24
5,UPFC_tse,5-15,-2.119692975971276,2,WLS,24
0,x_tcsc,1-14,-0.1073683435331912,3,WLS,24
1,B_svc,2,0.17571623477116063,3,WLS,24
2,UPFC_Vsh,5-15,1.1112918994940546,3,WLS,24
3,UPFC_tsh,5-15,-0.23768403514643308,3,WLS,24
4,UPFC_Vse,5-15,0.05605228439532721,3,WLS,24
5,UPFC_tse,5-15,-2.122984378758801,3,WLS,24
0,x_tcsc,1-14,-0.10737981687597416,4,WLS,24
1,B_svc,2,0.17583067049351872,4,WLS,24
2,UPFC_Vsh,5-15,1.1109348189803812,4,WLS,24
3,UPFC_tsh,5-15,-0.2376675787440759,4,WLS,24
4,UPFC_Vse,5-15,0.05612694817209983,4,WLS,24
5,UPFC_tse,5-15,-2.119113945741101,4,WLS,24
0,x_tcsc,1-14,-0.10736684027993992,5,WLS,24
1,B_svc,2,0.17572339002063897,5,WLS,24
2,UPFC_Vsh,5-15,1.1107276588227535,5,WLS,24
3,UPFC_tsh,5-15,-0.23768150225395457,5,WLS,24
4,UPFC_Vse,5-15,0.05570743738230614,5,WLS,24
5,UPFC_tse,5-15,-2.120744868045105,5,WLS,24
0,x_tcsc,1-14,-0.10737592123156632,6,WLS,24
1,B_svc,2,0.17565730660514306,6,WLS,24
2,UPFC_Vsh,5-15,1.1109565175623966,6,WLS,24
3,UPFC_tsh,5-15,-0.23761693252532165,6,WLS,24
4,UPFC_Vse,5-15,0.05569056174712382,6,WLS,24
5,UPFC_tse,5-15,-2.1227459592305613,6,WLS,24
0,x_tcsc,1-14,-0.10736730144233328,7,WLS,24
1,B_svc,2,0.17545613942153843,7,WLS,24
2,UPFC_Vsh,5-15,1.1108747965676804,7,WLS,24
3,UPFC_tsh,5-15,-0.23768266432151525,7,WLS,24
4,UPFC_Vse,5-15,0.05623897933833203,7,WLS,24
5,UPFC_tse,5-15,-2.1219418393795206,7,WLS,24
0,x_tcsc,1-14,-0.10737970077126721,8,WLS,24
1,B_svc,2,0.17525350013439234,8,WLS,24
2,UPFC_Vsh,5-15,1.1105152294301275,8,WLS,24
3,UPFC_tsh,5-15,-0.23766700217811584,8,WLS,24
4,UPFC_Vse,5-15,0.055615588856858904,8,WLS,24
5,UPFC_tse,5-15,-2.1212733159859924,8,WLS,24
0,x_tcsc,1-14,-0.1073671260952895,9,WLS,24
1,B_svc,2,0.17564137710719813,9,WLS,24
2,UPFC_Vsh,5-15,1.111042507850623,9,WLS,24
3,UPFC_tsh,5-15,-0.23764471688321792,9,WLS,24
4,UPFC_Vse,5-15,0.055939418388737894,9,WLS,24
5,UPFC_tse,5-15,-2.1185194254101987,9,WLS,24
0,x_tcsc,1-14,-0.15298385138155102,0,WLS,25
1,B_svc,2,0.4464922259860748,0,WLS,25
2,UPFC_Vsh,5-15,1.107816777424511,0,WLS,25
3,UPFC_tsh,5-15,-0.23387055992007927,0,WLS,25
4,UPFC_Vse,5-15,0.05660337276328703,0,WLS,25
5,UPFC_tse,5-15,-2.122565875390827,0,WLS,25
0,x_tcsc,1-14,-0.15302260421168584,1,WLS,25
1,B_svc,2,0.4471052809095981,1,WLS,25
2,UPFC_Vsh,5-15,1.1076004266785564,1,WLS,25
3,UPFC_tsh,5-15,-0.2338975636256095,1,WLS,25
4,UPFC_Vse,5-15,0.056942690255901755,1,WLS,25
5,UPFC_tse,5-15,-2.1191595630165647,1,WLS,25
0,x_tcsc,1-14,-0.15300483277749083,2,WLS,25
1,B_svc,2,0.44676446087244476,2,WLS,25
2,UPFC_Vsh,5-15,1.1077245910189153,2,WLS,25
3,UPFC_tsh,5-15,-0.23389047769522286,2,WLS,25
4,UPFC_Vse,5-15,0.056260171141002645,2,WLS,25
5,UPFC_tse,5-15,-2.1207097954018166,2,WLS,25
0,x_tcsc,1-14,-0.15299350746773516,3,WLS,25
1,B_svc,2,0.4467777452685704,3,WLS,25
2,UPFC_Vsh,5-15,1.1083448194247665,3,WLS,25
3,UPFC_tsh,5-15,-0.2339160583065336,3,WLS,25
4,UPFC_Vse,5-15,0.0567018327702007,3,WLS,25
5,UPFC_tse,5-15,-2.123855331152572,3,WLS,25
0,x_tcsc,1-14,-0.1530206623623789,4,WLS,25
1,B_svc,2,0.44707604620034974,4,WLS,25
2,UPFC_Vsh,5-15,1.1080320697291324,4,WLS,25
3,UPFC_tsh,5-15,-0.2338965057750561,4,WLS,25
4,UPFC_Vse,5-15,0.0567645544171588,4,WLS,25
5,UPFC_tse,5-15,-2.120075594093162,4,WLS,25
0,x_tcsc,1-14,-0.15299941344483434,5,WLS,25
1,B_svc,2,0.44700255608975814,5,WLS,25
2,UPFC_Vsh,5-15,1.1077837662842347,5,WLS,25
3,UPFC_tsh,5-15,-0.23391195913187898,5,WLS,25
4,UPFC_Vse,5-15,0.05635372154195848,5,WLS,25
5,UPFC_tse,5-15,-2.1217396536765567,5,WLS,25
0,x_tcsc,1-14,-0.1530099904232974,6,WLS,25
1,B_svc,2,0.44673757722193674,6,WLS,25
2,UPFC_Vsh,5-15,1.1080362177319,6,WLS,25
3,UPFC_tsh,5-15,-0.2338509341781364,6,WLS,25
4,UPFC_Vse,5-15,0.056336061413396574,6,WLS,25
5,UPFC_tse,5-15,-2.1236626746206926,6,WLS,25
0,x_tcsc,1-14,-0.15299467770565983,7,WLS,25
1,B_svc,2,0.44662357726594853,7,WLS,25
2,UPFC_Vsh,5-15,1.1078327105629486,7,WLS,25
3,UPFC_tsh,5-15,-0.23392165719596023,7,WLS,25
4,UPFC_Vse,5-15,0.05690570763693871,7,WLS,25
5,UPFC_tse,5-15,-2.1229312348623957,7,WLS,25
0,x_tcsc,1-14,-0.1530090085807651,8,WLS,25
1,B_svc,2,0.44633295095253683,8,WLS,25
2,UPFC_Vsh,5-15,1.1075567281430627,8,WLS,25
3,UPFC_tsh,5-15,-0.23390087909626606,8,WLS,25
4,UPFC_Vse,5-15,0.05626235646725657,8,WLS,25
5,UPFC_tse,5-15,-2.122271707717678,8,WLS,25
0,x_tcsc,1-14,-0.15299272668549646,9,WLS,25
1,B_svc,2,0.4465943941972148,9,WLS,25
2,UPFC_Vsh,5-15,1.1080914293356199,9,WLS,25
3,UPFC_tsh,5-15,-0.23388123872926414,9,WLS,25
4,UPFC_Vse,5-15,0.05659164584839648,9,WLS,25
5,UPFC_tse,5-15,-2.119523914073828,9,WLS,25
0,x_tcsc,1-14,-0.15266973002748008,0,WLS,26
1,B_svc,2,0.44338523161853743,0,WLS,26
2,UPFC_Vsh,5-15,1.1078581358562254,0,WLS,26
3,UPFC_tsh,5-15,-0.23399373823199932,0,WLS,26
4,UPFC_Vse,5-15,0.056615546326698886,0,WLS,26
5,UPFC_tse,5-15,-2.121643177356265,0,WLS,26
0,x_tcsc,1-14,-0.1527085958278945,1,WLS,26
1,B_svc,2,0.44399497628428247,1,WLS,26
2,UPFC_Vsh,5-15,1.1076431644380562,1,WLS,26
3,UPFC_tsh,5-15,-0.23402064020260654,1,WLS,26
4,UPFC_Vse,5-15,0.05695474580828644,1,WLS,26
5,UPFC_tse,5-15,-2.118245730520699,1,WLS,26
0,x_tcsc,1-14,-0.1526907230087295,2,WLS,26
1,B_svc,2,0.44365756505655835,2,WLS,26
2,UPFC_Vsh,5-15,1.1077660348277691,2,WLS,26
3,UPFC_tsh,5-15,-0.23401364421774254,2,WLS,26
4,UPFC_Vse,5-15,0.05627252133686916,2,WLS,26
5,UPFC_tse,5-15,-2.1197790665696186,2,WLS,26
0,x_tcsc,1-14,-0.15267950095726154,3,WLS,26
1,B_svc,2,0.4436718996417618,3,WLS,26
2,UPFC_Vsh,5-15,1.1083873790705077,3,WLS,26
3,UPFC_tsh,5-15,-0.23403910671627604,3,WLS,26
4,UPFC_Vse,5-15,0.056713415193159984,3,WLS,26
5,UPFC_tse,5-15,-2.122930505948411,3,WLS,26
0,x_tcsc,1-14,-0.15270654387113214,4,WLS,26
1,B_svc,2,0.4439666614757455,4,WLS,26
2,UPFC_Vsh,5-15,1.1080732875852277,4,WLS,26
3,UPFC_tsh,5-15,-0.23401970395508304,4,WLS,26
4,UPFC_Vse,5-15,0.05677689593368887,4,WLS,26
5,UPFC_tse,5-15,-2.1191543409449185,4,WLS,26
0,x_tcsc,1-14,-0.15268527532262594,5,WLS,26
1,B_svc,2,0.44389370198655614,5,WLS,26
2,UPFC_Vsh,5-15,1.1078259695873705,5,WLS,26
3,UPFC_tsh,5-15,-0.23403494918870688,5,WLS,26
4,UPFC_Vse,5-15,0.0563656607344035,5,WLS,26
5,UPFC_tse,5-15,-2.1208053212839646,5,WLS,26
0,x_tcsc,1-14,-0.15269594585744406,6,WLS,26
1,B_svc,2,0.44363004957035707,6,WLS,26
2,UPFC_Vsh,5-15,1.1080779614755525,6,WLS,26
3,UPFC_tsh,5-15,-0.23397414074795767,6,WLS,26
4,UPFC_Vse,5-15,0.05634813696766433,6,WLS,26
5,UPFC_tse,5-15,-2.122742998672501,6,WLS,26
0,x_tcsc,1-14,-0.15268070281123597,7,WLS,26
1,B_svc,2,0.44351725653475677,7,WLS,26
2,UPFC_Vsh,5-15,1.1078766665220914,7,WLS,26
3,UPFC_tsh,5-15,-0.2340444681874806,7,WLS,26
4,UPFC_Vse,5-15,0.05691679055411009,7,WLS,26
5,UPFC_tse,5-15,-2.1220116028687577,7,WLS,26
0,x_tcsc,1-14,-0.152694974987015,8,WLS,26
1,B_svc,2,0.44322716528153455,8,WLS,26
2,UPFC_Vsh,5-15,1.1075991874517004,8,WLS,26
3,UPFC_tsh,5-15,-0.23402395393164285,8,WLS,26
4,UPFC_Vse,5-15,0.05627434195978757,8,WLS,26
5,UPFC_tse,5-15,-2.121339001286196,8,WLS,26
0,x_tcsc,1-14,-0.1526787172856831,9,WLS,26
1,B_svc,2,0.44348946162585645,9,WLS,26
2,UPFC_Vsh,5-15,1.108133935346523,9,WLS,26
3,UPFC_tsh,5-15,-0.2340042193346393,9,WLS,26
4,UPFC_Vse,5-15,0.0566036684047596,9,WLS,26
5,UPFC_tse,5-15,-2.1186026640129754,9,WLS,26
0,x_tcsc,1-14,-0.15286198599735762,0,WLS,27
1,B_svc,2,0.44541235963075737,0,WLS,27
2,UPFC_Vsh,5-15,1.1078446118701193,0,WLS,27
3,UPFC_tsh,5-15,-0.23407411999926764,0,WLS,27
4,UPFC_Vse,5-15,0.05648278735755147,0,WLS,27
5,UPFC_tse,5-15,-2.1222606310920216,0,WLS,27
0,x_tcsc,1-14,-0.15290081808203593,1,WLS,27
1,B_svc,2,0.4460242725484193,1,WLS,27
2,UPFC_Vsh,5-15,1.1076283598897776,1,WLS,27
3,UPFC_tsh,5-15,-0.23410107376633385,1,WLS,27
4,UPFC_Vse,5-15,0.056822302382251395,1,WLS,27
5,UPFC_tse,5-15,-2.1188472034791874,1,WLS,27
0,x_tcsc,1-14,-0.15288296759956266,2,WLS,27
1,B_svc,2,0.44568473212311915,2,WLS,27
2,UPFC_Vsh,5-15,1.1077522613295727,2,WLS,27
3,UPFC_tsh,5-15,-0.23409406104884167,2,WLS,27
4,UPFC_Vse,5-15,0.056139711249898014,2,WLS,27
5,UPFC_tse,5-15,-2.1203913122847635,2,WLS,27
0,x_tcsc,1-14,-0.1528716611707099,3,WLS,27
1,B_svc,2,0.44569859122280797,3,WLS,27
2,UPFC_Vsh,5-15,1.1083730656178155,3,WLS,27
3,UPFC_tsh,5-15,-0.2341195452483568,3,WLS,27
4,UPFC_Vse,5-15,0.056581110145246215,3,WLS,27
5,UPFC_tse,5-15,-2.123544342234867,3,WLS,27
0,x_tcsc,1-14,-0.1528988025274888,4,WLS,27
1,B_svc,2,0.4459953922108463,4,WLS,27
2,UPFC_Vsh,5-15,1.1080595283366554,4,WLS,27
3,UPFC_tsh,5-15,-0.2341001190912831,4,WLS,27
4,UPFC_Vse,5-15,0.05664434222853131,4,WLS,27
5,UPFC_tse,5-15,-2.1197658877533385,4,WLS,27
0,x_tcsc,1-14,-0.15287750939863862,5,WLS,27
1,B_svc,2,0.44592224377118844,5,WLS,27
2,UPFC_Vsh,5-15,1.1078118707782107,5,WLS,27
3,UPFC_tsh,5-15,-0.2341155545229788,5,WLS,27
4,UPFC_Vse,5-15,0.05623322399767477,5,WLS,27
5,UPFC_tse,5-15,-2.121420602771412,5,WLS,27
0,x_tcsc,1-14,-0.15288818732953355,6,WLS,27
1,B_svc,2,0.4456575188581792,6,WLS,27
2,UPFC_Vsh,5-15,1.1080640110527253,6,WLS,27
3,UPFC_tsh,5-15,-0.2340545487041052,6,WLS,27
4,UPFC_Vse,5-15,0.05621566661998614,6,WLS,27
5,UPFC_tse,5-15,-2.123358574151337,6,WLS,27
0,x_tcsc,1-14,-0.15287285782145088,7,WLS,27
1,B_svc,2,0.4455442431775732,7,WLS,27
2,UPFC_Vsh,5-15,1.1078612435610922,7,WLS,27
3,UPFC_tsh,5-15,-0.23412515306972745,7,WLS,27
4,UPFC_Vse,5-15,0.0567850262474769,7,WLS,27
5,UPFC_tse,5-15,-2.1226217775964757,7,WLS,27
0,x_tcsc,1-14,-0.15288710332353686,8,WLS,27
1,B_svc,2,0.4452540077430078,8,WLS,27
2,UPFC_Vsh,5-15,1.1075849140905036,8,WLS,27
3,UPFC_tsh,5-15,-0.23410434318620615,8,WLS,27
4,UPFC_Vse,5-15,0.05614176551429137,8,WLS,27
5,UPFC_tse,5-15,-2.1219539709916124,8,WLS,27
0,x_tcsc,1-14,-0.152870901806822,9,WLS,27
1,B_svc,2,0.4455154665945596,9,WLS,27
2,UPFC_Vsh,5-15,1.1081194841726498,9,WLS,27
3,UPFC_tsh,5-15,-0.23408479820526917,9,WLS,27
4,UPFC_Vse,5-15,0.05647131059245462,9,WLS,27
5,UPFC_tse,5-15,-2.11921185786968,9,WLS,27
0,x_tcsc,1-14,-0.15315294642498273,0,WLS,28
1,B_svc,2,0.44862305069409764,0,WLS,28
2,UPFC_Vsh,5-15,1.1078267411446896,0,WLS,28
3,UPFC_tsh,5-15,-0.23387146672013068,0,WLS,28
4,UPFC_Vse,5-15,0.056497810044556195,0,WLS,28
5,UPFC_tse,5-15,-2.1216421422133993,0,WLS,28
0,x_tcsc,1-14,-0.1531917571718714,1,WLS,28
1,B_svc,2,0.4492380176089517,1,WLS,28
2,UPFC_Vsh,5-15,1.1076088909655535,1,WLS,28
3,UPFC_tsh,5-15,-0.2338984936616055,1,WLS,28
4,UPFC_Vse,5-15,0.05683761653761994,1,WLS,28
5,UPFC_tse,5-15,-2.118234859693117,1,WLS,28
0,x_tcsc,1-14,-0.1531739119342875,2,WLS,28
1,B_svc,2,0.44889541413117334,2,WLS,28
2,UPFC_Vsh,5-15,1.1077342130734766,2,WLS,28
3,UPFC_tsh,5-15,-0.2338913931150986,2,WLS,28
4,UPFC_Vse,5-15,0.05615469098977542,2,WLS,28
5,UPFC_tse,5-15,-2.119770044251325,2,WLS,28
0,x_tcsc,1-14,-0.1531624425675148,3,WLS,28
1,B_svc,2,0.4489086491098943,3,WLS,28
2,UPFC_Vsh,5-15,1.1083541755868476,3,WLS,28
3,UPFC_tsh,5-15,-0.233916883633684,3,WLS,28
4,UPFC_Vse,5-15,0.05659630685801265,3,WLS,28
5,UPFC_tse,5-15,-2.1229250823927734,3,WLS,28
0,x_tcsc,1-14,-0.15318978287010115,4,WLS,28
1,B_svc,2,0.4492083995845566,4,WLS,28
2,UPFC_Vsh,5-15,1.108041465026663,4,WLS,28
3,UPFC_tsh,5-15,-0.23389742898532895,4,WLS,28
4,UPFC_Vse,5-15,0.05665930773364405,4,WLS,28
5,UPFC_tse,5-15,-2.119149841902063,4,WLS,28
0,x_tcsc,1-14,-0.1531683838527856,5,WLS,28
1,B_svc,2,0.4491352778746338,5,WLS,28
2,UPFC_Vsh,5-15,1.1077934580258657,5,WLS,28
3,UPFC_tsh,5-15,-0.23391294990690575,5,WLS,28
4,UPFC_Vse,5-15,0.05624831248604766,5,WLS,28
5,UPFC_tse,5-15,-2.1207989360028088,5,WLS,28
0,x_tcsc,1-14,-0.15317918023054938,6,WLS,28
1,B_svc,2,0.4488684872167834,6,WLS,28
2,UPFC_Vsh,5-15,1.1080457109470296,6,WLS,28
3,UPFC_tsh,5-15,-0.23385200360009498,6,WLS,28
4,UPFC_Vse,5-15,0.05623084570155065,6,WLS,28
5,UPFC_tse,5-15,-2.1227430447891855,6,WLS,28
0,x_tcsc,1-14,-0.15316363497992797,7,WLS,28
1,B_svc,2,0.44875447685922004,7,WLS,28
2,UPFC_Vsh,5-15,1.107841077575901,7,WLS,28
3,UPFC_tsh,5-15,-0.2339226577635196,7,WLS,28
4,UPFC_Vse,5-15,0.056800485932715174,7,WLS,28
5,UPFC_tse,5-15,-2.122002015752453,7,WLS,28
0,x_tcsc,1-14,-0.15317781623392984,8,WLS,28
1,B_svc,2,0.44846467861500733,8,WLS,28
2,UPFC_Vsh,5-15,1.1075656964275693,8,WLS,28
3,UPFC_tsh,5-15,-0.23390166293125933,8,WLS,28
4,UPFC_Vse,5-15,0.056156848707261016,8,WLS,28
5,UPFC_tse,5-15,-2.1213348009996893,8,WLS,28
0,x_tcsc,1-14,-0.15316174865946752,9,WLS,28
1,B_svc,2,0.4487243545699377,9,WLS,28
2,UPFC_Vsh,5-15,1.1081003625831398,9,WLS,28
3,UPFC_tsh,5-15,-0.23388229392719131,9,WLS,28
4,UPFC_Vse,5-15,0.05648668434959099,9,WLS,28
5,UPFC_tse,5-15,-2.118597392462239,9,WLS,28
0,x_tcsc,1-14,-0.15306744772300387,0,WLS,29
1,B_svc,2,0.44773158167755495,0,WLS,29
2,UPFC_Vsh,5-15,1.1078452200133013,0,WLS,29
3,UPFC_tsh,5-15,-0.2337346633898658,0,WLS,29
4,UPFC_Vse,5-15,0.056608251282265556,0,WLS,29
5,UPFC_tse,5-15,-2.1208637573601234,0,WLS,29
0,x_tcsc,1-14,-0.15310626568831276,1,WLS,29
1,B_svc,2,0.4483456505691769,1,WLS,29
2,UPFC_Vsh,5-15,1.1076278399029134,1,WLS,29
3,UPFC_tsh,5-15,-0.23376163117025706,1,WLS,29
4,UPFC_Vse,5-15,0.056947862137627085,1,WLS,29
5,UPFC_tse,5-15,-2.1174724593902092,1,WLS,29
0,x_tcsc,1-14,-0.153088400384902,2,WLS,29
1,B_svc,2,0.44800401316185745,2,WLS,29
2,UPFC_Vsh,5-15,1.10775275056076,2,WLS,29
3,UPFC_tsh,5-15,-0.23375453510110497,2,WLS,29
4,UPFC_Vse,5-15,0.056265158005115355,2,WLS,29
5,UPFC_tse,5-15,-2.118994682278259,2,WLS,29
0,x_tcsc,1-14,-0.15307696957004474,3,WLS,29
1,B_svc,2,0.44801744806534627,3,WLS,29
2,UPFC_Vsh,5-15,1.1083730467400104,3,WLS,29
3,UPFC_tsh,5-15,-0.2337800090053979,3,WLS,29
4,UPFC_Vse,5-15,0.056706371833542636,3,WLS,29
5,UPFC_tse,5-15,-2.1221496867192635,3,WLS,29
0,x_tcsc,1-14,-0.15310427326924655,4,WLS,29
1,B_svc,2,0.4483162756613463,4,WLS,29
2,UPFC_Vsh,5-15,1.1080599274414422,4,WLS,29
3,UPFC_tsh,5-15,-0.23376057614196913,4,WLS,29
4,UPFC_Vse,5-15,0.056769570850845164,4,WLS,29
5,UPFC_tse,5-15,-2.1183773718525765,4,WLS,29
0,x_tcsc,1-14,-0.1530828739826165,5,WLS,29
1,B_svc,2,0.44824325870536647,5,WLS,29
2,UPFC_Vsh,5-15,1.1078122674862572,5,WLS,29
3,UPFC_tsh,5-15,-0.23377597223239913,5,WLS,29
4,UPFC_Vse,5-15,0.05635850036229649,5,WLS,29
5,UPFC_tse,5-15,-2.120020446771169,5,WLS,29
0,x_tcsc,1-14,-0.15309369461552225,6,WLS,29
1,B_svc,2,0.4479768581863824,6,WLS,29
2,UPFC_Vsh,5-15,1.1080643825356356,6,WLS,29
3,UPFC_tsh,5-15,-0.23371520260762732,6,WLS,29
4,UPFC_Vse,5-15,0.0563410724331163,6,WLS,29
5,UPFC_tse,5-15,-2.1219678138049867,6,WLS,29
0,x_tcsc,1-14,-0.15307816386243742,7,WLS,29
1,B_svc,2,0.44786307986312107,7,WLS,29
2,UPFC_Vsh,5-15,1.1078605998249147,7,WLS,29
3,UPFC_tsh,5-15,-0.23378561304152745,7,WLS,29
4,UPFC_Vse,5-15,0.0569101486906929,7,WLS,29
5,UPFC_tse,5-15,-2.1212296082780466,7,WLS,29
0,x_tcsc,1-14,-0.15309233361836908,8,WLS,29
1,B_svc,2,0.4475736462499623,8,WLS,29
2,UPFC_Vsh,5-15,1.107584328470168,8,WLS,29
3,UPFC_tsh,5-15,-0.2337648100890373,8,WLS,29
4,UPFC_Vse,5-15,0.05626712497955505,8,WLS,29
5,UPFC_tse,5-15,-2.120558051274769,8,WLS,29
0,x_tcsc,1-14,-0.1530762618208171,9,WLS,29
1,B_svc,2,0.44783349504489894,9,WLS,29
2,UPFC_Vsh,5-15,1.1081192230820127,9,WLS,29
3,UPFC_tsh,5-15,-0.23374534265390873,9,WLS,29
4,UPFC_Vse,5-15,0.0565968742442852,9,WLS,29
5,UPFC_tse,5-15,-2.1178272353372085,9,WLS,29
0,x_tcsc,1-14,-0.15307656298855113,0,WLS,30
1,B_svc,2,0.4478456718545857,0,WLS,30
2,UPFC_Vsh,5-15,1.1078482383147483,0,WLS,30
3,UPFC_tsh,5-15,-0.2339286852982183,0,WLS,30
4,UPFC_Vse,5-15,0.056473805207690006,0,WLS,30
5,UPFC_tse,5-15,-2.1212020587859435,0,WLS,30
0,x_tcsc,1-14,-0.15311538117557247,1,WLS,30
1,B_svc,2,0.4484600279426582,1,WLS,30
2,UPFC_Vsh,5-15,1.1076304162394912,1,WLS,30
3,UPFC_tsh,5-15,-0.23395565256142006,1,WLS,30
4,UPFC_Vse,5-15,0.05681366339627358,1,WLS,30
5,UPFC_tse,5-15,-2.1177966925752356,1,WLS,30
0,x_tcsc,1-14,-0.1530975106045521,2,WLS,30
1,B_svc,2,0.44811819240195944,2,WLS,30
2,UPFC_Vsh,5-15,1.107755571646167,2,WLS,30
3,UPFC_tsh,5-15,-0.23394859907211243,2,WLS,30
4,UPFC_Vse,5-15,0.05613075319756326,2,WLS,30
5,UPFC_tse,5-15,-2.1193247669985804,2,WLS,30
0,x_tcsc,1-14,-0.15308608015822328,3,WLS,30
1,B_svc,2,0.4481316285787791,3,WLS,30
2,UPFC_Vsh,5-15,1.108375899519929,3,WLS,30
3,UPFC_tsh,5-15,-0.23397406288394712,3,WLS,30
4,UPFC_Vse,5-15,0.05657217614916685,3,WLS,30
5,UPFC_tse,5-15,-2.1224855919842454,3,WLS,30
0,x_tcsc,1-14,-0.15311338295538926,4,WLS,30
1,B_svc,2,0.4484305763730942,4,WLS,30
2,UPFC_Vsh,5-15,1.1080626971959462,4,WLS,30
3,UPFC_tsh,5-15,-0.23395465160011178,4,WLS,30
4,UPFC_Vse,5-15,0.05663544278515472,4,WLS,30
5,UPFC_tse,5-15,-2.1187098690556114,4,WLS,30
0,x_tcsc,1-14,-0.15309199319619077,5,WLS,30
1,B_svc,2,0.4483574811823727,5,WLS,30
2,UPFC_Vsh,5-15,1.1078150868457102,5,WLS,30
3,UPFC_tsh,5-15,-0.23397016765369344,5,WLS,30
4,UPFC_Vse,5-15,0.05622432868080496,5,WLS,30
5,UPFC_tse,5-15,-2.120353717012273,5,WLS,30
0,x_tcsc,1-14,-0.15310280257749395,6,WLS,30
1,B_svc,2,0.4480910687274168,6,WLS,30
2,UPFC_Vsh,5-15,1.1080672142179175,6,WLS,30
3,UPFC_tsh,5-15,-0.23390922178812348,6,WLS,30
4,UPFC_Vse,5-15,0.05620683421005464,6,WLS,30
5,UPFC_tse,5-15,-2.1223027044966543,6,WLS,30
0,x_tcsc,1-14,-0.15308727832024985,7,WLS,30
1,B_svc,2,0.44797736252662795,7,WLS,30
2,UPFC_Vsh,5-15,1.1078631426725554,7,WLS,30
3,UPFC_tsh,5-15,-0.2339797954043226,7,WLS,30
4,UPFC_Vse,5-15,0.05677629018259085,7,WLS,30
5,UPFC_tse,5-15,-2.121563752985407,7,WLS,30
0,x_tcsc,1-14,-0.1531014265816048,8,WLS,30
1,B_svc,2,0.44768778931635494,8,WLS,30
2,UPFC_Vsh,5-15,1.107587296290125,8,WLS,30
3,UPFC_tsh,5-15,-0.23395882836355464,8,WLS,30
4,UPFC_Vse,5-15,0.05613279718246348,8,WLS,30
5,UPFC_tse,5-15,-2.1208902182018536,8,WLS,30
0,x_tcsc,1-14,-0.15308537183716303,9,WLS,30
1,B_svc,2,0.4479476400548602,9,WLS,30
2,UPFC_Vsh,5-15,1.1081219946986207,9,WLS,30
3,UPFC_tsh,5-15,-0.23393946688626877,9,WLS,30
4,UPFC_Vse,5-15,0.05646273818925809,9,WLS,30
5,UPFC_tse,5-15,-2.1181560979342535,9,WLS,30
0,x_tcsc,1-14,-0.15195390762396366,0,WLS,31
1,B_svc,2,0.4358635102073146,0,WLS,31
2,UPFC_Vsh,5-15,1.1080207702729403,0,WLS,31
3,UPFC_tsh,5-15,-0.234570214792945,0,WLS,31
4,UPFC_Vse,5-15,0.0564803223650678,0,WLS,31
5,UPFC_tse,5-15,-2.120475189246271,0,WLS,31
0,x_tcsc,1-14,-0.1519927302958162,1,WLS,31
1,B_svc,2,0.43646723277697624,1,WLS,31
2,UPFC_Vsh,5-15,1.1078069768970924,1,WLS,31
3,UPFC_tsh,5-15,-0.23459671447355554,1,WLS,31
4,UPFC_Vse,5-15,0.0568194966678048,1,WLS,31
5,UPFC_tse,5-15,-2.117079065519006,1,WLS,31
0,x_tcsc,1-14,-0.15197480213758396,2,WLS,31
1,B_svc,2,0.43613686016226827,2,WLS,31
2,UPFC_Vsh,5-15,1.107927644838833,2,WLS,31
3,UPFC_tsh,5-15,-0.23459003778692905,2,WLS,31
4,UPFC_Vse,5-15,0.0561376876615694,2,WLS,31
5,UPFC_tse,5-15,-2.1185912650462,2,WLS,31
0,x_tcsc,1-14,-0.15196396319489047,3,WLS,31
1,B_svc,2,0.43615256255812296,3,WLS,31
2,UPFC_Vsh,5-15,1.1085516894922283,3,WLS,31
3,UPFC_tsh,5-15,-0.2346154660328057,3,WLS,31
4,UPFC_Vse,5-15,0.0565775850321595,3,WLS,31
5,UPFC_tse,5-15,-2.121768649687301,3,WLS,31
0,x_tcsc,1-14,-0.1519905677151907,4,WLS,31
1,B_svc,2,0.43644057518796436,4,WLS,31
2,UPFC_Vsh,5-15,1.108234183243629,4,WLS,31
3,UPFC_tsh,5-15,-0.23459620954941218,4,WLS,31
4,UPFC_Vse,5-15,0.056642461979149426,4,WLS,31
5,UPFC_tse,5-15,-2.1179848790007605,4,WLS,31
0,x_tcsc,1-14,-0.15196954395874357,5,WLS,31
1,B_svc,2,0.4363672228439564,5,WLS,31
2,UPFC_Vsh,5-15,1.1079891732320326,5,WLS,31
3,UPFC_tsh,5-15,-0.23461143937891188,5,WLS,31
4,UPFC_Vse,5-15,0.056230627689661326,5,WLS,31
5,UPFC_tse,5-15,-2.1196200735391546,5,WLS,31
0,x_tcsc,1-14,-0.15198007428781932,6,WLS,31
1,B_svc,2,0.4361080268355222,6,WLS,31
2,UPFC_Vsh,5-15,1.1082407024230507,6,WLS,31
3,UPFC_tsh,5-15,-0.23455043306438236,6,WLS,31
4,UPFC_Vse,5-15,0.0562127694793704,6,WLS,31
5,UPFC_tse,5-15,-2.1215696792967744,6,WLS,31
0,x_tcsc,1-14,-0.15196520928704846,7,WLS,31
1,B_svc,2,0.43599717373610414,7,WLS,31
2,UPFC_Vsh,5-15,1.1080438241280224,7,WLS,31
3,UPFC_tsh,5-15,-0.23462047961140717,7,WLS,31
4,UPFC_Vse,5-15,0.05678045281719948,7,WLS,31
5,UPFC_tse,5-15,-2.1208538534106824,7,WLS,31
0,x_tcsc,1-14,-0.1519793967729356,8,WLS,31
1,B_svc,2,0.43570777165763125,8,WLS,31
2,UPFC_Vsh,5-15,1.10776281016906,8,WLS,31
3,UPFC_tsh,5-15,-0.2346002572384952,8,WLS,31
4,UPFC_Vse,5-15,0.05613904397201808,8,WLS,31
5,UPFC_tse,5-15,-2.1201541279759972,8,WLS,31
0,x_tcsc,1-14,-0.15196302466493863,9,WLS,31
1,B_svc,2,0.43597313868280085,9,WLS,31
2,UPFC_Vsh,5-15,1.1082978747564023,9,WLS,31
3,UPFC_tsh,5-15,-0.2345802902466415,9,WLS,31
4,UPFC_Vse,5-15,0.05646838951482579,9,WLS,31
5,UPFC_tse,5-15,-2.1174246702603394,9,WLS,31
0,x_tcsc,1-14,-0.15246789235109393,0,WLS,32
1,B_svc,2,0.4411147429080226,0,WLS,32
2,UPFC_Vsh,5-15,1.1079810948020472,0,WLS,32
3,UPFC_tsh,5-15,-0.2343655602076355,0,WLS,32
4,UPFC_Vse,5-15,0.05641634411966291,0,WLS,32
5,UPFC_tse,5-15,-2.12073149755067,0,WLS,32
0,x_tcsc,1-14,-0.15250662368297097,1,WLS,32
1,B_svc,2,0.4417238906448838,1,WLS,32
2,UPFC_Vsh,5-15,1.1077645912590048,1,WLS,32
3,UPFC_tsh,5-15,-0.2343921980209557,1,WLS,32
4,UPFC_Vse,5-15,0.056755987586664745,1,WLS,32
5,UPFC_tse,5-15,-2.117327637897162,1,WLS,32
0,x_tcsc,1-14,-0.1524887621462912,2,WLS,32
1,B_svc,2,0.4413880788126413,2,WLS,32
2,UPFC_Vsh,5-15,1.107887615906078,2,WLS,32
3,UPFC_tsh,5-15,-0.23438539743727002,2,WLS,32
4,UPFC_Vse,5-15,0.056073557694921373,2,WLS,32
5,UPFC_tse,5-15,-2.118846544308102,2,WLS,32
0,x_tcsc,1-14,-0.15247769040603731,3,WLS,32
1,B_svc,2,0.4414025665321827,3,WLS,32
2,UPFC_Vsh,5-15,1.1085101481181923,3,WLS,32
3,UPFC_tsh,5-15,-0.23441089525966602,3,WLS,32
4,UPFC_Vse,5-15,0.05651429391797539,3,WLS,32
5,UPFC_tse,5-15,-2.122023546262585,3,WLS,32
0,x_tcsc,1-14,-0.15250456764833722,4,WLS,32
1,B_svc,2,0.4416957862709538,4,WLS,32
2,UPFC_Vsh,5-15,1.1081942599389791,4,WLS,32
3,UPFC_tsh,5-15,-0.23439153384358982,4,WLS,32
4,UPFC_Vse,5-15,0.056578460956538686,4,WLS,32
5,UPFC_tse,5-15,-2.118239467155248,4,WLS,32
0,x_tcsc,1-14,-0.15248345458350374,5,WLS,32
1,B_svc,2,0.4416220906856377,5,WLS,32
2,UPFC_Vsh,5-15,1.1079483037261,5,WLS,32
3,UPFC_tsh,5-15,-0.23440704132865417,5,WLS,32
4,UPFC_Vse,5-15,0.05616699393826976,5,WLS,32
5,UPFC_tse,5-15,-2.119878480432566,5,WLS,32
0,x_tcsc,1-14,-0.15249403678520917,6,WLS,32
1,B_svc,2,0.44135992488298076,6,WLS,32
2,UPFC_Vsh,5-15,1.108200249665582,6,WLS,32
3,UPFC_tsh,5-15,-0.23434587066068566,6,WLS,32
4,UPFC_Vse,5-15,0.056149126231803154,6,WLS,32
5,UPFC_tse,5-15,-2.121825973971319,6,WLS,32
0,x_tcsc,1-14,-0.15247892453145542,7,WLS,32
1,B_svc,2,0.44124781661787926,7,WLS,32
2,UPFC_Vsh,5-15,1.1079999663031936,7,WLS,32
3,UPFC_tsh,5-15,-0.23441629856171328,7,WLS,32
4,UPFC_Vse,5-15,0.056717917886475566,7,WLS,32
5,UPFC_tse,5-15,-2.1211035699878185,7,WLS,32
0,x_tcsc,1-14,-0.15249306787472935,8,WLS,32
1,B_svc,2,0.440958360837752,8,WLS,32
2,UPFC_Vsh,5-15,1.107721058973757,8,WLS,32
3,UPFC_tsh,5-15,-0.234395630678044,8,WLS,32
4,UPFC_Vse,5-15,0.05607529935931794,8,WLS,32
5,UPFC_tse,5-15,-2.1204136927685715,8,WLS,32
0,x_tcsc,1-14,-0.15247682171347587,9,WLS,32
1,B_svc,2,0.4412213541409634,9,WLS,32
2,UPFC_Vsh,5-15,1.1082560969734896,9,WLS,32
3,UPFC_tsh,5-15,-0.2343759677955526,9,WLS,32
4,UPFC_Vse,5-15,0.056404993749835104,9,WLS,32
5,UPFC_tse,5-15,-2.117679270052581,9,WLS,32
0,x_tcsc,1-14,-0.15286378082060306,0,WLS,33
1,B_svc,2,0.4454031111983672,0,WLS,33
2,UPFC_Vsh,5-15,1.1079060924539992,0,WLS,33
3,UPFC_tsh,5-15,-0.2340441360924818,0,WLS,33
4,UPFC_Vse,5-15,0.05648525913802081,0,WLS,33
5,UPFC_tse,5-15,-2.1206208734147016,0,WLS,33
0,x_tcsc,1-14,-0.15290253214893082,1,WLS,33
1,B_svc,2,0.446015814045324,1,WLS,33
2,UPFC_Vsh,5-15,1.107688512854127,1,WLS,33
3,UPFC_tsh,5-15,-0.2340709592618032,1,WLS,33
4,UPFC_Vse,5-15,0.056825062255775494,1,WLS,33
5,UPFC_tse,5-15,-2.1172220486832907,1,WLS,33
0,x_tcsc,1-14,-0.15288468244775139,2,WLS,33
1,B_svc,2,0.44567603416037666,2,WLS,33
2,UPFC_Vsh,5-15,1.1078129944677684,2,WLS,33
3,UPFC_tsh,5-15,-0.23406400160407145,2,WLS,33
4,UPFC_Vse,5-15,0.05614232585949211,2,WLS,33
5,UPFC_tse,5-15,-2.1187409154387717,2,WLS,33
0,x_tcsc,1-14,-0.15287339359014732,3,WLS,33
1,B_svc,2,0.44568974554290536,3,WLS,33
2,UPFC_Vsh,5-15,1.1084341317978625,3,WLS,33
3,UPFC_tsh,5-15,-0.23408950199408438,3,WLS,33
4,UPFC_Vse,5-15,0.05658346173683945,3,WLS,33
5,UPFC_tse,5-15,-2.121911169621191,3,WLS,33
0,x_tcsc,1-14,-0.15290052921814531,4,WLS,33
1,B_svc,2,0.44598677789632485,4,WLS,33
2,UPFC_Vsh,5-15,1.108119906065241,4,WLS,33
3,UPFC_tsh,5-15,-0.2340700828576477,4,WLS,33
4,UPFC_Vse,5-15,0.05664705939834606,4,WLS,33
5,UPFC_tse,5-15,-2.118131296131484,4,WLS,33
0,x_tcsc,1-14,-0.15287926399675342,5,WLS,33
1,B_svc,2,0.4459133123896902,5,WLS,33
2,UPFC_Vsh,5-15,1.10787294686553,5,WLS,33
3,UPFC_tsh,5-15,-0.23408561778238413,5,WLS,33
4,UPFC_Vse,5-15,0.0562358436294276,5,WLS,33
5,UPFC_tse,5-15,-2.119771785591544,5,WLS,33
0,x_tcsc,1-14,-0.15288996563908333,6,WLS,33
1,B_svc,2,0.4456485050896937,6,WLS,33
2,UPFC_Vsh,5-15,1.108125078347786,6,WLS,33
3,UPFC_tsh,5-15,-0.2340245746848089,6,WLS,33
4,UPFC_Vse,5-15,0.05621813683787148,6,WLS,33
5,UPFC_tse,5-15,-2.121718223988929,6,WLS,33
0,x_tcsc,1-14,-0.15287460387487048,7,WLS,33
1,B_svc,2,0.44553532073173685,7,WLS,33
2,UPFC_Vsh,5-15,1.107922361713195,7,WLS,33
3,UPFC_tsh,5-15,-0.23409509287439828,7,WLS,33
4,UPFC_Vse,5-15,0.056787359705692694,7,WLS,33
5,UPFC_tse,5-15,-2.120990322686837,7,WLS,33
0,x_tcsc,1-14,-0.15288874951988388,8,WLS,33
1,B_svc,2,0.44524585400187294,8,WLS,33
2,UPFC_Vsh,5-15,1.1076451933276992,8,WLS,33
3,UPFC_tsh,5-15,-0.2340742539278999,8,WLS,33
4,UPFC_Vse,5-15,0.05614422927627365,8,WLS,33
5,UPFC_tse,5-15,-2.120307869359432,8,WLS,33
0,x_tcsc,1-14,-0.15287261276888184,9,WLS,33
1,B_svc,2,0.44550685624483183,9,WLS,33
2,UPFC_Vsh,5-15,1.1081801327502498,9,WLS,33
3,UPFC_tsh,5-15,-0.23405475924242783,9,WLS,33
4,UPFC_Vse,5-15,0.056474105404219585,9,WLS,33
5,UPFC_tse,5-15,-2.117574854731454,9,WLS,33
0,x_tcsc,1-14,-0.15253099073175652,0,WLS,34
1,B_svc,2,0.4416077309734949,0,WLS,34
2,UPFC_Vsh,5-15,1.1079582257144815,0,WLS,34
3,UPFC_tsh,5-15,-0.23432546623029063,0,WLS,34
4,UPFC_Vse,5-15,0.056449315332442525,0,WLS,34
5,UPFC_tse,5-15,-2.121345261887933,0,WLS,34
0,x_tcsc,1-14,-0.15256967585698022,1,WLS,34
1,B_svc,2,0.4422174259086067,1,WLS,34
2,UPFC_Vsh,5-15,1.10774176778474,1,WLS,34
3,UPFC_tsh,5-15,-0.2343521550344569,1,WLS,34
4,UPFC_Vse,5-15,0.05678886591055116,1,WLS,34
5,UPFC_tse,5-15,-2.1179385968619857,1,WLS,34
0,x_tcsc,1-14,-0.15255187298469064,2,WLS,34
1,B_svc,2,0.44188093532248796,2,WLS,34
2,UPFC_Vsh,5-15,1.1078648648583629,2,WLS,34
3,UPFC_tsh,5-15,-0.23434531745681195,2,WLS,34
4,UPFC_Vse,5-15,0.0561064499559601,2,WLS,34
5,UPFC_tse,5-15,-2.1194681435912366,2,WLS,34
0,x_tcsc,1-14,-0.15254079712503174,3,WLS,34
1,B_svc,2,0.44189510917229513,3,WLS,34
2,UPFC_Vsh,5-15,1.1084870260783781,3,WLS,34
3,UPFC_tsh,5-15,-0.2343708810981467,3,WLS,34
4,UPFC_Vse,5-15,0.05654747873373483,3,WLS,34
5,UPFC_tse,5-15,-2.122639819138728,3,WLS,34
0,x_tcsc,1-14,-0.15256766631680324,4,WLS,34
1,B_svc,2,0.4421891276731348,4,WLS,34
2,UPFC_Vsh,5-15,1.108171682006184,4,WLS,34
3,UPFC_tsh,5-15,-0.2343514340202027,4,WLS,34
4,UPFC_Vse,5-15,0.056611273626516294,4,WLS,34
5,UPFC_tse,5-15,-2.1188533410541948,4,WLS,34
0,x_tcsc,1-14,-0.15254659685350358,5,WLS,34
1,B_svc,2,0.44211518568372116,5,WLS,34
2,UPFC_Vsh,5-15,1.1079252105306685,5,WLS,34
3,UPFC_tsh,5-15,-0.23436698315143867,5,WLS,34
4,UPFC_Vse,5-15,0.05619999577538037,5,WLS,34
5,UPFC_tse,5-15,-2.120501784892582,5,WLS,34
0,x_tcsc,1-14,-0.1525570878635286,6,WLS,34
1,B_svc,2,0.4418530342035822,6,WLS,34
2,UPFC_Vsh,5-15,1.108177403218443,6,WLS,34
3,UPFC_tsh,5-15,-0.23430572576188752,6,WLS,34
4,UPFC_Vse,5-15,0.05618204203198575,6,WLS,34
5,UPFC_tse,5-15,-2.1224372486430347,6,WLS,34
0,x_tcsc,1-14,-0.15254201756334584,7,WLS,34
1,B_svc,2,0.44174052743490533,7,WLS,34
2,UPFC_Vsh,5-15,1.1079766052654996,7,WLS,34
3,UPFC_tsh,5-15,-0.23437631916516538,7,WLS,34
4,UPFC_Vse,5-15,0.05675119181828478,7,WLS,34
5,UPFC_tse,5-15,-2.1217177424869904,7,WLS,34
0,x_tcsc,1-14,-0.15255623229702267,8,WLS,34
1,B_svc,2,0.4414505809046505,8,WLS,34
2,UPFC_Vsh,5-15,1.107698133099366,8,WLS,34
3,UPFC_tsh,5-15,-0.23435562983990485,8,WLS,34
4,UPFC_Vse,5-15,0.05610833848810123,8,WLS,34
5,UPFC_tse,5-15,-2.12103494866959,8,WLS,34
0,x_tcsc,1-14,-0.15253991360273828,9,WLS,34
1,B_svc,2,0.441713798527034,9,WLS,34
2,UPFC_Vsh,5-15,1.1082331442186883,9,WLS,34
3,UPFC_tsh,5-15,-0.2343359122054009,9,WLS,34
4,UPFC_Vse,5-15,0.05643785076902981,9,WLS,34
5,UPFC_tse,5-15,-2.1182935678885255,9,WLS,34
0,x_tcsc,1-14,-0.15273945405330785,0,WLS,35
1,B_svc,2,0.4438489095626175,0,WLS,35
2,UPFC_Vsh,5-15,1.1079264695663948,0,WLS,35
3,UPFC_tsh,5-15,-0.23427861048741,0,WLS,35
4,UPFC_Vse,5-15,0.05640110336339526,0,WLS,35
5,UPFC_tse,5-15,-2.1216748471344458,0,WLS,35
0,x_tcsc,1-14,-0.15277814080762472,1,WLS,35
1,B_svc,2,0.44446062944513454,1,WLS,35
2,UPFC_Vsh,5-15,1.107709150693098,1,WLS,35
3,UPFC_tsh,5-15,-0.23430539081672072,1,WLS,35
4,UPFC_Vse,5-15,0.056740856003604595,1,WLS,35
5,UPFC_tse,5-15,-2.1182609232498457,1,WLS,35
0,x_tcsc,1-14,-0.1527603475579981,2,WLS,35
1,B_svc,2,0.4441219747682454,2,WLS,35
2,UPFC_Vsh,5-15,1.1078331380562587,2,WLS,35
3,UPFC_tsh,5-15,-0.23429849511328132,2,WLS,35
4,UPFC_Vse,5-15,0.05605817110620352,2,WLS,35
5,UPFC_tse,5-15,-2.119796545006539,2,WLS,35
0,x_tcsc,1-14,-0.15274916070966285,3,WLS,35
1,B_svc,2,0.4441357398578814,3,WLS,35
2,UPFC_Vsh,5-15,1.1084546128501647,3,WLS,35
3,UPFC_tsh,5-15,-0.23432406292555596,3,WLS,35
4,UPFC_Vse,5-15,0.05649956568114922,3,WLS,35
5,UPFC_tse,5-15,-2.1229663521067814,3,WLS,35
0,x_tcsc,1-14,-0.1527761592626918,4,WLS,35
1,B_svc,2,0.4444318036600571,4,WLS,35
2,UPFC_Vsh,5-15,1.1081400537480253,4,WLS,35
3,UPFC_tsh,5-15,-0.2343045930596618,4,WLS,35
4,UPFC_Vse,5-15,0.05656307153050878,4,WLS,35
5,UPFC_tse,5-15,-2.1191803429775637,4,WLS,35
0,x_tcsc,1-14,-0.15275502459581466,5,WLS,35
1,B_svc,2,0.44435789212833915,5,WLS,35
2,UPFC_Vsh,5-15,1.107893096365421,5,WLS,35
3,UPFC_tsh,5-15,-0.2343202329281379,5,WLS,35
4,UPFC_Vse,5-15,0.05615191530632458,5,WLS,35
5,UPFC_tse,5-15,-2.1208312165676846,5,WLS,35
0,x_tcsc,1-14,-0.15276556404317318,6,WLS,35
1,B_svc,2,0.44409440564629293,6,WLS,35
2,UPFC_Vsh,5-15,1.1081454083254825,6,WLS,35
3,UPFC_tsh,5-15,-0.23425892772783846,6,WLS,35
4,UPFC_Vse,5-15,0.05613401572508036,6,WLS,35
5,UPFC_tse,5-15,-2.12276694225141,6,WLS,35
0,x_tcsc,1-14,-0.15275037440212164,7,WLS,35
1,B_svc,2,0.4439813939068524,7,WLS,35
2,UPFC_Vsh,5-15,1.1079431714766788,7,WLS,35
3,UPFC_tsh,5-15,-0.23432967980396716,7,WLS,35
4,UPFC_Vse,5-15,0.05670362688138921,7,WLS,35
5,UPFC_tse,5-15,-2.1220422327873645,7,WLS,35
0,x_tcsc,1-14,-0.15276457689711817,8,WLS,35
1,B_svc,2,0.44369135091093237,8,WLS,35
2,UPFC_Vsh,5-15,1.107665823556196,8,WLS,35
3,UPFC_tsh,5-15,-0.23430879683855282,8,WLS,35
4,UPFC_Vse,5-15,0.05606022638700479,8,WLS,35
5,UPFC_tse,5-15,-2.1213644024586777,8,WLS,35
0,x_tcsc,1-14,-0.1527483219242465,9,WLS,35
1,B_svc,2,0.44395356523698176,9,WLS,35
2,UPFC_Vsh,5-15,1.1082006944333322,9,WLS,35
3,UPFC_tsh,5-15,-0.23428922368780225,9,WLS,35
4,UPFC_Vse,5-15,0.05638989520208377,9,WLS,35
5,UPFC_tse,5-15,-2.1186206497922786,9,WLS,35
0,x_tcsc,1-14,-0.1534207988000799,0,WLS,36
1,B_svc,2,0.45138608505369004,0,WLS,36
2,UPFC_Vsh,5-15,1.107824188521934,0,WLS,36
3,UPFC_tsh,5-15,-0.23372876716885402,0,WLS,36
4,UPFC_Vse,5-15,0.05649874371229747,0,WLS,36
5,UPFC_tse,5-15,-2.121338236923447,0,WLS,36
0,x_tcsc,1-14,-0.1534594901693099,1,WLS,36
1,B_svc,2,0.4520042587294592,1,WLS,36
2,UPFC_Vsh,5-15,1.1076044555609987,1,WLS,36
3,UPFC_tsh,5-15,-0.23375581604972762,1,WLS,36
4,UPFC_Vse,5-15,0.05683882000431102,1,WLS,36
5,UPFC_tse,5-15,-2.117933851678362,1,WLS,36
0,x_tcsc,1-14,-0.15344171411327925,2,WLS,36
1,B_svc,2,0.4516586388408475,2,WLS,36
2,UPFC_Vsh,5-15,1.107731222374127,2,WLS,36
3,UPFC_tsh,5-15,-0.23374866021371313,2,WLS,36
4,UPFC_Vse,5-15,0.05615556432430684,2,WLS,36
5,UPFC_tse,5-15,-2.1194661568095654,2,WLS,36
0,x_tcsc,1-14,-0.15343015035885774,3,WLS,36
1,B_svc,2,0.4516709395273144,3,WLS,36
2,UPFC_Vsh,5-15,1.1083504172396121,3,WLS,36
3,UPFC_tsh,5-15,-0.23377423940204559,3,WLS,36
4,UPFC_Vse,5-15,0.056597599466837865,3,WLS,36
5,UPFC_tse,5-15,-2.122625588451456,3,WLS,36
0,x_tcsc,1-14,-0.15345760508518225,4,WLS,36
1,B_svc,2,0.4519738215563841,4,WLS,36
2,UPFC_Vsh,5-15,1.1080384509358245,4,WLS,36
3,UPFC_tsh,5-15,-0.2337546814511443,4,WLS,36
4,UPFC_Vse,5-15,0.05666022323652806,4,WLS,36
5,UPFC_tse,5-15,-2.118848149282176,4,WLS,36
0,x_tcsc,1-14,-0.1534362090012792,5,WLS,36
1,B_svc,2,0.4519001989950947,5,WLS,36
2,UPFC_Vsh,5-15,1.1077900496288446,5,WLS,36
3,UPFC_tsh,5-15,-0.23377039974499964,5,WLS,36
4,UPFC_Vse,5-15,0.05624947298124039,5,WLS,36
5,UPFC_tse,5-15,-2.1204979116041716,5,WLS,36
0,x_tcsc,1-14,-0.1534469815906744,6,WLS,36
1,B_svc,2,0.45163205128171136,6,WLS,36
2,UPFC_Vsh,5-15,1.1080426156830638,6,WLS,36
3,UPFC_tsh,5-15,-0.2337093137355299,6,WLS,36
4,UPFC_Vse,5-15,0.0562318701850299,6,WLS,36
5,UPFC_tse,5-15,-2.122437724035333,6,WLS,36
0,x_tcsc,1-14,-0.15343132356086978,7,WLS,36
1,B_svc,2,0.45151704783707153,7,WLS,36
2,UPFC_Vsh,5-15,1.1078361417522733,7,WLS,36
3,UPFC_tsh,5-15,-0.2337801935711714,7,WLS,36
4,UPFC_Vse,5-15,0.05680214522161267,7,WLS,36
5,UPFC_tse,5-15,-2.1216999220577186,7,WLS,36
0,x_tcsc,1-14,-0.153445484663405,8,WLS,36
1,B_svc,2,0.45122739166829423,8,WLS,36
2,UPFC_Vsh,5-15,1.107561551420696,8,WLS,36
3,UPFC_tsh,5-15,-0.23375897734346293,8,WLS,36
4,UPFC_Vse,5-15,0.0561579137723315,8,WLS,36
5,UPFC_tse,5-15,-2.1210346096005614,8,WLS,36
0,x_tcsc,1-14,-0.1534294611868766,9,WLS,36
1,B_svc,2,0.4514859031438415,9,WLS,36
2,UPFC_Vsh,5-15,1.1080963865919555,9,WLS,36
3,UPFC_tsh,5-15,-0.23373972622475123,9,WLS,36
4,UPFC_Vse,5-15,0.05648793465279985,9,WLS,36
5,UPFC_tse,5-15,-2.1182950767517488,9,WLS,36
0,x_tcsc,1-14,-0.15332565225307102,0,WLS,37
1,B_svc,2,0.4503735811271294,0,WLS,37
2,UPFC_Vsh,5-15,1.1078504895819679,0,WLS,37
3,UPFC_tsh,5-15,-0.23376765787771248,0,WLS,37
4,UPFC_Vse,5-15,0.056489071122832066,0,WLS,37
5,UPFC_tse,5-15,-2.1211721374867953,0,WLS,37
0,x_tcsc,1-14,-0.1533643483105274,1,WLS,37
1,B_svc,2,0.4509909172908049,1,WLS,37
2,UPFC_Vsh,5-15,1.1076309512474616,1,WLS,37
3,UPFC_tsh,5-15,-0.23379464190731528,1,WLS,37
4,UPFC_Vse,5-15,0.05682909264311871,1,WLS,37
5,UPFC_tse,5-15,-2.117769153047929,1,WLS,37
0,x_tcsc,1-14,-0.1533465514912859,2,WLS,37
1,B_svc,2,0.450646283041395,2,WLS,37
2,UPFC_Vsh,5-15,1.1077574028166417,2,WLS,37
3,UPFC_tsh,5-15,-0.23378752661733201,2,WLS,37
4,UPFC_Vse,5-15,0.05614592668157518,2,WLS,37
5,UPFC_tse,5-15,-2.1192980328129405,2,WLS,37
0,x_tcsc,1-14,-0.1533350348454449,3,WLS,37
1,B_svc,2,0.45065882699187815,3,WLS,37
2,UPFC_Vsh,5-15,1.1083770242634325,3,WLS,37
3,UPFC_tsh,5-15,-0.2338130848882683,3,WLS,37
4,UPFC_Vse,5-15,0.05658776371721424,3,WLS,37
5,UPFC_tse,5-15,-2.12245892540922,3,WLS,37
0,x_tcsc,1-14,-0.1533624397817376,4,WLS,37
1,B_svc,2,0.4509607044827447,4,WLS,37
2,UPFC_Vsh,5-15,1.1080645124611537,4,WLS,37
3,UPFC_tsh,5-15,-0.2337935679096608,4,WLS,37
4,UPFC_Vse,5-15,0.056650610391695035,4,WLS,37
5,UPFC_tse,5-15,-2.118682190554472,4,WLS,37
0,x_tcsc,1-14,-0.15334106108488485,5,WLS,37
1,B_svc,2,0.45088710122959164,5,WLS,37
2,UPFC_Vsh,5-15,1.1078165163432232,5,WLS,37
3,UPFC_tsh,5-15,-0.23380925443424072,5,WLS,37
4,UPFC_Vse,5-15,0.05623975943277546,5,WLS,37
5,UPFC_tse,5-15,-2.1203285954148434,5,WLS,37
0,x_tcsc,1-14,-0.15335183931059304,6,WLS,37
1,B_svc,2,0.45061947269017094,6,WLS,37
2,UPFC_Vsh,5-15,1.108068947457406,6,WLS,37
3,UPFC_tsh,5-15,-0.2337481941239277,6,WLS,37
4,UPFC_Vse,5-15,0.056222166612131634,6,WLS,37
5,UPFC_tse,5-15,-2.122272995107472,6,WLS,37
0,x_tcsc,1-14,-0.15333621703139863,7,WLS,37
1,B_svc,2,0.4505048280662589,7,WLS,37
2,UPFC_Vsh,5-15,1.1078631936644294,7,WLS,37
3,UPFC_tsh,5-15,-0.23381897398153867,7,WLS,37
4,UPFC_Vse,5-15,0.05679217666737131,7,WLS,37
5,UPFC_tse,5-15,-2.1215341580473575,7,WLS,37
0,x_tcsc,1-14,-0.15335035167179104,8,WLS,37
1,B_svc,2,0.45021537658996247,8,WLS,37
2,UPFC_Vsh,5-15,1.1075880110708343,8,WLS,37
3,UPFC_tsh,5-15,-0.23379781415098214,8,WLS,37
4,UPFC_Vse,5-15,0.05614818991786638,8,WLS,37
5,UPFC_tse,5-15,-2.120866338598435,8,WLS,37
0,x_tcsc,1-14,-0.15333432927731688,9,WLS,37
1,B_svc,2,0.45047417751984886,9,WLS,37
2,UPFC_Vsh,5-15,1.1081229190874835,9,WLS,37
3,UPFC_tsh,5-15,-0.23377854113343982,9,WLS,37
4,UPFC_Vse,5-15,0.05647819731161401,9,WLS,37
5,UPFC_tse,5-15,-2.118128897411215,9,WLS,37
0,x_tcsc,1-14,-0.15404728690258424,0,WLS,38
1,B_svc,2,0.4583342378558453,0,WLS,38
2,UPFC_Vsh,5-15,1.1077581372109635,0,WLS,38
3,UPFC_tsh,5-15,-0.23325320178978842,0,WLS,38
4,UPFC_Vse,5-15,0.056548007981621774,0,WLS,38
5,UPFC_tse,5-15,-2.1215416700131473,0,WLS,38
0,x_tcsc,1-14,-0.15408586292539056,1,WLS,38
1,B_svc,2,0.4589589607207681,1,WLS,38
2,UPFC_Vsh,5-15,1.1075354789540095,1,WLS,38
3,UPFC_tsh,5-15,-0.23328040128863597,1,WLS,38
4,UPFC_Vse,5-15,0.05688831933669792,1,WLS,38
5,UPFC_tse,5-15,-2.118140721628693,1,WLS,38
0,x_tcsc,1-14,-0.1540681556495787,2,WLS,38
1,B_svc,2,0.4586066387752166,2,WLS,38
2,UPFC_Vsh,5-15,1.1076651430477047,2,WLS,38
3,UPFC_tsh,5-15,-0.23327304261095794,2,WLS,38
4,UPFC_Vse,5-15,0.05620452333963433,2,WLS,38
5,UPFC_tse,5-15,-2.1196782293901313,2,WLS,38
0,x_tcsc,1-14,-0.15405630985089108,3,WLS,38
1,B_svc,2,0.45861703885518884,3,WLS,38
2,UPFC_Vsh,5-15,1.1082823646306836,3,WLS,38
3,UPFC_tsh,5-15,-0.23329871071618322,3,WLS,38
4,UPFC_Vse,5-15,0.056647350578070584,3,WLS,38
5,UPFC_tse,5-15,-2.122827450871101,3,WLS,38
0,x_tcsc,1-14,-0.15408412097204446,4,WLS,38
1,B_svc,2,0.45892690765989846,4,WLS,38
2,UPFC_Vsh,5-15,1.10797256642318,4,WLS,38
3,UPFC_tsh,5-15,-0.2332790215893342,4,WLS,38
4,UPFC_Vse,5-15,0.05670904938677558,4,WLS,38
5,UPFC_tse,5-15,-2.119054432090734,4,WLS,38
0,x_tcsc,1-14,-0.1540625810341347,5,WLS,38
1,B_svc,2,0.45885295704372,5,WLS,38
2,UPFC_Vsh,5-15,1.1077229962476351,5,WLS,38
3,UPFC_tsh,5-15,-0.23329493844919927,5,WLS,38
4,UPFC_Vse,5-15,0.05629879278543367,5,WLS,38
5,UPFC_tse,5-15,-2.1207082733471916,5,WLS,38
0,x_tcsc,1-14,-0.1540734525520998,6,WLS,38
1,B_svc,2,0.45858102427457587,6,WLS,38
2,UPFC_Vsh,5-15,1.1079758514522509,6,WLS,38
3,UPFC_tsh,5-15,-0.2332338701031634,6,WLS,38
4,UPFC_Vse,5-15,0.056281288023197755,6,WLS,38
5,UPFC_tse,5-15,-2.122647205950758,6,WLS,38
0,x_tcsc,1-14,-0.15405741277675108,7,WLS,38
1,B_svc,2,0.458463579412037,7,WLS,38
2,UPFC_Vsh,5-15,1.1077654445191698,7,WLS,38
3,UPFC_tsh,5-15,-0.2333050080900991,7,WLS,38
4,UPFC_Vse,5-15,0.05685245894280602,7,WLS,38
5,UPFC_tse,5-15,-2.1218980121809636,7,WLS,38
0,x_tcsc,1-14,-0.1540715485879686,8,WLS,38
1,B_svc,2,0.4581743513203357,8,WLS,38
2,UPFC_Vsh,5-15,1.1074931864991604,8,WLS,38
3,UPFC_tsh,5-15,-0.2332833997782205,8,WLS,38
4,UPFC_Vse,5-15,0.05620725378879792,8,WLS,38
5,UPFC_tse,5-15,-2.1212487644410998,8,WLS,38
0,x_tcsc,1-14,-0.15405568776198825,9,WLS,38
1,B_svc,2,0.45842973515182545,9,WLS,38
2,UPFC_Vsh,5-15,1.108028106051619,9,WLS,38
3,UPFC_tsh,5-15,-0.2332644394872873,9,WLS,38
4,UPFC_Vse,5-15,0.05653749194226241,9,WLS,38
5,UPFC_tse,5-15,-2.118506109306172,9,WLS,38
0,x_tcsc,1-14,-0.15471662074360648,0,WLS,39
1,B_svc,2,0.46610034980734893,0,WLS,39
2,UPFC_Vsh,5-15,1.107649525699287,0,WLS,39
3,UPFC_tsh,5-15,-0.23290301201982294,0,WLS,39
4,UPFC_Vse,5-15,0.05654911853869276,0,WLS,39
5,UPFC_tse,5-15,-2.1220336976419962,0,WLS,39
0,x_tcsc,1-14,-0.15475514904319448,1,WLS,39
1,B_svc,2,0.4667317365113537,1,WLS,39
2,UPFC_Vsh,5-15,1.107424076980418,1,WLS,39
3,UPFC_tsh,5-15,-0.23293049504590105,1,WLS,39
4,UPFC_Vse,5-15,0.05688987947829467,1,WLS,39
5,UPFC_tse,5-15,-2.1186278761783024,1,WLS,39
0,x_tcsc,1-14,-0.15473750277760953,2,WLS,39
1,B_svc,2,0.466372253615026,2,WLS,39
2,UPFC_Vsh,5-15,1.1075567629396554,2,WLS,39
3,UPFC_tsh,5-15,-0.23292288787274587,2,WLS,39
4,UPFC_Vse,5-15,0.056205373619161614,2,WLS,39
5,UPFC_tse,5-15,-2.120175069485396,2,WLS,39
0,x_tcsc,1-14,-0.1547252964494884,3,WLS,39
1,B_svc,2,0.46638075875960505,3,WLS,39
2,UPFC_Vsh,5-15,1.108171528695051,3,WLS,39
3,UPFC_tsh,5-15,-0.23294862883488823,3,WLS,39
4,UPFC_Vse,5-15,0.056649182928469946,3,WLS,39
5,UPFC_tse,5-15,-2.1233146376402328,3,WLS,39
0,x_tcsc,1-14,-0.15475353940405295,4,WLS,39
1,B_svc,2,0.46669815311598994,4,WLS,39
2,UPFC_Vsh,5-15,1.107864527672811,4,WLS,39
3,UPFC_tsh,5-15,-0.23292879553731002,4,WLS,39
4,UPFC_Vse,5-15,0.056709849200775875,4,WLS,39
5,UPFC_tse,5-15,-2.1195457308483063,4,WLS,39
0,x_tcsc,1-14,-0.15473179174961418,5,WLS,39
1,B_svc,2,0.46662415613477076,5,WLS,39
2,UPFC_Vsh,5-15,1.1076132846876214,5,WLS,39
3,UPFC_tsh,5-15,-0.23294492065496628,5,WLS,39
4,UPFC_Vse,5-15,0.05630007637972033,5,WLS,39
5,UPFC_tse,5-15,-2.121205631065947,5,WLS,39
0,x_tcsc,1-14,-0.15474282139104828,6,WLS,39
1,B_svc,2,0.46634783918612854,6,WLS,39
2,UPFC_Vsh,5-15,1.1078665306810598,6,WLS,39
3,UPFC_tsh,5-15,-0.23288385392996705,6,WLS,39
4,UPFC_Vse,5-15,0.05628274930946581,6,WLS,39
5,UPFC_tse,5-15,-2.1231426498717063,6,WLS,39
0,x_tcsc,1-14,-0.15472633085133852,7,WLS,39
1,B_svc,2,0.4662276312121081,7,WLS,39
2,UPFC_Vsh,5-15,1.1076513576212161,7,WLS,39
3,UPFC_tsh,5-15,-0.23295537965979707,7,WLS,39
4,UPFC_Vse,5-15,0.05685509956078797,7,WLS,39
5,UPFC_tse,5-15,-2.1223810216196943,7,WLS,39
0,x_tcsc,1-14,-0.15474046480821757,8,WLS,39
1,B_svc,2,0.46593862447173195,8,WLS,39
2,UPFC_Vsh,5-15,1.1073824080508865,8,WLS,39
3,UPFC_tsh,5-15,-0.23293329974553692,8,WLS,39
4,UPFC_Vse,5-15,0.05620859825184271,8,WLS,39
5,UPFC_tse,5-15,-2.1217476173697594,8,WLS,39
0,x_tcsc,1-14,-0.15472480230428082,9,WLS,39
1,B_svc,2,0.4661906438029229,9,WLS,39
2,UPFC_Vsh,5-15,1.1079171432835688,9,WLS,39
3,UPFC_tsh,5-15,-0.23291467104470429,9,WLS,39
4,UPFC_Vse,5-15,0.05653915461728398,9,WLS,39
5,UPFC_tse,5-15,-2.1190014053226194,9,WLS,39
0,x_tcsc,1-14,-0.15463913774958088,0,WLS,40
1,B_svc,2,0.46523271103670066,0,WLS,40
2,UPFC_Vsh,5-15,1.11091392350429,0,WLS,40
3,UPFC_tsh,5-15,-0.23298536967756692,0,WLS,40
4,UPFC_Vse,5-15,0.05493014782592849,0,WLS,40
5,UPFC_tse,5-15,-2.0995080789122396,0,WLS,40
0,x_tcsc,1-14,-0.15468210328364543,1,WLS,40
1,B_svc,2,0.4659148034070641,1,WLS,40
2,UPFC_Vsh,5-15,1.1107607670798838,1,WLS,40
3,UPFC_tsh,5-15,-0.2330083161304393,1,WLS,40
4,UPFC_Vse,5-15,0.05529569664646552,1,WLS,40
5,UPFC_tse,5-15,-2.0963038566314856,1,WLS,40
0,x_tcsc,1-14,-0.15465898318764237,2,WLS,40
1,B_svc,2,0.465489624853546,2,WLS,40
2,UPFC_Vsh,5-15,1.110807194920627,2,WLS,40
3,UPFC_tsh,5-15,-0.2330068443594713,2,WLS,40
4,UPFC_Vse,5-15,0.05461495230018585,2,WLS,40
5,UPFC_tse,5-15,-2.0975316621392253,2,WLS,40
0,x_tcsc,1-14,-0.15465143871106668,3,WLS,40
1,B_svc,2,0.46555037293874757,3,WLS,40
2,UPFC_Vsh,5-15,1.1114907790241304,3,WLS,40
3,UPFC_tsh,5-15,-0.2330277177212748,3,WLS,40
4,UPFC_Vse,5-15,0.05503111305344332,3,WLS,40
5,UPFC_tse,5-15,-2.1008146930102676,3,WLS,40
0,x_tcsc,1-14,-0.15467483717814448,4,WLS,40
1,B_svc,2,0.46581060767238197,4,WLS,40
2,UPFC_Vsh,5-15,1.111117967582968,4,WLS,40
3,UPFC_tsh,5-15,-0.23301285485737933,4,WLS,40
4,UPFC_Vse,5-15,0.05511495738141114,4,WLS,40
5,UPFC_tse,5-15,-2.097184036387913,4,WLS,40
0,x_tcsc,1-14,-0.15465564308020466,5,WLS,40
1,B_svc,2,0.4657661835897811,5,WLS,40
2,UPFC_Vsh,5-15,1.1109021414599034,5,WLS,40
3,UPFC_tsh,5-15,-0.23302634576676864,5,WLS,40
4,UPFC_Vse,5-15,0.0547229830561603,5,WLS,40
5,UPFC_tse,5-15,-2.098640296255621,5,WLS,40
0,x_tcsc,1-14,-0.15466612716130795,6,WLS,40
1,B_svc,2,0.46549089042015984,6,WLS,40
2,UPFC_Vsh,5-15,1.1111483192803373,6,WLS,40
3,UPFC_tsh,5-15,-0.23296564983465212,6,WLS,40
4,UPFC_Vse,5-15,0.05470780899229194,6,WLS,40
5,UPFC_tse,5-15,-2.1004634885017075,6,WLS,40
0,x_tcsc,1-14,-0.15465815703753133,7,WLS,40
1,B_svc,2,0.4654708114768979,7,WLS,40
2,UPFC_Vsh,5-15,1.1110660240764265,7,WLS,40
3,UPFC_tsh,5-15,-0.23302803242179382,7,WLS,40
4,UPFC_Vse,5-15,0.05525848431407182,7,WLS,40
5,UPFC_tse,5-15,-2.1000209053633236,7,WLS,40
0,x_tcsc,1-14,-0.1546670231874159,8,WLS,40
1,B_svc,2,0.46511193842089754,8,WLS,40
2,UPFC_Vsh,5-15,1.1107043881724104,8,WLS,40
3,UPFC_tsh,5-15,-0.23301394053088775,8,WLS,40
4,UPFC_Vse,5-15,0.054641457456444845,8,WLS,40
5,UPFC_tse,5-15,-2.099094554072426,8,WLS,40
0,x_tcsc,1-14,-0.15465104320633738,9,WLS,40
1,B_svc,2,0.4653639027264921,9,WLS,40
2,UPFC_Vsh,5-15,1.1112377807127047,9,WLS,40
3,UPFC_tsh,5-15,-0.2329930907801264,9,WLS,40
4,UPFC_Vse,5-15,0.05497815212908083,9,WLS,40
5,UPFC_tse,5-15,-2.096282514476454,9,WLS,40
0,x_tcsc,1-14,-0.15526984011551723,0,WLS,41
1,B_svc,2,0.472735202270568,0,WLS,41
2,UPFC_Vsh,5-15,1.1109170127518913,0,WLS,41
3,UPFC_tsh,5-15,-0.23271586280083414,0,WLS,41
4,UPFC_Vse,5-15,0.05485602688822445,0,WLS,41
5,UPFC_tse,5-15,-2.100133770257582,0,WLS,41
0,x_tcsc,1-14,-0.15531295479057994,1,WLS,41
1,B_svc,2,0.47342687512752135,1,WLS,41
2,UPFC_Vsh,5-15,1.1107630212924111,1,WLS,41
3,UPFC_tsh,5-15,-0.23273889544634632,1,WLS,41
4,UPFC_Vse,5-15,0.055221708183510694,1,WLS,41
5,UPFC_tse,5-15,-2.096915848464332,1,WLS,41
0,x_tcsc,1-14,-0.155289638548667,2,WLS,41
1,B_svc,2,0.4729908518152124,2,WLS,41
2,UPFC_Vsh,5-15,1.1108100445917513,2,WLS,41
3,UPFC_tsh,5-15,-0.23273740658051686,2,WLS,41
4,UPFC_Vse,5-15,0.054540688780205876,2,WLS,41
5,UPFC_tse,5-15,-2.0981573860518212,2,WLS,41
0,x_tcsc,1-14,-0.15528195550780313,3,WLS,41
1,B_svc,2,0.47305280726683696,3,WLS,41
2,UPFC_Vsh,5-15,1.1114932246767673,3,WLS,41
3,UPFC_tsh,5-15,-0.2327581914349064,3,WLS,41
4,UPFC_Vse,5-15,0.05495744984903839,3,WLS,41
5,UPFC_tse,5-15,-2.1014339730774987,3,WLS,41
0,x_tcsc,1-14,-0.1553055567203518,4,WLS,41
1,B_svc,2,0.4733170640708175,4,WLS,41
2,UPFC_Vsh,5-15,1.1111209552345147,4,WLS,41
3,UPFC_tsh,5-15,-0.23274337833673342,4,WLS,41
4,UPFC_Vse,5-15,0.05504077616063575,4,WLS,41
5,UPFC_tse,5-15,-2.097805729706604,4,WLS,41
0,x_tcsc,1-14,-0.15528627736945877,5,WLS,41
1,B_svc,2,0.47327430098540035,5,WLS,41
2,UPFC_Vsh,5-15,1.1109046875450574,5,WLS,41
3,UPFC_tsh,5-15,-0.23275700234301677,5,WLS,41
4,UPFC_Vse,5-15,0.05464900984137485,5,WLS,41
5,UPFC_tse,5-15,-2.0992670668716205,5,WLS,41
0,x_tcsc,1-14,-0.15529690011192418,6,WLS,41
1,B_svc,2,0.472994822552526,6,WLS,41
2,UPFC_Vsh,5-15,1.1111511382771988,6,WLS,41
3,UPFC_tsh,5-15,-0.23269626056974643,6,WLS,41
4,UPFC_Vse,5-15,0.054633992881941845,6,WLS,41
5,UPFC_tse,5-15,-2.1010901095947916,6,WLS,41
0,x_tcsc,1-14,-0.15528885372605503,7,WLS,41
1,B_svc,2,0.47297784869591863,7,WLS,41
2,UPFC_Vsh,5-15,1.111067836239089,7,WLS,41
3,UPFC_tsh,5-15,-0.2327587550029544,7,WLS,41
4,UPFC_Vse,5-15,0.05518523215781347,7,WLS,41
5,UPFC_tse,5-15,-2.100632726178291,7,WLS,41
0,x_tcsc,1-14,-0.15529745845767542,8,WLS,41
1,B_svc,2,0.47261509436194704,8,WLS,41
2,UPFC_Vsh,5-15,1.1107070269144523,8,WLS,41
3,UPFC_tsh,5-15,-0.23274435961806733,8,WLS,41
4,UPFC_Vse,5-15,0.0545673244754262,8,WLS,41
5,UPFC_tse,5-15,-2.0997215519986856,8,WLS,41
0,x_tcsc,1-14,-0.15528168487153088,9,WLS,41
1,B_svc,2,0.47286388215693437,9,WLS,41
2,UPFC_Vsh,5-15,1.1112402742507206,9,WLS,41
3,UPFC_tsh,5-15,-0.23272385427613768,9,WLS,41
4,UPFC_Vse,5-15,0.05490428830681787,9,WLS,41
5,UPFC_tse,5-15,-2.096903228368552,9,WLS,41
0,x_tcsc,1-14,-0.15461587106427926,0,WLS,42
1,B_svc,2,0.46488884422578375,0,WLS,42
2,UPFC_Vsh,5-15,1.110943514674339,0,WLS,42
3,UPFC_tsh,5-15,-0.23305534366093422,0,WLS,42
4,UPFC_Vse,5-15,0.05488015334362351,0,WLS,42
5,UPFC_tse,5-15,-2.0996605176807783,0,WLS,42
0,x_tcsc,1-14,-0.15465878114809992,1,WLS,42
1,B_svc,2,0.46557094672254373,1,WLS,42
2,UPFC_Vsh,5-15,1.110789797214977,1,WLS,42
3,UPFC_tsh,5-15,-0.23307823560425212,1,WLS,42
4,UPFC_Vse,5-15,0.05524576664713117,1,WLS,42
5,UPFC_tse,5-15,-2.0964522501270473,1,WLS,42
0,x_tcsc,1-14,-0.15463568937399763,2,WLS,42
1,B_svc,2,0.4651460216423541,2,WLS,42
2,UPFC_Vsh,5-15,1.1108364435120812,2,WLS,42
3,UPFC_tsh,5-15,-0.23307679586507968,2,WLS,42
4,UPFC_Vse,5-15,0.054564968946201366,2,WLS,42
5,UPFC_tse,5-15,-2.0976817184925025,2,WLS,42
0,x_tcsc,1-14,-0.15462816258319179,3,WLS,42
1,B_svc,2,0.4652066192050447,3,WLS,42
2,UPFC_Vsh,5-15,1.1115201813535045,3,WLS,42
3,UPFC_tsh,5-15,-0.23309769245095083,3,WLS,42
4,UPFC_Vse,5-15,0.05498119486793864,3,WLS,42
5,UPFC_tse,5-15,-2.1009667723314056,3,WLS,42
0,x_tcsc,1-14,-0.15465153666818265,4,WLS,42
1,B_svc,2,0.4654668763047525,4,WLS,42
2,UPFC_Vsh,5-15,1.111147076710208,4,WLS,42
3,UPFC_tsh,5-15,-0.23308282387682588,4,WLS,42
4,UPFC_Vse,5-15,0.05506508131521487,4,WLS,42
5,UPFC_tse,5-15,-2.0973351521637644,4,WLS,42
0,x_tcsc,1-14,-0.15463237695363474,5,WLS,42
1,B_svc,2,0.4654221744580186,5,WLS,42
2,UPFC_Vsh,5-15,1.1109314281005844,5,WLS,42
3,UPFC_tsh,5-15,-0.2330963830520812,5,WLS,42
4,UPFC_Vse,5-15,0.05467311069560709,5,WLS,42
5,UPFC_tse,5-15,-2.0987912582660067,5,WLS,42
0,x_tcsc,1-14,-0.1546428332664599,6,WLS,42
1,B_svc,2,0.46514713689891546,6,WLS,42
2,UPFC_Vsh,5-15,1.1111776541870753,6,WLS,42
3,UPFC_tsh,5-15,-0.23303559485779818,6,WLS,42
4,UPFC_Vse,5-15,0.05465788239984917,6,WLS,42
5,UPFC_tse,5-15,-2.1006159351162927,6,WLS,42
0,x_tcsc,1-14,-0.15463488134914147,7,WLS,42
1,B_svc,2,0.46512691909931697,7,WLS,42
2,UPFC_Vsh,5-15,1.1110953437131605,7,WLS,42
3,UPFC_tsh,5-15,-0.2330980436387747,7,WLS,42
4,UPFC_Vse,5-15,0.05520866740028624,7,WLS,42
5,UPFC_tse,5-15,-2.1001718612818436,7,WLS,42
0,x_tcsc,1-14,-0.15464372974978566,8,WLS,42
1,B_svc,2,0.4647683057258316,8,WLS,42
2,UPFC_Vsh,5-15,1.1107335376411753,8,WLS,42
3,UPFC_tsh,5-15,-0.2330838867856908,8,WLS,42
4,UPFC_Vse,5-15,0.054591540355825044,8,WLS,42
5,UPFC_tse,5-15,-2.0992461038214523,8,WLS,42
0,x_tcsc,1-14,-0.1546277469603412,9,WLS,42
1,B_svc,2,0.4650203927921656,9,WLS,42
2,UPFC_Vsh,5-15,1.1112669963711233,9,WLS,42
3,UPFC_tsh,5-15,-0.23306305459802812,9,WLS,42
4,UPFC_Vse,5-15,0.05492823601507179,9,WLS,42
5,UPFC_tse,5-15,-2.096432189797106,9,WLS,42
0,x_tcsc,1-14,-0.15411775984152867,0,WLS,43
1,B_svc,2,0.459156310142256,0,WLS,43
2,UPFC_Vsh,5-15,1.110909998900741,0,WLS,43
3,UPFC_tsh,5-15,-0.2333085648284008,0,WLS,43
4,UPFC_Vse,5-15,0.05491628154143722,0,WLS,43
5,UPFC_tse,5-15,-2.099603842027811,0,WLS,43
0,x_tcsc,1-14,-0.154160583091472,1,WLS,43
1,B_svc,2,0.4598307865707781,1,WLS,43
2,UPFC_Vsh,5-15,1.110757414565492,1,WLS,43
3,UPFC_tsh,5-15,-0.23333141909110452,1,WLS,43
4,UPFC_Vse,5-15,0.05528174251230938,1,WLS,43
5,UPFC_tse,5-15,-2.0964000132765093,1,WLS,43
0,x_tcsc,1-14,-0.15413763054682283,2,WLS,43
1,B_svc,2,0.45941425793760216,2,WLS,43
2,UPFC_Vsh,5-15,1.1108034348276445,2,WLS,43
3,UPFC_tsh,5-15,-0.23332999495816328,2,WLS,43
4,UPFC_Vse,5-15,0.05460116756436223,2,WLS,43
5,UPFC_tse,5-15,-2.097626228274342,2,WLS,43
0,x_tcsc,1-14,-0.1541302287431469,3,WLS,43
1,B_svc,2,0.4594739094356273,3,WLS,43
2,UPFC_Vsh,5-15,1.1114873804983252,3,WLS,43
3,UPFC_tsh,5-15,-0.233350950389561,3,WLS,43
4,UPFC_Vse,5-15,0.05501701320323716,3,WLS,43
5,UPFC_tse,5-15,-2.10091434273069,3,WLS,43
0,x_tcsc,1-14,-0.15415343284118815,4,WLS,43
1,B_svc,2,0.45973102918463504,4,WLS,43
2,UPFC_Vsh,5-15,1.1111141081578286,4,WLS,43
3,UPFC_tsh,5-15,-0.2333360491748515,4,WLS,43
4,UPFC_Vse,5-15,0.05510124084337244,4,WLS,43
5,UPFC_tse,5-15,-2.097278988501899,4,WLS,43
0,x_tcsc,1-14,-0.15413434188813838,5,WLS,43
1,B_svc,2,0.4596851359337666,5,WLS,43
2,UPFC_Vsh,5-15,1.1108986124187277,5,WLS,43
3,UPFC_tsh,5-15,-0.23334949913958083,5,WLS,43
4,UPFC_Vse,5-15,0.054709119435139765,5,WLS,43
5,UPFC_tse,5-15,-2.0987354785322125,5,WLS,43
0,x_tcsc,1-14,-0.15414466252142978,6,WLS,43
1,B_svc,2,0.45941349474468457,6,WLS,43
2,UPFC_Vsh,5-15,1.111144565985576,6,WLS,43
3,UPFC_tsh,5-15,-0.23328871083630845,6,WLS,43
4,UPFC_Vse,5-15,0.05469375152411294,6,WLS,43
5,UPFC_tse,5-15,-2.1005561794169427,6,WLS,43
0,x_tcsc,1-14,-0.15413678465751723,7,WLS,43
1,B_svc,2,0.4593907439457266,7,WLS,43
2,UPFC_Vsh,5-15,1.1110630464973936,7,WLS,43
3,UPFC_tsh,5-15,-0.2333511151482977,7,WLS,43
4,UPFC_Vse,5-15,0.05524421520144322,7,WLS,43
5,UPFC_tse,5-15,-2.1001249771538553,7,WLS,43
0,x_tcsc,1-14,-0.15414587694585088,8,WLS,43
1,B_svc,2,0.45903475831268287,8,WLS,43
2,UPFC_Vsh,5-15,1.1107009778026107,8,WLS,43
3,UPFC_tsh,5-15,-0.2333371920174345,8,WLS,43
4,UPFC_Vse,5-15,0.05462764069555988,8,WLS,43
5,UPFC_tse,5-15,-2.099188456040571,8,WLS,43
0,x_tcsc,1-14,-0.15412970535797685,9,WLS,43
1,B_svc,2,0.4592895457730183,9,WLS,43
2,UPFC_Vsh,5-15,1.1112343506129085,9,WLS,43
3,UPFC_tsh,5-15,-0.2333160928290043,9,WLS,43
4,UPFC_Vse,5-15,0.054964104133419935,9,WLS,43
5,UPFC_tse,5-15,-2.096375785331054,9,WLS,43
0,x_tcsc,1-14,-0.15387874679274557,0,WLS,44
1,B_svc,2,0.4565698570495304,0,WLS,44
2,UPFC_Vsh,5-15,1.1109049339966333,0,WLS,44
3,UPFC_tsh,5-15,-0.2335531036612035,0,WLS,44
4,UPFC_Vse,5-15,0.05486858632976494,0,WLS,44
5,UPFC_tse,5-15,-2.0990659333095367,0,WLS,44
0,x_tcsc,1-14,-0.15392157183894217,1,WLS,44
1,B_svc,2,0.45724080656065563,1,WLS,44
2,UPFC_Vsh,5-15,1.1107525111717378,1,WLS,44
3,UPFC_tsh,5-15,-0.23357596170983386,1,WLS,44
4,UPFC_Vse,5-15,0.05523426922281608,1,WLS,44
5,UPFC_tse,5-15,-2.0958627353022896,1,WLS,44
0,x_tcsc,1-14,-0.15389865565971247,2,WLS,44
1,B_svc,2,0.4568281927120435,2,WLS,44
2,UPFC_Vsh,5-15,1.1107983966870272,2,WLS,44
3,UPFC_tsh,5-15,-0.23357456205175078,2,WLS,44
4,UPFC_Vse,5-15,0.0545536421582314,2,WLS,44
5,UPFC_tse,5-15,-2.097078508877825,2,WLS,44
0,x_tcsc,1-14,-0.15389126902516792,3,WLS,44
1,B_svc,2,0.4568876609019866,3,WLS,44
2,UPFC_Vsh,5-15,1.1114824740676013,3,WLS,44
3,UPFC_tsh,5-15,-0.2335955033151511,3,WLS,44
4,UPFC_Vse,5-15,0.054969245452598584,3,WLS,44
5,UPFC_tse,5-15,-2.100376466249003,3,WLS,44
0,x_tcsc,1-14,-0.15391443573063676,4,WLS,44
1,B_svc,2,0.45714311028555193,4,WLS,44
2,UPFC_Vsh,5-15,1.1111089698256045,4,WLS,44
3,UPFC_tsh,5-15,-0.23358062698421292,4,WLS,44
4,UPFC_Vse,5-15,0.0550538444087867,4,WLS,44
5,UPFC_tse,5-15,-2.0967402377835325,4,WLS,44
0,x_tcsc,1-14,-0.15389533177979595,5,WLS,44
1,B_svc,2,0.4570968699636405,5,WLS,44
2,UPFC_Vsh,5-15,1.1108936839917762,5,WLS,44
3,UPFC_tsh,5-15,-0.23359405211018722,5,WLS,44
4,UPFC_Vse,5-15,0.05466152980757186,5,WLS,44
5,UPFC_tse,5-15,-2.098189720331128,5,WLS,44
0,x_tcsc,1-14,-0.1539056727474814,6,WLS,44
1,B_svc,2,0.456826441652946,6,WLS,44
2,UPFC_Vsh,5-15,1.111139515024652,6,WLS,44
3,UPFC_tsh,5-15,-0.23353325493302748,6,WLS,44
4,UPFC_Vse,5-15,0.05464613744737758,6,WLS,44
5,UPFC_tse,5-15,-2.1000160111056116,6,WLS,44
0,x_tcsc,1-14,-0.15389777844828234,7,WLS,44
1,B_svc,2,0.4568028267250183,7,WLS,44
2,UPFC_Vsh,5-15,1.111058105811843,7,WLS,44
3,UPFC_tsh,5-15,-0.23359564301508443,7,WLS,44
4,UPFC_Vse,5-15,0.05519647301802317,7,WLS,44
5,UPFC_tse,5-15,-2.0995909176738845,7,WLS,44
0,x_tcsc,1-14,-0.15390692828889888,8,WLS,44
1,B_svc,2,0.4564482536488448,8,WLS,44
2,UPFC_Vsh,5-15,1.1106960803487,8,WLS,44
3,UPFC_tsh,5-15,-0.23358176488095547,8,WLS,44
4,UPFC_Vse,5-15,0.05458005466509118,8,WLS,44
5,UPFC_tse,5-15,-2.0986417516713956,8,WLS,44
0,x_tcsc,1-14,-0.153890741240039,9,WLS,44
1,B_svc,2,0.4567039788011745,9,WLS,44
2,UPFC_Vsh,5-15,1.1112293440565173,9,WLS,44
3,UPFC_tsh,5-15,-0.23356061223952987,9,WLS,44
4,UPFC_Vse,5-15,0.05491665392830688,9,WLS,44
5,UPFC_tse,5-15,-2.0958349868487813,9,WLS,44
0,x_tcsc,1-14,-0.1534518178351591,0,WLS,45
1,B_svc,2,0.451883616606,0,WLS,45
2,UPFC_Vsh,5-15,1.1109119236181493,0,WLS,45
3,UPFC_tsh,5-15,-0.23392296705063634,0,WLS,45
4,UPFC_Vse,5-15,0.05478840002133412,0,WLS,45
5,UPFC_tse,5-15,-2.099108425829402,0,WLS,45
0,x_tcsc,1-14,-0.15349457361695545,1,WLS,45
1,B_svc,2,0.45254853497042474,1,WLS,45
2,UPFC_Vsh,5-15,1.1107597217826297,1,WLS,45
3,UPFC_tsh,5-15,-0.2339457660819526,1,WLS,45
4,UPFC_Vse,5-15,0.055154189592870974,1,WLS,45
5,UPFC_tse,5-15,-2.095900425137707,1,WLS,45
0,x_tcsc,1-14,-0.15347175698421775,2,WLS,45
1,B_svc,2,0.4521427483630019,2,WLS,45
2,UPFC_Vsh,5-15,1.110805385939077,2,WLS,45
3,UPFC_tsh,5-15,-0.23394441430580193,2,WLS,45
4,UPFC_Vse,5-15,0.054473589934286165,2,WLS,45
5,UPFC_tse,5-15,-2.097112866274847,2,WLS,45
0,x_tcsc,1-14,-0.15346444758430924,3,WLS,45
1,B_svc,2,0.45220158260646603,3,WLS,45
2,UPFC_Vsh,5-15,1.111489809186214,3,WLS,45
3,UPFC_tsh,5-15,-0.23396538082649992,3,WLS,45
4,UPFC_Vse,5-15,0.05488891602794213,3,WLS,45
5,UPFC_tse,5-15,-2.100417421035595,3,WLS,45
0,x_tcsc,1-14,-0.15348749856038824,4,WLS,45
1,B_svc,2,0.4524543757530584,4,WLS,45
2,UPFC_Vsh,5-15,1.111115780719835,4,WLS,45
3,UPFC_tsh,5-15,-0.2339505206915422,4,WLS,45
4,UPFC_Vse,5-15,0.05497397572161195,4,WLS,45
5,UPFC_tse,5-15,-2.0967795777620992,4,WLS,45
0,x_tcsc,1-14,-0.153468431250849,5,WLS,45
1,B_svc,2,0.4524072144610032,5,WLS,45
2,UPFC_Vsh,5-15,1.1109008990717935,5,WLS,45
3,UPFC_tsh,5-15,-0.2339639187200102,5,WLS,45
4,UPFC_Vse,5-15,0.05458143933189249,5,WLS,45
5,UPFC_tse,5-15,-2.09822468108832,5,WLS,45
0,x_tcsc,1-14,-0.1534787257788429,6,WLS,45
1,B_svc,2,0.45213935661758653,6,WLS,45
2,UPFC_Vsh,5-15,1.1111464860658857,6,WLS,45
3,UPFC_tsh,5-15,-0.23390305936674397,6,WLS,45
4,UPFC_Vse,5-15,0.05456598401150105,6,WLS,45
5,UPFC_tse,5-15,-2.1000572433866473,6,WLS,45
0,x_tcsc,1-14,-0.15347084949875528,7,WLS,45
1,B_svc,2,0.45211386456031644,7,WLS,45
2,UPFC_Vsh,5-15,1.111065533908776,7,WLS,45
3,UPFC_tsh,5-15,-0.23396545755429998,7,WLS,45
4,UPFC_Vse,5-15,0.05511612881756929,7,WLS,45
5,UPFC_tse,5-15,-2.0996358943831326,7,WLS,45
0,x_tcsc,1-14,-0.15348012697898508,8,WLS,45
1,B_svc,2,0.4517617282100493,8,WLS,45
2,UPFC_Vsh,5-15,1.1107033330616813,8,WLS,45
3,UPFC_tsh,5-15,-0.23395165146393676,8,WLS,45
4,UPFC_Vse,5-15,0.054500004607430985,8,WLS,45
5,UPFC_tse,5-15,-2.0986762975398676,8,WLS,45
0,x_tcsc,1-14,-0.1534638589209388,9,WLS,45
1,B_svc,2,0.45201939210957764,9,WLS,45
2,UPFC_Vsh,5-15,1.1112365021795605,9,WLS,45
3,UPFC_tsh,5-15,-0.23393036626001731,9,WLS,45
4,UPFC_Vse,5-15,0.05483654387522601,9,WLS,45
5,UPFC_tse,5-15,-2.095871942611323,9,WLS,45
0,x_tcsc,1-14,-0.1542843125625677,0,WLS,46
1,B_svc,2,0.46111857834367576,0,WLS,46
2,UPFC_Vsh,5-15,1.1109278770694486,0,WLS,46
3,UPFC_tsh,5-15,-0.23327349125849947,0,WLS,46
4,UPFC_Vse,5-15,0.05488013236540449,0,WLS,46
5,UPFC_tse,5-15,-2.099378511290746,0,WLS,46
0,x_tcsc,1-14,-0.15432718882488308,1,WLS,46
1,B_svc,2,0.4617956065395868,1,WLS,46
2,UPFC_Vsh,5-15,1.1107747440619187,1,WLS,46
3,UPFC_tsh,5-15,-0.23329637444026569,1,WLS,46
4,UPFC_Vse,5-15,0.05524577805469865,1,WLS,46
5,UPFC_tse,5-15,-2.09617306484263,1,WLS,46
0,x_tcsc,1-14,-0.1543041758526813,2,WLS,46
1,B_svc,2,0.46137627995829367,2,WLS,46
2,UPFC_Vsh,5-15,1.1108210319613057,2,WLS,46
3,UPFC_tsh,5-15,-0.23329494607183182,2,WLS,46
4,UPFC_Vse,5-15,0.05456506016809884,2,WLS,46
5,UPFC_tse,5-15,-2.0973959476257114,2,WLS,46
0,x_tcsc,1-14,-0.15429670366097067,3,WLS,46
1,B_svc,2,0.46143640144222936,3,WLS,46
2,UPFC_Vsh,5-15,1.1115049183923944,3,WLS,46
3,UPFC_tsh,5-15,-0.23331586105762775,3,WLS,46
4,UPFC_Vse,5-15,0.05498099509912274,3,WLS,46
5,UPFC_tse,5-15,-2.100686235091183,3,WLS,46
0,x_tcsc,1-14,-0.154319991325768,4,WLS,46
1,B_svc,2,0.46169444833541834,4,WLS,46
2,UPFC_Vsh,5-15,1.1111316319124735,4,WLS,46
3,UPFC_tsh,5-15,-0.23330098948922695,4,WLS,46
4,UPFC_Vse,5-15,0.055065201045362076,4,WLS,46
5,UPFC_tse,5-15,-2.0970532014360814,4,WLS,46
0,x_tcsc,1-14,-0.15430085014650144,5,WLS,46
1,B_svc,2,0.46164907211469736,5,WLS,46
2,UPFC_Vsh,5-15,1.1109161481640706,5,WLS,46
3,UPFC_tsh,5-15,-0.23331447940864716,5,WLS,46
4,UPFC_Vse,5-15,0.05467307149075044,5,WLS,46
5,UPFC_tse,5-15,-2.0985059207020793,5,WLS,46
0,x_tcsc,1-14,-0.15431126566534775,6,WLS,46
1,B_svc,2,0.4613760619598214,6,WLS,46
2,UPFC_Vsh,5-15,1.1111622021536403,6,WLS,46
3,UPFC_tsh,5-15,-0.23325370497980416,6,WLS,46
4,UPFC_Vse,5-15,0.05465779182022608,6,WLS,46
5,UPFC_tse,5-15,-2.100332096425349,6,WLS,46
0,x_tcsc,1-14,-0.154303333807593,7,WLS,46
1,B_svc,2,0.4613543570731726,7,WLS,46
2,UPFC_Vsh,5-15,1.1110802780215827,7,WLS,46
3,UPFC_tsh,5-15,-0.23331611633510493,7,WLS,46
4,UPFC_Vse,5-15,0.055208345387866245,7,WLS,46
5,UPFC_tse,5-15,-2.0998955608251664,7,WLS,46
0,x_tcsc,1-14,-0.1543123138739432,8,WLS,46
1,B_svc,2,0.4609976113489847,8,WLS,46
2,UPFC_Vsh,5-15,1.1107183562769087,8,WLS,46
3,UPFC_tsh,5-15,-0.23330208967525032,8,WLS,46
4,UPFC_Vse,5-15,0.054591566341023856,8,WLS,46
5,UPFC_tse,5-15,-2.098959714327685,8,WLS,46
0,x_tcsc,1-14,-0.15429624555802945,9,WLS,46
1,B_svc,2,0.46125129437882584,9,WLS,46
2,UPFC_Vsh,5-15,1.1112517479005652,9,WLS,46
3,UPFC_tsh,5-15,-0.23328111097761386,9,WLS,46
4,UPFC_Vse,5-15,0.05492820875645534,9,WLS,46
5,UPFC_tse,5-15,-2.096149597437829,9,WLS,46
0,x_tcsc,1-14,-0.15375074582932433,0,WLS,47
1,B_svc,2,0.4550342973294705,0,WLS,47
2,UPFC_Vsh,5-15,1.1109133897033265,0,WLS,47
3,UPFC_tsh,5-15,-0.2335855356229941,0,WLS,47
4,UPFC_Vse,5-15,0.0548951053562149,0,WLS,47
5,UPFC_tse,5-15,-2.0994386695771587,0,WLS,47
0,x_tcsc,1-14,-0.1537935021979628,1,WLS,47
1,B_svc,2,0.45570348243958797,1,WLS,47
2,UPFC_Vsh,5-15,1.1107610892926323,1,WLS,47
3,UPFC_tsh,5-15,-0.23360835961050191,1,WLS,47
4,UPFC_Vse,5-15,0.05526063728402694,1,WLS,47
5,UPFC_tse,5-15,-2.0962358033258983,1,WLS,47
0,x_tcsc,1-14,-0.15377065113158153,2,WLS,47
1,B_svc,2,0.45529291400753186,2,WLS,47
2,UPFC_Vsh,5-15,1.1108068316195234,2,WLS,47
3,UPFC_tsh,5-15,-0.23360695458223094,2,WLS,47
4,UPFC_Vse,5-15,0.05458012130576925,2,WLS,47
5,UPFC_tse,5-15,-2.097456332974132,2,WLS,47
0,x_tcsc,1-14,-0.1537633098145485,3,WLS,47
1,B_svc,2,0.45535201535037256,3,WLS,47
2,UPFC_Vsh,5-15,1.1114909964496666,3,WLS,47
3,UPFC_tsh,5-15,-0.2336279516784272,3,WLS,47
4,UPFC_Vse,5-15,0.054995702713124914,3,WLS,47
5,UPFC_tse,5-15,-2.100750139921313,3,WLS,47
0,x_tcsc,1-14,-0.15378641323161946,4,WLS,47
1,B_svc,2,0.45560682822628046,4,WLS,47
2,UPFC_Vsh,5-15,1.1111173845816904,4,WLS,47
3,UPFC_tsh,5-15,-0.2336130329519378,4,WLS,47
4,UPFC_Vse,5-15,0.055080270157895364,4,WLS,47
5,UPFC_tse,5-15,-2.0971133073040487,4,WLS,47
0,x_tcsc,1-14,-0.15376736122310114,5,WLS,47
1,B_svc,2,0.45556009647058765,5,WLS,47
2,UPFC_Vsh,5-15,1.1109021401153942,5,WLS,47
3,UPFC_tsh,5-15,-0.233626443122152,5,WLS,47
4,UPFC_Vse,5-15,0.05468798828161394,5,WLS,47
5,UPFC_tse,5-15,-2.098566342622873,5,WLS,47
0,x_tcsc,1-14,-0.15377763144664103,6,WLS,47
1,B_svc,2,0.45529069730699817,6,WLS,47
2,UPFC_Vsh,5-15,1.111147968819951,6,WLS,47
3,UPFC_tsh,5-15,-0.2335656282106025,6,WLS,47
4,UPFC_Vse,5-15,0.05467255770108101,6,WLS,47
5,UPFC_tse,5-15,-2.1003895803779273,6,WLS,47
0,x_tcsc,1-14,-0.15376977910757098,7,WLS,47
1,B_svc,2,0.45526632278352935,7,WLS,47
2,UPFC_Vsh,5-15,1.1110667836303965,7,WLS,47
3,UPFC_tsh,5-15,-0.23362803633036133,7,WLS,47
4,UPFC_Vse,5-15,0.055222825194258245,7,WLS,47
5,UPFC_tse,5-15,-2.0999644277368428,7,WLS,47
0,x_tcsc,1-14,-0.15377899669022785,8,WLS,47
1,B_svc,2,0.45491242024235135,8,WLS,47
2,UPFC_Vsh,5-15,1.1107044828652426,8,WLS,47
3,UPFC_tsh,5-15,-0.23361422029616344,8,WLS,47
4,UPFC_Vse,5-15,0.054606594646293936,8,WLS,47
5,UPFC_tse,5-15,-2.099018672377104,8,WLS,47
0,x_tcsc,1-14,-0.15376273967187787,9,WLS,47
1,B_svc,2,0.4551689393527012,9,WLS,47
2,UPFC_Vsh,5-15,1.111237859655466,9,WLS,47
3,UPFC_tsh,5-15,-0.23359295963479676,9,WLS,47
4,UPFC_Vse,5-15,0.054942962799317326,9,WLS,47
5,UPFC_tse,5-15,-2.096209096215998,9,WLS,47
0,x_tcsc,1-14,-0.1537558250642767,0,WLS,48
1,B_svc,2,0.45535438352585467,0,WLS,48
2,UPFC_Vsh,5-15,1.1109035575011237,0,WLS,48
3,UPFC_tsh,5-15,-0.23351740228251586,0,WLS,48
4,UPFC_Vse,5-15,0.05490291409578309,0,WLS,48
5,UPFC_tse,5-15,-2.098711739418759,0,WLS,48
0,x_tcsc,1-14,-0.15379867240331993,1,WLS,48
1,B_svc,2,0.45602340218329446,1,WLS,48
2,UPFC_Vsh,5-15,1.1107514865402532,1,WLS,48
3,UPFC_tsh,5-15,-0.23354022794758786,1,WLS,48
4,UPFC_Vse,5-15,0.055268477642196126,1,WLS,48
5,UPFC_tse,5-15,-2.0955156325191022,1,WLS,48
0,x_tcsc,1-14,-0.15377573979890888,2,WLS,48
1,B_svc,2,0.45561289058341115,2,WLS,48
2,UPFC_Vsh,5-15,1.1107972558865198,2,WLS,48
3,UPFC_tsh,5-15,-0.23353882259558123,2,WLS,48
4,UPFC_Vse,5-15,0.05458796574450543,2,WLS,48
5,UPFC_tse,5-15,-2.0967240712495405,2,WLS,48
0,x_tcsc,1-14,-0.15376836357399434,3,WLS,48
1,B_svc,2,0.45567226657023385,3,WLS,48
2,UPFC_Vsh,5-15,1.11148152367714,3,WLS,48
3,UPFC_tsh,5-15,-0.23355972520905738,3,WLS,48
4,UPFC_Vse,5-15,0.05500323872424037,3,WLS,48
5,UPFC_tse,5-15,-2.1000197276005697,3,WLS,48
0,x_tcsc,1-14,-0.15379152855445935,4,WLS,48
1,B_svc,2,0.4559267875537935,4,WLS,48
2,UPFC_Vsh,5-15,1.111107753756541,4,WLS,48
3,UPFC_tsh,5-15,-0.2335449049889134,4,WLS,48
4,UPFC_Vse,5-15,0.055088088680076204,4,WLS,48
5,UPFC_tse,5-15,-2.096387801305771,4,WLS,48
0,x_tcsc,1-14,-0.15377237625756776,5,WLS,48
1,B_svc,2,0.4558805662779053,5,WLS,48
2,UPFC_Vsh,5-15,1.1108927865028408,5,WLS,48
3,UPFC_tsh,5-15,-0.2335582122770863,5,WLS,48
4,UPFC_Vse,5-15,0.05469564670556937,5,WLS,48
5,UPFC_tse,5-15,-2.097830930042097,5,WLS,48
0,x_tcsc,1-14,-0.15378278257654304,6,WLS,48
1,B_svc,2,0.45561059951865035,6,WLS,48
2,UPFC_Vsh,5-15,1.1111383051264083,6,WLS,48
3,UPFC_tsh,5-15,-0.23349758547470714,6,WLS,48
4,UPFC_Vse,5-15,0.05468036026135608,6,WLS,48
5,UPFC_tse,5-15,-2.099666842407353,6,WLS,48
0,x_tcsc,1-14,-0.15377483259837282,7,WLS,48
1,B_svc,2,0.4555864805702246,7,WLS,48
2,UPFC_Vsh,5-15,1.1110574148437118,7,WLS,48
3,UPFC_tsh,5-15,-0.23355976911118514,7,WLS,48
4,UPFC_Vse,5-15,0.05523022166703509,7,WLS,48
5,UPFC_tse,5-15,-2.0992376943394384,7,WLS,48
0,x_tcsc,1-14,-0.1537839937549707,8,WLS,48
1,B_svc,2,0.45523298590665334,8,WLS,48
2,UPFC_Vsh,5-15,1.1106950453971676,8,WLS,48
3,UPFC_tsh,5-15,-0.23354599644051743,8,WLS,48
4,UPFC_Vse,5-15,0.05461424304554411,8,WLS,48
5,UPFC_tse,5-15,-2.0982854432561084,8,WLS,48
0,x_tcsc,1-14,-0.15376782711494164,9,WLS,48
1,B_svc,2,0.45548891035826256,9,WLS,48
2,UPFC_Vsh,5-15,1.1112283361533815,9,WLS,48
3,UPFC_tsh,5-15,-0.23352481340587009,9,WLS,48
4,UPFC_Vse,5-15,0.05495082115869183,9,WLS,48
5,UPFC_tse,5-15,-2.095484995606387,9,WLS,48
0,x_tcsc,1-14,-0.15362533389278704,0,WLS,49
1,B_svc,2,0.45376422906093344,0,WLS,49
2,UPFC_Vsh,5-15,1.1108762423639251,0,WLS,49
3,UPFC_tsh,5-15,-0.23362011146946626,0,WLS,49
4,UPFC_Vse,5-15,0.0549148676721925,0,WLS,49
5,UPFC_tse,5-15,-2.099085522343352,0,WLS,49
0,x_tcsc,1-14,-0.15366812522759038,1,WLS,49
1,B_svc,2,0.4544312717288226,1,WLS,49
2,UPFC_Vsh,5-15,1.1107246768335208,1,WLS,49
3,UPFC_tsh,5-15,-0.23364294533049054,1,WLS,49
4,UPFC_Vse,5-15,0.05528035471915196,1,WLS,49
5,UPFC_tse,5-15,-2.0958865874080135,1,WLS,49
0,x_tcsc,1-14,-0.1536452661820196,2,WLS,49
1,B_svc,2,0.45402286831444816,2,WLS,49
2,UPFC_Vsh,5-15,1.1107701681628575,2,WLS,49
3,UPFC_tsh,5-15,-0.2336415466203401,2,WLS,49
4,UPFC_Vse,5-15,0.054599909421213455,2,WLS,49
5,UPFC_tse,5-15,-2.097101702464761,2,WLS,49
0,x_tcsc,1-14,-0.15363795694004273,3,WLS,49
1,B_svc,2,0.45408181931175207,3,WLS,49
2,UPFC_Vsh,5-15,1.111454347465976,3,WLS,49
3,UPFC_tsh,5-15,-0.23366251010816155,3,WLS,49
4,UPFC_Vse,5-15,0.05501526573484276,3,WLS,49
5,UPFC_tse,5-15,-2.1003982093674147,3,WLS,49
0,x_tcsc,1-14,-0.15366103283653962,4,WLS,49
1,B_svc,2,0.4543357071348652,4,WLS,49
2,UPFC_Vsh,5-15,1.1110808139258461,4,WLS,49
3,UPFC_tsh,5-15,-0.23364762605299663,4,WLS,49
4,UPFC_Vse,5-15,0.05510002531782163,4,WLS,49
5,UPFC_tse,5-15,-2.096760721448777,4,WLS,49
0,x_tcsc,1-14,-0.15364195735606678,5,WLS,49
1,B_svc,2,0.45428894202349623,5,WLS,49
2,UPFC_Vsh,5-15,1.1108656002193271,5,WLS,49
3,UPFC_tsh,5-15,-0.23366095503626066,5,WLS,49
4,UPFC_Vse,5-15,0.05470764080229082,5,WLS,49
5,UPFC_tse,5-15,-2.09821114960182,5,WLS,49
0,x_tcsc,1-14,-0.1536522276133745,6,WLS,49
1,B_svc,2,0.454020264193622,6,WLS,49
2,UPFC_Vsh,5-15,1.111111194165805,6,WLS,49
3,UPFC_tsh,5-15,-0.23360020830954176,6,WLS,49
4,UPFC_Vse,5-15,0.05469219377170495,6,WLS,49
5,UPFC_tse,5-15,-2.1000351381172995,6,WLS,49
0,x_tcsc,1-14,-0.15364436584573116,7,WLS,49
1,B_svc,2,0.45399526168895477,7,WLS,49
2,UPFC_Vsh,5-15,1.1110303798019308,7,WLS,49
3,UPFC_tsh,5-15,-0.23366251563332568,7,WLS,49
4,UPFC_Vse,5-15,0.055242256374223316,7,WLS,49
5,UPFC_tse,5-15,-2.099616068619473,7,WLS,49
0,x_tcsc,1-14,-0.1536536532812951,8,WLS,49
1,B_svc,2,0.4536419769215962,8,WLS,49
2,UPFC_Vsh,5-15,1.1106681784155785,8,WLS,49
3,UPFC_tsh,5-15,-0.23364879900488433,8,WLS,49
4,UPFC_Vse,5-15,0.05462622299258023,8,WLS,49
5,UPFC_tse,5-15,-2.098662608038035,8,WLS,49
0,x_tcsc,1-14,-0.15363736145296467,9,WLS,49
1,B_svc,2,0.45389908294962733,9,WLS,49
2,UPFC_Vsh,5-15,1.1112013774049097,9,WLS,49
3,UPFC_tsh,5-15,-0.23362749701575364,9,WLS,49
4,UPFC_Vse,5-15,0.05496265661911125,9,WLS,49
5,UPFC_tse,5-15,-2.0958564025127044,9,WLS,49
0,x_tcsc,1-14,-0.1538975205159733,0,WLS,50
1,B_svc,2,0.4566974552091029,0,WLS,50
2,UPFC_Vsh,5-15,1.110899216396402,0,WLS,50
3,UPFC_tsh,5-15,-0.23334190802885882,0,WLS,50
4,UPFC_Vse,5-15,0.05496968657784932,0,WLS,50
5,UPFC_tse,5-15,-2.09918426559274,0,WLS,50
0,x_tcsc,1-14,-0.15394030365878972,1,WLS,50
1,B_svc,2,0.4573686310066722,1,WLS,50
2,UPFC_Vsh,5-15,1.110747124845826,1,WLS,50
3,UPFC_tsh,5-15,-0.2333647180805216,1,WLS,50
4,UPFC_Vse,5-15,0.05533502405006111,1,WLS,50
5,UPFC_tse,5-15,-2.095989225793797,1,WLS,50
0,x_tcsc,1-14,-0.15391739948310326,2,WLS,50
1,B_svc,2,0.4569557707981038,2,WLS,50
2,UPFC_Vsh,5-15,1.1107929156267278,2,WLS,50
3,UPFC_tsh,5-15,-0.2333633006782673,2,WLS,50
4,UPFC_Vse,5-15,0.05465459698742607,2,WLS,50
5,UPFC_tse,5-15,-2.0972078321762977,2,WLS,50
0,x_tcsc,1-14,-0.15391006017068845,3,WLS,50
1,B_svc,2,0.457014975944182,3,WLS,50
2,UPFC_Vsh,5-15,1.111477019745145,3,WLS,50
3,UPFC_tsh,5-15,-0.23338427326695613,3,WLS,50
4,UPFC_Vse,5-15,0.05507013246402868,3,WLS,50
5,UPFC_tse,5-15,-2.1004977981869,3,WLS,50
0,x_tcsc,1-14,-0.15393319185084234,4,WLS,50
1,B_svc,2,0.45727073574306826,4,WLS,50
2,UPFC_Vsh,5-15,1.1111035659808142,4,WLS,50
3,UPFC_tsh,5-15,-0.23336936969168223,4,WLS,50
4,UPFC_Vse,5-15,0.05515458594583125,4,WLS,50
5,UPFC_tse,5-15,-2.096862099987614,4,WLS,50
0,x_tcsc,1-14,-0.15391411934942986,5,WLS,50
1,B_svc,2,0.45722437265126586,5,WLS,50
2,UPFC_Vsh,5-15,1.1108882744439645,5,WLS,50
3,UPFC_tsh,5-15,-0.23338273670867177,5,WLS,50
4,UPFC_Vse,5-15,0.05476237786154521,5,WLS,50
5,UPFC_tse,5-15,-2.0983155132390725,5,WLS,50
0,x_tcsc,1-14,-0.1539243998402551,6,WLS,50
1,B_svc,2,0.456954169317129,6,WLS,50
2,UPFC_Vsh,5-15,1.1111340200212876,6,WLS,50
3,UPFC_tsh,5-15,-0.233322017887841,6,WLS,50
4,UPFC_Vse,5-15,0.054746955852440236,6,WLS,50
5,UPFC_tse,5-15,-2.100137101929484,6,WLS,50
0,x_tcsc,1-14,-0.15391653526884674,7,WLS,50
1,B_svc,2,0.4569302487863115,7,WLS,50
2,UPFC_Vsh,5-15,1.1110530627478965,7,WLS,50
3,UPFC_tsh,5-15,-0.2333843085456298,7,WLS,50
4,UPFC_Vse,5-15,0.055297090023652636,7,WLS,50
5,UPFC_tse,5-15,-2.0997122618381474,7,WLS,50
0,x_tcsc,1-14,-0.153925722316577,8,WLS,50
1,B_svc,2,0.4565756194467067,8,WLS,50
2,UPFC_Vsh,5-15,1.1106906181058334,8,WLS,50
3,UPFC_tsh,5-15,-0.23337053369275607,8,WLS,50
4,UPFC_Vse,5-15,0.0546809390853294,8,WLS,50
5,UPFC_tse,5-15,-2.098768886297466,8,WLS,50
0,x_tcsc,1-14,-0.15390947987274306,9,WLS,50
1,B_svc,2,0.45683146344156095,9,WLS,50
2,UPFC_Vsh,5-15,1.1112240233012582,9,WLS,50
3,UPFC_tsh,5-15,-0.23334931062551872,9,WLS,50
4,UPFC_Vse,5-15,0.05501732624211713,9,WLS,50
5,UPFC_tse,5-15,-2.095959982906655,9,WLS,50
0,x_tcsc,1-14,-0.15429940595151537,0,WLS,51
1,B_svc,2,0.4614107604480541,0,WLS,51
2,UPFC_Vsh,5-15,1.1109168498186668,0,WLS,51
3,UPFC_tsh,5-15,-0.23282311787121676,0,WLS,51
4,UPFC_Vse,5-15,0.05513068760808891,0,WLS,51
5,UPFC_tse,5-15,-2.097943231284867,0,WLS,51
0,x_tcsc,1-14,-0.15434230444918035,1,WLS,51
1,B_svc,2,0.46208769284249773,1,WLS,51
2,UPFC_Vsh,5-15,1.1107643981847581,1,WLS,51
3,UPFC_tsh,5-15,-0.23284595506520303,1,WLS,51
4,UPFC_Vse,5-15,0.05549590038453155,1,WLS,51
5,UPFC_tse,5-15,-2.0947709005220823,1,WLS,51
0,x_tcsc,1-14,-0.15431924395468746,2,WLS,51
1,B_svc,2,0.4616683546642613,2,WLS,51
2,UPFC_Vsh,5-15,1.1108105090176785,2,WLS,51
3,UPFC_tsh,5-15,-0.2328444636462855,2,WLS,51
4,UPFC_Vse,5-15,0.05481552408014604,2,WLS,51
5,UPFC_tse,5-15,-2.0959720460809734,2,WLS,51
0,x_tcsc,1-14,-0.1543117837169689,3,WLS,51
1,B_svc,2,0.46172842065650394,3,WLS,51
2,UPFC_Vsh,5-15,1.1114944604740462,3,WLS,51
3,UPFC_tsh,5-15,-0.2328653552326242,3,WLS,51
4,UPFC_Vse,5-15,0.055230867267230185,3,WLS,51
5,UPFC_tse,5-15,-2.099256388444702,3,WLS,51
0,x_tcsc,1-14,-0.15433509443096163,4,WLS,51
1,B_svc,2,0.46198646730821363,4,WLS,51
2,UPFC_Vsh,5-15,1.111121131902885,4,WLS,51
3,UPFC_tsh,5-15,-0.23285049825671958,4,WLS,51
4,UPFC_Vse,5-15,0.05531517901989348,4,WLS,51
5,UPFC_tse,5-15,-2.095630217451597,4,WLS,51
0,x_tcsc,1-14,-0.15431589162902037,5,WLS,51
1,B_svc,2,0.4619414180861627,5,WLS,51
2,UPFC_Vsh,5-15,1.110905906782368,5,WLS,51
3,UPFC_tsh,5-15,-0.23286375688465036,5,WLS,51
4,UPFC_Vse,5-15,0.054923039866271395,5,WLS,51
5,UPFC_tse,5-15,-2.097073971510154,5,WLS,51
0,x_tcsc,1-14,-0.15432638207275004,6,WLS,51
1,B_svc,2,0.46166810938106834,6,WLS,51
2,UPFC_Vsh,5-15,1.1111516428258563,6,WLS,51
3,UPFC_tsh,5-15,-0.23280338104492287,6,WLS,51
4,UPFC_Vse,5-15,0.054907864512761466,6,WLS,51
5,UPFC_tse,5-15,-2.098905586651401,6,WLS,51
0,x_tcsc,1-14,-0.1543183801599328,7,WLS,51
1,B_svc,2,0.4616462218390861,7,WLS,51
2,UPFC_Vsh,5-15,1.1110706014945861,7,WLS,51
3,UPFC_tsh,5-15,-0.23286535518248552,7,WLS,51
4,UPFC_Vse,5-15,0.05545752096794444,7,WLS,51
5,UPFC_tse,5-15,-2.0984712632251323,7,WLS,51
0,x_tcsc,1-14,-0.15432735555623497,8,WLS,51
1,B_svc,2,0.4612900845374241,8,WLS,51
2,UPFC_Vsh,5-15,1.1107076631409047,8,WLS,51
3,UPFC_tsh,5-15,-0.23285161936392262,8,WLS,51
4,UPFC_Vse,5-15,0.05484167333115232,8,WLS,51
5,UPFC_tse,5-15,-2.0975323551749345,8,WLS,51
0,x_tcsc,1-14,-0.15431130491571854,9,WLS,51
1,B_svc,2,0.4615432863871428,9,WLS,51
2,UPFC_Vsh,5-15,1.1112413978797304,9,WLS,51
3,UPFC_tsh,5-15,-0.23283053532258838,9,WLS,51
4,UPFC_Vse,5-15,0.05517822897386138,9,WLS,51
5,UPFC_tse,5-15,-2.0947347894655666,9,WLS,51
0,x_tcsc,1-14,-0.15473596716344584,0,WLS,52
1,B_svc,2,0.46674349529835335,0,WLS,52
2,UPFC_Vsh,5-15,1.110897762719368,0,WLS,52
3,UPFC_tsh,5-15,-0.23252439009427606,0,WLS,52
4,UPFC_Vse,5-15,0.05512640598725888,0,WLS,52
5,UPFC_tse,5-15,-2.097734613622837,0,WLS,52
0,x_tcsc,1-14,-0.15477906474264116,1,WLS,52
1,B_svc,2,0.4674265375225643,1,WLS,52
2,UPFC_Vsh,5-15,1.1107452630583576,1,WLS,52
3,UPFC_tsh,5-15,-0.2325473147695083,1,WLS,52
4,UPFC_Vse,5-15,0.05549166040115977,1,WLS,52
5,UPFC_tse,5-15,-2.0945615878954147,1,WLS,52
0,x_tcsc,1-14,-0.1547557979586266,2,WLS,52
1,B_svc,2,0.46700004908098974,2,WLS,52
2,UPFC_Vsh,5-15,1.1107916504848077,2,WLS,52
3,UPFC_tsh,5-15,-0.23254578749848198,2,WLS,52
4,UPFC_Vse,5-15,0.05481115614004524,2,WLS,52
5,UPFC_tse,5-15,-2.095761740639115,2,WLS,52
0,x_tcsc,1-14,-0.1547482039047035,3,WLS,52
1,B_svc,2,0.46706120972823445,3,WLS,52
2,UPFC_Vsh,5-15,1.1114753438831493,3,WLS,52
3,UPFC_tsh,5-15,-0.23256653291157148,3,WLS,52
4,UPFC_Vse,5-15,0.05522660650002278,3,WLS,52
5,UPFC_tse,5-15,-2.0990404437927763,3,WLS,52
0,x_tcsc,1-14,-0.15477171435988962,4,WLS,52
1,B_svc,2,0.4673216337898905,4,WLS,52
2,UPFC_Vsh,5-15,1.1111023927984824,4,WLS,52
3,UPFC_tsh,5-15,-0.2325517907165897,4,WLS,52
4,UPFC_Vse,5-15,0.05531075874662632,4,WLS,52
5,UPFC_tse,5-15,-2.09542114294192,4,WLS,52
0,x_tcsc,1-14,-0.15475235356734995,5,WLS,52
1,B_svc,2,0.46727821774635686,5,WLS,52
2,UPFC_Vsh,5-15,1.110887008177152,5,WLS,52
3,UPFC_tsh,5-15,-0.23256500535564878,5,WLS,52
4,UPFC_Vse,5-15,0.0549186348212928,5,WLS,52
5,UPFC_tse,5-15,-2.096860546085065,5,WLS,52
0,x_tcsc,1-14,-0.15476306275442686,6,WLS,52
1,B_svc,2,0.4670015417996868,6,WLS,52
2,UPFC_Vsh,5-15,1.1111326527762917,6,WLS,52
3,UPFC_tsh,5-15,-0.23250482203504155,6,WLS,52
4,UPFC_Vse,5-15,0.054903730001367564,6,WLS,52
5,UPFC_tse,5-15,-2.0987019924404744,6,WLS,52
0,x_tcsc,1-14,-0.15475492221670908,7,WLS,52
1,B_svc,2,0.4669819960965871,7,WLS,52
2,UPFC_Vsh,5-15,1.111051217133584,7,WLS,52
3,UPFC_tsh,5-15,-0.23256663696615623,7,WLS,52
4,UPFC_Vse,5-15,0.05545333221444346,7,WLS,52
5,UPFC_tse,5-15,-2.098253827713713,7,WLS,52
0,x_tcsc,1-14,-0.15476368900711684,8,WLS,52
1,B_svc,2,0.46662357110645913,8,WLS,52
2,UPFC_Vsh,5-15,1.1106888010752372,8,WLS,52
3,UPFC_tsh,5-15,-0.2325527810640686,8,WLS,52
4,UPFC_Vse,5-15,0.054837204736274674,8,WLS,52
5,UPFC_tse,5-15,-2.0973209469503233,8,WLS,52
0,x_tcsc,1-14,-0.15474784786808862,9,WLS,52
1,B_svc,2,0.46687410091895576,9,WLS,52
2,UPFC_Vsh,5-15,1.111222370271633,9,WLS,52
3,UPFC_tsh,5-15,-0.23253197206819065,9,WLS,52
4,UPFC_Vse,5-15,0.055174069513982626,9,WLS,52
5,UPFC_tse,5-15,-2.094527681697173,9,WLS,52
0,x_tcsc,1-14,-0.1544301615966152,0,WLS,53
1,B_svc,2,0.46299510205975825,0,WLS,53
2,UPFC_Vsh,5-15,1.1109009195791344,0,WLS,53
3,UPFC_tsh,5-15,-0.23294979960739642,0,WLS,53
4,UPFC_Vse,5-15,0.05499796460190989,0,WLS,53
5,UPFC_tse,5-15,-2.0983850871436687,0,WLS,53
0,x_tcsc,1-14,-0.15447313258999149,1,WLS,53
1,B_svc,2,0.46367390800836533,1,WLS,53
2,UPFC_Vsh,5-15,1.1107482934985378,1,WLS,53
3,UPFC_tsh,5-15,-0.23297268509259608,1,WLS,53
4,UPFC_Vse,5-15,0.05536342112083658,1,WLS,53
5,UPFC_tse,5-15,-2.095196771507275,1,WLS,53
0,x_tcsc,1-14,-0.15445001154720664,2,WLS,53
1,B_svc,2,0.46325237094561406,2,WLS,53
2,UPFC_Vsh,5-15,1.1107945745978485,2,WLS,53
3,UPFC_tsh,5-15,-0.2329712287301516,2,WLS,53
4,UPFC_Vse,5-15,0.0546828260729974,2,WLS,53
5,UPFC_tse,5-15,-2.0964058995811503,2,WLS,53
0,x_tcsc,1-14,-0.15444251384556665,3,WLS,53
1,B_svc,2,0.4633128022557668,3,WLS,53
2,UPFC_Vsh,5-15,1.1114784137544078,3,WLS,53
3,UPFC_tsh,5-15,-0.232992060603968,3,WLS,53
4,UPFC_Vse,5-15,0.055098445150334935,3,WLS,53
5,UPFC_tse,5-15,-2.0996941106746303,3,WLS,53
0,x_tcsc,1-14,-0.15446587455936056,4,WLS,53
1,B_svc,2,0.4635715583493577,4,WLS,53
2,UPFC_Vsh,5-15,1.1111052647383455,4,WLS,53
3,UPFC_tsh,5-15,-0.23297725700576116,4,WLS,53
4,UPFC_Vse,5-15,0.055182723379281394,4,WLS,53
5,UPFC_tse,5-15,-2.0960657503518205,4,WLS,53
0,x_tcsc,1-14,-0.15444664064360572,5,WLS,53
1,B_svc,2,0.4635269395502834,5,WLS,53
2,UPFC_Vsh,5-15,1.1108898708453512,5,WLS,53
3,UPFC_tsh,5-15,-0.23299060860092413,5,WLS,53
4,UPFC_Vse,5-15,0.054790562071436455,5,WLS,53
5,UPFC_tse,5-15,-2.097511318409033,5,WLS,53
0,x_tcsc,1-14,-0.15445716379730592,6,WLS,53
1,B_svc,2,0.4632527276086135,6,WLS,53
2,UPFC_Vsh,5-15,1.111135649431283,6,WLS,53
3,UPFC_tsh,5-15,-0.23293009754100705,6,WLS,53
4,UPFC_Vse,5-15,0.054775390407961,6,WLS,53
5,UPFC_tse,5-15,-2.099343368740908,6,WLS,53
0,x_tcsc,1-14,-0.15444914939634044,7,WLS,53
1,B_svc,2,0.46323162839744003,7,WLS,53
2,UPFC_Vsh,5-15,1.1110541547176709,7,WLS,53
3,UPFC_tsh,5-15,-0.232992210002004,7,WLS,53
4,UPFC_Vse,5-15,0.05532546580842248,7,WLS,53
5,UPFC_tse,5-15,-2.0989068686724783,7,WLS,53
0,x_tcsc,1-14,-0.15445806975247492,8,WLS,53
1,B_svc,2,0.46287443229668085,8,WLS,53
2,UPFC_Vsh,5-15,1.1106919924858993,8,WLS,53
3,UPFC_tsh,5-15,-0.23297829815101068,8,WLS,53
4,UPFC_Vse,5-15,0.05470903698992803,8,WLS,53
5,UPFC_tse,5-15,-2.097967514733672,8,WLS,53
0,x_tcsc,1-14,-0.15444207359374643,9,WLS,53
1,B_svc,2,0.46312704512569697,9,WLS,53
2,UPFC_Vsh,5-15,1.111225392418004,9,WLS,53
3,UPFC_tsh,5-15,-0.2329573779998878,9,WLS,53
4,UPFC_Vse,5-15,0.05504583433564945,9,WLS,53
5,UPFC_tse,5-15,-2.095166055014133,9,WLS,53
0,x_tcsc,1-14,-0.15373166711829134,0,WLS,54
1,B_svc,2,0.45509607807486496,0,WLS,54
2,UPFC_Vsh,5-15,1.110886943676255,0,WLS,54
3,UPFC_tsh,5-15,-0.23341054999316177,0,WLS,54
4,UPFC_Vse,5-15,0.05496497876003265,0,WLS,54
5,UPFC_tse,5-15,-2.098117772528131,0,WLS,54
0,x_tcsc,1-14,-0.15377450092313075,1,WLS,54
1,B_svc,2,0.4557646850107954,1,WLS,54
2,UPFC_Vsh,5-15,1.1107351671472712,1,WLS,54
3,UPFC_tsh,5-15,-0.23343333382269138,1,WLS,54
4,UPFC_Vse,5-15,0.055330424816061756,1,WLS,54
5,UPFC_tse,5-15,-2.0949315907572625,1,WLS,54
0,x_tcsc,1-14,-0.15375156375403332,2,WLS,54
1,B_svc,2,0.45535462140963123,2,WLS,54
2,UPFC_Vsh,5-15,1.1107809132381152,2,WLS,54
3,UPFC_tsh,5-15,-0.23343194266397338,2,WLS,54
4,UPFC_Vse,5-15,0.05465000859479398,2,WLS,54
5,UPFC_tse,5-15,-2.096132107279703,2,WLS,54
0,x_tcsc,1-14,-0.1537442334499155,3,WLS,54
1,B_svc,2,0.45541378037211977,3,WLS,54
2,UPFC_Vsh,5-15,1.1114652277121733,3,WLS,54
3,UPFC_tsh,5-15,-0.23345284115575984,3,WLS,54
4,UPFC_Vse,5-15,0.05506509356924637,3,WLS,54
5,UPFC_tse,5-15,-2.0994307237158747,3,WLS,54
0,x_tcsc,1-14,-0.15376736673271577,4,WLS,54
1,B_svc,2,0.45566823285172275,4,WLS,54
2,UPFC_Vsh,5-15,1.111091454670317,4,WLS,54
3,UPFC_tsh,5-15,-0.23343802569973096,4,WLS,54
4,UPFC_Vse,5-15,0.055150029738102686,4,WLS,54
5,UPFC_tse,5-15,-2.0957973983105798,4,WLS,54
0,x_tcsc,1-14,-0.15374822360276602,5,WLS,54
1,B_svc,2,0.455621937484005,5,WLS,54
2,UPFC_Vsh,5-15,1.110876569349538,5,WLS,54
3,UPFC_tsh,5-15,-0.23345129396955924,5,WLS,54
4,UPFC_Vse,5-15,0.05475758318613071,5,WLS,54
5,UPFC_tse,5-15,-2.0972384226579566,5,WLS,54
0,x_tcsc,1-14,-0.1537585956993496,6,WLS,54
1,B_svc,2,0.4553523000478345,6,WLS,54
2,UPFC_Vsh,5-15,1.1111219518601534,6,WLS,54
3,UPFC_tsh,5-15,-0.23339071425754965,6,WLS,54
4,UPFC_Vse,5-15,0.054742204213199225,6,WLS,54
5,UPFC_tse,5-15,-2.0990721543570685,6,WLS,54
0,x_tcsc,1-14,-0.15375065761169282,7,WLS,54
1,B_svc,2,0.4553278067894057,7,WLS,54
2,UPFC_Vsh,5-15,1.1110414757305098,7,WLS,54
3,UPFC_tsh,5-15,-0.23345279449732473,7,WLS,54
4,UPFC_Vse,5-15,0.05529189514432058,7,WLS,54
5,UPFC_tse,5-15,-2.098651124671618,7,WLS,54
0,x_tcsc,1-14,-0.15375985335357914,8,WLS,54
1,B_svc,2,0.45497451874789596,8,WLS,54
2,UPFC_Vsh,5-15,1.1106788577005962,8,WLS,54
3,UPFC_tsh,5-15,-0.23343910998845394,8,WLS,54
4,UPFC_Vse,5-15,0.05467610467203787,8,WLS,54
5,UPFC_tse,5-15,-2.0976930222354206,8,WLS,54
0,x_tcsc,1-14,-0.15374364906947946,9,WLS,54
1,B_svc,2,0.45523064920898954,9,WLS,54
2,UPFC_Vsh,5-15,1.111212144837724,9,WLS,54
3,UPFC_tsh,5-15,-0.23341789540649518,9,WLS,54
4,UPFC_Vse,5-15,0.055012741905430165,9,WLS,54
5,UPFC_tse,5-15,-2.094895134036595,9,WLS,54
0,x_tcsc,1-14,-0.15302650471020826,0,WLS,55
1,B_svc,2,0.44736165464858774,0,WLS,55
2,UPFC_Vsh,5-15,1.1108893157455213,0,WLS,55
3,UPFC_tsh,5-15,-0.23384442787834475,0,WLS,55
4,UPFC_Vse,5-15,0.05495747713977878,0,WLS,55
5,UPFC_tse,5-15,-2.0978786296298844,0,WLS,55
0,x_tcsc,1-14,-0.15306918468149108,1,WLS,55
1,B_svc,2,0.4480203591981712,1,WLS,55
2,UPFC_Vsh,5-15,1.11073823268945,1,WLS,55
3,UPFC_tsh,5-15,-0.23386709570005587,1,WLS,55
4,UPFC_Vse,5-15,0.05532285814640449,1,WLS,55
5,UPFC_tse,5-15,-2.0946973385231806,1,WLS,55
0,x_tcsc,1-14,-0.1530464340785105,2,WLS,55
1,B_svc,2,0.44762146712130335,2,WLS,55
2,UPFC_Vsh,5-15,1.1107834725492705,2,WLS,55
3,UPFC_tsh,5-15,-0.23386575367314302,2,WLS,55
4,UPFC_Vse,5-15,0.05464266117235666,2,WLS,55
5,UPFC_tse,5-15,-2.0958886854234096,2,WLS,55
0,x_tcsc,1-14,-0.1530392685109322,3,WLS,55
1,B_svc,2,0.44767936736315156,3,WLS,55
2,UPFC_Vsh,5-15,1.1114682900470092,3,WLS,55
3,UPFC_tsh,5-15,-0.2338867413820397,3,WLS,55
4,UPFC_Vse,5-15,0.05505717791548296,3,WLS,55
5,UPFC_tse,5-15,-2.0991949295991126,3,WLS,55
0,x_tcsc,1-14,-0.15306217716176856,4,WLS,55
1,B_svc,2,0.44792963909221223,4,WLS,55
2,UPFC_Vsh,5-15,1.1110938027166397,4,WLS,55
3,UPFC_tsh,5-15,-0.2338718953365934,4,WLS,55
4,UPFC_Vse,5-15,0.055142753271971,4,WLS,55
5,UPFC_tse,5-15,-2.095558449408149,4,WLS,55
0,x_tcsc,1-14,-0.15304312914157722,5,WLS,55
1,B_svc,2,0.447881701983339,5,WLS,55
2,UPFC_Vsh,5-15,1.110879494899259,5,WLS,55
3,UPFC_tsh,5-15,-0.2338850652909474,5,WLS,55
4,UPFC_Vse,5-15,0.05475003660626831,5,WLS,55
5,UPFC_tse,5-15,-2.096994405207504,5,WLS,55
0,x_tcsc,1-14,-0.15305336742503634,6,WLS,55
1,B_svc,2,0.4476165581481748,6,WLS,55
2,UPFC_Vsh,5-15,1.1111244942274245,6,WLS,55
3,UPFC_tsh,5-15,-0.23382445758973744,6,WLS,55
4,UPFC_Vse,5-15,0.05473449151536264,6,WLS,55
5,UPFC_tse,5-15,-2.098831633440634,6,WLS,55
0,x_tcsc,1-14,-0.15304548858698674,7,WLS,55
1,B_svc,2,0.4475886651939662,7,WLS,55
2,UPFC_Vsh,5-15,1.1110450480184915,7,WLS,55
3,UPFC_tsh,5-15,-0.23388647983662023,7,WLS,55
4,UPFC_Vse,5-15,0.055283687991797656,7,WLS,55
5,UPFC_tse,5-15,-2.0984227918897864,7,WLS,55
0,x_tcsc,1-14,-0.15305494019551177,8,WLS,55
1,B_svc,2,0.4472393265404224,8,WLS,55
2,UPFC_Vsh,5-15,1.1106817417385288,8,WLS,55
3,UPFC_tsh,5-15,-0.23387304431169034,8,WLS,55
4,UPFC_Vse,5-15,0.05466868330602757,8,WLS,55
5,UPFC_tse,5-15,-2.0974486889220674,8,WLS,55
0,x_tcsc,1-14,-0.1530385456274747,9,WLS,55
1,B_svc,2,0.44749886038036846,9,WLS,55
2,UPFC_Vsh,5-15,1.1112150558897942,9,WLS,55
3,UPFC_tsh,5-15,-0.23385150122782994,9,WLS,55
4,UPFC_Vse,5-15,0.055005061285657665,9,WLS,55
5,UPFC_tse,5-15,-2.0946551737128125,9,WLS,55
0,x_tcsc,1-14,-0.15322981853555787,0,WLS,56
1,B_svc,2,0.4495690399463863,0,WLS,56
2,UPFC_Vsh,5-15,1.1109075377066104,0,WLS,56
3,UPFC_tsh,5-15,-0.23368404946775231,0,WLS,56
4,UPFC_Vse,5-15,0.0549661883093603,0,WLS,56
5,UPFC_tse,5-15,-2.097915686034513,0,WLS,56
0,x_tcsc,1-14,-0.1532725282560992,1,WLS,56
1,B_svc,2,0.45023069612699024,1,WLS,56
2,UPFC_Vsh,5-15,1.110756026536583,1,WLS,56
3,UPFC_tsh,5-15,-0.23370672164978784,1,WLS,56
4,UPFC_Vse,5-15,0.05533155287862148,1,WLS,56
5,UPFC_tse,5-15,-2.0947347828001717,1,WLS,56
0,x_tcsc,1-14,-0.15324972399585213,2,WLS,56
1,B_svc,2,0.44982859240049694,2,WLS,56
2,UPFC_Vsh,5-15,1.110801499216372,2,WLS,56
3,UPFC_tsh,5-15,-0.2337053646013081,2,WLS,56
4,UPFC_Vse,5-15,0.05465131315398072,2,WLS,56
5,UPFC_tse,5-15,-2.095927493570321,2,WLS,56
0,x_tcsc,1-14,-0.15324250602764689,3,WLS,56
1,B_svc,2,0.4498868473967873,3,WLS,56
2,UPFC_Vsh,5-15,1.1114862705966364,3,WLS,56
3,UPFC_tsh,5-15,-0.2337263280630164,3,WLS,56
4,UPFC_Vse,5-15,0.05506594469518867,3,WLS,56
5,UPFC_tse,5-15,-2.0992297672125066,3,WLS,56
0,x_tcsc,1-14,-0.15326548620361252,4,WLS,56
1,B_svc,2,0.45013833503627215,4,WLS,56
2,UPFC_Vsh,5-15,1.1111118018486525,4,WLS,56
3,UPFC_tsh,5-15,-0.233711498495878,4,WLS,56
4,UPFC_Vse,5-15,0.05515136707618334,4,WLS,56
5,UPFC_tse,5-15,-2.095596169121946,4,WLS,56
0,x_tcsc,1-14,-0.15324640525229083,5,WLS,56
1,B_svc,2,0.45009084932692767,5,WLS,56
2,UPFC_Vsh,5-15,1.1108974811947667,5,WLS,56
3,UPFC_tsh,5-15,-0.23372468766041174,5,WLS,56
4,UPFC_Vse,5-15,0.05475872150696692,5,WLS,56
5,UPFC_tse,5-15,-2.097031792552841,5,WLS,56
0,x_tcsc,1-14,-0.1532567043811818,6,WLS,56
1,B_svc,2,0.4498243373572231,6,WLS,56
2,UPFC_Vsh,5-15,1.1111425596466686,6,WLS,56
3,UPFC_tsh,5-15,-0.23366412492169006,6,WLS,56
4,UPFC_Vse,5-15,0.05474326370919213,6,WLS,56
5,UPFC_tse,5-15,-2.0988718450191173,6,WLS,56
0,x_tcsc,1-14,-0.1532487920409131,7,WLS,56
1,B_svc,2,0.449797449746084,7,WLS,56
2,UPFC_Vsh,5-15,1.111062905582934,7,WLS,56
3,UPFC_tsh,5-15,-0.23372611924962525,7,WLS,56
4,UPFC_Vse,5-15,0.05529248716798608,7,WLS,56
5,UPFC_tse,5-15,-2.0984554267019657,7,WLS,56
0,x_tcsc,1-14,-0.1532581432927584,8,WLS,56
1,B_svc,2,0.44944721930736303,8,WLS,56
2,UPFC_Vsh,5-15,1.110699552236843,8,WLS,56
3,UPFC_tsh,5-15,-0.23371261232444288,8,WLS,56
4,UPFC_Vse,5-15,0.05467736316055066,8,WLS,56
5,UPFC_tse,5-15,-2.097487751652148,8,WLS,56
0,x_tcsc,1-14,-0.15324182478540863,9,WLS,56
1,B_svc,2,0.4497056189017401,9,WLS,56
2,UPFC_Vsh,5-15,1.1112329654992763,9,WLS,56
3,UPFC_tsh,5-15,-0.23369116900015663,9,WLS,56
4,UPFC_Vse,5-15,0.05501378113057122,9,WLS,56
5,UPFC_tse,5-15,-2.0946942158336497,9,WLS,56
0,x_tcsc,1-14,-0.15486615545117297,0,WLS,57
1,B_svc,2,0.4680706561284873,0,WLS,57
2,UPFC_Vsh,5-15,1.110901358054478,0,WLS,57
3,UPFC_tsh,5-15,-0.23248094842730102,0,WLS,57
4,UPFC_Vse,5-15,0.05511124079641464,0,WLS,57
5,UPFC_tse,5-15,-2.098453184866162,0,WLS,57
0,x_tcsc,1-14,-0.15490920500306196,1,WLS,57
1,B_svc,2,0.46875584620873756,1,WLS,57
2,UPFC_Vsh,5-15,1.110748590593549,1,WLS,57
3,UPFC_tsh,5-15,-0.2325038644484547,1,WLS,57
4,UPFC_Vse,5-15,0.05547642269653247,1,WLS,57
5,UPFC_tse,5-15,-2.095272688574325,1,WLS,57
0,x_tcsc,1-14,-0.15488595671149297,2,WLS,57
1,B_svc,2,0.46832704473584247,2,WLS,57
2,UPFC_Vsh,5-15,1.1107950981340662,2,WLS,57
3,UPFC_tsh,5-15,-0.23250234554842522,2,WLS,57
4,UPFC_Vse,5-15,0.054795893631931346,2,WLS,57
5,UPFC_tse,5-15,-2.0964859200304864,2,WLS,57
0,x_tcsc,1-14,-0.1548783834840351,3,WLS,57
1,B_svc,2,0.4683881411073056,3,WLS,57
2,UPFC_Vsh,5-15,1.1114786738900564,3,WLS,57
3,UPFC_tsh,5-15,-0.2325231416409624,3,WLS,57
4,UPFC_Vse,5-15,0.055211687347160615,3,WLS,57
5,UPFC_tse,5-15,-2.099761150777627,3,WLS,57
0,x_tcsc,1-14,-0.1549018736378011,4,WLS,57
1,B_svc,2,0.4686497015841589,4,WLS,57
2,UPFC_Vsh,5-15,1.1111059318286978,4,WLS,57
3,UPFC_tsh,5-15,-0.23250834314912552,4,WLS,57
4,UPFC_Vse,5-15,0.05529551677518259,4,WLS,57
5,UPFC_tse,5-15,-2.0961379745400235,4,WLS,57
0,x_tcsc,1-14,-0.15488258053998002,5,WLS,57
1,B_svc,2,0.4686061985154705,5,WLS,57
2,UPFC_Vsh,5-15,1.1108902813512551,5,WLS,57
3,UPFC_tsh,5-15,-0.23252165975902891,5,WLS,57
4,UPFC_Vse,5-15,0.05490357141453496,5,WLS,57
5,UPFC_tse,5-15,-2.097586801481856,5,WLS,57
0,x_tcsc,1-14,-0.1548931917768391,6,WLS,57
1,B_svc,2,0.46832920200855926,6,WLS,57
2,UPFC_Vsh,5-15,1.1111361478324804,6,WLS,57
3,UPFC_tsh,5-15,-0.23246132120038093,6,WLS,57
4,UPFC_Vse,5-15,0.05488855742731131,6,WLS,57
5,UPFC_tse,5-15,-2.099417562133552,6,WLS,57
0,x_tcsc,1-14,-0.1548851207218328,7,WLS,57
1,B_svc,2,0.46830997835129207,7,WLS,57
2,UPFC_Vsh,5-15,1.1110544604503516,7,WLS,57
3,UPFC_tsh,5-15,-0.23252330770369714,7,WLS,57
4,UPFC_Vse,5-15,0.05543856475482508,7,WLS,57
5,UPFC_tse,5-15,-2.0989703999837466,7,WLS,57
0,x_tcsc,1-14,-0.1548938874845487,8,WLS,57
1,B_svc,2,0.46795042630134914,8,WLS,57
2,UPFC_Vsh,5-15,1.11069221171113,8,WLS,57
3,UPFC_tsh,5-15,-0.23250936585436294,8,WLS,57
4,UPFC_Vse,5-15,0.05482207362236607,8,WLS,57
5,UPFC_tse,5-15,-2.098045720634237,8,WLS,57
0,x_tcsc,1-14,-0.15487800294776885,9,WLS,57
1,B_svc,2,0.4682008167049302,9,WLS,57
2,UPFC_Vsh,5-15,1.111225787164389,9,WLS,57
3,UPFC_tsh,5-15,-0.2324885738268569,9,WLS,57
4,UPFC_Vse,5-15,0.055158828000970626,9,WLS,57
5,UPFC_tse,5-15,-2.0952431828008016,9,WLS,57
0,x_tcsc,1-14,-0.1558522331160256,0,WLS,58
1,B_svc,2,0.47998499213080875,0,WLS,58
2,UPFC_Vsh,5-15,1.1109221721272566,0,WLS,58
3,UPFC_tsh,5-15,-0.23175214398875887,0,WLS,58
4,UPFC_Vse,5-15,0.0552051793849087,0,WLS,58
5,UPFC_tse,5-15,-2.098690749875863,0,WLS,58
0,x_tcsc,1-14,-0.15589548519501809,1,WLS,58
1,B_svc,2,0.48068534692712406,1,WLS,58
2,UPFC_Vsh,5-15,1.1107683127079166,1,WLS,58
3,UPFC_tsh,5-15,-0.23177517460236347,1,WLS,58
4,UPFC_Vse,5-15,0.055570237554392166,1,WLS,58
5,UPFC_tse,5-15,-2.0955133403344597,1,WLS,58
0,x_tcsc,1-14,-0.15587193904566635,2,WLS,58
1,B_svc,2,0.480239339618663,2,WLS,58
2,UPFC_Vsh,5-15,1.1108155977173808,2,WLS,58
3,UPFC_tsh,5-15,-0.23177355058005664,2,WLS,58
4,UPFC_Vse,5-15,0.05488954796417969,2,WLS,58
5,UPFC_tse,5-15,-2.0967357213943862,2,WLS,58
0,x_tcsc,1-14,-0.1558641471316172,3,WLS,58
1,B_svc,2,0.4803022700284387,3,WLS,58
2,UPFC_Vsh,5-15,1.1114985263516481,3,WLS,58
3,UPFC_tsh,5-15,-0.23179425726781355,3,WLS,58
4,UPFC_Vse,5-15,0.055305953930139304,3,WLS,58
5,UPFC_tse,5-15,-2.099993020086491,3,WLS,58
0,x_tcsc,1-14,-0.15588796237199487,4,WLS,58
1,B_svc,2,0.4805702715020247,4,WLS,58
2,UPFC_Vsh,5-15,1.1111266200667052,4,WLS,58
3,UPFC_tsh,5-15,-0.2317794768830597,4,WLS,58
4,UPFC_Vse,5-15,0.055388894609675866,4,WLS,58
5,UPFC_tse,5-15,-2.0963791235356,4,WLS,58
0,x_tcsc,1-14,-0.15586852972208082,5,WLS,58
1,B_svc,2,0.4805294522053372,5,WLS,58
2,UPFC_Vsh,5-15,1.1109103635286683,5,WLS,58
3,UPFC_tsh,5-15,-0.23179285438596994,5,WLS,58
4,UPFC_Vse,5-15,0.0549973435559533,5,WLS,58
5,UPFC_tse,5-15,-2.0978324571798477,5,WLS,58
0,x_tcsc,1-14,-0.15587939072004212,6,WLS,58
1,B_svc,2,0.4802457721896196,6,WLS,58
2,UPFC_Vsh,5-15,1.1111566412167524,6,WLS,58
3,UPFC_tsh,5-15,-0.23173271148775354,6,WLS,58
4,UPFC_Vse,5-15,0.054982669036901605,6,WLS,58
5,UPFC_tse,5-15,-2.099663956627359,6,WLS,58
0,x_tcsc,1-14,-0.15587116611176408,7,WLS,58
1,B_svc,2,0.4802312369739533,7,WLS,58
2,UPFC_Vsh,5-15,1.111073750042364,7,WLS,58
3,UPFC_tsh,5-15,-0.23179463604334566,7,WLS,58
4,UPFC_Vse,5-15,0.05553296788517729,7,WLS,58
5,UPFC_tse,5-15,-2.099192882879474,7,WLS,58
0,x_tcsc,1-14,-0.15587952012056372,8,WLS,58
1,B_svc,2,0.479865972361227,8,WLS,58
2,UPFC_Vsh,5-15,1.1107118937413751,8,WLS,58
3,UPFC_tsh,5-15,-0.23178043781755844,8,WLS,58
4,UPFC_Vse,5-15,0.05491583533112136,8,WLS,58
5,UPFC_tse,5-15,-2.098295331117656,8,WLS,58
0,x_tcsc,1-14,-0.15586396171000572,9,WLS,58
1,B_svc,2,0.48011113797156174,9,WLS,58
2,UPFC_Vsh,5-15,1.1112457005032361,9,WLS,58
3,UPFC_tsh,5-15,-0.23176002816796135,9,WLS,58
4,UPFC_Vse,5-15,0.0552527447319659,9,WLS,58
5,UPFC_tse,5-15,-2.095490130713104,9,WLS,58
0,x_tcsc,1-14,-0.1562910605112464,0,WLS,59
1,B_svc,2,0.4857143937817341,0,WLS,59
2,UPFC_Vsh,5-15,1.11093617321109,0,WLS,59
3,UPFC_tsh,5-15,-0.2315275401938868,0,WLS,59
4,UPFC_Vse,5-15,0.05515783516604612,0,WLS,59
5,UPFC_tse,5-15,-2.0985659299761212,0,WLS,59
0,x_tcsc,1-14,-0.15633448061344388,1,WLS,59
1,B_svc,2,0.48642167673548087,1,WLS,59
2,UPFC_Vsh,5-15,1.1107816473731316,1,WLS,59
3,UPFC_tsh,5-15,-0.2315506245616787,1,WLS,59
4,UPFC_Vse,5-15,0.05552303357477178,1,WLS,59
5,UPFC_tse,5-15,-2.095384988771606,1,WLS,59
0,x_tcsc,1-14,-0.1563107300696635,2,WLS,59
1,B_svc,2,0.48596774961045214,2,WLS,59
2,UPFC_Vsh,5-15,1.1108294457712173,2,WLS,59
3,UPFC_tsh,5-15,-0.2315489788676056,2,WLS,59
4,UPFC_Vse,5-15,0.054842146579828555,2,WLS,59
5,UPFC_tse,5-15,-2.096606220619603,2,WLS,59
0,x_tcsc,1-14,-0.15630280022440668,3,WLS,59
1,B_svc,2,0.48603181909170623,3,WLS,59
2,UPFC_Vsh,5-15,1.1115122077980657,3,WLS,59
3,UPFC_tsh,5-15,-0.23156956102862714,3,WLS,59
4,UPFC_Vse,5-15,0.05525870675623652,3,WLS,59
5,UPFC_tse,5-15,-2.0998591742145947,3,WLS,59
0,x_tcsc,1-14,-0.15632681855308275,4,WLS,59
1,B_svc,2,0.4863025137809128,4,WLS,59
2,UPFC_Vsh,5-15,1.1111404296732545,4,WLS,59
3,UPFC_tsh,5-15,-0.2315548858590095,4,WLS,59
4,UPFC_Vse,5-15,0.05534153135979108,4,WLS,59
5,UPFC_tse,5-15,-2.096252921095728,4,WLS,59
0,x_tcsc,1-14,-0.15630724348384778,5,WLS,59
1,B_svc,2,0.48626334433425994,5,WLS,59
2,UPFC_Vsh,5-15,1.1109241723096315,5,WLS,59
3,UPFC_tsh,5-15,-0.23156827324059276,5,WLS,59
4,UPFC_Vse,5-15,0.054949985352376635,5,WLS,59
5,UPFC_tse,5-15,-2.097700175438671,5,WLS,59
0,x_tcsc,1-14,-0.15631834339154044,6,WLS,59
1,B_svc,2,0.48597612482011104,6,WLS,59
2,UPFC_Vsh,5-15,1.1111704223336105,6,WLS,59
3,UPFC_tsh,5-15,-0.2315082722216233,6,WLS,59
4,UPFC_Vse,5-15,0.054935590481772455,6,WLS,59
5,UPFC_tse,5-15,-2.099545523081117,6,WLS,59
0,x_tcsc,1-14,-0.1563099609671091,7,WLS,59
1,B_svc,2,0.48596402146048273,7,WLS,59
2,UPFC_Vsh,5-15,1.1110869734442084,7,WLS,59
3,UPFC_tsh,5-15,-0.23157008790731914,7,WLS,59
4,UPFC_Vse,5-15,0.055485887134740154,7,WLS,59
5,UPFC_tse,5-15,-2.0990565860358874,7,WLS,59
0,x_tcsc,1-14,-0.1563180542378261,8,WLS,59
1,B_svc,2,0.4855964125922507,8,WLS,59
2,UPFC_Vsh,5-15,1.1107254958460335,8,WLS,59
3,UPFC_tsh,5-15,-0.2315557069775455,8,WLS,59
4,UPFC_Vse,5-15,0.05486842813059572,8,WLS,59
5,UPFC_tse,5-15,-2.0981661600684722,8,WLS,59
0,x_tcsc,1-14,-0.15630274595005472,9,WLS,59
1,B_svc,2,0.4858386993215036,9,WLS,59
2,UPFC_Vsh,5-15,1.1112592379342139,9,WLS,59
3,UPFC_tsh,5-15,-0.2315355881639919,9,WLS,59
4,UPFC_Vse,5-15,0.055205644525136564,9,WLS,59
5,UPFC_tse,5-15,-2.0953653063590405,9,WLS,59
0,x_tcsc,1-14,-0.10702844124619473,0,MAP_SCADA,0
1,B_svc,2,0.172506831699301,0,MAP_SCADA,0
2,UPFC_Vsh,5-15,1.1102086318187065,0,MAP_SCADA,0
3,UPFC_tsh,5-15,-0.23774669398349346,0,MAP_SCADA,0
4,UPFC_Vse,5-15,0.05801149748186722,0,MAP_SCADA,0
5,UPFC_tse,5-15,-2.125013314471087,0,MAP_SCADA,0
0,x_tcsc,1-14,-0.10672552564031772,1,MAP_SCADA,0
1,B_svc,2,0.1699620932372151,1,MAP_SCADA,0
2,UPFC_Vsh,5-15,1.1123615374976672,1,MAP_SCADA,0
3,UPFC_tsh,5-15,-0.23696843843451737,1,MAP_SCADA,0
4,UPFC_Vse,5-15,0.05811522037584324,1,MAP_SCADA,0
5,UPFC_tse,5-15,-2.1211163238376645,1,MAP_SCADA,0
0,x_tcsc,1-14,-0.1070769698284908,2,MAP_SCADA,0
1,B_svc,2,0.1721999161702743,2,MAP_SCADA,0
2,UPFC_Vsh,5-15,1.1127166786554679,2,MAP_SCADA,0
3,UPFC_tsh,5-15,-0.23717991334136884,2,MAP_SCADA,0
4,UPFC_Vse,5-15,0.05757352464879231,2,MAP_SCADA,0
5,UPFC_tse,5-15,-2.1230999990028,2,MAP_SCADA,0
0,x_tcsc,1-14,-0.10811446151646358,3,MAP_SCADA,0
1,B_svc,2,0.16549771812223968,3,MAP_SCADA,0
2,UPFC_Vsh,5-15,1.115389257090103,3,MAP_SCADA,0
3,UPFC_tsh,5-15,-0.23554805098820253,3,MAP_SCADA,0
4,UPFC_Vse,5-15,0.057605515986073254,3,MAP_SCADA,0
5,UPFC_tse,5-15,-2.1228174010783643,3,MAP_SCADA,0
0,x_tcsc,1-14,-0.10634473140501007,4,MAP_SCADA,0
1,B_svc,2,0.1755735078302422,4,MAP_SCADA,0
2,UPFC_Vsh,5-15,1.111199722143873,4,MAP_SCADA,0
3,UPFC_tsh,5-15,-0.23820093405913495,4,MAP_SCADA,0
4,UPFC_Vse,5-15,0.05846390122351319,4,MAP_SCADA,0
5,UPFC_tse,5-15,-2.125218158257117,4,MAP_SCADA,0
0,x_tcsc,1-14,-0.10790829941694925,5,MAP_SCADA,0
1,B_svc,2,0.16857338136086428,5,MAP_SCADA,0
2,UPFC_Vsh,5-15,1.1124061159697878,5,MAP_SCADA,0
3,UPFC_tsh,5-15,-0.23694101298830025,5,MAP_SCADA,0
4,UPFC_Vse,5-15,0.057586451926492144,5,MAP_SCADA,0
5,UPFC_tse,5-15,-2.123550517995745,5,MAP_SCADA,0
0,x_tcsc,1-14,-0.10451070193725452,6,MAP_SCADA,0
1,B_svc,2,0.17672901054099616,6,MAP_SCADA,0
2,UPFC_Vsh,5-15,1.1135006915001406,6,MAP_SCADA,0
3,UPFC_tsh,5-15,-0.23832353677924936,6,MAP_SCADA,0
4,UPFC_Vse,5-15,0.05762607921320126,6,MAP_SCADA,0
5,UPFC_tse,5-15,-2.124829114767701,6,MAP_SCADA,0
0,x_tcsc,1-14,-0.10459882441615242,7,MAP_SCADA,0
1,B_svc,2,0.1712470443244542,7,MAP_SCADA,0
2,UPFC_Vsh,5-15,1.1143225166077113,7,MAP_SCADA,0
3,UPFC_tsh,5-15,-0.23767613475573202,7,MAP_SCADA,0
4,UPFC_Vse,5-15,0.05832062892555649,7,MAP_SCADA,0
5,UPFC_tse,5-15,-2.125530772288669,7,MAP_SCADA,0
0,x_tcsc,1-14,-0.10521331614986713,8,MAP_SCADA,0
1,B_svc,2,0.17652552155687268,8,MAP_SCADA,0
2,UPFC_Vsh,5-15,1.1094174165188055,8,MAP_SCADA,0
3,UPFC_tsh,5-15,-0.23943794083231065,8,MAP_SCADA,0
4,UPFC_Vse,5-15,0.05757429421869235,8,MAP_SCADA,0
5,UPFC_tse,5-15,-2.128784796891451,8,MAP_SCADA,0
0,x_tcsc,1-14,-0.1058694583135297,9,MAP_SCADA,0
1,B_svc,2,0.17452046107076724,9,MAP_SCADA,0
2,UPFC_Vsh,5-15,1.110964173874104,9,MAP_SCADA,0
3,UPFC_tsh,5-15,-0.23875396041049576,9,MAP_SCADA,0
4,UPFC_Vse,5-15,0.057809776259476885,9,MAP_SCADA,0
5,UPFC_tse,5-15,-2.124621495031673,9,MAP_SCADA,0
0,x_tcsc,1-14,-0.10702844124619473,0,MAP_SCADA,1
1,B_svc,2,0.172506831699301,0,MAP_SCADA,1
2,UPFC_Vsh,5-15,1.1102086318187065,0,MAP_SCADA,1
3,UPFC_tsh,5-15,-0.23774669398349346,0,MAP_SCADA,1
4,UPFC_Vse,5-15,0.05801149748186722,0,MAP_SCADA,1
5,UPFC_tse,5-15,-2.125013314471087,0,MAP_SCADA,1
0,x_tcsc,1-14,-0.10672552564031772,1,MAP_SCADA,1
1,B_svc,2,0.1699620932372151,1,MAP_SCADA,1
2,UPFC_Vsh,5-15,1.1123615374976672,1,MAP_SCADA,1
3,UPFC_tsh,5-15,-0.23696843843451737,1,MAP_SCADA,1
4,UPFC_Vse,5-15,0.05811522037584324,1,MAP_SCADA,1
5,UPFC_tse,5-15,-2.1211163238376645,1,MAP_SCADA,1
0,x_tcsc,1-14,-0.1070769698284908,2,MAP_SCADA,1
1,B_svc,2,0.1721999161702743,2,MAP_SCADA,1
2,UPFC_Vsh,5-15,1.1127166786554679,2,MAP_SCADA,1
3,UPFC_tsh,5-15,-0.23717991334136884,2,MAP_SCADA,1
4,UPFC_Vse,5-15,0.05757352464879231,2,MAP_SCADA,1
5,UPFC_tse,5-15,-2.1230999990028,2,MAP_SCADA,1
0,x_tcsc,1-14,-0.10811446151646358,3,MAP_SCADA,1
1,B_svc,2,0.16549771812223968,3,MAP_SCADA,1
2,UPFC_Vsh,5-15,1.115389257090103,3,MAP_SCADA,1
3,UPFC_tsh,5-15,-0.23554805098820253,3,MAP_SCADA,1
4,UPFC_Vse,5-15,0.057605515986073254,3,MAP_SCADA,1
5,UPFC_tse,5-15,-2.1228174010783643,3,MAP_SCADA,1
0,x_tcsc,1-14,-0.10634473140501007,4,MAP_SCADA,1
1,B_svc,2,0.1755735078302422,4,MAP_SCADA,1
2,UPFC_Vsh,5-15,1.111199722143873,4,MAP_SCADA,1
3,UPFC_tsh,5-15,-0.23820093405913495,4,MAP_SCADA,1
4,UPFC_Vse,5-15,0.05846390122351319,4,MAP_SCADA,1
5,UPFC_tse,5-15,-2.125218158257117,4,MAP_SCADA,1
0,x_tcsc,1-14,-0.10790829941694925,5,MAP_SCADA,1
1,B_svc,2,0.16857338136086428,5,MAP_SCADA,1
2,UPFC_Vsh,5-15,1.1124061159697878,5,MAP_SCADA,1
3,UPFC_tsh,5-15,-0.23694101298830025,5,MAP_SCADA,1
4,UPFC_Vse,5-15,0.057586451926492144,5,MAP_SCADA,1
5,UPFC_tse,5-15,-2.123550517995745,5,MAP_SCADA,1
0,x_tcsc,1-14,-0.10451070193725452,6,MAP_SCADA,1
1,B_svc,2,0.17672901054099616,6,MAP_SCADA,1
2,UPFC_Vsh,5-15,1.1135006915001406,6,MAP_SCADA,1
3,UPFC_tsh,5-15,-0.23832353677924936,6,MAP_SCADA,1
4,UPFC_Vse,5-15,0.05762607921320126,6,MAP_SCADA,1
5,UPFC_tse,5-15,-2.124829114767701,6,MAP_SCADA,1
0,x_tcsc,1-14,-0.10459882441615242,7,MAP_SCADA,1
1,B_svc,2,0.1712470443244542,7,MAP_SCADA,1
2,UPFC_Vsh,5-15,1.1143225166077113,7,MAP_SCADA,1
3,UPFC_tsh,5-15,-0.23767613475573202,7,MAP_SCADA,1
4,UPFC_Vse,5-15,0.05832062892555649,7,MAP_SCADA,1
5,UPFC_tse,5-15,-2.125530772288669,7,MAP_SCADA,1
0,x_tcsc,1-14,-0.10521331614986713,8,MAP_SCADA,1
1,B_svc,2,0.17652552155687268,8,MAP_SCADA,1
2,UPFC_Vsh,5-15,1.1094174165188055,8,MAP_SCADA,1
3,UPFC_tsh,5-15,-0.23943794083231065,8,MAP_SCADA,1
4,UPFC_Vse,5-15,0.05757429421869235,8,MAP_SCADA,1
5,UPFC_tse,5-15,-2.128784796891451,8,MAP_SCADA,1
0,x_tcsc,1-14,-0.1058694583135297,9,MAP_SCADA,1
1,B_svc,2,0.17452046107076724,9,MAP_SCADA,1
2,UPFC_Vsh,5-15,1.110964173874104,9,MAP_SCADA,1
3,UPFC_tsh,5-15,-0.23875396041049576,9,MAP_SCADA,1
4,UPFC_Vse,5-15,0.057809776259476885,9,MAP_SCADA,1
5,UPFC_tse,5-15,-2.124621495031673,9,MAP_SCADA,1
0,x_tcsc,1-14,-0.10702844124619473,0,MAP_SCADA,2
1,B_svc,2,0.172506831699301,0,MAP_SCADA,2
2,UPFC_Vsh,5-15,1.1102086318187065,0,MAP_SCADA,2
3,UPFC_tsh,5-15,-0.23774669398349346,0,MAP_SCADA,2
4,UPFC_Vse,5-15,0.05801149748186722,0,MAP_SCADA,2
5,UPFC_tse,5-15,-2.125013314471087,0,MAP_SCADA,2
0,x_tcsc,1-14,-0.10672552564031772,1,MAP_SCADA,2
1,B_svc,2,0.1699620932372151,1,MAP_SCADA,2
2,UPFC_Vsh,5-15,1.1123615374976672,1,MAP_SCADA,2
3,UPFC_tsh,5-15,-0.23696843843451737,1,MAP_SCADA,2
4,UPFC_Vse,5-15,0.05811522037584324,1,MAP_SCADA,2
5,UPFC_tse,5-15,-2.1211163238376645,1,MAP_SCADA,2
0,x_tcsc,1-14,-0.1070769698284908,2,MAP_SCADA,2
1,B_svc,2,0.1721999161702743,2,MAP_SCADA,2
2,UPFC_Vsh,5-15,1.1127166786554679,2,MAP_SCADA,2
3,UPFC_tsh,5-15,-0.23717991334136884,2,MAP_SCADA,2
4,UPFC_Vse,5-15,0.05757352464879231,2,MAP_SCADA,2
5,UPFC_tse,5-15,-2.1230999990028,2,MAP_SCADA,2
0,x_tcsc,1-14,-0.10811446151646358,3,MAP_SCADA,2
1,B_svc,2,0.16549771812223968,3,MAP_SCADA,2
2,UPFC_Vsh,5-15,1.115389257090103,3,MAP_SCADA,2
3,UPFC_tsh,5-15,-0.23554805098820253,3,MAP_SCADA,2
4,UPFC_Vse,5-15,0.057605515986073254,3,MAP_SCADA,2
5,UPFC_tse,5-15,-2.1228174010783643,3,MAP_SCADA,2
0,x_tcsc,1-14,-0.10634473140501007,4,MAP_SCADA,2
1,B_svc,2,0.1755735078302422,4,MAP_SCADA,2
2,UPFC_Vsh,5-15,1.111199722143873,4,MAP_SCADA,2
3,UPFC_tsh,5-15,-0.23820093405913495,4,MAP_SCADA,2
4,UPFC_Vse,5-15,0.05846390122351319,4,MAP_SCADA,2
5,UPFC_tse,5-15,-2.125218158257117,4,MAP_SCADA,2
0,x_tcsc,1-14,-0.10790829941694925,5,MAP_SCADA,2
1,B_svc,2,0.16857338136086428,5,MAP_SCADA,2
2,UPFC_Vsh,5-15,1.1124061159697878,5,MAP_SCADA,2
3,UPFC_tsh,5-15,-0.23694101298830025,5,MAP_SCADA,2
4,UPFC_Vse,5-15,0.057586451926492144,5,MAP_SCADA,2
5,UPFC_tse,5-15,-2.123550517995745,5,MAP_SCADA,2
0,x_tcsc,1-14,-0.10451070193725452,6,MAP_SCADA,2
1,B_svc,2,0.17672901054099616,6,MAP_SCADA,2
2,UPFC_Vsh,5-15,1.1135006915001406,6,MAP_SCADA,2
3,UPFC_tsh,5-15,-0.23832353677924936,6,MAP_SCADA,2
4,UPFC_Vse,5-15,0.05762607921320126,6,MAP_SCADA,2
5,UPFC_tse,5-15,-2.124829114767701,6,MAP_SCADA,2
0,x_tcsc,1-14,-0.10459882441615242,7,MAP_SCADA,2
1,B_svc,2,0.1712470443244542,7,MAP_SCADA,2
2,UPFC_Vsh,5-15,1.1143225166077113,7,MAP_SCADA,2
3,UPFC_tsh,5-15,-0.23767613475573202,7,MAP_SCADA,2
4,UPFC_Vse,5-15,0.05832062892555649,7,MAP_SCADA,2
5,UPFC_tse,5-15,-2.125530772288669,7,MAP_SCADA,2
0,x_tcsc,1-14,-0.10521331614986713,8,MAP_SCADA,2
1,B_svc,2,0.17652552155687268,8,MAP_SCADA,2
2,UPFC_Vsh,5-15,1.1094174165188055,8,MAP_SCADA,2
3,UPFC_tsh,5-15,-0.23943794083231065,8,MAP_SCADA,2
4,UPFC_Vse,5-15,0.05757429421869235,8,MAP_SCADA,2
5,UPFC_tse,5-15,-2.128784796891451,8,MAP_SCADA,2
0,x_tcsc,1-14,-0.1058694583135297,9,MAP_SCADA,2
1,B_svc,2,0.17452046107076724,9,MAP_SCADA,2
2,UPFC_Vsh,5-15,1.110964173874104,9,MAP_SCADA,2
3,UPFC_tsh,5-15,-0.23875396041049576,9,MAP_SCADA,2
4,UPFC_Vse,5-15,0.057809776259476885,9,MAP_SCADA,2
5,UPFC_tse,5-15,-2.124621495031673,9,MAP_SCADA,2
0,x_tcsc,1-14,-0.10702844124619473,0,MAP_SCADA,3
1,B_svc,2,0.172506831699301,0,MAP_SCADA,3
2,UPFC_Vsh,5-15,1.1102086318187065,0,MAP_SCADA,3
3,UPFC_tsh,5-15,-0.23774669398349346,0,MAP_SCADA,3
4,UPFC_Vse,5-15,0.05801149748186722,0,MAP_SCADA,3
5,UPFC_tse,5-15,-2.125013314471087,0,MAP_SCADA,3
0,x_tcsc,1-14,-0.10672552564031772,1,MAP_SCADA,3
1,B_svc,2,0.1699620932372151,1,MAP_SCADA,3
2,UPFC_Vsh,5-15,1.1123615374976672,1,MAP_SCADA,3
3,UPFC_tsh,5-15,-0.23696843843451737,1,MAP_SCADA,3
4,UPFC_Vse,5-15,0.05811522037584324,1,MAP_SCADA,3
5,UPFC_tse,5-15,-2.1211163238376645,1,MAP_SCADA,3
0,x_tcsc,1-14,-0.1070769698284908,2,MAP_SCADA,3
1,B_svc,2,0.1721999161702743,2,MAP_SCADA,3
2,UPFC_Vsh,5-15,1.1127166786554679,2,MAP_SCADA,3
3,UPFC_tsh,5-15,-0.23717991334136884,2,MAP_SCADA,3
4,UPFC_Vse,5-15,0.05757352464879231,2,MAP_SCADA,3
5,UPFC_tse,5-15,-2.1230999990028,2,MAP_SCADA,3
0,x_tcsc,1-14,-0.10811446151646358,3,MAP_SCADA,3
1,B_svc,2,0.16549771812223968,3,MAP_SCADA,3
2,UPFC_Vsh,5-15,1.115389257090103,3,MAP_SCADA,3
3,UPFC_tsh,5-15,-0.23554805098820253,3,MAP_SCADA,3
4,UPFC_Vse,5-15,0.057605515986073254,3,MAP_SCADA,3
5,UPFC_tse,5-15,-2.1228174010783643,3,MAP_SCADA,3
0,x_tcsc,1-14,-0.10634473140501007,4,MAP_SCADA,3
1,B_svc,2,0.1755735078302422,4,MAP_SCADA,3
2,UPFC_Vsh,5-15,1.111199722143873,4,MAP_SCADA,3
3,UPFC_tsh,5-15,-0.23820093405913495,4,MAP_SCADA,3
4,UPFC_Vse,5-15,0.05846390122351319,4,MAP_SCADA,3
5,UPFC_tse,5-15,-2.125218158257117,4,MAP_SCADA,3
0,x_tcsc,1-14,-0.10790829941694925,5,MAP_SCADA,3
1,B_svc,2,0.16857338136086428,5,MAP_SCADA,3
2,UPFC_Vsh,5-15,1.1124061159697878,5,MAP_SCADA,3
3,UPFC_tsh,5-15,-0.23694101298830025,5,MAP_SCADA,3
4,UPFC_Vse,5-15,0.057586451926492144,5,MAP_SCADA,3
5,UPFC_tse,5-15,-2.123550517995745,5,MAP_SCADA,3
0,x_tcsc,1-14,-0.10451070193725452,6,MAP_SCADA,3
1,B_svc,2,0.17672901054099616,6,MAP_SCADA,3
2,UPFC_Vsh,5-15,1.1135006915001406,6,MAP_SCADA,3
3,UPFC_tsh,5-15,-0.23832353677924936,6,MAP_SCADA,3
4,UPFC_Vse,5-15,0.05762607921320126,6,MAP_SCADA,3
5,UPFC_tse,5-15,-2.124829114767701,6,MAP_SCADA,3
0,x_tcsc,1-14,-0.10459882441615242,7,MAP_SCADA,3
1,B_svc,2,0.1712470443244542,7,MAP_SCADA,3
2,UPFC_Vsh,5-15,1.1143225166077113,7,MAP_SCADA,3
3,UPFC_tsh,5-15,-0.23767613475573202,7,MAP_SCADA,3
4,UPFC_Vse,5-15,0.05832062892555649,7,MAP_SCADA,3
5,UPFC_tse,5-15,-2.125530772288669,7,MAP_SCADA,3
0,x_tcsc,1-14,-0.10521331614986713,8,MAP_SCADA,3
1,B_svc,2,0.17652552155687268,8,MAP_SCADA,3
2,UPFC_Vsh,5-15,1.1094174165188055,8,MAP_SCADA,3
3,UPFC_tsh,5-15,-0.23943794083231065,8,MAP_SCADA,3
4,UPFC_Vse,5-15,0.05757429421869235,8,MAP_SCADA,3
5,UPFC_tse,5-15,-2.128784796891451,8,MAP_SCADA,3
0,x_tcsc,1-14,-0.1058694583135297,9,MAP_SCADA,3
1,B_svc,2,0.17452046107076724,9,MAP_SCADA,3
2,UPFC_Vsh,5-15,1.110964173874104,9,MAP_SCADA,3
3,UPFC_tsh,5-15,-0.23875396041049576,9,MAP_SCADA,3
4,UPFC_Vse,5-15,0.057809776259476885,9,MAP_SCADA,3
5,UPFC_tse,5-15,-2.124621495031673,9,MAP_SCADA,3
0,x_tcsc,1-14,-0.10702844124619473,0,MAP_SCADA,4
1,B_svc,2,0.172506831699301,0,MAP_SCADA,4
2,UPFC_Vsh,5-15,1.1102086318187065,0,MAP_SCADA,4
3,UPFC_tsh,5-15,-0.23774669398349346,0,MAP_SCADA,4
4,UPFC_Vse,5-15,0.05801149748186722,0,MAP_SCADA,4
5,UPFC_tse,5-15,-2.125013314471087,0,MAP_SCADA,4
0,x_tcsc,1-14,-0.10672552564031772,1,MAP_SCADA,4
1,B_svc,2,0.1699620932372151,1,MAP_SCADA,4
2,UPFC_Vsh,5-15,1.1123615374976672,1,MAP_SCADA,4
3,UPFC_tsh,5-15,-0.23696843843451737,1,MAP_SCADA,4
4,UPFC_Vse,5-15,0.05811522037584324,1,MAP_SCADA,4
5,UPFC_tse,5-15,-2.1211163238376645,1,MAP_SCADA,4
0,x_tcsc,1-14,-0.1070769698284908,2,MAP_SCADA,4
1,B_svc,2,0.1721999161702743,2,MAP_SCADA,4
2,UPFC_Vsh,5-15,1.1127166786554679,2,MAP_SCADA,4
3,UPFC_tsh,5-15,-0.23717991334136884,2,MAP_SCADA,4
4,UPFC_Vse,5-15,0.05757352464879231,2,MAP_SCADA,4
5,UPFC_tse,5-15,-2.1230999990028,2,MAP_SCADA,4
0,x_tcsc,1-14,-0.10811446151646358,3,MAP_SCADA,4
1,B_svc,2,0.16549771812223968,3,MAP_SCADA,4
2,UPFC_Vsh,5-15,1.115389257090103,3,MAP_SCADA,4
3,UPFC_tsh,5-15,-0.23554805098820253,3,MAP_SCADA,4
4,UPFC_Vse,5-15,0.057605515986073254,3,MAP_SCADA,4
5,UPFC_tse,5-15,-2.1228174010783643,3,MAP_SCADA,4
0,x_tcsc,1-14,-0.10634473140501007,4,MAP_SCADA,4
1,B_svc,2,0.1755735078302422,4,MAP_SCADA,4
2,UPFC_Vsh,5-15,1.111199722143873,4,MAP_SCADA,4
3,UPFC_tsh,5-15,-0.23820093405913495,4,MAP_SCADA,4
4,UPFC_Vse,5-15,0.05846390122351319,4,MAP_SCADA,4
5,UPFC_tse,5-15,-2.125218158257117,4,MAP_SCADA,4
0,x_tcsc,1-14,-0.10790829941694925,5,MAP_SCADA,4
1,B_svc,2,0.16857338136086428,5,MAP_SCADA,4
2,UPFC_Vsh,5-15,1.1124061159697878,5,MAP_SCADA,4
3,UPFC_tsh,5-15,-0.23694101298830025,5,MAP_SCADA,4
4,UPFC_Vse,5-15,0.057586451926492144,5,MAP_SCADA,4
5,UPFC_tse,5-15,-2.123550517995745,5,MAP_SCADA,4
0,x_tcsc,1-14,-0.10451070193725452,6,MAP_SCADA,4
1,B_svc,2,0.17672901054099616,6,MAP_SCADA,4
2,UPFC_Vsh,5-15,1.1135006915001406,6,MAP_SCADA,4
3,UPFC_tsh,5-15,-0.23832353677924936,6,MAP_SCADA,4
4,UPFC_Vse,5-15,0.05762607921320126,6,MAP_SCADA,4
5,UPFC_tse,5-15,-2.124829114767701,6,MAP_SCADA,4
0,x_tcsc,1-14,-0.10459882441615242,7,MAP_SCADA,4
1,B_svc,2,0.1712470443244542,7,MAP_SCADA,4
2,UPFC_Vsh,5-15,1.1143225166077113,7,MAP_SCADA,4
3,UPFC_tsh,5-15,-0.23767613475573202,7,MAP_SCADA,4
4,UPFC_Vse,5-15,0.05832062892555649,7,MAP_SCADA,4
5,UPFC_tse,5-15,-2.125530772288669,7,MAP_SCADA,4
0,x_tcsc,1-14,-0.10521331614986713,8,MAP_SCADA,4
1,B_svc,2,0.17652552155687268,8,MAP_SCADA,4
2,UPFC_Vsh,5-15,1.1094174165188055,8,MAP_SCADA,4
3,UPFC_tsh,5-15,-0.23943794083231065,8,MAP_SCADA,4
4,UPFC_Vse,5-15,0.05757429421869235,8,MAP_SCADA,4
5,UPFC_tse,5-15,-2.128784796891451,8,MAP_SCADA,4
0,x_tcsc,1-14,-0.1058694583135297,9,MAP_SCADA,4
1,B_svc,2,0.17452046107076724,9,MAP_SCADA,4
2,UPFC_Vsh,5-15,1.110964173874104,9,MAP_SCADA,4
3,UPFC_tsh,5-15,-0.23875396041049576,9,MAP_SCADA,4
4,UPFC_Vse,5-15,0.057809776259476885,9,MAP_SCADA,4
5,UPFC_tse,5-15,-2.124621495031673,9,MAP_SCADA,4
0,x_tcsc,1-14,-0.10702844124619473,0,MAP_SCADA,5
1,B_svc,2,0.172506831699301,0,MAP_SCADA,5
2,UPFC_Vsh,5-15,1.1102086318187065,0,MAP_SCADA,5
3,UPFC_tsh,5-15,-0.23774669398349346,0,MAP_SCADA,5
4,UPFC_Vse,5-15,0.05801149748186722,0,MAP_SCADA,5
5,UPFC_tse,5-15,-2.125013314471087,0,MAP_SCADA,5
0,x_tcsc,1-14,-0.10672552564031772,1,MAP_SCADA,5
1,B_svc,2,0.1699620932372151,1,MAP_SCADA,5
2,UPFC_Vsh,5-15,1.1123615374976672,1,MAP_SCADA,5
3,UPFC_tsh,5-15,-0.23696843843451737,1,MAP_SCADA,5
4,UPFC_Vse,5-15,0.05811522037584324,1,MAP_SCADA,5
5,UPFC_tse,5-15,-2.1211163238376645,1,MAP_SCADA,5
0,x_tcsc,1-14,-0.1070769698284908,2,MAP_SCADA,5
1,B_svc,2,0.1721999161702743,2,MAP_SCADA,5
2,UPFC_Vsh,5-15,1.1127166786554679,2,MAP_SCADA,5
3,UPFC_tsh,5-15,-0.23717991334136884,2,MAP_SCADA,5
4,UPFC_Vse,5-15,0.05757352464879231,2,MAP_SCADA,5
5,UPFC_tse,5-15,-2.1230999990028,2,MAP_SCADA,5
0,x_tcsc,1-14,-0.10811446151646358,3,MAP_SCADA,5
1,B_svc,2,0.16549771812223968,3,MAP_SCADA,5
2,UPFC_Vsh,5-15,1.115389257090103,3,MAP_SCADA,5
3,UPFC_tsh,5-15,-0.23554805098820253,3,MAP_SCADA,5
4,UPFC_Vse,5-15,0.057605515986073254,3,MAP_SCADA,5
5,UPFC_tse,5-15,-2.1228174010783643,3,MAP_SCADA,5
0,x_tcsc,1-14,-0.10634473140501007,4,MAP_SCADA,5
1,B_svc,2,0.1755735078302422,4,MAP_SCADA,5
2,UPFC_Vsh,5-15,1.111199722143873,4,MAP_SCADA,5
3,UPFC_tsh,5-15,-0.23820093405913495,4,MAP_SCADA,5
4,UPFC_Vse,5-15,0.05846390122351319,4,MAP_SCADA,5
5,UPFC_tse,5-15,-2.125218158257117,4,MAP_SCADA,5
0,x_tcsc,1-14,-0.10790829941694925,5,MAP_SCADA,5
1,B_svc,2,0.16857338136086428,5,MAP_SCADA,5
2,UPFC_Vsh,5-15,1.1124061159697878,5,MAP_SCADA,5
3,UPFC_tsh,5-15,-0.23694101298830025,5,MAP_SCADA,5
4,UPFC_Vse,5-15,0.057586451926492144,5,MAP_SCADA,5
5,UPFC_tse,5-15,-2.123550517995745,5,MAP_SCADA,5
0,x_tcsc,1-14,-0.10451070193725452,6,MAP_SCADA,5
1,B_svc,2,0.17672901054099616,6,MAP_SCADA,5
2,UPFC_Vsh,5-15,1.1135006915001406,6,MAP_SCADA,5
3,UPFC_tsh,5-15,-0.23832353677924936,6,MAP_SCADA,5
4,UPFC_Vse,5-15,0.05762607921320126,6,MAP_SCADA,5
5,UPFC_tse,5-15,-2.124829114767701,6,MAP_SCADA,5
0,x_tcsc,1-14,-0.10459882441615242,7,MAP_SCADA,5
1,B_svc,2,0.1712470443244542,7,MAP_SCADA,5
2,UPFC_Vsh,5-15,1.1143225166077113,7,MAP_SCADA,5
3,UPFC_tsh,5-15,-0.23767613475573202,7,MAP_SCADA,5
4,UPFC_Vse,5-15,0.05832062892555649,7,MAP_SCADA,5
5,UPFC_tse,5-15,-2.125530772288669,7,MAP_SCADA,5
0,x_tcsc,1-14,-0.10521331614986713,8,MAP_SCADA,5
1,B_svc,2,0.17652552155687268,8,MAP_SCADA,5
2,UPFC_Vsh,5-15,1.1094174165188055,8,MAP_SCADA,5
3,UPFC_tsh,5-15,-0.23943794083231065,8,MAP_SCADA,5
4,UPFC_Vse,5-15,0.05757429421869235,8,MAP_SCADA,5
5,UPFC_tse,5-15,-2.128784796891451,8,MAP_SCADA,5
0,x_tcsc,1-14,-0.1058694583135297,9,MAP_SCADA,5
1,B_svc,2,0.17452046107076724,9,MAP_SCADA,5
2,UPFC_Vsh,5-15,1.110964173874104,9,MAP_SCADA,5
3,UPFC_tsh,5-15,-0.23875396041049576,9,MAP_SCADA,5
4,UPFC_Vse,5-15,0.057809776259476885,9,MAP_SCADA,5
5,UPFC_tse,5-15,-2.124621495031673,9,MAP_SCADA,5
0,x_tcsc,1-14,-0.10702844124619473,0,MAP_SCADA,6
1,B_svc,2,0.172506831699301,0,MAP_SCADA,6
2,UPFC_Vsh,5-15,1.1102086318187065,0,MAP_SCADA,6
3,UPFC_tsh,5-15,-0.23774669398349346,0,MAP_SCADA,6
4,UPFC_Vse,5-15,0.05801149748186722,0,MAP_SCADA,6
5,UPFC_tse,5-15,-2.125013314471087,0,MAP_SCADA,6
0,x_tcsc,1-14,-0.10672552564031772,1,MAP_SCADA,6
1,B_svc,2,0.1699620932372151,1,MAP_SCADA,6
2,UPFC_Vsh,5-15,1.1123615374976672,1,MAP_SCADA,6
3,UPFC_tsh,5-15,-0.23696843843451737,1,MAP_SCADA,6
4,UPFC_Vse,5-15,0.05811522037584324,1,MAP_SCADA,6
5,UPFC_tse,5-15,-2.1211163238376645,1,MAP_SCADA,6
0,x_tcsc,1-14,-0.1070769698284908,2,MAP_SCADA,6
1,B_svc,2,0.1721999161702743,2,MAP_SCADA,6
2,UPFC_Vsh,5-15,1.1127166786554679,2,MAP_SCADA,6
3,UPFC_tsh,5-15,-0.23717991334136884,2,MAP_SCADA,6
4,UPFC_Vse,5-15,0.05757352464879231,2,MAP_SCADA,6
5,UPFC_tse,5-15,-2.1230999990028,2,MAP_SCADA,6
0,x_tcsc,1-14,-0.10811446151646358,3,MAP_SCADA,6
1,B_svc,2,0.16549771812223968,3,MAP_SCADA,6
2,UPFC_Vsh,5-15,1.115389257090103,3,MAP_SCADA,6
3,UPFC_tsh,5-15,-0.23554805098820253,3,MAP_SCADA,6
4,UPFC_Vse,5-15,0.057605515986073254,3,MAP_SCADA,6
5,UPFC_tse,5-15,-2.1228174010783643,3,MAP_SCADA,6
0,x_tcsc,1-14,-0.10634473140501007,4,MAP_SCADA,6
1,B_svc,2,0.1755735078302422,4,MAP_SCADA,6
2,UPFC_Vsh,5-15,1.111199722143873,4,MAP_SCADA,6
3,UPFC_tsh,5-15,-0.23820093405913495,4,MAP_SCADA,6
4,UPFC_Vse,5-15,0.05846390122351319,4,MAP_SCADA,6
5,UPFC_tse,5-15,-2.125218158257117,4,MAP_SCADA,6
0,x_tcsc,1-14,-0.10790829941694925,5,MAP_SCADA,6
1,B_svc,2,0.16857338136086428,5,MAP_SCADA,6
2,UPFC_Vsh,5-15,1.1124061159697878,5,MAP_SCADA,6
3,UPFC_tsh,5-15,-0.23694101298830025,5,MAP_SCADA,6
4,UPFC_Vse,5-15,0.057586451926492144,5,MAP_SCADA,6
5,UPFC_tse,5-15,-2.123550517995745,5,MAP_SCADA,6
0,x_tcsc,1-14,-0.10451070193725452,6,MAP_SCADA,6
1,B_svc,2,0.17672901054099616,6,MAP_SCADA,6
2,UPFC_Vsh,5-15,1.1135006915001406,6,MAP_SCADA,6
3,UPFC_tsh,5-15,-0.23832353677924936,6,MAP_SCADA,6
4,UPFC_Vse,5-15,0.05762607921320126,6,MAP_SCADA,6
5,UPFC_tse,5-15,-2.124829114767701,6,MAP_SCADA,6
0,x_tcsc,1-14,-0.10459882441615242,7,MAP_SCADA,6
1,B_svc,2,0.1712470443244542,7,MAP_SCADA,6
2,UPFC_Vsh,5-15,1.1143225166077113,7,MAP_SCADA,6
3,UPFC_tsh,5-15,-0.23767613475573202,7,MAP_SCADA,6
4,UPFC_Vse,5-15,0.05832062892555649,7,MAP_SCADA,6
5,UPFC_tse,5-15,-2.125530772288669,7,MAP_SCADA,6
0,x_tcsc,1-14,-0.10521331614986713,8,MAP_SCADA,6
1,B_svc,2,0.17652552155687268,8,MAP_SCADA,6
2,UPFC_Vsh,5-15,1.1094174165188055,8,MAP_SCADA,6
3,UPFC_tsh,5-15,-0.23943794083231065,8,MAP_SCADA,6
4,UPFC_Vse,5-15,0.05757429421869235,8,MAP_SCADA,6
5,UPFC_tse,5-15,-2.128784796891451,8,MAP_SCADA,6
0,x_tcsc,1-14,-0.1058694583135297,9,MAP_SCADA,6
1,B_svc,2,0.17452046107076724,9,MAP_SCADA,6
2,UPFC_Vsh,5-15,1.110964173874104,9,MAP_SCADA,6
3,UPFC_tsh,5-15,-0.23875396041049576,9,MAP_SCADA,6
4,UPFC_Vse,5-15,0.057809776259476885,9,MAP_SCADA,6
5,UPFC_tse,5-15,-2.124621495031673,9,MAP_SCADA,6
0,x_tcsc,1-14,-0.10702844124619473,0,MAP_SCADA,7
1,B_svc,2,0.172506831699301,0,MAP_SCADA,7
2,UPFC_Vsh,5-15,1.1102086318187065,0,MAP_SCADA,7
3,UPFC_tsh,5-15,-0.23774669398349346,0,MAP_SCADA,7
4,UPFC_Vse,5-15,0.05801149748186722,0,MAP_SCADA,7
5,UPFC_tse,5-15,-2.125013314471087,0,MAP_SCADA,7
0,x_tcsc,1-14,-0.10672552564031772,1,MAP_SCADA,7
1,B_svc,2,0.1699620932372151,1,MAP_SCADA,7
2,UPFC_Vsh,5-15,1.1123615374976672,1,MAP_SCADA,7
3,UPFC_tsh,5-15,-0.23696843843451737,1,MAP_SCADA,7
4,UPFC_Vse,5-15,0.05811522037584324,1,MAP_SCADA,7
5,UPFC_tse,5-15,-2.1211163238376645,1,MAP_SCADA,7
0,x_tcsc,1-14,-0.1070769698284908,2,MAP_SCADA,7
1,B_svc,2,0.1721999161702743,2,MAP_SCADA,7
2,UPFC_Vsh,5-15,1.1127166786554679,2,MAP_SCADA,7
3,UPFC_tsh,5-15,-0.23717991334136884,2,MAP_SCADA,7
4,UPFC_Vse,5-15,0.05757352464879231,2,MAP_SCADA,7
5,UPFC_tse,5-15,-2.1230999990028,2,MAP_SCADA,7
0,x_tcsc,1-14,-0.10811446151646358,3,MAP_SCADA,7
1,B_svc,2,0.16549771812223968,3,MAP_SCADA,7
2,UPFC_Vsh,5-15,1.115389257090103,3,MAP_SCADA,7
3,UPFC_tsh,5-15,-0.23554805098820253,3,MAP_SCADA,7
4,UPFC_Vse,5-15,0.057605515986073254,3,MAP_SCADA,7
5,UPFC_tse,5-15,-2.1228174010783643,3,MAP_SCADA,7
0,x_tcsc,1-14,-0.10634473140501007,4,MAP_SCADA,7
1,B_svc,2,0.1755735078302422,4,MAP_SCADA,7
2,UPFC_Vsh,5-15,1.111199722143873,4,MAP_SCADA,7
3,UPFC_tsh,5-15,-0.23820093405913495,4,MAP_SCADA,7
4,UPFC_Vse,5-15,0.05846390122351319,4,MAP_SCADA,7
5,UPFC_tse,5-15,-2.125218158257117,4,MAP_SCADA,7
0,x_tcsc,1-14,-0.10790829941694925,5,MAP_SCADA,7
1,B_svc,2,0.16857338136086428,5,MAP_SCADA,7
2,UPFC_Vsh,5-15,1.1124061159697878,5,MAP_SCADA,7
3,UPFC_tsh,5-15,-0.23694101298830025,5,MAP_SCADA,7
4,UPFC_Vse,5-15,0.057586451926492144,5,MAP_SCADA,7
5,UPFC_tse,5-15,-2.123550517995745,5,MAP_SCADA,7
0,x_tcsc,1-14,-0.10451070193725452,6,MAP_SCADA,7
1,B_svc,2,0.17672901054099616,6,MAP_SCADA,7
2,UPFC_Vsh,5-15,1.1135006915001406,6,MAP_SCADA,7
3,UPFC_tsh,5-15,-0.23832353677924936,6,MAP_SCADA,7
4,UPFC_Vse,5-15,0.05762607921320126,6,MAP_SCADA,7
5,UPFC_tse,5-15,-2.124829114767701,6,MAP_SCADA,7
0,x_tcsc,1-14,-0.10459882441615242,7,MAP_SCADA,7
1,B_svc,2,0.1712470443244542,7,MAP_SCADA,7
2,UPFC_Vsh,5-15,1.1143225166077113,7,MAP_SCADA,7
3,UPFC_tsh,5-15,-0.23767613475573202,7,MAP_SCADA,7
4,UPFC_Vse,5-15,0.05832062892555649,7,MAP_SCADA,7
5,UPFC_tse,5-15,-2.125530772288669,7,MAP_SCADA,7
0,x_tcsc,1-14,-0.10521331614986713,8,MAP_SCADA,7
1,B_svc,2,0.17652552155687268,8,MAP_SCADA,7
2,UPFC_Vsh,5-15,1.1094174165188055,8,MAP_SCADA,7
3,UPFC_tsh,5-15,-0.23943794083231065,8,MAP_SCADA,7
4,UPFC_Vse,5-15,0.05757429421869235,8,MAP_SCADA,7
5,UPFC_tse,5-15,-2.128784796891451,8,MAP_SCADA,7
0,x_tcsc,1-14,-0.1058694583135297,9,MAP_SCADA,7
1,B_svc,2,0.17452046107076724,9,MAP_SCADA,7
2,UPFC_Vsh,5-15,1.110964173874104,9,MAP_SCADA,7
3,UPFC_tsh,5-15,-0.23875396041049576,9,MAP_SCADA,7
4,UPFC_Vse,5-15,0.057809776259476885,9,MAP_SCADA,7
5,UPFC_tse,5-15,-2.124621495031673,9,MAP_SCADA,7
0,x_tcsc,1-14,-0.10702844124619473,0,MAP_SCADA,8
1,B_svc,2,0.172506831699301,0,MAP_SCADA,8
2,UPFC_Vsh,5-15,1.1102086318187065,0,MAP_SCADA,8
3,UPFC_tsh,5-15,-0.23774669398349346,0,MAP_SCADA,8
4,UPFC_Vse,5-15,0.05801149748186722,0,MAP_SCADA,8
5,UPFC_tse,5-15,-2.125013314471087,0,MAP_SCADA,8
0,x_tcsc,1-14,-0.10672552564031772,1,MAP_SCADA,8
1,B_svc,2,0.1699620932372151,1,MAP_SCADA,8
2,UPFC_Vsh,5-15,1.1123615374976672,1,MAP_SCADA,8
3,UPFC_tsh,5-15,-0.23696843843451737,1,MAP_SCADA,8
4,UPFC_Vse,5-15,0.05811522037584324,1,MAP_SCADA,8
5,UPFC_tse,5-15,-2.1211163238376645,1,MAP_SCADA,8
0,x_tcsc,1-14,-0.1070769698284908,2,MAP_SCADA,8
1,B_svc,2,0.1721999161702743,2,MAP_SCADA,8
2,UPFC_Vsh,5-15,1.1127166786554679,2,MAP_SCADA,8
3,UPFC_tsh,5-15,-0.23717991334136884,2,MAP_SCADA,8
4,UPFC_Vse,5-15,0.05757352464879231,2,MAP_SCADA,8
5,UPFC_tse,5-15,-2.1230999990028,2,MAP_SCADA,8
0,x_tcsc,1-14,-0.10811446151646358,3,MAP_SCADA,8
1,B_svc,2,0.16549771812223968,3,MAP_SCADA,8
2,UPFC_Vsh,5-15,1.115389257090103,3,MAP_SCADA,8
3,UPFC_tsh,5-15,-0.23554805098820253,3,MAP_SCADA,8
4,UPFC_Vse,5-15,0.057605515986073254,3,MAP_SCADA,8
5,UPFC_tse,5-15,-2.1228174010783643,3,MAP_SCADA,8
0,x_tcsc,1-14,-0.10634473140501007,4,MAP_SCADA,8
1,B_svc,2,0.1755735078302422,4,MAP_SCADA,8
2,UPFC_Vsh,5-15,1.111199722143873,4,MAP_SCADA,8
3,UPFC_tsh,5-15,-0.23820093405913495,4,MAP_SCADA,8
4,UPFC_Vse,5-15,0.05846390122351319,4,MAP_SCADA,8
5,UPFC_tse,5-15,-2.125218158257117,4,MAP_SCADA,8
0,x_tcsc,1-14,-0.10790829941694925,5,MAP_SCADA,8
1,B_svc,2,0.16857338136086428,5,MAP_SCADA,8
2,UPFC_Vsh,5-15,1.1124061159697878,5,MAP_SCADA,8
3,UPFC_tsh,5-15,-0.23694101298830025,5,MAP_SCADA,8
4,UPFC_Vse,5-15,0.057586451926492144,5,MAP_SCADA,8
5,UPFC_tse,5-15,-2.123550517995745,5,MAP_SCADA,8
0,x_tcsc,1-14,-0.10451070193725452,6,MAP_SCADA,8
1,B_svc,2,0.17672901054099616,6,MAP_SCADA,8
2,UPFC_Vsh,5-15,1.1135006915001406,6,MAP_SCADA,8
3,UPFC_tsh,5-15,-0.23832353677924936,6,MAP_SCADA,8
4,UPFC_Vse,5-15,0.05762607921320126,6,MAP_SCADA,8
5,UPFC_tse,5-15,-2.124829114767701,6,MAP_SCADA,8
0,x_tcsc,1-14,-0.10459882441615242,7,MAP_SCADA,8
1,B_svc,2,0.1712470443244542,7,MAP_SCADA,8
2,UPFC_Vsh,5-15,1.1143225166077113,7,MAP_SCADA,8
3,UPFC_tsh,5-15,-0.23767613475573202,7,MAP_SCADA,8
4,UPFC_Vse,5-15,0.05832062892555649,7,MAP_SCADA,8
5,UPFC_tse,5-15,-2.125530772288669,7,MAP_SCADA,8
0,x_tcsc,1-14,-0.10521331614986713,8,MAP_SCADA,8
1,B_svc,2,0.17652552155687268,8,MAP_SCADA,8
2,UPFC_Vsh,5-15,1.1094174165188055,8,MAP_SCADA,8
3,UPFC_tsh,5-15,-0.23943794083231065,8,MAP_SCADA,8
4,UPFC_Vse,5-15,0.05757429421869235,8,MAP_SCADA,8
5,UPFC_tse,5-15,-2.128784796891451,8,MAP_SCADA,8
0,x_tcsc,1-14,-0.1058694583135297,9,MAP_SCADA,8
1,B_svc,2,0.17452046107076724,9,MAP_SCADA,8
2,UPFC_Vsh,5-15,1.110964173874104,9,MAP_SCADA,8
3,UPFC_tsh,5-15,-0.23875396041049576,9,MAP_SCADA,8
4,UPFC_Vse,5-15,0.057809776259476885,9,MAP_SCADA,8
5,UPFC_tse,5-15,-2.124621495031673,9,MAP_SCADA,8
0,x_tcsc,1-14,-0.10702844124619473,0,MAP_SCADA,9
1,B_svc,2,0.172506831699301,0,MAP_SCADA,9
2,UPFC_Vsh,5-15,1.1102086318187065,0,MAP_SCADA,9
3,UPFC_tsh,5-15,-0.23774669398349346,0,MAP_SCADA,9
4,UPFC_Vse,5-15,0.05801149748186722,0,MAP_SCADA,9
5,UPFC_tse,5-15,-2.125013314471087,0,MAP_SCADA,9
0,x_tcsc,1-14,-0.10672552564031772,1,MAP_SCADA,9
1,B_svc,2,0.1699620932372151,1,MAP_SCADA,9
2,UPFC_Vsh,5-15,1.1123615374976672,1,MAP_SCADA,9
3,UPFC_tsh,5-15,-0.23696843843451737,1,MAP_SCADA,9
4,UPFC_Vse,5-15,0.05811522037584324,1,MAP_SCADA,9
5,UPFC_tse,5-15,-2.1211163238376645,1,MAP_SCADA,9
0,x_tcsc,1-14,-0.1070769698284908,2,MAP_SCADA,9
1,B_svc,2,0.1721999161702743,2,MAP_SCADA,9
2,UPFC_Vsh,5-15,1.1127166786554679,2,MAP_SCADA,9
3,UPFC_tsh,5-15,-0.23717991334136884,2,MAP_SCADA,9
4,UPFC_Vse,5-15,0.05757352464879231,2,MAP_SCADA,9
5,UPFC_tse,5-15,-2.1230999990028,2,MAP_SCADA,9
0,x_tcsc,1-14,-0.10811446151646358,3,MAP_SCADA,9
1,B_svc,2,0.16549771812223968,3,MAP_SCADA,9
2,UPFC_Vsh,5-15,1.115389257090103,3,MAP_SCADA,9
3,UPFC_tsh,5-15,-0.23554805098820253,3,MAP_SCADA,9
4,UPFC_Vse,5-15,0.057605515986073254,3,MAP_SCADA,9
5,UPFC_tse,5-15,-2.1228174010783643,3,MAP_SCADA,9
0,x_tcsc,1-14,-0.10634473140501007,4,MAP_SCADA,9
1,B_svc,2,0.1755735078302422,4,MAP_SCADA,9
2,UPFC_Vsh,5-15,1.111199722143873,4,MAP_SCADA,9
3,UPFC_tsh,5-15,-0.23820093405913495,4,MAP_SCADA,9
4,UPFC_Vse,5-15,0.05846390122351319,4,MAP_SCADA,9
5,UPFC_tse,5-15,-2.125218158257117,4,MAP_SCADA,9
0,x_tcsc,1-14,-0.10790829941694925,5,MAP_SCADA,9
1,B_svc,2,0.16857338136086428,5,MAP_SCADA,9
2,UPFC_Vsh,5-15,1.1124061159697878,5,MAP_SCADA,9
3,UPFC_tsh,5-15,-0.23694101298830025,5,MAP_SCADA,9
4,UPFC_Vse,5-15,0.057586451926492144,5,MAP_SCADA,9
5,UPFC_tse,5-15,-2.123550517995745,5,MAP_SCADA,9
0,x_tcsc,1-14,-0.10451070193725452,6,MAP_SCADA,9
1,B_svc,2,0.17672901054099616,6,MAP_SCADA,9
2,UPFC_Vsh,5-15,1.1135006915001406,6,MAP_SCADA,9
3,UPFC_tsh,5-15,-0.23832353677924936,6,MAP_SCADA,9
4,UPFC_Vse,5-15,0.05762607921320126,6,MAP_SCADA,9
5,UPFC_tse,5-15,-2.124829114767701,6,MAP_SCADA,9
0,x_tcsc,1-14,-0.10459882441615242,7,MAP_SCADA,9
1,B_svc,2,0.1712470443244542,7,MAP_SCADA,9
2,UPFC_Vsh,5-15,1.1143225166077113,7,MAP_SCADA,9
3,UPFC_tsh,5-15,-0.23767613475573202,7,MAP_SCADA,9
4,UPFC_Vse,5-15,0.05832062892555649,7,MAP_SCADA,9
5,UPFC_tse,5-15,-2.125530772288669,7,MAP_SCADA,9
0,x_tcsc,1-14,-0.10521331614986713,8,MAP_SCADA,9
1,B_svc,2,0.17652552155687268,8,MAP_SCADA,9
2,UPFC_Vsh,5-15,1.1094174165188055,8,MAP_SCADA,9
3,UPFC_tsh,5-15,-0.23943794083231065,8,MAP_SCADA,9
4,UPFC_Vse,5-15,0.05757429421869235,8,MAP_SCADA,9
5,UPFC_tse,5-15,-2.128784796891451,8,MAP_SCADA,9
0,x_tcsc,1-14,-0.1058694583135297,9,MAP_SCADA,9
1,B_svc,2,0.17452046107076724,9,MAP_SCADA,9
2,UPFC_Vsh,5-15,1.110964173874104,9,MAP_SCADA,9
3,UPFC_tsh,5-15,-0.23875396041049576,9,MAP_SCADA,9
4,UPFC_Vse,5-15,0.057809776259476885,9,MAP_SCADA,9
5,UPFC_tse,5-15,-2.124621495031673,9,MAP_SCADA,9
0,x_tcsc,1-14,-0.10702844124619473,0,MAP_SCADA,10
1,B_svc,2,0.172506831699301,0,MAP_SCADA,10
2,UPFC_Vsh,5-15,1.1102086318187065,0,MAP_SCADA,10
3,UPFC_tsh,5-15,-0.23774669398349346,0,MAP_SCADA,10
4,UPFC_Vse,5-15,0.05801149748186722,0,MAP_SCADA,10
5,UPFC_tse,5-15,-2.125013314471087,0,MAP_SCADA,10
0,x_tcsc,1-14,-0.10672552564031772,1,MAP_SCADA,10
1,B_svc,2,0.1699620932372151,1,MAP_SCADA,10
2,UPFC_Vsh,5-15,1.1123615374976672,1,MAP_SCADA,10
3,UPFC_tsh,5-15,-0.23696843843451737,1,MAP_SCADA,10
4,UPFC_Vse,5-15,0.05811522037584324,1,MAP_SCADA,10
5,UPFC_tse,5-15,-2.1211163238376645,1,MAP_SCADA,10
0,x_tcsc,1-14,-0.1070769698284908,2,MAP_SCADA,10
1,B_svc,2,0.1721999161702743,2,MAP_SCADA,10
2,UPFC_Vsh,5-15,1.1127166786554679,2,MAP_SCADA,10
3,UPFC_tsh,5-15,-0.23717991334136884,2,MAP_SCADA,10
4,UPFC_Vse,5-15,0.05757352464879231,2,MAP_SCADA,10
5,UPFC_tse,5-15,-2.1230999990028,2,MAP_SCADA,10
0,x_tcsc,1-14,-0.10811446151646358,3,MAP_SCADA,10
1,B_svc,2,0.16549771812223968,3,MAP_SCADA,10
2,UPFC_Vsh,5-15,1.115389257090103,3,MAP_SCADA,10
3,UPFC_tsh,5-15,-0.23554805098820253,3,MAP_SCADA,10
4,UPFC_Vse,5-15,0.057605515986073254,3,MAP_SCADA,10
5,UPFC_tse,5-15,-2.1228174010783643,3,MAP_SCADA,10
0,x_tcsc,1-14,-0.10634473140501007,4,MAP_SCADA,10
1,B_svc,2,0.1755735078302422,4,MAP_SCADA,10
2,UPFC_Vsh,5-15,1.111199722143873,4,MAP_SCADA,10
3,UPFC_tsh,5-15,-0.23820093405913495,4,MAP_SCADA,10
4,UPFC_Vse,5-15,0.05846390122351319,4,MAP_SCADA,10
5,UPFC_tse,5-15,-2.125218158257117,4,MAP_SCADA,10
0,x_tcsc,1-14,-0.10790829941694925,5,MAP_SCADA,10
1,B_svc,2,0.16857338136086428,5,MAP_SCADA,10
2,UPFC_Vsh,5-15,1.1124061159697878,5,MAP_SCADA,10
3,UPFC_tsh,5-15,-0.23694101298830025,5,MAP_SCADA,10
4,UPFC_Vse,5-15,0.057586451926492144,5,MAP_SCADA,10
5,UPFC_tse,5-15,-2.123550517995745,5,MAP_SCADA,10
0,x_tcsc,1-14,-0.10451070193725452,6,MAP_SCADA,10
1,B_svc,2,0.17672901054099616,6,MAP_SCADA,10
2,UPFC_Vsh,5-15,1.1135006915001406,6,MAP_SCADA,10
3,UPFC_tsh,5-15,-0.23832353677924936,6,MAP_SCADA,10
4,UPFC_Vse,5-15,0.05762607921320126,6,MAP_SCADA,10
5,UPFC_tse,5-15,-2.124829114767701,6,MAP_SCADA,10
0,x_tcsc,1-14,-0.10459882441615242,7,MAP_SCADA,10
1,B_svc,2,0.1712470443244542,7,MAP_SCADA,10
2,UPFC_Vsh,5-15,1.1143225166077113,7,MAP_SCADA,10
3,UPFC_tsh,5-15,-0.23767613475573202,7,MAP_SCADA,10
4,UPFC_Vse,5-15,0.05832062892555649,7,MAP_SCADA,10
5,UPFC_tse,5-15,-2.125530772288669,7,MAP_SCADA,10
0,x_tcsc,1-14,-0.10521331614986713,8,MAP_SCADA,10
1,B_svc,2,0.17652552155687268,8,MAP_SCADA,10
2,UPFC_Vsh,5-15,1.1094174165188055,8,MAP_SCADA,10
3,UPFC_tsh,5-15,-0.23943794083231065,8,MAP_SCADA,10
4,UPFC_Vse,5-15,0.05757429421869235,8,MAP_SCADA,10
5,UPFC_tse,5-15,-2.128784796891451,8,MAP_SCADA,10
0,x_tcsc,1-14,-0.1058694583135297,9,MAP_SCADA,10
1,B_svc,2,0.17452046107076724,9,MAP_SCADA,10
2,UPFC_Vsh,5-15,1.110964173874104,9,MAP_SCADA,10
3,UPFC_tsh,5-15,-0.23875396041049576,9,MAP_SCADA,10
4,UPFC_Vse,5-15,0.057809776259476885,9,MAP_SCADA,10
5,UPFC_tse,5-15,-2.124621495031673,9,MAP_SCADA,10
0,x_tcsc,1-14,-0.10702844124619473,0,MAP_SCADA,11
1,B_svc,2,0.172506831699301,0,MAP_SCADA,11
2,UPFC_Vsh,5-15,1.1102086318187065,0,MAP_SCADA,11
3,UPFC_tsh,5-15,-0.23774669398349346,0,MAP_SCADA,11
4,UPFC_Vse,5-15,0.05801149748186722,0,MAP_SCADA,11
5,UPFC_tse,5-15,-2.125013314471087,0,MAP_SCADA,11
0,x_tcsc,1-14,-0.10672552564031772,1,MAP_SCADA,11
1,B_svc,2,0.1699620932372151,1,MAP_SCADA,11
2,UPFC_Vsh,5-15,1.1123615374976672,1,MAP_SCADA,11
3,UPFC_tsh,5-15,-0.23696843843451737,1,MAP_SCADA,11
4,UPFC_Vse,5-15,0.05811522037584324,1,MAP_SCADA,11
5,UPFC_tse,5-15,-2.1211163238376645,1,MAP_SCADA,11
0,x_tcsc,1-14,-0.1070769698284908,2,MAP_SCADA,11
1,B_svc,2,0.1721999161702743,2,MAP_SCADA,11
2,UPFC_Vsh,5-15,1.1127166786554679,2,MAP_SCADA,11
3,UPFC_tsh,5-15,-0.23717991334136884,2,MAP_SCADA,11
4,UPFC_Vse,5-15,0.05757352464879231,2,MAP_SCADA,11
5,UPFC_tse,5-15,-2.1230999990028,2,MAP_SCADA,11
0,x_tcsc,1-14,-0.10811446151646358,3,MAP_SCADA,11
1,B_svc,2,0.16549771812223968,3,MAP_SCADA,11
2,UPFC_Vsh,5-15,1.115389257090103,3,MAP_SCADA,11
3,UPFC_tsh,5-15,-0.23554805098820253,3,MAP_SCADA,11
4,UPFC_Vse,5-15,0.057605515986073254,3,MAP_SCADA,11
5,UPFC_tse,5-15,-2.1228174010783643,3,MAP_SCADA,11
0,x_tcsc,1-14,-0.10634473140501007,4,MAP_SCADA,11
1,B_svc,2,0.1755735078302422,4,MAP_SCADA,11
2,UPFC_Vsh,5-15,1.111199722143873,4,MAP_SCADA,11
3,UPFC_tsh,5-15,-0.23820093405913495,4,MAP_SCADA,11
4,UPFC_Vse,5-15,0.05846390122351319,4,MAP_SCADA,11
5,UPFC_tse,5-15,-2.125218158257117,4,MAP_SCADA,11
0,x_tcsc,1-14,-0.10790829941694925,5,MAP_SCADA,11
1,B_svc,2,0.16857338136086428,5,MAP_SCADA,11
2,UPFC_Vsh,5-15,1.1124061159697878,5,MAP_SCADA,11
3,UPFC_tsh,5-15,-0.23694101298830025,5,MAP_SCADA,11
4,UPFC_Vse,5-15,0.057586451926492144,5,MAP_SCADA,11
5,UPFC_tse,5-15,-2.123550517995745,5,MAP_SCADA,11
0,x_tcsc,1-14,-0.10451070193725452,6,MAP_SCADA,11
1,B_svc,2,0.17672901054099616,6,MAP_SCADA,11
2,UPFC_Vsh,5-15,1.1135006915001406,6,MAP_SCADA,11
3,UPFC_tsh,5-15,-0.23832353677924936,6,MAP_SCADA,11
4,UPFC_Vse,5-15,0.05762607921320126,6,MAP_SCADA,11
5,UPFC_tse,5-15,-2.124829114767701,6,MAP_SCADA,11
0,x_tcsc,1-14,-0.10459882441615242,7,MAP_SCADA,11
1,B_svc,2,0.1712470443244542,7,MAP_SCADA,11
2,UPFC_Vsh,5-15,1.1143225166077113,7,MAP_SCADA,11
3,UPFC_tsh,5-15,-0.23767613475573202,7,MAP_SCADA,11
4,UPFC_Vse,5-15,0.05832062892555649,7,MAP_SCADA,11
5,UPFC_tse,5-15,-2.125530772288669,7,MAP_SCADA,11
0,x_tcsc,1-14,-0.10521331614986713,8,MAP_SCADA,11
1,B_svc,2,0.17652552155687268,8,MAP_SCADA,11
2,UPFC_Vsh,5-15,1.1094174165188055,8,MAP_SCADA,11
3,UPFC_tsh,5-15,-0.23943794083231065,8,MAP_SCADA,11
4,UPFC_Vse,5-15,0.05757429421869235,8,MAP_SCADA,11
5,UPFC_tse,5-15,-2.128784796891451,8,MAP_SCADA,11
0,x_tcsc,1-14,-0.1058694583135297,9,MAP_SCADA,11
1,B_svc,2,0.17452046107076724,9,MAP_SCADA,11
2,UPFC_Vsh,5-15,1.110964173874104,9,MAP_SCADA,11
3,UPFC_tsh,5-15,-0.23875396041049576,9,MAP_SCADA,11
4,UPFC_Vse,5-15,0.057809776259476885,9,MAP_SCADA,11
5,UPFC_tse,5-15,-2.124621495031673,9,MAP_SCADA,11
0,x_tcsc,1-14,-0.10702844124619473,0,MAP_SCADA,12
1,B_svc,2,0.172506831699301,0,MAP_SCADA,12
2,UPFC_Vsh,5-15,1.1102086318187065,0,MAP_SCADA,12
3,UPFC_tsh,5-15,-0.23774669398349346,0,MAP_SCADA,12
4,UPFC_Vse,5-15,0.05801149748186722,0,MAP_SCADA,12
5,UPFC_tse,5-15,-2.125013314471087,0,MAP_SCADA,12
0,x_tcsc,1-14,-0.10672552564031772,1,MAP_SCADA,12
1,B_svc,2,0.1699620932372151,1,MAP_SCADA,12
2,UPFC_Vsh,5-15,1.1123615374976672,1,MAP_SCADA,12
3,UPFC_tsh,5-15,-0.23696843843451737,1,MAP_SCADA,12
4,UPFC_Vse,5-15,0.05811522037584324,1,MAP_SCADA,12
5,UPFC_tse,5-15,-2.1211163238376645,1,MAP_SCADA,12
0,x_tcsc,1-14,-0.1070769698284908,2,MAP_SCADA,12
1,B_svc,2,0.1721999161702743,2,MAP_SCADA,12
2,UPFC_Vsh,5-15,1.1127166786554679,2,MAP_SCADA,12
3,UPFC_tsh,5-15,-0.23717991334136884,2,MAP_SCADA,12
4,UPFC_Vse,5-15,0.05757352464879231,2,MAP_SCADA,12
5,UPFC_tse,5-15,-2.1230999990028,2,MAP_SCADA,12
0,x_tcsc,1-14,-0.10811446151646358,3,MAP_SCADA,12
1,B_svc,2,0.16549771812223968,3,MAP_SCADA,12
2,UPFC_Vsh,5-15,1.115389257090103,3,MAP_SCADA,12
3,UPFC_tsh,5-15,-0.23554805098820253,3,MAP_SCADA,12
4,UPFC_Vse,5-15,0.057605515986073254,3,MAP_SCADA,12
5,UPFC_tse,5-15,-2.1228174010783643,3,MAP_SCADA,12
0,x_tcsc,1-14,-0.10634473140501007,4,MAP_SCADA,12
1,B_svc,2,0.1755735078302422,4,MAP_SCADA,12
2,UPFC_Vsh,5-15,1.111199722143873,4,MAP_SCADA,12
3,UPFC_tsh,5-15,-0.23820093405913495,4,MAP_SCADA,12
4,UPFC_Vse,5-15,0.05846390122351319,4,MAP_SCADA,12
5,UPFC_tse,5-15,-2.125218158257117,4,MAP_SCADA,12
0,x_tcsc,1-14,-0.10790829941694925,5,MAP_SCADA,12
1,B_svc,2,0.16857338136086428,5,MAP_SCADA,12
2,UPFC_Vsh,5-15,1.1124061159697878,5,MAP_SCADA,12
3,UPFC_tsh,5-15,-0.23694101298830025,5,MAP_SCADA,12
4,UPFC_Vse,5-15,0.057586451926492144,5,MAP_SCADA,12
5,UPFC_tse,5-15,-2.123550517995745,5,MAP_SCADA,12
0,x_tcsc,1-14,-0.10451070193725452,6,MAP_SCADA,12
1,B_svc,2,0.17672901054099616,6,MAP_SCADA,12
2,UPFC_Vsh,5-15,1.1135006915001406,6,MAP_SCADA,12
3,UPFC_tsh,5-15,-0.23832353677924936,6,MAP_SCADA,12
4,UPFC_Vse,5-15,0.05762607921320126,6,MAP_SCADA,12
5,UPFC_tse,5-15,-2.124829114767701,6,MAP_SCADA,12
0,x_tcsc,1-14,-0.10459882441615242,7,MAP_SCADA,12
1,B_svc,2,0.1712470443244542,7,MAP_SCADA,12
2,UPFC_Vsh,5-15,1.1143225166077113,7,MAP_SCADA,12
3,UPFC_tsh,5-15,-0.23767613475573202,7,MAP_SCADA,12
4,UPFC_Vse,5-15,0.05832062892555649,7,MAP_SCADA,12
5,UPFC_tse,5-15,-2.125530772288669,7,MAP_SCADA,12
0,x_tcsc,1-14,-0.10521331614986713,8,MAP_SCADA,12
1,B_svc,2,0.17652552155687268,8,MAP_SCADA,12
2,UPFC_Vsh,5-15,1.1094174165188055,8,MAP_SCADA,12
3,UPFC_tsh,5-15,-0.23943794083231065,8,MAP_SCADA,12
4,UPFC_Vse,5-15,0.05757429421869235,8,MAP_SCADA,12
5,UPFC_tse,5-15,-2.128784796891451,8,MAP_SCADA,12
0,x_tcsc,1-14,-0.1058694583135297,9,MAP_SCADA,12
1,B_svc,2,0.17452046107076724,9,MAP_SCADA,12
2,UPFC_Vsh,5-15,1.110964173874104,9,MAP_SCADA,12
3,UPFC_tsh,5-15,-0.23875396041049576,9,MAP_SCADA,12
4,UPFC_Vse,5-15,0.057809776259476885,9,MAP_SCADA,12
5,UPFC_tse,5-15,-2.124621495031673,9,MAP_SCADA,12
0,x_tcsc,1-14,-0.10702844124619473,0,MAP_SCADA,13
1,B_svc,2,0.172506831699301,0,MAP_SCADA,13
2,UPFC_Vsh,5-15,1.1102086318187065,0,MAP_SCADA,13
3,UPFC_tsh,5-15,-0.23774669398349346,0,MAP_SCADA,13
4,UPFC_Vse,5-15,0.05801149748186722,0,MAP_SCADA,13
5,UPFC_tse,5-15,-2.125013314471087,0,MAP_SCADA,13
0,x_tcsc,1-14,-0.10672552564031772,1,MAP_SCADA,13
1,B_svc,2,0.1699620932372151,1,MAP_SCADA,13
2,UPFC_Vsh,5-15,1.1123615374976672,1,MAP_SCADA,13
3,UPFC_tsh,5-15,-0.23696843843451737,1,MAP_SCADA,13
4,UPFC_Vse,5-15,0.05811522037584324,1,MAP_SCADA,13
5,UPFC_tse,5-15,-2.1211163238376645,1,MAP_SCADA,13
0,x_tcsc,1-14,-0.1070769698284908,2,MAP_SCADA,13
1,B_svc,2,0.1721999161702743,2,MAP_SCADA,13
2,UPFC_Vsh,5-15,1.1127166786554679,2,MAP_SCADA,13
3,UPFC_tsh,5-15,-0.23717991334136884,2,MAP_SCADA,13
4,UPFC_Vse,5-15,0.05757352464879231,2,MAP_SCADA,13
5,UPFC_tse,5-15,-2.1230999990028,2,MAP_SCADA,13
0,x_tcsc,1-14,-0.10811446151646358,3,MAP_SCADA,13
1,B_svc,2,0.16549771812223968,3,MAP_SCADA,13
2,UPFC_Vsh,5-15,1.115389257090103,3,MAP_SCADA,13
3,UPFC_tsh,5-15,-0.23554805098820253,3,MAP_SCADA,13
4,UPFC_Vse,5-15,0.057605515986073254,3,MAP_SCADA,13
5,UPFC_tse,5-15,-2.1228174010783643,3,MAP_SCADA,13
0,x_tcsc,1-14,-0.10634473140501007,4,MAP_SCADA,13
1,B_svc,2,0.1755735078302422,4,MAP_SCADA,13
2,UPFC_Vsh,5-15,1.111199722143873,4,MAP_SCADA,13
3,UPFC_tsh,5-15,-0.23820093405913495,4,MAP_SCADA,13
4,UPFC_Vse,5-15,0.05846390122351319,4,MAP_SCADA,13
5,UPFC_tse,5-15,-2.125218158257117,4,MAP_SCADA,13
0,x_tcsc,1-14,-0.10790829941694925,5,MAP_SCADA,13
1,B_svc,2,0.16857338136086428,5,MAP_SCADA,13
2,UPFC_Vsh,5-15,1.1124061159697878,5,MAP_SCADA,13
3,UPFC_tsh,5-15,-0.23694101298830025,5,MAP_SCADA,13
4,UPFC_Vse,5-15,0.057586451926492144,5,MAP_SCADA,13
5,UPFC_tse,5-15,-2.123550517995745,5,MAP_SCADA,13
0,x_tcsc,1-14,-0.10451070193725452,6,MAP_SCADA,13
1,B_svc,2,0.17672901054099616,6,MAP_SCADA,13
2,UPFC_Vsh,5-15,1.1135006915001406,6,MAP_SCADA,13
3,UPFC_tsh,5-15,-0.23832353677924936,6,MAP_SCADA,13
4,UPFC_Vse,5-15,0.05762607921320126,6,MAP_SCADA,13
5,UPFC_tse,5-15,-2.124829114767701,6,MAP_SCADA,13
0,x_tcsc,1-14,-0.10459882441615242,7,MAP_SCADA,13
1,B_svc,2,0.1712470443244542,7,MAP_SCADA,13
2,UPFC_Vsh,5-15,1.1143225166077113,7,MAP_SCADA,13
3,UPFC_tsh,5-15,-0.23767613475573202,7,MAP_SCADA,13
4,UPFC_Vse,5-15,0.05832062892555649,7,MAP_SCADA,13
5,UPFC_tse,5-15,-2.125530772288669,7,MAP_SCADA,13
0,x_tcsc,1-14,-0.10521331614986713,8,MAP_SCADA,13
1,B_svc,2,0.17652552155687268,8,MAP_SCADA,13
2,UPFC_Vsh,5-15,1.1094174165188055,8,MAP_SCADA,13
3,UPFC_tsh,5-15,-0.23943794083231065,8,MAP_SCADA,13
4,UPFC_Vse,5-15,0.05757429421869235,8,MAP_SCADA,13
5,UPFC_tse,5-15,-2.128784796891451,8,MAP_SCADA,13
0,x_tcsc,1-14,-0.1058694583135297,9,MAP_SCADA,13
1,B_svc,2,0.17452046107076724,9,MAP_SCADA,13
2,UPFC_Vsh,5-15,1.110964173874104,9,MAP_SCADA,13
3,UPFC_tsh,5-15,-0.23875396041049576,9,MAP_SCADA,13
4,UPFC_Vse,5-15,0.057809776259476885,9,MAP_SCADA,13
5,UPFC_tse,5-15,-2.124621495031673,9,MAP_SCADA,13
0,x_tcsc,1-14,-0.10702844124619473,0,MAP_SCADA,14
1,B_svc,2,0.172506831699301,0,MAP_SCADA,14
2,UPFC_Vsh,5-15,1.1102086318187065,0,MAP_SCADA,14
3,UPFC_tsh,5-15,-0.23774669398349346,0,MAP_SCADA,14
4,UPFC_Vse,5-15,0.05801149748186722,0,MAP_SCADA,14
5,UPFC_tse,5-15,-2.125013314471087,0,MAP_SCADA,14
0,x_tcsc,1-14,-0.10672552564031772,1,MAP_SCADA,14
1,B_svc,2,0.1699620932372151,1,MAP_SCADA,14
2,UPFC_Vsh,5-15,1.1123615374976672,1,MAP_SCADA,14
3,UPFC_tsh,5-15,-0.23696843843451737,1,MAP_SCADA,14
4,UPFC_Vse,5-15,0.05811522037584324,1,MAP_SCADA,14
5,UPFC_tse,5-15,-2.1211163238376645,1,MAP_SCADA,14
0,x_tcsc,1-14,-0.1070769698284908,2,MAP_SCADA,14
1,B_svc,2,0.1721999161702743,2,MAP_SCADA,14
2,UPFC_Vsh,5-15,1.1127166786554679,2,MAP_SCADA,14
3,UPFC_tsh,5-15,-0.23717991334136884,2,MAP_SCADA,14
4,UPFC_Vse,5-15,0.05757352464879231,2,MAP_SCADA,14
5,UPFC_tse,5-15,-2.1230999990028,2,MAP_SCADA,14
0,x_tcsc,1-14,-0.10811446151646358,3,MAP_SCADA,14
1,B_svc,2,0.16549771812223968,3,MAP_SCADA,14
2,UPFC_Vsh,5-15,1.115389257090103,3,MAP_SCADA,14
3,UPFC_tsh,5-15,-0.23554805098820253,3,MAP_SCADA,14
4,UPFC_Vse,5-15,0.057605515986073254,3,MAP_SCADA,14
5,UPFC_tse,5-15,-2.1228174010783643,3,MAP_SCADA,14
0,x_tcsc,1-14,-0.10634473140501007,4,MAP_SCADA,14
1,B_svc,2,0.1755735078302422,4,MAP_SCADA,14
2,UPFC_Vsh,5-15,1.111199722143873,4,MAP_SCADA,14
3,UPFC_tsh,5-15,-0.23820093405913495,4,MAP_SCADA,14
4,UPFC_Vse,5-15,0.05846390122351319,4,MAP_SCADA,14
5,UPFC_tse,5-15,-2.125218158257117,4,MAP_SCADA,14
0,x_tcsc,1-14,-0.10790829941694925,5,MAP_SCADA,14
1,B_svc,2,0.16857338136086428,5,MAP_SCADA,14
2,UPFC_Vsh,5-15,1.1124061159697878,5,MAP_SCADA,14
3,UPFC_tsh,5-15,-0.23694101298830025,5,MAP_SCADA,14
4,UPFC_Vse,5-15,0.057586451926492144,5,MAP_SCADA,14
5,UPFC_tse,5-15,-2.123550517995745,5,MAP_SCADA,14
0,x_tcsc,1-14,-0.10451070193725452,6,MAP_SCADA,14
1,B_svc,2,0.17672901054099616,6,MAP_SCADA,14
2,UPFC_Vsh,5-15,1.1135006915001406,6,MAP_SCADA,14
3,UPFC_tsh,5-15,-0.23832353677924936,6,MAP_SCADA,14
4,UPFC_Vse,5-15,0.05762607921320126,6,MAP_SCADA,14
5,UPFC_tse,5-15,-2.124829114767701,6,MAP_SCADA,14
0,x_tcsc,1-14,-0.10459882441615242,7,MAP_SCADA,14
1,B_svc,2,0.1712470443244542,7,MAP_SCADA,14
2,UPFC_Vsh,5-15,1.1143225166077113,7,MAP_SCADA,14
3,UPFC_tsh,5-15,-0.23767613475573202,7,MAP_SCADA,14
4,UPFC_Vse,5-15,0.05832062892555649,7,MAP_SCADA,14
5,UPFC_tse,5-15,-2.125530772288669,7,MAP_SCADA,14
0,x_tcsc,1-14,-0.10521331614986713,8,MAP_SCADA,14
1,B_svc,2,0.17652552155687268,8,MAP_SCADA,14
2,UPFC_Vsh,5-15,1.1094174165188055,8,MAP_SCADA,14
3,UPFC_tsh,5-15,-0.23943794083231065,8,MAP_SCADA,14
4,UPFC_Vse,5-15,0.05757429421869235,8,MAP_SCADA,14
5,UPFC_tse,5-15,-2.128784796891451,8,MAP_SCADA,14
0,x_tcsc,1-14,-0.1058694583135297,9,MAP_SCADA,14
1,B_svc,2,0.17452046107076724,9,MAP_SCADA,14
2,UPFC_Vsh,5-15,1.110964173874104,9,MAP_SCADA,14
3,UPFC_tsh,5-15,-0.23875396041049576,9,MAP_SCADA,14
4,UPFC_Vse,5-15,0.057809776259476885,9,MAP_SCADA,14
5,UPFC_tse,5-15,-2.124621495031673,9,MAP_SCADA,14
0,x_tcsc,1-14,-0.10702844124619473,0,MAP_SCADA,15
1,B_svc,2,0.172506831699301,0,MAP_SCADA,15
2,UPFC_Vsh,5-15,1.1102086318187065,0,MAP_SCADA,15
3,UPFC_tsh,5-15,-0.23774669398349346,0,MAP_SCADA,15
4,UPFC_Vse,5-15,0.05801149748186722,0,MAP_SCADA,15
5,UPFC_tse,5-15,-2.125013314471087,0,MAP_SCADA,15
0,x_tcsc,1-14,-0.10672552564031772,1,MAP_SCADA,15
1,B_svc,2,0.1699620932372151,1,MAP_SCADA,15
2,UPFC_Vsh,5-15,1.1123615374976672,1,MAP_SCADA,15
3,UPFC_tsh,5-15,-0.23696843843451737,1,MAP_SCADA,15
4,UPFC_Vse,5-15,0.05811522037584324,1,MAP_SCADA,15
5,UPFC_tse,5-15,-2.1211163238376645,1,MAP_SCADA,15
0,x_tcsc,1-14,-0.1070769698284908,2,MAP_SCADA,15
1,B_svc,2,0.1721999161702743,2,MAP_SCADA,15
2,UPFC_Vsh,5-15,1.1127166786554679,2,MAP_SCADA,15
3,UPFC_tsh,5-15,-0.23717991334136884,2,MAP_SCADA,15
4,UPFC_Vse,5-15,0.05757352464879231,2,MAP_SCADA,15
5,UPFC_tse,5-15,-2.1230999990028,2,MAP_SCADA,15
0,x_tcsc,1-14,-0.10811446151646358,3,MAP_SCADA,15
1,B_svc,2,0.16549771812223968,3,MAP_SCADA,15
2,UPFC_Vsh,5-15,1.115389257090103,3,MAP_SCADA,15
3,UPFC_tsh,5-15,-0.23554805098820253,3,MAP_SCADA,15
4,UPFC_Vse,5-15,0.057605515986073254,3,MAP_SCADA,15
5,UPFC_tse,5-15,-2.1228174010783643,3,MAP_SCADA,15
0,x_tcsc,1-14,-0.10634473140501007,4,MAP_SCADA,15
1,B_svc,2,0.1755735078302422,4,MAP_SCADA,15
2,UPFC_Vsh,5-15,1.111199722143873,4,MAP_SCADA,15
3,UPFC_tsh,5-15,-0.23820093405913495,4,MAP_SCADA,15
4,UPFC_Vse,5-15,0.05846390122351319,4,MAP_SCADA,15
5,UPFC_tse,5-15,-2.125218158257117,4,MAP_SCADA,15
0,x_tcsc,1-14,-0.10790829941694925,5,MAP_SCADA,15
1,B_svc,2,0.16857338136086428,5,MAP_SCADA,15
2,UPFC_Vsh,5-15,1.1124061159697878,5,MAP_SCADA,15
3,UPFC_tsh,5-15,-0.23694101298830025,5,MAP_SCADA,15
4,UPFC_Vse,5-15,0.057586451926492144,5,MAP_SCADA,15
5,UPFC_tse,5-15,-2.123550517995745,5,MAP_SCADA,15
0,x_tcsc,1-14,-0.10451070193725452,6,MAP_SCADA,15
1,B_svc,2,0.17672901054099616,6,MAP_SCADA,15
2,UPFC_Vsh,5-15,1.1135006915001406,6,MAP_SCADA,15
3,UPFC_tsh,5-15,-0.23832353677924936,6,MAP_SCADA,15
4,UPFC_Vse,5-15,0.05762607921320126,6,MAP_SCADA,15
5,UPFC_tse,5-15,-2.124829114767701,6,MAP_SCADA,15
0,x_tcsc,1-14,-0.10459882441615242,7,MAP_SCADA,15
1,B_svc,2,0.1712470443244542,7,MAP_SCADA,15
2,UPFC_Vsh,5-15,1.1143225166077113,7,MAP_SCADA,15
3,UPFC_tsh,5-15,-0.23767613475573202,7,MAP_SCADA,15
4,UPFC_Vse,5-15,0.05832062892555649,7,MAP_SCADA,15
5,UPFC_tse,5-15,-2.125530772288669,7,MAP_SCADA,15
0,x_tcsc,1-14,-0.10521331614986713,8,MAP_SCADA,15
1,B_svc,2,0.17652552155687268,8,MAP_SCADA,15
2,UPFC_Vsh,5-15,1.1094174165188055,8,MAP_SCADA,15
3,UPFC_tsh,5-15,-0.23943794083231065,8,MAP_SCADA,15
4,UPFC_Vse,5-15,0.05757429421869235,8,MAP_SCADA,15
5,UPFC_tse,5-15,-2.128784796891451,8,MAP_SCADA,15
0,x_tcsc,1-14,-0.1058694583135297,9,MAP_SCADA,15
1,B_svc,2,0.17452046107076724,9,MAP_SCADA,15
2,UPFC_Vsh,5-15,1.110964173874104,9,MAP_SCADA,15
3,UPFC_tsh,5-15,-0.23875396041049576,9,MAP_SCADA,15
4,UPFC_Vse,5-15,0.057809776259476885,9,MAP_SCADA,15
5,UPFC_tse,5-15,-2.124621495031673,9,MAP_SCADA,15
0,x_tcsc,1-14,-0.10702844124619473,0,MAP_SCADA,16
1,B_svc,2,0.172506831699301,0,MAP_SCADA,16
2,UPFC_Vsh,5-15,1.1102086318187065,0,MAP_SCADA,16
3,UPFC_tsh,5-15,-0.23774669398349346,0,MAP_SCADA,16
4,UPFC_Vse,5-15,0.05801149748186722,0,MAP_SCADA,16
5,UPFC_tse,5-15,-2.125013314471087,0,MAP_SCADA,16
0,x_tcsc,1-14,-0.10672552564031772,1,MAP_SCADA,16
1,B_svc,2,0.1699620932372151,1,MAP_SCADA,16
2,UPFC_Vsh,5-15,1.1123615374976672,1,MAP_SCADA,16
3,UPFC_tsh,5-15,-0.23696843843451737,1,MAP_SCADA,16
4,UPFC_Vse,5-15,0.05811522037584324,1,MAP_SCADA,16
5,UPFC_tse,5-15,-2.1211163238376645,1,MAP_SCADA,16
0,x_tcsc,1-14,-0.1070769698284908,2,MAP_SCADA,16
1,B_svc,2,0.1721999161702743,2,MAP_SCADA,16
2,UPFC_Vsh,5-15,1.1127166786554679,2,MAP_SCADA,16
3,UPFC_tsh,5-15,-0.23717991334136884,2,MAP_SCADA,16
4,UPFC_Vse,5-15,0.05757352464879231,2,MAP_SCADA,16
5,UPFC_tse,5-15,-2.1230999990028,2,MAP_SCADA,16
0,x_tcsc,1-14,-0.10811446151646358,3,MAP_SCADA,16
1,B_svc,2,0.16549771812223968,3,MAP_SCADA,16
2,UPFC_Vsh,5-15,1.115389257090103,3,MAP_SCADA,16
3,UPFC_tsh,5-15,-0.23554805098820253,3,MAP_SCADA,16
4,UPFC_Vse,5-15,0.057605515986073254,3,MAP_SCADA,16
5,UPFC_tse,5-15,-2.1228174010783643,3,MAP_SCADA,16
0,x_tcsc,1-14,-0.10634473140501007,4,MAP_SCADA,16
1,B_svc,2,0.1755735078302422,4,MAP_SCADA,16
2,UPFC_Vsh,5-15,1.111199722143873,4,MAP_SCADA,16
3,UPFC_tsh,5-15,-0.23820093405913495,4,MAP_SCADA,16
4,UPFC_Vse,5-15,0.05846390122351319,4,MAP_SCADA,16
5,UPFC_tse,5-15,-2.125218158257117,4,MAP_SCADA,16
0,x_tcsc,1-14,-0.10790829941694925,5,MAP_SCADA,16
1,B_svc,2,0.16857338136086428,5,MAP_SCADA,16
2,UPFC_Vsh,5-15,1.1124061159697878,5,MAP_SCADA,16
3,UPFC_tsh,5-15,-0.23694101298830025,5,MAP_SCADA,16
4,UPFC_Vse,5-15,0.057586451926492144,5,MAP_SCADA,16
5,UPFC_tse,5-15,-2.123550517995745,5,MAP_SCADA,16
0,x_tcsc,1-14,-0.10451070193725452,6,MAP_SCADA,16
1,B_svc,2,0.17672901054099616,6,MAP_SCADA,16
2,UPFC_Vsh,5-15,1.1135006915001406,6,MAP_SCADA,16
3,UPFC_tsh,5-15,-0.23832353677924936,6,MAP_SCADA,16
4,UPFC_Vse,5-15,0.05762607921320126,6,MAP_SCADA,16
5,UPFC_tse,5-15,-2.124829114767701,6,MAP_SCADA,16
0,x_tcsc,1-14,-0.10459882441615242,7,MAP_SCADA,16
1,B_svc,2,0.1712470443244542,7,MAP_SCADA,16
2,UPFC_Vsh,5-15,1.1143225166077113,7,MAP_SCADA,16
3,UPFC_tsh,5-15,-0.23767613475573202,7,MAP_SCADA,16
4,UPFC_Vse,5-15,0.05832062892555649,7,MAP_SCADA,16
5,UPFC_tse,5-15,-2.125530772288669,7,MAP_SCADA,16
0,x_tcsc,1-14,-0.10521331614986713,8,MAP_SCADA,16
1,B_svc,2,0.17652552155687268,8,MAP_SCADA,16
2,UPFC_Vsh,5-15,1.1094174165188055,8,MAP_SCADA,16
3,UPFC_tsh,5-15,-0.23943794083231065,8,MAP_SCADA,16
4,UPFC_Vse,5-15,0.05757429421869235,8,MAP_SCADA,16
5,UPFC_tse,5-15,-2.128784796891451,8,MAP_SCADA,16
0,x_tcsc,1-14,-0.1058694583135297,9,MAP_SCADA,16
1,B_svc,2,0.17452046107076724,9,MAP_SCADA,16
2,UPFC_Vsh,5-15,1.110964173874104,9,MAP_SCADA,16
3,UPFC_tsh,5-15,-0.23875396041049576,9,MAP_SCADA,16
4,UPFC_Vse,5-15,0.057809776259476885,9,MAP_SCADA,16
5,UPFC_tse,5-15,-2.124621495031673,9,MAP_SCADA,16
0,x_tcsc,1-14,-0.10702844124619473,0,MAP_SCADA,17
1,B_svc,2,0.172506831699301,0,MAP_SCADA,17
2,UPFC_Vsh,5-15,1.1102086318187065,0,MAP_SCADA,17
3,UPFC_tsh,5-15,-0.23774669398349346,0,MAP_SCADA,17
4,UPFC_Vse,5-15,0.05801149748186722,0,MAP_SCADA,17
5,UPFC_tse,5-15,-2.125013314471087,0,MAP_SCADA,17
0,x_tcsc,1-14,-0.10672552564031772,1,MAP_SCADA,17
1,B_svc,2,0.1699620932372151,1,MAP_SCADA,17
2,UPFC_Vsh,5-15,1.1123615374976672,1,MAP_SCADA,17
3,UPFC_tsh,5-15,-0.23696843843451737,1,MAP_SCADA,17
4,UPFC_Vse,5-15,0.05811522037584324,1,MAP_SCADA,17
5,UPFC_tse,5-15,-2.1211163238376645,1,MAP_SCADA,17
0,x_tcsc,1-14,-0.1070769698284908,2,MAP_SCADA,17
1,B_svc,2,0.1721999161702743,2,MAP_SCADA,17
2,UPFC_Vsh,5-15,1.1127166786554679,2,MAP_SCADA,17
3,UPFC_tsh,5-15,-0.23717991334136884,2,MAP_SCADA,17
4,UPFC_Vse,5-15,0.05757352464879231,2,MAP_SCADA,17
5,UPFC_tse,5-15,-2.1230999990028,2,MAP_SCADA,17
0,x_tcsc,1-14,-0.10811446151646358,3,MAP_SCADA,17
1,B_svc,2,0.16549771812223968,3,MAP_SCADA,17
2,UPFC_Vsh,5-15,1.115389257090103,3,MAP_SCADA,17
3,UPFC_tsh,5-15,-0.23554805098820253,3,MAP_SCADA,17
4,UPFC_Vse,5-15,0.057605515986073254,3,MAP_SCADA,17
5,UPFC_tse,5-15,-2.1228174010783643,3,MAP_SCADA,17
0,x_tcsc,1-14,-0.10634473140501007,4,MAP_SCADA,17
1,B_svc,2,0.1755735078302422,4,MAP_SCADA,17
2,UPFC_Vsh,5-15,1.111199722143873,4,MAP_SCADA,17
3,UPFC_tsh,5-15,-0.23820093405913495,4,MAP_SCADA,17
4,UPFC_Vse,5-15,0.05846390122351319,4,MAP_SCADA,17
5,UPFC_tse,5-15,-2.125218158257117,4,MAP_SCADA,17
0,x_tcsc,1-14,-0.10790829941694925,5,MAP_SCADA,17
1,B_svc,2,0.16857338136086428,5,MAP_SCADA,17
2,UPFC_Vsh,5-15,1.1124061159697878,5,MAP_SCADA,17
3,UPFC_tsh,5-15,-0.23694101298830025,5,MAP_SCADA,17
4,UPFC_Vse,5-15,0.057586451926492144,5,MAP_SCADA,17
5,UPFC_tse,5-15,-2.123550517995745,5,MAP_SCADA,17
0,x_tcsc,1-14,-0.10451070193725452,6,MAP_SCADA,17
1,B_svc,2,0.17672901054099616,6,MAP_SCADA,17
2,UPFC_Vsh,5-15,1.1135006915001406,6,MAP_SCADA,17
3,UPFC_tsh,5-15,-0.23832353677924936,6,MAP_SCADA,17
4,UPFC_Vse,5-15,0.05762607921320126,6,MAP_SCADA,17
5,UPFC_tse,5-15,-2.124829114767701,6,MAP_SCADA,17
0,x_tcsc,1-14,-0.10459882441615242,7,MAP_SCADA,17
1,B_svc,2,0.1712470443244542,7,MAP_SCADA,17
2,UPFC_Vsh,5-15,1.1143225166077113,7,MAP_SCADA,17
3,UPFC_tsh,5-15,-0.23767613475573202,7,MAP_SCADA,17
4,UPFC_Vse,5-15,0.05832062892555649,7,MAP_SCADA,17
5,UPFC_tse,5-15,-2.125530772288669,7,MAP_SCADA,17
0,x_tcsc,1-14,-0.10521331614986713,8,MAP_SCADA,17
1,B_svc,2,0.17652552155687268,8,MAP_SCADA,17
2,UPFC_Vsh,5-15,1.1094174165188055,8,MAP_SCADA,17
3,UPFC_tsh,5-15,-0.23943794083231065,8,MAP_SCADA,17
4,UPFC_Vse,5-15,0.05757429421869235,8,MAP_SCADA,17
5,UPFC_tse,5-15,-2.128784796891451,8,MAP_SCADA,17
0,x_tcsc,1-14,-0.1058694583135297,9,MAP_SCADA,17
1,B_svc,2,0.17452046107076724,9,MAP_SCADA,17
2,UPFC_Vsh,5-15,1.110964173874104,9,MAP_SCADA,17
3,UPFC_tsh,5-15,-0.23875396041049576,9,MAP_SCADA,17
4,UPFC_Vse,5-15,0.057809776259476885,9,MAP_SCADA,17
5,UPFC_tse,5-15,-2.124621495031673,9,MAP_SCADA,17
0,x_tcsc,1-14,-0.10702844124619473,0,MAP_SCADA,18
1,B_svc,2,0.172506831699301,0,MAP_SCADA,18
2,UPFC_Vsh,5-15,1.1102086318187065,0,MAP_SCADA,18
3,UPFC_tsh,5-15,-0.23774669398349346,0,MAP_SCADA,18
4,UPFC_Vse,5-15,0.05801149748186722,0,MAP_SCADA,18
5,UPFC_tse,5-15,-2.125013314471087,0,MAP_SCADA,18
0,x_tcsc,1-14,-0.10672552564031772,1,MAP_SCADA,18
1,B_svc,2,0.1699620932372151,1,MAP_SCADA,18
2,UPFC_Vsh,5-15,1.1123615374976672,1,MAP_SCADA,18
3,UPFC_tsh,5-15,-0.23696843843451737,1,MAP_SCADA,18
4,UPFC_Vse,5-15,0.05811522037584324,1,MAP_SCADA,18
5,UPFC_tse,5-15,-2.1211163238376645,1,MAP_SCADA,18
0,x_tcsc,1-14,-0.1070769698284908,2,MAP_SCADA,18
1,B_svc,2,0.1721999161702743,2,MAP_SCADA,18
2,UPFC_Vsh,5-15,1.1127166786554679,2,MAP_SCADA,18
3,UPFC_tsh,5-15,-0.23717991334136884,2,MAP_SCADA,18
4,UPFC_Vse,5-15,0.05757352464879231,2,MAP_SCADA,18
5,UPFC_tse,5-15,-2.1230999990028,2,MAP_SCADA,18
0,x_tcsc,1-14,-0.10811446151646358,3,MAP_SCADA,18
1,B_svc,2,0.16549771812223968,3,MAP_SCADA,18
2,UPFC_Vsh,5-15,1.115389257090103,3,MAP_SCADA,18
3,UPFC_tsh,5-15,-0.23554805098820253,3,MAP_SCADA,18
4,UPFC_Vse,5-15,0.057605515986073254,3,MAP_SCADA,18
5,UPFC_tse,5-15,-2.1228174010783643,3,MAP_SCADA,18
0,x_tcsc,1-14,-0.10634473140501007,4,MAP_SCADA,18
1,B_svc,2,0.1755735078302422,4,MAP_SCADA,18
2,UPFC_Vsh,5-15,1.111199722143873,4,MAP_SCADA,18
3,UPFC_tsh,5-15,-0.23820093405913495,4,MAP_SCADA,18
4,UPFC_Vse,5-15,0.05846390122351319,4,MAP_SCADA,18
5,UPFC_tse,5-15,-2.125218158257117,4,MAP_SCADA,18
0,x_tcsc,1-14,-0.10790829941694925,5,MAP_SCADA,18
1,B_svc,2,0.16857338136086428,5,MAP_SCADA,18
2,UPFC_Vsh,5-15,1.1124061159697878,5,MAP_SCADA,18
3,UPFC_tsh,5-15,-0.23694101298830025,5,MAP_SCADA,18
4,UPFC_Vse,5-15,0.057586451926492144,5,MAP_SCADA,18
5,UPFC_tse,5-15,-2.123550517995745,5,MAP_SCADA,18
0,x_tcsc,1-14,-0.10451070193725452,6,MAP_SCADA,18
1,B_svc,2,0.17672901054099616,6,MAP_SCADA,18
2,UPFC_Vsh,5-15,1.1135006915001406,6,MAP_SCADA,18
3,UPFC_tsh,5-15,-0.23832353677924936,6,MAP_SCADA,18
4,UPFC_Vse,5-15,0.05762607921320126,6,MAP_SCADA,18
5,UPFC_tse,5-15,-2.124829114767701,6,MAP_SCADA,18
0,x_tcsc,1-14,-0.10459882441615242,7,MAP_SCADA,18
1,B_svc,2,0.1712470443244542,7,MAP_SCADA,18
2,UPFC_Vsh,5-15,1.1143225166077113,7,MAP_SCADA,18
3,UPFC_tsh,5-15,-0.23767613475573202,7,MAP_SCADA,18
4,UPFC_Vse,5-15,0.05832062892555649,7,MAP_SCADA,18
5,UPFC_tse,5-15,-2.125530772288669,7,MAP_SCADA,18
0,x_tcsc,1-14,-0.10521331614986713,8,MAP_SCADA,18
1,B_svc,2,0.17652552155687268,8,MAP_SCADA,18
2,UPFC_Vsh,5-15,1.1094174165188055,8,MAP_SCADA,18
3,UPFC_tsh,5-15,-0.23943794083231065,8,MAP_SCADA,18
4,UPFC_Vse,5-15,0.05757429421869235,8,MAP_SCADA,18
5,UPFC_tse,5-15,-2.128784796891451,8,MAP_SCADA,18
0,x_tcsc,1-14,-0.1058694583135297,9,MAP_SCADA,18
1,B_svc,2,0.17452046107076724,9,MAP_SCADA,18
2,UPFC_Vsh,5-15,1.110964173874104,9,MAP_SCADA,18
3,UPFC_tsh,5-15,-0.23875396041049576,9,MAP_SCADA,18
4,UPFC_Vse,5-15,0.057809776259476885,9,MAP_SCADA,18
5,UPFC_tse,5-15,-2.124621495031673,9,MAP_SCADA,18
0,x_tcsc,1-14,-0.10702844124619473,0,MAP_SCADA,19
1,B_svc,2,0.172506831699301,0,MAP_SCADA,19
2,UPFC_Vsh,5-15,1.1102086318187065,0,MAP_SCADA,19
3,UPFC_tsh,5-15,-0.23774669398349346,0,MAP_SCADA,19
4,UPFC_Vse,5-15,0.05801149748186722,0,MAP_SCADA,19
5,UPFC_tse,5-15,-2.125013314471087,0,MAP_SCADA,19
0,x_tcsc,1-14,-0.10672552564031772,1,MAP_SCADA,19
1,B_svc,2,0.1699620932372151,1,MAP_SCADA,19
2,UPFC_Vsh,5-15,1.1123615374976672,1,MAP_SCADA,19
3,UPFC_tsh,5-15,-0.23696843843451737,1,MAP_SCADA,19
4,UPFC_Vse,5-15,0.05811522037584324,1,MAP_SCADA,19
5,UPFC_tse,5-15,-2.1211163238376645,1,MAP_SCADA,19
0,x_tcsc,1-14,-0.1070769698284908,2,MAP_SCADA,19
1,B_svc,2,0.1721999161702743,2,MAP_SCADA,19
2,UPFC_Vsh,5-15,1.1127166786554679,2,MAP_SCADA,19
3,UPFC_tsh,5-15,-0.23717991334136884,2,MAP_SCADA,19
4,UPFC_Vse,5-15,0.05757352464879231,2,MAP_SCADA,19
5,UPFC_tse,5-15,-2.1230999990028,2,MAP_SCADA,19
0,x_tcsc,1-14,-0.10811446151646358,3,MAP_SCADA,19
1,B_svc,2,0.16549771812223968,3,MAP_SCADA,19
2,UPFC_Vsh,5-15,1.115389257090103,3,MAP_SCADA,19
3,UPFC_tsh,5-15,-0.23554805098820253,3,MAP_SCADA,19
4,UPFC_Vse,5-15,0.057605515986073254,3,MAP_SCADA,19
5,UPFC_tse,5-15,-2.1228174010783643,3,MAP_SCADA,19
0,x_tcsc,1-14,-0.10634473140501007,4,MAP_SCADA,19
1,B_svc,2,0.1755735078302422,4,MAP_SCADA,19
2,UPFC_Vsh,5-15,1.111199722143873,4,MAP_SCADA,19
3,UPFC_tsh,5-15,-0.23820093405913495,4,MAP_SCADA,19
4,UPFC_Vse,5-15,0.05846390122351319,4,MAP_SCADA,19
5,UPFC_tse,5-15,-2.125218158257117,4,MAP_SCADA,19
0,x_tcsc,1-14,-0.10790829941694925,5,MAP_SCADA,19
1,B_svc,2,0.16857338136086428,5,MAP_SCADA,19
2,UPFC_Vsh,5-15,1.1124061159697878,5,MAP_SCADA,19
3,UPFC_tsh,5-15,-0.23694101298830025,5,MAP_SCADA,19
4,UPFC_Vse,5-15,0.057586451926492144,5,MAP_SCADA,19
5,UPFC_tse,5-15,-2.123550517995745,5,MAP_SCADA,19
0,x_tcsc,1-14,-0.10451070193725452,6,MAP_SCADA,19
1,B_svc,2,0.17672901054099616,6,MAP_SCADA,19
2,UPFC_Vsh,5-15,1.1135006915001406,6,MAP_SCADA,19
3,UPFC_tsh,5-15,-0.23832353677924936,6,MAP_SCADA,19
4,UPFC_Vse,5-15,0.05762607921320126,6,MAP_SCADA,19
5,UPFC_tse,5-15,-2.124829114767701,6,MAP_SCADA,19
0,x_tcsc,1-14,-0.10459882441615242,7,MAP_SCADA,19
1,B_svc,2,0.1712470443244542,7,MAP_SCADA,19
2,UPFC_Vsh,5-15,1.1143225166077113,7,MAP_SCADA,19
3,UPFC_tsh,5-15,-0.23767613475573202,7,MAP_SCADA,19
4,UPFC_Vse,5-15,0.05832062892555649,7,MAP_SCADA,19
5,UPFC_tse,5-15,-2.125530772288669,7,MAP_SCADA,19
0,x_tcsc,1-14,-0.10521331614986713,8,MAP_SCADA,19
1,B_svc,2,0.17652552155687268,8,MAP_SCADA,19
2,UPFC_Vsh,5-15,1.1094174165188055,8,MAP_SCADA,19
3,UPFC_tsh,5-15,-0.23943794083231065,8,MAP_SCADA,19
4,UPFC_Vse,5-15,0.05757429421869235,8,MAP_SCADA,19
5,UPFC_tse,5-15,-2.128784796891451,8,MAP_SCADA,19
0,x_tcsc,1-14,-0.1058694583135297,9,MAP_SCADA,19
1,B_svc,2,0.17452046107076724,9,MAP_SCADA,19
2,UPFC_Vsh,5-15,1.110964173874104,9,MAP_SCADA,19
3,UPFC_tsh,5-15,-0.23875396041049576,9,MAP_SCADA,19
4,UPFC_Vse,5-15,0.057809776259476885,9,MAP_SCADA,19
5,UPFC_tse,5-15,-2.124621495031673,9,MAP_SCADA,19
0,x_tcsc,1-14,-0.10894444422916369,0,MAP_SCADA,20
1,B_svc,2,0.17442819623264905,0,MAP_SCADA,20
2,UPFC_Vsh,5-15,1.1090519233992089,0,MAP_SCADA,20
3,UPFC_tsh,5-15,-0.23677859144286542,0,MAP_SCADA,20
4,UPFC_Vse,5-15,0.056186079545170194,0,MAP_SCADA,20
5,UPFC_tse,5-15,-2.1204368032299503,0,MAP_SCADA,20
0,x_tcsc,1-14,-0.10865578643767983,1,MAP_SCADA,20
1,B_svc,2,0.17180838726921843,1,MAP_SCADA,20
2,UPFC_Vsh,5-15,1.1111729212253298,1,MAP_SCADA,20
3,UPFC_tsh,5-15,-0.23600643925319473,1,MAP_SCADA,20
4,UPFC_Vse,5-15,0.05634133190151346,1,MAP_SCADA,20
5,UPFC_tse,5-15,-2.1163925574197218,1,MAP_SCADA,20
0,x_tcsc,1-14,-0.10899217417620985,2,MAP_SCADA,20
1,B_svc,2,0.17409123336963925,2,MAP_SCADA,20
2,UPFC_Vsh,5-15,1.1115687088844377,2,MAP_SCADA,20
3,UPFC_tsh,5-15,-0.23620296008316727,2,MAP_SCADA,20
4,UPFC_Vse,5-15,0.05577824032446737,2,MAP_SCADA,20
5,UPFC_tse,5-15,-2.118666830349078,2,MAP_SCADA,20
0,x_tcsc,1-14,-0.10996990901295511,3,MAP_SCADA,20
1,B_svc,2,0.16752153685688212,3,MAP_SCADA,20
2,UPFC_Vsh,5-15,1.1142020903269296,3,MAP_SCADA,20
3,UPFC_tsh,5-15,-0.23459957017091534,3,MAP_SCADA,20
4,UPFC_Vse,5-15,0.05580564299829695,3,MAP_SCADA,20
5,UPFC_tse,5-15,-2.1182558259789315,3,MAP_SCADA,20
0,x_tcsc,1-14,-0.10828649625388956,4,MAP_SCADA,20
1,B_svc,2,0.17742763330666841,4,MAP_SCADA,20
2,UPFC_Vsh,5-15,1.1100254231121638,4,MAP_SCADA,20
3,UPFC_tsh,5-15,-0.23721435580048122,4,MAP_SCADA,20
4,UPFC_Vse,5-15,0.056649729278956826,4,MAP_SCADA,20
5,UPFC_tse,5-15,-2.120514447812158,4,MAP_SCADA,20
0,x_tcsc,1-14,-0.10983081181957749,5,MAP_SCADA,20
1,B_svc,2,0.1704339824644985,5,MAP_SCADA,20
2,UPFC_Vsh,5-15,1.111247408683594,5,MAP_SCADA,20
3,UPFC_tsh,5-15,-0.23595019293208383,5,MAP_SCADA,20
4,UPFC_Vse,5-15,0.0557996144426486,5,MAP_SCADA,20
5,UPFC_tse,5-15,-2.118769078015071,5,MAP_SCADA,20
0,x_tcsc,1-14,-0.10652979563018551,6,MAP_SCADA,20
1,B_svc,2,0.1783891471239537,6,MAP_SCADA,20
2,UPFC_Vsh,5-15,1.1123445065748574,6,MAP_SCADA,20
3,UPFC_tsh,5-15,-0.23732984855682498,6,MAP_SCADA,20
4,UPFC_Vse,5-15,0.05585490034783763,6,MAP_SCADA,20
5,UPFC_tse,5-15,-2.120361871387332,6,MAP_SCADA,20
0,x_tcsc,1-14,-0.10655737075783661,7,MAP_SCADA,20
1,B_svc,2,0.17303249041017368,7,MAP_SCADA,20
2,UPFC_Vsh,5-15,1.1131114318308462,7,MAP_SCADA,20
3,UPFC_tsh,5-15,-0.23670589179816467,7,MAP_SCADA,20
4,UPFC_Vse,5-15,0.05654810613133626,7,MAP_SCADA,20
5,UPFC_tse,5-15,-2.120652839538623,7,MAP_SCADA,20
0,x_tcsc,1-14,-0.10713443942221017,8,MAP_SCADA,20
1,B_svc,2,0.17842283817246601,8,MAP_SCADA,20
2,UPFC_Vsh,5-15,1.1082256694140333,8,MAP_SCADA,20
3,UPFC_tsh,5-15,-0.23846929504565176,8,MAP_SCADA,20
4,UPFC_Vse,5-15,0.055807898128445006,8,MAP_SCADA,20
5,UPFC_tse,5-15,-2.124134150618547,8,MAP_SCADA,20
0,x_tcsc,1-14,-0.10779915895406394,9,MAP_SCADA,20
1,B_svc,2,0.17635835557445015,9,MAP_SCADA,20
2,UPFC_Vsh,5-15,1.1097831736243513,9,MAP_SCADA,20
3,UPFC_tsh,5-15,-0.23778414019725738,9,MAP_SCADA,20
4,UPFC_Vse,5-15,0.05604656994865272,9,MAP_SCADA,20
5,UPFC_tse,5-15,-2.1202414192625936,9,MAP_SCADA,20
0,x_tcsc,1-14,-0.10894444422916369,0,MAP_SCADA,21
1,B_svc,2,0.17442819623264905,0,MAP_SCADA,21
2,UPFC_Vsh,5-15,1.1090519233992089,0,MAP_SCADA,21
3,UPFC_tsh,5-15,-0.23677859144286542,0,MAP_SCADA,21
4,UPFC_Vse,5-15,0.056186079545170194,0,MAP_SCADA,21
5,UPFC_tse,5-15,-2.1204368032299503,0,MAP_SCADA,21
0,x_tcsc,1-14,-0.10865578643767983,1,MAP_SCADA,21
1,B_svc,2,0.17180838726921843,1,MAP_SCADA,21
2,UPFC_Vsh,5-15,1.1111729212253298,1,MAP_SCADA,21
3,UPFC_tsh,5-15,-0.23600643925319473,1,MAP_SCADA,21
4,UPFC_Vse,5-15,0.05634133190151346,1,MAP_SCADA,21
5,UPFC_tse,5-15,-2.1163925574197218,1,MAP_SCADA,21
0,x_tcsc,1-14,-0.10899217417620985,2,MAP_SCADA,21
1,B_svc,2,0.17409123336963925,2,MAP_SCADA,21
2,UPFC_Vsh,5-15,1.1115687088844377,2,MAP_SCADA,21
3,UPFC_tsh,5-15,-0.23620296008316727,2,MAP_SCADA,21
4,UPFC_Vse,5-15,0.05577824032446737,2,MAP_SCADA,21
5,UPFC_tse,5-15,-2.118666830349078,2,MAP_SCADA,21
0,x_tcsc,1-14,-0.10996990901295511,3,MAP_SCADA,21
1,B_svc,2,0.16752153685688212,3,MAP_SCADA,21
2,UPFC_Vsh,5-15,1.1142020903269296,3,MAP_SCADA,21
3,UPFC_tsh,5-15,-0.23459957017091534,3,MAP_SCADA,21
4,UPFC_Vse,5-15,0.05580564299829695,3,MAP_SCADA,21
5,UPFC_tse,5-15,-2.1182558259789315,3,MAP_SCADA,21
0,x_tcsc,1-14,-0.10828649625388956,4,MAP_SCADA,21
1,B_svc,2,0.17742763330666841,4,MAP_SCADA,21
2,UPFC_Vsh,5-15,1.1100254231121638,4,MAP_SCADA,21
3,UPFC_tsh,5-15,-0.23721435580048122,4,MAP_SCADA,21
4,UPFC_Vse,5-15,0.056649729278956826,4,MAP_SCADA,21
5,UPFC_tse,5-15,-2.120514447812158,4,MAP_SCADA,21
0,x_tcsc,1-14,-0.10983081181957749,5,MAP_SCADA,21
1,B_svc,2,0.1704339824644985,5,MAP_SCADA,21
2,UPFC_Vsh,5-15,1.111247408683594,5,MAP_SCADA,21
3,UPFC_tsh,5-15,-0.23595019293208383,5,MAP_SCADA,21
4,UPFC_Vse,5-15,0.0557996144426486,5,MAP_SCADA,21
5,UPFC_tse,5-15,-2.118769078015071,5,MAP_SCADA,21
0,x_tcsc,1-14,-0.10652979563018551,6,MAP_SCADA,21
1,B_svc,2,0.1783891471239537,6,MAP_SCADA,21
2,UPFC_Vsh,5-15,1.1123445065748574,6,MAP_SCADA,21
3,UPFC_tsh,5-15,-0.23732984855682498,6,MAP_SCADA,21
4,UPFC_Vse,5-15,0.05585490034783763,6,MAP_SCADA,21
5,UPFC_tse,5-15,-2.120361871387332,6,MAP_SCADA,21
0,x_tcsc,1-14,-0.10655737075783661,7,MAP_SCADA,21
1,B_svc,2,0.17303249041017368,7,MAP_SCADA,21
2,UPFC_Vsh,5-15,1.1131114318308462,7,MAP_SCADA,21
3,UPFC_tsh,5-15,-0.23670589179816467,7,MAP_SCADA,21
4,UPFC_Vse,5-15,0.05654810613133626,7,MAP_SCADA,21
5,UPFC_tse,5-15,-2.120652839538623,7,MAP_SCADA,21
0,x_tcsc,1-14,-0.10713443942221017,8,MAP_SCADA,21
1,B_svc,2,0.17842283817246601,8,MAP_SCADA,21
2,UPFC_Vsh,5-15,1.1082256694140333,8,MAP_SCADA,21
3,UPFC_tsh,5-15,-0.23846929504565176,8,MAP_SCADA,21
4,UPFC_Vse,5-15,0.055807898128445006,8,MAP_SCADA,21
5,UPFC_tse,5-15,-2.124134150618547,8,MAP_SCADA,21
0,x_tcsc,1-14,-0.10779915895406394,9,MAP_SCADA,21
1,B_svc,2,0.17635835557445015,9,MAP_SCADA,21
2,UPFC_Vsh,5-15,1.1097831736243513,9,MAP_SCADA,21
3,UPFC_tsh,5-15,-0.23778414019725738,9,MAP_SCADA,21
4,UPFC_Vse,5-15,0.05604656994865272,9,MAP_SCADA,21
5,UPFC_tse,5-15,-2.1202414192625936,9,MAP_SCADA,21
0,x_tcsc,1-14,-0.10894444422916369,0,MAP_SCADA,22
1,B_svc,2,0.17442819623264905,0,MAP_SCADA,22
2,UPFC_Vsh,5-15,1.1090519233992089,0,MAP_SCADA,22
3,UPFC_tsh,5-15,-0.23677859144286542,0,MAP_SCADA,22
4,UPFC_Vse,5-15,0.056186079545170194,0,MAP_SCADA,22
5,UPFC_tse,5-15,-2.1204368032299503,0,MAP_SCADA,22
0,x_tcsc,1-14,-0.10865578643767983,1,MAP_SCADA,22
1,B_svc,2,0.17180838726921843,1,MAP_SCADA,22
2,UPFC_Vsh,5-15,1.1111729212253298,1,MAP_SCADA,22
3,UPFC_tsh,5-15,-0.23600643925319473,1,MAP_SCADA,22
4,UPFC_Vse,5-15,0.05634133190151346,1,MAP_SCADA,22
5,UPFC_tse,5-15,-2.1163925574197218,1,MAP_SCADA,22
0,x_tcsc,1-14,-0.10899217417620985,2,MAP_SCADA,22
1,B_svc,2,0.17409123336963925,2,MAP_SCADA,22
2,UPFC_Vsh,5-15,1.1115687088844377,2,MAP_SCADA,22
3,UPFC_tsh,5-15,-0.23620296008316727,2,MAP_SCADA,22
4,UPFC_Vse,5-15,0.05577824032446737,2,MAP_SCADA,22
5,UPFC_tse,5-15,-2.118666830349078,2,MAP_SCADA,22
0,x_tcsc,1-14,-0.10996990901295511,3,MAP_SCADA,22
1,B_svc,2,0.16752153685688212,3,MAP_SCADA,22
2,UPFC_Vsh,5-15,1.1142020903269296,3,MAP_SCADA,22
3,UPFC_tsh,5-15,-0.23459957017091534,3,MAP_SCADA,22
4,UPFC_Vse,5-15,0.05580564299829695,3,MAP_SCADA,22
5,UPFC_tse,5-15,-2.1182558259789315,3,MAP_SCADA,22
0,x_tcsc,1-14,-0.10828649625388956,4,MAP_SCADA,22
1,B_svc,2,0.17742763330666841,4,MAP_SCADA,22
2,UPFC_Vsh,5-15,1.1100254231121638,4,MAP_SCADA,22
3,UPFC_tsh,5-15,-0.23721435580048122,4,MAP_SCADA,22
4,UPFC_Vse,5-15,0.056649729278956826,4,MAP_SCADA,22
5,UPFC_tse,5-15,-2.120514447812158,4,MAP_SCADA,22
0,x_tcsc,1-14,-0.10983081181957749,5,MAP_SCADA,22
1,B_svc,2,0.1704339824644985,5,MAP_SCADA,22
2,UPFC_Vsh,5-15,1.111247408683594,5,MAP_SCADA,22
3,UPFC_tsh,5-15,-0.23595019293208383,5,MAP_SCADA,22
4,UPFC_Vse,5-15,0.0557996144426486,5,MAP_SCADA,22
5,UPFC_tse,5-15,-2.118769078015071,5,MAP_SCADA,22
0,x_tcsc,1-14,-0.10652979563018551,6,MAP_SCADA,22
1,B_svc,2,0.1783891471239537,6,MAP_SCADA,22
2,UPFC_Vsh,5-15,1.1123445065748574,6,MAP_SCADA,22
3,UPFC_tsh,5-15,-0.23732984855682498,6,MAP_SCADA,22
4,UPFC_Vse,5-15,0.05585490034783763,6,MAP_SCADA,22
5,UPFC_tse,5-15,-2.120361871387332,6,MAP_SCADA,22
0,x_tcsc,1-14,-0.10655737075783661,7,MAP_SCADA,22
1,B_svc,2,0.17303249041017368,7,MAP_SCADA,22
2,UPFC_Vsh,5-15,1.1131114318308462,7,MAP_SCADA,22
3,UPFC_tsh,5-15,-0.23670589179816467,7,MAP_SCADA,22
4,UPFC_Vse,5-15,0.05654810613133626,7,MAP_SCADA,22
5,UPFC_tse,5-15,-2.120652839538623,7,MAP_SCADA,22
0,x_tcsc,1-14,-0.10713443942221017,8,MAP_SCADA,22
1,B_svc,2,0.17842283817246601,8,MAP_SCADA,22
2,UPFC_Vsh,5-15,1.1082256694140333,8,MAP_SCADA,22
3,UPFC_tsh,5-15,-0.23846929504565176,8,MAP_SCADA,22
4,UPFC_Vse,5-15,0.055807898128445006,8,MAP_SCADA,22
5,UPFC_tse,5-15,-2.124134150618547,8,MAP_SCADA,22
0,x_tcsc,1-14,-0.10779915895406394,9,MAP_SCADA,22
1,B_svc,2,0.17635835557445015,9,MAP_SCADA,22
2,UPFC_Vsh,5-15,1.1097831736243513,9,MAP_SCADA,22
3,UPFC_tsh,5-15,-0.23778414019725738,9,MAP_SCADA,22
4,UPFC_Vse,5-15,0.05604656994865272,9,MAP_SCADA,22
5,UPFC_tse,5-15,-2.1202414192625936,9,MAP_SCADA,22
0,x_tcsc,1-14,-0.10894444422916369,0,MAP_SCADA,23
1,B_svc,2,0.17442819623264905,0,MAP_SCADA,23
2,UPFC_Vsh,5-15,1.1090519233992089,0,MAP_SCADA,23
3,UPFC_tsh,5-15,-0.23677859144286542,0,MAP_SCADA,23
4,UPFC_Vse,5-15,0.056186079545170194,0,MAP_SCADA,23
5,UPFC_tse,5-15,-2.1204368032299503,0,MAP_SCADA,23
0,x_tcsc,1-14,-0.10865578643767983,1,MAP_SCADA,23
1,B_svc,2,0.17180838726921843,1,MAP_SCADA,23
2,UPFC_Vsh,5-15,1.1111729212253298,1,MAP_SCADA,23
3,UPFC_tsh,5-15,-0.23600643925319473,1,MAP_SCADA,23
4,UPFC_Vse,5-15,0.05634133190151346,1,MAP_SCADA,23
5,UPFC_tse,5-15,-2.1163925574197218,1,MAP_SCADA,23
0,x_tcsc,1-14,-0.10899217417620985,2,MAP_SCADA,23
1,B_svc,2,0.17409123336963925,2,MAP_SCADA,23
2,UPFC_Vsh,5-15,1.1115687088844377,2,MAP_SCADA,23
3,UPFC_tsh,5-15,-0.23620296008316727,2,MAP_SCADA,23
4,UPFC_Vse,5-15,0.05577824032446737,2,MAP_SCADA,23
5,UPFC_tse,5-15,-2.118666830349078,2,MAP_SCADA,23
0,x_tcsc,1-14,-0.10996990901295511,3,MAP_SCADA,23
1,B_svc,2,0.16752153685688212,3,MAP_SCADA,23
2,UPFC_Vsh,5-15,1.1142020903269296,3,MAP_SCADA,23
3,UPFC_tsh,5-15,-0.23459957017091534,3,MAP_SCADA,23
4,UPFC_Vse,5-15,0.05580564299829695,3,MAP_SCADA,23
5,UPFC_tse,5-15,-2.1182558259789315,3,MAP_SCADA,23
0,x_tcsc,1-14,-0.10828649625388956,4,MAP_SCADA,23
1,B_svc,2,0.17742763330666841,4,MAP_SCADA,23
2,UPFC_Vsh,5-15,1.1100254231121638,4,MAP_SCADA,23
3,UPFC_tsh,5-15,-0.23721435580048122,4,MAP_SCADA,23
4,UPFC_Vse,5-15,0.056649729278956826,4,MAP_SCADA,23
5,UPFC_tse,5-15,-2.120514447812158,4,MAP_SCADA,23
0,x_tcsc,1-14,-0.10983081181957749,5,MAP_SCADA,23
1,B_svc,2,0.1704339824644985,5,MAP_SCADA,23
2,UPFC_Vsh,5-15,1.111247408683594,5,MAP_SCADA,23
3,UPFC_tsh,5-15,-0.23595019293208383,5,MAP_SCADA,23
4,UPFC_Vse,5-15,0.0557996144426486,5,MAP_SCADA,23
5,UPFC_tse,5-15,-2.118769078015071,5,MAP_SCADA,23
0,x_tcsc,1-14,-0.10652979563018551,6,MAP_SCADA,23
1,B_svc,2,0.1783891471239537,6,MAP_SCADA,23
2,UPFC_Vsh,5-15,1.1123445065748574,6,MAP_SCADA,23
3,UPFC_tsh,5-15,-0.23732984855682498,6,MAP_SCADA,23
4,UPFC_Vse,5-15,0.05585490034783763,6,MAP_SCADA,23
5,UPFC_tse,5-15,-2.120361871387332,6,MAP_SCADA,23
0,x_tcsc,1-14,-0.10655737075783661,7,MAP_SCADA,23
1,B_svc,2,0.17303249041017368,7,MAP_SCADA,23
2,UPFC_Vsh,5-15,1.1131114318308462,7,MAP_SCADA,23
3,UPFC_tsh,5-15,-0.23670589179816467,7,MAP_SCADA,23
4,UPFC_Vse,5-15,0.05654810613133626,7,MAP_SCADA,23
5,UPFC_tse,5-15,-2.120652839538623,7,MAP_SCADA,23
0,x_tcsc,1-14,-0.10713443942221017,8,MAP_SCADA,23
1,B_svc,2,0.17842283817246601,8,MAP_SCADA,23
2,UPFC_Vsh,5-15,1.1082256694140333,8,MAP_SCADA,23
3,UPFC_tsh,5-15,-0.23846929504565176,8,MAP_SCADA,23
4,UPFC_Vse,5-15,0.055807898128445006,8,MAP_SCADA,23
5,UPFC_tse,5-15,-2.124134150618547,8,MAP_SCADA,23
0,x_tcsc,1-14,-0.10779915895406394,9,MAP_SCADA,23
1,B_svc,2,0.17635835557445015,9,MAP_SCADA,23
2,UPFC_Vsh,5-15,1.1097831736243513,9,MAP_SCADA,23
3,UPFC_tsh,5-15,-0.23778414019725738,9,MAP_SCADA,23
4,UPFC_Vse,5-15,0.05604656994865272,9,MAP_SCADA,23
5,UPFC_tse,5-15,-2.1202414192625936,9,MAP_SCADA,23
0,x_tcsc,1-14,-0.10894444422916369,0,MAP_SCADA,24
1,B_svc,2,0.17442819623264905,0,MAP_SCADA,24
2,UPFC_Vsh,5-15,1.1090519233992089,0,MAP_SCADA,24
3,UPFC_tsh,5-15,-0.23677859144286542,0,MAP_SCADA,24
4,UPFC_Vse,5-15,0.056186079545170194,0,MAP_SCADA,24
5,UPFC_tse,5-15,-2.1204368032299503,0,MAP_SCADA,24
0,x_tcsc,1-14,-0.10865578643767983,1,MAP_SCADA,24
1,B_svc,2,0.17180838726921843,1,MAP_SCADA,24
2,UPFC_Vsh,5-15,1.1111729212253298,1,MAP_SCADA,24
3,UPFC_tsh,5-15,-0.23600643925319473,1,MAP_SCADA,24
4,UPFC_Vse,5-15,0.05634133190151346,1,MAP_SCADA,24
5,UPFC_tse,5-15,-2.1163925574197218,1,MAP_SCADA,24
0,x_tcsc,1-14,-0.10899217417620985,2,MAP_SCADA,24
1,B_svc,2,0.17409123336963925,2,MAP_SCADA,24
2,UPFC_Vsh,5-15,1.1115687088844377,2,MAP_SCADA,24
3,UPFC_tsh,5-15,-0.23620296008316727,2,MAP_SCADA,24
4,UPFC_Vse,5-15,0.05577824032446737,2,MAP_SCADA,24
5,UPFC_tse,5-15,-2.118666830349078,2,MAP_SCADA,24
0,x_tcsc,1-14,-0.10996990901295511,3,MAP_SCADA,24
1,B_svc,2,0.16752153685688212,3,MAP_SCADA,24
2,UPFC_Vsh,5-15,1.1142020903269296,3,MAP_SCADA,24
3,UPFC_tsh,5-15,-0.23459957017091534,3,MAP_SCADA,24
4,UPFC_Vse,5-15,0.05580564299829695,3,MAP_SCADA,24
5,UPFC_tse,5-15,-2.1182558259789315,3,MAP_SCADA,24
0,x_tcsc,1-14,-0.10828649625388956,4,MAP_SCADA,24
1,B_svc,2,0.17742763330666841,4,MAP_SCADA,24
2,UPFC_Vsh,5-15,1.1100254231121638,4,MAP_SCADA,24
3,UPFC_tsh,5-15,-0.23721435580048122,4,MAP_SCADA,24
4,UPFC_Vse,5-15,0.056649729278956826,4,MAP_SCADA,24
5,UPFC_tse,5-15,-2.120514447812158,4,MAP_SCADA,24
0,x_tcsc,1-14,-0.10983081181957749,5,MAP_SCADA,24
1,B_svc,2,0.1704339824644985,5,MAP_SCADA,24
2,UPFC_Vsh,5-15,1.111247408683594,5,MAP_SCADA,24
3,UPFC_tsh,5-15,-0.23595019293208383,5,MAP_SCADA,24
4,UPFC_Vse,5-15,0.0557996144426486,5,MAP_SCADA,24
5,UPFC_tse,5-15,-2.118769078015071,5,MAP_SCADA,24
0,x_tcsc,1-14,-0.10652979563018551,6,MAP_SCADA,24
1,B_svc,2,0.1783891471239537,6,MAP_SCADA,24
2,UPFC_Vsh,5-15,1.1123445065748574,6,MAP_SCADA,24
3,UPFC_tsh,5-15,-0.23732984855682498,6,MAP_SCADA,24
4,UPFC_Vse,5-15,0.05585490034783763,6,MAP_SCADA,24
5,UPFC_tse,5-15,-2.120361871387332,6,MAP_SCADA,24
0,x_tcsc,1-14,-0.10655737075783661,7,MAP_SCADA,24
1,B_svc,2,0.17303249041017368,7,MAP_SCADA,24
2,UPFC_Vsh,5-15,1.1131114318308462,7,MAP_SCADA,24
3,UPFC_tsh,5-15,-0.23670589179816467,7,MAP_SCADA,24
4,UPFC_Vse,5-15,0.05654810613133626,7,MAP_SCADA,24
5,UPFC_tse,5-15,-2.120652839538623,7,MAP_SCADA,24
0,x_tcsc,1-14,-0.10713443942221017,8,MAP_SCADA,24
1,B_svc,2,0.17842283817246601,8,MAP_SCADA,24
2,UPFC_Vsh,5-15,1.1082256694140333,8,MAP_SCADA,24
3,UPFC_tsh,5-15,-0.23846929504565176,8,MAP_SCADA,24
4,UPFC_Vse,5-15,0.055807898128445006,8,MAP_SCADA,24
5,UPFC_tse,5-15,-2.124134150618547,8,MAP_SCADA,24
0,x_tcsc,1-14,-0.10779915895406394,9,MAP_SCADA,24
1,B_svc,2,0.17635835557445015,9,MAP_SCADA,24
2,UPFC_Vsh,5-15,1.1097831736243513,9,MAP_SCADA,24
3,UPFC_tsh,5-15,-0.23778414019725738,9,MAP_SCADA,24
4,UPFC_Vse,5-15,0.05604656994865272,9,MAP_SCADA,24
5,UPFC_tse,5-15,-2.1202414192625936,9,MAP_SCADA,24
0,x_tcsc,1-14,-0.10894444422916369,0,MAP_SCADA,25
1,B_svc,2,0.17442819623264905,0,MAP_SCADA,25
2,UPFC_Vsh,5-15,1.1090519233992089,0,MAP_SCADA,25
3,UPFC_tsh,5-15,-0.23677859144286542,0,MAP_SCADA,25
4,UPFC_Vse,5-15,0.056186079545170194,0,MAP_SCADA,25
5,UPFC_tse,5-15,-2.1204368032299503,0,MAP_SCADA,25
0,x_tcsc,1-14,-0.10865578643767983,1,MAP_SCADA,25
1,B_svc,2,0.17180838726921843,1,MAP_SCADA,25
2,UPFC_Vsh,5-15,1.1111729212253298,1,MAP_SCADA,25
3,UPFC_tsh,5-15,-0.23600643925319473,1,MAP_SCADA,25
4,UPFC_Vse,5-15,0.05634133190151346,1,MAP_SCADA,25
5,UPFC_tse,5-15,-2.1163925574197218,1,MAP_SCADA,25
0,x_tcsc,1-14,-0.10899217417620985,2,MAP_SCADA,25
1,B_svc,2,0.17409123336963925,2,MAP_SCADA,25
2,UPFC_Vsh,5-15,1.1115687088844377,2,MAP_SCADA,25
3,UPFC_tsh,5-15,-0.23620296008316727,2,MAP_SCADA,25
4,UPFC_Vse,5-15,0.05577824032446737,2,MAP_SCADA,25
5,UPFC_tse,5-15,-2.118666830349078,2,MAP_SCADA,25
0,x_tcsc,1-14,-0.10996990901295511,3,MAP_SCADA,25
1,B_svc,2,0.16752153685688212,3,MAP_SCADA,25
2,UPFC_Vsh,5-15,1.1142020903269296,3,MAP_SCADA,25
3,UPFC_tsh,5-15,-0.23459957017091534,3,MAP_SCADA,25
4,UPFC_Vse,5-15,0.05580564299829695,3,MAP_SCADA,25
5,UPFC_tse,5-15,-2.1182558259789315,3,MAP_SCADA,25
0,x_tcsc,1-14,-0.10828649625388956,4,MAP_SCADA,25
1,B_svc,2,0.17742763330666841,4,MAP_SCADA,25
2,UPFC_Vsh,5-15,1.1100254231121638,4,MAP_SCADA,25
3,UPFC_tsh,5-15,-0.23721435580048122,4,MAP_SCADA,25
4,UPFC_Vse,5-15,0.056649729278956826,4,MAP_SCADA,25
5,UPFC_tse,5-15,-2.120514447812158,4,MAP_SCADA,25
0,x_tcsc,1-14,-0.10983081181957749,5,MAP_SCADA,25
1,B_svc,2,0.1704339824644985,5,MAP_SCADA,25
2,UPFC_Vsh,5-15,1.111247408683594,5,MAP_SCADA,25
3,UPFC_tsh,5-15,-0.23595019293208383,5,MAP_SCADA,25
4,UPFC_Vse,5-15,0.0557996144426486,5,MAP_SCADA,25
5,UPFC_tse,5-15,-2.118769078015071,5,MAP_SCADA,25
0,x_tcsc,1-14,-0.10652979563018551,6,MAP_SCADA,25
1,B_svc,2,0.1783891471239537,6,MAP_SCADA,25
2,UPFC_Vsh,5-15,1.1123445065748574,6,MAP_SCADA,25
3,UPFC_tsh,5-15,-0.23732984855682498,6,MAP_SCADA,25
4,UPFC_Vse,5-15,0.05585490034783763,6,MAP_SCADA,25
5,UPFC_tse,5-15,-2.120361871387332,6,MAP_SCADA,25
0,x_tcsc,1-14,-0.10655737075783661,7,MAP_SCADA,25
1,B_svc,2,0.17303249041017368,7,MAP_SCADA,25
2,UPFC_Vsh,5-15,1.1131114318308462,7,MAP_SCADA,25
3,UPFC_tsh,5-15,-0.23670589179816467,7,MAP_SCADA,25
4,UPFC_Vse,5-15,0.05654810613133626,7,MAP_SCADA,25
5,UPFC_tse,5-15,-2.120652839538623,7,MAP_SCADA,25
0,x_tcsc,1-14,-0.10713443942221017,8,MAP_SCADA,25
1,B_svc,2,0.17842283817246601,8,MAP_SCADA,25
2,UPFC_Vsh,5-15,1.1082256694140333,8,MAP_SCADA,25
3,UPFC_tsh,5-15,-0.23846929504565176,8,MAP_SCADA,25
4,UPFC_Vse,5-15,0.055807898128445006,8,MAP_SCADA,25
5,UPFC_tse,5-15,-2.124134150618547,8,MAP_SCADA,25
0,x_tcsc,1-14,-0.10779915895406394,9,MAP_SCADA,25
1,B_svc,2,0.17635835557445015,9,MAP_SCADA,25
2,UPFC_Vsh,5-15,1.1097831736243513,9,MAP_SCADA,25
3,UPFC_tsh,5-15,-0.23778414019725738,9,MAP_SCADA,25
4,UPFC_Vse,5-15,0.05604656994865272,9,MAP_SCADA,25
5,UPFC_tse,5-15,-2.1202414192625936,9,MAP_SCADA,25
0,x_tcsc,1-14,-0.10894444422916369,0,MAP_SCADA,26
1,B_svc,2,0.17442819623264905,0,MAP_SCADA,26
2,UPFC_Vsh,5-15,1.1090519233992089,0,MAP_SCADA,26
3,UPFC_tsh,5-15,-0.23677859144286542,0,MAP_SCADA,26
4,UPFC_Vse,5-15,0.056186079545170194,0,MAP_SCADA,26
5,UPFC_tse,5-15,-2.1204368032299503,0,MAP_SCADA,26
0,x_tcsc,1-14,-0.10865578643767983,1,MAP_SCADA,26
1,B_svc,2,0.17180838726921843,1,MAP_SCADA,26
2,UPFC_Vsh,5-15,1.1111729212253298,1,MAP_SCADA,26
3,UPFC_tsh,5-15,-0.23600643925319473,1,MAP_SCADA,26
4,UPFC_Vse,5-15,0.05634133190151346,1,MAP_SCADA,26
5,UPFC_tse,5-15,-2.1163925574197218,1,MAP_SCADA,26
0,x_tcsc,1-14,-0.10899217417620985,2,MAP_SCADA,26
1,B_svc,2,0.17409123336963925,2,MAP_SCADA,26
2,UPFC_Vsh,5-15,1.1115687088844377,2,MAP_SCADA,26
3,UPFC_tsh,5-15,-0.23620296008316727,2,MAP_SCADA,26
4,UPFC_Vse,5-15,0.05577824032446737,2,MAP_SCADA,26
5,UPFC_tse,5-15,-2.118666830349078,2,MAP_SCADA,26
0,x_tcsc,1-14,-0.10996990901295511,3,MAP_SCADA,26
1,B_svc,2,0.16752153685688212,3,MAP_SCADA,26
2,UPFC_Vsh,5-15,1.1142020903269296,3,MAP_SCADA,26
3,UPFC_tsh,5-15,-0.23459957017091534,3,MAP_SCADA,26
4,UPFC_Vse,5-15,0.05580564299829695,3,MAP_SCADA,26
5,UPFC_tse,5-15,-2.1182558259789315,3,MAP_SCADA,26
0,x_tcsc,1-14,-0.10828649625388956,4,MAP_SCADA,26
1,B_svc,2,0.17742763330666841,4,MAP_SCADA,26
2,UPFC_Vsh,5-15,1.1100254231121638,4,MAP_SCADA,26
3,UPFC_tsh,5-15,-0.23721435580048122,4,MAP_SCADA,26
4,UPFC_Vse,5-15,0.056649729278956826,4,MAP_SCADA,26
5,UPFC_tse,5-15,-2.120514447812158,4,MAP_SCADA,26
0,x_tcsc,1-14,-0.10983081181957749,5,MAP_SCADA,26
1,B_svc,2,0.1704339824644985,5,MAP_SCADA,26
2,UPFC_Vsh,5-15,1.111247408683594,5,MAP_SCADA,26
3,UPFC_tsh,5-15,-0.23595019293208383,5,MAP_SCADA,26
4,UPFC_Vse,5-15,0.0557996144426486,5,MAP_SCADA,26
5,UPFC_tse,5-15,-2.118769078015071,5,MAP_SCADA,26
0,x_tcsc,1-14,-0.10652979563018551,6,MAP_SCADA,26
1,B_svc,2,0.1783891471239537,6,MAP_SCADA,26
2,UPFC_Vsh,5-15,1.1123445065748574,6,MAP_SCADA,26
3,UPFC_tsh,5-15,-0.23732984855682498,6,MAP_SCADA,26
4,UPFC_Vse,5-15,0.05585490034783763,6,MAP_SCADA,26
5,UPFC_tse,5-15,-2.120361871387332,6,MAP_SCADA,26
0,x_tcsc,1-14,-0.10655737075783661,7,MAP_SCADA,26
1,B_svc,2,0.17303249041017368,7,MAP_SCADA,26
2,UPFC_Vsh,5-15,1.1131114318308462,7,MAP_SCADA,26
3,UPFC_tsh,5-15,-0.23670589179816467,7,MAP_SCADA,26
4,UPFC_Vse,5-15,0.05654810613133626,7,MAP_SCADA,26
5,UPFC_tse,5-15,-2.120652839538623,7,MAP_SCADA,26
0,x_tcsc,1-14,-0.10713443942221017,8,MAP_SCADA,26
1,B_svc,2,0.17842283817246601,8,MAP_SCADA,26
2,UPFC_Vsh,5-15,1.1082256694140333,8,MAP_SCADA,26
3,UPFC_tsh,5-15,-0.23846929504565176,8,MAP_SCADA,26
4,UPFC_Vse,5-15,0.055807898128445006,8,MAP_SCADA,26
5,UPFC_tse,5-15,-2.124134150618547,8,MAP_SCADA,26
0,x_tcsc,1-14,-0.10779915895406394,9,MAP_SCADA,26
1,B_svc,2,0.17635835557445015,9,MAP_SCADA,26
2,UPFC_Vsh,5-15,1.1097831736243513,9,MAP_SCADA,26
3,UPFC_tsh,5-15,-0.23778414019725738,9,MAP_SCADA,26
4,UPFC_Vse,5-15,0.05604656994865272,9,MAP_SCADA,26
5,UPFC_tse,5-15,-2.1202414192625936,9,MAP_SCADA,26
0,x_tcsc,1-14,-0.10894444422916369,0,MAP_SCADA,27
1,B_svc,2,0.17442819623264905,0,MAP_SCADA,27
2,UPFC_Vsh,5-15,1.1090519233992089,0,MAP_SCADA,27
3,UPFC_tsh,5-15,-0.23677859144286542,0,MAP_SCADA,27
4,UPFC_Vse,5-15,0.056186079545170194,0,MAP_SCADA,27
5,UPFC_tse,5-15,-2.1204368032299503,0,MAP_SCADA,27
0,x_tcsc,1-14,-0.10865578643767983,1,MAP_SCADA,27
1,B_svc,2,0.17180838726921843,1,MAP_SCADA,27
2,UPFC_Vsh,5-15,1.1111729212253298,1,MAP_SCADA,27
3,UPFC_tsh,5-15,-0.23600643925319473,1,MAP_SCADA,27
4,UPFC_Vse,5-15,0.05634133190151346,1,MAP_SCADA,27
5,UPFC_tse,5-15,-2.1163925574197218,1,MAP_SCADA,27
0,x_tcsc,1-14,-0.10899217417620985,2,MAP_SCADA,27
1,B_svc,2,0.17409123336963925,2,MAP_SCADA,27
2,UPFC_Vsh,5-15,1.1115687088844377,2,MAP_SCADA,27
3,UPFC_tsh,5-15,-0.23620296008316727,2,MAP_SCADA,27
4,UPFC_Vse,5-15,0.05577824032446737,2,MAP_SCADA,27
5,UPFC_tse,5-15,-2.118666830349078,2,MAP_SCADA,27
0,x_tcsc,1-14,-0.10996990901295511,3,MAP_SCADA,27
1,B_svc,2,0.16752153685688212,3,MAP_SCADA,27
2,UPFC_Vsh,5-15,1.1142020903269296,3,MAP_SCADA,27
3,UPFC_tsh,5-15,-0.23459957017091534,3,MAP_SCADA,27
4,UPFC_Vse,5-15,0.05580564299829695,3,MAP_SCADA,27
5,UPFC_tse,5-15,-2.1182558259789315,3,MAP_SCADA,27
0,x_tcsc,1-14,-0.10828649625388956,4,MAP_SCADA,27
1,B_svc,2,0.17742763330666841,4,MAP_SCADA,27
2,UPFC_Vsh,5-15,1.1100254231121638,4,MAP_SCADA,27
3,UPFC_tsh,5-15,-0.23721435580048122,4,MAP_SCADA,27
4,UPFC_Vse,5-15,0.056649729278956826,4,MAP_SCADA,27
5,UPFC_tse,5-15,-2.120514447812158,4,MAP_SCADA,27
0,x_tcsc,1-14,-0.10983081181957749,5,MAP_SCADA,27
1,B_svc,2,0.1704339824644985,5,MAP_SCADA,27
2,UPFC_Vsh,5-15,1.111247408683594,5,MAP_SCADA,27
3,UPFC_tsh,5-15,-0.23595019293208383,5,MAP_SCADA,27
4,UPFC_Vse,5-15,0.0557996144426486,5,MAP_SCADA,27
5,UPFC_tse,5-15,-2.118769078015071,5,MAP_SCADA,27
0,x_tcsc,1-14,-0.10652979563018551,6,MAP_SCADA,27
1,B_svc,2,0.1783891471239537,6,MAP_SCADA,27
2,UPFC_Vsh,5-15,1.1123445065748574,6,MAP_SCADA,27
3,UPFC_tsh,5-15,-0.23732984855682498,6,MAP_SCADA,27
4,UPFC_Vse,5-15,0.05585490034783763,6,MAP_SCADA,27
5,UPFC_tse,5-15,-2.120361871387332,6,MAP_SCADA,27
0,x_tcsc,1-14,-0.10655737075783661,7,MAP_SCADA,27
1,B_svc,2,0.17303249041017368,7,MAP_SCADA,27
2,UPFC_Vsh,5-15,1.1131114318308462,7,MAP_SCADA,27
3,UPFC_tsh,5-15,-0.23670589179816467,7,MAP_SCADA,27
4,UPFC_Vse,5-15,0.05654810613133626,7,MAP_SCADA,27
5,UPFC_tse,5-15,-2.120652839538623,7,MAP_SCADA,27
0,x_tcsc,1-14,-0.10713443942221017,8,MAP_SCADA,27
1,B_svc,2,0.17842283817246601,8,MAP_SCADA,27
2,UPFC_Vsh,5-15,1.1082256694140333,8,MAP_SCADA,27
3,UPFC_tsh,5-15,-0.23846929504565176,8,MAP_SCADA,27
4,UPFC_Vse,5-15,0.055807898128445006,8,MAP_SCADA,27
5,UPFC_tse,5-15,-2.124134150618547,8,MAP_SCADA,27
0,x_tcsc,1-14,-0.10779915895406394,9,MAP_SCADA,27
1,B_svc,2,0.17635835557445015,9,MAP_SCADA,27
2,UPFC_Vsh,5-15,1.1097831736243513,9,MAP_SCADA,27
3,UPFC_tsh,5-15,-0.23778414019725738,9,MAP_SCADA,27
4,UPFC_Vse,5-15,0.05604656994865272,9,MAP_SCADA,27
5,UPFC_tse,5-15,-2.1202414192625936,9,MAP_SCADA,27
0,x_tcsc,1-14,-0.10894444422916369,0,MAP_SCADA,28
1,B_svc,2,0.17442819623264905,0,MAP_SCADA,28
2,UPFC_Vsh,5-15,1.1090519233992089,0,MAP_SCADA,28
3,UPFC_tsh,5-15,-0.23677859144286542,0,MAP_SCADA,28
4,UPFC_Vse,5-15,0.056186079545170194,0,MAP_SCADA,28
5,UPFC_tse,5-15,-2.1204368032299503,0,MAP_SCADA,28
0,x_tcsc,1-14,-0.10865578643767983,1,MAP_SCADA,28
1,B_svc,2,0.17180838726921843,1,MAP_SCADA,28
2,UPFC_Vsh,5-15,1.1111729212253298,1,MAP_SCADA,28
3,UPFC_tsh,5-15,-0.23600643925319473,1,MAP_SCADA,28
4,UPFC_Vse,5-15,0.05634133190151346,1,MAP_SCADA,28
5,UPFC_tse,5-15,-2.1163925574197218,1,MAP_SCADA,28
0,x_tcsc,1-14,-0.10899217417620985,2,MAP_SCADA,28
1,B_svc,2,0.17409123336963925,2,MAP_SCADA,28
2,UPFC_Vsh,5-15,1.1115687088844377,2,MAP_SCADA,28
3,UPFC_tsh,5-15,-0.23620296008316727,2,MAP_SCADA,28
4,UPFC_Vse,5-15,0.05577824032446737,2,MAP_SCADA,28
5,UPFC_tse,5-15,-2.118666830349078,2,MAP_SCADA,28
0,x_tcsc,1-14,-0.10996990901295511,3,MAP_SCADA,28
1,B_svc,2,0.16752153685688212,3,MAP_SCADA,28
2,UPFC_Vsh,5-15,1.1142020903269296,3,MAP_SCADA,28
3,UPFC_tsh,5-15,-0.23459957017091534,3,MAP_SCADA,28
4,UPFC_Vse,5-15,0.05580564299829695,3,MAP_SCADA,28
5,UPFC_tse,5-15,-2.1182558259789315,3,MAP_SCADA,28
0,x_tcsc,1-14,-0.10828649625388956,4,MAP_SCADA,28
1,B_svc,2,0.17742763330666841,4,MAP_SCADA,28
2,UPFC_Vsh,5-15,1.1100254231121638,4,MAP_SCADA,28
3,UPFC_tsh,5-15,-0.23721435580048122,4,MAP_SCADA,28
4,UPFC_Vse,5-15,0.056649729278956826,4,MAP_SCADA,28
5,UPFC_tse,5-15,-2.120514447812158,4,MAP_SCADA,28
0,x_tcsc,1-14,-0.10983081181957749,5,MAP_SCADA,28
1,B_svc,2,0.1704339824644985,5,MAP_SCADA,28
2,UPFC_Vsh,5-15,1.111247408683594,5,MAP_SCADA,28
3,UPFC_tsh,5-15,-0.23595019293208383,5,MAP_SCADA,28
4,UPFC_Vse,5-15,0.0557996144426486,5,MAP_SCADA,28
5,UPFC_tse,5-15,-2.118769078015071,5,MAP_SCADA,28
0,x_tcsc,1-14,-0.10652979563018551,6,MAP_SCADA,28
1,B_svc,2,0.1783891471239537,6,MAP_SCADA,28
2,UPFC_Vsh,5-15,1.1123445065748574,6,MAP_SCADA,28
3,UPFC_tsh,5-15,-0.23732984855682498,6,MAP_SCADA,28
4,UPFC_Vse,5-15,0.05585490034783763,6,MAP_SCADA,28
5,UPFC_tse,5-15,-2.120361871387332,6,MAP_SCADA,28
0,x_tcsc,1-14,-0.10655737075783661,7,MAP_SCADA,28
1,B_svc,2,0.17303249041017368,7,MAP_SCADA,28
2,UPFC_Vsh,5-15,1.1131114318308462,7,MAP_SCADA,28
3,UPFC_tsh,5-15,-0.23670589179816467,7,MAP_SCADA,28
4,UPFC_Vse,5-15,0.05654810613133626,7,MAP_SCADA,28
5,UPFC_tse,5-15,-2.120652839538623,7,MAP_SCADA,28
0,x_tcsc,1-14,-0.10713443942221017,8,MAP_SCADA,28
1,B_svc,2,0.17842283817246601,8,MAP_SCADA,28
2,UPFC_Vsh,5-15,1.1082256694140333,8,MAP_SCADA,28
3,UPFC_tsh,5-15,-0.23846929504565176,8,MAP_SCADA,28
4,UPFC_Vse,5-15,0.055807898128445006,8,MAP_SCADA,28
5,UPFC_tse,5-15,-2.124134150618547,8,MAP_SCADA,28
0,x_tcsc,1-14,-0.10779915895406394,9,MAP_SCADA,28
1,B_svc,2,0.17635835557445015,9,MAP_SCADA,28
2,UPFC_Vsh,5-15,1.1097831736243513,9,MAP_SCADA,28
3,UPFC_tsh,5-15,-0.23778414019725738,9,MAP_SCADA,28
4,UPFC_Vse,5-15,0.05604656994865272,9,MAP_SCADA,28
5,UPFC_tse,5-15,-2.1202414192625936,9,MAP_SCADA,28
0,x_tcsc,1-14,-0.10894444422916369,0,MAP_SCADA,29
1,B_svc,2,0.17442819623264905,0,MAP_SCADA,29
2,UPFC_Vsh,5-15,1.1090519233992089,0,MAP_SCADA,29
3,UPFC_tsh,5-15,-0.23677859144286542,0,MAP_SCADA,29
4,UPFC_Vse,5-15,0.056186079545170194,0,MAP_SCADA,29
5,UPFC_tse,5-15,-2.1204368032299503,0,MAP_SCADA,29
0,x_tcsc,1-14,-0.10865578643767983,1,MAP_SCADA,29
1,B_svc,2,0.17180838726921843,1,MAP_SCADA,29
2,UPFC_Vsh,5-15,1.1111729212253298,1,MAP_SCADA,29
3,UPFC_tsh,5-15,-0.23600643925319473,1,MAP_SCADA,29
4,UPFC_Vse,5-15,0.05634133190151346,1,MAP_SCADA,29
5,UPFC_tse,5-15,-2.1163925574197218,1,MAP_SCADA,29
0,x_tcsc,1-14,-0.10899217417620985,2,MAP_SCADA,29
1,B_svc,2,0.17409123336963925,2,MAP_SCADA,29
2,UPFC_Vsh,5-15,1.1115687088844377,2,MAP_SCADA,29
3,UPFC_tsh,5-15,-0.23620296008316727,2,MAP_SCADA,29
4,UPFC_Vse,5-15,0.05577824032446737,2,MAP_SCADA,29
5,UPFC_tse,5-15,-2.118666830349078,2,MAP_SCADA,29
0,x_tcsc,1-14,-0.10996990901295511,3,MAP_SCADA,29
1,B_svc,2,0.16752153685688212,3,MAP_SCADA,29
2,UPFC_Vsh,5-15,1.1142020903269296,3,MAP_SCADA,29
3,UPFC_tsh,5-15,-0.23459957017091534,3,MAP_SCADA,29
4,UPFC_Vse,5-15,0.05580564299829695,3,MAP_SCADA,29
5,UPFC_tse,5-15,-2.1182558259789315,3,MAP_SCADA,29
0,x_tcsc,1-14,-0.10828649625388956,4,MAP_SCADA,29
1,B_svc,2,0.17742763330666841,4,MAP_SCADA,29
2,UPFC_Vsh,5-15,1.1100254231121638,4,MAP_SCADA,29
3,UPFC_tsh,5-15,-0.23721435580048122,4,MAP_SCADA,29
4,UPFC_Vse,5-15,0.056649729278956826,4,MAP_SCADA,29
5,UPFC_tse,5-15,-2.120514447812158,4,MAP_SCADA,29
0,x_tcsc,1-14,-0.10983081181957749,5,MAP_SCADA,29
1,B_svc,2,0.1704339824644985,5,MAP_SCADA,29
2,UPFC_Vsh,5-15,1.111247408683594,5,MAP_SCADA,29
3,UPFC_tsh,5-15,-0.23595019293208383,5,MAP_SCADA,29
4,UPFC_Vse,5-15,0.0557996144426486,5,MAP_SCADA,29
5,UPFC_tse,5-15,-2.118769078015071,5,MAP_SCADA,29
0,x_tcsc,1-14,-0.10652979563018551,6,MAP_SCADA,29
1,B_svc,2,0.1783891471239537,6,MAP_SCADA,29
2,UPFC_Vsh,5-15,1.1123445065748574,6,MAP_SCADA,29
3,UPFC_tsh,5-15,-0.23732984855682498,6,MAP_SCADA,29
4,UPFC_Vse,5-15,0.05585490034783763,6,MAP_SCADA,29
5,UPFC_tse,5-15,-2.120361871387332,6,MAP_SCADA,29
0,x_tcsc,1-14,-0.10655737075783661,7,MAP_SCADA,29
1,B_svc,2,0.17303249041017368,7,MAP_SCADA,29
2,UPFC_Vsh,5-15,1.1131114318308462,7,MAP_SCADA,29
3,UPFC_tsh,5-15,-0.23670589179816467,7,MAP_SCADA,29
4,UPFC_Vse,5-15,0.05654810613133626,7,MAP_SCADA,29
5,UPFC_tse,5-15,-2.120652839538623,7,MAP_SCADA,29
0,x_tcsc,1-14,-0.10713443942221017,8,MAP_SCADA,29
1,B_svc,2,0.17842283817246601,8,MAP_SCADA,29
2,UPFC_Vsh,5-15,1.1082256694140333,8,MAP_SCADA,29
3,UPFC_tsh,5-15,-0.23846929504565176,8,MAP_SCADA,29
4,UPFC_Vse,5-15,0.055807898128445006,8,MAP_SCADA,29
5,UPFC_tse,5-15,-2.124134150618547,8,MAP_SCADA,29
0,x_tcsc,1-14,-0.10779915895406394,9,MAP_SCADA,29
1,B_svc,2,0.17635835557445015,9,MAP_SCADA,29
2,UPFC_Vsh,5-15,1.1097831736243513,9,MAP_SCADA,29
3,UPFC_tsh,5-15,-0.23778414019725738,9,MAP_SCADA,29
4,UPFC_Vse,5-15,0.05604656994865272,9,MAP_SCADA,29
5,UPFC_tse,5-15,-2.1202414192625936,9,MAP_SCADA,29
0,x_tcsc,1-14,-0.10894444422916369,0,MAP_SCADA,30
1,B_svc,2,0.17442819623264905,0,MAP_SCADA,30
2,UPFC_Vsh,5-15,1.1090519233992089,0,MAP_SCADA,30
3,UPFC_tsh,5-15,-0.23677859144286542,0,MAP_SCADA,30
4,UPFC_Vse,5-15,0.056186079545170194,0,MAP_SCADA,30
5,UPFC_tse,5-15,-2.1204368032299503,0,MAP_SCADA,30
0,x_tcsc,1-14,-0.10865578643767983,1,MAP_SCADA,30
1,B_svc,2,0.17180838726921843,1,MAP_SCADA,30
2,UPFC_Vsh,5-15,1.1111729212253298,1,MAP_SCADA,30
3,UPFC_tsh,5-15,-0.23600643925319473,1,MAP_SCADA,30
4,UPFC_Vse,5-15,0.05634133190151346,1,MAP_SCADA,30
5,UPFC_tse,5-15,-2.1163925574197218,1,MAP_SCADA,30
0,x_tcsc,1-14,-0.10899217417620985,2,MAP_SCADA,30
1,B_svc,2,0.17409123336963925,2,MAP_SCADA,30
2,UPFC_Vsh,5-15,1.1115687088844377,2,MAP_SCADA,30
3,UPFC_tsh,5-15,-0.23620296008316727,2,MAP_SCADA,30
4,UPFC_Vse,5-15,0.05577824032446737,2,MAP_SCADA,30
5,UPFC_tse,5-15,-2.118666830349078,2,MAP_SCADA,30
0,x_tcsc,1-14,-0.10996990901295511,3,MAP_SCADA,30
1,B_svc,2,0.16752153685688212,3,MAP_SCADA,30
2,UPFC_Vsh,5-15,1.1142020903269296,3,MAP_SCADA,30
3,UPFC_tsh,5-15,-0.23459957017091534,3,MAP_SCADA,30
4,UPFC_Vse,5-15,0.05580564299829695,3,MAP_SCADA,30
5,UPFC_tse,5-15,-2.1182558259789315,3,MAP_SCADA,30
0,x_tcsc,1-14,-0.10828649625388956,4,MAP_SCADA,30
1,B_svc,2,0.17742763330666841,4,MAP_SCADA,30
2,UPFC_Vsh,5-15,1.1100254231121638,4,MAP_SCADA,30
3,UPFC_tsh,5-15,-0.23721435580048122,4,MAP_SCADA,30
4,UPFC_Vse,5-15,0.056649729278956826,4,MAP_SCADA,30
5,UPFC_tse,5-15,-2.120514447812158,4,MAP_SCADA,30
0,x_tcsc,1-14,-0.10983081181957749,5,MAP_SCADA,30
1,B_svc,2,0.1704339824644985,5,MAP_SCADA,30
2,UPFC_Vsh,5-15,1.111247408683594,5,MAP_SCADA,30
3,UPFC_tsh,5-15,-0.23595019293208383,5,MAP_SCADA,30
4,UPFC_Vse,5-15,0.0557996144426486,5,MAP_SCADA,30
5,UPFC_tse,5-15,-2.118769078015071,5,MAP_SCADA,30
0,x_tcsc,1-14,-0.10652979563018551,6,MAP_SCADA,30
1,B_svc,2,0.1783891471239537,6,MAP_SCADA,30
2,UPFC_Vsh,5-15,1.1123445065748574,6,MAP_SCADA,30
3,UPFC_tsh,5-15,-0.23732984855682498,6,MAP_SCADA,30
4,UPFC_Vse,5-15,0.05585490034783763,6,MAP_SCADA,30
5,UPFC_tse,5-15,-2.120361871387332,6,MAP_SCADA,30
0,x_tcsc,1-14,-0.10655737075783661,7,MAP_SCADA,30
1,B_svc,2,0.17303249041017368,7,MAP_SCADA,30
2,UPFC_Vsh,5-15,1.1131114318308462,7,MAP_SCADA,30
3,UPFC_tsh,5-15,-0.23670589179816467,7,MAP_SCADA,30
4,UPFC_Vse,5-15,0.05654810613133626,7,MAP_SCADA,30
5,UPFC_tse,5-15,-2.120652839538623,7,MAP_SCADA,30
0,x_tcsc,1-14,-0.10713443942221017,8,MAP_SCADA,30
1,B_svc,2,0.17842283817246601,8,MAP_SCADA,30
2,UPFC_Vsh,5-15,1.1082256694140333,8,MAP_SCADA,30
3,UPFC_tsh,5-15,-0.23846929504565176,8,MAP_SCADA,30
4,UPFC_Vse,5-15,0.055807898128445006,8,MAP_SCADA,30
5,UPFC_tse,5-15,-2.124134150618547,8,MAP_SCADA,30
0,x_tcsc,1-14,-0.10779915895406394,9,MAP_SCADA,30
1,B_svc,2,0.17635835557445015,9,MAP_SCADA,30
2,UPFC_Vsh,5-15,1.1097831736243513,9,MAP_SCADA,30
3,UPFC_tsh,5-15,-0.23778414019725738,9,MAP_SCADA,30
4,UPFC_Vse,5-15,0.05604656994865272,9,MAP_SCADA,30
5,UPFC_tse,5-15,-2.1202414192625936,9,MAP_SCADA,30
0,x_tcsc,1-14,-0.10894444422916369,0,MAP_SCADA,31
1,B_svc,2,0.17442819623264905,0,MAP_SCADA,31
2,UPFC_Vsh,5-15,1.1090519233992089,0,MAP_SCADA,31
3,UPFC_tsh,5-15,-0.23677859144286542,0,MAP_SCADA,31
4,UPFC_Vse,5-15,0.056186079545170194,0,MAP_SCADA,31
5,UPFC_tse,5-15,-2.1204368032299503,0,MAP_SCADA,31
0,x_tcsc,1-14,-0.10865578643767983,1,MAP_SCADA,31
1,B_svc,2,0.17180838726921843,1,MAP_SCADA,31
2,UPFC_Vsh,5-15,1.1111729212253298,1,MAP_SCADA,31
3,UPFC_tsh,5-15,-0.23600643925319473,1,MAP_SCADA,31
4,UPFC_Vse,5-15,0.05634133190151346,1,MAP_SCADA,31
5,UPFC_tse,5-15,-2.1163925574197218,1,MAP_SCADA,31
0,x_tcsc,1-14,-0.10899217417620985,2,MAP_SCADA,31
1,B_svc,2,0.17409123336963925,2,MAP_SCADA,31
2,UPFC_Vsh,5-15,1.1115687088844377,2,MAP_SCADA,31
3,UPFC_tsh,5-15,-0.23620296008316727,2,MAP_SCADA,31
4,UPFC_Vse,5-15,0.05577824032446737,2,MAP_SCADA,31
5,UPFC_tse,5-15,-2.118666830349078,2,MAP_SCADA,31
0,x_tcsc,1-14,-0.10996990901295511,3,MAP_SCADA,31
1,B_svc,2,0.16752153685688212,3,MAP_SCADA,31
2,UPFC_Vsh,5-15,1.1142020903269296,3,MAP_SCADA,31
3,UPFC_tsh,5-15,-0.23459957017091534,3,MAP_SCADA,31
4,UPFC_Vse,5-15,0.05580564299829695,3,MAP_SCADA,31
5,UPFC_tse,5-15,-2.1182558259789315,3,MAP_SCADA,31
0,x_tcsc,1-14,-0.10828649625388956,4,MAP_SCADA,31
1,B_svc,2,0.17742763330666841,4,MAP_SCADA,31
2,UPFC_Vsh,5-15,1.1100254231121638,4,MAP_SCADA,31
3,UPFC_tsh,5-15,-0.23721435580048122,4,MAP_SCADA,31
4,UPFC_Vse,5-15,0.056649729278956826,4,MAP_SCADA,31
5,UPFC_tse,5-15,-2.120514447812158,4,MAP_SCADA,31
0,x_tcsc,1-14,-0.10983081181957749,5,MAP_SCADA,31
1,B_svc,2,0.1704339824644985,5,MAP_SCADA,31
2,UPFC_Vsh,5-15,1.111247408683594,5,MAP_SCADA,31
3,UPFC_tsh,5-15,-0.23595019293208383,5,MAP_SCADA,31
4,UPFC_Vse,5-15,0.0557996144426486,5,MAP_SCADA,31
5,UPFC_tse,5-15,-2.118769078015071,5,MAP_SCADA,31
0,x_tcsc,1-14,-0.10652979563018551,6,MAP_SCADA,31
1,B_svc,2,0.1783891471239537,6,MAP_SCADA,31
2,UPFC_Vsh,5-15,1.1123445065748574,6,MAP_SCADA,31
3,UPFC_tsh,5-15,-0.23732984855682498,6,MAP_SCADA,31
4,UPFC_Vse,5-15,0.05585490034783763,6,MAP_SCADA,31
5,UPFC_tse,5-15,-2.120361871387332,6,MAP_SCADA,31
0,x_tcsc,1-14,-0.10655737075783661,7,MAP_SCADA,31
1,B_svc,2,0.17303249041017368,7,MAP_SCADA,31
2,UPFC_Vsh,5-15,1.1131114318308462,7,MAP_SCADA,31
3,UPFC_tsh,5-15,-0.23670589179816467,7,MAP_SCADA,31
4,UPFC_Vse,5-15,0.05654810613133626,7,MAP_SCADA,31
5,UPFC_tse,5-15,-2.120652839538623,7,MAP_SCADA,31
0,x_tcsc,1-14,-0.10713443942221017,8,MAP_SCADA,31
1,B_svc,2,0.17842283817246601,8,MAP_SCADA,31
2,UPFC_Vsh,5-15,1.1082256694140333,8,MAP_SCADA,31
3,UPFC_tsh,5-15,-0.23846929504565176,8,MAP_SCADA,31
4,UPFC_Vse,5-15,0.055807898128445006,8,MAP_SCADA,31
5,UPFC_tse,5-15,-2.124134150618547,8,MAP_SCADA,31
0,x_tcsc,1-14,-0.10779915895406394,9,MAP_SCADA,31
1,B_svc,2,0.17635835557445015,9,MAP_SCADA,31
2,UPFC_Vsh,5-15,1.1097831736243513,9,MAP_SCADA,31
3,UPFC_tsh,5-15,-0.23778414019725738,9,MAP_SCADA,31
4,UPFC_Vse,5-15,0.05604656994865272,9,MAP_SCADA,31
5,UPFC_tse,5-15,-2.1202414192625936,9,MAP_SCADA,31
0,x_tcsc,1-14,-0.10894444422916369,0,MAP_SCADA,32
1,B_svc,2,0.17442819623264905,0,MAP_SCADA,32
2,UPFC_Vsh,5-15,1.1090519233992089,0,MAP_SCADA,32
3,UPFC_tsh,5-15,-0.23677859144286542,0,MAP_SCADA,32
4,UPFC_Vse,5-15,0.056186079545170194,0,MAP_SCADA,32
5,UPFC_tse,5-15,-2.1204368032299503,0,MAP_SCADA,32
0,x_tcsc,1-14,-0.10865578643767983,1,MAP_SCADA,32
1,B_svc,2,0.17180838726921843,1,MAP_SCADA,32
2,UPFC_Vsh,5-15,1.1111729212253298,1,MAP_SCADA,32
3,UPFC_tsh,5-15,-0.23600643925319473,1,MAP_SCADA,32
4,UPFC_Vse,5-15,0.05634133190151346,1,MAP_SCADA,32
5,UPFC_tse,5-15,-2.1163925574197218,1,MAP_SCADA,32
0,x_tcsc,1-14,-0.10899217417620985,2,MAP_SCADA,32
1,B_svc,2,0.17409123336963925,2,MAP_SCADA,32
2,UPFC_Vsh,5-15,1.1115687088844377,2,MAP_SCADA,32
3,UPFC_tsh,5-15,-0.23620296008316727,2,MAP_SCADA,32
4,UPFC_Vse,5-15,0.05577824032446737,2,MAP_SCADA,32
5,UPFC_tse,5-15,-2.118666830349078,2,MAP_SCADA,32
0,x_tcsc,1-14,-0.10996990901295511,3,MAP_SCADA,32
1,B_svc,2,0.16752153685688212,3,MAP_SCADA,32
2,UPFC_Vsh,5-15,1.1142020903269296,3,MAP_SCADA,32
3,UPFC_tsh,5-15,-0.23459957017091534,3,MAP_SCADA,32
4,UPFC_Vse,5-15,0.05580564299829695,3,MAP_SCADA,32
5,UPFC_tse,5-15,-2.1182558259789315,3,MAP_SCADA,32
0,x_tcsc,1-14,-0.10828649625388956,4,MAP_SCADA,32
1,B_svc,2,0.17742763330666841,4,MAP_SCADA,32
2,UPFC_Vsh,5-15,1.1100254231121638,4,MAP_SCADA,32
3,UPFC_tsh,5-15,-0.23721435580048122,4,MAP_SCADA,32
4,UPFC_Vse,5-15,0.056649729278956826,4,MAP_SCADA,32
5,UPFC_tse,5-15,-2.120514447812158,4,MAP_SCADA,32
0,x_tcsc,1-14,-0.10983081181957749,5,MAP_SCADA,32
1,B_svc,2,0.1704339824644985,5,MAP_SCADA,32
2,UPFC_Vsh,5-15,1.111247408683594,5,MAP_SCADA,32
3,UPFC_tsh,5-15,-0.23595019293208383,5,MAP_SCADA,32
4,UPFC_Vse,5-15,0.0557996144426486,5,MAP_SCADA,32
5,UPFC_tse,5-15,-2.118769078015071,5,MAP_SCADA,32
0,x_tcsc,1-14,-0.10652979563018551,6,MAP_SCADA,32
1,B_svc,2,0.1783891471239537,6,MAP_SCADA,32
2,UPFC_Vsh,5-15,1.1123445065748574,6,MAP_SCADA,32
3,UPFC_tsh,5-15,-0.23732984855682498,6,MAP_SCADA,32
4,UPFC_Vse,5-15,0.05585490034783763,6,MAP_SCADA,32
5,UPFC_tse,5-15,-2.120361871387332,6,MAP_SCADA,32
0,x_tcsc,1-14,-0.10655737075783661,7,MAP_SCADA,32
1,B_svc,2,0.17303249041017368,7,MAP_SCADA,32
2,UPFC_Vsh,5-15,1.1131114318308462,7,MAP_SCADA,32
3,UPFC_tsh,5-15,-0.23670589179816467,7,MAP_SCADA,32
4,UPFC_Vse,5-15,0.05654810613133626,7,MAP_SCADA,32
5,UPFC_tse,5-15,-2.120652839538623,7,MAP_SCADA,32
0,x_tcsc,1-14,-0.10713443942221017,8,MAP_SCADA,32
1,B_svc,2,0.17842283817246601,8,MAP_SCADA,32
2,UPFC_Vsh,5-15,1.1082256694140333,8,MAP_SCADA,32
3,UPFC_tsh,5-15,-0.23846929504565176,8,MAP_SCADA,32
4,UPFC_Vse,5-15,0.055807898128445006,8,MAP_SCADA,32
5,UPFC_tse,5-15,-2.124134150618547,8,MAP_SCADA,32
0,x_tcsc,1-14,-0.10779915895406394,9,MAP_SCADA,32
1,B_svc,2,0.17635835557445015,9,MAP_SCADA,32
2,UPFC_Vsh,5-15,1.1097831736243513,9,MAP_SCADA,32
3,UPFC_tsh,5-15,-0.23778414019725738,9,MAP_SCADA,32
4,UPFC_Vse,5-15,0.05604656994865272,9,MAP_SCADA,32
5,UPFC_tse,5-15,-2.1202414192625936,9,MAP_SCADA,32
0,x_tcsc,1-14,-0.10894444422916369,0,MAP_SCADA,33
1,B_svc,2,0.17442819623264905,0,MAP_SCADA,33
2,UPFC_Vsh,5-15,1.1090519233992089,0,MAP_SCADA,33
3,UPFC_tsh,5-15,-0.23677859144286542,0,MAP_SCADA,33
4,UPFC_Vse,5-15,0.056186079545170194,0,MAP_SCADA,33
5,UPFC_tse,5-15,-2.1204368032299503,0,MAP_SCADA,33
0,x_tcsc,1-14,-0.10865578643767983,1,MAP_SCADA,33
1,B_svc,2,0.17180838726921843,1,MAP_SCADA,33
2,UPFC_Vsh,5-15,1.1111729212253298,1,MAP_SCADA,33
3,UPFC_tsh,5-15,-0.23600643925319473,1,MAP_SCADA,33
4,UPFC_Vse,5-15,0.05634133190151346,1,MAP_SCADA,33
5,UPFC_tse,5-15,-2.1163925574197218,1,MAP_SCADA,33
0,x_tcsc,1-14,-0.10899217417620985,2,MAP_SCADA,33
1,B_svc,2,0.17409123336963925,2,MAP_SCADA,33
2,UPFC_Vsh,5-15,1.1115687088844377,2,MAP_SCADA,33
3,UPFC_tsh,5-15,-0.23620296008316727,2,MAP_SCADA,33
4,UPFC_Vse,5-15,0.05577824032446737,2,MAP_SCADA,33
5,UPFC_tse,5-15,-2.118666830349078,2,MAP_SCADA,33
0,x_tcsc,1-14,-0.10996990901295511,3,MAP_SCADA,33
1,B_svc,2,0.16752153685688212,3,MAP_SCADA,33
2,UPFC_Vsh,5-15,1.1142020903269296,3,MAP_SCADA,33
3,UPFC_tsh,5-15,-0.23459957017091534,3,MAP_SCADA,33
4,UPFC_Vse,5-15,0.05580564299829695,3,MAP_SCADA,33
5,UPFC_tse,5-15,-2.1182558259789315,3,MAP_SCADA,33
0,x_tcsc,1-14,-0.10828649625388956,4,MAP_SCADA,33
1,B_svc,2,0.17742763330666841,4,MAP_SCADA,33
2,UPFC_Vsh,5-15,1.1100254231121638,4,MAP_SCADA,33
3,UPFC_tsh,5-15,-0.23721435580048122,4,MAP_SCADA,33
4,UPFC_Vse,5-15,0.056649729278956826,4,MAP_SCADA,33
5,UPFC_tse,5-15,-2.120514447812158,4,MAP_SCADA,33
0,x_tcsc,1-14,-0.10983081181957749,5,MAP_SCADA,33
1,B_svc,2,0.1704339824644985,5,MAP_SCADA,33
2,UPFC_Vsh,5-15,1.111247408683594,5,MAP_SCADA,33
3,UPFC_tsh,5-15,-0.23595019293208383,5,MAP_SCADA,33
4,UPFC_Vse,5-15,0.0557996144426486,5,MAP_SCADA,33
5,UPFC_tse,5-15,-2.118769078015071,5,MAP_SCADA,33
0,x_tcsc,1-14,-0.10652979563018551,6,MAP_SCADA,33
1,B_svc,2,0.1783891471239537,6,MAP_SCADA,33
2,UPFC_Vsh,5-15,1.1123445065748574,6,MAP_SCADA,33
3,UPFC_tsh,5-15,-0.23732984855682498,6,MAP_SCADA,33
4,UPFC_Vse,5-15,0.05585490034783763,6,MAP_SCADA,33
5,UPFC_tse,5-15,-2.120361871387332,6,MAP_SCADA,33
0,x_tcsc,1-14,-0.10655737075783661,7,MAP_SCADA,33
1,B_svc,2,0.17303249041017368,7,MAP_SCADA,33
2,UPFC_Vsh,5-15,1.1131114318308462,7,MAP_SCADA,33
3,UPFC_tsh,5-15,-0.23670589179816467,7,MAP_SCADA,33
4,UPFC_Vse,5-15,0.05654810613133626,7,MAP_SCADA,33
5,UPFC_tse,5-15,-2.120652839538623,7,MAP_SCADA,33
0,x_tcsc,1-14,-0.10713443942221017,8,MAP_SCADA,33
1,B_svc,2,0.17842283817246601,8,MAP_SCADA,33
2,UPFC_Vsh,5-15,1.1082256694140333,8,MAP_SCADA,33
3,UPFC_tsh,5-15,-0.23846929504565176,8,MAP_SCADA,33
4,UPFC_Vse,5-15,0.055807898128445006,8,MAP_SCADA,33
5,UPFC_tse,5-15,-2.124134150618547,8,MAP_SCADA,33
0,x_tcsc,1-14,-0.10779915895406394,9,MAP_SCADA,33
1,B_svc,2,0.17635835557445015,9,MAP_SCADA,33
2,UPFC_Vsh,5-15,1.1097831736243513,9,MAP_SCADA,33
3,UPFC_tsh,5-15,-0.23778414019725738,9,MAP_SCADA,33
4,UPFC_Vse,5-15,0.05604656994865272,9,MAP_SCADA,33
5,UPFC_tse,5-15,-2.1202414192625936,9,MAP_SCADA,33
0,x_tcsc,1-14,-0.10894444422916369,0,MAP_SCADA,34
1,B_svc,2,0.17442819623264905,0,MAP_SCADA,34
2,UPFC_Vsh,5-15,1.1090519233992089,0,MAP_SCADA,34
3,UPFC_tsh,5-15,-0.23677859144286542,0,MAP_SCADA,34
4,UPFC_Vse,5-15,0.056186079545170194,0,MAP_SCADA,34
5,UPFC_tse,5-15,-2.1204368032299503,0,MAP_SCADA,34
0,x_tcsc,1-14,-0.10865578643767983,1,MAP_SCADA,34
1,B_svc,2,0.17180838726921843,1,MAP_SCADA,34
2,UPFC_Vsh,5-15,1.1111729212253298,1,MAP_SCADA,34
3,UPFC_tsh,5-15,-0.23600643925319473,1,MAP_SCADA,34
4,UPFC_Vse,5-15,0.05634133190151346,1,MAP_SCADA,34
5,UPFC_tse,5-15,-2.1163925574197218,1,MAP_SCADA,34
0,x_tcsc,1-14,-0.10899217417620985,2,MAP_SCADA,34
1,B_svc,2,0.17409123336963925,2,MAP_SCADA,34
2,UPFC_Vsh,5-15,1.1115687088844377,2,MAP_SCADA,34
3,UPFC_tsh,5-15,-0.23620296008316727,2,MAP_SCADA,34
4,UPFC_Vse,5-15,0.05577824032446737,2,MAP_SCADA,34
5,UPFC_tse,5-15,-2.118666830349078,2,MAP_SCADA,34
0,x_tcsc,1-14,-0.10996990901295511,3,MAP_SCADA,34
1,B_svc,2,0.16752153685688212,3,MAP_SCADA,34
2,UPFC_Vsh,5-15,1.1142020903269296,3,MAP_SCADA,34
3,UPFC_tsh,5-15,-0.23459957017091534,3,MAP_SCADA,34
4,UPFC_Vse,5-15,0.05580564299829695,3,MAP_SCADA,34
5,UPFC_tse,5-15,-2.1182558259789315,3,MAP_SCADA,34
0,x_tcsc,1-14,-0.10828649625388956,4,MAP_SCADA,34
1,B_svc,2,0.17742763330666841,4,MAP_SCADA,34
2,UPFC_Vsh,5-15,1.1100254231121638,4,MAP_SCADA,34
3,UPFC_tsh,5-15,-0.23721435580048122,4,MAP_SCADA,34
4,UPFC_Vse,5-15,0.056649729278956826,4,MAP_SCADA,34
5,UPFC_tse,5-15,-2.120514447812158,4,MAP_SCADA,34
0,x_tcsc,1-14,-0.10983081181957749,5,MAP_SCADA,34
1,B_svc,2,0.1704339824644985,5,MAP_SCADA,34
2,UPFC_Vsh,5-15,1.111247408683594,5,MAP_SCADA,34
3,UPFC_tsh,5-15,-0.23595019293208383,5,MAP_SCADA,34
4,UPFC_Vse,5-15,0.0557996144426486,5,MAP_SCADA,34
5,UPFC_tse,5-15,-2.118769078015071,5,MAP_SCADA,34
0,x_tcsc,1-14,-0.10652979563018551,6,MAP_SCADA,34
1,B_svc,2,0.1783891471239537,6,MAP_SCADA,34
2,UPFC_Vsh,5-15,1.1123445065748574,6,MAP_SCADA,34
3,UPFC_tsh,5-15,-0.23732984855682498,6,MAP_SCADA,34
4,UPFC_Vse,5-15,0.05585490034783763,6,MAP_SCADA,34
5,UPFC_tse,5-15,-2.120361871387332,6,MAP_SCADA,34
0,x_tcsc,1-14,-0.10655737075783661,7,MAP_SCADA,34
1,B_svc,2,0.17303249041017368,7,MAP_SCADA,34
2,UPFC_Vsh,5-15,1.1131114318308462,7,MAP_SCADA,34
3,UPFC_tsh,5-15,-0.23670589179816467,7,MAP_SCADA,34
4,UPFC_Vse,5-15,0.05654810613133626,7,MAP_SCADA,34
5,UPFC_tse,5-15,-2.120652839538623,7,MAP_SCADA,34
0,x_tcsc,1-14,-0.10713443942221017,8,MAP_SCADA,34
1,B_svc,2,0.17842283817246601,8,MAP_SCADA,34
2,UPFC_Vsh,5-15,1.1082256694140333,8,MAP_SCADA,34
3,UPFC_tsh,5-15,-0.23846929504565176,8,MAP_SCADA,34
4,UPFC_Vse,5-15,0.055807898128445006,8,MAP_SCADA,34
5,UPFC_tse,5-15,-2.124134150618547,8,MAP_SCADA,34
0,x_tcsc,1-14,-0.10779915895406394,9,MAP_SCADA,34
1,B_svc,2,0.17635835557445015,9,MAP_SCADA,34
2,UPFC_Vsh,5-15,1.1097831736243513,9,MAP_SCADA,34
3,UPFC_tsh,5-15,-0.23778414019725738,9,MAP_SCADA,34
4,UPFC_Vse,5-15,0.05604656994865272,9,MAP_SCADA,34
5,UPFC_tse,5-15,-2.1202414192625936,9,MAP_SCADA,34
0,x_tcsc,1-14,-0.10894444422916369,0,MAP_SCADA,35
1,B_svc,2,0.17442819623264905,0,MAP_SCADA,35
2,UPFC_Vsh,5-15,1.1090519233992089,0,MAP_SCADA,35
3,UPFC_tsh,5-15,-0.23677859144286542,0,MAP_SCADA,35
4,UPFC_Vse,5-15,0.056186079545170194,0,MAP_SCADA,35
5,UPFC_tse,5-15,-2.1204368032299503,0,MAP_SCADA,35
0,x_tcsc,1-14,-0.10865578643767983,1,MAP_SCADA,35
1,B_svc,2,0.17180838726921843,1,MAP_SCADA,35
2,UPFC_Vsh,5-15,1.1111729212253298,1,MAP_SCADA,35
3,UPFC_tsh,5-15,-0.23600643925319473,1,MAP_SCADA,35
4,UPFC_Vse,5-15,0.05634133190151346,1,MAP_SCADA,35
5,UPFC_tse,5-15,-2.1163925574197218,1,MAP_SCADA,35
0,x_tcsc,1-14,-0.10899217417620985,2,MAP_SCADA,35
1,B_svc,2,0.17409123336963925,2,MAP_SCADA,35
2,UPFC_Vsh,5-15,1.1115687088844377,2,MAP_SCADA,35
3,UPFC_tsh,5-15,-0.23620296008316727,2,MAP_SCADA,35
4,UPFC_Vse,5-15,0.05577824032446737,2,MAP_SCADA,35
5,UPFC_tse,5-15,-2.118666830349078,2,MAP_SCADA,35
0,x_tcsc,1-14,-0.10996990901295511,3,MAP_SCADA,35
1,B_svc,2,0.16752153685688212,3,MAP_SCADA,35
2,UPFC_Vsh,5-15,1.1142020903269296,3,MAP_SCADA,35
3,UPFC_tsh,5-15,-0.23459957017091534,3,MAP_SCADA,35
4,UPFC_Vse,5-15,0.05580564299829695,3,MAP_SCADA,35
5,UPFC_tse,5-15,-2.1182558259789315,3,MAP_SCADA,35
0,x_tcsc,1-14,-0.10828649625388956,4,MAP_SCADA,35
1,B_svc,2,0.17742763330666841,4,MAP_SCADA,35
2,UPFC_Vsh,5-15,1.1100254231121638,4,MAP_SCADA,35
3,UPFC_tsh,5-15,-0.23721435580048122,4,MAP_SCADA,35
4,UPFC_Vse,5-15,0.056649729278956826,4,MAP_SCADA,35
5,UPFC_tse,5-15,-2.120514447812158,4,MAP_SCADA,35
0,x_tcsc,1-14,-0.10983081181957749,5,MAP_SCADA,35
1,B_svc,2,0.1704339824644985,5,MAP_SCADA,35
2,UPFC_Vsh,5-15,1.111247408683594,5,MAP_SCADA,35
3,UPFC_tsh,5-15,-0.23595019293208383,5,MAP_SCADA,35
4,UPFC_Vse,5-15,0.0557996144426486,5,MAP_SCADA,35
5,UPFC_tse,5-15,-2.118769078015071,5,MAP_SCADA,35
0,x_tcsc,1-14,-0.10652979563018551,6,MAP_SCADA,35
1,B_svc,2,0.1783891471239537,6,MAP_SCADA,35
2,UPFC_Vsh,5-15,1.1123445065748574,6,MAP_SCADA,35
3,UPFC_tsh,5-15,-0.23732984855682498,6,MAP_SCADA,35
4,UPFC_Vse,5-15,0.05585490034783763,6,MAP_SCADA,35
5,UPFC_tse,5-15,-2.120361871387332,6,MAP_SCADA,35
0,x_tcsc,1-14,-0.10655737075783661,7,MAP_SCADA,35
1,B_svc,2,0.17303249041017368,7,MAP_SCADA,35
2,UPFC_Vsh,5-15,1.1131114318308462,7,MAP_SCADA,35
3,UPFC_tsh,5-15,-0.23670589179816467,7,MAP_SCADA,35
4,UPFC_Vse,5-15,0.05654810613133626,7,MAP_SCADA,35
5,UPFC_tse,5-15,-2.120652839538623,7,MAP_SCADA,35
0,x_tcsc,1-14,-0.10713443942221017,8,MAP_SCADA,35
1,B_svc,2,0.17842283817246601,8,MAP_SCADA,35
2,UPFC_Vsh,5-15,1.1082256694140333,8,MAP_SCADA,35
3,UPFC_tsh,5-15,-0.23846929504565176,8,MAP_SCADA,35
4,UPFC_Vse,5-15,0.055807898128445006,8,MAP_SCADA,35
5,UPFC_tse,5-15,-2.124134150618547,8,MAP_SCADA,35
0,x_tcsc,1-14,-0.10779915895406394,9,MAP_SCADA,35
1,B_svc,2,0.17635835557445015,9,MAP_SCADA,35
2,UPFC_Vsh,5-15,1.1097831736243513,9,MAP_SCADA,35
3,UPFC_tsh,5-15,-0.23778414019725738,9,MAP_SCADA,35
4,UPFC_Vse,5-15,0.05604656994865272,9,MAP_SCADA,35
5,UPFC_tse,5-15,-2.1202414192625936,9,MAP_SCADA,35
0,x_tcsc,1-14,-0.10894444422916369,0,MAP_SCADA,36
1,B_svc,2,0.17442819623264905,0,MAP_SCADA,36
2,UPFC_Vsh,5-15,1.1090519233992089,0,MAP_SCADA,36
3,UPFC_tsh,5-15,-0.23677859144286542,0,MAP_SCADA,36
4,UPFC_Vse,5-15,0.056186079545170194,0,MAP_SCADA,36
5,UPFC_tse,5-15,-2.1204368032299503,0,MAP_SCADA,36
0,x_tcsc,1-14,-0.10865578643767983,1,MAP_SCADA,36
1,B_svc,2,0.17180838726921843,1,MAP_SCADA,36
2,UPFC_Vsh,5-15,1.1111729212253298,1,MAP_SCADA,36
3,UPFC_tsh,5-15,-0.23600643925319473,1,MAP_SCADA,36
4,UPFC_Vse,5-15,0.05634133190151346,1,MAP_SCADA,36
5,UPFC_tse,5-15,-2.1163925574197218,1,MAP_SCADA,36
0,x_tcsc,1-14,-0.10899217417620985,2,MAP_SCADA,36
1,B_svc,2,0.17409123336963925,2,MAP_SCADA,36
2,UPFC_Vsh,5-15,1.1115687088844377,2,MAP_SCADA,36
3,UPFC_tsh,5-15,-0.23620296008316727,2,MAP_SCADA,36
4,UPFC_Vse,5-15,0.05577824032446737,2,MAP_SCADA,36
5,UPFC_tse,5-15,-2.118666830349078,2,MAP_SCADA,36
0,x_tcsc,1-14,-0.10996990901295511,3,MAP_SCADA,36
1,B_svc,2,0.16752153685688212,3,MAP_SCADA,36
2,UPFC_Vsh,5-15,1.1142020903269296,3,MAP_SCADA,36
3,UPFC_tsh,5-15,-0.23459957017091534,3,MAP_SCADA,36
4,UPFC_Vse,5-15,0.05580564299829695,3,MAP_SCADA,36
5,UPFC_tse,5-15,-2.1182558259789315,3,MAP_SCADA,36
0,x_tcsc,1-14,-0.10828649625388956,4,MAP_SCADA,36
1,B_svc,2,0.17742763330666841,4,MAP_SCADA,36
2,UPFC_Vsh,5-15,1.1100254231121638,4,MAP_SCADA,36
3,UPFC_tsh,5-15,-0.23721435580048122,4,MAP_SCADA,36
4,UPFC_Vse,5-15,0.056649729278956826,4,MAP_SCADA,36
5,UPFC_tse,5-15,-2.120514447812158,4,MAP_SCADA,36
0,x_tcsc,1-14,-0.10983081181957749,5,MAP_SCADA,36
1,B_svc,2,0.1704339824644985,5,MAP_SCADA,36
2,UPFC_Vsh,5-15,1.111247408683594,5,MAP_SCADA,36
3,UPFC_tsh,5-15,-0.23595019293208383,5,MAP_SCADA,36
4,UPFC_Vse,5-15,0.0557996144426486,5,MAP_SCADA,36
5,UPFC_tse,5-15,-2.118769078015071,5,MAP_SCADA,36
0,x_tcsc,1-14,-0.10652979563018551,6,MAP_SCADA,36
1,B_svc,2,0.1783891471239537,6,MAP_SCADA,36
2,UPFC_Vsh,5-15,1.1123445065748574,6,MAP_SCADA,36
3,UPFC_tsh,5-15,-0.23732984855682498,6,MAP_SCADA,36
4,UPFC_Vse,5-15,0.05585490034783763,6,MAP_SCADA,36
5,UPFC_tse,5-15,-2.120361871387332,6,MAP_SCADA,36
0,x_tcsc,1-14,-0.10655737075783661,7,MAP_SCADA,36
1,B_svc,2,0.17303249041017368,7,MAP_SCADA,36
2,UPFC_Vsh,5-15,1.1131114318308462,7,MAP_SCADA,36
3,UPFC_tsh,5-15,-0.23670589179816467,7,MAP_SCADA,36
4,UPFC_Vse,5-15,0.05654810613133626,7,MAP_SCADA,36
5,UPFC_tse,5-15,-2.120652839538623,7,MAP_SCADA,36
0,x_tcsc,1-14,-0.10713443942221017,8,MAP_SCADA,36
1,B_svc,2,0.17842283817246601,8,MAP_SCADA,36
2,UPFC_Vsh,5-15,1.1082256694140333,8,MAP_SCADA,36
3,UPFC_tsh,5-15,-0.23846929504565176,8,MAP_SCADA,36
4,UPFC_Vse,5-15,0.055807898128445006,8,MAP_SCADA,36
5,UPFC_tse,5-15,-2.124134150618547,8,MAP_SCADA,36
0,x_tcsc,1-14,-0.10779915895406394,9,MAP_SCADA,36
1,B_svc,2,0.17635835557445015,9,MAP_SCADA,36
2,UPFC_Vsh,5-15,1.1097831736243513,9,MAP_SCADA,36
3,UPFC_tsh,5-15,-0.23778414019725738,9,MAP_SCADA,36
4,UPFC_Vse,5-15,0.05604656994865272,9,MAP_SCADA,36
5,UPFC_tse,5-15,-2.1202414192625936,9,MAP_SCADA,36
0,x_tcsc,1-14,-0.10894444422916369,0,MAP_SCADA,37
1,B_svc,2,0.17442819623264905,0,MAP_SCADA,37
2,UPFC_Vsh,5-15,1.1090519233992089,0,MAP_SCADA,37
3,UPFC_tsh,5-15,-0.23677859144286542,0,MAP_SCADA,37
4,UPFC_Vse,5-15,0.056186079545170194,0,MAP_SCADA,37
5,UPFC_tse,5-15,-2.1204368032299503,0,MAP_SCADA,37
0,x_tcsc,1-14,-0.10865578643767983,1,MAP_SCADA,37
1,B_svc,2,0.17180838726921843,1,MAP_SCADA,37
2,UPFC_Vsh,5-15,1.1111729212253298,1,MAP_SCADA,37
3,UPFC_tsh,5-15,-0.23600643925319473,1,MAP_SCADA,37
4,UPFC_Vse,5-15,0.05634133190151346,1,MAP_SCADA,37
5,UPFC_tse,5-15,-2.1163925574197218,1,MAP_SCADA,37
0,x_tcsc,1-14,-0.10899217417620985,2,MAP_SCADA,37
1,B_svc,2,0.17409123336963925,2,MAP_SCADA,37
2,UPFC_Vsh,5-15,1.1115687088844377,2,MAP_SCADA,37
3,UPFC_tsh,5-15,-0.23620296008316727,2,MAP_SCADA,37
4,UPFC_Vse,5-15,0.05577824032446737,2,MAP_SCADA,37
5,UPFC_tse,5-15,-2.118666830349078,2,MAP_SCADA,37
0,x_tcsc,1-14,-0.10996990901295511,3,MAP_SCADA,37
1,B_svc,2,0.16752153685688212,3,MAP_SCADA,37
2,UPFC_Vsh,5-15,1.1142020903269296,3,MAP_SCADA,37
3,UPFC_tsh,5-15,-0.23459957017091534,3,MAP_SCADA,37
4,UPFC_Vse,5-15,0.05580564299829695,3,MAP_SCADA,37
5,UPFC_tse,5-15,-2.1182558259789315,3,MAP_SCADA,37
0,x_tcsc,1-14,-0.10828649625388956,4,MAP_SCADA,37
1,B_svc,2,0.17742763330666841,4,MAP_SCADA,37
2,UPFC_Vsh,5-15,1.1100254231121638,4,MAP_SCADA,37
3,UPFC_tsh,5-15,-0.23721435580048122,4,MAP_SCADA,37
4,UPFC_Vse,5-15,0.056649729278956826,4,MAP_SCADA,37
5,UPFC_tse,5-15,-2.120514447812158,4,MAP_SCADA,37
0,x_tcsc,1-14,-0.10983081181957749,5,MAP_SCADA,37
1,B_svc,2,0.1704339824644985,5,MAP_SCADA,37
2,UPFC_Vsh,5-15,1.111247408683594,5,MAP_SCADA,37
3,UPFC_tsh,5-15,-0.23595019293208383,5,MAP_SCADA,37
4,UPFC_Vse,5-15,0.0557996144426486,5,MAP_SCADA,37
5,UPFC_tse,5-15,-2.118769078015071,5,MAP_SCADA,37
0,x_tcsc,1-14,-0.10652979563018551,6,MAP_SCADA,37
1,B_svc,2,0.1783891471239537,6,MAP_SCADA,37
2,UPFC_Vsh,5-15,1.1123445065748574,6,MAP_SCADA,37
3,UPFC_tsh,5-15,-0.23732984855682498,6,MAP_SCADA,37
4,UPFC_Vse,5-15,0.05585490034783763,6,MAP_SCADA,37
5,UPFC_tse,5-15,-2.120361871387332,6,MAP_SCADA,37
0,x_tcsc,1-14,-0.10655737075783661,7,MAP_SCADA,37
1,B_svc,2,0.17303249041017368,7,MAP_SCADA,37
2,UPFC_Vsh,5-15,1.1131114318308462,7,MAP_SCADA,37
3,UPFC_tsh,5-15,-0.23670589179816467,7,MAP_SCADA,37
4,UPFC_Vse,5-15,0.05654810613133626,7,MAP_SCADA,37
5,UPFC_tse,5-15,-2.120652839538623,7,MAP_SCADA,37
0,x_tcsc,1-14,-0.10713443942221017,8,MAP_SCADA,37
1,B_svc,2,0.17842283817246601,8,MAP_SCADA,37
2,UPFC_Vsh,5-15,1.1082256694140333,8,MAP_SCADA,37
3,UPFC_tsh,5-15,-0.23846929504565176,8,MAP_SCADA,37
4,UPFC_Vse,5-15,0.055807898128445006,8,MAP_SCADA,37
5,UPFC_tse,5-15,-2.124134150618547,8,MAP_SCADA,37
0,x_tcsc,1-14,-0.10779915895406394,9,MAP_SCADA,37
1,B_svc,2,0.17635835557445015,9,MAP_SCADA,37
2,UPFC_Vsh,5-15,1.1097831736243513,9,MAP_SCADA,37
3,UPFC_tsh,5-15,-0.23778414019725738,9,MAP_SCADA,37
4,UPFC_Vse,5-15,0.05604656994865272,9,MAP_SCADA,37
5,UPFC_tse,5-15,-2.1202414192625936,9,MAP_SCADA,37
0,x_tcsc,1-14,-0.10894444422916369,0,MAP_SCADA,38
1,B_svc,2,0.17442819623264905,0,MAP_SCADA,38
2,UPFC_Vsh,5-15,1.1090519233992089,0,MAP_SCADA,38
3,UPFC_tsh,5-15,-0.23677859144286542,0,MAP_SCADA,38
4,UPFC_Vse,5-15,0.056186079545170194,0,MAP_SCADA,38
5,UPFC_tse,5-15,-2.1204368032299503,0,MAP_SCADA,38
0,x_tcsc,1-14,-0.10865578643767983,1,MAP_SCADA,38
1,B_svc,2,0.17180838726921843,1,MAP_SCADA,38
2,UPFC_Vsh,5-15,1.1111729212253298,1,MAP_SCADA,38
3,UPFC_tsh,5-15,-0.23600643925319473,1,MAP_SCADA,38
4,UPFC_Vse,5-15,0.05634133190151346,1,MAP_SCADA,38
5,UPFC_tse,5-15,-2.1163925574197218,1,MAP_SCADA,38
0,x_tcsc,1-14,-0.10899217417620985,2,MAP_SCADA,38
1,B_svc,2,0.17409123336963925,2,MAP_SCADA,38
2,UPFC_Vsh,5-15,1.1115687088844377,2,MAP_SCADA,38
3,UPFC_tsh,5-15,-0.23620296008316727,2,MAP_SCADA,38
4,UPFC_Vse,5-15,0.05577824032446737,2,MAP_SCADA,38
5,UPFC_tse,5-15,-2.118666830349078,2,MAP_SCADA,38
0,x_tcsc,1-14,-0.10996990901295511,3,MAP_SCADA,38
1,B_svc,2,0.16752153685688212,3,MAP_SCADA,38
2,UPFC_Vsh,5-15,1.1142020903269296,3,MAP_SCADA,38
3,UPFC_tsh,5-15,-0.23459957017091534,3,MAP_SCADA,38
4,UPFC_Vse,5-15,0.05580564299829695,3,MAP_SCADA,38
5,UPFC_tse,5-15,-2.1182558259789315,3,MAP_SCADA,38
0,x_tcsc,1-14,-0.10828649625388956,4,MAP_SCADA,38
1,B_svc,2,0.17742763330666841,4,MAP_SCADA,38
2,UPFC_Vsh,5-15,1.1100254231121638,4,MAP_SCADA,38
3,UPFC_tsh,5-15,-0.23721435580048122,4,MAP_SCADA,38
4,UPFC_Vse,5-15,0.056649729278956826,4,MAP_SCADA,38
5,UPFC_tse,5-15,-2.120514447812158,4,MAP_SCADA,38
0,x_tcsc,1-14,-0.10983081181957749,5,MAP_SCADA,38
1,B_svc,2,0.1704339824644985,5,MAP_SCADA,38
2,UPFC_Vsh,5-15,1.111247408683594,5,MAP_SCADA,38
3,UPFC_tsh,5-15,-0.23595019293208383,5,MAP_SCADA,38
4,UPFC_Vse,5-15,0.0557996144426486,5,MAP_SCADA,38
5,UPFC_tse,5-15,-2.118769078015071,5,MAP_SCADA,38
0,x_tcsc,1-14,-0.10652979563018551,6,MAP_SCADA,38
1,B_svc,2,0.1783891471239537,6,MAP_SCADA,38
2,UPFC_Vsh,5-15,1.1123445065748574,6,MAP_SCADA,38
3,UPFC_tsh,5-15,-0.23732984855682498,6,MAP_SCADA,38
4,UPFC_Vse,5-15,0.05585490034783763,6,MAP_SCADA,38
5,UPFC_tse,5-15,-2.120361871387332,6,MAP_SCADA,38
0,x_tcsc,1-14,-0.10655737075783661,7,MAP_SCADA,38
1,B_svc,2,0.17303249041017368,7,MAP_SCADA,38
2,UPFC_Vsh,5-15,1.1131114318308462,7,MAP_SCADA,38
3,UPFC_tsh,5-15,-0.23670589179816467,7,MAP_SCADA,38
4,UPFC_Vse,5-15,0.05654810613133626,7,MAP_SCADA,38
5,UPFC_tse,5-15,-2.120652839538623,7,MAP_SCADA,38
0,x_tcsc,1-14,-0.10713443942221017,8,MAP_SCADA,38
1,B_svc,2,0.17842283817246601,8,MAP_SCADA,38
2,UPFC_Vsh,5-15,1.1082256694140333,8,MAP_SCADA,38
3,UPFC_tsh,5-15,-0.23846929504565176,8,MAP_SCADA,38
4,UPFC_Vse,5-15,0.055807898128445006,8,MAP_SCADA,38
5,UPFC_tse,5-15,-2.124134150618547,8,MAP_SCADA,38
0,x_tcsc,1-14,-0.10779915895406394,9,MAP_SCADA,38
1,B_svc,2,0.17635835557445015,9,MAP_SCADA,38
2,UPFC_Vsh,5-15,1.1097831736243513,9,MAP_SCADA,38
3,UPFC_tsh,5-15,-0.23778414019725738,9,MAP_SCADA,38
4,UPFC_Vse,5-15,0.05604656994865272,9,MAP_SCADA,38
5,UPFC_tse,5-15,-2.1202414192625936,9,MAP_SCADA,38
0,x_tcsc,1-14,-0.10894444422916369,0,MAP_SCADA,39
1,B_svc,2,0.17442819623264905,0,MAP_SCADA,39
2,UPFC_Vsh,5-15,1.1090519233992089,0,MAP_SCADA,39
3,UPFC_tsh,5-15,-0.23677859144286542,0,MAP_SCADA,39
4,UPFC_Vse,5-15,0.056186079545170194,0,MAP_SCADA,39
5,UPFC_tse,5-15,-2.1204368032299503,0,MAP_SCADA,39
0,x_tcsc,1-14,-0.10865578643767983,1,MAP_SCADA,39
1,B_svc,2,0.17180838726921843,1,MAP_SCADA,39
2,UPFC_Vsh,5-15,1.1111729212253298,1,MAP_SCADA,39
3,UPFC_tsh,5-15,-0.23600643925319473,1,MAP_SCADA,39
4,UPFC_Vse,5-15,0.05634133190151346,1,MAP_SCADA,39
5,UPFC_tse,5-15,-2.1163925574197218,1,MAP_SCADA,39
0,x_tcsc,1-14,-0.10899217417620985,2,MAP_SCADA,39
1,B_svc,2,0.17409123336963925,2,MAP_SCADA,39
2,UPFC_Vsh,5-15,1.1115687088844377,2,MAP_SCADA,39
3,UPFC_tsh,5-15,-0.23620296008316727,2,MAP_SCADA,39
4,UPFC_Vse,5-15,0.05577824032446737,2,MAP_SCADA,39
5,UPFC_tse,5-15,-2.118666830349078,2,MAP_SCADA,39
0,x_tcsc,1-14,-0.10996990901295511,3,MAP_SCADA,39
1,B_svc,2,0.16752153685688212,3,MAP_SCADA,39
2,UPFC_Vsh,5-15,1.1142020903269296,3,MAP_SCADA,39
3,UPFC_tsh,5-15,-0.23459957017091534,3,MAP_SCADA,39
4,UPFC_Vse,5-15,0.05580564299829695,3,MAP_SCADA,39
5,UPFC_tse,5-15,-2.1182558259789315,3,MAP_SCADA,39
0,x_tcsc,1-14,-0.10828649625388956,4,MAP_SCADA,39
1,B_svc,2,0.17742763330666841,4,MAP_SCADA,39
2,UPFC_Vsh,5-15,1.1100254231121638,4,MAP_SCADA,39
3,UPFC_tsh,5-15,-0.23721435580048122,4,MAP_SCADA,39
4,UPFC_Vse,5-15,0.056649729278956826,4,MAP_SCADA,39
5,UPFC_tse,5-15,-2.120514447812158,4,MAP_SCADA,39
0,x_tcsc,1-14,-0.10983081181957749,5,MAP_SCADA,39
1,B_svc,2,0.1704339824644985,5,MAP_SCADA,39
2,UPFC_Vsh,5-15,1.111247408683594,5,MAP_SCADA,39
3,UPFC_tsh,5-15,-0.23595019293208383,5,MAP_SCADA,39
4,UPFC_Vse,5-15,0.0557996144426486,5,MAP_SCADA,39
5,UPFC_tse,5-15,-2.118769078015071,5,MAP_SCADA,39
0,x_tcsc,1-14,-0.10652979563018551,6,MAP_SCADA,39
1,B_svc,2,0.1783891471239537,6,MAP_SCADA,39
2,UPFC_Vsh,5-15,1.1123445065748574,6,MAP_SCADA,39
3,UPFC_tsh,5-15,-0.23732984855682498,6,MAP_SCADA,39
4,UPFC_Vse,5-15,0.05585490034783763,6,MAP_SCADA,39
5,UPFC_tse,5-15,-2.120361871387332,6,MAP_SCADA,39
0,x_tcsc,1-14,-0.10655737075783661,7,MAP_SCADA,39
1,B_svc,2,0.17303249041017368,7,MAP_SCADA,39
2,UPFC_Vsh,5-15,1.1131114318308462,7,MAP_SCADA,39
3,UPFC_tsh,5-15,-0.23670589179816467,7,MAP_SCADA,39
4,UPFC_Vse,5-15,0.05654810613133626,7,MAP_SCADA,39
5,UPFC_tse,5-15,-2.120652839538623,7,MAP_SCADA,39
0,x_tcsc,1-14,-0.10713443942221017,8,MAP_SCADA,39
1,B_svc,2,0.17842283817246601,8,MAP_SCADA,39
2,UPFC_Vsh,5-15,1.1082256694140333,8,MAP_SCADA,39
3,UPFC_tsh,5-15,-0.23846929504565176,8,MAP_SCADA,39
4,UPFC_Vse,5-15,0.055807898128445006,8,MAP_SCADA,39
5,UPFC_tse,5-15,-2.124134150618547,8,MAP_SCADA,39
0,x_tcsc,1-14,-0.10779915895406394,9,MAP_SCADA,39
1,B_svc,2,0.17635835557445015,9,MAP_SCADA,39
2,UPFC_Vsh,5-15,1.1097831736243513,9,MAP_SCADA,39
3,UPFC_tsh,5-15,-0.23778414019725738,9,MAP_SCADA,39
4,UPFC_Vse,5-15,0.05604656994865272,9,MAP_SCADA,39
5,UPFC_tse,5-15,-2.1202414192625936,9,MAP_SCADA,39
0,x_tcsc,1-14,-0.1552551668162382,0,MAP_SCADA,40
1,B_svc,2,0.46813009931225996,0,MAP_SCADA,40
2,UPFC_Vsh,5-15,1.109219806879187,0,MAP_SCADA,40
3,UPFC_tsh,5-15,-0.23302180177906986,0,MAP_SCADA,40
4,UPFC_Vse,5-15,0.05492275458071451,0,MAP_SCADA,40
5,UPFC_tse,5-15,-2.098640903283867,0,MAP_SCADA,40
0,x_tcsc,1-14,-0.15500338307859587,1,MAP_SCADA,40
1,B_svc,2,0.46151852565593826,1,MAP_SCADA,40
2,UPFC_Vsh,5-15,1.111288466604513,1,MAP_SCADA,40
3,UPFC_tsh,5-15,-0.23226418100807547,1,MAP_SCADA,40
4,UPFC_Vse,5-15,0.05513180225120956,1,MAP_SCADA,40
5,UPFC_tse,5-15,-2.0947625863979997,1,MAP_SCADA,40
0,x_tcsc,1-14,-0.155410840079784,2,MAP_SCADA,40
1,B_svc,2,0.46575001300650914,2,MAP_SCADA,40
2,UPFC_Vsh,5-15,1.1118352177443702,2,MAP_SCADA,40
3,UPFC_tsh,5-15,-0.2322619986911179,2,MAP_SCADA,40
4,UPFC_Vse,5-15,0.05453011637138779,2,MAP_SCADA,40
5,UPFC_tse,5-15,-2.096498705934241,2,MAP_SCADA,40
0,x_tcsc,1-14,-0.1556611265370181,3,MAP_SCADA,40
1,B_svc,2,0.45738283398669377,3,MAP_SCADA,40
2,UPFC_Vsh,5-15,1.1143383373836133,3,MAP_SCADA,40
3,UPFC_tsh,5-15,-0.23098269684181724,3,MAP_SCADA,40
4,UPFC_Vse,5-15,0.05457413021951652,3,MAP_SCADA,40
5,UPFC_tse,5-15,-2.096462536434822,3,MAP_SCADA,40
0,x_tcsc,1-14,-0.15509092924392126,4,MAP_SCADA,40
1,B_svc,2,0.4701608987813483,4,MAP_SCADA,40
2,UPFC_Vsh,5-15,1.1102891671427044,4,MAP_SCADA,40
3,UPFC_tsh,5-15,-0.2332377355911988,4,MAP_SCADA,40
4,UPFC_Vse,5-15,0.05537813766065219,4,MAP_SCADA,40
5,UPFC_tse,5-15,-2.0987166470387293,4,MAP_SCADA,40
0,x_tcsc,1-14,-0.15595568180584035,5,MAP_SCADA,40
1,B_svc,2,0.46153537500142383,5,MAP_SCADA,40
2,UPFC_Vsh,5-15,1.1115793564576082,5,MAP_SCADA,40
3,UPFC_tsh,5-15,-0.23200826939917246,5,MAP_SCADA,40
4,UPFC_Vse,5-15,0.05456024894931329,5,MAP_SCADA,40
5,UPFC_tse,5-15,-2.096598908826428,5,MAP_SCADA,40
0,x_tcsc,1-14,-0.15428565154989402,6,MAP_SCADA,40
1,B_svc,2,0.4667919889623746,6,MAP_SCADA,40
2,UPFC_Vsh,5-15,1.1127047894322615,6,MAP_SCADA,40
3,UPFC_tsh,5-15,-0.23313857860679918,6,MAP_SCADA,40
4,UPFC_Vse,5-15,0.05463685756027639,6,MAP_SCADA,40
5,UPFC_tse,5-15,-2.097793283697018,6,MAP_SCADA,40
0,x_tcsc,1-14,-0.1538507206025142,7,MAP_SCADA,40
1,B_svc,2,0.45747789027193847,7,MAP_SCADA,40
2,UPFC_Vsh,5-15,1.1132311111641207,7,MAP_SCADA,40
3,UPFC_tsh,5-15,-0.2328764806224023,7,MAP_SCADA,40
4,UPFC_Vse,5-15,0.05534803075311791,7,MAP_SCADA,40
5,UPFC_tse,5-15,-2.099134201328418,7,MAP_SCADA,40
0,x_tcsc,1-14,-0.1542986818918144,8,MAP_SCADA,40
1,B_svc,2,0.4684439903946154,8,MAP_SCADA,40
2,UPFC_Vsh,5-15,1.1083594368083318,8,MAP_SCADA,40
3,UPFC_tsh,5-15,-0.23456072457668767,8,MAP_SCADA,40
4,UPFC_Vse,5-15,0.05461136578310816,8,MAP_SCADA,40
5,UPFC_tse,5-15,-2.1021588530142,8,MAP_SCADA,40
0,x_tcsc,1-14,-0.15451989449848902,9,MAP_SCADA,40
1,B_svc,2,0.4662146416727125,9,MAP_SCADA,40
2,UPFC_Vsh,5-15,1.1098736574487926,9,MAP_SCADA,40
3,UPFC_tsh,5-15,-0.23396210193981276,9,MAP_SCADA,40
4,UPFC_Vse,5-15,0.054843984417502614,9,MAP_SCADA,40
5,UPFC_tse,5-15,-2.0982522157628223,9,MAP_SCADA,40
0,x_tcsc,1-14,-0.1552551668162382,0,MAP_SCADA,41
1,B_svc,2,0.46813009931225996,0,MAP_SCADA,41
2,UPFC_Vsh,5-15,1.109219806879187,0,MAP_SCADA,41
3,UPFC_tsh,5-15,-0.23302180177906986,0,MAP_SCADA,41
4,UPFC_Vse,5-15,0.05492275458071451,0,MAP_SCADA,41
5,UPFC_tse,5-15,-2.098640903283867,0,MAP_SCADA,41
0,x_tcsc,1-14,-0.15500338307859587,1,MAP_SCADA,41
1,B_svc,2,0.46151852565593826,1,MAP_SCADA,41
2,UPFC_Vsh,5-15,1.111288466604513,1,MAP_SCADA,41
3,UPFC_tsh,5-15,-0.23226418100807547,1,MAP_SCADA,41
4,UPFC_Vse,5-15,0.05513180225120956,1,MAP_SCADA,41
5,UPFC_tse,5-15,-2.0947625863979997,1,MAP_SCADA,41
0,x_tcsc,1-14,-0.155410840079784,2,MAP_SCADA,41
1,B_svc,2,0.46575001300650914,2,MAP_SCADA,41
2,UPFC_Vsh,5-15,1.1118352177443702,2,MAP_SCADA,41
3,UPFC_tsh,5-15,-0.2322619986911179,2,MAP_SCADA,41
4,UPFC_Vse,5-15,0.05453011637138779,2,MAP_SCADA,41
5,UPFC_tse,5-15,-2.096498705934241,2,MAP_SCADA,41
0,x_tcsc,1-14,-0.1556611265370181,3,MAP_SCADA,41
1,B_svc,2,0.45738283398669377,3,MAP_SCADA,41
2,UPFC_Vsh,5-15,1.1143383373836133,3,MAP_SCADA,41
3,UPFC_tsh,5-15,-0.23098269684181724,3,MAP_SCADA,41
4,UPFC_Vse,5-15,0.05457413021951652,3,MAP_SCADA,41
5,UPFC_tse,5-15,-2.096462536434822,3,MAP_SCADA,41
0,x_tcsc,1-14,-0.15509092924392126,4,MAP_SCADA,41
1,B_svc,2,0.4701608987813483,4,MAP_SCADA,41
2,UPFC_Vsh,5-15,1.1102891671427044,4,MAP_SCADA,41
3,UPFC_tsh,5-15,-0.2332377355911988,4,MAP_SCADA,41
4,UPFC_Vse,5-15,0.05537813766065219,4,MAP_SCADA,41
5,UPFC_tse,5-15,-2.0987166470387293,4,MAP_SCADA,41
0,x_tcsc,1-14,-0.15595568180584035,5,MAP_SCADA,41
1,B_svc,2,0.46153537500142383,5,MAP_SCADA,41
2,UPFC_Vsh,5-15,1.1115793564576082,5,MAP_SCADA,41
3,UPFC_tsh,5-15,-0.23200826939917246,5,MAP_SCADA,41
4,UPFC_Vse,5-15,0.05456024894931329,5,MAP_SCADA,41
5,UPFC_tse,5-15,-2.096598908826428,5,MAP_SCADA,41
0,x_tcsc,1-14,-0.15428565154989402,6,MAP_SCADA,41
1,B_svc,2,0.4667919889623746,6,MAP_SCADA,41
2,UPFC_Vsh,5-15,1.1127047894322615,6,MAP_SCADA,41
3,UPFC_tsh,5-15,-0.23313857860679918,6,MAP_SCADA,41
4,UPFC_Vse,5-15,0.05463685756027639,6,MAP_SCADA,41
5,UPFC_tse,5-15,-2.097793283697018,6,MAP_SCADA,41
0,x_tcsc,1-14,-0.1538507206025142,7,MAP_SCADA,41
1,B_svc,2,0.45747789027193847,7,MAP_SCADA,41
2,UPFC_Vsh,5-15,1.1132311111641207,7,MAP_SCADA,41
3,UPFC_tsh,5-15,-0.2328764806224023,7,MAP_SCADA,41
4,UPFC_Vse,5-15,0.05534803075311791,7,MAP_SCADA,41
5,UPFC_tse,5-15,-2.099134201328418,7,MAP_SCADA,41
0,x_tcsc,1-14,-0.1542986818918144,8,MAP_SCADA,41
1,B_svc,2,0.4684439903946154,8,MAP_SCADA,41
2,UPFC_Vsh,5-15,1.1083594368083318,8,MAP_SCADA,41
3,UPFC_tsh,5-15,-0.23456072457668767,8,MAP_SCADA,41
4,UPFC_Vse,5-15,0.05461136578310816,8,MAP_SCADA,41
5,UPFC_tse,5-15,-2.1021588530142,8,MAP_SCADA,41
0,x_tcsc,1-14,-0.15451989449848902,9,MAP_SCADA,41
1,B_svc,2,0.4662146416727125,9,MAP_SCADA,41
2,UPFC_Vsh,5-15,1.1098736574487926,9,MAP_SCADA,41
3,UPFC_tsh,5-15,-0.23396210193981276,9,MAP_SCADA,41
4,UPFC_Vse,5-15,0.054843984417502614,9,MAP_SCADA,41
5,UPFC_tse,5-15,-2.0982522157628223,9,MAP_SCADA,41
0,x_tcsc,1-14,-0.1552551668162382,0,MAP_SCADA,42
1,B_svc,2,0.46813009931225996,0,MAP_SCADA,42
2,UPFC_Vsh,5-15,1.109219806879187,0,MAP_SCADA,42
3,UPFC_tsh,5-15,-0.23302180177906986,0,MAP_SCADA,42
4,UPFC_Vse,5-15,0.05492275458071451,0,MAP_SCADA,42
5,UPFC_tse,5-15,-2.098640903283867,0,MAP_SCADA,42
0,x_tcsc,1-14,-0.15500338307859587,1,MAP_SCADA,42
1,B_svc,2,0.46151852565593826,1,MAP_SCADA,42
2,UPFC_Vsh,5-15,1.111288466604513,1,MAP_SCADA,42
3,UPFC_tsh,5-15,-0.23226418100807547,1,MAP_SCADA,42
4,UPFC_Vse,5-15,0.05513180225120956,1,MAP_SCADA,42
5,UPFC_tse,5-15,-2.0947625863979997,1,MAP_SCADA,42
0,x_tcsc,1-14,-0.155410840079784,2,MAP_SCADA,42
1,B_svc,2,0.46575001300650914,2,MAP_SCADA,42
2,UPFC_Vsh,5-15,1.1118352177443702,2,MAP_SCADA,42
3,UPFC_tsh,5-15,-0.2322619986911179,2,MAP_SCADA,42
4,UPFC_Vse,5-15,0.05453011637138779,2,MAP_SCADA,42
5,UPFC_tse,5-15,-2.096498705934241,2,MAP_SCADA,42
0,x_tcsc,1-14,-0.1556611265370181,3,MAP_SCADA,42
1,B_svc,2,0.45738283398669377,3,MAP_SCADA,42
2,UPFC_Vsh,5-15,1.1143383373836133,3,MAP_SCADA,42
3,UPFC_tsh,5-15,-0.23098269684181724,3,MAP_SCADA,42
4,UPFC_Vse,5-15,0.05457413021951652,3,MAP_SCADA,42
5,UPFC_tse,5-15,-2.096462536434822,3,MAP_SCADA,42
0,x_tcsc,1-14,-0.15509092924392126,4,MAP_SCADA,42
1,B_svc,2,0.4701608987813483,4,MAP_SCADA,42
2,UPFC_Vsh,5-15,1.1102891671427044,4,MAP_SCADA,42
3,UPFC_tsh,5-15,-0.2332377355911988,4,MAP_SCADA,42
4,UPFC_Vse,5-15,0.05537813766065219,4,MAP_SCADA,42
5,UPFC_tse,5-15,-2.0987166470387293,4,MAP_SCADA,42
0,x_tcsc,1-14,-0.15595568180584035,5,MAP_SCADA,42
1,B_svc,2,0.46153537500142383,5,MAP_SCADA,42
2,UPFC_Vsh,5-15,1.1115793564576082,5,MAP_SCADA,42
3,UPFC_tsh,5-15,-0.23200826939917246,5,MAP_SCADA,42
4,UPFC_Vse,5-15,0.05456024894931329,5,MAP_SCADA,42
5,UPFC_tse,5-15,-2.096598908826428,5,MAP_SCADA,42
0,x_tcsc,1-14,-0.15428565154989402,6,MAP_SCADA,42
1,B_svc,2,0.4667919889623746,6,MAP_SCADA,42
2,UPFC_Vsh,5-15,1.1127047894322615,6,MAP_SCADA,42
3,UPFC_tsh,5-15,-0.23313857860679918,6,MAP_SCADA,42
4,UPFC_Vse,5-15,0.05463685756027639,6,MAP_SCADA,42
5,UPFC_tse,5-15,-2.097793283697018,6,MAP_SCADA,42
0,x_tcsc,1-14,-0.1538507206025142,7,MAP_SCADA,42
1,B_svc,2,0.45747789027193847,7,MAP_SCADA,42
2,UPFC_Vsh,5-15,1.1132311111641207,7,MAP_SCADA,42
3,UPFC_tsh,5-15,-0.2328764806224023,7,MAP_SCADA,42
4,UPFC_Vse,5-15,0.05534803075311791,7,MAP_SCADA,42
5,UPFC_tse,5-15,-2.099134201328418,7,MAP_SCADA,42
0,x_tcsc,1-14,-0.1542986818918144,8,MAP_SCADA,42
1,B_svc,2,0.4684439903946154,8,MAP_SCADA,42
2,UPFC_Vsh,5-15,1.1083594368083318,8,MAP_SCADA,42
3,UPFC_tsh,5-15,-0.23456072457668767,8,MAP_SCADA,42
4,UPFC_Vse,5-15,0.05461136578310816,8,MAP_SCADA,42
5,UPFC_tse,5-15,-2.1021588530142,8,MAP_SCADA,42
0,x_tcsc,1-14,-0.15451989449848902,9,MAP_SCADA,42
1,B_svc,2,0.4662146416727125,9,MAP_SCADA,42
2,UPFC_Vsh,5-15,1.1098736574487926,9,MAP_SCADA,42
3,UPFC_tsh,5-15,-0.23396210193981276,9,MAP_SCADA,42
4,UPFC_Vse,5-15,0.054843984417502614,9,MAP_SCADA,42
5,UPFC_tse,5-15,-2.0982522157628223,9,MAP_SCADA,42
0,x_tcsc,1-14,-0.1552551668162382,0,MAP_SCADA,43
1,B_svc,2,0.46813009931225996,0,MAP_SCADA,43
2,UPFC_Vsh,5-15,1.109219806879187,0,MAP_SCADA,43
3,UPFC_tsh,5-15,-0.23302180177906986,0,MAP_SCADA,43
4,UPFC_Vse,5-15,0.05492275458071451,0,MAP_SCADA,43
5,UPFC_tse,5-15,-2.098640903283867,0,MAP_SCADA,43
0,x_tcsc,1-14,-0.15500338307859587,1,MAP_SCADA,43
1,B_svc,2,0.46151852565593826,1,MAP_SCADA,43
2,UPFC_Vsh,5-15,1.111288466604513,1,MAP_SCADA,43
3,UPFC_tsh,5-15,-0.23226418100807547,1,MAP_SCADA,43
4,UPFC_Vse,5-15,0.05513180225120956,1,MAP_SCADA,43
5,UPFC_tse,5-15,-2.0947625863979997,1,MAP_SCADA,43
0,x_tcsc,1-14,-0.155410840079784,2,MAP_SCADA,43
1,B_svc,2,0.46575001300650914,2,MAP_SCADA,43
2,UPFC_Vsh,5-15,1.1118352177443702,2,MAP_SCADA,43
3,UPFC_tsh,5-15,-0.2322619986911179,2,MAP_SCADA,43
4,UPFC_Vse,5-15,0.05453011637138779,2,MAP_SCADA,43
5,UPFC_tse,5-15,-2.096498705934241,2,MAP_SCADA,43
0,x_tcsc,1-14,-0.1556611265370181,3,MAP_SCADA,43
1,B_svc,2,0.45738283398669377,3,MAP_SCADA,43
2,UPFC_Vsh,5-15,1.1143383373836133,3,MAP_SCADA,43
3,UPFC_tsh,5-15,-0.23098269684181724,3,MAP_SCADA,43
4,UPFC_Vse,5-15,0.05457413021951652,3,MAP_SCADA,43
5,UPFC_tse,5-15,-2.096462536434822,3,MAP_SCADA,43
0,x_tcsc,1-14,-0.15509092924392126,4,MAP_SCADA,43
1,B_svc,2,0.4701608987813483,4,MAP_SCADA,43
2,UPFC_Vsh,5-15,1.1102891671427044,4,MAP_SCADA,43
3,UPFC_tsh,5-15,-0.2332377355911988,4,MAP_SCADA,43
4,UPFC_Vse,5-15,0.05537813766065219,4,MAP_SCADA,43
5,UPFC_tse,5-15,-2.0987166470387293,4,MAP_SCADA,43
0,x_tcsc,1-14,-0.15595568180584035,5,MAP_SCADA,43
1,B_svc,2,0.46153537500142383,5,MAP_SCADA,43
2,UPFC_Vsh,5-15,1.1115793564576082,5,MAP_SCADA,43
3,UPFC_tsh,5-15,-0.23200826939917246,5,MAP_SCADA,43
4,UPFC_Vse,5-15,0.05456024894931329,5,MAP_SCADA,43
5,UPFC_tse,5-15,-2.096598908826428,5,MAP_SCADA,43
0,x_tcsc,1-14,-0.15428565154989402,6,MAP_SCADA,43
1,B_svc,2,0.4667919889623746,6,MAP_SCADA,43
2,UPFC_Vsh,5-15,1.1127047894322615,6,MAP_SCADA,43
3,UPFC_tsh,5-15,-0.23313857860679918,6,MAP_SCADA,43
4,UPFC_Vse,5-15,0.05463685756027639,6,MAP_SCADA,43
5,UPFC_tse,5-15,-2.097793283697018,6,MAP_SCADA,43
0,x_tcsc,1-14,-0.1538507206025142,7,MAP_SCADA,43
1,B_svc,2,0.45747789027193847,7,MAP_SCADA,43
2,UPFC_Vsh,5-15,1.1132311111641207,7,MAP_SCADA,43
3,UPFC_tsh,5-15,-0.2328764806224023,7,MAP_SCADA,43
4,UPFC_Vse,5-15,0.05534803075311791,7,MAP_SCADA,43
5,UPFC_tse,5-15,-2.099134201328418,7,MAP_SCADA,43
0,x_tcsc,1-14,-0.1542986818918144,8,MAP_SCADA,43
1,B_svc,2,0.4684439903946154,8,MAP_SCADA,43
2,UPFC_Vsh,5-15,1.1083594368083318,8,MAP_SCADA,43
3,UPFC_tsh,5-15,-0.23456072457668767,8,MAP_SCADA,43
4,UPFC_Vse,5-15,0.05461136578310816,8,MAP_SCADA,43
5,UPFC_tse,5-15,-2.1021588530142,8,MAP_SCADA,43
0,x_tcsc,1-14,-0.15451989449848902,9,MAP_SCADA,43
1,B_svc,2,0.4662146416727125,9,MAP_SCADA,43
2,UPFC_Vsh,5-15,1.1098736574487926,9,MAP_SCADA,43
3,UPFC_tsh,5-15,-0.23396210193981276,9,MAP_SCADA,43
4,UPFC_Vse,5-15,0.054843984417502614,9,MAP_SCADA,43
5,UPFC_tse,5-15,-2.0982522157628223,9,MAP_SCADA,43
0,x_tcsc,1-14,-0.1552551668162382,0,MAP_SCADA,44
1,B_svc,2,0.46813009931225996,0,MAP_SCADA,44
2,UPFC_Vsh,5-15,1.109219806879187,0,MAP_SCADA,44
3,UPFC_tsh,5-15,-0.23302180177906986,0,MAP_SCADA,44
4,UPFC_Vse,5-15,0.05492275458071451,0,MAP_SCADA,44
5,UPFC_tse,5-15,-2.098640903283867,0,MAP_SCADA,44
0,x_tcsc,1-14,-0.15500338307859587,1,MAP_SCADA,44
1,B_svc,2,0.46151852565593826,1,MAP_SCADA,44
2,UPFC_Vsh,5-15,1.111288466604513,1,MAP_SCADA,44
3,UPFC_tsh,5-15,-0.23226418100807547,1,MAP_SCADA,44
4,UPFC_Vse,5-15,0.05513180225120956,1,MAP_SCADA,44
5,UPFC_tse,5-15,-2.0947625863979997,1,MAP_SCADA,44
0,x_tcsc,1-14,-0.155410840079784,2,MAP_SCADA,44
1,B_svc,2,0.46575001300650914,2,MAP_SCADA,44
2,UPFC_Vsh,5-15,1.1118352177443702,2,MAP_SCADA,44
3,UPFC_tsh,5-15,-0.2322619986911179,2,MAP_SCADA,44
4,UPFC_Vse,5-15,0.05453011637138779,2,MAP_SCADA,44
5,UPFC_tse,5-15,-2.096498705934241,2,MAP_SCADA,44
0,x_tcsc,1-14,-0.1556611265370181,3,MAP_SCADA,44
1,B_svc,2,0.45738283398669377,3,MAP_SCADA,44
2,UPFC_Vsh,5-15,1.1143383373836133,3,MAP_SCADA,44
3,UPFC_tsh,5-15,-0.23098269684181724,3,MAP_SCADA,44
4,UPFC_Vse,5-15,0.05457413021951652,3,MAP_SCADA,44
5,UPFC_tse,5-15,-2.096462536434822,3,MAP_SCADA,44
0,x_tcsc,1-14,-0.15509092924392126,4,MAP_SCADA,44
1,B_svc,2,0.4701608987813483,4,MAP_SCADA,44
2,UPFC_Vsh,5-15,1.1102891671427044,4,MAP_SCADA,44
3,UPFC_tsh,5-15,-0.2332377355911988,4,MAP_SCADA,44
4,UPFC_Vse,5-15,0.05537813766065219,4,MAP_SCADA,44
5,UPFC_tse,5-15,-2.0987166470387293,4,MAP_SCADA,44
0,x_tcsc,1-14,-0.15595568180584035,5,MAP_SCADA,44
1,B_svc,2,0.46153537500142383,5,MAP_SCADA,44
2,UPFC_Vsh,5-15,1.1115793564576082,5,MAP_SCADA,44
3,UPFC_tsh,5-15,-0.23200826939917246,5,MAP_SCADA,44
4,UPFC_Vse,5-15,0.05456024894931329,5,MAP_SCADA,44
5,UPFC_tse,5-15,-2.096598908826428,5,MAP_SCADA,44
0,x_tcsc,1-14,-0.15428565154989402,6,MAP_SCADA,44
1,B_svc,2,0.4667919889623746,6,MAP_SCADA,44
2,UPFC_Vsh,5-15,1.1127047894322615,6,MAP_SCADA,44
3,UPFC_tsh,5-15,-0.23313857860679918,6,MAP_SCADA,44
4,UPFC_Vse,5-15,0.05463685756027639,6,MAP_SCADA,44
5,UPFC_tse,5-15,-2.097793283697018,6,MAP_SCADA,44
0,x_tcsc,1-14,-0.1538507206025142,7,MAP_SCADA,44
1,B_svc,2,0.45747789027193847,7,MAP_SCADA,44
2,UPFC_Vsh,5-15,1.1132311111641207,7,MAP_SCADA,44
3,UPFC_tsh,5-15,-0.2328764806224023,7,MAP_SCADA,44
4,UPFC_Vse,5-15,0.05534803075311791,7,MAP_SCADA,44
5,UPFC_tse,5-15,-2.099134201328418,7,MAP_SCADA,44
0,x_tcsc,1-14,-0.1542986818918144,8,MAP_SCADA,44
1,B_svc,2,0.4684439903946154,8,MAP_SCADA,44
2,UPFC_Vsh,5-15,1.1083594368083318,8,MAP_SCADA,44
3,UPFC_tsh,5-15,-0.23456072457668767,8,MAP_SCADA,44
4,UPFC_Vse,5-15,0.05461136578310816,8,MAP_SCADA,44
5,UPFC_tse,5-15,-2.1021588530142,8,MAP_SCADA,44
0,x_tcsc,1-14,-0.15451989449848902,9,MAP_SCADA,44
1,B_svc,2,0.4662146416727125,9,MAP_SCADA,44
2,UPFC_Vsh,5-15,1.1098736574487926,9,MAP_SCADA,44
3,UPFC_tsh,5-15,-0.23396210193981276,9,MAP_SCADA,44
4,UPFC_Vse,5-15,0.054843984417502614,9,MAP_SCADA,44
5,UPFC_tse,5-15,-2.0982522157628223,9,MAP_SCADA,44
0,x_tcsc,1-14,-0.1552551668162382,0,MAP_SCADA,45
1,B_svc,2,0.46813009931225996,0,MAP_SCADA,45
2,UPFC_Vsh,5-15,1.109219806879187,0,MAP_SCADA,45
3,UPFC_tsh,5-15,-0.23302180177906986,0,MAP_SCADA,45
4,UPFC_Vse,5-15,0.05492275458071451,0,MAP_SCADA,45
5,UPFC_tse,5-15,-2.098640903283867,0,MAP_SCADA,45
0,x_tcsc,1-14,-0.15500338307859587,1,MAP_SCADA,45
1,B_svc,2,0.46151852565593826,1,MAP_SCADA,45
2,UPFC_Vsh,5-15,1.111288466604513,1,MAP_SCADA,45
3,UPFC_tsh,5-15,-0.23226418100807547,1,MAP_SCADA,45
4,UPFC_Vse,5-15,0.05513180225120956,1,MAP_SCADA,45
5,UPFC_tse,5-15,-2.0947625863979997,1,MAP_SCADA,45
0,x_tcsc,1-14,-0.155410840079784,2,MAP_SCADA,45
1,B_svc,2,0.46575001300650914,2,MAP_SCADA,45
2,UPFC_Vsh,5-15,1.1118352177443702,2,MAP_SCADA,45
3,UPFC_tsh,5-15,-0.2322619986911179,2,MAP_SCADA,45
4,UPFC_Vse,5-15,0.05453011637138779,2,MAP_SCADA,45
5,UPFC_tse,5-15,-2.096498705934241,2,MAP_SCADA,45
0,x_tcsc,1-14,-0.1556611265370181,3,MAP_SCADA,45
1,B_svc,2,0.45738283398669377,3,MAP_SCADA,45
2,UPFC_Vsh,5-15,1.1143383373836133,3,MAP_SCADA,45
3,UPFC_tsh,5-15,-0.23098269684181724,3,MAP_SCADA,45
4,UPFC_Vse,5-15,0.05457413021951652,3,MAP_SCADA,45
5,UPFC_tse,5-15,-2.096462536434822,3,MAP_SCADA,45
0,x_tcsc,1-14,-0.15509092924392126,4,MAP_SCADA,45
1,B_svc,2,0.4701608987813483,4,MAP_SCADA,45
2,UPFC_Vsh,5-15,1.1102891671427044,4,MAP_SCADA,45
3,UPFC_tsh,5-15,-0.2332377355911988,4,MAP_SCADA,45
4,UPFC_Vse,5-15,0.05537813766065219,4,MAP_SCADA,45
5,UPFC_tse,5-15,-2.0987166470387293,4,MAP_SCADA,45
0,x_tcsc,1-14,-0.15595568180584035,5,MAP_SCADA,45
1,B_svc,2,0.46153537500142383,5,MAP_SCADA,45
2,UPFC_Vsh,5-15,1.1115793564576082,5,MAP_SCADA,45
3,UPFC_tsh,5-15,-0.23200826939917246,5,MAP_SCADA,45
4,UPFC_Vse,5-15,0.05456024894931329,5,MAP_SCADA,45
5,UPFC_tse,5-15,-2.096598908826428,5,MAP_SCADA,45
0,x_tcsc,1-14,-0.15428565154989402,6,MAP_SCADA,45
1,B_svc,2,0.4667919889623746,6,MAP_SCADA,45
2,UPFC_Vsh,5-15,1.1127047894322615,6,MAP_SCADA,45
3,UPFC_tsh,5-15,-0.23313857860679918,6,MAP_SCADA,45
4,UPFC_Vse,5-15,0.05463685756027639,6,MAP_SCADA,45
5,UPFC_tse,5-15,-2.097793283697018,6,MAP_SCADA,45
0,x_tcsc,1-14,-0.1538507206025142,7,MAP_SCADA,45
1,B_svc,2,0.45747789027193847,7,MAP_SCADA,45
2,UPFC_Vsh,5-15,1.1132311111641207,7,MAP_SCADA,45
3,UPFC_tsh,5-15,-0.2328764806224023,7,MAP_SCADA,45
4,UPFC_Vse,5-15,0.05534803075311791,7,MAP_SCADA,45
5,UPFC_tse,5-15,-2.099134201328418,7,MAP_SCADA,45
0,x_tcsc,1-14,-0.1542986818918144,8,MAP_SCADA,45
1,B_svc,2,0.4684439903946154,8,MAP_SCADA,45
2,UPFC_Vsh,5-15,1.1083594368083318,8,MAP_SCADA,45
3,UPFC_tsh,5-15,-0.23456072457668767,8,MAP_SCADA,45
4,UPFC_Vse,5-15,0.05461136578310816,8,MAP_SCADA,45
5,UPFC_tse,5-15,-2.1021588530142,8,MAP_SCADA,45
0,x_tcsc,1-14,-0.15451989449848902,9,MAP_SCADA,45
1,B_svc,2,0.4662146416727125,9,MAP_SCADA,45
2,UPFC_Vsh,5-15,1.1098736574487926,9,MAP_SCADA,45
3,UPFC_tsh,5-15,-0.23396210193981276,9,MAP_SCADA,45
4,UPFC_Vse,5-15,0.054843984417502614,9,MAP_SCADA,45
5,UPFC_tse,5-15,-2.0982522157628223,9,MAP_SCADA,45
0,x_tcsc,1-14,-0.1552551668162382,0,MAP_SCADA,46
1,B_svc,2,0.46813009931225996,0,MAP_SCADA,46
2,UPFC_Vsh,5-15,1.109219806879187,0,MAP_SCADA,46
3,UPFC_tsh,5-15,-0.23302180177906986,0,MAP_SCADA,46
4,UPFC_Vse,5-15,0.05492275458071451,0,MAP_SCADA,46
5,UPFC_tse,5-15,-2.098640903283867,0,MAP_SCADA,46
0,x_tcsc,1-14,-0.15500338307859587,1,MAP_SCADA,46
1,B_svc,2,0.46151852565593826,1,MAP_SCADA,46
2,UPFC_Vsh,5-15,1.111288466604513,1,MAP_SCADA,46
3,UPFC_tsh,5-15,-0.23226418100807547,1,MAP_SCADA,46
4,UPFC_Vse,5-15,0.05513180225120956,1,MAP_SCADA,46
5,UPFC_tse,5-15,-2.0947625863979997,1,MAP_SCADA,46
0,x_tcsc,1-14,-0.155410840079784,2,MAP_SCADA,46
1,B_svc,2,0.46575001300650914,2,MAP_SCADA,46
2,UPFC_Vsh,5-15,1.1118352177443702,2,MAP_SCADA,46
3,UPFC_tsh,5-15,-0.2322619986911179,2,MAP_SCADA,46
4,UPFC_Vse,5-15,0.05453011637138779,2,MAP_SCADA,46
5,UPFC_tse,5-15,-2.096498705934241,2,MAP_SCADA,46
0,x_tcsc,1-14,-0.1556611265370181,3,MAP_SCADA,46
1,B_svc,2,0.45738283398669377,3,MAP_SCADA,46
2,UPFC_Vsh,5-15,1.1143383373836133,3,MAP_SCADA,46
3,UPFC_tsh,5-15,-0.23098269684181724,3,MAP_SCADA,46
4,UPFC_Vse,5-15,0.05457413021951652,3,MAP_SCADA,46
5,UPFC_tse,5-15,-2.096462536434822,3,MAP_SCADA,46
0,x_tcsc,1-14,-0.15509092924392126,4,MAP_SCADA,46
1,B_svc,2,0.4701608987813483,4,MAP_SCADA,46
2,UPFC_Vsh,5-15,1.1102891671427044,4,MAP_SCADA,46
3,UPFC_tsh,5-15,-0.2332377355911988,4,MAP_SCADA,46
4,UPFC_Vse,5-15,0.05537813766065219,4,MAP_SCADA,46
5,UPFC_tse,5-15,-2.0987166470387293,4,MAP_SCADA,46
0,x_tcsc,1-14,-0.15595568180584035,5,MAP_SCADA,46
1,B_svc,2,0.46153537500142383,5,MAP_SCADA,46
2,UPFC_Vsh,5-15,1.1115793564576082,5,MAP_SCADA,46
3,UPFC_tsh,5-15,-0.23200826939917246,5,MAP_SCADA,46
4,UPFC_Vse,5-15,0.05456024894931329,5,MAP_SCADA,46
5,UPFC_tse,5-15,-2.096598908826428,5,MAP_SCADA,46
0,x_tcsc,1-14,-0.15428565154989402,6,MAP_SCADA,46
1,B_svc,2,0.4667919889623746,6,MAP_SCADA,46
2,UPFC_Vsh,5-15,1.1127047894322615,6,MAP_SCADA,46
3,UPFC_tsh,5-15,-0.23313857860679918,6,MAP_SCADA,46
4,UPFC_Vse,5-15,0.05463685756027639,6,MAP_SCADA,46
5,UPFC_tse,5-15,-2.097793283697018,6,MAP_SCADA,46
0,x_tcsc,1-14,-0.1538507206025142,7,MAP_SCADA,46
1,B_svc,2,0.45747789027193847,7,MAP_SCADA,46
2,UPFC_Vsh,5-15,1.1132311111641207,7,MAP_SCADA,46
3,UPFC_tsh,5-15,-0.2328764806224023,7,MAP_SCADA,46
4,UPFC_Vse,5-15,0.05534803075311791,7,MAP_SCADA,46
5,UPFC_tse,5-15,-2.099134201328418,7,MAP_SCADA,46
0,x_tcsc,1-14,-0.1542986818918144,8,MAP_SCADA,46
1,B_svc,2,0.4684439903946154,8,MAP_SCADA,46
2,UPFC_Vsh,5-15,1.1083594368083318,8,MAP_SCADA,46
3,UPFC_tsh,5-15,-0.23456072457668767,8,MAP_SCADA,46
4,UPFC_Vse,5-15,0.05461136578310816,8,MAP_SCADA,46
5,UPFC_tse,5-15,-2.1021588530142,8,MAP_SCADA,46
0,x_tcsc,1-14,-0.15451989449848902,9,MAP_SCADA,46
1,B_svc,2,0.4662146416727125,9,MAP_SCADA,46
2,UPFC_Vsh,5-15,1.1098736574487926,9,MAP_SCADA,46
3,UPFC_tsh,5-15,-0.23396210193981276,9,MAP_SCADA,46
4,UPFC_Vse,5-15,0.054843984417502614,9,MAP_SCADA,46
5,UPFC_tse,5-15,-2.0982522157628223,9,MAP_SCADA,46
0,x_tcsc,1-14,-0.1552551668162382,0,MAP_SCADA,47
1,B_svc,2,0.46813009931225996,0,MAP_SCADA,47
2,UPFC_Vsh,5-15,1.109219806879187,0,MAP_SCADA,47
3,UPFC_tsh,5-15,-0.23302180177906986,0,MAP_SCADA,47
4,UPFC_Vse,5-15,0.05492275458071451,0,MAP_SCADA,47
5,UPFC_tse,5-15,-2.098640903283867,0,MAP_SCADA,47
0,x_tcsc,1-14,-0.15500338307859587,1,MAP_SCADA,47
1,B_svc,2,0.46151852565593826,1,MAP_SCADA,47
2,UPFC_Vsh,5-15,1.111288466604513,1,MAP_SCADA,47
3,UPFC_tsh,5-15,-0.23226418100807547,1,MAP_SCADA,47
4,UPFC_Vse,5-15,0.05513180225120956,1,MAP_SCADA,47
5,UPFC_tse,5-15,-2.0947625863979997,1,MAP_SCADA,47
0,x_tcsc,1-14,-0.155410840079784,2,MAP_SCADA,47
1,B_svc,2,0.46575001300650914,2,MAP_SCADA,47
2,UPFC_Vsh,5-15,1.1118352177443702,2,MAP_SCADA,47
3,UPFC_tsh,5-15,-0.2322619986911179,2,MAP_SCADA,47
4,UPFC_Vse,5-15,0.05453011637138779,2,MAP_SCADA,47
5,UPFC_tse,5-15,-2.096498705934241,2,MAP_SCADA,47
0,x_tcsc,1-14,-0.1556611265370181,3,MAP_SCADA,47
1,B_svc,2,0.45738283398669377,3,MAP_SCADA,47
2,UPFC_Vsh,5-15,1.1143383373836133,3,MAP_SCADA,47
3,UPFC_tsh,5-15,-0.23098269684181724,3,MAP_SCADA,47
4,UPFC_Vse,5-15,0.05457413021951652,3,MAP_SCADA,47
5,UPFC_tse,5-15,-2.096462536434822,3,MAP_SCADA,47
0,x_tcsc,1-14,-0.15509092924392126,4,MAP_SCADA,47
1,B_svc,2,0.4701608987813483,4,MAP_SCADA,47
2,UPFC_Vsh,5-15,1.1102891671427044,4,MAP_SCADA,47
3,UPFC_tsh,5-15,-0.2332377355911988,4,MAP_SCADA,47
4,UPFC_Vse,5-15,0.05537813766065219,4,MAP_SCADA,47
5,UPFC_tse,5-15,-2.0987166470387293,4,MAP_SCADA,47
0,x_tcsc,1-14,-0.15595568180584035,5,MAP_SCADA,47
1,B_svc,2,0.46153537500142383,5,MAP_SCADA,47
2,UPFC_Vsh,5-15,1.1115793564576082,5,MAP_SCADA,47
3,UPFC_tsh,5-15,-0.23200826939917246,5,MAP_SCADA,47
4,UPFC_Vse,5-15,0.05456024894931329,5,MAP_SCADA,47
5,UPFC_tse,5-15,-2.096598908826428,5,MAP_SCADA,47
0,x_tcsc,1-14,-0.15428565154989402,6,MAP_SCADA,47
1,B_svc,2,0.4667919889623746,6,MAP_SCADA,47
2,UPFC_Vsh,5-15,1.1127047894322615,6,MAP_SCADA,47
3,UPFC_tsh,5-15,-0.23313857860679918,6,MAP_SCADA,47
4,UPFC_Vse,5-15,0.05463685756027639,6,MAP_SCADA,47
5,UPFC_tse,5-15,-2.097793283697018,6,MAP_SCADA,47
0,x_tcsc,1-14,-0.1538507206025142,7,MAP_SCADA,47
1,B_svc,2,0.45747789027193847,7,MAP_SCADA,47
2,UPFC_Vsh,5-15,1.1132311111641207,7,MAP_SCADA,47
3,UPFC_tsh,5-15,-0.2328764806224023,7,MAP_SCADA,47
4,UPFC_Vse,5-15,0.05534803075311791,7,MAP_SCADA,47
5,UPFC_tse,5-15,-2.099134201328418,7,MAP_SCADA,47
0,x_tcsc,1-14,-0.1542986818918144,8,MAP_SCADA,47
1,B_svc,2,0.4684439903946154,8,MAP_SCADA,47
2,UPFC_Vsh,5-15,1.1083594368083318,8,MAP_SCADA,47
3,UPFC_tsh,5-15,-0.23456072457668767,8,MAP_SCADA,47
4,UPFC_Vse,5-15,0.05461136578310816,8,MAP_SCADA,47
5,UPFC_tse,5-15,-2.1021588530142,8,MAP_SCADA,47
0,x_tcsc,1-14,-0.15451989449848902,9,MAP_SCADA,47
1,B_svc,2,0.4662146416727125,9,MAP_SCADA,47
2,UPFC_Vsh,5-15,1.1098736574487926,9,MAP_SCADA,47
3,UPFC_tsh,5-15,-0.23396210193981276,9,MAP_SCADA,47
4,UPFC_Vse,5-15,0.054843984417502614,9,MAP_SCADA,47
5,UPFC_tse,5-15,-2.0982522157628223,9,MAP_SCADA,47
0,x_tcsc,1-14,-0.1552551668162382,0,MAP_SCADA,48
1,B_svc,2,0.46813009931225996,0,MAP_SCADA,48
2,UPFC_Vsh,5-15,1.109219806879187,0,MAP_SCADA,48
3,UPFC_tsh,5-15,-0.23302180177906986,0,MAP_SCADA,48
4,UPFC_Vse,5-15,0.05492275458071451,0,MAP_SCADA,48
5,UPFC_tse,5-15,-2.098640903283867,0,MAP_SCADA,48
0,x_tcsc,1-14,-0.15500338307859587,1,MAP_SCADA,48
1,B_svc,2,0.46151852565593826,1,MAP_SCADA,48
2,UPFC_Vsh,5-15,1.111288466604513,1,MAP_SCADA,48
3,UPFC_tsh,5-15,-0.23226418100807547,1,MAP_SCADA,48
4,UPFC_Vse,5-15,0.05513180225120956,1,MAP_SCADA,48
5,UPFC_tse,5-15,-2.0947625863979997,1,MAP_SCADA,48
0,x_tcsc,1-14,-0.155410840079784,2,MAP_SCADA,48
1,B_svc,2,0.46575001300650914,2,MAP_SCADA,48
2,UPFC_Vsh,5-15,1.1118352177443702,2,MAP_SCADA,48
3,UPFC_tsh,5-15,-0.2322619986911179,2,MAP_SCADA,48
4,UPFC_Vse,5-15,0.05453011637138779,2,MAP_SCADA,48
5,UPFC_tse,5-15,-2.096498705934241,2,MAP_SCADA,48
0,x_tcsc,1-14,-0.1556611265370181,3,MAP_SCADA,48
1,B_svc,2,0.45738283398669377,3,MAP_SCADA,48
2,UPFC_Vsh,5-15,1.1143383373836133,3,MAP_SCADA,48
3,UPFC_tsh,5-15,-0.23098269684181724,3,MAP_SCADA,48
4,UPFC_Vse,5-15,0.05457413021951652,3,MAP_SCADA,48
5,UPFC_tse,5-15,-2.096462536434822,3,MAP_SCADA,48
0,x_tcsc,1-14,-0.15509092924392126,4,MAP_SCADA,48
1,B_svc,2,0.4701608987813483,4,MAP_SCADA,48
2,UPFC_Vsh,5-15,1.1102891671427044,4,MAP_SCADA,48
3,UPFC_tsh,5-15,-0.2332377355911988,4,MAP_SCADA,48
4,UPFC_Vse,5-15,0.05537813766065219,4,MAP_SCADA,48
5,UPFC_tse,5-15,-2.0987166470387293,4,MAP_SCADA,48
0,x_tcsc,1-14,-0.15595568180584035,5,MAP_SCADA,48
1,B_svc,2,0.46153537500142383,5,MAP_SCADA,48
2,UPFC_Vsh,5-15,1.1115793564576082,5,MAP_SCADA,48
3,UPFC_tsh,5-15,-0.23200826939917246,5,MAP_SCADA,48
4,UPFC_Vse,5-15,0.05456024894931329,5,MAP_SCADA,48
5,UPFC_tse,5-15,-2.096598908826428,5,MAP_SCADA,48
0,x_tcsc,1-14,-0.15428565154989402,6,MAP_SCADA,48
1,B_svc,2,0.4667919889623746,6,MAP_SCADA,48
2,UPFC_Vsh,5-15,1.1127047894322615,6,MAP_SCADA,48
3,UPFC_tsh,5-15,-0.23313857860679918,6,MAP_SCADA,48
4,UPFC_Vse,5-15,0.05463685756027639,6,MAP_SCADA,48
5,UPFC_tse,5-15,-2.097793283697018,6,MAP_SCADA,48
0,x_tcsc,1-14,-0.1538507206025142,7,MAP_SCADA,48
1,B_svc,2,0.45747789027193847,7,MAP_SCADA,48
2,UPFC_Vsh,5-15,1.1132311111641207,7,MAP_SCADA,48
3,UPFC_tsh,5-15,-0.2328764806224023,7,MAP_SCADA,48
4,UPFC_Vse,5-15,0.05534803075311791,7,MAP_SCADA,48
5,UPFC_tse,5-15,-2.099134201328418,7,MAP_SCADA,48
0,x_tcsc,1-14,-0.1542986818918144,8,MAP_SCADA,48
1,B_svc,2,0.4684439903946154,8,MAP_SCADA,48
2,UPFC_Vsh,5-15,1.1083594368083318,8,MAP_SCADA,48
3,UPFC_tsh,5-15,-0.23456072457668767,8,MAP_SCADA,48
4,UPFC_Vse,5-15,0.05461136578310816,8,MAP_SCADA,48
5,UPFC_tse,5-15,-2.1021588530142,8,MAP_SCADA,48
0,x_tcsc,1-14,-0.15451989449848902,9,MAP_SCADA,48
1,B_svc,2,0.4662146416727125,9,MAP_SCADA,48
2,UPFC_Vsh,5-15,1.1098736574487926,9,MAP_SCADA,48
3,UPFC_tsh,5-15,-0.23396210193981276,9,MAP_SCADA,48
4,UPFC_Vse,5-15,0.054843984417502614,9,MAP_SCADA,48
5,UPFC_tse,5-15,-2.0982522157628223,9,MAP_SCADA,48
0,x_tcsc,1-14,-0.1552551668162382,0,MAP_SCADA,49
1,B_svc,2,0.46813009931225996,0,MAP_SCADA,49
2,UPFC_Vsh,5-15,1.109219806879187,0,MAP_SCADA,49
3,UPFC_tsh,5-15,-0.23302180177906986,0,MAP_SCADA,49
4,UPFC_Vse,5-15,0.05492275458071451,0,MAP_SCADA,49
5,UPFC_tse,5-15,-2.098640903283867,0,MAP_SCADA,49
0,x_tcsc,1-14,-0.15500338307859587,1,MAP_SCADA,49
1,B_svc,2,0.46151852565593826,1,MAP_SCADA,49
2,UPFC_Vsh,5-15,1.111288466604513,1,MAP_SCADA,49
3,UPFC_tsh,5-15,-0.23226418100807547,1,MAP_SCADA,49
4,UPFC_Vse,5-15,0.05513180225120956,1,MAP_SCADA,49
5,UPFC_tse,5-15,-2.0947625863979997,1,MAP_SCADA,49
0,x_tcsc,1-14,-0.155410840079784,2,MAP_SCADA,49
1,B_svc,2,0.46575001300650914,2,MAP_SCADA,49
2,UPFC_Vsh,5-15,1.1118352177443702,2,MAP_SCADA,49
3,UPFC_tsh,5-15,-0.2322619986911179,2,MAP_SCADA,49
4,UPFC_Vse,5-15,0.05453011637138779,2,MAP_SCADA,49
5,UPFC_tse,5-15,-2.096498705934241,2,MAP_SCADA,49
0,x_tcsc,1-14,-0.1556611265370181,3,MAP_SCADA,49
1,B_svc,2,0.45738283398669377,3,MAP_SCADA,49
2,UPFC_Vsh,5-15,1.1143383373836133,3,MAP_SCADA,49
3,UPFC_tsh,5-15,-0.23098269684181724,3,MAP_SCADA,49
4,UPFC_Vse,5-15,0.05457413021951652,3,MAP_SCADA,49
5,UPFC_tse,5-15,-2.096462536434822,3,MAP_SCADA,49
0,x_tcsc,1-14,-0.15509092924392126,4,MAP_SCADA,49
1,B_svc,2,0.4701608987813483,4,MAP_SCADA,49
2,UPFC_Vsh,5-15,1.1102891671427044,4,MAP_SCADA,49
3,UPFC_tsh,5-15,-0.2332377355911988,4,MAP_SCADA,49
4,UPFC_Vse,5-15,0.05537813766065219,4,MAP_SCADA,49
5,UPFC_tse,5-15,-2.0987166470387293,4,MAP_SCADA,49
0,x_tcsc,1-14,-0.15595568180584035,5,MAP_SCADA,49
1,B_svc,2,0.46153537500142383,5,MAP_SCADA,49
2,UPFC_Vsh,5-15,1.1115793564576082,5,MAP_SCADA,49
3,UPFC_tsh,5-15,-0.23200826939917246,5,MAP_SCADA,49
4,UPFC_Vse,5-15,0.05456024894931329,5,MAP_SCADA,49
5,UPFC_tse,5-15,-2.096598908826428,5,MAP_SCADA,49
0,x_tcsc,1-14,-0.15428565154989402,6,MAP_SCADA,49
1,B_svc,2,0.4667919889623746,6,MAP_SCADA,49
2,UPFC_Vsh,5-15,1.1127047894322615,6,MAP_SCADA,49
3,UPFC_tsh,5-15,-0.23313857860679918,6,MAP_SCADA,49
4,UPFC_Vse,5-15,0.05463685756027639,6,MAP_SCADA,49
5,UPFC_tse,5-15,-2.097793283697018,6,MAP_SCADA,49
0,x_tcsc,1-14,-0.1538507206025142,7,MAP_SCADA,49
1,B_svc,2,0.45747789027193847,7,MAP_SCADA,49
2,UPFC_Vsh,5-15,1.1132311111641207,7,MAP_SCADA,49
3,UPFC_tsh,5-15,-0.2328764806224023,7,MAP_SCADA,49
4,UPFC_Vse,5-15,0.05534803075311791,7,MAP_SCADA,49
5,UPFC_tse,5-15,-2.099134201328418,7,MAP_SCADA,49
0,x_tcsc,1-14,-0.1542986818918144,8,MAP_SCADA,49
1,B_svc,2,0.4684439903946154,8,MAP_SCADA,49
2,UPFC_Vsh,5-15,1.1083594368083318,8,MAP_SCADA,49
3,UPFC_tsh,5-15,-0.23456072457668767,8,MAP_SCADA,49
4,UPFC_Vse,5-15,0.05461136578310816,8,MAP_SCADA,49
5,UPFC_tse,5-15,-2.1021588530142,8,MAP_SCADA,49
0,x_tcsc,1-14,-0.15451989449848902,9,MAP_SCADA,49
1,B_svc,2,0.4662146416727125,9,MAP_SCADA,49
2,UPFC_Vsh,5-15,1.1098736574487926,9,MAP_SCADA,49
3,UPFC_tsh,5-15,-0.23396210193981276,9,MAP_SCADA,49
4,UPFC_Vse,5-15,0.054843984417502614,9,MAP_SCADA,49
5,UPFC_tse,5-15,-2.0982522157628223,9,MAP_SCADA,49
0,x_tcsc,1-14,-0.1552551668162382,0,MAP_SCADA,50
1,B_svc,2,0.46813009931225996,0,MAP_SCADA,50
2,UPFC_Vsh,5-15,1.109219806879187,0,MAP_SCADA,50
3,UPFC_tsh,5-15,-0.23302180177906986,0,MAP_SCADA,50
4,UPFC_Vse,5-15,0.05492275458071451,0,MAP_SCADA,50
5,UPFC_tse,5-15,-2.098640903283867,0,MAP_SCADA,50
0,x_tcsc,1-14,-0.15500338307859587,1,MAP_SCADA,50
1,B_svc,2,0.46151852565593826,1,MAP_SCADA,50
2,UPFC_Vsh,5-15,1.111288466604513,1,MAP_SCADA,50
3,UPFC_tsh,5-15,-0.23226418100807547,1,MAP_SCADA,50
4,UPFC_Vse,5-15,0.05513180225120956,1,MAP_SCADA,50
5,UPFC_tse,5-15,-2.0947625863979997,1,MAP_SCADA,50
0,x_tcsc,1-14,-0.155410840079784,2,MAP_SCADA,50
1,B_svc,2,0.46575001300650914,2,MAP_SCADA,50
2,UPFC_Vsh,5-15,1.1118352177443702,2,MAP_SCADA,50
3,UPFC_tsh,5-15,-0.2322619986911179,2,MAP_SCADA,50
4,UPFC_Vse,5-15,0.05453011637138779,2,MAP_SCADA,50
5,UPFC_tse,5-15,-2.096498705934241,2,MAP_SCADA,50
0,x_tcsc,1-14,-0.1556611265370181,3,MAP_SCADA,50
1,B_svc,2,0.45738283398669377,3,MAP_SCADA,50
2,UPFC_Vsh,5-15,1.1143383373836133,3,MAP_SCADA,50
3,UPFC_tsh,5-15,-0.23098269684181724,3,MAP_SCADA,50
4,UPFC_Vse,5-15,0.05457413021951652,3,MAP_SCADA,50
5,UPFC_tse,5-15,-2.096462536434822,3,MAP_SCADA,50
0,x_tcsc,1-14,-0.15509092924392126,4,MAP_SCADA,50
1,B_svc,2,0.4701608987813483,4,MAP_SCADA,50
2,UPFC_Vsh,5-15,1.1102891671427044,4,MAP_SCADA,50
3,UPFC_tsh,5-15,-0.2332377355911988,4,MAP_SCADA,50
4,UPFC_Vse,5-15,0.05537813766065219,4,MAP_SCADA,50
5,UPFC_tse,5-15,-2.0987166470387293,4,MAP_SCADA,50
0,x_tcsc,1-14,-0.15595568180584035,5,MAP_SCADA,50
1,B_svc,2,0.46153537500142383,5,MAP_SCADA,50
2,UPFC_Vsh,5-15,1.1115793564576082,5,MAP_SCADA,50
3,UPFC_tsh,5-15,-0.23200826939917246,5,MAP_SCADA,50
4,UPFC_Vse,5-15,0.05456024894931329,5,MAP_SCADA,50
5,UPFC_tse,5-15,-2.096598908826428,5,MAP_SCADA,50
0,x_tcsc,1-14,-0.15428565154989402,6,MAP_SCADA,50
1,B_svc,2,0.4667919889623746,6,MAP_SCADA,50
2,UPFC_Vsh,5-15,1.1127047894322615,6,MAP_SCADA,50
3,UPFC_tsh,5-15,-0.23313857860679918,6,MAP_SCADA,50
4,UPFC_Vse,5-15,0.05463685756027639,6,MAP_SCADA,50
5,UPFC_tse,5-15,-2.097793283697018,6,MAP_SCADA,50
0,x_tcsc,1-14,-0.1538507206025142,7,MAP_SCADA,50
1,B_svc,2,0.45747789027193847,7,MAP_SCADA,50
2,UPFC_Vsh,5-15,1.1132311111641207,7,MAP_SCADA,50
3,UPFC_tsh,5-15,-0.2328764806224023,7,MAP_SCADA,50
4,UPFC_Vse,5-15,0.05534803075311791,7,MAP_SCADA,50
5,UPFC_tse,5-15,-2.099134201328418,7,MAP_SCADA,50
0,x_tcsc,1-14,-0.1542986818918144,8,MAP_SCADA,50
1,B_svc,2,0.4684439903946154,8,MAP_SCADA,50
2,UPFC_Vsh,5-15,1.1083594368083318,8,MAP_SCADA,50
3,UPFC_tsh,5-15,-0.23456072457668767,8,MAP_SCADA,50
4,UPFC_Vse,5-15,0.05461136578310816,8,MAP_SCADA,50
5,UPFC_tse,5-15,-2.1021588530142,8,MAP_SCADA,50
0,x_tcsc,1-14,-0.15451989449848902,9,MAP_SCADA,50
1,B_svc,2,0.4662146416727125,9,MAP_SCADA,50
2,UPFC_Vsh,5-15,1.1098736574487926,9,MAP_SCADA,50
3,UPFC_tsh,5-15,-0.23396210193981276,9,MAP_SCADA,50
4,UPFC_Vse,5-15,0.054843984417502614,9,MAP_SCADA,50
5,UPFC_tse,5-15,-2.0982522157628223,9,MAP_SCADA,50
0,x_tcsc,1-14,-0.1552551668162382,0,MAP_SCADA,51
1,B_svc,2,0.46813009931225996,0,MAP_SCADA,51
2,UPFC_Vsh,5-15,1.109219806879187,0,MAP_SCADA,51
3,UPFC_tsh,5-15,-0.23302180177906986,0,MAP_SCADA,51
4,UPFC_Vse,5-15,0.05492275458071451,0,MAP_SCADA,51
5,UPFC_tse,5-15,-2.098640903283867,0,MAP_SCADA,51
0,x_tcsc,1-14,-0.15500338307859587,1,MAP_SCADA,51
1,B_svc,2,0.46151852565593826,1,MAP_SCADA,51
2,UPFC_Vsh,5-15,1.111288466604513,1,MAP_SCADA,51
3,UPFC_tsh,5-15,-0.23226418100807547,1,MAP_SCADA,51
4,UPFC_Vse,5-15,0.05513180225120956,1,MAP_SCADA,51
5,UPFC_tse,5-15,-2.0947625863979997,1,MAP_SCADA,51
0,x_tcsc,1-14,-0.155410840079784,2,MAP_SCADA,51
1,B_svc,2,0.46575001300650914,2,MAP_SCADA,51
2,UPFC_Vsh,5-15,1.1118352177443702,2,MAP_SCADA,51
3,UPFC_tsh,5-15,-0.2322619986911179,2,MAP_SCADA,51
4,UPFC_Vse,5-15,0.05453011637138779,2,MAP_SCADA,51
5,UPFC_tse,5-15,-2.096498705934241,2,MAP_SCADA,51
0,x_tcsc,1-14,-0.1556611265370181,3,MAP_SCADA,51
1,B_svc,2,0.45738283398669377,3,MAP_SCADA,51
2,UPFC_Vsh,5-15,1.1143383373836133,3,MAP_SCADA,51
3,UPFC_tsh,5-15,-0.23098269684181724,3,MAP_SCADA,51
4,UPFC_Vse,5-15,0.05457413021951652,3,MAP_SCADA,51
5,UPFC_tse,5-15,-2.096462536434822,3,MAP_SCADA,51
0,x_tcsc,1-14,-0.15509092924392126,4,MAP_SCADA,51
1,B_svc,2,0.4701608987813483,4,MAP_SCADA,51
2,UPFC_Vsh,5-15,1.1102891671427044,4,MAP_SCADA,51
3,UPFC_tsh,5-15,-0.2332377355911988,4,MAP_SCADA,51
4,UPFC_Vse,5-15,0.05537813766065219,4,MAP_SCADA,51
5,UPFC_tse,5-15,-2.0987166470387293,4,MAP_SCADA,51
0,x_tcsc,1-14,-0.15595568180584035,5,MAP_SCADA,51
1,B_svc,2,0.46153537500142383,5,MAP_SCADA,51
2,UPFC_Vsh,5-15,1.1115793564576082,5,MAP_SCADA,51
3,UPFC_tsh,5-15,-0.23200826939917246,5,MAP_SCADA,51
4,UPFC_Vse,5-15,0.05456024894931329,5,MAP_SCADA,51
5,UPFC_tse,5-15,-2.096598908826428,5,MAP_SCADA,51
0,x_tcsc,1-14,-0.15428565154989402,6,MAP_SCADA,51
1,B_svc,2,0.4667919889623746,6,MAP_SCADA,51
2,UPFC_Vsh,5-15,1.1127047894322615,6,MAP_SCADA,51
3,UPFC_tsh,5-15,-0.23313857860679918,6,MAP_SCADA,51
4,UPFC_Vse,5-15,0.05463685756027639,6,MAP_SCADA,51
5,UPFC_tse,5-15,-2.097793283697018,6,MAP_SCADA,51
0,x_tcsc,1-14,-0.1538507206025142,7,MAP_SCADA,51
1,B_svc,2,0.45747789027193847,7,MAP_SCADA,51
2,UPFC_Vsh,5-15,1.1132311111641207,7,MAP_SCADA,51
3,UPFC_tsh,5-15,-0.2328764806224023,7,MAP_SCADA,51
4,UPFC_Vse,5-15,0.05534803075311791,7,MAP_SCADA,51
5,UPFC_tse,5-15,-2.099134201328418,7,MAP_SCADA,51
0,x_tcsc,1-14,-0.1542986818918144,8,MAP_SCADA,51
1,B_svc,2,0.4684439903946154,8,MAP_SCADA,51
2,UPFC_Vsh,5-15,1.1083594368083318,8,MAP_SCADA,51
3,UPFC_tsh,5-15,-0.23456072457668767,8,MAP_SCADA,51
4,UPFC_Vse,5-15,0.05461136578310816,8,MAP_SCADA,51
5,UPFC_tse,5-15,-2.1021588530142,8,MAP_SCADA,51
0,x_tcsc,1-14,-0.15451989449848902,9,MAP_SCADA,51
1,B_svc,2,0.4662146416727125,9,MAP_SCADA,51
2,UPFC_Vsh,5-15,1.1098736574487926,9,MAP_SCADA,51
3,UPFC_tsh,5-15,-0.23396210193981276,9,MAP_SCADA,51
4,UPFC_Vse,5-15,0.054843984417502614,9,MAP_SCADA,51
5,UPFC_tse,5-15,-2.0982522157628223,9,MAP_SCADA,51
0,x_tcsc,1-14,-0.1552551668162382,0,MAP_SCADA,52
1,B_svc,2,0.46813009931225996,0,MAP_SCADA,52
2,UPFC_Vsh,5-15,1.109219806879187,0,MAP_SCADA,52
3,UPFC_tsh,5-15,-0.23302180177906986,0,MAP_SCADA,52
4,UPFC_Vse,5-15,0.05492275458071451,0,MAP_SCADA,52
5,UPFC_tse,5-15,-2.098640903283867,0,MAP_SCADA,52
0,x_tcsc,1-14,-0.15500338307859587,1,MAP_SCADA,52
1,B_svc,2,0.46151852565593826,1,MAP_SCADA,52
2,UPFC_Vsh,5-15,1.111288466604513,1,MAP_SCADA,52
3,UPFC_tsh,5-15,-0.23226418100807547,1,MAP_SCADA,52
4,UPFC_Vse,5-15,0.05513180225120956,1,MAP_SCADA,52
5,UPFC_tse,5-15,-2.0947625863979997,1,MAP_SCADA,52
0,x_tcsc,1-14,-0.155410840079784,2,MAP_SCADA,52
1,B_svc,2,0.46575001300650914,2,MAP_SCADA,52
2,UPFC_Vsh,5-15,1.1118352177443702,2,MAP_SCADA,52
3,UPFC_tsh,5-15,-0.2322619986911179,2,MAP_SCADA,52
4,UPFC_Vse,5-15,0.05453011637138779,2,MAP_SCADA,52
5,UPFC_tse,5-15,-2.096498705934241,2,MAP_SCADA,52
0,x_tcsc,1-14,-0.1556611265370181,3,MAP_SCADA,52
1,B_svc,2,0.45738283398669377,3,MAP_SCADA,52
2,UPFC_Vsh,5-15,1.1143383373836133,3,MAP_SCADA,52
3,UPFC_tsh,5-15,-0.23098269684181724,3,MAP_SCADA,52
4,UPFC_Vse,5-15,0.05457413021951652,3,MAP_SCADA,52
5,UPFC_tse,5-15,-2.096462536434822,3,MAP_SCADA,52
0,x_tcsc,1-14,-0.15509092924392126,4,MAP_SCADA,52
1,B_svc,2,0.4701608987813483,4,MAP_SCADA,52
2,UPFC_Vsh,5-15,1.1102891671427044,4,MAP_SCADA,52
3,UPFC_tsh,5-15,-0.2332377355911988,4,MAP_SCADA,52
4,UPFC_Vse,5-15,0.05537813766065219,4,MAP_SCADA,52
5,UPFC_tse,5-15,-2.0987166470387293,4,MAP_SCADA,52
0,x_tcsc,1-14,-0.15595568180584035,5,MAP_SCADA,52
1,B_svc,2,0.46153537500142383,5,MAP_SCADA,52
2,UPFC_Vsh,5-15,1.1115793564576082,5,MAP_SCADA,52
3,UPFC_tsh,5-15,-0.23200826939917246,5,MAP_SCADA,52
4,UPFC_Vse,5-15,0.05456024894931329,5,MAP_SCADA,52
5,UPFC_tse,5-15,-2.096598908826428,5,MAP_SCADA,52
0,x_tcsc,1-14,-0.15428565154989402,6,MAP_SCADA,52
1,B_svc,2,0.4667919889623746,6,MAP_SCADA,52
2,UPFC_Vsh,5-15,1.1127047894322615,6,MAP_SCADA,52
3,UPFC_tsh,5-15,-0.23313857860679918,6,MAP_SCADA,52
4,UPFC_Vse,5-15,0.05463685756027639,6,MAP_SCADA,52
5,UPFC_tse,5-15,-2.097793283697018,6,MAP_SCADA,52
0,x_tcsc,1-14,-0.1538507206025142,7,MAP_SCADA,52
1,B_svc,2,0.45747789027193847,7,MAP_SCADA,52
2,UPFC_Vsh,5-15,1.1132311111641207,7,MAP_SCADA,52
3,UPFC_tsh,5-15,-0.2328764806224023,7,MAP_SCADA,52
4,UPFC_Vse,5-15,0.05534803075311791,7,MAP_SCADA,52
5,UPFC_tse,5-15,-2.099134201328418,7,MAP_SCADA,52
0,x_tcsc,1-14,-0.1542986818918144,8,MAP_SCADA,52
1,B_svc,2,0.4684439903946154,8,MAP_SCADA,52
2,UPFC_Vsh,5-15,1.1083594368083318,8,MAP_SCADA,52
3,UPFC_tsh,5-15,-0.23456072457668767,8,MAP_SCADA,52
4,UPFC_Vse,5-15,0.05461136578310816,8,MAP_SCADA,52
5,UPFC_tse,5-15,-2.1021588530142,8,MAP_SCADA,52
0,x_tcsc,1-14,-0.15451989449848902,9,MAP_SCADA,52
1,B_svc,2,0.4662146416727125,9,MAP_SCADA,52
2,UPFC_Vsh,5-15,1.1098736574487926,9,MAP_SCADA,52
3,UPFC_tsh,5-15,-0.23396210193981276,9,MAP_SCADA,52
4,UPFC_Vse,5-15,0.054843984417502614,9,MAP_SCADA,52
5,UPFC_tse,5-15,-2.0982522157628223,9,MAP_SCADA,52
0,x_tcsc,1-14,-0.1552551668162382,0,MAP_SCADA,53
1,B_svc,2,0.46813009931225996,0,MAP_SCADA,53
2,UPFC_Vsh,5-15,1.109219806879187,0,MAP_SCADA,53
3,UPFC_tsh,5-15,-0.23302180177906986,0,MAP_SCADA,53
4,UPFC_Vse,5-15,0.05492275458071451,0,MAP_SCADA,53
5,UPFC_tse,5-15,-2.098640903283867,0,MAP_SCADA,53
0,x_tcsc,1-14,-0.15500338307859587,1,MAP_SCADA,53
1,B_svc,2,0.46151852565593826,1,MAP_SCADA,53
2,UPFC_Vsh,5-15,1.111288466604513,1,MAP_SCADA,53
3,UPFC_tsh,5-15,-0.23226418100807547,1,MAP_SCADA,53
4,UPFC_Vse,5-15,0.05513180225120956,1,MAP_SCADA,53
5,UPFC_tse,5-15,-2.0947625863979997,1,MAP_SCADA,53
0,x_tcsc,1-14,-0.155410840079784,2,MAP_SCADA,53
1,B_svc,2,0.46575001300650914,2,MAP_SCADA,53
2,UPFC_Vsh,5-15,1.1118352177443702,2,MAP_SCADA,53
3,UPFC_tsh,5-15,-0.2322619986911179,2,MAP_SCADA,53
4,UPFC_Vse,5-15,0.05453011637138779,2,MAP_SCADA,53
5,UPFC_tse,5-15,-2.096498705934241,2,MAP_SCADA,53
0,x_tcsc,1-14,-0.1556611265370181,3,MAP_SCADA,53
1,B_svc,2,0.45738283398669377,3,MAP_SCADA,53
2,UPFC_Vsh,5-15,1.1143383373836133,3,MAP_SCADA,53
3,UPFC_tsh,5-15,-0.23098269684181724,3,MAP_SCADA,53
4,UPFC_Vse,5-15,0.05457413021951652,3,MAP_SCADA,53
5,UPFC_tse,5-15,-2.096462536434822,3,MAP_SCADA,53
0,x_tcsc,1-14,-0.15509092924392126,4,MAP_SCADA,53
1,B_svc,2,0.4701608987813483,4,MAP_SCADA,53
2,UPFC_Vsh,5-15,1.1102891671427044,4,MAP_SCADA,53
3,UPFC_tsh,5-15,-0.2332377355911988,4,MAP_SCADA,53
4,UPFC_Vse,5-15,0.05537813766065219,4,MAP_SCADA,53
5,UPFC_tse,5-15,-2.0987166470387293,4,MAP_SCADA,53
0,x_tcsc,1-14,-0.15595568180584035,5,MAP_SCADA,53
1,B_svc,2,0.46153537500142383,5,MAP_SCADA,53
2,UPFC_Vsh,5-15,1.1115793564576082,5,MAP_SCADA,53
3,UPFC_tsh,5-15,-0.23200826939917246,5,MAP_SCADA,53
4,UPFC_Vse,5-15,0.05456024894931329,5,MAP_SCADA,53
5,UPFC_tse,5-15,-2.096598908826428,5,MAP_SCADA,53
0,x_tcsc,1-14,-0.15428565154989402,6,MAP_SCADA,53
1,B_svc,2,0.4667919889623746,6,MAP_SCADA,53
2,UPFC_Vsh,5-15,1.1127047894322615,6,MAP_SCADA,53
3,UPFC_tsh,5-15,-0.23313857860679918,6,MAP_SCADA,53
4,UPFC_Vse,5-15,0.05463685756027639,6,MAP_SCADA,53
5,UPFC_tse,5-15,-2.097793283697018,6,MAP_SCADA,53
0,x_tcsc,1-14,-0.1538507206025142,7,MAP_SCADA,53
1,B_svc,2,0.45747789027193847,7,MAP_SCADA,53
2,UPFC_Vsh,5-15,1.1132311111641207,7,MAP_SCADA,53
3,UPFC_tsh,5-15,-0.2328764806224023,7,MAP_SCADA,53
4,UPFC_Vse,5-15,0.05534803075311791,7,MAP_SCADA,53
5,UPFC_tse,5-15,-2.099134201328418,7,MAP_SCADA,53
0,x_tcsc,1-14,-0.1542986818918144,8,MAP_SCADA,53
1,B_svc,2,0.4684439903946154,8,MAP_SCADA,53
2,UPFC_Vsh,5-15,1.1083594368083318,8,MAP_SCADA,53
3,UPFC_tsh,5-15,-0.23456072457668767,8,MAP_SCADA,53
4,UPFC_Vse,5-15,0.05461136578310816,8,MAP_SCADA,53
5,UPFC_tse,5-15,-2.1021588530142,8,MAP_SCADA,53
0,x_tcsc,1-14,-0.15451989449848902,9,MAP_SCADA,53
1,B_svc,2,0.4662146416727125,9,MAP_SCADA,53
2,UPFC_Vsh,5-15,1.1098736574487926,9,MAP_SCADA,53
3,UPFC_tsh,5-15,-0.23396210193981276,9,MAP_SCADA,53
4,UPFC_Vse,5-15,0.054843984417502614,9,MAP_SCADA,53
5,UPFC_tse,5-15,-2.0982522157628223,9,MAP_SCADA,53
0,x_tcsc,1-14,-0.1552551668162382,0,MAP_SCADA,54
1,B_svc,2,0.46813009931225996,0,MAP_SCADA,54
2,UPFC_Vsh,5-15,1.109219806879187,0,MAP_SCADA,54
3,UPFC_tsh,5-15,-0.23302180177906986,0,MAP_SCADA,54
4,UPFC_Vse,5-15,0.05492275458071451,0,MAP_SCADA,54
5,UPFC_tse,5-15,-2.098640903283867,0,MAP_SCADA,54
0,x_tcsc,1-14,-0.15500338307859587,1,MAP_SCADA,54
1,B_svc,2,0.46151852565593826,1,MAP_SCADA,54
2,UPFC_Vsh,5-15,1.111288466604513,1,MAP_SCADA,54
3,UPFC_tsh,5-15,-0.23226418100807547,1,MAP_SCADA,54
4,UPFC_Vse,5-15,0.05513180225120956,1,MAP_SCADA,54
5,UPFC_tse,5-15,-2.0947625863979997,1,MAP_SCADA,54
0,x_tcsc,1-14,-0.155410840079784,2,MAP_SCADA,54
1,B_svc,2,0.46575001300650914,2,MAP_SCADA,54
2,UPFC_Vsh,5-15,1.1118352177443702,2,MAP_SCADA,54
3,UPFC_tsh,5-15,-0.2322619986911179,2,MAP_SCADA,54
4,UPFC_Vse,5-15,0.05453011637138779,2,MAP_SCADA,54
5,UPFC_tse,5-15,-2.096498705934241,2,MAP_SCADA,54
0,x_tcsc,1-14,-0.1556611265370181,3,MAP_SCADA,54
1,B_svc,2,0.45738283398669377,3,MAP_SCADA,54
2,UPFC_Vsh,5-15,1.1143383373836133,3,MAP_SCADA,54
3,UPFC_tsh,5-15,-0.23098269684181724,3,MAP_SCADA,54
4,UPFC_Vse,5-15,0.05457413021951652,3,MAP_SCADA,54
5,UPFC_tse,5-15,-2.096462536434822,3,MAP_SCADA,54
0,x_tcsc,1-14,-0.15509092924392126,4,MAP_SCADA,54
1,B_svc,2,0.4701608987813483,4,MAP_SCADA,54
2,UPFC_Vsh,5-15,1.1102891671427044,4,MAP_SCADA,54
3,UPFC_tsh,5-15,-0.2332377355911988,4,MAP_SCADA,54
4,UPFC_Vse,5-15,0.05537813766065219,4,MAP_SCADA,54
5,UPFC_tse,5-15,-2.0987166470387293,4,MAP_SCADA,54
0,x_tcsc,1-14,-0.15595568180584035,5,MAP_SCADA,54
1,B_svc,2,0.46153537500142383,5,MAP_SCADA,54
2,UPFC_Vsh,5-15,1.1115793564576082,5,MAP_SCADA,54
3,UPFC_tsh,5-15,-0.23200826939917246,5,MAP_SCADA,54
4,UPFC_Vse,5-15,0.05456024894931329,5,MAP_SCADA,54
5,UPFC_tse,5-15,-2.096598908826428,5,MAP_SCADA,54
0,x_tcsc,1-14,-0.15428565154989402,6,MAP_SCADA,54
1,B_svc,2,0.4667919889623746,6,MAP_SCADA,54
2,UPFC_Vsh,5-15,1.1127047894322615,6,MAP_SCADA,54
3,UPFC_tsh,5-15,-0.23313857860679918,6,MAP_SCADA,54
4,UPFC_Vse,5-15,0.05463685756027639,6,MAP_SCADA,54
5,UPFC_tse,5-15,-2.097793283697018,6,MAP_SCADA,54
0,x_tcsc,1-14,-0.1538507206025142,7,MAP_SCADA,54
1,B_svc,2,0.45747789027193847,7,MAP_SCADA,54
2,UPFC_Vsh,5-15,1.1132311111641207,7,MAP_SCADA,54
3,UPFC_tsh,5-15,-0.2328764806224023,7,MAP_SCADA,54
4,UPFC_Vse,5-15,0.05534803075311791,7,MAP_SCADA,54
5,UPFC_tse,5-15,-2.099134201328418,7,MAP_SCADA,54
0,x_tcsc,1-14,-0.1542986818918144,8,MAP_SCADA,54
1,B_svc,2,0.4684439903946154,8,MAP_SCADA,54
2,UPFC_Vsh,5-15,1.1083594368083318,8,MAP_SCADA,54
3,UPFC_tsh,5-15,-0.23456072457668767,8,MAP_SCADA,54
4,UPFC_Vse,5-15,0.05461136578310816,8,MAP_SCADA,54
5,UPFC_tse,5-15,-2.1021588530142,8,MAP_SCADA,54
0,x_tcsc,1-14,-0.15451989449848902,9,MAP_SCADA,54
1,B_svc,2,0.4662146416727125,9,MAP_SCADA,54
2,UPFC_Vsh,5-15,1.1098736574487926,9,MAP_SCADA,54
3,UPFC_tsh,5-15,-0.23396210193981276,9,MAP_SCADA,54
4,UPFC_Vse,5-15,0.054843984417502614,9,MAP_SCADA,54
5,UPFC_tse,5-15,-2.0982522157628223,9,MAP_SCADA,54
0,x_tcsc,1-14,-0.1552551668162382,0,MAP_SCADA,55
1,B_svc,2,0.46813009931225996,0,MAP_SCADA,55
2,UPFC_Vsh,5-15,1.109219806879187,0,MAP_SCADA,55
3,UPFC_tsh,5-15,-0.23302180177906986,0,MAP_SCADA,55
4,UPFC_Vse,5-15,0.05492275458071451,0,MAP_SCADA,55
5,UPFC_tse,5-15,-2.098640903283867,0,MAP_SCADA,55
0,x_tcsc,1-14,-0.15500338307859587,1,MAP_SCADA,55
1,B_svc,2,0.46151852565593826,1,MAP_SCADA,55
2,UPFC_Vsh,5-15,1.111288466604513,1,MAP_SCADA,55
3,UPFC_tsh,5-15,-0.23226418100807547,1,MAP_SCADA,55
4,UPFC_Vse,5-15,0.05513180225120956,1,MAP_SCADA,55
5,UPFC_tse,5-15,-2.0947625863979997,1,MAP_SCADA,55
0,x_tcsc,1-14,-0.155410840079784,2,MAP_SCADA,55
1,B_svc,2,0.46575001300650914,2,MAP_SCADA,55
2,UPFC_Vsh,5-15,1.1118352177443702,2,MAP_SCADA,55
3,UPFC_tsh,5-15,-0.2322619986911179,2,MAP_SCADA,55
4,UPFC_Vse,5-15,0.05453011637138779,2,MAP_SCADA,55
5,UPFC_tse,5-15,-2.096498705934241,2,MAP_SCADA,55
0,x_tcsc,1-14,-0.1556611265370181,3,MAP_SCADA,55
1,B_svc,2,0.45738283398669377,3,MAP_SCADA,55
2,UPFC_Vsh,5-15,1.1143383373836133,3,MAP_SCADA,55
3,UPFC_tsh,5-15,-0.23098269684181724,3,MAP_SCADA,55
4,UPFC_Vse,5-15,0.05457413021951652,3,MAP_SCADA,55
5,UPFC_tse,5-15,-2.096462536434822,3,MAP_SCADA,55
0,x_tcsc,1-14,-0.15509092924392126,4,MAP_SCADA,55
1,B_svc,2,0.4701608987813483,4,MAP_SCADA,55
2,UPFC_Vsh,5-15,1.1102891671427044,4,MAP_SCADA,55
3,UPFC_tsh,5-15,-0.2332377355911988,4,MAP_SCADA,55
4,UPFC_Vse,5-15,0.05537813766065219,4,MAP_SCADA,55
5,UPFC_tse,5-15,-2.0987166470387293,4,MAP_SCADA,55
0,x_tcsc,1-14,-0.15595568180584035,5,MAP_SCADA,55
1,B_svc,2,0.46153537500142383,5,MAP_SCADA,55
2,UPFC_Vsh,5-15,1.1115793564576082,5,MAP_SCADA,55
3,UPFC_tsh,5-15,-0.23200826939917246,5,MAP_SCADA,55
4,UPFC_Vse,5-15,0.05456024894931329,5,MAP_SCADA,55
5,UPFC_tse,5-15,-2.096598908826428,5,MAP_SCADA,55
0,x_tcsc,1-14,-0.15428565154989402,6,MAP_SCADA,55
1,B_svc,2,0.4667919889623746,6,MAP_SCADA,55
2,UPFC_Vsh,5-15,1.1127047894322615,6,MAP_SCADA,55
3,UPFC_tsh,5-15,-0.23313857860679918,6,MAP_SCADA,55
4,UPFC_Vse,5-15,0.05463685756027639,6,MAP_SCADA,55
5,UPFC_tse,5-15,-2.097793283697018,6,MAP_SCADA,55
0,x_tcsc,1-14,-0.1538507206025142,7,MAP_SCADA,55
1,B_svc,2,0.45747789027193847,7,MAP_SCADA,55
2,UPFC_Vsh,5-15,1.1132311111641207,7,MAP_SCADA,55
3,UPFC_tsh,5-15,-0.2328764806224023,7,MAP_SCADA,55
4,UPFC_Vse,5-15,0.05534803075311791,7,MAP_SCADA,55
5,UPFC_tse,5-15,-2.099134201328418,7,MAP_SCADA,55
0,x_tcsc,1-14,-0.1542986818918144,8,MAP_SCADA,55
1,B_svc,2,0.4684439903946154,8,MAP_SCADA,55
2,UPFC_Vsh,5-15,1.1083594368083318,8,MAP_SCADA,55
3,UPFC_tsh,5-15,-0.23456072457668767,8,MAP_SCADA,55
4,UPFC_Vse,5-15,0.05461136578310816,8,MAP_SCADA,55
5,UPFC_tse,5-15,-2.1021588530142,8,MAP_SCADA,55
0,x_tcsc,1-14,-0.15451989449848902,9,MAP_SCADA,55
1,B_svc,2,0.4662146416727125,9,MAP_SCADA,55
2,UPFC_Vsh,5-15,1.1098736574487926,9,MAP_SCADA,55
3,UPFC_tsh,5-15,-0.23396210193981276,9,MAP_SCADA,55
4,UPFC_Vse,5-15,0.054843984417502614,9,MAP_SCADA,55
5,UPFC_tse,5-15,-2.0982522157628223,9,MAP_SCADA,55
0,x_tcsc,1-14,-0.1552551668162382,0,MAP_SCADA,56
1,B_svc,2,0.46813009931225996,0,MAP_SCADA,56
2,UPFC_Vsh,5-15,1.109219806879187,0,MAP_SCADA,56
3,UPFC_tsh,5-15,-0.23302180177906986,0,MAP_SCADA,56
4,UPFC_Vse,5-15,0.05492275458071451,0,MAP_SCADA,56
5,UPFC_tse,5-15,-2.098640903283867,0,MAP_SCADA,56
0,x_tcsc,1-14,-0.15500338307859587,1,MAP_SCADA,56
1,B_svc,2,0.46151852565593826,1,MAP_SCADA,56
2,UPFC_Vsh,5-15,1.111288466604513,1,MAP_SCADA,56
3,UPFC_tsh,5-15,-0.23226418100807547,1,MAP_SCADA,56
4,UPFC_Vse,5-15,0.05513180225120956,1,MAP_SCADA,56
5,UPFC_tse,5-15,-2.0947625863979997,1,MAP_SCADA,56
0,x_tcsc,1-14,-0.155410840079784,2,MAP_SCADA,56
1,B_svc,2,0.46575001300650914,2,MAP_SCADA,56
2,UPFC_Vsh,5-15,1.1118352177443702,2,MAP_SCADA,56
3,UPFC_tsh,5-15,-0.2322619986911179,2,MAP_SCADA,56
4,UPFC_Vse,5-15,0.05453011637138779,2,MAP_SCADA,56
5,UPFC_tse,5-15,-2.096498705934241,2,MAP_SCADA,56
0,x_tcsc,1-14,-0.1556611265370181,3,MAP_SCADA,56
1,B_svc,2,0.45738283398669377,3,MAP_SCADA,56
2,UPFC_Vsh,5-15,1.1143383373836133,3,MAP_SCADA,56
3,UPFC_tsh,5-15,-0.23098269684181724,3,MAP_SCADA,56
4,UPFC_Vse,5-15,0.05457413021951652,3,MAP_SCADA,56
5,UPFC_tse,5-15,-2.096462536434822,3,MAP_SCADA,56
0,x_tcsc,1-14,-0.15509092924392126,4,MAP_SCADA,56
1,B_svc,2,0.4701608987813483,4,MAP_SCADA,56
2,UPFC_Vsh,5-15,1.1102891671427044,4,MAP_SCADA,56
3,UPFC_tsh,5-15,-0.2332377355911988,4,MAP_SCADA,56
4,UPFC_Vse,5-15,0.05537813766065219,4,MAP_SCADA,56
5,UPFC_tse,5-15,-2.0987166470387293,4,MAP_SCADA,56
0,x_tcsc,1-14,-0.15595568180584035,5,MAP_SCADA,56
1,B_svc,2,0.46153537500142383,5,MAP_SCADA,56
2,UPFC_Vsh,5-15,1.1115793564576082,5,MAP_SCADA,56
3,UPFC_tsh,5-15,-0.23200826939917246,5,MAP_SCADA,56
4,UPFC_Vse,5-15,0.05456024894931329,5,MAP_SCADA,56
5,UPFC_tse,5-15,-2.096598908826428,5,MAP_SCADA,56
0,x_tcsc,1-14,-0.15428565154989402,6,MAP_SCADA,56
1,B_svc,2,0.4667919889623746,6,MAP_SCADA,56
2,UPFC_Vsh,5-15,1.1127047894322615,6,MAP_SCADA,56
3,UPFC_tsh,5-15,-0.23313857860679918,6,MAP_SCADA,56
4,UPFC_Vse,5-15,0.05463685756027639,6,MAP_SCADA,56
5,UPFC_tse,5-15,-2.097793283697018,6,MAP_SCADA,56
0,x_tcsc,1-14,-0.1538507206025142,7,MAP_SCADA,56
1,B_svc,2,0.45747789027193847,7,MAP_SCADA,56
2,UPFC_Vsh,5-15,1.1132311111641207,7,MAP_SCADA,56
3,UPFC_tsh,5-15,-0.2328764806224023,7,MAP_SCADA,56
4,UPFC_Vse,5-15,0.05534803075311791,7,MAP_SCADA,56
5,UPFC_tse,5-15,-2.099134201328418,7,MAP_SCADA,56
0,x_tcsc,1-14,-0.1542986818918144,8,MAP_SCADA,56
1,B_svc,2,0.4684439903946154,8,MAP_SCADA,56
2,UPFC_Vsh,5-15,1.1083594368083318,8,MAP_SCADA,56
3,UPFC_tsh,5-15,-0.23456072457668767,8,MAP_SCADA,56
4,UPFC_Vse,5-15,0.05461136578310816,8,MAP_SCADA,56
5,UPFC_tse,5-15,-2.1021588530142,8,MAP_SCADA,56
0,x_tcsc,1-14,-0.15451989449848902,9,MAP_SCADA,56
1,B_svc,2,0.4662146416727125,9,MAP_SCADA,56
2,UPFC_Vsh,5-15,1.1098736574487926,9,MAP_SCADA,56
3,UPFC_tsh,5-15,-0.23396210193981276,9,MAP_SCADA,56
4,UPFC_Vse,5-15,0.054843984417502614,9,MAP_SCADA,56
5,UPFC_tse,5-15,-2.0982522157628223,9,MAP_SCADA,56
0,x_tcsc,1-14,-0.1552551668162382,0,MAP_SCADA,57
1,B_svc,2,0.46813009931225996,0,MAP_SCADA,57
2,UPFC_Vsh,5-15,1.109219806879187,0,MAP_SCADA,57
3,UPFC_tsh,5-15,-0.23302180177906986,0,MAP_SCADA,57
4,UPFC_Vse,5-15,0.05492275458071451,0,MAP_SCADA,57
5,UPFC_tse,5-15,-2.098640903283867,0,MAP_SCADA,57
0,x_tcsc,1-14,-0.15500338307859587,1,MAP_SCADA,57
1,B_svc,2,0.46151852565593826,1,MAP_SCADA,57
2,UPFC_Vsh,5-15,1.111288466604513,1,MAP_SCADA,57
3,UPFC_tsh,5-15,-0.23226418100807547,1,MAP_SCADA,57
4,UPFC_Vse,5-15,0.05513180225120956,1,MAP_SCADA,57
5,UPFC_tse,5-15,-2.0947625863979997,1,MAP_SCADA,57
0,x_tcsc,1-14,-0.155410840079784,2,MAP_SCADA,57
1,B_svc,2,0.46575001300650914,2,MAP_SCADA,57
2,UPFC_Vsh,5-15,1.1118352177443702,2,MAP_SCADA,57
3,UPFC_tsh,5-15,-0.2322619986911179,2,MAP_SCADA,57
4,UPFC_Vse,5-15,0.05453011637138779,2,MAP_SCADA,57
5,UPFC_tse,5-15,-2.096498705934241,2,MAP_SCADA,57
0,x_tcsc,1-14,-0.1556611265370181,3,MAP_SCADA,57
1,B_svc,2,0.45738283398669377,3,MAP_SCADA,57
2,UPFC_Vsh,5-15,1.1143383373836133,3,MAP_SCADA,57
3,UPFC_tsh,5-15,-0.23098269684181724,3,MAP_SCADA,57
4,UPFC_Vse,5-15,0.05457413021951652,3,MAP_SCADA,57
5,UPFC_tse,5-15,-2.096462536434822,3,MAP_SCADA,57
0,x_tcsc,1-14,-0.15509092924392126,4,MAP_SCADA,57
1,B_svc,2,0.4701608987813483,4,MAP_SCADA,57
2,UPFC_Vsh,5-15,1.1102891671427044,4,MAP_SCADA,57
3,UPFC_tsh,5-15,-0.2332377355911988,4,MAP_SCADA,57
4,UPFC_Vse,5-15,0.05537813766065219,4,MAP_SCADA,57
5,UPFC_tse,5-15,-2.0987166470387293,4,MAP_SCADA,57
0,x_tcsc,1-14,-0.15595568180584035,5,MAP_SCADA,57
1,B_svc,2,0.46153537500142383,5,MAP_SCADA,57
2,UPFC_Vsh,5-15,1.1115793564576082,5,MAP_SCADA,57
3,UPFC_tsh,5-15,-0.23200826939917246,5,MAP_SCADA,57
4,UPFC_Vse,5-15,0.05456024894931329,5,MAP_SCADA,57
5,UPFC_tse,5-15,-2.096598908826428,5,MAP_SCADA,57
0,x_tcsc,1-14,-0.15428565154989402,6,MAP_SCADA,57
1,B_svc,2,0.4667919889623746,6,MAP_SCADA,57
2,UPFC_Vsh,5-15,1.1127047894322615,6,MAP_SCADA,57
3,UPFC_tsh,5-15,-0.23313857860679918,6,MAP_SCADA,57
4,UPFC_Vse,5-15,0.05463685756027639,6,MAP_SCADA,57
5,UPFC_tse,5-15,-2.097793283697018,6,MAP_SCADA,57
0,x_tcsc,1-14,-0.1538507206025142,7,MAP_SCADA,57
1,B_svc,2,0.45747789027193847,7,MAP_SCADA,57
2,UPFC_Vsh,5-15,1.1132311111641207,7,MAP_SCADA,57
3,UPFC_tsh,5-15,-0.2328764806224023,7,MAP_SCADA,57
4,UPFC_Vse,5-15,0.05534803075311791,7,MAP_SCADA,57
5,UPFC_tse,5-15,-2.099134201328418,7,MAP_SCADA,57
0,x_tcsc,1-14,-0.1542986818918144,8,MAP_SCADA,57
1,B_svc,2,0.4684439903946154,8,MAP_SCADA,57
2,UPFC_Vsh,5-15,1.1083594368083318,8,MAP_SCADA,57
3,UPFC_tsh,5-15,-0.23456072457668767,8,MAP_SCADA,57
4,UPFC_Vse,5-15,0.05461136578310816,8,MAP_SCADA,57
5,UPFC_tse,5-15,-2.1021588530142,8,MAP_SCADA,57
0,x_tcsc,1-14,-0.15451989449848902,9,MAP_SCADA,57
1,B_svc,2,0.4662146416727125,9,MAP_SCADA,57
2,UPFC_Vsh,5-15,1.1098736574487926,9,MAP_SCADA,57
3,UPFC_tsh,5-15,-0.23396210193981276,9,MAP_SCADA,57
4,UPFC_Vse,5-15,0.054843984417502614,9,MAP_SCADA,57
5,UPFC_tse,5-15,-2.0982522157628223,9,MAP_SCADA,57
0,x_tcsc,1-14,-0.1552551668162382,0,MAP_SCADA,58
1,B_svc,2,0.46813009931225996,0,MAP_SCADA,58
2,UPFC_Vsh,5-15,1.109219806879187,0,MAP_SCADA,58
3,UPFC_tsh,5-15,-0.23302180177906986,0,MAP_SCADA,58
4,UPFC_Vse,5-15,0.05492275458071451,0,MAP_SCADA,58
5,UPFC_tse,5-15,-2.098640903283867,0,MAP_SCADA,58
0,x_tcsc,1-14,-0.15500338307859587,1,MAP_SCADA,58
1,B_svc,2,0.46151852565593826,1,MAP_SCADA,58
2,UPFC_Vsh,5-15,1.111288466604513,1,MAP_SCADA,58
3,UPFC_tsh,5-15,-0.23226418100807547,1,MAP_SCADA,58
4,UPFC_Vse,5-15,0.05513180225120956,1,MAP_SCADA,58
5,UPFC_tse,5-15,-2.0947625863979997,1,MAP_SCADA,58
0,x_tcsc,1-14,-0.155410840079784,2,MAP_SCADA,58
1,B_svc,2,0.46575001300650914,2,MAP_SCADA,58
2,UPFC_Vsh,5-15,1.1118352177443702,2,MAP_SCADA,58
3,UPFC_tsh,5-15,-0.2322619986911179,2,MAP_SCADA,58
4,UPFC_Vse,5-15,0.05453011637138779,2,MAP_SCADA,58
5,UPFC_tse,5-15,-2.096498705934241,2,MAP_SCADA,58
0,x_tcsc,1-14,-0.1556611265370181,3,MAP_SCADA,58
1,B_svc,2,0.45738283398669377,3,MAP_SCADA,58
2,UPFC_Vsh,5-15,1.1143383373836133,3,MAP_SCADA,58
3,UPFC_tsh,5-15,-0.23098269684181724,3,MAP_SCADA,58
4,UPFC_Vse,5-15,0.05457413021951652,3,MAP_SCADA,58
5,UPFC_tse,5-15,-2.096462536434822,3,MAP_SCADA,58
0,x_tcsc,1-14,-0.15509092924392126,4,MAP_SCADA,58
1,B_svc,2,0.4701608987813483,4,MAP_SCADA,58
2,UPFC_Vsh,5-15,1.1102891671427044,4,MAP_SCADA,58
3,UPFC_tsh,5-15,-0.2332377355911988,4,MAP_SCADA,58
4,UPFC_Vse,5-15,0.05537813766065219,4,MAP_SCADA,58
5,UPFC_tse,5-15,-2.0987166470387293,4,MAP_SCADA,58
0,x_tcsc,1-14,-0.15595568180584035,5,MAP_SCADA,58
1,B_svc,2,0.46153537500142383,5,MAP_SCADA,58
2,UPFC_Vsh,5-15,1.1115793564576082,5,MAP_SCADA,58
3,UPFC_tsh,5-15,-0.23200826939917246,5,MAP_SCADA,58
4,UPFC_Vse,5-15,0.05456024894931329,5,MAP_SCADA,58
5,UPFC_tse,5-15,-2.096598908826428,5,MAP_SCADA,58
0,x_tcsc,1-14,-0.15428565154989402,6,MAP_SCADA,58
1,B_svc,2,0.4667919889623746,6,MAP_SCADA,58
2,UPFC_Vsh,5-15,1.1127047894322615,6,MAP_SCADA,58
3,UPFC_tsh,5-15,-0.23313857860679918,6,MAP_SCADA,58
4,UPFC_Vse,5-15,0.05463685756027639,6,MAP_SCADA,58
5,UPFC_tse,5-15,-2.097793283697018,6,MAP_SCADA,58
0,x_tcsc,1-14,-0.1538507206025142,7,MAP_SCADA,58
1,B_svc,2,0.45747789027193847,7,MAP_SCADA,58
2,UPFC_Vsh,5-15,1.1132311111641207,7,MAP_SCADA,58
3,UPFC_tsh,5-15,-0.2328764806224023,7,MAP_SCADA,58
4,UPFC_Vse,5-15,0.05534803075311791,7,MAP_SCADA,58
5,UPFC_tse,5-15,-2.099134201328418,7,MAP_SCADA,58
0,x_tcsc,1-14,-0.1542986818918144,8,MAP_SCADA,58
1,B_svc,2,0.4684439903946154,8,MAP_SCADA,58
2,UPFC_Vsh,5-15,1.1083594368083318,8,MAP_SCADA,58
3,UPFC_tsh,5-15,-0.23456072457668767,8,MAP_SCADA,58
4,UPFC_Vse,5-15,0.05461136578310816,8,MAP_SCADA,58
5,UPFC_tse,5-15,-2.1021588530142,8,MAP_SCADA,58
0,x_tcsc,1-14,-0.15451989449848902,9,MAP_SCADA,58
1,B_svc,2,0.4662146416727125,9,MAP_SCADA,58
2,UPFC_Vsh,5-15,1.1098736574487926,9,MAP_SCADA,58
3,UPFC_tsh,5-15,-0.23396210193981276,9,MAP_SCADA,58
4,UPFC_Vse,5-15,0.054843984417502614,9,MAP_SCADA,58
5,UPFC_tse,5-15,-2.0982522157628223,9,MAP_SCADA,58
0,x_tcsc,1-14,-0.1552551668162382,0,MAP_SCADA,59
1,B_svc,2,0.46813009931225996,0,MAP_SCADA,59
2,UPFC_Vsh,5-15,1.109219806879187,0,MAP_SCADA,59
3,UPFC_tsh,5-15,-0.23302180177906986,0,MAP_SCADA,59
4,UPFC_Vse,5-15,0.05492275458071451,0,MAP_SCADA,59
5,UPFC_tse,5-15,-2.098640903283867,0,MAP_SCADA,59
0,x_tcsc,1-14,-0.15500338307859587,1,MAP_SCADA,59
1,B_svc,2,0.46151852565593826,1,MAP_SCADA,59
2,UPFC_Vsh,5-15,1.111288466604513,1,MAP_SCADA,59
3,UPFC_tsh,5-15,-0.23226418100807547,1,MAP_SCADA,59
4,UPFC_Vse,5-15,0.05513180225120956,1,MAP_SCADA,59
5,UPFC_tse,5-15,-2.0947625863979997,1,MAP_SCADA,59
0,x_tcsc,1-14,-0.155410840079784,2,MAP_SCADA,59
1,B_svc,2,0.46575001300650914,2,MAP_SCADA,59
2,UPFC_Vsh,5-15,1.1118352177443702,2,MAP_SCADA,59
3,UPFC_tsh,5-15,-0.2322619986911179,2,MAP_SCADA,59
4,UPFC_Vse,5-15,0.05453011637138779,2,MAP_SCADA,59
5,UPFC_tse,5-15,-2.096498705934241,2,MAP_SCADA,59
0,x_tcsc,1-14,-0.1556611265370181,3,MAP_SCADA,59
1,B_svc,2,0.45738283398669377,3,MAP_SCADA,59
2,UPFC_Vsh,5-15,1.1143383373836133,3,MAP_SCADA,59
3,UPFC_tsh,5-15,-0.23098269684181724,3,MAP_SCADA,59
4,UPFC_Vse,5-15,0.05457413021951652,3,MAP_SCADA,59
5,UPFC_tse,5-15,-2.096462536434822,3,MAP_SCADA,59
0,x_tcsc,1-14,-0.15509092924392126,4,MAP_SCADA,59
1,B_svc,2,0.4701608987813483,4,MAP_SCADA,59
2,UPFC_Vsh,5-15,1.1102891671427044,4,MAP_SCADA,59
3,UPFC_tsh,5-15,-0.2332377355911988,4,MAP_SCADA,59
4,UPFC_Vse,5-15,0.05537813766065219,4,MAP_SCADA,59
5,UPFC_tse,5-15,-2.0987166470387293,4,MAP_SCADA,59
0,x_tcsc,1-14,-0.15595568180584035,5,MAP_SCADA,59
1,B_svc,2,0.46153537500142383,5,MAP_SCADA,59
2,UPFC_Vsh,5-15,1.1115793564576082,5,MAP_SCADA,59
3,UPFC_tsh,5-15,-0.23200826939917246,5,MAP_SCADA,59
4,UPFC_Vse,5-15,0.05456024894931329,5,MAP_SCADA,59
5,UPFC_tse,5-15,-2.096598908826428,5,MAP_SCADA,59
0,x_tcsc,1-14,-0.15428565154989402,6,MAP_SCADA,59
1,B_svc,2,0.4667919889623746,6,MAP_SCADA,59
2,UPFC_Vsh,5-15,1.1127047894322615,6,MAP_SCADA,59
3,UPFC_tsh,5-15,-0.23313857860679918,6,MAP_SCADA,59
4,UPFC_Vse,5-15,0.05463685756027639,6,MAP_SCADA,59
5,UPFC_tse,5-15,-2.097793283697018,6,MAP_SCADA,59
0,x_tcsc,1-14,-0.1538507206025142,7,MAP_SCADA,59
1,B_svc,2,0.45747789027193847,7,MAP_SCADA,59
2,UPFC_Vsh,5-15,1.1132311111641207,7,MAP_SCADA,59
3,UPFC_tsh,5-15,-0.2328764806224023,7,MAP_SCADA,59
4,UPFC_Vse,5-15,0.05534803075311791,7,MAP_SCADA,59
5,UPFC_tse,5-15,-2.099134201328418,7,MAP_SCADA,59
0,x_tcsc,1-14,-0.1542986818918144,8,MAP_SCADA,59
1,B_svc,2,0.4684439903946154,8,MAP_SCADA,59
2,UPFC_Vsh,5-15,1.1083594368083318,8,MAP_SCADA,59
3,UPFC_tsh,5-15,-0.23456072457668767,8,MAP_SCADA,59
4,UPFC_Vse,5-15,0.05461136578310816,8,MAP_SCADA,59
5,UPFC_tse,5-15,-2.1021588530142,8,MAP_SCADA,59
0,x_tcsc,1-14,-0.15451989449848902,9,MAP_SCADA,59
1,B_svc,2,0.4662146416727125,9,MAP_SCADA,59
2,UPFC_Vsh,5-15,1.1098736574487926,9,MAP_SCADA,59
3,UPFC_tsh,5-15,-0.23396210193981276,9,MAP_SCADA,59
4,UPFC_Vse,5-15,0.054843984417502614,9,MAP_SCADA,59
5,UPFC_tse,5-15,-2.0982522157628223,9,MAP_SCADA,59
0,x_tcsc,1-14,-0.10570843800975564,0,MAP_PMU,0
1,B_svc,2,0.17418918501260822,0,MAP_PMU,0
2,UPFC_Vsh,5-15,1.1118356872646042,0,MAP_PMU,0
3,UPFC_tsh,5-15,-0.23795461716028893,0,MAP_PMU,0
4,UPFC_Vse,5-15,0.058034655212363805,0,MAP_PMU,0
5,UPFC_tse,5-15,-2.126121210200973,0,MAP_PMU,0
0,x_tcsc,1-14,-0.10573090544607051,1,MAP_PMU,0
1,B_svc,2,0.1744810963096047,1,MAP_PMU,0
2,UPFC_Vsh,5-15,1.1116827710122184,1,MAP_PMU,0
3,UPFC_tsh,5-15,-0.2379768690776656,1,MAP_PMU,0
4,UPFC_Vse,5-15,0.058323492499717855,1,MAP_PMU,0
5,UPFC_tse,5-15,-2.122861498996702,1,MAP_PMU,0
0,x_tcsc,1-14,-0.10572463602509864,2,MAP_PMU,0
1,B_svc,2,0.17449611853228958,2,MAP_PMU,0
2,UPFC_Vsh,5-15,1.1117389229383179,2,MAP_PMU,0
3,UPFC_tsh,5-15,-0.2379716314122087,2,MAP_PMU,0
4,UPFC_Vse,5-15,0.05766325588284295,2,MAP_PMU,0
5,UPFC_tse,5-15,-2.124076085910305,2,MAP_PMU,0
0,x_tcsc,1-14,-0.10570433463382409,3,MAP_PMU,0
1,B_svc,2,0.1744747258016012,3,MAP_PMU,0
2,UPFC_Vsh,5-15,1.1124300612935207,3,MAP_PMU,0
3,UPFC_tsh,5-15,-0.23799697700777292,3,MAP_PMU,0
4,UPFC_Vse,5-15,0.05811234502688326,3,MAP_PMU,0
5,UPFC_tse,5-15,-2.1274248058921335,3,MAP_PMU,0
0,x_tcsc,1-14,-0.10573296353825395,4,MAP_PMU,0
1,B_svc,2,0.17460327171127435,4,MAP_PMU,0
2,UPFC_Vsh,5-15,1.1120651810592364,4,MAP_PMU,0
3,UPFC_tsh,5-15,-0.2379804779228951,4,MAP_PMU,0
4,UPFC_Vse,5-15,0.058175042099068944,4,MAP_PMU,0
5,UPFC_tse,5-15,-2.1238103946618883,4,MAP_PMU,0
0,x_tcsc,1-14,-0.1057136277909914,5,MAP_PMU,0
1,B_svc,2,0.17449207871474187,5,MAP_PMU,0
2,UPFC_Vsh,5-15,1.1118551713043245,5,MAP_PMU,0
3,UPFC_tsh,5-15,-0.2379935440506231,5,MAP_PMU,0
4,UPFC_Vse,5-15,0.0577351965213199,5,MAP_PMU,0
5,UPFC_tse,5-15,-2.1254412636396833,5,MAP_PMU,0
0,x_tcsc,1-14,-0.10572905386596654,6,MAP_PMU,0
1,B_svc,2,0.17443102700400637,6,MAP_PMU,0
2,UPFC_Vsh,5-15,1.1120693493644915,6,MAP_PMU,0
3,UPFC_tsh,5-15,-0.2379285056265338,6,MAP_PMU,0
4,UPFC_Vse,5-15,0.05771572739635906,6,MAP_PMU,0
5,UPFC_tse,5-15,-2.127051691162515,6,MAP_PMU,0
0,x_tcsc,1-14,-0.10572969609278,7,MAP_PMU,0
1,B_svc,2,0.17421933994397776,7,MAP_PMU,0
2,UPFC_Vsh,5-15,1.112017116425906,7,MAP_PMU,0
3,UPFC_tsh,5-15,-0.23799554258748,7,MAP_PMU,0
4,UPFC_Vse,5-15,0.05826490803267803,7,MAP_PMU,0
5,UPFC_tse,5-15,-2.126786842371186,7,MAP_PMU,0
0,x_tcsc,1-14,-0.10572901507503288,8,MAP_PMU,0
1,B_svc,2,0.17402919179572998,8,MAP_PMU,0
2,UPFC_Vsh,5-15,1.1116431218204634,8,MAP_PMU,0
3,UPFC_tsh,5-15,-0.2379793164738626,8,MAP_PMU,0
4,UPFC_Vse,5-15,0.057632638881299554,8,MAP_PMU,0
5,UPFC_tse,5-15,-2.1259465328329292,8,MAP_PMU,0
0,x_tcsc,1-14,-0.1057182552463919,9,MAP_PMU,0
1,B_svc,2,0.174418019180002,9,MAP_PMU,0
2,UPFC_Vsh,5-15,1.1121558767270356,9,MAP_PMU,0
3,UPFC_tsh,5-15,-0.2379561739770272,9,MAP_PMU,0
4,UPFC_Vse,5-15,0.05793891182642692,9,MAP_PMU,0
5,UPFC_tse,5-15,-2.1228585389123817,9,MAP_PMU,0
0,x_tcsc,1-14,-0.10641702842025359,0,MAP_PMU,1
1,B_svc,2,0.1751771128589208,0,MAP_PMU,1
2,UPFC_Vsh,5-15,1.1118581408817751,0,MAP_PMU,1
3,UPFC_tsh,5-15,-0.23740251621448888,0,MAP_PMU,1
4,UPFC_Vse,5-15,0.05795881029718559,0,MAP_PMU,1
5,UPFC_tse,5-15,-2.1259288752743717,0,MAP_PMU,1
0,x_tcsc,1-14,-0.10644520810855614,1,MAP_PMU,1
1,B_svc,2,0.17547251108517237,1,MAP_PMU,1
2,UPFC_Vsh,5-15,1.1117038688618956,1,MAP_PMU,1
3,UPFC_tsh,5-15,-0.2374247644757793,1,MAP_PMU,1
4,UPFC_Vse,5-15,0.05824774280529378,1,MAP_PMU,1
5,UPFC_tse,5-15,-2.1226609658780276,1,MAP_PMU,1
0,x_tcsc,1-14,-0.10643306971129922,2,MAP_PMU,1
1,B_svc,2,0.1754828235415224,2,MAP_PMU,1
2,UPFC_Vsh,5-15,1.1117611297661174,2,MAP_PMU,1
3,UPFC_tsh,5-15,-0.2374194949844124,2,MAP_PMU,1
4,UPFC_Vse,5-15,0.057586974177212286,2,MAP_PMU,1
5,UPFC_tse,5-15,-2.123879333405625,2,MAP_PMU,1
0,x_tcsc,1-14,-0.10641505681880337,3,MAP_PMU,1
1,B_svc,2,0.17545905494226274,3,MAP_PMU,1
2,UPFC_Vsh,5-15,1.1124523701110227,3,MAP_PMU,1
3,UPFC_tsh,5-15,-0.23744455516502194,3,MAP_PMU,1
4,UPFC_Vse,5-15,0.058036349035478316,3,MAP_PMU,1
5,UPFC_tse,5-15,-2.127223503804467,3,MAP_PMU,1
0,x_tcsc,1-14,-0.1064429719556998,4,MAP_PMU,1
1,B_svc,2,0.17559395939659833,4,MAP_PMU,1
2,UPFC_Vsh,5-15,1.1120867243353991,4,MAP_PMU,1
3,UPFC_tsh,5-15,-0.23742844193155752,4,MAP_PMU,1
4,UPFC_Vse,5-15,0.05809927231996537,4,MAP_PMU,1
5,UPFC_tse,5-15,-2.123618492481879,4,MAP_PMU,1
0,x_tcsc,1-14,-0.10642235724050919,5,MAP_PMU,1
1,B_svc,2,0.1754785475679314,5,MAP_PMU,1
2,UPFC_Vsh,5-15,1.1118772852177146,5,MAP_PMU,1
3,UPFC_tsh,5-15,-0.23744150855260315,5,MAP_PMU,1
4,UPFC_Vse,5-15,0.05765919200451214,5,MAP_PMU,1
5,UPFC_tse,5-15,-2.12524631108248,5,MAP_PMU,1
0,x_tcsc,1-14,-0.10645059412543406,6,MAP_PMU,1
1,B_svc,2,0.17542269940452296,6,MAP_PMU,1
2,UPFC_Vsh,5-15,1.112088073103927,6,MAP_PMU,1
3,UPFC_tsh,5-15,-0.23737670112847523,6,MAP_PMU,1
4,UPFC_Vse,5-15,0.05764069856286514,6,MAP_PMU,1
5,UPFC_tse,5-15,-2.126863788955752,6,MAP_PMU,1
0,x_tcsc,1-14,-0.10645840275857729,7,MAP_PMU,1
1,B_svc,2,0.17521309309446828,7,MAP_PMU,1
2,UPFC_Vsh,5-15,1.1120354341073966,7,MAP_PMU,1
3,UPFC_tsh,5-15,-0.2374436826325876,7,MAP_PMU,1
4,UPFC_Vse,5-15,0.05819023132859403,7,MAP_PMU,1
5,UPFC_tse,5-15,-2.126576369971517,7,MAP_PMU,1
0,x_tcsc,1-14,-0.10644526194254415,8,MAP_PMU,1
1,B_svc,2,0.1750242693595256,8,MAP_PMU,1
2,UPFC_Vsh,5-15,1.111662005581094,8,MAP_PMU,1
3,UPFC_tsh,5-15,-0.23742739626653828,8,MAP_PMU,1
4,UPFC_Vse,5-15,0.05755752318292954,8,MAP_PMU,1
5,UPFC_tse,5-15,-2.1257576975132997,8,MAP_PMU,1
0,x_tcsc,1-14,-0.10643148893742346,9,MAP_PMU,1
1,B_svc,2,0.1754110156374622,9,MAP_PMU,1
2,UPFC_Vsh,5-15,1.1121756902875812,9,MAP_PMU,1
3,UPFC_tsh,5-15,-0.23740461432249776,9,MAP_PMU,1
4,UPFC_Vse,5-15,0.057864061094483304,9,MAP_PMU,1
5,UPFC_tse,5-15,-2.1226685021403404,9,MAP_PMU,1
0,x_tcsc,1-14,-0.10671246902187526,0,MAP_PMU,2
1,B_svc,2,0.17549321632235185,0,MAP_PMU,2
2,UPFC_Vsh,5-15,1.111833749351296,0,MAP_PMU,2
3,UPFC_tsh,5-15,-0.23712015329455338,0,MAP_PMU,2
4,UPFC_Vse,5-15,0.057992667960499886,0,MAP_PMU,2
5,UPFC_tse,5-15,-2.1261669069971867,0,MAP_PMU,2
0,x_tcsc,1-14,-0.10674299383938525,1,MAP_PMU,2
1,B_svc,2,0.17578998370307072,1,MAP_PMU,2
2,UPFC_Vsh,5-15,1.1116791759413072,1,MAP_PMU,2
3,UPFC_tsh,5-15,-0.23714251984936027,1,MAP_PMU,2
4,UPFC_Vse,5-15,0.05828162064818963,1,MAP_PMU,2
5,UPFC_tse,5-15,-2.1228986045166667,1,MAP_PMU,2
0,x_tcsc,1-14,-0.10672848071581109,2,MAP_PMU,2
1,B_svc,2,0.17579832894984715,2,MAP_PMU,2
2,UPFC_Vsh,5-15,1.1117369021155705,2,MAP_PMU,2
3,UPFC_tsh,5-15,-0.2371371949023625,2,MAP_PMU,2
4,UPFC_Vse,5-15,0.057620732536870355,2,MAP_PMU,2
5,UPFC_tse,5-15,-2.124122824284368,2,MAP_PMU,2
0,x_tcsc,1-14,-0.10671143274960378,3,MAP_PMU,2
1,B_svc,2,0.17577316919141112,3,MAP_PMU,2
2,UPFC_Vsh,5-15,1.1124281877948206,3,MAP_PMU,2
3,UPFC_tsh,5-15,-0.2371621787778553,3,MAP_PMU,2
4,UPFC_Vse,5-15,0.058070047220619835,3,MAP_PMU,2
5,UPFC_tse,5-15,-2.127466709809518,3,MAP_PMU,2
0,x_tcsc,1-14,-0.10673900053442546,4,MAP_PMU,2
1,B_svc,2,0.17591122729110464,4,MAP_PMU,2
2,UPFC_Vsh,5-15,1.1120622727488667,4,MAP_PMU,2
3,UPFC_tsh,5-15,-0.23714612813220046,4,MAP_PMU,2
4,UPFC_Vse,5-15,0.05813299000578019,4,MAP_PMU,2
5,UPFC_tse,5-15,-2.123853903874249,4,MAP_PMU,2
0,x_tcsc,1-14,-0.10671790382689565,5,MAP_PMU,2
1,B_svc,2,0.17579363025704586,5,MAP_PMU,2
2,UPFC_Vsh,5-15,1.1118529971595927,5,MAP_PMU,2
3,UPFC_tsh,5-15,-0.23715916417368588,5,MAP_PMU,2
4,UPFC_Vse,5-15,0.05769297362556398,5,MAP_PMU,2
5,UPFC_tse,5-15,-2.12549257467592,5,MAP_PMU,2
0,x_tcsc,1-14,-0.10675141954185685,6,MAP_PMU,2
1,B_svc,2,0.17574067702268104,6,MAP_PMU,2
2,UPFC_Vsh,5-15,1.112062395893857,6,MAP_PMU,2
3,UPFC_tsh,5-15,-0.23709442678206136,6,MAP_PMU,2
4,UPFC_Vse,5-15,0.05767466955271515,6,MAP_PMU,2
5,UPFC_tse,5-15,-2.127103302730989,6,MAP_PMU,2
0,x_tcsc,1-14,-0.1067622528511534,7,MAP_PMU,2
1,B_svc,2,0.17553167055295613,7,MAP_PMU,2
2,UPFC_Vsh,5-15,1.112009199161809,7,MAP_PMU,2
3,UPFC_tsh,5-15,-0.23716147531912907,7,MAP_PMU,2
4,UPFC_Vse,5-15,0.05822474268795745,7,MAP_PMU,2
5,UPFC_tse,5-15,-2.12680900892096,7,MAP_PMU,2
0,x_tcsc,1-14,-0.10674396025687663,8,MAP_PMU,2
1,B_svc,2,0.1753427948512793,8,MAP_PMU,2
2,UPFC_Vsh,5-15,1.1116365361072689,8,MAP_PMU,2
3,UPFC_tsh,5-15,-0.23714514562416955,8,MAP_PMU,2
4,UPFC_Vse,5-15,0.05759153568251822,8,MAP_PMU,2
5,UPFC_tse,5-15,-2.1260019887291404,8,MAP_PMU,2
0,x_tcsc,1-14,-0.10672886712156142,9,MAP_PMU,2
1,B_svc,2,0.175729107018614,9,MAP_PMU,2
2,UPFC_Vsh,5-15,1.1121504663566213,9,MAP_PMU,2
3,UPFC_tsh,5-15,-0.23712246753007937,9,MAP_PMU,2
4,UPFC_Vse,5-15,0.05789812062472885,9,MAP_PMU,2
5,UPFC_tse,5-15,-2.1229089287911718,9,MAP_PMU,2
0,x_tcsc,1-14,-0.10768362770307038,0,MAP_PMU,3
1,B_svc,2,0.17679768146257102,0,MAP_PMU,3
2,UPFC_Vsh,5-15,1.1118477729123946,0,MAP_PMU,3
3,UPFC_tsh,5-15,-0.23614918934430645,0,MAP_PMU,3
4,UPFC_Vse,5-15,0.0580480274995497,0,MAP_PMU,3
5,UPFC_tse,5-15,-2.1257933061775103,0,MAP_PMU,3
0,x_tcsc,1-14,-0.10772192269364596,1,MAP_PMU,3
1,B_svc,2,0.1770991747926701,1,MAP_PMU,3
2,UPFC_Vsh,5-15,1.1116914684811003,1,MAP_PMU,3
3,UPFC_tsh,5-15,-0.2361716505096669,1,MAP_PMU,3
4,UPFC_Vse,5-15,0.05833709011492307,1,MAP_PMU,3
5,UPFC_tse,5-15,-2.122528061481005,1,MAP_PMU,3
0,x_tcsc,1-14,-0.10769943846828944,2,MAP_PMU,3
1,B_svc,2,0.17710105045072141,2,MAP_PMU,3
2,UPFC_Vsh,5-15,1.1117508379173198,2,MAP_PMU,3
3,UPFC_tsh,5-15,-0.23616621298598842,2,MAP_PMU,3
4,UPFC_Vse,5-15,0.05767570942788527,2,MAP_PMU,3
5,UPFC_tse,5-15,-2.1237542416432076,2,MAP_PMU,3
0,x_tcsc,1-14,-0.10768555671342753,3,MAP_PMU,3
1,B_svc,2,0.17707217494671082,3,MAP_PMU,3
2,UPFC_Vsh,5-15,1.112442603789982,3,MAP_PMU,3
3,UPFC_tsh,5-15,-0.23619085976477067,3,MAP_PMU,3
4,UPFC_Vse,5-15,0.05812508614987633,3,MAP_PMU,3
5,UPFC_tse,5-15,-2.12709305189307,3,MAP_PMU,3
0,x_tcsc,1-14,-0.1077120955325543,4,MAP_PMU,3
1,B_svc,2,0.177219480197414,4,MAP_PMU,3
2,UPFC_Vsh,5-15,1.1120751848861203,4,MAP_PMU,3
3,UPFC_tsh,5-15,-0.23617522815764708,4,MAP_PMU,3
4,UPFC_Vse,5-15,0.05818808920434434,4,MAP_PMU,3
5,UPFC_tse,5-15,-2.1234804436023675,4,MAP_PMU,3
0,x_tcsc,1-14,-0.10768929237895512,5,MAP_PMU,3
1,B_svc,2,0.1770957816326474,5,MAP_PMU,3
2,UPFC_Vsh,5-15,1.1118668602682458,5,MAP_PMU,3
3,UPFC_tsh,5-15,-0.2361881808623644,5,MAP_PMU,3
4,UPFC_Vse,5-15,0.05774806013519458,5,MAP_PMU,3
5,UPFC_tse,5-15,-2.1251252426250438,5,MAP_PMU,3
0,x_tcsc,1-14,-0.10774033281103636,6,MAP_PMU,3
1,B_svc,2,0.17705018747253096,6,MAP_PMU,3
2,UPFC_Vsh,5-15,1.1120715512668997,6,MAP_PMU,3
3,UPFC_tsh,5-15,-0.23612388459130482,6,MAP_PMU,3
4,UPFC_Vse,5-15,0.05773101272699514,6,MAP_PMU,3
5,UPFC_tse,5-15,-2.1267421356388954,6,MAP_PMU,3
0,x_tcsc,1-14,-0.10776100453531451,7,MAP_PMU,3
1,B_svc,2,0.17684376579658653,7,MAP_PMU,3
2,UPFC_Vsh,5-15,1.1120176513239213,7,MAP_PMU,3
3,UPFC_tsh,5-15,-0.23619083015602357,7,MAP_PMU,3
4,UPFC_Vse,5-15,0.05828168756356197,7,MAP_PMU,3
5,UPFC_tse,5-15,-2.126415871218895,7,MAP_PMU,3
0,x_tcsc,1-14,-0.10772564247322548,8,MAP_PMU,3
1,B_svc,2,0.17665651793654769,8,MAP_PMU,3
2,UPFC_Vsh,5-15,1.111645955803593,8,MAP_PMU,3
3,UPFC_tsh,5-15,-0.23617442445490988,8,MAP_PMU,3
4,UPFC_Vse,5-15,0.0576475580291356,8,MAP_PMU,3
5,UPFC_tse,5-15,-2.1256391708795217,8,MAP_PMU,3
0,x_tcsc,1-14,-0.10770634785698874,9,MAP_PMU,3
1,B_svc,2,0.17704033625397902,9,MAP_PMU,3
2,UPFC_Vsh,5-15,1.112161007685549,9,MAP_PMU,3
3,UPFC_tsh,5-15,-0.23615215555757144,9,MAP_PMU,3
4,UPFC_Vse,5-15,0.057954440009745214,9,MAP_PMU,3
5,UPFC_tse,5-15,-2.122544502553804,9,MAP_PMU,3
0,x_tcsc,1-14,-0.10868473283477594,0,MAP_PMU,4
1,B_svc,2,0.17826126211465218,0,MAP_PMU,4
2,UPFC_Vsh,5-15,1.1118502787707691,0,MAP_PMU,4
3,UPFC_tsh,5-15,-0.23531004835736186,0,MAP_PMU,4
4,UPFC_Vse,5-15,0.05800466457015627,0,MAP_PMU,4
5,UPFC_tse,5-15,-2.126008174150976,0,MAP_PMU,4
0,x_tcsc,1-14,-0.10873108553875474,1,MAP_PMU,4
1,B_svc,2,0.1785672313279159,1,MAP_PMU,4
2,UPFC_Vsh,5-15,1.111692138942165,1,MAP_PMU,4
3,UPFC_tsh,5-15,-0.23533262816195288,1,MAP_PMU,4
4,UPFC_Vse,5-15,0.058293644175639654,1,MAP_PMU,4
5,UPFC_tse,5-15,-2.122735505618595,1,MAP_PMU,4
0,x_tcsc,1-14,-0.10870032728806722,2,MAP_PMU,4
1,B_svc,2,0.1785626677431934,2,MAP_PMU,4
2,UPFC_Vsh,5-15,1.111753188326201,2,MAP_PMU,4
3,UPFC_tsh,5-15,-0.23532708263726865,2,MAP_PMU,4
4,UPFC_Vse,5-15,0.057631621845164654,2,MAP_PMU,4
5,UPFC_tse,5-15,-2.1239716128169914,2,MAP_PMU,4
0,x_tcsc,1-14,-0.10868950531347983,3,MAP_PMU,4
1,B_svc,2,0.17853000511473607,3,MAP_PMU,4
2,UPFC_Vsh,5-15,1.112445175382531,3,MAP_PMU,4
3,UPFC_tsh,5-15,-0.23535134569626417,3,MAP_PMU,4
4,UPFC_Vse,5-15,0.05808092433004609,3,MAP_PMU,4
5,UPFC_tse,5-15,-2.1273023179485104,3,MAP_PMU,4
0,x_tcsc,1-14,-0.1087153196832539,4,MAP_PMU,4
1,B_svc,2,0.1786868710150045,4,MAP_PMU,4
2,UPFC_Vsh,5-15,1.112076509872049,4,MAP_PMU,4
3,UPFC_tsh,5-15,-0.23533620125577362,4,MAP_PMU,4
4,UPFC_Vse,5-15,0.058144571753119274,4,MAP_PMU,4
5,UPFC_tse,5-15,-2.123692483944607,4,MAP_PMU,4
0,x_tcsc,1-14,-0.10869046691973544,5,MAP_PMU,4
1,B_svc,2,0.17855699623749702,5,MAP_PMU,4
2,UPFC_Vsh,5-15,1.1118692099603789,5,MAP_PMU,4
3,UPFC_tsh,5-15,-0.2353490691794699,5,MAP_PMU,4
4,UPFC_Vse,5-15,0.057704217804820025,5,MAP_PMU,4
5,UPFC_tse,5-15,-2.1253441953014502,5,MAP_PMU,4
0,x_tcsc,1-14,-0.10876008155704936,6,MAP_PMU,4
1,B_svc,2,0.17851859171938775,6,MAP_PMU,4
2,UPFC_Vsh,5-15,1.112068177013495,6,MAP_PMU,4
3,UPFC_tsh,5-15,-0.23528520213132142,6,MAP_PMU,4
4,UPFC_Vse,5-15,0.05768849266200976,6,MAP_PMU,4
5,UPFC_tse,5-15,-2.1269690174649805,6,MAP_PMU,4
0,x_tcsc,1-14,-0.1087908034872768,7,MAP_PMU,4
1,B_svc,2,0.1783147484909411,7,MAP_PMU,4
2,UPFC_Vsh,5-15,1.112013313097438,7,MAP_PMU,4
3,UPFC_tsh,5-15,-0.235352082089519,7,MAP_PMU,4
4,UPFC_Vse,5-15,0.058239803997011265,7,MAP_PMU,4
5,UPFC_tse,5-15,-2.1266057007169215,7,MAP_PMU,4
0,x_tcsc,1-14,-0.10873783450670284,8,MAP_PMU,4
1,B_svc,2,0.17812973188854117,8,MAP_PMU,4
2,UPFC_Vsh,5-15,1.1116432831327046,8,MAP_PMU,4
3,UPFC_tsh,5-15,-0.23533556528883026,8,MAP_PMU,4
4,UPFC_Vse,5-15,0.05760515928365578,8,MAP_PMU,4
5,UPFC_tse,5-15,-2.125864306949583,8,MAP_PMU,4
0,x_tcsc,1-14,-0.10871413307369322,9,MAP_PMU,4
1,B_svc,2,0.17851070864177745,9,MAP_PMU,4
2,UPFC_Vsh,5-15,1.1121597248451391,9,MAP_PMU,4
3,UPFC_tsh,5-15,-0.2353137550313247,9,MAP_PMU,4
4,UPFC_Vse,5-15,0.057912207627499046,9,MAP_PMU,4
5,UPFC_tse,5-15,-2.1227666566406307,9,MAP_PMU,4
0,x_tcsc,1-14,-0.10917570648658644,0,MAP_PMU,5
1,B_svc,2,0.17877267471588335,0,MAP_PMU,5
2,UPFC_Vsh,5-15,1.1118511331490961,0,MAP_PMU,5
3,UPFC_tsh,5-15,-0.2348170623278796,0,MAP_PMU,5
4,UPFC_Vse,5-15,0.05806510672066548,0,MAP_PMU,5
5,UPFC_tse,5-15,-2.12662732148961,0,MAP_PMU,5
0,x_tcsc,1-14,-0.10922587945002639,1,MAP_PMU,5
1,B_svc,2,0.17908119940219352,1,MAP_PMU,5
2,UPFC_Vsh,5-15,1.1116923324756194,1,MAP_PMU,5
3,UPFC_tsh,5-15,-0.23483972562377642,1,MAP_PMU,5
4,UPFC_Vse,5-15,0.05835361215868739,1,MAP_PMU,5
5,UPFC_tse,5-15,-2.1233574369222126,1,MAP_PMU,5
0,x_tcsc,1-14,-0.10919121458013707,2,MAP_PMU,5
1,B_svc,2,0.17907329588736207,2,MAP_PMU,5
2,UPFC_Vsh,5-15,1.1117543218479877,2,MAP_PMU,5
3,UPFC_tsh,5-15,-0.23483409195162863,2,MAP_PMU,5
4,UPFC_Vse,5-15,0.05769137758794971,2,MAP_PMU,5
5,UPFC_tse,5-15,-2.1246047032363538,2,MAP_PMU,5
0,x_tcsc,1-14,-0.1091820069577729,3,MAP_PMU,5
1,B_svc,2,0.17903839414493924,3,MAP_PMU,5
2,UPFC_Vsh,5-15,1.1124470083540596,3,MAP_PMU,5
3,UPFC_tsh,5-15,-0.2348582394191666,3,MAP_PMU,5
4,UPFC_Vse,5-15,0.058140141085206154,3,MAP_PMU,5
5,UPFC_tse,5-15,-2.1279339791360092,3,MAP_PMU,5
0,x_tcsc,1-14,-0.1092072392718347,4,MAP_PMU,5
1,B_svc,2,0.17920028897678936,4,MAP_PMU,5
2,UPFC_Vsh,5-15,1.1120769514375703,4,MAP_PMU,5
3,UPFC_tsh,5-15,-0.23484323724934025,4,MAP_PMU,5
4,UPFC_Vse,5-15,0.058204546491646844,4,MAP_PMU,5
5,UPFC_tse,5-15,-2.1243078787978176,4,MAP_PMU,5
0,x_tcsc,1-14,-0.10918162170609573,5,MAP_PMU,5
1,B_svc,2,0.17906686343187603,5,MAP_PMU,5
2,UPFC_Vsh,5-15,1.1118702830163893,5,MAP_PMU,5
3,UPFC_tsh,5-15,-0.23485608135111535,5,MAP_PMU,5
4,UPFC_Vse,5-15,0.0577641495510725,5,MAP_PMU,5
5,UPFC_tse,5-15,-2.125979883312813,5,MAP_PMU,5
0,x_tcsc,1-14,-0.10925999477494022,6,MAP_PMU,5
1,B_svc,2,0.17903279867998662,6,MAP_PMU,5
2,UPFC_Vsh,5-15,1.1120669227480533,6,MAP_PMU,5
3,UPFC_tsh,5-15,-0.2347923373014922,6,MAP_PMU,5
4,UPFC_Vse,5-15,0.057748631871879376,6,MAP_PMU,5
5,UPFC_tse,5-15,-2.127597201719422,6,MAP_PMU,5
0,x_tcsc,1-14,-0.1092957426937587,7,MAP_PMU,5
1,B_svc,2,0.1788299735402864,7,MAP_PMU,5
2,UPFC_Vsh,5-15,1.1120115599495082,7,MAP_PMU,5
3,UPFC_tsh,5-15,-0.23485932575977367,7,MAP_PMU,5
4,UPFC_Vse,5-15,0.058300588256731276,7,MAP_PMU,5
5,UPFC_tse,5-15,-2.1272158078332835,7,MAP_PMU,5
0,x_tcsc,1-14,-0.10923417192038817,8,MAP_PMU,5
1,B_svc,2,0.1786450558922199,8,MAP_PMU,5
2,UPFC_Vsh,5-15,1.1116417995877796,8,MAP_PMU,5
3,UPFC_tsh,5-15,-0.23484274352802578,8,MAP_PMU,5
4,UPFC_Vse,5-15,0.05766598838190316,8,MAP_PMU,5
5,UPFC_tse,5-15,-2.1264975695484525,8,MAP_PMU,5
0,x_tcsc,1-14,-0.10920825495563258,9,MAP_PMU,5
1,B_svc,2,0.1790253656027036,9,MAP_PMU,5
2,UPFC_Vsh,5-15,1.1121588223620795,9,MAP_PMU,5
3,UPFC_tsh,5-15,-0.23482107337993574,9,MAP_PMU,5
4,UPFC_Vse,5-15,0.05797283192175753,9,MAP_PMU,5
5,UPFC_tse,5-15,-2.1233933799627,9,MAP_PMU,5
0,x_tcsc,1-14,-0.1086779305327022,0,MAP_PMU,6
1,B_svc,2,0.17793633009974638,0,MAP_PMU,6
2,UPFC_Vsh,5-15,1.111844625843117,0,MAP_PMU,6
3,UPFC_tsh,5-15,-0.235377010232136,0,MAP_PMU,6
4,UPFC_Vse,5-15,0.05799953503790893,0,MAP_PMU,6
5,UPFC_tse,5-15,-2.1273050595958263,0,MAP_PMU,6
0,x_tcsc,1-14,-0.1087240491895586,1,MAP_PMU,6
1,B_svc,2,0.1782428237339482,1,MAP_PMU,6
2,UPFC_Vsh,5-15,1.1116868445792263,1,MAP_PMU,6
3,UPFC_tsh,5-15,-0.23539959483093195,1,MAP_PMU,6
4,UPFC_Vse,5-15,0.05828786120638173,1,MAP_PMU,6
5,UPFC_tse,5-15,-2.1240278384103934,1,MAP_PMU,6
0,x_tcsc,1-14,-0.10869356170497894,2,MAP_PMU,6
1,B_svc,2,0.17823801104678058,2,MAP_PMU,6
2,UPFC_Vsh,5-15,1.111747992687987,2,MAP_PMU,6
3,UPFC_tsh,5-15,-0.23539404645611925,2,MAP_PMU,6
4,UPFC_Vse,5-15,0.05762585456334071,2,MAP_PMU,6
5,UPFC_tse,5-15,-2.1252820014880474,2,MAP_PMU,6
0,x_tcsc,1-14,-0.10868290177552548,3,MAP_PMU,6
1,B_svc,2,0.17820486218691065,3,MAP_PMU,6
2,UPFC_Vsh,5-15,1.1124406064569647,3,MAP_PMU,6
3,UPFC_tsh,5-15,-0.23541839364489842,3,MAP_PMU,6
4,UPFC_Vse,5-15,0.058074568417428904,3,MAP_PMU,6
5,UPFC_tse,5-15,-2.128615554011748,3,MAP_PMU,6
0,x_tcsc,1-14,-0.1087083565468289,4,MAP_PMU,6
1,B_svc,2,0.17836213597417772,4,MAP_PMU,6
2,UPFC_Vsh,5-15,1.112071213792625,4,MAP_PMU,6
3,UPFC_tsh,5-15,-0.23540315329240027,4,MAP_PMU,6
4,UPFC_Vse,5-15,0.05813911606049688,4,MAP_PMU,6
5,UPFC_tse,5-15,-2.1249829731234446,4,MAP_PMU,6
0,x_tcsc,1-14,-0.10868389929642443,5,MAP_PMU,6
1,B_svc,2,0.17823145661037218,5,MAP_PMU,6
2,UPFC_Vsh,5-15,1.1118639238211867,5,MAP_PMU,6
3,UPFC_tsh,5-15,-0.2354161222456061,5,MAP_PMU,6
4,UPFC_Vse,5-15,0.05769875487578478,5,MAP_PMU,6
5,UPFC_tse,5-15,-2.1266600743497874,5,MAP_PMU,6
0,x_tcsc,1-14,-0.10875280783783335,6,MAP_PMU,6
1,B_svc,2,0.17819446818354137,6,MAP_PMU,6
2,UPFC_Vsh,5-15,1.1120637672554328,6,MAP_PMU,6
3,UPFC_tsh,5-15,-0.23535196785662024,6,MAP_PMU,6
4,UPFC_Vse,5-15,0.05768223298778015,6,MAP_PMU,6
5,UPFC_tse,5-15,-2.1282626680744516,6,MAP_PMU,6
0,x_tcsc,1-14,-0.1087836231443414,7,MAP_PMU,6
1,B_svc,2,0.17799023414440707,7,MAP_PMU,6
2,UPFC_Vsh,5-15,1.112008818663635,7,MAP_PMU,6
3,UPFC_tsh,5-15,-0.2354191627138005,7,MAP_PMU,6
4,UPFC_Vse,5-15,0.05823431307274103,7,MAP_PMU,6
5,UPFC_tse,5-15,-2.127901572432354,7,MAP_PMU,6
0,x_tcsc,1-14,-0.1087308363863096,8,MAP_PMU,6
1,B_svc,2,0.1778035896699914,8,MAP_PMU,6
2,UPFC_Vsh,5-15,1.1116381165193143,8,MAP_PMU,6
3,UPFC_tsh,5-15,-0.2354025771510716,8,MAP_PMU,6
4,UPFC_Vse,5-15,0.057600089139222016,8,MAP_PMU,6
5,UPFC_tse,5-15,-2.1271736593435038,8,MAP_PMU,6
0,x_tcsc,1-14,-0.1087071049463788,9,MAP_PMU,6
1,B_svc,2,0.17818565221485827,9,MAP_PMU,6
2,UPFC_Vsh,5-15,1.1121543683249886,9,MAP_PMU,6
3,UPFC_tsh,5-15,-0.23538070226028449,9,MAP_PMU,6
4,UPFC_Vse,5-15,0.05790673581463438,9,MAP_PMU,6
5,UPFC_tse,5-15,-2.124064268350532,9,MAP_PMU,6
0,x_tcsc,1-14,-0.10860558254786613,0,MAP_PMU,7
1,B_svc,2,0.17801037217613988,0,MAP_PMU,7
2,UPFC_Vsh,5-15,1.1118428361298824,0,MAP_PMU,7
3,UPFC_tsh,5-15,-0.23559805344718276,0,MAP_PMU,7
4,UPFC_Vse,5-15,0.05787616208474823,0,MAP_PMU,7
5,UPFC_tse,5-15,-2.1271120364169893,0,MAP_PMU,7
0,x_tcsc,1-14,-0.10865122230637737,1,MAP_PMU,7
1,B_svc,2,0.17831622157781157,1,MAP_PMU,7
2,UPFC_Vsh,5-15,1.1116849393282737,1,MAP_PMU,7
3,UPFC_tsh,5-15,-0.23562059131884863,1,MAP_PMU,7
4,UPFC_Vse,5-15,0.05816480836385146,1,MAP_PMU,7
5,UPFC_tse,5-15,-2.123823695569482,1,MAP_PMU,7
0,x_tcsc,1-14,-0.10862121024433609,2,MAP_PMU,7
1,B_svc,2,0.17831203884635183,2,MAP_PMU,7
2,UPFC_Vsh,5-15,1.1117459017636855,2,MAP_PMU,7
3,UPFC_tsh,5-15,-0.23561510226888818,2,MAP_PMU,7
4,UPFC_Vse,5-15,0.05750268173949371,2,MAP_PMU,7
5,UPFC_tse,5-15,-2.125075941442168,2,MAP_PMU,7
0,x_tcsc,1-14,-0.10861021739159275,3,MAP_PMU,7
1,B_svc,2,0.178279447509304,3,MAP_PMU,7
2,UPFC_Vsh,5-15,1.1124379907603401,3,MAP_PMU,7
3,UPFC_tsh,5-15,-0.2356394051087918,3,MAP_PMU,7
4,UPFC_Vse,5-15,0.0579518374688803,3,MAP_PMU,7
5,UPFC_tse,5-15,-2.128407824083981,3,MAP_PMU,7
0,x_tcsc,1-14,-0.1086359432961497,4,MAP_PMU,7
1,B_svc,2,0.1784357938022043,4,MAP_PMU,7
2,UPFC_Vsh,5-15,1.1120693815948473,4,MAP_PMU,7
3,UPFC_tsh,5-15,-0.2356242360064936,4,MAP_PMU,7
4,UPFC_Vse,5-15,0.058016194631323646,4,MAP_PMU,7
5,UPFC_tse,5-15,-2.1247909226499364,4,MAP_PMU,7
0,x_tcsc,1-14,-0.10861141377225901,5,MAP_PMU,7
1,B_svc,2,0.17830593397714842,5,MAP_PMU,7
2,UPFC_Vsh,5-15,1.1118619223873083,5,MAP_PMU,7
3,UPFC_tsh,5-15,-0.23563723413047924,5,MAP_PMU,7
4,UPFC_Vse,5-15,0.05757563643821198,5,MAP_PMU,7
5,UPFC_tse,5-15,-2.1264537408708177,5,MAP_PMU,7
0,x_tcsc,1-14,-0.1086793157310556,6,MAP_PMU,7
1,B_svc,2,0.1782677640334707,6,MAP_PMU,7
2,UPFC_Vsh,5-15,1.1120616870466624,6,MAP_PMU,7
3,UPFC_tsh,5-15,-0.23557304441646354,6,MAP_PMU,7
4,UPFC_Vse,5-15,0.05755931818498576,6,MAP_PMU,7
5,UPFC_tse,5-15,-2.1280625086448346,6,MAP_PMU,7
0,x_tcsc,1-14,-0.10870932008130631,7,MAP_PMU,7
1,B_svc,2,0.17806347489506458,7,MAP_PMU,7
2,UPFC_Vsh,5-15,1.1120068342253957,7,MAP_PMU,7
3,UPFC_tsh,5-15,-0.2356401873401901,7,MAP_PMU,7
4,UPFC_Vse,5-15,0.05811118984437467,7,MAP_PMU,7
5,UPFC_tse,5-15,-2.127705643434053,7,MAP_PMU,7
0,x_tcsc,1-14,-0.10865777716955755,8,MAP_PMU,7
1,B_svc,2,0.17787754411371756,8,MAP_PMU,7
2,UPFC_Vsh,5-15,1.1116365036413773,8,MAP_PMU,7
3,UPFC_tsh,5-15,-0.23562359412846692,8,MAP_PMU,7
4,UPFC_Vse,5-15,0.05747684957134624,8,MAP_PMU,7
5,UPFC_tse,5-15,-2.1269721410634066,8,MAP_PMU,7
0,x_tcsc,1-14,-0.10863439255940699,9,MAP_PMU,7
1,B_svc,2,0.178259222875304,9,MAP_PMU,7
2,UPFC_Vsh,5-15,1.112152754444416,9,MAP_PMU,7
3,UPFC_tsh,5-15,-0.23560177669871277,9,MAP_PMU,7
4,UPFC_Vse,5-15,0.057783692507430554,9,MAP_PMU,7
5,UPFC_tse,5-15,-2.1238650309003093,9,MAP_PMU,7
0,x_tcsc,1-14,-0.10871548976885165,0,MAP_PMU,8
1,B_svc,2,0.17800001020945094,0,MAP_PMU,8
2,UPFC_Vsh,5-15,1.1118229244162339,0,MAP_PMU,8
3,UPFC_tsh,5-15,-0.2355914354132991,0,MAP_PMU,8
4,UPFC_Vse,5-15,0.05783821343410932,0,MAP_PMU,8
5,UPFC_tse,5-15,-2.128188469232757,0,MAP_PMU,8
0,x_tcsc,1-14,-0.10876192604482847,1,MAP_PMU,8
1,B_svc,2,0.17830653476326075,1,MAP_PMU,8
2,UPFC_Vsh,5-15,1.1116650846477147,1,MAP_PMU,8
3,UPFC_tsh,5-15,-0.23561402349344746,1,MAP_PMU,8
4,UPFC_Vse,5-15,0.05812636116638802,1,MAP_PMU,8
5,UPFC_tse,5-15,-2.1248921404775345,1,MAP_PMU,8
0,x_tcsc,1-14,-0.10873112528836335,2,MAP_PMU,8
1,B_svc,2,0.1783015214967408,2,MAP_PMU,8
2,UPFC_Vsh,5-15,1.111726265846921,2,MAP_PMU,8
3,UPFC_tsh,5-15,-0.2356085238744829,2,MAP_PMU,8
4,UPFC_Vse,5-15,0.05746414239768791,2,MAP_PMU,8
5,UPFC_tse,5-15,-2.126160456426638,2,MAP_PMU,8
0,x_tcsc,1-14,-0.10872054824306968,3,MAP_PMU,8
1,B_svc,2,0.17826811405657736,3,MAP_PMU,8
2,UPFC_Vsh,5-15,1.112418570489906,3,MAP_PMU,8
3,UPFC_tsh,5-15,-0.23563282691987433,3,MAP_PMU,8
4,UPFC_Vse,5-15,0.057912841393761585,3,MAP_PMU,8
5,UPFC_tse,5-15,-2.129492708321993,3,MAP_PMU,8
0,x_tcsc,1-14,-0.10874602276429178,4,MAP_PMU,8
1,B_svc,2,0.17842595363077166,4,MAP_PMU,8
2,UPFC_Vsh,5-15,1.112049681502207,4,MAP_PMU,8
3,UPFC_tsh,5-15,-0.23561765437007484,4,MAP_PMU,8
4,UPFC_Vse,5-15,0.057978050919959966,4,MAP_PMU,8
5,UPFC_tse,5-15,-2.1258611308260913,4,MAP_PMU,8
0,x_tcsc,1-14,-0.10872144969566125,5,MAP_PMU,8
1,B_svc,2,0.1782948250532053,5,MAP_PMU,8
2,UPFC_Vsh,5-15,1.1118422615669918,5,MAP_PMU,8
3,UPFC_tsh,5-15,-0.23563070457447918,5,MAP_PMU,8
4,UPFC_Vse,5-15,0.0575373493255102,5,MAP_PMU,8
5,UPFC_tse,5-15,-2.127542747211549,5,MAP_PMU,8
0,x_tcsc,1-14,-0.10879111983362444,6,MAP_PMU,8
1,B_svc,2,0.17825844334056445,6,MAP_PMU,8
2,UPFC_Vsh,5-15,1.1120417800495521,6,MAP_PMU,8
3,UPFC_tsh,5-15,-0.2355663636774039,6,MAP_PMU,8
4,UPFC_Vse,5-15,0.05752060010828829,6,MAP_PMU,8
5,UPFC_tse,5-15,-2.129136029697887,6,MAP_PMU,8
0,x_tcsc,1-14,-0.10882231476656717,7,MAP_PMU,8
1,B_svc,2,0.17805413114061372,7,MAP_PMU,8
2,UPFC_Vsh,5-15,1.111986565618072,7,MAP_PMU,8
3,UPFC_tsh,5-15,-0.23563372832498408,7,MAP_PMU,8
4,UPFC_Vse,5-15,0.0580731278070437,7,MAP_PMU,8
5,UPFC_tse,5-15,-2.128776820473846,7,MAP_PMU,8
0,x_tcsc,1-14,-0.10876888699714124,8,MAP_PMU,8
1,B_svc,2,0.1778674998653755,8,MAP_PMU,8
2,UPFC_Vsh,5-15,1.1116164590477946,8,MAP_PMU,8
3,UPFC_tsh,5-15,-0.2356170487911495,8,MAP_PMU,8
4,UPFC_Vse,5-15,0.0574390953364114,8,MAP_PMU,8
5,UPFC_tse,5-15,-2.1280575351110054,8,MAP_PMU,8
0,x_tcsc,1-14,-0.10874496433166068,9,MAP_PMU,8
1,B_svc,2,0.17824950572101186,9,MAP_PMU,8
2,UPFC_Vsh,5-15,1.112132714569678,9,MAP_PMU,8
3,UPFC_tsh,5-15,-0.23559526263797956,9,MAP_PMU,8
4,UPFC_Vse,5-15,0.05774566917921662,9,MAP_PMU,8
5,UPFC_tse,5-15,-2.124941314373967,9,MAP_PMU,8
0,x_tcsc,1-14,-0.10820317194395639,0,MAP_PMU,9
1,B_svc,2,0.17745540875493546,0,MAP_PMU,9
2,UPFC_Vsh,5-15,1.1118318646128835,0,MAP_PMU,9
3,UPFC_tsh,5-15,-0.2359563563476155,0,MAP_PMU,9
4,UPFC_Vse,5-15,0.057877016535319806,0,MAP_PMU,9
5,UPFC_tse,5-15,-2.127468953364409,0,MAP_PMU,9
0,x_tcsc,1-14,-0.10824561071871695,1,MAP_PMU,9
1,B_svc,2,0.17775926249792456,1,MAP_PMU,9
2,UPFC_Vsh,5-15,1.1116748005443526,1,MAP_PMU,9
3,UPFC_tsh,5-15,-0.2359788915129178,1,MAP_PMU,9
4,UPFC_Vse,5-15,0.0581655262739279,1,MAP_PMU,9
5,UPFC_tse,5-15,-2.12418101740359,1,MAP_PMU,9
0,x_tcsc,1-14,-0.10821889453633364,2,MAP_PMU,9
1,B_svc,2,0.17775777221061714,2,MAP_PMU,9
2,UPFC_Vsh,5-15,1.1117349924559508,2,MAP_PMU,9
3,UPFC_tsh,5-15,-0.23597342680290792,2,MAP_PMU,9
4,UPFC_Vse,5-15,0.057503673263040365,2,MAP_PMU,9
5,UPFC_tse,5-15,-2.1254343680776,2,MAP_PMU,9
0,x_tcsc,1-14,-0.10820658355267121,3,MAP_PMU,9
1,B_svc,2,0.17772675842890318,3,MAP_PMU,9
2,UPFC_Vsh,5-15,1.1124267798559588,3,MAP_PMU,9
3,UPFC_tsh,5-15,-0.23599787737697783,3,MAP_PMU,9
4,UPFC_Vse,5-15,0.057952626514926275,3,MAP_PMU,9
5,UPFC_tse,5-15,-2.128767216745897,3,MAP_PMU,9
0,x_tcsc,1-14,-0.10823273399353009,4,MAP_PMU,9
1,B_svc,2,0.17787924038135636,4,MAP_PMU,9
2,UPFC_Vsh,5-15,1.1120589442025746,4,MAP_PMU,9
3,UPFC_tsh,5-15,-0.23598251183431465,4,MAP_PMU,9
4,UPFC_Vse,5-15,0.05801705252446661,4,MAP_PMU,9
5,UPFC_tse,5-15,-2.1251461460778973,4,MAP_PMU,9
0,x_tcsc,1-14,-0.10820890775401189,5,MAP_PMU,9
1,B_svc,2,0.17775193795906,5,MAP_PMU,9
2,UPFC_Vsh,5-15,1.111850998200089,5,MAP_PMU,9
3,UPFC_tsh,5-15,-0.2359955099967418,5,MAP_PMU,9
4,UPFC_Vse,5-15,0.05757652224731932,5,MAP_PMU,9
5,UPFC_tse,5-15,-2.1268108040240703,5,MAP_PMU,9
0,x_tcsc,1-14,-0.10826954063512163,6,MAP_PMU,9
1,B_svc,2,0.17771084515407906,6,MAP_PMU,9
2,UPFC_Vsh,5-15,1.1120527419841935,6,MAP_PMU,9
3,UPFC_tsh,5-15,-0.23593117876917882,6,MAP_PMU,9
4,UPFC_Vse,5-15,0.0575596490388454,6,MAP_PMU,9
5,UPFC_tse,5-15,-2.1284177662639285,6,MAP_PMU,9
0,x_tcsc,1-14,-0.10829547123695513,7,MAP_PMU,9
1,B_svc,2,0.17750554725668297,7,MAP_PMU,9
2,UPFC_Vsh,5-15,1.1119980636904374,7,MAP_PMU,9
3,UPFC_tsh,5-15,-0.2359983425595237,7,MAP_PMU,9
4,UPFC_Vse,5-15,0.05811127508445801,7,MAP_PMU,9
5,UPFC_tse,5-15,-2.128069186906599,7,MAP_PMU,9
0,x_tcsc,1-14,-0.10825101367725927,8,MAP_PMU,9
1,B_svc,2,0.17731879661665295,8,MAP_PMU,9
2,UPFC_Vsh,5-15,1.1116274948166314,8,MAP_PMU,9
3,UPFC_tsh,5-15,-0.23598179229422755,8,MAP_PMU,9
4,UPFC_Vse,5-15,0.05747738837871168,8,MAP_PMU,9
5,UPFC_tse,5-15,-2.1273262448635264,8,MAP_PMU,9
0,x_tcsc,1-14,-0.10822938029033687,9,MAP_PMU,9
1,B_svc,2,0.17770150357885894,9,MAP_PMU,9
2,UPFC_Vsh,5-15,1.1121432984265363,9,MAP_PMU,9
3,UPFC_tsh,5-15,-0.23595979523589508,9,MAP_PMU,9
4,UPFC_Vse,5-15,0.057784040531265034,9,MAP_PMU,9
5,UPFC_tse,5-15,-2.1242201302385286,9,MAP_PMU,9
0,x_tcsc,1-14,-0.10899836725013409,0,MAP_PMU,10
1,B_svc,2,0.1783571251097659,0,MAP_PMU,10
2,UPFC_Vsh,5-15,1.1118498429155115,0,MAP_PMU,10
3,UPFC_tsh,5-15,-0.2351195074975095,0,MAP_PMU,10
4,UPFC_Vse,5-15,0.0579678162320555,0,MAP_PMU,10
5,UPFC_tse,5-15,-2.128078349796297,0,MAP_PMU,10
0,x_tcsc,1-14,-0.10904702698128622,1,MAP_PMU,10
1,B_svc,2,0.17866515817076015,1,MAP_PMU,10
2,UPFC_Vsh,5-15,1.1116915313469429,1,MAP_PMU,10
3,UPFC_tsh,5-15,-0.23514211788990075,1,MAP_PMU,10
4,UPFC_Vse,5-15,0.05825561190224148,1,MAP_PMU,10
5,UPFC_tse,5-15,-2.1247964885364166,1,MAP_PMU,10
0,x_tcsc,1-14,-0.1090139309827776,2,MAP_PMU,10
1,B_svc,2,0.17865822413442464,2,MAP_PMU,10
2,UPFC_Vsh,5-15,1.1117532457254398,2,MAP_PMU,10
3,UPFC_tsh,5-15,-0.23513653227472314,2,MAP_PMU,10
4,UPFC_Vse,5-15,0.057593403982534354,2,MAP_PMU,10
5,UPFC_tse,5-15,-2.126062643072486,2,MAP_PMU,10
0,x_tcsc,1-14,-0.10900428858537686,3,MAP_PMU,10
1,B_svc,2,0.1786237621642743,3,MAP_PMU,10
2,UPFC_Vsh,5-15,1.1124461169332764,3,MAP_PMU,10
3,UPFC_tsh,5-15,-0.23516076907043318,3,MAP_PMU,10
4,UPFC_Vse,5-15,0.05804161108355879,3,MAP_PMU,10
5,UPFC_tse,5-15,-2.1293922498490545,3,MAP_PMU,10
0,x_tcsc,1-14,-0.10902944349228356,4,MAP_PMU,10
1,B_svc,2,0.17878418552850336,4,MAP_PMU,10
2,UPFC_Vsh,5-15,1.112076118759695,4,MAP_PMU,10
3,UPFC_tsh,5-15,-0.23514568158206686,4,MAP_PMU,10
4,UPFC_Vse,5-15,0.05810711814542938,4,MAP_PMU,10
5,UPFC_tse,5-15,-2.125751841817624,4,MAP_PMU,10
0,x_tcsc,1-14,-0.1090044010996489,5,MAP_PMU,10
1,B_svc,2,0.17865138345935477,5,MAP_PMU,10
2,UPFC_Vsh,5-15,1.111869197999819,5,MAP_PMU,10
3,UPFC_tsh,5-15,-0.23515863677816157,5,MAP_PMU,10
4,UPFC_Vse,5-15,0.05766651446321966,5,MAP_PMU,10
5,UPFC_tse,5-15,-2.1274412420294317,5,MAP_PMU,10
0,x_tcsc,1-14,-0.10907915202931881,6,MAP_PMU,10
1,B_svc,2,0.17861687294097017,6,MAP_PMU,10
2,UPFC_Vsh,5-15,1.1120673367826663,6,MAP_PMU,10
3,UPFC_tsh,5-15,-0.23509457466737846,6,MAP_PMU,10
4,UPFC_Vse,5-15,0.05765011851735516,6,MAP_PMU,10
5,UPFC_tse,5-15,-2.129042655587715,6,MAP_PMU,10
0,x_tcsc,1-14,-0.10911321148094143,7,MAP_PMU,10
1,B_svc,2,0.17841338872460386,7,MAP_PMU,10
2,UPFC_Vsh,5-15,1.1120121142711261,7,MAP_PMU,10
3,UPFC_tsh,5-15,-0.23516181165568878,7,MAP_PMU,10
4,UPFC_Vse,5-15,0.058202494005567124,7,MAP_PMU,10
5,UPFC_tse,5-15,-2.1286638802150786,7,MAP_PMU,10
0,x_tcsc,1-14,-0.10905479284870391,8,MAP_PMU,10
1,B_svc,2,0.1782272490639373,8,MAP_PMU,10
2,UPFC_Vsh,5-15,1.111641737946918,8,MAP_PMU,10
3,UPFC_tsh,5-15,-0.23514516032181335,8,MAP_PMU,10
4,UPFC_Vse,5-15,0.0575687616784189,8,MAP_PMU,10
5,UPFC_tse,5-15,-2.127955285716874,8,MAP_PMU,10
0,x_tcsc,1-14,-0.1090296378027384,9,MAP_PMU,10
1,B_svc,2,0.17860858122563403,9,MAP_PMU,10
2,UPFC_Vsh,5-15,1.1121584336268193,9,MAP_PMU,10
3,UPFC_tsh,5-15,-0.23512342369229064,9,MAP_PMU,10
4,UPFC_Vse,5-15,0.057875175008247015,9,MAP_PMU,10
5,UPFC_tse,5-15,-2.124841624888277,9,MAP_PMU,10
0,x_tcsc,1-14,-0.10859070845094218,0,MAP_PMU,11
1,B_svc,2,0.17766055080310666,0,MAP_PMU,11
2,UPFC_Vsh,5-15,1.1118499479241373,0,MAP_PMU,11
3,UPFC_tsh,5-15,-0.2355319525159473,0,MAP_PMU,11
4,UPFC_Vse,5-15,0.05794991982276163,0,MAP_PMU,11
5,UPFC_tse,5-15,-2.128555625795269,0,MAP_PMU,11
0,x_tcsc,1-14,-0.10863604053642957,1,MAP_PMU,11
1,B_svc,2,0.17796693813112896,1,MAP_PMU,11
2,UPFC_Vsh,5-15,1.111692500046933,1,MAP_PMU,11
3,UPFC_tsh,5-15,-0.23555450632961386,1,MAP_PMU,11
4,UPFC_Vse,5-15,0.05823755302873061,1,MAP_PMU,11
5,UPFC_tse,5-15,-2.125271539439701,1,MAP_PMU,11
0,x_tcsc,1-14,-0.1086063713154108,2,MAP_PMU,11
1,B_svc,2,0.17796254894488672,2,MAP_PMU,11
2,UPFC_Vsh,5-15,1.1117535157358203,2,MAP_PMU,11
3,UPFC_tsh,5-15,-0.23554897053037954,2,MAP_PMU,11
4,UPFC_Vse,5-15,0.057575576427018375,2,MAP_PMU,11
5,UPFC_tse,5-15,-2.1265414646502245,2,MAP_PMU,11
0,x_tcsc,1-14,-0.10859551694126841,3,MAP_PMU,11
1,B_svc,2,0.17792956287952624,3,MAP_PMU,11
2,UPFC_Vsh,5-15,1.1124464122311348,3,MAP_PMU,11
3,UPFC_tsh,5-15,-0.2355733813702217,3,MAP_PMU,11
4,UPFC_Vse,5-15,0.05802366585310626,3,MAP_PMU,11
5,UPFC_tse,5-15,-2.1298743471628208,3,MAP_PMU,11
0,x_tcsc,1-14,-0.10862088287349665,4,MAP_PMU,11
1,B_svc,2,0.17808613038449347,4,MAP_PMU,11
2,UPFC_Vsh,5-15,1.1120767883193456,4,MAP_PMU,11
3,UPFC_tsh,5-15,-0.23555808387912647,4,MAP_PMU,11
4,UPFC_Vse,5-15,0.058089260069152604,4,MAP_PMU,11
5,UPFC_tse,5-15,-2.126227411815489,4,MAP_PMU,11
0,x_tcsc,1-14,-0.10859677255559541,5,MAP_PMU,11
1,B_svc,2,0.17795562366477902,5,MAP_PMU,11
2,UPFC_Vsh,5-15,1.1118694119839525,5,MAP_PMU,11
3,UPFC_tsh,5-15,-0.23557111841054099,5,MAP_PMU,11
4,UPFC_Vse,5-15,0.05764873217715047,5,MAP_PMU,11
5,UPFC_tse,5-15,-2.1279215524442505,5,MAP_PMU,11
0,x_tcsc,1-14,-0.10866381018006532,6,MAP_PMU,11
1,B_svc,2,0.17791866759430394,6,MAP_PMU,11
2,UPFC_Vsh,5-15,1.112070099657249,6,MAP_PMU,11
3,UPFC_tsh,5-15,-0.2355067614028006,6,MAP_PMU,11
4,UPFC_Vse,5-15,0.057631562043472535,6,MAP_PMU,11
5,UPFC_tse,5-15,-2.1295130070425,6,MAP_PMU,11
0,x_tcsc,1-14,-0.10869382395274252,7,MAP_PMU,11
1,B_svc,2,0.17771406753428373,7,MAP_PMU,11
2,UPFC_Vsh,5-15,1.1120152214830032,7,MAP_PMU,11
3,UPFC_tsh,5-15,-0.2355741393198149,7,MAP_PMU,11
4,UPFC_Vse,5-15,0.058183959815224395,7,MAP_PMU,11
5,UPFC_tse,5-15,-2.129148381980202,7,MAP_PMU,11
0,x_tcsc,1-14,-0.1086425981812418,8,MAP_PMU,11
1,B_svc,2,0.17752646733459837,8,MAP_PMU,11
2,UPFC_Vsh,5-15,1.1116439781866334,8,MAP_PMU,11
3,UPFC_tsh,5-15,-0.2355575136230001,8,MAP_PMU,11
4,UPFC_Vse,5-15,0.05755057695824804,8,MAP_PMU,11
5,UPFC_tse,5-15,-2.128431992972419,8,MAP_PMU,11
0,x_tcsc,1-14,-0.10861922363526215,9,MAP_PMU,11
1,B_svc,2,0.17790925193731397,9,MAP_PMU,11
2,UPFC_Vsh,5-15,1.1121601105570327,9,MAP_PMU,11
3,UPFC_tsh,5-15,-0.2355355825524772,9,MAP_PMU,11
4,UPFC_Vse,5-15,0.057856785436490706,9,MAP_PMU,11
5,UPFC_tse,5-15,-2.125315323167358,9,MAP_PMU,11
0,x_tcsc,1-14,-0.10863100494874395,0,MAP_PMU,12
1,B_svc,2,0.1777102995724557,0,MAP_PMU,12
2,UPFC_Vsh,5-15,1.1118475250481321,0,MAP_PMU,12
3,UPFC_tsh,5-15,-0.23558160271844597,0,MAP_PMU,12
4,UPFC_Vse,5-15,0.05789263425540844,0,MAP_PMU,12
5,UPFC_tse,5-15,-2.128833482979372,0,MAP_PMU,12
0,x_tcsc,1-14,-0.10867665446241097,1,MAP_PMU,12
1,B_svc,2,0.17801688747757372,1,MAP_PMU,12
2,UPFC_Vsh,5-15,1.111689976042,1,MAP_PMU,12
3,UPFC_tsh,5-15,-0.23560414471467886,1,MAP_PMU,12
4,UPFC_Vse,5-15,0.05818022159933193,1,MAP_PMU,12
5,UPFC_tse,5-15,-2.12554263628691,1,MAP_PMU,12
0,x_tcsc,1-14,-0.10864666038743082,2,MAP_PMU,12
1,B_svc,2,0.17801222204974404,2,MAP_PMU,12
2,UPFC_Vsh,5-15,1.1117510682752916,2,MAP_PMU,12
3,UPFC_tsh,5-15,-0.2355986277935787,2,MAP_PMU,12
4,UPFC_Vse,5-15,0.057518153184469706,2,MAP_PMU,12
5,UPFC_tse,5-15,-2.1268173152387138,2,MAP_PMU,12
0,x_tcsc,1-14,-0.10863594152042533,3,MAP_PMU,12
1,B_svc,2,0.1779790442531848,3,MAP_PMU,12
2,UPFC_Vsh,5-15,1.1124439368881194,3,MAP_PMU,12
3,UPFC_tsh,5-15,-0.2356230147181911,3,MAP_PMU,12
4,UPFC_Vse,5-15,0.05796626384430929,3,MAP_PMU,12
5,UPFC_tse,5-15,-2.130149663337523,3,MAP_PMU,12
0,x_tcsc,1-14,-0.10866125814465756,4,MAP_PMU,12
1,B_svc,2,0.17813604925022933,4,MAP_PMU,12
2,UPFC_Vsh,5-15,1.1120743596961855,4,MAP_PMU,12
3,UPFC_tsh,5-15,-0.2356077572840275,4,MAP_PMU,12
4,UPFC_Vse,5-15,0.058032074227393655,4,MAP_PMU,12
5,UPFC_tse,5-15,-2.126503617243994,4,MAP_PMU,12
0,x_tcsc,1-14,-0.10863708652304972,5,MAP_PMU,12
1,B_svc,2,0.17800520677114173,5,MAP_PMU,12
2,UPFC_Vsh,5-15,1.1118669889626807,5,MAP_PMU,12
3,UPFC_tsh,5-15,-0.2356208282385663,5,MAP_PMU,12
4,UPFC_Vse,5-15,0.05759143611604844,5,MAP_PMU,12
5,UPFC_tse,5-15,-2.1281990157904063,5,MAP_PMU,12
0,x_tcsc,1-14,-0.10870483818015234,6,MAP_PMU,12
1,B_svc,2,0.1779686606733069,6,MAP_PMU,12
2,UPFC_Vsh,5-15,1.1120674955120489,6,MAP_PMU,12
3,UPFC_tsh,5-15,-0.2355564069932316,6,MAP_PMU,12
4,UPFC_Vse,5-15,0.057574214405814506,6,MAP_PMU,12
5,UPFC_tse,5-15,-2.129787178000126,6,MAP_PMU,12
0,x_tcsc,1-14,-0.10873526742407115,7,MAP_PMU,12
1,B_svc,2,0.17776410751193872,7,MAP_PMU,12
2,UPFC_Vsh,5-15,1.1120125665645297,7,MAP_PMU,12
3,UPFC_tsh,5-15,-0.23562384629787125,7,MAP_PMU,12
4,UPFC_Vse,5-15,0.05812679081693466,7,MAP_PMU,12
5,UPFC_tse,5-15,-2.129422639999322,7,MAP_PMU,12
0,x_tcsc,1-14,-0.10868333707507699,8,MAP_PMU,12
1,B_svc,2,0.17757653802132845,8,MAP_PMU,12
2,UPFC_Vsh,5-15,1.1116414307615623,8,MAP_PMU,12
3,UPFC_tsh,5-15,-0.23560718376910322,8,MAP_PMU,12
4,UPFC_Vse,5-15,0.05749343208691447,8,MAP_PMU,12
5,UPFC_tse,5-15,-2.128710418887722,8,MAP_PMU,12
0,x_tcsc,1-14,-0.1086597823833421,9,MAP_PMU,12
1,B_svc,2,0.1779592565142237,9,MAP_PMU,12
2,UPFC_Vsh,5-15,1.1121575841983284,9,MAP_PMU,12
3,UPFC_tsh,5-15,-0.23558529638895473,9,MAP_PMU,12
4,UPFC_Vse,5-15,0.057799635680746975,9,MAP_PMU,12
5,UPFC_tse,5-15,-2.125591043376189,9,MAP_PMU,12
0,x_tcsc,1-14,-0.10849992524921838,0,MAP_PMU,13
1,B_svc,2,0.17728147790944918,0,MAP_PMU,13
2,UPFC_Vsh,5-15,1.111841959957196,0,MAP_PMU,13
3,UPFC_tsh,5-15,-0.23571302634217825,0,MAP_PMU,13
4,UPFC_Vse,5-15,0.05790972770089171,0,MAP_PMU,13
5,UPFC_tse,5-15,-2.129750926572234,0,MAP_PMU,13
0,x_tcsc,1-14,-0.10854438771607886,1,MAP_PMU,13
1,B_svc,2,0.17758788327489505,1,MAP_PMU,13
2,UPFC_Vsh,5-15,1.1116849472793922,1,MAP_PMU,13
3,UPFC_tsh,5-15,-0.23573556435984658,1,MAP_PMU,13
4,UPFC_Vse,5-15,0.05819666963934537,1,MAP_PMU,13
5,UPFC_tse,5-15,-2.1264594976768527,1,MAP_PMU,13
0,x_tcsc,1-14,-0.10851563741851553,2,MAP_PMU,13
1,B_svc,2,0.17758384152474085,2,MAP_PMU,13
2,UPFC_Vsh,5-15,1.111745891804138,2,MAP_PMU,13
3,UPFC_tsh,5-15,-0.2357300515118835,2,MAP_PMU,13
4,UPFC_Vse,5-15,0.057534691159655434,2,MAP_PMU,13
5,UPFC_tse,5-15,-2.127745957730024,2,MAP_PMU,13
0,x_tcsc,1-14,-0.10850465678556277,3,MAP_PMU,13
1,B_svc,2,0.1775507676299287,3,MAP_PMU,13
2,UPFC_Vsh,5-15,1.112439194478134,3,MAP_PMU,13
3,UPFC_tsh,5-15,-0.23575455309443175,3,MAP_PMU,13
4,UPFC_Vse,5-15,0.057982238583715755,3,MAP_PMU,13
5,UPFC_tse,5-15,-2.131081689267341,3,MAP_PMU,13
0,x_tcsc,1-14,-0.10852979048062653,4,MAP_PMU,13
1,B_svc,2,0.17770689123871528,4,MAP_PMU,13
2,UPFC_Vsh,5-15,1.112069227119688,4,MAP_PMU,13
3,UPFC_tsh,5-15,-0.23573915476489984,4,MAP_PMU,13
4,UPFC_Vse,5-15,0.05804882105928294,4,MAP_PMU,13
5,UPFC_tse,5-15,-2.1274168924732533,4,MAP_PMU,13
0,x_tcsc,1-14,-0.10850617544503088,5,MAP_PMU,13
1,B_svc,2,0.17757622295952313,5,MAP_PMU,13
2,UPFC_Vsh,5-15,1.111861731598893,5,MAP_PMU,13
3,UPFC_tsh,5-15,-0.23575229996358713,5,MAP_PMU,13
4,UPFC_Vse,5-15,0.05760817522077175,5,MAP_PMU,13
5,UPFC_tse,5-15,-2.129131164343822,5,MAP_PMU,13
0,x_tcsc,1-14,-0.1085710545825469,6,MAP_PMU,13
1,B_svc,2,0.17753984436211023,6,MAP_PMU,13
2,UPFC_Vsh,5-15,1.1120636347392046,6,MAP_PMU,13
3,UPFC_tsh,5-15,-0.2356876281950777,6,MAP_PMU,13
4,UPFC_Vse,5-15,0.0575901424073971,6,MAP_PMU,13
5,UPFC_tse,5-15,-2.1307022438706684,6,MAP_PMU,13
0,x_tcsc,1-14,-0.10860028862559716,7,MAP_PMU,13
1,B_svc,2,0.17733467975150585,7,MAP_PMU,13
2,UPFC_Vsh,5-15,1.1120087356109718,7,MAP_PMU,13
3,UPFC_tsh,5-15,-0.23575530201124398,7,MAP_PMU,13
4,UPFC_Vse,5-15,0.05814311386005799,7,MAP_PMU,13
5,UPFC_tse,5-15,-2.1303435883513875,7,MAP_PMU,13
0,x_tcsc,1-14,-0.10855071213331384,8,MAP_PMU,13
1,B_svc,2,0.17714559970192922,8,MAP_PMU,13
2,UPFC_Vsh,5-15,1.111636911414136,8,MAP_PMU,13
3,UPFC_tsh,5-15,-0.2357386039828681,8,MAP_PMU,13
4,UPFC_Vse,5-15,0.0575104269022475,8,MAP_PMU,13
5,UPFC_tse,5-15,-2.12963618939253,8,MAP_PMU,13
0,x_tcsc,1-14,-0.10852769182087829,9,MAP_PMU,13
1,B_svc,2,0.1775294885755468,9,MAP_PMU,13
2,UPFC_Vsh,5-15,1.1121527418510346,9,MAP_PMU,13
3,UPFC_tsh,5-15,-0.23571660698077282,9,MAP_PMU,13
4,UPFC_Vse,5-15,0.05781625584144231,9,MAP_PMU,13
5,UPFC_tse,5-15,-2.126508878250172,9,MAP_PMU,13
0,x_tcsc,1-14,-0.10826255009523003,0,MAP_PMU,14
1,B_svc,2,0.1769328905241549,0,MAP_PMU,14
2,UPFC_Vsh,5-15,1.1118456967428212,0,MAP_PMU,14
3,UPFC_tsh,5-15,-0.23599973099103774,0,MAP_PMU,14
4,UPFC_Vse,5-15,0.057846906167127204,0,MAP_PMU,14
5,UPFC_tse,5-15,-2.1301679730562744,0,MAP_PMU,14
0,x_tcsc,1-14,-0.10830509562217688,1,MAP_PMU,14
1,B_svc,2,0.1772382950775837,1,MAP_PMU,14
2,UPFC_Vsh,5-15,1.1116890555521857,1,MAP_PMU,14
3,UPFC_tsh,5-15,-0.23602220374958371,1,MAP_PMU,14
4,UPFC_Vse,5-15,0.05813376545005171,1,MAP_PMU,14
5,UPFC_tse,5-15,-2.126870282482295,1,MAP_PMU,14
0,x_tcsc,1-14,-0.10827831003676242,2,MAP_PMU,14
1,B_svc,2,0.17723573928189756,2,MAP_PMU,14
2,UPFC_Vsh,5-15,1.1117496039574066,2,MAP_PMU,14
3,UPFC_tsh,5-15,-0.23601674660320587,2,MAP_PMU,14
4,UPFC_Vse,5-15,0.05747188363091556,2,MAP_PMU,14
5,UPFC_tse,5-15,-2.1281610816939796,2,MAP_PMU,14
0,x_tcsc,1-14,-0.10826664158996314,3,MAP_PMU,14
1,B_svc,2,0.17720355519453088,3,MAP_PMU,14
2,UPFC_Vsh,5-15,1.1124428437267297,3,MAP_PMU,14
3,UPFC_tsh,5-15,-0.23604132475369338,3,MAP_PMU,14
4,UPFC_Vse,5-15,0.05791939982326503,3,MAP_PMU,14
5,UPFC_tse,5-15,-2.1314972316667586,3,MAP_PMU,14
0,x_tcsc,1-14,-0.10829189397154393,4,MAP_PMU,14
1,B_svc,2,0.17735741850839246,4,MAP_PMU,14
2,UPFC_Vsh,5-15,1.1120732657929415,4,MAP_PMU,14
3,UPFC_tsh,5-15,-0.23602584779074945,4,MAP_PMU,14
4,UPFC_Vse,5-15,0.057986143971925065,4,MAP_PMU,14
5,UPFC_tse,5-15,-2.1278319704485997,4,MAP_PMU,14
0,x_tcsc,1-14,-0.10826881158618268,5,MAP_PMU,14
1,B_svc,2,0.1772281605169902,5,MAP_PMU,14
2,UPFC_Vsh,5-15,1.1118654951284972,5,MAP_PMU,14
3,UPFC_tsh,5-15,-0.23603905692574484,5,MAP_PMU,14
4,UPFC_Vse,5-15,0.057545451425487254,5,MAP_PMU,14
5,UPFC_tse,5-15,-2.1295468761957745,5,MAP_PMU,14
0,x_tcsc,1-14,-0.10832920557180349,6,MAP_PMU,14
1,B_svc,2,0.177190134991382,6,MAP_PMU,14
2,UPFC_Vsh,5-15,1.1120688620886288,6,MAP_PMU,14
3,UPFC_tsh,5-15,-0.23597420101290845,6,MAP_PMU,14
4,UPFC_Vse,5-15,0.05752698094574328,6,MAP_PMU,14
5,UPFC_tse,5-15,-2.1311132408634874,6,MAP_PMU,14
0,x_tcsc,1-14,-0.10835607174060892,7,MAP_PMU,14
1,B_svc,2,0.17698432677846618,7,MAP_PMU,14
2,UPFC_Vsh,5-15,1.1120142652524934,7,MAP_PMU,14
3,UPFC_tsh,5-15,-0.2360419515070261,7,MAP_PMU,14
4,UPFC_Vse,5-15,0.05807995402758645,7,MAP_PMU,14
5,UPFC_tse,5-15,-2.1307616416583803,7,MAP_PMU,14
0,x_tcsc,1-14,-0.1083106684268212,8,MAP_PMU,14
1,B_svc,2,0.17679471830988594,8,MAP_PMU,14
2,UPFC_Vsh,5-15,1.111641991638972,8,MAP_PMU,14
3,UPFC_tsh,5-15,-0.2360252323553262,8,MAP_PMU,14
4,UPFC_Vse,5-15,0.05744748073122622,8,MAP_PMU,14
5,UPFC_tse,5-15,-2.1300518375307314,8,MAP_PMU,14
0,x_tcsc,1-14,-0.10828870630330768,9,MAP_PMU,14
1,B_svc,2,0.1771792934526803,9,MAP_PMU,14
2,UPFC_Vsh,5-15,1.1121574430558578,9,MAP_PMU,14
3,UPFC_tsh,5-15,-0.23600316552100528,9,MAP_PMU,14
4,UPFC_Vse,5-15,0.057753230575119954,9,MAP_PMU,14
5,UPFC_tse,5-15,-2.126922178354812,9,MAP_PMU,14
0,x_tcsc,1-14,-0.1082583150133379,0,MAP_PMU,15
1,B_svc,2,0.17685601661770292,0,MAP_PMU,15
2,UPFC_Vsh,5-15,1.111813556747917,0,MAP_PMU,15
3,UPFC_tsh,5-15,-0.23613441839420735,0,MAP_PMU,15
4,UPFC_Vse,5-15,0.057790465334398106,0,MAP_PMU,15
5,UPFC_tse,5-15,-2.1309252409349435,0,MAP_PMU,15
0,x_tcsc,1-14,-0.10830081148007746,1,MAP_PMU,15
1,B_svc,2,0.17716128235665282,1,MAP_PMU,15
2,UPFC_Vsh,5-15,1.1116571421499792,1,MAP_PMU,15
3,UPFC_tsh,5-15,-0.23615696048433008,1,MAP_PMU,15
4,UPFC_Vse,5-15,0.05807700276406219,1,MAP_PMU,15
5,UPFC_tse,5-15,-2.12761798779396,1,MAP_PMU,15
0,x_tcsc,1-14,-0.10827410694332101,2,MAP_PMU,15
1,B_svc,2,0.17715879121719158,2,MAP_PMU,15
2,UPFC_Vsh,5-15,1.1117176412383953,2,MAP_PMU,15
3,UPFC_tsh,5-15,-0.23615150388663309,2,MAP_PMU,15
4,UPFC_Vse,5-15,0.05741503607203955,2,MAP_PMU,15
5,UPFC_tse,5-15,-2.128919970087646,2,MAP_PMU,15
0,x_tcsc,1-14,-0.10826237693834521,3,MAP_PMU,15
1,B_svc,2,0.17712637327064004,3,MAP_PMU,15
2,UPFC_Vsh,5-15,1.1124106864274772,3,MAP_PMU,15
3,UPFC_tsh,5-15,-0.23617609685973923,3,MAP_PMU,15
4,UPFC_Vse,5-15,0.05786227788089616,3,MAP_PMU,15
5,UPFC_tse,5-15,-2.132256710483309,3,MAP_PMU,15
0,x_tcsc,1-14,-0.10828767360738686,4,MAP_PMU,15
1,B_svc,2,0.17728054140422836,4,MAP_PMU,15
2,UPFC_Vsh,5-15,1.112041429083216,4,MAP_PMU,15
3,UPFC_tsh,5-15,-0.23616058530736708,4,MAP_PMU,15
4,UPFC_Vse,5-15,0.05792967678426885,4,MAP_PMU,15
5,UPFC_tse,5-15,-2.128584428038264,4,MAP_PMU,15
0,x_tcsc,1-14,-0.10826458008954039,5,MAP_PMU,15
1,B_svc,2,0.17715094277843543,5,MAP_PMU,15
2,UPFC_Vsh,5-15,1.1118334991401686,5,MAP_PMU,15
3,UPFC_tsh,5-15,-0.23617382929974443,5,MAP_PMU,15
4,UPFC_Vse,5-15,0.057488777447776127,5,MAP_PMU,15
5,UPFC_tse,5-15,-2.1303097354123257,5,MAP_PMU,15
0,x_tcsc,1-14,-0.10832494545650538,6,MAP_PMU,15
1,B_svc,2,0.17711357078025414,6,MAP_PMU,15
2,UPFC_Vsh,5-15,1.1120367875175268,6,MAP_PMU,15
3,UPFC_tsh,5-15,-0.2361088190607623,6,MAP_PMU,15
4,UPFC_Vse,5-15,0.05746993986087746,6,MAP_PMU,15
5,UPFC_tse,5-15,-2.131864610554372,6,MAP_PMU,15
0,x_tcsc,1-14,-0.10835178862728725,7,MAP_PMU,15
1,B_svc,2,0.17690751964909218,7,MAP_PMU,15
2,UPFC_Vsh,5-15,1.1119817746823295,7,MAP_PMU,15
3,UPFC_tsh,5-15,-0.2361767385901649,7,MAP_PMU,15
4,UPFC_Vse,5-15,0.05802333066489137,7,MAP_PMU,15
5,UPFC_tse,5-15,-2.131515900547259,7,MAP_PMU,15
0,x_tcsc,1-14,-0.10830650325382443,8,MAP_PMU,15
1,B_svc,2,0.1767173805853049,8,MAP_PMU,15
2,UPFC_Vsh,5-15,1.111610089969269,8,MAP_PMU,15
3,UPFC_tsh,5-15,-0.236159978067155,8,MAP_PMU,15
4,UPFC_Vse,5-15,0.05739122471407589,8,MAP_PMU,15
5,UPFC_tse,5-15,-2.1308121824391444,8,MAP_PMU,15
0,x_tcsc,1-14,-0.10828449658179506,9,MAP_PMU,15
1,B_svc,2,0.1771022769433377,9,MAP_PMU,15
2,UPFC_Vsh,5-15,1.1121255139188833,9,MAP_PMU,15
3,UPFC_tsh,5-15,-0.23613791119813965,9,MAP_PMU,15
4,UPFC_Vse,5-15,0.057696770653647575,9,MAP_PMU,15
5,UPFC_tse,5-15,-2.127676544761926,9,MAP_PMU,15
0,x_tcsc,1-14,-0.10765498467809878,0,MAP_PMU,16
1,B_svc,2,0.176056095050465,0,MAP_PMU,16
2,UPFC_Vsh,5-15,1.1118014858965026,0,MAP_PMU,16
3,UPFC_tsh,5-15,-0.23675443700456836,0,MAP_PMU,16
4,UPFC_Vse,5-15,0.057743173395187544,0,MAP_PMU,16
5,UPFC_tse,5-15,-2.1310543522019483,0,MAP_PMU,16
0,x_tcsc,1-14,-0.10769267881598424,1,MAP_PMU,16
1,B_svc,2,0.1763583885967139,1,MAP_PMU,16
2,UPFC_Vsh,5-15,1.111646138577082,1,MAP_PMU,16
3,UPFC_tsh,5-15,-0.2367769310569481,1,MAP_PMU,16
4,UPFC_Vse,5-15,0.05802997761265692,1,MAP_PMU,16
5,UPFC_tse,5-15,-2.1277430781544817,1,MAP_PMU,16
0,x_tcsc,1-14,-0.10767090613214975,2,MAP_PMU,16
1,B_svc,2,0.176359928114013,2,MAP_PMU,16
2,UPFC_Vsh,5-15,1.1117055553990791,2,MAP_PMU,16
3,UPFC_tsh,5-15,-0.23677155050779058,2,MAP_PMU,16
4,UPFC_Vse,5-15,0.057368341893756856,2,MAP_PMU,16
5,UPFC_tse,5-15,-2.1290426402682123,2,MAP_PMU,16
0,x_tcsc,1-14,-0.10765721197324447,3,MAP_PMU,16
1,B_svc,2,0.17632988024995738,3,MAP_PMU,16
2,UPFC_Vsh,5-15,1.1123981350907681,3,MAP_PMU,16
3,UPFC_tsh,5-15,-0.2367963445218727,3,MAP_PMU,16
4,UPFC_Vse,5-15,0.057815822170782044,3,MAP_PMU,16
5,UPFC_tse,5-15,-2.1323820344922266,3,MAP_PMU,16
0,x_tcsc,1-14,-0.10768314341924093,4,MAP_PMU,16
1,B_svc,2,0.1764782497054416,4,MAP_PMU,16
2,UPFC_Vsh,5-15,1.1120300614637901,4,MAP_PMU,16
3,UPFC_tsh,5-15,-0.2367805757323025,4,MAP_PMU,16
4,UPFC_Vse,5-15,0.057882756878267445,4,MAP_PMU,16
5,UPFC_tse,5-15,-2.1287132725694065,4,MAP_PMU,16
0,x_tcsc,1-14,-0.10766110542136857,5,MAP_PMU,16
1,B_svc,2,0.17635249016872806,5,MAP_PMU,16
2,UPFC_Vsh,5-15,1.1118214491102394,5,MAP_PMU,16
3,UPFC_tsh,5-15,-0.23679387091431026,5,MAP_PMU,16
4,UPFC_Vse,5-15,0.05744194745868563,5,MAP_PMU,16
5,UPFC_tse,5-15,-2.1304319411099844,5,MAP_PMU,16
0,x_tcsc,1-14,-0.10771057329869346,6,MAP_PMU,16
1,B_svc,2,0.1763105933606766,6,MAP_PMU,16
2,UPFC_Vsh,5-15,1.112027674218076,6,MAP_PMU,16
3,UPFC_tsh,5-15,-0.23672858450484735,6,MAP_PMU,16
4,UPFC_Vse,5-15,0.05742246241166086,6,MAP_PMU,16
5,UPFC_tse,5-15,-2.131983604240569,6,MAP_PMU,16
0,x_tcsc,1-14,-0.1077313031599063,7,MAP_PMU,16
1,B_svc,2,0.17610298295336824,7,MAP_PMU,16
2,UPFC_Vsh,5-15,1.1119730587060477,7,MAP_PMU,16
3,UPFC_tsh,5-15,-0.23679655486235193,7,MAP_PMU,16
4,UPFC_Vse,5-15,0.05797558779004672,7,MAP_PMU,16
5,UPFC_tse,5-15,-2.1316551867063125,7,MAP_PMU,16
0,x_tcsc,1-14,-0.10769662882998168,8,MAP_PMU,16
1,B_svc,2,0.17591182732415991,8,MAP_PMU,16
2,UPFC_Vsh,5-15,1.111600947252352,8,MAP_PMU,16
3,UPFC_tsh,5-15,-0.2367798464008826,8,MAP_PMU,16
4,UPFC_Vse,5-15,0.05734347976777851,8,MAP_PMU,16
5,UPFC_tse,5-15,-2.130932936853574,8,MAP_PMU,16
0,x_tcsc,1-14,-0.1076772526909196,9,MAP_PMU,16
1,B_svc,2,0.1762982027680787,9,MAP_PMU,16
2,UPFC_Vsh,5-15,1.1121156480665015,9,MAP_PMU,16
3,UPFC_tsh,5-15,-0.23675754106701902,9,MAP_PMU,16
4,UPFC_Vse,5-15,0.05764901441423392,9,MAP_PMU,16
5,UPFC_tse,5-15,-2.1277987147579904,9,MAP_PMU,16
0,x_tcsc,1-14,-0.10729228552657945,0,MAP_PMU,17
1,B_svc,2,0.17553285448168998,0,MAP_PMU,17
2,UPFC_Vsh,5-15,1.1118020435872698,0,MAP_PMU,17
3,UPFC_tsh,5-15,-0.23705839178705906,0,MAP_PMU,17
4,UPFC_Vse,5-15,0.05777552035018582,0,MAP_PMU,17
5,UPFC_tse,5-15,-2.1309385809334263,0,MAP_PMU,17
0,x_tcsc,1-14,-0.10732706202686959,1,MAP_PMU,17
1,B_svc,2,0.1758334459399857,1,MAP_PMU,17
2,UPFC_Vsh,5-15,1.1116473958191129,1,MAP_PMU,17
3,UPFC_tsh,5-15,-0.23708086406307563,1,MAP_PMU,17
4,UPFC_Vse,5-15,0.05806245803314718,1,MAP_PMU,17
5,UPFC_tse,5-15,-2.1276315696961117,1,MAP_PMU,17
0,x_tcsc,1-14,-0.10730828309496512,2,MAP_PMU,17
1,B_svc,2,0.17583739762056808,2,MAP_PMU,17
2,UPFC_Vsh,5-15,1.111706188430065,2,MAP_PMU,17
3,UPFC_tsh,5-15,-0.23707550145721132,2,MAP_PMU,17
4,UPFC_Vse,5-15,0.05740106721004574,2,MAP_PMU,17
5,UPFC_tse,5-15,-2.1289262776228037,2,MAP_PMU,17
0,x_tcsc,1-14,-0.10729339159824602,3,MAP_PMU,17
1,B_svc,2,0.1758087830556605,3,MAP_PMU,17
2,UPFC_Vsh,5-15,1.112398693117765,3,MAP_PMU,17
3,UPFC_tsh,5-15,-0.23710043906078193,3,MAP_PMU,17
4,UPFC_Vse,5-15,0.0578486069031527,3,MAP_PMU,17
5,UPFC_tse,5-15,-2.132268110059339,3,MAP_PMU,17
0,x_tcsc,1-14,-0.107319715705218,4,MAP_PMU,17
1,B_svc,2,0.17595361076752614,4,MAP_PMU,17
2,UPFC_Vsh,5-15,1.1120309623023474,4,MAP_PMU,17
3,UPFC_tsh,5-15,-0.23708448495272538,4,MAP_PMU,17
4,UPFC_Vse,5-15,0.05791517635297725,4,MAP_PMU,17
5,UPFC_tse,5-15,-2.1285989345518455,4,MAP_PMU,17
0,x_tcsc,1-14,-0.10729831901828628,5,MAP_PMU,17
1,B_svc,2,0.17583015487130238,5,MAP_PMU,17
2,UPFC_Vsh,5-15,1.1118220399442842,5,MAP_PMU,17
3,UPFC_tsh,5-15,-0.2370977890968855,5,MAP_PMU,17
4,UPFC_Vse,5-15,0.05747452844045962,5,MAP_PMU,17
5,UPFC_tse,5-15,-2.130314557860132,5,MAP_PMU,17
0,x_tcsc,1-14,-0.10734124255993481,6,MAP_PMU,17
1,B_svc,2,0.1757855562334053,6,MAP_PMU,17
2,UPFC_Vsh,5-15,1.1120300097290312,6,MAP_PMU,17
3,UPFC_tsh,5-15,-0.23703237783524092,6,MAP_PMU,17
4,UPFC_Vse,5-15,0.05745469005211788,6,MAP_PMU,17
5,UPFC_tse,5-15,-2.131865757545805,6,MAP_PMU,17
0,x_tcsc,1-14,-0.1073583015535581,7,MAP_PMU,17
1,B_svc,2,0.175577023438748,7,MAP_PMU,17
2,UPFC_Vsh,5-15,1.1119756557369722,7,MAP_PMU,17
3,UPFC_tsh,5-15,-0.2371003574774443,7,MAP_PMU,17
4,UPFC_Vse,5-15,0.0580075523716647,7,MAP_PMU,17
5,UPFC_tse,5-15,-2.131548753732383,7,MAP_PMU,17
0,x_tcsc,1-14,-0.10733000768366958,8,MAP_PMU,17
1,B_svc,2,0.17538507319947333,8,MAP_PMU,17
2,UPFC_Vsh,5-15,1.1116030286641698,8,MAP_PMU,17
3,UPFC_tsh,5-15,-0.23708372018396368,8,MAP_PMU,17
4,UPFC_Vse,5-15,0.05737552133089587,8,MAP_PMU,17
5,UPFC_tse,5-15,-2.130813346445991,8,MAP_PMU,17
0,x_tcsc,1-14,-0.10731219247020828,9,MAP_PMU,17
1,B_svc,2,0.17577245673195552,9,MAP_PMU,17
2,UPFC_Vsh,5-15,1.1121173795240937,9,MAP_PMU,17
3,UPFC_tsh,5-15,-0.23706122394995296,9,MAP_PMU,17
4,UPFC_Vse,5-15,0.057680985123254244,9,MAP_PMU,17
5,UPFC_tse,5-15,-2.1276814581423578,9,MAP_PMU,17
0,x_tcsc,1-14,-0.10768409380296755,0,MAP_PMU,18
1,B_svc,2,0.17615853785814323,0,MAP_PMU,18
2,UPFC_Vsh,5-15,1.1117849807022968,0,MAP_PMU,18
3,UPFC_tsh,5-15,-0.2366552256296516,0,MAP_PMU,18
4,UPFC_Vse,5-15,0.05780821968668057,0,MAP_PMU,18
5,UPFC_tse,5-15,-2.130610167541797,0,MAP_PMU,18
0,x_tcsc,1-14,-0.10772207775656936,1,MAP_PMU,18
1,B_svc,2,0.17646067075631325,1,MAP_PMU,18
2,UPFC_Vsh,5-15,1.1116296751727681,1,MAP_PMU,18
3,UPFC_tsh,5-15,-0.23667780535890526,1,MAP_PMU,18
4,UPFC_Vse,5-15,0.058095214380549515,1,MAP_PMU,18
5,UPFC_tse,5-15,-2.127305540586807,1,MAP_PMU,18
0,x_tcsc,1-14,-0.10770001761413811,2,MAP_PMU,18
1,B_svc,2,0.17646217855145335,2,MAP_PMU,18
2,UPFC_Vsh,5-15,1.1116890668527408,2,MAP_PMU,18
3,UPFC_tsh,5-15,-0.2366723794953728,2,MAP_PMU,18
4,UPFC_Vse,5-15,0.05743361419346071,2,MAP_PMU,18
5,UPFC_tse,5-15,-2.1285987000702926,2,MAP_PMU,18
0,x_tcsc,1-14,-0.10768628832340726,3,MAP_PMU,18
1,B_svc,2,0.17643208770795332,3,MAP_PMU,18
2,UPFC_Vsh,5-15,1.1123813978960377,3,MAP_PMU,18
3,UPFC_tsh,5-15,-0.23669716354616607,3,MAP_PMU,18
4,UPFC_Vse,5-15,0.05788117237671199,3,MAP_PMU,18
5,UPFC_tse,5-15,-2.131938264656966,3,MAP_PMU,18
0,x_tcsc,1-14,-0.10771239161969925,4,MAP_PMU,18
1,B_svc,2,0.17658071551889779,4,MAP_PMU,18
2,UPFC_Vsh,5-15,1.112013533190173,4,MAP_PMU,18
3,UPFC_tsh,5-15,-0.2366813740652987,4,MAP_PMU,18
4,UPFC_Vse,5-15,0.05794775069200207,4,MAP_PMU,18
5,UPFC_tse,5-15,-2.1282710429469387,4,MAP_PMU,18
0,x_tcsc,1-14,-0.10769011381142267,5,MAP_PMU,18
1,B_svc,2,0.176454944874794,5,MAP_PMU,18
2,UPFC_Vsh,5-15,1.1118049068073421,5,MAP_PMU,18
3,UPFC_tsh,5-15,-0.23669458955696274,5,MAP_PMU,18
4,UPFC_Vse,5-15,0.057507025276885,5,MAP_PMU,18
5,UPFC_tse,5-15,-2.129986515030119,5,MAP_PMU,18
0,x_tcsc,1-14,-0.10774041625710584,6,MAP_PMU,18
1,B_svc,2,0.17641307029188857,6,MAP_PMU,18
2,UPFC_Vsh,5-15,1.1120105224334846,6,MAP_PMU,18
3,UPFC_tsh,5-15,-0.23662944285789575,6,MAP_PMU,18
4,UPFC_Vse,5-15,0.05748781100545258,6,MAP_PMU,18
5,UPFC_tse,5-15,-2.1315438227162344,6,MAP_PMU,18
0,x_tcsc,1-14,-0.10776138088777551,7,MAP_PMU,18
1,B_svc,2,0.1762055939841579,7,MAP_PMU,18
2,UPFC_Vsh,5-15,1.1119556330957534,7,MAP_PMU,18
3,UPFC_tsh,5-15,-0.23669731552236106,7,MAP_PMU,18
4,UPFC_Vse,5-15,0.05804075440638219,7,MAP_PMU,18
5,UPFC_tse,5-15,-2.1312141957757236,7,MAP_PMU,18
0,x_tcsc,1-14,-0.10772619916910976,8,MAP_PMU,18
1,B_svc,2,0.1760147192337006,8,MAP_PMU,18
2,UPFC_Vsh,5-15,1.1115840919387665,8,MAP_PMU,18
3,UPFC_tsh,5-15,-0.23668066256936826,8,MAP_PMU,18
4,UPFC_Vse,5-15,0.057408478399914004,8,MAP_PMU,18
5,UPFC_tse,5-15,-2.1304864867295694,8,MAP_PMU,18
0,x_tcsc,1-14,-0.10770666864710775,9,MAP_PMU,18
1,B_svc,2,0.17640081997445448,9,MAP_PMU,18
2,UPFC_Vsh,5-15,1.1120989555679297,9,MAP_PMU,18
3,UPFC_tsh,5-15,-0.2366583398815439,9,MAP_PMU,18
4,UPFC_Vse,5-15,0.05771407818999869,9,MAP_PMU,18
5,UPFC_tse,5-15,-2.127356589523095,9,MAP_PMU,18
0,x_tcsc,1-14,-0.10744685187234715,0,MAP_PMU,19
1,B_svc,2,0.1758973799147252,0,MAP_PMU,19
2,UPFC_Vsh,5-15,1.1118121025509573,0,MAP_PMU,19
3,UPFC_tsh,5-15,-0.23708701443777583,0,MAP_PMU,19
4,UPFC_Vse,5-15,0.05764735070065968,0,MAP_PMU,19
5,UPFC_tse,5-15,-2.130642022771239,0,MAP_PMU,19
0,x_tcsc,1-14,-0.10748294649937942,1,MAP_PMU,19
1,B_svc,2,0.17619851841732162,1,MAP_PMU,19
2,UPFC_Vsh,5-15,1.1116568831216551,1,MAP_PMU,19
3,UPFC_tsh,5-15,-0.23710942924761888,1,MAP_PMU,19
4,UPFC_Vse,5-15,0.057934713905884075,1,MAP_PMU,19
5,UPFC_tse,5-15,-2.127322880216678,1,MAP_PMU,19
0,x_tcsc,1-14,-0.10746279127958523,2,MAP_PMU,19
1,B_svc,2,0.17620157251866572,2,MAP_PMU,19
2,UPFC_Vsh,5-15,1.1117159023450105,2,MAP_PMU,19
3,UPFC_tsh,5-15,-0.23710410998702766,2,MAP_PMU,19
4,UPFC_Vse,5-15,0.05727306807389757,2,MAP_PMU,19
5,UPFC_tse,5-15,-2.1286159727220992,2,MAP_PMU,19
0,x_tcsc,1-14,-0.10744830155794254,3,MAP_PMU,19
1,B_svc,2,0.17617269930820323,3,MAP_PMU,19
2,UPFC_Vsh,5-15,1.1124080984896483,3,MAP_PMU,19
3,UPFC_tsh,5-15,-0.23712892509629338,3,MAP_PMU,19
4,UPFC_Vse,5-15,0.05772118970384205,3,MAP_PMU,19
5,UPFC_tse,5-15,-2.1319550758963364,3,MAP_PMU,19
0,x_tcsc,1-14,-0.10747466147933618,4,MAP_PMU,19
1,B_svc,2,0.17631866788558148,4,MAP_PMU,19
2,UPFC_Vsh,5-15,1.112040631156131,4,MAP_PMU,19
3,UPFC_tsh,5-15,-0.23711315399933533,4,MAP_PMU,19
4,UPFC_Vse,5-15,0.05778749502159489,4,MAP_PMU,19
5,UPFC_tse,5-15,-2.1283036721896105,4,MAP_PMU,19
0,x_tcsc,1-14,-0.10745280123232927,5,MAP_PMU,19
1,B_svc,2,0.17619461740478087,5,MAP_PMU,19
2,UPFC_Vsh,5-15,1.1118318186780032,5,MAP_PMU,19
3,UPFC_tsh,5-15,-0.23712649396300628,5,MAP_PMU,19
4,UPFC_Vse,5-15,0.05734664648802908,5,MAP_PMU,19
5,UPFC_tse,5-15,-2.130004891729103,5,MAP_PMU,19
0,x_tcsc,1-14,-0.10749880980564058,6,MAP_PMU,19
1,B_svc,2,0.17615051678420268,6,MAP_PMU,19
2,UPFC_Vsh,5-15,1.1120386108887306,6,MAP_PMU,19
3,UPFC_tsh,5-15,-0.23706111795161786,6,MAP_PMU,19
4,UPFC_Vse,5-15,0.05732733905969561,6,MAP_PMU,19
5,UPFC_tse,5-15,-2.1315632172942682,6,MAP_PMU,19
0,x_tcsc,1-14,-0.1075173605809002,7,MAP_PMU,19
1,B_svc,2,0.1759425505990727,7,MAP_PMU,19
2,UPFC_Vsh,5-15,1.1119842485342548,7,MAP_PMU,19
3,UPFC_tsh,5-15,-0.23712904474289218,7,MAP_PMU,19
4,UPFC_Vse,5-15,0.057880191229948856,7,MAP_PMU,19
5,UPFC_tse,5-15,-2.1312437726978017,7,MAP_PMU,19
0,x_tcsc,1-14,-0.10748631752202763,8,MAP_PMU,19
1,B_svc,2,0.17575165831077064,8,MAP_PMU,19
2,UPFC_Vsh,5-15,1.1116120382013264,8,MAP_PMU,19
3,UPFC_tsh,5-15,-0.23711237838426721,8,MAP_PMU,19
4,UPFC_Vse,5-15,0.05724767103061709,8,MAP_PMU,19
5,UPFC_tse,5-15,-2.1305108669701314,8,MAP_PMU,19
0,x_tcsc,1-14,-0.10746786226262373,9,MAP_PMU,19
1,B_svc,2,0.17613810053862552,9,MAP_PMU,19
2,UPFC_Vsh,5-15,1.1121266873481697,9,MAP_PMU,19
3,UPFC_tsh,5-15,-0.2370900370425373,9,MAP_PMU,19
4,UPFC_Vse,5-15,0.057553445489852716,9,MAP_PMU,19
5,UPFC_tse,5-15,-2.1273802021835784,9,MAP_PMU,19
0,x_tcsc,1-14,-0.10766806413693553,0,MAP_PMU,20
1,B_svc,2,0.17596190850818014,0,MAP_PMU,20
2,UPFC_Vsh,5-15,1.1106774439919975,0,MAP_PMU,20
3,UPFC_tsh,5-15,-0.2369675828384937,0,MAP_PMU,20
4,UPFC_Vse,5-15,0.05620602465970105,0,MAP_PMU,20
5,UPFC_tse,5-15,-2.121559369158766,0,MAP_PMU,20
0,x_tcsc,1-14,-0.10769069660447275,1,MAP_PMU,20
1,B_svc,2,0.176261901820337,1,MAP_PMU,20
2,UPFC_Vsh,5-15,1.1105184535619144,1,MAP_PMU,20
3,UPFC_tsh,5-15,-0.2369895888449412,1,MAP_PMU,20
4,UPFC_Vse,5-15,0.05653557497636646,1,MAP_PMU,20
5,UPFC_tse,5-15,-2.1181740678614247,1,MAP_PMU,20
0,x_tcsc,1-14,-0.10768453995425359,2,MAP_PMU,20
1,B_svc,2,0.17626759341033538,2,MAP_PMU,20
2,UPFC_Vsh,5-15,1.110582625101295,2,MAP_PMU,20
3,UPFC_tsh,5-15,-0.2369857121828952,2,MAP_PMU,20
4,UPFC_Vse,5-15,0.055863883449860145,2,MAP_PMU,20
5,UPFC_tse,5-15,-2.119646597559112,2,MAP_PMU,20
0,x_tcsc,1-14,-0.10766395985810503,3,MAP_PMU,20
1,B_svc,2,0.1762489027465796,3,MAP_PMU,20
2,UPFC_Vsh,5-15,1.1112424860333014,3,MAP_PMU,20
3,UPFC_tsh,5-15,-0.23700968149310914,3,MAP_PMU,20
4,UPFC_Vse,5-15,0.05629468639670755,3,MAP_PMU,20
5,UPFC_tse,5-15,-2.122933121876669,3,MAP_PMU,20
0,x_tcsc,1-14,-0.10769296099270514,4,MAP_PMU,20
1,B_svc,2,0.17637977389462978,4,MAP_PMU,20
2,UPFC_Vsh,5-15,1.1108865693762973,4,MAP_PMU,20
3,UPFC_tsh,5-15,-0.23699345702414706,4,MAP_PMU,20
4,UPFC_Vse,5-15,0.0563701893321136,4,MAP_PMU,20
5,UPFC_tse,5-15,-2.119063321362596,4,MAP_PMU,20
0,x_tcsc,1-14,-0.10767341935954536,5,MAP_PMU,20
1,B_svc,2,0.17626880147614932,5,MAP_PMU,20
2,UPFC_Vsh,5-15,1.1106786045159205,5,MAP_PMU,20
3,UPFC_tsh,5-15,-0.2370069907633813,5,MAP_PMU,20
4,UPFC_Vse,5-15,0.055950601592158665,5,MAP_PMU,20
5,UPFC_tse,5-15,-2.120691448972111,5,MAP_PMU,20
0,x_tcsc,1-14,-0.10768858359833622,6,MAP_PMU,20
1,B_svc,2,0.17620438915677283,6,MAP_PMU,20
2,UPFC_Vsh,5-15,1.1109073296523657,6,MAP_PMU,20
3,UPFC_tsh,5-15,-0.23694296436204454,6,MAP_PMU,20
4,UPFC_Vse,5-15,0.05593355823482978,6,MAP_PMU,20
5,UPFC_tse,5-15,-2.1226975346270334,6,MAP_PMU,20
0,x_tcsc,1-14,-0.10768979254071938,7,MAP_PMU,20
1,B_svc,2,0.17599443673831944,7,MAP_PMU,20
2,UPFC_Vsh,5-15,1.1108268404673614,7,MAP_PMU,20
3,UPFC_tsh,5-15,-0.2370082626314508,7,MAP_PMU,20
4,UPFC_Vse,5-15,0.056481188891379625,7,MAP_PMU,20
5,UPFC_tse,5-15,-2.1218705314589914,7,MAP_PMU,20
0,x_tcsc,1-14,-0.10768891392755055,8,MAP_PMU,20
1,B_svc,2,0.17580058232309848,8,MAP_PMU,20
2,UPFC_Vsh,5-15,1.1104663903936318,8,MAP_PMU,20
3,UPFC_tsh,5-15,-0.23699284527532954,8,MAP_PMU,20
4,UPFC_Vse,5-15,0.055858020177828344,8,MAP_PMU,20
5,UPFC_tse,5-15,-2.121225654683884,8,MAP_PMU,20
0,x_tcsc,1-14,-0.10767744328091831,9,MAP_PMU,20
1,B_svc,2,0.17619006161819642,9,MAP_PMU,20
2,UPFC_Vsh,5-15,1.1109940636179507,9,MAP_PMU,20
3,UPFC_tsh,5-15,-0.23697066358014918,9,MAP_PMU,20
4,UPFC_Vse,5-15,0.05618258572805688,9,MAP_PMU,20
5,UPFC_tse,5-15,-2.118468495724169,9,MAP_PMU,20
0,x_tcsc,1-14,-0.10741478884414461,0,MAP_PMU,21
1,B_svc,2,0.175678674317343,0,MAP_PMU,21
2,UPFC_Vsh,5-15,1.1106931339370363,0,MAP_PMU,21
3,UPFC_tsh,5-15,-0.2372126084263919,0,MAP_PMU,21
4,UPFC_Vse,5-15,0.05617633124707361,0,MAP_PMU,21
5,UPFC_tse,5-15,-2.121135818511284,0,MAP_PMU,21
0,x_tcsc,1-14,-0.10743542503209236,1,MAP_PMU,21
1,B_svc,2,0.1759774919517184,1,MAP_PMU,21
2,UPFC_Vsh,5-15,1.1105343541550126,1,MAP_PMU,21
3,UPFC_tsh,5-15,-0.23723450881026262,1,MAP_PMU,21
4,UPFC_Vse,5-15,0.056505888031770736,1,MAP_PMU,21
5,UPFC_tse,5-15,-2.1177516717878087,1,MAP_PMU,21
0,x_tcsc,1-14,-0.10743128543718185,2,MAP_PMU,21
1,B_svc,2,0.17598490756084045,2,MAP_PMU,21
2,UPFC_Vsh,5-15,1.1105981637541542,2,MAP_PMU,21
3,UPFC_tsh,5-15,-0.23723069115337297,2,MAP_PMU,21
4,UPFC_Vse,5-15,0.05583424357942051,2,MAP_PMU,21
5,UPFC_tse,5-15,-2.119216964187157,2,MAP_PMU,21
0,x_tcsc,1-14,-0.10740984866947371,3,MAP_PMU,21
1,B_svc,2,0.1759673069532104,3,MAP_PMU,21
2,UPFC_Vsh,5-15,1.1112580229813245,3,MAP_PMU,21
3,UPFC_tsh,5-15,-0.23725472800974054,3,MAP_PMU,21
4,UPFC_Vse,5-15,0.0562652124683802,3,MAP_PMU,21
5,UPFC_tse,5-15,-2.122505152002817,3,MAP_PMU,21
0,x_tcsc,1-14,-0.1074391976999773,4,MAP_PMU,21
1,B_svc,2,0.1760955564819232,4,MAP_PMU,21
2,UPFC_Vsh,5-15,1.1109023265257076,4,MAP_PMU,21
3,UPFC_tsh,5-15,-0.23723844640405772,4,MAP_PMU,21
4,UPFC_Vse,5-15,0.0563406442349671,4,MAP_PMU,21
5,UPFC_tse,5-15,-2.1186435764715217,4,MAP_PMU,21
0,x_tcsc,1-14,-0.10742008578427414,5,MAP_PMU,21
1,B_svc,2,0.17598644184897247,5,MAP_PMU,21
2,UPFC_Vsh,5-15,1.110694258215951,5,MAP_PMU,21
3,UPFC_tsh,5-15,-0.23725202100958256,5,MAP_PMU,21
4,UPFC_Vse,5-15,0.05592098813360301,5,MAP_PMU,21
5,UPFC_tse,5-15,-2.1202597637141696,5,MAP_PMU,21
0,x_tcsc,1-14,-0.10743076416457659,6,MAP_PMU,21
1,B_svc,2,0.17591958741219793,6,MAP_PMU,21
2,UPFC_Vsh,5-15,1.1109241773914458,6,MAP_PMU,21
3,UPFC_tsh,5-15,-0.23718792066741448,6,MAP_PMU,21
4,UPFC_Vse,5-15,0.05590375308115807,6,MAP_PMU,21
5,UPFC_tse,5-15,-2.1222710866182153,6,MAP_PMU,21
0,x_tcsc,1-14,-0.10742929905531959,7,MAP_PMU,21
1,B_svc,2,0.17570902376887573,7,MAP_PMU,21
2,UPFC_Vsh,5-15,1.1108441917482463,7,MAP_PMU,21
3,UPFC_tsh,5-15,-0.2372531561075825,7,MAP_PMU,21
4,UPFC_Vse,5-15,0.05645087445180523,7,MAP_PMU,21
5,UPFC_tse,5-15,-2.1214545917826597,7,MAP_PMU,21
0,x_tcsc,1-14,-0.10743279889584569,8,MAP_PMU,21
1,B_svc,2,0.1755151860723988,8,MAP_PMU,21
2,UPFC_Vsh,5-15,1.1104831260015753,8,MAP_PMU,21
3,UPFC_tsh,5-15,-0.23723776330520663,8,MAP_PMU,21
4,UPFC_Vse,5-15,0.055828183053473764,8,MAP_PMU,21
5,UPFC_tse,5-15,-2.120795973998706,8,MAP_PMU,21
0,x_tcsc,1-14,-0.10742248525751945,9,MAP_PMU,21
1,B_svc,2,0.17590509905141882,9,MAP_PMU,21
2,UPFC_Vsh,5-15,1.1110105145139444,9,MAP_PMU,21
3,UPFC_tsh,5-15,-0.2372155034632677,9,MAP_PMU,21
4,UPFC_Vse,5-15,0.0561527353432002,9,MAP_PMU,21
5,UPFC_tse,5-15,-2.118042320480969,9,MAP_PMU,21
0,x_tcsc,1-14,-0.10705996940789793,0,MAP_PMU,22
1,B_svc,2,0.17514405310773087,0,MAP_PMU,22
2,UPFC_Vsh,5-15,1.1107001651936965,0,MAP_PMU,22
3,UPFC_tsh,5-15,-0.23774363872927376,0,MAP_PMU,22
4,UPFC_Vse,5-15,0.056062702165231806,0,MAP_PMU,22
5,UPFC_tse,5-15,-2.121382595902913,0,MAP_PMU,22
0,x_tcsc,1-14,-0.10707774849440978,1,MAP_PMU,22
1,B_svc,2,0.17544127465391765,1,MAP_PMU,22
2,UPFC_Vsh,5-15,1.110541926151836,1,MAP_PMU,22
3,UPFC_tsh,5-15,-0.23776542741903067,1,MAP_PMU,22
4,UPFC_Vse,5-15,0.05639207890337045,1,MAP_PMU,22
5,UPFC_tse,5-15,-2.117988643608007,1,MAP_PMU,22
0,x_tcsc,1-14,-0.1070765214206482,2,MAP_PMU,22
1,B_svc,2,0.1754511161234805,2,MAP_PMU,22
2,UPFC_Vsh,5-15,1.1106052294614739,2,MAP_PMU,22
3,UPFC_tsh,5-15,-0.2377616966989852,2,MAP_PMU,22
4,UPFC_Vse,5-15,0.05572039188977025,2,MAP_PMU,22
5,UPFC_tse,5-15,-2.119456802226124,2,MAP_PMU,22
0,x_tcsc,1-14,-0.10705379290793415,3,MAP_PMU,22
1,B_svc,2,0.17543492141849884,3,MAP_PMU,22
2,UPFC_Vsh,5-15,1.1112651014182382,3,MAP_PMU,22
3,UPFC_tsh,5-15,-0.2377858480345877,3,MAP_PMU,22
4,UPFC_Vse,5-15,0.05615146813327612,3,MAP_PMU,22
5,UPFC_tse,5-15,-2.1227485510340838,3,MAP_PMU,22
0,x_tcsc,1-14,-0.10708371081143432,4,MAP_PMU,22
1,B_svc,2,0.1755596264187806,4,MAP_PMU,22
2,UPFC_Vsh,5-15,1.1109096123197968,4,MAP_PMU,22
3,UPFC_tsh,5-15,-0.23776945993226953,4,MAP_PMU,22
4,UPFC_Vse,5-15,0.05622729319978478,4,MAP_PMU,22
5,UPFC_tse,5-15,-2.118891163083938,4,MAP_PMU,22
0,x_tcsc,1-14,-0.10706517855561593,5,MAP_PMU,22
1,B_svc,2,0.17545274152078502,5,MAP_PMU,22
2,UPFC_Vsh,5-15,1.1107013490132338,5,MAP_PMU,22
3,UPFC_tsh,5-15,-0.23778315495012411,5,MAP_PMU,22
4,UPFC_Vse,5-15,0.05580738339355723,5,MAP_PMU,22
5,UPFC_tse,5-15,-2.1205012766491014,5,MAP_PMU,22
0,x_tcsc,1-14,-0.10706964497065735,6,MAP_PMU,22
1,B_svc,2,0.17538326494050868,6,MAP_PMU,22
2,UPFC_Vsh,5-15,1.1109327514017808,6,MAP_PMU,22
3,UPFC_tsh,5-15,-0.23771874111059715,6,MAP_PMU,22
4,UPFC_Vse,5-15,0.055789619544764656,6,MAP_PMU,22
5,UPFC_tse,5-15,-2.1225081124170524,6,MAP_PMU,22
0,x_tcsc,1-14,-0.10706447284135126,7,MAP_PMU,22
1,B_svc,2,0.17517158782111944,7,MAP_PMU,22
2,UPFC_Vsh,5-15,1.1108531447634533,7,MAP_PMU,22
3,UPFC_tsh,5-15,-0.23778411318036974,7,MAP_PMU,22
4,UPFC_Vse,5-15,0.05633652416714679,7,MAP_PMU,22
5,UPFC_tse,5-15,-2.121708290440797,7,MAP_PMU,22
0,x_tcsc,1-14,-0.10707415591342963,8,MAP_PMU,22
1,B_svc,2,0.17497694781619585,8,MAP_PMU,22
2,UPFC_Vsh,5-15,1.110491392280085,8,MAP_PMU,22
3,UPFC_tsh,5-15,-0.23776873997884218,8,MAP_PMU,22
4,UPFC_Vse,5-15,0.0557146280561944,8,MAP_PMU,22
5,UPFC_tse,5-15,-2.121037285889052,8,MAP_PMU,22
0,x_tcsc,1-14,-0.10706536741281719,9,MAP_PMU,22
1,B_svc,2,0.1753679433396063,9,MAP_PMU,22
2,UPFC_Vsh,5-15,1.1110185193365425,9,MAP_PMU,22
3,UPFC_tsh,5-15,-0.23774634436565675,9,MAP_PMU,22
4,UPFC_Vse,5-15,0.05603898729237531,9,MAP_PMU,22
5,UPFC_tse,5-15,-2.1182822968256247,9,MAP_PMU,22
0,x_tcsc,1-14,-0.1069941094505262,0,MAP_PMU,23
1,B_svc,2,0.1750558684272956,0,MAP_PMU,23
2,UPFC_Vsh,5-15,1.1107154465168905,0,MAP_PMU,23
3,UPFC_tsh,5-15,-0.2378461378389171,0,MAP_PMU,23
4,UPFC_Vse,5-15,0.056032196199308916,0,MAP_PMU,23
5,UPFC_tse,5-15,-2.1212673153750816,0,MAP_PMU,23
0,x_tcsc,1-14,-0.10701135342237672,1,MAP_PMU,23
1,B_svc,2,0.17535288093382487,1,MAP_PMU,23
2,UPFC_Vsh,5-15,1.1105572247310298,1,MAP_PMU,23
3,UPFC_tsh,5-15,-0.2378678606218841,1,MAP_PMU,23
4,UPFC_Vse,5-15,0.05636150970253202,1,MAP_PMU,23
5,UPFC_tse,5-15,-2.11787207544122,1,MAP_PMU,23
0,x_tcsc,1-14,-0.10701065806912867,2,MAP_PMU,23
1,B_svc,2,0.1753631523721889,2,MAP_PMU,23
2,UPFC_Vsh,5-15,1.1106204552370895,2,MAP_PMU,23
3,UPFC_tsh,5-15,-0.23786415558409024,2,MAP_PMU,23
4,UPFC_Vse,5-15,0.0556897790661191,2,MAP_PMU,23
5,UPFC_tse,5-15,-2.1193385885321634,2,MAP_PMU,23
0,x_tcsc,1-14,-0.10698770591164616,3,MAP_PMU,23
1,B_svc,2,0.1753473129003332,3,MAP_PMU,23
2,UPFC_Vsh,5-15,1.1112804397687395,3,MAP_PMU,23
3,UPFC_tsh,5-15,-0.23788832177505678,3,MAP_PMU,23
4,UPFC_Vse,5-15,0.05612090316734583,3,MAP_PMU,23
5,UPFC_tse,5-15,-2.1226310377806916,3,MAP_PMU,23
0,x_tcsc,1-14,-0.10701771302512238,4,MAP_PMU,23
1,B_svc,2,0.17547121755490858,4,MAP_PMU,23
2,UPFC_Vsh,5-15,1.1109248170827142,4,MAP_PMU,23
3,UPFC_tsh,5-15,-0.23787194062961614,4,MAP_PMU,23
4,UPFC_Vse,5-15,0.05619687045916341,4,MAP_PMU,23
5,UPFC_tse,5-15,-2.1187774807119224,4,MAP_PMU,23
0,x_tcsc,1-14,-0.10699930641947614,5,MAP_PMU,23
1,B_svc,2,0.17536483552614826,5,MAP_PMU,23
2,UPFC_Vsh,5-15,1.110716593923053,5,MAP_PMU,23
3,UPFC_tsh,5-15,-0.2378856744826059,5,MAP_PMU,23
4,UPFC_Vse,5-15,0.05577685989642039,5,MAP_PMU,23
5,UPFC_tse,5-15,-2.120382762625992,5,MAP_PMU,23
0,x_tcsc,1-14,-0.10700259128164638,6,MAP_PMU,23
1,B_svc,2,0.17529468265256468,6,MAP_PMU,23
2,UPFC_Vsh,5-15,1.1109483330019665,6,MAP_PMU,23
3,UPFC_tsh,5-15,-0.23782120246483732,6,MAP_PMU,23
4,UPFC_Vse,5-15,0.055759030393698054,6,MAP_PMU,23
5,UPFC_tse,5-15,-2.122391412416573,6,MAP_PMU,23
0,x_tcsc,1-14,-0.10699672773680811,7,MAP_PMU,23
1,B_svc,2,0.17508288290695753,7,MAP_PMU,23
2,UPFC_Vsh,5-15,1.110868944527158,7,MAP_PMU,23
3,UPFC_tsh,5-15,-0.2378865780493682,7,MAP_PMU,23
4,UPFC_Vse,5-15,0.05630576914820536,7,MAP_PMU,23
5,UPFC_tse,5-15,-2.12159486559257,7,MAP_PMU,23
0,x_tcsc,1-14,-0.10700754418313624,8,MAP_PMU,23
1,B_svc,2,0.17488820863363674,8,MAP_PMU,23
2,UPFC_Vsh,5-15,1.1105067543274811,8,MAP_PMU,23
3,UPFC_tsh,5-15,-0.23787121631521546,8,MAP_PMU,23
4,UPFC_Vse,5-15,0.05568418332537603,8,MAP_PMU,23
5,UPFC_tse,5-15,-2.120920020522672,8,MAP_PMU,23
0,x_tcsc,1-14,-0.1069990584806792,9,MAP_PMU,23
1,B_svc,2,0.17527932826830597,9,MAP_PMU,23
2,UPFC_Vsh,5-15,1.1110338733651126,9,MAP_PMU,23
3,UPFC_tsh,5-15,-0.23784880254084886,9,MAP_PMU,23
4,UPFC_Vse,5-15,0.05600850342882039,9,MAP_PMU,23
5,UPFC_tse,5-15,-2.118165808109362,9,MAP_PMU,23
0,x_tcsc,1-14,-0.10736129443849833,0,MAP_PMU,24
1,B_svc,2,0.17541435259648058,0,MAP_PMU,24
2,UPFC_Vsh,5-15,1.1107253155818115,0,MAP_PMU,24
3,UPFC_tsh,5-15,-0.2376417531893472,0,MAP_PMU,24
4,UPFC_Vse,5-15,0.05596270898094775,0,MAP_PMU,24
5,UPFC_tse,5-15,-2.1216237533633695,0,MAP_PMU,24
0,x_tcsc,1-14,-0.10738136831967751,1,MAP_PMU,24
1,B_svc,2,0.17571352438581067,1,MAP_PMU,24
2,UPFC_Vsh,5-15,1.110566541489378,1,MAP_PMU,24
3,UPFC_tsh,5-15,-0.23766346208630323,1,MAP_PMU,24
4,UPFC_Vse,5-15,0.05629202754820804,1,MAP_PMU,24
5,UPFC_tse,5-15,-2.1182182631734423,1,MAP_PMU,24
0,x_tcsc,1-14,-0.10737778318949151,2,MAP_PMU,24
1,B_svc,2,0.1757211013253213,2,MAP_PMU,24
2,UPFC_Vsh,5-15,1.1106304159404523,2,MAP_PMU,24
3,UPFC_tsh,5-15,-0.2376597582759177,2,MAP_PMU,24
4,UPFC_Vse,5-15,0.055619994819767156,2,MAP_PMU,24
5,UPFC_tse,5-15,-2.1196951924065273,2,MAP_PMU,24
0,x_tcsc,1-14,-0.1073562392970573,3,MAP_PMU,24
1,B_svc,2,0.17570372817253685,3,MAP_PMU,24
2,UPFC_Vsh,5-15,1.1112907711913544,3,MAP_PMU,24
3,UPFC_tsh,5-15,-0.23768380839896458,3,MAP_PMU,24
4,UPFC_Vse,5-15,0.05605129000817986,3,MAP_PMU,24
5,UPFC_tse,5-15,-2.122988061154354,3,MAP_PMU,24
0,x_tcsc,1-14,-0.1073854966120788,4,MAP_PMU,24
1,B_svc,2,0.17583127353860792,4,MAP_PMU,24
2,UPFC_Vsh,5-15,1.1109344123351006,4,MAP_PMU,24
3,UPFC_tsh,5-15,-0.23766759357529635,4,MAP_PMU,24
4,UPFC_Vse,5-15,0.056127472038140135,4,MAP_PMU,24
5,UPFC_tse,5-15,-2.119131684636561,4,MAP_PMU,24
0,x_tcsc,1-14,-0.10736670634637305,5,MAP_PMU,24
1,B_svc,2,0.17572208430938588,5,MAP_PMU,24
2,UPFC_Vsh,5-15,1.1107264956361995,5,MAP_PMU,24
3,UPFC_tsh,5-15,-0.2376814208556922,5,MAP_PMU,24
4,UPFC_Vse,5-15,0.05570738101159382,5,MAP_PMU,24
5,UPFC_tse,5-15,-2.1207444497433756,5,MAP_PMU,24
0,x_tcsc,1-14,-0.10737610588701693,6,MAP_PMU,24
1,B_svc,2,0.17565551656789644,6,MAP_PMU,24
2,UPFC_Vsh,5-15,1.110957132912215,6,MAP_PMU,24
3,UPFC_tsh,5-15,-0.23761684931053706,6,MAP_PMU,24
4,UPFC_Vse,5-15,0.05568970397675392,6,MAP_PMU,24
5,UPFC_tse,5-15,-2.122742485036944,6,MAP_PMU,24
0,x_tcsc,1-14,-0.10737418191266614,7,MAP_PMU,24
1,B_svc,2,0.1754446151023039,7,MAP_PMU,24
2,UPFC_Vsh,5-15,1.1108775213421764,7,MAP_PMU,24
3,UPFC_tsh,5-15,-0.2376824120254917,7,MAP_PMU,24
4,UPFC_Vse,5-15,0.056237193403673336,7,MAP_PMU,24
5,UPFC_tse,5-15,-2.1219415447712873,7,MAP_PMU,24
0,x_tcsc,1-14,-0.10737862369196952,8,MAP_PMU,24
1,B_svc,2,0.1752498308336061,8,MAP_PMU,24
2,UPFC_Vsh,5-15,1.1105151828624886,8,MAP_PMU,24
3,UPFC_tsh,5-15,-0.2376669598033506,8,MAP_PMU,24
4,UPFC_Vse,5-15,0.05561508510622196,8,MAP_PMU,24
5,UPFC_tse,5-15,-2.1212820737948896,8,MAP_PMU,24
0,x_tcsc,1-14,-0.10736852617627587,9,MAP_PMU,24
1,B_svc,2,0.17564042492966825,9,MAP_PMU,24
2,UPFC_Vsh,5-15,1.1110425938422026,9,MAP_PMU,24
3,UPFC_tsh,5-15,-0.23764472679789891,9,MAP_PMU,24
4,UPFC_Vse,5-15,0.05593953989240858,9,MAP_PMU,24
5,UPFC_tse,5-15,-2.118520603765647,9,MAP_PMU,24
0,x_tcsc,1-14,-0.17500801559175994,0,MAP_PMU,25
1,B_svc,2,0.44135412225584986,0,MAP_PMU,25
2,UPFC_Vsh,5-15,1.0968500912449102,0,MAP_PMU,25
3,UPFC_tsh,5-15,-0.23473231253325963,0,MAP_PMU,25
4,UPFC_Vse,5-15,0.058744848275517056,0,MAP_PMU,25
5,UPFC_tse,5-15,-2.1323110731530885,0,MAP_PMU,25
0,x_tcsc,1-14,-0.17556498180333202,1,MAP_PMU,25
1,B_svc,2,0.4412495769631823,1,MAP_PMU,25
2,UPFC_Vsh,5-15,1.0964461824989133,1,MAP_PMU,25
3,UPFC_tsh,5-15,-0.23477155268452898,1,MAP_PMU,25
4,UPFC_Vse,5-15,0.05908221619065869,1,MAP_PMU,25
5,UPFC_tse,5-15,-2.129114345896844,1,MAP_PMU,25
0,x_tcsc,1-14,-0.1749856843755108,2,MAP_PMU,25
1,B_svc,2,0.44125300487705615,2,MAP_PMU,25
2,UPFC_Vsh,5-15,1.0967618057921285,2,MAP_PMU,25
3,UPFC_tsh,5-15,-0.23475407060772208,2,MAP_PMU,25
4,UPFC_Vse,5-15,0.05838255630079593,2,MAP_PMU,25
5,UPFC_tse,5-15,-2.130379603713622,2,MAP_PMU,25
0,x_tcsc,1-14,-0.1749341557003042,3,MAP_PMU,25
1,B_svc,2,0.4409481291822973,3,MAP_PMU,25
2,UPFC_Vsh,5-15,1.0977006029965721,3,MAP_PMU,25
3,UPFC_tsh,5-15,-0.23475471095713477,3,MAP_PMU,25
4,UPFC_Vse,5-15,0.058705706736360753,3,MAP_PMU,25
5,UPFC_tse,5-15,-2.1331626159349084,3,MAP_PMU,25
0,x_tcsc,1-14,-0.17533271619395613,4,MAP_PMU,25
1,B_svc,2,0.44165847555066595,4,MAP_PMU,25
2,UPFC_Vsh,5-15,1.0968385004178598,4,MAP_PMU,25
3,UPFC_tsh,5-15,-0.23477391973553927,4,MAP_PMU,25
4,UPFC_Vse,5-15,0.058968046088417526,4,MAP_PMU,25
5,UPFC_tse,5-15,-2.129732973968783,4,MAP_PMU,25
0,x_tcsc,1-14,-0.17479333251053011,5,MAP_PMU,25
1,B_svc,2,0.44161269185201757,5,MAP_PMU,25
2,UPFC_Vsh,5-15,1.0970823081018841,5,MAP_PMU,25
3,UPFC_tsh,5-15,-0.23475858866864727,5,MAP_PMU,25
4,UPFC_Vse,5-15,0.05842903393272911,5,MAP_PMU,25
5,UPFC_tse,5-15,-2.131193783396767,5,MAP_PMU,25
0,x_tcsc,1-14,-0.17678166129634598,6,MAP_PMU,25
1,B_svc,2,0.4401621847854023,6,MAP_PMU,25
2,UPFC_Vsh,5-15,1.0962366282601481,6,MAP_PMU,25
3,UPFC_tsh,5-15,-0.23476253282315473,6,MAP_PMU,25
4,UPFC_Vse,5-15,0.05854207659346043,6,MAP_PMU,25
5,UPFC_tse,5-15,-2.134412353422064,6,MAP_PMU,25
0,x_tcsc,1-14,-0.17737967839416188,7,MAP_PMU,25
1,B_svc,2,0.4396256778025312,7,MAP_PMU,25
2,UPFC_Vsh,5-15,1.0960650304899668,7,MAP_PMU,25
3,UPFC_tsh,5-15,-0.2348278801095818,7,MAP_PMU,25
4,UPFC_Vse,5-15,0.059117512452951465,7,MAP_PMU,25
5,UPFC_tse,5-15,-2.1328997858666425,7,MAP_PMU,25
0,x_tcsc,1-14,-0.1761431913679551,8,MAP_PMU,25
1,B_svc,2,0.44075455755683945,8,MAP_PMU,25
2,UPFC_Vsh,5-15,1.0959995806976914,8,MAP_PMU,25
3,UPFC_tsh,5-15,-0.2347980959880623,8,MAP_PMU,25
4,UPFC_Vse,5-15,0.05852895134445271,8,MAP_PMU,25
5,UPFC_tse,5-15,-2.1324167791136652,8,MAP_PMU,25
0,x_tcsc,1-14,-0.175643679269034,9,MAP_PMU,25
1,B_svc,2,0.44102116465518265,9,MAP_PMU,25
2,UPFC_Vsh,5-15,1.0966601910605054,9,MAP_PMU,25
3,UPFC_tsh,5-15,-0.23477154260796268,9,MAP_PMU,25
4,UPFC_Vse,5-15,0.058819695122958926,9,MAP_PMU,25
5,UPFC_tse,5-15,-2.1297794940914416,9,MAP_PMU,25
0,x_tcsc,1-14,-0.1743783769929934,0,MAP_PMU,26
1,B_svc,2,0.4386508650914832,0,MAP_PMU,26
2,UPFC_Vsh,5-15,1.09713794549437,0,MAP_PMU,26
3,UPFC_tsh,5-15,-0.23483637072168992,0,MAP_PMU,26
4,UPFC_Vse,5-15,0.05872607349506975,0,MAP_PMU,26
5,UPFC_tse,5-15,-2.131111844968451,0,MAP_PMU,26
0,x_tcsc,1-14,-0.17493163026561945,1,MAP_PMU,26
1,B_svc,2,0.4385563465857066,1,MAP_PMU,26
2,UPFC_Vsh,5-15,1.0967362463242778,1,MAP_PMU,26
3,UPFC_tsh,5-15,-0.23487551126107636,1,MAP_PMU,26
4,UPFC_Vse,5-15,0.059066386732369525,1,MAP_PMU,26
5,UPFC_tse,5-15,-2.127919520812831,1,MAP_PMU,26
0,x_tcsc,1-14,-0.17435653702658216,2,MAP_PMU,26
1,B_svc,2,0.4385526032776456,2,MAP_PMU,26
2,UPFC_Vsh,5-15,1.0970489889304296,2,MAP_PMU,26
3,UPFC_tsh,5-15,-0.23485819892101628,2,MAP_PMU,26
4,UPFC_Vse,5-15,0.05836608874465699,2,MAP_PMU,26
5,UPFC_tse,5-15,-2.129176269521647,2,MAP_PMU,26
0,x_tcsc,1-14,-0.17430466630761066,3,MAP_PMU,26
1,B_svc,2,0.4382441729293728,3,MAP_PMU,26
2,UPFC_Vsh,5-15,1.097983399498291,3,MAP_PMU,26
3,UPFC_tsh,5-15,-0.23485916631516726,3,MAP_PMU,26
4,UPFC_Vse,5-15,0.05869352257278736,3,MAP_PMU,26
5,UPFC_tse,5-15,-2.131959036931815,3,MAP_PMU,26
0,x_tcsc,1-14,-0.17470088244447787,4,MAP_PMU,26
1,B_svc,2,0.43896011195565277,4,MAP_PMU,26
2,UPFC_Vsh,5-15,1.0971291337722182,4,MAP_PMU,26
3,UPFC_tsh,5-15,-0.23487781983703301,4,MAP_PMU,26
4,UPFC_Vse,5-15,0.05894806586660145,4,MAP_PMU,26
5,UPFC_tse,5-15,-2.1285506556689224,4,MAP_PMU,26
0,x_tcsc,1-14,-0.1741650659936206,5,MAP_PMU,26
1,B_svc,2,0.4389031855810613,5,MAP_PMU,26
2,UPFC_Vsh,5-15,1.0973666938044104,5,MAP_PMU,26
3,UPFC_tsh,5-15,-0.23486273320456277,5,MAP_PMU,26
4,UPFC_Vse,5-15,0.05841228033123007,5,MAP_PMU,26
5,UPFC_tse,5-15,-2.1299872368969477,5,MAP_PMU,26
0,x_tcsc,1-14,-0.17613762672876918,6,MAP_PMU,26
1,B_svc,2,0.4374879681628564,6,MAP_PMU,26
2,UPFC_Vsh,5-15,1.0965339263290121,6,MAP_PMU,26
3,UPFC_tsh,5-15,-0.23486612058929973,6,MAP_PMU,26
4,UPFC_Vse,5-15,0.0585277082300427,6,MAP_PMU,26
5,UPFC_tse,5-15,-2.1332006714066045,6,MAP_PMU,26
0,x_tcsc,1-14,-0.17673073679587964,7,MAP_PMU,26
1,B_svc,2,0.4369591477404027,7,MAP_PMU,26
2,UPFC_Vsh,5-15,1.096362861120585,7,MAP_PMU,26
3,UPFC_tsh,5-15,-0.23493128110215922,7,MAP_PMU,26
4,UPFC_Vse,5-15,0.05910308143520009,7,MAP_PMU,26
5,UPFC_tse,5-15,-2.1317100936950184,7,MAP_PMU,26
0,x_tcsc,1-14,-0.1755053467022703,8,MAP_PMU,26
1,B_svc,2,0.43807237562975826,8,MAP_PMU,26
2,UPFC_Vsh,5-15,1.0962951827492695,8,MAP_PMU,26
3,UPFC_tsh,5-15,-0.23490166225109352,8,MAP_PMU,26
4,UPFC_Vse,5-15,0.05850774525561144,8,MAP_PMU,26
5,UPFC_tse,5-15,-2.1312003217574764,8,MAP_PMU,26
0,x_tcsc,1-14,-0.17501042363118013,9,MAP_PMU,26
1,B_svc,2,0.43833775677535824,9,MAP_PMU,26
2,UPFC_Vsh,5-15,1.0969541324364442,9,MAP_PMU,26
3,UPFC_tsh,5-15,-0.23487512171985683,9,MAP_PMU,26
4,UPFC_Vse,5-15,0.058800294589290286,9,MAP_PMU,26
5,UPFC_tse,5-15,-2.128570809990851,9,MAP_PMU,26
0,x_tcsc,1-14,-0.17476441031788387,0,MAP_PMU,27
1,B_svc,2,0.4404270376228058,0,MAP_PMU,27
2,UPFC_Vsh,5-15,1.0969737486983762,0,MAP_PMU,27
3,UPFC_tsh,5-15,-0.23492916649972745,0,MAP_PMU,27
4,UPFC_Vse,5-15,0.05861831611498952,0,MAP_PMU,27
5,UPFC_tse,5-15,-2.13185684116583,0,MAP_PMU,27
0,x_tcsc,1-14,-0.17531998885926842,1,MAP_PMU,27
1,B_svc,2,0.4403262768612517,1,MAP_PMU,27
2,UPFC_Vsh,5-15,1.096570084185657,1,MAP_PMU,27
3,UPFC_tsh,5-15,-0.23496834257168828,1,MAP_PMU,27
4,UPFC_Vse,5-15,0.058958074764049156,1,MAP_PMU,27
5,UPFC_tse,5-15,-2.1286451596892055,1,MAP_PMU,27
0,x_tcsc,1-14,-0.17474222953296917,2,MAP_PMU,27
1,B_svc,2,0.440326901019814,2,MAP_PMU,27
2,UPFC_Vsh,5-15,1.0968847726926125,2,MAP_PMU,27
3,UPFC_tsh,5-15,-0.234950939813759,2,MAP_PMU,27
4,UPFC_Vse,5-15,0.05825770370785817,2,MAP_PMU,27
5,UPFC_tse,5-15,-2.129912453998075,2,MAP_PMU,27
0,x_tcsc,1-14,-0.1746905069684449,3,MAP_PMU,27
1,B_svc,2,0.4400207876123979,3,MAP_PMU,27
2,UPFC_Vsh,5-15,1.0978212582774494,3,MAP_PMU,27
3,UPFC_tsh,5-15,-0.23495162076492632,3,MAP_PMU,27
4,UPFC_Vse,5-15,0.05858408803712726,3,MAP_PMU,27
5,UPFC_tse,5-15,-2.132681739804731,3,MAP_PMU,27
0,x_tcsc,1-14,-0.1750882968210898,4,MAP_PMU,27
1,B_svc,2,0.4407332714065234,4,MAP_PMU,27
2,UPFC_Vsh,5-15,1.096963052549291,4,MAP_PMU,27
3,UPFC_tsh,5-15,-0.23497077538944613,4,MAP_PMU,27
4,UPFC_Vse,5-15,0.05884105639300204,4,MAP_PMU,27
5,UPFC_tse,5-15,-2.1292926838023933,4,MAP_PMU,27
0,x_tcsc,1-14,-0.1745502232383161,5,MAP_PMU,27
1,B_svc,2,0.4406836871611326,5,MAP_PMU,27
2,UPFC_Vsh,5-15,1.0972038604726848,5,MAP_PMU,27
3,UPFC_tsh,5-15,-0.23495557278698811,5,MAP_PMU,27
4,UPFC_Vse,5-15,0.0583038118034784,5,MAP_PMU,27
5,UPFC_tse,5-15,-2.1307258636246535,5,MAP_PMU,27
0,x_tcsc,1-14,-0.17653258074834655,6,MAP_PMU,27
1,B_svc,2,0.43924600655856944,6,MAP_PMU,27
2,UPFC_Vsh,5-15,1.0963631518359696,6,MAP_PMU,27
3,UPFC_tsh,5-15,-0.23495932133660719,6,MAP_PMU,27
4,UPFC_Vse,5-15,0.05841922215957094,6,MAP_PMU,27
5,UPFC_tse,5-15,-2.1339363202043002,6,MAP_PMU,27
0,x_tcsc,1-14,-0.17712866945265443,7,MAP_PMU,27
1,B_svc,2,0.4387127997251278,7,MAP_PMU,27
2,UPFC_Vsh,5-15,1.0961915039721202,7,MAP_PMU,27
3,UPFC_tsh,5-15,-0.23502462269053528,7,MAP_PMU,27
4,UPFC_Vse,5-15,0.05899488730521403,7,MAP_PMU,27
5,UPFC_tse,5-15,-2.1324348523643124,7,MAP_PMU,27
0,x_tcsc,1-14,-0.17589641323297944,8,MAP_PMU,27
1,B_svc,2,0.43983598657902495,8,MAP_PMU,27
2,UPFC_Vsh,5-15,1.0961258404730252,8,MAP_PMU,27
3,UPFC_tsh,5-15,-0.23499481901411778,8,MAP_PMU,27
4,UPFC_Vse,5-15,0.05840136190344394,8,MAP_PMU,27
5,UPFC_tse,5-15,-2.131953950712832,8,MAP_PMU,27
0,x_tcsc,1-14,-0.17539872536858564,9,MAP_PMU,27
1,B_svc,2,0.44010180936445925,9,MAP_PMU,27
2,UPFC_Vsh,5-15,1.0967858636754306,9,MAP_PMU,27
3,UPFC_tsh,5-15,-0.2349683468077083,9,MAP_PMU,27
4,UPFC_Vse,5-15,0.05869335485953365,9,MAP_PMU,27
5,UPFC_tse,5-15,-2.1293184141936545,9,MAP_PMU,27
0,x_tcsc,1-14,-0.17535103439539892,0,MAP_PMU,28
1,B_svc,2,0.44324072711114776,0,MAP_PMU,28
2,UPFC_Vsh,5-15,1.096720953707062,0,MAP_PMU,28
3,UPFC_tsh,5-15,-0.2347433953910486,0,MAP_PMU,28
4,UPFC_Vse,5-15,0.05867537039680664,0,MAP_PMU,28
5,UPFC_tse,5-15,-2.131487824102112,0,MAP_PMU,28
0,x_tcsc,1-14,-0.17591012148406282,1,MAP_PMU,28
1,B_svc,2,0.44312975892118234,1,MAP_PMU,28
2,UPFC_Vsh,5-15,1.0963146291106833,1,MAP_PMU,28
3,UPFC_tsh,5-15,-0.2347826387249945,1,MAP_PMU,28
4,UPFC_Vse,5-15,0.05901536905162243,1,MAP_PMU,28
5,UPFC_tse,5-15,-2.1282816878385695,1,MAP_PMU,28
0,x_tcsc,1-14,-0.1753283676285474,2,MAP_PMU,28
1,B_svc,2,0.44313793699799137,2,MAP_PMU,28
2,UPFC_Vsh,5-15,1.0966315745953796,2,MAP_PMU,28
3,UPFC_tsh,5-15,-0.23476513026121856,2,MAP_PMU,28
4,UPFC_Vse,5-15,0.05831484096385405,2,MAP_PMU,28
5,UPFC_tse,5-15,-2.129539915796559,2,MAP_PMU,28
0,x_tcsc,1-14,-0.17527682329703634,3,MAP_PMU,28
1,B_svc,2,0.4428355875282614,3,MAP_PMU,28
2,UPFC_Vsh,5-15,1.0975713450133955,3,MAP_PMU,28
3,UPFC_tsh,5-15,-0.2347654839880923,3,MAP_PMU,28
4,UPFC_Vse,5-15,0.05864020907729175,3,MAP_PMU,28
5,UPFC_tse,5-15,-2.1323009282503267,3,MAP_PMU,28
0,x_tcsc,1-14,-0.17567703607210572,4,MAP_PMU,28
1,B_svc,2,0.4435420372988363,4,MAP_PMU,28
2,UPFC_Vsh,5-15,1.096707137686352,4,MAP_PMU,28
3,UPFC_tsh,5-15,-0.23478514344412263,4,MAP_PMU,28
4,UPFC_Vse,5-15,0.05889899679787025,4,MAP_PMU,28
5,UPFC_tse,5-15,-2.1289257146166545,4,MAP_PMU,28
0,x_tcsc,1-14,-0.17513536633161475,5,MAP_PMU,28
1,B_svc,2,0.44350376498998106,5,MAP_PMU,28
2,UPFC_Vsh,5-15,1.0969536320580617,5,MAP_PMU,28
3,UPFC_tsh,5-15,-0.23476966656452405,5,MAP_PMU,28
4,UPFC_Vse,5-15,0.05836071294921848,5,MAP_PMU,28
5,UPFC_tse,5-15,-2.130348374314114,5,MAP_PMU,28
0,x_tcsc,1-14,-0.17713281473153739,6,MAP_PMU,28
1,B_svc,2,0.44203109078467573,6,MAP_PMU,28
2,UPFC_Vsh,5-15,1.0961005530405887,6,MAP_PMU,28
3,UPFC_tsh,5-15,-0.234774139674189,6,MAP_PMU,28
4,UPFC_Vse,5-15,0.058477274836966894,6,MAP_PMU,28
5,UPFC_tse,5-15,-2.133583139689359,6,MAP_PMU,28
0,x_tcsc,1-14,-0.17773323834951268,7,MAP_PMU,28
1,B_svc,2,0.44149070159559956,7,MAP_PMU,28
2,UPFC_Vsh,5-15,1.095928328312385,7,MAP_PMU,28
3,UPFC_tsh,5-15,-0.23483932069851537,7,MAP_PMU,28
4,UPFC_Vse,5-15,0.05905325975083686,7,MAP_PMU,28
5,UPFC_tse,5-15,-2.1320649716107156,7,MAP_PMU,28
0,x_tcsc,1-14,-0.1764906013566371,8,MAP_PMU,28
1,B_svc,2,0.44263011375513184,8,MAP_PMU,28
2,UPFC_Vsh,5-15,1.0958649991550198,8,MAP_PMU,28
3,UPFC_tsh,5-15,-0.23480940351638954,8,MAP_PMU,28
4,UPFC_Vse,5-15,0.058459695506205576,8,MAP_PMU,28
5,UPFC_tse,5-15,-2.1315909375241553,8,MAP_PMU,28
0,x_tcsc,1-14,-0.17598868587147062,9,MAP_PMU,28
1,B_svc,2,0.4428959994839451,9,MAP_PMU,28
2,UPFC_Vsh,5-15,1.0965272135362507,9,MAP_PMU,28
3,UPFC_tsh,5-15,-0.23478294879909553,9,MAP_PMU,28
4,UPFC_Vse,5-15,0.058751550060797506,9,MAP_PMU,28
5,UPFC_tse,5-15,-2.1289593503304785,9,MAP_PMU,28
0,x_tcsc,1-14,-0.17517678994199903,0,MAP_PMU,29
1,B_svc,2,0.4424704480580042,0,MAP_PMU,29
2,UPFC_Vsh,5-15,1.0968104060261603,0,MAP_PMU,29
3,UPFC_tsh,5-15,-0.23460036413646798,0,MAP_PMU,29
4,UPFC_Vse,5-15,0.05877658431060648,0,MAP_PMU,29
5,UPFC_tse,5-15,-2.1306574952440216,0,MAP_PMU,29
0,x_tcsc,1-14,-0.17573482164217702,1,MAP_PMU,29
1,B_svc,2,0.4423622844607592,1,MAP_PMU,29
2,UPFC_Vsh,5-15,1.0964048359775804,1,MAP_PMU,29
3,UPFC_tsh,5-15,-0.23463957366247548,1,MAP_PMU,29
4,UPFC_Vse,5-15,0.059117370615914315,1,MAP_PMU,29
5,UPFC_tse,5-15,-2.127469654322728,1,MAP_PMU,29
0,x_tcsc,1-14,-0.17515424844688912,2,MAP_PMU,29
1,B_svc,2,0.4423684137445819,2,MAP_PMU,29
2,UPFC_Vsh,5-15,1.096720964880962,2,MAP_PMU,29
3,UPFC_tsh,5-15,-0.23462210555687799,2,MAP_PMU,29
4,UPFC_Vse,5-15,0.058416850809152134,2,MAP_PMU,29
5,UPFC_tse,5-15,-2.12871526910674,2,MAP_PMU,29
0,x_tcsc,1-14,-0.17510270212496892,3,MAP_PMU,29
1,B_svc,2,0.44206522603694265,3,MAP_PMU,29
2,UPFC_Vsh,5-15,1.097659659311406,3,MAP_PMU,29
3,UPFC_tsh,5-15,-0.23462263325288513,3,MAP_PMU,29
4,UPFC_Vse,5-15,0.05874317092409831,3,MAP_PMU,29
5,UPFC_tse,5-15,-2.131484780445487,3,MAP_PMU,29
0,x_tcsc,1-14,-0.17550215708923925,4,MAP_PMU,29
1,B_svc,2,0.44277320978146645,4,MAP_PMU,29
2,UPFC_Vsh,5-15,1.0967971365434381,4,MAP_PMU,29
3,UPFC_tsh,5-15,-0.23464202133249354,4,MAP_PMU,29
4,UPFC_Vse,5-15,0.0589996780581289,4,MAP_PMU,29
5,UPFC_tse,5-15,-2.128100589680855,4,MAP_PMU,29
0,x_tcsc,1-14,-0.17496154064424616,5,MAP_PMU,29
1,B_svc,2,0.4427316890649436,5,MAP_PMU,29
2,UPFC_Vsh,5-15,1.097042261251874,5,MAP_PMU,29
3,UPFC_tsh,5-15,-0.23462659245138676,5,MAP_PMU,29
4,UPFC_Vse,5-15,0.05846251215801821,5,MAP_PMU,29
5,UPFC_tse,5-15,-2.129520559695759,5,MAP_PMU,29
0,x_tcsc,1-14,-0.1769545557788349,6,MAP_PMU,29
1,B_svc,2,0.44126940930329167,6,MAP_PMU,29
2,UPFC_Vsh,5-15,1.0961925001063877,6,MAP_PMU,29
3,UPFC_tsh,5-15,-0.2346309835419191,6,MAP_PMU,29
4,UPFC_Vse,5-15,0.05857948905423671,6,MAP_PMU,29
5,UPFC_tse,5-15,-2.132766294783575,6,MAP_PMU,29
0,x_tcsc,1-14,-0.17755359340839713,7,MAP_PMU,29
1,B_svc,2,0.44073096431504316,7,MAP_PMU,29
2,UPFC_Vsh,5-15,1.0960207381953964,7,MAP_PMU,29
3,UPFC_tsh,5-15,-0.23469599513201325,7,MAP_PMU,29
4,UPFC_Vse,5-15,0.05915529808432532,7,MAP_PMU,29
5,UPFC_tse,5-15,-2.131253283193209,7,MAP_PMU,29
0,x_tcsc,1-14,-0.17631400465877048,8,MAP_PMU,29
1,B_svc,2,0.4418658120099167,8,MAP_PMU,29
2,UPFC_Vsh,5-15,1.0959565115165764,8,MAP_PMU,29
3,UPFC_tsh,5-15,-0.23466615894192422,8,MAP_PMU,29
4,UPFC_Vse,5-15,0.05855991265749114,8,MAP_PMU,29
5,UPFC_tse,5-15,-2.1307550860309457,8,MAP_PMU,29
0,x_tcsc,1-14,-0.1758134122983566,9,MAP_PMU,29
1,B_svc,2,0.44213157353591975,9,MAP_PMU,29
2,UPFC_Vsh,5-15,1.096618036155972,9,MAP_PMU,29
3,UPFC_tsh,5-15,-0.23463969392493733,9,MAP_PMU,29
4,UPFC_Vse,5-15,0.05885222396736673,9,MAP_PMU,29
5,UPFC_tse,5-15,-2.128130672106558,9,MAP_PMU,29
0,x_tcsc,1-14,-0.17519544594125147,0,MAP_PMU,30
1,B_svc,2,0.4425715557275316,0,MAP_PMU,30
2,UPFC_Vsh,5-15,1.096807595453376,0,MAP_PMU,30
3,UPFC_tsh,5-15,-0.23479613958177503,0,MAP_PMU,30
4,UPFC_Vse,5-15,0.05864714535981095,0,MAP_PMU,30
5,UPFC_tse,5-15,-2.13095949437698,0,MAP_PMU,30
0,x_tcsc,1-14,-0.1757535800213967,1,MAP_PMU,30
1,B_svc,2,0.4424630354260459,1,MAP_PMU,30
2,UPFC_Vsh,5-15,1.096401721446915,1,MAP_PMU,30
3,UPFC_tsh,5-15,-0.2348353163421908,1,MAP_PMU,30
4,UPFC_Vse,5-15,0.05898875701930822,1,MAP_PMU,30
5,UPFC_tse,5-15,-2.127751530268556,1,MAP_PMU,30
0,x_tcsc,1-14,-0.17517285692256748,2,MAP_PMU,30
1,B_svc,2,0.44246931518942856,2,MAP_PMU,30
2,UPFC_Vsh,5-15,1.0967180591944476,2,MAP_PMU,30
3,UPFC_tsh,5-15,-0.23481786415620692,2,MAP_PMU,30
4,UPFC_Vse,5-15,0.05828776697220176,2,MAP_PMU,30
5,UPFC_tse,5-15,-2.129007194734837,2,MAP_PMU,30
0,x_tcsc,1-14,-0.1751212879173978,3,MAP_PMU,30
1,B_svc,2,0.44216610063374057,3,MAP_PMU,30
2,UPFC_Vsh,5-15,1.0976566903484213,3,MAP_PMU,30
3,UPFC_tsh,5-15,-0.23481828664272522,3,MAP_PMU,30
4,UPFC_Vse,5-15,0.05861524373129492,3,MAP_PMU,30
5,UPFC_tse,5-15,-2.1317649867361963,3,MAP_PMU,30
0,x_tcsc,1-14,-0.17552088401086993,4,MAP_PMU,30
1,B_svc,2,0.4428742366889436,4,MAP_PMU,30
2,UPFC_Vsh,5-15,1.096794257167392,4,MAP_PMU,30
3,UPFC_tsh,5-15,-0.23483787014028187,4,MAP_PMU,30
4,UPFC_Vse,5-15,0.05887033377892907,4,MAP_PMU,30
5,UPFC_tse,5-15,-2.128407072491538,4,MAP_PMU,30
0,x_tcsc,1-14,-0.1749801697851163,5,MAP_PMU,30
1,B_svc,2,0.4428331619002869,5,MAP_PMU,30
2,UPFC_Vsh,5-15,1.0970391851138026,5,MAP_PMU,30
3,UPFC_tsh,5-15,-0.234822477235866,5,MAP_PMU,30
4,UPFC_Vse,5-15,0.0583333707734266,5,MAP_PMU,30
5,UPFC_tse,5-15,-2.129815514484279,5,MAP_PMU,30
0,x_tcsc,1-14,-0.17697363485946788,6,MAP_PMU,30
1,B_svc,2,0.4413695518984309,6,MAP_PMU,30
2,UPFC_Vsh,5-15,1.0961891117687783,6,MAP_PMU,30
3,UPFC_tsh,5-15,-0.2348268363864665,6,MAP_PMU,30
4,UPFC_Vse,5-15,0.05845117616498897,6,MAP_PMU,30
5,UPFC_tse,5-15,-2.1330472978850787,6,MAP_PMU,30
0,x_tcsc,1-14,-0.1775728230947616,7,MAP_PMU,30
1,B_svc,2,0.4408308847952068,7,MAP_PMU,30
2,UPFC_Vsh,5-15,1.0960174074699016,7,MAP_PMU,30
3,UPFC_tsh,5-15,-0.2348919630004543,7,MAP_PMU,30
4,UPFC_Vse,5-15,0.05902757617344132,7,MAP_PMU,30
5,UPFC_tse,5-15,-2.131539076854135,7,MAP_PMU,30
0,x_tcsc,1-14,-0.17633289238377464,8,MAP_PMU,30
1,B_svc,2,0.4419662713669537,8,MAP_PMU,30
2,UPFC_Vsh,5-15,1.0959535895237582,8,MAP_PMU,30
3,UPFC_tsh,5-15,-0.23486203189513838,8,MAP_PMU,30
4,UPFC_Vse,5-15,0.05843066648770983,8,MAP_PMU,30
5,UPFC_tse,5-15,-2.131057155280975,8,MAP_PMU,30
0,x_tcsc,1-14,-0.17583215707102284,9,MAP_PMU,30
1,B_svc,2,0.4422318816106724,9,MAP_PMU,30
2,UPFC_Vsh,5-15,1.0966152609282527,9,MAP_PMU,30
3,UPFC_tsh,5-15,-0.2348356093413397,9,MAP_PMU,30
4,UPFC_Vse,5-15,0.05872334204027051,9,MAP_PMU,30
5,UPFC_tse,5-15,-2.128427337004027,9,MAP_PMU,30
0,x_tcsc,1-14,-0.17294199284955328,0,MAP_PMU,31
1,B_svc,2,0.432042958086991,0,MAP_PMU,31
2,UPFC_Vsh,5-15,1.0978769339582597,0,MAP_PMU,31
3,UPFC_tsh,5-15,-0.23537199880198928,0,MAP_PMU,31
4,UPFC_Vse,5-15,0.05851710690733641,0,MAP_PMU,31
5,UPFC_tse,5-15,-2.1292422861705527,0,MAP_PMU,31
0,x_tcsc,1-14,-0.17348637212077436,1,MAP_PMU,31
1,B_svc,2,0.43197215120135457,1,MAP_PMU,31
2,UPFC_Vsh,5-15,1.0974800116666745,1,MAP_PMU,31
3,UPFC_tsh,5-15,-0.2354106899620172,1,MAP_PMU,31
4,UPFC_Vse,5-15,0.05886380503348603,1,MAP_PMU,31
5,UPFC_tse,5-15,-2.1260353062933715,1,MAP_PMU,31
0,x_tcsc,1-14,-0.17292114558777197,2,MAP_PMU,31
1,B_svc,2,0.4319513921596746,2,MAP_PMU,31
2,UPFC_Vsh,5-15,1.0977870645993575,2,MAP_PMU,31
3,UPFC_tsh,5-15,-0.2353937806311507,2,MAP_PMU,31
4,UPFC_Vse,5-15,0.058161636387849484,2,MAP_PMU,31
5,UPFC_tse,5-15,-2.127291816227934,2,MAP_PMU,31
0,x_tcsc,1-14,-0.17286900018998805,3,MAP_PMU,31
1,B_svc,2,0.4316355506256696,3,MAP_PMU,31
2,UPFC_Vsh,5-15,1.098712913513292,3,MAP_PMU,31
3,UPFC_tsh,5-15,-0.23539549093468484,3,MAP_PMU,31
4,UPFC_Vse,5-15,0.05849931591836686,3,MAP_PMU,31
5,UPFC_tse,5-15,-2.130072971212834,3,MAP_PMU,31
0,x_tcsc,1-14,-0.1732591558594471,4,MAP_PMU,31
1,B_svc,2,0.4323635344491703,4,MAP_PMU,31
2,UPFC_Vsh,5-15,1.0978743009591005,4,MAP_PMU,31
3,UPFC_tsh,5-15,-0.23541309455708334,4,MAP_PMU,31
4,UPFC_Vse,5-15,0.05873595323504964,4,MAP_PMU,31
5,UPFC_tse,5-15,-2.1267217378578733,4,MAP_PMU,31
0,x_tcsc,1-14,-0.17273231148376836,5,MAP_PMU,31
1,B_svc,2,0.43228127365435726,5,MAP_PMU,31
2,UPFC_Vsh,5-15,1.098098245376972,5,MAP_PMU,31
3,UPFC_tsh,5-15,-0.23539879052043866,5,MAP_PMU,31
4,UPFC_Vse,5-15,0.0582077622352883,5,MAP_PMU,31
5,UPFC_tse,5-15,-2.1281067242547915,5,MAP_PMU,31
0,x_tcsc,1-14,-0.1746674526619407,6,MAP_PMU,31
1,B_svc,2,0.430945421818128,6,MAP_PMU,31
2,UPFC_Vsh,5-15,1.0972965529969452,6,MAP_PMU,31
3,UPFC_tsh,5-15,-0.2354004772197214,6,MAP_PMU,31
4,UPFC_Vse,5-15,0.058328588611774305,6,MAP_PMU,31
5,UPFC_tse,5-15,-2.131269534232192,6,MAP_PMU,31
0,x_tcsc,1-14,-0.17524974612011396,7,MAP_PMU,31
1,B_svc,2,0.4304344571153083,7,MAP_PMU,31
2,UPFC_Vsh,5-15,1.097127427349096,7,MAP_PMU,31
3,UPFC_tsh,5-15,-0.2354657499045944,7,MAP_PMU,31
4,UPFC_Vse,5-15,0.05890356732457424,7,MAP_PMU,31
5,UPFC_tse,5-15,-2.1298497415887976,7,MAP_PMU,31
0,x_tcsc,1-14,-0.17404971545808207,8,MAP_PMU,31
1,B_svc,2,0.4315102494787573,8,MAP_PMU,31
2,UPFC_Vsh,5-15,1.097052578983371,8,MAP_PMU,31
3,UPFC_tsh,5-15,-0.23543633835500022,8,MAP_PMU,31
4,UPFC_Vse,5-15,0.05829357712076562,8,MAP_PMU,31
5,UPFC_tse,5-15,-2.1293007972098184,8,MAP_PMU,31
0,x_tcsc,1-14,-0.1735653240946224,9,MAP_PMU,31
1,B_svc,2,0.43177479731227997,9,MAP_PMU,31
2,UPFC_Vsh,5-15,1.0977066120818757,9,MAP_PMU,31
3,UPFC_tsh,5-15,-0.235409854033704,9,MAP_PMU,31
4,UPFC_Vse,5-15,0.058589926606075066,9,MAP_PMU,31
5,UPFC_tse,5-15,-2.1266720147945306,9,MAP_PMU,31
0,x_tcsc,1-14,-0.17396434018705978,0,MAP_PMU,32
1,B_svc,2,0.43667745779781,0,MAP_PMU,32
2,UPFC_Vsh,5-15,1.0974455357467148,0,MAP_PMU,32
3,UPFC_tsh,5-15,-0.23519712805885973,0,MAP_PMU,32
4,UPFC_Vse,5-15,0.05851840888547866,0,MAP_PMU,32
5,UPFC_tse,5-15,-2.129898766728755,0,MAP_PMU,32
0,x_tcsc,1-14,-0.17451489670339743,1,MAP_PMU,32
1,B_svc,2,0.43659033654414575,1,MAP_PMU,32
2,UPFC_Vsh,5-15,1.0970441401026325,1,MAP_PMU,32
3,UPFC_tsh,5-15,-0.23523595007708076,1,MAP_PMU,32
4,UPFC_Vse,5-15,0.058863763612036005,1,MAP_PMU,32
5,UPFC_tse,5-15,-2.1266841718999414,1,MAP_PMU,32
0,x_tcsc,1-14,-0.1739426706094553,2,MAP_PMU,32
1,B_svc,2,0.43658133302228924,2,MAP_PMU,32
2,UPFC_Vsh,5-15,1.0973555321666846,2,MAP_PMU,32
3,UPFC_tsh,5-15,-0.23521882541586578,2,MAP_PMU,32
4,UPFC_Vse,5-15,0.05816159509341204,2,MAP_PMU,32
5,UPFC_tse,5-15,-2.127943424225281,2,MAP_PMU,32
0,x_tcsc,1-14,-0.17389095499848564,3,MAP_PMU,32
1,B_svc,2,0.4362712198787244,3,MAP_PMU,32
2,UPFC_Vsh,5-15,1.0982873730910807,3,MAP_PMU,32
3,UPFC_tsh,5-15,-0.23521995036565907,3,MAP_PMU,32
4,UPFC_Vse,5-15,0.058495806985195825,3,MAP_PMU,32
5,UPFC_tse,5-15,-2.130710292007073,3,MAP_PMU,32
0,x_tcsc,1-14,-0.17428516371280875,4,MAP_PMU,32
1,B_svc,2,0.4369904224345458,4,MAP_PMU,32
2,UPFC_Vsh,5-15,1.0974376629529516,4,MAP_PMU,32
3,UPFC_tsh,5-15,-0.2352385248753459,4,MAP_PMU,32
4,UPFC_Vse,5-15,0.05873901178472451,4,MAP_PMU,32
5,UPFC_tse,5-15,-2.1273711992376905,4,MAP_PMU,32
0,x_tcsc,1-14,-0.17375225148607096,5,MAP_PMU,32
1,B_svc,2,0.4369260735749027,5,MAP_PMU,32
2,UPFC_Vsh,5-15,1.0976714260048788,5,MAP_PMU,32
3,UPFC_tsh,5-15,-0.23522379372456254,5,MAP_PMU,32
4,UPFC_Vse,5-15,0.05820756398949712,5,MAP_PMU,32
5,UPFC_tse,5-15,-2.1287568411221964,5,MAP_PMU,32
0,x_tcsc,1-14,-0.17571344873657022,6,MAP_PMU,32
1,B_svc,2,0.4355335394030723,6,MAP_PMU,32
2,UPFC_Vsh,5-15,1.096848051339995,6,MAP_PMU,32
3,UPFC_tsh,5-15,-0.23522660083305919,6,MAP_PMU,32
4,UPFC_Vse,5-15,0.05832822859329927,6,MAP_PMU,32
5,UPFC_tse,5-15,-2.1319417027595735,6,MAP_PMU,32
0,x_tcsc,1-14,-0.17630353843451393,7,MAP_PMU,32
1,B_svc,2,0.4350104629508263,7,MAP_PMU,32
2,UPFC_Vsh,5-15,1.0966780584224847,7,MAP_PMU,32
3,UPFC_tsh,5-15,-0.23529192678077462,7,MAP_PMU,32
4,UPFC_Vse,5-15,0.058904133419170564,7,MAP_PMU,32
5,UPFC_tse,5-15,-2.1304905032570525,7,MAP_PMU,32
0,x_tcsc,1-14,-0.17508539531017586,8,MAP_PMU,32
1,B_svc,2,0.4361125544886054,8,MAP_PMU,32
2,UPFC_Vsh,5-15,1.0966075251658103,8,MAP_PMU,32
3,UPFC_tsh,5-15,-0.2352622183490654,8,MAP_PMU,32
4,UPFC_Vse,5-15,0.058297895233482055,8,MAP_PMU,32
5,UPFC_tse,5-15,-2.12997585612924,8,MAP_PMU,32
0,x_tcsc,1-14,-0.1745936844650076,9,MAP_PMU,32
1,B_svc,2,0.4363779758104107,9,MAP_PMU,32
2,UPFC_Vsh,5-15,1.0972647047591813,9,MAP_PMU,32
3,UPFC_tsh,5-15,-0.23523579823033747,9,MAP_PMU,32
4,UPFC_Vse,5-15,0.05859298986835938,9,MAP_PMU,32
5,UPFC_tse,5-15,-2.127343482476335,9,MAP_PMU,32
0,x_tcsc,1-14,-0.1747617621164389,0,MAP_PMU,33
1,B_svc,2,0.44043836255630114,0,MAP_PMU,33
2,UPFC_Vsh,5-15,1.097047881025647,0,MAP_PMU,33
3,UPFC_tsh,5-15,-0.23489867994076716,0,MAP_PMU,33
4,UPFC_Vse,5-15,0.05863599714733603,0,MAP_PMU,33
5,UPFC_tse,5-15,-2.130159709470879,0,MAP_PMU,33
0,x_tcsc,1-14,-0.17531719150514488,1,MAP_PMU,33
1,B_svc,2,0.44033759556271757,1,MAP_PMU,33
2,UPFC_Vsh,5-15,1.0966435376241204,1,MAP_PMU,33
3,UPFC_tsh,5-15,-0.23493770803950562,1,MAP_PMU,33
4,UPFC_Vse,5-15,0.05897957904637129,1,MAP_PMU,33
5,UPFC_tse,5-15,-2.1269548064729062,1,MAP_PMU,33
0,x_tcsc,1-14,-0.17473947794203804,2,MAP_PMU,33
1,B_svc,2,0.4403382906250083,2,MAP_PMU,33
2,UPFC_Vsh,5-15,1.0969582169054308,2,MAP_PMU,33
3,UPFC_tsh,5-15,-0.23492037535757568,2,MAP_PMU,33
4,UPFC_Vse,5-15,0.058278041717775675,2,MAP_PMU,33
5,UPFC_tse,5-15,-2.1282065814648967,2,MAP_PMU,33
0,x_tcsc,1-14,-0.17468793925663556,3,MAP_PMU,33
1,B_svc,2,0.4400326978101146,3,MAP_PMU,33
2,UPFC_Vsh,5-15,1.097894563390857,3,MAP_PMU,33
3,UPFC_tsh,5-15,-0.2349210799034153,3,MAP_PMU,33
4,UPFC_Vse,5-15,0.058608489752384606,3,MAP_PMU,33
5,UPFC_tse,5-15,-2.130970143853052,3,MAP_PMU,33
0,x_tcsc,1-14,-0.17508551089973096,4,MAP_PMU,33
1,B_svc,2,0.44074464680903225,4,MAP_PMU,33
2,UPFC_Vsh,5-15,1.097036508620524,4,MAP_PMU,33
3,UPFC_tsh,5-15,-0.2349402599289756,4,MAP_PMU,33
4,UPFC_Vse,5-15,0.05885820563315698,4,MAP_PMU,33
5,UPFC_tse,5-15,-2.12762000002732,4,MAP_PMU,33
0,x_tcsc,1-14,-0.17454763699779863,5,MAP_PMU,33
1,B_svc,2,0.44069508981521105,5,MAP_PMU,33
2,UPFC_Vsh,5-15,1.0972777095228206,5,MAP_PMU,33
3,UPFC_tsh,5-15,-0.2349251179150327,5,MAP_PMU,33
4,UPFC_Vse,5-15,0.0583237112585682,5,MAP_PMU,33
5,UPFC_tse,5-15,-2.129016462407434,5,MAP_PMU,33
0,x_tcsc,1-14,-0.1765295892735427,6,MAP_PMU,33
1,B_svc,2,0.4392571179101443,6,MAP_PMU,33
2,UPFC_Vsh,5-15,1.0964370197988291,6,MAP_PMU,33
3,UPFC_tsh,5-15,-0.23492892726947837,6,MAP_PMU,33
4,UPFC_Vse,5-15,0.0584432211014132,6,MAP_PMU,33
5,UPFC_tse,5-15,-2.1322326051019598,6,MAP_PMU,33
0,x_tcsc,1-14,-0.17712557488390665,7,MAP_PMU,33
1,B_svc,2,0.43872378544224344,7,MAP_PMU,33
2,UPFC_Vsh,5-15,1.096266306530734,7,MAP_PMU,33
3,UPFC_tsh,5-15,-0.23499410390159864,7,MAP_PMU,33
4,UPFC_Vse,5-15,0.05901973962681386,7,MAP_PMU,33
5,UPFC_tse,5-15,-2.130749708543265,7,MAP_PMU,33
0,x_tcsc,1-14,-0.17589335321038857,8,MAP_PMU,33
1,B_svc,2,0.4398474011831389,8,MAP_PMU,33
2,UPFC_Vsh,5-15,1.0961995575852739,8,MAP_PMU,33
3,UPFC_tsh,5-15,-0.23496426955625913,8,MAP_PMU,33
4,UPFC_Vse,5-15,0.05841783986676443,8,MAP_PMU,33
5,UPFC_tse,5-15,-2.130248663091784,8,MAP_PMU,33
0,x_tcsc,1-14,-0.17539580807821606,9,MAP_PMU,33
1,B_svc,2,0.44011296037660536,9,MAP_PMU,33
2,UPFC_Vsh,5-15,1.0968596722583144,9,MAP_PMU,33
3,UPFC_tsh,5-15,-0.23493782859423928,9,MAP_PMU,33
4,UPFC_Vse,5-15,0.05871173299139153,9,MAP_PMU,33
5,UPFC_tse,5-15,-2.1276189185514216,9,MAP_PMU,33
0,x_tcsc,1-14,-0.17409049628790613,0,MAP_PMU,34
1,B_svc,2,0.43709521351475406,0,MAP_PMU,34
2,UPFC_Vsh,5-15,1.0973729261544747,0,MAP_PMU,34
3,UPFC_tsh,5-15,-0.23516083329106338,0,MAP_PMU,34
4,UPFC_Vse,5-15,0.058552612044524305,0,MAP_PMU,34
5,UPFC_tse,5-15,-2.1305786038835812,0,MAP_PMU,34
0,x_tcsc,1-14,-0.17464179002885516,1,MAP_PMU,34
1,B_svc,2,0.4370064217780488,1,MAP_PMU,34
2,UPFC_Vsh,5-15,1.0969714305850036,1,MAP_PMU,34
3,UPFC_tsh,5-15,-0.23519971171113924,1,MAP_PMU,34
4,UPFC_Vse,5-15,0.058896123563184924,1,MAP_PMU,34
5,UPFC_tse,5-15,-2.1273650532665136,1,MAP_PMU,34
0,x_tcsc,1-14,-0.17406877767803652,2,MAP_PMU,34
1,B_svc,2,0.4369987031665187,2,MAP_PMU,34
2,UPFC_Vsh,5-15,1.0972833579079508,2,MAP_PMU,34
3,UPFC_tsh,5-15,-0.23518253493040553,2,MAP_PMU,34
4,UPFC_Vse,5-15,0.058194497074455655,2,MAP_PMU,34
5,UPFC_tse,5-15,-2.1286291420004715,2,MAP_PMU,34
0,x_tcsc,1-14,-0.1740171246660491,3,MAP_PMU,34
1,B_svc,2,0.43668890285710926,3,MAP_PMU,34
2,UPFC_Vsh,5-15,1.0982166877928092,3,MAP_PMU,34
3,UPFC_tsh,5-15,-0.23518360714762482,3,MAP_PMU,34
4,UPFC_Vse,5-15,0.05852644752739819,3,MAP_PMU,34
5,UPFC_tse,5-15,-2.1314021571261885,3,MAP_PMU,34
0,x_tcsc,1-14,-0.17441173849024932,4,MAP_PMU,34
1,B_svc,2,0.437407227797985,4,MAP_PMU,34
2,UPFC_Vsh,5-15,1.0973648255320996,4,MAP_PMU,34
3,UPFC_tsh,5-15,-0.23520223730956014,4,MAP_PMU,34
4,UPFC_Vse,5-15,0.05877371189793505,4,MAP_PMU,34
5,UPFC_tse,5-15,-2.1280389819883125,4,MAP_PMU,34
0,x_tcsc,1-14,-0.17387818141130998,5,MAP_PMU,34
1,B_svc,2,0.4373447733299708,5,MAP_PMU,34
2,UPFC_Vsh,5-15,1.0975999033384902,5,MAP_PMU,34
3,UPFC_tsh,5-15,-0.23518746503566862,5,MAP_PMU,34
4,UPFC_Vse,5-15,0.05824071906114922,5,MAP_PMU,34
5,UPFC_tse,5-15,-2.1294457026482676,5,MAP_PMU,34
0,x_tcsc,1-14,-0.1758424673720489,6,MAP_PMU,34
1,B_svc,2,0.4359461534808631,6,MAP_PMU,34
2,UPFC_Vsh,5-15,1.09677393988212,6,MAP_PMU,34
3,UPFC_tsh,5-15,-0.23519031580859806,6,MAP_PMU,34
4,UPFC_Vse,5-15,0.05835932790872941,6,MAP_PMU,34
5,UPFC_tse,5-15,-2.1326274796917803,6,MAP_PMU,34
0,x_tcsc,1-14,-0.17643361446940828,7,MAP_PMU,34
1,B_svc,2,0.4354214315151329,7,MAP_PMU,34
2,UPFC_Vsh,5-15,1.0966038464808934,7,MAP_PMU,34
3,UPFC_tsh,5-15,-0.23525575961913728,7,MAP_PMU,34
4,UPFC_Vse,5-15,0.05893526216187177,7,MAP_PMU,34
5,UPFC_tse,5-15,-2.1311689171798354,7,MAP_PMU,34
0,x_tcsc,1-14,-0.1752132840365518,8,MAP_PMU,34
1,B_svc,2,0.4365260356800232,8,MAP_PMU,34
2,UPFC_Vsh,5-15,1.0965336122114586,8,MAP_PMU,34
3,UPFC_tsh,5-15,-0.23522604619658227,8,MAP_PMU,34
4,UPFC_Vse,5-15,0.05833294331179396,8,MAP_PMU,34
5,UPFC_tse,5-15,-2.1306625112592825,8,MAP_PMU,34
0,x_tcsc,1-14,-0.17472057124216273,9,MAP_PMU,34
1,B_svc,2,0.4367918570315071,9,MAP_PMU,34
2,UPFC_Vsh,5-15,1.0971912402783002,9,MAP_PMU,34
3,UPFC_tsh,5-15,-0.23519955853845118,9,MAP_PMU,34
4,UPFC_Vse,5-15,0.05862712960276784,9,MAP_PMU,34
5,UPFC_tse,5-15,-2.128025199809418,9,MAP_PMU,34
0,x_tcsc,1-14,-0.1745100567589287,0,MAP_PMU,35
1,B_svc,2,0.4390612994076096,0,MAP_PMU,35
2,UPFC_Vsh,5-15,1.0971738352034792,0,MAP_PMU,35
3,UPFC_tsh,5-15,-0.23512661456981127,0,MAP_PMU,35
4,UPFC_Vse,5-15,0.05853035323436131,0,MAP_PMU,35
5,UPFC_tse,5-15,-2.13108035301113,0,MAP_PMU,35
0,x_tcsc,1-14,-0.17506393967066958,1,MAP_PMU,35
1,B_svc,2,0.438965680326122,1,MAP_PMU,35
2,UPFC_Vsh,5-15,1.0967703515956193,1,MAP_PMU,35
3,UPFC_tsh,5-15,-0.23516559795888384,1,MAP_PMU,35
4,UPFC_Vse,5-15,0.05887293006050248,1,MAP_PMU,35
5,UPFC_tse,5-15,-2.1278599853339024,1,MAP_PMU,35
0,x_tcsc,1-14,-0.17448800876253617,2,MAP_PMU,35
1,B_svc,2,0.43896279157385115,2,MAP_PMU,35
2,UPFC_Vsh,5-15,1.0970842920992085,2,MAP_PMU,35
3,UPFC_tsh,5-15,-0.23514830207793277,2,MAP_PMU,35
4,UPFC_Vse,5-15,0.05817150421927696,2,MAP_PMU,35
5,UPFC_tse,5-15,-2.1291275194145696,2,MAP_PMU,35
0,x_tcsc,1-14,-0.1744364841414976,3,MAP_PMU,35
1,B_svc,2,0.4386556463199029,3,MAP_PMU,35
2,UPFC_Vsh,5-15,1.0980196154172874,3,MAP_PMU,35
3,UPFC_tsh,5-15,-0.23514913170442775,3,MAP_PMU,35
4,UPFC_Vse,5-15,0.05850159522349706,3,MAP_PMU,35
5,UPFC_tse,5-15,-2.1318933764155794,3,MAP_PMU,35
0,x_tcsc,1-14,-0.17483286507406193,4,MAP_PMU,35
1,B_svc,2,0.43937011382838864,4,MAP_PMU,35
2,UPFC_Vsh,5-15,1.0971636082858678,4,MAP_PMU,35
3,UPFC_tsh,5-15,-0.2351681728226721,4,MAP_PMU,35
4,UPFC_Vse,5-15,0.058752230555626096,4,MAP_PMU,35
5,UPFC_tse,5-15,-2.1285356683928303,4,MAP_PMU,35
0,x_tcsc,1-14,-0.17429670599999855,5,MAP_PMU,35
1,B_svc,2,0.43931533051466115,5,MAP_PMU,35
2,UPFC_Vsh,5-15,1.0974025768798592,5,MAP_PMU,35
3,UPFC_tsh,5-15,-0.23515320164180573,5,MAP_PMU,35
4,UPFC_Vse,5-15,0.058217649633918206,5,MAP_PMU,35
5,UPFC_tse,5-15,-2.1299439984233826,5,MAP_PMU,35
0,x_tcsc,1-14,-0.17627184484980288,6,MAP_PMU,35
1,B_svc,2,0.4378925858776257,6,MAP_PMU,35
2,UPFC_Vsh,5-15,1.0965677103779363,6,MAP_PMU,35
3,UPFC_tsh,5-15,-0.2351565195571228,6,MAP_PMU,35
4,UPFC_Vse,5-15,0.05833595373958084,6,MAP_PMU,35
5,UPFC_tse,5-15,-2.1331332903298117,6,MAP_PMU,35
0,x_tcsc,1-14,-0.17686617110194203,7,MAP_PMU,35
1,B_svc,2,0.43736292020682155,7,MAP_PMU,35
2,UPFC_Vsh,5-15,1.0963969069698203,7,MAP_PMU,35
3,UPFC_tsh,5-15,-0.23522200026744006,7,MAP_PMU,35
4,UPFC_Vse,5-15,0.05891206694237192,7,MAP_PMU,35
5,UPFC_tse,5-15,-2.1316597721367736,7,MAP_PMU,35
0,x_tcsc,1-14,-0.17563842972262161,8,MAP_PMU,35
1,B_svc,2,0.4384787947212783,8,MAP_PMU,35
2,UPFC_Vsh,5-15,1.0963286921707416,8,MAP_PMU,35
3,UPFC_tsh,5-15,-0.23519217856020672,8,MAP_PMU,35
4,UPFC_Vse,5-15,0.05831200013082369,8,MAP_PMU,35
5,UPFC_tse,5-15,-2.1311726349961027,8,MAP_PMU,35
0,x_tcsc,1-14,-0.17514265310386884,9,MAP_PMU,35
1,B_svc,2,0.4387447153845783,9,MAP_PMU,35
2,UPFC_Vsh,5-15,1.0969878578403645,9,MAP_PMU,35
3,UPFC_tsh,5-15,-0.23516570670165624,9,MAP_PMU,35
4,UPFC_Vse,5-15,0.058605557069368604,9,MAP_PMU,35
5,UPFC_tse,5-15,-2.128532895957772,9,MAP_PMU,35
0,x_tcsc,1-14,-0.17588902184242267,0,MAP_PMU,36
1,B_svc,2,0.44564424247691875,0,MAP_PMU,36
2,UPFC_Vsh,5-15,1.0965089365950493,0,MAP_PMU,36
3,UPFC_tsh,5-15,-0.23461683463712057,0,MAP_PMU,36
4,UPFC_Vse,5-15,0.05871359066094179,0,MAP_PMU,36
5,UPFC_tse,5-15,-2.131393221849592,0,MAP_PMU,36
0,x_tcsc,1-14,-0.176451216867078,1,MAP_PMU,36
1,B_svc,2,0.4455243816918662,1,MAP_PMU,36
2,UPFC_Vsh,5-15,1.0961001351928035,1,MAP_PMU,36
3,UPFC_tsh,5-15,-0.23465610140897677,1,MAP_PMU,36
4,UPFC_Vse,5-15,0.05905349542734394,1,MAP_PMU,36
5,UPFC_tse,5-15,-2.1281891369821713,1,MAP_PMU,36
0,x_tcsc,1-14,-0.17586592761354147,2,MAP_PMU,36
1,B_svc,2,0.44553940279985793,2,MAP_PMU,36
2,UPFC_Vsh,5-15,1.0964191720715823,2,MAP_PMU,36
3,UPFC_tsh,5-15,-0.23463851406346967,2,MAP_PMU,36
4,UPFC_Vse,5-15,0.058352737287074546,2,MAP_PMU,36
5,UPFC_tse,5-15,-2.129443842104028,2,MAP_PMU,36
0,x_tcsc,1-14,-0.17581468042167453,3,MAP_PMU,36
1,B_svc,2,0.4452402352150834,3,MAP_PMU,36
2,UPFC_Vsh,5-15,1.097362909783902,3,MAP_PMU,36
3,UPFC_tsh,5-15,-0.23463855912641554,3,MAP_PMU,36
4,UPFC_Vse,5-15,0.05867724209316186,3,MAP_PMU,36
5,UPFC_tse,5-15,-2.132199345489292,3,MAP_PMU,36
0,x_tcsc,1-14,-0.17621685863266132,4,MAP_PMU,36
1,B_svc,2,0.4459412044840834,4,MAP_PMU,36
2,UPFC_Vsh,5-15,1.0964922262331793,4,MAP_PMU,36
3,UPFC_tsh,5-15,-0.23465870681065185,4,MAP_PMU,36
4,UPFC_Vse,5-15,0.058937978688469055,4,MAP_PMU,36
5,UPFC_tse,5-15,-2.1288315611197093,4,MAP_PMU,36
0,x_tcsc,1-14,-0.17567223024658712,5,MAP_PMU,36
1,B_svc,2,0.4459134634797422,5,MAP_PMU,36
2,UPFC_Vsh,5-15,1.096743818269147,5,MAP_PMU,36
3,UPFC_tsh,5-15,-0.23464307399291653,5,MAP_PMU,36
4,UPFC_Vse,5-15,0.05839846256443852,5,MAP_PMU,36
5,UPFC_tse,5-15,-2.130251968199147,5,MAP_PMU,36
0,x_tcsc,1-14,-0.1776831017166696,6,MAP_PMU,36
1,B_svc,2,0.4444093978387136,6,MAP_PMU,36
2,UPFC_Vsh,5-15,1.0958794062432546,6,MAP_PMU,36
3,UPFC_tsh,5-15,-0.2346481182798687,6,MAP_PMU,36
4,UPFC_Vse,5-15,0.05851526373040526,6,MAP_PMU,36
5,UPFC_tse,5-15,-2.1334992144966862,6,MAP_PMU,36
0,x_tcsc,1-14,-0.1782875700903728,7,MAP_PMU,36
1,B_svc,2,0.4438619807630439,7,MAP_PMU,36
2,UPFC_Vsh,5-15,1.0957073934071928,7,MAP_PMU,36
3,UPFC_tsh,5-15,-0.2347133105421468,7,MAP_PMU,36
4,UPFC_Vse,5-15,0.05909202529549446,7,MAP_PMU,36
5,UPFC_tse,5-15,-2.1319701106813964,7,MAP_PMU,36
0,x_tcsc,1-14,-0.17703543361410667,8,MAP_PMU,36
1,B_svc,2,0.44501550052374167,8,MAP_PMU,36
2,UPFC_Vsh,5-15,1.0956455379493373,8,MAP_PMU,36
3,UPFC_tsh,5-15,-0.23468324915557767,8,MAP_PMU,36
4,UPFC_Vse,5-15,0.05849906739135429,8,MAP_PMU,36
5,UPFC_tse,5-15,-2.131506153597719,8,MAP_PMU,36
0,x_tcsc,1-14,-0.1765296351011861,9,MAP_PMU,36
1,B_svc,2,0.44528201968389364,9,MAP_PMU,36
2,UPFC_Vsh,5-15,1.0963094760819778,9,MAP_PMU,36
3,UPFC_tsh,5-15,-0.23465678968070022,9,MAP_PMU,36
4,UPFC_Vse,5-15,0.05879063824994297,9,MAP_PMU,36
5,UPFC_tse,5-15,-2.128872867234718,9,MAP_PMU,36
0,x_tcsc,1-14,-0.17569475078265875,0,MAP_PMU,37
1,B_svc,2,0.4447717076505348,0,MAP_PMU,37
2,UPFC_Vsh,5-15,1.096616667777469,0,MAP_PMU,37
3,UPFC_tsh,5-15,-0.2346497844128918,0,MAP_PMU,37
4,UPFC_Vse,5-15,0.058693408169511165,0,MAP_PMU,37
5,UPFC_tse,5-15,-2.13113491795273,0,MAP_PMU,37
0,x_tcsc,1-14,-0.1762558134874353,1,MAP_PMU,37
1,B_svc,2,0.4446554234758817,1,MAP_PMU,37
2,UPFC_Vsh,5-15,1.0962081942087527,1,MAP_PMU,37
3,UPFC_tsh,5-15,-0.23468900998167222,1,MAP_PMU,37
4,UPFC_Vse,5-15,0.059033901494822794,1,MAP_PMU,37
5,UPFC_tse,5-15,-2.1279316813350597,1,MAP_PMU,37
0,x_tcsc,1-14,-0.17567177573767895,2,MAP_PMU,37
1,B_svc,2,0.4446676687922588,2,MAP_PMU,37
2,UPFC_Vsh,5-15,1.0965267847279356,2,MAP_PMU,37
3,UPFC_tsh,5-15,-0.23467144729235329,2,MAP_PMU,37
4,UPFC_Vse,5-15,0.058333118515327936,2,MAP_PMU,37
5,UPFC_tse,5-15,-2.1291845908867515,2,MAP_PMU,37
0,x_tcsc,1-14,-0.1756205088915056,3,MAP_PMU,37
1,B_svc,2,0.4443674903921334,3,MAP_PMU,37
2,UPFC_Vsh,5-15,1.0974691822327676,3,MAP_PMU,37
3,UPFC_tsh,5-15,-0.2346716038268578,3,MAP_PMU,37
4,UPFC_Vse,5-15,0.05865871979614209,3,MAP_PMU,37
5,UPFC_tse,5-15,-2.131940071648547,3,MAP_PMU,37
0,x_tcsc,1-14,-0.17602187563156593,4,MAP_PMU,37
1,B_svc,2,0.445070350865809,4,MAP_PMU,37
2,UPFC_Vsh,5-15,1.0966006659894143,4,MAP_PMU,37
3,UPFC_tsh,5-15,-0.2346916087677209,4,MAP_PMU,37
4,UPFC_Vse,5-15,0.0589173563818935,4,MAP_PMU,37
5,UPFC_tse,5-15,-2.128578435482931,4,MAP_PMU,37
0,x_tcsc,1-14,-0.17547842089681961,5,MAP_PMU,37
1,B_svc,2,0.445038815758906,5,MAP_PMU,37
2,UPFC_Vsh,5-15,1.096850586922843,5,MAP_PMU,37
3,UPFC_tsh,5-15,-0.23467605239407988,5,MAP_PMU,37
4,UPFC_Vse,5-15,0.058378827529560515,5,MAP_PMU,37
5,UPFC_tse,5-15,-2.1299916862917163,5,MAP_PMU,37
0,x_tcsc,1-14,-0.17748422949239454,6,MAP_PMU,37
1,B_svc,2,0.44354576814701474,6,MAP_PMU,37
2,UPFC_Vsh,5-15,1.0959905651299873,6,MAP_PMU,37
3,UPFC_tsh,5-15,-0.23468088263748743,6,MAP_PMU,37
4,UPFC_Vse,5-15,0.058496496480473475,6,MAP_PMU,37
5,UPFC_tse,5-15,-2.1332354767902575,6,MAP_PMU,37
0,x_tcsc,1-14,-0.1780872246105191,7,MAP_PMU,37
1,B_svc,2,0.4430008807054124,7,MAP_PMU,37
2,UPFC_Vsh,5-15,1.095818834971483,7,MAP_PMU,37
3,UPFC_tsh,5-15,-0.23474603847820602,7,MAP_PMU,37
4,UPFC_Vse,5-15,0.05907317046496587,7,MAP_PMU,37
5,UPFC_tse,5-15,-2.131712373573941,7,MAP_PMU,37
0,x_tcsc,1-14,-0.17683854055873374,8,MAP_PMU,37
1,B_svc,2,0.44414961452294816,8,MAP_PMU,37
2,UPFC_Vsh,5-15,1.0957557638357993,8,MAP_PMU,37
3,UPFC_tsh,5-15,-0.2347160353889752,8,MAP_PMU,37
4,UPFC_Vse,5-15,0.058478223253647287,8,MAP_PMU,37
5,UPFC_tse,5-15,-2.13124357940036,8,MAP_PMU,37
0,x_tcsc,1-14,-0.1763341578655697,9,MAP_PMU,37
1,B_svc,2,0.44441556625408635,9,MAP_PMU,37
2,UPFC_Vsh,5-15,1.0964194020520979,9,MAP_PMU,37
3,UPFC_tsh,5-15,-0.23468956347358003,9,MAP_PMU,37
4,UPFC_Vse,5-15,0.05877033999848706,9,MAP_PMU,37
5,UPFC_tse,5-15,-2.128610999621461,9,MAP_PMU,37
0,x_tcsc,1-14,-0.1771629784837473,0,MAP_PMU,38
1,B_svc,2,0.4516607392854441,0,MAP_PMU,38
2,UPFC_Vsh,5-15,1.0959206772456607,0,MAP_PMU,38
3,UPFC_tsh,5-15,-0.234179907521737,0,MAP_PMU,38
4,UPFC_Vse,5-15,0.058838253020367555,0,MAP_PMU,38
5,UPFC_tse,5-15,-2.1322032062767766,0,MAP_PMU,38
0,x_tcsc,1-14,-0.17773266253477135,1,MAP_PMU,38
1,B_svc,2,0.4515183048200526,1,MAP_PMU,38
2,UPFC_Vsh,5-15,1.0955066231403503,1,MAP_PMU,38
3,UPFC_tsh,5-15,-0.23421935969255966,1,MAP_PMU,38
4,UPFC_Vse,5-15,0.05917451155371532,1,MAP_PMU,38
5,UPFC_tse,5-15,-2.1290099366369892,1,MAP_PMU,38
0,x_tcsc,1-14,-0.17713878943891853,2,MAP_PMU,38
1,B_svc,2,0.4515495637920235,2,MAP_PMU,38
2,UPFC_Vsh,5-15,1.0958313566114843,2,MAP_PMU,38
3,UPFC_tsh,5-15,-0.23420145075752224,2,MAP_PMU,38
4,UPFC_Vse,5-15,0.058474924557482134,2,MAP_PMU,38
5,UPFC_tse,5-15,-2.1302577980220394,2,MAP_PMU,38
0,x_tcsc,1-14,-0.1770881419999887,3,MAP_PMU,38
1,B_svc,2,0.45125920586477003,3,MAP_PMU,38
2,UPFC_Vsh,5-15,1.0967828111986273,3,MAP_PMU,38
3,UPFC_tsh,5-15,-0.23420083061501576,3,MAP_PMU,38
4,UPFC_Vse,5-15,0.05879287950601436,3,MAP_PMU,38
5,UPFC_tse,5-15,-2.133007298335575,3,MAP_PMU,38
0,x_tcsc,1-14,-0.17749528605492088,4,MAP_PMU,38
1,B_svc,2,0.45194620120403617,4,MAP_PMU,38
2,UPFC_Vsh,5-15,1.0958979818937438,4,MAP_PMU,38
3,UPFC_tsh,5-15,-0.23422204897078477,4,MAP_PMU,38
4,UPFC_Vse,5-15,0.05906491461759056,4,MAP_PMU,38
5,UPFC_tse,5-15,-2.12962173233022,4,MAP_PMU,38
0,x_tcsc,1-14,-0.1769431162112397,5,MAP_PMU,38
1,B_svc,2,0.45194387021416293,5,MAP_PMU,38
2,UPFC_Vsh,5-15,1.0961623036967434,5,MAP_PMU,38
3,UPFC_tsh,5-15,-0.23420579681996526,5,MAP_PMU,38
4,UPFC_Vse,5-15,0.058520766005667094,5,MAP_PMU,38
5,UPFC_tse,5-15,-2.131058971932138,5,MAP_PMU,38
0,x_tcsc,1-14,-0.1789863844735798,6,MAP_PMU,38
1,B_svc,2,0.4503622680482099,6,MAP_PMU,38
2,UPFC_Vsh,5-15,1.0952710542488595,6,MAP_PMU,38
3,UPFC_tsh,5-15,-0.2342123568243001,6,MAP_PMU,38
4,UPFC_Vse,5-15,0.05863504517535263,6,MAP_PMU,38
5,UPFC_tse,5-15,-2.1343531407243916,6,MAP_PMU,38
0,x_tcsc,1-14,-0.1796002705373101,7,MAP_PMU,38
1,B_svc,2,0.4497981557116247,7,MAP_PMU,38
2,UPFC_Vsh,5-15,1.0950983778025616,7,MAP_PMU,38
3,UPFC_tsh,5-15,-0.2342773985909833,7,MAP_PMU,38
4,UPFC_Vse,5-15,0.059211981487839044,7,MAP_PMU,38
5,UPFC_tse,5-15,-2.13277204961799,7,MAP_PMU,38
0,x_tcsc,1-14,-0.1783256406893046,8,MAP_PMU,38
1,B_svc,2,0.45098677099648127,8,MAP_PMU,38
2,UPFC_Vsh,5-15,1.0950411945652914,8,MAP_PMU,38
3,UPFC_tsh,5-15,-0.23424708712696846,8,MAP_PMU,38
4,UPFC_Vse,5-15,0.05862756228875073,8,MAP_PMU,38
5,UPFC_tse,5-15,-2.1323397823357895,8,MAP_PMU,38
0,x_tcsc,1-14,-0.17781057742036957,9,MAP_PMU,38
1,B_svc,2,0.4512543192003634,9,MAP_PMU,38
2,UPFC_Vsh,5-15,1.0957093496897399,9,MAP_PMU,38
3,UPFC_tsh,5-15,-0.23422063241837074,9,MAP_PMU,38
4,UPFC_Vse,5-15,0.05891692121532954,9,MAP_PMU,38
5,UPFC_tse,5-15,-2.1297065155906294,9,MAP_PMU,38
0,x_tcsc,1-14,-0.17854477007741382,0,MAP_PMU,39
1,B_svc,2,0.4583120968227733,0,MAP_PMU,39
2,UPFC_Vsh,5-15,1.0952204833320633,0,MAP_PMU,39
3,UPFC_tsh,5-15,-0.23387281402365728,0,MAP_PMU,39
4,UPFC_Vse,5-15,0.05892153249145212,0,MAP_PMU,39
5,UPFC_tse,5-15,-2.1333699985097483,0,MAP_PMU,39
0,x_tcsc,1-14,-0.17912256371712396,1,MAP_PMU,39
1,B_svc,2,0.45814405638455574,1,MAP_PMU,39
2,UPFC_Vsh,5-15,1.094800897192537,1,MAP_PMU,39
3,UPFC_tsh,5-15,-0.23391254787491086,1,MAP_PMU,39
4,UPFC_Vse,5-15,0.05925389853569981,1,MAP_PMU,39
5,UPFC_tse,5-15,-2.130177234781012,1,MAP_PMU,39
0,x_tcsc,1-14,-0.17851950821904522,2,MAP_PMU,39
1,B_svc,2,0.45819454773685964,2,MAP_PMU,39
2,UPFC_Vsh,5-15,1.0951311869691693,2,MAP_PMU,39
3,UPFC_tsh,5-15,-0.2338943141466864,2,MAP_PMU,39
4,UPFC_Vse,5-15,0.058555348045011515,2,MAP_PMU,39
5,UPFC_tse,5-15,-2.1314238125702865,2,MAP_PMU,39
0,x_tcsc,1-14,-0.17846923015919006,3,MAP_PMU,39
1,B_svc,2,0.4579142366327777,3,MAP_PMU,39
2,UPFC_Vsh,5-15,1.0960907795738997,3,MAP_PMU,39
3,UPFC_tsh,5-15,-0.23389291043823587,3,MAP_PMU,39
4,UPFC_Vse,5-15,0.058866574817788314,3,MAP_PMU,39
5,UPFC_tse,5-15,-2.1341615656991477,3,MAP_PMU,39
0,x_tcsc,1-14,-0.1788821170194604,4,MAP_PMU,39
1,B_svc,2,0.4585847954546513,4,MAP_PMU,39
2,UPFC_Vsh,5-15,1.0951911578146398,4,MAP_PMU,39
3,UPFC_tsh,5-15,-0.23391532705910878,4,MAP_PMU,39
4,UPFC_Vse,5-15,0.05915064362732387,4,MAP_PMU,39
5,UPFC_tse,5-15,-2.1307662934417473,4,MAP_PMU,39
0,x_tcsc,1-14,-0.17832157677043556,5,MAP_PMU,39
1,B_svc,2,0.45861231354458104,5,MAP_PMU,39
2,UPFC_Vsh,5-15,1.0954681699982671,5,MAP_PMU,39
3,UPFC_tsh,5-15,-0.23389845152238214,5,MAP_PMU,39
4,UPFC_Vse,5-15,0.058601108274612734,5,MAP_PMU,39
5,UPFC_tse,5-15,-2.132221712398184,5,MAP_PMU,39
0,x_tcsc,1-14,-0.18040038262772184,6,MAP_PMU,39
1,B_svc,2,0.4569426611288629,6,MAP_PMU,39
2,UPFC_Vsh,5-15,1.0945480078355114,6,MAP_PMU,39
3,UPFC_tsh,5-15,-0.23390658094500574,6,MAP_PMU,39
4,UPFC_Vse,5-15,0.058712630622352456,6,MAP_PMU,39
5,UPFC_tse,5-15,-2.135558609174031,6,MAP_PMU,39
0,x_tcsc,1-14,-0.1810243249360489,7,MAP_PMU,39
1,B_svc,2,0.4563596288328222,7,MAP_PMU,39
2,UPFC_Vsh,5-15,1.0943743052929897,7,MAP_PMU,39
3,UPFC_tsh,5-15,-0.2339715123900281,7,MAP_PMU,39
4,UPFC_Vse,5-15,0.05928988977880718,7,MAP_PMU,39
5,UPFC_tse,5-15,-2.1339218887729188,7,MAP_PMU,39
0,x_tcsc,1-14,-0.17972533800394982,8,MAP_PMU,39
1,B_svc,2,0.4575871841791236,8,MAP_PMU,39
2,UPFC_Vsh,5-15,1.0943230482194566,8,MAP_PMU,39
3,UPFC_tsh,5-15,-0.23394094710398688,8,MAP_PMU,39
4,UPFC_Vse,5-15,0.058715007765654206,8,MAP_PMU,39
5,UPFC_tse,5-15,-2.133531976163931,8,MAP_PMU,39
0,x_tcsc,1-14,-0.17920001493317037,9,MAP_PMU,39
1,B_svc,2,0.4578556499589598,9,MAP_PMU,39
2,UPFC_Vsh,5-15,1.0949962846777999,9,MAP_PMU,39
3,UPFC_tsh,5-15,-0.23391445496290397,9,MAP_PMU,39
4,UPFC_Vse,5-15,0.059002099759098654,9,MAP_PMU,39
5,UPFC_tse,5-15,-2.1308963104821035,9,MAP_PMU,39
0,x_tcsc,1-14,-0.1546412643355654,0,MAP_PMU,40
1,B_svc,2,0.46522752897537223,0,MAP_PMU,40
2,UPFC_Vsh,5-15,1.1109147914312447,0,MAP_PMU,40
3,UPFC_tsh,5-15,-0.23298532709606606,0,MAP_PMU,40
4,UPFC_Vse,5-15,0.05492951863584695,0,MAP_PMU,40
5,UPFC_tse,5-15,-2.099506839716166,0,MAP_PMU,40
0,x_tcsc,1-14,-0.15468103146263137,1,MAP_PMU,40
1,B_svc,2,0.46591297419253064,1,MAP_PMU,40
2,UPFC_Vsh,5-15,1.1107615223356273,1,MAP_PMU,40
3,UPFC_tsh,5-15,-0.23300822864541332,1,MAP_PMU,40
4,UPFC_Vse,5-15,0.05529548871881602,1,MAP_PMU,40
5,UPFC_tse,5-15,-2.0963058583762666,1,MAP_PMU,40
0,x_tcsc,1-14,-0.15466164393923154,2,MAP_PMU,40
1,B_svc,2,0.46548989689326226,2,MAP_PMU,40
2,UPFC_Vsh,5-15,1.1108061717115194,2,MAP_PMU,40
3,UPFC_tsh,5-15,-0.233006943781014,2,MAP_PMU,40
4,UPFC_Vse,5-15,0.05461523974310902,2,MAP_PMU,40
5,UPFC_tse,5-15,-2.0975312766093914,2,MAP_PMU,40
0,x_tcsc,1-14,-0.15464508525372692,3,MAP_PMU,40
1,B_svc,2,0.46553800562108927,3,MAP_PMU,40
2,UPFC_Vsh,5-15,1.111490155537409,3,MAP_PMU,40
3,UPFC_tsh,5-15,-0.23302774164568152,3,MAP_PMU,40
4,UPFC_Vse,5-15,0.055030408027595665,3,MAP_PMU,40
5,UPFC_tse,5-15,-2.100832747835766,3,MAP_PMU,40
0,x_tcsc,1-14,-0.1546768745135604,4,MAP_PMU,40
1,B_svc,2,0.46580828699455434,4,MAP_PMU,40
2,UPFC_Vsh,5-15,1.1111180273226617,4,MAP_PMU,40
3,UPFC_tsh,5-15,-0.23301286680462244,4,MAP_PMU,40
4,UPFC_Vse,5-15,0.05511505035773879,4,MAP_PMU,40
5,UPFC_tse,5-15,-2.097190449993032,4,MAP_PMU,40
0,x_tcsc,1-14,-0.15465393834942853,5,MAP_PMU,40
1,B_svc,2,0.4657658171162228,5,MAP_PMU,40
2,UPFC_Vsh,5-15,1.1109015428339069,5,MAP_PMU,40
3,UPFC_tsh,5-15,-0.23302645359019686,5,MAP_PMU,40
4,UPFC_Vse,5-15,0.05472315950493733,5,MAP_PMU,40
5,UPFC_tse,5-15,-2.0986426211240468,5,MAP_PMU,40
0,x_tcsc,1-14,-0.154666622614861,6,MAP_PMU,40
1,B_svc,2,0.4654915305626061,6,MAP_PMU,40
2,UPFC_Vsh,5-15,1.1111476886248974,6,MAP_PMU,40
3,UPFC_tsh,5-15,-0.23296567878999586,6,MAP_PMU,40
4,UPFC_Vse,5-15,0.05470714892229766,6,MAP_PMU,40
5,UPFC_tse,5-15,-2.1004685455005756,6,MAP_PMU,40
0,x_tcsc,1-14,-0.15466701799746074,7,MAP_PMU,40
1,B_svc,2,0.4654510126957378,7,MAP_PMU,40
2,UPFC_Vsh,5-15,1.1110665395188808,7,MAP_PMU,40
3,UPFC_tsh,5-15,-0.23302793894469712,7,MAP_PMU,40
4,UPFC_Vse,5-15,0.05525771102738729,7,MAP_PMU,40
5,UPFC_tse,5-15,-2.100018382377535,7,MAP_PMU,40
0,x_tcsc,1-14,-0.15466621342042738,8,MAP_PMU,40
1,B_svc,2,0.46510911865537213,8,MAP_PMU,40
2,UPFC_Vsh,5-15,1.1107042454967908,8,MAP_PMU,40
3,UPFC_tsh,5-15,-0.2330138670837331,8,MAP_PMU,40
4,UPFC_Vse,5-15,0.05464025315824541,8,MAP_PMU,40
5,UPFC_tse,5-15,-2.0990991081230237,8,MAP_PMU,40
0,x_tcsc,1-14,-0.15465053495284703,9,MAP_PMU,40
1,B_svc,2,0.4653631938086799,9,MAP_PMU,40
2,UPFC_Vsh,5-15,1.111237883740784,9,MAP_PMU,40
3,UPFC_tsh,5-15,-0.2329931033115376,9,MAP_PMU,40
4,UPFC_Vse,5-15,0.05497790785540072,9,MAP_PMU,40
5,UPFC_tse,5-15,-2.096278245983229,9,MAP_PMU,40
0,x_tcsc,1-14,-0.15527001217562936,0,MAP_PMU,41
1,B_svc,2,0.47273842304251956,0,MAP_PMU,41
2,UPFC_Vsh,5-15,1.1109182913396614,0,MAP_PMU,41
3,UPFC_tsh,5-15,-0.23271575622377608,0,MAP_PMU,41
4,UPFC_Vse,5-15,0.05485534676985405,0,MAP_PMU,41
5,UPFC_tse,5-15,-2.1001297135731347,0,MAP_PMU,41
0,x_tcsc,1-14,-0.1553157376702186,1,MAP_PMU,41
1,B_svc,2,0.47342598569178906,1,MAP_PMU,41
2,UPFC_Vsh,5-15,1.1107635064661474,1,MAP_PMU,41
3,UPFC_tsh,5-15,-0.23273885499526878,1,MAP_PMU,41
4,UPFC_Vse,5-15,0.055221497367269945,1,MAP_PMU,41
5,UPFC_tse,5-15,-2.0969177420861964,1,MAP_PMU,41
0,x_tcsc,1-14,-0.15528912245618004,2,MAP_PMU,41
1,B_svc,2,0.4729855690981149,2,MAP_PMU,41
2,UPFC_Vsh,5-15,1.110810277910047,2,MAP_PMU,41
3,UPFC_tsh,5-15,-0.23273730883413385,2,MAP_PMU,41
4,UPFC_Vse,5-15,0.05454046814562826,2,MAP_PMU,41
5,UPFC_tse,5-15,-2.0981551206052784,2,MAP_PMU,41
0,x_tcsc,1-14,-0.15527593864849706,3,MAP_PMU,41
1,B_svc,2,0.4730252843759791,3,MAP_PMU,41
2,UPFC_Vsh,5-15,1.1114942756840658,3,MAP_PMU,41
3,UPFC_tsh,5-15,-0.23275786983440844,3,MAP_PMU,41
4,UPFC_Vse,5-15,0.05495544924618364,3,MAP_PMU,41
5,UPFC_tse,5-15,-2.101452701346669,3,MAP_PMU,41
0,x_tcsc,1-14,-0.15530589235173944,4,MAP_PMU,41
1,B_svc,2,0.47331940771597764,4,MAP_PMU,41
2,UPFC_Vsh,5-15,1.1111214727620315,4,MAP_PMU,41
3,UPFC_tsh,5-15,-0.23274337222283345,4,MAP_PMU,41
4,UPFC_Vse,5-15,0.05504085344149704,4,MAP_PMU,41
5,UPFC_tse,5-15,-2.0978086380812755,4,MAP_PMU,41
0,x_tcsc,1-14,-0.15528062126846554,5,MAP_PMU,41
1,B_svc,2,0.4732676170397744,5,MAP_PMU,41
2,UPFC_Vsh,5-15,1.1109060142883003,5,MAP_PMU,41
3,UPFC_tsh,5-15,-0.23275670121553316,5,MAP_PMU,41
4,UPFC_Vse,5-15,0.054648250933366845,5,MAP_PMU,41
5,UPFC_tse,5-15,-2.0992691662272653,5,MAP_PMU,41
0,x_tcsc,1-14,-0.15530507916346545,6,MAP_PMU,41
1,B_svc,2,0.47298902227922857,6,MAP_PMU,41
2,UPFC_Vsh,5-15,1.1111482883813446,6,MAP_PMU,41
3,UPFC_tsh,5-15,-0.23269651498929542,6,MAP_PMU,41
4,UPFC_Vse,5-15,0.05463353032353678,6,MAP_PMU,41
5,UPFC_tse,5-15,-2.1010924397060196,6,MAP_PMU,41
0,x_tcsc,1-14,-0.15531538822002552,7,MAP_PMU,41
1,B_svc,2,0.4729538415904947,7,MAP_PMU,41
2,UPFC_Vsh,5-15,1.111065894947154,7,MAP_PMU,41
3,UPFC_tsh,5-15,-0.2327590985595643,7,MAP_PMU,41
4,UPFC_Vse,5-15,0.05518520357418421,7,MAP_PMU,41
5,UPFC_tse,5-15,-2.1006251763377115,7,MAP_PMU,41
0,x_tcsc,1-14,-0.15530304660582403,8,MAP_PMU,41
1,B_svc,2,0.47263292271074786,8,MAP_PMU,41
2,UPFC_Vsh,5-15,1.1107052180177155,8,MAP_PMU,41
3,UPFC_tsh,5-15,-0.23274478271097196,8,MAP_PMU,41
4,UPFC_Vse,5-15,0.054567138902896425,8,MAP_PMU,41
5,UPFC_tse,5-15,-2.099725462315888,8,MAP_PMU,41
0,x_tcsc,1-14,-0.1552852679300957,9,MAP_PMU,41
1,B_svc,2,0.47287824978856213,9,MAP_PMU,41
2,UPFC_Vsh,5-15,1.1112386474553377,9,MAP_PMU,41
3,UPFC_tsh,5-15,-0.23272427758489675,9,MAP_PMU,41
4,UPFC_Vse,5-15,0.054904953965624524,9,MAP_PMU,41
5,UPFC_tse,5-15,-2.0969007634365444,9,MAP_PMU,41
0,x_tcsc,1-14,-0.154618244265792,0,MAP_PMU,42
1,B_svc,2,0.46488354642467833,0,MAP_PMU,42
2,UPFC_Vsh,5-15,1.110943882383232,0,MAP_PMU,42
3,UPFC_tsh,5-15,-0.23305533232122302,0,MAP_PMU,42
4,UPFC_Vse,5-15,0.05487966290070342,0,MAP_PMU,42
5,UPFC_tse,5-15,-2.099658774233106,0,MAP_PMU,42
0,x_tcsc,1-14,-0.1546577473529262,1,MAP_PMU,42
1,B_svc,2,0.46556931163847515,1,MAP_PMU,42
2,UPFC_Vsh,5-15,1.1107905828299185,1,MAP_PMU,42
3,UPFC_tsh,5-15,-0.23307813813339878,1,MAP_PMU,42
4,UPFC_Vse,5-15,0.05524552086790941,1,MAP_PMU,42
5,UPFC_tse,5-15,-2.096453650917344,1,MAP_PMU,42
0,x_tcsc,1-14,-0.15463865007910718,2,MAP_PMU,42
1,B_svc,2,0.46514670926382334,2,MAP_PMU,42
2,UPFC_Vsh,5-15,1.110835187719163,2,MAP_PMU,42
3,UPFC_tsh,5-15,-0.23307689368561094,2,MAP_PMU,42
4,UPFC_Vse,5-15,0.05456523583620919,2,MAP_PMU,42
5,UPFC_tse,5-15,-2.0976814732181635,2,MAP_PMU,42
0,x_tcsc,1-14,-0.15462200537104975,3,MAP_PMU,42
1,B_svc,2,0.46519519373247786,3,MAP_PMU,42
2,UPFC_Vsh,5-15,1.111519523711573,3,MAP_PMU,42
3,UPFC_tsh,5-15,-0.23309769042403095,3,MAP_PMU,42
4,UPFC_Vse,5-15,0.05498039565442407,3,MAP_PMU,42
5,UPFC_tse,5-15,-2.1009827552413074,3,MAP_PMU,42
0,x_tcsc,1-14,-0.15465381007760318,4,MAP_PMU,42
1,B_svc,2,0.4654644185198929,4,MAP_PMU,42
2,UPFC_Vsh,5-15,1.1111469622271317,4,MAP_PMU,42
3,UPFC_tsh,5-15,-0.23308284995027856,4,MAP_PMU,42
4,UPFC_Vse,5-15,0.05506525986591347,4,MAP_PMU,42
5,UPFC_tse,5-15,-2.097342640150059,4,MAP_PMU,42
0,x_tcsc,1-14,-0.15463103501722647,5,MAP_PMU,42
1,B_svc,2,0.46542230476802315,5,MAP_PMU,42
2,UPFC_Vsh,5-15,1.1109305461895953,5,MAP_PMU,42
3,UPFC_tsh,5-15,-0.23309649818359998,5,MAP_PMU,42
4,UPFC_Vse,5-15,0.05467330468035312,5,MAP_PMU,42
5,UPFC_tse,5-15,-2.0987931052076783,5,MAP_PMU,42
0,x_tcsc,1-14,-0.15464319914215027,6,MAP_PMU,42
1,B_svc,2,0.46514820324267775,6,MAP_PMU,42
2,UPFC_Vsh,5-15,1.1111771424849741,6,MAP_PMU,42
3,UPFC_tsh,5-15,-0.23303561176153081,6,MAP_PMU,42
4,UPFC_Vse,5-15,0.0546571602703553,6,MAP_PMU,42
5,UPFC_tse,5-15,-2.1006185773967565,6,MAP_PMU,42
0,x_tcsc,1-14,-0.15464324976788618,7,MAP_PMU,42
1,B_svc,2,0.4651075652469227,7,MAP_PMU,42
2,UPFC_Vsh,5-15,1.111096432670353,7,MAP_PMU,42
3,UPFC_tsh,5-15,-0.23309790606475458,7,MAP_PMU,42
4,UPFC_Vse,5-15,0.05520770355023844,7,MAP_PMU,42
5,UPFC_tse,5-15,-2.100168398667364,7,MAP_PMU,42
0,x_tcsc,1-14,-0.15464284297442735,8,MAP_PMU,42
1,B_svc,2,0.4647647684798653,8,MAP_PMU,42
2,UPFC_Vsh,5-15,1.110733287893131,8,MAP_PMU,42
3,UPFC_tsh,5-15,-0.23308384354296047,8,MAP_PMU,42
4,UPFC_Vse,5-15,0.05459046931386292,8,MAP_PMU,42
5,UPFC_tse,5-15,-2.099251413872441,8,MAP_PMU,42
0,x_tcsc,1-14,-0.15462724562531496,9,MAP_PMU,42
1,B_svc,2,0.4650192807323457,9,MAP_PMU,42
2,UPFC_Vsh,5-15,1.1112669420165628,9,MAP_PMU,42
3,UPFC_tsh,5-15,-0.23306308594562866,9,MAP_PMU,42
4,UPFC_Vse,5-15,0.05492808524135367,9,MAP_PMU,42
5,UPFC_tse,5-15,-2.096428974782028,9,MAP_PMU,42
0,x_tcsc,1-14,-0.1541278782174898,0,MAP_PMU,43
1,B_svc,2,0.45915121044763335,0,MAP_PMU,43
2,UPFC_Vsh,5-15,1.1109091270862508,0,MAP_PMU,43
3,UPFC_tsh,5-15,-0.2333088968823598,0,MAP_PMU,43
4,UPFC_Vse,5-15,0.05491646154080312,0,MAP_PMU,43
5,UPFC_tse,5-15,-2.0996020848731467,0,MAP_PMU,43
0,x_tcsc,1-14,-0.1541627640485981,1,MAP_PMU,43
1,B_svc,2,0.45983483409533515,1,MAP_PMU,43
2,UPFC_Vsh,5-15,1.1107569831176554,1,MAP_PMU,43
3,UPFC_tsh,5-15,-0.23333162073016095,1,MAP_PMU,43
4,UPFC_Vse,5-15,0.055282105863197074,1,MAP_PMU,43
5,UPFC_tse,5-15,-2.096401245707033,1,MAP_PMU,43
0,x_tcsc,1-14,-0.15414928008643133,2,MAP_PMU,43
1,B_svc,2,0.4594259166962951,2,MAP_PMU,43
2,UPFC_Vsh,5-15,1.1108000735965384,2,MAP_PMU,43
3,UPFC_tsh,5-15,-0.23333057153219386,2,MAP_PMU,43
4,UPFC_Vse,5-15,0.05460239466154855,2,MAP_PMU,43
5,UPFC_tse,5-15,-2.0976263978322556,2,MAP_PMU,43
0,x_tcsc,1-14,-0.1541299756375058,3,MAP_PMU,43
1,B_svc,2,0.4594806519365075,3,MAP_PMU,43
2,UPFC_Vsh,5-15,1.1114841452578597,3,MAP_PMU,43
3,UPFC_tsh,5-15,-0.23335155432660754,3,MAP_PMU,43
4,UPFC_Vse,5-15,0.05501756566658055,3,MAP_PMU,43
5,UPFC_tse,5-15,-2.100930417926962,3,MAP_PMU,43
0,x_tcsc,1-14,-0.15416326784254572,4,MAP_PMU,43
1,B_svc,2,0.4597317722905942,4,MAP_PMU,43
2,UPFC_Vsh,5-15,1.1111124747484185,4,MAP_PMU,43
3,UPFC_tsh,5-15,-0.233336397463715,4,MAP_PMU,43
4,UPFC_Vse,5-15,0.05510204764379116,4,MAP_PMU,43
5,UPFC_tse,5-15,-2.09728666498273,4,MAP_PMU,43
0,x_tcsc,1-14,-0.15414223250798745,5,MAP_PMU,43
1,B_svc,2,0.45969679456015294,5,MAP_PMU,43
2,UPFC_Vsh,5-15,1.1108953317452621,5,MAP_PMU,43
3,UPFC_tsh,5-15,-0.23335023605506341,5,MAP_PMU,43
4,UPFC_Vse,5-15,0.054710555713910376,5,MAP_PMU,43
5,UPFC_tse,5-15,-2.0987364959971013,5,MAP_PMU,43
0,x_tcsc,1-14,-0.1541453262029183,6,MAP_PMU,43
1,B_svc,2,0.45942585033818567,6,MAP_PMU,43
2,UPFC_Vsh,5-15,1.1111443136816221,6,MAP_PMU,43
3,UPFC_tsh,5-15,-0.23328889195374608,6,MAP_PMU,43
4,UPFC_Vse,5-15,0.05469335670871244,6,MAP_PMU,43
5,UPFC_tse,5-15,-2.1005593282084294,6,MAP_PMU,43
0,x_tcsc,1-14,-0.15413765224686582,7,MAP_PMU,43
1,B_svc,2,0.4593806448834975,7,MAP_PMU,43
2,UPFC_Vsh,5-15,1.1110641079931656,7,MAP_PMU,43
3,UPFC_tsh,5-15,-0.23335099468446552,7,MAP_PMU,43
4,UPFC_Vse,5-15,0.055243287970770306,7,MAP_PMU,43
5,UPFC_tse,5-15,-2.1001234802953754,7,MAP_PMU,43
0,x_tcsc,1-14,-0.1541462584520707,8,MAP_PMU,43
1,B_svc,2,0.4590218982342361,8,MAP_PMU,43
2,UPFC_Vsh,5-15,1.110700620101408,8,MAP_PMU,43
3,UPFC_tsh,5-15,-0.23333705006147754,8,MAP_PMU,43
4,UPFC_Vse,5-15,0.05462644598442981,8,MAP_PMU,43
5,UPFC_tse,5-15,-2.099192974579591,8,MAP_PMU,43
0,x_tcsc,1-14,-0.15413226269008737,9,MAP_PMU,43
1,B_svc,2,0.45928318346742053,9,MAP_PMU,43
2,UPFC_Vsh,5-15,1.1112343766159034,9,MAP_PMU,43
3,UPFC_tsh,5-15,-0.2333161044661645,9,MAP_PMU,43
4,UPFC_Vse,5-15,0.05496389964613117,9,MAP_PMU,43
5,UPFC_tse,5-15,-2.0963710490394565,9,MAP_PMU,43
0,x_tcsc,1-14,-0.1538943501268477,0,MAP_PMU,44
1,B_svc,2,0.4565672116206374,0,MAP_PMU,44
2,UPFC_Vsh,5-15,1.1109031779364573,0,MAP_PMU,44
3,UPFC_tsh,5-15,-0.2335537303467635,0,MAP_PMU,44
4,UPFC_Vse,5-15,0.05486940810042605,0,MAP_PMU,44
5,UPFC_tse,5-15,-2.0990637599690345,0,MAP_PMU,44
0,x_tcsc,1-14,-0.1539270627613488,1,MAP_PMU,44
1,B_svc,2,0.4572496407166595,1,MAP_PMU,44
2,UPFC_Vsh,5-15,1.1107514065308501,1,MAP_PMU,44
3,UPFC_tsh,5-15,-0.23357637675280535,1,MAP_PMU,44
4,UPFC_Vse,5-15,0.05523504582135611,1,MAP_PMU,44
5,UPFC_tse,5-15,-2.0958615581274214,1,MAP_PMU,44
0,x_tcsc,1-14,-0.15391618415046443,2,MAP_PMU,44
1,B_svc,2,0.4568473853002086,2,MAP_PMU,44
2,UPFC_Vsh,5-15,1.1107937901432428,2,MAP_PMU,44
3,UPFC_tsh,5-15,-0.23357544130501287,2,MAP_PMU,44
4,UPFC_Vse,5-15,0.05455538946002621,2,MAP_PMU,44
5,UPFC_tse,5-15,-2.0970783922868828,2,MAP_PMU,44
0,x_tcsc,1-14,-0.1538955119376004,3,MAP_PMU,44
1,B_svc,2,0.45690539585126605,3,MAP_PMU,44
2,UPFC_Vsh,5-15,1.1114774458444705,3,MAP_PMU,44
3,UPFC_tsh,5-15,-0.23359647234531095,3,MAP_PMU,44
4,UPFC_Vse,5-15,0.05497086063651695,3,MAP_PMU,44
5,UPFC_tse,5-15,-2.100384545874286,3,MAP_PMU,44
0,x_tcsc,1-14,-0.15392967772436597,4,MAP_PMU,44
1,B_svc,2,0.45714761522938,4,MAP_PMU,44
2,UPFC_Vsh,5-15,1.1111064408805087,4,MAP_PMU,44
3,UPFC_tsh,5-15,-0.23358123544181497,4,MAP_PMU,44
4,UPFC_Vse,5-15,0.055055206042668274,4,MAP_PMU,44
5,UPFC_tse,5-15,-2.0967530229134037,4,MAP_PMU,44
0,x_tcsc,1-14,-0.1539093187874845,5,MAP_PMU,44
1,B_svc,2,0.4571164192526779,5,MAP_PMU,44
2,UPFC_Vsh,5-15,1.1108889422535388,5,MAP_PMU,44
3,UPFC_tsh,5-15,-0.23359518297344833,5,MAP_PMU,44
4,UPFC_Vse,5-15,0.05466373040561584,5,MAP_PMU,44
5,UPFC_tse,5-15,-2.098187935921984,5,MAP_PMU,44
0,x_tcsc,1-14,-0.1539083069910465,6,MAP_PMU,44
1,B_svc,2,0.45684628682811423,6,MAP_PMU,44
2,UPFC_Vsh,5-15,1.1111386461736337,6,MAP_PMU,44
3,UPFC_tsh,5-15,-0.23353361292097377,6,MAP_PMU,44
4,UPFC_Vse,5-15,0.05464624222885604,6,MAP_PMU,44
5,UPFC_tse,5-15,-2.100016861417297,6,MAP_PMU,44
0,x_tcsc,1-14,-0.15389691637037667,7,MAP_PMU,44
1,B_svc,2,0.45679899393452694,7,MAP_PMU,44
2,UPFC_Vsh,5-15,1.1110585314122186,7,MAP_PMU,44
3,UPFC_tsh,5-15,-0.23359560900747836,7,MAP_PMU,44
4,UPFC_Vse,5-15,0.05519555236727886,7,MAP_PMU,44
5,UPFC_tse,5-15,-2.0995935068763254,7,MAP_PMU,44
0,x_tcsc,1-14,-0.15390980752658992,8,MAP_PMU,44
1,B_svc,2,0.4564332628724771,8,MAP_PMU,44
2,UPFC_Vsh,5-15,1.1106949925556011,8,MAP_PMU,44
3,UPFC_tsh,5-15,-0.23358175638923184,8,MAP_PMU,44
4,UPFC_Vse,5-15,0.05457933431693575,8,MAP_PMU,44
5,UPFC_tse,5-15,-2.0986478091138543,8,MAP_PMU,44
0,x_tcsc,1-14,-0.1538966001168247,9,MAP_PMU,44
1,B_svc,2,0.45669734501825593,9,MAP_PMU,44
2,UPFC_Vsh,5-15,1.1112290691963873,9,MAP_PMU,44
3,UPFC_tsh,5-15,-0.23356073788802256,9,MAP_PMU,44
4,UPFC_Vse,5-15,0.05491673161649276,9,MAP_PMU,44
5,UPFC_tse,5-15,-2.0958298764918957,9,MAP_PMU,44
0,x_tcsc,1-14,-0.153480140013914,0,MAP_PMU,45
1,B_svc,2,0.4518884324250757,0,MAP_PMU,45
2,UPFC_Vsh,5-15,1.11090773984403,0,MAP_PMU,45
3,UPFC_tsh,5-15,-0.23392423083649513,0,MAP_PMU,45
4,UPFC_Vse,5-15,0.05479064737882596,0,MAP_PMU,45
5,UPFC_tse,5-15,-2.099105342550735,0,MAP_PMU,45
0,x_tcsc,1-14,-0.1535089440851149,1,MAP_PMU,45
1,B_svc,2,0.45256907508027855,1,MAP_PMU,45
2,UPFC_Vsh,5-15,1.110756647630869,1,MAP_PMU,45
3,UPFC_tsh,5-15,-0.23394671410904952,1,MAP_PMU,45
4,UPFC_Vse,5-15,0.05515595628296826,1,MAP_PMU,45
5,UPFC_tse,5-15,-2.0958985492953235,1,MAP_PMU,45
0,x_tcsc,1-14,-0.15350274472288253,2,MAP_PMU,45
1,B_svc,2,0.452178426697287,2,MAP_PMU,45
2,UPFC_Vsh,5-15,1.1107978712714335,2,MAP_PMU,45
3,UPFC_tsh,5-15,-0.23394597280732043,2,MAP_PMU,45
4,UPFC_Vse,5-15,0.054476557141056724,2,MAP_PMU,45
5,UPFC_tse,5-15,-2.097114147871606,2,MAP_PMU,45
0,x_tcsc,1-14,-0.1534797408709773,3,MAP_PMU,45
1,B_svc,2,0.4522419821458534,3,MAP_PMU,45
2,UPFC_Vsh,5-15,1.1114813068356868,3,MAP_PMU,45
3,UPFC_tsh,5-15,-0.2339671171968713,3,MAP_PMU,45
4,UPFC_Vse,5-15,0.05489205678935998,3,MAP_PMU,45
5,UPFC_tse,5-15,-2.1004209857950165,3,MAP_PMU,45
0,x_tcsc,1-14,-0.1535153218832795,4,MAP_PMU,45
1,B_svc,2,0.45246862496069845,4,MAP_PMU,45
2,UPFC_Vsh,5-15,1.111110911914216,4,MAP_PMU,45
3,UPFC_tsh,5-15,-0.23395172125914865,4,MAP_PMU,45
4,UPFC_Vse,5-15,0.05497661638539635,4,MAP_PMU,45
5,UPFC_tse,5-15,-2.096796750666429,4,MAP_PMU,45
0,x_tcsc,1-14,-0.15349629959871938,5,MAP_PMU,45
1,B_svc,2,0.45244389734577206,5,MAP_PMU,45
2,UPFC_Vsh,5-15,1.1108929718260916,5,MAP_PMU,45
3,UPFC_tsh,5-15,-0.23396586630762958,5,MAP_PMU,45
4,UPFC_Vse,5-15,0.054585186475404064,5,MAP_PMU,45
5,UPFC_tse,5-15,-2.09822139731388,5,MAP_PMU,45
0,x_tcsc,1-14,-0.1534878366463513,6,MAP_PMU,45
1,B_svc,2,0.4521754785481829,6,MAP_PMU,45
2,UPFC_Vsh,5-15,1.1111442358108716,6,MAP_PMU,45
3,UPFC_tsh,5-15,-0.2339038719145974,6,MAP_PMU,45
4,UPFC_Vse,5-15,0.05456692456578986,6,MAP_PMU,45
5,UPFC_tse,5-15,-2.100055544943335,6,MAP_PMU,45
0,x_tcsc,1-14,-0.15346989397045824,7,MAP_PMU,45
1,B_svc,2,0.4521243581209268,7,MAP_PMU,45
2,UPFC_Vsh,5-15,1.1110646038985494,7,MAP_PMU,45
3,UPFC_tsh,5-15,-0.23396572846705643,7,MAP_PMU,45
4,UPFC_Vse,5-15,0.055115529353957894,7,MAP_PMU,45
5,UPFC_tse,5-15,-2.0996422754461523,7,MAP_PMU,45
0,x_tcsc,1-14,-0.15349036394593915,8,MAP_PMU,45
1,B_svc,2,0.4517459577408624,8,MAP_PMU,45
2,UPFC_Vsh,5-15,1.1107004370654718,8,MAP_PMU,45
3,UPFC_tsh,5-15,-0.23395198274408088,8,MAP_PMU,45
4,UPFC_Vse,5-15,0.05450028758438019,8,MAP_PMU,45
5,UPFC_tse,5-15,-2.0986845697612297,8,MAP_PMU,45
0,x_tcsc,1-14,-0.1534785260774571,9,MAP_PMU,45
1,B_svc,2,0.4520153431781207,9,MAP_PMU,45
2,UPFC_Vsh,5-15,1.1112349050806107,9,MAP_PMU,45
3,UPFC_tsh,5-15,-0.23393083322156077,9,MAP_PMU,45
4,UPFC_Vse,5-15,0.054837434442574134,9,MAP_PMU,45
5,UPFC_tse,5-15,-2.095868427172102,9,MAP_PMU,45
0,x_tcsc,1-14,-0.15429124760590598,0,MAP_PMU,46
1,B_svc,2,0.4611128151487098,0,MAP_PMU,46
2,UPFC_Vsh,5-15,1.110927528800735,0,MAP_PMU,46
3,UPFC_tsh,5-15,-0.23327370150551746,0,MAP_PMU,46
4,UPFC_Vse,5-15,0.05488008591741321,0,MAP_PMU,46
5,UPFC_tse,5-15,-2.0993768128535018,0,MAP_PMU,46
0,x_tcsc,1-14,-0.15432768638171618,1,MAP_PMU,46
1,B_svc,2,0.4617970977559835,1,MAP_PMU,46
2,UPFC_Vsh,5-15,1.1107749483156335,1,MAP_PMU,46
3,UPFC_tsh,5-15,-0.2332964353941131,1,MAP_PMU,46
4,UPFC_Vse,5-15,0.055245862920831904,1,MAP_PMU,46
5,UPFC_tse,5-15,-2.096173415587095,1,MAP_PMU,46
0,x_tcsc,1-14,-0.15431230067199356,2,MAP_PMU,46
1,B_svc,2,0.46138369154717207,2,MAP_PMU,46
2,UPFC_Vsh,5-15,1.1108185073712808,2,MAP_PMU,46
3,UPFC_tsh,5-15,-0.2332953264650559,2,MAP_PMU,46
4,UPFC_Vse,5-15,0.054565877656966535,2,MAP_PMU,46
5,UPFC_tse,5-15,-2.097395843767093,2,MAP_PMU,46
0,x_tcsc,1-14,-0.15429383033598473,3,MAP_PMU,46
1,B_svc,2,0.4614365463582138,3,MAP_PMU,46
2,UPFC_Vsh,5-15,1.1115025132616583,3,MAP_PMU,46
3,UPFC_tsh,5-15,-0.23331622951724845,3,MAP_PMU,46
4,UPFC_Vse,5-15,0.05498118371722726,3,MAP_PMU,46
5,UPFC_tse,5-15,-2.100698946832349,3,MAP_PMU,46
0,x_tcsc,1-14,-0.15432670617357513,4,MAP_PMU,46
1,B_svc,2,0.4616934805301658,4,MAP_PMU,46
2,UPFC_Vsh,5-15,1.1111306739650633,4,MAP_PMU,46
3,UPFC_tsh,5-15,-0.2333012093271206,4,MAP_PMU,46
4,UPFC_Vse,5-15,0.055065775568167934,4,MAP_PMU,46
5,UPFC_tse,5-15,-2.0970630956804595,4,MAP_PMU,46
0,x_tcsc,1-14,-0.1543050202507417,5,MAP_PMU,46
1,B_svc,2,0.46165633386491484,5,MAP_PMU,46
2,UPFC_Vsh,5-15,1.1109137313180342,5,MAP_PMU,46
3,UPFC_tsh,5-15,-0.23331498789617008,5,MAP_PMU,46
4,UPFC_Vse,5-15,0.054674056461813066,5,MAP_PMU,46
5,UPFC_tse,5-15,-2.098506341957645,5,MAP_PMU,46
0,x_tcsc,1-14,-0.15431123234908198,6,MAP_PMU,46
1,B_svc,2,0.4613840582008068,6,MAP_PMU,46
2,UPFC_Vsh,5-15,1.1111617800744538,6,MAP_PMU,46
3,UPFC_tsh,5-15,-0.23325380071181145,6,MAP_PMU,46
4,UPFC_Vse,5-15,0.05465732225419667,6,MAP_PMU,46
5,UPFC_tse,5-15,-2.1003342171167874,6,MAP_PMU,46
0,x_tcsc,1-14,-0.15430611071916184,7,MAP_PMU,46
1,B_svc,2,0.46134048824696827,7,MAP_PMU,46
2,UPFC_Vsh,5-15,1.1110813451439885,7,MAP_PMU,46
3,UPFC_tsh,5-15,-0.23331594889955581,7,MAP_PMU,46
4,UPFC_Vse,5-15,0.05520729005355506,7,MAP_PMU,46
5,UPFC_tse,5-15,-2.0998949222734717,7,MAP_PMU,46
0,x_tcsc,1-14,-0.15431171357272347,8,MAP_PMU,46
1,B_svc,2,0.4609872573438626,8,MAP_PMU,46
2,UPFC_Vsh,5-15,1.110717983063686,8,MAP_PMU,46
3,UPFC_tsh,5-15,-0.2333019941319859,8,MAP_PMU,46
4,UPFC_Vse,5-15,0.05459049529837244,8,MAP_PMU,46
5,UPFC_tse,5-15,-2.098965512245953,8,MAP_PMU,46
0,x_tcsc,1-14,-0.1542972023087272,9,MAP_PMU,46
1,B_svc,2,0.4612460786269127,9,MAP_PMU,46
2,UPFC_Vsh,5-15,1.1112518628747103,9,MAP_PMU,46
3,UPFC_tsh,5-15,-0.23328111353977057,9,MAP_PMU,46
4,UPFC_Vse,5-15,0.054928009686223016,9,MAP_PMU,46
5,UPFC_tse,5-15,-2.096145536643863,9,MAP_PMU,46
0,x_tcsc,1-14,-0.15376981763536277,0,MAP_PMU,47
1,B_svc,2,0.4550331510660924,0,MAP_PMU,47
2,UPFC_Vsh,5-15,1.1109108365717975,0,MAP_PMU,47
3,UPFC_tsh,5-15,-0.23358631924236664,0,MAP_PMU,47
4,UPFC_Vse,5-15,0.054896210607058626,0,MAP_PMU,47
5,UPFC_tse,5-15,-2.099435972293614,0,MAP_PMU,47
0,x_tcsc,1-14,-0.15380131957977636,1,MAP_PMU,47
1,B_svc,2,0.455715306248837,1,MAP_PMU,47
2,UPFC_Vsh,5-15,1.110759365780903,1,MAP_PMU,47
3,UPFC_tsh,5-15,-0.23360892433458436,1,MAP_PMU,47
4,UPFC_Vse,5-15,0.05526171379346924,1,MAP_PMU,47
5,UPFC_tse,5-15,-2.0962350891733146,1,MAP_PMU,47
0,x_tcsc,1-14,-0.1537919017669541,2,MAP_PMU,47
1,B_svc,2,0.4553164075828921,2,MAP_PMU,47
2,UPFC_Vsh,5-15,1.1108014284082597,2,MAP_PMU,47
3,UPFC_tsh,5-15,-0.2336080218155927,2,MAP_PMU,47
4,UPFC_Vse,5-15,0.054582285022745244,2,MAP_PMU,47
5,UPFC_tse,5-15,-2.09745582961855,2,MAP_PMU,47
0,x_tcsc,1-14,-0.15377058735953963,3,MAP_PMU,47
1,B_svc,2,0.45537595452930557,3,MAP_PMU,47
2,UPFC_Vsh,5-15,1.1114853425017,3,MAP_PMU,47
3,UPFC_tsh,5-15,-0.23362912327696253,3,MAP_PMU,47
4,UPFC_Vse,5-15,0.054997584183819476,3,MAP_PMU,47
5,UPFC_tse,5-15,-2.100761250657176,3,MAP_PMU,47
0,x_tcsc,1-14,-0.15380507977642208,4,MAP_PMU,47
1,B_svc,2,0.45561356013485615,4,MAP_PMU,47
2,UPFC_Vsh,5-15,1.1111141128065882,4,MAP_PMU,47
3,UPFC_tsh,5-15,-0.23361379272870286,4,MAP_PMU,47
4,UPFC_Vse,5-15,0.05508191848342651,4,MAP_PMU,47
5,UPFC_tse,5-15,-2.0971230018191607,4,MAP_PMU,47
0,x_tcsc,1-14,-0.15378522568179004,5,MAP_PMU,47
1,B_svc,2,0.45558410214276757,5,MAP_PMU,47
2,UPFC_Vsh,5-15,1.1108965662007932,5,MAP_PMU,47
3,UPFC_tsh,5-15,-0.23362779142408815,5,MAP_PMU,47
4,UPFC_Vse,5-15,0.054690625670482745,5,MAP_PMU,47
5,UPFC_tse,5-15,-2.0985647316849803,5,MAP_PMU,47
0,x_tcsc,1-14,-0.15378183669762052,6,MAP_PMU,47
1,B_svc,2,0.4553149023793903,6,MAP_PMU,47
2,UPFC_Vsh,5-15,1.1111470011617959,6,MAP_PMU,47
3,UPFC_tsh,5-15,-0.23356609085120242,6,MAP_PMU,47
4,UPFC_Vse,5-15,0.05467279252532977,6,MAP_PMU,47
5,UPFC_tse,5-15,-2.100390766193036,6,MAP_PMU,47
0,x_tcsc,1-14,-0.15376851041787473,7,MAP_PMU,47
1,B_svc,2,0.45526645192340376,7,MAP_PMU,47
2,UPFC_Vsh,5-15,1.1110671439332949,7,MAP_PMU,47
3,UPFC_tsh,5-15,-0.23362807055846183,7,MAP_PMU,47
4,UPFC_Vse,5-15,0.05522212738632669,7,MAP_PMU,47
5,UPFC_tse,5-15,-2.0999648763037584,7,MAP_PMU,47
0,x_tcsc,1-14,-0.15378368121726166,8,MAP_PMU,47
1,B_svc,2,0.45489639640104645,8,MAP_PMU,47
2,UPFC_Vsh,5-15,1.1107030720916267,8,MAP_PMU,47
3,UPFC_tsh,5-15,-0.23361424877558742,8,MAP_PMU,47
4,UPFC_Vse,5-15,0.05460587668042609,8,MAP_PMU,47
5,UPFC_tse,5-15,-2.0990235960273864,8,MAP_PMU,47
0,x_tcsc,1-14,-0.15377086151137026,9,MAP_PMU,47
1,B_svc,2,0.4551624146319878,9,MAP_PMU,47
2,UPFC_Vsh,5-15,1.1112371724931058,9,MAP_PMU,47
3,UPFC_tsh,5-15,-0.2335931563181107,9,MAP_PMU,47
4,UPFC_Vse,5-15,0.05494315682236256,9,MAP_PMU,47
5,UPFC_tse,5-15,-2.0962035303628,9,MAP_PMU,47
0,x_tcsc,1-14,-0.1537747045616633,0,MAP_PMU,48
1,B_svc,2,0.45535346110342423,0,MAP_PMU,48
2,UPFC_Vsh,5-15,1.1109016044216864,0,MAP_PMU,48
3,UPFC_tsh,5-15,-0.233518143682025,0,MAP_PMU,48
4,UPFC_Vse,5-15,0.05490391921144218,0,MAP_PMU,48
5,UPFC_tse,5-15,-2.098708851992518,0,MAP_PMU,48
0,x_tcsc,1-14,-0.15380632632079322,1,MAP_PMU,48
1,B_svc,2,0.45603514831810854,1,MAP_PMU,48
2,UPFC_Vsh,5-15,1.1107499412218391,1,MAP_PMU,48
3,UPFC_tsh,5-15,-0.2335407680563237,1,MAP_PMU,48
4,UPFC_Vse,5-15,0.0552695192389426,1,MAP_PMU,48
5,UPFC_tse,5-15,-2.095513389414023,1,MAP_PMU,48
0,x_tcsc,1-14,-0.1537967481162423,2,MAP_PMU,48
1,B_svc,2,0.45563632903265844,2,MAP_PMU,48
2,UPFC_Vsh,5-15,1.1107919023249788,2,MAP_PMU,48
3,UPFC_tsh,5-15,-0.23353987179935012,2,MAP_PMU,48
4,UPFC_Vse,5-15,0.054590069154397874,2,MAP_PMU,48
5,UPFC_tse,5-15,-2.096723327230931,2,MAP_PMU,48
0,x_tcsc,1-14,-0.15377538137142013,3,MAP_PMU,48
1,B_svc,2,0.45569602054174513,3,MAP_PMU,48
2,UPFC_Vsh,5-15,1.111475270104627,3,MAP_PMU,48
3,UPFC_tsh,5-15,-0.233560923029094,3,MAP_PMU,48
4,UPFC_Vse,5-15,0.05500549690008135,3,MAP_PMU,48
5,UPFC_tse,5-15,-2.1000274445958604,3,MAP_PMU,48
0,x_tcsc,1-14,-0.15381000436444398,4,MAP_PMU,48
1,B_svc,2,0.45593369572946696,4,MAP_PMU,48
2,UPFC_Vsh,5-15,1.1111047942058965,4,MAP_PMU,48
3,UPFC_tsh,5-15,-0.2335456403166857,4,MAP_PMU,48
4,UPFC_Vse,5-15,0.055089665676040955,4,MAP_PMU,48
5,UPFC_tse,5-15,-2.096399993172292,4,MAP_PMU,48
0,x_tcsc,1-14,-0.1537899630690425,5,MAP_PMU,48
1,B_svc,2,0.4559046708862508,5,MAP_PMU,48
2,UPFC_Vsh,5-15,1.1108870603182814,5,MAP_PMU,48
3,UPFC_tsh,5-15,-0.23355956464040073,5,MAP_PMU,48
4,UPFC_Vse,5-15,0.05469830491599414,5,MAP_PMU,48
5,UPFC_tse,5-15,-2.0978282228392398,5,MAP_PMU,48
0,x_tcsc,1-14,-0.15378689392986142,6,MAP_PMU,48
1,B_svc,2,0.4556344885737238,6,MAP_PMU,48
2,UPFC_Vsh,5-15,1.1111371615486132,6,MAP_PMU,48
3,UPFC_tsh,5-15,-0.23349806220666447,6,MAP_PMU,48
4,UPFC_Vse,5-15,0.05468076985774136,6,MAP_PMU,48
5,UPFC_tse,5-15,-2.099668414997129,6,MAP_PMU,48
0,x_tcsc,1-14,-0.15377354940789076,7,MAP_PMU,48
1,B_svc,2,0.45558619290580343,7,MAP_PMU,48
2,UPFC_Vsh,5-15,1.111057260545674,7,MAP_PMU,48
3,UPFC_tsh,5-15,-0.23355984110024808,7,MAP_PMU,48
4,UPFC_Vse,5-15,0.05522953600921507,7,MAP_PMU,48
5,UPFC_tse,5-15,-2.099241746782336,7,MAP_PMU,48
0,x_tcsc,1-14,-0.1537886131430579,8,MAP_PMU,48
1,B_svc,2,0.4552174301471919,8,MAP_PMU,48
2,UPFC_Vsh,5-15,1.110693846910759,8,MAP_PMU,48
3,UPFC_tsh,5-15,-0.23354603718734984,8,MAP_PMU,48
4,UPFC_Vse,5-15,0.05461357043206746,8,MAP_PMU,48
5,UPFC_tse,5-15,-2.098290054060676,8,MAP_PMU,48
0,x_tcsc,1-14,-0.15377584154894985,9,MAP_PMU,48
1,B_svc,2,0.4554826360726494,9,MAP_PMU,48
2,UPFC_Vsh,5-15,1.111228010493015,9,MAP_PMU,48
3,UPFC_tsh,5-15,-0.2335249922907766,9,MAP_PMU,48
4,UPFC_Vse,5-15,0.054950940269601636,9,MAP_PMU,48
5,UPFC_tse,5-15,-2.095477530016785,9,MAP_PMU,48
0,x_tcsc,1-14,-0.15364808060599855,0,MAP_PMU,49
1,B_svc,2,0.45376542952443605,0,MAP_PMU,49
2,UPFC_Vsh,5-15,1.1108737802156587,0,MAP_PMU,49
3,UPFC_tsh,5-15,-0.23362102570386575,0,MAP_PMU,49
4,UPFC_Vse,5-15,0.05491621061450245,0,MAP_PMU,49
5,UPFC_tse,5-15,-2.0990820244041535,0,MAP_PMU,49
0,x_tcsc,1-14,-0.153678487072175,1,MAP_PMU,49
1,B_svc,2,0.4544465807988718,1,MAP_PMU,49
2,UPFC_Vsh,5-15,1.1107225361918107,1,MAP_PMU,49
3,UPFC_tsh,5-15,-0.2336436690393389,1,MAP_PMU,49
4,UPFC_Vse,5-15,0.05528175114890963,1,MAP_PMU,49
5,UPFC_tse,5-15,-2.0958846351935048,1,MAP_PMU,49
0,x_tcsc,1-14,-0.15367041407355117,2,MAP_PMU,49
1,B_svc,2,0.4540512413293041,2,MAP_PMU,49
2,UPFC_Vsh,5-15,1.1107642222371534,2,MAP_PMU,49
3,UPFC_tsh,5-15,-0.23364281792700126,2,MAP_PMU,49
4,UPFC_Vse,5-15,0.05460245220960948,2,MAP_PMU,49
5,UPFC_tse,5-15,-2.0971004269580416,2,MAP_PMU,49
0,x_tcsc,1-14,-0.1536484088855204,3,MAP_PMU,49
1,B_svc,2,0.4541122261805752,3,MAP_PMU,49
2,UPFC_Vsh,5-15,1.1114476760096905,3,MAP_PMU,49
3,UPFC_tsh,5-15,-0.23366394768376175,3,MAP_PMU,49
4,UPFC_Vse,5-15,0.05501784564727569,3,MAP_PMU,49
5,UPFC_tse,5-15,-2.100407247036484,3,MAP_PMU,49
0,x_tcsc,1-14,-0.15368333093618833,4,MAP_PMU,49
1,B_svc,2,0.45434560770740595,4,MAP_PMU,49
2,UPFC_Vsh,5-15,1.1110772512073823,4,MAP_PMU,49
3,UPFC_tsh,5-15,-0.23364853140040284,4,MAP_PMU,49
4,UPFC_Vse,5-15,0.055101925880483266,4,MAP_PMU,49
5,UPFC_tse,5-15,-2.096770759179161,4,MAP_PMU,49
0,x_tcsc,1-14,-0.15366381891534167,5,MAP_PMU,49
1,B_svc,2,0.4543179796735413,5,MAP_PMU,49
2,UPFC_Vsh,5-15,1.1108594284795108,5,MAP_PMU,49
3,UPFC_tsh,5-15,-0.23366254008731543,5,MAP_PMU,49
4,UPFC_Vse,5-15,0.05471074048596483,5,MAP_PMU,49
5,UPFC_tse,5-15,-2.0982080382776296,5,MAP_PMU,49
0,x_tcsc,1-14,-0.15365829369662617,6,MAP_PMU,49
1,B_svc,2,0.45404923379108764,6,MAP_PMU,49
2,UPFC_Vsh,5-15,1.1111101197662412,6,MAP_PMU,49
3,UPFC_tsh,5-15,-0.23360081132322988,6,MAP_PMU,49
4,UPFC_Vse,5-15,0.054692750587866705,6,MAP_PMU,49
5,UPFC_tse,5-15,-2.100036192697966,6,MAP_PMU,49
0,x_tcsc,1-14,-0.15364301408153191,7,MAP_PMU,49
1,B_svc,2,0.4539994895151152,7,MAP_PMU,49
2,UPFC_Vsh,5-15,1.111030153857464,7,MAP_PMU,49
3,UPFC_tsh,5-15,-0.23366267437911256,7,MAP_PMU,49
4,UPFC_Vse,5-15,0.05524176972465957,7,MAP_PMU,49
5,UPFC_tse,5-15,-2.0996181083040804,7,MAP_PMU,49
0,x_tcsc,1-14,-0.15366042789827639,8,MAP_PMU,49
1,B_svc,2,0.4536260694537373,8,MAP_PMU,49
2,UPFC_Vsh,5-15,1.1106668187268036,8,MAP_PMU,49
3,UPFC_tsh,5-15,-0.23364885466686963,8,MAP_PMU,49
4,UPFC_Vse,5-15,0.05462559410930838,8,MAP_PMU,49
5,UPFC_tse,5-15,-2.098666177985554,8,MAP_PMU,49
0,x_tcsc,1-14,-0.15364801618443416,9,MAP_PMU,49
1,B_svc,2,0.4538934746805905,9,MAP_PMU,49
2,UPFC_Vsh,5-15,1.1112008601266332,9,MAP_PMU,49
3,UPFC_tsh,5-15,-0.23362774474151654,9,MAP_PMU,49
4,UPFC_Vse,5-15,0.05496292392553055,9,MAP_PMU,49
5,UPFC_tse,5-15,-2.095848748200189,9,MAP_PMU,49
0,x_tcsc,1-14,-0.1539127133411723,0,MAP_PMU,50
1,B_svc,2,0.4566942508234135,0,MAP_PMU,50
2,UPFC_Vsh,5-15,1.1108977060120806,0,MAP_PMU,50
3,UPFC_tsh,5-15,-0.2333424334981903,0,MAP_PMU,50
4,UPFC_Vse,5-15,0.054970197192887114,0,MAP_PMU,50
5,UPFC_tse,5-15,-2.099182465201808,0,MAP_PMU,50
0,x_tcsc,1-14,-0.15394557327143785,1,MAP_PMU,50
1,B_svc,2,0.4573769221080468,1,MAP_PMU,50
2,UPFC_Vsh,5-15,1.1107459610721486,1,MAP_PMU,50
3,UPFC_tsh,5-15,-0.23336511659096204,1,MAP_PMU,50
4,UPFC_Vse,5-15,0.05533582379984102,1,MAP_PMU,50
5,UPFC_tse,5-15,-2.095989296662875,1,MAP_PMU,50
0,x_tcsc,1-14,-0.15393453876977478,2,MAP_PMU,50
1,B_svc,2,0.45697399420566587,2,MAP_PMU,50
2,UPFC_Vsh,5-15,1.110788422645356,2,MAP_PMU,50
3,UPFC_tsh,5-15,-0.23336414960489846,2,MAP_PMU,50
4,UPFC_Vse,5-15,0.05465641524241159,2,MAP_PMU,50
5,UPFC_tse,5-15,-2.097207194998498,2,MAP_PMU,50
0,x_tcsc,1-14,-0.1539140760289183,3,MAP_PMU,50
1,B_svc,2,0.4570314395293169,3,MAP_PMU,50
2,UPFC_Vsh,5-15,1.111472416785048,3,MAP_PMU,50
3,UPFC_tsh,5-15,-0.23338521170787388,3,MAP_PMU,50
4,UPFC_Vse,5-15,0.05507163620280216,3,MAP_PMU,50
5,UPFC_tse,5-15,-2.100512690839283,3,MAP_PMU,50
0,x_tcsc,1-14,-0.15394802243838535,4,MAP_PMU,50
1,B_svc,2,0.45727466347577267,4,MAP_PMU,50
2,UPFC_Vsh,5-15,1.1111011002403797,4,MAP_PMU,50
3,UPFC_tsh,5-15,-0.23336991648698083,4,MAP_PMU,50
4,UPFC_Vse,5-15,0.05515574977206746,4,MAP_PMU,50
5,UPFC_tse,5-15,-2.096869415857162,4,MAP_PMU,50
0,x_tcsc,1-14,-0.15392774256978173,5,MAP_PMU,50
1,B_svc,2,0.4572429284979822,5,MAP_PMU,50
2,UPFC_Vsh,5-15,1.1108836785087493,5,MAP_PMU,50
3,UPFC_tsh,5-15,-0.2333838099423223,5,MAP_PMU,50
4,UPFC_Vse,5-15,0.054764533793819875,5,MAP_PMU,50
5,UPFC_tse,5-15,-2.098315191132471,5,MAP_PMU,50
0,x_tcsc,1-14,-0.15392687684812434,6,MAP_PMU,50
1,B_svc,2,0.4569730680293767,6,MAP_PMU,50
2,UPFC_Vsh,5-15,1.1111337223809812,6,MAP_PMU,50
3,UPFC_tsh,5-15,-0.2333223471149059,6,MAP_PMU,50
4,UPFC_Vse,5-15,0.054746969310364345,6,MAP_PMU,50
5,UPFC_tse,5-15,-2.1001411547657325,6,MAP_PMU,50
0,x_tcsc,1-14,-0.1539157930821982,7,MAP_PMU,50
1,B_svc,2,0.4569258449764885,7,MAP_PMU,50
2,UPFC_Vsh,5-15,1.1110538608286082,7,MAP_PMU,50
3,UPFC_tsh,5-15,-0.23338428568513658,7,MAP_PMU,50
4,UPFC_Vse,5-15,0.055296425228338913,7,MAP_PMU,50
5,UPFC_tse,5-15,-2.0997120302093957,7,MAP_PMU,50
0,x_tcsc,1-14,-0.15392833635330533,8,MAP_PMU,50
1,B_svc,2,0.4565604351528712,8,MAP_PMU,50
2,UPFC_Vsh,5-15,1.1106901856754567,8,MAP_PMU,50
3,UPFC_tsh,5-15,-0.2333704030982749,8,MAP_PMU,50
4,UPFC_Vse,5-15,0.05467971727919222,8,MAP_PMU,50
5,UPFC_tse,5-15,-2.0987717732332904,8,MAP_PMU,50
0,x_tcsc,1-14,-0.1539150540295405,9,MAP_PMU,50
1,B_svc,2,0.4568245628328559,9,MAP_PMU,50
2,UPFC_Vsh,5-15,1.111223923189508,9,MAP_PMU,50
3,UPFC_tsh,5-15,-0.2333493768325435,9,MAP_PMU,50
4,UPFC_Vse,5-15,0.05501716101513022,9,MAP_PMU,50
5,UPFC_tse,5-15,-2.0959525753113923,9,MAP_PMU,50
0,x_tcsc,1-14,-0.15430609853339636,0,MAP_PMU,51
1,B_svc,2,0.4614046421928813,0,MAP_PMU,51
2,UPFC_Vsh,5-15,1.1109176105303997,0,MAP_PMU,51
3,UPFC_tsh,5-15,-0.23282315281522808,0,MAP_PMU,51
4,UPFC_Vse,5-15,0.055129933185075565,0,MAP_PMU,51
5,UPFC_tse,5-15,-2.097940934222033,0,MAP_PMU,51
0,x_tcsc,1-14,-0.15434270703622852,1,MAP_PMU,51
1,B_svc,2,0.46208881761533804,1,MAP_PMU,51
2,UPFC_Vsh,5-15,1.110764892549862,1,MAP_PMU,51
3,UPFC_tsh,5-15,-0.23284597196054718,1,MAP_PMU,51
4,UPFC_Vse,5-15,0.05549605616720352,1,MAP_PMU,51
5,UPFC_tse,5-15,-2.0947672619686206,1,MAP_PMU,51
0,x_tcsc,1-14,-0.15432712453116917,2,MAP_PMU,51
1,B_svc,2,0.46167498989803013,2,MAP_PMU,51
2,UPFC_Vsh,5-15,1.1108084591934453,2,MAP_PMU,51
3,UPFC_tsh,5-15,-0.23284478853331297,2,MAP_PMU,51
4,UPFC_Vse,5-15,0.05481647030482911,2,MAP_PMU,51
5,UPFC_tse,5-15,-2.095966356087289,2,MAP_PMU,51
0,x_tcsc,1-14,-0.15430877922874064,3,MAP_PMU,51
1,B_svc,2,0.4617275102060333,3,MAP_PMU,51
2,UPFC_Vsh,5-15,1.1114924426551198,3,MAP_PMU,51
3,UPFC_tsh,5-15,-0.23286571670451103,3,MAP_PMU,51
4,UPFC_Vse,5-15,0.0552317912488064,3,MAP_PMU,51
5,UPFC_tse,5-15,-2.09926980443919,3,MAP_PMU,51
0,x_tcsc,1-14,-0.1543415661540338,4,MAP_PMU,51
1,B_svc,2,0.46198519646583386,4,MAP_PMU,51
2,UPFC_Vsh,5-15,1.111120695597342,4,MAP_PMU,51
3,UPFC_tsh,5-15,-0.23285061397985174,4,MAP_PMU,51
4,UPFC_Vse,5-15,0.05531531264033708,4,MAP_PMU,51
5,UPFC_tse,5-15,-2.0956324529883084,4,MAP_PMU,51
0,x_tcsc,1-14,-0.1543198286940082,5,MAP_PMU,51
1,B_svc,2,0.4619480765909047,5,MAP_PMU,51
2,UPFC_Vsh,5-15,1.1109037281487315,5,MAP_PMU,51
3,UPFC_tsh,5-15,-0.232864209314398,5,MAP_PMU,51
4,UPFC_Vse,5-15,0.05492409287646403,5,MAP_PMU,51
5,UPFC_tse,5-15,-2.097070985377179,5,MAP_PMU,51
0,x_tcsc,1-14,-0.15432632211029954,6,MAP_PMU,51
1,B_svc,2,0.46167518323557516,6,MAP_PMU,51
2,UPFC_Vsh,5-15,1.1111519364013847,6,MAP_PMU,51
3,UPFC_tsh,5-15,-0.23280344417664925,6,MAP_PMU,51
4,UPFC_Vse,5-15,0.054907734610548535,6,MAP_PMU,51
5,UPFC_tse,5-15,-2.098912945244834,6,MAP_PMU,51
0,x_tcsc,1-14,-0.1543213581163103,7,MAP_PMU,51
1,B_svc,2,0.46163184254018325,7,MAP_PMU,51
2,UPFC_Vsh,5-15,1.111071696903438,7,MAP_PMU,51
3,UPFC_tsh,5-15,-0.23286524100033057,7,MAP_PMU,51
4,UPFC_Vse,5-15,0.055457056820508485,7,MAP_PMU,51
5,UPFC_tse,5-15,-2.0984692787550228,7,MAP_PMU,51
0,x_tcsc,1-14,-0.1543266599584169,8,MAP_PMU,51
1,B_svc,2,0.46127974138074584,8,MAP_PMU,51
2,UPFC_Vsh,5-15,1.1107086623359712,8,MAP_PMU,51
3,UPFC_tsh,5-15,-0.23285134950677694,8,MAP_PMU,51
4,UPFC_Vse,5-15,0.05483969909926746,8,MAP_PMU,51
5,UPFC_tse,5-15,-2.097529790083064,8,MAP_PMU,51
0,x_tcsc,1-14,-0.15431213841915012,9,MAP_PMU,51
1,B_svc,2,0.4615380406260357,9,MAP_PMU,51
2,UPFC_Vsh,5-15,1.1112422372222228,9,MAP_PMU,51
3,UPFC_tsh,5-15,-0.2328304321872866,9,MAP_PMU,51
4,UPFC_Vse,5-15,0.055177434472680066,9,MAP_PMU,51
5,UPFC_tse,5-15,-2.094719739050275,9,MAP_PMU,51
0,x_tcsc,1-14,-0.15473723324425634,0,MAP_PMU,52
1,B_svc,2,0.4667388080375684,0,MAP_PMU,52
2,UPFC_Vsh,5-15,1.1109005214700012,0,MAP_PMU,52
3,UPFC_tsh,5-15,-0.23252412088950847,0,MAP_PMU,52
4,UPFC_Vse,5-15,0.05512502085612157,0,MAP_PMU,52
5,UPFC_tse,5-15,-2.0977313897397467,0,MAP_PMU,52
0,x_tcsc,1-14,-0.15477800960686022,1,MAP_PMU,52
1,B_svc,2,0.46742395726743574,1,MAP_PMU,52
2,UPFC_Vsh,5-15,1.1107467480574917,1,MAP_PMU,52
3,UPFC_tsh,5-15,-0.23254713343281289,1,MAP_PMU,52
4,UPFC_Vse,5-15,0.05549144061514636,1,MAP_PMU,52
5,UPFC_tse,5-15,-2.0945578760017787,1,MAP_PMU,52
0,x_tcsc,1-14,-0.15475738718434567,2,MAP_PMU,52
1,B_svc,2,0.4669984566233098,2,MAP_PMU,52
2,UPFC_Vsh,5-15,1.1107915490709797,2,MAP_PMU,52
3,UPFC_tsh,5-15,-0.23254576089784984,2,MAP_PMU,52
4,UPFC_Vse,5-15,0.05481140828026967,2,MAP_PMU,52
5,UPFC_tse,5-15,-2.09575535017879,2,MAP_PMU,52
0,x_tcsc,1-14,-0.15474129102942247,3,MAP_PMU,52
1,B_svc,2,0.46704542871262894,3,MAP_PMU,52
2,UPFC_Vsh,5-15,1.1114749395782144,3,MAP_PMU,52
3,UPFC_tsh,5-15,-0.23256649650001554,3,MAP_PMU,52
4,UPFC_Vse,5-15,0.055226721261208256,3,MAP_PMU,52
5,UPFC_tse,5-15,-2.099054633357907,3,MAP_PMU,52
0,x_tcsc,1-14,-0.15477292425625144,4,MAP_PMU,52
1,B_svc,2,0.46731932981909174,4,MAP_PMU,52
2,UPFC_Vsh,5-15,1.1111035866495214,4,MAP_PMU,52
3,UPFC_tsh,5-15,-0.23255165546563433,4,MAP_PMU,52
4,UPFC_Vse,5-15,0.05531037554482508,4,MAP_PMU,52
5,UPFC_tse,5-15,-2.0954224854313863,4,MAP_PMU,52
0,x_tcsc,1-14,-0.15474945159022055,5,MAP_PMU,52
1,B_svc,2,0.46727619463393716,5,MAP_PMU,52
2,UPFC_Vsh,5-15,1.1108870109075928,5,MAP_PMU,52
3,UPFC_tsh,5-15,-0.23256498451292112,5,MAP_PMU,52
4,UPFC_Vse,5-15,0.05491874596204065,5,MAP_PMU,52
5,UPFC_tse,5-15,-2.0968579775021623,5,MAP_PMU,52
0,x_tcsc,1-14,-0.154764182777781,6,MAP_PMU,52
1,B_svc,2,0.46699982502801557,6,MAP_PMU,52
2,UPFC_Vsh,5-15,1.1111324362046784,6,MAP_PMU,52
3,UPFC_tsh,5-15,-0.23250482873670925,6,MAP_PMU,52
4,UPFC_Vse,5-15,0.05490353597794958,6,MAP_PMU,52
5,UPFC_tse,5-15,-2.0987101762602944,6,MAP_PMU,52
0,x_tcsc,1-14,-0.15476592815052295,7,MAP_PMU,52
1,B_svc,2,0.46696033840382206,7,MAP_PMU,52
2,UPFC_Vsh,5-15,1.1110512345133972,7,MAP_PMU,52
3,UPFC_tsh,5-15,-0.2325666390948544,7,MAP_PMU,52
4,UPFC_Vse,5-15,0.05545315941784507,7,MAP_PMU,52
5,UPFC_tse,5-15,-2.0982520172516637,7,MAP_PMU,52
0,x_tcsc,1-14,-0.1547633222641241,8,MAP_PMU,52
1,B_svc,2,0.4666233216841303,8,MAP_PMU,52
2,UPFC_Vsh,5-15,1.1106900717019033,8,MAP_PMU,52
3,UPFC_tsh,5-15,-0.23255261073561106,8,MAP_PMU,52
4,UPFC_Vse,5-15,0.054835365993915225,8,MAP_PMU,52
5,UPFC_tse,5-15,-2.0973176715463033,8,MAP_PMU,52
0,x_tcsc,1-14,-0.15474742386602253,9,MAP_PMU,52
1,B_svc,2,0.46687501934753184,9,MAP_PMU,52
2,UPFC_Vsh,5-15,1.111223538848281,9,MAP_PMU,52
3,UPFC_tsh,5-15,-0.23253189692520576,9,MAP_PMU,52
4,UPFC_Vse,5-15,0.05517331800366741,9,MAP_PMU,52
5,UPFC_tse,5-15,-2.094512148972264,9,MAP_PMU,52
0,x_tcsc,1-14,-0.15443480103013404,0,MAP_PMU,53
1,B_svc,2,0.46298925120062295,0,MAP_PMU,53
2,UPFC_Vsh,5-15,1.1109018761012064,0,MAP_PMU,53
3,UPFC_tsh,5-15,-0.23294979999628543,0,MAP_PMU,53
4,UPFC_Vse,5-15,0.05499733790905419,0,MAP_PMU,53
5,UPFC_tse,5-15,-2.0983835605456247,0,MAP_PMU,53
0,x_tcsc,1-14,-0.154472660709683,1,MAP_PMU,53
1,B_svc,2,0.4636736160327542,1,MAP_PMU,53
2,UPFC_Vsh,5-15,1.1107488824901663,1,MAP_PMU,53
3,UPFC_tsh,5-15,-0.2329726533371777,1,MAP_PMU,53
4,UPFC_Vse,5-15,0.05536341898866084,1,MAP_PMU,53
5,UPFC_tse,5-15,-2.095195435661956,1,MAP_PMU,53
0,x_tcsc,1-14,-0.15445557281534603,2,MAP_PMU,53
1,B_svc,2,0.4632563533813332,2,MAP_PMU,53
2,UPFC_Vsh,5-15,1.1107928125012896,2,MAP_PMU,53
3,UPFC_tsh,5-15,-0.23297146545394748,2,MAP_PMU,53
4,UPFC_Vse,5-15,0.054683469455975284,2,MAP_PMU,53
5,UPFC_tse,5-15,-2.0964036818772604,2,MAP_PMU,53
0,x_tcsc,1-14,-0.15443788577103848,3,MAP_PMU,53
1,B_svc,2,0.46330719969461076,3,MAP_PMU,53
2,UPFC_Vsh,5-15,1.1114764683483676,3,MAP_PMU,53
3,UPFC_tsh,5-15,-0.23299230679085944,3,MAP_PMU,53
4,UPFC_Vse,5-15,0.055098863672342284,3,MAP_PMU,53
5,UPFC_tse,5-15,-2.099706741407374,3,MAP_PMU,53
0,x_tcsc,1-14,-0.1544703420204573,4,MAP_PMU,53
1,B_svc,2,0.4635697819976236,4,MAP_PMU,53
2,UPFC_Vsh,5-15,1.1111050829336502,4,MAP_PMU,53
3,UPFC_tsh,5-15,-0.2329773292636289,4,MAP_PMU,53
4,UPFC_Vse,5-15,0.055182885665099976,4,MAP_PMU,53
5,UPFC_tse,5-15,-2.0960735330828526,4,MAP_PMU,53
0,x_tcsc,1-14,-0.15444807833689853,5,MAP_PMU,53
1,B_svc,2,0.46353070355046644,5,MAP_PMU,53
2,UPFC_Vsh,5-15,1.1108881738496978,5,MAP_PMU,53
3,UPFC_tsh,5-15,-0.23299093045988678,5,MAP_PMU,53
4,UPFC_Vse,5-15,0.05479127985402878,5,MAP_PMU,53
5,UPFC_tse,5-15,-2.097510635475394,5,MAP_PMU,53
0,x_tcsc,1-14,-0.15445703069085515,6,MAP_PMU,53
1,B_svc,2,0.4632570176687257,6,MAP_PMU,53
2,UPFC_Vsh,5-15,1.1111354317119637,6,MAP_PMU,53
3,UPFC_tsh,5-15,-0.23293015815531223,6,MAP_PMU,53
4,UPFC_Vse,5-15,0.0547750984783413,6,MAP_PMU,53
5,UPFC_tse,5-15,-2.0993487857689774,6,MAP_PMU,53
0,x_tcsc,1-14,-0.1544540942721319,7,MAP_PMU,53
1,B_svc,2,0.46321470010610516,7,MAP_PMU,53
2,UPFC_Vsh,5-15,1.1110547942618305,7,MAP_PMU,53
3,UPFC_tsh,5-15,-0.23299211033707184,7,MAP_PMU,53
4,UPFC_Vse,5-15,0.0553247555989221,7,MAP_PMU,53
5,UPFC_tse,5-15,-2.098907392934358,7,MAP_PMU,53
0,x_tcsc,1-14,-0.15445705113814454,8,MAP_PMU,53
1,B_svc,2,0.46286699011588683,8,MAP_PMU,53
2,UPFC_Vsh,5-15,1.1106924912002574,8,MAP_PMU,53
3,UPFC_tsh,5-15,-0.23297812075570218,8,MAP_PMU,53
4,UPFC_Vse,5-15,0.054707550956841176,8,MAP_PMU,53
5,UPFC_tse,5-15,-2.097969517019798,8,MAP_PMU,53
0,x_tcsc,1-14,-0.15444210861736873,9,MAP_PMU,53
1,B_svc,2,0.46312338430940464,9,MAP_PMU,53
2,UPFC_Vsh,5-15,1.1112260670070655,9,MAP_PMU,53
3,UPFC_tsh,5-15,-0.23295731534214373,9,MAP_PMU,53
4,UPFC_Vse,5-15,0.05504532204665957,9,MAP_PMU,53
5,UPFC_tse,5-15,-2.0951566936823336,9,MAP_PMU,53
0,x_tcsc,1-14,-0.15375127856208715,0,MAP_PMU,54
1,B_svc,2,0.45509545989636097,0,MAP_PMU,54
2,UPFC_Vsh,5-15,1.1108850827691117,0,MAP_PMU,54
3,UPFC_tsh,5-15,-0.23341125676148256,0,MAP_PMU,54
4,UPFC_Vse,5-15,0.05496586656998472,0,MAP_PMU,54
5,UPFC_tse,5-15,-2.098114611606162,0,MAP_PMU,54
0,x_tcsc,1-14,-0.15378268017945573,1,MAP_PMU,54
1,B_svc,2,0.4557769960201885,1,MAP_PMU,54
2,UPFC_Vsh,5-15,1.1107334265271234,1,MAP_PMU,54
3,UPFC_tsh,5-15,-0.23343389430965253,1,MAP_PMU,54
4,UPFC_Vse,5-15,0.055331554296642604,1,MAP_PMU,54
5,UPFC_tse,5-15,-2.094927464786472,1,MAP_PMU,54
0,x_tcsc,1-14,-0.15377338284391515,2,MAP_PMU,54
1,B_svc,2,0.45537876919163034,2,MAP_PMU,54
2,UPFC_Vsh,5-15,1.1107753457114082,2,MAP_PMU,54
3,UPFC_tsh,5-15,-0.23343301881021106,2,MAP_PMU,54
4,UPFC_Vse,5-15,0.05465220947102167,2,MAP_PMU,54
5,UPFC_tse,5-15,-2.0961296211339815,2,MAP_PMU,54
0,x_tcsc,1-14,-0.15375195798315403,3,MAP_PMU,54
1,B_svc,2,0.4554384997417833,3,MAP_PMU,54
2,UPFC_Vsh,5-15,1.1114587632717152,3,MAP_PMU,54
3,UPFC_tsh,5-15,-0.23345408187745717,3,MAP_PMU,54
4,UPFC_Vse,5-15,0.0550677240647383,3,MAP_PMU,54
5,UPFC_tse,5-15,-2.099436387794553,3,MAP_PMU,54
0,x_tcsc,1-14,-0.1537865600458703,4,MAP_PMU,54
1,B_svc,2,0.4556756312667872,4,MAP_PMU,54
2,UPFC_Vsh,5-15,1.1110883822149864,4,MAP_PMU,54
3,UPFC_tsh,5-15,-0.23343875548549314,4,MAP_PMU,54
4,UPFC_Vse,5-15,0.055151540116560094,4,MAP_PMU,54
5,UPFC_tse,5-15,-2.0958085518054217,4,MAP_PMU,54
0,x_tcsc,1-14,-0.15376667115698542,5,MAP_PMU,54
1,B_svc,2,0.4556468018471991,5,MAP_PMU,54
2,UPFC_Vsh,5-15,1.1108706089562117,5,MAP_PMU,54
3,UPFC_tsh,5-15,-0.23345266575228665,5,MAP_PMU,54
4,UPFC_Vse,5-15,0.054760342701673445,5,MAP_PMU,54
5,UPFC_tse,5-15,-2.0972339895177554,5,MAP_PMU,54
0,x_tcsc,1-14,-0.1537630744787537,6,MAP_PMU,54
1,B_svc,2,0.45537684304091564,6,MAP_PMU,54
2,UPFC_Vsh,5-15,1.1111210723608371,6,MAP_PMU,54
3,UPFC_tsh,5-15,-0.23339120907683575,6,MAP_PMU,54
4,UPFC_Vse,5-15,0.05474276021263191,6,MAP_PMU,54
5,UPFC_tse,5-15,-2.099074143006317,6,MAP_PMU,54
0,x_tcsc,1-14,-0.15374935382341517,7,MAP_PMU,54
1,B_svc,2,0.4553281890670847,7,MAP_PMU,54
2,UPFC_Vsh,5-15,1.111041401066044,7,MAP_PMU,54
3,UPFC_tsh,5-15,-0.2334528991842165,7,MAP_PMU,54
4,UPFC_Vse,5-15,0.055291309821156175,7,MAP_PMU,54
5,UPFC_tse,5-15,-2.098655040279402,7,MAP_PMU,54
0,x_tcsc,1-14,-0.15376483580135436,8,MAP_PMU,54
1,B_svc,2,0.45495883781329144,8,MAP_PMU,54
2,UPFC_Vsh,5-15,1.1106780900453983,8,MAP_PMU,54
3,UPFC_tsh,5-15,-0.233439082260041,8,MAP_PMU,54
4,UPFC_Vse,5-15,0.054675211449204245,8,MAP_PMU,54
5,UPFC_tse,5-15,-2.0976948061601917,8,MAP_PMU,54
0,x_tcsc,1-14,-0.15375214429376274,9,MAP_PMU,54
1,B_svc,2,0.45522440876655,9,MAP_PMU,54
2,UPFC_Vsh,5-15,1.111211949553561,9,MAP_PMU,54
3,UPFC_tsh,5-15,-0.23341804753599008,9,MAP_PMU,54
4,UPFC_Vse,5-15,0.05501272725350136,9,MAP_PMU,54
5,UPFC_tse,5-15,-2.094884022578052,9,MAP_PMU,54
0,x_tcsc,1-14,-0.15307123056841837,0,MAP_PMU,55
1,B_svc,2,0.44737771284321765,0,MAP_PMU,55
2,UPFC_Vsh,5-15,1.1108830473098938,0,MAP_PMU,55
3,UPFC_tsh,5-15,-0.23384630181320948,0,MAP_PMU,55
4,UPFC_Vse,5-15,0.05496076231758383,0,MAP_PMU,55
5,UPFC_tse,5-15,-2.097872082318064,0,MAP_PMU,55
0,x_tcsc,1-14,-0.1530961912635303,1,MAP_PMU,55
1,B_svc,2,0.44805635623531614,1,MAP_PMU,55
2,UPFC_Vsh,5-15,1.1107324989516902,1,MAP_PMU,55
3,UPFC_tsh,5-15,-0.23386872454387206,1,MAP_PMU,55
4,UPFC_Vse,5-15,0.05532604161257697,1,MAP_PMU,55
5,UPFC_tse,5-15,-2.0946890148672277,1,MAP_PMU,55
0,x_tcsc,1-14,-0.1530946151207837,2,MAP_PMU,55
1,B_svc,2,0.44767709385358617,2,MAP_PMU,55
2,UPFC_Vsh,5-15,1.1107726730431353,2,MAP_PMU,55
3,UPFC_tsh,5-15,-0.2338681227769859,2,MAP_PMU,55
4,UPFC_Vse,5-15,0.05464730177739001,2,MAP_PMU,55
5,UPFC_tse,5-15,-2.095883662798226,2,MAP_PMU,55
0,x_tcsc,1-14,-0.15306941875743463,3,MAP_PMU,55
1,B_svc,2,0.4477455922378503,3,MAP_PMU,55
2,UPFC_Vsh,5-15,1.1114559736128962,3,MAP_PMU,55
3,UPFC_tsh,5-15,-0.23388942063327892,3,MAP_PMU,55
4,UPFC_Vse,5-15,0.055062829159795074,3,MAP_PMU,55
5,UPFC_tse,5-15,-2.0991929481804092,3,MAP_PMU,55
0,x_tcsc,1-14,-0.15310626530759827,4,MAP_PMU,55
1,B_svc,2,0.4479575495355351,4,MAP_PMU,55
2,UPFC_Vsh,5-15,1.1110862695186337,4,MAP_PMU,55
3,UPFC_tsh,5-15,-0.23387374920294327,4,MAP_PMU,55
4,UPFC_Vse,5-15,0.05514650409901894,4,MAP_PMU,55
5,UPFC_tse,5-15,-2.095569883143641,4,MAP_PMU,55
0,x_tcsc,1-14,-0.15308863425006936,5,MAP_PMU,55
1,B_svc,2,0.4479391143639723,5,MAP_PMU,55
2,UPFC_Vsh,5-15,1.1108679339127892,5,MAP_PMU,55
3,UPFC_tsh,5-15,-0.23388793568542632,5,MAP_PMU,55
4,UPFC_Vse,5-15,0.05475569232818249,5,MAP_PMU,55
5,UPFC_tse,5-15,-2.0969841517052914,5,MAP_PMU,55
0,x_tcsc,1-14,-0.15307273066655114,6,MAP_PMU,55
1,B_svc,2,0.4476721114066156,6,MAP_PMU,55
2,UPFC_Vsh,5-15,1.1111209721925834,6,MAP_PMU,55
3,UPFC_tsh,5-15,-0.2338258777589667,6,MAP_PMU,55
4,UPFC_Vse,5-15,0.054736853981793426,6,MAP_PMU,55
5,UPFC_tse,5-15,-2.098830114508227,6,MAP_PMU,55
0,x_tcsc,1-14,-0.1530482766630436,7,MAP_PMU,55
1,B_svc,2,0.4476169769580326,7,MAP_PMU,55
2,UPFC_Vsh,5-15,1.1110420434046966,7,MAP_PMU,55
3,UPFC_tsh,5-15,-0.2338872986756252,7,MAP_PMU,55
4,UPFC_Vse,5-15,0.05528427398926039,7,MAP_PMU,55
5,UPFC_tse,5-15,-2.0984285909141316,7,MAP_PMU,55
0,x_tcsc,1-14,-0.15307619789864224,8,MAP_PMU,55
1,B_svc,2,0.44722671501007516,8,MAP_PMU,55
2,UPFC_Vsh,5-15,1.110677782306207,8,MAP_PMU,55
3,UPFC_tsh,5-15,-0.23387365874326788,8,MAP_PMU,55
4,UPFC_Vse,5-15,0.054669316378601375,8,MAP_PMU,55
5,UPFC_tse,5-15,-2.097448371563772,8,MAP_PMU,55
0,x_tcsc,1-14,-0.15306571635297841,9,MAP_PMU,55
1,B_svc,2,0.44750125547267255,9,MAP_PMU,55
2,UPFC_Vsh,5-15,1.1112120710359152,9,MAP_PMU,55
3,UPFC_tsh,5-15,-0.23385235804903898,9,MAP_PMU,55
4,UPFC_Vse,5-15,0.055006487453232895,9,MAP_PMU,55
5,UPFC_tse,5-15,-2.094640478548647,9,MAP_PMU,55
0,x_tcsc,1-14,-0.1532662973149837,0,MAP_PMU,56
1,B_svc,2,0.4495789350382212,0,MAP_PMU,56
2,UPFC_Vsh,5-15,1.1109023962183053,0,MAP_PMU,56
3,UPFC_tsh,5-15,-0.2336855345119099,0,MAP_PMU,56
4,UPFC_Vse,5-15,0.054968678258388,0,MAP_PMU,56
5,UPFC_tse,5-15,-2.097910428287423,0,MAP_PMU,56
0,x_tcsc,1-14,-0.15329309186033277,1,MAP_PMU,56
1,B_svc,2,0.4502585999723549,1,MAP_PMU,56
2,UPFC_Vsh,5-15,1.1107514846797306,1,MAP_PMU,56
3,UPFC_tsh,5-15,-0.23370797984773442,1,MAP_PMU,56
4,UPFC_Vse,5-15,0.0553340457257752,1,MAP_PMU,56
5,UPFC_tse,5-15,-2.0947277974890857,1,MAP_PMU,56
0,x_tcsc,1-14,-0.15328930064630397,2,MAP_PMU,56
1,B_svc,2,0.4498738340826606,2,MAP_PMU,56
2,UPFC_Vsh,5-15,1.110792122100151,2,MAP_PMU,56
3,UPFC_tsh,5-15,-0.23370730010677915,2,MAP_PMU,56
4,UPFC_Vse,5-15,0.054655175449315724,2,MAP_PMU,56
5,UPFC_tse,5-15,-2.095923420786708,2,MAP_PMU,56
0,x_tcsc,1-14,-0.15326519488850676,3,MAP_PMU,56
1,B_svc,2,0.449939941052497,3,MAP_PMU,56
2,UPFC_Vsh,5-15,1.111475596120402,3,MAP_PMU,56
3,UPFC_tsh,5-15,-0.23372852721243062,3,MAP_PMU,56
4,UPFC_Vse,5-15,0.05507064884303288,3,MAP_PMU,56
5,UPFC_tse,5-15,-2.0992306594747134,3,MAP_PMU,56
0,x_tcsc,1-14,-0.15330138777206556,4,MAP_PMU,56
1,B_svc,2,0.45015891294783894,4,MAP_PMU,56
2,UPFC_Vsh,5-15,1.1111055123685574,4,MAP_PMU,56
3,UPFC_tsh,5-15,-0.2337129745586414,4,MAP_PMU,56
4,UPFC_Vse,5-15,0.055154382976974385,4,MAP_PMU,56
5,UPFC_tse,5-15,-2.095607394925891,4,MAP_PMU,56
0,x_tcsc,1-14,-0.15328312867689756,5,MAP_PMU,56
1,B_svc,2,0.4501376402904254,5,MAP_PMU,56
2,UPFC_Vsh,5-15,1.1108873563983206,5,MAP_PMU,56
3,UPFC_tsh,5-15,-0.23372707292974654,5,MAP_PMU,56
4,UPFC_Vse,5-15,0.054763474990197354,5,MAP_PMU,56
5,UPFC_tse,5-15,-2.097023610682756,5,MAP_PMU,56
0,x_tcsc,1-14,-0.15327073573623534,6,MAP_PMU,56
1,B_svc,2,0.4498696454677829,6,MAP_PMU,56
2,UPFC_Vsh,5-15,1.111139843521948,6,MAP_PMU,56
3,UPFC_tsh,5-15,-0.2336652193645555,6,MAP_PMU,56
4,UPFC_Vse,5-15,0.05474502643302997,6,MAP_PMU,56
5,UPFC_tse,5-15,-2.0988717039294214,6,MAP_PMU,56
0,x_tcsc,1-14,-0.15324934852614616,7,MAP_PMU,56
1,B_svc,2,0.44981651645975895,7,MAP_PMU,56
2,UPFC_Vsh,5-15,1.1110609408730845,7,MAP_PMU,56
3,UPFC_tsh,5-15,-0.23372667153048338,7,MAP_PMU,56
4,UPFC_Vse,5-15,0.05529266275512279,7,MAP_PMU,56
5,UPFC_tse,5-15,-2.098460636565115,7,MAP_PMU,56
0,x_tcsc,1-14,-0.15327368444569942,8,MAP_PMU,56
1,B_svc,2,0.44943229155459047,8,MAP_PMU,56
2,UPFC_Vsh,5-15,1.1106965390235908,8,MAP_PMU,56
3,UPFC_tsh,5-15,-0.23371300362558767,8,MAP_PMU,56
4,UPFC_Vse,5-15,0.05467744556368102,8,MAP_PMU,56
5,UPFC_tse,5-15,-2.097488148084626,8,MAP_PMU,56
0,x_tcsc,1-14,-0.1532625874980734,9,MAP_PMU,56
1,B_svc,2,0.4497041968439484,9,MAP_PMU,56
2,UPFC_Vsh,5-15,1.11123074017279,9,MAP_PMU,56
3,UPFC_tsh,5-15,-0.23369177778109043,9,MAP_PMU,56
4,UPFC_Vse,5-15,0.0550146948992917,9,MAP_PMU,56
5,UPFC_tse,5-15,-2.094680535733901,9,MAP_PMU,56
0,x_tcsc,1-14,-0.15486659712599676,0,MAP_PMU,57
1,B_svc,2,0.4680672867287285,0,MAP_PMU,57
2,UPFC_Vsh,5-15,1.110903561007083,0,MAP_PMU,57
3,UPFC_tsh,5-15,-0.2324806826538836,0,MAP_PMU,57
4,UPFC_Vse,5-15,0.055109935388983546,0,MAP_PMU,57
5,UPFC_tse,5-15,-2.098452916921008,0,MAP_PMU,57
0,x_tcsc,1-14,-0.15490853864078155,1,MAP_PMU,57
1,B_svc,2,0.46875327654307164,1,MAP_PMU,57
2,UPFC_Vsh,5-15,1.1107496338945075,1,MAP_PMU,57
3,UPFC_tsh,5-15,-0.23250372082742793,1,MAP_PMU,57
4,UPFC_Vse,5-15,0.05547623687165158,1,MAP_PMU,57
5,UPFC_tse,5-15,-2.0952742597120917,1,MAP_PMU,57
0,x_tcsc,1-14,-0.1548865226977504,2,MAP_PMU,57
1,B_svc,2,0.4683239833706847,2,MAP_PMU,57
2,UPFC_Vsh,5-15,1.110794955994182,2,MAP_PMU,57
3,UPFC_tsh,5-15,-0.23250230021781726,2,MAP_PMU,57
4,UPFC_Vse,5-15,0.05479609203482908,2,MAP_PMU,57
5,UPFC_tse,5-15,-2.0964836398303213,2,MAP_PMU,57
0,x_tcsc,1-14,-0.15487122683064977,3,MAP_PMU,57
1,B_svc,2,0.4683689446295484,3,MAP_PMU,57
2,UPFC_Vsh,5-15,1.1114788524697081,3,MAP_PMU,57
3,UPFC_tsh,5-15,-0.2325230234186034,3,MAP_PMU,57
4,UPFC_Vse,5-15,0.055211175316004626,3,MAP_PMU,57
5,UPFC_tse,5-15,-2.099783659489666,3,MAP_PMU,57
0,x_tcsc,1-14,-0.1549023061986672,4,MAP_PMU,57
1,B_svc,2,0.4686479733484284,4,MAP_PMU,57
2,UPFC_Vsh,5-15,1.1111067629821036,4,MAP_PMU,57
3,UPFC_tsh,5-15,-0.2325082198417921,4,MAP_PMU,57
4,UPFC_Vse,5-15,0.0552951957200989,4,MAP_PMU,57
5,UPFC_tse,5-15,-2.0961396921730375,4,MAP_PMU,57
0,x_tcsc,1-14,-0.15487853888194608,5,MAP_PMU,57
1,B_svc,2,0.46860242089720006,5,MAP_PMU,57
2,UPFC_Vsh,5-15,1.1108905373758116,5,MAP_PMU,57
3,UPFC_tsh,5-15,-0.23252155010150174,5,MAP_PMU,57
4,UPFC_Vse,5-15,0.05490346760327492,5,MAP_PMU,57
5,UPFC_tse,5-15,-2.097589458231824,5,MAP_PMU,57
0,x_tcsc,1-14,-0.1548954393521887,6,MAP_PMU,57
1,B_svc,2,0.46832604100976466,6,MAP_PMU,57
2,UPFC_Vsh,5-15,1.1111356038333975,6,MAP_PMU,57
3,UPFC_tsh,5-15,-0.23246137379299275,6,MAP_PMU,57
4,UPFC_Vse,5-15,0.05488822102769468,6,MAP_PMU,57
5,UPFC_tse,5-15,-2.09942907620306,6,MAP_PMU,57
0,x_tcsc,1-14,-0.15489930012242467,7,MAP_PMU,57
1,B_svc,2,0.46828752633445264,7,MAP_PMU,57
2,UPFC_Vsh,5-15,1.1110543417240126,7,MAP_PMU,57
3,UPFC_tsh,5-15,-0.23252339011989362,7,MAP_PMU,57
4,UPFC_Vse,5-15,0.05543851758983436,7,MAP_PMU,57
5,UPFC_tse,5-15,-2.0989685035237744,7,MAP_PMU,57
0,x_tcsc,1-14,-0.15489432728254798,8,MAP_PMU,57
1,B_svc,2,0.46795394395759465,8,MAP_PMU,57
2,UPFC_Vsh,5-15,1.1106929572495627,8,MAP_PMU,57
3,UPFC_tsh,5-15,-0.2325092712264532,8,MAP_PMU,57
4,UPFC_Vse,5-15,0.05482040152148182,8,MAP_PMU,57
5,UPFC_tse,5-15,-2.0980452858129643,8,MAP_PMU,57
0,x_tcsc,1-14,-0.15487794998928975,9,MAP_PMU,57
1,B_svc,2,0.468204471629744,9,MAP_PMU,57
2,UPFC_Vsh,5-15,1.1112261807326775,9,MAP_PMU,57
3,UPFC_tsh,5-15,-0.23248859520278717,9,MAP_PMU,57
4,UPFC_Vse,5-15,0.055158333963342465,9,MAP_PMU,57
5,UPFC_tse,5-15,-2.095232751421268,9,MAP_PMU,57
0,x_tcsc,1-14,-0.15585823763012122,0,MAP_PMU,58
1,B_svc,2,0.4800044524656287,0,MAP_PMU,58
2,UPFC_Vsh,5-15,1.1109232809212648,0,MAP_PMU,58
3,UPFC_tsh,5-15,-0.23175217808534815,0,MAP_PMU,58
4,UPFC_Vse,5-15,0.05520439210358848,0,MAP_PMU,58
5,UPFC_tse,5-15,-2.0986937525315197,0,MAP_PMU,58
0,x_tcsc,1-14,-0.15590955382172006,1,MAP_PMU,58
1,B_svc,2,0.48069376526564156,1,MAP_PMU,58
2,UPFC_Vsh,5-15,1.1107668193960298,1,MAP_PMU,58
3,UPFC_tsh,5-15,-0.23177558580477461,1,MAP_PMU,58
4,UPFC_Vse,5-15,0.05557111406184102,1,MAP_PMU,58
5,UPFC_tse,5-15,-2.09552187694404,1,MAP_PMU,58
0,x_tcsc,1-14,-0.1558761307136473,2,MAP_PMU,58
1,B_svc,2,0.4802371338857906,2,MAP_PMU,58
2,UPFC_Vsh,5-15,1.110815745379121,2,MAP_PMU,58
3,UPFC_tsh,5-15,-0.23177364949980225,2,MAP_PMU,58
4,UPFC_Vse,5-15,0.05489002208235684,2,MAP_PMU,58
5,UPFC_tse,5-15,-2.0967356024589363,2,MAP_PMU,58
0,x_tcsc,1-14,-0.15586613832308982,3,MAP_PMU,58
1,B_svc,2,0.4802687441884827,3,MAP_PMU,58
2,UPFC_Vsh,5-15,1.1114999738387221,3,MAP_PMU,58
3,UPFC_tsh,5-15,-0.23179406123244695,3,MAP_PMU,58
4,UPFC_Vse,5-15,0.05530463587773355,3,MAP_PMU,58
5,UPFC_tse,5-15,-2.1000300029637833,3,MAP_PMU,58
0,x_tcsc,1-14,-0.15589437733933176,4,MAP_PMU,58
1,B_svc,2,0.48058551860530574,4,MAP_PMU,58
2,UPFC_Vsh,5-15,1.1111261871519527,4,MAP_PMU,58
3,UPFC_tsh,5-15,-0.2317797642168661,4,MAP_PMU,58
4,UPFC_Vse,5-15,0.0553893061957454,4,MAP_PMU,58
5,UPFC_tse,5-15,-2.09637592990619,4,MAP_PMU,58
0,x_tcsc,1-14,-0.15586686641787273,5,MAP_PMU,58
1,B_svc,2,0.4805255450374822,5,MAP_PMU,58
2,UPFC_Vsh,5-15,1.1109119521185968,5,MAP_PMU,58
3,UPFC_tsh,5-15,-0.23179255118122638,5,MAP_PMU,58
4,UPFC_Vse,5-15,0.05499676611955126,5,MAP_PMU,58
5,UPFC_tse,5-15,-2.0978417264615388,5,MAP_PMU,58
0,x_tcsc,1-14,-0.15590245652711962,6,MAP_PMU,58
1,B_svc,2,0.48024157446306015,6,MAP_PMU,58
2,UPFC_Vsh,5-15,1.111150504677006,6,MAP_PMU,58
3,UPFC_tsh,5-15,-0.23173360035420665,6,MAP_PMU,58
4,UPFC_Vse,5-15,0.054983857843015356,6,MAP_PMU,58
5,UPFC_tse,5-15,-2.0996867906358605,6,MAP_PMU,58
0,x_tcsc,1-14,-0.15592193049311345,7,MAP_PMU,58
1,B_svc,2,0.4802113625448094,7,MAP_PMU,58
2,UPFC_Vsh,5-15,1.1110671193992674,7,MAP_PMU,58
3,UPFC_tsh,5-15,-0.23179595077812265,7,MAP_PMU,58
4,UPFC_Vse,5-15,0.055535598202649424,7,MAP_PMU,58
5,UPFC_tse,5-15,-2.099191236045522,7,MAP_PMU,58
0,x_tcsc,1-14,-0.15589873798593343,8,MAP_PMU,58
1,B_svc,2,0.47991134813685105,8,MAP_PMU,58
2,UPFC_Vsh,5-15,1.1107081924067945,8,MAP_PMU,58
3,UPFC_tsh,5-15,-0.23178152358713136,8,MAP_PMU,58
4,UPFC_Vse,5-15,0.054916218302362874,8,MAP_PMU,58
5,UPFC_tse,5-15,-2.098295760052909,8,MAP_PMU,58
0,x_tcsc,1-14,-0.15587902070609339,9,MAP_PMU,58
1,B_svc,2,0.4801479928209661,9,MAP_PMU,58
2,UPFC_Vsh,5-15,1.1112411379590643,9,MAP_PMU,58
3,UPFC_tsh,5-15,-0.23176114446393206,9,MAP_PMU,58
4,UPFC_Vse,5-15,0.055254359491526656,9,MAP_PMU,58
5,UPFC_tse,5-15,-2.0954833651073344,9,MAP_PMU,58
0,x_tcsc,1-14,-0.1563065480467038,0,MAP_PMU,59
1,B_svc,2,0.4857512930846286,0,MAP_PMU,59
2,UPFC_Vsh,5-15,1.1109358372525229,0,MAP_PMU,59
3,UPFC_tsh,5-15,-0.23152802937364678,0,MAP_PMU,59
4,UPFC_Vse,5-15,0.05515799928819167,0,MAP_PMU,59
5,UPFC_tse,5-15,-2.09856588149886,0,MAP_PMU,59
0,x_tcsc,1-14,-0.1563621581706073,1,MAP_PMU,59
1,B_svc,2,0.48644153516324856,1,MAP_PMU,59
2,UPFC_Vsh,5-15,1.1107778560455235,1,MAP_PMU,59
3,UPFC_tsh,5-15,-0.23155158134863024,1,MAP_PMU,59
4,UPFC_Vse,5-15,0.05552504087353519,1,MAP_PMU,59
5,UPFC_tse,5-15,-2.0953911947660195,1,MAP_PMU,59
0,x_tcsc,1-14,-0.15632345310363463,2,MAP_PMU,59
1,B_svc,2,0.48597285378014093,2,MAP_PMU,59
2,UPFC_Vsh,5-15,1.110828477161086,2,MAP_PMU,59
3,UPFC_tsh,5-15,-0.23154943602608635,2,MAP_PMU,59
4,UPFC_Vse,5-15,0.054843347805697135,2,MAP_PMU,59
5,UPFC_tse,5-15,-2.0966030615439757,2,MAP_PMU,59
0,x_tcsc,1-14,-0.15631572545092218,3,MAP_PMU,59
1,B_svc,2,0.4859986490422163,3,MAP_PMU,59
2,UPFC_Vsh,5-15,1.1115123337686896,3,MAP_PMU,59
3,UPFC_tsh,5-15,-0.2315696439793623,3,MAP_PMU,59
4,UPFC_Vse,5-15,0.05525798654427838,3,MAP_PMU,59
5,UPFC_tse,5-15,-2.0998918244810336,3,MAP_PMU,59
0,x_tcsc,1-14,-0.1563429254506631,4,MAP_PMU,59
1,B_svc,2,0.48633238259359474,4,MAP_PMU,59
2,UPFC_Vsh,5-15,1.1111384086267926,4,MAP_PMU,59
3,UPFC_tsh,5-15,-0.23155567281378284,4,MAP_PMU,59
4,UPFC_Vse,5-15,0.05534297378780739,4,MAP_PMU,59
5,UPFC_tse,5-15,-2.0962483794278852,4,MAP_PMU,59
0,x_tcsc,1-14,-0.15631347063093556,5,MAP_PMU,59
1,B_svc,2,0.48626654694819005,5,MAP_PMU,59
2,UPFC_Vsh,5-15,1.1109250882629573,5,MAP_PMU,59
3,UPFC_tsh,5-15,-0.23156819406623055,5,MAP_PMU,59
4,UPFC_Vse,5-15,0.05494987009456028,5,MAP_PMU,59
5,UPFC_tse,5-15,-2.0977065295569246,5,MAP_PMU,59
0,x_tcsc,1-14,-0.1563578724993114,6,MAP_PMU,59
1,B_svc,2,0.4859776274911584,6,MAP_PMU,59
2,UPFC_Vsh,5-15,1.111159828602059,6,MAP_PMU,59
3,UPFC_tsh,5-15,-0.2315098847095539,6,MAP_PMU,59
4,UPFC_Vse,5-15,0.05493833902097776,6,MAP_PMU,59
5,UPFC_tse,5-15,-2.0995664595174413,6,MAP_PMU,59
0,x_tcsc,1-14,-0.15638432483723103,7,MAP_PMU,59
1,B_svc,2,0.4859510052250278,7,MAP_PMU,59
2,UPFC_Vsh,5-15,1.111075239237424,7,MAP_PMU,59
3,UPFC_tsh,5-15,-0.2315723051398674,7,MAP_PMU,59
4,UPFC_Vse,5-15,0.055490386712641365,7,MAP_PMU,59
5,UPFC_tse,5-15,-2.0990539064136082,7,MAP_PMU,59
0,x_tcsc,1-14,-0.15635286898465575,8,MAP_PMU,59
1,B_svc,2,0.4856676834543941,8,MAP_PMU,59
2,UPFC_Vsh,5-15,1.1107180908925296,8,MAP_PMU,59
3,UPFC_tsh,5-15,-0.2315577267091779,8,MAP_PMU,59
4,UPFC_Vse,5-15,0.054870705698065216,8,MAP_PMU,59
5,UPFC_tse,5-15,-2.098165888466753,8,MAP_PMU,59
0,x_tcsc,1-14,-0.15633167831790462,9,MAP_PMU,59
1,B_svc,2,0.485897247731059,9,MAP_PMU,59
2,UPFC_Vsh,5-15,1.1112511632918598,9,MAP_PMU,59
3,UPFC_tsh,5-15,-0.2315375364908487,9,MAP_PMU,59
4,UPFC_Vse,5-15,0.055208986823249546,9,MAP_PMU,59
5,UPFC_tse,5-15,-2.095358030459607,9,MAP_PMU,59
