,tipo,de,val,sample,val_ref,method,scenario
0,teta,0,0.0,ref,,PF,0
1,v,0,1.06,ref,,PF,0
2,teta,1,-0.08902628908249054,ref,,PF,0
3,v,1,1.045,ref,,PF,0
4,teta,2,-0.1769284097276399,ref,,PF,0
5,v,2,1.0201,ref,,PF,0
6,teta,3,-0.16695971738860899,ref,,PF,0
7,v,3,1.0223997769406485,ref,,PF,0
8,teta,4,-0.14460275701242165,ref,,PF,0
9,v,4,1.0239434870989277,ref,,PF,0
10,teta,5,-0.23835229457307455,ref,,PF,0
11,v,5,1.0807,ref,,PF,0
12,teta,6,-0.22003694305069085,ref,,PF,0
13,v,6,1.0655059208752788,ref,,PF,0
14,teta,7,-0.22003694305069088,ref,,PF,0
15,v,7,1.09,ref,,PF,0
16,teta,8,-0.24751389258661888,ref,,PF,0
17,v,8,1.0619618085293863,ref,,PF,0
18,teta,9,-0.2507600867883723,ref,,PF,0
19,v,9,1.0579120516330351,ref,,PF,0
20,teta,10,-0.24674105777879743,ref,,PF,0
21,v,10,1.065736685215989,ref,,PF,0
22,teta,11,-0.2524712080538868,ref,,PF,0
23,v,11,1.0656013901441734,ref,,PF,0
24,teta,12,-0.25380716873098985,ref,,PF,0
25,v,12,1.060556797498765,ref,,PF,0
26,teta,13,-0.2674372205314959,ref,,PF,0
27,v,13,1.0435119651398288,ref,,PF,0
28,teta,14,0.0018046034155427184,ref,,PF,0
29,v,14,1.029522809716745,ref,,PF,0
30,teta,15,-0.23710680478228635,ref,,PF,0
31,v,15,1.080987759383809,ref,,PF,0
32,teta,0,0.0,ref,,PF,1
33,v,0,1.06,ref,,PF,1
34,teta,1,-0.0888409234356516,ref,,PF,1
35,v,1,1.045,ref,,PF,1
36,teta,2,-0.1763688736813052,ref,,PF,1
37,v,2,1.0201,ref,,PF,1
38,teta,3,-0.16645478276908407,ref,,PF,1
39,v,3,1.0225489856847396,ref,,PF,1
40,teta,4,-0.14425920900491337,ref,,PF,1
41,v,4,1.0240454168653872,ref,,PF,1
42,teta,5,-0.2377846767969568,ref,,PF,1
43,v,5,1.0807,ref,,PF,1
44,teta,6,-0.21950080690694718,ref,,PF,1
45,v,6,1.0655758773452124,ref,,PF,1
46,teta,7,-0.21950080690694718,ref,,PF,1
47,v,7,1.09,ref,,PF,1
48,teta,8,-0.24696383867271557,ref,,PF,1
49,v,8,1.0620308201586137,ref,,PF,1
50,teta,9,-0.25020713164117103,ref,,PF,1
51,v,9,1.057969247178807,ref,,PF,1
52,teta,10,-0.24618149709132792,ref,,PF,1
53,v,10,1.0657659215234145,ref,,PF,1
54,teta,11,-0.2516093461269448,ref,,PF,1
55,v,11,1.0659295796678616,ref,,PF,1
56,teta,12,-0.2531361563674207,ref,,PF,1
57,v,12,1.060635597961338,ref,,PF,1
58,teta,13,-0.26683213682654594,ref,,PF,1
59,v,13,1.043586188265774,ref,,PF,1
60,teta,14,0.002444442039316357,ref,,PF,1
61,v,14,1.0293223931052817,ref,,PF,1
62,teta,15,-0.23625427163085339,ref,,PF,1
63,v,15,1.0813114197729046,ref,,PF,1
64,teta,0,0.0,ref,,PF,2
65,v,0,1.06,ref,,PF,2
66,teta,1,-0.08769650667097582,ref,,PF,2
67,v,1,1.045,ref,,PF,2
68,teta,2,-0.1731677960749898,ref,,PF,2
69,v,2,1.0201,ref,,PF,2
70,teta,3,-0.16337583240785217,ref,,PF,2
71,v,3,1.022921882724119,ref,,PF,2
72,teta,4,-0.14188601911310084,ref,,PF,2
73,v,4,1.0243539926449916,ref,,PF,2
74,teta,5,-0.2351438802153942,ref,,PF,2
75,v,5,1.0807,ref,,PF,2
76,teta,6,-0.21652954041480915,ref,,PF,2
77,v,6,1.0657587103992927,ref,,PF,2
78,teta,7,-0.21652954041480915,ref,,PF,2
79,v,7,1.09,ref,,PF,2
80,teta,8,-0.24405319202646683,ref,,PF,2
81,v,8,1.062228710429006,ref,,PF,2
82,teta,9,-0.24734437120489136,ref,,PF,2
83,v,9,1.0581368378370128,ref,,PF,2
84,teta,10,-0.24342966102871225,ref,,PF,2
85,v,10,1.0658554300477716,ref,,PF,2
86,teta,11,-0.2488774385539261,ref,,PF,2
87,v,11,1.0658870067160595,ref,,PF,2
88,teta,12,-0.25044216692624516,ref,,PF,2
89,v,12,1.0606469060723904,ref,,PF,2
90,teta,13,-0.2640123086931184,ref,,PF,2
91,v,13,1.0437055686231866,ref,,PF,2
92,teta,14,0.006108808198214656,ref,,PF,2
93,v,14,1.0281667769818357,ref,,PF,2
94,teta,15,-0.2335211544008359,ref,,PF,2
95,v,15,1.0812694341962474,ref,,PF,2
96,teta,0,0.0,ref,,PF,3
97,v,0,1.06,ref,,PF,3
98,teta,1,-0.08789299996483864,ref,,PF,3
99,v,1,1.045,ref,,PF,3
100,teta,2,-0.17374466721935672,ref,,PF,3
101,v,2,1.0201,ref,,PF,3
102,teta,3,-0.1638912560061543,ref,,PF,3
103,v,3,1.0227538043782365,ref,,PF,3
104,teta,4,-0.14226112843618238,ref,,PF,3
105,v,4,1.0242222881382015,ref,,PF,3
106,teta,5,-0.23606541013278162,ref,,PF,3
107,v,5,1.0807,ref,,PF,3
108,teta,6,-0.21719280261155297,ref,,PF,3
109,v,6,1.0656814068849787,ref,,PF,3
110,teta,7,-0.21719280261155297,ref,,PF,3
111,v,7,1.09,ref,,PF,3
112,teta,8,-0.2447902239904129,ref,,PF,3
113,v,8,1.0621592033571123,ref,,PF,3
114,teta,9,-0.24811360718993836,ref,,PF,3
115,v,9,1.0580810909065543,ref,,PF,3
116,teta,10,-0.24427320203831251,ref,,PF,3
117,v,10,1.0658289269390107,ref,,PF,3
118,teta,11,-0.25063012330587475,ref,,PF,3
119,v,11,1.0648156839796377,ref,,PF,3
120,teta,12,-0.2516511125417762,ref,,PF,3
121,v,12,1.0604018432674076,ref,,PF,3
122,teta,13,-0.2649597260106062,ref,,PF,3
123,v,13,1.0435583814712477,ref,,PF,3
124,teta,14,0.005443345293692994,ref,,PF,3
125,v,14,1.028387673200006,ref,,PF,3
126,teta,15,-0.2352433519411036,ref,,PF,3
127,v,15,1.0802129068434376,ref,,PF,3
128,teta,0,0.0,ref,,PF,4
129,v,0,1.06,ref,,PF,4
130,teta,1,-0.087699735493732,ref,,PF,4
131,v,1,1.045,ref,,PF,4
132,teta,2,-0.17322534625972588,ref,,PF,4
133,v,2,1.0201,ref,,PF,4
134,teta,3,-0.16341273121828606,ref,,PF,4
135,v,3,1.022867729544674,ref,,PF,4
136,teta,4,-0.14183956337346326,ref,,PF,4
137,v,4,1.0243053118783945,ref,,PF,4
138,teta,5,-0.23531263850351503,ref,,PF,4
139,v,5,1.0807,ref,,PF,4
140,teta,6,-0.21661593605442714,ref,,PF,4
141,v,6,1.0657289090729294,ref,,PF,4
142,teta,7,-0.21661593605442714,ref,,PF,4
143,v,7,1.09,ref,,PF,4
144,teta,8,-0.24416459304101185,ref,,PF,4
145,v,8,1.0621958740813693,ref,,PF,4
146,teta,9,-0.24746575435403287,ref,,PF,4
147,v,9,1.0581101702561224,ref,,PF,4
148,teta,10,-0.24357406020200525,ref,,PF,4
149,v,10,1.065842384365137,ref,,PF,4
150,teta,11,-0.24923393406437067,ref,,PF,4
151,v,11,1.065334695857084,ref,,PF,4
152,teta,12,-0.2506965356616378,ref,,PF,4
153,v,12,1.0605010014093756,ref,,PF,4
154,teta,13,-0.26418884303306345,ref,,PF,4
155,v,13,1.0436224726242873,ref,,PF,4
156,teta,14,0.006038522314521184,ref,,PF,4
157,v,14,1.0281985299183865,ref,,PF,4
158,teta,15,-0.23386194378097586,ref,,PF,4
159,v,15,1.080724747494274,ref,,PF,4
160,teta,0,0.0,ref,,PF,5
161,v,0,1.06,ref,,PF,5
162,teta,1,-0.08753921979944296,ref,,PF,5
163,v,1,1.045,ref,,PF,5
164,teta,2,-0.1727477682325283,ref,,PF,5
165,v,2,1.0201,ref,,PF,5
166,teta,3,-0.16298510339238567,ref,,PF,5
167,v,3,1.0230047956493127,ref,,PF,5
168,teta,4,-0.1415314093973274,ref,,PF,5
169,v,4,1.0243816120369273,ref,,PF,5
170,teta,5,-0.23477229174795256,ref,,PF,5
171,v,5,1.0807,ref,,PF,5
172,teta,6,-0.21614211253368443,ref,,PF,5
173,v,6,1.065791113056857,ref,,PF,5
174,teta,7,-0.21614211253368443,ref,,PF,5
175,v,7,1.09,ref,,PF,5
176,teta,8,-0.24366904683859053,ref,,PF,5
177,v,8,1.0622540617350973,ref,,PF,5
178,teta,9,-0.2469624959313076,ref,,PF,5
179,v,9,1.0581580609838315,ref,,PF,5
180,teta,10,-0.24305306776184446,ref,,PF,5
181,v,10,1.0658665064369177,ref,,PF,5
182,teta,11,-0.24832211915547672,ref,,PF,5
183,v,11,1.0656703176035336,ref,,PF,5
184,teta,12,-0.25003389404314447,ref,,PF,5
185,v,12,1.0605738068597925,ref,,PF,5
186,teta,13,-0.263618494695814,ref,,PF,5
187,v,13,1.043687695009164,ref,,PF,5
188,teta,14,0.006590836197512204,ref,,PF,5
189,v,14,1.0280122086379089,ref,,PF,5
190,teta,15,-0.2329596758465977,ref,,PF,5
191,v,15,1.081055735403052,ref,,PF,5
192,teta,0,0.0,ref,,PF,6
193,v,0,1.06,ref,,PF,6
194,teta,1,-0.08705251373374646,ref,,PF,6
195,v,1,1.045,ref,,PF,6
196,teta,2,-0.17142582442705215,ref,,PF,6
197,v,2,1.0201,ref,,PF,6
198,teta,3,-0.16170820513565773,ref,,PF,6
199,v,3,1.023147167442058,ref,,PF,6
200,teta,4,-0.14048855876770971,ref,,PF,6
201,v,4,1.0245234897942401,ref,,PF,6
202,teta,5,-0.23363979235878046,ref,,PF,6
203,v,5,1.0807,ref,,PF,6
204,teta,6,-0.21490071600323873,ref,,PF,6
205,v,6,1.0658594393093341,ref,,PF,6
206,teta,7,-0.21490071600323873,ref,,PF,6
207,v,7,1.09,ref,,PF,6
208,teta,8,-0.2424479853727646,ref,,PF,6
209,v,8,1.0623261908526769,ref,,PF,6
210,teta,9,-0.2457571654207898,ref,,PF,6
211,v,9,1.0582190339261524,ref,,PF,6
212,teta,10,-0.2418841924436206,ref,,PF,6
213,v,10,1.065898953647132,ref,,PF,6
214,teta,11,-0.24714175746754286,ref,,PF,6
215,v,11,1.0656232370099061,ref,,PF,6
216,teta,12,-0.24888142980272135,ref,,PF,6
217,v,12,1.0605675511110486,ref,,PF,6
218,teta,13,-0.26242619537649314,ref,,PF,6
219,v,13,1.0437265796173596,ref,,PF,6
220,teta,14,0.008114386618435363,ref,,PF,6
221,v,14,1.0275097331361358,ref,,PF,6
222,teta,15,-0.2317779754553018,ref,,PF,6
223,v,15,1.0810093046739113,ref,,PF,6
224,teta,0,0.0,ref,,PF,7
225,v,0,1.06,ref,,PF,7
226,teta,1,-0.08790302785403235,ref,,PF,7
227,v,1,1.045,ref,,PF,7
228,teta,2,-0.17378289832281937,ref,,PF,7
229,v,2,1.0201,ref,,PF,7
230,teta,3,-0.16395838198085416,ref,,PF,7
231,v,3,1.0228262080548605,ref,,PF,7
232,teta,4,-0.14227376425540716,ref,,PF,7
233,v,4,1.0242709616782306,ref,,PF,7
234,teta,5,-0.23563453768116538,ref,,PF,7
235,v,5,1.0807,ref,,PF,7
236,teta,6,-0.2170902023509264,ref,,PF,7
237,v,6,1.065701587316334,ref,,PF,7
238,teta,7,-0.2170902023509264,ref,,PF,7
239,v,7,1.09,ref,,PF,7
240,teta,8,-0.2446018317870282,ref,,PF,7
241,v,8,1.0621562341550916,ref,,PF,7
242,teta,9,-0.24788264467068716,ref,,PF,7
243,v,9,1.0580759165631395,ref,,PF,7
244,teta,10,-0.24394387703942594,ref,,PF,7
245,v,10,1.0658233731193743,ref,,PF,7
246,teta,11,-0.24913596242542882,ref,,PF,7
247,v,11,1.0654805959687546,ref,,PF,7
248,teta,12,-0.25090411516375727,ref,,PF,7
249,v,12,1.0605017090639797,ref,,PF,7
250,teta,13,-0.26452687103539285,ref,,PF,7
251,v,13,1.0435993499126013,ref,,PF,7
252,teta,14,0.00539859979497038,ref,,PF,7
253,v,14,1.0284039178918496,ref,,PF,7
254,teta,15,-0.2337681234522619,ref,,PF,7
255,v,15,1.080868632867983,ref,,PF,7
256,teta,0,0.0,ref,,PF,8
257,v,0,1.06,ref,,PF,8
258,teta,1,-0.0873442434429016,ref,,PF,8
259,v,1,1.045,ref,,PF,8
260,teta,2,-0.1722201575202622,ref,,PF,8
261,v,2,1.0201,ref,,PF,8
262,teta,3,-0.16246563138648396,ref,,PF,8
263,v,3,1.0230364669685457,ref,,PF,8
264,teta,4,-0.14111478343066655,ref,,PF,8
265,v,4,1.0244359919426387,ref,,PF,8
266,teta,5,-0.2344438780246428,ref,,PF,8
267,v,5,1.0807,ref,,PF,8
268,teta,6,-0.21568259048551727,ref,,PF,8
269,v,6,1.065809910735724,ref,,PF,8
270,teta,7,-0.21568259048551727,ref,,PF,8
271,v,7,1.09,ref,,PF,8
272,teta,8,-0.243240724296331,ref,,PF,8
273,v,8,1.062280152366012,ref,,PF,8
274,teta,9,-0.24655177662559913,ref,,PF,8
275,v,9,1.058180873376307,ref,,PF,8
276,teta,10,-0.24268306141781776,ref,,PF,8
277,v,10,1.0658794420504998,ref,,PF,8
278,teta,11,-0.24825612784971732,ref,,PF,8
279,v,11,1.0654530977030623,ref,,PF,8
280,teta,12,-0.24978279953108273,ref,,PF,8
281,v,12,1.060538063174278,ref,,PF,8
282,teta,13,-0.26326739529157084,ref,,PF,8
283,v,13,1.0436873608983541,ref,,PF,8
284,teta,14,0.007197904373649438,ref,,PF,8
285,v,14,1.0278141474688505,ref,,PF,8
286,teta,15,-0.2328875065937654,ref,,PF,8
287,v,15,1.0808415142870562,ref,,PF,8
288,teta,0,0.0,ref,,PF,9
289,v,0,1.06,ref,,PF,9
290,teta,1,-0.08711155762309955,ref,,PF,9
291,v,1,1.045,ref,,PF,9
292,teta,2,-0.17146184081682822,ref,,PF,9
293,v,2,1.0201,ref,,PF,9
294,teta,3,-0.1617581545220026,ref,,PF,9
295,v,3,1.023183328499267,ref,,PF,9
296,teta,4,-0.14073239785106856,ref,,PF,9
297,v,4,1.0245087740845384,ref,,PF,9
298,teta,5,-0.23444116025883593,ref,,PF,9
299,v,5,1.0807,ref,,PF,9
300,teta,6,-0.21519776375067473,ref,,PF,9
301,v,6,1.0658861183504724,ref,,PF,9
302,teta,7,-0.21519776375067473,ref,,PF,9
303,v,7,1.09,ref,,PF,9
304,teta,8,-0.2428726137018638,ref,,PF,9
305,v,8,1.0623751507891435,ref,,PF,9
306,teta,9,-0.24624803931652292,ref,,PF,9
307,v,9,1.0582639402748468,ref,,PF,9
308,teta,10,-0.24252821393807783,ref,,PF,9
309,v,10,1.0659265484004412,ref,,PF,9
310,teta,11,-0.24909725824238474,ref,,PF,9
311,v,11,1.0643732232101755,ref,,PF,9
312,teta,12,-0.25005123284662656,ref,,PF,9
313,v,12,1.0603162706106977,ref,,PF,9
314,teta,13,-0.2631781372206011,ref,,PF,9
315,v,13,1.0436454583839017,ref,,PF,9
316,teta,14,0.008084028027000431,ref,,PF,9
317,v,14,1.0274956348916908,ref,,PF,9
318,teta,15,-0.23369786914628887,ref,,PF,9
319,v,15,1.079776564745563,ref,,PF,9
320,teta,0,0.0,ref,,PF,10
321,v,0,1.06,ref,,PF,10
322,teta,1,-0.0872804168332438,ref,,PF,10
323,v,1,1.045,ref,,PF,10
324,teta,2,-0.1719045844267541,ref,,PF,10
325,v,2,1.0201,ref,,PF,10
326,teta,3,-0.16216585004439135,ref,,PF,10
327,v,3,1.0230850162124228,ref,,PF,10
328,teta,4,-0.14110282089902737,ref,,PF,10
329,v,4,1.02440404127137,ref,,PF,10
330,teta,5,-0.2350613483979036,ref,,PF,10
331,v,5,1.0807,ref,,PF,10
332,teta,6,-0.2156801595567654,ref,,PF,10
333,v,6,1.0658413467292345,ref,,PF,10
334,teta,7,-0.2156801595567654,ref,,PF,10
335,v,7,1.09,ref,,PF,10
336,teta,8,-0.24339205318208923,ref,,PF,10
337,v,8,1.062334943371153,ref,,PF,10
338,teta,9,-0.24678505912360466,ref,,PF,10
339,v,9,1.058231619185757,ref,,PF,10
340,teta,10,-0.24310579237272634,ref,,PF,10
341,v,10,1.0659111002624513,ref,,PF,10
342,teta,11,-0.25009332079601887,ref,,PF,10
343,v,11,1.063864856237694,ref,,PF,10
344,teta,12,-0.2508007981831995,ref,,PF,10
345,v,12,1.060197695239966,ref,,PF,10
346,teta,13,-0.263800223079649,ref,,PF,10
347,v,13,1.0435704247509945,ref,,PF,10
348,teta,14,0.007574341824840552,ref,,PF,10
349,v,14,1.0276624546413715,ref,,PF,10
350,teta,15,-0.23467941542097562,ref,,PF,10
351,v,15,1.0792752337113611,ref,,PF,10
352,teta,0,0.0,ref,,PF,11
353,v,0,1.06,ref,,PF,11
354,teta,1,-0.08690163742781161,ref,,PF,11
355,v,1,1.045,ref,,PF,11
356,teta,2,-0.17082240523069786,ref,,PF,11
357,v,2,1.0201,ref,,PF,11
358,teta,3,-0.1611557356433509,ref,,PF,11
359,v,3,1.0232922512329758,ref,,PF,11
360,teta,4,-0.14034209428220695,ref,,PF,11
361,v,4,1.0245583557496514,ref,,PF,11
362,teta,5,-0.23400439263724762,ref,,PF,11
363,v,5,1.0807,ref,,PF,11
364,teta,6,-0.21463778712655882,ref,,PF,11
365,v,6,1.0659338170674995,ref,,PF,11
366,teta,7,-0.21463778712655882,ref,,PF,11
367,v,7,1.09,ref,,PF,11
368,teta,8,-0.2423363499572605,ref,,PF,11
369,v,8,1.0624211889724535,ref,,PF,11
370,teta,9,-0.2457293538545344,ref,,PF,11
371,v,9,1.0583033299072173,ref,,PF,11
372,teta,10,-0.24205021940024227,ref,,PF,11
373,v,10,1.0659480055977593,ref,,PF,11
374,teta,11,-0.24850234401975638,ref,,PF,11
375,v,11,1.0640816690604362,ref,,PF,11
376,teta,12,-0.24958000071724487,ref,,PF,11
377,v,12,1.0602281867465075,ref,,PF,11
378,teta,13,-0.26267085090636166,ref,,PF,11
379,v,13,1.0436330778337026,ref,,PF,11
380,teta,14,0.008829999665307653,ref,,PF,11
381,v,14,1.027230196301667,ref,,PF,11
382,teta,15,-0.23309463217377469,ref,,PF,11
383,v,15,1.0794890450173953,ref,,PF,11
384,teta,0,0.0,ref,,PF,12
385,v,0,1.06,ref,,PF,12
386,teta,1,-0.08683644764017968,ref,,PF,12
387,v,1,1.045,ref,,PF,12
388,teta,2,-0.1706742734736548,ref,,PF,12
389,v,2,1.0201,ref,,PF,12
390,teta,3,-0.16101921867741023,ref,,PF,12
391,v,3,1.023324670205707,ref,,PF,12
392,teta,4,-0.14017376661206832,ref,,PF,12
393,v,4,1.0245860529695838,ref,,PF,12
394,teta,5,-0.23397777419172863,ref,,PF,12
395,v,5,1.0807,ref,,PF,12
396,teta,6,-0.21454096423448854,ref,,PF,12
397,v,6,1.065946217743851,ref,,PF,12
398,teta,7,-0.21454096423448854,ref,,PF,12
399,v,7,1.09,ref,,PF,12
400,teta,8,-0.24226066041998923,ref,,PF,12
401,v,8,1.0624322393408974,ref,,PF,12
402,teta,9,-0.2456623040737267,ref,,PF,12
403,v,9,1.0583130630858515,ref,,PF,12
404,teta,10,-0.2420031513956508,ref,,PF,12
405,v,10,1.0659535968075575,ref,,PF,12
406,teta,11,-0.24864514167605656,ref,,PF,12
407,v,11,1.0637039629665748,ref,,PF,12
408,teta,12,-0.24962245944677336,ref,,PF,12
409,v,12,1.0601361617715257,ref,,PF,12
410,teta,13,-0.26264785590882617,ref,,PF,12
411,v,13,1.0435989764615643,ref,,PF,12
412,teta,14,0.008998926471800953,ref,,PF,12
413,v,14,1.0271783914376895,ref,,PF,12
414,teta,15,-0.23322663777975464,ref,,PF,12
415,v,15,1.0791165685555557,ref,,PF,12
416,teta,0,0.0,ref,,PF,13
417,v,0,1.06,ref,,PF,13
418,teta,1,-0.0875384646543929,ref,,PF,13
419,v,1,1.045,ref,,PF,13
420,teta,2,-0.17269199265024496,ref,,PF,13
421,v,2,1.0201,ref,,PF,13
422,teta,3,-0.1629384707034299,ref,,PF,13
423,v,3,1.0230298077978208,ref,,PF,13
424,teta,4,-0.1415799950546335,ref,,PF,13
425,v,4,1.0243821811146738,ref,,PF,13
426,teta,5,-0.23551855213560424,ref,,PF,13
427,v,5,1.0807,ref,,PF,13
428,teta,6,-0.21636336432256362,ref,,PF,13
429,v,6,1.0658110672804515,ref,,PF,13
430,teta,7,-0.21636336432256362,ref,,PF,13
431,v,7,1.09,ref,,PF,13
432,teta,8,-0.24402852223896354,ref,,PF,13
433,v,8,1.0622954593354372,ref,,PF,13
434,teta,9,-0.24738996471894545,ref,,PF,13
435,v,9,1.0581967949531716,ref,,PF,13
436,teta,10,-0.2436377050554086,ref,,PF,13
437,v,10,1.065891048341492,ref,,PF,13
438,teta,11,-0.25041797841062735,ref,,PF,13
439,v,11,1.064177580340668,ref,,PF,13
440,teta,12,-0.2512196355536494,ref,,PF,13
441,v,12,1.0602679856739055,ref,,PF,13
442,teta,13,-0.26434157927656077,ref,,PF,13
443,v,13,1.0435782967003264,ref,,PF,13
444,teta,14,0.006659679839734171,ref,,PF,13
445,v,14,1.027979632065608,ref,,PF,13
446,teta,15,-0.235013005204306,ref,,PF,13
447,v,15,1.0795836288839333,ref,,PF,13
448,teta,0,0.0,ref,,PF,14
449,v,0,1.06,ref,,PF,14
450,teta,1,-0.08831797142635495,ref,,PF,14
451,v,1,1.045,ref,,PF,14
452,teta,2,-0.17489749824409495,ref,,PF,14
453,v,2,1.0201,ref,,PF,14
454,teta,3,-0.16499888631418003,ref,,PF,14
455,v,3,1.0226165103713807,ref,,PF,14
456,teta,4,-0.14316817993380992,ref,,PF,14
457,v,4,1.0240695357282186,ref,,PF,14
458,teta,5,-0.2372895037258466,ref,,PF,14
459,v,5,1.0807,ref,,PF,14
460,teta,6,-0.21835271297864045,ref,,PF,14
461,v,6,1.0656175907410859,ref,,PF,14
462,teta,7,-0.21835271297864045,ref,,PF,14
463,v,7,1.09,ref,,PF,14
464,teta,8,-0.24597506828974094,ref,,PF,14
465,v,8,1.0620979467432685,ref,,PF,14
466,teta,9,-0.2493051833589802,ref,,PF,14
467,v,9,1.0580305848714258,ref,,PF,14
468,teta,10,-0.24548023919754267,ref,,PF,14
469,v,10,1.06580339088655,ref,,PF,14
470,teta,11,-0.25232088354041965,ref,,PF,14
471,v,11,1.0643537177448439,ref,,PF,14
472,teta,12,-0.2530338782156896,ref,,PF,14
473,v,12,1.0602999108723326,ref,,PF,14
474,teta,13,-0.266233304936557,ref,,PF,14
475,v,13,1.0434785536283397,ref,,PF,14
476,teta,14,0.0041247384754316664,ref,,PF,14
477,v,14,1.0288011293965436,ref,,PF,14
478,teta,15,-0.2369209378479096,ref,,PF,14
479,v,15,1.0797573291254223,ref,,PF,14
480,teta,0,0.0,ref,,PF,15
481,v,0,1.06,ref,,PF,15
482,teta,1,-0.0871700830933489,ref,,PF,15
483,v,1,1.045,ref,,PF,15
484,teta,2,-0.17166166732258012,ref,,PF,15
485,v,2,1.0201,ref,,PF,15
486,teta,3,-0.1619062445420166,ref,,PF,15
487,v,3,1.0230471664988046,ref,,PF,15
488,teta,4,-0.14080507789644933,ref,,PF,15
489,v,4,1.0243793642790602,ref,,PF,15
490,teta,5,-0.23486977773557297,ref,,PF,15
491,v,5,1.0807,ref,,PF,15
492,teta,6,-0.21544672590528835,ref,,PF,15
493,v,6,1.0658259342928287,ref,,PF,15
494,teta,7,-0.21544672590528835,ref,,PF,15
495,v,7,1.09,ref,,PF,15
496,teta,8,-0.24317144161654095,ref,,PF,15
497,v,8,1.0623232712054977,ref,,PF,15
498,teta,9,-0.24656951511810254,ref,,PF,15
499,v,9,1.0582222338267357,ref,,PF,15
500,teta,10,-0.24290193894612508,ref,,PF,15
501,v,10,1.0659066115594973,ref,,PF,15
502,teta,11,-0.2501263415671869,ref,,PF,15
503,v,11,1.0637431953732268,ref,,PF,15
504,teta,12,-0.2506771294902343,ref,,PF,15
505,v,12,1.0601798674876515,ref,,PF,15
506,teta,13,-0.26362223193426493,ref,,PF,15
507,v,13,1.0435560668129042,ref,,PF,15
508,teta,14,0.007849569611920426,ref,,PF,15
509,v,14,1.0275819341269419,ref,,PF,15
510,teta,15,-0.23470895916867565,ref,,PF,15
511,v,15,1.0791552575978929,ref,,PF,15
512,teta,0,0.0,ref,,PF,16
513,v,0,1.06,ref,,PF,16
514,teta,1,-0.08766382495306463,ref,,PF,16
515,v,1,1.045,ref,,PF,16
516,teta,2,-0.17306131679593154,ref,,PF,16
517,v,2,1.0201,ref,,PF,16
518,teta,3,-0.163236280806044,ref,,PF,16
519,v,3,1.0228403665384,ref,,PF,16
520,teta,4,-0.14181469552696058,ref,,PF,16
521,v,4,1.0242387176273824,ref,,PF,16
522,teta,5,-0.2359509540152385,ref,,PF,16
523,v,5,1.0807,ref,,PF,16
524,teta,6,-0.21671047839056817,ref,,PF,16
525,v,6,1.0657250702362449,ref,,PF,16
526,teta,7,-0.21671047839056815,ref,,PF,16
527,v,7,1.09,ref,,PF,16
528,teta,8,-0.24439813532618201,ref,,PF,16
529,v,8,1.0622143489555567,ref,,PF,16
530,teta,9,-0.2477703920796774,ref,,PF,16
531,v,9,1.058130037800318,ref,,PF,16
532,teta,10,-0.24404299292616918,ref,,PF,16
533,v,10,1.0658574227494397,ref,,PF,16
534,teta,11,-0.25113930669483336,ref,,PF,16
535,v,11,1.0638583447833472,ref,,PF,16
536,teta,12,-0.251747482490015,ref,,PF,16
537,v,12,1.0601904706314278,ref,,PF,16
538,teta,13,-0.26478258162519663,ref,,PF,16
539,v,13,1.0434977519064195,ref,,PF,16
540,teta,14,0.006232634645816502,ref,,PF,16
541,v,14,1.028123527960209,ref,,PF,16
542,teta,15,-0.23572521525444884,ref,,PF,16
543,v,15,1.0792688124180563,ref,,PF,16
544,teta,0,0.0,ref,,PF,17
545,v,0,1.06,ref,,PF,17
546,teta,1,-0.08812216392588777,ref,,PF,17
547,v,1,1.045,ref,,PF,17
548,teta,2,-0.17437500853284627,ref,,PF,17
549,v,2,1.0201,ref,,PF,17
550,teta,3,-0.16452108426203893,ref,,PF,17
551,v,3,1.0227399083929665,ref,,PF,17
552,teta,4,-0.14274111669054995,ref,,PF,17
553,v,4,1.024173124659906,ref,,PF,17
554,teta,5,-0.23684650044244332,ref,,PF,17
555,v,5,1.0807,ref,,PF,17
556,teta,6,-0.2178844165829378,ref,,PF,17
557,v,6,1.065674145453799,ref,,PF,17
558,teta,7,-0.2178844165829378,ref,,PF,17
559,v,7,1.09,ref,,PF,17
560,teta,8,-0.24551357124539624,ref,,PF,17
561,v,8,1.0621537914474302,ref,,PF,17
562,teta,9,-0.24884707624641333,ref,,PF,17
563,v,9,1.0580772330054786,ref,,PF,17
564,teta,10,-0.24503004892451924,ref,,PF,17
565,v,10,1.0658276273078489,ref,,PF,17
566,teta,11,-0.2518851871745822,ref,,PF,17
567,v,11,1.0642995418852803,ref,,PF,17
568,teta,12,-0.2525952268437532,ref,,PF,17
569,v,12,1.0602926097690142,ref,,PF,17
570,teta,13,-0.2657809505794032,ref,,PF,17
571,v,13,1.0435074810749085,ref,,PF,17
572,teta,14,0.004721033459835917,ref,,PF,17
573,v,14,1.0286170366038154,ref,,PF,17
574,teta,15,-0.23648369539417105,ref,,PF,17
575,v,15,1.0797039028014523,ref,,PF,17
576,teta,0,0.0,ref,,PF,18
577,v,0,1.06,ref,,PF,18
578,teta,1,-0.08829315694217955,ref,,PF,18
579,v,1,1.045,ref,,PF,18
580,teta,2,-0.1748211175508316,ref,,PF,18
581,v,2,1.0201,ref,,PF,18
582,teta,3,-0.1649537198208533,ref,,PF,18
583,v,3,1.0226972483899788,ref,,PF,18
584,teta,4,-0.1431209459542505,ref,,PF,18
585,v,4,1.024107838636252,ref,,PF,18
586,teta,5,-0.2374092310972942,ref,,PF,18
587,v,5,1.0807,ref,,PF,18
588,teta,6,-0.21836543510547887,ref,,PF,18
589,v,6,1.0656571692553154,ref,,PF,18
590,teta,7,-0.21836543510547887,ref,,PF,18
591,v,7,1.09,ref,,PF,18
592,teta,8,-0.2460187677600177,ref,,PF,18
593,v,8,1.0621423222624355,ref,,PF,18
594,teta,9,-0.2493623424817583,ref,,PF,18
595,v,9,1.0580683348302702,ref,,PF,18
596,teta,10,-0.24556856315623102,ref,,PF,18
597,v,10,1.065823729617847,ref,,PF,18
598,teta,11,-0.25280926899615,ref,,PF,18
599,v,11,1.0640444584401192,ref,,PF,18
600,teta,12,-0.2532703313391982,ref,,PF,18
601,v,12,1.0602481295278954,ref,,PF,18
602,teta,13,-0.2663609305688687,ref,,PF,18
603,v,13,1.0434816342951572,ref,,PF,18
604,teta,14,0.004212705203156667,ref,,PF,18
605,v,14,1.0287722284580532,ref,,PF,18
606,teta,15,-0.23740049444659184,ref,,PF,18
607,v,15,1.0794523494528379,ref,,PF,18
608,teta,0,0.0,ref,,PF,19
609,v,0,1.06,ref,,PF,19
610,teta,1,-0.08785826528090007,ref,,PF,19
611,v,1,1.045,ref,,PF,19
612,teta,2,-0.1736181720065618,ref,,PF,19
613,v,2,1.0201,ref,,PF,19
614,teta,3,-0.16381110161265008,ref,,PF,19
615,v,3,1.022874281302418,ref,,PF,19
616,teta,4,-0.14220187720856714,ref,,PF,19
617,v,4,1.0242310528651473,ref,,PF,19
618,teta,5,-0.23609954982285342,ref,,PF,19
619,v,5,1.0807,ref,,PF,19
620,teta,6,-0.21715167174906297,ref,,PF,19
621,v,6,1.0657400027285544,ref,,PF,19
622,teta,7,-0.21715167174906297,ref,,PF,19
623,v,7,1.09,ref,,PF,19
624,teta,8,-0.24477089653153797,ref,,PF,19
625,v,8,1.0622223144906233,ref,,PF,19
626,teta,9,-0.24810382714855728,ref,,PF,19
627,v,9,1.0581341714277013,ref,,PF,19
628,teta,10,-0.24428557667363088,ref,,PF,19
629,v,10,1.0658568909874275,ref,,PF,19
630,teta,11,-0.2509386963280359,ref,,PF,19
631,v,11,1.0646735689399762,ref,,PF,19
632,teta,12,-0.2517664452611938,ref,,PF,19
633,v,12,1.0603923583768062,ref,,PF,19
634,teta,13,-0.2649980679192468,ref,,PF,19
635,v,13,1.0435908208355118,ref,,PF,19
636,teta,14,0.005591086944484077,ref,,PF,19
637,v,14,1.0283346933017188,ref,,PF,19
638,teta,15,-0.23554787392772789,ref,,PF,19
639,v,15,1.080072756556869,ref,,PF,19
640,teta,0,0.0,ref,,PF,20
641,v,0,1.06,ref,,PF,20
642,teta,1,-0.08768963739330951,ref,,PF,20
643,v,1,1.045,ref,,PF,20
644,teta,2,-0.1730768004075379,ref,,PF,20
645,v,2,1.0201,ref,,PF,20
646,teta,3,-0.16331239884243764,ref,,PF,20
647,v,3,1.022994552737307,ref,,PF,20
648,teta,4,-0.1419170805831571,ref,,PF,20
649,v,4,1.0242947138868408,ref,,PF,20
650,teta,5,-0.2358764760257817,ref,,PF,20
651,v,5,1.0807,ref,,PF,20
652,teta,6,-0.21673447155923764,ref,,PF,20
653,v,6,1.0657985425017347,ref,,PF,20
654,teta,7,-0.2167344715592376,ref,,PF,20
655,v,7,1.09,ref,,PF,20
656,teta,8,-0.24439742844553142,ref,,PF,20
657,v,8,1.0622873095151248,ref,,PF,20
658,teta,9,-0.24775692258392237,ref,,PF,20
659,v,9,1.0581898953451305,ref,,PF,20
660,teta,10,-0.2440001484580307,ref,,PF,20
661,v,10,1.065887365865559,ref,,PF,20
662,teta,11,-0.2509061717545764,ref,,PF,20
663,v,11,1.0643193207531698,ref,,PF,20
664,teta,12,-0.25160480451248507,ref,,PF,20
665,v,12,1.060317612567291,ref,,PF,20
666,teta,13,-0.2647168620015286,ref,,PF,20
667,v,13,1.0435956357406262,ref,,PF,20
668,teta,14,0.006219583143308174,ref,,PF,20
669,v,14,1.0281174644806657,ref,,PF,20
670,teta,15,-0.23550524445665505,ref,,PF,20
671,v,15,1.0797234080158553,ref,,PF,20
672,teta,0,0.0,ref,,PF,21
673,v,0,1.06,ref,,PF,21
674,teta,1,-0.08766207991720588,ref,,PF,21
675,v,1,1.045,ref,,PF,21
676,teta,2,-0.17295146719173204,ref,,PF,21
677,v,2,1.0201,ref,,PF,21
678,teta,3,-0.1631810566200413,ref,,PF,21
679,v,3,1.022982491095735,ref,,PF,21
680,teta,4,-0.14190399262654615,ref,,PF,21
681,v,4,1.0242736036657376,ref,,PF,21
682,teta,5,-0.23613334625082189,ref,,PF,21
683,v,5,1.0807,ref,,PF,21
684,teta,6,-0.21673016469692397,ref,,PF,21
685,v,6,1.0658018002798473,ref,,PF,21
686,teta,7,-0.216730164696924,ref,,PF,21
687,v,7,1.09,ref,,PF,21
688,teta,8,-0.244458030201964,ref,,PF,21
689,v,8,1.0623064480232327,ref,,PF,21
690,teta,9,-0.247852020936554,ref,,PF,21
691,v,9,1.0582079882155726,ref,,PF,21
692,teta,10,-0.244174984337934,ref,,PF,21
693,v,10,1.0658990050874078,ref,,PF,21
694,teta,11,-0.2518285948539941,ref,,PF,21
695,v,11,1.0638197886497018,ref,,PF,21
696,teta,12,-0.2520601703617486,ref,,PF,21
697,v,12,1.0602340778779233,ref,,PF,21
698,teta,13,-0.26495012089172165,ref,,PF,21
699,v,13,1.0435706518256564,ref,,PF,21
700,teta,14,0.006367990343616258,ref,,PF,21
701,v,14,1.0280599403478454,ref,,PF,21
702,teta,15,-0.23641340160018948,ref,,PF,21
703,v,15,1.0792307901741622,ref,,PF,21
704,teta,0,0.0,ref,,PF,22
705,v,0,1.06,ref,,PF,22
706,teta,1,-0.08743003361678522,ref,,PF,22
707,v,1,1.045,ref,,PF,22
708,teta,2,-0.17229054532616442,ref,,PF,22
709,v,2,1.0201,ref,,PF,22
710,teta,3,-0.16253343666416453,ref,,PF,22
711,v,3,1.0230304275858368,ref,,PF,22
712,teta,4,-0.14143383243326815,ref,,PF,22
713,v,4,1.0243160301685283,ref,,PF,22
714,teta,5,-0.2360042181979896,ref,,PF,22
715,v,5,1.0807,ref,,PF,22
716,teta,6,-0.21625157708695392,ref,,PF,22
717,v,6,1.0658357726773207,ref,,PF,22
718,teta,7,-0.21625157708695392,ref,,PF,22
719,v,7,1.09,ref,,PF,22
720,teta,8,-0.244066772408414,ref,,PF,22
721,v,8,1.0623613444117188,ref,,PF,22
722,teta,9,-0.24750690758233818,ref,,PF,22
723,v,9,1.0582565396014219,ref,,PF,22
724,teta,10,-0.2439365811744866,ref,,PF,22
725,v,10,1.065927094924214,ref,,PF,22
726,teta,11,-0.25258914892114037,ref,,PF,22
727,v,11,1.0631713367411275,ref,,PF,22
728,teta,12,-0.2521951469249623,ref,,PF,22
729,v,12,1.060131498285575,ref,,PF,22
730,teta,13,-0.26478836426632585,ref,,PF,22
731,v,13,1.043558060146196,ref,,PF,22
732,teta,14,0.007131222210366732,ref,,PF,22
733,v,14,1.0278049113172603,ref,,PF,22
734,teta,15,-0.23715540730415505,ref,,PF,22
735,v,15,1.0785913228469672,ref,,PF,22
736,teta,0,0.0,ref,,PF,23
737,v,0,1.06,ref,,PF,23
738,teta,1,-0.08713516085632611,ref,,PF,23
739,v,1,1.045,ref,,PF,23
740,teta,2,-0.1715109989140678,ref,,PF,23
741,v,2,1.0201,ref,,PF,23
742,teta,3,-0.16177134527350084,ref,,PF,23
743,v,3,1.0230911502505071,ref,,PF,23
744,teta,4,-0.14078427513516784,ref,,PF,23
745,v,4,1.024401367696335,ref,,PF,23
746,teta,5,-0.23551946333670967,ref,,PF,23
747,v,5,1.0807,ref,,PF,23
748,teta,6,-0.21557845308502702,ref,,PF,23
749,v,6,1.0658667087621578,ref,,PF,23
750,teta,7,-0.21557845308502702,ref,,PF,23
751,v,7,1.09,ref,,PF,23
752,teta,8,-0.24344034191271877,ref,,PF,23
753,v,8,1.0623992862548006,ref,,PF,23
754,teta,9,-0.24690543622817723,ref,,PF,23
755,v,9,1.0582896550193819,ref,,PF,23
756,teta,10,-0.2433928441135938,ref,,PF,23
757,v,10,1.0659458110674291,ref,,PF,23
758,teta,11,-0.2524662790247988,ref,,PF,23
759,v,11,1.0627173294647096,ref,,PF,23
760,teta,12,-0.2518274992329047,ref,,PF,23
761,v,12,1.0600380024399012,ref,,PF,23
762,teta,13,-0.26427530330316984,ref,,PF,23
763,v,13,1.0435390644257725,ref,,PF,23
764,teta,14,0.008028591495205649,ref,,PF,23
765,v,14,1.0275112796630745,ref,,PF,23
766,teta,15,-0.2370195311047393,ref,,PF,23
767,v,15,1.078143612130647,ref,,PF,23
768,teta,0,0.0,ref,,PF,24
769,v,0,1.06,ref,,PF,24
770,teta,1,-0.08705692494982724,ref,,PF,24
771,v,1,1.045,ref,,PF,24
772,teta,2,-0.17137610353949423,ref,,PF,24
773,v,2,1.0201,ref,,PF,24
774,teta,3,-0.1616614436444699,ref,,PF,24
775,v,3,1.0231565411001162,ref,,PF,24
776,teta,4,-0.14054877109418376,ref,,PF,24
777,v,4,1.024486028990665,ref,,PF,24
778,teta,5,-0.23517041151057863,ref,,PF,24
779,v,5,1.0807,ref,,PF,24
780,teta,6,-0.21539600256850527,ref,,PF,24
781,v,6,1.0658978074172472,ref,,PF,24
782,teta,7,-0.21539600256850527,ref,,PF,24
783,v,7,1.09,ref,,PF,24
784,teta,8,-0.24322138239253818,ref,,PF,24
785,v,8,1.062427829387287,ref,,PF,24
786,teta,9,-0.24666371589995617,ref,,PF,24
787,v,9,1.058311958462292,ref,,PF,24
788,teta,10,-0.2430985786861621,ref,,PF,24
789,v,10,1.0659557637624744,ref,,PF,24
790,teta,11,-0.2520259496995415,ref,,PF,24
791,v,11,1.063195783854095,ref,,PF,24
792,teta,12,-0.2514343632417328,ref,,PF,24
793,v,12,1.0601687980753867,ref,,PF,24
794,teta,13,-0.263978033174292,ref,,PF,24
795,v,13,1.0436129981909747,ref,,PF,24
796,teta,14,0.008177416261657239,ref,,PF,24
797,v,14,1.0274765703043922,ref,,PF,24
798,teta,15,-0.23659290797402985,ref,,PF,24
799,v,15,1.0786154310489915,ref,,PF,24
800,teta,0,0.0,ref,,PF,25
801,v,0,1.06,ref,,PF,25
802,teta,1,-0.08750643848668249,ref,,PF,25
803,v,1,1.045,ref,,PF,25
804,teta,2,-0.17261789074596814,ref,,PF,25
805,v,2,1.0201,ref,,PF,25
806,teta,3,-0.16283719721646792,ref,,PF,25
807,v,3,1.0229622400849196,ref,,PF,25
808,teta,4,-0.14149450991007356,ref,,PF,25
809,v,4,1.0243324665138145,ref,,PF,25
810,teta,5,-0.23586707898054002,ref,,PF,25
811,v,5,1.0807,ref,,PF,25
812,teta,6,-0.21641836491889554,ref,,PF,25
813,v,6,1.0657949865442216,ref,,PF,25
814,teta,7,-0.21641836491889554,ref,,PF,25
815,v,7,1.09,ref,,PF,25
816,teta,8,-0.24416233158647144,ref,,PF,25
817,v,8,1.0623040897186737,ref,,PF,25
818,teta,9,-0.2475614820058994,ref,,PF,25
819,v,9,1.0582063528579204,ref,,PF,25
820,teta,10,-0.243896363522405,ref,,PF,25
821,v,10,1.06589851103894,ref,,PF,25
822,teta,11,-0.2518864760367506,ref,,PF,25
823,v,11,1.0636621556731762,ref,,PF,25
824,teta,12,-0.251892260563331,ref,,PF,25
825,v,12,1.0602150662588221,ref,,PF,25
826,teta,13,-0.2647103173947304,ref,,PF,25
827,v,13,1.0435611950517487,ref,,PF,25
828,teta,14,0.006743795195550406,ref,,PF,25
829,v,14,1.0279546707329563,ref,,PF,25
830,teta,15,-0.23646677690281123,ref,,PF,25
831,v,15,1.079075340329548,ref,,PF,25
832,teta,0,0.0,ref,,PF,26
833,v,0,1.06,ref,,PF,26
834,teta,1,-0.08817928610102004,ref,,PF,26
835,v,1,1.045,ref,,PF,26
836,teta,2,-0.17450265672504187,ref,,PF,26
837,v,2,1.0201,ref,,PF,26
838,teta,3,-0.16461417361096073,ref,,PF,26
839,v,3,1.02265007212875,ref,,PF,26
840,teta,4,-0.14288901652662453,ref,,PF,26
841,v,4,1.0241060917141251,ref,,PF,26
842,teta,5,-0.2375879811471978,ref,,PF,26
843,v,5,1.0807,ref,,PF,26
844,teta,6,-0.2181990407536451,ref,,PF,26
845,v,6,1.0656471742625921,ref,,PF,26
846,teta,7,-0.2181990407536451,ref,,PF,26
847,v,7,1.09,ref,,PF,26
848,teta,8,-0.24594037683041678,ref,,PF,26
849,v,8,1.06215385303477,ref,,PF,26
850,teta,9,-0.24932911803623214,ref,,PF,26
851,v,9,1.0580807782128854,ref,,PF,26
852,teta,10,-0.24563970996034315,ref,,PF,26
853,v,10,1.0658331834977532,ref,,PF,26
854,teta,11,-0.25396309179718884,ref,,PF,26
855,v,11,1.0633301871467027,ref,,PF,26
856,teta,12,-0.2537420397841704,ref,,PF,26
857,v,12,1.0601279012563625,ref,,PF,26
858,teta,13,-0.2665234517421287,ref,,PF,26
859,v,13,1.0434364058741212,ref,,PF,26
860,teta,14,0.004577369939506061,ref,,PF,26
861,v,14,1.0286569813321753,ref,,PF,26
862,teta,15,-0.23853389702984967,ref,,PF,26
863,v,15,1.0787479713652606,ref,,PF,26
864,teta,0,0.0,ref,,PF,27
865,v,0,1.06,ref,,PF,27
866,teta,1,-0.08815826674340459,ref,,PF,27
867,v,1,1.045,ref,,PF,27
868,teta,2,-0.1745159113710364,ref,,PF,27
869,v,2,1.0201,ref,,PF,27
870,teta,3,-0.16461903162037297,ref,,PF,27
871,v,3,1.0226277189129171,ref,,PF,27
872,teta,4,-0.14277811668862772,ref,,PF,27
873,v,4,1.0241133362456405,ref,,PF,27
874,teta,5,-0.23758876981670332,ref,,PF,27
875,v,5,1.0807,ref,,PF,27
876,teta,6,-0.2182104074220266,ref,,PF,27
877,v,6,1.0656366435778575,ref,,PF,27
878,teta,7,-0.21821040742202663,ref,,PF,27
879,v,7,1.09,ref,,PF,27
880,teta,8,-0.24595477489719417,ref,,PF,27
881,v,8,1.062143489412667,ref,,PF,27
882,teta,9,-0.24934110096513062,ref,,PF,27
883,v,9,1.0580720086827413,ref,,PF,27
884,teta,10,-0.24564609653501268,ref,,PF,27
885,v,10,1.0658285075331493,ref,,PF,27
886,teta,11,-0.2541558123835208,ref,,PF,27
887,v,11,1.0632284172671147,ref,,PF,27
888,teta,12,-0.25380536627041833,ref,,PF,27
889,v,12,1.0601124572223877,ref,,PF,27
890,teta,13,-0.2665595421316383,ref,,PF,27
891,v,13,1.04342372831344,ref,,PF,27
892,teta,14,0.00455634855685125,ref,,PF,27
893,v,14,1.0286763532587293,ref,,PF,27
894,teta,15,-0.23872370483954036,ref,,PF,27
895,v,15,1.0786476120868567,ref,,PF,27
896,teta,0,0.0,ref,,PF,28
897,v,0,1.06,ref,,PF,28
898,teta,1,-0.08838798984409094,ref,,PF,28
899,v,1,1.045,ref,,PF,28
900,teta,2,-0.17510290472690812,ref,,PF,28
901,v,2,1.0201,ref,,PF,28
902,teta,3,-0.16514711020645026,ref,,PF,28
903,v,3,1.0224674065659087,ref,,PF,28
904,teta,4,-0.14329643529544556,ref,,PF,28
905,v,4,1.023949002526046,ref,,PF,28
906,teta,5,-0.23841120962100215,ref,,PF,28
907,v,5,1.0807,ref,,PF,28
908,teta,6,-0.21883873876990118,ref,,PF,28
909,v,6,1.0655627486154964,ref,,PF,28
910,teta,7,-0.21883873876990118,ref,,PF,28
911,v,7,1.09,ref,,PF,28
912,teta,8,-0.24663240322866753,ref,,PF,28
913,v,8,1.0620750629870217,ref,,PF,28
914,teta,9,-0.25004397730359385,ref,,PF,28
915,v,9,1.0580167059636383,ref,,PF,28
916,teta,10,-0.2464071947231636,ref,,PF,28
917,v,10,1.0658017461947107,ref,,PF,28
918,teta,11,-0.2553911512765152,ref,,PF,28
919,v,11,1.0625382453244676,ref,,PF,28
920,teta,12,-0.25477484018732544,ref,,PF,28
921,v,12,1.0599417705197776,ref,,PF,28
922,teta,13,-0.2673679574750279,ref,,PF,28
923,v,13,1.0433094971930434,ref,,PF,28
924,teta,14,0.0038890257863054404,ref,,PF,28
925,v,14,1.0288767303682305,ref,,PF,28
926,teta,15,-0.2399392684895552,ref,,PF,28
927,v,15,1.0779670130636858,ref,,PF,28
928,teta,0,0.0,ref,,PF,29
929,v,0,1.06,ref,,PF,29
930,teta,1,-0.08845969131752539,ref,,PF,29
931,v,1,1.045,ref,,PF,29
932,teta,2,-0.17527842524693488,ref,,PF,29
933,v,2,1.0201,ref,,PF,29
934,teta,3,-0.16531362686001186,ref,,PF,29
935,v,3,1.022441441829343,ref,,PF,29
936,teta,4,-0.14347419958535396,ref,,PF,29
937,v,4,1.0239432668071646,ref,,PF,29
938,teta,5,-0.23815694026838236,ref,,PF,29
939,v,5,1.0807,ref,,PF,29
940,teta,6,-0.21885839371930338,ref,,PF,29
941,v,6,1.0655449570703526,ref,,PF,29
942,teta,7,-0.21885839371930338,ref,,PF,29
943,v,7,1.09,ref,,PF,29
944,teta,8,-0.246576190363704,ref,,PF,29
945,v,8,1.0620441702446148,ref,,PF,29
946,teta,9,-0.24995291808000109,ref,,PF,29
947,v,9,1.0579888212522928,ref,,PF,29
948,teta,10,-0.24623558145440672,ref,,PF,29
949,v,10,1.0657850484959885,ref,,PF,29
950,teta,11,-0.25425711203029744,ref,,PF,29
951,v,11,1.0633329224008752,ref,,PF,29
952,teta,12,-0.2542410780559178,ref,,PF,29
953,v,12,1.0600913528702531,ref,,PF,29
954,teta,13,-0.2671022219902898,ref,,PF,29
955,v,13,1.043356830024241,ref,,PF,29
956,teta,14,0.0036903760734044956,ref,,PF,29
957,v,14,1.0289344309371262,ref,,PF,29
958,teta,15,-0.23882799553789735,ref,,PF,29
959,v,15,1.0787506687103896,ref,,PF,29
960,teta,0,0.0,ref,,PF,30
961,v,0,1.06,ref,,PF,30
962,teta,1,-0.08907621604879447,ref,,PF,30
963,v,1,1.045,ref,,PF,30
964,teta,2,-0.17699851382188084,ref,,PF,30
965,v,2,1.0201,ref,,PF,30
966,teta,3,-0.16693756362722492,ref,,PF,30
967,v,3,1.022165404909806,ref,,PF,30
968,teta,4,-0.1447571947687597,ref,,PF,30
969,v,4,1.0237300764250175,ref,,PF,30
970,teta,5,-0.23956235080230176,ref,,PF,30
971,v,5,1.0807,ref,,PF,30
972,teta,6,-0.2204277777049476,ref,,PF,30
973,v,6,1.0654150434350214,ref,,PF,30
974,teta,7,-0.2204277777049476,ref,,PF,30
975,v,7,1.09,ref,,PF,30
976,teta,8,-0.24811336391731956,ref,,PF,30
977,v,8,1.061910442728684,ref,,PF,30
978,teta,9,-0.25146661921985825,ref,,PF,30
979,v,9,1.057876146321842,ref,,PF,30
980,teta,10,-0.24769484794890162,ref,,PF,30
981,v,10,1.06572547659364,ref,,PF,30
982,teta,11,-0.2557343293724924,ref,,PF,30
983,v,11,1.063463264070666,ref,,PF,30
984,teta,12,-0.2556716941867129,ref,,PF,30
985,v,12,1.0601144885579747,ref,,PF,30
986,teta,13,-0.2685948901654076,ref,,PF,30
987,v,13,1.0432899400006401,ref,,PF,30
988,teta,14,0.001730202232698786,ref,,PF,30
989,v,14,1.0295335351837285,ref,,PF,30
990,teta,15,-0.24030894218855728,ref,,PF,30
991,v,15,1.0788792041309139,ref,,PF,30
992,teta,0,0.0,ref,,PF,31
993,v,0,1.06,ref,,PF,31
994,teta,1,-0.08948957072159411,ref,,PF,31
995,v,1,1.045,ref,,PF,31
996,teta,2,-0.178133727896709,ref,,PF,31
997,v,2,1.0201,ref,,PF,31
998,teta,3,-0.16801229079236868,ref,,PF,31
999,v,3,1.021991970088575,ref,,PF,31
1000,teta,4,-0.14563649952064464,ref,,PF,31
1001,v,4,1.0235966006730468,ref,,PF,31
1002,teta,5,-0.2403945149414006,ref,,PF,31
1003,v,5,1.0807,ref,,PF,31
1004,teta,6,-0.22143113728136044,ref,,PF,31
1005,v,6,1.06533527847718,ref,,PF,31
1006,teta,7,-0.22143113728136046,ref,,PF,31
1007,v,7,1.09,ref,,PF,31
1008,teta,8,-0.24907724501305664,ref,,PF,31
1009,v,8,1.061828770616511,ref,,PF,31
1010,teta,9,-0.252407165259153,ref,,PF,31
1011,v,9,1.057806760269637,ref,,PF,31
1012,teta,10,-0.24858136275757436,ref,,PF,31
1013,v,10,1.0656881894162882,ref,,PF,31
1014,teta,11,-0.2564667372662869,ref,,PF,31
1015,v,11,1.063874769002382,ref,,PF,31
1016,teta,12,-0.2564612057909435,ref,,PF,31
1017,v,12,1.060211087760346,ref,,PF,31
1018,teta,13,-0.269482706015707,ref,,PF,31
1019,v,13,1.0432853347364033,ref,,PF,31
1020,teta,14,0.0004434450864981359,ref,,PF,31
1021,v,14,1.0299118447849192,ref,,PF,31
1022,teta,15,-0.24105311514305924,ref,,PF,31
1023,v,15,1.079285009220541,ref,,PF,31
1024,teta,0,0.0,ref,,PF,32
1025,v,0,1.06,ref,,PF,32
1026,teta,1,-0.09035298584521373,ref,,PF,32
1027,v,1,1.045,ref,,PF,32
1028,teta,2,-0.18058981594615123,ref,,PF,32
1029,v,2,1.0201,ref,,PF,32
1030,teta,3,-0.17033656796917895,ref,,PF,32
1031,v,3,1.0216161311660177,ref,,PF,32
1032,teta,4,-0.14739440322332165,ref,,PF,32
1033,v,4,1.0233295163294966,ref,,PF,32
1034,teta,5,-0.24221541200671223,ref,,PF,32
1035,v,5,1.0807,ref,,PF,32
1036,teta,6,-0.2236150467775874,ref,,PF,32
1037,v,6,1.065147304748387,ref,,PF,32
1038,teta,7,-0.22361504677758737,ref,,PF,32
1039,v,7,1.09,ref,,PF,32
1040,teta,8,-0.2511838405698267,ref,,PF,32
1041,v,8,1.0616199319433988,ref,,PF,32
1042,teta,9,-0.2544630540497606,ref,,PF,32
1043,v,9,1.0576298964611628,ref,,PF,32
1044,teta,10,-0.2505198109608804,ref,,PF,32
1045,v,10,1.0655937290275344,ref,,PF,32
1046,teta,11,-0.2579097887451901,ref,,PF,32
1047,v,11,1.0640574237690474,ref,,PF,32
1048,teta,12,-0.25819597626932145,ref,,PF,32
1049,v,12,1.0602007532878963,ref,,PF,32
1050,teta,13,-0.27143122765182126,ref,,PF,32
1051,v,13,1.043159736035072,ref,,PF,32
1052,teta,14,-0.002332562757017954,ref,,PF,32
1053,v,14,1.0307108730702095,ref,,PF,32
1054,teta,15,-0.2425013844869248,ref,,PF,32
1055,v,15,1.0794651353165514,ref,,PF,32
1056,teta,0,0.0,ref,,PF,33
1057,v,0,1.06,ref,,PF,33
1058,teta,1,-0.08959924659429389,ref,,PF,33
1059,v,1,1.045,ref,,PF,33
1060,teta,2,-0.17846157203950744,ref,,PF,33
1061,v,2,1.0201,ref,,PF,33
1062,teta,3,-0.16831927598882412,ref,,PF,33
1063,v,3,1.021933176583206,ref,,PF,33
1064,teta,4,-0.14584839381535947,ref,,PF,33
1065,v,4,1.023573504905142,ref,,PF,33
1066,teta,5,-0.24030369128375953,ref,,PF,33
1067,v,5,1.0807,ref,,PF,33
1068,teta,6,-0.22160558869286381,ref,,PF,33
1069,v,6,1.0652993830536346,ref,,PF,33
1070,teta,7,-0.22160558869286381,ref,,PF,33
1071,v,7,1.09,ref,,PF,33
1072,teta,8,-0.24918290516527775,ref,,PF,33
1073,v,8,1.0617772327833555,ref,,PF,33
1074,teta,9,-0.2524781937400899,ref,,PF,33
1075,v,9,1.0577617097734557,ref,,PF,33
1076,teta,10,-0.2485723137663072,ref,,PF,33
1077,v,10,1.0656626565499123,ref,,PF,33
1078,teta,11,-0.25562643304517696,ref,,PF,33
1079,v,11,1.0644207870595292,ref,,PF,33
1080,teta,12,-0.25614471552351037,ref,,PF,33
1081,v,12,1.0602970552487696,ref,,PF,33
1082,teta,13,-0.26940424247050215,ref,,PF,33
1083,v,13,1.0432926764492971,ref,,PF,33
1084,teta,14,7.062352272712794e-05,ref,,PF,33
1085,v,14,1.0300241482842933,ref,,PF,33
1086,teta,15,-0.24022840107715582,ref,,PF,33
1087,v,15,1.0798234706191807,ref,,PF,33
1088,teta,0,0.0,ref,,PF,34
1089,v,0,1.06,ref,,PF,34
1090,teta,1,-0.08961017228267494,ref,,PF,34
1091,v,1,1.045,ref,,PF,34
1092,teta,2,-0.17847949906404528,ref,,PF,34
1093,v,2,1.0201,ref,,PF,34
1094,teta,3,-0.16836163553208774,ref,,PF,34
1095,v,3,1.021994862226475,ref,,PF,34
1096,teta,4,-0.14588824253990887,ref,,PF,34
1097,v,4,1.023626631576346,ref,,PF,34
1098,teta,5,-0.2403352692900312,ref,,PF,34
1099,v,5,1.0807,ref,,PF,34
1100,teta,6,-0.22164389599039588,ref,,PF,34
1101,v,6,1.0653228618626531,ref,,PF,34
1102,teta,7,-0.2216438959903959,ref,,PF,34
1103,v,7,1.09,ref,,PF,34
1104,teta,8,-0.24922033425928428,ref,,PF,34
1105,v,8,1.0617944548591558,ref,,PF,34
1106,teta,9,-0.25251464025933335,ref,,PF,34
1107,v,9,1.057775966961046,ref,,PF,34
1108,teta,10,-0.24860651592217806,ref,,PF,34
1109,v,10,1.06566992702706,ref,,PF,34
1110,teta,11,-0.2555214150218942,ref,,PF,34
1111,v,11,1.064267646359941,ref,,PF,34
1112,teta,12,-0.2561502654756173,ref,,PF,34
1113,v,12,1.0602445321771257,ref,,PF,34
1114,teta,13,-0.26942840840727483,ref,,PF,34
1115,v,13,1.0432792262596673,ref,,PF,34
1116,teta,14,5.1259327441306117e-05,ref,,PF,34
1117,v,14,1.0300277369066708,ref,,PF,34
1118,teta,15,-0.24011901288859439,ref,,PF,34
1119,v,15,1.079672448591344,ref,,PF,34
1120,teta,0,0.0,ref,,PF,35
1121,v,0,1.06,ref,,PF,35
1122,teta,1,-0.09060132144564316,ref,,PF,35
1123,v,1,1.045,ref,,PF,35
1124,teta,2,-0.1811965501936633,ref,,PF,35
1125,v,2,1.0201,ref,,PF,35
1126,teta,3,-0.17093323758673928,ref,,PF,35
1127,v,3,1.021581620935677,ref,,PF,35
1128,teta,4,-0.14799780252347686,ref,,PF,35
1129,v,4,1.023289221881942,ref,,PF,35
1130,teta,5,-0.24307609546152856,ref,,PF,35
1131,v,5,1.0807,ref,,PF,35
1132,teta,6,-0.22430194769978395,ref,,PF,35
1133,v,6,1.06513268059821,ref,,PF,35
1134,teta,7,-0.22430194769978395,ref,,PF,35
1135,v,7,1.09,ref,,PF,35
1136,teta,8,-0.2519166981937112,ref,,PF,35
1137,v,8,1.0616110032485537,ref,,PF,35
1138,teta,9,-0.25521833509771585,ref,,PF,35
1139,v,9,1.0576238980485517,ref,,PF,35
1140,teta,10,-0.2513268729137291,ref,,PF,35
1141,v,10,1.0655921650533973,ref,,PF,35
1142,teta,11,-0.2591998894154014,ref,,PF,35
1143,v,11,1.0634887162035755,ref,,PF,35
1144,teta,12,-0.2592023355738827,ref,,PF,35
1145,v,12,1.060073648451499,ref,,PF,35
1146,teta,13,-0.27228526039949885,ref,,PF,35
1147,v,13,1.0430990260315984,ref,,PF,35
1148,teta,14,-0.0030086805697585113,ref,,PF,35
1149,v,14,1.0308842338034252,ref,,PF,35
1150,teta,15,-0.24377523030526985,ref,,PF,35
1151,v,15,1.078904303601482,ref,,PF,35
1152,teta,0,0.0,ref,,PF,36
1153,v,0,1.06,ref,,PF,36
1154,teta,1,-0.0906549219620095,ref,,PF,36
1155,v,1,1.045,ref,,PF,36
1156,teta,2,-0.181318479787677,ref,,PF,36
1157,v,2,1.0201,ref,,PF,36
1158,teta,3,-0.17107709716825475,ref,,PF,36
1159,v,3,1.0216354144698228,ref,,PF,36
1160,teta,4,-0.14813887223231104,ref,,PF,36
1161,v,4,1.0233244465929177,ref,,PF,36
1162,teta,5,-0.2430544479564127,ref,,PF,36
1163,v,5,1.0807,ref,,PF,36
1164,teta,6,-0.22438969532369882,ref,,PF,36
1165,v,6,1.065158346218012,ref,,PF,36
1166,teta,7,-0.22438969532369885,ref,,PF,36
1167,v,7,1.09,ref,,PF,36
1168,teta,8,-0.25197626504446446,ref,,PF,36
1169,v,8,1.061634844731589,ref,,PF,36
1170,teta,9,-0.25526370245245716,ref,,PF,36
1171,v,9,1.057642819137296,ref,,PF,36
1172,teta,10,-0.25133947715492777,ref,,PF,36
1173,v,10,1.0656009383625846,ref,,PF,36
1174,teta,11,-0.25896875866695496,ref,,PF,36
1175,v,11,1.0639049073170752,ref,,PF,36
1176,teta,12,-0.2591020148937679,ref,,PF,36
1177,v,12,1.0601774893846756,ref,,PF,36
1178,teta,13,-0.27227319454189036,ref,,PF,36
1179,v,13,1.04315830599904,ref,,PF,36
1180,teta,14,-0.0031437333676068574,ref,,PF,36
1181,v,14,1.0309170260116134,ref,,PF,36
1182,teta,15,-0.24355599768111943,ref,,PF,36
1183,v,15,1.0793147302449038,ref,,PF,36
1184,teta,0,0.0,ref,,PF,37
1185,v,0,1.06,ref,,PF,37
1186,teta,1,-0.08977587681079428,ref,,PF,37
1187,v,1,1.045,ref,,PF,37
1188,teta,2,-0.17890259355992102,ref,,PF,37
1189,v,2,1.0201,ref,,PF,37
1190,teta,3,-0.1687803412157483,ref,,PF,37
1191,v,3,1.0219767902183592,ref,,PF,37
1192,teta,4,-0.14627375017466998,ref,,PF,37
1193,v,4,1.023607375509849,ref,,PF,37
1194,teta,5,-0.24097222370780658,ref,,PF,37
1195,v,5,1.0807,ref,,PF,37
1196,teta,6,-0.2221419100988987,ref,,PF,37
1197,v,6,1.065324349848906,ref,,PF,37
1198,teta,7,-0.2221419100988987,ref,,PF,37
1199,v,7,1.09,ref,,PF,37
1200,teta,8,-0.24975845077549094,ref,,PF,37
1201,v,8,1.0618108667179684,ref,,PF,37
1202,teta,9,-0.25307015314534176,ref,,PF,37
1203,v,9,1.057790718027904,ref,,PF,37
1204,teta,10,-0.2492022395195652,ref,,PF,37
1205,v,10,1.0656786990322744,ref,,PF,37
1206,teta,11,-0.25685666680531505,ref,,PF,37
1207,v,11,1.0640684733516095,ref,,PF,37
1208,teta,12,-0.25698482107822507,ref,,PF,37
1209,v,12,1.060247238998821,ref,,PF,37
1210,teta,13,-0.2700950912713608,ref,,PF,37
1211,v,13,1.043290646528301,ref,,PF,37
1212,teta,14,-0.00042440373556961803,ref,,PF,37
1213,v,14,1.0301590081378993,ref,,PF,37
1214,teta,15,-0.2414485781138499,ref,,PF,37
1215,v,15,1.0794760319547891,ref,,PF,37
1216,teta,0,0.0,ref,,PF,38
1217,v,0,1.06,ref,,PF,38
1218,teta,1,-0.08968527311513977,ref,,PF,38
1219,v,1,1.045,ref,,PF,38
1220,teta,2,-0.17867161829725545,ref,,PF,38
1221,v,2,1.0201,ref,,PF,38
1222,teta,3,-0.1685488123579745,ref,,PF,38
1223,v,3,1.0219791711499848,ref,,PF,38
1224,teta,4,-0.14606585429196853,ref,,PF,38
1225,v,4,1.023625969022461,ref,,PF,38
1226,teta,5,-0.2404370033413424,ref,,PF,38
1227,v,5,1.0807,ref,,PF,38
1228,teta,6,-0.22180279816549725,ref,,PF,38
1229,v,6,1.065317943783693,ref,,PF,38
1230,teta,7,-0.22180279816549725,ref,,PF,38
1231,v,7,1.09,ref,,PF,38
1232,teta,8,-0.24936427831532645,ref,,PF,38
1233,v,8,1.0617910396215364,ref,,PF,38
1234,teta,9,-0.2526511642236631,ref,,PF,38
1235,v,9,1.0577726554795501,ref,,PF,38
1236,teta,10,-0.24872589415415192,ref,,PF,38
1237,v,10,1.0656677187258583,ref,,PF,38
1238,teta,11,-0.2555708994541602,ref,,PF,38
1239,v,11,1.0645414277488872,ref,,PF,38
1240,teta,12,-0.25622250113329764,ref,,PF,38
1241,v,12,1.0603173521529334,ref,,PF,38
1242,teta,13,-0.2695400147734014,ref,,PF,38
1243,v,13,1.0433093232273598,ref,,PF,38
1244,teta,14,-0.00016482348418946164,ref,,PF,38
1245,v,14,1.030087575636132,ref,,PF,38
1246,teta,15,-0.240176308896837,ref,,PF,38
1247,v,15,1.0799424426689734,ref,,PF,38
1248,teta,0,0.0,ref,,PF,39
1249,v,0,1.06,ref,,PF,39
1250,teta,1,-0.0895657397825651,ref,,PF,39
1251,v,1,1.045,ref,,PF,39
1252,teta,2,-0.17832520298140694,ref,,PF,39
1253,v,2,1.0201,ref,,PF,39
1254,teta,3,-0.168245872627729,ref,,PF,39
1255,v,3,1.0220954617454812,ref,,PF,39
1256,teta,4,-0.14583574766442065,ref,,PF,39
1257,v,4,1.0237270648585517,ref,,PF,39
1258,teta,5,-0.24027771860674954,ref,,PF,39
1259,v,5,1.0807,ref,,PF,39
1260,teta,6,-0.22154540398178213,ref,,PF,39
1261,v,6,1.0653719740596668,ref,,PF,39
1262,teta,7,-0.22154540398178213,ref,,PF,39
1263,v,7,1.09,ref,,PF,39
1264,teta,8,-0.24913212864380174,ref,,PF,39
1265,v,8,1.0618468665752547,ref,,PF,39
1266,teta,9,-0.2524319530467228,ref,,PF,39
1267,v,9,1.0578198964629664,ref,,PF,39
1268,teta,10,-0.24853665405670425,ref,,PF,39
1269,v,10,1.0656929092846863,ref,,PF,39
1270,teta,11,-0.25557194860942206,ref,,PF,39
1271,v,11,1.0642763233937806,ref,,PF,39
1272,teta,12,-0.25611907700034553,ref,,PF,39
1273,v,12,1.0602630078127577,ref,,PF,39
1274,teta,13,-0.2693638297058618,ref,,PF,39
1275,v,13,1.04331769034027,ref,,PF,39
1276,teta,14,0.00022815170050847756,ref,,PF,39
1277,v,14,1.0299713150821934,ref,,PF,39
1278,teta,15,-0.240169794141537,ref,,PF,39
1279,v,15,1.0796810055648902,ref,,PF,39
1280,teta,0,0.0,ref,,PF,40
1281,v,0,1.06,ref,,PF,40
1282,teta,1,-0.08958939473430108,ref,,PF,40
1283,v,1,1.045,ref,,PF,40
1284,teta,2,-0.17834607538716202,ref,,PF,40
1285,v,2,1.0201,ref,,PF,40
1286,teta,3,-0.16825531659100904,ref,,PF,40
1287,v,3,1.022066587900353,ref,,PF,40
1288,teta,4,-0.14592272513122018,ref,,PF,40
1289,v,4,1.0236796446490941,ref,,PF,40
1290,teta,5,-0.24057684881962452,ref,,PF,40
1291,v,5,1.0807,ref,,PF,40
1292,teta,6,-0.22164952310893615,ref,,PF,40
1293,v,6,1.065362432798039,ref,,PF,40
1294,teta,7,-0.22164952310893615,ref,,PF,40
1295,v,7,1.09,ref,,PF,40
1296,teta,8,-0.24928445608129138,ref,,PF,40
1297,v,8,1.0618460445587552,ref,,PF,40
1298,teta,9,-0.25261005297313593,ref,,PF,40
1299,v,9,1.0578208489678456,ref,,PF,40
1300,teta,10,-0.24877428944163282,ref,,PF,40
1301,v,10,1.065695147182985,ref,,PF,40
1302,teta,11,-0.25628905347186604,ref,,PF,40
1303,v,11,1.0637972950598271,ref,,PF,40
1304,teta,12,-0.25655194046909174,ref,,PF,40
1305,v,12,1.060162078787796,ref,,PF,40
1306,teta,13,-0.2696398118620326,ref,,PF,40
1307,v,13,1.043273254899847,ref,,PF,40
1308,teta,14,0.0002078528338212944,ref,,PF,40
1309,v,14,1.0299698830173794,ref,,PF,40
1310,teta,15,-0.2408732173676276,ref,,PF,40
1311,v,15,1.0792086080713579,ref,,PF,40
1312,teta,0,0.0,ref,,PF,41
1313,v,0,1.06,ref,,PF,41
1314,teta,1,-0.08923478746535674,ref,,PF,41
1315,v,1,1.045,ref,,PF,41
1316,teta,2,-0.17736944029422427,ref,,PF,41
1317,v,2,1.0201,ref,,PF,41
1318,teta,3,-0.1673292963264919,ref,,PF,41
1319,v,3,1.0222120976603601,ref,,PF,41
1320,teta,4,-0.14517209770171838,ref,,PF,41
1321,v,4,1.023795583755687,ref,,PF,41
1322,teta,5,-0.23951059256055818,ref,,PF,41
1323,v,5,1.0807,ref,,PF,41
1324,teta,6,-0.22066471481816075,ref,,PF,41
1325,v,6,1.0654306758977654,ref,,PF,41
1326,teta,7,-0.22066471481816075,ref,,PF,41
1327,v,7,1.09,ref,,PF,41
1328,teta,8,-0.2482714549350014,ref,,PF,41
1329,v,8,1.0619121240110259,ref,,PF,41
1330,teta,9,-0.251587872305888,ref,,PF,41
1331,v,9,1.0578752098101454,ref,,PF,41
1332,teta,10,-0.2477310025468866,ref,,PF,41
1333,v,10,1.0657225011232712,ref,,PF,41
1334,teta,11,-0.2547797335963608,ref,,PF,41
1335,v,11,1.0643178858921396,ref,,PF,41
1336,teta,12,-0.25533116330431804,ref,,PF,41
1337,v,12,1.0602831078167159,ref,,PF,41
1338,teta,13,-0.26853338986307107,ref,,PF,41
1339,v,13,1.0433642989138825,ref,,PF,41
1340,teta,14,0.0013142547003551395,ref,,PF,41
1341,v,14,1.029645912737878,ref,,PF,41
1342,teta,15,-0.23937876534900768,ref,,PF,41
1343,v,15,1.0797219930067374,ref,,PF,41
1344,teta,0,0.0,ref,,PF,42
1345,v,0,1.06,ref,,PF,42
1346,teta,1,-0.08778307455375069,ref,,PF,42
1347,v,1,1.045,ref,,PF,42
1348,teta,2,-0.17336313225498234,ref,,PF,42
1349,v,2,1.0201,ref,,PF,42
1350,teta,3,-0.1634944495940664,ref,,PF,42
1351,v,3,1.0227237477404383,ref,,PF,42
1352,teta,4,-0.1421088658480929,ref,,PF,42
1353,v,4,1.024219684812551,ref,,PF,42
1354,teta,5,-0.2360833845095312,ref,,PF,42
1355,v,5,1.0807,ref,,PF,42
1356,teta,6,-0.21692379536652595,ref,,PF,42
1357,v,6,1.0656776762247262,ref,,PF,42
1358,teta,7,-0.21692379536652595,ref,,PF,42
1359,v,7,1.09,ref,,PF,42
1360,teta,8,-0.24458616780100204,ref,,PF,42
1361,v,8,1.062172985844629,ref,,PF,42
1362,teta,9,-0.2479485595821911,ref,,PF,42
1363,v,9,1.0580950217890983,ref,,PF,42
1364,teta,10,-0.24419830319864627,ref,,PF,42
1365,v,10,1.065838735939586,ref,,PF,42
1366,teta,11,-0.25116255262640524,ref,,PF,42
1367,v,11,1.0644080873683743,ref,,PF,42
1368,teta,12,-0.2518155542483505,ref,,PF,42
1369,v,12,1.0603324246785581,ref,,PF,42
1370,teta,13,-0.26491678864995793,ref,,PF,42
1371,v,13,1.043536538876422,ref,,PF,42
1372,teta,14,0.00588799942049676,ref,,PF,42
1373,v,14,1.0282302866772899,ref,,PF,42
1374,teta,15,-0.23576415831843653,ref,,PF,42
1375,v,15,1.0798109466042287,ref,,PF,42
1376,teta,0,0.0,ref,,PF,43
1377,v,0,1.06,ref,,PF,43
1378,teta,1,-0.0880759315774753,ref,,PF,43
1379,v,1,1.045,ref,,PF,43
1380,teta,2,-0.1742388040905895,ref,,PF,43
1381,v,2,1.0201,ref,,PF,43
1382,teta,3,-0.1643503695007298,ref,,PF,43
1383,v,3,1.0226551835466806,ref,,PF,43
1384,teta,4,-0.1426683523315173,ref,,PF,43
1385,v,4,1.024189871828386,ref,,PF,43
1386,teta,5,-0.2363268838960332,ref,,PF,43
1387,v,5,1.0807,ref,,PF,43
1388,teta,6,-0.2175877674351326,ref,,PF,43
1389,v,6,1.0656395167551782,ref,,PF,43
1390,teta,7,-0.2175877674351326,ref,,PF,43
1391,v,7,1.09,ref,,PF,43
1392,teta,8,-0.24515037858841046,ref,,PF,43
1393,v,8,1.0621191737180449,ref,,PF,43
1394,teta,9,-0.24845633653707208,ref,,PF,43
1395,v,9,1.0580467011858545,ref,,PF,43
1396,teta,10,-0.24457561137169073,ref,,PF,43
1397,v,10,1.0658100468122278,ref,,PF,43
1398,teta,11,-0.2507467198151464,ref,,PF,43
1399,v,11,1.0653614822690078,ref,,PF,43
1400,teta,12,-0.2518437611648781,ref,,PF,43
1401,v,12,1.0605391359841745,ref,,PF,43
1402,teta,13,-0.265245413931689,ref,,PF,43
1403,v,13,1.0435957236970421,ref,,PF,43
1404,teta,14,0.004877735068134929,ref,,PF,43
1405,v,14,1.0285659153883795,ref,,PF,43
1406,teta,15,-0.2353754918136852,ref,,PF,43
1407,v,15,1.0807511639733993,ref,,PF,43
1408,teta,0,0.0,ref,,PF,44
1409,v,0,1.06,ref,,PF,44
1410,teta,1,-0.08796467095147047,ref,,PF,44
1411,v,1,1.045,ref,,PF,44
1412,teta,2,-0.17391749215161875,ref,,PF,44
1413,v,2,1.0201,ref,,PF,44
1414,teta,3,-0.16407975298772406,ref,,PF,44
1415,v,3,1.0227903576851907,ref,,PF,44
1416,teta,4,-0.14245164537308314,ref,,PF,44
1417,v,4,1.0242917941604057,ref,,PF,44
1418,teta,5,-0.23608330762755486,ref,,PF,44
1419,v,5,1.0807,ref,,PF,44
1420,teta,6,-0.2173237848777269,ref,,PF,44
1421,v,6,1.0657013811570373,ref,,PF,44
1422,teta,7,-0.2173237848777269,ref,,PF,44
1423,v,7,1.09,ref,,PF,44
1424,teta,8,-0.24489189390743313,ref,,PF,44
1425,v,8,1.0621799901988125,ref,,PF,44
1426,teta,9,-0.24820062630699216,ref,,PF,44
1427,v,9,1.058097444407878,ref,,PF,44
1428,teta,10,-0.24432640176716303,ref,,PF,44
1429,v,10,1.065836349274455,ref,,PF,44
1430,teta,11,-0.2504918211614615,ref,,PF,44
1431,v,11,1.0653247027144663,ref,,PF,44
1432,teta,12,-0.2515985595938324,ref,,PF,44
1433,v,12,1.0605358960654252,ref,,PF,44
1434,teta,13,-0.26499177296415416,ref,,PF,44
1435,v,13,1.043629283540758,ref,,PF,44
1436,teta,14,0.005247190177202158,ref,,PF,44
1437,v,14,1.0284458517696269,ref,,PF,44
1438,teta,15,-0.23511954648090666,ref,,PF,44
1439,v,15,1.0807148923660501,ref,,PF,44
1440,teta,0,0.0,ref,,PF,45
1441,v,0,1.06,ref,,PF,45
1442,teta,1,-0.08822526554539627,ref,,PF,45
1443,v,1,1.045,ref,,PF,45
1444,teta,2,-0.17467826534561712,ref,,PF,45
1445,v,2,1.0201,ref,,PF,45
1446,teta,3,-0.16477314405025897,ref,,PF,45
1447,v,3,1.022603881076096,ref,,PF,45
1448,teta,4,-0.14296119883974379,ref,,PF,45
1449,v,4,1.0241668928303744,ref,,PF,45
1450,teta,5,-0.23665654234841801,ref,,PF,45
1451,v,5,1.0807,ref,,PF,45
1452,teta,6,-0.21798579961864528,ref,,PF,45
1453,v,6,1.0656096727420434,ref,,PF,45
1454,teta,7,-0.21798579961864525,ref,,PF,45
1455,v,7,1.09,ref,,PF,45
1456,teta,8,-0.24553520677382415,ref,,PF,45
1457,v,8,1.0620814230990565,ref,,PF,45
1458,teta,9,-0.24883138236352284,ref,,PF,45
1459,v,9,1.0580146910244692,ref,,PF,45
1460,teta,10,-0.24492800008350946,ref,,PF,45
1461,v,10,1.0657929090329774,ref,,PF,45
1462,teta,11,-0.250956323929812,ref,,PF,45
1463,v,11,1.0652500779929448,ref,,PF,45
1464,teta,12,-0.2521543893591265,ref,,PF,45
1465,v,12,1.0604917697097724,ref,,PF,45
1466,teta,13,-0.26559938869258076,ref,,PF,45
1467,v,13,1.0435528388782602,ref,,PF,45
1468,teta,14,0.004372442421240294,ref,,PF,45
1469,v,14,1.0287301106428561,ref,,PF,45
1470,teta,15,-0.2355819252385267,ref,,PF,45
1471,v,15,1.0806412983563114,ref,,PF,45
1472,teta,0,0.0,ref,,PF,46
1473,v,0,1.06,ref,,PF,46
1474,teta,1,-0.08860009780709707,ref,,PF,46
1475,v,1,1.045,ref,,PF,46
1476,teta,2,-0.17567936957917704,ref,,PF,46
1477,v,2,1.0201,ref,,PF,46
1478,teta,3,-0.1657570193241579,ref,,PF,46
1479,v,3,1.0225412491039882,ref,,PF,46
1480,teta,4,-0.14378361726912034,ref,,PF,46
1481,v,4,1.0240910169452702,ref,,PF,46
1482,teta,5,-0.23776665863188556,ref,,PF,46
1483,v,5,1.0807,ref,,PF,46
1484,teta,6,-0.2190218799042767,ref,,PF,46
1485,v,6,1.0655734367967107,ref,,PF,46
1486,teta,7,-0.2190218799042767,ref,,PF,46
1487,v,7,1.09,ref,,PF,46
1488,teta,8,-0.24659769746807766,ref,,PF,46
1489,v,8,1.062039421364017,ref,,PF,46
1490,teta,9,-0.24990212438658577,ref,,PF,46
1491,v,9,1.0579802923366437,ref,,PF,46
1492,teta,10,-0.24601774361110174,ref,,PF,46
1493,v,10,1.0657757667028647,ref,,PF,46
1494,teta,11,-0.2523032592735398,ref,,PF,46
1495,v,11,1.0645557193558441,ref,,PF,46
1496,teta,12,-0.25337526151023054,ref,,PF,46
1497,v,12,1.060307786627512,ref,,PF,46
1498,teta,13,-0.2667344943783525,ref,,PF,46
1499,v,13,1.043447641412458,ref,,PF,46
1500,teta,14,0.0032318060043211145,ref,,PF,46
1501,v,14,1.0290782022026417,ref,,PF,46
1502,teta,15,-0.2369090763239999,ref,,PF,46
1503,v,15,1.079956536625315,ref,,PF,46
1504,teta,0,0.0,ref,,PF,47
1505,v,0,1.06,ref,,PF,47
1506,teta,1,-0.08913526796804368,ref,,PF,47
1507,v,1,1.045,ref,,PF,47
1508,teta,2,-0.1772401397012295,ref,,PF,47
1509,v,2,1.0201,ref,,PF,47
1510,teta,3,-0.16722717422891334,ref,,PF,47
1511,v,3,1.022281808550206,ref,,PF,47
1512,teta,4,-0.14483559306890684,ref,,PF,47
1513,v,4,1.023917791186062,ref,,PF,47
1514,teta,5,-0.2392344542169542,ref,,PF,47
1515,v,5,1.0807,ref,,PF,47
1516,teta,6,-0.22051657846827938,ref,,PF,47
1517,v,6,1.065447328790727,ref,,PF,47
1518,teta,7,-0.22051657846827938,ref,,PF,47
1519,v,7,1.09,ref,,PF,47
1520,teta,8,-0.24810149341894155,ref,,PF,47
1521,v,8,1.061908504495524,ref,,PF,47
1522,teta,9,-0.25139926057456785,ref,,PF,47
1523,v,9,1.057871015793034,ref,,PF,47
1524,teta,10,-0.2474993002244971,ref,,PF,47
1525,v,10,1.0657190772658904,ref,,PF,47
1526,teta,11,-0.2542214862453097,ref,,PF,47
1527,v,11,1.0639704448249745,ref,,PF,47
1528,teta,12,-0.2550146678598676,ref,,PF,47
1529,v,12,1.060158875000993,ref,,PF,47
1530,teta,13,-0.26830185831537995,ref,,PF,47
1531,v,13,1.0433067992212846,ref,,PF,47
1532,teta,14,0.001449846777620301,ref,,PF,47
1533,v,14,1.0296302078725323,ref,,PF,47
1534,teta,15,-0.2388105976047664,ref,,PF,47
1535,v,15,1.0793793604069246,ref,,PF,47
1536,teta,0,0.0,ref,,PF,48
1537,v,0,1.06,ref,,PF,48
1538,teta,1,-0.0887705873608518,ref,,PF,48
1539,v,1,1.045,ref,,PF,48
1540,teta,2,-0.1762653660581087,ref,,PF,48
1541,v,2,1.0201,ref,,PF,48
1542,teta,3,-0.16627398445960576,ref,,PF,48
1543,v,3,1.0223540170976833,ref,,PF,48
1544,teta,4,-0.14403391334596968,ref,,PF,48
1545,v,4,1.0239902962671736,ref,,PF,48
1546,teta,5,-0.23815797390886193,ref,,PF,48
1547,v,5,1.0807,ref,,PF,48
1548,teta,6,-0.21951106141739066,ref,,PF,48
1549,v,6,1.0654796320650608,ref,,PF,48
1550,teta,7,-0.21951106141739063,ref,,PF,48
1551,v,7,1.09,ref,,PF,48
1552,teta,8,-0.24707011785030372,ref,,PF,48
1553,v,8,1.0619369117744972,ref,,PF,48
1554,teta,9,-0.25036004020472924,ref,,PF,48
1555,v,9,1.0578941368005423,ref,,PF,48
1556,teta,10,-0.24644199861859162,ref,,PF,48
1557,v,10,1.065730443147748,ref,,PF,48
1558,teta,11,-0.2526777937486016,ref,,PF,48
1559,v,11,1.064357359460395,ref,,PF,48
1560,teta,12,-0.25378524192855384,ref,,PF,48
1561,v,12,1.0602349488808376,ref,,PF,48
1562,teta,13,-0.2671826532350562,ref,,PF,48
1563,v,13,1.043356283662169,ref,,PF,48
1564,teta,14,0.0025551256587593523,ref,,PF,48
1565,v,14,1.0293044850892634,ref,,PF,48
1566,teta,15,-0.23727795197621152,ref,,PF,48
1567,v,15,1.0797609204595489,ref,,PF,48
1568,teta,0,0.0,ref,,PF,49
1569,v,0,1.06,ref,,PF,49
1570,teta,1,-0.08797687487266243,ref,,PF,49
1571,v,1,1.045,ref,,PF,49
1572,teta,2,-0.17401370438560665,ref,,PF,49
1573,v,2,1.0201,ref,,PF,49
1574,teta,3,-0.16412122023982836,ref,,PF,49
1575,v,3,1.0226488606842572,ref,,PF,49
1576,teta,4,-0.1424131837930879,ref,,PF,49
1577,v,4,1.024203075559997,ref,,PF,49
1578,teta,5,-0.23605431125544687,ref,,PF,49
1579,v,5,1.0807,ref,,PF,49
1580,teta,6,-0.2173421608811137,ref,,PF,49
1581,v,6,1.0656211980250487,ref,,PF,49
1582,teta,7,-0.2173421608811137,ref,,PF,49
1583,v,7,1.09,ref,,PF,49
1584,teta,8,-0.2448970400062336,ref,,PF,49
1585,v,8,1.0620824520520233,ref,,PF,49
1586,teta,9,-0.24819952643026902,ref,,PF,49
1587,v,9,1.0580159477029396,ref,,PF,49
1588,teta,10,-0.24431072617870023,ref,,PF,49
1589,v,10,1.0657939843784159,ref,,PF,49
1590,teta,11,-0.24998210900986279,ref,,PF,49
1591,v,11,1.0649013075201197,ref,,PF,49
1592,teta,12,-0.25146946046040486,ref,,PF,49
1593,v,12,1.060363178231746,ref,,PF,49
1594,teta,13,-0.2649430327941356,ref,,PF,49
1595,v,13,1.043496343680059,ref,,PF,49
1596,teta,14,0.005131674551407424,ref,,PF,49
1597,v,14,1.0284939908190411,ref,,PF,49
1598,teta,15,-0.23459777760321632,ref,,PF,49
1599,v,15,1.08029734686727,ref,,PF,49
1600,teta,0,0.0,ref,,PF,50
1601,v,0,1.06,ref,,PF,50
1602,teta,1,-0.08919936645415756,ref,,PF,50
1603,v,1,1.045,ref,,PF,50
1604,teta,2,-0.17749297116223406,ref,,PF,50
1605,v,2,1.0201,ref,,PF,50
1606,teta,3,-0.1674243360698998,ref,,PF,50
1607,v,3,1.0221354455951188,ref,,PF,50
1608,teta,4,-0.14489739182525485,ref,,PF,50
1609,v,4,1.0238355395468393,ref,,PF,50
1610,teta,5,-0.23881685929280588,ref,,PF,50
1611,v,5,1.0807,ref,,PF,50
1612,teta,6,-0.22050685965272043,ref,,PF,50
1613,v,6,1.065362618878262,ref,,PF,50
1614,teta,7,-0.22050685965272043,ref,,PF,50
1615,v,7,1.09,ref,,PF,50
1616,teta,8,-0.24798374252196825,ref,,PF,50
1617,v,8,1.0617956974870377,ref,,PF,50
1618,teta,9,-0.25122857069087784,ref,,PF,50
1619,v,9,1.057773848793392,ref,,PF,50
1620,teta,10,-0.24720615124979856,ref,,PF,50
1621,v,10,1.0656654693300085,ref,,PF,50
1622,teta,11,-0.2524913435540967,ref,,PF,50
1623,v,11,1.06470342260116,ref,,PF,50
1624,teta,12,-0.2542123399914493,ref,,PF,50
1625,v,12,1.0602430412973831,ref,,PF,50
1626,teta,13,-0.26788691385898694,ref,,PF,50
1627,v,13,1.0432773243873688,ref,,PF,50
1628,teta,14,0.0011572665339342296,ref,,PF,50
1629,v,14,1.0297294325803423,ref,,PF,50
1630,teta,15,-0.23710137227450012,ref,,PF,50
1631,v,15,1.0801021974477825,ref,,PF,50
1632,teta,0,0.0,ref,,PF,51
1633,v,0,1.06,ref,,PF,51
1634,teta,1,-0.08964928618457571,ref,,PF,51
1635,v,1,1.045,ref,,PF,51
1636,teta,2,-0.17873518597932359,ref,,PF,51
1637,v,2,1.0201,ref,,PF,51
1638,teta,3,-0.16858711746087987,ref,,PF,51
1639,v,3,1.0219125094484707,ref,,PF,51
1640,teta,4,-0.14584015465799255,ref,,PF,51
1641,v,4,1.023639933052067,ref,,PF,51
1642,teta,5,-0.24011341427089025,ref,,PF,51
1643,v,5,1.0807,ref,,PF,51
1644,teta,6,-0.2217286853397088,ref,,PF,51
1645,v,6,1.0652597127335566,ref,,PF,51
1646,teta,7,-0.22172868533970877,ref,,PF,51
1647,v,7,1.09,ref,,PF,51
1648,teta,8,-0.24923267615026104,ref,,PF,51
1649,v,8,1.0616966130105718,ref,,PF,51
1650,teta,9,-0.25248560480985927,ref,,PF,51
1651,v,9,1.0576919800607145,ref,,PF,51
1652,teta,10,-0.24848175708882897,ref,,PF,51
1653,v,10,1.0656238898359676,ref,,PF,51
1654,teta,11,-0.2542951995294338,ref,,PF,51
1655,v,11,1.0641973741009745,ref,,PF,51
1656,teta,12,-0.2556807709190991,ref,,PF,51
1657,v,12,1.060127137857604,ref,,PF,51
1658,teta,13,-0.2692348247850943,ref,,PF,51
1659,v,13,1.0431696574118998,ref,,PF,51
1660,teta,14,-0.0002486942459621462,ref,,PF,51
1661,v,14,1.0301382761435924,ref,,PF,51
1662,teta,15,-0.23889079142150882,ref,,PF,51
1663,v,15,1.0796031487260072,ref,,PF,51
1664,teta,0,0.0,ref,,PF,52
1665,v,0,1.06,ref,,PF,52
1666,teta,1,-0.09026417005021087,ref,,PF,52
1667,v,1,1.045,ref,,PF,52
1668,teta,2,-0.18045735456001377,ref,,PF,52
1669,v,2,1.0201,ref,,PF,52
1670,teta,3,-0.1702123981205703,ref,,PF,52
1671,v,3,1.021638227149795,ref,,PF,52
1672,teta,4,-0.1471136438891145,ref,,PF,52
1673,v,4,1.0234249490127976,ref,,PF,52
1674,teta,5,-0.24182475886239893,ref,,PF,52
1675,v,5,1.0807,ref,,PF,52
1676,teta,6,-0.2234047253117434,ref,,PF,52
1677,v,6,1.0651301166197564,ref,,PF,52
1678,teta,7,-0.2234047253117434,ref,,PF,52
1679,v,7,1.09,ref,,PF,52
1680,teta,8,-0.2509309311198334,ref,,PF,52
1681,v,8,1.0615673145236337,ref,,PF,52
1682,teta,9,-0.2541858182242482,ref,,PF,52
1683,v,9,1.0575845973067455,ref,,PF,52
1684,teta,10,-0.25018630976655837,ref,,PF,52
1685,v,10,1.065568761212578,ref,,PF,52
1686,teta,11,-0.2565669989285193,ref,,PF,52
1687,v,11,1.0635824306040316,ref,,PF,52
1688,teta,12,-0.25759062860624116,ref,,PF,52
1689,v,12,1.059979710464203,ref,,PF,52
1690,teta,13,-0.27102964358416537,ref,,PF,52
1691,v,13,1.0430306244682703,ref,,PF,52
1692,teta,14,-0.0021915882515011103,ref,,PF,52
1693,v,14,1.030689604013665,ref,,PF,52
1694,teta,15,-0.24114502013403522,ref,,PF,52
1695,v,15,1.0789967196397552,ref,,PF,52
1696,teta,0,0.0,ref,,PF,53
1697,v,0,1.06,ref,,PF,53
1698,teta,1,-0.09125568493545798,ref,,PF,53
1699,v,1,1.045,ref,,PF,53
1700,teta,2,-0.183215916435441,ref,,PF,53
1701,v,2,1.0201,ref,,PF,53
1702,teta,3,-0.17282225457476416,ref,,PF,53
1703,v,3,1.0212188285931707,ref,,PF,53
1704,teta,4,-0.1491851503078434,ref,,PF,53
1705,v,4,1.0230853749918323,ref,,PF,53
1706,teta,5,-0.24416071465539935,ref,,PF,53
1707,v,5,1.0807,ref,,PF,53
1708,teta,6,-0.22595363318038578,ref,,PF,53
1709,v,6,1.0649362403868978,ref,,PF,53
1710,teta,7,-0.22595363318038578,ref,,PF,53
1711,v,7,1.09,ref,,PF,53
1712,teta,8,-0.25344207198868857,ref,,PF,53
1713,v,8,1.0613726852006051,ref,,PF,53
1714,teta,9,-0.25666567892932823,ref,,PF,53
1715,v,9,1.0574207727371705,ref,,PF,53
1716,teta,10,-0.25259364849135935,ref,,PF,53
1717,v,10,1.0654823193747636,ref,,PF,53
1718,teta,11,-0.2592475759895017,ref,,PF,53
1719,v,11,1.0637507854856065,ref,,PF,53
1720,teta,12,-0.2600297332831869,ref,,PF,53
1721,v,12,1.060026752320265,ref,,PF,53
1722,teta,13,-0.2735118311085751,ref,,PF,53
1723,v,13,1.042939382530695,ref,,PF,53
1724,teta,14,-0.005284032575606922,ref,,PF,53
1725,v,14,1.0315240489093584,ref,,PF,53
1726,teta,15,-0.24383041054798665,ref,,PF,53
1727,v,15,1.079162742592371,ref,,PF,53
1728,teta,0,0.0,ref,,PF,54
1729,v,0,1.06,ref,,PF,54
1730,teta,1,-0.09043326537758833,ref,,PF,54
1731,v,1,1.045,ref,,PF,54
1732,teta,2,-0.180841048955311,ref,,PF,54
1733,v,2,1.0201,ref,,PF,54
1734,teta,3,-0.17055426323249973,ref,,PF,54
1735,v,3,1.021526931517166,ref,,PF,54
1736,teta,4,-0.14754389280918592,ref,,PF,54
1737,v,4,1.0233061289895937,ref,,PF,54
1738,teta,5,-0.24263148189135944,ref,,PF,54
1739,v,5,1.0807,ref,,PF,54
1740,teta,6,-0.22390317316955796,ref,,PF,54
1741,v,6,1.065097000577361,ref,,PF,54
1742,teta,7,-0.22390317316955796,ref,,PF,54
1743,v,7,1.09,ref,,PF,54
1744,teta,8,-0.251507462620042,ref,,PF,54
1745,v,8,1.0615627403681425,ref,,PF,54
1746,teta,9,-0.2548027616050354,ref,,PF,54
1747,v,9,1.0575833661501552,ref,,PF,54
1748,teta,10,-0.25089658866131775,ref,,PF,54
1749,v,10,1.0655708758532005,ref,,PF,54
1750,teta,11,-0.2584537494913586,ref,,PF,54
1751,v,11,1.063207854593657,ref,,PF,54
1752,teta,12,-0.25869791029978345,ref,,PF,54
1753,v,12,1.0599624828239338,ref,,PF,54
1754,teta,13,-0.2718372796646811,ref,,PF,54
1755,v,13,1.0430217954780143,ref,,PF,54
1756,teta,14,-0.002617006957145502,ref,,PF,54
1757,v,14,1.0307938509811998,ref,,PF,54
1758,teta,15,-0.2430210533192356,ref,,PF,54
1759,v,15,1.0786273344568966,ref,,PF,54
1760,teta,0,0.0,ref,,PF,55
1761,v,0,1.06,ref,,PF,55
1762,teta,1,-0.09181754713185024,ref,,PF,55
1763,v,1,1.045,ref,,PF,55
1764,teta,2,-0.18479696465843162,ref,,PF,55
1765,v,2,1.0201,ref,,PF,55
1766,teta,3,-0.1743193039753483,ref,,PF,55
1767,v,3,1.0209831330062629,ref,,PF,55
1768,teta,4,-0.15035652719313333,ref,,PF,55
1769,v,4,1.022951258731332,ref,,PF,55
1770,teta,5,-0.2457487990826653,ref,,PF,55
1771,v,5,1.0807,ref,,PF,55
1772,teta,6,-0.22750286589719781,ref,,PF,55
1773,v,6,1.0648283118727537,ref,,PF,55
1774,teta,7,-0.22750286589719781,ref,,PF,55
1775,v,7,1.09,ref,,PF,55
1776,teta,8,-0.25501461136874104,ref,,PF,55
1777,v,8,1.061269340029476,ref,,PF,55
1778,teta,9,-0.25824067460814093,ref,,PF,55
1779,v,9,1.057335001350588,ref,,PF,55
1780,teta,10,-0.25417417280397886,ref,,PF,55
1781,v,10,1.06543834708554,ref,,PF,55
1782,teta,11,-0.26150037742069565,ref,,PF,55
1783,v,11,1.0632780950859417,ref,,PF,55
1784,teta,12,-0.26183488493189844,ref,,PF,55
1785,v,12,1.059931534671357,ref,,PF,55
1786,teta,13,-0.27518878616546527,ref,,PF,55
1787,v,13,1.0428384421456112,ref,,PF,55
1788,teta,14,-0.007048067863051076,ref,,PF,55
1789,v,14,1.0319816151326058,ref,,PF,55
1790,teta,15,-0.24606969181846688,ref,,PF,55
1791,v,15,1.0786966013051813,ref,,PF,55
1792,teta,0,0.0,ref,,PF,56
1793,v,0,1.06,ref,,PF,56
1794,teta,1,-0.09153685815012695,ref,,PF,56
1795,v,1,1.045,ref,,PF,56
1796,teta,2,-0.18404911993925152,ref,,PF,56
1797,v,2,1.0201,ref,,PF,56
1798,teta,3,-0.1736137201729197,ref,,PF,56
1799,v,3,1.021100521023511,ref,,PF,56
1800,teta,4,-0.14973461402654203,ref,,PF,56
1801,v,4,1.0230383096421096,ref,,PF,56
1802,teta,5,-0.24492521536596334,ref,,PF,56
1803,v,5,1.0807,ref,,PF,56
1804,teta,6,-0.22675213395525698,ref,,PF,56
1805,v,6,1.064883371344734,ref,,PF,56
1806,teta,7,-0.22675213395525695,ref,,PF,56
1807,v,7,1.09,ref,,PF,56
1808,teta,8,-0.2542423174326836,ref,,PF,56
1809,v,8,1.06132277031042,ref,,PF,56
1810,teta,9,-0.2574595137576829,ref,,PF,56
1811,v,9,1.057378860391776,ref,,PF,56
1812,teta,10,-0.253372608323609,ref,,PF,56
1813,v,10,1.065460312426134,ref,,PF,56
1814,teta,11,-0.26041652485438427,ref,,PF,56
1815,v,11,1.0636593505114116,ref,,PF,56
1816,teta,12,-0.26091763939366464,ref,,PF,56
1817,v,12,1.060025717971215,ref,,PF,56
1818,teta,13,-0.2743510190094857,ref,,PF,56
1819,v,13,1.0429104750210691,ref,,PF,56
1820,teta,14,-0.006217185278194391,ref,,PF,56
1821,v,14,1.0317739545348241,ref,,PF,56
1822,teta,15,-0.2449967455181825,ref,,PF,56
1823,v,15,1.0790725740232014,ref,,PF,56
1824,teta,0,0.0,ref,,PF,57
1825,v,0,1.06,ref,,PF,57
1826,teta,1,-0.09192970061847872,ref,,PF,57
1827,v,1,1.045,ref,,PF,57
1828,teta,2,-0.18521249428735193,ref,,PF,57
1829,v,2,1.0201,ref,,PF,57
1830,teta,3,-0.1747071392480049,ref,,PF,57
1831,v,3,1.0209064032267718,ref,,PF,57
1832,teta,4,-0.1504896998594882,ref,,PF,57
1833,v,4,1.0229024527393311,ref,,PF,57
1834,teta,5,-0.24558112756253445,ref,,PF,57
1835,v,5,1.0807,ref,,PF,57
1836,teta,6,-0.22771343409843842,ref,,PF,57
1837,v,6,1.0647786124020648,ref,,PF,57
1838,teta,7,-0.22771343409843842,ref,,PF,57
1839,v,7,1.09,ref,,PF,57
1840,teta,8,-0.25513338197589963,ref,,PF,57
1841,v,8,1.0611958021087657,ref,,PF,57
1842,teta,9,-0.25830893494622126,ref,,PF,57
1843,v,9,1.0572706243424093,ref,,PF,57
1844,teta,10,-0.25412568297620475,ref,,PF,57
1845,v,10,1.0654017619472684,ref,,PF,57
1846,teta,11,-0.26044661673109776,ref,,PF,57
1847,v,11,1.063865333224428,ref,,PF,57
1848,teta,12,-0.26141117544295317,ref,,PF,57
1849,v,12,1.0600137558364588,ref,,PF,57
1850,teta,13,-0.2750714844771665,ref,,PF,57
1851,v,13,1.0428310723689453,ref,,PF,57
1852,teta,14,-0.007516781803194483,ref,,PF,57
1853,v,14,1.0321146366496377,ref,,PF,57
1854,teta,15,-0.24503272498590412,ref,,PF,57
1855,v,15,1.0792757040934955,ref,,PF,57
1856,teta,0,0.0,ref,,PF,58
1857,v,0,1.06,ref,,PF,58
1858,teta,1,-0.09154531289884303,ref,,PF,58
1859,v,1,1.045,ref,,PF,58
1860,teta,2,-0.18409817226191177,ref,,PF,58
1861,v,2,1.0201,ref,,PF,58
1862,teta,3,-0.17365009157082964,ref,,PF,58
1863,v,3,1.0210675360421082,ref,,PF,58
1864,teta,4,-0.1497294442416597,ref,,PF,58
1865,v,4,1.0230276351480718,ref,,PF,58
1866,teta,5,-0.2449089426365399,ref,,PF,58
1867,v,5,1.0807,ref,,PF,58
1868,teta,6,-0.2267719119527865,ref,,PF,58
1869,v,6,1.064862888168859,ref,,PF,58
1870,teta,7,-0.22677191195278654,ref,,PF,58
1871,v,7,1.09,ref,,PF,58
1872,teta,8,-0.254253330543232,ref,,PF,58
1873,v,8,1.0612956870449024,ref,,PF,58
1874,teta,9,-0.25746566231577306,ref,,PF,58
1875,v,9,1.057356030505277,ref,,PF,58
1876,teta,10,-0.25336748470396125,ref,,PF,58
1877,v,10,1.0654482312319002,ref,,PF,58
1878,teta,11,-0.2602193434819994,ref,,PF,58
1879,v,11,1.063562295167082,ref,,PF,58
1880,teta,12,-0.26086102332916755,ref,,PF,58
1881,v,12,1.0599795427062295,ref,,PF,58
1882,teta,13,-0.27433384066788297,ref,,PF,58
1883,v,13,1.042874266679789,ref,,PF,58
1884,teta,14,-0.006273509501476492,ref,,PF,58
1885,v,14,1.0317921386526694,ref,,PF,58
1886,teta,15,-0.24479678885464917,ref,,PF,58
1887,v,15,1.078976863150364,ref,,PF,58
1888,teta,0,0.0,ref,,PF,59
1889,v,0,1.06,ref,,PF,59
1890,teta,1,-0.09274109671017415,ref,,PF,59
1891,v,1,1.045,ref,,PF,59
1892,teta,2,-0.1874684934553023,ref,,PF,59
1893,v,2,1.0201,ref,,PF,59
1894,teta,3,-0.17685184993323672,ref,,PF,59
1895,v,3,1.020594415981421,ref,,PF,59
1896,teta,4,-0.15219335883523025,ref,,PF,59
1897,v,4,1.0226645603747246,ref,,PF,59
1898,teta,5,-0.2471805389246105,ref,,PF,59
1899,v,5,1.0807,ref,,PF,59
1900,teta,6,-0.22969511825632907,ref,,PF,59
1901,v,6,1.0646205762259522,ref,,PF,59
1902,teta,7,-0.22969511825632905,ref,,PF,59
1903,v,7,1.09,ref,,PF,59
1904,teta,8,-0.25702706306096945,ref,,PF,59
1905,v,8,1.0610161546857146,ref,,PF,59
1906,teta,9,-0.2601504361089562,ref,,PF,59
1907,v,9,1.0571179012806806,ref,,PF,59
1908,teta,10,-0.255846449907291,ref,,PF,59
1909,v,10,1.065319583719582,ref,,PF,59
1910,teta,11,-0.2614178669610433,ref,,PF,59
1911,v,11,1.0642793589107056,ref,,PF,59
1912,teta,12,-0.2628388844262471,ref,,PF,59
1913,v,12,1.0600529654461508,ref,,PF,59
1914,teta,13,-0.2767647596474023,ref,,PF,59
1915,v,13,1.0427438077269489,ref,,PF,59
1916,teta,14,-0.010018310897429645,ref,,PF,59
1917,v,14,1.0327289292141262,ref,,PF,59
1918,teta,15,-0.24601579913333566,ref,,PF,59
1919,v,15,1.0796839990814113,ref,,PF,59
1920,teta,0,0.0,ref,,PF,60
1921,v,0,1.06,ref,,PF,60
1922,teta,1,-0.09327659302538951,ref,,PF,60
1923,v,1,1.045,ref,,PF,60
1924,teta,2,-0.18897908417632692,ref,,PF,60
1925,v,2,1.0201,ref,,PF,60
1926,teta,3,-0.1782908015499615,ref,,PF,60
1927,v,3,1.0203938116492322,ref,,PF,60
1928,teta,4,-0.15329385002352736,ref,,PF,60
1929,v,4,1.0225008974505385,ref,,PF,60
1930,teta,5,-0.24845629736184305,ref,,PF,60
1931,v,5,1.0807,ref,,PF,60
1932,teta,6,-0.231098384510156,ref,,PF,60
1933,v,6,1.0645233583667397,ref,,PF,60
1934,teta,7,-0.231098384510156,ref,,PF,60
1935,v,7,1.09,ref,,PF,60
1936,teta,8,-0.2584091665991959,ref,,PF,60
1937,v,8,1.0609131468167114,ref,,PF,60
1938,teta,9,-0.2615135746863882,ref,,PF,60
1939,v,9,1.0570310322997807,ref,,PF,60
1940,teta,10,-0.25716566509805716,ref,,PF,60
1941,v,10,1.0652735734963217,ref,,PF,60
1942,teta,11,-0.26281764331270824,ref,,PF,60
1943,v,11,1.0642080523266355,ref,,PF,60
1944,teta,12,-0.26416637124666476,ref,,PF,60
1945,v,12,1.060027135740091,ref,,PF,60
1946,teta,13,-0.2781252012660299,ref,,PF,60
1947,v,13,1.0426729907700882,ref,,PF,60
1948,teta,14,-0.011687730669437284,ref,,PF,60
1949,v,14,1.0331264684268908,ref,,PF,60
1950,teta,15,-0.24741354004786356,ref,,PF,60
1951,v,15,1.0796136791840159,ref,,PF,60
1952,teta,0,0.0,ref,,PF,61
1953,v,0,1.06,ref,,PF,61
1954,teta,1,-0.09338744038774523,ref,,PF,61
1955,v,1,1.045,ref,,PF,61
1956,teta,2,-0.18924699251073826,ref,,PF,61
1957,v,2,1.0201,ref,,PF,61
1958,teta,3,-0.17856656110952027,ref,,PF,61
1959,v,3,1.0204105370554162,ref,,PF,61
1960,teta,4,-0.15356568044328045,ref,,PF,61
1961,v,4,1.0225012125234674,ref,,PF,61
1962,teta,5,-0.24901640005303596,ref,,PF,61
1963,v,5,1.0807,ref,,PF,61
1964,teta,6,-0.23147294761034354,ref,,PF,61
1965,v,6,1.0645339665670637,ref,,PF,61
1966,teta,7,-0.23147294761034354,ref,,PF,61
1967,v,7,1.09,ref,,PF,61
1968,teta,8,-0.258834773108382,ref,,PF,61
1969,v,8,1.060931328779738,ref,,PF,61
1970,teta,9,-0.26196286047515827,ref,,PF,61
1971,v,9,1.0570476749619389,ref,,PF,61
1972,teta,10,-0.2576696521070282,ref,,PF,61
1973,v,10,1.0652837689264318,ref,,PF,61
1974,teta,11,-0.2639265839652818,ref,,PF,61
1975,v,11,1.0636330446256186,ref,,PF,61
1976,teta,12,-0.2649055986546254,ref,,PF,61
1977,v,12,1.0599116162231867,ref,,PF,61
1978,teta,13,-0.27868886490931893,ref,,PF,61
1979,v,13,1.0426332039339696,ref,,PF,61
1980,teta,14,-0.011980723075237591,ref,,PF,61
1981,v,14,1.0331892640717684,ref,,PF,61
1982,teta,15,-0.24850605248773405,ref,,PF,61
1983,v,15,1.0790466325205514,ref,,PF,61
1984,teta,0,0.0,ref,,PF,62
1985,v,0,1.06,ref,,PF,62
1986,teta,1,-0.09490384392151315,ref,,PF,62
1987,v,1,1.045,ref,,PF,62
1988,teta,2,-0.19352222673211297,ref,,PF,62
1989,v,2,1.0201,ref,,PF,62
1990,teta,3,-0.18261343767800434,ref,,PF,62
1991,v,3,1.0197832954018682,ref,,PF,62
1992,teta,4,-0.15669291880649425,ref,,PF,62
1993,v,4,1.022028269320756,ref,,PF,62
1994,teta,5,-0.25241814346476804,ref,,PF,62
1995,v,5,1.0807,ref,,PF,62
1996,teta,6,-0.23535214864307608,ref,,PF,62
1997,v,6,1.0642285200546382,ref,,PF,62
1998,teta,7,-0.23535214864307608,ref,,PF,62
1999,v,7,1.09,ref,,PF,62
2000,teta,8,-0.26261896988767525,ref,,PF,62
2001,v,8,1.0606036272709434,ref,,PF,62
2002,teta,9,-0.26567895501594496,ref,,PF,62
2003,v,9,1.0567708102006215,ref,,PF,62
2004,teta,10,-0.26122809583204365,ref,,PF,62
2005,v,10,1.0651365938039843,ref,,PF,62
2006,teta,11,-0.26721353701388717,ref,,PF,62
2007,v,11,1.0637984861624483,ref,,PF,62
2008,teta,12,-0.2683063349795616,ref,,PF,62
2009,v,12,1.0598999603691805,ref,,PF,62
2010,teta,13,-0.28231175395345653,ref,,PF,62
2011,v,13,1.042438526487655,ref,,PF,62
2012,teta,14,-0.01667531805918869,ref,,PF,62
2013,v,14,1.0342395705094507,ref,,PF,62
2014,teta,15,-0.25179773495136226,ref,,PF,62
2015,v,15,1.0792097826796372,ref,,PF,62
2016,teta,0,0.0,ref,,PF,63
2017,v,0,1.06,ref,,PF,63
2018,teta,1,-0.09445270244126998,ref,,PF,63
2019,v,1,1.045,ref,,PF,63
2020,teta,2,-0.1922801430266001,ref,,PF,63
2021,v,2,1.0201,ref,,PF,63
2022,teta,3,-0.18144897218881942,ref,,PF,63
2023,v,3,1.0199930798918913,ref,,PF,63
2024,teta,4,-0.1557420852949994,ref,,PF,63
2025,v,4,1.0222210132562446,ref,,PF,63
2026,teta,5,-0.25096222080308717,ref,,PF,63
2027,v,5,1.0807,ref,,PF,63
2028,teta,6,-0.23407384894829947,ref,,PF,63
2029,v,6,1.064321058975338,ref,,PF,63
2030,teta,7,-0.23407384894829947,ref,,PF,63
2031,v,7,1.09,ref,,PF,63
2032,teta,8,-0.2612853634882378,ref,,PF,63
2033,v,8,1.0606850988214627,ref,,PF,63
2034,teta,9,-0.2643240816319303,ref,,PF,63
2035,v,9,1.0568371742595681,ref,,PF,63
2036,teta,10,-0.2598242172596714,ref,,PF,63
2037,v,10,1.0651692723021295,ref,,PF,63
2038,teta,11,-0.26488069789792734,ref,,PF,63
2039,v,11,1.0645228937174356,ref,,PF,63
2040,teta,12,-0.2665682805393572,ref,,PF,63
2041,v,12,1.0600450167606894,ref,,PF,63
2042,teta,13,-0.28079845612603,ref,,PF,63
2043,v,13,1.0425483659253767,ref,,PF,63
2044,teta,14,-0.015316984755753198,ref,,PF,63
2045,v,14,1.033948328651668,ref,,PF,63
2046,teta,15,-0.2494855787111645,ref,,PF,63
2047,v,15,1.079924164967852,ref,,PF,63
2048,teta,0,0.0,ref,,PF,64
2049,v,0,1.06,ref,,PF,64
2050,teta,1,-0.09493551405768763,ref,,PF,64
2051,v,1,1.045,ref,,PF,64
2052,teta,2,-0.1936363024566648,ref,,PF,64
2053,v,2,1.0201,ref,,PF,64
2054,teta,3,-0.18271316652483632,ref,,PF,64
2055,v,3,1.0197456867300454,ref,,PF,64
2056,teta,4,-0.15674292407935517,ref,,PF,64
2057,v,4,1.0220392999258339,ref,,PF,64
2058,teta,5,-0.2524718316675458,ref,,PF,64
2059,v,5,1.0807,ref,,PF,64
2060,teta,6,-0.23543856692374923,ref,,PF,64
2061,v,6,1.0642074366713037,ref,,PF,64
2062,teta,7,-0.2354385669237492,ref,,PF,64
2063,v,7,1.09,ref,,PF,64
2064,teta,8,-0.26269816730064033,ref,,PF,64
2065,v,8,1.0605778838850919,ref,,PF,64
2066,teta,9,-0.2657535981157544,ref,,PF,64
2067,v,9,1.0567491109966038,ref,,PF,64
2068,teta,10,-0.2612921932867818,ref,,PF,64
2069,v,10,1.0651251122322598,ref,,PF,64
2070,teta,11,-0.2671610498118146,ref,,PF,64
2071,v,11,1.063730640498461,ref,,PF,64
2072,teta,12,-0.26833819912616663,ref,,PF,64
2073,v,12,1.0598682741379795,ref,,PF,64
2074,teta,13,-0.28237131625741935,ref,,PF,64
2075,v,13,1.0424095496744745,ref,,PF,64
2076,teta,14,-0.01680132925872383,ref,,PF,64
2077,v,14,1.0342694765366638,ref,,PF,64
2078,teta,15,-0.251743308532872,ref,,PF,64
2079,v,15,1.0791428766026692,ref,,PF,64
2080,teta,0,0.0,ref,,PF,65
2081,v,0,1.06,ref,,PF,65
2082,teta,1,-0.0948844770573003,ref,,PF,65
2083,v,1,1.045,ref,,PF,65
2084,teta,2,-0.19347353145307664,ref,,PF,65
2085,v,2,1.0201,ref,,PF,65
2086,teta,3,-0.1825687194391848,ref,,PF,65
2087,v,3,1.0197938353868425,ref,,PF,65
2088,teta,4,-0.1566502489513568,ref,,PF,65
2089,v,4,1.0220483706427927,ref,,PF,65
2090,teta,5,-0.25217227994353275,ref,,PF,65
2091,v,5,1.0807,ref,,PF,65
2092,teta,6,-0.2352355052025508,ref,,PF,65
2093,v,6,1.0642207917775932,ref,,PF,65
2094,teta,7,-0.2352355052025508,ref,,PF,65
2095,v,7,1.09,ref,,PF,65
2096,teta,8,-0.26246609932321624,ref,,PF,65
2097,v,8,1.0605782107872974,ref,,PF,65
2098,teta,9,-0.2655096719184074,ref,,PF,65
2099,v,9,1.056748615410974,ref,,PF,65
2100,teta,10,-0.2610208898306967,ref,,PF,65
2101,v,10,1.0651240362168468,ref,,PF,65
2102,teta,11,-0.2662695113561011,ref,,PF,65
2103,v,11,1.06383588827019,ref,,PF,65
2104,teta,12,-0.26787394909721407,ref,,PF,65
2105,v,12,1.059849774280378,ref,,PF,65
2106,teta,13,-0.2820385741686725,ref,,PF,65
2107,v,13,1.042400831207581,ref,,PF,65
2108,teta,14,-0.01662236697520899,ref,,PF,65
2109,v,14,1.0342289071616888,ref,,PF,65
2110,teta,15,-0.2508547781933109,ref,,PF,65
2111,v,15,1.079246666857617,ref,,PF,65
2112,teta,0,0.0,ref,,PF,66
2113,v,0,1.06,ref,,PF,66
2114,teta,1,-0.09483178042663933,ref,,PF,66
2115,v,1,1.045,ref,,PF,66
2116,teta,2,-0.19333137489385327,ref,,PF,66
2117,v,2,1.0201,ref,,PF,66
2118,teta,3,-0.18244653921681184,ref,,PF,66
2119,v,3,1.019845774278927,ref,,PF,66
2120,teta,4,-0.15653519744062153,ref,,PF,66
2121,v,4,1.0220844262661897,ref,,PF,66
2122,teta,5,-0.25178391763335783,ref,,PF,66
2123,v,5,1.0807,ref,,PF,66
2124,teta,6,-0.23502094901173354,ref,,PF,66
2125,v,6,1.0642413562215143,ref,,PF,66
2126,teta,7,-0.23502094901173354,ref,,PF,66
2127,v,7,1.09,ref,,PF,66
2128,teta,8,-0.2622048827089129,ref,,PF,66
2129,v,8,1.0605905304559688,ref,,PF,66
2130,teta,9,-0.2652261462818098,ref,,PF,66
2131,v,9,1.056757413089566,ref,,PF,66
2132,teta,10,-0.2606858721095832,ref,,PF,66
2133,v,10,1.065127016694929,ref,,PF,66
2134,teta,11,-0.26536898117395735,ref,,PF,66
2135,v,11,1.0643542058186484,ref,,PF,66
2136,teta,12,-0.2673201972337609,ref,,PF,66
2137,v,12,1.0599559886724843,ref,,PF,66
2138,teta,13,-0.28164810609101115,ref,,PF,66
2139,v,13,1.0424540421403037,ref,,PF,66
2140,teta,14,-0.016467203215935054,ref,,PF,66
2141,v,14,1.034196316885201,ref,,PF,66
2142,teta,15,-0.24996904940923473,ref,,PF,66
2143,v,15,1.079757810446988,ref,,PF,66
2144,teta,0,0.0,ref,,PF,67
2145,v,0,1.06,ref,,PF,67
2146,teta,1,-0.09476577177037933,ref,,PF,67
2147,v,1,1.045,ref,,PF,67
2148,teta,2,-0.19314309799744028,ref,,PF,67
2149,v,2,1.0201,ref,,PF,67
2150,teta,3,-0.18226749862908354,ref,,PF,67
2151,v,3,1.019871216080459,ref,,PF,67
2152,teta,4,-0.1564050121878023,ref,,PF,67
2153,v,4,1.0221187511986811,ref,,PF,67
2154,teta,5,-0.25163888639692944,ref,,PF,67
2155,v,5,1.0807,ref,,PF,67
2156,teta,6,-0.23485076425522644,ref,,PF,67
2157,v,6,1.0642539874125785,ref,,PF,67
2158,teta,7,-0.23485076425522644,ref,,PF,67
2159,v,7,1.09,ref,,PF,67
2160,teta,8,-0.2620395958319539,ref,,PF,67
2161,v,8,1.0606044304667526,ref,,PF,67
2162,teta,9,-0.2650644579101383,ref,,PF,67
2163,v,9,1.0567692037497685,ref,,PF,67
2164,teta,10,-0.2605325080095544,ref,,PF,67
2165,v,10,1.0651333338572149,ref,,PF,67
2166,teta,11,-0.2652298219916238,ref,,PF,67
2167,v,11,1.0643462530445265,ref,,PF,67
2168,teta,12,-0.2671750681123974,ref,,PF,67
2169,v,12,1.059956376505503,ref,,PF,67
2170,teta,13,-0.2814913592992792,ref,,PF,67
2171,v,13,1.0424622681157072,ref,,PF,67
2172,teta,14,-0.016261085824355516,ref,,PF,67
2173,v,14,1.034151617917969,ref,,PF,67
2174,teta,15,-0.24982966328293138,ref,,PF,67
2175,v,15,1.0797499676967879,ref,,PF,67
2176,teta,0,0.0,ref,,PF,68
2177,v,0,1.06,ref,,PF,68
2178,teta,1,-0.09443505927138289,ref,,PF,68
2179,v,1,1.045,ref,,PF,68
2180,teta,2,-0.19212548822930087,ref,,PF,68
2181,v,2,1.0201,ref,,PF,68
2182,teta,3,-0.18129816220089195,ref,,PF,68
2183,v,3,1.0200052576094782,ref,,PF,68
2184,teta,4,-0.1558000054794006,ref,,PF,68
2185,v,4,1.0221895935397198,ref,,PF,68
2186,teta,5,-0.2510488504978851,ref,,PF,68
2187,v,5,1.0807,ref,,PF,68
2188,teta,6,-0.23398900582898913,ref,,PF,68
2189,v,6,1.064321235027719,ref,,PF,68
2190,teta,7,-0.2339890058289891,ref,,PF,68
2191,v,7,1.09,ref,,PF,68
2192,teta,8,-0.26123501689577266,ref,,PF,68
2193,v,8,1.0606818361050998,ref,,PF,68
2194,teta,9,-0.2642977952667848,ref,,PF,68
2195,v,9,1.056836018511406,ref,,PF,68
2196,teta,10,-0.2598534791737347,ref,,PF,68
2197,v,10,1.065170343431633,ref,,PF,68
2198,teta,11,-0.26479394667059236,ref,,PF,68
2199,v,11,1.0639584137461155,ref,,PF,68
2200,teta,12,-0.2666312115530608,ref,,PF,68
2201,v,12,1.0598720699289246,ref,,PF,68
2202,teta,13,-0.28080038788583334,ref,,PF,68
2203,v,13,1.04247023844785,ref,,PF,68
2204,teta,14,-0.01514187653640253,ref,,PF,68
2205,v,14,1.0338970935208684,ref,,PF,68
2206,teta,15,-0.2493827143386966,ref,,PF,68
2207,v,15,1.0793674958868473,ref,,PF,68
2208,teta,0,0.0,ref,,PF,69
2209,v,0,1.06,ref,,PF,69
2210,teta,1,-0.09526312523531325,ref,,PF,69
2211,v,1,1.045,ref,,PF,69
2212,teta,2,-0.19446092648057597,ref,,PF,69
2213,v,2,1.0201,ref,,PF,69
2214,teta,3,-0.18350902450198187,ref,,PF,69
2215,v,3,1.0196646160272471,ref,,PF,69
2216,teta,4,-0.15750240096677812,ref,,PF,69
2217,v,4,1.0219132834417362,ref,,PF,69
2218,teta,5,-0.25336821345754207,ref,,PF,69
2219,v,5,1.0807,ref,,PF,69
2220,teta,6,-0.23626829519469728,ref,,PF,69
2221,v,6,1.064160462855948,ref,,PF,69
2222,teta,7,-0.23626829519469728,ref,,PF,69
2223,v,7,1.09,ref,,PF,69
2224,teta,8,-0.2635446672606749,ref,,PF,69
2225,v,8,1.0605218530666158,ref,,PF,69
2226,teta,9,-0.26660870858429553,ref,,PF,69
2227,v,9,1.0567030801990713,ref,,PF,69
2228,teta,10,-0.26216711555611344,ref,,PF,69
2229,v,10,1.065102020216512,ref,,PF,69
2230,teta,11,-0.26794218807217757,ref,,PF,69
2231,v,11,1.0631332023444582,ref,,PF,69
2232,teta,12,-0.2692395432228801,ref,,PF,69
2233,v,12,1.0596820682525048,ref,,PF,69
2234,teta,13,-0.28324573911543516,ref,,PF,69
2235,v,13,1.0422950286221417,ref,,PF,69
2236,teta,14,-0.017697249011345312,ref,,PF,69
2237,v,14,1.0344481332444773,ref,,PF,69
2238,teta,15,-0.25250735461859464,ref,,PF,69
2239,v,15,1.0785537171374913,ref,,PF,69
2240,teta,0,0.0,ref,,PF,70
2241,v,0,1.06,ref,,PF,70
2242,teta,1,-0.09552795931571392,ref,,PF,70
2243,v,1,1.045,ref,,PF,70
2244,teta,2,-0.1952722681683396,ref,,PF,70
2245,v,2,1.0201,ref,,PF,70
2246,teta,3,-0.18424574550880554,ref,,PF,70
2247,v,3,1.019467348503548,ref,,PF,70
2248,teta,4,-0.15799135521311747,ref,,PF,70
2249,v,4,1.0218007908546862,ref,,PF,70
2250,teta,5,-0.2541300298562944,ref,,PF,70
2251,v,5,1.0807,ref,,PF,70
2252,teta,6,-0.23702739574397347,ref,,PF,70
2253,v,6,1.064061151977493,ref,,PF,70
2254,teta,7,-0.23702739574397347,ref,,PF,70
2255,v,7,1.09,ref,,PF,70
2256,teta,8,-0.2643127966439613,ref,,PF,70
2257,v,8,1.060415106858416,ref,,PF,70
2258,teta,9,-0.2673754323598414,ref,,PF,70
2259,v,9,1.0566142337186777,ref,,PF,70
2260,teta,10,-0.26293046549416965,ref,,PF,70
2261,v,10,1.0650562022804693,ref,,PF,70
2262,teta,11,-0.26885845769555666,ref,,PF,70
2263,v,11,1.0625657776045079,ref,,PF,70
2264,teta,12,-0.2700856847007442,ref,,PF,70
2265,v,12,1.0595183281907263,ref,,PF,70
2266,teta,13,-0.28405229675102933,ref,,PF,70
2267,v,13,1.0421613735728006,ref,,PF,70
2268,teta,14,-0.018585641046461904,ref,,PF,70
2269,v,14,1.0346412393417812,ref,,PF,70
2270,teta,15,-0.25340736450557255,ref,,PF,70
2271,v,15,1.0779941632393124,ref,,PF,70
2272,teta,0,0.0,ref,,PF,71
2273,v,0,1.06,ref,,PF,71
2274,teta,1,-0.09437626602704594,ref,,PF,71
2275,v,1,1.045,ref,,PF,71
2276,teta,2,-0.1920069363716277,ref,,PF,71
2277,v,2,1.0201,ref,,PF,71
2278,teta,3,-0.18117157847882598,ref,,PF,71
2279,v,3,1.0199860825147602,ref,,PF,71
2280,teta,4,-0.15563461407599652,ref,,PF,71
2281,v,4,1.0221914379592925,ref,,PF,71
2282,teta,5,-0.25185458461222027,ref,,PF,71
2283,v,5,1.0807,ref,,PF,71
2284,teta,6,-0.23418672362219828,ref,,PF,71
2285,v,6,1.0643163895082095,ref,,PF,71
2286,teta,7,-0.23418672362219828,ref,,PF,71
2287,v,7,1.09,ref,,PF,71
2288,teta,8,-0.261599433208893,ref,,PF,71
2289,v,8,1.0606959517722003,ref,,PF,71
2290,teta,9,-0.2647397989354654,ref,,PF,71
2291,v,9,1.0568527564220644,ref,,PF,71
2292,teta,10,-0.2604746371442673,ref,,PF,71
2293,v,10,1.0651843055880414,ref,,PF,71
2294,teta,11,-0.26725646477109877,ref,,PF,71
2295,v,11,1.0618558672495941,ref,,PF,71
2296,teta,12,-0.2679996005562038,ref,,PF,71
2297,v,12,1.0594139005259504,ref,,PF,71
2298,teta,13,-0.28160894947718196,ref,,PF,71
2299,v,13,1.0422783892289509,ref,,PF,71
2300,teta,14,-0.015014374108767024,ref,,PF,71
2301,v,14,1.0338746733172115,ref,,PF,71
2302,teta,15,-0.2517849928213828,ref,,PF,71
2303,v,15,1.0772941112267642,ref,,PF,71
2304,teta,0,0.0,ref,,PF,72
2305,v,0,1.06,ref,,PF,72
2306,teta,1,-0.0952688522820024,ref,,PF,72
2307,v,1,1.045,ref,,PF,72
2308,teta,2,-0.19454193474396866,ref,,PF,72
2309,v,2,1.0201,ref,,PF,72
2310,teta,3,-0.18356073248248206,ref,,PF,72
2311,v,3,1.0195894804498604,ref,,PF,72
2312,teta,4,-0.15745772263620525,ref,,PF,72
2313,v,4,1.0218960957615968,ref,,PF,72
2314,teta,5,-0.2539123672452915,ref,,PF,72
2315,v,5,1.0807,ref,,PF,72
2316,teta,6,-0.23649518218276644,ref,,PF,72
2317,v,6,1.0641233420445435,ref,,PF,72
2318,teta,7,-0.23649518218276647,ref,,PF,72
2319,v,7,1.09,ref,,PF,72
2320,teta,8,-0.263860863593703,ref,,PF,72
2321,v,8,1.0604900307003067,ref,,PF,72
2322,teta,9,-0.2669648794516753,ref,,PF,72
2323,v,9,1.0566792007277137,ref,,PF,72
2324,teta,10,-0.2626155334485952,ref,,PF,72
2325,v,10,1.0650924907661787,ref,,PF,72
2326,teta,11,-0.269336402980127,ref,,PF,72
2327,v,11,1.061795182548254,ref,,PF,72
2328,teta,12,-0.27009066090941136,ref,,PF,72
2329,v,12,1.0593677632111143,ref,,PF,72
2330,teta,13,-0.2838004089993098,ref,,PF,72
2331,v,13,1.0421390939825779,ref,,PF,72
2332,teta,14,-0.01778895391217333,ref,,PF,72
2333,v,14,1.0344749396963768,ref,,PF,72
2334,teta,15,-0.253863187146818,ref,,PF,72
2335,v,15,1.0772342698092057,ref,,PF,72
2336,teta,0,0.0,ref,,PF,73
2337,v,0,1.06,ref,,PF,73
2338,teta,1,-0.09327096654259674,ref,,PF,73
2339,v,1,1.045,ref,,PF,73
2340,teta,2,-0.18894698203312327,ref,,PF,73
2341,v,2,1.0201,ref,,PF,73
2342,teta,3,-0.17825561293691122,ref,,PF,73
2343,v,3,1.0203865436656727,ref,,PF,73
2344,teta,4,-0.1532993202763549,ref,,PF,73
2345,v,4,1.0225000431119267,ref,,PF,73
2346,teta,5,-0.2492247664677746,ref,,PF,73
2347,v,5,1.0807,ref,,PF,73
2348,teta,6,-0.23133648820558092,ref,,PF,73
2349,v,6,1.0645182769802466,ref,,PF,73
2350,teta,7,-0.23133648820558092,ref,,PF,73
2351,v,7,1.09,ref,,PF,73
2352,teta,8,-0.25878818809197396,ref,,PF,73
2353,v,8,1.060918155634535,ref,,PF,73
2354,teta,9,-0.26196103240085783,ref,,PF,73
2355,v,9,1.0570395966688124,ref,,PF,73
2356,teta,10,-0.2577711544593791,ref,,PF,73
2357,v,10,1.0652826853599864,ref,,PF,73
2358,teta,11,-0.264725975834508,ref,,PF,73
2359,v,11,1.0622827567743878,ref,,PF,73
2360,teta,12,-0.26534643876073166,ref,,PF,73
2361,v,12,1.059576031945249,ref,,PF,73
2362,teta,13,-0.2788601067974838,ref,,PF,73
2363,v,13,1.0424783805528943,ref,,PF,73
2364,teta,14,-0.011651386691512085,ref,,PF,73
2365,v,14,1.033115849704877,ref,,PF,73
2366,teta,15,-0.24926676302806278,ref,,PF,73
2367,v,15,1.0777150711721049,ref,,PF,73
2368,teta,0,0.0,ref,,PF,74
2369,v,0,1.06,ref,,PF,74
2370,teta,1,-0.09424083268803465,ref,,PF,74
2371,v,1,1.045,ref,,PF,74
2372,teta,2,-0.191681995914479,ref,,PF,74
2373,v,2,1.0201,ref,,PF,74
2374,teta,3,-0.18086150589639516,ref,,PF,74
2375,v,3,1.0200270497214798,ref,,PF,74
2376,teta,4,-0.15529925104792608,ref,,PF,74
2377,v,4,1.0222266012231012,ref,,PF,74
2378,teta,5,-0.2510825845723684,ref,,PF,74
2379,v,5,1.0807,ref,,PF,74
2380,teta,6,-0.2337205884642552,ref,,PF,74
2381,v,6,1.0643387467241612,ref,,PF,74
2382,teta,7,-0.2337205884642552,ref,,PF,74
2383,v,7,1.09,ref,,PF,74
2384,teta,8,-0.26105325987467,ref,,PF,74
2385,v,8,1.0607151807165454,ref,,PF,74
2386,teta,9,-0.26415399601623596,ref,,PF,74
2387,v,9,1.0568661938963024,ref,,PF,74
2388,teta,10,-0.2597973603280448,ref,,PF,74
2389,v,10,1.0651884930762072,ref,,PF,74
2390,teta,11,-0.2659252309852497,ref,,PF,74
2391,v,11,1.0630451467270197,ref,,PF,74
2392,teta,12,-0.2670122964856728,ref,,PF,74
2393,v,12,1.0597073420013885,ref,,PF,74
2394,teta,13,-0.2808656785710145,ref,,PF,74
2395,v,13,1.042418144647357,ref,,PF,74
2396,teta,14,-0.014660929654566245,ref,,PF,74
2397,v,14,1.0338032766308325,ref,,PF,74
2398,teta,15,-0.25048787594576505,ref,,PF,74
2399,v,15,1.078466882439736,ref,,PF,74
2400,teta,0,0.0,ref,,PF,75
2401,v,0,1.06,ref,,PF,75
2402,teta,1,-0.09476486069075307,ref,,PF,75
2403,v,1,1.045,ref,,PF,75
2404,teta,2,-0.19313679322620125,ref,,PF,75
2405,v,2,1.0201,ref,,PF,75
2406,teta,3,-0.18224923451856834,ref,,PF,75
2407,v,3,1.019841151548878,ref,,PF,75
2408,teta,4,-0.15639941341949504,ref,,PF,75
2409,v,4,1.0220702264245471,ref,,PF,75
2410,teta,5,-0.2524573584141606,ref,,PF,75
2411,v,5,1.0807,ref,,PF,75
2412,teta,6,-0.23512045018767938,ref,,PF,75
2413,v,6,1.0642462002089552,ref,,PF,75
2414,teta,7,-0.23512045018767938,ref,,PF,75
2415,v,7,1.09,ref,,PF,75
2416,teta,8,-0.26245695302705646,ref,,PF,75
2417,v,8,1.0606164314297015,ref,,PF,75
2418,teta,9,-0.2655523360320698,ref,,PF,75
2419,v,9,1.0567837421794284,ref,,PF,75
2420,teta,10,-0.2611832177746264,ref,,PF,75
2421,v,10,1.0651456936122823,ref,,PF,75
2422,teta,11,-0.26750956013807337,ref,,PF,75
2423,v,11,1.0625897189458895,ref,,PF,75
2424,teta,12,-0.26848137280522877,ref,,PF,75
2425,v,12,1.0595805836041021,ref,,PF,75
2426,teta,13,-0.282301544467239,ref,,PF,75
2427,v,13,1.0423054253477915,ref,,PF,75
2428,teta,14,-0.01625399236181818,ref,,PF,75
2429,v,14,1.0341496419067953,ref,,PF,75
2430,teta,15,-0.25205915351171315,ref,,PF,75
2431,v,15,1.0780177723278415,ref,,PF,75
2432,teta,0,0.0,ref,,PF,76
2433,v,0,1.06,ref,,PF,76
2434,teta,1,-0.09520532328266258,ref,,PF,76
2435,v,1,1.045,ref,,PF,76
2436,teta,2,-0.19438969538153947,ref,,PF,76
2437,v,2,1.0201,ref,,PF,76
2438,teta,3,-0.18343574506726923,ref,,PF,76
2439,v,3,1.0196596811587182,ref,,PF,76
2440,teta,4,-0.15729466102634657,ref,,PF,76
2441,v,4,1.0219239073607616,ref,,PF,76
2442,teta,5,-0.2535673431562074,ref,,PF,76
2443,v,5,1.0807,ref,,PF,76
2444,teta,6,-0.23629834517510495,ref,,PF,76
2445,v,6,1.0641593393662148,ref,,PF,76
2446,teta,7,-0.23629834517510495,ref,,PF,76
2447,v,7,1.09,ref,,PF,76
2448,teta,8,-0.26362784661788685,ref,,PF,76
2449,v,8,1.0605266191914535,ref,,PF,76
2450,teta,9,-0.2667122784302315,ref,,PF,76
2451,v,9,1.056708359980262,ref,,PF,76
2452,teta,10,-0.2623177658789739,ref,,PF,76
2453,v,10,1.0651061458168993,ref,,PF,76
2454,teta,11,-0.26885006097327663,ref,,PF,76
2455,v,11,1.0624082290840728,ref,,PF,76
2456,teta,12,-0.26967541194727623,ref,,PF,76
2457,v,12,1.0595342984605847,ref,,PF,76
2458,teta,13,-0.28348473533707075,ref,,PF,76
2459,v,13,1.0422333636384415,ref,,PF,76
2460,teta,14,-0.017624106967880332,ref,,PF,76
2461,v,14,1.0344433443579781,ref,,PF,76
2462,teta,15,-0.25339444864226035,ref,,PF,76
2463,v,15,1.0778388014926328,ref,,PF,76
2464,teta,0,0.0,ref,,PF,77
2465,v,0,1.06,ref,,PF,77
2466,teta,1,-0.09431914863738047,ref,,PF,77
2467,v,1,1.045,ref,,PF,77
2468,teta,2,-0.19190127290620485,ref,,PF,77
2469,v,2,1.0201,ref,,PF,77
2470,teta,3,-0.1810647615730553,ref,,PF,77
2471,v,3,1.0199840569985514,ref,,PF,77
2472,teta,4,-0.15545371531051574,ref,,PF,77
2473,v,4,1.022161810878396,ref,,PF,77
2474,teta,5,-0.25162436789309484,ref,,PF,77
2475,v,5,1.0807,ref,,PF,77
2476,teta,6,-0.23404339173890573,ref,,PF,77
2477,v,6,1.0643202120101591,ref,,PF,77
2478,teta,7,-0.23404339173890573,ref,,PF,77
2479,v,7,1.09,ref,,PF,77
2480,teta,8,-0.2614369801800093,ref,,PF,77
2481,v,8,1.060703646320932,ref,,PF,77
2482,teta,9,-0.2645654593527984,ref,,PF,77
2483,v,9,1.0568583899526782,ref,,PF,77
2484,teta,10,-0.26027286358273605,ref,,PF,77
2485,v,10,1.0651863875441836,ref,,PF,77
2486,teta,11,-0.26710549259964256,ref,,PF,77
2487,v,11,1.0622505731375962,ref,,PF,77
2488,teta,12,-0.26777093613015895,ref,,PF,77
2489,v,12,1.059532705639744,ref,,PF,77
2490,teta,13,-0.2814155765581234,ref,,PF,77
2491,v,13,1.0423352481516501,ref,,PF,77
2492,teta,14,-0.01490142616083762,ref,,PF,77
2493,v,14,1.03385642678307,ref,,PF,77
2494,teta,15,-0.25164535606962946,ref,,PF,77
2495,v,15,1.0776833344172354,ref,,PF,77
2496,teta,0,0.0,ref,,PF,78
2497,v,0,1.06,ref,,PF,78
2498,teta,1,-0.09513130278034115,ref,,PF,78
2499,v,1,1.045,ref,,PF,78
2500,teta,2,-0.19423253960493536,ref,,PF,78
2501,v,2,1.0201,ref,,PF,78
2502,teta,3,-0.18323603704637673,ref,,PF,78
2503,v,3,1.0195538445763996,ref,,PF,78
2504,teta,4,-0.15708474319903346,ref,,PF,78
2505,v,4,1.0218354794052233,ref,,PF,78
2506,teta,5,-0.25344708823316314,ref,,PF,78
2507,v,5,1.0807,ref,,PF,78
2508,teta,6,-0.23612497139135927,ref,,PF,78
2509,v,6,1.0641072618872385,ref,,PF,78
2510,teta,7,-0.23612497139135924,ref,,PF,78
2511,v,7,1.09,ref,,PF,78
2512,teta,8,-0.26346663316359903,ref,,PF,78
2513,v,8,1.060472567122666,ref,,PF,78
2514,teta,9,-0.2665581143497618,ref,,PF,78
2515,v,9,1.0566638723265591,ref,,PF,78
2516,teta,10,-0.2621798091994621,ref,,PF,78
2517,v,10,1.0650837385353902,ref,,PF,78
2518,teta,11,-0.26872631194460317,ref,,PF,78
2519,v,11,1.0621011562462161,ref,,PF,78
2520,teta,12,-0.26957108307071487,ref,,PF,78
2521,v,12,1.0594400453890351,ref,,PF,78
2522,teta,13,-0.2833507284912926,ref,,PF,78
2523,v,13,1.0421607093237604,ref,,PF,78
2524,teta,14,-0.017455102203469682,ref,,PF,78
2525,v,14,1.0344136508398392,ref,,PF,78
2526,teta,15,-0.2532618858229484,ref,,PF,78
2527,v,15,1.0775359925670611,ref,,PF,78
2528,teta,0,0.0,ref,,PF,79
2529,v,0,1.06,ref,,PF,79
2530,teta,1,-0.09460802408555283,ref,,PF,79
2531,v,1,1.045,ref,,PF,79
2532,teta,2,-0.19276225966828803,ref,,PF,79
2533,v,2,1.0201,ref,,PF,79
2534,teta,3,-0.18182541046331133,ref,,PF,79
2535,v,3,1.01972072332457,ref,,PF,79
2536,teta,4,-0.1560001380089175,ref,,PF,79
2537,v,4,1.021967217102576,ref,,PF,79
2538,teta,5,-0.2518662688067975,ref,,PF,79
2539,v,5,1.0807,ref,,PF,79
2540,teta,6,-0.2346353747068055,ref,,PF,79
2541,v,6,1.064186821734434,ref,,PF,79
2542,teta,7,-0.23463537470680548,ref,,PF,79
2543,v,7,1.09,ref,,PF,79
2544,teta,8,-0.26193869820393306,ref,,PF,79
2545,v,8,1.060550659927035,ref,,PF,79
2546,teta,9,-0.2650211004698022,ref,,PF,79
2547,v,9,1.0567282180223214,ref,,PF,79
2548,teta,10,-0.26062193196763883,ref,,PF,79
2549,v,10,1.06511622479906,ref,,PF,79
2550,teta,11,-0.26643846909293484,ref,,PF,79
2551,v,11,1.0628781513545857,ref,,PF,79
2552,teta,12,-0.26774342053350153,ref,,PF,79
2553,v,12,1.0596147720393034,ref,,PF,79
2554,teta,13,-0.28168822527198345,ref,,PF,79
2555,v,13,1.0422821098309385,ref,,PF,79
2556,teta,14,-0.015847506802904313,ref,,PF,79
2557,v,14,1.0340695910602378,ref,,PF,79
2558,teta,15,-0.25099633023576,ref,,PF,79
2559,v,15,1.0783022030309948,ref,,PF,79
2560,teta,0,0.0,ref,,PF,80
2561,v,0,1.06,ref,,PF,80
2562,teta,1,-0.09598506858764416,ref,,PF,80
2563,v,1,1.045,ref,,PF,80
2564,teta,2,-0.19658034049099718,ref,,PF,80
2565,v,2,1.0201,ref,,PF,80
2566,teta,3,-0.18541816619392854,ref,,PF,80
2567,v,3,1.0191117450030736,ref,,PF,80
2568,teta,4,-0.15889382003806127,ref,,PF,80
2569,v,4,1.0214633677074572,ref,,PF,80
2570,teta,5,-0.25540611015450615,ref,,PF,80
2571,v,5,1.0807,ref,,PF,80
2572,teta,6,-0.238249274233185,ref,,PF,80
2573,v,6,1.063891648707271,ref,,PF,80
2574,teta,7,-0.238249274233185,ref,,PF,80
2575,v,7,1.09,ref,,PF,80
2576,teta,8,-0.26555511489919853,ref,,PF,80
2577,v,8,1.0602435451347547,ref,,PF,80
2578,teta,9,-0.2686232093414368,ref,,PF,80
2579,v,9,1.0564719388120467,ref,,PF,80
2580,teta,10,-0.2641906356215875,ref,,PF,80
2581,v,10,1.064983353939971,ref,,PF,80
2582,teta,11,-0.270452848275168,ref,,PF,80
2583,v,11,1.0619058393151715,ref,,PF,80
2584,teta,12,-0.2714929202248789,ref,,PF,80
2585,v,12,1.0593335532467396,ref,,PF,80
2586,teta,13,-0.2853722379165537,ref,,PF,80
2587,v,13,1.0419813977561225,ref,,PF,80
2588,teta,14,-0.020010959078235434,ref,,PF,80
2589,v,14,1.0349351424626572,ref,,PF,80
2590,teta,15,-0.25498281214184354,ref,,PF,80
2591,v,15,1.0773433889404735,ref,,PF,80
2592,teta,0,0.0,ref,,PF,81
2593,v,0,1.06,ref,,PF,81
2594,teta,1,-0.09749710006667152,ref,,PF,81
2595,v,1,1.045,ref,,PF,81
2596,teta,2,-0.20086927474324048,ref,,PF,81
2597,v,2,1.0201,ref,,PF,81
2598,teta,3,-0.18946219161120725,ref,,PF,81
2599,v,3,1.018453318567271,ref,,PF,81
2600,teta,4,-0.1619932204019966,ref,,PF,81
2601,v,4,1.0209807071832486,ref,,PF,81
2602,teta,5,-0.25889818191078906,ref,,PF,81
2603,v,5,1.0807,ref,,PF,81
2604,teta,6,-0.24216030026531507,ref,,PF,81
2605,v,6,1.0635775107173897,ref,,PF,81
2606,teta,7,-0.24216030026531507,ref,,PF,81
2607,v,7,1.09,ref,,PF,81
2608,teta,8,-0.2693882736485062,ref,,PF,81
2609,v,8,1.0599154195670777,ref,,PF,81
2610,teta,9,-0.27239548849447975,ref,,PF,81
2611,v,9,1.0561951726943872,ref,,PF,81
2612,teta,10,-0.26782200882621043,ref,,PF,81
2613,v,10,1.0648367139595065,ref,,PF,81
2614,teta,11,-0.274184516425896,ref,,PF,81
2615,v,11,1.0620284771392854,ref,,PF,81
2616,teta,12,-0.27508088366390254,ref,,PF,81
2617,v,12,1.0593386518727532,ref,,PF,81
2618,teta,13,-0.2891039429476596,ref,,PF,81
2619,v,13,1.0417943008669648,ref,,PF,81
2620,teta,14,-0.02466070723455799,ref,,PF,81
2621,v,14,1.0358400445885645,ref,,PF,81
2622,teta,15,-0.2587180031257599,ref,,PF,81
2623,v,15,1.0774643229951488,ref,,PF,81
2624,teta,0,0.0,ref,,PF,82
2625,v,0,1.06,ref,,PF,82
2626,teta,1,-0.0965953489247495,ref,,PF,82
2627,v,1,1.045,ref,,PF,82
2628,teta,2,-0.1983215673085753,ref,,PF,82
2629,v,2,1.0201,ref,,PF,82
2630,teta,3,-0.1870582992879347,ref,,PF,82
2631,v,3,1.0188395164389346,ref,,PF,82
2632,teta,4,-0.1601416741970182,ref,,PF,82
2633,v,4,1.0212927601676465,ref,,PF,82
2634,teta,5,-0.25659891155271686,ref,,PF,82
2635,v,5,1.0807,ref,,PF,82
2636,teta,6,-0.23975988552438343,ref,,PF,82
2637,v,6,1.063764458321048,ref,,PF,82
2638,teta,7,-0.23975988552438343,ref,,PF,82
2639,v,7,1.09,ref,,PF,82
2640,teta,8,-0.2669949712376968,ref,,PF,82
2641,v,8,1.0601103988160518,ref,,PF,82
2642,teta,9,-0.2700192654852733,ref,,PF,82
2643,v,9,1.0563583984103229,ref,,PF,82
2644,teta,10,-0.2654854314841805,ref,,PF,82
2645,v,10,1.0649218944595227,ref,,PF,82
2646,teta,11,-0.27149022194578265,ref,,PF,82
2647,v,11,1.0625653115159144,ref,,PF,82
2648,teta,12,-0.2726227390126393,ref,,PF,82
2649,v,12,1.059487613600947,ref,,PF,82
2650,teta,13,-0.2866767670102995,ref,,PF,82
2651,v,13,1.041972170552058,ref,,PF,82
2652,teta,14,-0.021903047951508974,ref,,PF,82
2653,v,14,1.0353134157556572,ref,,PF,82
2654,teta,15,-0.2560391153893592,ref,,PF,82
2655,v,15,1.0779937036191236,ref,,PF,82
2656,teta,0,0.0,ref,,PF,83
2657,v,0,1.06,ref,,PF,83
2658,teta,1,-0.09591387635174543,ref,,PF,83
2659,v,1,1.045,ref,,PF,83
2660,teta,2,-0.19635379085789398,ref,,PF,83
2661,v,2,1.0201,ref,,PF,83
2662,teta,3,-0.18522379445861775,ref,,PF,83
2663,v,3,1.019195278146777,ref,,PF,83
2664,teta,4,-0.15877858761851688,ref,,PF,83
2665,v,4,1.0215447915244065,ref,,PF,83
2666,teta,5,-0.2548892730178636,ref,,PF,83
2667,v,5,1.0807,ref,,PF,83
2668,teta,6,-0.23794236537788924,ref,,PF,83
2669,v,6,1.0639442182018692,ref,,PF,83
2670,teta,7,-0.23794236537788924,ref,,PF,83
2671,v,7,1.09,ref,,PF,83
2672,teta,8,-0.265190687563806,ref,,PF,83
2673,v,8,1.0603068367746273,ref,,PF,83
2674,teta,9,-0.26823216816659795,ref,,PF,83
2675,v,9,1.0565228426291045,ref,,PF,83
2676,teta,10,-0.26373823590937656,ref,,PF,83
2677,v,10,1.065007708371336,ref,,PF,83
2678,teta,11,-0.26975392380026236,ref,,PF,83
2679,v,11,1.063226159036616,ref,,PF,83
2680,teta,12,-0.2708477822989268,ref,,PF,83
2681,v,12,1.059701565368818,ref,,PF,83
2682,teta,13,-0.28487844182244515,ref,,PF,83
2683,v,13,1.0421799500695792,ref,,PF,83
2684,teta,14,-0.01976324784485983,ref,,PF,83
2685,v,14,1.0348820908984668,ref,,PF,83
2686,teta,15,-0.25432175161370313,ref,,PF,83
2687,v,15,1.0786453851598827,ref,,PF,83
2688,teta,0,0.0,ref,,PF,84
2689,v,0,1.06,ref,,PF,84
2690,teta,1,-0.09568558868736796,ref,,PF,84
2691,v,1,1.045,ref,,PF,84
2692,teta,2,-0.19576069968187007,ref,,PF,84
2693,v,2,1.0201,ref,,PF,84
2694,teta,3,-0.18467281452676765,ref,,PF,84
2695,v,3,1.019307285081848,ref,,PF,84
2696,teta,4,-0.15826782350714397,ref,,PF,84
2697,v,4,1.0216699213176437,ref,,PF,84
2698,teta,5,-0.2541458250755509,ref,,PF,84
2699,v,5,1.0807,ref,,PF,84
2700,teta,6,-0.23732351471701207,ref,,PF,84
2701,v,6,1.0639953070741854,ref,,PF,84
2702,teta,7,-0.23732351471701207,ref,,PF,84
2703,v,7,1.09,ref,,PF,84
2704,teta,8,-0.2645385705439527,ref,,PF,84
2705,v,8,1.060353640810648,ref,,PF,84
2706,teta,9,-0.26756412915449956,ref,,PF,84
2707,v,9,1.0565607270876387,ref,,PF,84
2708,teta,10,-0.2630334965683558,ref,,PF,84
2709,v,10,1.0650261003231074,ref,,PF,84
2710,teta,11,-0.26867331254694593,ref,,PF,84
2711,v,11,1.0636911592616056,ref,,PF,84
2712,teta,12,-0.2699878119711426,ref,,PF,84
2713,v,12,1.059811821209227,ref,,PF,84
2714,teta,13,-0.2841332838658953,ref,,PF,84
2715,v,13,1.0422550564362605,ref,,PF,84
2716,teta,14,-0.019120040317838073,ref,,PF,84
2717,v,14,1.034756459659715,ref,,PF,84
2718,teta,15,-0.25325444261749225,ref,,PF,84
2719,v,15,1.07910394218852,ref,,PF,84
2720,teta,0,0.0,ref,,PF,85
2721,v,0,1.06,ref,,PF,85
2722,teta,1,-0.09610189457621765,ref,,PF,85
2723,v,1,1.045,ref,,PF,85
2724,teta,2,-0.19692021447227942,ref,,PF,85
2725,v,2,1.0201,ref,,PF,85
2726,teta,3,-0.1857826724226207,ref,,PF,85
2727,v,3,1.0191702063105035,ref,,PF,85
2728,teta,4,-0.15914031069087142,ref,,PF,85
2729,v,4,1.0215593240500285,ref,,PF,85
2730,teta,5,-0.2547336203016525,ref,,PF,85
2731,v,5,1.0807,ref,,PF,85
2732,teta,6,-0.23826670150463958,ref,,PF,85
2733,v,6,1.063922644038037,ref,,PF,85
2734,teta,7,-0.23826670150463958,ref,,PF,85
2735,v,7,1.09,ref,,PF,85
2736,teta,8,-0.26539431696169147,ref,,PF,85
2737,v,8,1.0602636515966346,ref,,PF,85
2738,teta,9,-0.26837252458198996,ref,,PF,85
2739,v,9,1.056482829911734,ref,,PF,85
2740,teta,10,-0.26373248235124613,ref,,PF,85
2741,v,10,1.0649827245551675,ref,,PF,85
2742,teta,11,-0.26852321728781775,ref,,PF,85
2743,v,11,1.0643940676513444,ref,,PF,85
2744,teta,12,-0.2703497393723299,ref,,PF,85
2745,v,12,1.059936793623819,ref,,PF,85
2746,teta,13,-0.28477350877341967,ref,,PF,85
2747,v,13,1.0422571262151386,ref,,PF,85
2748,teta,14,-0.02038102766398667,ref,,PF,85
2749,v,14,1.0350108434799066,ref,,PF,85
2750,teta,15,-0.2531244229631567,ref,,PF,85
2751,v,15,1.079797120827922,ref,,PF,85
2752,teta,0,0.0,ref,,PF,86
2753,v,0,1.06,ref,,PF,86
2754,teta,1,-0.0972937132596054,ref,,PF,86
2755,v,1,1.045,ref,,PF,86
2756,teta,2,-0.20032526457472496,ref,,PF,86
2757,v,2,1.0201,ref,,PF,86
2758,teta,3,-0.18899758046248272,ref,,PF,86
2759,v,3,1.0186579387729509,ref,,PF,86
2760,teta,4,-0.16155515711324273,ref,,PF,86
2761,v,4,1.021169795577547,ref,,PF,86
2762,teta,5,-0.25735390452211326,ref,,PF,86
2763,v,5,1.0807,ref,,PF,86
2764,teta,6,-0.24132400835137433,ref,,PF,86
2765,v,6,1.0636709026550195,ref,,PF,86
2766,teta,7,-0.24132400835137433,ref,,PF,86
2767,v,7,1.09,ref,,PF,86
2768,teta,8,-0.2683635943943109,ref,,PF,86
2769,v,8,1.0599902761248499,ref,,PF,86
2770,teta,9,-0.2712796699681232,ref,,PF,86
2771,v,9,1.0562514789099626,ref,,PF,86
2772,teta,10,-0.266495917764587,ref,,PF,86
2773,v,10,1.064859337779546,ref,,PF,86
2774,teta,11,-0.2709655022485094,ref,,PF,86
2775,v,11,1.0645706545177742,ref,,PF,86
2776,teta,12,-0.2729469345292054,ref,,PF,86
2777,v,12,1.0599308448223328,ref,,PF,86
2778,teta,13,-0.2875853394335872,ref,,PF,86
2779,v,13,1.042096128198034,ref,,PF,86
2780,teta,14,-0.024074151944073523,ref,,PF,86
2781,v,14,1.035733309167487,ref,,PF,86
2782,teta,15,-0.2555717452444236,ref,,PF,86
2783,v,15,1.0799712652415747,ref,,PF,86
2784,teta,0,0.0,ref,,PF,87
2785,v,0,1.06,ref,,PF,87
2786,teta,1,-0.09635593792837108,ref,,PF,87
2787,v,1,1.045,ref,,PF,87
2788,teta,2,-0.19763009289217193,ref,,PF,87
2789,v,2,1.0201,ref,,PF,87
2790,teta,3,-0.18641348453596834,ref,,PF,87
2791,v,3,1.0189639499457863,ref,,PF,87
2792,teta,4,-0.15966162278884502,ref,,PF,87
2793,v,4,1.0213759125588906,ref,,PF,87
2794,teta,5,-0.25546569997996815,ref,,PF,87
2795,v,5,1.0807,ref,,PF,87
2796,teta,6,-0.2389374613059452,ref,,PF,87
2797,v,6,1.063825688356907,ref,,PF,87
2798,teta,7,-0.2389374613059452,ref,,PF,87
2799,v,7,1.09,ref,,PF,87
2800,teta,8,-0.2660826762209398,ref,,PF,87
2801,v,8,1.0601675515684867,ref,,PF,87
2802,teta,9,-0.26906829642255164,ref,,PF,87
2803,v,9,1.056403408614022,ref,,PF,87
2804,teta,10,-0.26444525849302275,ref,,PF,87
2805,v,10,1.0649423707333472,ref,,PF,87
2806,teta,11,-0.26946190597662156,ref,,PF,87
2807,v,11,1.0640010456800018,ref,,PF,87
2808,teta,12,-0.27116197552503507,ref,,PF,87
2809,v,12,1.0598294418860499,ref,,PF,87
2810,teta,13,-0.28551912879990976,ref,,PF,87
2811,v,13,1.0421547296805516,ref,,PF,87
2812,teta,14,-0.021151935120812624,ref,,PF,87
2813,v,14,1.0351638638241683,ref,,PF,87
2814,teta,15,-0.25405189145730045,ref,,PF,87
2815,v,15,1.0794095376387671,ref,,PF,87
2816,teta,0,0.0,ref,,PF,88
2817,v,0,1.06,ref,,PF,88
2818,teta,1,-0.0954998925776982,ref,,PF,88
2819,v,1,1.045,ref,,PF,88
2820,teta,2,-0.19515694167096112,ref,,PF,88
2821,v,2,1.0201,ref,,PF,88
2822,teta,3,-0.1840591568357589,ref,,PF,88
2823,v,3,1.0192892682094623,ref,,PF,88
2824,teta,4,-0.15794454078097925,ref,,PF,88
2825,v,4,1.0215877612140563,ref,,PF,88
2826,teta,5,-0.25358955729290156,ref,,PF,88
2827,v,5,1.0807,ref,,PF,88
2828,teta,6,-0.2367091100548164,ref,,PF,88
2829,v,6,1.063987649968075,ref,,PF,88
2830,teta,7,-0.2367091100548164,ref,,PF,88
2831,v,7,1.09,ref,,PF,88
2832,teta,8,-0.2639234743093591,ref,,PF,88
2833,v,8,1.0603468072683846,ref,,PF,88
2834,teta,9,-0.2669593536760443,ref,,PF,88
2835,v,9,1.0565557139506454,ref,,PF,88
2836,teta,10,-0.2624525383804681,ref,,PF,88
2837,v,10,1.0650242359900635,ref,,PF,88
2838,teta,11,-0.2676817356617376,ref,,PF,88
2839,v,11,1.063842345186533,ref,,PF,88
2840,teta,12,-0.2692916701647107,ref,,PF,88
2841,v,12,1.0598204265113316,ref,,PF,88
2842,teta,13,-0.28348289649904207,ref,,PF,88
2843,v,13,1.0422546889018505,ref,,PF,88
2844,teta,14,-0.018458105291136128,ref,,PF,88
2845,v,14,1.0346106380816529,ref,,PF,88
2846,teta,15,-0.2522671870173374,ref,,PF,88
2847,v,15,1.0792530343645355,ref,,PF,88
2848,teta,0,0.0,ref,,PF,89
2849,v,0,1.06,ref,,PF,89
2850,teta,1,-0.0954872463219748,ref,,PF,89
2851,v,1,1.045,ref,,PF,89
2852,teta,2,-0.19507669125358934,ref,,PF,89
2853,v,2,1.0201,ref,,PF,89
2854,teta,3,-0.1839951317356356,ref,,PF,89
2855,v,3,1.0193312698409112,ref,,PF,89
2856,teta,4,-0.1579614116153112,ref,,PF,89
2857,v,4,1.0216100222424742,ref,,PF,89
2858,teta,5,-0.25383397301094657,ref,,PF,89
2859,v,5,1.0807,ref,,PF,89
2860,teta,6,-0.23674764752099284,ref,,PF,89
2861,v,6,1.0640146373921413,ref,,PF,89
2862,teta,7,-0.23674764752099284,ref,,PF,89
2863,v,7,1.09,ref,,PF,89
2864,teta,8,-0.264015084894045,ref,,PF,89
2865,v,8,1.0603867948067496,ref,,PF,89
2866,teta,9,-0.267077932929595,ref,,PF,89
2867,v,9,1.0565907069755094,ref,,PF,89
2868,teta,10,-0.26263342202259643,ref,,PF,89
2869,v,10,1.065044110002218,ref,,PF,89
2870,teta,11,-0.26851366656659903,ref,,PF,89
2871,v,11,1.0634488204659915,ref,,PF,89
2872,teta,12,-0.26971070758902504,ref,,PF,89
2873,v,12,1.0597630623358785,ref,,PF,89
2874,teta,13,-0.2837172676347709,ref,,PF,89
2875,v,13,1.04225326962625,ref,,PF,89
2876,teta,14,-0.01836837158499118,ref,,PF,89
2877,v,14,1.0345868697099507,ref,,PF,89
2878,teta,15,-0.2530878661914488,ref,,PF,89
2879,v,15,1.0788649606626353,ref,,PF,89
2880,teta,0,0.0,ref,,PF,90
2881,v,0,1.06,ref,,PF,90
2882,teta,1,-0.09575112147370658,ref,,PF,90
2883,v,1,1.045,ref,,PF,90
2884,teta,2,-0.19586297461797814,ref,,PF,90
2885,v,2,1.0201,ref,,PF,90
2886,teta,3,-0.18471827772358923,ref,,PF,90
2887,v,3,1.0191635961256782,ref,,PF,90
2888,teta,4,-0.15846101712962127,ref,,PF,90
2889,v,4,1.0214778890286735,ref,,PF,90
2890,teta,5,-0.2548508394862607,ref,,PF,90
2891,v,5,1.0807,ref,,PF,90
2892,teta,6,-0.23758756071072443,ref,,PF,90
2893,v,6,1.06394548217902,ref,,PF,90
2894,teta,7,-0.23758756071072443,ref,,PF,90
2895,v,7,1.09,ref,,PF,90
2896,teta,8,-0.2649121994346508,ref,,PF,90
2897,v,8,1.0603331503955868,ref,,PF,90
2898,teta,9,-0.2679959471793545,ref,,PF,90
2899,v,9,1.0565474531351369,ref,,PF,90
2900,teta,10,-0.26359961676427696,ref,,PF,90
2901,v,10,1.0650232948446479,ref,,PF,90
2902,teta,11,-0.27057462248813136,ref,,PF,90
2903,v,11,1.0628472833975362,ref,,PF,90
2904,teta,12,-0.27104774232263823,ref,,PF,90
2905,v,12,1.0596697474940024,ref,,PF,90
2906,teta,13,-0.284808176800413,ref,,PF,90
2907,v,13,1.0421824024474193,ref,,PF,90
2908,teta,14,-0.019227390078246705,ref,,PF,90
2909,v,14,1.034769180602863,ref,,PF,90
2910,teta,15,-0.2551315991323645,ref,,PF,90
2911,v,15,1.0782717632384524,ref,,PF,90
2912,teta,0,0.0,ref,,PF,91
2913,v,0,1.06,ref,,PF,91
2914,teta,1,-0.09556046354096744,ref,,PF,91
2915,v,1,1.045,ref,,PF,91
2916,teta,2,-0.19541332493795865,ref,,PF,91
2917,v,2,1.0201,ref,,PF,91
2918,teta,3,-0.18429856979190165,ref,,PF,91
2919,v,3,1.019243268247409,ref,,PF,91
2920,teta,4,-0.1579876952142052,ref,,PF,91
2921,v,4,1.0215684811813002,ref,,PF,91
2922,teta,5,-0.25434362657319437,ref,,PF,91
2923,v,5,1.0807,ref,,PF,91
2924,teta,6,-0.2371424161883826,ref,,PF,91
2925,v,6,1.0639825674451684,ref,,PF,91
2926,teta,7,-0.23714241618838258,ref,,PF,91
2927,v,7,1.09,ref,,PF,91
2928,teta,8,-0.26445512824658585,ref,,PF,91
2929,v,8,1.060369041257926,ref,,PF,91
2930,teta,9,-0.2675301619029459,ref,,PF,91
2931,v,9,1.056576732716138,ref,,PF,91
2932,teta,10,-0.2631137596776263,ref,,PF,91
2933,v,10,1.0650377607586352,ref,,PF,91
2934,teta,11,-0.2700769106218606,ref,,PF,91
2935,v,11,1.063013508585512,ref,,PF,91
2936,teta,12,-0.2705375437900475,ref,,PF,91
2937,v,12,1.0597217116188162,ref,,PF,91
2938,teta,13,-0.2843265382504659,ref,,PF,91
2939,v,13,1.0422258966549764,ref,,PF,91
2940,teta,14,-0.018741837357802254,ref,,PF,91
2941,v,14,1.0346791861153393,ref,,PF,91
2942,teta,15,-0.25463864943319964,ref,,PF,91
2943,v,15,1.0784356830173942,ref,,PF,91
2944,teta,0,0.0,ref,,PF,92
2945,v,0,1.06,ref,,PF,92
2946,teta,1,-0.09356130142642469,ref,,PF,92
2947,v,1,1.045,ref,,PF,92
2948,teta,2,-0.1897946825204412,ref,,PF,92
2949,v,2,1.0201,ref,,PF,92
2950,teta,3,-0.17898269673461822,ref,,PF,92
2951,v,3,1.0200712399899892,ref,,PF,92
2952,teta,4,-0.15384881203503664,ref,,PF,92
2953,v,4,1.022207831819387,ref,,PF,92
2954,teta,5,-0.24963503846662163,ref,,PF,92
2955,v,5,1.0807,ref,,PF,92
2956,teta,6,-0.2319659426303512,ref,,PF,92
2957,v,6,1.0643832538183056,ref,,PF,92
2958,teta,7,-0.2319659426303512,ref,,PF,92
2959,v,7,1.09,ref,,PF,92
2960,teta,8,-0.25936195943349266,ref,,PF,92
2961,v,8,1.0607926316986322,ref,,PF,92
2962,teta,9,-0.2625057376879979,ref,,PF,92
2963,v,9,1.0569333619355248,ref,,PF,92
2964,teta,10,-0.2582485807760908,ref,,PF,92
2965,v,10,1.0652260207648596,ref,,PF,92
2966,teta,11,-0.26512913713916825,ref,,PF,92
2967,v,11,1.0632518860124123,ref,,PF,92
2968,teta,12,-0.2657023902326448,ref,,PF,92
2969,v,12,1.0598330007437304,ref,,PF,92
2970,teta,13,-0.27933686418593057,ref,,PF,92
2971,v,13,1.042519432158916,ref,,PF,92
2972,teta,14,-0.012587573257292692,ref,,PF,92
2973,v,14,1.0333373787955653,ref,,PF,92
2974,teta,15,-0.24969770137190045,ref,,PF,92
2975,v,15,1.0786707555167858,ref,,PF,92
2976,teta,0,0.0,ref,,PF,93
2977,v,0,1.06,ref,,PF,93
2978,teta,1,-0.09381798579103227,ref,,PF,93
2979,v,1,1.045,ref,,PF,93
2980,teta,2,-0.19058056581591876,ref,,PF,93
2981,v,2,1.0201,ref,,PF,93
2982,teta,3,-0.17975139349723915,ref,,PF,93
2983,v,3,1.0200177749056083,ref,,PF,93
2984,teta,4,-0.1543303434971762,ref,,PF,93
2985,v,4,1.022216239058605,ref,,PF,93
2986,teta,5,-0.24992539095578772,ref,,PF,93
2987,v,5,1.0807,ref,,PF,93
2988,teta,6,-0.23258788792150714,ref,,PF,93
2989,v,6,1.06435036331356,ref,,PF,93
2990,teta,7,-0.23258788792150714,ref,,PF,93
2991,v,7,1.09,ref,,PF,93
2992,teta,8,-0.25990789289564614,ref,,PF,93
2993,v,8,1.060744134159897,ref,,PF,93
2994,teta,9,-0.2630066304445841,ref,,PF,93
2995,v,9,1.0568901388054512,ref,,PF,93
2996,teta,10,-0.25864541637302135,ref,,PF,93
2997,v,10,1.065200677517723,ref,,PF,93
2998,teta,11,-0.26491910932347024,ref,,PF,93
2999,v,11,1.063838164704126,ref,,PF,93
3000,teta,12,-0.26584088097611286,ref,,PF,93
3001,v,12,1.0599494925241426,ref,,PF,93
3002,teta,13,-0.2797044094856816,ref,,PF,93
3003,v,13,1.0425419694764644,ref,,PF,93
3004,teta,14,-0.013455916987662872,ref,,PF,93
3005,v,14,1.033543858383143,ref,,PF,93
3006,teta,15,-0.24950444121442533,ref,,PF,93
3007,v,15,1.07924891176953,ref,,PF,93
3008,teta,0,0.0,ref,,PF,94
3009,v,0,1.06,ref,,PF,94
3010,teta,1,-0.09319407339867267,ref,,PF,94
3011,v,1,1.045,ref,,PF,94
3012,teta,2,-0.18884885366280593,ref,,PF,94
3013,v,2,1.0201,ref,,PF,94
3014,teta,3,-0.1780876828440065,ref,,PF,94
3015,v,3,1.0202107801647384,ref,,PF,94
3016,teta,4,-0.15301522391857708,ref,,PF,94
3017,v,4,1.022365217535048,ref,,PF,94
3018,teta,5,-0.24816963510270773,ref,,PF,94
3019,v,5,1.0807,ref,,PF,94
3020,teta,6,-0.2308700791104797,ref,,PF,94
3021,v,6,1.064438820928984,ref,,PF,94
3022,teta,7,-0.23087007911047971,ref,,PF,94
3023,v,7,1.09,ref,,PF,94
3024,teta,8,-0.2581651262974396,ref,,PF,94
3025,v,8,1.0608284396597185,ref,,PF,94
3026,teta,9,-0.2612618132449984,ref,,PF,94
3027,v,9,1.0569601035514324,ref,,PF,94
3028,teta,10,-0.25689596937764564,ref,,PF,94
3029,v,10,1.0652365405017548,ref,,PF,94
3030,teta,11,-0.26245379871769425,ref,,PF,94
3031,v,11,1.064340069569726,ref,,PF,94
3032,teta,12,-0.2638527442320912,ref,,PF,94
3033,v,12,1.060046876465207,ref,,PF,94
3034,teta,13,-0.27785191820717026,ref,,PF,94
3035,v,13,1.0426328323794591,ref,,PF,94
3036,teta,14,-0.011549853280687366,ref,,PF,94
3037,v,14,1.033107325823348,ref,,PF,94
3038,teta,15,-0.2470534635511653,ref,,PF,94
3039,v,15,1.0797438697693962,ref,,PF,94
3040,teta,0,0.0,ref,,PF,95
3041,v,0,1.06,ref,,PF,95
3042,teta,1,-0.09186875471865943,ref,,PF,95
3043,v,1,1.045,ref,,PF,95
3044,teta,2,-0.1851504400380395,ref,,PF,95
3045,v,2,1.0201,ref,,PF,95
3046,teta,3,-0.17457853293227715,ref,,PF,95
3047,v,3,1.0207382688124171,ref,,PF,95
3048,teta,4,-0.15024904516487717,ref,,PF,95
3049,v,4,1.0227809498398528,ref,,PF,95
3050,teta,5,-0.24518210486177872,ref,,PF,95
3051,v,5,1.0807,ref,,PF,95
3052,teta,6,-0.22749739603097263,ref,,PF,95
3053,v,6,1.0646979345229646,ref,,PF,95
3054,teta,7,-0.22749739603097263,ref,,PF,95
3055,v,7,1.09,ref,,PF,95
3056,teta,8,-0.2548698856782008,ref,,PF,95
3057,v,8,1.0611086556032914,ref,,PF,95
3058,teta,9,-0.25802139685063835,ref,,PF,95
3059,v,9,1.057196621974993,ref,,PF,95
3060,teta,10,-0.25378250856974943,ref,,PF,95
3061,v,10,1.0653620293516082,ref,,PF,95
3062,teta,11,-0.2596563391973417,ref,,PF,95
3063,v,11,1.0643007451578383,ref,,PF,95
3064,teta,12,-0.2608866229486176,ref,,PF,95
3065,v,12,1.0600930246300915,ref,,PF,95
3066,teta,13,-0.274694530793781,ref,,PF,95
3067,v,13,1.042815331179465,ref,,PF,95
3068,teta,14,-0.0074545343001140955,ref,,PF,95
3069,v,14,1.0321141532683515,ref,,PF,95
3070,teta,15,-0.24425488175887483,ref,,PF,95
3071,v,15,1.0797050894256526,ref,,PF,95
3072,teta,0,0.0,ref,,PF,96
3073,v,0,1.06,ref,,PF,96
3074,teta,1,-0.09146487928193209,ref,,PF,96
3075,v,1,1.045,ref,,PF,96
3076,teta,2,-0.18394257166294695,ref,,PF,96
3077,v,2,1.0201,ref,,PF,96
3078,teta,3,-0.17344414883830256,ref,,PF,96
3079,v,3,1.0209420054168,ref,,PF,96
3080,teta,4,-0.14948187367459642,ref,,PF,96
3081,v,4,1.0229136080016068,ref,,PF,96
3082,teta,5,-0.24443826084603176,ref,,PF,96
3083,v,5,1.0807,ref,,PF,96
3084,teta,6,-0.2264757346579327,ref,,PF,96
3085,v,6,1.064801281763231,ref,,PF,96
3086,teta,7,-0.2264757346579327,ref,,PF,96
3087,v,7,1.09,ref,,PF,96
3088,teta,8,-0.2539089179548664,ref,,PF,96
3089,v,8,1.0612265639355787,ref,,PF,96
3090,teta,9,-0.25709888632381916,ref,,PF,96
3091,v,9,1.0572971256363566,ref,,PF,96
3092,teta,10,-0.25294896684976237,ref,,PF,96
3093,v,10,1.0654163876633878,ref,,PF,96
3094,teta,11,-0.25923430794186514,ref,,PF,96
3095,v,11,1.0640265762648868,ref,,PF,96
3096,teta,12,-0.2602274575753951,ref,,PF,96
3097,v,12,1.060059808825895,ref,,PF,96
3098,teta,13,-0.2738634650112728,ref,,PF,96
3099,v,13,1.0428692703252465,ref,,PF,96
3100,teta,14,-0.006104436461887836,ref,,PF,96
3101,v,14,1.0317584496752588,ref,,PF,96
3102,teta,15,-0.24382502265375147,ref,,PF,96
3103,v,15,1.0794347148080525,ref,,PF,96
3104,teta,0,0.0,ref,,PF,97
3105,v,0,1.06,ref,,PF,97
3106,teta,1,-0.09234073412069668,ref,,PF,97
3107,v,1,1.045,ref,,PF,97
3108,teta,2,-0.18644901353572046,ref,,PF,97
3109,v,2,1.0201,ref,,PF,97
3110,teta,3,-0.17581085153442816,ref,,PF,97
3111,v,3,1.0205530373549874,ref,,PF,97
3112,teta,4,-0.15125371274347832,ref,,PF,97
3113,v,4,1.0226395327048774,ref,,PF,97
3114,teta,5,-0.24672505737981246,ref,,PF,97
3115,v,5,1.0807,ref,,PF,97
3116,teta,6,-0.2288524057429035,ref,,PF,97
3117,v,6,1.0646205532680721,ref,,PF,97
3118,teta,7,-0.2288524057429035,ref,,PF,97
3119,v,7,1.09,ref,,PF,97
3120,teta,8,-0.2562849280111083,ref,,PF,97
3121,v,8,1.0610470249841706,ref,,PF,97
3122,teta,9,-0.25945874288771537,ref,,PF,97
3123,v,9,1.0571468096366086,ref,,PF,97
3124,teta,10,-0.255271278354086,ref,,PF,97
3125,v,10,1.0653379255737556,ref,,PF,97
3126,teta,11,-0.2622682961855529,ref,,PF,97
3127,v,11,1.063651557256892,ref,,PF,97
3128,teta,12,-0.26275922832970006,ref,,PF,97
3129,v,12,1.0599872739225784,ref,,PF,97
3130,teta,13,-0.2763113333805367,ref,,PF,97
3131,v,13,1.0427343791313015,ref,,PF,97
3132,teta,14,-0.008895137345723517,ref,,PF,97
3133,v,14,1.0324694600277964,ref,,PF,97
3134,teta,15,-0.24684829402938577,ref,,PF,97
3135,v,15,1.0790648887175145,ref,,PF,97
3136,teta,0,0.0,ref,,PF,98
3137,v,0,1.06,ref,,PF,98
3138,teta,1,-0.09193795400888817,ref,,PF,98
3139,v,1,1.045,ref,,PF,98
3140,teta,2,-0.18530794889367114,ref,,PF,98
3141,v,2,1.0201,ref,,PF,98
3142,teta,3,-0.17473347765467628,ref,,PF,98
3143,v,3,1.0207298481729667,ref,,PF,98
3144,teta,4,-0.15042895323777178,ref,,PF,98
3145,v,4,1.022771038830644,ref,,PF,98
3146,teta,5,-0.2459382809290614,ref,,PF,98
3147,v,5,1.0807,ref,,PF,98
3148,teta,6,-0.22786114142755215,ref,,PF,98
3149,v,6,1.0647113228311116,ref,,PF,98
3150,teta,7,-0.22786114142755215,ref,,PF,98
3151,v,7,1.09,ref,,PF,98
3152,teta,8,-0.25534023183872706,ref,,PF,98
3153,v,8,1.0611511651213714,ref,,PF,98
3154,teta,9,-0.25854206734131807,ref,,PF,98
3155,v,9,1.0572351936760125,ref,,PF,98
3156,teta,10,-0.2544194508701096,ref,,PF,98
3157,v,10,1.0653853283373564,ref,,PF,98
3158,teta,11,-0.2618410983629752,ref,,PF,98
3159,v,11,1.0635066059806615,ref,,PF,98
3160,teta,12,-0.26206523093934825,ref,,PF,98
3161,v,12,1.0599909713460587,ref,,PF,98
3162,teta,13,-0.27547390393970395,ref,,PF,98
3163,v,13,1.0427965774604044,ref,,PF,98
3164,teta,14,-0.007627417012684677,ref,,PF,98
3165,v,14,1.032152608145788,ref,,PF,98
3166,teta,15,-0.24641695097013708,ref,,PF,98
3167,v,15,1.078921945508939,ref,,PF,98
3168,teta,0,0.0,ref,,PF,99
3169,v,0,1.06,ref,,PF,99
3170,teta,1,-0.09203191645229133,ref,,PF,99
3171,v,1,1.045,ref,,PF,99
3172,teta,2,-0.18556507666261937,ref,,PF,99
3173,v,2,1.0201,ref,,PF,99
3174,teta,3,-0.17496613355799442,ref,,PF,99
3175,v,3,1.0206644612392362,ref,,PF,99
3176,teta,4,-0.15063133546252694,ref,,PF,99
3177,v,4,1.022729162464131,ref,,PF,99
3178,teta,5,-0.24621057981950759,ref,,PF,99
3179,v,5,1.0807,ref,,PF,99
3180,teta,6,-0.2281093974244198,ref,,PF,99
3181,v,6,1.064682977067789,ref,,PF,99
3182,teta,7,-0.2281093974244198,ref,,PF,99
3183,v,7,1.09,ref,,PF,99
3184,teta,8,-0.25559544246693283,ref,,PF,99
3185,v,8,1.061125974963834,ref,,PF,99
3186,teta,9,-0.25880021256434443,ref,,PF,99
3187,v,9,1.0572144365956613,ref,,PF,99
3188,teta,10,-0.2546843384186218,ref,,PF,99
3189,v,10,1.0653748469822355,ref,,PF,99
3190,teta,11,-0.26225940959257976,ref,,PF,99
3191,v,11,1.063451072309972,ref,,PF,99
3192,teta,12,-0.2623799721632158,ref,,PF,99
3193,v,12,1.0599837704650585,ref,,PF,99
3194,teta,13,-0.27575553149969884,ref,,PF,99
3195,v,13,1.0427790709903497,ref,,PF,99
3196,teta,14,-0.007912823208297176,ref,,PF,99
3197,v,14,1.032223344585879,ref,,PF,99
3198,teta,15,-0.2468336736374829,ref,,PF,99
3199,v,15,1.0788671813037896,ref,,PF,99
3200,teta,0,0.0,ref,,PF,100
3201,v,0,1.06,ref,,PF,100
3202,teta,1,-0.09207916530133137,ref,,PF,100
3203,v,1,1.045,ref,,PF,100
3204,teta,2,-0.1856839498899441,ref,,PF,100
3205,v,2,1.0201,ref,,PF,100
3206,teta,3,-0.1750847202649281,ref,,PF,100
3207,v,3,1.020662179059487,ref,,PF,100
3208,teta,4,-0.150741047024702,ref,,PF,100
3209,v,4,1.022717446735538,ref,,PF,100
3210,teta,5,-0.24615657526257298,ref,,PF,100
3211,v,5,1.0807,ref,,PF,100
3212,teta,6,-0.22816733427321245,ref,,PF,100
3213,v,6,1.0646737177558425,ref,,PF,100
3214,teta,7,-0.22816733427321245,ref,,PF,100
3215,v,7,1.09,ref,,PF,100
3216,teta,8,-0.2556225238676806,ref,,PF,100
3217,v,8,1.0611046128009491,ref,,PF,100
3218,teta,9,-0.2588129927497377,ref,,PF,100
3219,v,9,1.0571957592637204,ref,,PF,100
3220,teta,10,-0.2546640639270274,ref,,PF,100
3221,v,10,1.065364256814849,ref,,PF,100
3222,teta,11,-0.26169472924929715,ref,,PF,100
3223,v,11,1.0635642924077096,ref,,PF,100
3224,teta,12,-0.26218485175589157,ref,,PF,100
3225,v,12,1.0599711763706328,ref,,PF,100
3226,teta,13,-0.27568654655196095,ref,,PF,100
3227,v,13,1.0427605990829534,ref,,PF,100
3228,teta,14,-0.00804405794790739,ref,,PF,100
3229,v,14,1.032254267298535,ref,,PF,100
3230,teta,15,-0.24627223174041496,ref,,PF,100
3231,v,15,1.0789788327216594,ref,,PF,100
3232,teta,0,0.0,ref,,PF,101
3233,v,0,1.06,ref,,PF,101
3234,teta,1,-0.09192139946551726,ref,,PF,101
3235,v,1,1.045,ref,,PF,101
3236,teta,2,-0.18528480972143993,ref,,PF,101
3237,v,2,1.0201,ref,,PF,101
3238,teta,3,-0.17471467334256527,ref,,PF,101
3239,v,3,1.0207409437886852,ref,,PF,101
3240,teta,4,-0.15037852290935805,ref,,PF,101
3241,v,4,1.0228065860905862,ref,,PF,101
3242,teta,5,-0.24543127989593844,ref,,PF,101
3243,v,5,1.0807,ref,,PF,101
3244,teta,6,-0.22767509814508016,ref,,PF,101
3245,v,6,1.064708506563753,ref,,PF,101
3246,teta,7,-0.22767509814508016,ref,,PF,101
3247,v,7,1.09,ref,,PF,101
3248,teta,8,-0.2550685457078863,ref,,PF,101
3249,v,8,1.0611317798973854,ref,,PF,101
3250,teta,9,-0.2582289931048503,ref,,PF,101
3251,v,9,1.0572164228840033,ref,,PF,101
3252,teta,10,-0.25401077183337134,ref,,PF,101
3253,v,10,1.0653728327863063,ref,,PF,101
3254,teta,11,-0.2603864522362284,ref,,PF,101
3255,v,11,1.0643518049680178,ref,,PF,101
3256,teta,12,-0.26126041206180384,ref,,PF,101
3257,v,12,1.0601499872989664,ref,,PF,101
3258,teta,13,-0.2749680148347447,ref,,PF,101
3259,v,13,1.0428543647940678,ref,,PF,101
3260,teta,14,-0.007603133190775382,ref,,PF,101
3261,v,14,1.0321497449733963,ref,,PF,101
3262,teta,15,-0.24498645196028837,ref,,PF,101
3263,v,15,1.0797554428110645,ref,,PF,101
3264,teta,0,0.0,ref,,PF,102
3265,v,0,1.06,ref,,PF,102
3266,teta,1,-0.09068161830139637,ref,,PF,102
3267,v,1,1.045,ref,,PF,102
3268,teta,2,-0.181727386890217,ref,,PF,102
3269,v,2,1.0201,ref,,PF,102
3270,teta,3,-0.17131646986859683,ref,,PF,102
3271,v,3,1.0211970966268271,ref,,PF,102
3272,teta,4,-0.14786915650066645,ref,,PF,102
3273,v,4,1.0230915941702452,ref,,PF,102
3274,teta,5,-0.24282124466786012,ref,,PF,102
3275,v,5,1.0807,ref,,PF,102
3276,teta,6,-0.22449403277593816,ref,,PF,102
3277,v,6,1.0649358950827825,ref,,PF,102
3278,teta,7,-0.22449403277593816,ref,,PF,102
3279,v,7,1.09,ref,,PF,102
3280,teta,8,-0.25200542787880165,ref,,PF,102
3281,v,8,1.061385638314557,ref,,PF,102
3282,teta,9,-0.2552461360607482,ref,,PF,102
3283,v,9,1.057432634781469,ref,,PF,102
3284,teta,10,-0.2512136204605753,ref,,PF,102
3285,v,10,1.0654895908616941,ref,,PF,102
3286,teta,11,-0.25811705927653705,ref,,PF,102
3287,v,11,1.0638637483418854,ref,,PF,102
3288,teta,12,-0.25872856142134026,ref,,PF,102
3289,v,12,1.0600791985088318,ref,,PF,102
3290,teta,13,-0.2721330010582067,ref,,PF,102
3291,v,13,1.042970433521365,ref,,PF,102
3292,teta,14,-0.0036254370266795874,ref,,PF,102
3293,v,14,1.031098945740277,ref,,PF,102
3294,teta,15,-0.24270312224361168,ref,,PF,102
3295,v,15,1.0792741411559394,ref,,PF,102
3296,teta,0,0.0,ref,,PF,103
3297,v,0,1.06,ref,,PF,103
3298,teta,1,-0.0911898516383336,ref,,PF,103
3299,v,1,1.045,ref,,PF,103
3300,teta,2,-0.18312325389133033,ref,,PF,103
3301,v,2,1.0201,ref,,PF,103
3302,teta,3,-0.17263971985254653,ref,,PF,103
3303,v,3,1.020992246983955,ref,,PF,103
3304,teta,4,-0.14894715656057406,ref,,PF,103
3305,v,4,1.0229142582675566,ref,,PF,103
3306,teta,5,-0.24470400906406853,ref,,PF,103
3307,v,5,1.0807,ref,,PF,103
3308,teta,6,-0.22602454876725434,ref,,PF,103
3309,v,6,1.064840465660094,ref,,PF,103
3310,teta,7,-0.2260245487672544,ref,,PF,103
3311,v,7,1.09,ref,,PF,103
3312,teta,8,-0.25363979827262045,ref,,PF,103
3313,v,8,1.06129950809751,ref,,PF,103
3314,teta,9,-0.2569239083006103,ref,,PF,103
3315,v,9,1.0573637844447834,ref,,PF,103
3316,teta,10,-0.2529915052467566,ref,,PF,103
3317,v,10,1.0654571122805372,ref,,PF,103
3318,teta,11,-0.26121257520608787,ref,,PF,103
3319,v,11,1.0623029462567788,ref,,PF,103
3320,teta,12,-0.26103245362537225,ref,,PF,103
3321,v,12,1.0597231387569903,ref,,PF,103
3322,teta,13,-0.2740658171582117,ref,,PF,103
3323,v,13,1.0427649928843608,ref,,PF,103
3324,teta,14,-0.0051864611262502506,ref,,PF,103
3325,v,14,1.0315117763591188,ref,,PF,103
3326,teta,15,-0.24575394182904994,ref,,PF,103
3327,v,15,1.077734980328675,ref,,PF,103
3328,teta,0,0.0,ref,,PF,104
3329,v,0,1.06,ref,,PF,104
3330,teta,1,-0.09085765730458982,ref,,PF,104
3331,v,1,1.045,ref,,PF,104
3332,teta,2,-0.18215843864061826,ref,,PF,104
3333,v,2,1.0201,ref,,PF,104
3334,teta,3,-0.171702738197604,ref,,PF,104
3335,v,3,1.0210776700630173,ref,,PF,104
3336,teta,4,-0.14828033663868095,ref,,PF,104
3337,v,4,1.0229447189213414,ref,,PF,104
3338,teta,5,-0.2439306002353465,ref,,PF,104
3339,v,5,1.0807,ref,,PF,104
3340,teta,6,-0.22512558294539492,ref,,PF,104
3341,v,6,1.0648793031166215,ref,,PF,104
3342,teta,7,-0.22512558294539492,ref,,PF,104
3343,v,7,1.09,ref,,PF,104
3344,teta,8,-0.25276177072883277,ref,,PF,104
3345,v,8,1.0613388915529631,ref,,PF,104
3346,teta,9,-0.2560643587399401,ref,,PF,104
3347,v,9,1.0573977048040344,ref,,PF,104
3348,teta,10,-0.252174687930098,ref,,PF,104
3349,v,10,1.0654758229200811,ref,,PF,104
3350,teta,11,-0.2602222762241137,ref,,PF,104
3351,v,11,1.0621372094727293,ref,,PF,104
3352,teta,12,-0.2601982868595878,ref,,PF,104
3353,v,12,1.059665628102037,ref,,PF,104
3354,teta,13,-0.273207167000003,ref,,PF,104
3355,v,13,1.0427622706701565,ref,,PF,104
3356,teta,14,-0.004104490047446489,ref,,PF,104
3357,v,14,1.0312189164854457,ref,,PF,104
3358,teta,15,-0.2447588853129698,ref,,PF,104
3359,v,15,1.0775715450510255,ref,,PF,104
3360,teta,0,0.0,ref,,PF,105
3361,v,0,1.06,ref,,PF,105
3362,teta,1,-0.09177411069294485,ref,,PF,105
3363,v,1,1.045,ref,,PF,105
3364,teta,2,-0.1847064462317612,ref,,PF,105
3365,v,2,1.0201,ref,,PF,105
3366,teta,3,-0.17411784724184098,ref,,PF,105
3367,v,3,1.0207038656774792,ref,,PF,105
3368,teta,4,-0.1501969300995844,ref,,PF,105
3369,v,4,1.0226340779375231,ref,,PF,105
3370,teta,5,-0.2463064669473284,ref,,PF,105
3371,v,5,1.0807,ref,,PF,105
3372,teta,6,-0.2275566450486672,ref,,PF,105
3373,v,6,1.064699846978959,ref,,PF,105
3374,teta,7,-0.2275566450486672,ref,,PF,105
3375,v,7,1.09,ref,,PF,105
3376,teta,8,-0.2551957672845536,ref,,PF,105
3377,v,8,1.0611542197281103,ref,,PF,105
3378,teta,9,-0.25848766526940936,ref,,PF,105
3379,v,9,1.0572434758572589,ref,,PF,105
3380,teta,10,-0.2545730327947253,ref,,PF,105
3381,v,10,1.0653957263411875,ref,,PF,105
3382,teta,11,-0.26305964299135937,ref,,PF,105
3383,v,11,1.061556352802274,ref,,PF,105
3384,teta,12,-0.262750347645424,ref,,PF,105
3385,v,12,1.0595111839754523,ref,,PF,105
3386,teta,13,-0.2756980884487581,ref,,PF,105
3387,v,13,1.0425880057394743,ref,,PF,105
3388,teta,14,-0.0069492436158398955,ref,,PF,105
3389,v,14,1.031960842400397,ref,,PF,105
3390,teta,15,-0.24757956110542567,ref,,PF,105
3391,v,15,1.0769987597519075,ref,,PF,105
3392,teta,0,0.0,ref,,PF,106
3393,v,0,1.06,ref,,PF,106
3394,teta,1,-0.09000252518198411,ref,,PF,106
3395,v,1,1.045,ref,,PF,106
3396,teta,2,-0.17977251407293746,ref,,PF,106
3397,v,2,1.0201,ref,,PF,106
3398,teta,3,-0.16942296798522039,ref,,PF,106
3399,v,3,1.0213844938558403,ref,,PF,106
3400,teta,4,-0.14649620436480487,ref,,PF,106
3401,v,4,1.023189527672886,ref,,PF,106
3402,teta,5,-0.2419317512242897,ref,,PF,106
3403,v,5,1.0807,ref,,PF,106
3404,teta,6,-0.22291147365524697,ref,,PF,106
3405,v,6,1.0650231987344954,ref,,PF,106
3406,teta,7,-0.22291147365524697,ref,,PF,106
3407,v,7,1.09,ref,,PF,106
3408,teta,8,-0.25058606746758433,ref,,PF,106
3409,v,8,1.0614866590206333,ref,,PF,106
3410,teta,9,-0.2539200979908668,ref,,PF,106
3411,v,9,1.057522563793206,ref,,PF,106
3412,teta,10,-0.25010326817373063,ref,,PF,106
3413,v,10,1.0655422095194151,ref,,PF,106
3414,teta,11,-0.257977679146251,ref,,PF,106
3415,v,11,1.0619871406226797,ref,,PF,106
3416,teta,12,-0.25812183608091993,ref,,PF,106
3417,v,12,1.0596257144785424,ref,,PF,106
3418,teta,13,-0.27107284540530585,ref,,PF,106
3419,v,13,1.0428297857641082,ref,,PF,106
3420,teta,14,-0.001423475986414586,ref,,PF,106
3421,v,14,1.0304815785304255,ref,,PF,106
3422,teta,15,-0.24250997856784445,ref,,PF,106
3423,v,15,1.077423560712916,ref,,PF,106
3424,teta,0,0.0,ref,,PF,107
3425,v,0,1.06,ref,,PF,107
3426,teta,1,-0.09131929877170748,ref,,PF,107
3427,v,1,1.045,ref,,PF,107
3428,teta,2,-0.1834645224816004,ref,,PF,107
3429,v,2,1.0201,ref,,PF,107
3430,teta,3,-0.17294005315728622,ref,,PF,107
3431,v,3,1.0208838470508166,ref,,PF,107
3432,teta,4,-0.14922966535114524,ref,,PF,107
3433,v,4,1.0228102809895305,ref,,PF,107
3434,teta,5,-0.24508267966052832,ref,,PF,107
3435,v,5,1.0807,ref,,PF,107
3436,teta,6,-0.2263510855872436,ref,,PF,107
3437,v,6,1.064786385456877,ref,,PF,107
3438,teta,7,-0.22635108558724362,ref,,PF,107
3439,v,7,1.09,ref,,PF,107
3440,teta,8,-0.2539784298697332,ref,,PF,107
3441,v,8,1.0612425294541568,ref,,PF,107
3442,teta,9,-0.2572694244442296,ref,,PF,107
3443,v,9,1.057316845782096,ref,,PF,107
3444,teta,10,-0.2533528364820808,ref,,PF,107
3445,v,10,1.0654334235953329,ref,,PF,107
3446,teta,11,-0.2615725716817916,ref,,PF,107
3447,v,11,1.061965015568058,ref,,PF,107
3448,teta,12,-0.2614250721944352,ref,,PF,107
3449,v,12,1.059618436422565,ref,,PF,107
3450,teta,13,-0.2744305941499614,ref,,PF,107
3451,v,13,1.0426860013268382,ref,,PF,107
3452,teta,14,-0.005566356184058201,ref,,PF,107
3453,v,14,1.0316083481155727,ref,,PF,107
3454,teta,15,-0.2461042355657511,ref,,PF,107
3455,v,15,1.0774017430300447,ref,,PF,107
3456,teta,0,0.0,ref,,PF,108
3457,v,0,1.06,ref,,PF,108
3458,teta,1,-0.09217499415935657,ref,,PF,108
3459,v,1,1.045,ref,,PF,108
3460,teta,2,-0.18583785707826977,ref,,PF,108
3461,v,2,1.0201,ref,,PF,108
3462,teta,3,-0.17518149587794637,ref,,PF,108
3463,v,3,1.0205166332769169,ref,,PF,108
3464,teta,4,-0.15102664774772098,ref,,PF,108
3465,v,4,1.0225138614830191,ref,,PF,108
3466,teta,5,-0.24724789405533898,ref,,PF,108
3467,v,5,1.0807,ref,,PF,108
3468,teta,6,-0.22859338741255697,ref,,PF,108
3469,v,6,1.0646156692587938,ref,,PF,108
3470,teta,7,-0.22859338741255697,ref,,PF,108
3471,v,7,1.09,ref,,PF,108
3472,teta,8,-0.2562156636700339,ref,,PF,108
3473,v,8,1.0610724421838835,ref,,PF,108
3474,teta,9,-0.2594935638500437,ref,,PF,108
3475,v,9,1.0571745900944987,ref,,PF,108
3476,teta,10,-0.255546487159036,ref,,PF,108
3477,v,10,1.0653593250918632,ref,,PF,108
3478,teta,11,-0.264220583689258,ref,,PF,108
3479,v,11,1.0617177484756382,ref,,PF,108
3480,teta,12,-0.2637499086328982,ref,,PF,108
3481,v,12,1.0595626253346628,ref,,PF,108
3482,teta,13,-0.2767096355634203,ref,,PF,108
3483,v,13,1.0425637310071265,ref,,PF,108
3484,teta,14,-0.008207965664028248,ref,,PF,108
3485,v,14,1.0322792845053002,ref,,PF,108
3486,teta,15,-0.2487451422229288,ref,,PF,108
3487,v,15,1.0771579119030317,ref,,PF,108
3488,teta,0,0.0,ref,,PF,109
3489,v,0,1.06,ref,,PF,109
3490,teta,1,-0.09162614341912298,ref,,PF,109
3491,v,1,1.045,ref,,PF,109
3492,teta,2,-0.1843208645014481,ref,,PF,109
3493,v,2,1.0201,ref,,PF,109
3494,teta,3,-0.17375517856944464,ref,,PF,109
3495,v,3,1.0207671012288775,ref,,PF,109
3496,teta,4,-0.14987768310115032,ref,,PF,109
3497,v,4,1.022748064436507,ref,,PF,109
3498,teta,5,-0.24543858906174504,ref,,PF,109
3499,v,5,1.0807,ref,,PF,109
3500,teta,6,-0.2270174387028987,ref,,PF,109
3501,v,6,1.0647258209723038,ref,,PF,109
3502,teta,7,-0.2270174387028987,ref,,PF,109
3503,v,7,1.09,ref,,PF,109
3504,teta,8,-0.2545666581340565,ref,,PF,109
3505,v,8,1.0611683178114013,ref,,PF,109
3506,teta,9,-0.2578166498363545,ref,,PF,109
3507,v,9,1.0572525311841263,ref,,PF,109
3508,teta,10,-0.25380526496205613,ref,,PF,109
3509,v,10,1.065397537438298,ref,,PF,109
3510,teta,11,-0.2612501264441669,ref,,PF,109
3511,v,11,1.0626649626864133,ref,,PF,109
3512,teta,12,-0.261568281274398,ref,,PF,109
3513,v,12,1.0597505818998845,ref,,PF,109
3514,teta,13,-0.27482435614561235,ref,,PF,109
3515,v,13,1.04270071006518,ref,,PF,109
3516,teta,14,-0.006521528727886683,ref,,PF,109
3517,v,14,1.031855473436599,ref,,PF,109
3518,teta,15,-0.2458018772789261,ref,,PF,109
3519,v,15,1.078091971942589,ref,,PF,109
3520,teta,0,0.0,ref,,PF,110
3521,v,0,1.06,ref,,PF,110
3522,teta,1,-0.09196264547491959,ref,,PF,110
3523,v,1,1.045,ref,,PF,110
3524,teta,2,-0.1852777980115715,ref,,PF,110
3525,v,2,1.0201,ref,,PF,110
3526,teta,3,-0.17465443576076842,ref,,PF,110
3527,v,3,1.0206075596411466,ref,,PF,110
3528,teta,4,-0.1505638918026281,ref,,PF,110
3529,v,4,1.0226342512021274,ref,,PF,110
3530,teta,5,-0.24654038782448645,ref,,PF,110
3531,v,5,1.0807,ref,,PF,110
3532,teta,6,-0.227999271225945,ref,,PF,110
3533,v,6,1.0646500858007433,ref,,PF,110
3534,teta,7,-0.227999271225945,ref,,PF,110
3535,v,7,1.09,ref,,PF,110
3536,teta,8,-0.2555887728292229,ref,,PF,110
3537,v,8,1.0610947033157627,ref,,PF,110
3538,teta,9,-0.25885256912412474,ref,,PF,110
3539,v,9,1.0571922021777496,ref,,PF,110
3540,teta,10,-0.2548729565506427,ref,,PF,110
3541,v,10,1.0653674300456664,ref,,PF,110
3542,teta,11,-0.26292726525634647,ref,,PF,110
3543,v,11,1.0619285377457632,ref,,PF,110
3544,teta,12,-0.2628738020001557,ref,,PF,110
3545,v,12,1.0595777938806403,ref,,PF,110
3546,teta,13,-0.2759737755888358,ref,,PF,110
3547,v,13,1.0425826066419874,ref,,PF,110
3548,teta,14,-0.007587724304739015,ref,,PF,110
3549,v,14,1.032128740880053,ref,,PF,110
3550,teta,15,-0.24745788123736182,ref,,PF,110
3551,v,15,1.0773657720012573,ref,,PF,110
3552,teta,0,0.0,ref,,PF,111
3553,v,0,1.06,ref,,PF,111
3554,teta,1,-0.09283195772880642,ref,,PF,111
3555,v,1,1.045,ref,,PF,111
3556,teta,2,-0.1876826892605319,ref,,PF,111
3557,v,2,1.0201,ref,,PF,111
3558,teta,3,-0.17693057061155495,ref,,PF,111
3559,v,3,1.0202498451708952,ref,,PF,111
3560,teta,4,-0.15239327525326812,ref,,PF,111
3561,v,4,1.022330740903621,ref,,PF,111
3562,teta,5,-0.24861261901558232,ref,,PF,111
3563,v,5,1.0807,ref,,PF,111
3564,teta,6,-0.23023219890749527,ref,,PF,111
3565,v,6,1.0644825793326615,ref,,PF,111
3566,teta,7,-0.23023219890749527,ref,,PF,111
3567,v,7,1.09,ref,,PF,111
3568,teta,8,-0.2577941280501918,ref,,PF,111
3569,v,8,1.0609244703337117,ref,,PF,111
3570,teta,9,-0.2610340889129392,ref,,PF,111
3571,v,9,1.057049139063017,ref,,PF,111
3572,teta,10,-0.25699919383563763,ref,,PF,111
3573,v,10,1.0652921829902007,ref,,PF,111
3574,teta,11,-0.2652490221261611,ref,,PF,111
3575,v,11,1.0619396218168884,ref,,PF,111
3576,teta,12,-0.2650292362265762,ref,,PF,111
3577,v,12,1.0595761725145831,ref,,PF,111
3578,teta,13,-0.2781602420070768,ref,,PF,111
3579,v,13,1.0424839020230374,ref,,PF,111
3580,teta,14,-0.010252895720349662,ref,,PF,111
3581,v,14,1.0327799544472323,ref,,PF,111
3582,teta,15,-0.24977995653186327,ref,,PF,111
3583,v,15,1.077376702075779,ref,,PF,111
3584,teta,0,0.0,ref,,PF,112
3585,v,0,1.06,ref,,PF,112
3586,teta,1,-0.0937460157806308,ref,,PF,112
3587,v,1,1.045,ref,,PF,112
3588,teta,2,-0.1902359722534729,ref,,PF,112
3589,v,2,1.0201,ref,,PF,112
3590,teta,3,-0.1793553656154977,ref,,PF,112
3591,v,3,1.0198932206895486,ref,,PF,112
3592,teta,4,-0.15430256350318028,ref,,PF,112
3593,v,4,1.0220605759869381,ref,,PF,112
3594,teta,5,-0.2507532214970764,ref,,PF,112
3595,v,5,1.0807,ref,,PF,112
3596,teta,6,-0.23258956730281338,ref,,PF,112
3597,v,6,1.06430861963336,ref,,PF,112
3598,teta,7,-0.23258956730281338,ref,,PF,112
3599,v,7,1.09,ref,,PF,112
3600,teta,8,-0.26011185046092244,ref,,PF,112
3601,v,8,1.0607387111029118,ref,,PF,112
3602,teta,9,-0.26332019774562254,ref,,PF,112
3603,v,9,1.056892666724698,ref,,PF,112
3604,teta,10,-0.2592120495204924,ref,,PF,112
3605,v,10,1.065209501557246,ref,,PF,112
3606,teta,11,-0.2674299417383417,ref,,PF,112
3607,v,11,1.0618329693037527,ref,,PF,112
3608,teta,12,-0.26720852028920666,ref,,PF,112
3609,v,12,1.0595214621144187,ref,,PF,112
3610,teta,13,-0.28042172192896553,ref,,PF,112
3611,v,13,1.0423525223547208,ref,,PF,112
3612,teta,14,-0.01306902952953378,ref,,PF,112
3613,v,14,1.0334379508204476,ref,,PF,112
3614,teta,15,-0.2519578118096514,ref,,PF,112
3615,v,15,1.077271531463707,ref,,PF,112
3616,teta,0,0.0,ref,,PF,113
3617,v,0,1.06,ref,,PF,113
3618,teta,1,-0.09473724668825766,ref,,PF,113
3619,v,1,1.045,ref,,PF,113
3620,teta,2,-0.19302407343101802,ref,,PF,113
3621,v,2,1.0201,ref,,PF,113
3622,teta,3,-0.18199641721656828,ref,,PF,113
3623,v,3,1.0194894933404117,ref,,PF,113
3624,teta,4,-0.15635163365669552,ref,,PF,113
3625,v,4,1.0217447812675586,ref,,PF,113
3626,teta,5,-0.2528701570375624,ref,,PF,113
3627,v,5,1.0807,ref,,PF,113
3628,teta,6,-0.23508455113169027,ref,,PF,113
3629,v,6,1.064109199121658,ref,,PF,113
3630,teta,7,-0.23508455113169027,ref,,PF,113
3631,v,7,1.09,ref,,PF,113
3632,teta,8,-0.26252616055415773,ref,,PF,113
3633,v,8,1.0605200055109614,ref,,PF,113
3634,teta,9,-0.26568166275464394,ref,,PF,113
3635,v,9,1.0567074345730445,ref,,PF,113
3636,teta,10,-0.2614512158355136,ref,,PF,113
3637,v,10,1.065110559965205,ref,,PF,113
3638,teta,11,-0.2692093020044544,ref,,PF,113
3639,v,11,1.0620962406048375,ref,,PF,113
3640,teta,12,-0.2692460935085101,ref,,PF,113
3641,v,12,1.0595359426736617,ref,,PF,113
3642,teta,13,-0.2826755294750409,ref,,PF,113
3643,v,13,1.0422321983811613,ref,,PF,113
3644,teta,14,-0.016128809107562855,ref,,PF,113
3645,v,14,1.0341184159986152,ref,,PF,113
3646,teta,15,-0.2537447347300477,ref,,PF,113
3647,v,15,1.077531145201394,ref,,PF,113
3648,teta,0,0.0,ref,,PF,114
3649,v,0,1.06,ref,,PF,114
3650,teta,1,-0.09484249235662799,ref,,PF,114
3651,v,1,1.045,ref,,PF,114
3652,teta,2,-0.19334103041264084,ref,,PF,114
3653,v,2,1.0201,ref,,PF,114
3654,teta,3,-0.18229496026627393,ref,,PF,114
3655,v,3,1.0194393678060987,ref,,PF,114
3656,teta,4,-0.1565585432556821,ref,,PF,114
3657,v,4,1.0217463364500272,ref,,PF,114
3658,teta,5,-0.2529044093901529,ref,,PF,114
3659,v,5,1.0807,ref,,PF,114
3660,teta,6,-0.2352983146093869,ref,,PF,114
3661,v,6,1.0640863614222151,ref,,PF,114
3662,teta,7,-0.2352983146093869,ref,,PF,114
3663,v,7,1.09,ref,,PF,114
3664,teta,8,-0.2626954543573807,ref,,PF,114
3665,v,8,1.0604940477819795,ref,,PF,114
3666,teta,9,-0.265827152982657,ref,,PF,114
3667,v,9,1.0566843225253628,ref,,PF,114
3668,teta,10,-0.2615417198914913,ref,,PF,114
3669,v,10,1.0650970316094641,ref,,PF,114
3670,teta,11,-0.2689851133268137,ref,,PF,114
3671,v,11,1.0626469800801395,ref,,PF,114
3672,teta,12,-0.2691842403856758,ref,,PF,114
3673,v,12,1.0596668797809685,ref,,PF,114
3674,teta,13,-0.2827425157870817,ref,,PF,114
3675,v,13,1.0422746321922618,ref,,PF,114
3676,teta,14,-0.016476704903232123,ref,,PF,114
3677,v,14,1.034195931456853,ref,,PF,114
3678,teta,15,-0.2535363485878493,ref,,PF,114
3679,v,15,1.0780742388608873,ref,,PF,114
3680,teta,0,0.0,ref,,PF,115
3681,v,0,1.06,ref,,PF,115
3682,teta,1,-0.09508909014412108,ref,,PF,115
3683,v,1,1.045,ref,,PF,115
3684,teta,2,-0.19406572553220386,ref,,PF,115
3685,v,2,1.0201,ref,,PF,115
3686,teta,3,-0.18299513341002133,ref,,PF,115
3687,v,3,1.0193692909774994,ref,,PF,115
3688,teta,4,-0.15704253748961974,ref,,PF,115
3689,v,4,1.0217071480643123,ref,,PF,115
3690,teta,5,-0.2536922998510819,ref,,PF,115
3691,v,5,1.0807,ref,,PF,115
3692,teta,6,-0.23604328489875295,ref,,PF,115
3693,v,6,1.064055036769476,ref,,PF,115
3694,teta,7,-0.23604328489875295,ref,,PF,115
3695,v,7,1.09,ref,,PF,115
3696,teta,8,-0.2634623975955045,ref,,PF,115
3697,v,8,1.060466252475596,ref,,PF,115
3698,teta,9,-0.26659770211464306,ref,,PF,115
3699,v,9,1.0566614433794006,ref,,PF,115
3700,teta,10,-0.26232055741480736,ref,,PF,115
3701,v,10,1.0650855055124362,ref,,PF,115
3702,teta,11,-0.2703066536838249,ref,,PF,115
3703,v,11,1.0622847727057005,ref,,PF,115
3704,teta,12,-0.27014458259937596,ref,,PF,115
3705,v,12,1.0596025478391746,ref,,PF,115
3706,teta,13,-0.28359510549067474,ref,,PF,115
3707,v,13,1.0422306973183062,ref,,PF,115
3708,teta,14,-0.017270467710861506,ref,,PF,115
3709,v,14,1.0343689942843612,ref,,PF,115
3710,teta,15,-0.25484749873515555,ref,,PF,115
3711,v,15,1.0777170591122305,ref,,PF,115
3712,teta,0,0.0,ref,,PF,116
3713,v,0,1.06,ref,,PF,116
3714,teta,1,-0.09572850745799677,ref,,PF,116
3715,v,1,1.045,ref,,PF,116
3716,teta,2,-0.19577058658106766,ref,,PF,116
3717,v,2,1.0201,ref,,PF,116
3718,teta,3,-0.18460460242536422,ref,,PF,116
3719,v,3,1.0191111377242617,ref,,PF,116
3720,teta,4,-0.15845044615356688,ref,,PF,116
3721,v,4,1.0214744594431626,ref,,PF,116
3722,teta,5,-0.2558115707362996,ref,,PF,116
3723,v,5,1.0807,ref,,PF,116
3724,teta,6,-0.2378408965144267,ref,,PF,116
3725,v,6,1.0639416901038792,ref,,PF,116
3726,teta,7,-0.2378408965144267,ref,,PF,116
3727,v,7,1.09,ref,,PF,116
3728,teta,8,-0.2653527334127668,ref,,PF,116
3729,v,8,1.0603692967112937,ref,,PF,116
3730,teta,9,-0.26852801356296163,ref,,PF,116
3731,v,9,1.0565833925761419,ref,,PF,116
3732,teta,10,-0.26434302230092804,ref,,PF,116
3733,v,10,1.065048081204475,ref,,PF,116
3734,teta,11,-0.2736569624184253,ref,,PF,116
3735,v,11,1.0611176625316519,ref,,PF,116
3736,teta,12,-0.2726631306285261,ref,,PF,116
3737,v,12,1.0593581707381445,ref,,PF,116
3738,teta,13,-0.2857643247998621,ref,,PF,116
3739,v,13,1.0420683974089757,ref,,PF,116
3740,teta,14,-0.019125359620889848,ref,,PF,116
3741,v,14,1.0347450102858082,ref,,PF,116
3742,teta,15,-0.25816425688070677,ref,,PF,116
3743,v,15,1.0765661708277379,ref,,PF,116
3744,teta,0,0.0,ref,,PF,117
3745,v,0,1.06,ref,,PF,117
3746,teta,1,-0.09714570640941769,ref,,PF,117
3747,v,1,1.045,ref,,PF,117
3748,teta,2,-0.19982531935371214,ref,,PF,117
3749,v,2,1.0201,ref,,PF,117
3750,teta,3,-0.18844511061344824,ref,,PF,117
3751,v,3,1.018530980193957,ref,,PF,117
3752,teta,4,-0.16132594059605607,ref,,PF,117
3753,v,4,1.0210670288727122,ref,,PF,117
3754,teta,5,-0.25891020507727375,ref,,PF,117
3755,v,5,1.0807,ref,,PF,117
3756,teta,6,-0.24148326841369525,ref,,PF,117
3757,v,6,1.0636543270018188,ref,,PF,117
3758,teta,7,-0.24148326841369525,ref,,PF,117
3759,v,7,1.09,ref,,PF,117
3760,teta,8,-0.2688853280803881,ref,,PF,117
3761,v,8,1.0600538399523014,ref,,PF,117
3762,teta,9,-0.2719834666509719,ref,,PF,117
3763,v,9,1.056316143186043,ref,,PF,117
3764,teta,10,-0.26762000555210047,ref,,PF,117
3765,v,10,1.0649052530275689,ref,,PF,117
3766,teta,11,-0.2764790842188654,ref,,PF,117
3767,v,11,1.0613369065149163,ref,,PF,117
3768,teta,12,-0.2757183627786006,ref,,PF,117
3769,v,12,1.0593498996584798,ref,,PF,117
3770,teta,13,-0.2890946075363411,ref,,PF,117
3771,v,13,1.041882126359681,ref,,PF,117
3772,teta,14,-0.02352975955031149,ref,,PF,117
3773,v,14,1.0356218118145877,ref,,PF,117
3774,teta,15,-0.2609926895174532,ref,,PF,117
3775,v,15,1.0767823649559403,ref,,PF,117
3776,teta,0,0.0,ref,,PF,118
3777,v,0,1.06,ref,,PF,118
3778,teta,1,-0.09667526824059844,ref,,PF,118
3779,v,1,1.045,ref,,PF,118
3780,teta,2,-0.19857786448789194,ref,,PF,118
3781,v,2,1.0201,ref,,PF,118
3782,teta,3,-0.1872369080611416,ref,,PF,118
3783,v,3,1.0186413544374582,ref,,PF,118
3784,teta,4,-0.16028423313356388,ref,,PF,118
3785,v,4,1.0211911693480122,ref,,PF,118
3786,teta,5,-0.2570176553632847,ref,,PF,118
3787,v,5,1.0807,ref,,PF,118
3788,teta,6,-0.24002754448913163,ref,,PF,118
3789,v,6,1.0636977465582107,ref,,PF,118
3790,teta,7,-0.24002754448913163,ref,,PF,118
3791,v,7,1.09,ref,,PF,118
3792,teta,8,-0.2673041669163777,ref,,PF,118
3793,v,8,1.060077131912875,ref,,PF,118
3794,teta,9,-0.2703476265541405,ref,,PF,118
3795,v,9,1.0563319792222468,ref,,PF,118
3796,teta,10,-0.2658579901699608,ref,,PF,118
3797,v,10,1.064909626746449,ref,,PF,118
3798,teta,11,-0.2730290573808915,ref,,PF,118
3799,v,11,1.0628304461270803,ref,,PF,118
3800,teta,12,-0.2733207426610374,ref,,PF,118
3801,v,12,1.0596503485220898,ref,,PF,118
3802,teta,13,-0.2871528543120743,ref,,PF,118
3803,v,13,1.0420262914681813,ref,,PF,118
3804,teta,14,-0.022182378207689094,ref,,PF,118
3805,v,14,1.0353711793743567,ref,,PF,118
3806,teta,15,-0.25758555153363366,ref,,PF,118
3807,v,15,1.0782551595248742,ref,,PF,118
3808,teta,0,0.0,ref,,PF,119
3809,v,0,1.06,ref,,PF,119
3810,teta,1,-0.09598685946837253,ref,,PF,119
3811,v,1,1.045,ref,,PF,119
3812,teta,2,-0.1966544531732417,ref,,PF,119
3813,v,2,1.0201,ref,,PF,119
3814,teta,3,-0.18542107361408056,ref,,PF,119
3815,v,3,1.018931326814997,ref,,PF,119
3816,teta,4,-0.15884486325086455,ref,,PF,119
3817,v,4,1.0214081949839122,ref,,PF,119
3818,teta,5,-0.25516548931500793,ref,,PF,119
3819,v,5,1.0807,ref,,PF,119
3820,teta,6,-0.23817761430930393,ref,,PF,119
3821,v,6,1.063839671355029,ref,,PF,119
3822,teta,7,-0.23817761430930393,ref,,PF,119
3823,v,7,1.09,ref,,PF,119
3824,teta,8,-0.2654405825278699,ref,,PF,119
3825,v,8,1.060225270580418,ref,,PF,119
3826,teta,9,-0.26848646232497514,ref,,PF,119
3827,v,9,1.0564553079732664,ref,,PF,119
3828,teta,10,-0.2640025882964853,ref,,PF,119
3829,v,10,1.0649732594897212,ref,,PF,119
3830,teta,11,-0.2708131607273212,ref,,PF,119
3831,v,11,1.0635272037624106,ref,,PF,119
3832,teta,12,-0.2713163353909878,ref,,PF,119
3833,v,12,1.0598399267348046,ref,,PF,119
3834,teta,13,-0.28522240594886195,ref,,PF,119
3835,v,13,1.042195005153967,ref,,PF,119
3836,teta,14,-0.020094886267014694,ref,,PF,119
3837,v,14,1.034959747942425,ref,,PF,119
3838,teta,15,-0.2553896024798892,ref,,PF,119
3839,v,15,1.078942257910291,ref,,PF,119
3840,teta,0,0.0,ref,,PF,120
3841,v,0,1.06,ref,,PF,120
3842,teta,1,-0.09618085535348296,ref,,PF,120
3843,v,1,1.045,ref,,PF,120
3844,teta,2,-0.19717788191494043,ref,,PF,120
3845,v,2,1.0201,ref,,PF,120
3846,teta,3,-0.18590860087198055,ref,,PF,120
3847,v,3,1.0188357328141644,ref,,PF,120
3848,teta,4,-0.1592631187136198,ref,,PF,120
3849,v,4,1.0213148751289753,ref,,PF,120
3850,teta,5,-0.2554258080697726,ref,,PF,120
3851,v,5,1.0807,ref,,PF,120
3852,teta,6,-0.23858916722963253,ref,,PF,120
3853,v,6,1.0637885842444754,ref,,PF,120
3854,teta,7,-0.23858916722963253,ref,,PF,120
3855,v,7,1.09,ref,,PF,120
3856,teta,8,-0.26581193586681817,ref,,PF,120
3857,v,8,1.0601633735004223,ref,,PF,120
3858,teta,9,-0.2688381245173045,ref,,PF,120
3859,v,9,1.056402567709652,ref,,PF,120
3860,teta,10,-0.264308724912011,ref,,PF,120
3861,v,10,1.0649447552938525,ref,,PF,120
3862,teta,11,-0.27058270333259543,ref,,PF,120
3863,v,11,1.0637637479508557,ref,,PF,120
3864,teta,12,-0.2714352306807325,ref,,PF,120
3865,v,12,1.0598582535608239,ref,,PF,120
3866,teta,13,-0.2854846150773493,ref,,PF,120
3867,v,13,1.0421667828255403,ref,,PF,120
3868,teta,14,-0.020662729052057224,ref,,PF,120
3869,v,14,1.0350711024064778,ref,,PF,120
3870,teta,15,-0.2551659084015598,ref,,PF,120
3871,v,15,1.0791755255396471,ref,,PF,120
3872,teta,0,0.0,ref,,PF,121
3873,v,0,1.06,ref,,PF,121
3874,teta,1,-0.09599390889199415,ref,,PF,121
3875,v,1,1.045,ref,,PF,121
3876,teta,2,-0.19668514255560324,ref,,PF,121
3877,v,2,1.0201,ref,,PF,121
3878,teta,3,-0.18545282265046215,ref,,PF,121
3879,v,3,1.0189336156973232,ref,,PF,121
3880,teta,4,-0.1588485919902174,ref,,PF,121
3881,v,4,1.0214091711231055,ref,,PF,121
3882,teta,5,-0.2547563457643052,ref,,PF,121
3883,v,5,1.0807,ref,,PF,121
3884,teta,6,-0.23805682586521848,ref,,PF,121
3885,v,6,1.0638283385900282,ref,,PF,121
3886,teta,7,-0.23805682586521848,ref,,PF,121
3887,v,7,1.09,ref,,PF,121
3888,teta,8,-0.2652419093155867,ref,,PF,121
3889,v,8,1.0601930071736831,ref,,PF,121
3890,teta,9,-0.26825070176859833,ref,,PF,121
3891,v,9,1.056426078951476,ref,,PF,121
3892,teta,10,-0.26368118109700456,ref,,PF,121
3893,v,10,1.0649556472245374,ref,,PF,121
3894,teta,11,-0.26938435763612767,ref,,PF,121
3895,v,11,1.0641136098555535,ref,,PF,121
3896,teta,12,-0.27060495296098996,ref,,PF,121
3897,v,12,1.0599179341157081,ref,,PF,121
3898,teta,13,-0.28479987651810945,ref,,PF,121
3899,v,13,1.0422094525573433,ref,,PF,121
3900,teta,14,-0.020128778708288962,ref,,PF,121
3901,v,14,1.0349677782844922,ref,,PF,121
3902,teta,15,-0.25397755790470805,ref,,PF,121
3903,v,15,1.0795205437265885,ref,,PF,121
3904,teta,0,0.0,ref,,PF,122
3905,v,0,1.06,ref,,PF,122
3906,teta,1,-0.09720574154915121,ref,,PF,122
3907,v,1,1.045,ref,,PF,122
3908,teta,2,-0.20010266434943505,ref,,PF,122
3909,v,2,1.0201,ref,,PF,122
3910,teta,3,-0.18867111206427606,ref,,PF,122
3911,v,3,1.018398678891153,ref,,PF,122
3912,teta,4,-0.1613430258046506,ref,,PF,122
3913,v,4,1.0209787759895383,ref,,PF,122
3914,teta,5,-0.2576419197226237,ref,,PF,122
3915,v,5,1.0807,ref,,PF,122
3916,teta,6,-0.24120373917263527,ref,,PF,122
3917,v,6,1.0635738395680288,ref,,PF,122
3918,teta,7,-0.24120373917263527,ref,,PF,122
3919,v,7,1.09,ref,,PF,122
3920,teta,8,-0.2683444498997375,ref,,PF,122
3921,v,8,1.0599295979379812,ref,,PF,122
3922,teta,9,-0.27131435403333937,ref,,PF,122
3923,v,9,1.0562045373449604,ref,,PF,122
3924,teta,10,-0.2666547776603224,ref,,PF,122
3925,v,10,1.064838939100654,ref,,PF,122
3926,teta,11,-0.27258391627091677,ref,,PF,122
3927,v,11,1.0640068374420286,ref,,PF,122
3928,teta,12,-0.273609612580935,ref,,PF,122
3929,v,12,1.0598742177612865,ref,,PF,122
3930,teta,13,-0.28786478342846533,ref,,PF,122
3931,v,13,1.0420383639262534,ref,,PF,122
3932,teta,14,-0.023834608198186617,ref,,PF,122
3933,v,14,1.035690804540876,ref,,PF,122
3934,teta,15,-0.2571740671864501,ref,,PF,122
3935,v,15,1.0794152492250195,ref,,PF,122
3936,teta,0,0.0,ref,,PF,123
3937,v,0,1.06,ref,,PF,123
3938,teta,1,-0.0974829879586959,ref,,PF,123
3939,v,1,1.045,ref,,PF,123
3940,teta,2,-0.20082664074035966,ref,,PF,123
3941,v,2,1.0201,ref,,PF,123
3942,teta,3,-0.18934098688343334,ref,,PF,123
3943,v,3,1.0182561977717737,ref,,PF,123
3944,teta,4,-0.16196802796646773,ref,,PF,123
3945,v,4,1.020853057533754,ref,,PF,123
3946,teta,5,-0.2584941328349699,ref,,PF,123
3947,v,5,1.0807,ref,,PF,123
3948,teta,6,-0.24193717362499575,ref,,PF,123
3949,v,6,1.063503948527835,ref,,PF,123
3950,teta,7,-0.24193717362499575,ref,,PF,123
3951,v,7,1.09,ref,,PF,123
3952,teta,8,-0.26910871986927826,ref,,PF,123
3953,v,8,1.0598585157010818,ref,,PF,123
3954,teta,9,-0.27209388465219886,ref,,PF,123
3955,v,9,1.0561464274716852,ref,,PF,123
3956,teta,10,-0.2674694504502691,ref,,PF,123
3957,v,10,1.0648100980097923,ref,,PF,123
3958,teta,11,-0.2736106035349909,ref,,PF,123
3959,v,11,1.0633947424270145,ref,,PF,123
3960,teta,12,-0.2745438642729483,ref,,PF,123
3961,v,12,1.059705714440738,ref,,PF,123
3962,teta,13,-0.28870702915756913,ref,,PF,123
3963,v,13,1.0419233934170005,ref,,PF,123
3964,teta,14,-0.024614528429792996,ref,,PF,123
3965,v,14,1.035831151185685,ref,,PF,123
3966,teta,15,-0.2581832559919637,ref,,PF,123
3967,v,15,1.0788116319952579,ref,,PF,123
3968,teta,0,0.0,ref,,PF,124
3969,v,0,1.06,ref,,PF,124
3970,teta,1,-0.09532892058414197,ref,,PF,124
3971,v,1,1.045,ref,,PF,124
3972,teta,2,-0.19478321589508543,ref,,PF,124
3973,v,2,1.0201,ref,,PF,124
3974,teta,3,-0.18360947446344716,ref,,PF,124
3975,v,3,1.019101380531838,ref,,PF,124
3976,teta,4,-0.15748993889065951,ref,,PF,124
3977,v,4,1.0214971272063706,ref,,PF,124
3978,teta,5,-0.2535070287114665,ref,,PF,124
3979,v,5,1.0807,ref,,PF,124
3980,teta,6,-0.23638713676571313,ref,,PF,124
3981,v,6,1.0639117976985535,ref,,PF,124
3982,teta,7,-0.23638713676571313,ref,,PF,124
3983,v,7,1.09,ref,,PF,124
3984,teta,8,-0.26366389789908096,ref,,PF,124
3985,v,8,1.0602900741728154,ref,,PF,124
3986,teta,9,-0.26673073884640575,ref,,PF,124
3987,v,9,1.056510545149794,ref,,PF,124
3988,teta,10,-0.2622953281836346,ref,,PF,124
3989,v,10,1.0650031343446407,ref,,PF,124
3990,teta,11,-0.26844258897322343,ref,,PF,124
3991,v,11,1.0633472121442018,ref,,PF,124
3992,teta,12,-0.26945858080473356,ref,,PF,124
3993,v,12,1.059742368332086,ref,,PF,124
3994,teta,13,-0.28341107331597265,ref,,PF,124
3995,v,13,1.0421888021650212,ref,,PF,124
3996,teta,14,-0.018055874240149622,ref,,PF,124
3997,v,14,1.0345391954760141,ref,,PF,124
3998,teta,15,-0.2530138814016804,ref,,PF,124
3999,v,15,1.0787647604091246,ref,,PF,124
4000,teta,0,0.0,ref,,PF,125
4001,v,0,1.06,ref,,PF,125
4002,teta,1,-0.09600765865468006,ref,,PF,125
4003,v,1,1.045,ref,,PF,125
4004,teta,2,-0.1966493935014339,ref,,PF,125
4005,v,2,1.0201,ref,,PF,125
4006,teta,3,-0.18536849799416388,ref,,PF,125
4007,v,3,1.0188121580746914,ref,,PF,125
4008,teta,4,-0.15893022859418632,ref,,PF,125
4009,v,4,1.021246303833652,ref,,PF,125
4010,teta,5,-0.2553575431552963,ref,,PF,125
4011,v,5,1.0807,ref,,PF,125
4012,teta,6,-0.23819674217179718,ref,,PF,125
4013,v,6,1.0637779825849003,ref,,PF,125
4014,teta,7,-0.23819674217179718,ref,,PF,125
4015,v,7,1.09,ref,,PF,125
4016,teta,8,-0.2654952345926142,ref,,PF,125
4017,v,8,1.060159691106799,ref,,PF,125
4018,teta,9,-0.26856508558341263,ref,,PF,125
4019,v,9,1.0564023304338386,ref,,PF,125
4020,teta,10,-0.2641364642716185,ref,,PF,125
4021,v,10,1.064947654438552,ref,,PF,125
4022,teta,11,-0.270870721789777,ref,,PF,125
4023,v,11,1.0628452346928439,ref,,PF,125
4024,teta,12,-0.27150326054777074,ref,,PF,125
4025,v,12,1.0596284419341155,ref,,PF,125
4026,teta,13,-0.2853392437834335,ref,,PF,125
4027,v,13,1.0420640217278407,ref,,PF,125
4028,teta,14,-0.02008632005568679,ref,,PF,125
4029,v,14,1.0349509568085624,ref,,PF,125
4030,teta,15,-0.25542763972720434,ref,,PF,125
4031,v,15,1.0782697429518335,ref,,PF,125
4032,teta,0,0.0,ref,,PF,126
4033,v,0,1.06,ref,,PF,126
4034,teta,1,-0.09666822475637848,ref,,PF,126
4035,v,1,1.045,ref,,PF,126
4036,teta,2,-0.1985286467973066,ref,,PF,126
4037,v,2,1.0201,ref,,PF,126
4038,teta,3,-0.1871459750245528,ref,,PF,126
4039,v,3,1.0185370730487948,ref,,PF,126
4040,teta,4,-0.16027794754193417,ref,,PF,126
4041,v,4,1.0210393756962608,ref,,PF,126
4042,teta,5,-0.2573656774206051,ref,,PF,126
4043,v,5,1.0807,ref,,PF,126
4044,teta,6,-0.24008102444587934,ref,,PF,126
4045,v,6,1.0636520116028632,ref,,PF,126
4046,teta,7,-0.2400810244458793,ref,,PF,126
4047,v,7,1.09,ref,,PF,126
4048,teta,8,-0.267430343323878,ref,,PF,126
4049,v,8,1.060041060876168,ref,,PF,126
4050,teta,9,-0.2705127044184867,ref,,PF,126
4051,v,9,1.0563045006312723,ref,,PF,126
4052,teta,10,-0.2661128122277566,ref,,PF,126
4053,v,10,1.064898174078066,ref,,PF,126
4054,teta,11,-0.27393037211798815,ref,,PF,126
4055,v,11,1.0619602947071884,ref,,PF,126
4056,teta,12,-0.27385917688596606,ref,,PF,126
4057,v,12,1.0594451542194996,ref,,PF,126
4058,teta,13,-0.28746241498950986,ref,,PF,126
4059,v,13,1.0419158529760641,ref,,PF,126
4060,teta,14,-0.022127664942503532,ref,,PF,126
4061,v,14,1.0353573970240313,ref,,PF,126
4062,teta,15,-0.2584619003911139,ref,,PF,126
4063,v,15,1.0773970877551915,ref,,PF,126
4064,teta,0,0.0,ref,,PF,127
4065,v,0,1.06,ref,,PF,127
4066,teta,1,-0.09632536556397983,ref,,PF,127
4067,v,1,1.045,ref,,PF,127
4068,teta,2,-0.19763200973208603,ref,,PF,127
4069,v,2,1.0201,ref,,PF,127
4070,teta,3,-0.18629901376539543,ref,,PF,127
4071,v,3,1.018670561858829,ref,,PF,127
4072,teta,4,-0.1595046481934383,ref,,PF,127
4073,v,4,1.021159032488633,ref,,PF,127
4074,teta,5,-0.2561600765696221,ref,,PF,127
4075,v,5,1.0807,ref,,PF,127
4076,teta,6,-0.23910571913770115,ref,,PF,127
4077,v,6,1.0637085791382324,ref,,PF,127
4078,teta,7,-0.23910571913770115,ref,,PF,127
4079,v,7,1.09,ref,,PF,127
4080,teta,8,-0.2663912066625036,ref,,PF,127
4081,v,8,1.0600854637749484,ref,,PF,127
4082,teta,9,-0.26944442560530946,ref,,PF,127
4083,v,9,1.0563395381351564,ref,,PF,127
4084,teta,10,-0.2649773249028391,ref,,PF,127
4085,v,10,1.064914191779881,ref,,PF,127
4086,teta,11,-0.27193374926942204,ref,,PF,127
4087,v,11,1.0626920014705639,ref,,PF,127
4088,teta,12,-0.27240029157860846,ref,,PF,127
4089,v,12,1.059594001182769,ref,,PF,127
4090,teta,13,-0.2862374573679714,ref,,PF,127
4091,v,13,1.0420061000863814,ref,,PF,127
4092,teta,14,-0.02115816730767792,ref,,PF,127
4093,v,14,1.0351746845708725,ref,,PF,127
4094,teta,15,-0.2564862752763422,ref,,PF,127
4095,v,15,1.0781186355546728,ref,,PF,127
4096,teta,0,0.0,ref,,PF,128
4097,v,0,1.06,ref,,PF,128
4098,teta,1,-0.09649833772627021,ref,,PF,128
4099,v,1,1.045,ref,,PF,128
4100,teta,2,-0.1980836790247383,ref,,PF,128
4101,v,2,1.0201,ref,,PF,128
4102,teta,3,-0.18673425495318968,ref,,PF,128
4103,v,3,1.0186249149107292,ref,,PF,128
4104,teta,4,-0.15989302719846957,ref,,PF,128
4105,v,4,1.0211034786442432,ref,,PF,128
4106,teta,5,-0.2564623678729751,ref,,PF,128
4107,v,5,1.0807,ref,,PF,128
4108,teta,6,-0.23949602951488697,ref,,PF,128
4109,v,6,1.063679089582016,ref,,PF,128
4110,teta,7,-0.23949602951488697,ref,,PF,128
4111,v,7,1.09,ref,,PF,128
4112,teta,8,-0.26675814677344206,ref,,PF,128
4113,v,8,1.0600445733415622,ref,,PF,128
4114,teta,9,-0.2697998863854693,ref,,PF,128
4115,v,9,1.056304796580408,ref,,PF,128
4116,teta,10,-0.2653062413303756,ref,,PF,128
4117,v,10,1.0648955194506873,ref,,PF,128
4118,teta,11,-0.27183016934474896,ref,,PF,128
4119,v,11,1.0626731248948773,ref,,PF,128
4120,teta,12,-0.2725981997365021,ref,,PF,128
4121,v,12,1.0595497601347452,ref,,PF,128
4122,teta,13,-0.2865322798645436,ref,,PF,128
4123,v,13,1.0419624976051802,ref,,PF,128
4124,teta,14,-0.021646668052478318,ref,,PF,128
4125,v,14,1.0352670434220141,ref,,PF,128
4126,teta,15,-0.2563821541871314,ref,,PF,128
4127,v,15,1.0781000208958593,ref,,PF,128
4128,teta,0,0.0,ref,,PF,129
4129,v,0,1.06,ref,,PF,129
4130,teta,1,-0.09439961354486723,ref,,PF,129
4131,v,1,1.045,ref,,PF,129
4132,teta,2,-0.1921962961306053,ref,,PF,129
4133,v,2,1.0201,ref,,PF,129
4134,teta,3,-0.18117101481199402,ref,,PF,129
4135,v,3,1.0195042358623232,ref,,PF,129
4136,teta,4,-0.1555406058544043,ref,,PF,129
4137,v,4,1.0218068848709942,ref,,PF,129
4138,teta,5,-0.2516000709911292,ref,,PF,129
4139,v,5,1.0807,ref,,PF,129
4140,teta,6,-0.23410368977233048,ref,,PF,129
4141,v,6,1.0641074696968464,ref,,PF,129
4142,teta,7,-0.23410368977233045,ref,,PF,129
4143,v,7,1.09,ref,,PF,129
4144,teta,8,-0.2614658689538943,ref,,PF,129
4145,v,8,1.0605015354795175,ref,,PF,129
4146,teta,9,-0.2645844503211334,ref,,PF,129
4147,v,9,1.0566897045309025,ref,,PF,129
4148,teta,10,-0.2602687446429252,ref,,PF,129
4149,v,10,1.0650988990916004,ref,,PF,129
4150,teta,11,-0.2669642367638155,ref,,PF,129
4151,v,11,1.062855742905291,ref,,PF,129
4152,teta,12,-0.26767396438714836,ref,,PF,129
4153,v,12,1.0596690675853633,ref,,PF,129
4154,teta,13,-0.2813906946445821,ref,,PF,129
4155,v,13,1.0422791061954062,ref,,PF,129
4156,teta,14,-0.015228554455660027,ref,,PF,129
4157,v,14,1.0339368471937536,ref,,PF,129
4158,teta,15,-0.25152145581656155,ref,,PF,129
4159,v,15,1.07828010540344,ref,,PF,129
4160,teta,0,0.0,ref,,PF,130
4161,v,0,1.06,ref,,PF,130
4162,teta,1,-0.09462337846811816,ref,,PF,130
4163,v,1,1.045,ref,,PF,130
4164,teta,2,-0.19287308662929434,ref,,PF,130
4165,v,2,1.0201,ref,,PF,130
4166,teta,3,-0.18180782962144232,ref,,PF,130
4167,v,3,1.019395410274295,ref,,PF,130
4168,teta,4,-0.15596076661753475,ref,,PF,130
4169,v,4,1.0217425129420135,ref,,PF,130
4170,teta,5,-0.25179441332491104,ref,,PF,130
4171,v,5,1.0807,ref,,PF,130
4172,teta,6,-0.23460132767538114,ref,,PF,130
4173,v,6,1.0640528686685138,ref,,PF,130
4174,teta,7,-0.23460132767538114,ref,,PF,130
4175,v,7,1.09,ref,,PF,130
4176,teta,8,-0.2618903749722614,ref,,PF,130
4177,v,8,1.0604363904327179,ref,,PF,130
4178,teta,9,-0.26496832603976267,ref,,PF,130
4179,v,9,1.0566329195946726,ref,,PF,130
4180,teta,10,-0.2605587411436285,ref,,PF,130
4181,v,10,1.0650668763159516,ref,,PF,130
4182,teta,11,-0.266674929937896,ref,,PF,130
4183,v,11,1.0635579780328552,ref,,PF,130
4184,teta,12,-0.267709320021784,ref,,PF,130
4185,v,12,1.0598183285882168,ref,,PF,130
4186,teta,13,-0.2816444618681249,ref,,PF,130
4187,v,13,1.0423066295722525,ref,,PF,130
4188,teta,14,-0.01597237526864291,ref,,PF,130
4189,v,14,1.034104769258947,ref,,PF,130
4190,teta,15,-0.2512522518450227,ref,,PF,130
4191,v,15,1.0789726058251887,ref,,PF,130
4192,teta,0,0.0,ref,,PF,131
4193,v,0,1.06,ref,,PF,131
4194,teta,1,-0.09495453792028623,ref,,PF,131
4195,v,1,1.045,ref,,PF,131
4196,teta,2,-0.1938305385508708,ref,,PF,131
4197,v,2,1.0201,ref,,PF,131
4198,teta,3,-0.18270203127800377,ref,,PF,131
4199,v,3,1.0192251415798652,ref,,PF,131
4200,teta,4,-0.15662104292533743,ref,,PF,131
4201,v,4,1.021619156888012,ref,,PF,131
4202,teta,5,-0.25263140331617706,ref,,PF,131
4203,v,5,1.0807,ref,,PF,131
4204,teta,6,-0.23549133755522245,ref,,PF,131
4205,v,6,1.0639782952520296,ref,,PF,131
4206,teta,7,-0.23549133755522245,ref,,PF,131
4207,v,7,1.09,ref,,PF,131
4208,teta,8,-0.2627754418465937,ref,,PF,131
4209,v,8,1.0603671829689603,ref,,PF,131
4210,teta,9,-0.26584475159032595,ref,,PF,131
4211,v,9,1.0565748179425332,ref,,PF,131
4212,teta,10,-0.2614151336483422,ref,,PF,131
4213,v,10,1.0650363800214817,ref,,PF,131
4214,teta,11,-0.2678936909541551,ref,,PF,131
4215,v,11,1.0636290805473538,ref,,PF,131
4216,teta,12,-0.2686527659612461,ref,,PF,131
4217,v,12,1.0598592121520996,ref,,PF,131
4218,teta,13,-0.28255533948067374,ref,,PF,131
4219,v,13,1.0422851293908237,ref,,PF,131
4220,teta,14,-0.017020833995639,ref,,PF,131
4221,v,14,1.0343327931067972,ref,,PF,131
4222,teta,15,-0.25247304613035626,ref,,PF,131
4223,v,15,1.0790427233531608,ref,,PF,131
4224,teta,0,0.0,ref,,PF,132
4225,v,0,1.06,ref,,PF,132
4226,teta,1,-0.09466909812068482,ref,,PF,132
4227,v,1,1.045,ref,,PF,132
4228,teta,2,-0.1930277436218133,ref,,PF,132
4229,v,2,1.0201,ref,,PF,132
4230,teta,3,-0.18194709408115436,ref,,PF,132
4231,v,3,1.019354707603228,ref,,PF,132
4232,teta,4,-0.1560303814625253,ref,,PF,132
4233,v,4,1.0217177481869675,ref,,PF,132
4234,teta,5,-0.2520359065122217,ref,,PF,132
4235,v,5,1.0807,ref,,PF,132
4236,teta,6,-0.23478217664972242,ref,,PF,132
4237,v,6,1.0640428949295984,ref,,PF,132
4238,teta,7,-0.23478217664972242,ref,,PF,132
4239,v,7,1.09,ref,,PF,132
4240,teta,8,-0.2620915568115519,ref,,PF,132
4241,v,8,1.0604385973480634,ref,,PF,132
4242,teta,9,-0.26517659884443356,ref,,PF,132
4243,v,9,1.0566352122318092,ref,,PF,132
4244,teta,10,-0.260783386459349,ref,,PF,132
4245,v,10,1.0650685456001527,ref,,PF,132
4246,teta,11,-0.26745593237935567,ref,,PF,132
4247,v,11,1.0635627169848836,ref,,PF,132
4248,teta,12,-0.26809613620454364,ref,,PF,132
4249,v,12,1.0598637640950812,ref,,PF,132
4250,teta,13,-0.28192558193670814,ref,,PF,132
4251,v,13,1.0423285736946721,ref,,PF,132
4252,teta,14,-0.01614299925600679,ref,,PF,132
4253,v,14,1.0341447726127468,ref,,PF,132
4254,teta,15,-0.25203338981545154,ref,,PF,132
4255,v,15,1.0789772791244712,ref,,PF,132
4256,teta,0,0.0,ref,,PF,133
4257,v,0,1.06,ref,,PF,133
4258,teta,1,-0.09522182725358148,ref,,PF,133
4259,v,1,1.045,ref,,PF,133
4260,teta,2,-0.19452521404437734,ref,,PF,133
4261,v,2,1.0201,ref,,PF,133
4262,teta,3,-0.18337695451202085,ref,,PF,133
4263,v,3,1.019168093222935,ref,,PF,133
4264,teta,4,-0.1572246680937348,ref,,PF,133
4265,v,4,1.0215434817346933,ref,,PF,133
4266,teta,5,-0.2538380086543595,ref,,PF,133
4267,v,5,1.0807,ref,,PF,133
4268,teta,6,-0.2363551314065915,ref,,PF,133
4269,v,6,1.0639594863416861,ref,,PF,133
4270,teta,7,-0.23635513140659153,ref,,PF,133
4271,v,7,1.09,ref,,PF,133
4272,teta,8,-0.26373529351628283,ref,,PF,133
4273,v,8,1.0603656321400026,ref,,PF,133
4274,teta,9,-0.26684796940601696,ref,,PF,133
4275,v,9,1.0565763250908444,ref,,PF,133
4276,teta,10,-0.2625184578919822,ref,,PF,133
4277,v,10,1.0650401463293726,ref,,PF,133
4278,teta,11,-0.27026736390141903,ref,,PF,133
4279,v,11,1.0625763205759802,ref,,PF,133
4280,teta,12,-0.27023184737533285,ref,,PF,133
4281,v,12,1.0596557272092981,ref,,PF,133
4282,teta,13,-0.2837880043926458,ref,,PF,133
4283,v,13,1.04219589522432,ref,,PF,133
4284,teta,14,-0.017776531593118018,ref,,PF,133
4285,v,14,1.0344857118750412,ref,,PF,133
4286,teta,15,-0.254816573056867,ref,,PF,133
4287,v,15,1.078004559895946,ref,,PF,133
4288,teta,0,0.0,ref,,PF,134
4289,v,0,1.06,ref,,PF,134
4290,teta,1,-0.09498733687015065,ref,,PF,134
4291,v,1,1.045,ref,,PF,134
4292,teta,2,-0.19397423930795135,ref,,PF,134
4293,v,2,1.0201,ref,,PF,134
4294,teta,3,-0.18284145350872066,ref,,PF,134
4295,v,3,1.0192124580620727,ref,,PF,134
4296,teta,4,-0.156646419874499,ref,,PF,134
4297,v,4,1.0216435488072522,ref,,PF,134
4298,teta,5,-0.2529680537950156,ref,,PF,134
4299,v,5,1.0807,ref,,PF,134
4300,teta,6,-0.23570881902667223,ref,,PF,134
4301,v,6,1.0639824796325785,ref,,PF,134
4302,teta,7,-0.23570881902667223,ref,,PF,134
4303,v,7,1.09,ref,,PF,134
4304,teta,8,-0.26303240508183934,ref,,PF,134
4305,v,8,1.060386404557895,ref,,PF,134
4306,teta,9,-0.26611577392562574,ref,,PF,134
4307,v,9,1.0565917077348554,ref,,PF,134
4308,teta,10,-0.26171863455933336,ref,,PF,134
4309,v,10,1.0650460424201469,ref,,PF,134
4310,teta,11,-0.2690547473548929,ref,,PF,134
4311,v,11,1.0634101533855362,ref,,PF,134
4312,teta,12,-0.26922600508931965,ref,,PF,134
4313,v,12,1.0598663181515224,ref,,PF,134
4314,teta,13,-0.2829494491626524,ref,,PF,134
4315,v,13,1.042300253257523,ref,,PF,134
4316,teta,14,-0.01718045266638327,ref,,PF,134
4317,v,14,1.0343726808825644,ref,,PF,134
4318,teta,15,-0.25362784074162736,ref,,PF,134
4319,v,15,1.0788268293933758,ref,,PF,134
4320,teta,0,0.0,ref,,PF,135
4321,v,0,1.06,ref,,PF,135
4322,teta,1,-0.09460522115492634,ref,,PF,135
4323,v,1,1.045,ref,,PF,135
4324,teta,2,-0.19290606519851697,ref,,PF,135
4325,v,2,1.0201,ref,,PF,135
4326,teta,3,-0.1818570793905459,ref,,PF,135
4327,v,3,1.0194355006339577,ref,,PF,135
4328,teta,4,-0.1558513898390584,ref,,PF,135
4329,v,4,1.0218159115874186,ref,,PF,135
4330,teta,5,-0.25194779179290544,ref,,PF,135
4331,v,5,1.0807,ref,,PF,135
4332,teta,6,-0.23470243756136333,ref,,PF,135
4333,v,6,1.0640917079210899,ref,,PF,135
4334,teta,7,-0.23470243756136333,ref,,PF,135
4335,v,7,1.09,ref,,PF,135
4336,teta,8,-0.26201769160093824,ref,,PF,135
4337,v,8,1.0605006671991193,ref,,PF,135
4338,teta,9,-0.2651004004793569,ref,,PF,135
4339,v,9,1.056686670610323,ref,,PF,135
4340,teta,10,-0.2607018783363077,ref,,PF,135
4341,v,10,1.0650948653988461,ref,,PF,135
4342,teta,11,-0.26792632882051376,ref,,PF,135
4343,v,11,1.0638778340437773,ref,,PF,135
4344,teta,12,-0.26814330233696393,ref,,PF,135
4345,v,12,1.0600060767522865,ref,,PF,135
4346,teta,13,-0.2819009523581712,ref,,PF,135
4347,v,13,1.042427643987002,ref,,PF,135
4348,teta,14,-0.016012856107958356,ref,,PF,135
4349,v,14,1.0341235651175864,ref,,PF,135
4350,teta,15,-0.25251279427737666,ref,,PF,135
4351,v,15,1.0792880318230076,ref,,PF,135
4352,teta,0,0.0,ref,,PF,136
4353,v,0,1.06,ref,,PF,136
4354,teta,1,-0.09425214901601132,ref,,PF,136
4355,v,1,1.045,ref,,PF,136
4356,teta,2,-0.1918864352882544,ref,,PF,136
4357,v,2,1.0201,ref,,PF,136
4358,teta,3,-0.18091742300755503,ref,,PF,136
4359,v,3,1.0196489939415667,ref,,PF,136
4360,teta,4,-0.15514668897639713,ref,,PF,136
4361,v,4,1.0219687315097685,ref,,PF,136
4362,teta,5,-0.2510798202840295,ref,,PF,136
4363,v,5,1.0807,ref,,PF,136
4364,teta,6,-0.23377448235763118,ref,,PF,136
4365,v,6,1.0641964967357738,ref,,PF,136
4366,teta,7,-0.23377448235763118,ref,,PF,136
4367,v,7,1.09,ref,,PF,136
4368,teta,8,-0.2610986347437276,ref,,PF,136
4369,v,8,1.060611986192839,ref,,PF,136
4370,teta,9,-0.2641906280098542,ref,,PF,136
4371,v,9,1.0567798275041995,ref,,PF,136
4372,teta,10,-0.25981367816138834,ref,,PF,136
4373,v,10,1.065143445279591,ref,,PF,136
4374,teta,11,-0.2670297672746333,ref,,PF,136
4375,v,11,1.0641317390337945,ref,,PF,136
4376,teta,12,-0.2672437683186699,ref,,PF,136
4377,v,12,1.0600917645104415,ref,,PF,136
4378,teta,13,-0.28098714281751763,ref,,PF,136
4379,v,13,1.0425296456418753,ref,,PF,136
4380,teta,14,-0.01489441512808794,ref,,PF,136
4381,v,14,1.0338760312138324,ref,,PF,136
4382,teta,15,-0.2516234852116828,ref,,PF,136
4383,v,15,1.079538421993701,ref,,PF,136
4384,teta,0,0.0,ref,,PF,137
4385,v,0,1.06,ref,,PF,137
4386,teta,1,-0.09439240044715694,ref,,PF,137
4387,v,1,1.045,ref,,PF,137
4388,teta,2,-0.1923050375046121,ref,,PF,137
4389,v,2,1.0201,ref,,PF,137
4390,teta,3,-0.18131983704698665,ref,,PF,137
4391,v,3,1.0196031591563712,ref,,PF,137
4392,teta,4,-0.1554188521430787,ref,,PF,137
4393,v,4,1.021955642752479,ref,,PF,137
4394,teta,5,-0.2511826345649446,ref,,PF,137
4395,v,5,1.0807,ref,,PF,137
4396,teta,6,-0.23408191813064436,ref,,PF,137
4397,v,6,1.0641727495515652,ref,,PF,137
4398,teta,7,-0.23408191813064436,ref,,PF,137
4399,v,7,1.09,ref,,PF,137
4400,teta,8,-0.26135656736977103,ref,,PF,137
4401,v,8,1.0605813416083243,ref,,PF,137
4402,teta,9,-0.26442121671552243,ref,,PF,137
4403,v,9,1.0567525820428352,ref,,PF,137
4404,teta,10,-0.25998109923509033,ref,,PF,137
4405,v,10,1.0651275361018473,ref,,PF,137
4406,teta,11,-0.26680080179963533,ref,,PF,137
4407,v,11,1.0646335026278588,ref,,PF,137
4408,teta,12,-0.26723586636535684,ref,,PF,137
4409,v,12,1.0602018004237592,ref,,PF,137
4410,teta,13,-0.2811280648635106,ref,,PF,137
4411,v,13,1.04255998836153,ref,,PF,137
4412,teta,14,-0.01535455001425112,ref,,PF,137
4413,v,14,1.0339800695993213,ref,,PF,137
4414,teta,15,-0.25140883700821204,ref,,PF,137
4415,v,15,1.0800332442536893,ref,,PF,137
4416,teta,0,0.0,ref,,PF,138
4417,v,0,1.06,ref,,PF,138
4418,teta,1,-0.09376495500336272,ref,,PF,138
4419,v,1,1.045,ref,,PF,138
4420,teta,2,-0.19052915966260325,ref,,PF,138
4421,v,2,1.0201,ref,,PF,138
4422,teta,3,-0.17964496577864875,ref,,PF,138
4423,v,3,1.019878965926229,ref,,PF,138
4424,teta,4,-0.15413099030593058,ref,,PF,138
4425,v,4,1.022161237813522,ref,,PF,138
4426,teta,5,-0.2498571908993237,ref,,PF,138
4427,v,5,1.0807,ref,,PF,138
4428,teta,6,-0.23250450064867947,ref,,PF,138
4429,v,6,1.0643065089931265,ref,,PF,138
4430,teta,7,-0.23250450064867947,ref,,PF,138
4431,v,7,1.09,ref,,PF,138
4432,teta,8,-0.25983317606954115,ref,,PF,138
4433,v,8,1.0607252940776573,ref,,PF,138
4434,teta,9,-0.26293300695408256,ref,,PF,138
4435,v,9,1.056874544438484,ref,,PF,138
4436,teta,10,-0.25857429377249325,ref,,PF,138
4437,v,10,1.065192727919501,ref,,PF,138
4438,teta,11,-0.265643762048576,ref,,PF,138
4439,v,11,1.0643707643992553,ref,,PF,138
4440,teta,12,-0.26595405375839065,ref,,PF,138
4441,v,12,1.0601625662527323,ref,,PF,138
4442,teta,13,-0.27970810896527165,ref,,PF,138
4443,v,13,1.042626069436512,ref,,PF,138
4444,teta,14,-0.013404761695502468,ref,,PF,138
4445,v,14,1.0335444865883516,ref,,PF,138
4446,teta,15,-0.2502443027910394,ref,,PF,138
4447,v,15,1.0797741399502612,ref,,PF,138
4448,teta,0,0.0,ref,,PF,139
4449,v,0,1.06,ref,,PF,139
4450,teta,1,-0.09247402801381824,ref,,PF,139
4451,v,1,1.045,ref,,PF,139
4452,teta,2,-0.18687687996661975,ref,,PF,139
4453,v,2,1.0201,ref,,PF,139
4454,teta,3,-0.17620782795840179,ref,,PF,139
4455,v,3,1.0204688230686343,ref,,PF,139
4456,teta,4,-0.15148821057086803,ref,,PF,139
4457,v,4,1.0226251923251881,ref,,PF,139
4458,teta,5,-0.24694653474391118,ref,,PF,139
4459,v,5,1.0807,ref,,PF,139
4460,teta,6,-0.2292016425675108,ref,,PF,139
4461,v,6,1.0645902203006297,ref,,PF,139
4462,teta,7,-0.2292016425675108,ref,,PF,139
4463,v,7,1.09,ref,,PF,139
4464,teta,8,-0.25660780175227116,ref,,PF,139
4465,v,8,1.0610248622202678,ref,,PF,139
4466,teta,9,-0.259763743909841,ref,,PF,139
4467,v,9,1.0571272352201542,ref,,PF,139
4468,teta,10,-0.2555349781051792,ref,,PF,139
4469,v,10,1.0653266261715288,ref,,PF,139
4470,teta,11,-0.26273878382085275,ref,,PF,139
4471,v,11,1.0642183811819448,ref,,PF,139
4472,teta,12,-0.26302092623404955,ref,,PF,139
4473,v,12,1.0601642860196716,ref,,PF,139
4474,teta,13,-0.27660498070768885,ref,,PF,139
4475,v,13,1.042799871709674,ref,,PF,139
4476,teta,14,-0.00937262230942883,ref,,PF,139
4477,v,14,1.0325936120085129,ref,,PF,139
4478,teta,15,-0.2473349754166647,ref,,PF,139
4479,v,15,1.079623865108614,ref,,PF,139
4480,teta,0,0.0,ref,,PF,140
4481,v,0,1.06,ref,,PF,140
4482,teta,1,-0.09324639873900033,ref,,PF,140
4483,v,1,1.045,ref,,PF,140
4484,teta,2,-0.18908664836510317,ref,,PF,140
4485,v,2,1.0201,ref,,PF,140
4486,teta,3,-0.17830425148381196,ref,,PF,140
4487,v,3,1.0201535567281468,ref,,PF,140
4488,teta,4,-0.15305911164354477,ref,,PF,140
4489,v,4,1.022427691458962,ref,,PF,140
4490,teta,5,-0.24820930578648467,ref,,PF,140
4491,v,5,1.0807,ref,,PF,140
4492,teta,6,-0.23104113988059735,ref,,PF,140
4493,v,6,1.0644275038975881,ref,,PF,140
4494,teta,7,-0.23104113988059732,ref,,PF,140
4495,v,7,1.09,ref,,PF,140
4496,teta,8,-0.25831102781799664,ref,,PF,140
4497,v,8,1.0608327954175283,ref,,PF,140
4498,teta,9,-0.2613890619563848,ref,,PF,140
4499,v,9,1.056962521315244,ref,,PF,140
4500,teta,10,-0.25698015358497256,ref,,PF,140
4501,v,10,1.0652364969559183,ref,,PF,140
4502,teta,11,-0.26298175168354576,ref,,PF,140
4503,v,11,1.0651255466301777,ref,,PF,140
4504,teta,12,-0.26398421584216797,ref,,PF,140
4505,v,12,1.0603088674277912,ref,,PF,140
4506,teta,13,-0.27798701540773424,ref,,PF,140
4507,v,13,1.0427513379933102,ref,,PF,140
4508,teta,14,-0.011817303474760914,ref,,PF,140
4509,v,14,1.03318156478319,ref,,PF,140
4510,teta,15,-0.24760380753453212,ref,,PF,140
4511,v,15,1.0805184873131222,ref,,PF,140
4512,teta,0,0.0,ref,,PF,141
4513,v,0,1.06,ref,,PF,141
4514,teta,1,-0.09385370546300748,ref,,PF,141
4515,v,1,1.045,ref,,PF,141
4516,teta,2,-0.1907538496927973,ref,,PF,141
4517,v,2,1.0201,ref,,PF,141
4518,teta,3,-0.17989280304764962,ref,,PF,141
4519,v,3,1.0199347852558414,ref,,PF,141
4520,teta,4,-0.15434867801865,ref,,PF,141
4521,v,4,1.0222281040769587,ref,,PF,141
4522,teta,5,-0.2502858517986532,ref,,PF,141
4523,v,5,1.0807,ref,,PF,141
4524,teta,6,-0.2328149758900372,ref,,PF,141
4525,v,6,1.0643215370990349,ref,,PF,141
4526,teta,7,-0.2328149758900372,ref,,PF,141
4527,v,7,1.09,ref,,PF,141
4528,teta,8,-0.26017737877872077,ref,,PF,141
4529,v,8,1.0607304271099365,ref,,PF,141
4530,teta,9,-0.26329206434622315,ref,,PF,141
4531,v,9,1.0568797695153767,ref,,PF,141
4532,teta,10,-0.25896765532241767,ref,,PF,141
4533,v,10,1.0651964404025662,ref,,PF,141
4534,teta,11,-0.2661137170701298,ref,,PF,141
4535,v,11,1.063537778708156,ref,,PF,141
4536,teta,12,-0.2664448839310348,ref,,PF,141
4537,v,12,1.0599300938937972,ref,,PF,141
4538,teta,13,-0.2801199341635473,ref,,PF,141
4539,v,13,1.0425264725773913,ref,,PF,141
4540,teta,14,-0.013650393092508083,ref,,PF,141
4541,v,14,1.033596928983573,ref,,PF,141
4542,teta,15,-0.25069046127822975,ref,,PF,141
4543,v,15,1.078952686345173,ref,,PF,141
4544,teta,0,0.0,ref,,PF,142
4545,v,0,1.06,ref,,PF,142
4546,teta,1,-0.09480222515910144,ref,,PF,142
4547,v,1,1.045,ref,,PF,142
4548,teta,2,-0.19344040406798435,ref,,PF,142
4549,v,2,1.0201,ref,,PF,142
4550,teta,3,-0.18243432587345584,ref,,PF,142
4551,v,3,1.019537702810787,ref,,PF,142
4552,teta,4,-0.15630223245392585,ref,,PF,142
4553,v,4,1.0219639322993932,ref,,PF,142
4554,teta,5,-0.25215604418977144,ref,,PF,142
4555,v,5,1.0807,ref,,PF,142
4556,teta,6,-0.23516074727743627,ref,,PF,142
4557,v,6,1.0641295472578887,ref,,PF,142
4558,teta,7,-0.23516074727743627,ref,,PF,142
4559,v,7,1.09,ref,,PF,142
4560,teta,8,-0.2624167504606022,ref,,PF,142
4561,v,8,1.0605219988688885,ref,,PF,142
4562,teta,9,-0.26546598556523743,ref,,PF,142
4563,v,9,1.0567022438560822,ref,,PF,142
4564,teta,10,-0.26099021001458855,ref,,PF,142
4565,v,10,1.0651005654638677,ref,,PF,142
4566,teta,11,-0.2675551061440614,ref,,PF,142
4567,v,11,1.06430463397981,ref,,PF,142
4568,teta,12,-0.2681821035741941,ref,,PF,142
4569,v,12,1.0600810205271527,ref,,PF,142
4570,teta,13,-0.28214168490583913,ref,,PF,142
4571,v,13,1.042472037304556,ref,,PF,142
4572,teta,14,-0.016596365623231663,ref,,PF,142
4573,v,14,1.0342467622072862,ref,,PF,142
4574,teta,15,-0.2521537596933749,ref,,PF,142
4575,v,15,1.0797089244426952,ref,,PF,142
4576,teta,0,0.0,ref,,PF,143
4577,v,0,1.06,ref,,PF,143
4578,teta,1,-0.09589150450107893,ref,,PF,143
4579,v,1,1.045,ref,,PF,143
4580,teta,2,-0.1964734785551604,ref,,PF,143
4581,v,2,1.0201,ref,,PF,143
4582,teta,3,-0.18530994096548842,ref,,PF,143
4583,v,3,1.0191085259042023,ref,,PF,143
4584,teta,4,-0.15858551792377001,ref,,PF,143
4585,v,4,1.021626889942764,ref,,PF,143
4586,teta,5,-0.25503165327333216,ref,,PF,143
4587,v,5,1.0807,ref,,PF,143
4588,teta,6,-0.23807180118365287,ref,,PF,143
4589,v,6,1.0639248628031044,ref,,PF,143
4590,teta,7,-0.23807180118365287,ref,,PF,143
4591,v,7,1.09,ref,,PF,143
4592,teta,8,-0.2653399860720215,ref,,PF,143
4593,v,8,1.0603136375940987,ref,,PF,143
4594,teta,9,-0.26838026963874534,ref,,PF,143
4595,v,9,1.05652841977035,ref,,PF,143
4596,teta,10,-0.2638835821525817,ref,,PF,143
4597,v,10,1.0650104954751292,ref,,PF,143
4598,teta,11,-0.27110963329001,ref,,PF,143
4599,v,11,1.063558203549671,ref,,PF,143
4600,teta,12,-0.27130538490738604,ref,,PF,143
4601,v,12,1.0598938827050552,ref,,PF,143
4602,teta,13,-0.28515846887107504,ref,,PF,143
4603,v,13,1.0422699671926297,ref,,PF,143
4604,teta,14,-0.019902290016905688,ref,,PF,143
4605,v,14,1.034930611958343,ref,,PF,143
4606,teta,15,-0.25568696164661564,ref,,PF,143
4607,v,15,1.0789728282175097,ref,,PF,143
4608,teta,0,0.0,ref,,PF,144
4609,v,0,1.06,ref,,PF,144
4610,teta,1,-0.09585084861749031,ref,,PF,144
4611,v,1,1.045,ref,,PF,144
4612,teta,2,-0.1963538169699051,ref,,PF,144
4613,v,2,1.0201,ref,,PF,144
4614,teta,3,-0.18522590505424663,ref,,PF,144
4615,v,3,1.0191995098860551,ref,,PF,144
4616,teta,4,-0.15850921149658015,ref,,PF,144
4617,v,4,1.021698493413398,ref,,PF,144
4618,teta,5,-0.2550209937930029,ref,,PF,144
4619,v,5,1.0807,ref,,PF,144
4620,teta,6,-0.23801296960144366,ref,,PF,144
4621,v,6,1.063965144731851,ref,,PF,144
4622,teta,7,-0.23801296960144366,ref,,PF,144
4623,v,7,1.09,ref,,PF,144
4624,teta,8,-0.2652956061728535,ref,,PF,144
4625,v,8,1.0603525568594883,ref,,PF,144
4626,teta,9,-0.26834192519773103,ref,,PF,144
4627,v,9,1.0565611703779554,ref,,PF,144
4628,teta,10,-0.2638592163405149,ref,,PF,144
4629,v,10,1.0650277669010288,ref,,PF,144
4630,teta,11,-0.271189354329503,ref,,PF,144
4631,v,11,1.0633295571996313,ref,,PF,144
4632,teta,12,-0.27133297274745727,ref,,PF,144
4633,v,12,1.0598414229195032,ref,,PF,144
4634,teta,13,-0.28514565789486834,ref,,PF,144
4635,v,13,1.0422693144358235,ref,,PF,144
4636,teta,14,-0.019771875644578288,ref,,PF,144
4637,v,14,1.034903654823322,ref,,PF,144
4638,teta,15,-0.255760141534863,ref,,PF,144
4639,v,15,1.078747350148943,ref,,PF,144
4640,teta,0,0.0,ref,,PF,145
4641,v,0,1.06,ref,,PF,145
4642,teta,1,-0.09586160708360605,ref,,PF,145
4643,v,1,1.045,ref,,PF,145
4644,teta,2,-0.19633774082687686,ref,,PF,145
4645,v,2,1.0201,ref,,PF,145
4646,teta,3,-0.18521662858370028,ref,,PF,145
4647,v,3,1.0192170676087577,ref,,PF,145
4648,teta,4,-0.1585711412100985,ref,,PF,145
4649,v,4,1.0216840592079597,ref,,PF,145
4650,teta,5,-0.25485202287090364,ref,,PF,145
4651,v,5,1.0807,ref,,PF,145
4652,teta,6,-0.23794454012980834,ref,,PF,145
4653,v,6,1.0639767373769644,ref,,PF,145
4654,teta,7,-0.23794454012980834,ref,,PF,145
4655,v,7,1.09,ref,,PF,145
4656,teta,8,-0.265196762226421,ref,,PF,145
4657,v,8,1.0603654721992268,ref,,PF,145
4658,teta,9,-0.26823079160898583,ref,,PF,145
4659,v,9,1.056571113321329,ref,,PF,145
4660,teta,10,-0.26371972755420303,ref,,PF,145
4661,v,10,1.0650320323180307,ref,,PF,145
4662,teta,11,-0.27074930424220506,ref,,PF,145
4663,v,11,1.0638945493878318,ref,,PF,145
4664,teta,12,-0.2710557429521861,ref,,PF,145
4665,v,12,1.0599816487392615,ref,,PF,145
4666,teta,13,-0.2849666277785233,ref,,PF,145
4667,v,13,1.0423383238255277,ref,,PF,145
4668,teta,14,-0.019752140944605007,ref,,PF,145
4669,v,14,1.034894482990261,ref,,PF,145
4670,teta,15,-0.2553362473088448,ref,,PF,145
4671,v,15,1.07930451572752,ref,,PF,145
4672,teta,0,0.0,ref,,PF,146
4673,v,0,1.06,ref,,PF,146
4674,teta,1,-0.09631638793307004,ref,,PF,146
4675,v,1,1.045,ref,,PF,146
4676,teta,2,-0.19768885400526093,ref,,PF,146
4677,v,2,1.0201,ref,,PF,146
4678,teta,3,-0.18647708948649722,ref,,PF,146
4679,v,3,1.0189746105406823,ref,,PF,146
4680,teta,4,-0.15945169620349803,ref,,PF,146
4681,v,4,1.0215470883294648,ref,,PF,146
4682,teta,5,-0.25524426198549316,ref,,PF,146
4683,v,5,1.0807,ref,,PF,146
4684,teta,6,-0.23892706586955845,ref,,PF,146
4685,v,6,1.0638495610698022,ref,,PF,146
4686,teta,7,-0.23892706586955847,ref,,PF,146
4687,v,7,1.09,ref,,PF,146
4688,teta,8,-0.2660332618032945,ref,,PF,146
4689,v,8,1.0602099312437285,ref,,PF,146
4690,teta,9,-0.2689887638589474,ref,,PF,146
4691,v,9,1.0564366854114375,ref,,PF,146
4692,teta,10,-0.26429624954398134,ref,,PF,146
4693,v,10,1.064957396769062,ref,,PF,146
4694,teta,11,-0.26990070235512736,ref,,PF,146
4695,v,11,1.065082693973085,ref,,PF,146
4696,teta,12,-0.27106700475657874,ref,,PF,146
4697,v,12,1.0601934873570515,ref,,PF,146
4698,teta,13,-0.285442967064007,ref,,PF,146
4699,v,13,1.0423401971786437,ref,,PF,146
4700,teta,14,-0.021223740374605355,ref,,PF,146
4701,v,14,1.0351965723402472,ref,,PF,146
4702,teta,15,-0.2545215378912557,ref,,PF,146
4703,v,15,1.0804762267242554,ref,,PF,146
4704,teta,0,0.0,ref,,PF,147
4705,v,0,1.06,ref,,PF,147
4706,teta,1,-0.09629064986942598,ref,,PF,147
4707,v,1,1.045,ref,,PF,147
4708,teta,2,-0.19763199016735322,ref,,PF,147
4709,v,2,1.0201,ref,,PF,147
4710,teta,3,-0.18644030077581766,ref,,PF,147
4711,v,3,1.01902563239087,ref,,PF,147
4712,teta,4,-0.1593873024512871,ref,,PF,147
4713,v,4,1.0215990362398881,ref,,PF,147
4714,teta,5,-0.2549689013627827,ref,,PF,147
4715,v,5,1.0807,ref,,PF,147
4716,teta,6,-0.23880820475477815,ref,,PF,147
4717,v,6,1.063861981357563,ref,,PF,147
4718,teta,7,-0.23880820475477813,ref,,PF,147
4719,v,7,1.09,ref,,PF,147
4720,teta,8,-0.2658734774955305,ref,,PF,147
4721,v,8,1.0602057022885258,ref,,PF,147
4722,teta,9,-0.26880865160060513,ref,,PF,147
4723,v,9,1.056431843596108,ref,,PF,147
4724,teta,10,-0.2640692080691024,ref,,PF,147
4725,v,10,1.0649534861656953,ref,,PF,147
4726,teta,11,-0.26898738206691253,ref,,PF,147
4727,v,11,1.065234185699172,ref,,PF,147
4728,teta,12,-0.2706163684062756,ref,,PF,147
4729,v,12,1.060182942212383,ref,,PF,147
4730,teta,13,-0.28515688344547135,ref,,PF,147
4731,v,13,1.0423321543152755,ref,,PF,147
4732,teta,14,-0.021162751200004708,ref,,PF,147
4733,v,14,1.0351862278592932,ref,,PF,147
4734,teta,15,-0.2536125309836363,ref,,PF,147
4735,v,15,1.0806256255833069,ref,,PF,147
4736,teta,0,0.0,ref,,PF,148
4737,v,0,1.06,ref,,PF,148
4738,teta,1,-0.09522616197502672,ref,,PF,148
4739,v,1,1.045,ref,,PF,148
4740,teta,2,-0.1946240542332531,ref,,PF,148
4741,v,2,1.0201,ref,,PF,148
4742,teta,3,-0.1836208529407682,ref,,PF,148
4743,v,3,1.0195319237203528,ref,,PF,148
4744,teta,4,-0.1571969546235809,ref,,PF,148
4745,v,4,1.0219743568097435,ref,,PF,148
4746,teta,5,-0.2524308021244651,ref,,PF,148
4747,v,5,1.0807,ref,,PF,148
4748,teta,6,-0.2360465696477205,ref,,PF,148
4749,v,6,1.0640943269052816,ref,,PF,148
4750,teta,7,-0.2360465696477205,ref,,PF,148
4751,v,7,1.09,ref,,PF,148
4752,teta,8,-0.2631492719575545,ref,,PF,148
4753,v,8,1.0604362427893685,ref,,PF,148
4754,teta,9,-0.2661178160618496,ref,,PF,148
4755,v,9,1.05662570334876,ref,,PF,148
4756,teta,10,-0.26145565450631253,ref,,PF,148
4757,v,10,1.0650555729504616,ref,,PF,148
4758,teta,11,-0.2659338502874452,ref,,PF,148
4759,v,11,1.0650702399758711,ref,,PF,148
4760,teta,12,-0.26792616133756103,ref,,PF,148
4761,v,12,1.060128244466416,ref,,PF,148
4762,teta,13,-0.28244476732583546,ref,,PF,148
4763,v,13,1.0424405610121694,ref,,PF,148
4764,teta,14,-0.01788874879463414,ref,,PF,148
4765,v,14,1.034519236631894,ref,,PF,148
4766,teta,15,-0.2505543311440836,ref,,PF,148
4767,v,15,1.0804639448044944,ref,,PF,148
4768,teta,0,0.0,ref,,PF,149
4769,v,0,1.06,ref,,PF,149
4770,teta,1,-0.09435674004099105,ref,,PF,149
4771,v,1,1.045,ref,,PF,149
4772,teta,2,-0.19212191519955954,ref,,PF,149
4773,v,2,1.0201,ref,,PF,149
4774,teta,3,-0.18125530371567586,ref,,PF,149
4775,v,3,1.0199048122556744,ref,,PF,149
4776,teta,4,-0.1554480260516435,ref,,PF,149
4777,v,4,1.0222307295418593,ref,,PF,149
4778,teta,5,-0.25055236845665796,ref,,PF,149
4779,v,5,1.0807,ref,,PF,149
4780,teta,6,-0.23381223485755376,ref,,PF,149
4781,v,6,1.064279565571203,ref,,PF,149
4782,teta,7,-0.23381223485755376,ref,,PF,149
4783,v,7,1.09,ref,,PF,149
4784,teta,8,-0.26098743637352706,ref,,PF,149
4785,v,8,1.060640253444343,ref,,PF,149
4786,teta,9,-0.2640063613218332,ref,,PF,149
4787,v,9,1.056798604042929,ref,,PF,149
4788,teta,10,-0.25946074489809,ref,,PF,149
4789,v,10,1.0651480511447131,ref,,PF,149
4790,teta,11,-0.26426445967388945,ref,,PF,149
4791,v,11,1.0649157418506758,ref,,PF,149
4792,teta,12,-0.26608510508399935,ref,,PF,149
4793,v,12,1.0601327450816707,ref,,PF,149
4794,teta,13,-0.28041916177125426,ref,,PF,149
4795,v,13,1.0425608608741108,ref,,PF,149
4796,teta,14,-0.015149473513778777,ref,,PF,149
4797,v,14,1.033925073746509,ref,,PF,149
4798,teta,15,-0.248880539536062,ref,,PF,149
4799,v,15,1.0803115816993571,ref,,PF,149
4800,teta,0,0.0,ref,,PF,150
4801,v,0,1.06,ref,,PF,150
4802,teta,1,-0.09481570281167666,ref,,PF,150
4803,v,1,1.045,ref,,PF,150
4804,teta,2,-0.19339472456394058,ref,,PF,150
4805,v,2,1.0201,ref,,PF,150
4806,teta,3,-0.18244122678387126,ref,,PF,150
4807,v,3,1.0196712643945882,ref,,PF,150
4808,teta,4,-0.15641156016120109,ref,,PF,150
4809,v,4,1.0220423366689937,ref,,PF,150
4810,teta,5,-0.25135798738452925,ref,,PF,150
4811,v,5,1.0807,ref,,PF,150
4812,teta,6,-0.23487824346441344,ref,,PF,150
4813,v,6,1.0641618373505772,ref,,PF,150
4814,teta,7,-0.23487824346441344,ref,,PF,150
4815,v,7,1.09,ref,,PF,150
4816,teta,8,-0.2619886761566936,ref,,PF,150
4817,v,8,1.0605071551487169,ref,,PF,150
4818,teta,9,-0.2649728487509994,ref,,PF,150
4819,v,9,1.0566856809782235,ref,,PF,150
4820,teta,10,-0.26034684633446104,ref,,PF,150
4821,v,10,1.0650875255702978,ref,,PF,150
4822,teta,11,-0.2644683238655121,ref,,PF,150
4823,v,11,1.0652799739465564,ref,,PF,150
4824,teta,12,-0.2667182719002059,ref,,PF,150
4825,v,12,1.0601674939204395,ref,,PF,150
4826,teta,13,-0.28126180026315456,ref,,PF,150
4827,v,13,1.0424985543694398,ref,,PF,150
4828,teta,14,-0.016542103305860943,ref,,PF,150
4829,v,14,1.0342252570734276,ref,,PF,150
4830,teta,15,-0.2490947761423147,ref,,PF,150
4831,v,15,1.0806707813728276,ref,,PF,150
4832,teta,0,0.0,ref,,PF,151
4833,v,0,1.06,ref,,PF,151
4834,teta,1,-0.09538152800081573,ref,,PF,151
4835,v,1,1.045,ref,,PF,151
4836,teta,2,-0.19504172315553933,ref,,PF,151
4837,v,2,1.0201,ref,,PF,151
4838,teta,3,-0.18399233798127884,ref,,PF,151
4839,v,3,1.019411144179088,ref,,PF,151
4840,teta,4,-0.15752981556591542,ref,,PF,151
4841,v,4,1.0218575732421316,ref,,PF,151
4842,teta,5,-0.2526708941926649,ref,,PF,151
4843,v,5,1.0807,ref,,PF,151
4844,teta,6,-0.23637311451529572,ref,,PF,151
4845,v,6,1.064033513800776,ref,,PF,151
4846,teta,7,-0.2363731145152957,ref,,PF,151
4847,v,7,1.09,ref,,PF,151
4848,teta,8,-0.26345112579268204,ref,,PF,151
4849,v,8,1.0603683115795002,ref,,PF,151
4850,teta,9,-0.26640862138283816,ref,,PF,151
4851,v,9,1.0565685018055695,ref,,PF,151
4852,teta,10,-0.2617208795612849,ref,,PF,151
4853,v,10,1.0650253672093453,ref,,PF,151
4854,teta,11,-0.2658258704377,ref,,PF,151
4855,v,11,1.0651758999248278,ref,,PF,151
4856,teta,12,-0.26806803811799723,ref,,PF,151
4857,v,12,1.0601204901817023,ref,,PF,151
4858,teta,13,-0.28267823280074866,ref,,PF,151
4859,v,13,1.042397551235594,ref,,PF,151
4860,teta,14,-0.018343327579421014,ref,,PF,151
4861,v,14,1.0346117428979673,ref,,PF,151
4862,teta,15,-0.25044936001414886,ref,,PF,151
4863,v,15,1.0805681449645448,ref,,PF,151
4864,teta,0,0.0,ref,,PF,152
4865,v,0,1.06,ref,,PF,152
4866,teta,1,-0.09586999269239621,ref,,PF,152
4867,v,1,1.045,ref,,PF,152
4868,teta,2,-0.19648004572250544,ref,,PF,152
4869,v,2,1.0201,ref,,PF,152
4870,teta,3,-0.1853684620546837,ref,,PF,152
4871,v,3,1.0192389106043427,ref,,PF,152
4872,teta,4,-0.15848681282632904,ref,,PF,152
4873,v,4,1.021763008879513,ref,,PF,152
4874,teta,5,-0.2534394113083252,ref,,PF,152
4875,v,5,1.0807,ref,,PF,152
4876,teta,6,-0.23756502466425242,ref,,PF,152
4877,v,6,1.063941890346622,ref,,PF,152
4878,teta,7,-0.23756502466425242,ref,,PF,152
4879,v,7,1.09,ref,,PF,152
4880,teta,8,-0.2645461773044906,ref,,PF,152
4881,v,8,1.0602556888183847,ref,,PF,152
4882,teta,9,-0.2674459559497597,ref,,PF,152
4883,v,9,1.0564710918977014,ref,,PF,152
4884,teta,10,-0.26262485555856063,ref,,PF,152
4885,v,10,1.0649712059173009,ref,,PF,152
4886,teta,11,-0.26596383682341285,ref,,PF,152
4887,v,11,1.065825781071724,ref,,PF,152
4888,teta,12,-0.26865114829421277,ref,,PF,152
4889,v,12,1.0602345339788977,ref,,PF,152
4890,teta,13,-0.28355035126292,ref,,PF,152
4891,v,13,1.0423815979798947,ref,,PF,152
4892,teta,14,-0.01991267208496703,ref,,PF,152
4893,v,14,1.0349401760198942,ref,,PF,152
4894,teta,15,-0.2506058127709245,ref,,PF,152
4895,v,15,1.0812090533534247,ref,,PF,152
4896,teta,0,0.0,ref,,PF,153
4897,v,0,1.06,ref,,PF,153
4898,teta,1,-0.0963381539660731,ref,,PF,153
4899,v,1,1.045,ref,,PF,153
4900,teta,2,-0.19787897859754386,ref,,PF,153
4901,v,2,1.0201,ref,,PF,153
4902,teta,3,-0.18669259003700145,ref,,PF,153
4903,v,3,1.0190358825940835,ref,,PF,153
4904,teta,4,-0.15938683574755408,ref,,PF,153
4905,v,4,1.0216591499884424,ref,,PF,153
4906,teta,5,-0.2539435675035113,ref,,PF,153
4907,v,5,1.0807,ref,,PF,153
4908,teta,6,-0.23863049842525647,ref,,PF,153
4909,v,6,1.0638292483943017,ref,,PF,153
4910,teta,7,-0.23863049842525647,ref,,PF,153
4911,v,7,1.09,ref,,PF,153
4912,teta,8,-0.26547634723824226,ref,,PF,153
4913,v,8,1.0601112105400459,ref,,PF,153
4914,teta,9,-0.26830081895524227,ref,,PF,153
4915,v,9,1.0563460229081225,ref,,PF,153
4916,teta,10,-0.26330573888314235,ref,,PF,153
4917,v,10,1.0649015543432514,ref,,PF,153
4918,teta,11,-0.26530110369578896,ref,,PF,153
4919,v,11,1.0667435615950382,ref,,PF,153
4920,teta,12,-0.2688117968666025,ref,,PF,153
4921,v,12,1.0603755524837377,ref,,PF,153
4922,teta,13,-0.2841454742930689,ref,,PF,153
4923,v,13,1.0423582808494491,ref,,PF,153
4924,teta,14,-0.02143610678867986,ref,,PF,153
4925,v,14,1.0352523462774057,ref,,PF,153
4926,teta,15,-0.24996913012557337,ref,,PF,153
4927,v,15,1.0821141796890437,ref,,PF,153
4928,teta,0,0.0,ref,,PF,154
4929,v,0,1.06,ref,,PF,154
4930,teta,1,-0.09632333396657541,ref,,PF,154
4931,v,1,1.045,ref,,PF,154
4932,teta,2,-0.19784335472304487,ref,,PF,154
4933,v,2,1.0201,ref,,PF,154
4934,teta,3,-0.1866633731956489,ref,,PF,154
4935,v,3,1.019052334884282,ref,,PF,154
4936,teta,4,-0.1593531755241424,ref,,PF,154
4937,v,4,1.0216826835147965,ref,,PF,154
4938,teta,5,-0.2536591743168108,ref,,PF,154
4939,v,5,1.0807,ref,,PF,154
4940,teta,6,-0.2385115401473,ref,,PF,154
4941,v,6,1.0638254449644713,ref,,PF,154
4942,teta,7,-0.23851154014730003,ref,,PF,154
4943,v,7,1.09,ref,,PF,154
4944,teta,8,-0.26531199403228745,ref,,PF,154
4945,v,8,1.0600903435590403,ref,,PF,154
4946,teta,9,-0.26811530242436066,ref,,PF,154
4947,v,9,1.056327279135318,ref,,PF,154
4948,teta,10,-0.26307135065043796,ref,,PF,154
4949,v,10,1.064890415769379,ref,,PF,154
4950,teta,11,-0.2642910309538739,ref,,PF,154
4951,v,11,1.0669521258426864,ref,,PF,154
4952,teta,12,-0.2683235016447774,ref,,PF,154
4953,v,12,1.0603713620117206,ref,,PF,154
4954,teta,13,-0.2838405551450602,ref,,PF,154
4955,v,13,1.0423432341580385,ref,,PF,154
4956,teta,14,-0.021397741084218082,ref,,PF,154
4957,v,14,1.035245470685784,ref,,PF,154
4958,teta,15,-0.2489649681125958,ref,,PF,154
4959,v,15,1.0823198711275923,ref,,PF,154
4960,teta,0,0.0,ref,,PF,155
4961,v,0,1.06,ref,,PF,155
4962,teta,1,-0.09656605896357646,ref,,PF,155
4963,v,1,1.045,ref,,PF,155
4964,teta,2,-0.19857869416972349,ref,,PF,155
4965,v,2,1.0201,ref,,PF,155
4966,teta,3,-0.18735805556143498,ref,,PF,155
4967,v,3,1.018942441136023,ref,,PF,155
4968,teta,4,-0.15980678622945405,ref,,PF,155
4969,v,4,1.021613589142168,ref,,PF,155
4970,teta,5,-0.2541850213637361,ref,,PF,155
4971,v,5,1.0807,ref,,PF,155
4972,teta,6,-0.23916326546941208,ref,,PF,155
4973,v,6,1.063772342652802,ref,,PF,155
4974,teta,7,-0.23916326546941208,ref,,PF,155
4975,v,7,1.09,ref,,PF,155
4976,teta,8,-0.2659400830194832,ref,,PF,155
4977,v,8,1.060033263077049,ref,,PF,155
4978,teta,9,-0.2687252480238527,ref,,PF,155
4979,v,9,1.056278622962216,ref,,PF,155
4980,teta,10,-0.2636393649847505,ref,,PF,155
4981,v,10,1.06486409637733,ref,,PF,155
4982,teta,11,-0.26487159788388837,ref,,PF,155
4983,v,11,1.0670577999060824,ref,,PF,155
4984,teta,12,-0.26886866092922695,ref,,PF,155
4985,v,12,1.060396583668774,ref,,PF,155
4986,teta,13,-0.2844329903317317,ref,,PF,155
4987,v,13,1.0423212833350552,ref,,PF,155
4988,teta,14,-0.02219751152428133,ref,,PF,155
4989,v,14,1.0354070521786936,ref,,PF,155
4990,teta,15,-0.24954852855581444,ref,,PF,155
4991,v,15,1.0824240900139024,ref,,PF,155
4992,teta,0,0.0,ref,,PF,156
4993,v,0,1.06,ref,,PF,156
4994,teta,1,-0.09730684565572278,ref,,PF,156
4995,v,1,1.045,ref,,PF,156
4996,teta,2,-0.2006066923062002,ref,,PF,156
4997,v,2,1.0201,ref,,PF,156
4998,teta,3,-0.1892780959133505,ref,,PF,156
4999,v,3,1.0186517604194845,ref,,PF,156
5000,teta,4,-0.16138848948731904,ref,,PF,156
5001,v,4,1.0213607912644853,ref,,PF,156
5002,teta,5,-0.2562672359258412,ref,,PF,156
5003,v,5,1.0807,ref,,PF,156
5004,teta,6,-0.24116018472757605,ref,,PF,156
5005,v,6,1.0636415230253078,ref,,PF,156
5006,teta,7,-0.24116018472757608,ref,,PF,156
5007,v,7,1.09,ref,,PF,156
5008,teta,8,-0.26797214892836557,ref,,PF,156
5009,v,8,1.059911207390043,ref,,PF,156
5010,teta,9,-0.27076576591508206,ref,,PF,156
5011,v,9,1.0561776977887702,ref,,PF,156
5012,teta,10,-0.2656992856047874,ref,,PF,156
5013,v,10,1.0648127611375438,ref,,PF,156
5014,teta,11,-0.26778207928937275,ref,,PF,156
5015,v,11,1.06649060517949,ref,,PF,156
5016,teta,12,-0.2712169002720025,ref,,PF,156
5017,v,12,1.0602867839644352,ref,,PF,156
5018,teta,13,-0.28660646410150736,ref,,PF,156
5019,v,13,1.0422036605820724,ref,,PF,156
5020,teta,14,-0.024389129341952205,ref,,PF,156
5021,v,14,1.035817476397127,ref,,PF,156
5022,teta,15,-0.25244293234181664,ref,,PF,156
5023,v,15,1.0818647089587388,ref,,PF,156
5024,teta,0,0.0,ref,,PF,157
5025,v,0,1.06,ref,,PF,157
5026,teta,1,-0.09827056435545385,ref,,PF,157
5027,v,1,1.045,ref,,PF,157
5028,teta,2,-0.2033191818164651,ref,,PF,157
5029,v,2,1.0201,ref,,PF,157
5030,teta,3,-0.19185533714316835,ref,,PF,157
5031,v,3,1.0182873251419882,ref,,PF,157
5032,teta,4,-0.16338572020211856,ref,,PF,157
5033,v,4,1.0210922722616806,ref,,PF,157
5034,teta,5,-0.25796746332976267,ref,,PF,157
5035,v,5,1.0807,ref,,PF,157
5036,teta,6,-0.2434693612949094,ref,,PF,157
5037,v,6,1.0634609098857257,ref,,PF,157
5038,teta,7,-0.2434693612949094,ref,,PF,157
5039,v,7,1.09,ref,,PF,157
5040,teta,8,-0.27013848232412546,ref,,PF,157
5041,v,8,1.0597068321312435,ref,,PF,157
5042,teta,9,-0.2728495311705458,ref,,PF,157
5043,v,9,1.0560023086094716,ref,,PF,157
5044,teta,10,-0.2675923085373455,ref,,PF,157
5045,v,10,1.064716657958354,ref,,PF,157
5046,teta,11,-0.2686359733135198,ref,,PF,157
5047,v,11,1.0676446284788619,ref,,PF,157
5048,teta,12,-0.2726496552115946,ref,,PF,157
5049,v,12,1.0605122597841632,ref,,PF,157
5050,teta,13,-0.28845268781742034,ref,,PF,157
5051,v,13,1.0421832854674231,ref,,PF,157
5052,teta,14,-0.02731344131765907,ref,,PF,157
5053,v,14,1.0363490153090638,ref,,PF,157
5054,teta,15,-0.2533295116642522,ref,,PF,157
5055,v,15,1.0830028426024678,ref,,PF,157
5056,teta,0,0.0,ref,,PF,158
5057,v,0,1.06,ref,,PF,158
5058,teta,1,-0.09919551274160267,ref,,PF,158
5059,v,1,1.045,ref,,PF,158
5060,teta,2,-0.2060164332153166,ref,,PF,158
5061,v,2,1.0201,ref,,PF,158
5062,teta,3,-0.1943993071163209,ref,,PF,158
5063,v,3,1.017879156817659,ref,,PF,158
5064,teta,4,-0.16521586390861207,ref,,PF,158
5065,v,4,1.0208191112500047,ref,,PF,158
5066,teta,5,-0.25997910647176575,ref,,PF,158
5067,v,5,1.0807,ref,,PF,158
5068,teta,6,-0.2458730982960172,ref,,PF,158
5069,v,6,1.063261247693013,ref,,PF,158
5070,teta,7,-0.2458730982960172,ref,,PF,158
5071,v,7,1.09,ref,,PF,158
5072,teta,8,-0.2724645743496608,ref,,PF,158
5073,v,8,1.0594904776782579,ref,,PF,158
5074,teta,9,-0.2751196644104892,ref,,PF,158
5075,v,9,1.0558187018913028,ref,,PF,158
5076,teta,10,-0.26973313482514044,ref,,PF,158
5077,v,10,1.0646181932066248,ref,,PF,158
5078,teta,11,-0.2705951640402527,ref,,PF,158
5079,v,11,1.0678926336650165,ref,,PF,158
5080,teta,12,-0.2746641607993845,ref,,PF,158
5081,v,12,1.0605446518641464,ref,,PF,158
5082,teta,13,-0.2906458747556771,ref,,PF,158
5083,v,13,1.0420720468040177,ref,,PF,158
5084,teta,14,-0.0302138304974729,ref,,PF,158
5085,v,14,1.0368589759444642,ref,,PF,158
5086,teta,15,-0.2552957130381489,ref,,PF,158
5087,v,15,1.0832474372134555,ref,,PF,158
5088,teta,0,0.0,ref,,PF,159
5089,v,0,1.06,ref,,PF,159
5090,teta,1,-0.09860216910677697,ref,,PF,159
5091,v,1,1.045,ref,,PF,159
5092,teta,2,-0.2043648882875621,ref,,PF,159
5093,v,2,1.0201,ref,,PF,159
5094,teta,3,-0.19283191542802466,ref,,PF,159
5095,v,3,1.0181041220118092,ref,,PF,159
5096,teta,4,-0.16397367462985052,ref,,PF,159
5097,v,4,1.021009545774864,ref,,PF,159
5098,teta,5,-0.25860896265940625,ref,,PF,159
5099,v,5,1.0807,ref,,PF,159
5100,teta,6,-0.2443569028226013,ref,,PF,159
5101,v,6,1.0633808800212647,ref,,PF,159
5102,teta,7,-0.24435690282260128,ref,,PF,159
5103,v,7,1.09,ref,,PF,159
5104,teta,8,-0.27097720743555415,ref,,PF,159
5105,v,8,1.0596292147962407,ref,,PF,159
5106,teta,9,-0.2736533387819693,ref,,PF,159
5107,v,9,1.0559354543656747,ref,,PF,159
5108,teta,10,-0.268315469550395,ref,,PF,159
5109,v,10,1.0646797704259188,ref,,PF,159
5110,teta,11,-0.269528462662945,ref,,PF,159
5111,v,11,1.0682554400237483,ref,,PF,159
5112,teta,12,-0.27333935555658656,ref,,PF,159
5113,v,12,1.0606930832605532,ref,,PF,159
5114,teta,13,-0.2892245130153063,ref,,PF,159
5115,v,13,1.042218182694537,ref,,PF,159
5116,teta,14,-0.028442348385566064,ref,,PF,159
5117,v,14,1.036557858125805,ref,,PF,159
5118,teta,15,-0.25423925888703003,ref,,PF,159
5119,v,15,1.0836052569126393,ref,,PF,159
