,tipo,de,val,sample,method,scenario
0,v,0,1.0598281919286572,0,WLS,0
1,teta,0,1.8303435188029213e-05,0,WLS,0
2,v,1,1.0448716041466473,0,WLS,0
3,teta,1,-0.09001701699766568,0,WLS,0
4,v,2,1.0199729882762514,0,WLS,0
5,teta,2,-0.16779081432857945,0,WLS,0
6,v,3,1.022213625576716,0,WLS,0
7,teta,3,-0.1651057997915124,0,WLS,0
8,v,4,1.023822637206215,0,WLS,0
9,teta,4,-0.14346555100765768,0,WLS,0
10,v,5,1.0805671759393056,0,WLS,0
11,teta,5,-0.23640668437022733,0,WLS,0
12,v,6,1.065347780978097,0,WLS,0
13,teta,6,-0.21832812256480683,0,WLS,0
14,v,7,1.090015655878872,0,WLS,0
15,teta,7,-0.21832812361541176,0,WLS,0
16,v,8,1.0617183034591482,0,WLS,0
17,teta,8,-0.24588143499643444,0,WLS,0
18,v,9,1.05771325091068,0,WLS,0
19,teta,9,-0.24900231070787152,0,WLS,0
20,v,10,1.0655390461993643,0,WLS,0
21,teta,10,-0.24491187673211584,0,WLS,0
22,v,11,1.0625186747874442,0,WLS,0
23,teta,11,-0.2520156946806501,0,WLS,0
24,v,12,1.0597381977310656,0,WLS,0
25,teta,12,-0.2525058640630254,0,WLS,0
26,v,13,1.0430486932661447,0,WLS,0
27,teta,13,-0.26589456016861657,0,WLS,0
28,v,14,1.0166990025705307,0,WLS,0
29,teta,14,0.024725266523002266,0,WLS,0
30,v,15,1.0757805262796858,0,WLS,0
31,teta,15,-0.23874113022195217,0,WLS,0
0,v,0,1.0601293136820558,1,WLS,0
1,teta,0,7.525706179526243e-05,1,WLS,0
2,v,1,1.045080958277122,1,WLS,0
3,teta,1,-0.09000056922351686,1,WLS,0
4,v,2,1.0201792234489602,1,WLS,0
5,teta,2,-0.1677648057274092,1,WLS,0
6,v,3,1.0224200708953526,1,WLS,0
7,teta,3,-0.1650811727089714,1,WLS,0
8,v,4,1.0240305061201682,1,WLS,0
9,teta,4,-0.1434389692860075,1,WLS,0
10,v,5,1.0807799444973907,1,WLS,0
11,teta,5,-0.23636383612187106,1,WLS,0
12,v,6,1.0655313172977587,1,WLS,0
13,teta,6,-0.21834790588090713,1,WLS,0
14,v,7,1.0901313592558395,1,WLS,0
15,teta,7,-0.21834790761665238,1,WLS,0
16,v,8,1.0619319197482442,1,WLS,0
17,teta,8,-0.24592421428662534,1,WLS,0
18,v,9,1.0578754945616635,1,WLS,0
19,teta,9,-0.24907773943051395,1,WLS,0
20,v,10,1.0657293515742592,1,WLS,0
21,teta,10,-0.2449281645535848,1,WLS,0
22,v,11,1.0627115586298892,1,WLS,0
23,teta,11,-0.2520351615756021,1,WLS,0
24,v,12,1.0599572959725208,1,WLS,0
25,teta,12,-0.2525180041617789,1,WLS,0
26,v,13,1.0432601751673318,1,WLS,0
27,teta,13,-0.26590327064036284,1,WLS,0
28,v,14,1.0169202253605993,1,WLS,0
29,teta,14,0.024702361912994478,1,WLS,0
30,v,15,1.0759832154823514,1,WLS,0
31,teta,15,-0.2387064736102389,1,WLS,0
0,v,0,1.0596943355980992,2,WLS,0
1,teta,0,0.0002883690745999244,2,WLS,0
2,v,1,1.0446766269649592,2,WLS,0
3,teta,1,-0.08998689816491665,2,WLS,0
4,v,2,1.0197773101587002,2,WLS,0
5,teta,2,-0.16777822136116888,2,WLS,0
6,v,3,1.022018507114395,2,WLS,0
7,teta,3,-0.16509221173247307,2,WLS,0
8,v,4,1.0236269546445158,2,WLS,0
9,teta,4,-0.14345399503572173,2,WLS,0
10,v,5,1.0803739894504685,2,WLS,0
11,teta,5,-0.23639886907669075,2,WLS,0
12,v,6,1.0651226388339374,2,WLS,0
13,teta,6,-0.21820123475422343,2,WLS,0
14,v,7,1.0897340468444483,2,WLS,0
15,teta,7,-0.2182012306776481,2,WLS,0
16,v,8,1.0615096955219616,2,WLS,0
17,teta,8,-0.24569608949897745,2,WLS,0
18,v,9,1.057418997430405,2,WLS,0
19,teta,9,-0.24897806053030577,2,WLS,0
20,v,10,1.0653150347835612,2,WLS,0
21,teta,10,-0.24489102216205846,2,WLS,0
22,v,11,1.0621544443516848,2,WLS,0
23,teta,11,-0.25197042955688953,2,WLS,0
24,v,12,1.0593912469287396,2,WLS,0
25,teta,12,-0.2524366510314676,2,WLS,0
26,v,13,1.0426998601837527,2,WLS,0
27,teta,13,-0.2658272641218898,2,WLS,0
28,v,14,1.0165255166767497,2,WLS,0
29,teta,14,0.024749620032839467,2,WLS,0
30,v,15,1.0753785141452585,2,WLS,0
31,teta,15,-0.23876841940690158,2,WLS,0
0,v,0,1.0598722732125072,3,WLS,0
1,teta,0,-6.670723435322999e-05,3,WLS,0
2,v,1,1.04492001116581,3,WLS,0
3,teta,1,-0.08997406816380572,3,WLS,0
4,v,2,1.020015564080529,3,WLS,0
5,teta,2,-0.1677568415907991,3,WLS,0
6,v,3,1.0222540590103213,3,WLS,0
7,teta,3,-0.1650723770868921,3,WLS,0
8,v,4,1.0238662416642872,3,WLS,0
9,teta,4,-0.1434565980944818,3,WLS,0
10,v,5,1.0806399256654522,3,WLS,0
11,teta,5,-0.23640352383606394,3,WLS,0
12,v,6,1.0653721422651923,3,WLS,0
13,teta,6,-0.21826915376754116,3,WLS,0
14,v,7,1.0900159033018255,3,WLS,0
15,teta,7,-0.21826915005901282,3,WLS,0
16,v,8,1.061747709057875,3,WLS,0
17,teta,8,-0.24580957978140056,3,WLS,0
18,v,9,1.0577555998329853,3,WLS,0
19,teta,9,-0.24905508942054055,3,WLS,0
20,v,10,1.0656526272497593,3,WLS,0
21,teta,10,-0.24493486166595863,3,WLS,0
22,v,11,1.0626295127554068,3,WLS,0
23,teta,11,-0.25199049596399026,3,WLS,0
24,v,12,1.0598476497068225,3,WLS,0
25,teta,12,-0.2524732100309915,3,WLS,0
26,v,13,1.0431518741369346,3,WLS,0
27,teta,13,-0.2658492275986519,3,WLS,0
28,v,14,1.0167786953640707,3,WLS,0
29,teta,14,0.0247289103168682,3,WLS,0
30,v,15,1.0759145204273866,3,WLS,0
31,teta,15,-0.23870094239138212,3,WLS,0
0,v,0,1.060046276058516,4,WLS,0
1,teta,0,-1.0845143562271451e-05,4,WLS,0
2,v,1,1.0450450312199822,4,WLS,0
3,teta,1,-0.08998742993448468,4,WLS,0
4,v,2,1.0201457772149611,4,WLS,0
5,teta,2,-0.1677289905065992,4,WLS,0
6,v,3,1.022386916715063,4,WLS,0
7,teta,3,-0.16504319979093976,4,WLS,0
8,v,4,1.0239933813795183,4,WLS,0
9,teta,4,-0.14343554314780527,4,WLS,0
10,v,5,1.080735838091482,4,WLS,0
11,teta,5,-0.23633713418494015,4,WLS,0
12,v,6,1.0654945367497657,4,WLS,0
13,teta,6,-0.21816763466205252,4,WLS,0
14,v,7,1.0901091672616108,4,WLS,0
15,teta,7,-0.2181676381654406,4,WLS,0
16,v,8,1.0618781683556218,4,WLS,0
17,teta,8,-0.24567082500970047,4,WLS,0
18,v,9,1.0578331637909386,4,WLS,0
19,teta,9,-0.24890257858501022,4,WLS,0
20,v,10,1.0656476260237986,4,WLS,0
21,teta,10,-0.24484360693522733,4,WLS,0
22,v,11,1.0625599116807847,4,WLS,0
23,teta,11,-0.25197969985142077,4,WLS,0
24,v,12,1.0597964475348085,4,WLS,0
25,teta,12,-0.25246523209780325,4,WLS,0
26,v,13,1.043106196252999,4,WLS,0
27,teta,13,-0.2658353585605942,4,WLS,0
28,v,14,1.0168792588843982,4,WLS,0
29,teta,14,0.02471220593260892,4,WLS,0
30,v,15,1.0758363211358342,4,WLS,0
31,teta,15,-0.23869313955538626,4,WLS,0
0,v,0,1.060089581595015,5,WLS,0
1,teta,0,-0.0001656628151574926,5,WLS,0
2,v,1,1.0451199762629453,5,WLS,0
3,teta,1,-0.09006894103498059,5,WLS,0
4,v,2,1.02022652648329,5,WLS,0
5,teta,2,-0.167802346317161,5,WLS,0
6,v,3,1.02246866409872,5,WLS,0
7,teta,3,-0.165118062603151,5,WLS,0
8,v,4,1.0240772256376074,5,WLS,0
9,teta,4,-0.1434917218214386,5,WLS,0
10,v,5,1.0808335215606337,5,WLS,0
11,teta,5,-0.23640462790490377,5,WLS,0
12,v,6,1.06556933362683,5,WLS,0
13,teta,6,-0.21822049088382384,5,WLS,0
14,v,7,1.0901391572336934,5,WLS,0
15,teta,7,-0.21822049018206888,5,WLS,0
16,v,8,1.0619754390621976,5,WLS,0
17,teta,8,-0.245711978485549,5,WLS,0
18,v,9,1.0579345865122642,5,WLS,0
19,teta,9,-0.24892517101140008,5,WLS,0
20,v,10,1.0657502756593717,5,WLS,0
21,teta,10,-0.2448139211435874,5,WLS,0
22,v,11,1.062678478772973,5,WLS,0
23,teta,11,-0.25195071393358737,5,WLS,0
24,v,12,1.0599248571566895,5,WLS,0
25,teta,12,-0.25242117331995306,5,WLS,0
26,v,13,1.043228230901145,5,WLS,0
27,teta,13,-0.2658040962996554,5,WLS,0
28,v,14,1.0169422213071428,5,WLS,0
29,teta,14,0.02462295174297859,5,WLS,0
30,v,15,1.0759134192330775,5,WLS,0
31,teta,15,-0.23875302302714252,5,WLS,0
0,v,0,1.0600370045468686,6,WLS,0
1,teta,0,8.055349978034142e-05,6,WLS,0
2,v,1,1.0449971633166986,6,WLS,0
3,teta,1,-0.09004925727640768,6,WLS,0
4,v,2,1.0201047848437226,6,WLS,0
5,teta,2,-0.16781049175441187,6,WLS,0
6,v,3,1.0223441245198368,6,WLS,0
7,teta,3,-0.16512688780733928,6,WLS,0
8,v,4,1.02395395837886,6,WLS,0
9,teta,4,-0.14348531798433906,6,WLS,0
10,v,5,1.0806897748844142,6,WLS,0
11,teta,5,-0.23639259283681954,6,WLS,0
12,v,6,1.0653818960397572,6,WLS,0
13,teta,6,-0.21824314544744827,6,WLS,0
14,v,7,1.0898673606604812,6,WLS,0
15,teta,7,-0.21824314845700413,6,WLS,0
16,v,8,1.0618095542742143,6,WLS,0
17,teta,8,-0.24574273166286206,6,WLS,0
18,v,9,1.0577833399646743,6,WLS,0
19,teta,9,-0.2490340582639642,6,WLS,0
20,v,10,1.0657098666706393,6,WLS,0
21,teta,10,-0.24484233899685293,6,WLS,0
22,v,11,1.06253783163534,6,WLS,0
23,teta,11,-0.25201747527757123,6,WLS,0
24,v,12,1.059772977386907,6,WLS,0
25,teta,12,-0.25247329902834115,6,WLS,0
26,v,13,1.0430861208143836,6,WLS,0
27,teta,13,-0.26585580181308266,6,WLS,0
28,v,14,1.0168370083874436,6,WLS,0
29,teta,14,0.024634355894470078,6,WLS,0
30,v,15,1.075793348626892,6,WLS,0
31,teta,15,-0.23881487666791762,6,WLS,0
0,v,0,1.0597664281546801,7,WLS,0
1,teta,0,4.256153166576235e-06,7,WLS,0
2,v,1,1.0447820617411192,7,WLS,0
3,teta,1,-0.09001427259554762,7,WLS,0
4,v,2,1.0198814968834362,7,WLS,0
5,teta,2,-0.16780406275482354,7,WLS,0
6,v,3,1.022122664698084,7,WLS,0
7,teta,3,-0.16511742344769392,7,WLS,0
8,v,4,1.0237339800109457,7,WLS,0
9,teta,4,-0.14347268427966284,7,WLS,0
10,v,5,1.080458052710219,7,WLS,0
11,teta,5,-0.23640072270250723,7,WLS,0
12,v,6,1.0652658994123654,7,WLS,0
13,teta,6,-0.21838757022140107,7,WLS,0
14,v,7,1.0898967119706435,7,WLS,0
15,teta,7,-0.21838756878798513,7,WLS,0
16,v,8,1.0616674225551934,7,WLS,0
17,teta,8,-0.24596449296782258,7,WLS,0
18,v,9,1.057584170878395,7,WLS,0
19,teta,9,-0.2491861015557451,7,WLS,0
20,v,10,1.0654184346248443,7,WLS,0
21,teta,10,-0.24501379331697418,7,WLS,0
22,v,11,1.06245339099099,7,WLS,0
23,teta,11,-0.25203436909633836,7,WLS,0
24,v,12,1.0596975841912182,7,WLS,0
25,teta,12,-0.25251978731117114,7,WLS,0
26,v,13,1.0430151179544473,7,WLS,0
27,teta,13,-0.26590926578039514,7,WLS,0
28,v,14,1.016637091962686,7,WLS,0
29,teta,14,0.024702517793282502,7,WLS,0
30,v,15,1.0757731652131983,7,WLS,0
31,teta,15,-0.23869959795910897,7,WLS,0
0,v,0,1.0597677955287015,8,WLS,0
1,teta,0,0.00020594153965819382,8,WLS,0
2,v,1,1.0447621599272627,8,WLS,0
3,teta,1,-0.08994714513550232,8,WLS,0
4,v,2,1.0198592328047926,8,WLS,0
5,teta,2,-0.1677373683191759,8,WLS,0
6,v,3,1.02209842853261,8,WLS,0
7,teta,3,-0.16505106788874152,8,WLS,0
8,v,4,1.0237045084880643,8,WLS,0
9,teta,4,-0.14342550675060436,8,WLS,0
10,v,5,1.0804198884247913,8,WLS,0
11,teta,5,-0.23636816577797412,8,WLS,0
12,v,6,1.0651718453554773,8,WLS,0
13,teta,6,-0.21817254940729686,8,WLS,0
14,v,7,1.0897349131656917,8,WLS,0
15,teta,7,-0.21817254594280755,8,WLS,0
16,v,8,1.0615726393269589,8,WLS,0
17,teta,8,-0.24567436911314125,8,WLS,0
18,v,9,1.0575010098511524,8,WLS,0
19,teta,9,-0.24897003609742088,8,WLS,0
20,v,10,1.0654157605376335,8,WLS,0
21,teta,10,-0.24487584348516,8,WLS,0
22,v,11,1.0623142933662224,8,WLS,0
23,teta,11,-0.25190791881954616,8,WLS,0
24,v,12,1.0595667658593857,8,WLS,0
25,teta,12,-0.252375626678191,8,WLS,0
26,v,13,1.0428659151877582,8,WLS,0
27,teta,13,-0.2657579219930475,8,WLS,0
28,v,14,1.0166198480174118,8,WLS,0
29,teta,14,0.0247742603473236,8,WLS,0
30,v,15,1.0755314940110334,8,WLS,0
31,teta,15,-0.23871394102372848,8,WLS,0
0,v,0,1.0600956890314717,9,WLS,0
1,teta,0,0.0002493810416469793,9,WLS,0
2,v,1,1.0450574784948814,9,WLS,0
3,teta,1,-0.09000300481645356,9,WLS,0
4,v,2,1.0201591028556494,9,WLS,0
5,teta,2,-0.16774616119698554,9,WLS,0
6,v,3,1.0223989974487946,9,WLS,0
7,teta,3,-0.16506082317549448,9,WLS,0
8,v,4,1.0240065012376773,9,WLS,0
9,teta,4,-0.14343471715822972,9,WLS,0
10,v,5,1.0807648115496502,9,WLS,0
11,teta,5,-0.23635315354361272,9,WLS,0
12,v,6,1.0654928518212443,9,WLS,0
13,teta,6,-0.21820525346699896,9,WLS,0
14,v,7,1.0901047634634626,9,WLS,0
15,teta,7,-0.21820525006059568,9,WLS,0
16,v,8,1.0618717042732715,9,WLS,0
17,teta,8,-0.2457192857123721,9,WLS,0
18,v,9,1.057822706423749,9,WLS,0
19,teta,9,-0.2489694053787975,9,WLS,0
20,v,10,1.0656317157746018,9,WLS,0
21,teta,10,-0.24489505822605806,9,WLS,0
22,v,11,1.0625475091218062,9,WLS,0
23,teta,11,-0.2520641032448009,9,WLS,0
24,v,12,1.0597956134742157,9,WLS,0
25,teta,12,-0.25251585649003916,9,WLS,0
26,v,13,1.0431142979474008,9,WLS,0
27,teta,13,-0.2658925982481162,9,WLS,0
28,v,14,1.0168909171315503,9,WLS,0
29,teta,14,0.024694691742805617,9,WLS,0
30,v,15,1.0757993497883884,9,WLS,0
31,teta,15,-0.2387825081200348,9,WLS,0
0,v,0,1.0599654651419417,10,WLS,0
1,teta,0,4.20119949527187e-05,10,WLS,0
2,v,1,1.0449876779881537,10,WLS,0
3,teta,1,-0.09001394088445544,10,WLS,0
4,v,2,1.020090144384407,10,WLS,0
5,teta,2,-0.1677648116068291,10,WLS,0
6,v,3,1.02233072992604,10,WLS,0
7,teta,3,-0.16508245250759024,10,WLS,0
8,v,4,1.0239393518596867,10,WLS,0
9,teta,4,-0.14346496157188404,10,WLS,0
10,v,5,1.0806957960892751,10,WLS,0
11,teta,5,-0.23637964065863712,10,WLS,0
12,v,6,1.0653899032129674,10,WLS,0
13,teta,6,-0.21825113802388507,10,WLS,0
14,v,7,1.089938516607492,10,WLS,0
15,teta,7,-0.2182511401151578,10,WLS,0
16,v,8,1.0617918503728798,10,WLS,0
17,teta,8,-0.24577794764062938,10,WLS,0
18,v,9,1.057802216245864,10,WLS,0
19,teta,9,-0.24899985912351924,10,WLS,0
20,v,10,1.0656779862717192,10,WLS,0
21,teta,10,-0.24493047064945164,10,WLS,0
22,v,11,1.0625016456087606,10,WLS,0
23,teta,11,-0.2520585462343354,10,WLS,0
24,v,12,1.059728357909747,10,WLS,0
25,teta,12,-0.25253768413721495,10,WLS,0
26,v,13,1.043040226737575,10,WLS,0
27,teta,13,-0.26592526197437716,10,WLS,0
28,v,14,1.0168222092958394,10,WLS,0
29,teta,14,0.024690528845987016,10,WLS,0
30,v,15,1.075777842802097,10,WLS,0
31,teta,15,-0.23876391397323074,10,WLS,0
0,v,0,1.0602192419172793,11,WLS,0
1,teta,0,-0.00011346255715888693,11,WLS,0
2,v,1,1.045232830554845,11,WLS,0
3,teta,1,-0.09003541134342666,11,WLS,0
4,v,2,1.0203331389285024,11,WLS,0
5,teta,2,-0.1677930124491072,11,WLS,0
6,v,3,1.0225720784993153,11,WLS,0
7,teta,3,-0.16510962704898752,11,WLS,0
8,v,4,1.0241805223358735,11,WLS,0
9,teta,4,-0.14349627636649537,11,WLS,0
10,v,5,1.0809475390900976,11,WLS,0
11,teta,5,-0.23639736578244455,11,WLS,0
12,v,6,1.0656783583784861,11,WLS,0
13,teta,6,-0.21819911952755472,11,WLS,0
14,v,7,1.0902505429365623,11,WLS,0
15,teta,7,-0.2181991198747791,11,WLS,0
16,v,8,1.0620842624359206,11,WLS,0
17,teta,8,-0.24568387753240387,11,WLS,0
18,v,9,1.0580596340205137,11,WLS,0
19,teta,9,-0.24887699926817247,11,WLS,0
20,v,10,1.065889668035158,11,WLS,0
21,teta,10,-0.24475047625622864,11,WLS,0
22,v,11,1.0627796391940274,11,WLS,0
23,teta,11,-0.2519883384428572,11,WLS,0
24,v,12,1.060012883727632,11,WLS,0
25,teta,12,-0.2524605266711473,11,WLS,0
26,v,13,1.043314468635093,11,WLS,0
27,teta,13,-0.26584856463534795,11,WLS,0
28,v,14,1.0170670474208385,11,WLS,0
29,teta,14,0.024650364022362196,11,WLS,0
30,v,15,1.0760613338495033,11,WLS,0
31,teta,15,-0.23876814472662183,11,WLS,0
0,v,0,1.0600632142272606,12,WLS,0
1,teta,0,0.00018194441751071905,12,WLS,0
2,v,1,1.0449929425591231,12,WLS,0
3,teta,1,-0.09004353328365769,12,WLS,0
4,v,2,1.0200930332483134,12,WLS,0
5,teta,2,-0.16783064713744147,12,WLS,0
6,v,3,1.0223324479391123,12,WLS,0
7,teta,3,-0.1651456669473525,12,WLS,0
8,v,4,1.0239534367375684,12,WLS,0
9,teta,4,-0.14347467973625316,12,WLS,0
10,v,5,1.0807040646356696,12,WLS,0
11,teta,5,-0.2363864010321264,12,WLS,0
12,v,6,1.0654661501352505,12,WLS,0
13,teta,6,-0.21827289777587297,12,WLS,0
14,v,7,1.0900780556972336,12,WLS,0
15,teta,7,-0.2182728976484908,12,WLS,0
16,v,8,1.0618658933910836,12,WLS,0
17,teta,8,-0.24577638926004894,12,WLS,0
18,v,9,1.057823876721002,12,WLS,0
19,teta,9,-0.24894717528011115,12,WLS,0
20,v,10,1.0657370325064182,12,WLS,0
21,teta,10,-0.24482853250975942,12,WLS,0
22,v,11,1.0626105410501516,12,WLS,0
23,teta,11,-0.25199021386802356,12,WLS,0
24,v,12,1.059851102853143,12,WLS,0
25,teta,12,-0.25247883349215455,12,WLS,0
26,v,13,1.043159562770719,12,WLS,0
27,teta,13,-0.26585611877079507,12,WLS,0
28,v,14,1.0168361636810215,12,WLS,0
29,teta,14,0.024666538933927926,12,WLS,0
30,v,15,1.075907845221046,12,WLS,0
31,teta,15,-0.23860248272412637,12,WLS,0
0,v,0,1.0600600620252094,13,WLS,0
1,teta,0,1.2878416269704099e-05,13,WLS,0
2,v,1,1.0450551779095216,13,WLS,0
3,teta,1,-0.08997899447227657,13,WLS,0
4,v,2,1.0201515495605211,13,WLS,0
5,teta,2,-0.16775612563469053,13,WLS,0
6,v,3,1.0223923533899413,13,WLS,0
7,teta,3,-0.16507154485866415,13,WLS,0
8,v,4,1.024000690977664,13,WLS,0
9,teta,4,-0.14343899000439475,13,WLS,0
10,v,5,1.0807576875553901,13,WLS,0
11,teta,5,-0.23635949172178522,13,WLS,0
12,v,6,1.0655065400468813,13,WLS,0
13,teta,6,-0.21821805251279072,13,WLS,0
14,v,7,1.0901275642467352,13,WLS,0
15,teta,7,-0.21821805061202598,13,WLS,0
16,v,8,1.061890550788993,13,WLS,0
17,teta,8,-0.24573249123445182,13,WLS,0
18,v,9,1.0578841434178612,13,WLS,0
19,teta,9,-0.24887896852310773,13,WLS,0
20,v,10,1.0657889239277445,13,WLS,0
21,teta,10,-0.24479717443495605,13,WLS,0
22,v,11,1.062594666535556,13,WLS,0
23,teta,11,-0.2520462326669134,13,WLS,0
24,v,12,1.0598116053181057,13,WLS,0
25,teta,12,-0.2525292448002749,13,WLS,0
26,v,13,1.0431227723800924,13,WLS,0
27,teta,13,-0.26591672489842144,13,WLS,0
28,v,14,1.016892578749783,13,WLS,0
29,teta,14,0.024740645385859867,13,WLS,0
30,v,15,1.0758031265672057,13,WLS,0
31,teta,15,-0.23885313191611998,13,WLS,0
0,v,0,1.0598744800633852,14,WLS,0
1,teta,0,-0.00016515183524154264,14,WLS,0
2,v,1,1.0449316157801225,14,WLS,0
3,teta,1,-0.09000650091664857,14,WLS,0
4,v,2,1.0200330314165649,14,WLS,0
5,teta,2,-0.16776241428132344,14,WLS,0
6,v,3,1.0222731122006632,14,WLS,0
7,teta,3,-0.1650798646866956,14,WLS,0
8,v,4,1.0238803780678092,14,WLS,0
9,teta,4,-0.14347115756467393,14,WLS,0
10,v,5,1.0806299460612045,14,WLS,0
11,teta,5,-0.2364333478695248,14,WLS,0
12,v,6,1.0653463844719155,14,WLS,0
13,teta,6,-0.21814581435289226,14,WLS,0
14,v,7,1.0899176133057953,14,WLS,0
15,teta,7,-0.21814581734044483,14,WLS,0
16,v,8,1.0617376868393658,14,WLS,0
17,teta,8,-0.24561932400498565,14,WLS,0
18,v,9,1.0577192333188028,14,WLS,0
19,teta,9,-0.24894232486732493,14,WLS,0
20,v,10,1.0656626078764284,14,WLS,0
21,teta,10,-0.24485614598523509,14,WLS,0
22,v,11,1.0624257052412895,14,WLS,0
23,teta,11,-0.25193826261370666,14,WLS,0
24,v,12,1.0596809713856508,14,WLS,0
25,teta,12,-0.2524073637241903,14,WLS,0
26,v,13,1.0429990556127324,14,WLS,0
27,teta,13,-0.26579927309910983,14,WLS,0
28,v,14,1.016765634140163,14,WLS,0
29,teta,14,0.024710283271729496,14,WLS,0
30,v,15,1.075657892272457,14,WLS,0
31,teta,15,-0.2387300688704965,14,WLS,0
0,v,0,1.0599903117964462,15,WLS,0
1,teta,0,-0.00010040539574358658,15,WLS,0
2,v,1,1.0450328054238696,15,WLS,0
3,teta,1,-0.08997659135114429,15,WLS,0
4,v,2,1.0201317971993766,15,WLS,0
5,teta,2,-0.16773325765398484,15,WLS,0
6,v,3,1.0223724803581113,15,WLS,0
7,teta,3,-0.16504851119483008,15,WLS,0
8,v,4,1.0239734864457308,15,WLS,0
9,teta,4,-0.14345441760801816,15,WLS,0
10,v,5,1.080718672956379,15,WLS,0
11,teta,5,-0.23638268927483455,15,WLS,0
12,v,6,1.0654530623048815,15,WLS,0
13,teta,6,-0.21817632931200337,15,WLS,0
14,v,7,1.0900393490754199,15,WLS,0
15,teta,7,-0.2181763306966709,15,WLS,0
16,v,8,1.0618404843199885,15,WLS,0
17,teta,8,-0.24568185925171013,15,WLS,0
18,v,9,1.0578072211667098,15,WLS,0
19,teta,9,-0.2488751601141864,15,WLS,0
20,v,10,1.0656715061955204,15,WLS,0
21,teta,10,-0.24476293293017984,15,WLS,0
22,v,11,1.0625104608049427,15,WLS,0
23,teta,11,-0.25218291309006985,15,WLS,0
24,v,12,1.0597307998000463,15,WLS,0
25,teta,12,-0.25266498997547726,15,WLS,0
26,v,13,1.0430487375084692,15,WLS,0
27,teta,13,-0.26605223694409835,15,WLS,0
28,v,14,1.0168698822904307,15,WLS,0
29,teta,14,0.024730548483721658,15,WLS,0
30,v,15,1.0758286124762042,15,WLS,0
31,teta,15,-0.2387951795020805,15,WLS,0
0,v,0,1.0599656896898082,16,WLS,0
1,teta,0,8.206930600286129e-05,16,WLS,0
2,v,1,1.0449066152370068,16,WLS,0
3,teta,1,-0.08997816844136819,16,WLS,0
4,v,2,1.02000160935013,16,WLS,0
5,teta,2,-0.1677729771799281,16,WLS,0
6,v,3,1.0222417505667343,16,WLS,0
7,teta,3,-0.16508775634124778,16,WLS,0
8,v,4,1.023852615132827,16,WLS,0
9,teta,4,-0.14346022950806675,16,WLS,0
10,v,5,1.0805778583245158,16,WLS,0
11,teta,5,-0.2364068596742916,16,WLS,0
12,v,6,1.0653047928203188,16,WLS,0
13,teta,6,-0.21813707052817946,16,WLS,0
14,v,7,1.0897897987410625,16,WLS,0
15,teta,7,-0.21813707390789125,16,WLS,0
16,v,8,1.0617441461735637,16,WLS,0
17,teta,8,-0.24560096334642825,16,WLS,0
18,v,9,1.0576885903378364,16,WLS,0
19,teta,9,-0.24887112531689354,16,WLS,0
20,v,10,1.0656115525152141,16,WLS,0
21,teta,10,-0.24479368650123698,16,WLS,0
22,v,11,1.062399976951486,16,WLS,0
23,teta,11,-0.25204417565664394,16,WLS,0
24,v,12,1.0596470710321633,16,WLS,0
25,teta,12,-0.2524986233115232,16,WLS,0
26,v,13,1.0429574570628382,16,WLS,0
27,teta,13,-0.26589049775521917,16,WLS,0
28,v,14,1.0167483565464188,16,WLS,0
29,teta,14,0.02476196925488734,16,WLS,0
30,v,15,1.0756316755287174,16,WLS,0
31,teta,15,-0.23881056027132058,16,WLS,0
0,v,0,1.0599039753689015,17,WLS,0
1,teta,0,0.00015108061816605705,17,WLS,0
2,v,1,1.0449155474650118,17,WLS,0
3,teta,1,-0.08994620938306729,17,WLS,0
4,v,2,1.0200068888386113,17,WLS,0
5,teta,2,-0.16774119916323216,17,WLS,0
6,v,3,1.022248524283801,17,WLS,0
7,teta,3,-0.1650559696991374,17,WLS,0
8,v,4,1.0238609337875249,17,WLS,0
9,teta,4,-0.1434040915156404,17,WLS,0
10,v,5,1.0806048023869539,17,WLS,0
11,teta,5,-0.23635275532530184,17,WLS,0
12,v,6,1.0653189245956989,17,WLS,0
13,teta,6,-0.21820491197583303,17,WLS,0
14,v,7,1.0898596630202668,17,WLS,0
15,teta,7,-0.21820490976303297,17,WLS,0
16,v,8,1.0617316892167195,17,WLS,0
17,teta,8,-0.2457208560931148,17,WLS,0
18,v,9,1.057750569703811,17,WLS,0
19,teta,9,-0.24888754433848775,17,WLS,0
20,v,10,1.0656448655469115,17,WLS,0
21,teta,10,-0.24479868377674532,17,WLS,0
22,v,11,1.062345804075951,17,WLS,0
23,teta,11,-0.2520452351006939,17,WLS,0
24,v,12,1.0595836867473811,17,WLS,0
25,teta,12,-0.25251954424283135,17,WLS,0
26,v,13,1.0428926487085053,17,WLS,0
27,teta,13,-0.2659078409003393,17,WLS,0
28,v,14,1.0167486699838721,17,WLS,0
29,teta,14,0.024818286610315942,17,WLS,0
30,v,15,1.075556706915662,17,WLS,0
31,teta,15,-0.23884701681458206,17,WLS,0
0,v,0,1.05957373587517,18,WLS,0
1,teta,0,1.797403776665514e-05,18,WLS,0
2,v,1,1.0445779171634733,18,WLS,0
3,teta,1,-0.09002038660816068,18,WLS,0
4,v,2,1.0196847429159408,18,WLS,0
5,teta,2,-0.1677999503688474,18,WLS,0
6,v,3,1.0219246674233502,18,WLS,0
7,teta,3,-0.1651125973104159,18,WLS,0
8,v,4,1.0235334159120972,18,WLS,0
9,teta,4,-0.14348448138836226,18,WLS,0
10,v,5,1.0802570293497578,18,WLS,0
11,teta,5,-0.23642617513123915,18,WLS,0
12,v,6,1.065008680447153,18,WLS,0
13,teta,6,-0.2182650974522433,18,WLS,0
14,v,7,1.0896030925611355,18,WLS,0
15,teta,7,-0.21826509412817405,18,WLS,0
16,v,8,1.0613987011611912,18,WLS,0
17,teta,8,-0.24578279538367503,18,WLS,0
18,v,9,1.057353203937482,18,WLS,0
19,teta,9,-0.24894198247884858,18,WLS,0
20,v,10,1.0652148703886801,18,WLS,0
21,teta,10,-0.24482533024543465,18,WLS,0
22,v,11,1.0622113908855098,18,WLS,0
23,teta,11,-0.25202724769896173,18,WLS,0
24,v,12,1.0594182333299296,18,WLS,0
25,teta,12,-0.2525155330857249,18,WLS,0
26,v,13,1.0427285681353113,18,WLS,0
27,teta,13,-0.26589968124884494,18,WLS,0
28,v,14,1.0164284731143736,18,WLS,0
29,teta,14,0.024702339978388242,18,WLS,0
30,v,15,1.0754631121261626,18,WLS,0
31,teta,15,-0.23882731457967957,18,WLS,0
0,v,0,1.0601569380566678,19,WLS,0
1,teta,0,-6.284091306737541e-05,19,WLS,0
2,v,1,1.0451484253929442,19,WLS,0
3,teta,1,-0.09003291824686262,19,WLS,0
4,v,2,1.0202554628912055,19,WLS,0
5,teta,2,-0.16776518946498858,19,WLS,0
6,v,3,1.0224945171161686,19,WLS,0
7,teta,3,-0.16508029441360572,19,WLS,0
8,v,4,1.0241000051985794,19,WLS,0
9,teta,4,-0.14347777191782715,19,WLS,0
10,v,5,1.080848841738678,19,WLS,0
11,teta,5,-0.2364153955396229,19,WLS,0
12,v,6,1.0656432646995206,19,WLS,0
13,teta,6,-0.21829609135575884,19,WLS,0
14,v,7,1.0903011727418623,19,WLS,0
15,teta,7,-0.21829608757593538,19,WLS,0
16,v,8,1.0620243937576677,19,WLS,0
17,teta,8,-0.2458456586096925,19,WLS,0
18,v,9,1.0579547410761834,19,WLS,0
19,teta,9,-0.24902536102116754,19,WLS,0
20,v,10,1.0658063979024888,19,WLS,0
21,teta,10,-0.24489158693795085,19,WLS,0
22,v,11,1.0627316032338183,19,WLS,0
23,teta,11,-0.25209198069423633,19,WLS,0
24,v,12,1.059965073254762,19,WLS,0
25,teta,12,-0.2525668096755755,19,WLS,0
26,v,13,1.043275817963297,19,WLS,0
27,teta,13,-0.26595102009024696,19,WLS,0
28,v,14,1.0169852312189898,19,WLS,0
29,teta,14,0.024628768079428074,19,WLS,0
30,v,15,1.076005478447674,19,WLS,0
31,teta,15,-0.23881911329172528,19,WLS,0
0,v,0,1.0601351656825153,20,WLS,0
1,teta,0,0.00012400125093574264,20,WLS,0
2,v,1,1.0451224926693876,20,WLS,0
3,teta,1,-0.0900082876760431,20,WLS,0
4,v,2,1.0202204289123686,20,WLS,0
5,teta,2,-0.16777561414482295,20,WLS,0
6,v,3,1.022461902379952,20,WLS,0
7,teta,3,-0.16509113360021027,20,WLS,0
8,v,4,1.024073595105362,20,WLS,0
9,teta,4,-0.1434457538132632,20,WLS,0
10,v,5,1.0808521760930467,20,WLS,0
11,teta,5,-0.23639579541206338,20,WLS,0
12,v,6,1.0655041864783306,20,WLS,0
13,teta,6,-0.21825988381742245,20,WLS,0
14,v,7,1.089974889784115,20,WLS,0
15,teta,7,-0.2182598858448563,20,WLS,0
16,v,8,1.0619445013591584,20,WLS,0
17,teta,8,-0.2457863013360141,20,WLS,0
18,v,9,1.0579064570485253,20,WLS,0
19,teta,9,-0.2490368854124974,20,WLS,0
20,v,10,1.0658408752974302,20,WLS,0
21,teta,10,-0.2449627708915238,20,WLS,0
22,v,11,1.0627687748901478,20,WLS,0
23,teta,11,-0.25200627554753674,20,WLS,0
24,v,12,1.060013296138391,20,WLS,0
25,teta,12,-0.2524869433022925,20,WLS,0
26,v,13,1.0433204215122716,20,WLS,0
27,teta,13,-0.26587249242398103,20,WLS,0
28,v,14,1.0169643957705288,20,WLS,0
29,teta,14,0.024687506292136802,20,WLS,0
30,v,15,1.0760048983815436,20,WLS,0
31,teta,15,-0.23880438122720987,20,WLS,0
0,v,0,1.0599661216939626,21,WLS,0
1,teta,0,-0.00011890940095598865,21,WLS,0
2,v,1,1.045008561746373,21,WLS,0
3,teta,1,-0.08997756275699707,21,WLS,0
4,v,2,1.020107178011052,21,WLS,0
5,teta,2,-0.1677296002366037,21,WLS,0
6,v,3,1.0223487785386336,21,WLS,0
7,teta,3,-0.16504507195801227,21,WLS,0
8,v,4,1.0239573128840667,21,WLS,0
9,teta,4,-0.14343511282441476,21,WLS,0
10,v,5,1.0806849825435971,21,WLS,0
11,teta,5,-0.2363719434309687,21,WLS,0
12,v,6,1.0654613918910902,21,WLS,0
13,teta,6,-0.2182566453797812,21,WLS,0
14,v,7,1.09011064053831,21,WLS,0
15,teta,7,-0.2182566406320718,21,WLS,0
16,v,8,1.0618303051222515,21,WLS,0
17,teta,8,-0.24580513673796334,21,WLS,0
18,v,9,1.057782300158636,21,WLS,0
19,teta,9,-0.24897152971293154,21,WLS,0
20,v,10,1.0656302044162052,21,WLS,0
21,teta,10,-0.24485404003545108,21,WLS,0
22,v,11,1.0625150005039161,21,WLS,0
23,teta,11,-0.252059447119243,21,WLS,0
24,v,12,1.0597346357955204,21,WLS,0
25,teta,12,-0.25252690202885725,21,WLS,0
26,v,13,1.0430418655360225,21,WLS,0
27,teta,13,-0.2659099847172281,21,WLS,0
28,v,14,1.0168469678956777,21,WLS,0
29,teta,14,0.024729293598906334,21,WLS,0
30,v,15,1.0757929828400836,21,WLS,0
31,teta,15,-0.23877129415090695,21,WLS,0
0,v,0,1.0599421521879486,22,WLS,0
1,teta,0,9.969906756191012e-05,22,WLS,0
2,v,1,1.0449589573669342,22,WLS,0
3,teta,1,-0.08998053168648261,22,WLS,0
4,v,2,1.0200538246284208,22,WLS,0
5,teta,2,-0.1677623385880405,22,WLS,0
6,v,3,1.0222948055386158,22,WLS,0
7,teta,3,-0.16507667392632333,22,WLS,0
8,v,4,1.0239107795793447,22,WLS,0
9,teta,4,-0.14341880628071968,22,WLS,0
10,v,5,1.0806652027299508,22,WLS,0
11,teta,5,-0.23638568501176635,22,WLS,0
12,v,6,1.0653683911149092,22,WLS,0
13,teta,6,-0.2182924497127516,22,WLS,0
14,v,7,1.0898972415720913,22,WLS,0
15,teta,7,-0.21829244727647576,22,WLS,0
16,v,8,1.061792720737746,22,WLS,0
17,teta,8,-0.2458426342707445,22,WLS,0
18,v,9,1.0577901058305719,22,WLS,0
19,teta,9,-0.2490601739894003,22,WLS,0
20,v,10,1.0656812645450089,22,WLS,0
21,teta,10,-0.2449411057079262,22,WLS,0
22,v,11,1.0626200603741465,22,WLS,0
23,teta,11,-0.25199888948258303,22,WLS,0
24,v,12,1.0598303208191278,22,WLS,0
25,teta,12,-0.2524945510668024,22,WLS,0
26,v,13,1.0431454137032061,22,WLS,0
27,teta,13,-0.26587917864398747,22,WLS,0
28,v,14,1.0168206536575435,22,WLS,0
29,teta,14,0.024714359531767455,22,WLS,0
30,v,15,1.0759204662820168,22,WLS,0
31,teta,15,-0.23871339817743964,22,WLS,0
0,v,0,1.06032489914557,23,WLS,0
1,teta,0,-0.00021915279956779605,23,WLS,0
2,v,1,1.0453574003045822,23,WLS,0
3,teta,1,-0.09003797043639103,23,WLS,0
4,v,2,1.0204599070661675,23,WLS,0
5,teta,2,-0.1677534247330118,23,WLS,0
6,v,3,1.0226987483069003,23,WLS,0
7,teta,3,-0.16506987525004088,23,WLS,0
8,v,4,1.0243057696099036,23,WLS,0
9,teta,4,-0.14348462099348772,23,WLS,0
10,v,5,1.0810666043785413,23,WLS,0
11,teta,5,-0.2363708370007034,23,WLS,0
12,v,6,1.065764662987716,23,WLS,0
13,teta,6,-0.21830494438578063,23,WLS,0
14,v,7,1.0902796086733328,23,WLS,0
15,teta,7,-0.21830494325778999,23,WLS,0
16,v,8,1.0621901928890234,23,WLS,0
17,teta,8,-0.24586568248066593,23,WLS,0
18,v,9,1.0581736999956908,23,WLS,0
19,teta,9,-0.24902058451939044,23,WLS,0
20,v,10,1.0660711722313443,23,WLS,0
21,teta,10,-0.24483216244151212,23,WLS,0
22,v,11,1.0629960039407407,23,WLS,0
23,teta,11,-0.2519833318861864,23,WLS,0
24,v,12,1.0602386818728105,23,WLS,0
25,teta,12,-0.25244680146649123,23,WLS,0
26,v,13,1.0435511060318807,23,WLS,0
27,teta,13,-0.26582388928644035,23,WLS,0
28,v,14,1.0171855715763547,23,WLS,0
29,teta,14,0.024620931612612564,23,WLS,0
30,v,15,1.0762993421377465,23,WLS,0
31,teta,15,-0.23868463603507156,23,WLS,0
0,v,0,1.0597338071569342,24,WLS,0
1,teta,0,3.438997004464852e-05,24,WLS,0
2,v,1,1.0447386971922665,24,WLS,0
3,teta,1,-0.09000303031938281,24,WLS,0
4,v,2,1.0198430945005998,24,WLS,0
5,teta,2,-0.1677679492355207,24,WLS,0
6,v,3,1.0220836207012942,24,WLS,0
7,teta,3,-0.16508273902712592,24,WLS,0
8,v,4,1.023689681416142,24,WLS,0
9,teta,4,-0.14346683480317515,24,WLS,0
10,v,5,1.0804092782621666,24,WLS,0
11,teta,5,-0.23640762817275232,24,WLS,0
12,v,6,1.0651397818167552,24,WLS,0
13,teta,6,-0.21813509971382658,24,WLS,0
14,v,7,1.0897177734734962,24,WLS,0
15,teta,7,-0.21813510198680583,24,WLS,0
16,v,8,1.0615192907106081,24,WLS,0
17,teta,8,-0.24560213807725706,24,WLS,0
18,v,9,1.0574793098540938,24,WLS,0
19,teta,9,-0.24888157836934335,24,WLS,0
20,v,10,1.0653553315265178,24,WLS,0
21,teta,10,-0.24477954432155125,24,WLS,0
22,v,11,1.0623369560704963,24,WLS,0
23,teta,11,-0.25190691343541105,24,WLS,0
24,v,12,1.0595684680087731,24,WLS,0
25,teta,12,-0.252380204338776,24,WLS,0
26,v,13,1.0428766017718754,24,WLS,0
27,teta,13,-0.2657691816964728,24,WLS,0
28,v,14,1.0165680216556297,24,WLS,0
29,teta,14,0.024739019899091903,24,WLS,0
30,v,15,1.0755868194727058,24,WLS,0
31,teta,15,-0.2386804365420816,24,WLS,0
0,v,0,1.0601148305101296,25,WLS,0
1,teta,0,0.00014874989980944383,25,WLS,0
2,v,1,1.0450801093872109,25,WLS,0
3,teta,1,-0.09000750302665535,25,WLS,0
4,v,2,1.0201744127644885,25,WLS,0
5,teta,2,-0.16779518587381304,25,WLS,0
6,v,3,1.0224149274803562,25,WLS,0
7,teta,3,-0.16510999586005598,25,WLS,0
8,v,4,1.0240318163366162,25,WLS,0
9,teta,4,-0.14345509952924843,25,WLS,0
10,v,5,1.0807831925939813,25,WLS,0
11,teta,5,-0.2363813407728379,25,WLS,0
12,v,6,1.0655339318257302,25,WLS,0
13,teta,6,-0.2182986055472448,25,WLS,0
14,v,7,1.0901142618992925,25,WLS,0
15,teta,7,-0.2182986072116714,25,WLS,0
16,v,8,1.061947504612633,25,WLS,0
17,teta,8,-0.2458339544765248,25,WLS,0
18,v,9,1.057891632092704,25,WLS,0
19,teta,9,-0.24906309205861143,25,WLS,0
20,v,10,1.0658072773354876,25,WLS,0
21,teta,10,-0.24496414434259817,25,WLS,0
22,v,11,1.0625934447011425,25,WLS,0
23,teta,11,-0.252203337137459,25,WLS,0
24,v,12,1.0598154047018309,25,WLS,0
25,teta,12,-0.2526756772631268,25,WLS,0
26,v,13,1.0431281915441843,25,WLS,0
27,teta,13,-0.26605839389117275,25,WLS,0
28,v,14,1.0169230524845556,25,WLS,0
29,teta,14,0.024709820658079248,25,WLS,0
30,v,15,1.0758703658446611,25,WLS,0
31,teta,15,-0.2389325473027459,25,WLS,0
0,v,0,1.0599540047221192,26,WLS,0
1,teta,0,6.727525690834972e-05,26,WLS,0
2,v,1,1.0449051989353346,26,WLS,0
3,teta,1,-0.08999645463923404,26,WLS,0
4,v,2,1.0200061979393842,26,WLS,0
5,teta,2,-0.16777411544961449,26,WLS,0
6,v,3,1.0222445994228764,26,WLS,0
7,teta,3,-0.16508883263534915,26,WLS,0
8,v,4,1.0238545668244914,26,WLS,0
9,teta,4,-0.14344911113836012,26,WLS,0
10,v,5,1.0805945326695607,26,WLS,0
11,teta,5,-0.23638637710271515,26,WLS,0
12,v,6,1.0653378997908705,26,WLS,0
13,teta,6,-0.21831363510911267,26,WLS,0
14,v,7,1.089911396350085,26,WLS,0
15,teta,7,-0.21831363391006148,26,WLS,0
16,v,8,1.0617456528011633,26,WLS,0
17,teta,8,-0.24586835700320747,26,WLS,0
18,v,9,1.0576978071354017,26,WLS,0
19,teta,9,-0.2490564343232327,26,WLS,0
20,v,10,1.065566368044667,26,WLS,0
21,teta,10,-0.24495971749281986,26,WLS,0
22,v,11,1.0624657555679216,26,WLS,0
23,teta,11,-0.25201486139610074,26,WLS,0
24,v,12,1.0596860621077648,26,WLS,0
25,teta,12,-0.25247979988756863,26,WLS,0
26,v,13,1.0429992441186833,26,WLS,0
27,teta,13,-0.2658713423912096,26,WLS,0
28,v,14,1.0167643365192405,26,WLS,0
29,teta,14,0.02468984707043998,26,WLS,0
30,v,15,1.0757428261406905,26,WLS,0
31,teta,15,-0.23879677330338428,26,WLS,0
0,v,0,1.0598591974185374,27,WLS,0
1,teta,0,7.28140381164416e-05,27,WLS,0
2,v,1,1.044861749611968,27,WLS,0
3,teta,1,-0.09002238233673354,27,WLS,0
4,v,2,1.01995843320424,27,WLS,0
5,teta,2,-0.16781976516216424,27,WLS,0
6,v,3,1.0222012477227613,27,WLS,0
7,teta,3,-0.16513375387985588,27,WLS,0
8,v,4,1.0238148173741641,27,WLS,0
9,teta,4,-0.14347475810691657,27,WLS,0
10,v,5,1.080557543845873,27,WLS,0
11,teta,5,-0.2364022587049625,27,WLS,0
12,v,6,1.0653431088267424,27,WLS,0
13,teta,6,-0.21832495744357805,27,WLS,0
14,v,7,1.0899795370066396,27,WLS,0
15,teta,7,-0.21832496136707474,27,WLS,0
16,v,8,1.0617360640034086,27,WLS,0
17,teta,8,-0.24586137440218317,27,WLS,0
18,v,9,1.0576619058417622,27,WLS,0
19,teta,9,-0.249038459390896,27,WLS,0
20,v,10,1.0655032860574587,27,WLS,0
21,teta,10,-0.2448848373930476,27,WLS,0
22,v,11,1.0624331791201005,27,WLS,0
23,teta,11,-0.25213608784556524,27,WLS,0
24,v,12,1.0596467292173346,27,WLS,0
25,teta,12,-0.2526305665372195,27,WLS,0
26,v,13,1.0429594562557958,27,WLS,0
27,teta,13,-0.26602289553295577,27,WLS,0
28,v,14,1.0167040642162983,27,WLS,0
29,teta,14,0.024718104194427503,27,WLS,0
30,v,15,1.075691158497619,27,WLS,0
31,teta,15,-0.23880414294843302,27,WLS,0
0,v,0,1.0601567991530145,28,WLS,0
1,teta,0,-8.820861119951944e-05,28,WLS,0
2,v,1,1.0451450201947456,28,WLS,0
3,teta,1,-0.08999365138499794,28,WLS,0
4,v,2,1.0202397707243749,28,WLS,0
5,teta,2,-0.16777390994307131,28,WLS,0
6,v,3,1.0224777691502116,28,WLS,0
7,teta,3,-0.16508945646087314,28,WLS,0
8,v,4,1.0240913726086103,28,WLS,0
9,teta,4,-0.14346287337129776,28,WLS,0
10,v,5,1.0808751141969684,28,WLS,0
11,teta,5,-0.23635029255580897,28,WLS,0
12,v,6,1.0655521387070408,28,WLS,0
13,teta,6,-0.2183167956995415,28,WLS,0
14,v,7,1.090080472146543,28,WLS,0
15,teta,7,-0.21831679934350814,28,WLS,0
16,v,8,1.0619757658215032,28,WLS,0
17,teta,8,-0.24587314005935568,28,WLS,0
18,v,9,1.0579006272817275,28,WLS,0
19,teta,9,-0.24902008160401765,28,WLS,0
20,v,10,1.0657806800367526,28,WLS,0
21,teta,10,-0.24486257244665913,28,WLS,0
22,v,11,1.0627262121153092,28,WLS,0
23,teta,11,-0.252094576676303,28,WLS,0
24,v,12,1.0599500290218304,28,WLS,0
25,teta,12,-0.2525853882469244,28,WLS,0
26,v,13,1.043262899989174,28,WLS,0
27,teta,13,-0.2659656353118038,28,WLS,0
28,v,14,1.016993255615361,28,WLS,0
29,teta,14,0.024702875394144414,28,WLS,0
30,v,15,1.075940976762345,28,WLS,0
31,teta,15,-0.23889398774318843,28,WLS,0
0,v,0,1.0598275199715153,29,WLS,0
1,teta,0,5.126772471644655e-05,29,WLS,0
2,v,1,1.0448268158950234,29,WLS,0
3,teta,1,-0.0900021911856463,29,WLS,0
4,v,2,1.0199282162200312,29,WLS,0
5,teta,2,-0.16778020949356431,29,WLS,0
6,v,3,1.0221684923829215,29,WLS,0
7,teta,3,-0.16509342606206512,29,WLS,0
8,v,4,1.023783912372936,29,WLS,0
9,teta,4,-0.14343192537015592,29,WLS,0
10,v,5,1.0805284379685054,29,WLS,0
11,teta,5,-0.23632613628493354,29,WLS,0
12,v,6,1.0652697844841634,29,WLS,0
13,teta,6,-0.218252197506414,29,WLS,0
14,v,7,1.0898689998470519,29,WLS,0
15,teta,7,-0.2182521934616719,29,WLS,0
16,v,8,1.0616635646446708,29,WLS,0
17,teta,8,-0.24577283908821088,29,WLS,0
18,v,9,1.057655686701691,29,WLS,0
19,teta,9,-0.2489363186819589,29,WLS,0
20,v,10,1.0655217372959018,29,WLS,0
21,teta,10,-0.2448282527971556,29,WLS,0
22,v,11,1.0623629915092896,29,WLS,0
23,teta,11,-0.25204178971123525,29,WLS,0
24,v,12,1.05958967045839,29,WLS,0
25,teta,12,-0.25254482909006615,29,WLS,0
26,v,13,1.042893941914079,29,WLS,0
27,teta,13,-0.26593337184459076,29,WLS,0
28,v,14,1.0166768925652576,29,WLS,0
29,teta,14,0.02470772658831074,29,WLS,0
30,v,15,1.0756372607002045,29,WLS,0
31,teta,15,-0.2387184430544825,29,WLS,0
0,v,0,1.0597977316190712,30,WLS,0
1,teta,0,0.00017605951251723986,30,WLS,0
2,v,1,1.044774605609449,30,WLS,0
3,teta,1,-0.08999856479231749,30,WLS,0
4,v,2,1.019874750496458,30,WLS,0
5,teta,2,-0.1678016920010902,30,WLS,0
6,v,3,1.0221142012126405,30,WLS,0
7,teta,3,-0.16511642068697507,30,WLS,0
8,v,4,1.0237190386189052,30,WLS,0
9,teta,4,-0.1434760168698864,30,WLS,0
10,v,5,1.0804625862320252,30,WLS,0
11,teta,5,-0.23644523233901185,30,WLS,0
12,v,6,1.0651701505216031,30,WLS,0
13,teta,6,-0.21816793446947738,30,WLS,0
14,v,7,1.0896914781297997,30,WLS,0
15,teta,7,-0.21816793635813322,30,WLS,0
16,v,8,1.0615845592228912,30,WLS,0
17,teta,8,-0.2456336677291212,30,WLS,0
18,v,9,1.0575355310149381,30,WLS,0
19,teta,9,-0.2488730713394626,30,WLS,0
20,v,10,1.0654446177292545,30,WLS,0
21,teta,10,-0.2448369608665793,30,WLS,0
22,v,11,1.062274655567427,30,WLS,0
23,teta,11,-0.25206685213800856,30,WLS,0
24,v,12,1.0595218217965583,30,WLS,0
25,teta,12,-0.25252093441983514,30,WLS,0
26,v,13,1.0428358123367536,30,WLS,0
27,teta,13,-0.26591891499603715,30,WLS,0
28,v,14,1.0166139135915335,30,WLS,0
29,teta,14,0.024749493385776856,30,WLS,0
30,v,15,1.0755068044836777,30,WLS,0
31,teta,15,-0.23878258115766596,30,WLS,0
0,v,0,1.059794606198072,31,WLS,0
1,teta,0,2.7244664642987032e-05,31,WLS,0
2,v,1,1.044817840294628,31,WLS,0
3,teta,1,-0.09000504875564135,31,WLS,0
4,v,2,1.0199262535265339,31,WLS,0
5,teta,2,-0.1677506946855989,31,WLS,0
6,v,3,1.0221669804605775,31,WLS,0
7,teta,3,-0.1650658448707531,31,WLS,0
8,v,4,1.0237693025905807,31,WLS,0
9,teta,4,-0.1434437800087266,31,WLS,0
10,v,5,1.0805088645514354,31,WLS,0
11,teta,5,-0.23638661136836792,31,WLS,0
12,v,6,1.0652557940224738,31,WLS,0
13,teta,6,-0.218193459961071,31,WLS,0
14,v,7,1.089838463111921,31,WLS,0
15,teta,7,-0.2181934600575999,31,WLS,0
16,v,8,1.0616519824290533,31,WLS,0
17,teta,8,-0.24569823960400253,31,WLS,0
18,v,9,1.057622406856652,31,WLS,0
19,teta,9,-0.24890982603848746,31,WLS,0
20,v,10,1.0655551537086454,31,WLS,0
21,teta,10,-0.24481488666525664,31,WLS,0
22,v,11,1.0623500620897928,31,WLS,0
23,teta,11,-0.2520209408841633,31,WLS,0
24,v,12,1.059577395147248,31,WLS,0
25,teta,12,-0.2525089693357496,31,WLS,0
26,v,13,1.0428927363864984,31,WLS,0
27,teta,13,-0.26588766348061593,31,WLS,0
28,v,14,1.0166726820556609,31,WLS,0
29,teta,14,0.024664769967058724,31,WLS,0
30,v,15,1.075612105765396,31,WLS,0
31,teta,15,-0.2387142330257909,31,WLS,0
0,v,0,1.0598785795985455,32,WLS,0
1,teta,0,0.0001720135602345203,32,WLS,0
2,v,1,1.0448676401296875,32,WLS,0
3,teta,1,-0.08998159616850097,32,WLS,0
4,v,2,1.0199636286323384,32,WLS,0
5,teta,2,-0.16775756073310544,32,WLS,0
6,v,3,1.0222050257648216,32,WLS,0
7,teta,3,-0.16507413833732776,32,WLS,0
8,v,4,1.0238182005497851,32,WLS,0
9,teta,4,-0.14343328985559145,32,WLS,0
10,v,5,1.0805672050376547,32,WLS,0
11,teta,5,-0.23639529135515172,32,WLS,0
12,v,6,1.065339797900676,32,WLS,0
13,teta,6,-0.2183086674407597,32,WLS,0
14,v,7,1.0899945452254531,32,WLS,0
15,teta,7,-0.21830867318871106,32,WLS,0
16,v,8,1.0617194730225505,32,WLS,0
17,teta,8,-0.2458680294496146,32,WLS,0
18,v,9,1.05769930528378,32,WLS,0
19,teta,9,-0.2490656551981569,32,WLS,0
20,v,10,1.065552079760532,32,WLS,0
21,teta,10,-0.24496864970922025,32,WLS,0
22,v,11,1.062581581229804,32,WLS,0
23,teta,11,-0.25204244620321375,32,WLS,0
24,v,12,1.059795251685621,32,WLS,0
25,teta,12,-0.252540634427884,32,WLS,0
26,v,13,1.0431049956559468,32,WLS,0
27,teta,13,-0.2659385223474621,32,WLS,0
28,v,14,1.0167011971699416,32,WLS,0
29,teta,14,0.02476679579612636,32,WLS,0
30,v,15,1.0758820373687448,32,WLS,0
31,teta,15,-0.23874358156941344,32,WLS,0
0,v,0,1.0601068410439785,33,WLS,0
1,teta,0,1.2333802355406738e-05,33,WLS,0
2,v,1,1.045080546574009,33,WLS,0
3,teta,1,-0.09002990515673684,33,WLS,0
4,v,2,1.020185475611899,33,WLS,0
5,teta,2,-0.167768240845602,33,WLS,0
6,v,3,1.0224259376728706,33,WLS,0
7,teta,3,-0.16508433472993647,33,WLS,0
8,v,4,1.0240320654555422,33,WLS,0
9,teta,4,-0.1434714832160091,33,WLS,0
10,v,5,1.0807818701977465,33,WLS,0
11,teta,5,-0.23632605997677542,33,WLS,0
12,v,6,1.0654986148509058,33,WLS,0
13,teta,6,-0.21816875465143343,33,WLS,0
14,v,7,1.0900339568866366,33,WLS,0
15,teta,7,-0.21816875789264883,33,WLS,0
16,v,8,1.0619111955594247,33,WLS,0
17,teta,8,-0.2456514373536501,33,WLS,0
18,v,9,1.0579129045089488,33,WLS,0
19,teta,9,-0.24885912649755343,33,WLS,0
20,v,10,1.0658070995070503,33,WLS,0
21,teta,10,-0.24471804342070214,33,WLS,0
22,v,11,1.0624979628235836,33,WLS,0
23,teta,11,-0.2520761496543861,33,WLS,0
24,v,12,1.0597159244212113,33,WLS,0
25,teta,12,-0.2525603387042062,33,WLS,0
26,v,13,1.043029335921325,33,WLS,0
27,teta,13,-0.26594089036268176,33,WLS,0
28,v,14,1.016897775531999,33,WLS,0
29,teta,14,0.024681742428313738,33,WLS,0
30,v,15,1.0757912351591812,33,WLS,0
31,teta,15,-0.23878247971091515,33,WLS,0
0,v,0,1.0599362481314052,34,WLS,0
1,teta,0,8.190074396032668e-05,34,WLS,0
2,v,1,1.0449313585300621,34,WLS,0
3,teta,1,-0.08997901724498286,34,WLS,0
4,v,2,1.0200302268523718,34,WLS,0
5,teta,2,-0.1677469424695447,34,WLS,0
6,v,3,1.0222705855030971,34,WLS,0
7,teta,3,-0.16506249679235255,34,WLS,0
8,v,4,1.0238788905577665,34,WLS,0
9,teta,4,-0.1434363710066836,34,WLS,0
10,v,5,1.0806269275648213,34,WLS,0
11,teta,5,-0.2363452233647279,34,WLS,0
12,v,6,1.065336247529828,34,WLS,0
13,teta,6,-0.21820063287021219,34,WLS,0
14,v,7,1.0898554372466862,34,WLS,0
15,teta,7,-0.21820063372279733,34,WLS,0
16,v,8,1.0617592608332107,34,WLS,0
17,teta,8,-0.24571086363140351,34,WLS,0
18,v,9,1.0577130592598338,34,WLS,0
19,teta,9,-0.24894941347725935,34,WLS,0
20,v,10,1.0655744669358838,34,WLS,0
21,teta,10,-0.24487800866703593,34,WLS,0
22,v,11,1.062576977668991,34,WLS,0
23,teta,11,-0.2519151241446284,34,WLS,0
24,v,12,1.0598102567125813,34,WLS,0
25,teta,12,-0.2523885394430057,34,WLS,0
26,v,13,1.0431115334864507,34,WLS,0
27,teta,13,-0.2657618409198013,34,WLS,0
28,v,14,1.0167716812700849,34,WLS,0
29,teta,14,0.024738974859839287,34,WLS,0
30,v,15,1.0758826954289136,34,WLS,0
31,teta,15,-0.23857983387350024,34,WLS,0
0,v,0,1.0603568993881776,35,WLS,0
1,teta,0,0.00012336653196169634,35,WLS,0
2,v,1,1.0453022313498537,35,WLS,0
3,teta,1,-0.08997112919943244,35,WLS,0
4,v,2,1.0204031536001534,35,WLS,0
5,teta,2,-0.16769323699084301,35,WLS,0
6,v,3,1.0226425991164267,35,WLS,0
7,teta,3,-0.16501096894451556,35,WLS,0
8,v,4,1.0242524026374344,35,WLS,0
9,teta,4,-0.14338899114672746,35,WLS,0
10,v,5,1.081013776440683,35,WLS,0
11,teta,5,-0.23627781611112525,35,WLS,0
12,v,6,1.0657089966169389,35,WLS,0
13,teta,6,-0.21817787071113354,35,WLS,0
14,v,7,1.0902259224343023,35,WLS,0
15,teta,7,-0.21817787255207394,35,WLS,0
16,v,8,1.0621311180890833,35,WLS,0
17,teta,8,-0.2457033594497896,35,WLS,0
18,v,9,1.0580703763135626,35,WLS,0
19,teta,9,-0.24896023303162862,35,WLS,0
20,v,10,1.0659131544592861,35,WLS,0
21,teta,10,-0.24484630280122416,35,WLS,0
22,v,11,1.0629424671487877,35,WLS,0
23,teta,11,-0.25193539714527596,35,WLS,0
24,v,12,1.060147802419658,35,WLS,0
25,teta,12,-0.2524403303501679,35,WLS,0
26,v,13,1.0434611765951782,35,WLS,0
27,teta,13,-0.2658069676164714,35,WLS,0
28,v,14,1.0171296630164601,35,WLS,0
29,teta,14,0.024702533272047102,35,WLS,0
30,v,15,1.0761707793482966,35,WLS,0
31,teta,15,-0.23872522657120604,35,WLS,0
0,v,0,1.0599136953982915,36,WLS,0
1,teta,0,1.251083704331636e-05,36,WLS,0
2,v,1,1.0448826282252572,36,WLS,0
3,teta,1,-0.09003017017125976,36,WLS,0
4,v,2,1.0199877472673886,36,WLS,0
5,teta,2,-0.16781017051650016,36,WLS,0
6,v,3,1.022226392039427,36,WLS,0
7,teta,3,-0.16512415823154541,36,WLS,0
8,v,4,1.023835488727612,36,WLS,0
9,teta,4,-0.14348675155305632,36,WLS,0
10,v,5,1.0805740286437318,36,WLS,0
11,teta,5,-0.2364021642049089,36,WLS,0
12,v,6,1.065352298284904,36,WLS,0
13,teta,6,-0.21818829866736483,36,WLS,0
14,v,7,1.0900016514774133,36,WLS,0
15,teta,7,-0.21818829925960836,36,WLS,0
16,v,8,1.0617229052138517,36,WLS,0
17,teta,8,-0.2456600005040439,36,WLS,0
18,v,9,1.0576799094696998,36,WLS,0
19,teta,9,-0.24890549739009532,36,WLS,0
20,v,10,1.0656187357826747,36,WLS,0
21,teta,10,-0.24479052798751588,36,WLS,0
22,v,11,1.0624302755701862,36,WLS,0
23,teta,11,-0.25198470099912396,36,WLS,0
24,v,12,1.0596521776744074,36,WLS,0
25,teta,12,-0.25246718007054236,36,WLS,0
26,v,13,1.0429530396851994,36,WLS,0
27,teta,13,-0.2658512616689154,36,WLS,0
28,v,14,1.0167242373490049,36,WLS,0
29,teta,14,0.024678129346527675,36,WLS,0
30,v,15,1.0757117821175572,36,WLS,0
31,teta,15,-0.23870215068517278,36,WLS,0
0,v,0,1.0599896246167235,37,WLS,0
1,teta,0,2.0578533396782062e-06,37,WLS,0
2,v,1,1.0450038167937308,37,WLS,0
3,teta,1,-0.09003152300076372,37,WLS,0
4,v,2,1.020109290418095,37,WLS,0
5,teta,2,-0.1677749115294515,37,WLS,0
6,v,3,1.0223513907140247,37,WLS,0
7,teta,3,-0.16509022914830956,37,WLS,0
8,v,4,1.0239565800405306,37,WLS,0
9,teta,4,-0.14346975120793704,37,WLS,0
10,v,5,1.0806881390187324,37,WLS,0
11,teta,5,-0.23639595710369557,37,WLS,0
12,v,6,1.0654884101792808,37,WLS,0
13,teta,6,-0.21832437001370888,37,WLS,0
14,v,7,1.090135020429614,37,WLS,0
15,teta,7,-0.21832437188689152,37,WLS,0
16,v,8,1.0618727689091265,37,WLS,0
17,teta,8,-0.24588350060935904,37,WLS,0
18,v,9,1.0578396247363695,37,WLS,0
19,teta,9,-0.24900684114112123,37,WLS,0
20,v,10,1.0656623820493738,37,WLS,0
21,teta,10,-0.2448493841061888,37,WLS,0
22,v,11,1.0625302399380838,37,WLS,0
23,teta,11,-0.2521264468365273,37,WLS,0
24,v,12,1.0597717909603828,37,WLS,0
25,teta,12,-0.2525933778377703,37,WLS,0
26,v,13,1.0430836201751583,37,WLS,0
27,teta,13,-0.26598475252077924,37,WLS,0
28,v,14,1.0168380371922108,37,WLS,0
29,teta,14,0.024660068591065187,37,WLS,0
30,v,15,1.075746648047268,37,WLS,0
31,teta,15,-0.23895913592364654,37,WLS,0
0,v,0,1.060165048735087,38,WLS,0
1,teta,0,8.682388077015636e-05,38,WLS,0
2,v,1,1.0451411121269656,38,WLS,0
3,teta,1,-0.08999732256418418,38,WLS,0
4,v,2,1.0202379743370973,38,WLS,0
5,teta,2,-0.16775713016261565,38,WLS,0
6,v,3,1.0224785186478125,38,WLS,0
7,teta,3,-0.1650745055780313,38,WLS,0
8,v,4,1.024092100618795,38,WLS,0
9,teta,4,-0.14341872059904573,38,WLS,0
10,v,5,1.0808297154838848,38,WLS,0
11,teta,5,-0.23628931818742452,38,WLS,0
12,v,6,1.0655620488801125,38,WLS,0
13,teta,6,-0.21811734658848891,38,WLS,0
14,v,7,1.0901290571898505,38,WLS,0
15,teta,7,-0.21811734927566348,38,WLS,0
16,v,8,1.0619581633500415,38,WLS,0
17,teta,8,-0.24557871605537387,38,WLS,0
18,v,9,1.0579503903301097,38,WLS,0
19,teta,9,-0.248761503002822,38,WLS,0
20,v,10,1.0658283061924598,38,WLS,0
21,teta,10,-0.24469109721718968,38,WLS,0
22,v,11,1.0627059880413727,38,WLS,0
23,teta,11,-0.2520099574759259,38,WLS,0
24,v,12,1.0599111867028037,38,WLS,0
25,teta,12,-0.2524889296811304,38,WLS,0
26,v,13,1.0432253229671058,38,WLS,0
27,teta,13,-0.26586487781866913,38,WLS,0
28,v,14,1.016995489822264,38,WLS,0
29,teta,14,0.024674894731290756,38,WLS,0
30,v,15,1.0758768687845075,38,WLS,0
31,teta,15,-0.23888504028055454,38,WLS,0
0,v,0,1.0601354136459717,39,WLS,0
1,teta,0,5.118793474339974e-05,39,WLS,0
2,v,1,1.045135074667266,39,WLS,0
3,teta,1,-0.0900056885734064,39,WLS,0
4,v,2,1.0202420054360584,39,WLS,0
5,teta,2,-0.16772050487418952,39,WLS,0
6,v,3,1.0224808903660152,39,WLS,0
7,teta,3,-0.1650370352500005,39,WLS,0
8,v,4,1.024088928581561,39,WLS,0
9,teta,4,-0.14341749788678865,39,WLS,0
10,v,5,1.080829535292075,39,WLS,0
11,teta,5,-0.23630666212793763,39,WLS,0
12,v,6,1.0655354510773831,39,WLS,0
13,teta,6,-0.21819120538097608,39,WLS,0
14,v,7,1.090027719365873,39,WLS,0
15,teta,7,-0.21819120898137664,39,WLS,0
16,v,8,1.0619679055954678,39,WLS,0
17,teta,8,-0.2457099832618483,39,WLS,0
18,v,9,1.0579729822968922,39,WLS,0
19,teta,9,-0.2489043808526867,39,WLS,0
20,v,10,1.06588078954619,39,WLS,0
21,teta,10,-0.2447866072749781,39,WLS,0
22,v,11,1.0626988156789816,39,WLS,0
23,teta,11,-0.25207306405554686,39,WLS,0
24,v,12,1.0599354987601812,39,WLS,0
25,teta,12,-0.25253921329026063,39,WLS,0
26,v,13,1.0432429147690951,39,WLS,0
27,teta,13,-0.26592510246526074,39,WLS,0
28,v,14,1.0169667063409025,39,WLS,0
29,teta,14,0.024659811635107463,39,WLS,0
30,v,15,1.0759034332796318,39,WLS,0
31,teta,15,-0.23890035281309727,39,WLS,0
0,v,0,1.0599355465097384,40,WLS,0
1,teta,0,-0.00017970276505419703,40,WLS,0
2,v,1,1.0449842779377063,40,WLS,0
3,teta,1,-0.09006016739822505,40,WLS,0
4,v,2,1.02008927403267,40,WLS,0
5,teta,2,-0.16780050467861654,40,WLS,0
6,v,3,1.0223297406746137,40,WLS,0
7,teta,3,-0.16511706054405897,40,WLS,0
8,v,4,1.0239337415285967,40,WLS,0
9,teta,4,-0.14351954955850463,40,WLS,0
10,v,5,1.0806847936111847,40,WLS,0
11,teta,5,-0.23640478435714252,40,WLS,0
12,v,6,1.0654277058359498,40,WLS,0
13,teta,6,-0.21833703390659975,40,WLS,0
14,v,7,1.0900158765608612,40,WLS,0
15,teta,7,-0.21833703406157257,40,WLS,0
16,v,8,1.061827627397973,40,WLS,0
17,teta,8,-0.24588942418687051,40,WLS,0
18,v,9,1.0577993277906756,40,WLS,0
19,teta,9,-0.24914068729051184,40,WLS,0
20,v,10,1.065708505155428,40,WLS,0
21,teta,10,-0.2449595483600473,40,WLS,0
22,v,11,1.0626360717475567,40,WLS,0
23,teta,11,-0.2519714577025342,40,WLS,0
24,v,12,1.0598706892544005,40,WLS,0
25,teta,12,-0.25245072475524294,40,WLS,0
26,v,13,1.0431800932261344,40,WLS,0
27,teta,13,-0.2658301709202941,40,WLS,0
28,v,14,1.0168150238625766,40,WLS,0
29,teta,14,0.024639804588377834,40,WLS,0
30,v,15,1.075911122668258,40,WLS,0
31,teta,15,-0.2387059254843342,40,WLS,0
0,v,0,1.0600125340578233,41,WLS,0
1,teta,0,3.731111787457967e-06,41,WLS,0
2,v,1,1.045008515119299,41,WLS,0
3,teta,1,-0.08996386765152978,41,WLS,0
4,v,2,1.0201088108315832,41,WLS,0
5,teta,2,-0.16771359141944975,41,WLS,0
6,v,3,1.0223479696425144,41,WLS,0
7,teta,3,-0.16502807260547514,41,WLS,0
8,v,4,1.0239571500964102,41,WLS,0
9,teta,4,-0.14341223240639817,41,WLS,0
10,v,5,1.0807195264129033,41,WLS,0
11,teta,5,-0.23637850704449972,41,WLS,0
12,v,6,1.0654408322159956,41,WLS,0
13,teta,6,-0.21818724582837598,41,WLS,0
14,v,7,1.0900013577247243,41,WLS,0
15,teta,7,-0.21818724398752307,41,WLS,0
16,v,8,1.061852440608793,41,WLS,0
17,teta,8,-0.24570802997961155,41,WLS,0
18,v,9,1.057858646945837,41,WLS,0
19,teta,9,-0.2488963689773514,41,WLS,0
20,v,10,1.0658072508373233,41,WLS,0
21,teta,10,-0.24479878346355416,41,WLS,0
22,v,11,1.0625507408430717,41,WLS,0
23,teta,11,-0.25210452497593144,41,WLS,0
24,v,12,1.0598061494042186,41,WLS,0
25,teta,12,-0.2525682859172645,41,WLS,0
26,v,13,1.0431274350929691,41,WLS,0
27,teta,13,-0.2659454707566924,41,WLS,0
28,v,14,1.0168405671729503,41,WLS,0
29,teta,14,0.024748235932852622,41,WLS,0
30,v,15,1.0758198285485436,41,WLS,0
31,teta,15,-0.23885433307003637,41,WLS,0
0,v,0,1.0602127409227782,42,WLS,0
1,teta,0,-3.187488053568536e-05,42,WLS,0
2,v,1,1.0452330029165704,42,WLS,0
3,teta,1,-0.09001178660539416,42,WLS,0
4,v,2,1.020330210391453,42,WLS,0
5,teta,2,-0.1677803471281782,42,WLS,0
6,v,3,1.0225700757005065,42,WLS,0
7,teta,3,-0.1650951666258738,42,WLS,0
8,v,4,1.024183594693513,42,WLS,0
9,teta,4,-0.14344892971533302,42,WLS,0
10,v,5,1.0809364348316421,42,WLS,0
11,teta,5,-0.23634238330069204,42,WLS,0
12,v,6,1.065680793334104,42,WLS,0
13,teta,6,-0.2181338753686094,42,WLS,0
14,v,7,1.090306703061161,42,WLS,0
15,teta,7,-0.2181338749441393,42,WLS,0
16,v,8,1.0620532635430753,42,WLS,0
17,teta,8,-0.24559310873438867,42,WLS,0
18,v,9,1.0579963959039718,42,WLS,0
19,teta,9,-0.2487959146948924,42,WLS,0
20,v,10,1.065940357395317,42,WLS,0
21,teta,10,-0.24471945411447796,42,WLS,0
22,v,11,1.0628193696190706,42,WLS,0
23,teta,11,-0.25187746132265787,42,WLS,0
24,v,12,1.0600498963889202,42,WLS,0
25,teta,12,-0.25236459873787576,42,WLS,0
26,v,13,1.0433579973245513,42,WLS,0
27,teta,13,-0.26574637617048924,42,WLS,0
28,v,14,1.0170627298955466,42,WLS,0
29,teta,14,0.024694926414629025,42,WLS,0
30,v,15,1.0761414814062535,42,WLS,0
31,teta,15,-0.23857522673269277,42,WLS,0
0,v,0,1.0597620046648095,43,WLS,0
1,teta,0,2.4050455281737032e-05,43,WLS,0
2,v,1,1.044779898987586,43,WLS,0
3,teta,1,-0.09003019833745987,43,WLS,0
4,v,2,1.019886549569125,43,WLS,0
5,teta,2,-0.1677852116441491,43,WLS,0
6,v,3,1.0221277109396867,43,WLS,0
7,teta,3,-0.16510085872596872,43,WLS,0
8,v,4,1.023733872500896,43,WLS,0
9,teta,4,-0.14347542620928846,43,WLS,0
10,v,5,1.080470706374276,43,WLS,0
11,teta,5,-0.2364286526626596,43,WLS,0
12,v,6,1.0652162945294217,43,WLS,0
13,teta,6,-0.2182936076750261,43,WLS,0
14,v,7,1.0898087712135491,43,WLS,0
15,teta,7,-0.21829360877039816,43,WLS,0
16,v,8,1.061609544165926,43,WLS,0
17,teta,8,-0.245832126810467,43,WLS,0
18,v,9,1.0575509973688308,43,WLS,0
19,teta,9,-0.24896798735336975,43,WLS,0
20,v,10,1.0654098980457574,43,WLS,0
21,teta,10,-0.24477066798634975,43,WLS,0
22,v,11,1.0623198720925964,43,WLS,0
23,teta,11,-0.25198776184895555,43,WLS,0
24,v,12,1.0595445427213706,43,WLS,0
25,teta,12,-0.2524747396747036,43,WLS,0
26,v,13,1.0428503256856207,43,WLS,0
27,teta,13,-0.26586086429675304,43,WLS,0
28,v,14,1.0166175447583463,43,WLS,0
29,teta,14,0.024682396753669136,43,WLS,0
30,v,15,1.0756175949203561,43,WLS,0
31,teta,15,-0.23864663085038246,43,WLS,0
0,v,0,1.0597498359859159,44,WLS,0
1,teta,0,-0.00020359076370825567,44,WLS,0
2,v,1,1.044822738454787,44,WLS,0
3,teta,1,-0.08997712649249759,44,WLS,0
4,v,2,1.019924715248266,44,WLS,0
5,teta,2,-0.16773178639001052,44,WLS,0
6,v,3,1.0221650007242762,44,WLS,0
7,teta,3,-0.165047773084927,44,WLS,0
8,v,4,1.0237712322781263,44,WLS,0
9,teta,4,-0.1434454125829366,44,WLS,0
10,v,5,1.0805192306155977,44,WLS,0
11,teta,5,-0.2363916416101663,44,WLS,0
12,v,6,1.0652440434653008,44,WLS,0
13,teta,6,-0.21820712447808938,44,WLS,0
14,v,7,1.089804067426829,44,WLS,0
15,teta,7,-0.21820712432446604,44,WLS,0
16,v,8,1.0616506615268206,44,WLS,0
17,teta,8,-0.24572830413479183,44,WLS,0
18,v,9,1.057636713685236,44,WLS,0
19,teta,9,-0.24899930763514663,44,WLS,0
20,v,10,1.0655905299920256,44,WLS,0
21,teta,10,-0.24489002920335934,44,WLS,0
22,v,11,1.0623532569719023,44,WLS,0
23,teta,11,-0.25205479709779743,44,WLS,0
24,v,12,1.0595937680229561,44,WLS,0
25,teta,12,-0.2525304058491105,44,WLS,0
26,v,13,1.0429046487164075,44,WLS,0
27,teta,13,-0.26590928574815914,44,WLS,0
28,v,14,1.0166647088280651,44,WLS,0
29,teta,14,0.024736312894279862,44,WLS,0
30,v,15,1.0756718465967536,44,WLS,0
31,teta,15,-0.238717876022192,44,WLS,0
0,v,0,1.060063341603189,45,WLS,0
1,teta,0,-4.670989795074154e-05,45,WLS,0
2,v,1,1.0451105588720793,45,WLS,0
3,teta,1,-0.0900153161320976,45,WLS,0
4,v,2,1.0202136083140634,45,WLS,0
5,teta,2,-0.16776067186723292,45,WLS,0
6,v,3,1.0224521237378688,45,WLS,0
7,teta,3,-0.16507665537498753,45,WLS,0
8,v,4,1.024059333332208,45,WLS,0
9,teta,4,-0.1434559628762478,45,WLS,0
10,v,5,1.0808122579551136,45,WLS,0
11,teta,5,-0.23635148395554034,45,WLS,0
12,v,6,1.065507531177703,45,WLS,0
13,teta,6,-0.21819845818866918,45,WLS,0
14,v,7,1.0900090860812273,45,WLS,0
15,teta,7,-0.21819845621868658,45,WLS,0
16,v,8,1.0619335058528088,45,WLS,0
17,teta,8,-0.24570061124646508,45,WLS,0
18,v,9,1.0579172373974344,45,WLS,0
19,teta,9,-0.24895599721399503,45,WLS,0
20,v,10,1.0658029362992254,45,WLS,0
21,teta,10,-0.24481766527972906,45,WLS,0
22,v,11,1.0626101354330257,45,WLS,0
23,teta,11,-0.2519544572836703,45,WLS,0
24,v,12,1.0598242144765173,45,WLS,0
25,teta,12,-0.25244039540187063,45,WLS,0
26,v,13,1.0431360713669173,45,WLS,0
27,teta,13,-0.2658249144590608,45,WLS,0
28,v,14,1.0169558030362589,45,WLS,0
29,teta,14,0.024652743086253055,45,WLS,0
30,v,15,1.0759521861176538,45,WLS,0
31,teta,15,-0.23861388207312761,45,WLS,0
0,v,0,1.0598155611107065,46,WLS,0
1,teta,0,-0.00012008092535538515,46,WLS,0
2,v,1,1.044857066898083,46,WLS,0
3,teta,1,-0.0900370357994955,46,WLS,0
4,v,2,1.0199664224976486,46,WLS,0
5,teta,2,-0.16777646380977695,46,WLS,0
6,v,3,1.0222071956487653,46,WLS,0
7,teta,3,-0.16509074680922894,46,WLS,0
8,v,4,1.0238183686883058,46,WLS,0
9,teta,4,-0.14347138467725076,46,WLS,0
10,v,5,1.0805761985372302,46,WLS,0
11,teta,5,-0.23637020075946905,46,WLS,0
12,v,6,1.0653183872893575,46,WLS,0
13,teta,6,-0.21830323553602832,46,WLS,0
14,v,7,1.0899273492504662,46,WLS,0
15,teta,7,-0.21830323566233534,46,WLS,0
16,v,8,1.0617132536346323,46,WLS,0
17,teta,8,-0.24585141870487232,46,WLS,0
18,v,9,1.057685520730864,46,WLS,0
19,teta,9,-0.24902654255254653,46,WLS,0
20,v,10,1.065595631133652,46,WLS,0
21,teta,10,-0.2448756013006444,46,WLS,0
22,v,11,1.0625313268655505,46,WLS,0
23,teta,11,-0.25207859006270456,46,WLS,0
24,v,12,1.0597723239079286,46,WLS,0
25,teta,12,-0.25253998329748145,46,WLS,0
26,v,13,1.0430754587267193,46,WLS,0
27,teta,13,-0.265924604475032,46,WLS,0
28,v,14,1.0167062459600769,46,WLS,0
29,teta,14,0.02463289649699906,46,WLS,0
30,v,15,1.075802654042506,46,WLS,0
31,teta,15,-0.2388032942524909,46,WLS,0
0,v,0,1.0601112068384926,47,WLS,0
1,teta,0,-0.00024348100416700903,47,WLS,0
2,v,1,1.045168119209419,47,WLS,0
3,teta,1,-0.09000058628334652,47,WLS,0
4,v,2,1.0202713346859023,47,WLS,0
5,teta,2,-0.16770849388096504,47,WLS,0
6,v,3,1.0225118580685668,47,WLS,0
7,teta,3,-0.16502461795665316,47,WLS,0
8,v,4,1.0241176365802684,47,WLS,0
9,teta,4,-0.14344340638380457,47,WLS,0
10,v,5,1.0808672822011913,47,WLS,0
11,teta,5,-0.2363432617498566,47,WLS,0
12,v,6,1.0656310360979822,47,WLS,0
13,teta,6,-0.2181174676504373,47,WLS,0
14,v,7,1.090212286172047,47,WLS,0
15,teta,7,-0.21811746841920984,47,WLS,0
16,v,8,1.0620388493056383,47,WLS,0
17,teta,8,-0.24560351867972469,47,WLS,0
18,v,9,1.0579820611168247,47,WLS,0
19,teta,9,-0.24882623928624403,47,WLS,0
20,v,10,1.0658972746227475,47,WLS,0
21,teta,10,-0.24471513599189132,47,WLS,0
22,v,11,1.062633129718047,47,WLS,0
23,teta,11,-0.2521713441501135,47,WLS,0
24,v,12,1.0598872673151924,47,WLS,0
25,teta,12,-0.25263325366511186,47,WLS,0
26,v,13,1.0431971270153118,47,WLS,0
27,teta,13,-0.2660285655933914,47,WLS,0
28,v,14,1.0169853357526277,47,WLS,0
29,teta,14,0.024693840388869383,47,WLS,0
30,v,15,1.0758654155803402,47,WLS,0
31,teta,15,-0.23894480887601852,47,WLS,0
0,v,0,1.06009471791054,48,WLS,0
1,teta,0,0.0001867447656144091,48,WLS,0
2,v,1,1.0450192194481172,48,WLS,0
3,teta,1,-0.08998907752654149,48,WLS,0
4,v,2,1.0201142979173456,48,WLS,0
5,teta,2,-0.1677967700870791,48,WLS,0
6,v,3,1.0223536434176144,48,WLS,0
7,teta,3,-0.16511045735736618,48,WLS,0
8,v,4,1.0239681028562917,48,WLS,0
9,teta,4,-0.14345174823281512,48,WLS,0
10,v,5,1.080712320128267,48,WLS,0
11,teta,5,-0.23639885625735513,48,WLS,0
12,v,6,1.0654361611533913,48,WLS,0
13,teta,6,-0.21825306324398352,48,WLS,0
14,v,7,1.0900005798863437,48,WLS,0
15,teta,7,-0.2182530642400929,48,WLS,0
16,v,8,1.0618391083194696,48,WLS,0
17,teta,8,-0.24576577274524922,48,WLS,0
18,v,9,1.0577527206120916,48,WLS,0
19,teta,9,-0.24897751287069458,48,WLS,0
20,v,10,1.0656452268887529,48,WLS,0
21,teta,10,-0.2448969487596966,48,WLS,0
22,v,11,1.0625303901531746,48,WLS,0
23,teta,11,-0.2521193864873994,48,WLS,0
24,v,12,1.0597654325604158,48,WLS,0
25,teta,12,-0.2526019458060402,48,WLS,0
26,v,13,1.043080707121034,48,WLS,0
27,teta,13,-0.2659749363648131,48,WLS,0
28,v,14,1.0168590586660793,48,WLS,0
29,teta,14,0.024746320263609584,48,WLS,0
30,v,15,1.075767335827475,48,WLS,0
31,teta,15,-0.2388901530635732,48,WLS,0
0,v,0,1.0598564230573808,49,WLS,0
1,teta,0,9.419745532519227e-05,49,WLS,0
2,v,1,1.0448485365543563,49,WLS,0
3,teta,1,-0.08998551718778913,49,WLS,0
4,v,2,1.0199456980165447,49,WLS,0
5,teta,2,-0.16777877031389368,49,WLS,0
6,v,3,1.022186209543142,49,WLS,0
7,teta,3,-0.16509422764376372,49,WLS,0
8,v,4,1.0237990636903396,49,WLS,0
9,teta,4,-0.14344062441155173,49,WLS,0
10,v,5,1.0805378989056664,49,WLS,0
11,teta,5,-0.23638207216565785,49,WLS,0
12,v,6,1.0652701574387744,49,WLS,0
13,teta,6,-0.21824694909305023,49,WLS,0
14,v,7,1.089840950503479,49,WLS,0
15,teta,7,-0.21824694668518235,49,WLS,0
16,v,8,1.0616721102028674,49,WLS,0
17,teta,8,-0.2457647151904037,49,WLS,0
18,v,9,1.0576314544224061,49,WLS,0
19,teta,9,-0.24902864678693448,49,WLS,0
20,v,10,1.0654865624567869,49,WLS,0
21,teta,10,-0.24493993995259938,49,WLS,0
22,v,11,1.062441186030139,49,WLS,0
23,teta,11,-0.2519712871601335,49,WLS,0
24,v,12,1.0596686140296667,49,WLS,0
25,teta,12,-0.2524302124010751,49,WLS,0
26,v,13,1.0429709482236482,49,WLS,0
27,teta,13,-0.26581262245033593,49,WLS,0
28,v,14,1.01669028784299,49,WLS,0
29,teta,14,0.024754448466577927,49,WLS,0
30,v,15,1.0756987452782147,49,WLS,0
31,teta,15,-0.23876026522900876,49,WLS,0
0,v,0,1.0600833979925355,50,WLS,0
1,teta,0,-9.904316136926835e-05,50,WLS,0
2,v,1,1.0451013517448275,50,WLS,0
3,teta,1,-0.09001953348471448,50,WLS,0
4,v,2,1.0202023054648974,50,WLS,0
5,teta,2,-0.1677751068828725,50,WLS,0
6,v,3,1.0224422736602983,50,WLS,0
7,teta,3,-0.16509131142075015,50,WLS,0
8,v,4,1.0240435822576484,50,WLS,0
9,teta,4,-0.14349847099765858,50,WLS,0
10,v,5,1.0807935464400011,50,WLS,0
11,teta,5,-0.23640993992137865,50,WLS,0
12,v,6,1.0655187000291708,50,WLS,0
13,teta,6,-0.2182729961245229,50,WLS,0
14,v,7,1.0900954390306772,50,WLS,0
15,teta,7,-0.21827299231217004,50,WLS,0
16,v,8,1.0619115421584036,50,WLS,0
17,teta,8,-0.2458064352433171,50,WLS,0
18,v,9,1.0578936657441596,50,WLS,0
19,teta,9,-0.24894125363890207,50,WLS,0
20,v,10,1.0657426215314052,50,WLS,0
21,teta,10,-0.24480995473628897,50,WLS,0
22,v,11,1.062651196531525,50,WLS,0
23,teta,11,-0.25208641458250536,50,WLS,0
24,v,12,1.0598776688194749,50,WLS,0
25,teta,12,-0.25256849391530134,50,WLS,0
26,v,13,1.043188347349474,50,WLS,0
27,teta,13,-0.2659528799640835,50,WLS,0
28,v,14,1.0169327773089314,50,WLS,0
29,teta,14,0.0246834636082039,50,WLS,0
30,v,15,1.075984992894085,50,WLS,0
31,teta,15,-0.23872850861978603,50,WLS,0
0,v,0,1.060222290836212,51,WLS,0
1,teta,0,-0.00021490612625542604,51,WLS,0
2,v,1,1.0452438723536686,51,WLS,0
3,teta,1,-0.09005046866576284,51,WLS,0
4,v,2,1.0203459785159226,51,WLS,0
5,teta,2,-0.16778823226313322,51,WLS,0
6,v,3,1.022585990559455,51,WLS,0
7,teta,3,-0.16510374593905236,51,WLS,0
8,v,4,1.0241974280526311,51,WLS,0
9,teta,4,-0.14349205512412463,51,WLS,0
10,v,5,1.080971697652338,51,WLS,0
11,teta,5,-0.23636892183291122,51,WLS,0
12,v,6,1.0656698773183244,51,WLS,0
13,teta,6,-0.21823778283636663,51,WLS,0
14,v,7,1.0902271072050274,51,WLS,0
15,teta,7,-0.21823778648304185,51,WLS,0
16,v,8,1.062075174608194,51,WLS,0
17,teta,8,-0.24574619353418695,51,WLS,0
18,v,9,1.0580753884736929,51,WLS,0
19,teta,9,-0.2489627109615554,51,WLS,0
20,v,10,1.0659609568169317,51,WLS,0
21,teta,10,-0.24486491652046252,51,WLS,0
22,v,11,1.062764031032126,51,WLS,0
23,teta,11,-0.2520938846760975,51,WLS,0
24,v,12,1.059984944017271,51,WLS,0
25,teta,12,-0.2525889114389198,51,WLS,0
26,v,13,1.0433011310079303,51,WLS,0
27,teta,13,-0.2659772972352091,51,WLS,0
28,v,14,1.01706539842446,51,WLS,0
29,teta,14,0.02464290237934306,51,WLS,0
30,v,15,1.076026721510334,51,WLS,0
31,teta,15,-0.23884372928468078,51,WLS,0
0,v,0,1.0599286652361393,52,WLS,0
1,teta,0,-4.6330514905794867e-05,52,WLS,0
2,v,1,1.0449725980302236,52,WLS,0
3,teta,1,-0.09002526791276332,52,WLS,0
4,v,2,1.020070467886108,52,WLS,0
5,teta,2,-0.16780951937330055,52,WLS,0
6,v,3,1.0223113792538567,52,WLS,0
7,teta,3,-0.16512433858151246,52,WLS,0
8,v,4,1.0239217516710453,52,WLS,0
9,teta,4,-0.143491961461175,52,WLS,0
10,v,5,1.0806696758322063,52,WLS,0
11,teta,5,-0.2364143596939715,52,WLS,0
12,v,6,1.0654002569858085,52,WLS,0
13,teta,6,-0.21830625360763053,52,WLS,0
14,v,7,1.0899659089489047,52,WLS,0
15,teta,7,-0.21830625117114985,52,WLS,0
16,v,8,1.0618079692359113,52,WLS,0
17,teta,8,-0.2458389712981306,52,WLS,0
18,v,9,1.0577838367989947,52,WLS,0
19,teta,9,-0.24905937821296362,52,WLS,0
20,v,10,1.0656357536739722,52,WLS,0
21,teta,10,-0.2449877561863239,52,WLS,0
22,v,11,1.062586199468205,52,WLS,0
23,teta,11,-0.2520429405574306,52,WLS,0
24,v,12,1.059805167217018,52,WLS,0
25,teta,12,-0.2524966740696894,52,WLS,0
26,v,13,1.043118476362218,52,WLS,0
27,teta,13,-0.26587748556806023,52,WLS,0
28,v,14,1.016818896808033,52,WLS,0
29,teta,14,0.02468703028498999,52,WLS,0
30,v,15,1.0758303958972733,52,WLS,0
31,teta,15,-0.23880789859185642,52,WLS,0
0,v,0,1.0603195519899506,53,WLS,0
1,teta,0,0.0002334069132442745,53,WLS,0
2,v,1,1.04521185568576,53,WLS,0
3,teta,1,-0.0900133568283915,53,WLS,0
4,v,2,1.0203137696872422,53,WLS,0
5,teta,2,-0.16774791397182914,53,WLS,0
6,v,3,1.0225538036455992,53,WLS,0
7,teta,3,-0.1650632395277302,53,WLS,0
8,v,4,1.0241655742231326,53,WLS,0
9,teta,4,-0.14343146099877083,53,WLS,0
10,v,5,1.0809106677964417,53,WLS,0
11,teta,5,-0.23629423789962825,53,WLS,0
12,v,6,1.0656324272695052,53,WLS,0
13,teta,6,-0.21824124397032196,53,WLS,0
14,v,7,1.090164321779559,53,WLS,0
15,teta,7,-0.21824124522729216,53,WLS,0
16,v,8,1.0620530675840376,53,WLS,0
17,teta,8,-0.24577210966328097,53,WLS,0
18,v,9,1.0580249312492425,53,WLS,0
19,teta,9,-0.2489337986420048,53,WLS,0
20,v,10,1.0659067161729632,53,WLS,0
21,teta,10,-0.2448625121528244,53,WLS,0
22,v,11,1.062770227727186,53,WLS,0
23,teta,11,-0.2520390114192528,53,WLS,0
24,v,12,1.0600019249050674,53,WLS,0
25,teta,12,-0.25250558095611453,53,WLS,0
26,v,13,1.043309454139189,53,WLS,0
27,teta,13,-0.265882027894237,53,WLS,0
28,v,14,1.0170598428255162,53,WLS,0
29,teta,14,0.024637323501897422,53,WLS,0
30,v,15,1.075971919078945,53,WLS,0
31,teta,15,-0.2388235952358979,53,WLS,0
0,v,0,1.059861135285347,54,WLS,0
1,teta,0,1.6101471762207425e-05,54,WLS,0
2,v,1,1.0448064018379337,54,WLS,0
3,teta,1,-0.08999256820398747,54,WLS,0
4,v,2,1.0199030203427186,54,WLS,0
5,teta,2,-0.1677684656823485,54,WLS,0
6,v,3,1.0221441747999696,54,WLS,0
7,teta,3,-0.16508240517084286,54,WLS,0
8,v,4,1.0237574122614805,54,WLS,0
9,teta,4,-0.14345907718633855,54,WLS,0
10,v,5,1.0804806909842168,54,WLS,0
11,teta,5,-0.23643428492627994,54,WLS,0
12,v,6,1.0651903617223089,54,WLS,0
13,teta,6,-0.21827925886739571,54,WLS,0
14,v,7,1.089710388572803,54,WLS,0
15,teta,7,-0.21827925886898744,54,WLS,0
16,v,8,1.0616065686912253,54,WLS,0
17,teta,8,-0.24582042324641107,54,WLS,0
18,v,9,1.0575527458758585,54,WLS,0
19,teta,9,-0.24901083307977104,54,WLS,0
20,v,10,1.0654102237229672,54,WLS,0
21,teta,10,-0.24491495870212368,54,WLS,0
22,v,11,1.0623545738790552,54,WLS,0
23,teta,11,-0.2520512746707175,54,WLS,0
24,v,12,1.059588837143627,54,WLS,0
25,teta,12,-0.2525429295009766,54,WLS,0
26,v,13,1.0428952043911273,54,WLS,0
27,teta,13,-0.2659271581169652,54,WLS,0
28,v,14,1.016646523277626,54,WLS,0
29,teta,14,0.024749689552057516,54,WLS,0
30,v,15,1.0756245888559464,54,WLS,0
31,teta,15,-0.23879809978639882,54,WLS,0
0,v,0,1.0600762608555963,55,WLS,0
1,teta,0,-2.43868672712149e-05,55,WLS,0
2,v,1,1.0450437833429391,55,WLS,0
3,teta,1,-0.09000241885342238,55,WLS,0
4,v,2,1.0201473178154734,55,WLS,0
5,teta,2,-0.1677459501339437,55,WLS,0
6,v,3,1.0223865373974894,55,WLS,0
7,teta,3,-0.1650626939309988,55,WLS,0
8,v,4,1.023992807735404,55,WLS,0
9,teta,4,-0.14345624486255334,55,WLS,0
10,v,5,1.0807276344048549,55,WLS,0
11,teta,5,-0.23636316217974143,55,WLS,0
12,v,6,1.065436091855647,55,WLS,0
13,teta,6,-0.21826132832271833,55,WLS,0
14,v,7,1.0899449876274168,55,WLS,0
15,teta,7,-0.21826132960595068,55,WLS,0
16,v,8,1.06185851272193,55,WLS,0
17,teta,8,-0.24580340732467168,55,WLS,0
18,v,9,1.0578153671130615,55,WLS,0
19,teta,9,-0.24894125869952966,55,WLS,0
20,v,10,1.0657337334233918,55,WLS,0
21,teta,10,-0.24476412449427162,55,WLS,0
22,v,11,1.0625395018489974,55,WLS,0
23,teta,11,-0.252175791649512,55,WLS,0
24,v,12,1.0597776343948035,55,WLS,0
25,teta,12,-0.25265690969057203,55,WLS,0
26,v,13,1.0430972928993307,55,WLS,0
27,teta,13,-0.26604148262844163,55,WLS,0
28,v,14,1.016891461799489,55,WLS,0
29,teta,14,0.024666977339116804,55,WLS,0
30,v,15,1.0758271381172182,55,WLS,0
31,teta,15,-0.23888869871186771,55,WLS,0
0,v,0,1.060032746659231,56,WLS,0
1,teta,0,7.924343014422097e-05,56,WLS,0
2,v,1,1.0450725450589988,56,WLS,0
3,teta,1,-0.0899894255352991,56,WLS,0
4,v,2,1.0201668540286506,56,WLS,0
5,teta,2,-0.167759089199899,56,WLS,0
6,v,3,1.0224069634731758,56,WLS,0
7,teta,3,-0.16507603923953384,56,WLS,0
8,v,4,1.024023097723955,56,WLS,0
9,teta,4,-0.14342503286717237,56,WLS,0
10,v,5,1.0807750685866504,56,WLS,0
11,teta,5,-0.2363489090990708,56,WLS,0
12,v,6,1.0655132656297568,56,WLS,0
13,teta,6,-0.21818757476349243,56,WLS,0
14,v,7,1.0900736627054999,56,WLS,0
15,teta,7,-0.2181875743352826,56,WLS,0
16,v,8,1.0619292770462816,56,WLS,0
17,teta,8,-0.24568330964280233,56,WLS,0
18,v,9,1.0578956241576598,56,WLS,0
19,teta,9,-0.24889737179695912,56,WLS,0
20,v,10,1.0657495766284328,56,WLS,0
21,teta,10,-0.2447607763825305,56,WLS,0
22,v,11,1.0626044938723394,56,WLS,0
23,teta,11,-0.2520335697219169,56,WLS,0
24,v,12,1.0598297915254755,56,WLS,0
25,teta,12,-0.25249777205520396,56,WLS,0
26,v,13,1.0431410756744905,56,WLS,0
27,teta,13,-0.26587076583553526,56,WLS,0
28,v,14,1.0169126838662783,56,WLS,0
29,teta,14,0.024726424261668743,56,WLS,0
30,v,15,1.0758503193137108,56,WLS,0
31,teta,15,-0.23874344086821736,56,WLS,0
0,v,0,1.0601784711845288,57,WLS,0
1,teta,0,0.00015259772084288587,57,WLS,0
2,v,1,1.0451167707175526,57,WLS,0
3,teta,1,-0.0899999289885382,57,WLS,0
4,v,2,1.0202165118022115,57,WLS,0
5,teta,2,-0.16776493885094268,57,WLS,0
6,v,3,1.0224558701084419,57,WLS,0
7,teta,3,-0.16508057690017872,57,WLS,0
8,v,4,1.0240687764716805,57,WLS,0
9,teta,4,-0.14344119935878388,57,WLS,0
10,v,5,1.0808298654437667,57,WLS,0
11,teta,5,-0.23638423571706615,57,WLS,0
12,v,6,1.0655171526418112,57,WLS,0
13,teta,6,-0.21817641478418967,57,WLS,0
14,v,7,1.0900378266786077,57,WLS,0
15,teta,7,-0.21817641874182156,57,WLS,0
16,v,8,1.0619330888868104,57,WLS,0
17,teta,8,-0.245665242306352,57,WLS,0
18,v,9,1.057963429299945,57,WLS,0
19,teta,9,-0.24883521579610132,57,WLS,0
20,v,10,1.065886672307291,57,WLS,0
21,teta,10,-0.24478230917520497,57,WLS,0
22,v,11,1.0625142386214281,57,WLS,0
23,teta,11,-0.2520762415545291,57,WLS,0
24,v,12,1.0597323652772404,57,WLS,0
25,teta,12,-0.2525447303415022,57,WLS,0
26,v,13,1.043048498655608,57,WLS,0
27,teta,13,-0.2659397857697067,57,WLS,0
28,v,14,1.0169607792426825,57,WLS,0
29,teta,14,0.024686811990513383,57,WLS,0
30,v,15,1.0757660868540049,57,WLS,0
31,teta,15,-0.23891014365283303,57,WLS,0
0,v,0,1.0603997867359913,58,WLS,0
1,teta,0,9.210425380071591e-05,58,WLS,0
2,v,1,1.0453192254318426,58,WLS,0
3,teta,1,-0.09002666689016028,58,WLS,0
4,v,2,1.0204213668549509,58,WLS,0
5,teta,2,-0.16777316195664224,58,WLS,0
6,v,3,1.022660576845177,58,WLS,0
7,teta,3,-0.1650882111727299,58,WLS,0
8,v,4,1.024272824339099,58,WLS,0
9,teta,4,-0.14345548022604113,58,WLS,0
10,v,5,1.0810405123600482,58,WLS,0
11,teta,5,-0.23631877686887054,58,WLS,0
12,v,6,1.065792078400046,58,WLS,0
13,teta,6,-0.21821977972002415,58,WLS,0
14,v,7,1.0903947445833926,58,WLS,0
15,teta,7,-0.21821977534665107,58,WLS,0
16,v,8,1.0621931266326814,58,WLS,0
17,teta,8,-0.24572586983720082,58,WLS,0
18,v,9,1.05814691346648,58,WLS,0
19,teta,9,-0.2489981951676039,58,WLS,0
20,v,10,1.0659843290170887,58,WLS,0
21,teta,10,-0.24485478084490378,58,WLS,0
22,v,11,1.06288567325687,58,WLS,0
23,teta,11,-0.2520891895588348,58,WLS,0
24,v,12,1.0601233134027572,58,WLS,0
25,teta,12,-0.2525624600501789,58,WLS,0
26,v,13,1.0434317152121004,58,WLS,0
27,teta,13,-0.26594872048796486,58,WLS,0
28,v,14,1.0171549791438907,58,WLS,0
29,teta,14,0.0246369166799413,58,WLS,0
30,v,15,1.07615964959302,58,WLS,0
31,teta,15,-0.23884760014945705,58,WLS,0
0,v,0,1.0598319253921609,59,WLS,0
1,teta,0,-9.825378273710362e-05,59,WLS,0
2,v,1,1.0448493093024638,59,WLS,0
3,teta,1,-0.08997501570087123,59,WLS,0
4,v,2,1.0199512510287045,59,WLS,0
5,teta,2,-0.167730154233461,59,WLS,0
6,v,3,1.0221917144298192,59,WLS,0
7,teta,3,-0.16504603245902802,59,WLS,0
8,v,4,1.0238003337865715,59,WLS,0
9,teta,4,-0.14343483326637366,59,WLS,0
10,v,5,1.080538989696744,59,WLS,0
11,teta,5,-0.23635265104664593,59,WLS,0
12,v,6,1.0652660043155933,59,WLS,0
13,teta,6,-0.2183022961433666,59,WLS,0
14,v,7,1.0898191292862545,59,WLS,0
15,teta,7,-0.21830229376786117,59,WLS,0
16,v,8,1.0616784453571253,59,WLS,0
17,teta,8,-0.2458736140840023,59,WLS,0
18,v,9,1.0576085520849074,59,WLS,0
19,teta,9,-0.24903505819969213,59,WLS,0
20,v,10,1.0655090802522578,59,WLS,0
21,teta,10,-0.2448671030408469,59,WLS,0
22,v,11,1.0623785779675445,59,WLS,0
23,teta,11,-0.2521198576884284,59,WLS,0
24,v,12,1.0596091779437697,59,WLS,0
25,teta,12,-0.25259816566270643,59,WLS,0
26,v,13,1.0429248283142787,59,WLS,0
27,teta,13,-0.26598477366094925,59,WLS,0
28,v,14,1.01669536754443,59,WLS,0
29,teta,14,0.024728616788901023,59,WLS,0
30,v,15,1.0756532268452506,59,WLS,0
31,teta,15,-0.2388714866896326,59,WLS,0
0,v,0,1.0602400122329332,60,WLS,0
1,teta,0,-0.00018268237427147596,60,WLS,0
2,v,1,1.0452791760833473,60,WLS,0
3,teta,1,-0.0900105890055704,60,WLS,0
4,v,2,1.02038341671279,60,WLS,0
5,teta,2,-0.16772120137896415,60,WLS,0
6,v,3,1.0226226645256085,60,WLS,0
7,teta,3,-0.16503788108923362,60,WLS,0
8,v,4,1.0242295532978027,60,WLS,0
9,teta,4,-0.14344615606568914,60,WLS,0
10,v,5,1.0810162206138179,60,WLS,0
11,teta,5,-0.23638723169715617,60,WLS,0
12,v,6,1.0657021720137476,60,WLS,0
13,teta,6,-0.21817807784372545,60,WLS,0
14,v,7,1.0901969992549634,60,WLS,0
15,teta,7,-0.21817807806363473,60,WLS,0
16,v,8,1.0621440072761226,60,WLS,0
17,teta,8,-0.245688881115492,60,WLS,0
18,v,9,1.0580784380589123,60,WLS,0
19,teta,9,-0.24898216066689152,60,WLS,0
20,v,10,1.065923861875992,60,WLS,0
21,teta,10,-0.24490194673372342,60,WLS,0
22,v,11,1.0629250404934245,60,WLS,0
23,teta,11,-0.2520411953335078,60,WLS,0
24,v,12,1.0601281717853723,60,WLS,0
25,teta,12,-0.2525132019326015,60,WLS,0
26,v,13,1.0434322132417837,60,WLS,0
27,teta,13,-0.2658842782314238,60,WLS,0
28,v,14,1.0171130371112538,60,WLS,0
29,teta,14,0.02464058222260776,60,WLS,0
30,v,15,1.0761904653392702,60,WLS,0
31,teta,15,-0.23882244794616647,60,WLS,0
0,v,0,1.0601351611795469,61,WLS,0
1,teta,0,0.0001842556774225999,61,WLS,0
2,v,1,1.0451016149276542,61,WLS,0
3,teta,1,-0.090005697918251,61,WLS,0
4,v,2,1.0201994723341692,61,WLS,0
5,teta,2,-0.1677595281079853,61,WLS,0
6,v,3,1.022441095535278,61,WLS,0
7,teta,3,-0.16507403692875325,61,WLS,0
8,v,4,1.024055889025993,61,WLS,0
9,teta,4,-0.14342488085599742,61,WLS,0
10,v,5,1.0807983269691572,61,WLS,0
11,teta,5,-0.23632480657734292,61,WLS,0
12,v,6,1.0655024914014974,61,WLS,0
13,teta,6,-0.218293873891278,61,WLS,0
14,v,7,1.0899923287596667,61,WLS,0
15,teta,7,-0.21829387171728787,61,WLS,0
16,v,8,1.0619433917738363,61,WLS,0
17,teta,8,-0.24584619231403923,61,WLS,0
18,v,9,1.057916587730298,61,WLS,0
19,teta,9,-0.24902461775006007,61,WLS,0
20,v,10,1.0657631702872377,61,WLS,0
21,teta,10,-0.244878793654336,61,WLS,0
22,v,11,1.062775481126334,61,WLS,0
23,teta,11,-0.2520074309567902,61,WLS,0
24,v,12,1.0599944948435862,61,WLS,0
25,teta,12,-0.25248009546163813,61,WLS,0
26,v,13,1.0433045260722973,61,WLS,0
27,teta,13,-0.2658756409311435,61,WLS,0
28,v,14,1.0169426194848123,61,WLS,0
29,teta,14,0.024688897546716302,61,WLS,0
30,v,15,1.0760226868852714,61,WLS,0
31,teta,15,-0.2388132590501388,61,WLS,0
0,v,0,1.0599769975151687,62,WLS,0
1,teta,0,-2.851173694673349e-05,62,WLS,0
2,v,1,1.0449846795089106,62,WLS,0
3,teta,1,-0.09000746600777912,62,WLS,0
4,v,2,1.0200864301403116,62,WLS,0
5,teta,2,-0.16774611258985153,62,WLS,0
6,v,3,1.0223271161194147,62,WLS,0
7,teta,3,-0.16506255306745723,62,WLS,0
8,v,4,1.023939013151779,62,WLS,0
9,teta,4,-0.14344533344711696,62,WLS,0
10,v,5,1.080689092763532,62,WLS,0
11,teta,5,-0.23635860913862017,62,WLS,0
12,v,6,1.0654073741019219,62,WLS,0
13,teta,6,-0.21818162739120256,62,WLS,0
14,v,7,1.0899442241025576,62,WLS,0
15,teta,7,-0.21818162685257544,62,WLS,0
16,v,8,1.061825585193868,62,WLS,0
17,teta,8,-0.24568180020780087,62,WLS,0
18,v,9,1.0577561731988474,62,WLS,0
19,teta,9,-0.2489616247934882,62,WLS,0
20,v,10,1.0655977318607421,62,WLS,0
21,teta,10,-0.24487960246507623,62,WLS,0
22,v,11,1.0625382525455742,62,WLS,0
23,teta,11,-0.2520620848491186,62,WLS,0
24,v,12,1.0597669512005121,62,WLS,0
25,teta,12,-0.25254102790469674,62,WLS,0
26,v,13,1.0430759691882738,62,WLS,0
27,teta,13,-0.26592218177586147,62,WLS,0
28,v,14,1.0168272470288384,62,WLS,0
29,teta,14,0.024680669942950744,62,WLS,0
30,v,15,1.0757490699368941,62,WLS,0
31,teta,15,-0.23883445956406632,62,WLS,0
0,v,0,1.0601168833899826,63,WLS,0
1,teta,0,-0.00013253716224255848,63,WLS,0
2,v,1,1.0451190668046413,63,WLS,0
3,teta,1,-0.09002308904378194,63,WLS,0
4,v,2,1.0202184374660028,63,WLS,0
5,teta,2,-0.1677961070811786,63,WLS,0
6,v,3,1.0224587504725258,63,WLS,0
7,teta,3,-0.16511166302511518,63,WLS,0
8,v,4,1.024061580831353,63,WLS,0
9,teta,4,-0.14351405817766857,63,WLS,0
10,v,5,1.0808412501006837,63,WLS,0
11,teta,5,-0.23647435791678595,63,WLS,0
12,v,6,1.0655287068213066,63,WLS,0
13,teta,6,-0.21826763992629655,63,WLS,0
14,v,7,1.0900551382700925,63,WLS,0
15,teta,7,-0.2182676401802928,63,WLS,0
16,v,8,1.0619482400400675,63,WLS,0
17,teta,8,-0.24578726840260712,63,WLS,0
18,v,9,1.057965065825791,63,WLS,0
19,teta,9,-0.2490286804354131,63,WLS,0
20,v,10,1.0658420276870357,63,WLS,0
21,teta,10,-0.24501034569197455,63,WLS,0
22,v,11,1.0626891064750787,63,WLS,0
23,teta,11,-0.25200873655678246,63,WLS,0
24,v,12,1.0599171155111462,63,WLS,0
25,teta,12,-0.2524592231273996,63,WLS,0
26,v,13,1.0432247014432268,63,WLS,0
27,teta,13,-0.26584020286971577,63,WLS,0
28,v,14,1.0169535374775018,63,WLS,0
29,teta,14,0.024684085397271918,63,WLS,0
30,v,15,1.0759606048839243,63,WLS,0
31,teta,15,-0.23871142109404392,63,WLS,0
0,v,0,1.0598661189923047,64,WLS,0
1,teta,0,6.164110936680469e-05,64,WLS,0
2,v,1,1.0448643326585747,64,WLS,0
3,teta,1,-0.09006375957238688,64,WLS,0
4,v,2,1.0199693428401757,64,WLS,0
5,teta,2,-0.16784359317362585,64,WLS,0
6,v,3,1.0222090787366591,64,WLS,0
7,teta,3,-0.1651594001738899,64,WLS,0
8,v,4,1.0238212389154406,64,WLS,0
9,teta,4,-0.14353131920042791,64,WLS,0
10,v,5,1.080596371810368,64,WLS,0
11,teta,5,-0.2364860998948895,64,WLS,0
12,v,6,1.0653020041132544,64,WLS,0
13,teta,6,-0.21821557574176964,64,WLS,0
14,v,7,1.0898869612168591,64,WLS,0
15,teta,7,-0.21821557229741345,64,WLS,0
16,v,8,1.0616953142758705,64,WLS,0
17,teta,8,-0.24568340818279027,64,WLS,0
18,v,9,1.0576473939225541,64,WLS,0
19,teta,9,-0.24897767740742846,64,WLS,0
20,v,10,1.0654760129595842,64,WLS,0
21,teta,10,-0.24490275424504135,64,WLS,0
22,v,11,1.0624829470668804,64,WLS,0
23,teta,11,-0.2519344707942161,64,WLS,0
24,v,12,1.0597208145400714,64,WLS,0
25,teta,12,-0.2524175791473521,64,WLS,0
26,v,13,1.0430350658159178,64,WLS,0
27,teta,13,-0.26579781092632715,64,WLS,0
28,v,14,1.016708653426195,64,WLS,0
29,teta,14,0.024642201321138795,64,WLS,0
30,v,15,1.0757809557391358,64,WLS,0
31,teta,15,-0.23858392018096872,64,WLS,0
0,v,0,1.0600900338816595,65,WLS,0
1,teta,0,0.00011217557438503896,65,WLS,0
2,v,1,1.0450705602530783,65,WLS,0
3,teta,1,-0.08996465136159446,65,WLS,0
4,v,2,1.0201680942588263,65,WLS,0
5,teta,2,-0.16772110576542407,65,WLS,0
6,v,3,1.0224081562381495,65,WLS,0
7,teta,3,-0.16503574754553546,65,WLS,0
8,v,4,1.0240175739185324,65,WLS,0
9,teta,4,-0.14340157528108408,65,WLS,0
10,v,5,1.0807674288819271,65,WLS,0
11,teta,5,-0.2363040540430977,65,WLS,0
12,v,6,1.0654770214521252,65,WLS,0
13,teta,6,-0.21821862026757963,65,WLS,0
14,v,7,1.0899920922156792,65,WLS,0
15,teta,7,-0.21821862021832783,65,WLS,0
16,v,8,1.061904805382255,65,WLS,0
17,teta,8,-0.24575192732557752,65,WLS,0
18,v,9,1.0578968570575973,65,WLS,0
19,teta,9,-0.24888505856204654,65,WLS,0
20,v,10,1.0658047110684974,65,WLS,0
21,teta,10,-0.244724491459756,65,WLS,0
22,v,11,1.0625542555618162,65,WLS,0
23,teta,11,-0.25214671492616797,65,WLS,0
24,v,12,1.0598016738152938,65,WLS,0
25,teta,12,-0.2526193494623425,65,WLS,0
26,v,13,1.0431101041065307,65,WLS,0
27,teta,13,-0.26601022259391477,65,WLS,0
28,v,14,1.0169199557271176,65,WLS,0
29,teta,14,0.024720991999831386,65,WLS,0
30,v,15,1.0758225125905392,65,WLS,0
31,teta,15,-0.23890639969337774,65,WLS,0
0,v,0,1.0602125419072947,66,WLS,0
1,teta,0,0.0001803519893153085,66,WLS,0
2,v,1,1.0452091156359906,66,WLS,0
3,teta,1,-0.08997862099048362,66,WLS,0
4,v,2,1.0202992493337772,66,WLS,0
5,teta,2,-0.16775187879126535,66,WLS,0
6,v,3,1.0225406866337823,66,WLS,0
7,teta,3,-0.16506747569436253,66,WLS,0
8,v,4,1.0241550302788651,66,WLS,0
9,teta,4,-0.14341777450709747,66,WLS,0
10,v,5,1.0809182031206657,66,WLS,0
11,teta,5,-0.23631604728684016,66,WLS,0
12,v,6,1.065610897870211,66,WLS,0
13,teta,6,-0.21816406722447235,66,WLS,0
14,v,7,1.0901557392824206,66,WLS,0
15,teta,7,-0.21816406624853585,66,WLS,0
16,v,8,1.0620155675190972,66,WLS,0
17,teta,8,-0.2456534331359414,66,WLS,0
18,v,9,1.0580366599132045,66,WLS,0
19,teta,9,-0.2488784235507091,66,WLS,0
20,v,10,1.0658879160205046,66,WLS,0
21,teta,10,-0.2448148386178889,66,WLS,0
22,v,11,1.0627317278008044,66,WLS,0
23,teta,11,-0.2518736876403936,66,WLS,0
24,v,12,1.05997152892236,66,WLS,0
25,teta,12,-0.2523558703989996,66,WLS,0
26,v,13,1.043271053286699,66,WLS,0
27,teta,13,-0.26573568562339495,66,WLS,0
28,v,14,1.0170467725285528,66,WLS,0
29,teta,14,0.02473922038326831,66,WLS,0
30,v,15,1.0759265890521592,66,WLS,0
31,teta,15,-0.23871383488861259,66,WLS,0
0,v,0,1.0598926647711604,67,WLS,0
1,teta,0,-5.7701223463215626e-05,67,WLS,0
2,v,1,1.0448713098661004,67,WLS,0
3,teta,1,-0.09002599548381883,67,WLS,0
4,v,2,1.0199725683247247,67,WLS,0
5,teta,2,-0.16779658033940154,67,WLS,0
6,v,3,1.0222124286216419,67,WLS,0
7,teta,3,-0.16511081959609572,67,WLS,0
8,v,4,1.0238173659057577,67,WLS,0
9,teta,4,-0.14350525656732113,67,WLS,0
10,v,5,1.0805638324465539,67,WLS,0
11,teta,5,-0.23646944434382175,67,WLS,0
12,v,6,1.065302215170457,67,WLS,0
13,teta,6,-0.21833591585876896,67,WLS,0
14,v,7,1.089859663207285,67,WLS,0
15,teta,7,-0.21833591412837428,67,WLS,0
16,v,8,1.0617184965749142,67,WLS,0
17,teta,8,-0.2458906276364115,67,WLS,0
18,v,9,1.0576804747559818,67,WLS,0
19,teta,9,-0.2490836766403079,67,WLS,0
20,v,10,1.065599288942778,67,WLS,0
21,teta,10,-0.24499314473318784,67,WLS,0
22,v,11,1.0625322090722544,67,WLS,0
23,teta,11,-0.2519892054218368,67,WLS,0
24,v,12,1.0597537498832459,67,WLS,0
25,teta,12,-0.252467129484266,67,WLS,0
26,v,13,1.0430658454150554,67,WLS,0
27,teta,13,-0.26584584000257294,67,WLS,0
28,v,14,1.0167120367353903,67,WLS,0
29,teta,14,0.02469240859660899,67,WLS,0
30,v,15,1.0757691615357252,67,WLS,0
31,teta,15,-0.23869745828356637,67,WLS,0
0,v,0,1.0599963491972193,68,WLS,0
1,teta,0,6.818603543566719e-05,68,WLS,0
2,v,1,1.0449857212635054,68,WLS,0
3,teta,1,-0.08993770869511158,68,WLS,0
4,v,2,1.0200791800779618,68,WLS,0
5,teta,2,-0.16769680541976634,68,WLS,0
6,v,3,1.0223197425709463,68,WLS,0
7,teta,3,-0.16501407216760305,68,WLS,0
8,v,4,1.02392919705167,68,WLS,0
9,teta,4,-0.14339768540844455,68,WLS,0
10,v,5,1.08066150974536,68,WLS,0
11,teta,5,-0.23634534395906034,68,WLS,0
12,v,6,1.0654030877363876,68,WLS,0
13,teta,6,-0.21809890259761086,68,WLS,0
14,v,7,1.0899887929239895,68,WLS,0
15,teta,7,-0.21809890148736796,68,WLS,0
16,v,8,1.0617909840059092,68,WLS,0
17,teta,8,-0.24558205717886364,68,WLS,0
18,v,9,1.057779617992621,68,WLS,0
19,teta,9,-0.2487907311034289,68,WLS,0
20,v,10,1.065625778172231,68,WLS,0
21,teta,10,-0.24469421000992264,68,WLS,0
22,v,11,1.0625815769985139,68,WLS,0
23,teta,11,-0.2518092140403041,68,WLS,0
24,v,12,1.0598098000905234,68,WLS,0
25,teta,12,-0.2522847476337886,68,WLS,0
26,v,13,1.0431148189931363,68,WLS,0
27,teta,13,-0.2656679681503972,68,WLS,0
28,v,14,1.016840455279065,68,WLS,0
29,teta,14,0.02476113432223658,68,WLS,0
30,v,15,1.0758809538590668,68,WLS,0
31,teta,15,-0.2384729858498105,68,WLS,0
0,v,0,1.0596288426883287,69,WLS,0
1,teta,0,-3.033407073390118e-05,69,WLS,0
2,v,1,1.044659945014045,69,WLS,0
3,teta,1,-0.09002951128268147,69,WLS,0
4,v,2,1.019765222133018,69,WLS,0
5,teta,2,-0.16780595717048635,69,WLS,0
6,v,3,1.0220075526293746,69,WLS,0
7,teta,3,-0.1651200334055303,69,WLS,0
8,v,4,1.0236130708723854,69,WLS,0
9,teta,4,-0.14348535405083823,69,WLS,0
10,v,5,1.0803539276138476,69,WLS,0
11,teta,5,-0.2363967512852668,69,WLS,0
12,v,6,1.0651454639128835,69,WLS,0
13,teta,6,-0.21828009597326628,69,WLS,0
14,v,7,1.089799891778773,69,WLS,0
15,teta,7,-0.21828009566549042,69,WLS,0
16,v,8,1.0615257914057497,69,WLS,0
17,teta,8,-0.2458006410870879,69,WLS,0
18,v,9,1.0574807546665688,69,WLS,0
19,teta,9,-0.24909621004993981,69,WLS,0
20,v,10,1.0653511336900945,69,WLS,0
21,teta,10,-0.2449692809038858,69,WLS,0
22,v,11,1.0624383761423826,69,WLS,0
23,teta,11,-0.2519842078015208,69,WLS,0
24,v,12,1.0596405616325695,69,WLS,0
25,teta,12,-0.2524674246513371,69,WLS,0
26,v,13,1.0429477849375204,69,WLS,0
27,teta,13,-0.26585640836777025,69,WLS,0
28,v,14,1.0164965533137342,69,WLS,0
29,teta,14,0.02471107007856819,69,WLS,0
30,v,15,1.0757160427896306,69,WLS,0
31,teta,15,-0.23873366553497874,69,WLS,0
0,v,0,1.0599680394682647,70,WLS,0
1,teta,0,0.00010773012191425602,70,WLS,0
2,v,1,1.0449488498123862,70,WLS,0
3,teta,1,-0.08997719715539637,70,WLS,0
4,v,2,1.0200449422177653,70,WLS,0
5,teta,2,-0.16775964173436564,70,WLS,0
6,v,3,1.0222849570155244,70,WLS,0
7,teta,3,-0.16507543793796636,70,WLS,0
8,v,4,1.0238955074649478,70,WLS,0
9,teta,4,-0.14344804658940555,70,WLS,0
10,v,5,1.0806476197428025,70,WLS,0
11,teta,5,-0.23637581207350886,70,WLS,0
12,v,6,1.0654036780101688,70,WLS,0
13,teta,6,-0.2181483671443529,70,WLS,0
14,v,7,1.090009250576087,70,WLS,0
15,teta,7,-0.21814836942300184,70,WLS,0
16,v,8,1.0617976050853948,70,WLS,0
17,teta,8,-0.24562425572371452,70,WLS,0
18,v,9,1.0577645123916004,70,WLS,0
19,teta,9,-0.24886277160806428,70,WLS,0
20,v,10,1.0657069389909493,70,WLS,0
21,teta,10,-0.2447933672867397,70,WLS,0
22,v,11,1.062500246879505,70,WLS,0
23,teta,11,-0.25204652090990937,70,WLS,0
24,v,12,1.0597326914839273,70,WLS,0
25,teta,12,-0.25251885763310383,70,WLS,0
26,v,13,1.0430454763512678,70,WLS,0
27,teta,13,-0.26590901668255706,70,WLS,0
28,v,14,1.0167899630503132,70,WLS,0
29,teta,14,0.024751130486410134,70,WLS,0
30,v,15,1.075780857237902,70,WLS,0
31,teta,15,-0.2387814722768193,70,WLS,0
0,v,0,1.0600246884058036,71,WLS,0
1,teta,0,5.040800773844065e-05,71,WLS,0
2,v,1,1.045051919835911,71,WLS,0
3,teta,1,-0.08999032850071859,71,WLS,0
4,v,2,1.0201491165828827,71,WLS,0
5,teta,2,-0.16776731368030462,71,WLS,0
6,v,3,1.0223890907601678,71,WLS,0
7,teta,3,-0.1650814800449906,71,WLS,0
8,v,4,1.0240013608834417,71,WLS,0
9,teta,4,-0.14344619237078468,71,WLS,0
10,v,5,1.0807542511596868,71,WLS,0
11,teta,5,-0.23634217425144918,71,WLS,0
12,v,6,1.0654913346926544,71,WLS,0
13,teta,6,-0.2182225095768537,71,WLS,0
14,v,7,1.0900460434103858,71,WLS,0
15,teta,7,-0.21822250725369277,71,WLS,0
16,v,8,1.0619102617681122,71,WLS,0
17,teta,8,-0.24573351584117742,71,WLS,0
18,v,9,1.0578074192271891,71,WLS,0
19,teta,9,-0.2489533736563419,71,WLS,0
20,v,10,1.065637277561068,71,WLS,0
21,teta,10,-0.244827737362723,71,WLS,0
22,v,11,1.062721098851066,71,WLS,0
23,teta,11,-0.2520503065479468,71,WLS,0
24,v,12,1.0599408674981856,71,WLS,0
25,teta,12,-0.2525273360087166,71,WLS,0
26,v,13,1.0432497617434258,71,WLS,0
27,teta,13,-0.2659098144380567,71,WLS,0
28,v,14,1.0169020651232146,71,WLS,0
29,teta,14,0.024705278793483536,71,WLS,0
30,v,15,1.0760130213654502,71,WLS,0
31,teta,15,-0.2388440295778197,71,WLS,0
0,v,0,1.0600716146760059,72,WLS,0
1,teta,0,1.3533563209747527e-05,72,WLS,0
2,v,1,1.0450196529977565,72,WLS,0
3,teta,1,-0.09006119806827116,72,WLS,0
4,v,2,1.0201250212078967,72,WLS,0
5,teta,2,-0.16781165340848628,72,WLS,0
6,v,3,1.0223661444389365,72,WLS,0
7,teta,3,-0.16512847036324152,72,WLS,0
8,v,4,1.023971679551072,72,WLS,0
9,teta,4,-0.14351920294749151,72,WLS,0
10,v,5,1.0807098035906042,72,WLS,0
11,teta,5,-0.2364023793411563,72,WLS,0
12,v,6,1.065460731689404,72,WLS,0
13,teta,6,-0.2183012468370447,72,WLS,0
14,v,7,1.0900423089223688,72,WLS,0
15,teta,7,-0.21830124426602324,72,WLS,0
16,v,8,1.061860513242197,72,WLS,0
17,teta,8,-0.2458293492379378,72,WLS,0
18,v,9,1.0578160635709846,72,WLS,0
19,teta,9,-0.2489776088887661,72,WLS,0
20,v,10,1.0656426231234692,72,WLS,0
21,teta,10,-0.24486899169061477,72,WLS,0
22,v,11,1.0625965973236944,72,WLS,0
23,teta,11,-0.25210148115807274,72,WLS,0
24,v,12,1.059812069180746,72,WLS,0
25,teta,12,-0.2525969227244542,72,WLS,0
26,v,13,1.0431270819994978,72,WLS,0
27,teta,13,-0.2659890943264248,72,WLS,0
28,v,14,1.0168406170669475,72,WLS,0
29,teta,14,0.02465455248299883,72,WLS,0
30,v,15,1.0758738397047563,72,WLS,0
31,teta,15,-0.2387604076199222,72,WLS,0
0,v,0,1.0601214171310518,73,WLS,0
1,teta,0,-0.00017305814877123683,73,WLS,0
2,v,1,1.0451562268808021,73,WLS,0
3,teta,1,-0.09001487008222628,73,WLS,0
4,v,2,1.0202518614066307,73,WLS,0
5,teta,2,-0.16777382339316235,73,WLS,0
6,v,3,1.0224926934835528,73,WLS,0
7,teta,3,-0.16508951548875345,73,WLS,0
8,v,4,1.02410788861769,73,WLS,0
9,teta,4,-0.1434504752848696,73,WLS,0
10,v,5,1.080875107936661,73,WLS,0
11,teta,5,-0.2363463622675947,73,WLS,0
12,v,6,1.0655764093155964,73,WLS,0
13,teta,6,-0.21833487040732796,73,WLS,0
14,v,7,1.0901154795147996,73,WLS,0
15,teta,7,-0.21833486964163107,73,WLS,0
16,v,8,1.0619988856231466,73,WLS,0
17,teta,8,-0.24590034023576307,73,WLS,0
18,v,9,1.0579383783022394,73,WLS,0
19,teta,9,-0.24913705364407673,73,WLS,0
20,v,10,1.0657849194249212,73,WLS,0
21,teta,10,-0.24501906458844747,73,WLS,0
22,v,11,1.06272965016751,73,WLS,0
23,teta,11,-0.2521989153435737,73,WLS,0
24,v,12,1.0599555454628546,73,WLS,0
25,teta,12,-0.25266640852709005,73,WLS,0
26,v,13,1.0432708799898733,73,WLS,0
27,teta,13,-0.2660461887620102,73,WLS,0
28,v,14,1.0169960768315935,73,WLS,0
29,teta,14,0.02468384781563631,73,WLS,0
30,v,15,1.0759837789292535,73,WLS,0
31,teta,15,-0.23897992118706843,73,WLS,0
0,v,0,1.0599500553790915,74,WLS,0
1,teta,0,0.00021524953709157072,74,WLS,0
2,v,1,1.044928722196406,74,WLS,0
3,teta,1,-0.09000425820992165,74,WLS,0
4,v,2,1.0200247432376812,74,WLS,0
5,teta,2,-0.1677910866581433,74,WLS,0
6,v,3,1.022265716590236,74,WLS,0
7,teta,3,-0.1651079438304531,74,WLS,0
8,v,4,1.0238791551362096,74,WLS,0
9,teta,4,-0.14345317981169886,74,WLS,0
10,v,5,1.0806342360052166,74,WLS,0
11,teta,5,-0.23639006888753145,74,WLS,0
12,v,6,1.0653652247232024,74,WLS,0
13,teta,6,-0.21830231158119298,74,WLS,0
14,v,7,1.0899613034072138,74,WLS,0
15,teta,7,-0.21830230657333,74,WLS,0
16,v,8,1.0617605670403296,74,WLS,0
17,teta,8,-0.2458414727077745,74,WLS,0
18,v,9,1.0577363300942582,74,WLS,0
19,teta,9,-0.24901849698619938,74,WLS,0
20,v,10,1.065573664872912,74,WLS,0
21,teta,10,-0.24492049730180163,74,WLS,0
22,v,11,1.0626021594019024,74,WLS,0
23,teta,11,-0.2519249849591268,74,WLS,0
24,v,12,1.0598343744970558,74,WLS,0
25,teta,12,-0.25240540432773667,74,WLS,0
26,v,13,1.0431354504083774,74,WLS,0
27,teta,13,-0.26579264478341075,74,WLS,0
28,v,14,1.0167722886911963,74,WLS,0
29,teta,14,0.024724089217910104,74,WLS,0
30,v,15,1.0758181050755042,74,WLS,0
31,teta,15,-0.2386650554388146,74,WLS,0
0,v,0,1.0600897602558736,75,WLS,0
1,teta,0,0.00014621738543529243,75,WLS,0
2,v,1,1.0450651714860564,75,WLS,0
3,teta,1,-0.08998096734652791,75,WLS,0
4,v,2,1.0201584559843175,75,WLS,0
5,teta,2,-0.1677527097423336,75,WLS,0
6,v,3,1.022399664993924,75,WLS,0
7,teta,3,-0.16506670151077968,75,WLS,0
8,v,4,1.024014206024166,75,WLS,0
9,teta,4,-0.14341529351352136,75,WLS,0
10,v,5,1.080749366572913,75,WLS,0
11,teta,5,-0.2362950625995429,75,WLS,0
12,v,6,1.0654898944864688,75,WLS,0
13,teta,6,-0.2182061726694053,75,WLS,0
14,v,7,1.0900820200271817,75,WLS,0
15,teta,7,-0.21820617421795585,75,WLS,0
16,v,8,1.0618789674151488,75,WLS,0
17,teta,8,-0.245717465799339,75,WLS,0
18,v,9,1.0578134142653235,75,WLS,0
19,teta,9,-0.2489330591037468,75,WLS,0
20,v,10,1.0656298182451698,75,WLS,0
21,teta,10,-0.24488917957217124,75,WLS,0
22,v,11,1.062698082458597,75,WLS,0
23,teta,11,-0.2518475424451474,75,WLS,0
24,v,12,1.059896476587497,75,WLS,0
25,teta,12,-0.2523198102323862,75,WLS,0
26,v,13,1.0432020414226857,75,WLS,0
27,teta,13,-0.26570372265992487,75,WLS,0
28,v,14,1.0169057342338834,75,WLS,0
29,teta,14,0.024738748839498614,75,WLS,0
30,v,15,1.0759634777589517,75,WLS,0
31,teta,15,-0.23854371232448843,75,WLS,0
0,v,0,1.0599425227026322,76,WLS,0
1,teta,0,0.00013543873636764233,76,WLS,0
2,v,1,1.0449094333114008,76,WLS,0
3,teta,1,-0.08997986524799258,76,WLS,0
4,v,2,1.0200075104369637,76,WLS,0
5,teta,2,-0.16774575318658502,76,WLS,0
6,v,3,1.0222470566027522,76,WLS,0
7,teta,3,-0.16506056451852036,76,WLS,0
8,v,4,1.0238568008750635,76,WLS,0
9,teta,4,-0.1434312916211882,76,WLS,0
10,v,5,1.080604265087208,76,WLS,0
11,teta,5,-0.2363511951980285,76,WLS,0
12,v,6,1.0652926726658833,76,WLS,0
13,teta,6,-0.21823169095896397,76,WLS,0
14,v,7,1.089821992460591,76,WLS,0
15,teta,7,-0.21823169250165592,76,WLS,0
16,v,8,1.0617005407725082,76,WLS,0
17,teta,8,-0.2457598780686708,76,WLS,0
18,v,9,1.0576544649474413,76,WLS,0
19,teta,9,-0.24894847478642745,76,WLS,0
20,v,10,1.065534255609542,76,WLS,0
21,teta,10,-0.2448153183759626,76,WLS,0
22,v,11,1.0624669780599842,76,WLS,0
23,teta,11,-0.2520493363073971,76,WLS,0
24,v,12,1.0596986553736045,76,WLS,0
25,teta,12,-0.25252063700378513,76,WLS,0
26,v,13,1.0430099127902406,76,WLS,0
27,teta,13,-0.2659082388612916,76,WLS,0
28,v,14,1.0167520596760564,76,WLS,0
29,teta,14,0.024738114987245027,76,WLS,0
30,v,15,1.0757160207291903,76,WLS,0
31,teta,15,-0.23878645909726182,76,WLS,0
0,v,0,1.0602604333782344,77,WLS,0
1,teta,0,0.00015178468651342664,77,WLS,0
2,v,1,1.0452499544412734,77,WLS,0
3,teta,1,-0.09000036121761862,77,WLS,0
4,v,2,1.020347487476592,77,WLS,0
5,teta,2,-0.16775693546620177,77,WLS,0
6,v,3,1.0225871588058637,77,WLS,0
7,teta,3,-0.16507371454014824,77,WLS,0
8,v,4,1.0241974851719575,77,WLS,0
9,teta,4,-0.14343602922808074,77,WLS,0
10,v,5,1.0809560458436873,77,WLS,0
11,teta,5,-0.2363719753041292,77,WLS,0
12,v,6,1.0656762882833621,77,WLS,0
13,teta,6,-0.21819644881630681,77,WLS,0
14,v,7,1.0902106770816145,77,WLS,0
15,teta,7,-0.21819645057064113,77,WLS,0
16,v,8,1.0620980867919154,77,WLS,0
17,teta,8,-0.24569845117298714,77,WLS,0
18,v,9,1.058073859598192,77,WLS,0
19,teta,9,-0.24888270596003292,77,WLS,0
20,v,10,1.0659659622406394,77,WLS,0
21,teta,10,-0.24478990071393314,77,WLS,0
22,v,11,1.062851099214705,77,WLS,0
23,teta,11,-0.25190550253913596,77,WLS,0
24,v,12,1.060081817605711,77,WLS,0
25,teta,12,-0.2523801951422147,77,WLS,0
26,v,13,1.0433884700297678,77,WLS,0
27,teta,13,-0.2657645096679335,77,WLS,0
28,v,14,1.017092957086108,77,WLS,0
29,teta,14,0.024675816301632278,77,WLS,0
30,v,15,1.076144997708608,77,WLS,0
31,teta,15,-0.23861018981418186,77,WLS,0
0,v,0,1.0603513485239735,78,WLS,0
1,teta,0,-0.00016059957061414064,78,WLS,0
2,v,1,1.045362753492944,78,WLS,0
3,teta,1,-0.08996645080055347,78,WLS,0
4,v,2,1.0204540272871734,78,WLS,0
5,teta,2,-0.1677083648282292,78,WLS,0
6,v,3,1.0226951618686877,78,WLS,0
7,teta,3,-0.16502444498975358,78,WLS,0
8,v,4,1.024305307589684,78,WLS,0
9,teta,4,-0.14343095577520745,78,WLS,0
10,v,5,1.0810714251646047,78,WLS,0
11,teta,5,-0.23636215582197878,78,WLS,0
12,v,6,1.0657751597146627,78,WLS,0
13,teta,6,-0.21819580099875796,78,WLS,0
14,v,7,1.0903591363983913,78,WLS,0
15,teta,7,-0.2181958007629039,78,WLS,0
16,v,8,1.0621622060494091,78,WLS,0
17,teta,8,-0.2457242048349425,78,WLS,0
18,v,9,1.0581424521134613,78,WLS,0
19,teta,9,-0.24894656702252257,78,WLS,0
20,v,10,1.066006149463906,78,WLS,0
21,teta,10,-0.2448382460470248,78,WLS,0
22,v,11,1.062877497693956,78,WLS,0
23,teta,11,-0.2520226791073438,78,WLS,0
24,v,12,1.0600930096225254,78,WLS,0
25,teta,12,-0.2524900797618939,78,WLS,0
26,v,13,1.0434037498212516,78,WLS,0
27,teta,13,-0.2658672349857748,78,WLS,0
28,v,14,1.0172083585894351,78,WLS,0
29,teta,14,0.02470437104245452,78,WLS,0
30,v,15,1.0761335463178545,78,WLS,0
31,teta,15,-0.23875648061207652,78,WLS,0
0,v,0,1.060148455136693,79,WLS,0
1,teta,0,1.6855266757767992e-05,79,WLS,0
2,v,1,1.0451784335764236,79,WLS,0
3,teta,1,-0.08997382887866023,79,WLS,0
4,v,2,1.0202732479207797,79,WLS,0
5,teta,2,-0.16773102949415072,79,WLS,0
6,v,3,1.022514290830302,79,WLS,0
7,teta,3,-0.16504780756684473,79,WLS,0
8,v,4,1.0241234612884373,79,WLS,0
9,teta,4,-0.14343538856267815,79,WLS,0
10,v,5,1.0808859393037227,79,WLS,0
11,teta,5,-0.23635325895947668,79,WLS,0
12,v,6,1.0656012038524683,79,WLS,0
13,teta,6,-0.21827881016812373,79,WLS,0
14,v,7,1.090180310001521,79,WLS,0
15,teta,7,-0.21827880831182292,79,WLS,0
16,v,8,1.061999498991098,79,WLS,0
17,teta,8,-0.24583742186209553,79,WLS,0
18,v,9,1.0580229509173071,79,WLS,0
19,teta,9,-0.2490707305923174,79,WLS,0
20,v,10,1.0658964824483288,79,WLS,0
21,teta,10,-0.2449319588766781,79,WLS,0
22,v,11,1.0626675004210093,79,WLS,0
23,teta,11,-0.2520700141078143,79,WLS,0
24,v,12,1.0599093871666065,79,WLS,0
25,teta,12,-0.2525439892836316,79,WLS,0
26,v,13,1.0432126082144766,79,WLS,0
27,teta,13,-0.2659350845781072,79,WLS,0
28,v,14,1.0170382398934712,79,WLS,0
29,teta,14,0.02468956005386293,79,WLS,0
30,v,15,1.0758988803217195,79,WLS,0
31,teta,15,-0.23889905453683383,79,WLS,0
0,v,0,1.0598522089097588,80,WLS,0
1,teta,0,-0.0002591663242196742,80,WLS,0
2,v,1,1.0449326456629335,80,WLS,0
3,teta,1,-0.08997287521273097,80,WLS,0
4,v,2,1.0200310596929099,80,WLS,0
5,teta,2,-0.16773739126211204,80,WLS,0
6,v,3,1.0222715441314285,80,WLS,0
7,teta,3,-0.1650512478537318,80,WLS,0
8,v,4,1.0238772588739107,80,WLS,0
9,teta,4,-0.14344700100727792,80,WLS,0
10,v,5,1.0806339221243038,80,WLS,0
11,teta,5,-0.2363465843206808,80,WLS,0
12,v,6,1.0653115184631288,80,WLS,0
13,teta,6,-0.21823337615699356,80,WLS,0
14,v,7,1.0898313085514155,80,WLS,0
15,teta,7,-0.21823337759049735,80,WLS,0
16,v,8,1.0617225978700895,80,WLS,0
17,teta,8,-0.2457673429387025,80,WLS,0
18,v,9,1.057702705888233,80,WLS,0
19,teta,9,-0.24894589578931728,80,WLS,0
20,v,10,1.0655654048029977,80,WLS,0
21,teta,10,-0.24478468945991338,80,WLS,0
22,v,11,1.0625087073169794,80,WLS,0
23,teta,11,-0.25194679872749937,80,WLS,0
24,v,12,1.0597337209639743,80,WLS,0
25,teta,12,-0.25243396716856703,80,WLS,0
26,v,13,1.043045588357337,80,WLS,0
27,teta,13,-0.26581452982851655,80,WLS,0
28,v,14,1.0167730313288754,80,WLS,0
29,teta,14,0.024744803213965938,80,WLS,0
30,v,15,1.0757335521686797,80,WLS,0
31,teta,15,-0.23870816752524937,80,WLS,0
0,v,0,1.060192349691902,81,WLS,0
1,teta,0,0.00019806674184366045,81,WLS,0
2,v,1,1.04514089178381,81,WLS,0
3,teta,1,-0.08998404439643583,81,WLS,0
4,v,2,1.020237007936847,81,WLS,0
5,teta,2,-0.1677427834479036,81,WLS,0
6,v,3,1.0224771491186457,81,WLS,0
7,teta,3,-0.16505901220925143,81,WLS,0
8,v,4,1.0240961791119862,81,WLS,0
9,teta,4,-0.14339585107935945,81,WLS,0
10,v,5,1.0808707325953057,81,WLS,0
11,teta,5,-0.23632771789563628,81,WLS,0
12,v,6,1.0655951782232256,81,WLS,0
13,teta,6,-0.21824909947575427,81,WLS,0
14,v,7,1.0901783254711053,81,WLS,0
15,teta,7,-0.21824909963823136,81,WLS,0
16,v,8,1.0620058820487435,81,WLS,0
17,teta,8,-0.24578537586690952,81,WLS,0
18,v,9,1.0579470007136909,81,WLS,0
19,teta,9,-0.24896071530026465,81,WLS,0
20,v,10,1.0658175881709875,81,WLS,0
21,teta,10,-0.2448194697000868,81,WLS,0
22,v,11,1.0627685021117836,81,WLS,0
23,teta,11,-0.2520580963214507,81,WLS,0
24,v,12,1.0599833747421272,81,WLS,0
25,teta,12,-0.25254303802295247,81,WLS,0
26,v,13,1.0432947645778166,81,WLS,0
27,teta,13,-0.2659268607025745,81,WLS,0
28,v,14,1.016978126545118,81,WLS,0
29,teta,14,0.024719480266029777,81,WLS,0
30,v,15,1.0760020999322553,81,WLS,0
31,teta,15,-0.23873566396337184,81,WLS,0
0,v,0,1.0601606989056769,82,WLS,0
1,teta,0,7.328222063675541e-05,82,WLS,0
2,v,1,1.0451575425830033,82,WLS,0
3,teta,1,-0.0899834040467352,82,WLS,0
4,v,2,1.0202594034208978,82,WLS,0
5,teta,2,-0.16771825845716154,82,WLS,0
6,v,3,1.0224990882566019,82,WLS,0
7,teta,3,-0.16503280488225797,82,WLS,0
8,v,4,1.024112445504669,82,WLS,0
9,teta,4,-0.14339172431101713,82,WLS,0
10,v,5,1.0808805318782753,82,WLS,0
11,teta,5,-0.23633046698834695,82,WLS,0
12,v,6,1.0655923780555145,82,WLS,0
13,teta,6,-0.2181568692657037,82,WLS,0
14,v,7,1.090169666358999,82,WLS,0
15,teta,7,-0.21815686829282263,82,WLS,0
16,v,8,1.0619905791939652,82,WLS,0
17,teta,8,-0.2456599768491353,82,WLS,0
18,v,9,1.0580272949953555,82,WLS,0
19,teta,9,-0.2488655971200575,82,WLS,0
20,v,10,1.0658766244553548,82,WLS,0
21,teta,10,-0.24474138593646064,82,WLS,0
22,v,11,1.0628060372374657,82,WLS,0
23,teta,11,-0.2520064030977186,82,WLS,0
24,v,12,1.0600148746939502,82,WLS,0
25,teta,12,-0.25248264292999023,82,WLS,0
26,v,13,1.0433203847409438,82,WLS,0
27,teta,13,-0.265864904289355,82,WLS,0
28,v,14,1.0169963682415106,82,WLS,0
29,teta,14,0.024689566150237884,82,WLS,0
30,v,15,1.0760781387592142,82,WLS,0
31,teta,15,-0.23872976893257306,82,WLS,0
0,v,0,1.0600390703985965,83,WLS,0
1,teta,0,-1.1078390874288362e-05,83,WLS,0
2,v,1,1.0450494108632185,83,WLS,0
3,teta,1,-0.0899962829748327,83,WLS,0
4,v,2,1.0201460894660428,83,WLS,0
5,teta,2,-0.16777722826388586,83,WLS,0
6,v,3,1.0223868040908113,83,WLS,0
7,teta,3,-0.16509125896610508,83,WLS,0
8,v,4,1.0240007888831804,83,WLS,0
9,teta,4,-0.14344490204224222,83,WLS,0
10,v,5,1.0807376887515048,83,WLS,0
11,teta,5,-0.23634694986994995,83,WLS,0
12,v,6,1.0654409235184934,83,WLS,0
13,teta,6,-0.2182252030090581,83,WLS,0
14,v,7,1.0899418485409758,83,WLS,0
15,teta,7,-0.21822520197485318,83,WLS,0
16,v,8,1.0618678489075717,83,WLS,0
17,teta,8,-0.24573358025923256,83,WLS,0
18,v,9,1.0578023721535474,83,WLS,0
19,teta,9,-0.24898354560628813,83,WLS,0
20,v,10,1.0656527089535828,83,WLS,0
21,teta,10,-0.2449054609149817,83,WLS,0
22,v,11,1.0626561046200231,83,WLS,0
23,teta,11,-0.25194654369537056,83,WLS,0
24,v,12,1.059871060182619,83,WLS,0
25,teta,12,-0.2524110073824344,83,WLS,0
26,v,13,1.043173950924508,83,WLS,0
27,teta,13,-0.26579189822389493,83,WLS,0
28,v,14,1.0168911085887309,83,WLS,0
29,teta,14,0.02471724332144136,83,WLS,0
30,v,15,1.0759326209363322,83,WLS,0
31,teta,15,-0.2387178054313607,83,WLS,0
0,v,0,1.0599116205332797,84,WLS,0
1,teta,0,0.0001820303888990004,84,WLS,0
2,v,1,1.044911548462027,84,WLS,0
3,teta,1,-0.09000361890075129,84,WLS,0
4,v,2,1.0200119692388778,84,WLS,0
5,teta,2,-0.16775528837680354,84,WLS,0
6,v,3,1.0222534280040043,84,WLS,0
7,teta,3,-0.16507086346482774,84,WLS,0
8,v,4,1.0238690332957197,84,WLS,0
9,teta,4,-0.14341891459951941,84,WLS,0
10,v,5,1.080614729815578,84,WLS,0
11,teta,5,-0.23633169398621343,84,WLS,0
12,v,6,1.065361585224406,84,WLS,0
13,teta,6,-0.21829590037190388,84,WLS,0
14,v,7,1.0899705499054564,84,WLS,0
15,teta,7,-0.21829589961866103,84,WLS,0
16,v,8,1.0617549192322826,84,WLS,0
17,teta,8,-0.24585074075308397,84,WLS,0
18,v,9,1.0577360169561023,84,WLS,0
19,teta,9,-0.24909103707481492,84,WLS,0
20,v,10,1.0656582875395393,84,WLS,0
21,teta,10,-0.2449227911162479,84,WLS,0
22,v,11,1.0625303557162924,84,WLS,0
23,teta,11,-0.2520793717276727,84,WLS,0
24,v,12,1.0597428953242534,84,WLS,0
25,teta,12,-0.25255988241115307,84,WLS,0
26,v,13,1.0430413331195512,84,WLS,0
27,teta,13,-0.26595000059850804,84,WLS,0
28,v,14,1.0167671468829684,84,WLS,0
29,teta,14,0.02467938799489404,84,WLS,0
30,v,15,1.075786131481265,84,WLS,0
31,teta,15,-0.23879467343603528,84,WLS,0
0,v,0,1.0600009421182535,85,WLS,0
1,teta,0,2.7864675153334728e-05,85,WLS,0
2,v,1,1.0449787675197522,85,WLS,0
3,teta,1,-0.09002016533293067,85,WLS,0
4,v,2,1.0200849630029967,85,WLS,0
5,teta,2,-0.1677666245923281,85,WLS,0
6,v,3,1.022325138154663,85,WLS,0
7,teta,3,-0.16508115413547286,85,WLS,0
8,v,4,1.023932988320663,85,WLS,0
9,teta,4,-0.1434522845328007,85,WLS,0
10,v,5,1.080680548895011,85,WLS,0
11,teta,5,-0.23640804105447635,85,WLS,0
12,v,6,1.0653958077364871,85,WLS,0
13,teta,6,-0.2182284988151603,85,WLS,0
14,v,7,1.0899399355445574,85,WLS,0
15,teta,7,-0.2182284968097653,85,WLS,0
16,v,8,1.061805710227917,85,WLS,0
17,teta,8,-0.245743760179331,85,WLS,0
18,v,9,1.057781400502636,85,WLS,0
19,teta,9,-0.24892886667978464,85,WLS,0
20,v,10,1.0656634646023353,85,WLS,0
21,teta,10,-0.2448453938798536,85,WLS,0
22,v,11,1.0625168804420262,85,WLS,0
23,teta,11,-0.25197093708232354,85,WLS,0
24,v,12,1.0597550470470047,85,WLS,0
25,teta,12,-0.2524502661672645,85,WLS,0
26,v,13,1.0430542302244452,85,WLS,0
27,teta,13,-0.26584114784315876,85,WLS,0
28,v,14,1.016821789034595,85,WLS,0
29,teta,14,0.02465827348049097,85,WLS,0
30,v,15,1.0758200574457424,85,WLS,0
31,teta,15,-0.23863106478802026,85,WLS,0
0,v,0,1.059841119167189,86,WLS,0
1,teta,0,5.07277539090331e-05,86,WLS,0
2,v,1,1.0448420962878548,86,WLS,0
3,teta,1,-0.0900128792522727,86,WLS,0
4,v,2,1.0199412610162288,86,WLS,0
5,teta,2,-0.16779088779791781,86,WLS,0
6,v,3,1.0221829291590256,86,WLS,0
7,teta,3,-0.165105994457624,86,WLS,0
8,v,4,1.0237982401731514,86,WLS,0
9,teta,4,-0.14345457395224226,86,WLS,0
10,v,5,1.0805534508116796,86,WLS,0
11,teta,5,-0.23640522885279283,86,WLS,0
12,v,6,1.0652616840038385,86,WLS,0
13,teta,6,-0.21825397142990996,86,WLS,0
14,v,7,1.089824670562065,86,WLS,0
15,teta,7,-0.2182539699034549,86,WLS,0
16,v,8,1.0616656061685283,86,WLS,0
17,teta,8,-0.24576936267016064,86,WLS,0
18,v,9,1.0576517405883235,86,WLS,0
19,teta,9,-0.24896555818736404,86,WLS,0
20,v,10,1.0654832036138544,86,WLS,0
21,teta,10,-0.24490469555163083,86,WLS,0
22,v,11,1.0623453686378608,86,WLS,0
23,teta,11,-0.2520782034831127,86,WLS,0
24,v,12,1.0595667239034707,86,WLS,0
25,teta,12,-0.25257316249510964,86,WLS,0
26,v,13,1.042871822708591,86,WLS,0
27,teta,13,-0.26596523469516187,86,WLS,0
28,v,14,1.0166714179415681,86,WLS,0
29,teta,14,0.02473748473483492,86,WLS,0
30,v,15,1.0756247731098063,86,WLS,0
31,teta,15,-0.23878405766551364,86,WLS,0
0,v,0,1.0600402550286587,87,WLS,0
1,teta,0,-0.00023627807364395048,87,WLS,0
2,v,1,1.0450768400988626,87,WLS,0
3,teta,1,-0.08999945523910664,87,WLS,0
4,v,2,1.0201766699189379,87,WLS,0
5,teta,2,-0.16775277458201826,87,WLS,0
6,v,3,1.0224148558591546,87,WLS,0
7,teta,3,-0.1650684509593575,87,WLS,0
8,v,4,1.024029628313074,87,WLS,0
9,teta,4,-0.1434561012372345,87,WLS,0
10,v,5,1.0807959091116106,87,WLS,0
11,teta,5,-0.23634291247872607,87,WLS,0
12,v,6,1.0654688604364115,87,WLS,0
13,teta,6,-0.21827950248554795,87,WLS,0
14,v,7,1.0899808954711787,87,WLS,0
15,teta,7,-0.2182795040018301,87,WLS,0
16,v,8,1.061891908906385,87,WLS,0
17,teta,8,-0.24582790212026553,87,WLS,0
18,v,9,1.0578739288994716,87,WLS,0
19,teta,9,-0.24894497765699444,87,WLS,0
20,v,10,1.0657446972425968,87,WLS,0
21,teta,10,-0.24480182000238246,87,WLS,0
22,v,11,1.062628214477012,87,WLS,0
23,teta,11,-0.2520005086475638,87,WLS,0
24,v,12,1.0598479784341264,87,WLS,0
25,teta,12,-0.25247484184365865,87,WLS,0
26,v,13,1.043161123568606,87,WLS,0
27,teta,13,-0.26585917654522395,87,WLS,0
28,v,14,1.0169159176392153,87,WLS,0
29,teta,14,0.024695464864242164,87,WLS,0
30,v,15,1.07591136831807,87,WLS,0
31,teta,15,-0.23876826931029385,87,WLS,0
0,v,0,1.059970985818296,88,WLS,0
1,teta,0,-2.0779022393695217e-05,88,WLS,0
2,v,1,1.0449755340288516,88,WLS,0
3,teta,1,-0.09002401276604154,88,WLS,0
4,v,2,1.0200773456120462,88,WLS,0
5,teta,2,-0.16778007650292437,88,WLS,0
6,v,3,1.0223176382483492,88,WLS,0
7,teta,3,-0.1650956967485107,88,WLS,0
8,v,4,1.0239300757208583,88,WLS,0
9,teta,4,-0.1434584202829487,88,WLS,0
10,v,5,1.0806695189501838,88,WLS,0
11,teta,5,-0.23638964164189338,88,WLS,0
12,v,6,1.0653751359921408,88,WLS,0
13,teta,6,-0.2182596576201475,88,WLS,0
14,v,7,1.089933987183076,88,WLS,0
15,teta,7,-0.21825965639650766,88,WLS,0
16,v,8,1.0617697415697167,88,WLS,0
17,teta,8,-0.24578424568741097,88,WLS,0
18,v,9,1.0577451987650832,88,WLS,0
19,teta,9,-0.2489337089857923,88,WLS,0
20,v,10,1.0656504475993873,88,WLS,0
21,teta,10,-0.2448774382001985,88,WLS,0
22,v,11,1.0624287308825355,88,WLS,0
23,teta,11,-0.25211838555992694,88,WLS,0
24,v,12,1.0596513238367926,88,WLS,0
25,teta,12,-0.2525970558714287,88,WLS,0
26,v,13,1.042958869606697,88,WLS,0
27,teta,13,-0.265984310001019,88,WLS,0
28,v,14,1.0168171451529824,88,WLS,0
29,teta,14,0.02467357100507071,88,WLS,0
30,v,15,1.0757257185508873,88,WLS,0
31,teta,15,-0.2388784971966973,88,WLS,0
0,v,0,1.0601318763708365,89,WLS,0
1,teta,0,0.00016566928912679286,89,WLS,0
2,v,1,1.0451173111297432,89,WLS,0
3,teta,1,-0.0900159144644247,89,WLS,0
4,v,2,1.0202186636268653,89,WLS,0
5,teta,2,-0.16777460812112086,89,WLS,0
6,v,3,1.022457888205941,89,WLS,0
7,teta,3,-0.16509148539433524,89,WLS,0
8,v,4,1.0240674850465687,89,WLS,0
9,teta,4,-0.14345620249796995,89,WLS,0
10,v,5,1.0808528112713707,89,WLS,0
11,teta,5,-0.23639913193405113,89,WLS,0
12,v,6,1.0655557612243967,89,WLS,0
13,teta,6,-0.21822151990011748,89,WLS,0
14,v,7,1.090143380632422,89,WLS,0
15,teta,7,-0.21822151936283177,89,WLS,0
16,v,8,1.0619506249707533,89,WLS,0
17,teta,8,-0.24572764239099537,89,WLS,0
18,v,9,1.057889840159404,89,WLS,0
19,teta,9,-0.248957364329352,89,WLS,0
20,v,10,1.065762183909861,89,WLS,0
21,teta,10,-0.24491985523960083,89,WLS,0
22,v,11,1.0626910383710964,89,WLS,0
23,teta,11,-0.2518958400529428,89,WLS,0
24,v,12,1.059916887594664,89,WLS,0
25,teta,12,-0.25237657235442446,89,WLS,0
26,v,13,1.0432190672764508,89,WLS,0
27,teta,13,-0.2657602266584626,89,WLS,0
28,v,14,1.0169651049202615,89,WLS,0
29,teta,14,0.024657120886977763,89,WLS,0
30,v,15,1.0759134281787874,89,WLS,0
31,teta,15,-0.23869290316898045,89,WLS,0
0,v,0,1.059950993866132,90,WLS,0
1,teta,0,0.00014882567230679473,90,WLS,0
2,v,1,1.0448861157845502,90,WLS,0
3,teta,1,-0.09000151645375,90,WLS,0
4,v,2,1.0199842860964488,90,WLS,0
5,teta,2,-0.16779188843964074,90,WLS,0
6,v,3,1.0222235542444582,90,WLS,0
7,teta,3,-0.16510650104382626,90,WLS,0
8,v,4,1.0238364691089399,90,WLS,0
9,teta,4,-0.14346462523039474,90,WLS,0
10,v,5,1.0805951928068047,90,WLS,0
11,teta,5,-0.23644733570587073,90,WLS,0
12,v,6,1.06529256303061,90,WLS,0
13,teta,6,-0.2183418602555967,90,WLS,0
14,v,7,1.089815568547868,90,WLS,0
15,teta,7,-0.21834186221196053,90,WLS,0
16,v,8,1.0617197648622598,90,WLS,0
17,teta,8,-0.2459021462418559,90,WLS,0
18,v,9,1.0576575345572792,90,WLS,0
19,teta,9,-0.24901724507696749,90,WLS,0
20,v,10,1.0655117507266452,90,WLS,0
21,teta,10,-0.2448600432557812,90,WLS,0
22,v,11,1.062465960230363,90,WLS,0
23,teta,11,-0.2520334257017117,90,WLS,0
24,v,12,1.0596970013155964,90,WLS,0
25,teta,12,-0.2525067722216401,90,WLS,0
26,v,13,1.043010138275287,90,WLS,0
27,teta,13,-0.26589295149058395,90,WLS,0
28,v,14,1.0167355008839747,90,WLS,0
29,teta,14,0.024716939052799806,90,WLS,0
30,v,15,1.0757789368530106,90,WLS,0
31,teta,15,-0.23867047183678378,90,WLS,0
0,v,0,1.0599022995967653,91,WLS,0
1,teta,0,-0.00014728705167097833,91,WLS,0
2,v,1,1.0449123689981477,91,WLS,0
3,teta,1,-0.09001946825096689,91,WLS,0
4,v,2,1.020017426982891,91,WLS,0
5,teta,2,-0.16777048928554725,91,WLS,0
6,v,3,1.0222579200597441,91,WLS,0
7,teta,3,-0.16508769890777955,91,WLS,0
8,v,4,1.0238634604383152,91,WLS,0
9,teta,4,-0.14348714643370816,91,WLS,0
10,v,5,1.0806175944290548,91,WLS,0
11,teta,5,-0.23642245964423841,91,WLS,0
12,v,6,1.065358314780848,91,WLS,0
13,teta,6,-0.21823592804919742,91,WLS,0
14,v,7,1.0899552006725646,91,WLS,0
15,teta,7,-0.2182359315321496,91,WLS,0
16,v,8,1.0617516568998289,91,WLS,0
17,teta,8,-0.24575123493191425,91,WLS,0
18,v,9,1.0577431649237101,91,WLS,0
19,teta,9,-0.24890563066111115,91,WLS,0
20,v,10,1.0656028685434422,91,WLS,0
21,teta,10,-0.24476657400498084,91,WLS,0
22,v,11,1.0624688669806337,91,WLS,0
23,teta,11,-0.25212863375515415,91,WLS,0
24,v,12,1.0597049644889949,91,WLS,0
25,teta,12,-0.2526224345446615,91,WLS,0
26,v,13,1.043017801999688,91,WLS,0
27,teta,13,-0.26600300735221594,91,WLS,0
28,v,14,1.016747876828936,91,WLS,0
29,teta,14,0.024684600350026252,91,WLS,0
30,v,15,1.0757029359062833,91,WLS,0
31,teta,15,-0.23882144699134028,91,WLS,0
0,v,0,1.0601533367408227,92,WLS,0
1,teta,0,9.77266122401972e-05,92,WLS,0
2,v,1,1.045128176375991,92,WLS,0
3,teta,1,-0.09000626564882247,92,WLS,0
4,v,2,1.020225626105589,92,WLS,0
5,teta,2,-0.16778963175356126,92,WLS,0
6,v,3,1.0224641778232122,92,WLS,0
7,teta,3,-0.16510293316484187,92,WLS,0
8,v,4,1.0240753879107318,92,WLS,0
9,teta,4,-0.14346497581524736,92,WLS,0
10,v,5,1.0808465894072574,92,WLS,0
11,teta,5,-0.2364124666982216,92,WLS,0
12,v,6,1.0655711859164332,92,WLS,0
13,teta,6,-0.21832971551981264,92,WLS,0
14,v,7,1.0901720670481354,92,WLS,0
15,teta,7,-0.21832971165292903,92,WLS,0
16,v,8,1.0619667936823192,92,WLS,0
17,teta,8,-0.2458856430753015,92,WLS,0
18,v,9,1.0579317487015418,92,WLS,0
19,teta,9,-0.24905820944210047,92,WLS,0
20,v,10,1.065800742342902,92,WLS,0
21,teta,10,-0.24489947536100806,92,WLS,0
22,v,11,1.0629036366831137,92,WLS,0
23,teta,11,-0.25192460935519617,92,WLS,0
24,v,12,1.060121182793563,92,WLS,0
25,teta,12,-0.25241122675389704,92,WLS,0
26,v,13,1.0434261592249403,92,WLS,0
27,teta,13,-0.2657892281686849,92,WLS,0
28,v,14,1.0169640907354174,92,WLS,0
29,teta,14,0.02470697601900209,92,WLS,0
30,v,15,1.076140570789628,92,WLS,0
31,teta,15,-0.23863476394394462,92,WLS,0
0,v,0,1.0600761005862875,93,WLS,0
1,teta,0,4.412657889617551e-06,93,WLS,0
2,v,1,1.045089107402125,93,WLS,0
3,teta,1,-0.09001378927376866,93,WLS,0
4,v,2,1.0201816724687145,93,WLS,0
5,teta,2,-0.1678176572077561,93,WLS,0
6,v,3,1.0224210979067152,93,WLS,0
7,teta,3,-0.16513320429905923,93,WLS,0
8,v,4,1.0240365267905243,93,WLS,0
9,teta,4,-0.14346620649407604,93,WLS,0
10,v,5,1.0807791260566688,93,WLS,0
11,teta,5,-0.2363987353154516,93,WLS,0
12,v,6,1.065524475624502,93,WLS,0
13,teta,6,-0.21824378046304696,93,WLS,0
14,v,7,1.090106663756957,93,WLS,0
15,teta,7,-0.2182437818066005,93,WLS,0
16,v,8,1.0619251531423566,93,WLS,0
17,teta,8,-0.24573950490139967,93,WLS,0
18,v,9,1.057962663543715,93,WLS,0
19,teta,9,-0.24891633545048514,93,WLS,0
20,v,10,1.0658168814118556,93,WLS,0
21,teta,10,-0.24484825571389307,93,WLS,0
22,v,11,1.0627242645291552,93,WLS,0
23,teta,11,-0.25196325775482914,93,WLS,0
24,v,12,1.0599467541782779,93,WLS,0
25,teta,12,-0.2524538175510784,93,WLS,0
26,v,13,1.0432594712360796,93,WLS,0
27,teta,13,-0.2658420662173056,93,WLS,0
28,v,14,1.016941899719278,93,WLS,0
29,teta,14,0.024696902346815243,93,WLS,0
30,v,15,1.0760269429510838,93,WLS,0
31,teta,15,-0.23869425283368534,93,WLS,0
0,v,0,1.0596786403789242,94,WLS,0
1,teta,0,-0.00022437992910991262,94,WLS,0
2,v,1,1.0447337571116173,94,WLS,0
3,teta,1,-0.08997247922618866,94,WLS,0
4,v,2,1.0198361544836503,94,WLS,0
5,teta,2,-0.16772358619633207,94,WLS,0
6,v,3,1.022077844518971,94,WLS,0
7,teta,3,-0.16503931635447341,94,WLS,0
8,v,4,1.023675350055339,94,WLS,0
9,teta,4,-0.14346555985936998,94,WLS,0
10,v,5,1.0803837767377646,94,WLS,0
11,teta,5,-0.23640076045180647,94,WLS,0
12,v,6,1.0651698183553642,94,WLS,0
13,teta,6,-0.21814610590300873,94,WLS,0
14,v,7,1.0897558473744762,94,WLS,0
15,teta,7,-0.2181461050309463,94,WLS,0
16,v,8,1.0615655983704284,94,WLS,0
17,teta,8,-0.24563995147807777,94,WLS,0
18,v,9,1.0575111902643781,94,WLS,0
19,teta,9,-0.24895992245218945,94,WLS,0
20,v,10,1.0653721505516904,94,WLS,0
21,teta,10,-0.24485784824311424,94,WLS,0
22,v,11,1.0622697181425351,94,WLS,0
23,teta,11,-0.2519724470408989,94,WLS,0
24,v,12,1.059502837426259,94,WLS,0
25,teta,12,-0.25244804605314664,94,WLS,0
26,v,13,1.0428098463892332,94,WLS,0
27,teta,13,-0.2658428412001235,94,WLS,0
28,v,14,1.0165766253696633,94,WLS,0
29,teta,14,0.024746993154900296,94,WLS,0
30,v,15,1.075540891873559,94,WLS,0
31,teta,15,-0.23864335251133495,94,WLS,0
0,v,0,1.060147669259305,95,WLS,0
1,teta,0,-0.0001202763157139492,95,WLS,0
2,v,1,1.0451949059522123,95,WLS,0
3,teta,1,-0.09003666476051059,95,WLS,0
4,v,2,1.020295203357319,95,WLS,0
5,teta,2,-0.1677954599859204,95,WLS,0
6,v,3,1.0225361928277406,95,WLS,0
7,teta,3,-0.16510935684171324,95,WLS,0
8,v,4,1.0241438222884098,95,WLS,0
9,teta,4,-0.14348546948685645,95,WLS,0
10,v,5,1.0809299062198114,95,WLS,0
11,teta,5,-0.2363837354487052,95,WLS,0
12,v,6,1.0655959101360972,95,WLS,0
13,teta,6,-0.2182636086488012,95,WLS,0
14,v,7,1.0901074534342443,95,WLS,0
15,teta,7,-0.21826361044627288,95,WLS,0
16,v,8,1.0620184552169083,95,WLS,0
17,teta,8,-0.2457826084818671,95,WLS,0
18,v,9,1.0580137405895425,95,WLS,0
19,teta,9,-0.24893743286551953,95,WLS,0
20,v,10,1.0659151103558553,95,WLS,0
21,teta,10,-0.24482540977503175,95,WLS,0
22,v,11,1.0626841923934438,95,WLS,0
23,teta,11,-0.2521237709212667,95,WLS,0
24,v,12,1.059903068631028,95,WLS,0
25,teta,12,-0.25260288001481795,95,WLS,0
26,v,13,1.0432122789064515,95,WLS,0
27,teta,13,-0.2659807165702044,95,WLS,0
28,v,14,1.0170220985088576,95,WLS,0
29,teta,14,0.024666074092194915,95,WLS,0
30,v,15,1.0759611188016125,95,WLS,0
31,teta,15,-0.23887324139517155,95,WLS,0
0,v,0,1.0600656540063345,96,WLS,0
1,teta,0,6.879746593255876e-05,96,WLS,0
2,v,1,1.0450398390699498,96,WLS,0
3,teta,1,-0.08999266242154144,96,WLS,0
4,v,2,1.0201413006467914,96,WLS,0
5,teta,2,-0.1677311224957319,96,WLS,0
6,v,3,1.0223810786670637,96,WLS,0
7,teta,3,-0.1650470763655397,96,WLS,0
8,v,4,1.0239935091884025,96,WLS,0
9,teta,4,-0.1434247905777432,96,WLS,0
10,v,5,1.0807454539168662,96,WLS,0
11,teta,5,-0.23631823658331622,96,WLS,0
12,v,6,1.0655258388224607,96,WLS,0
13,teta,6,-0.21824165227783968,96,WLS,0
14,v,7,1.0901717509230735,96,WLS,0
15,teta,7,-0.21824165281412042,96,WLS,0
16,v,8,1.061912629245805,96,WLS,0
17,teta,8,-0.2457800811466643,96,WLS,0
18,v,9,1.0578480777107444,96,WLS,0
19,teta,9,-0.24896445244187665,96,WLS,0
20,v,10,1.0657297338460305,96,WLS,0
21,teta,10,-0.24482092930801036,96,WLS,0
22,v,11,1.0626251517641965,96,WLS,0
23,teta,11,-0.2521159895109235,96,WLS,0
24,v,12,1.0598359920041764,96,WLS,0
25,teta,12,-0.25259364353288205,96,WLS,0
26,v,13,1.043149823988027,96,WLS,0
27,teta,13,-0.2659769948368788,96,WLS,0
28,v,14,1.0168841896826137,96,WLS,0
29,teta,14,0.024686831572692403,96,WLS,0
30,v,15,1.0759100551790657,96,WLS,0
31,teta,15,-0.23883714267347766,96,WLS,0
0,v,0,1.0601554553479853,97,WLS,0
1,teta,0,0.00016435420297341503,97,WLS,0
2,v,1,1.0451136376663577,97,WLS,0
3,teta,1,-0.0900161728015303,97,WLS,0
4,v,2,1.0202133728744396,97,WLS,0
5,teta,2,-0.16777829411929704,97,WLS,0
6,v,3,1.022452619680899,97,WLS,0
7,teta,3,-0.16509345444211795,97,WLS,0
8,v,4,1.0240659155540786,97,WLS,0
9,teta,4,-0.14344437336421237,97,WLS,0
10,v,5,1.0808270213660365,97,WLS,0
11,teta,5,-0.23630757370342284,97,WLS,0
12,v,6,1.0655559123719625,97,WLS,0
13,teta,6,-0.21819401268602587,97,WLS,0
14,v,7,1.0901440133833906,97,WLS,0
15,teta,7,-0.21819401440100056,97,WLS,0
16,v,8,1.06195207412658,97,WLS,0
17,teta,8,-0.24568470477352805,97,WLS,0
18,v,9,1.057897875980144,97,WLS,0
19,teta,9,-0.24889500174277476,97,WLS,0
20,v,10,1.0657964147293058,97,WLS,0
21,teta,10,-0.24474182907781808,97,WLS,0
22,v,11,1.0626675365376999,97,WLS,0
23,teta,11,-0.2520442905227514,97,WLS,0
24,v,12,1.0599003744303954,97,WLS,0
25,teta,12,-0.25252110157344526,97,WLS,0
26,v,13,1.0432104695029951,97,WLS,0
27,teta,13,-0.265906136976243,97,WLS,0
28,v,14,1.0169381967180862,97,WLS,0
29,teta,14,0.024703344064993315,97,WLS,0
30,v,15,1.0759675554993196,97,WLS,0
31,teta,15,-0.2387146315436142,97,WLS,0
0,v,0,1.0597933494145653,98,WLS,0
1,teta,0,-0.00012860275273324971,98,WLS,0
2,v,1,1.0447890088363911,98,WLS,0
3,teta,1,-0.09003401743219319,98,WLS,0
4,v,2,1.0198981262279292,98,WLS,0
5,teta,2,-0.16777180278301243,98,WLS,0
6,v,3,1.022137403517248,98,WLS,0
7,teta,3,-0.16508655866077773,98,WLS,0
8,v,4,1.0237426680869604,98,WLS,0
9,teta,4,-0.14347586815697447,98,WLS,0
10,v,5,1.0804759598041636,98,WLS,0
11,teta,5,-0.23643197259534382,98,WLS,0
12,v,6,1.0652200028291763,98,WLS,0
13,teta,6,-0.21825374457507657,98,WLS,0
14,v,7,1.0897884111999714,98,WLS,0
15,teta,7,-0.2182537423148112,98,WLS,0
16,v,8,1.0616238969760297,98,WLS,0
17,teta,8,-0.24577892956043082,98,WLS,0
18,v,9,1.0575989354067732,98,WLS,0
19,teta,9,-0.24899327238341057,98,WLS,0
20,v,10,1.0654615982727342,98,WLS,0
21,teta,10,-0.24484836183045272,98,WLS,0
22,v,11,1.0624046044239481,98,WLS,0
23,teta,11,-0.25198586996124284,98,WLS,0
24,v,12,1.0596014689488518,98,WLS,0
25,teta,12,-0.25248006963871417,98,WLS,0
26,v,13,1.0429069133355418,98,WLS,0
27,teta,13,-0.2658685841722739,98,WLS,0
28,v,14,1.0166310112095402,98,WLS,0
29,teta,14,0.024656118920431767,98,WLS,0
30,v,15,1.0756735092126113,98,WLS,0
31,teta,15,-0.2386852862643705,98,WLS,0
0,v,0,1.0600568940135193,99,WLS,0
1,teta,0,-0.00010069251440145931,99,WLS,0
2,v,1,1.045056810919251,99,WLS,0
3,teta,1,-0.09003011404783431,99,WLS,0
4,v,2,1.0201528380338531,99,WLS,0
5,teta,2,-0.16779719389882256,99,WLS,0
6,v,3,1.0223951002423772,99,WLS,0
7,teta,3,-0.1651138307158752,99,WLS,0
8,v,4,1.0240072898108037,99,WLS,0
9,teta,4,-0.143493586699186,99,WLS,0
10,v,5,1.0807526902268576,99,WLS,0
11,teta,5,-0.23639886111688713,99,WLS,0
12,v,6,1.0654825996305695,99,WLS,0
13,teta,6,-0.21821779755574747,99,WLS,0
14,v,7,1.0900458157776263,99,WLS,0
15,teta,7,-0.21821780171791802,99,WLS,0
16,v,8,1.0618867618584804,99,WLS,0
17,teta,8,-0.24571039578709905,99,WLS,0
18,v,9,1.057876789227039,99,WLS,0
19,teta,9,-0.2488876767104474,99,WLS,0
20,v,10,1.0657840904310407,99,WLS,0
21,teta,10,-0.24470313063818133,99,WLS,0
22,v,11,1.0625610350761774,99,WLS,0
23,teta,11,-0.2520348898585716,99,WLS,0
24,v,12,1.059775465578402,99,WLS,0
25,teta,12,-0.2525161730743475,99,WLS,0
26,v,13,1.0430857725839868,99,WLS,0
27,teta,13,-0.26590342011338874,99,WLS,0
28,v,14,1.0168964317973177,99,WLS,0
29,teta,14,0.02468249648602122,99,WLS,0
30,v,15,1.0758713210580393,99,WLS,0
31,teta,15,-0.23866161687388687,99,WLS,0
0,v,0,1.058181082755556,0,MAP_SCADA,0
1,teta,0,0.0,0,MAP_SCADA,0
2,v,1,1.043432250264446,0,MAP_SCADA,0
3,teta,1,-0.08905354500522165,0,MAP_SCADA,0
4,v,2,1.0183390817619615,0,MAP_SCADA,0
5,teta,2,-0.16613755651575302,0,MAP_SCADA,0
6,v,3,1.0206383445265093,0,MAP_SCADA,0
7,teta,3,-0.16438126269845413,0,MAP_SCADA,0
8,v,4,1.0222611808560595,0,MAP_SCADA,0
9,teta,4,-0.14286371520015007,0,MAP_SCADA,0
10,v,5,1.0789993493299415,0,MAP_SCADA,0
11,teta,5,-0.23623219731853515,0,MAP_SCADA,0
12,v,6,1.0637822303449826,0,MAP_SCADA,0
13,teta,6,-0.21795432743763854,0,MAP_SCADA,0
14,v,7,1.088523772663002,0,MAP_SCADA,0
15,teta,7,-0.2179559654339633,0,MAP_SCADA,0
16,v,8,1.0601442244235748,0,MAP_SCADA,0
17,teta,8,-0.245686418233287,0,MAP_SCADA,0
18,v,9,1.0561285330177297,0,MAP_SCADA,0
19,teta,9,-0.24882833180331143,0,MAP_SCADA,0
20,v,10,1.063962047479521,0,MAP_SCADA,0
21,teta,10,-0.24473498040072944,0,MAP_SCADA,0
22,v,11,1.0608016414895516,0,MAP_SCADA,0
23,teta,11,-0.2520871826635684,0,MAP_SCADA,0
24,v,12,1.0580166426920667,0,MAP_SCADA,0
25,teta,12,-0.25257894261898167,0,MAP_SCADA,0
26,v,13,1.041409960742227,0,MAP_SCADA,0
27,teta,13,-0.2658276067619853,0,MAP_SCADA,0
28,v,14,1.01486790650988,0,MAP_SCADA,0
29,teta,14,0.02680683676753081,0,MAP_SCADA,0
30,v,15,1.0740852042822437,0,MAP_SCADA,0
31,teta,15,-0.23877027289364333,0,MAP_SCADA,0
0,v,0,1.060387172465166,1,MAP_SCADA,0
1,teta,0,0.0,1,MAP_SCADA,0
2,v,1,1.045459891614643,1,MAP_SCADA,0
3,teta,1,-0.08929206632225274,1,MAP_SCADA,0
4,v,2,1.0203217969083038,1,MAP_SCADA,0
5,teta,2,-0.16623509544051795,1,MAP_SCADA,0
6,v,3,1.0227221372678237,1,MAP_SCADA,0
7,teta,3,-0.16433954455176367,1,MAP_SCADA,0
8,v,4,1.0243706707725324,1,MAP_SCADA,0
9,teta,4,-0.14279763624774477,1,MAP_SCADA,0
10,v,5,1.0812570270939936,1,MAP_SCADA,0
11,teta,5,-0.23546274050920424,1,MAP_SCADA,0
12,v,6,1.065859078810917,1,MAP_SCADA,0
13,teta,6,-0.2175293630282536,1,MAP_SCADA,0
14,v,7,1.090476637436212,1,MAP_SCADA,0
15,teta,7,-0.21753060328863436,1,MAP_SCADA,0
16,v,8,1.062255591363591,1,MAP_SCADA,0
17,teta,8,-0.2450648280987196,1,MAP_SCADA,0
18,v,9,1.0582376582238164,1,MAP_SCADA,0
19,teta,9,-0.24820513013812923,1,MAP_SCADA,0
20,v,10,1.066124927929176,1,MAP_SCADA,0
21,teta,10,-0.24405173955767667,1,MAP_SCADA,0
22,v,11,1.0630782946045247,1,MAP_SCADA,0
23,teta,11,-0.2511737664629888,1,MAP_SCADA,0
24,v,12,1.0603249865207691,1,MAP_SCADA,0
25,teta,12,-0.25165627545969604,1,MAP_SCADA,0
26,v,13,1.0436106837466834,1,MAP_SCADA,0
27,teta,13,-0.26498221429099367,1,MAP_SCADA,0
28,v,14,1.0172626593272782,1,MAP_SCADA,0
29,teta,14,0.025781048189510807,1,MAP_SCADA,0
30,v,15,1.0763453208947513,1,MAP_SCADA,0
31,teta,15,-0.23785413110348463,1,MAP_SCADA,0
0,v,0,1.060868292232233,2,MAP_SCADA,0
1,teta,0,0.0,2,MAP_SCADA,0
2,v,1,1.0460272491116647,2,MAP_SCADA,0
3,teta,1,-0.0892690125578096,2,MAP_SCADA,0
4,v,2,1.0207292093848728,2,MAP_SCADA,0
5,teta,2,-0.16623531875549402,2,MAP_SCADA,0
6,v,3,1.0232386643379154,2,MAP_SCADA,0
7,teta,3,-0.16420177404806616,2,MAP_SCADA,0
8,v,4,1.0248663308959758,2,MAP_SCADA,0
9,teta,4,-0.14273857754048042,2,MAP_SCADA,0
10,v,5,1.0816142473663477,2,MAP_SCADA,0
11,teta,5,-0.23559289107725645,2,MAP_SCADA,0
12,v,6,1.0663912617274194,2,MAP_SCADA,0
13,teta,6,-0.2173281586985797,2,MAP_SCADA,0
14,v,7,1.0910210787936352,2,MAP_SCADA,0
15,teta,7,-0.21732523738450538,2,MAP_SCADA,0
16,v,8,1.0627801060100142,2,MAP_SCADA,0
17,teta,8,-0.24483378626329155,2,MAP_SCADA,0
18,v,9,1.0586925550205502,2,MAP_SCADA,0
19,teta,9,-0.24811649100753683,2,MAP_SCADA,0
20,v,10,1.0665777521045774,2,MAP_SCADA,0
21,teta,10,-0.24404597753337434,2,MAP_SCADA,0
22,v,11,1.063370918252602,2,MAP_SCADA,0
23,teta,11,-0.2512181140005315,2,MAP_SCADA,0
24,v,12,1.0606108966087242,2,MAP_SCADA,0
25,teta,12,-0.25168326776616523,2,MAP_SCADA,0
26,v,13,1.043985589472357,2,MAP_SCADA,0
27,teta,13,-0.26493996528095,2,MAP_SCADA,0
28,v,14,1.0175199085169047,2,MAP_SCADA,0
29,teta,14,0.026736228164177433,2,MAP_SCADA,0
30,v,15,1.0765796894012354,2,MAP_SCADA,0
31,teta,15,-0.23804583078708597,2,MAP_SCADA,0
0,v,0,1.0629945873179325,3,MAP_SCADA,0
1,teta,0,0.0,3,MAP_SCADA,0
2,v,1,1.0481540251903554,3,MAP_SCADA,0
3,teta,1,-0.08902150378136375,3,MAP_SCADA,0
4,v,2,1.022633295651268,3,MAP_SCADA,0
5,teta,2,-0.16472487331361124,3,MAP_SCADA,0
6,v,3,1.0253829424849257,3,MAP_SCADA,0
7,teta,3,-0.1632141144557079,3,MAP_SCADA,0
8,v,4,1.0270557454517288,3,MAP_SCADA,0
9,teta,4,-0.14189052466840538,3,MAP_SCADA,0
10,v,5,1.083931568966871,3,MAP_SCADA,0
11,teta,5,-0.23407706028416214,3,MAP_SCADA,0
12,v,6,1.0685563277754972,3,MAP_SCADA,0
13,teta,6,-0.21612831426486395,3,MAP_SCADA,0
14,v,7,1.0931514723987878,3,MAP_SCADA,0
15,teta,7,-0.2161254555408113,3,MAP_SCADA,0
16,v,8,1.064945467605621,3,MAP_SCADA,0
17,teta,8,-0.24352571732134626,3,MAP_SCADA,0
18,v,9,1.0610000169505218,3,MAP_SCADA,0
19,teta,9,-0.2467277462090357,3,MAP_SCADA,0
20,v,10,1.0689062390933943,3,MAP_SCADA,0
21,teta,10,-0.24261567100608852,3,MAP_SCADA,0
22,v,11,1.0656963312433743,3,MAP_SCADA,0
23,teta,11,-0.2499805498814098,3,MAP_SCADA,0
24,v,12,1.0629225112640845,3,MAP_SCADA,0
25,teta,12,-0.2504604853542559,3,MAP_SCADA,0
26,v,13,1.0463768381244536,3,MAP_SCADA,0
27,teta,13,-0.26353518255872166,3,MAP_SCADA,0
28,v,14,1.0197639949076027,3,MAP_SCADA,0
29,teta,14,0.02667828026535931,3,MAP_SCADA,0
30,v,15,1.0789426710260908,3,MAP_SCADA,0
31,teta,15,-0.23676621104131618,3,MAP_SCADA,0
0,v,0,1.0591896448922566,4,MAP_SCADA,0
1,teta,0,0.0,4,MAP_SCADA,0
2,v,1,1.0442754749273682,4,MAP_SCADA,0
3,teta,1,-0.08977711123841202,4,MAP_SCADA,0
4,v,2,1.0192868444216245,4,MAP_SCADA,0
5,teta,2,-0.1673468542411814,4,MAP_SCADA,0
6,v,3,1.021571204130164,4,MAP_SCADA,0
7,teta,3,-0.1649448493973112,4,MAP_SCADA,0
8,v,4,1.0231651886657174,4,MAP_SCADA,0
9,teta,4,-0.14337744512294145,4,MAP_SCADA,0
10,v,5,1.0798700248974102,4,MAP_SCADA,0
11,teta,5,-0.2366022739289231,4,MAP_SCADA,0
12,v,6,1.0646991318217582,4,MAP_SCADA,0
13,teta,6,-0.2182460473286395,4,MAP_SCADA,0
14,v,7,1.0893716511725033,4,MAP_SCADA,0
15,teta,7,-0.21824903992519196,4,MAP_SCADA,0
16,v,8,1.061073773016553,4,MAP_SCADA,0
17,teta,8,-0.24583765530698826,4,MAP_SCADA,0
18,v,9,1.0570084396355672,4,MAP_SCADA,0
19,teta,9,-0.24910205454041512,4,MAP_SCADA,0
20,v,10,1.0648135808989811,4,MAP_SCADA,0
21,teta,10,-0.2450576055935804,4,MAP_SCADA,0
22,v,11,1.0618437555870668,4,MAP_SCADA,0
23,teta,11,-0.252025877852912,4,MAP_SCADA,0
24,v,12,1.0590784189335605,4,MAP_SCADA,0
25,teta,12,-0.2525120662661171,4,MAP_SCADA,0
26,v,13,1.042344171396665,4,MAP_SCADA,0
27,teta,13,-0.2659216400218994,4,MAP_SCADA,0
28,v,14,1.0157528367910178,4,MAP_SCADA,0
29,teta,14,0.025810560191029286,4,MAP_SCADA,0
30,v,15,1.0751292218456143,4,MAP_SCADA,0
31,teta,15,-0.23872166452054952,4,MAP_SCADA,0
0,v,0,1.060361470657888,5,MAP_SCADA,0
1,teta,0,0.0,5,MAP_SCADA,0
2,v,1,1.0455771149130562,5,MAP_SCADA,0
3,teta,1,-0.08931219127137885,5,MAP_SCADA,0
4,v,2,1.020118084853935,5,MAP_SCADA,0
5,teta,2,-0.16533640058189017,5,MAP_SCADA,0
6,v,3,1.0227031970952103,5,MAP_SCADA,0
7,teta,3,-0.1639509990687634,5,MAP_SCADA,0
8,v,4,1.0243771168480844,5,MAP_SCADA,0
9,teta,4,-0.14250735222621908,5,MAP_SCADA,0
10,v,5,1.081147033723626,5,MAP_SCADA,0
11,teta,5,-0.23534767583021524,5,MAP_SCADA,0
12,v,6,1.0658080489302648,5,MAP_SCADA,0
13,teta,6,-0.21715659131539009,5,MAP_SCADA,0
14,v,7,1.090374619578496,5,MAP_SCADA,0
15,teta,7,-0.21715695917467231,5,MAP_SCADA,0
16,v,8,1.0622204480815396,5,MAP_SCADA,0
17,teta,8,-0.24470117766413058,5,MAP_SCADA,0
18,v,9,1.058197363465951,5,MAP_SCADA,0
19,teta,9,-0.2479004330308274,5,MAP_SCADA,0
20,v,10,1.0660270296024679,5,MAP_SCADA,0
21,teta,10,-0.24378234475350366,5,MAP_SCADA,0
22,v,11,1.0628811234203173,5,MAP_SCADA,0
23,teta,11,-0.25103843745024756,5,MAP_SCADA,0
24,v,12,1.0601280292504647,5,MAP_SCADA,0
25,teta,12,-0.25150871717887346,5,MAP_SCADA,0
26,v,13,1.043443493705668,5,MAP_SCADA,0
27,teta,13,-0.2648712735854435,5,MAP_SCADA,0
28,v,14,1.0170144317734005,5,MAP_SCADA,0
29,teta,14,0.026926315197864696,5,MAP_SCADA,0
30,v,15,1.0761135114073177,5,MAP_SCADA,0
31,teta,15,-0.23784570274201886,5,MAP_SCADA,0
0,v,0,1.061511878018144,6,MAP_SCADA,0
1,teta,0,0.0,6,MAP_SCADA,0
2,v,1,1.0462288289410204,6,MAP_SCADA,0
3,teta,1,-0.0901860299028352,6,MAP_SCADA,0
4,v,2,1.0218090622840779,6,MAP_SCADA,0
5,teta,2,-0.16829422496762622,6,MAP_SCADA,0
6,v,3,1.0238227984176596,6,MAP_SCADA,0
7,teta,3,-0.16521294684132953,6,MAP_SCADA,0
8,v,4,1.0253907084430989,6,MAP_SCADA,0
9,teta,4,-0.1435938061147502,6,MAP_SCADA,0
10,v,5,1.082297935594339,6,MAP_SCADA,0
11,teta,5,-0.23665199303291307,6,MAP_SCADA,0
12,v,6,1.0669273143079236,6,MAP_SCADA,0
13,teta,6,-0.21839889406163074,6,MAP_SCADA,0
14,v,7,1.0914430754048472,6,MAP_SCADA,0
15,teta,7,-0.2184021544001519,6,MAP_SCADA,0
16,v,8,1.0633583953335872,6,MAP_SCADA,0
17,teta,8,-0.24593210742269941,6,MAP_SCADA,0
18,v,9,1.059358612399531,6,MAP_SCADA,0
19,teta,9,-0.24922451601723578,6,MAP_SCADA,0
20,v,10,1.0672943155553984,6,MAP_SCADA,0
21,teta,10,-0.24505563985562748,6,MAP_SCADA,0
22,v,11,1.0640029569302447,6,MAP_SCADA,0
23,teta,11,-0.2522272296936017,6,MAP_SCADA,0
24,v,12,1.0612419276823413,6,MAP_SCADA,0
25,teta,12,-0.25268179705364274,6,MAP_SCADA,0
26,v,13,1.0446702020396021,6,MAP_SCADA,0
27,teta,13,-0.26596021087350163,6,MAP_SCADA,0
28,v,14,1.0181036806820685,6,MAP_SCADA,0
29,teta,14,0.023093831143691974,6,MAP_SCADA,0
30,v,15,1.0772400140571152,6,MAP_SCADA,0
31,teta,15,-0.23906041293739358,6,MAP_SCADA,0
0,v,0,1.0621343810800408,7,MAP_SCADA,0
1,teta,0,0.0,7,MAP_SCADA,0
2,v,1,1.0469521246184201,7,MAP_SCADA,0
3,teta,1,-0.0904108545882391,7,MAP_SCADA,0
4,v,2,1.022479060181045,7,MAP_SCADA,0
5,teta,2,-0.16804334531653517,7,MAP_SCADA,0
6,v,3,1.0244794712115357,7,MAP_SCADA,0
7,teta,3,-0.1652305518583642,7,MAP_SCADA,0
8,v,4,1.026067228789082,7,MAP_SCADA,0
9,teta,4,-0.14357811415957028,7,MAP_SCADA,0
10,v,5,1.0829325711232693,7,MAP_SCADA,0
11,teta,5,-0.23615312403871075,7,MAP_SCADA,0
12,v,6,1.0676690112856437,7,MAP_SCADA,0
13,teta,6,-0.21826005370401158,7,MAP_SCADA,0
14,v,7,1.0922687450500552,7,MAP_SCADA,0
15,teta,7,-0.2182590226178629,7,MAP_SCADA,0
16,v,8,1.0640784862829842,7,MAP_SCADA,0
17,teta,8,-0.245714098224297,7,MAP_SCADA,0
18,v,9,1.0600292126686564,7,MAP_SCADA,0
19,teta,9,-0.24891148068926772,7,MAP_SCADA,0
20,v,10,1.0678689385906057,7,MAP_SCADA,0
21,teta,10,-0.24475221416108742,7,MAP_SCADA,0
22,v,11,1.0649388650820204,7,MAP_SCADA,0
23,teta,11,-0.2516403879993994,7,MAP_SCADA,0
24,v,12,1.0621895201463771,7,MAP_SCADA,0
25,teta,12,-0.25212353944781135,7,MAP_SCADA,0
26,v,13,1.0455032587062627,7,MAP_SCADA,0
27,teta,13,-0.265506177894142,7,MAP_SCADA,0
28,v,14,1.0193264733244833,7,MAP_SCADA,0
29,teta,14,0.02188297909505465,7,MAP_SCADA,0
30,v,15,1.0782271940788346,7,MAP_SCADA,0
31,teta,15,-0.23836684028794594,7,MAP_SCADA,0
0,v,0,1.0574402003705123,8,MAP_SCADA,0
1,teta,0,0.0,8,MAP_SCADA,0
2,v,1,1.0423822652721206,8,MAP_SCADA,0
3,teta,1,-0.09096802365010119,8,MAP_SCADA,0
4,v,2,1.0176624762198936,8,MAP_SCADA,0
5,teta,2,-0.169308252935709,8,MAP_SCADA,0
6,v,3,1.0197841537611836,8,MAP_SCADA,0
7,teta,3,-0.1661699904817712,8,MAP_SCADA,0
8,v,4,1.0213597268944061,8,MAP_SCADA,0
9,teta,4,-0.14447298597273758,8,MAP_SCADA,0
10,v,5,1.0780100607159921,8,MAP_SCADA,0
11,teta,5,-0.23786872265760647,8,MAP_SCADA,0
12,v,6,1.0627966978958205,8,MAP_SCADA,0
13,teta,6,-0.21950834460969307,8,MAP_SCADA,0
14,v,7,1.0873678990271387,8,MAP_SCADA,0
15,teta,7,-0.21950521104352796,8,MAP_SCADA,0
16,v,8,1.0591947638685997,8,MAP_SCADA,0
17,teta,8,-0.2471237003773623,8,MAP_SCADA,0
18,v,9,1.0550968332387778,8,MAP_SCADA,0
19,teta,9,-0.2504573956408235,8,MAP_SCADA,0
20,v,10,1.0630141230286745,8,MAP_SCADA,0
21,teta,10,-0.24636175555046586,8,MAP_SCADA,0
22,v,11,1.059866386179478,8,MAP_SCADA,0
23,teta,11,-0.2537263301252838,8,MAP_SCADA,0
24,v,12,1.0571124831918224,8,MAP_SCADA,0
25,teta,12,-0.25419620431775947,8,MAP_SCADA,0
26,v,13,1.0404644155143348,8,MAP_SCADA,0
27,teta,13,-0.26730748868812226,8,MAP_SCADA,0
28,v,14,1.0143092963228577,8,MAP_SCADA,0
29,teta,14,0.02360165184698624,8,MAP_SCADA,0
30,v,15,1.0731144652263593,8,MAP_SCADA,0
31,teta,15,-0.24047226301528468,8,MAP_SCADA,0
0,v,0,1.0589779322658173,9,MAP_SCADA,0
1,teta,0,0.0,9,MAP_SCADA,0
2,v,1,1.0439817219324692,9,MAP_SCADA,0
3,teta,1,-0.09024847475299848,9,MAP_SCADA,0
4,v,2,1.0189515757387222,9,MAP_SCADA,0
5,teta,2,-0.1682767100371715,9,MAP_SCADA,0
6,v,3,1.0212373285862695,9,MAP_SCADA,0
7,teta,3,-0.16561922156601513,9,MAP_SCADA,0
8,v,4,1.0228608067930323,9,MAP_SCADA,0
9,teta,4,-0.1439383761100809,9,MAP_SCADA,0
10,v,5,1.0796425999880814,9,MAP_SCADA,0
11,teta,5,-0.23722064194454465,9,MAP_SCADA,0
12,v,6,1.064337902004005,9,MAP_SCADA,0
13,teta,6,-0.2189961018237584,9,MAP_SCADA,0
14,v,7,1.0890022333485618,9,MAP_SCADA,0
15,teta,7,-0.2189937042465981,9,MAP_SCADA,0
16,v,8,1.0607103012643049,9,MAP_SCADA,0
17,teta,8,-0.24663075513189608,9,MAP_SCADA,0
18,v,9,1.0566611779470112,9,MAP_SCADA,0
19,teta,9,-0.24988219073269535,9,MAP_SCADA,0
20,v,10,1.0644827739377234,9,MAP_SCADA,0
21,teta,10,-0.24579458662963835,9,MAP_SCADA,0
22,v,11,1.0613998397073272,9,MAP_SCADA,0
23,teta,11,-0.2530743999911439,9,MAP_SCADA,0
24,v,12,1.0586449545586019,9,MAP_SCADA,0
25,teta,12,-0.25352713222204126,9,MAP_SCADA,0
26,v,13,1.0419184446251006,9,MAP_SCADA,0
27,teta,13,-0.266906064580779,9,MAP_SCADA,0
28,v,14,1.0158984274488592,9,MAP_SCADA,0
29,teta,14,0.024919231876915953,9,MAP_SCADA,0
30,v,15,1.0746661743981387,9,MAP_SCADA,0
31,teta,15,-0.23976450686954798,9,MAP_SCADA,0
0,v,0,1.0593356927583542,10,MAP_SCADA,0
1,teta,0,0.0,10,MAP_SCADA,0
2,v,1,1.0446061333346293,10,MAP_SCADA,0
3,teta,1,-0.08958202547772748,10,MAP_SCADA,0
4,v,2,1.0192623913403625,10,MAP_SCADA,0
5,teta,2,-0.16672606561419331,10,MAP_SCADA,0
6,v,3,1.0217301161447514,10,MAP_SCADA,0
7,teta,3,-0.16468853469789752,10,MAP_SCADA,0
8,v,4,1.0233684806732684,10,MAP_SCADA,0
9,teta,4,-0.1431560187975641,10,MAP_SCADA,0
10,v,5,1.0801260678310978,10,MAP_SCADA,0
11,teta,5,-0.23622058417131153,10,MAP_SCADA,0
12,v,6,1.0647960462897974,10,MAP_SCADA,0
13,teta,6,-0.21806510084200276,10,MAP_SCADA,0
14,v,7,1.0893766714669204,10,MAP_SCADA,0
15,teta,7,-0.21806760698034483,10,MAP_SCADA,0
16,v,8,1.0611971431560712,10,MAP_SCADA,0
17,teta,8,-0.24569709710874166,10,MAP_SCADA,0
18,v,9,1.0572082490061872,10,MAP_SCADA,0
19,teta,9,-0.24890611763139156,10,MAP_SCADA,0
20,v,10,1.0650906355203984,10,MAP_SCADA,0
21,teta,10,-0.24481888231766002,10,MAP_SCADA,0
22,v,11,1.0618698886426998,10,MAP_SCADA,0
23,teta,11,-0.2520636147725316,10,MAP_SCADA,0
24,v,12,1.0590949432279175,10,MAP_SCADA,0
25,teta,12,-0.2525433238633301,10,MAP_SCADA,0
26,v,13,1.0423928969261425,10,MAP_SCADA,0
27,teta,13,-0.2659828382031914,10,MAP_SCADA,0
28,v,14,1.0169045272267982,10,MAP_SCADA,0
29,teta,14,0.02540834357328631,10,MAP_SCADA,0
30,v,15,1.075154075336351,10,MAP_SCADA,0
31,teta,15,-0.23875340106753812,10,MAP_SCADA,0
0,v,0,1.0598294513829472,11,MAP_SCADA,0
1,teta,0,0.0,11,MAP_SCADA,0
2,v,1,1.0448064539318818,11,MAP_SCADA,0
3,teta,1,-0.09034410652954948,11,MAP_SCADA,0
4,v,2,1.0200815469798634,11,MAP_SCADA,0
5,teta,2,-0.16804690593224053,11,MAP_SCADA,0
6,v,3,1.0221761326300651,11,MAP_SCADA,0
7,teta,3,-0.16542245833743568,11,MAP_SCADA,0
8,v,4,1.023770757049519,11,MAP_SCADA,0
9,teta,4,-0.1437836515431411,11,MAP_SCADA,0
10,v,5,1.080570282824052,11,MAP_SCADA,0
11,teta,5,-0.23689393156238797,11,MAP_SCADA,0
12,v,6,1.0652789067971187,11,MAP_SCADA,0
13,teta,6,-0.2186146116244971,11,MAP_SCADA,0
14,v,7,1.0898620437218074,11,MAP_SCADA,0
15,teta,7,-0.21861528123528237,11,MAP_SCADA,0
16,v,8,1.061684888754863,11,MAP_SCADA,0
17,teta,8,-0.24615174381972793,11,MAP_SCADA,0
18,v,9,1.0576624421662428,11,MAP_SCADA,0
19,teta,9,-0.24935607081279434,11,MAP_SCADA,0
20,v,10,1.065499434040244,11,MAP_SCADA,0
21,teta,10,-0.24523392504603228,11,MAP_SCADA,0
22,v,11,1.0622248059824402,11,MAP_SCADA,0
23,teta,11,-0.2526414041129985,11,MAP_SCADA,0
24,v,12,1.0594565985718405,11,MAP_SCADA,0
25,teta,12,-0.2531140865172752,11,MAP_SCADA,0
26,v,13,1.0428809825799856,11,MAP_SCADA,0
27,teta,13,-0.26635662430289814,11,MAP_SCADA,0
28,v,14,1.0169610183550124,11,MAP_SCADA,0
29,teta,14,0.023315861611502463,11,MAP_SCADA,0
30,v,15,1.0755135172078902,11,MAP_SCADA,0
31,teta,15,-0.2394076072332626,11,MAP_SCADA,0
0,v,0,1.0613715208592802,12,MAP_SCADA,0
1,teta,0,0.0,12,MAP_SCADA,0
2,v,1,1.0463590545875863,12,MAP_SCADA,0
3,teta,1,-0.08981875342613196,12,MAP_SCADA,0
4,v,2,1.0209472687694026,12,MAP_SCADA,0
5,teta,2,-0.16631310617842004,12,MAP_SCADA,0
6,v,3,1.0236450000182162,12,MAP_SCADA,0
7,teta,3,-0.16424014558068267,12,MAP_SCADA,0
8,v,4,1.0253199052757713,12,MAP_SCADA,0
9,teta,4,-0.14272034463580616,12,MAP_SCADA,0
10,v,5,1.082048065312031,12,MAP_SCADA,0
11,teta,5,-0.23478815227244149,12,MAP_SCADA,0
12,v,6,1.0667681364049646,12,MAP_SCADA,0
13,teta,6,-0.21696561505526157,12,MAP_SCADA,0
14,v,7,1.0913141068223633,12,MAP_SCADA,0
15,teta,7,-0.21696409172810924,12,MAP_SCADA,0
16,v,8,1.0631717715989188,12,MAP_SCADA,0
17,teta,8,-0.24426371170453756,12,MAP_SCADA,0
18,v,9,1.0591485048562475,12,MAP_SCADA,0
19,teta,9,-0.24740017326343877,12,MAP_SCADA,0
20,v,10,1.0670641881845144,12,MAP_SCADA,0
21,teta,10,-0.2432708224549913,12,MAP_SCADA,0
22,v,11,1.0637723678452355,12,MAP_SCADA,0
23,teta,11,-0.2508106076599723,12,MAP_SCADA,0
24,v,12,1.0610159575870364,12,MAP_SCADA,0
25,teta,12,-0.2512981588301268,12,MAP_SCADA,0
26,v,13,1.0444487627625485,12,MAP_SCADA,0
27,teta,13,-0.2643812926178668,12,MAP_SCADA,0
28,v,14,1.0181270025985496,12,MAP_SCADA,0
29,teta,14,0.025820412468191577,12,MAP_SCADA,0
30,v,15,1.0770549790635562,12,MAP_SCADA,0
31,teta,15,-0.23745165888227404,12,MAP_SCADA,0
0,v,0,1.0610995761916853,13,MAP_SCADA,0
1,teta,0,0.0,13,MAP_SCADA,0
2,v,1,1.0460933445160996,13,MAP_SCADA,0
3,teta,1,-0.08944358810744979,13,MAP_SCADA,0
4,v,2,1.0210969328192239,13,MAP_SCADA,0
5,teta,2,-0.16730237324480998,13,MAP_SCADA,0
6,v,3,1.0234774233415094,13,MAP_SCADA,0
7,teta,3,-0.16435558969387543,13,MAP_SCADA,0
8,v,4,1.0250851186274235,13,MAP_SCADA,0
9,teta,4,-0.14281228487704614,13,MAP_SCADA,0
10,v,5,1.0818436450963393,13,MAP_SCADA,0
11,teta,5,-0.2354225316601053,13,MAP_SCADA,0
12,v,6,1.0665861977130413,13,MAP_SCADA,0
13,teta,6,-0.21730000329513324,13,MAP_SCADA,0
14,v,7,1.091157958306091,13,MAP_SCADA,0
15,teta,7,-0.2172978904478019,13,MAP_SCADA,0
16,v,8,1.0629776410852456,13,MAP_SCADA,0
17,teta,8,-0.24471227082024202,13,MAP_SCADA,0
18,v,9,1.0589799835526643,13,MAP_SCADA,0
19,teta,9,-0.2478681362405297,13,MAP_SCADA,0
20,v,10,1.0668818651483407,13,MAP_SCADA,0
21,teta,10,-0.24380817081147457,13,MAP_SCADA,0
22,v,11,1.063723953574098,13,MAP_SCADA,0
23,teta,11,-0.25098744373364146,13,MAP_SCADA,0
24,v,12,1.0609438608984212,13,MAP_SCADA,0
25,teta,12,-0.2514694292025028,13,MAP_SCADA,0
26,v,13,1.0442817201186196,13,MAP_SCADA,0
27,teta,13,-0.2647513679218027,13,MAP_SCADA,0
28,v,14,1.0177359809901867,13,MAP_SCADA,0
29,teta,14,0.02578998548700717,13,MAP_SCADA,0
30,v,15,1.076918230246157,13,MAP_SCADA,0
31,teta,15,-0.23782191772547023,13,MAP_SCADA,0
0,v,0,1.0575801557796296,14,MAP_SCADA,0
1,teta,0,0.0,14,MAP_SCADA,0
2,v,1,1.04272939788371,14,MAP_SCADA,0
3,teta,1,-0.08959619150086581,14,MAP_SCADA,0
4,v,2,1.0178672755128577,14,MAP_SCADA,0
5,teta,2,-0.16765962972391532,14,MAP_SCADA,0
6,v,3,1.0200496059648252,14,MAP_SCADA,0
7,teta,3,-0.1650114593700005,14,MAP_SCADA,0
8,v,4,1.0216548002116836,14,MAP_SCADA,0
9,teta,4,-0.1433719247694413,14,MAP_SCADA,0
10,v,5,1.078363635705402,14,MAP_SCADA,0
11,teta,5,-0.23648490366400132,14,MAP_SCADA,0
12,v,6,1.0630779804688049,14,MAP_SCADA,0
13,teta,6,-0.2182113863903649,14,MAP_SCADA,0
14,v,7,1.087673312712779,14,MAP_SCADA,0
15,teta,7,-0.21821332238852928,14,MAP_SCADA,0
16,v,8,1.059460243457839,14,MAP_SCADA,0
17,teta,8,-0.24575214197413997,14,MAP_SCADA,0
18,v,9,1.0554261142776513,14,MAP_SCADA,0
19,teta,9,-0.2490788816749555,14,MAP_SCADA,0
20,v,10,1.0633792628071244,14,MAP_SCADA,0
21,teta,10,-0.24496583542449357,14,MAP_SCADA,0
22,v,11,1.06012181523886,14,MAP_SCADA,0
23,teta,11,-0.25201468047599296,14,MAP_SCADA,0
24,v,12,1.0573710885273069,14,MAP_SCADA,0
25,teta,12,-0.2524858259433565,14,MAP_SCADA,0
26,v,13,1.0406736354138217,14,MAP_SCADA,0
27,teta,13,-0.26602280423216695,14,MAP_SCADA,0
28,v,14,1.0148135961603069,14,MAP_SCADA,0
29,teta,14,0.024957302195095572,14,MAP_SCADA,0
30,v,15,1.073383089384991,14,MAP_SCADA,0
31,teta,15,-0.23874989147177383,14,MAP_SCADA,0
0,v,0,1.0617185845424026,15,MAP_SCADA,0
1,teta,0,0.0,15,MAP_SCADA,0
2,v,1,1.0467088372044013,15,MAP_SCADA,0
3,teta,1,-0.09002939705178169,15,MAP_SCADA,0
4,v,2,1.0215365831900038,15,MAP_SCADA,0
5,teta,2,-0.16698152760126836,15,MAP_SCADA,0
6,v,3,1.0240265042472854,15,MAP_SCADA,0
7,teta,3,-0.1646242013419525,15,MAP_SCADA,0
8,v,4,1.025664346943894,15,MAP_SCADA,0
9,teta,4,-0.14310972495404115,15,MAP_SCADA,0
10,v,5,1.0825440333463876,15,MAP_SCADA,0
11,teta,5,-0.23577266607515787,15,MAP_SCADA,0
12,v,6,1.0671331260723123,15,MAP_SCADA,0
13,teta,6,-0.21758459911809233,15,MAP_SCADA,0
14,v,7,1.0916880366589135,15,MAP_SCADA,0
15,teta,7,-0.21758584411528298,15,MAP_SCADA,0
16,v,8,1.0635287429584814,15,MAP_SCADA,0
17,teta,8,-0.24500347717648568,15,MAP_SCADA,0
18,v,9,1.0595411199663036,15,MAP_SCADA,0
19,teta,9,-0.24819606713021947,15,MAP_SCADA,0
20,v,10,1.0674316945212456,15,MAP_SCADA,0
21,teta,10,-0.2441081196735803,15,MAP_SCADA,0
22,v,11,1.0643267944077182,15,MAP_SCADA,0
23,teta,11,-0.25142611504346485,15,MAP_SCADA,0
24,v,12,1.061551899274986,15,MAP_SCADA,0
25,teta,12,-0.25190654537901885,15,MAP_SCADA,0
26,v,13,1.0448178278081044,15,MAP_SCADA,0
27,teta,13,-0.26520702354167786,15,MAP_SCADA,0
28,v,14,1.0182018633714283,15,MAP_SCADA,0
29,teta,14,0.025529267464912665,15,MAP_SCADA,0
30,v,15,1.0776219532168005,15,MAP_SCADA,0
31,teta,15,-0.23808333991792585,15,MAP_SCADA,0
0,v,0,1.0600330118805563,16,MAP_SCADA,0
1,teta,0,0.0,16,MAP_SCADA,0
2,v,1,1.0451260562269429,16,MAP_SCADA,0
3,teta,1,-0.08964240045175519,16,MAP_SCADA,0
4,v,2,1.019862136074731,16,MAP_SCADA,0
5,teta,2,-0.16701450291280828,16,MAP_SCADA,0
6,v,3,1.0222758919127808,16,MAP_SCADA,0
7,teta,3,-0.1647499427399373,16,MAP_SCADA,0
8,v,4,1.023934206067752,16,MAP_SCADA,0
9,teta,4,-0.14314022188131117,16,MAP_SCADA,0
10,v,5,1.080599335045734,16,MAP_SCADA,0
11,teta,5,-0.2358518237159743,16,MAP_SCADA,0
12,v,6,1.0653136125154994,16,MAP_SCADA,0
13,teta,6,-0.21769816556550564,16,MAP_SCADA,0
14,v,7,1.0897637076811248,16,MAP_SCADA,0
15,teta,7,-0.21770109890023542,16,MAP_SCADA,0
16,v,8,1.0617565688641724,16,MAP_SCADA,0
17,teta,8,-0.2451084746676841,16,MAP_SCADA,0
18,v,9,1.0577029474863777,16,MAP_SCADA,0
19,teta,9,-0.24836284549259785,16,MAP_SCADA,0
20,v,10,1.0656268799779063,16,MAP_SCADA,0
21,teta,10,-0.24427295442119212,16,MAP_SCADA,0
22,v,11,1.0624137401248666,16,MAP_SCADA,0
23,teta,11,-0.2514545072641355,16,MAP_SCADA,0
24,v,12,1.0596608700233006,16,MAP_SCADA,0
25,teta,12,-0.251908943135965,16,MAP_SCADA,0
26,v,13,1.042970744263644,16,MAP_SCADA,0
27,teta,13,-0.26538851369915256,16,MAP_SCADA,0
28,v,14,1.0172785856626612,16,MAP_SCADA,0
29,teta,14,0.025398611477944064,16,MAP_SCADA,0
30,v,15,1.0756452656599207,16,MAP_SCADA,0
31,teta,15,-0.23822122891039427,16,MAP_SCADA,0
0,v,0,1.061518995382843,17,MAP_SCADA,0
1,teta,0,0.0,17,MAP_SCADA,0
2,v,1,1.0466602230090478,17,MAP_SCADA,0
3,teta,1,-0.08887793923978986,17,MAP_SCADA,0
4,v,2,1.0216786893622334,17,MAP_SCADA,0
5,teta,2,-0.16618137597465305,17,MAP_SCADA,0
6,v,3,1.0239251708312374,17,MAP_SCADA,0
7,teta,3,-0.1639474131756826,17,MAP_SCADA,0
8,v,4,1.025540856305736,17,MAP_SCADA,0
9,teta,4,-0.14238374339532742,17,MAP_SCADA,0
10,v,5,1.0820673827513554,17,MAP_SCADA,0
11,teta,5,-0.23478093289874977,17,MAP_SCADA,0
12,v,6,1.067010683266776,17,MAP_SCADA,0
13,teta,6,-0.21677515694837457,17,MAP_SCADA,0
14,v,7,1.0915124426693221,17,MAP_SCADA,0
15,teta,7,-0.2167727271610505,17,MAP_SCADA,0
16,v,8,1.0634236798965273,17,MAP_SCADA,0
17,teta,8,-0.24412775383496066,17,MAP_SCADA,0
18,v,9,1.059400723156245,17,MAP_SCADA,0
19,teta,9,-0.24728211752077953,17,MAP_SCADA,0
20,v,10,1.0672353521676872,17,MAP_SCADA,0
21,teta,10,-0.24320037147958584,17,MAP_SCADA,0
22,v,11,1.0639387060511174,17,MAP_SCADA,0
23,teta,11,-0.25058774417430013,17,MAP_SCADA,0
24,v,12,1.0611807434798215,17,MAP_SCADA,0
25,teta,12,-0.2510606318832038,17,MAP_SCADA,0
26,v,13,1.0445829250228402,17,MAP_SCADA,0
27,teta,13,-0.26430456069045727,17,MAP_SCADA,0
28,v,14,1.0183578229013739,17,MAP_SCADA,0
29,teta,14,0.02593206150014036,17,MAP_SCADA,0
30,v,15,1.077129602458659,17,MAP_SCADA,0
31,teta,15,-0.23742842166169703,17,MAP_SCADA,0
0,v,0,1.059692085466549,18,MAP_SCADA,0
1,teta,0,0.0,18,MAP_SCADA,0
2,v,1,1.0445099893516692,18,MAP_SCADA,0
3,teta,1,-0.09093997456070309,18,MAP_SCADA,0
4,v,2,1.0201266693962499,18,MAP_SCADA,0
5,teta,2,-0.169179724408656,18,MAP_SCADA,0
6,v,3,1.0220556363830318,18,MAP_SCADA,0
7,teta,3,-0.16599758649737667,18,MAP_SCADA,0
8,v,4,1.0235776610039833,18,MAP_SCADA,0
9,teta,4,-0.14434590599940653,18,MAP_SCADA,0
10,v,5,1.0802825269586278,18,MAP_SCADA,0
11,teta,5,-0.23799616093998163,18,MAP_SCADA,0
12,v,6,1.0651975345586684,18,MAP_SCADA,0
13,teta,6,-0.2195216538499435,18,MAP_SCADA,0
14,v,7,1.0898695642073488,18,MAP_SCADA,0
15,teta,7,-0.21951996331153595,18,MAP_SCADA,0
16,v,8,1.0615846708660854,18,MAP_SCADA,0
17,teta,8,-0.24723136095489864,18,MAP_SCADA,0
18,v,9,1.0575029435474772,18,MAP_SCADA,0
19,teta,9,-0.25041886542615416,18,MAP_SCADA,0
20,v,10,1.065328879056753,18,MAP_SCADA,0
21,teta,10,-0.24632458855095019,18,MAP_SCADA,0
22,v,11,1.0623399476701634,18,MAP_SCADA,0
23,teta,11,-0.25361151147984834,18,MAP_SCADA,0
24,v,12,1.0595471297352121,18,MAP_SCADA,0
25,teta,12,-0.25409967849694653,18,MAP_SCADA,0
26,v,13,1.0428676405490722,18,MAP_SCADA,0
27,teta,13,-0.2674620638532667,18,MAP_SCADA,0
28,v,14,1.016198698718178,18,MAP_SCADA,0
29,teta,14,0.022805368496476578,18,MAP_SCADA,0
30,v,15,1.0755900465541512,18,MAP_SCADA,0
31,teta,15,-0.240414725077443,18,MAP_SCADA,0
0,v,0,1.0591189608497829,19,MAP_SCADA,0
1,teta,0,0.0,19,MAP_SCADA,0
2,v,1,1.0440503252335487,19,MAP_SCADA,0
3,teta,1,-0.09007809755109966,19,MAP_SCADA,0
4,v,2,1.0198932948447033,19,MAP_SCADA,0
5,teta,2,-0.17014197008704857,19,MAP_SCADA,0
6,v,3,1.0214639097388147,19,MAP_SCADA,0
7,teta,3,-0.16628221895264014,19,MAP_SCADA,0
8,v,4,1.0229958461782038,19,MAP_SCADA,0
9,teta,4,-0.14444255853954285,19,MAP_SCADA,0
10,v,5,1.0797873232653916,19,MAP_SCADA,0
11,teta,5,-0.2383689562075828,19,MAP_SCADA,0
12,v,6,1.064632754809845,19,MAP_SCADA,0
13,teta,6,-0.2198884595156179,19,MAP_SCADA,0
14,v,7,1.089358432874027,19,MAP_SCADA,0
15,teta,7,-0.2198869399332208,19,MAP_SCADA,0
16,v,8,1.061010521196171,19,MAP_SCADA,0
17,teta,8,-0.24763950848461452,19,MAP_SCADA,0
18,v,9,1.0569222836564878,19,MAP_SCADA,0
19,teta,9,-0.2508695363458001,19,MAP_SCADA,0
20,v,10,1.0647693253810122,19,MAP_SCADA,0
21,teta,10,-0.24676239695741686,19,MAP_SCADA,0
22,v,11,1.061829881787545,19,MAP_SCADA,0
23,teta,11,-0.2538125752120807,19,MAP_SCADA,0
24,v,12,1.0590609913806535,19,MAP_SCADA,0
25,teta,12,-0.25428821227402804,19,MAP_SCADA,0
26,v,13,1.0423153623279335,19,MAP_SCADA,0
27,teta,13,-0.2676544198168153,19,MAP_SCADA,0
28,v,14,1.0165521461372626,19,MAP_SCADA,0
29,teta,14,0.022376524714537986,19,MAP_SCADA,0
30,v,15,1.075115159414043,19,MAP_SCADA,0
31,teta,15,-0.24051749955433802,19,MAP_SCADA,0
0,v,0,1.0582946228355796,20,MAP_SCADA,0
1,teta,0,0.0,20,MAP_SCADA,0
2,v,1,1.0434782038858186,20,MAP_SCADA,0
3,teta,1,-0.09047605176121046,20,MAP_SCADA,0
4,v,2,1.018047419986006,20,MAP_SCADA,0
5,teta,2,-0.16771231118965518,20,MAP_SCADA,0
6,v,3,1.0205916786508822,20,MAP_SCADA,0
7,teta,3,-0.16541452664776873,20,MAP_SCADA,0
8,v,4,1.0222414980841477,20,MAP_SCADA,0
9,teta,4,-0.14377018417628384,20,MAP_SCADA,0
10,v,5,1.0788402827829349,20,MAP_SCADA,0
11,teta,5,-0.23676116775096068,20,MAP_SCADA,0
12,v,6,1.063558833939075,20,MAP_SCADA,0
13,teta,6,-0.21858815331379564,20,MAP_SCADA,0
14,v,7,1.0880022840641603,20,MAP_SCADA,0
15,teta,7,-0.21858914337191593,20,MAP_SCADA,0
16,v,8,1.0599968200775758,20,MAP_SCADA,0
17,teta,8,-0.24611659614042472,20,MAP_SCADA,0
18,v,9,1.0559281769506692,20,MAP_SCADA,0
19,teta,9,-0.24939616079678859,20,MAP_SCADA,0
20,v,10,1.0638555896505089,20,MAP_SCADA,0
21,teta,10,-0.24531865347345902,20,MAP_SCADA,0
22,v,11,1.06101017903766,20,MAP_SCADA,0
23,teta,11,-0.25217103366040716,20,MAP_SCADA,0
24,v,12,1.05825011182108,20,MAP_SCADA,0
25,teta,12,-0.25265329859938096,20,MAP_SCADA,0
26,v,13,1.0414049741133895,20,MAP_SCADA,0
27,teta,13,-0.266161828696223,20,MAP_SCADA,0
28,v,14,1.0154688998712935,20,MAP_SCADA,0
29,teta,14,0.025464632248097935,20,MAP_SCADA,0
30,v,15,1.0742684918118584,20,MAP_SCADA,0
31,teta,15,-0.23892600807751108,20,MAP_SCADA,0
0,v,0,1.0598243036784922,21,MAP_SCADA,0
1,teta,0,0.0,21,MAP_SCADA,0
2,v,1,1.0450524839466726,21,MAP_SCADA,0
3,teta,1,-0.08939615295472618,21,MAP_SCADA,0
4,v,2,1.019750159402315,21,MAP_SCADA,0
5,teta,2,-0.16594669692138772,21,MAP_SCADA,0
6,v,3,1.022196663381846,21,MAP_SCADA,0
7,teta,3,-0.16429398911618784,21,MAP_SCADA,0
8,v,4,1.0238436245087221,21,MAP_SCADA,0
9,teta,4,-0.1427988213997665,21,MAP_SCADA,0
10,v,5,1.0805321186166683,21,MAP_SCADA,0
11,teta,5,-0.23579314910856314,21,MAP_SCADA,0
12,v,6,1.0653205607926548,21,MAP_SCADA,0
13,teta,6,-0.21763231932581512,21,MAP_SCADA,0
14,v,7,1.089991844819579,21,MAP_SCADA,0
15,teta,7,-0.2176290226715092,21,MAP_SCADA,0
16,v,8,1.0616889597045014,21,MAP_SCADA,0
17,teta,8,-0.2452480678738089,21,MAP_SCADA,0
18,v,9,1.0576369652634139,21,MAP_SCADA,0
19,teta,9,-0.24841057519098933,21,MAP_SCADA,0
20,v,10,1.0654824159680796,21,MAP_SCADA,0
21,teta,10,-0.24428782511267186,21,MAP_SCADA,0
22,v,11,1.062291489671657,21,MAP_SCADA,0
23,teta,11,-0.25146874048586737,21,MAP_SCADA,0
24,v,12,1.0595105371999205,21,MAP_SCADA,0
25,teta,12,-0.2519363924386395,21,MAP_SCADA,0
26,v,13,1.0428607425261858,21,MAP_SCADA,0
27,teta,13,-0.2654082918952449,21,MAP_SCADA,0
28,v,14,1.0161866557341963,21,MAP_SCADA,0
29,teta,14,0.02717228918560583,21,MAP_SCADA,0
30,v,15,1.0755722980275002,21,MAP_SCADA,0
31,teta,15,-0.23817508046197425,21,MAP_SCADA,0
0,v,0,1.060245424324552,22,MAP_SCADA,0
1,teta,0,0.0,22,MAP_SCADA,0
2,v,1,1.0451065124214738,22,MAP_SCADA,0
3,teta,1,-0.09110370150206491,22,MAP_SCADA,0
4,v,2,1.0210548636990173,22,MAP_SCADA,0
5,teta,2,-0.17044757033232738,22,MAP_SCADA,0
6,v,3,1.022546646123336,22,MAP_SCADA,0
7,teta,3,-0.16686410112918118,22,MAP_SCADA,0
8,v,4,1.0240960121449043,22,MAP_SCADA,0
9,teta,4,-0.14494691771139648,22,MAP_SCADA,0
10,v,5,1.0809225563732667,22,MAP_SCADA,0
11,teta,5,-0.23852026417407998,22,MAP_SCADA,0
12,v,6,1.065636330004144,22,MAP_SCADA,0
13,teta,6,-0.22025679789062697,22,MAP_SCADA,0
14,v,7,1.0901792626630538,22,MAP_SCADA,0
15,teta,7,-0.2202564411827051,22,MAP_SCADA,0
16,v,8,1.0620655137445314,22,MAP_SCADA,0
17,teta,8,-0.24789844712213524,22,MAP_SCADA,0
18,v,9,1.058061816960471,22,MAP_SCADA,0
19,teta,9,-0.25113263507386563,22,MAP_SCADA,0
20,v,10,1.0659497496206058,22,MAP_SCADA,0
21,teta,10,-0.24703041618395674,22,MAP_SCADA,0
22,v,11,1.0627875109295484,22,MAP_SCADA,0
23,teta,11,-0.2541241638964479,22,MAP_SCADA,0
24,v,12,1.0599982129724688,22,MAP_SCADA,0
25,teta,12,-0.2546196690724559,22,MAP_SCADA,0
26,v,13,1.0434196826536841,22,MAP_SCADA,0
27,teta,13,-0.2679026008157875,22,MAP_SCADA,0
28,v,14,1.01734056371749,22,MAP_SCADA,0
29,teta,14,0.02112998867646116,22,MAP_SCADA,0
30,v,15,1.0760857978583103,22,MAP_SCADA,0
31,teta,15,-0.2408427934440162,22,MAP_SCADA,0
0,v,0,1.0618815386619727,23,MAP_SCADA,0
1,teta,0,0.0,23,MAP_SCADA,0
2,v,1,1.0469768823776888,23,MAP_SCADA,0
3,teta,1,-0.0890323437525937,23,MAP_SCADA,0
4,v,2,1.0218689547090214,23,MAP_SCADA,0
5,teta,2,-0.16598065129741751,23,MAP_SCADA,0
6,v,3,1.024289125886046,23,MAP_SCADA,0
7,teta,3,-0.16374829594969942,23,MAP_SCADA,0
8,v,4,1.0259241042372864,23,MAP_SCADA,0
9,teta,4,-0.14229900182478886,23,MAP_SCADA,0
10,v,5,1.0827209077018145,23,MAP_SCADA,0
11,teta,5,-0.23466736115768036,23,MAP_SCADA,0
12,v,6,1.0673697294384077,23,MAP_SCADA,0
13,teta,6,-0.21678033680955364,23,MAP_SCADA,0
14,v,7,1.0918438700389548,23,MAP_SCADA,0
15,teta,7,-0.2167793303926318,23,MAP_SCADA,0
16,v,8,1.0638025087491767,23,MAP_SCADA,0
17,teta,8,-0.24423769960017006,23,MAP_SCADA,0
18,v,9,1.059808040631587,23,MAP_SCADA,0
19,teta,9,-0.24735766053385502,23,MAP_SCADA,0
20,v,10,1.067708045587556,23,MAP_SCADA,0
21,teta,10,-0.24316198065459005,23,MAP_SCADA,0
22,v,11,1.0645227121649212,23,MAP_SCADA,0
23,teta,11,-0.250491942845101,23,MAP_SCADA,0
24,v,12,1.0617693629760854,23,MAP_SCADA,0
25,teta,12,-0.2509540819525206,23,MAP_SCADA,0
26,v,13,1.0451269354277815,23,MAP_SCADA,0
27,teta,13,-0.26426213715535696,23,MAP_SCADA,0
28,v,14,1.0189187352891824,23,MAP_SCADA,0
29,teta,14,0.025543910473741993,23,MAP_SCADA,0
30,v,15,1.0778067520159293,23,MAP_SCADA,0
31,teta,15,-0.23723078346319812,23,MAP_SCADA,0
0,v,0,1.061336094764009,24,MAP_SCADA,0
1,teta,0,0.0,24,MAP_SCADA,0
2,v,1,1.046450945744515,24,MAP_SCADA,0
3,teta,1,-0.08913164106252518,24,MAP_SCADA,0
4,v,2,1.0213755381786493,24,MAP_SCADA,0
5,teta,2,-0.16627563417618307,24,MAP_SCADA,0
6,v,3,1.0236869744450448,24,MAP_SCADA,0
7,teta,3,-0.1641448683913191,24,MAP_SCADA,0
8,v,4,1.0253178655369417,24,MAP_SCADA,0
9,teta,4,-0.14262035450758453,24,MAP_SCADA,0
10,v,5,1.0820026812129055,24,MAP_SCADA,0
11,teta,5,-0.23528260581271543,24,MAP_SCADA,0
12,v,6,1.0667787797577595,24,MAP_SCADA,0
13,teta,6,-0.21711839350387493,24,MAP_SCADA,0
14,v,7,1.091344886203136,24,MAP_SCADA,0
15,teta,7,-0.21712101169242917,24,MAP_SCADA,0
16,v,8,1.0631637990177936,24,MAP_SCADA,0
17,teta,8,-0.244543500490763,24,MAP_SCADA,0
18,v,9,1.0591243067876033,24,MAP_SCADA,0
19,teta,9,-0.24778934480848022,24,MAP_SCADA,0
20,v,10,1.0669812808602586,24,MAP_SCADA,0
21,teta,10,-0.24368047848915092,24,MAP_SCADA,0
22,v,11,1.0637913248871516,24,MAP_SCADA,0
23,teta,11,-0.2512146457500954,24,MAP_SCADA,0
24,v,12,1.061026639396147,24,MAP_SCADA,0
25,teta,12,-0.2516866414626605,24,MAP_SCADA,0
26,v,13,1.0444721250114883,24,MAP_SCADA,0
27,teta,13,-0.26483383078638845,24,MAP_SCADA,0
28,v,14,1.0181987326289113,24,MAP_SCADA,0
29,teta,14,0.025821503863025886,24,MAP_SCADA,0
30,v,15,1.0770228698697837,24,MAP_SCADA,0
31,teta,15,-0.2380237549845467,24,MAP_SCADA,0
0,v,0,1.0603909172674764,25,MAP_SCADA,0
1,teta,0,0.0,25,MAP_SCADA,0
2,v,1,1.0453047099053676,25,MAP_SCADA,0
3,teta,1,-0.09125404103070968,25,MAP_SCADA,0
4,v,2,1.020121587859737,25,MAP_SCADA,0
5,teta,2,-0.1690067871752389,25,MAP_SCADA,0
6,v,3,1.0226576980201556,25,MAP_SCADA,0
7,teta,3,-0.16585622441543169,25,MAP_SCADA,0
8,v,4,1.0242740455165704,25,MAP_SCADA,0
9,teta,4,-0.14418867054640874,25,MAP_SCADA,0
10,v,5,1.0810149708200065,25,MAP_SCADA,0
11,teta,5,-0.23690944895246535,25,MAP_SCADA,0
12,v,6,1.0657545938272184,25,MAP_SCADA,0
13,teta,6,-0.21888577020459815,25,MAP_SCADA,0
14,v,7,1.0902960671067388,25,MAP_SCADA,0
15,teta,7,-0.21888613933605072,25,MAP_SCADA,0
16,v,8,1.0621711672360927,25,MAP_SCADA,0
17,teta,8,-0.24633933053153775,25,MAP_SCADA,0
18,v,9,1.0581191982293736,25,MAP_SCADA,0
19,teta,9,-0.24957179866061135,25,MAP_SCADA,0
20,v,10,1.066036326637295,25,MAP_SCADA,0
21,teta,10,-0.24547864946237044,25,MAP_SCADA,0
22,v,11,1.0629640141856855,25,MAP_SCADA,0
23,teta,11,-0.25272249430656646,25,MAP_SCADA,0
24,v,12,1.0601869472266399,25,MAP_SCADA,0
25,teta,12,-0.2531945046361737,25,MAP_SCADA,0
26,v,13,1.0433825654749946,25,MAP_SCADA,0
27,teta,13,-0.2665396783014357,25,MAP_SCADA,0
28,v,14,1.0172779384511885,25,MAP_SCADA,0
29,teta,14,0.023993266600203657,25,MAP_SCADA,0
30,v,15,1.076236253412093,25,MAP_SCADA,0
31,teta,15,-0.2394608148962904,25,MAP_SCADA,0
0,v,0,1.0592823071732191,26,MAP_SCADA,0
1,teta,0,0.0,26,MAP_SCADA,0
2,v,1,1.0442546914756992,26,MAP_SCADA,0
3,teta,1,-0.09013228968610051,26,MAP_SCADA,0
4,v,2,1.019916395788713,26,MAP_SCADA,0
5,teta,2,-0.1690954950824888,26,MAP_SCADA,0
6,v,3,1.021530709896906,26,MAP_SCADA,0
7,teta,3,-0.166130695972131,26,MAP_SCADA,0
8,v,4,1.0231038071912704,26,MAP_SCADA,0
9,teta,4,-0.1442880289114603,26,MAP_SCADA,0
10,v,5,1.0797933323274667,26,MAP_SCADA,0
11,teta,5,-0.23796559521948493,26,MAP_SCADA,0
12,v,6,1.0646296815196372,26,MAP_SCADA,0
13,teta,6,-0.2196158037276674,26,MAP_SCADA,0
14,v,7,1.0892419092949306,26,MAP_SCADA,0
15,teta,7,-0.21961648215908589,26,MAP_SCADA,0
16,v,8,1.061035401479268,26,MAP_SCADA,0
17,teta,8,-0.24730394197894698,26,MAP_SCADA,0
18,v,9,1.0569611102553425,26,MAP_SCADA,0
19,teta,9,-0.25053481793719184,26,MAP_SCADA,0
20,v,10,1.0648138268802003,26,MAP_SCADA,0
21,teta,10,-0.24646168868570625,26,MAP_SCADA,0
22,v,11,1.0617775544212087,26,MAP_SCADA,0
23,teta,11,-0.25328376433764377,26,MAP_SCADA,0
24,v,12,1.058996050791013,26,MAP_SCADA,0
25,teta,12,-0.25374930666792234,26,MAP_SCADA,0
26,v,13,1.042311474016857,26,MAP_SCADA,0
27,teta,13,-0.2672095362445909,26,MAP_SCADA,0
28,v,14,1.0165542480765362,26,MAP_SCADA,0
29,teta,14,0.022736422134969247,26,MAP_SCADA,0
30,v,15,1.0750633288209177,26,MAP_SCADA,0
31,teta,15,-0.2400487978046854,26,MAP_SCADA,0
0,v,0,1.0600849513469712,27,MAP_SCADA,0
1,teta,0,0.0,27,MAP_SCADA,0
2,v,1,1.0450943712324003,27,MAP_SCADA,0
3,teta,1,-0.08976754154787416,27,MAP_SCADA,0
4,v,2,1.0201364033481946,27,MAP_SCADA,0
5,teta,2,-0.16682450674490912,27,MAP_SCADA,0
6,v,3,1.0224587829002219,27,MAP_SCADA,0
7,teta,3,-0.16467781170393736,27,MAP_SCADA,0
8,v,4,1.0240863316272169,27,MAP_SCADA,0
9,teta,4,-0.14309533491685228,27,MAP_SCADA,0
10,v,5,1.0808634055616273,27,MAP_SCADA,0
11,teta,5,-0.23575111084541805,27,MAP_SCADA,0
12,v,6,1.0656153480555572,27,MAP_SCADA,0
13,teta,6,-0.2177662366281353,27,MAP_SCADA,0
14,v,7,1.090258971121939,27,MAP_SCADA,0
15,teta,7,-0.21776893164243197,27,MAP_SCADA,0
16,v,8,1.062004188322777,27,MAP_SCADA,0
17,teta,8,-0.24524774055238296,27,MAP_SCADA,0
18,v,9,1.0579408749162027,27,MAP_SCADA,0
19,teta,9,-0.24841288365531267,27,MAP_SCADA,0
20,v,10,1.0657893062727073,27,MAP_SCADA,0
21,teta,10,-0.24425363583866344,27,MAP_SCADA,0
22,v,11,1.0628820011094373,27,MAP_SCADA,0
23,teta,11,-0.2513099147738154,27,MAP_SCADA,0
24,v,12,1.0600967334089957,27,MAP_SCADA,0
25,teta,12,-0.25180397526695886,27,MAP_SCADA,0
26,v,13,1.0432634353702128,27,MAP_SCADA,0
27,teta,13,-0.26535123752869644,27,MAP_SCADA,0
28,v,14,1.016691893486997,27,MAP_SCADA,0
29,teta,14,0.02522689057393323,27,MAP_SCADA,0
30,v,15,1.0761343164357633,27,MAP_SCADA,0
31,teta,15,-0.23798905629762493,27,MAP_SCADA,0
0,v,0,1.060075857859049,28,MAP_SCADA,0
1,teta,0,0.0,28,MAP_SCADA,0
2,v,1,1.0451433038155633,28,MAP_SCADA,0
3,teta,1,-0.08999327687737615,28,MAP_SCADA,0
4,v,2,1.0196901965639475,28,MAP_SCADA,0
5,teta,2,-0.16627602292130492,28,MAP_SCADA,0
6,v,3,1.0224385696990526,28,MAP_SCADA,0
7,teta,3,-0.1642399761291347,28,MAP_SCADA,0
8,v,4,1.0240732242680624,28,MAP_SCADA,0
9,teta,4,-0.14281477403300102,28,MAP_SCADA,0
10,v,5,1.080743119519995,28,MAP_SCADA,0
11,teta,5,-0.2353168455063655,28,MAP_SCADA,0
12,v,6,1.0654854828504559,28,MAP_SCADA,0
13,teta,6,-0.21727458391757887,28,MAP_SCADA,0
14,v,7,1.0899785678370983,28,MAP_SCADA,0
15,teta,7,-0.21727605660998567,28,MAP_SCADA,0
16,v,8,1.0619085396713102,28,MAP_SCADA,0
17,teta,8,-0.24473096135444383,28,MAP_SCADA,0
18,v,9,1.0578180983827006,28,MAP_SCADA,0
19,teta,9,-0.24790537102635773,28,MAP_SCADA,0
20,v,10,1.065685198494421,28,MAP_SCADA,0
21,teta,10,-0.24376831770362717,28,MAP_SCADA,0
22,v,11,1.0627873333742595,28,MAP_SCADA,0
23,teta,11,-0.2508172925642287,28,MAP_SCADA,0
24,v,12,1.0600113107048048,28,MAP_SCADA,0
25,teta,12,-0.25130804758229075,28,MAP_SCADA,0
26,v,13,1.0432680662454676,28,MAP_SCADA,0
27,teta,13,-0.2646795024272032,28,MAP_SCADA,0
28,v,14,1.0167527131792853,28,MAP_SCADA,0
29,teta,14,0.02609158749541503,28,MAP_SCADA,0
30,v,15,1.076001328941687,28,MAP_SCADA,0
31,teta,15,-0.23761819961600736,28,MAP_SCADA,0
0,v,0,1.0579246263511688,29,MAP_SCADA,0
1,teta,0,0.0,29,MAP_SCADA,0
2,v,1,1.0427314034728374,29,MAP_SCADA,0
3,teta,1,-0.09051384815687558,29,MAP_SCADA,0
4,v,2,1.0187364534406307,29,MAP_SCADA,0
5,teta,2,-0.17093796033062558,29,MAP_SCADA,0
6,v,3,1.0202662077613744,29,MAP_SCADA,0
7,teta,3,-0.16679889930244407,29,MAP_SCADA,0
8,v,4,1.0217965685382677,29,MAP_SCADA,0
9,teta,4,-0.14488860813883508,29,MAP_SCADA,0
10,v,5,1.0787282142822165,29,MAP_SCADA,0
11,teta,5,-0.23908445714940224,29,MAP_SCADA,0
12,v,6,1.0633938544851473,29,MAP_SCADA,0
13,teta,6,-0.22059555974817424,29,MAP_SCADA,0
14,v,7,1.0881010614654647,29,MAP_SCADA,0
15,teta,7,-0.22059422823087066,29,MAP_SCADA,0
16,v,8,1.0597827535210256,29,MAP_SCADA,0
17,teta,8,-0.24844456371581553,29,MAP_SCADA,0
18,v,9,1.0557797189018623,29,MAP_SCADA,0
19,teta,9,-0.25164867610481684,29,MAP_SCADA,0
20,v,10,1.0636730747757184,29,MAP_SCADA,0
21,teta,10,-0.2475511620681111,29,MAP_SCADA,0
22,v,11,1.060329244267926,29,MAP_SCADA,0
23,teta,11,-0.25511395637848905,29,MAP_SCADA,0
24,v,12,1.057550578648637,29,MAP_SCADA,0
25,teta,12,-0.25561893047856565,29,MAP_SCADA,0
26,v,13,1.0409496387559645,29,MAP_SCADA,0
27,teta,13,-0.26875325276809775,29,MAP_SCADA,0
28,v,14,1.015316996439855,29,MAP_SCADA,0
29,teta,14,0.021624796676591642,29,MAP_SCADA,0
30,v,15,1.073629271989388,29,MAP_SCADA,0
31,teta,15,-0.2417402320917666,29,MAP_SCADA,0
0,v,0,1.0601427761583506,30,MAP_SCADA,0
1,teta,0,0.0,30,MAP_SCADA,0
2,v,1,1.0451978108853617,30,MAP_SCADA,0
3,teta,1,-0.08984336132038347,30,MAP_SCADA,0
4,v,2,1.019465351150847,30,MAP_SCADA,0
5,teta,2,-0.16645459542980368,30,MAP_SCADA,0
6,v,3,1.0224763411696574,30,MAP_SCADA,0
7,teta,3,-0.16416961871042612,30,MAP_SCADA,0
8,v,4,1.0241321259011589,30,MAP_SCADA,0
9,teta,4,-0.14275149017466576,30,MAP_SCADA,0
10,v,5,1.0808751378593056,30,MAP_SCADA,0
11,teta,5,-0.23522289530282764,30,MAP_SCADA,0
12,v,6,1.065527208135521,30,MAP_SCADA,0
13,teta,6,-0.2170288148934697,30,MAP_SCADA,0
14,v,7,1.0900244444964893,30,MAP_SCADA,0
15,teta,7,-0.21702881728010856,30,MAP_SCADA,0
16,v,8,1.0619416310026162,30,MAP_SCADA,0
17,teta,8,-0.244395540656453,30,MAP_SCADA,0
18,v,9,1.0579087134971552,30,MAP_SCADA,0
19,teta,9,-0.2476351440671102,30,MAP_SCADA,0
20,v,10,1.0658296979244648,30,MAP_SCADA,0
21,teta,10,-0.24360505768662158,30,MAP_SCADA,0
22,v,11,1.0625818760066985,30,MAP_SCADA,0
23,teta,11,-0.25068146958259785,30,MAP_SCADA,0
24,v,12,1.0598298418640122,30,MAP_SCADA,0
25,teta,12,-0.2511352889246285,30,MAP_SCADA,0
26,v,13,1.0432246872217101,30,MAP_SCADA,0
27,teta,13,-0.2645765017488075,30,MAP_SCADA,0
28,v,14,1.0171135664975113,30,MAP_SCADA,0
29,teta,14,0.026655220668340508,30,MAP_SCADA,0
30,v,15,1.0758101549370778,30,MAP_SCADA,0
31,teta,15,-0.23740476238598315,30,MAP_SCADA,0
0,v,0,1.0602426207463767,31,MAP_SCADA,0
1,teta,0,0.0,31,MAP_SCADA,0
2,v,1,1.045310588879267,31,MAP_SCADA,0
3,teta,1,-0.0891996254422251,31,MAP_SCADA,0
4,v,2,1.0204322897404872,31,MAP_SCADA,0
5,teta,2,-0.167711604232111,31,MAP_SCADA,0
6,v,3,1.0226567467309302,31,MAP_SCADA,0
7,teta,3,-0.16458411221649327,31,MAP_SCADA,0
8,v,4,1.0242561343597822,31,MAP_SCADA,0
9,teta,4,-0.14295158363140617,31,MAP_SCADA,0
10,v,5,1.0809572799260019,31,MAP_SCADA,0
11,teta,5,-0.23573157910018963,31,MAP_SCADA,0
12,v,6,1.0657449514797726,31,MAP_SCADA,0
13,teta,6,-0.21759066700330312,31,MAP_SCADA,0
14,v,7,1.0903082819795553,31,MAP_SCADA,0
15,teta,7,-0.21759046616135894,31,MAP_SCADA,0
16,v,8,1.0621423163301371,31,MAP_SCADA,0
17,teta,8,-0.2450334185028801,31,MAP_SCADA,0
18,v,9,1.0581065657514024,31,MAP_SCADA,0
19,teta,9,-0.2482423534308689,31,MAP_SCADA,0
20,v,10,1.0660277604374133,31,MAP_SCADA,0
21,teta,10,-0.2441507478016158,31,MAP_SCADA,0
22,v,11,1.062949097592194,31,MAP_SCADA,0
23,teta,11,-0.25107643347117603,31,MAP_SCADA,0
24,v,12,1.0601780005444774,31,MAP_SCADA,0
25,teta,12,-0.2515639111522866,31,MAP_SCADA,0
26,v,13,1.0434275373515798,31,MAP_SCADA,0
27,teta,13,-0.26512234185402517,31,MAP_SCADA,0
28,v,14,1.0171714739067383,31,MAP_SCADA,0
29,teta,14,0.025670019557599927,31,MAP_SCADA,0
30,v,15,1.0762035816997815,31,MAP_SCADA,0
31,teta,15,-0.2377844896289458,31,MAP_SCADA,0
0,v,0,1.058692464712921,32,MAP_SCADA,0
1,teta,0,0.0,32,MAP_SCADA,0
2,v,1,1.0436451059268788,32,MAP_SCADA,0
3,teta,1,-0.09067968025486715,32,MAP_SCADA,0
4,v,2,1.0183085214983447,32,MAP_SCADA,0
5,teta,2,-0.16798288950685727,32,MAP_SCADA,0
6,v,3,1.0209612694868078,32,MAP_SCADA,0
7,teta,3,-0.16539722869983303,32,MAP_SCADA,0
8,v,4,1.0226181427109926,32,MAP_SCADA,0
9,teta,4,-0.14375947914760775,32,MAP_SCADA,0
10,v,5,1.079334674424686,32,MAP_SCADA,0
11,teta,5,-0.2364547626647523,32,MAP_SCADA,0
12,v,6,1.06405269280027,32,MAP_SCADA,0
13,teta,6,-0.2185066354713829,32,MAP_SCADA,0
14,v,7,1.0886935845006442,32,MAP_SCADA,0
15,teta,7,-0.2185098483344403,32,MAP_SCADA,0
16,v,8,1.0604258964926234,32,MAP_SCADA,0
17,teta,8,-0.24599925452357407,32,MAP_SCADA,0
18,v,9,1.0564095948444157,32,MAP_SCADA,0
19,teta,9,-0.24919285205946268,32,MAP_SCADA,0
20,v,10,1.0642801508954454,32,MAP_SCADA,0
21,teta,10,-0.2450768387468502,32,MAP_SCADA,0
22,v,11,1.061326878804666,32,MAP_SCADA,0
23,teta,11,-0.252210223976004,32,MAP_SCADA,0
24,v,12,1.0585372396780284,32,MAP_SCADA,0
25,teta,12,-0.2527095926883424,32,MAP_SCADA,0
26,v,13,1.0418138727644795,32,MAP_SCADA,0
27,teta,13,-0.26608352661581314,32,MAP_SCADA,0
28,v,14,1.015245356164112,32,MAP_SCADA,0
29,teta,14,0.025665257046500838,32,MAP_SCADA,0
30,v,15,1.0746432399235089,32,MAP_SCADA,0
31,teta,15,-0.23888037986061136,32,MAP_SCADA,0
0,v,0,1.0600047137466635,33,MAP_SCADA,0
1,teta,0,0.0,33,MAP_SCADA,0
2,v,1,1.0448070261550626,33,MAP_SCADA,0
3,teta,1,-0.09057727163582292,33,MAP_SCADA,0
4,v,2,1.0204069402960543,33,MAP_SCADA,0
5,teta,2,-0.1687667812661874,33,MAP_SCADA,0
6,v,3,1.022309665749937,33,MAP_SCADA,0
7,teta,3,-0.1656788856018046,33,MAP_SCADA,0
8,v,4,1.0238980324798417,33,MAP_SCADA,0
9,teta,4,-0.14393051850083138,33,MAP_SCADA,0
10,v,5,1.0805760108874172,33,MAP_SCADA,0
11,teta,5,-0.23642900712811332,33,MAP_SCADA,0
12,v,6,1.0653262822696967,33,MAP_SCADA,0
13,teta,6,-0.21839474631174047,33,MAP_SCADA,0
14,v,7,1.0897899084952487,33,MAP_SCADA,0
15,teta,7,-0.21839599545066996,33,MAP_SCADA,0
16,v,8,1.0617391377199359,33,MAP_SCADA,0
17,teta,8,-0.24568726954054054,33,MAP_SCADA,0
18,v,9,1.0577317939823807,33,MAP_SCADA,0
19,teta,9,-0.2489134537629068,33,MAP_SCADA,0
20,v,10,1.065619827568389,33,MAP_SCADA,0
21,teta,10,-0.24478463214468368,33,MAP_SCADA,0
22,v,11,1.0625194722948201,33,MAP_SCADA,0
23,teta,11,-0.2519696785804041,33,MAP_SCADA,0
24,v,12,1.0597374904712458,33,MAP_SCADA,0
25,teta,12,-0.2524538480004495,33,MAP_SCADA,0
26,v,13,1.0429781197026298,33,MAP_SCADA,0
27,teta,13,-0.265739271635545,33,MAP_SCADA,0
28,v,14,1.0168256018278032,33,MAP_SCADA,0
29,teta,14,0.02258986906532962,33,MAP_SCADA,0
30,v,15,1.0758124725741125,33,MAP_SCADA,0
31,teta,15,-0.23867653835550506,33,MAP_SCADA,0
0,v,0,1.0590181248124468,34,MAP_SCADA,0
1,teta,0,0.0,34,MAP_SCADA,0
2,v,1,1.044186093758052,34,MAP_SCADA,0
3,teta,1,-0.08994879289247923,34,MAP_SCADA,0
4,v,2,1.0189529952546863,34,MAP_SCADA,0
5,teta,2,-0.16731001778588242,34,MAP_SCADA,0
6,v,3,1.0213717039783785,34,MAP_SCADA,0
7,teta,3,-0.16503250171961598,34,MAP_SCADA,0
8,v,4,1.0230057541349449,34,MAP_SCADA,0
9,teta,4,-0.14341520946174915,34,MAP_SCADA,0
10,v,5,1.079666966744217,34,MAP_SCADA,0
11,teta,5,-0.23619394591370232,34,MAP_SCADA,0
12,v,6,1.06440898442962,34,MAP_SCADA,0
13,teta,6,-0.21811371372062255,34,MAP_SCADA,0
14,v,7,1.0889243033206013,34,MAP_SCADA,0
15,teta,7,-0.21811376064673513,34,MAP_SCADA,0
16,v,8,1.0608265656893585,34,MAP_SCADA,0
17,teta,8,-0.24559444140877398,34,MAP_SCADA,0
18,v,9,1.0567662950454293,34,MAP_SCADA,0
19,teta,9,-0.24883405998218405,34,MAP_SCADA,0
20,v,10,1.0646243199913037,34,MAP_SCADA,0
21,teta,10,-0.24475080714985523,34,MAP_SCADA,0
22,v,11,1.0615840476762062,34,MAP_SCADA,0
23,teta,11,-0.2519480155994566,34,MAP_SCADA,0
24,v,12,1.058814726802696,34,MAP_SCADA,0
25,teta,12,-0.25242231828143397,34,MAP_SCADA,0
26,v,13,1.0421608007172214,34,MAP_SCADA,0
27,teta,13,-0.26568501877075107,34,MAP_SCADA,0
28,v,14,1.0162162611041747,34,MAP_SCADA,0
29,teta,14,0.025319343721848728,34,MAP_SCADA,0
30,v,15,1.0749023541158844,34,MAP_SCADA,0
31,teta,15,-0.23858815193493427,34,MAP_SCADA,0
0,v,0,1.0601702770780168,35,MAP_SCADA,0
1,teta,0,0.0,35,MAP_SCADA,0
2,v,1,1.0450346893526803,35,MAP_SCADA,0
3,teta,1,-0.0906270291802192,35,MAP_SCADA,0
4,v,2,1.0203337102976537,35,MAP_SCADA,0
5,teta,2,-0.16972318936270933,35,MAP_SCADA,0
6,v,3,1.0224228366744983,35,MAP_SCADA,0
7,teta,3,-0.1659531627871501,35,MAP_SCADA,0
8,v,4,1.0240095126515303,35,MAP_SCADA,0
9,teta,4,-0.14415041619937424,35,MAP_SCADA,0
10,v,5,1.0806307767733034,35,MAP_SCADA,0
11,teta,5,-0.23694446578379716,35,MAP_SCADA,0
12,v,6,1.0654407603963498,35,MAP_SCADA,0
13,teta,6,-0.21888256966535855,35,MAP_SCADA,0
14,v,7,1.0899027393440728,35,MAP_SCADA,0
15,teta,7,-0.21888305232662922,35,MAP_SCADA,0
16,v,8,1.0618635415751199,35,MAP_SCADA,0
17,teta,8,-0.24628589397788614,35,MAP_SCADA,0
18,v,9,1.0577737425585798,35,MAP_SCADA,0
19,teta,9,-0.24956633994620248,35,MAP_SCADA,0
20,v,10,1.065592500377397,35,MAP_SCADA,0
21,teta,10,-0.24546555518432614,35,MAP_SCADA,0
22,v,11,1.0626668304961755,35,MAP_SCADA,0
23,teta,11,-0.25247841685898303,35,MAP_SCADA,0
24,v,12,1.0598714374421163,35,MAP_SCADA,0
25,teta,12,-0.2529836124635416,35,MAP_SCADA,0
26,v,13,1.0432553521839056,35,MAP_SCADA,0
27,teta,13,-0.2662432797993454,35,MAP_SCADA,0
28,v,14,1.0172036513331582,35,MAP_SCADA,0
29,teta,14,0.023462214809667214,35,MAP_SCADA,0
30,v,15,1.0758986132257788,35,MAP_SCADA,0
31,teta,15,-0.2392614966188952,35,MAP_SCADA,0
0,v,0,1.0620847828348763,36,MAP_SCADA,0
1,teta,0,0.0,36,MAP_SCADA,0
2,v,1,1.0472980105208372,36,MAP_SCADA,0
3,teta,1,-0.08906824634033118,36,MAP_SCADA,0
4,v,2,1.0212634816588109,36,MAP_SCADA,0
5,teta,2,-0.16445036054285767,36,MAP_SCADA,0
6,v,3,1.0244294130904634,36,MAP_SCADA,0
7,teta,3,-0.16305828899341504,36,MAP_SCADA,0
8,v,4,1.0261132915897095,36,MAP_SCADA,0
9,teta,4,-0.14181109738526562,36,MAP_SCADA,0
10,v,5,1.0829081702776966,36,MAP_SCADA,0
11,teta,5,-0.2341174904102838,36,MAP_SCADA,0
12,v,6,1.0676049828932968,36,MAP_SCADA,0
13,teta,6,-0.2160020609189775,36,MAP_SCADA,0
14,v,7,1.0922349805328526,36,MAP_SCADA,0
15,teta,7,-0.21600246582043203,36,MAP_SCADA,0
16,v,8,1.0639849354855269,36,MAP_SCADA,0
17,teta,8,-0.24341190324244666,36,MAP_SCADA,0
18,v,9,1.0599766724097055,36,MAP_SCADA,0
19,teta,9,-0.24662491260803956,36,MAP_SCADA,0
20,v,10,1.0679232842840536,36,MAP_SCADA,0
21,teta,10,-0.24251440007266403,36,MAP_SCADA,0
22,v,11,1.0645538067636642,36,MAP_SCADA,0
23,teta,11,-0.24992673376428953,36,MAP_SCADA,0
24,v,12,1.0617812764373957,36,MAP_SCADA,0
25,teta,12,-0.2504072868995786,36,MAP_SCADA,0
26,v,13,1.0451895891009872,36,MAP_SCADA,0
27,teta,13,-0.26366300008165283,36,MAP_SCADA,0
28,v,14,1.019332394360946,36,MAP_SCADA,0
29,teta,14,0.02738504599203499,36,MAP_SCADA,0
30,v,15,1.077808515296684,36,MAP_SCADA,0
31,teta,15,-0.2366963175635147,36,MAP_SCADA,0
0,v,0,1.0588989586359967,37,MAP_SCADA,0
1,teta,0,0.0,37,MAP_SCADA,0
2,v,1,1.0439358073709992,37,MAP_SCADA,0
3,teta,1,-0.09030594293863621,37,MAP_SCADA,0
4,v,2,1.0187554902605003,37,MAP_SCADA,0
5,teta,2,-0.16729629277286004,37,MAP_SCADA,0
6,v,3,1.0212316069903657,37,MAP_SCADA,0
7,teta,3,-0.16514908795727584,37,MAP_SCADA,0
8,v,4,1.022862651827719,37,MAP_SCADA,0
9,teta,4,-0.1435562098273176,37,MAP_SCADA,0
10,v,5,1.0795631696139047,37,MAP_SCADA,0
11,teta,5,-0.23649814017896706,37,MAP_SCADA,0
12,v,6,1.064364888623542,37,MAP_SCADA,0
13,teta,6,-0.21843125317508275,37,MAP_SCADA,0
14,v,7,1.0890470455956465,37,MAP_SCADA,0
15,teta,7,-0.21843213314935264,37,MAP_SCADA,0
16,v,8,1.0607391407968294,37,MAP_SCADA,0
17,teta,8,-0.24601389943242058,37,MAP_SCADA,0
18,v,9,1.0566990210495801,37,MAP_SCADA,0
19,teta,9,-0.2491419055683885,37,MAP_SCADA,0
20,v,10,1.0645276217608506,37,MAP_SCADA,0
21,teta,10,-0.24497366065681628,37,MAP_SCADA,0
22,v,11,1.0614152284090168,37,MAP_SCADA,0
23,teta,11,-0.252051278222092,37,MAP_SCADA,0
24,v,12,1.0586538681026763,37,MAP_SCADA,0
25,teta,12,-0.2525191922930459,37,MAP_SCADA,0
26,v,13,1.0419467859792912,37,MAP_SCADA,0
27,teta,13,-0.26609222808957095,37,MAP_SCADA,0
28,v,14,1.0150914684914296,37,MAP_SCADA,0
29,teta,14,0.026183369034666507,37,MAP_SCADA,0
30,v,15,1.074645678833418,37,MAP_SCADA,0
31,teta,15,-0.23885670887691626,37,MAP_SCADA,0
0,v,0,1.0582318020570178,38,MAP_SCADA,0
1,teta,0,0.0,38,MAP_SCADA,0
2,v,1,1.0432560712298673,38,MAP_SCADA,0
3,teta,1,-0.0908771790620978,38,MAP_SCADA,0
4,v,2,1.0182558559456625,38,MAP_SCADA,0
5,teta,2,-0.1684146381639231,38,MAP_SCADA,0
6,v,3,1.0205201334246516,38,MAP_SCADA,0
7,teta,3,-0.16593325346984236,38,MAP_SCADA,0
8,v,4,1.0221529466030106,38,MAP_SCADA,0
9,teta,4,-0.14420956813986552,38,MAP_SCADA,0
10,v,5,1.0788976601711637,38,MAP_SCADA,0
11,teta,5,-0.23720357380880308,38,MAP_SCADA,0
12,v,6,1.0635516579513022,38,MAP_SCADA,0
13,teta,6,-0.21912854060343687,38,MAP_SCADA,0
14,v,7,1.0881230612407222,38,MAP_SCADA,0
15,teta,7,-0.21913079595954546,38,MAP_SCADA,0
16,v,8,1.0599452876942144,38,MAP_SCADA,0
17,teta,8,-0.24666678613477122,38,MAP_SCADA,0
18,v,9,1.0559398330963161,38,MAP_SCADA,0
19,teta,9,-0.24982768115091128,38,MAP_SCADA,0
20,v,10,1.063841194930292,38,MAP_SCADA,0
21,teta,10,-0.2457145854189993,38,MAP_SCADA,0
22,v,11,1.060688410925758,38,MAP_SCADA,0
23,teta,11,-0.2529890235742222,38,MAP_SCADA,0
24,v,12,1.0578882681883088,38,MAP_SCADA,0
25,teta,12,-0.25346982256520606,38,MAP_SCADA,0
26,v,13,1.0411304752736363,38,MAP_SCADA,0
27,teta,13,-0.2671273508556046,38,MAP_SCADA,0
28,v,14,1.0150003562031276,38,MAP_SCADA,0
29,teta,14,0.024390747238655818,38,MAP_SCADA,0
30,v,15,1.0738846281683727,38,MAP_SCADA,0
31,teta,15,-0.23981489061610564,38,MAP_SCADA,0
0,v,0,1.057903329890319,39,MAP_SCADA,0
1,teta,0,0.0,39,MAP_SCADA,0
2,v,1,1.0429034318959203,39,MAP_SCADA,0
3,teta,1,-0.09018120591575218,39,MAP_SCADA,0
4,v,2,1.018342196145275,39,MAP_SCADA,0
5,teta,2,-0.16805541048515912,39,MAP_SCADA,0
6,v,3,1.0202627434820981,39,MAP_SCADA,0
7,teta,3,-0.16561930190906018,39,MAP_SCADA,0
8,v,4,1.0218636507493537,39,MAP_SCADA,0
9,teta,4,-0.1439324205815805,39,MAP_SCADA,0
10,v,5,1.0786541935611478,39,MAP_SCADA,0
11,teta,5,-0.23730083131380195,39,MAP_SCADA,0
12,v,6,1.0632858788655597,39,MAP_SCADA,0
13,teta,6,-0.21910410687230733,39,MAP_SCADA,0
14,v,7,1.0878207924804582,39,MAP_SCADA,0
15,teta,7,-0.21910796466250446,39,MAP_SCADA,0
16,v,8,1.059713442210009,39,MAP_SCADA,0
17,teta,8,-0.24679017884551757,39,MAP_SCADA,0
18,v,9,1.055719172791293,39,MAP_SCADA,0
19,teta,9,-0.24998679789437617,39,MAP_SCADA,0
20,v,10,1.0636525873100042,39,MAP_SCADA,0
21,teta,10,-0.24584281794052026,39,MAP_SCADA,0
22,v,11,1.0604468285985564,39,MAP_SCADA,0
23,teta,11,-0.25330060929316023,39,MAP_SCADA,0
24,v,12,1.0576776158234924,39,MAP_SCADA,0
25,teta,12,-0.2537687435761963,39,MAP_SCADA,0
26,v,13,1.0409117330003146,39,MAP_SCADA,0
27,teta,13,-0.26719386373340676,39,MAP_SCADA,0
28,v,14,1.0147245295999026,39,MAP_SCADA,0
29,teta,14,0.023874873575521375,39,MAP_SCADA,0
30,v,15,1.073679808524171,39,MAP_SCADA,0
31,teta,15,-0.24007274421396088,39,MAP_SCADA,0
0,v,0,1.060278889274026,40,MAP_SCADA,0
1,teta,0,0.0,40,MAP_SCADA,0
2,v,1,1.0453032040069994,40,MAP_SCADA,0
3,teta,1,-0.08987511838933064,40,MAP_SCADA,0
4,v,2,1.0207242830053558,40,MAP_SCADA,0
5,teta,2,-0.16883415619325967,40,MAP_SCADA,0
6,v,3,1.0226591067148447,40,MAP_SCADA,0
7,teta,3,-0.1655282237808956,40,MAP_SCADA,0
8,v,4,1.024226322685525,40,MAP_SCADA,0
9,teta,4,-0.1438163812323947,40,MAP_SCADA,0
10,v,5,1.0810447894222674,40,MAP_SCADA,0
11,teta,5,-0.23723246451524088,40,MAP_SCADA,0
12,v,6,1.065800312905599,40,MAP_SCADA,0
13,teta,6,-0.21893748830785864,40,MAP_SCADA,0
14,v,7,1.0904334909203497,40,MAP_SCADA,0
15,teta,7,-0.21893878999486996,40,MAP_SCADA,0
16,v,8,1.0621997404960424,40,MAP_SCADA,0
17,teta,8,-0.24658619141071425,40,MAP_SCADA,0
18,v,9,1.0581720945558446,40,MAP_SCADA,0
19,teta,9,-0.2498661727200835,40,MAP_SCADA,0
20,v,10,1.0660792612840333,40,MAP_SCADA,0
21,teta,10,-0.2457132092060566,40,MAP_SCADA,0
22,v,11,1.063057950237484,40,MAP_SCADA,0
23,teta,11,-0.25263160798911516,40,MAP_SCADA,0
24,v,12,1.060293670330597,40,MAP_SCADA,0
25,teta,12,-0.25311049412591446,40,MAP_SCADA,0
26,v,13,1.0436108622697524,40,MAP_SCADA,0
27,teta,13,-0.2664110805813546,40,MAP_SCADA,0
28,v,14,1.0176922298026212,40,MAP_SCADA,0
29,teta,14,0.023395935666172735,40,MAP_SCADA,0
30,v,15,1.076327672405658,40,MAP_SCADA,0
31,teta,15,-0.23937644218567514,40,MAP_SCADA,0
0,v,0,1.0599125660621804,41,MAP_SCADA,0
1,teta,0,0.0,41,MAP_SCADA,0
2,v,1,1.0451087381905404,41,MAP_SCADA,0
3,teta,1,-0.08959899932436591,41,MAP_SCADA,0
4,v,2,1.0199271203602382,41,MAP_SCADA,0
5,teta,2,-0.1668242242068646,41,MAP_SCADA,0
6,v,3,1.0222366164775283,41,MAP_SCADA,0
7,teta,3,-0.1648082787375864,41,MAP_SCADA,0
8,v,4,1.0238674896861313,41,MAP_SCADA,0
9,teta,4,-0.1432444943423505,41,MAP_SCADA,0
10,v,5,1.0806593464080523,41,MAP_SCADA,0
11,teta,5,-0.236562631306079,41,MAP_SCADA,0
12,v,6,1.0653615760264343,41,MAP_SCADA,0
13,teta,6,-0.21824712368812377,41,MAP_SCADA,0
14,v,7,1.0899697789162204,41,MAP_SCADA,0
15,teta,7,-0.21824712442704355,41,MAP_SCADA,0
16,v,8,1.0617738990832135,41,MAP_SCADA,0
17,teta,8,-0.2459116257392603,41,MAP_SCADA,0
18,v,9,1.057783764787417,41,MAP_SCADA,0
19,teta,9,-0.24909596716547636,41,MAP_SCADA,0
20,v,10,1.0657366685786394,41,MAP_SCADA,0
21,teta,10,-0.24499443538012183,41,MAP_SCADA,0
22,v,11,1.0623261128877985,41,MAP_SCADA,0
23,teta,11,-0.25250022119998156,41,MAP_SCADA,0
24,v,12,1.0595809384080486,41,MAP_SCADA,0
25,teta,12,-0.2529641785886448,41,MAP_SCADA,0
26,v,13,1.0430004093398868,41,MAP_SCADA,0
27,teta,13,-0.26625678753101584,41,MAP_SCADA,0
28,v,14,1.0165121395407997,41,MAP_SCADA,0
29,teta,14,0.026433454701329937,41,MAP_SCADA,0
30,v,15,1.0755980384837642,41,MAP_SCADA,0
31,teta,15,-0.23924451071487263,41,MAP_SCADA,0
0,v,0,1.059988448352848,42,MAP_SCADA,0
1,teta,0,0.0,42,MAP_SCADA,0
2,v,1,1.0449073396768058,42,MAP_SCADA,0
3,teta,1,-0.09048516551390662,42,MAP_SCADA,0
4,v,2,1.0202663301777462,42,MAP_SCADA,0
5,teta,2,-0.1681043496936912,42,MAP_SCADA,0
6,v,3,1.0223735049469078,42,MAP_SCADA,0
7,teta,3,-0.16533229361627058,42,MAP_SCADA,0
8,v,4,1.0239596710385748,42,MAP_SCADA,0
9,teta,4,-0.14369054155619063,42,MAP_SCADA,0
10,v,5,1.080684835470408,42,MAP_SCADA,0
11,teta,5,-0.23652961633694358,42,MAP_SCADA,0
12,v,6,1.0654613450858599,42,MAP_SCADA,0
13,teta,6,-0.21831280177893486,42,MAP_SCADA,0
14,v,7,1.0900651444047562,42,MAP_SCADA,0
15,teta,7,-0.2183119880020332,42,MAP_SCADA,0
16,v,8,1.0618351364420107,42,MAP_SCADA,0
17,teta,8,-0.24574280674153334,42,MAP_SCADA,0
18,v,9,1.0577687113853527,42,MAP_SCADA,0
19,teta,9,-0.24895721186502645,42,MAP_SCADA,0
20,v,10,1.065706300980678,42,MAP_SCADA,0
21,teta,10,-0.2448866862125412,42,MAP_SCADA,0
22,v,11,1.0625276657204377,42,MAP_SCADA,0
23,teta,11,-0.25198400987286795,42,MAP_SCADA,0
24,v,12,1.059757428596631,42,MAP_SCADA,0
25,teta,12,-0.2524714152210963,42,MAP_SCADA,0
26,v,13,1.0431394718028133,42,MAP_SCADA,0
27,teta,13,-0.26585991676160614,42,MAP_SCADA,0
28,v,14,1.016348781610084,42,MAP_SCADA,0
29,teta,14,0.024119659789914163,42,MAP_SCADA,0
30,v,15,1.075853477050559,42,MAP_SCADA,0
31,teta,15,-0.23867458220342494,42,MAP_SCADA,0
0,v,0,1.0600012492521782,43,MAP_SCADA,0
1,teta,0,0.0,43,MAP_SCADA,0
2,v,1,1.045161866125037,43,MAP_SCADA,0
3,teta,1,-0.08954470269110934,43,MAP_SCADA,0
4,v,2,1.0201063982892133,43,MAP_SCADA,0
5,teta,2,-0.16754890740242429,43,MAP_SCADA,0
6,v,3,1.0223667606091238,43,MAP_SCADA,0
7,teta,3,-0.16488800622155583,43,MAP_SCADA,0
8,v,4,1.0239950359985586,43,MAP_SCADA,0
9,teta,4,-0.1432352951549199,43,MAP_SCADA,0
10,v,5,1.0807098259212495,43,MAP_SCADA,0
11,teta,5,-0.23608103147629905,43,MAP_SCADA,0
12,v,6,1.065447004056115,43,MAP_SCADA,0
13,teta,6,-0.21801972350984408,43,MAP_SCADA,0
14,v,7,1.0900195588636772,43,MAP_SCADA,0
15,teta,7,-0.21802089989117657,43,MAP_SCADA,0
16,v,8,1.0618430327933808,43,MAP_SCADA,0
17,teta,8,-0.24552629713728494,43,MAP_SCADA,0
18,v,9,1.0577874353902346,43,MAP_SCADA,0
19,teta,9,-0.24864947622225944,43,MAP_SCADA,0
20,v,10,1.0656462151925299,43,MAP_SCADA,0
21,teta,10,-0.24444474887811696,43,MAP_SCADA,0
22,v,11,1.0624982616887249,43,MAP_SCADA,0
23,teta,11,-0.2518842938690699,43,MAP_SCADA,0
24,v,12,1.0597234004850418,43,MAP_SCADA,0
25,teta,12,-0.25237110792149037,43,MAP_SCADA,0
26,v,13,1.0430707159441002,43,MAP_SCADA,0
27,teta,13,-0.26560139720779463,43,MAP_SCADA,0
28,v,14,1.0169205215338486,43,MAP_SCADA,0
29,teta,14,0.025823228306796522,43,MAP_SCADA,0
30,v,15,1.075793725859604,43,MAP_SCADA,0
31,teta,15,-0.2385475740787022,43,MAP_SCADA,0
0,v,0,1.0596103974556053,44,MAP_SCADA,0
1,teta,0,0.0,44,MAP_SCADA,0
2,v,1,1.0446101287094904,44,MAP_SCADA,0
3,teta,1,-0.08988302130211467,44,MAP_SCADA,0
4,v,2,1.0196398376240472,44,MAP_SCADA,0
5,teta,2,-0.16757983778906907,44,MAP_SCADA,0
6,v,3,1.022025383912421,44,MAP_SCADA,0
7,teta,3,-0.16475321694452813,44,MAP_SCADA,0
8,v,4,1.0236406878421276,44,MAP_SCADA,0
9,teta,4,-0.143190521387001,44,MAP_SCADA,0
10,v,5,1.0804784625553217,44,MAP_SCADA,0
11,teta,5,-0.23604585711953116,44,MAP_SCADA,0
12,v,6,1.0650915005851862,44,MAP_SCADA,0
13,teta,6,-0.21785415736585392,44,MAP_SCADA,0
14,v,7,1.089636246775528,44,MAP_SCADA,0
15,teta,7,-0.21785347592704316,44,MAP_SCADA,0
16,v,8,1.061499778842752,44,MAP_SCADA,0
17,teta,8,-0.24534570694086053,44,MAP_SCADA,0
18,v,9,1.0575111663672725,44,MAP_SCADA,0
19,teta,9,-0.24862742598399112,44,MAP_SCADA,0
20,v,10,1.065492446987752,44,MAP_SCADA,0
21,teta,10,-0.24452747285488124,44,MAP_SCADA,0
22,v,11,1.062407655120373,44,MAP_SCADA,0
23,teta,11,-0.25139496155737734,44,MAP_SCADA,0
24,v,12,1.0596483081267147,44,MAP_SCADA,0
25,teta,12,-0.2518705215279684,44,MAP_SCADA,0
26,v,13,1.0428254573079245,44,MAP_SCADA,0
27,teta,13,-0.2653867090613209,44,MAP_SCADA,0
28,v,14,1.0160960514846493,44,MAP_SCADA,0
29,teta,14,0.025650173274636253,44,MAP_SCADA,0
30,v,15,1.075725554881189,44,MAP_SCADA,0
31,teta,15,-0.2380593853621879,44,MAP_SCADA,0
0,v,0,1.0604713422157843,45,MAP_SCADA,0
1,teta,0,0.0,45,MAP_SCADA,0
2,v,1,1.0456080514965649,45,MAP_SCADA,0
3,teta,1,-0.08980217485558745,45,MAP_SCADA,0
4,v,2,1.0205015039017473,45,MAP_SCADA,0
5,teta,2,-0.1669327476883046,45,MAP_SCADA,0
6,v,3,1.0228900366659974,45,MAP_SCADA,0
7,teta,3,-0.16454351874632195,45,MAP_SCADA,0
8,v,4,1.0245065321511548,45,MAP_SCADA,0
9,teta,4,-0.14300966969002893,45,MAP_SCADA,0
10,v,5,1.0811692673536337,45,MAP_SCADA,0
11,teta,5,-0.23563333440151424,45,MAP_SCADA,0
12,v,6,1.0659233954659755,45,MAP_SCADA,0
13,teta,6,-0.21751297940646389,45,MAP_SCADA,0
14,v,7,1.0903803891125186,45,MAP_SCADA,0
15,teta,7,-0.2175109467364652,45,MAP_SCADA,0
16,v,8,1.0623542300152533,45,MAP_SCADA,0
17,teta,8,-0.24493849890620323,45,MAP_SCADA,0
18,v,9,1.0583263268238463,45,MAP_SCADA,0
19,teta,9,-0.24820048000115347,45,MAP_SCADA,0
20,v,10,1.0661963616115882,45,MAP_SCADA,0
21,teta,10,-0.24407171786676515,45,MAP_SCADA,0
22,v,11,1.063049771763161,45,MAP_SCADA,0
23,teta,11,-0.2509553934513374,45,MAP_SCADA,0
24,v,12,1.0602650083360858,45,MAP_SCADA,0
25,teta,12,-0.25144092912326077,45,MAP_SCADA,0
26,v,13,1.043591298086438,45,MAP_SCADA,0
27,teta,13,-0.2649565856616547,45,MAP_SCADA,0
28,v,14,1.0174518162916848,45,MAP_SCADA,0
29,teta,14,0.025167435609304116,45,MAP_SCADA,0
30,v,15,1.0763862423548616,45,MAP_SCADA,0
31,teta,15,-0.23762567865195183,45,MAP_SCADA,0
0,v,0,1.0608014852214878,46,MAP_SCADA,0
1,teta,0,0.0,46,MAP_SCADA,0
2,v,1,1.0457147893566001,46,MAP_SCADA,0
3,teta,1,-0.09034494899221389,46,MAP_SCADA,0
4,v,2,1.020800930280946,46,MAP_SCADA,0
5,teta,2,-0.1668781619988176,46,MAP_SCADA,0
6,v,3,1.0231969212464012,46,MAP_SCADA,0
7,teta,3,-0.1646145843644812,46,MAP_SCADA,0
8,v,4,1.0248112075507478,46,MAP_SCADA,0
9,teta,4,-0.14311105488884476,46,MAP_SCADA,0
10,v,5,1.0815625190398541,46,MAP_SCADA,0
11,teta,5,-0.23551309893430494,46,MAP_SCADA,0
12,v,6,1.0663096438108732,46,MAP_SCADA,0
13,teta,6,-0.21761787288283813,46,MAP_SCADA,0
14,v,7,1.0908831756359416,46,MAP_SCADA,0
15,teta,7,-0.21761712307444417,46,MAP_SCADA,0
16,v,8,1.0627076268821085,46,MAP_SCADA,0
17,teta,8,-0.2450591760940341,46,MAP_SCADA,0
18,v,9,1.0586852819193218,46,MAP_SCADA,0
19,teta,9,-0.24820813756356103,46,MAP_SCADA,0
20,v,10,1.0665886601343346,46,MAP_SCADA,0
21,teta,10,-0.24404835282901216,46,MAP_SCADA,0
22,v,11,1.063555001112631,46,MAP_SCADA,0
23,teta,11,-0.251440112461203,46,MAP_SCADA,0
24,v,12,1.0607986660773991,46,MAP_SCADA,0
25,teta,12,-0.2519006165811547,46,MAP_SCADA,0
26,v,13,1.0440495163858632,46,MAP_SCADA,0
27,teta,13,-0.26521406719381013,46,MAP_SCADA,0
28,v,14,1.017158892515218,46,MAP_SCADA,0
29,teta,14,0.024502201054820233,46,MAP_SCADA,0
30,v,15,1.0768134080110447,46,MAP_SCADA,0
31,teta,15,-0.23818997016485804,46,MAP_SCADA,0
0,v,0,1.058597867774606,47,MAP_SCADA,0
1,teta,0,0.0,47,MAP_SCADA,0
2,v,1,1.043804154482768,47,MAP_SCADA,0
3,teta,1,-0.08921149792148782,47,MAP_SCADA,0
4,v,2,1.018314204297662,47,MAP_SCADA,0
5,teta,2,-0.16663165267575641,47,MAP_SCADA,0
6,v,3,1.021011010991662,47,MAP_SCADA,0
7,teta,3,-0.1642329981181315,47,MAP_SCADA,0
8,v,4,1.0226529043627128,47,MAP_SCADA,0
9,teta,4,-0.14274781092058123,47,MAP_SCADA,0
10,v,5,1.0793768406074007,47,MAP_SCADA,0
11,teta,5,-0.2358290665079853,47,MAP_SCADA,0
12,v,6,1.064117537101803,47,MAP_SCADA,0
13,teta,6,-0.21745275339493392,47,MAP_SCADA,0
14,v,7,1.0887365304457957,47,MAP_SCADA,0
15,teta,7,-0.21745273671206694,47,MAP_SCADA,0
16,v,8,1.0605167624107665,47,MAP_SCADA,0
17,teta,8,-0.24500351327071823,47,MAP_SCADA,0
18,v,9,1.0564558832551383,47,MAP_SCADA,0
19,teta,9,-0.24826359351444457,47,MAP_SCADA,0
20,v,10,1.0643856834896892,47,MAP_SCADA,0
21,teta,10,-0.2441636212049558,47,MAP_SCADA,0
22,v,11,1.0611378731576688,47,MAP_SCADA,0
23,teta,11,-0.2515712433055404,47,MAP_SCADA,0
24,v,12,1.0583881234586487,47,MAP_SCADA,0
25,teta,12,-0.25203445751930353,47,MAP_SCADA,0
26,v,13,1.0417076437288937,47,MAP_SCADA,0
27,teta,13,-0.26535699774681365,47,MAP_SCADA,0
28,v,14,1.0155790489317946,47,MAP_SCADA,0
29,teta,14,0.027306060463846937,47,MAP_SCADA,0
30,v,15,1.074389019467169,47,MAP_SCADA,0
31,teta,15,-0.2383079742652128,47,MAP_SCADA,0
0,v,0,1.059774121016856,48,MAP_SCADA,0
1,teta,0,0.0,48,MAP_SCADA,0
2,v,1,1.0449392263179094,48,MAP_SCADA,0
3,teta,1,-0.08986684238317305,48,MAP_SCADA,0
4,v,2,1.0194312763843352,48,MAP_SCADA,0
5,teta,2,-0.1675282453998586,48,MAP_SCADA,0
6,v,3,1.0220074904731062,48,MAP_SCADA,0
7,teta,3,-0.1651805193364324,48,MAP_SCADA,0
8,v,4,1.0236689510302093,48,MAP_SCADA,0
9,teta,4,-0.14350568649615567,48,MAP_SCADA,0
10,v,5,1.0803972588943382,48,MAP_SCADA,0
11,teta,5,-0.236417892281932,48,MAP_SCADA,0
12,v,6,1.065105040337068,48,MAP_SCADA,0
13,teta,6,-0.21833552990904115,48,MAP_SCADA,0
14,v,7,1.089700488750209,48,MAP_SCADA,0
15,teta,7,-0.21833628044271752,48,MAP_SCADA,0
16,v,8,1.0615007413521804,48,MAP_SCADA,0
17,teta,8,-0.24585362771993122,48,MAP_SCADA,0
18,v,9,1.0574167711284879,48,MAP_SCADA,0
19,teta,9,-0.2490519590181449,48,MAP_SCADA,0
20,v,10,1.0653147668682617,48,MAP_SCADA,0
21,teta,10,-0.24495651789873923,48,MAP_SCADA,0
22,v,11,1.0622977412641192,48,MAP_SCADA,0
23,teta,11,-0.25229228181562263,48,MAP_SCADA,0
24,v,12,1.0595321752969113,48,MAP_SCADA,0
25,teta,12,-0.25277505285196433,48,MAP_SCADA,0
26,v,13,1.0427490614743484,48,MAP_SCADA,0
27,teta,13,-0.26610404089226847,48,MAP_SCADA,0
28,v,14,1.016542637709008,48,MAP_SCADA,0
29,teta,14,0.026959823663976215,48,MAP_SCADA,0
30,v,15,1.0755376190939225,48,MAP_SCADA,0
31,teta,15,-0.2390573415042799,48,MAP_SCADA,0
0,v,0,1.0617814456043677,49,MAP_SCADA,0
1,teta,0,0.0,49,MAP_SCADA,0
2,v,1,1.0469814473160979,49,MAP_SCADA,0
3,teta,1,-0.08943576391420793,49,MAP_SCADA,0
4,v,2,1.021669056721945,49,MAP_SCADA,0
5,teta,2,-0.16679706541792907,49,MAP_SCADA,0
6,v,3,1.0240894482147787,49,MAP_SCADA,0
7,teta,3,-0.16456320438799846,49,MAP_SCADA,0
8,v,4,1.0257192377173951,49,MAP_SCADA,0
9,teta,4,-0.14299570402498235,49,MAP_SCADA,0
10,v,5,1.0824558693945985,49,MAP_SCADA,0
11,teta,5,-0.23606447790242505,49,MAP_SCADA,0
12,v,6,1.0672400640495168,49,MAP_SCADA,0
13,teta,6,-0.21772930593084355,49,MAP_SCADA,0
14,v,7,1.091827268045885,49,MAP_SCADA,0
15,teta,7,-0.21772846740452614,49,MAP_SCADA,0
16,v,8,1.0636471218114147,49,MAP_SCADA,0
17,teta,8,-0.24525457576272078,49,MAP_SCADA,0
18,v,9,1.0596093321989721,49,MAP_SCADA,0
19,teta,9,-0.24854570365465592,49,MAP_SCADA,0
20,v,10,1.0674472222778841,49,MAP_SCADA,0
21,teta,10,-0.24450329334198886,49,MAP_SCADA,0
22,v,11,1.0646498684238068,49,MAP_SCADA,0
23,teta,11,-0.2510072795737603,49,MAP_SCADA,0
24,v,12,1.0618830751754336,49,MAP_SCADA,0
25,teta,12,-0.2514642997382986,49,MAP_SCADA,0
26,v,13,1.0450949509026848,49,MAP_SCADA,0
27,teta,13,-0.2649920536195177,49,MAP_SCADA,0
28,v,14,1.0189518981482373,49,MAP_SCADA,0
29,teta,14,0.02584006550939873,49,MAP_SCADA,0
30,v,15,1.077879610764163,49,MAP_SCADA,0
31,teta,15,-0.23785018507148697,49,MAP_SCADA,0
0,v,0,1.059460238327377,50,MAP_SCADA,0
1,teta,0,0.0,50,MAP_SCADA,0
2,v,1,1.0444820360204383,50,MAP_SCADA,0
3,teta,1,-0.08991494046939294,50,MAP_SCADA,0
4,v,2,1.0197502153333173,50,MAP_SCADA,0
5,teta,2,-0.16875361563765398,50,MAP_SCADA,0
6,v,3,1.0217816079344528,50,MAP_SCADA,0
7,teta,3,-0.16553727125228046,50,MAP_SCADA,0
8,v,4,1.0233671212058535,50,MAP_SCADA,0
9,teta,4,-0.14381687337855187,50,MAP_SCADA,0
10,v,5,1.0800553059566729,50,MAP_SCADA,0
11,teta,5,-0.23714920533523318,50,MAP_SCADA,0
12,v,6,1.064859150370764,50,MAP_SCADA,0
13,teta,6,-0.2189421129274638,50,MAP_SCADA,0
14,v,7,1.0894660962385794,50,MAP_SCADA,0
15,teta,7,-0.21893985375897387,50,MAP_SCADA,0
16,v,8,1.0612507165974119,50,MAP_SCADA,0
17,teta,8,-0.2465917917249617,50,MAP_SCADA,0
18,v,9,1.0572090398608551,50,MAP_SCADA,0
19,teta,9,-0.2497220111442424,50,MAP_SCADA,0
20,v,10,1.0650420749299785,50,MAP_SCADA,0
21,teta,10,-0.24557684732177584,50,MAP_SCADA,0
22,v,11,1.0618858252284828,50,MAP_SCADA,0
23,teta,11,-0.2528803285616591,50,MAP_SCADA,0
24,v,12,1.059110289053973,50,MAP_SCADA,0
25,teta,12,-0.2533631041670548,50,MAP_SCADA,0
26,v,13,1.042449991189533,50,MAP_SCADA,0
27,teta,13,-0.2668844191782653,50,MAP_SCADA,0
28,v,14,1.0164863008422582,50,MAP_SCADA,0
29,teta,14,0.024512155213538497,50,MAP_SCADA,0
30,v,15,1.0752293436640237,50,MAP_SCADA,0
31,teta,15,-0.23950345555743738,50,MAP_SCADA,0
0,v,0,1.058622247495415,51,MAP_SCADA,0
1,teta,0,0.0,51,MAP_SCADA,0
2,v,1,1.0435746421620578,51,MAP_SCADA,0
3,teta,1,-0.09022592706123876,51,MAP_SCADA,0
4,v,2,1.0188123630089319,51,MAP_SCADA,0
5,teta,2,-0.1691839461547655,51,MAP_SCADA,0
6,v,3,1.0209521756746764,51,MAP_SCADA,0
7,teta,3,-0.16573289957874213,51,MAP_SCADA,0
8,v,4,1.0225543843320066,51,MAP_SCADA,0
9,teta,4,-0.14397022253759872,51,MAP_SCADA,0
10,v,5,1.079327696043332,51,MAP_SCADA,0
11,teta,5,-0.23717127174623107,51,MAP_SCADA,0
12,v,6,1.0640053018812154,51,MAP_SCADA,0
13,teta,6,-0.21901401430572426,51,MAP_SCADA,0
14,v,7,1.0885836016895016,51,MAP_SCADA,0
15,teta,7,-0.2190169214076334,51,MAP_SCADA,0
16,v,8,1.060405163335179,51,MAP_SCADA,0
17,teta,8,-0.24659595485089833,51,MAP_SCADA,0
18,v,9,1.0563982202144404,51,MAP_SCADA,0
19,teta,9,-0.24981811444576518,51,MAP_SCADA,0
20,v,10,1.0642953354832516,51,MAP_SCADA,0
21,teta,10,-0.2457036115541704,51,MAP_SCADA,0
22,v,11,1.0609969755252413,51,MAP_SCADA,0
23,teta,11,-0.25316305247162696,51,MAP_SCADA,0
24,v,12,1.058213238191362,51,MAP_SCADA,0
25,teta,12,-0.253659732135133,51,MAP_SCADA,0
26,v,13,1.0415721104718554,51,MAP_SCADA,0
27,teta,13,-0.26695646078712426,51,MAP_SCADA,0
28,v,14,1.0156705915711335,51,MAP_SCADA,0
29,teta,14,0.02427827112071876,51,MAP_SCADA,0
30,v,15,1.0742820084865545,51,MAP_SCADA,0
31,teta,15,-0.23986940094724102,51,MAP_SCADA,0
0,v,0,1.0631645733036554,52,MAP_SCADA,0
1,teta,0,0.0,52,MAP_SCADA,0
2,v,1,1.048096427218997,52,MAP_SCADA,0
3,teta,1,-0.08942085643574159,52,MAP_SCADA,0
4,v,2,1.023681071360954,52,MAP_SCADA,0
5,teta,2,-0.1673700490570987,52,MAP_SCADA,0
6,v,3,1.025563358735618,52,MAP_SCADA,0
7,teta,3,-0.1644916845774007,52,MAP_SCADA,0
8,v,4,1.027143836442083,52,MAP_SCADA,0
9,teta,4,-0.14289376205253024,52,MAP_SCADA,0
10,v,5,1.0839605704485569,52,MAP_SCADA,0
11,teta,5,-0.23551881903709496,52,MAP_SCADA,0
12,v,6,1.06870178558655,52,MAP_SCADA,0
13,teta,6,-0.21743395731429788,52,MAP_SCADA,0
14,v,7,1.093210953220363,52,MAP_SCADA,0
15,teta,7,-0.21743292322037674,52,MAP_SCADA,0
16,v,8,1.06512551288624,52,MAP_SCADA,0
17,teta,8,-0.24484490317615218,52,MAP_SCADA,0
18,v,9,1.0611215093329347,52,MAP_SCADA,0
19,teta,9,-0.24805529729273945,52,MAP_SCADA,0
20,v,10,1.0689565304101933,52,MAP_SCADA,0
21,teta,10,-0.2440178737880047,52,MAP_SCADA,0
22,v,11,1.0659728320649198,52,MAP_SCADA,0
23,teta,11,-0.25111081648585404,52,MAP_SCADA,0
24,v,12,1.0632006767407782,52,MAP_SCADA,0
25,teta,12,-0.2515616670406044,52,MAP_SCADA,0
26,v,13,1.046526352210545,52,MAP_SCADA,0
27,teta,13,-0.2647278827299389,52,MAP_SCADA,0
28,v,14,1.0199449800185887,52,MAP_SCADA,0
29,teta,14,0.023619127523902515,52,MAP_SCADA,0
30,v,15,1.0791744684566464,52,MAP_SCADA,0
31,teta,15,-0.23795847134128534,52,MAP_SCADA,0
0,v,0,1.0593323325826076,53,MAP_SCADA,0
1,teta,0,0.0,53,MAP_SCADA,0
2,v,1,1.0439340070121335,53,MAP_SCADA,0
3,teta,1,-0.09161039894660974,53,MAP_SCADA,0
4,v,2,1.0195623462477459,53,MAP_SCADA,0
5,teta,2,-0.17014479710021974,53,MAP_SCADA,0
6,v,3,1.0215412017273249,53,MAP_SCADA,0
7,teta,3,-0.16658982116605242,53,MAP_SCADA,0
8,v,4,1.0231070802885183,53,MAP_SCADA,0
9,teta,4,-0.1448289802786641,53,MAP_SCADA,0
10,v,5,1.079914050244389,53,MAP_SCADA,0
11,teta,5,-0.23789331025135385,53,MAP_SCADA,0
12,v,6,1.0645851413703078,53,MAP_SCADA,0
13,teta,6,-0.2197975455413409,53,MAP_SCADA,0
14,v,7,1.0891083893487097,53,MAP_SCADA,0
15,teta,7,-0.21979800086834717,53,MAP_SCADA,0
16,v,8,1.061005057125279,53,MAP_SCADA,0
17,teta,8,-0.24734339947840386,53,MAP_SCADA,0
18,v,9,1.0569812069142437,53,MAP_SCADA,0
19,teta,9,-0.25052268101230735,53,MAP_SCADA,0
20,v,10,1.0648794985498597,53,MAP_SCADA,0
21,teta,10,-0.24645335864928597,53,MAP_SCADA,0
22,v,11,1.0618666256350657,53,MAP_SCADA,0
23,teta,11,-0.2535172720811824,53,MAP_SCADA,0
24,v,12,1.0590959560588737,53,MAP_SCADA,0
25,teta,12,-0.2539846372468266,53,MAP_SCADA,0
26,v,13,1.0422838704076307,53,MAP_SCADA,0
27,teta,13,-0.2674261878137754,53,MAP_SCADA,0
28,v,14,1.0158030832485903,53,MAP_SCADA,0
29,teta,14,0.021972473126055023,53,MAP_SCADA,0
30,v,15,1.0750796805084373,53,MAP_SCADA,0
31,teta,15,-0.24027969615332292,53,MAP_SCADA,0
0,v,0,1.0603018659732433,54,MAP_SCADA,0
1,teta,0,0.0,54,MAP_SCADA,0
2,v,1,1.0455030456164054,54,MAP_SCADA,0
3,teta,1,-0.0891327498792577,54,MAP_SCADA,0
4,v,2,1.020120090812927,54,MAP_SCADA,0
5,teta,2,-0.167185224396148,54,MAP_SCADA,0
6,v,3,1.0225591070243303,54,MAP_SCADA,0
7,teta,3,-0.16461829853077126,54,MAP_SCADA,0
8,v,4,1.024214613109405,54,MAP_SCADA,0
9,teta,4,-0.14297669096440072,54,MAP_SCADA,0
10,v,5,1.080870762683071,54,MAP_SCADA,0
11,teta,5,-0.23590705485673463,54,MAP_SCADA,0
12,v,6,1.0656157827602881,54,MAP_SCADA,0
13,teta,6,-0.2178047398925042,54,MAP_SCADA,0
14,v,7,1.0901356497011292,54,MAP_SCADA,0
15,teta,7,-0.21780532529756258,54,MAP_SCADA,0
16,v,8,1.0620327048315126,54,MAP_SCADA,0
17,teta,8,-0.245340266736676,54,MAP_SCADA,0
18,v,9,1.0579733280139534,54,MAP_SCADA,0
19,teta,9,-0.248514756867928,54,MAP_SCADA,0
20,v,10,1.0658201246344254,54,MAP_SCADA,0
21,teta,10,-0.2444106354214553,54,MAP_SCADA,0
22,v,11,1.0628850849657616,54,MAP_SCADA,0
23,teta,11,-0.251471005185736,54,MAP_SCADA,0
24,v,12,1.0601207351598296,54,MAP_SCADA,0
25,teta,12,-0.25196216856125614,54,MAP_SCADA,0
26,v,13,1.0433141419738485,54,MAP_SCADA,0
27,teta,13,-0.26547942449917084,54,MAP_SCADA,0
28,v,14,1.0177344576229395,54,MAP_SCADA,0
29,teta,14,0.026335784433435625,54,MAP_SCADA,0
30,v,15,1.0761484002214887,54,MAP_SCADA,0
31,teta,15,-0.23823085616085393,54,MAP_SCADA,0
0,v,0,1.0566817592901037,55,MAP_SCADA,0
1,teta,0,0.0,55,MAP_SCADA,0
2,v,1,1.0418274075221359,55,MAP_SCADA,0
3,teta,1,-0.09020104455438009,55,MAP_SCADA,0
4,v,2,1.0169496322938236,55,MAP_SCADA,0
5,teta,2,-0.16951715794423852,55,MAP_SCADA,0
6,v,3,1.0190245994587595,55,MAP_SCADA,0
7,teta,3,-0.16620180803275716,55,MAP_SCADA,0
8,v,4,1.0206080185612454,55,MAP_SCADA,0
9,teta,4,-0.1443739492452218,55,MAP_SCADA,0
10,v,5,1.0771683912401118,55,MAP_SCADA,0
11,teta,5,-0.23788973285248147,55,MAP_SCADA,0
12,v,6,1.0620225030997634,55,MAP_SCADA,0
13,teta,6,-0.21968202317473942,55,MAP_SCADA,0
14,v,7,1.086594059875031,55,MAP_SCADA,0
15,teta,7,-0.21968273650274273,55,MAP_SCADA,0
16,v,8,1.058426970234846,55,MAP_SCADA,0
17,teta,8,-0.24736774935507752,55,MAP_SCADA,0
18,v,9,1.0543254534452977,55,MAP_SCADA,0
19,teta,9,-0.2505314993457368,55,MAP_SCADA,0
20,v,10,1.0622266546962438,55,MAP_SCADA,0
21,teta,10,-0.246328256436018,55,MAP_SCADA,0
22,v,11,1.0589489399498013,55,MAP_SCADA,0
23,teta,11,-0.25398128841455253,55,MAP_SCADA,0
24,v,12,1.0561776636808213,55,MAP_SCADA,0
25,teta,12,-0.2544656798576365,55,MAP_SCADA,0
26,v,13,1.0395523759564718,55,MAP_SCADA,0
27,teta,13,-0.2678184883536456,55,MAP_SCADA,0
28,v,14,1.013924660950489,55,MAP_SCADA,0
29,teta,14,0.024973270442710905,55,MAP_SCADA,0
30,v,15,1.0722821538413485,55,MAP_SCADA,0
31,teta,15,-0.24060532211937144,55,MAP_SCADA,0
0,v,0,1.058056920475631,56,MAP_SCADA,0
1,teta,0,0.0,56,MAP_SCADA,0
2,v,1,1.0428683508626124,56,MAP_SCADA,0
3,teta,1,-0.09082967401435392,56,MAP_SCADA,0
4,v,2,1.01821160550013,56,MAP_SCADA,0
5,teta,2,-0.16984287885182334,56,MAP_SCADA,0
6,v,3,1.020442651276664,56,MAP_SCADA,0
7,teta,3,-0.16607372888817884,56,MAP_SCADA,0
8,v,4,1.0220349705545984,56,MAP_SCADA,0
9,teta,4,-0.1442748379098382,56,MAP_SCADA,0
10,v,5,1.078797396949916,56,MAP_SCADA,0
11,teta,5,-0.23712734527147553,56,MAP_SCADA,0
12,v,6,1.0634988855409238,56,MAP_SCADA,0
13,teta,6,-0.21905367873305423,56,MAP_SCADA,0
14,v,7,1.0880626966326705,56,MAP_SCADA,0
15,teta,7,-0.21905108269865778,56,MAP_SCADA,0
16,v,8,1.0599016429361543,56,MAP_SCADA,0
17,teta,8,-0.24648267717021238,56,MAP_SCADA,0
18,v,9,1.055863777826163,56,MAP_SCADA,0
19,teta,9,-0.2497125624007001,56,MAP_SCADA,0
20,v,10,1.0637365677689388,56,MAP_SCADA,0
21,teta,10,-0.24556327521467183,56,MAP_SCADA,0
22,v,11,1.0606545164804781,56,MAP_SCADA,0
23,teta,11,-0.2527099264281354,56,MAP_SCADA,0
24,v,12,1.057874688962373,56,MAP_SCADA,0
25,teta,12,-0.2531758398229071,56,MAP_SCADA,0
26,v,13,1.0411368778321386,56,MAP_SCADA,0
27,teta,13,-0.26660630528696533,56,MAP_SCADA,0
28,v,14,1.0148614977836679,56,MAP_SCADA,0
29,teta,14,0.023657045245745835,56,MAP_SCADA,0
30,v,15,1.0739249750521804,56,MAP_SCADA,0
31,teta,15,-0.23937163555472946,56,MAP_SCADA,0
0,v,0,1.0602314755330764,57,MAP_SCADA,0
1,teta,0,0.0,57,MAP_SCADA,0
2,v,1,1.0451042904540342,57,MAP_SCADA,0
3,teta,1,-0.09073935659227332,57,MAP_SCADA,0
4,v,2,1.020411606931235,57,MAP_SCADA,0
5,teta,2,-0.16922540469773664,57,MAP_SCADA,0
6,v,3,1.0225305260744895,57,MAP_SCADA,0
7,teta,3,-0.16579396896230147,57,MAP_SCADA,0
8,v,4,1.0241156039558892,57,MAP_SCADA,0
9,teta,4,-0.14406657023724584,57,MAP_SCADA,0
10,v,5,1.080810502563436,57,MAP_SCADA,0
11,teta,5,-0.2367845418470615,57,MAP_SCADA,0
12,v,6,1.0655529781002746,57,MAP_SCADA,0
13,teta,6,-0.2187314102804697,57,MAP_SCADA,0
14,v,7,1.0900213804568972,57,MAP_SCADA,0
15,teta,7,-0.21873405731131665,57,MAP_SCADA,0
16,v,8,1.0619732938240123,57,MAP_SCADA,0
17,teta,8,-0.24613755741687204,57,MAP_SCADA,0
18,v,9,1.0579891251933116,57,MAP_SCADA,0
19,teta,9,-0.24928932060743367,57,MAP_SCADA,0
20,v,10,1.0658968456354756,57,MAP_SCADA,0
21,teta,10,-0.24522060875403026,57,MAP_SCADA,0
22,v,11,1.062581841880164,57,MAP_SCADA,0
23,teta,11,-0.2525294105219956,57,MAP_SCADA,0
24,v,12,1.0598001463783604,57,MAP_SCADA,0
25,teta,12,-0.25299783958923333,57,MAP_SCADA,0
26,v,13,1.0430571850408836,57,MAP_SCADA,0
27,teta,13,-0.2664927132290595,57,MAP_SCADA,0
28,v,14,1.0172074625944187,57,MAP_SCADA,0
29,teta,14,0.023193164459534687,57,MAP_SCADA,0
30,v,15,1.075832836851455,57,MAP_SCADA,0
31,teta,15,-0.2393649634684471,57,MAP_SCADA,0
0,v,0,1.0606437289767146,58,MAP_SCADA,0
1,teta,0,0.0,58,MAP_SCADA,0
2,v,1,1.0455315194460333,58,MAP_SCADA,0
3,teta,1,-0.09009139644904118,58,MAP_SCADA,0
4,v,2,1.0210129783524762,58,MAP_SCADA,0
5,teta,2,-0.16863651904496518,58,MAP_SCADA,0
6,v,3,1.0228708328719303,58,MAP_SCADA,0
7,teta,3,-0.165707375990543,58,MAP_SCADA,0
8,v,4,1.0244735089331798,58,MAP_SCADA,0
9,teta,4,-0.14391058342887217,58,MAP_SCADA,0
10,v,5,1.081244309572725,58,MAP_SCADA,0
11,teta,5,-0.2368289422779244,58,MAP_SCADA,0
12,v,6,1.066008160451731,58,MAP_SCADA,0
13,teta,6,-0.21873103537150726,58,MAP_SCADA,0
14,v,7,1.0906095394187663,58,MAP_SCADA,0
15,teta,7,-0.21872741311052893,58,MAP_SCADA,0
16,v,8,1.0624061221701588,58,MAP_SCADA,0
17,teta,8,-0.2461837593524354,58,MAP_SCADA,0
18,v,9,1.0583596400032265,58,MAP_SCADA,0
19,teta,9,-0.24946680312929712,58,MAP_SCADA,0
20,v,10,1.0661949880269783,58,MAP_SCADA,0
21,teta,10,-0.2453346965422413,58,MAP_SCADA,0
22,v,11,1.0633406761402981,58,MAP_SCADA,0
23,teta,11,-0.2522062859455598,58,MAP_SCADA,0
24,v,12,1.0605795038219705,58,MAP_SCADA,0
25,teta,12,-0.25267915087134013,58,MAP_SCADA,0
26,v,13,1.0437360936695932,58,MAP_SCADA,0
27,teta,13,-0.26621184466066505,58,MAP_SCADA,0
28,v,14,1.0176176873221339,58,MAP_SCADA,0
29,teta,14,0.02335207562228779,58,MAP_SCADA,0
30,v,15,1.0766089074477172,58,MAP_SCADA,0
31,teta,15,-0.23897585384459238,58,MAP_SCADA,0
0,v,0,1.0607420909553729,59,MAP_SCADA,0
1,teta,0,0.0,59,MAP_SCADA,0
2,v,1,1.045693071395734,59,MAP_SCADA,0
3,teta,1,-0.08966344714399156,59,MAP_SCADA,0
4,v,2,1.0209597999223043,59,MAP_SCADA,0
5,teta,2,-0.16795444690981537,59,MAP_SCADA,0
6,v,3,1.0230885185682144,59,MAP_SCADA,0
7,teta,3,-0.16492978228366248,59,MAP_SCADA,0
8,v,4,1.024692749873498,59,MAP_SCADA,0
9,teta,4,-0.1433028863920783,59,MAP_SCADA,0
10,v,5,1.0815936403563944,59,MAP_SCADA,0
11,teta,5,-0.2363308041411753,59,MAP_SCADA,0
12,v,6,1.066199102981577,59,MAP_SCADA,0
13,teta,6,-0.21830316788903598,59,MAP_SCADA,0
14,v,7,1.0907656048953274,59,MAP_SCADA,0
15,teta,7,-0.21830232555909063,59,MAP_SCADA,0
16,v,8,1.062617932568401,59,MAP_SCADA,0
17,teta,8,-0.24593540853972964,59,MAP_SCADA,0
18,v,9,1.0585821035167606,59,MAP_SCADA,0
19,teta,9,-0.24906701770603612,59,MAP_SCADA,0
20,v,10,1.066504438913085,59,MAP_SCADA,0
21,teta,10,-0.24488867042817491,59,MAP_SCADA,0
22,v,11,1.0634197617594991,59,MAP_SCADA,0
23,teta,11,-0.2522196669027778,59,MAP_SCADA,0
24,v,12,1.060653085923509,59,MAP_SCADA,0
25,teta,12,-0.25269703727008924,59,MAP_SCADA,0
26,v,13,1.043839302828318,59,MAP_SCADA,0
27,teta,13,-0.26615353383209583,59,MAP_SCADA,0
28,v,14,1.0176929010952354,59,MAP_SCADA,0
29,teta,14,0.02442046071172463,59,MAP_SCADA,0
30,v,15,1.076681266021078,59,MAP_SCADA,0
31,teta,15,-0.2389968288506319,59,MAP_SCADA,0
0,v,0,1.0596673608086487,60,MAP_SCADA,0
1,teta,0,0.0,60,MAP_SCADA,0
2,v,1,1.0447638320848132,60,MAP_SCADA,0
3,teta,1,-0.09039094902739332,60,MAP_SCADA,0
4,v,2,1.0199932391565523,60,MAP_SCADA,0
5,teta,2,-0.16901529242126775,60,MAP_SCADA,0
6,v,3,1.0219577785550134,60,MAP_SCADA,0
7,teta,3,-0.16603031569904128,60,MAP_SCADA,0
8,v,4,1.0235500434598919,60,MAP_SCADA,0
9,teta,4,-0.14426371446349937,60,MAP_SCADA,0
10,v,5,1.080323971837899,60,MAP_SCADA,0
11,teta,5,-0.23798511513200343,60,MAP_SCADA,0
12,v,6,1.0650566111338264,60,MAP_SCADA,0
13,teta,6,-0.2195149614402672,60,MAP_SCADA,0
14,v,7,1.0896042846132186,60,MAP_SCADA,0
15,teta,7,-0.21951698918514004,60,MAP_SCADA,0
16,v,8,1.0614979651070895,60,MAP_SCADA,0
17,teta,8,-0.24720150012665323,60,MAP_SCADA,0
18,v,9,1.0574167226856177,60,MAP_SCADA,0
19,teta,9,-0.2505228278406544,60,MAP_SCADA,0
20,v,10,1.065255461581951,60,MAP_SCADA,0
21,teta,10,-0.24645560994380178,60,MAP_SCADA,0
22,v,11,1.0621736990671033,60,MAP_SCADA,0
23,teta,11,-0.25373404347142947,60,MAP_SCADA,0
24,v,12,1.059374842583877,60,MAP_SCADA,0
25,teta,12,-0.2542067191174332,60,MAP_SCADA,0
26,v,13,1.0427886549433225,60,MAP_SCADA,0
27,teta,13,-0.26740438352409723,60,MAP_SCADA,0
28,v,14,1.0167102067482998,60,MAP_SCADA,0
29,teta,14,0.02413031712659168,60,MAP_SCADA,0
30,v,15,1.0754486153252594,60,MAP_SCADA,0
31,teta,15,-0.24049687300252784,60,MAP_SCADA,0
0,v,0,1.0590260594157723,61,MAP_SCADA,0
1,teta,0,0.0,61,MAP_SCADA,0
2,v,1,1.0439821096625093,61,MAP_SCADA,0
3,teta,1,-0.09074044214995447,61,MAP_SCADA,0
4,v,2,1.019179651724003,61,MAP_SCADA,0
5,teta,2,-0.16877152269456852,61,MAP_SCADA,0
6,v,3,1.021311962324068,61,MAP_SCADA,0
7,teta,3,-0.16589225041236982,61,MAP_SCADA,0
8,v,4,1.0229154246804628,61,MAP_SCADA,0
9,teta,4,-0.14417392505180276,61,MAP_SCADA,0
10,v,5,1.0795899446901542,61,MAP_SCADA,0
11,teta,5,-0.23731666219899483,61,MAP_SCADA,0
12,v,6,1.0643366426490324,61,MAP_SCADA,0
13,teta,6,-0.21924799279195836,61,MAP_SCADA,0
14,v,7,1.0888241998506283,61,MAP_SCADA,0
15,teta,7,-0.21924641014759144,61,MAP_SCADA,0
16,v,8,1.0607777697827392,61,MAP_SCADA,0
17,teta,8,-0.24687144942512013,61,MAP_SCADA,0
18,v,9,1.0567314103523142,61,MAP_SCADA,0
19,teta,9,-0.25005364487567033,61,MAP_SCADA,0
20,v,10,1.0645720248054629,61,MAP_SCADA,0
21,teta,10,-0.24589482289325484,61,MAP_SCADA,0
22,v,11,1.0617238511372427,61,MAP_SCADA,0
23,teta,11,-0.2530882530567808,61,MAP_SCADA,0
24,v,12,1.0589400973645697,61,MAP_SCADA,0
25,teta,12,-0.25356185580484664,61,MAP_SCADA,0
26,v,13,1.0420862584537376,61,MAP_SCADA,0
27,teta,13,-0.26705276511134785,61,MAP_SCADA,0
28,v,14,1.0157458337641603,61,MAP_SCADA,0
29,teta,14,0.024041705530114175,61,MAP_SCADA,0
30,v,15,1.0749843267718413,61,MAP_SCADA,0
31,teta,15,-0.2398683315038247,61,MAP_SCADA,0
0,v,0,1.0576449677359399,62,MAP_SCADA,0
1,teta,0,0.0,62,MAP_SCADA,0
2,v,1,1.0427118443318297,62,MAP_SCADA,0
3,teta,1,-0.09008032233303584,62,MAP_SCADA,0
4,v,2,1.017904851978766,62,MAP_SCADA,0
5,teta,2,-0.16822353337606724,62,MAP_SCADA,0
6,v,3,1.0200122159508238,62,MAP_SCADA,0
7,teta,3,-0.16562175466843926,62,MAP_SCADA,0
8,v,4,1.0216274883746885,62,MAP_SCADA,0
9,teta,4,-0.1439067831406607,62,MAP_SCADA,0
10,v,5,1.078417985877167,62,MAP_SCADA,0
11,teta,5,-0.2371736683752217,62,MAP_SCADA,0
12,v,6,1.0630643878702657,62,MAP_SCADA,0
13,teta,6,-0.21890518374434706,62,MAP_SCADA,0
14,v,7,1.0876479635749188,62,MAP_SCADA,0
15,teta,7,-0.21890445147597287,62,MAP_SCADA,0
16,v,8,1.0594706420251032,62,MAP_SCADA,0
17,teta,8,-0.24648956840537795,62,MAP_SCADA,0
18,v,9,1.055402498170377,62,MAP_SCADA,0
19,teta,9,-0.24979585673097307,62,MAP_SCADA,0
20,v,10,1.0632723967387947,62,MAP_SCADA,0
21,teta,10,-0.24570611491164687,62,MAP_SCADA,0
22,v,11,1.0602349982034218,62,MAP_SCADA,0
23,teta,11,-0.2526111337668816,62,MAP_SCADA,0
24,v,12,1.057457648197561,62,MAP_SCADA,0
25,teta,12,-0.25309216324870926,62,MAP_SCADA,0
26,v,13,1.0407481257962108,62,MAP_SCADA,0
27,teta,13,-0.2666344901381038,62,MAP_SCADA,0
28,v,14,1.0147381349524434,62,MAP_SCADA,0
29,teta,14,0.024449765098726907,62,MAP_SCADA,0
30,v,15,1.0734748454326555,62,MAP_SCADA,0
31,teta,15,-0.23932685216437566,62,MAP_SCADA,0
0,v,0,1.0583054015364748,63,MAP_SCADA,0
1,teta,0,0.0,63,MAP_SCADA,0
2,v,1,1.043170410520073,63,MAP_SCADA,0
3,teta,1,-0.09068634984357053,63,MAP_SCADA,0
4,v,2,1.0185386095730649,63,MAP_SCADA,0
5,teta,2,-0.17030576120439447,63,MAP_SCADA,0
6,v,3,1.0205972015563443,63,MAP_SCADA,0
7,teta,3,-0.16633863548253708,63,MAP_SCADA,0
8,v,4,1.022163640650949,63,MAP_SCADA,0
9,teta,4,-0.14453997622345466,63,MAP_SCADA,0
10,v,5,1.0789395982677263,63,MAP_SCADA,0
11,teta,5,-0.23815101125521365,63,MAP_SCADA,0
12,v,6,1.063639991651712,63,MAP_SCADA,0
13,teta,6,-0.21975803082740683,63,MAP_SCADA,0
14,v,7,1.088201572971621,63,MAP_SCADA,0
15,teta,7,-0.21975839850869605,63,MAP_SCADA,0
16,v,8,1.0600548288712597,63,MAP_SCADA,0
17,teta,8,-0.2474126597195467,63,MAP_SCADA,0
18,v,9,1.056055224552043,63,MAP_SCADA,0
19,teta,9,-0.25068635953218854,63,MAP_SCADA,0
20,v,10,1.0639384492812747,63,MAP_SCADA,0
21,teta,10,-0.24666941223440736,63,MAP_SCADA,0
22,v,11,1.0609107468705121,63,MAP_SCADA,0
23,teta,11,-0.25337061203438,63,MAP_SCADA,0
24,v,12,1.0581340875390588,63,MAP_SCADA,0
25,teta,12,-0.25382261245345333,63,MAP_SCADA,0
26,v,13,1.0413393044564676,63,MAP_SCADA,0
27,teta,13,-0.26744474888000264,63,MAP_SCADA,0
28,v,14,1.0151571460872197,63,MAP_SCADA,0
29,teta,14,0.02394739179546441,63,MAP_SCADA,0
30,v,15,1.0742047496715872,63,MAP_SCADA,0
31,teta,15,-0.2400293618503611,63,MAP_SCADA,0
0,v,0,1.057822007687801,64,MAP_SCADA,0
1,teta,0,0.0,64,MAP_SCADA,0
2,v,1,1.043011036345925,64,MAP_SCADA,0
3,teta,1,-0.09007678858101638,64,MAP_SCADA,0
4,v,2,1.0182213606650363,64,MAP_SCADA,0
5,teta,2,-0.16798742007376488,64,MAP_SCADA,0
6,v,3,1.0201825489427223,64,MAP_SCADA,0
7,teta,3,-0.16575503040136022,64,MAP_SCADA,0
8,v,4,1.0217847546829808,64,MAP_SCADA,0
9,teta,4,-0.1440206054316099,64,MAP_SCADA,0
10,v,5,1.078390979178517,64,MAP_SCADA,0
11,teta,5,-0.2374491052790154,64,MAP_SCADA,0
12,v,6,1.0632515486998801,64,MAP_SCADA,0
13,teta,6,-0.2190158904381852,64,MAP_SCADA,0
14,v,7,1.0878847253427402,64,MAP_SCADA,0
15,teta,7,-0.2190133686327905,64,MAP_SCADA,0
16,v,8,1.059632898512511,64,MAP_SCADA,0
17,teta,8,-0.24659012928388102,64,MAP_SCADA,0
18,v,9,1.0555350080526034,64,MAP_SCADA,0
19,teta,9,-0.24992056644158936,64,MAP_SCADA,0
20,v,10,1.0633397670006153,64,MAP_SCADA,0
21,teta,10,-0.24584441589675973,64,MAP_SCADA,0
22,v,11,1.0605187769988744,64,MAP_SCADA,0
23,teta,11,-0.25287539818631877,64,MAP_SCADA,0
24,v,12,1.057751504722656,64,MAP_SCADA,0
25,teta,12,-0.2533603005494706,64,MAP_SCADA,0
26,v,13,1.0409827344244478,64,MAP_SCADA,0
27,teta,13,-0.26671384651616875,64,MAP_SCADA,0
28,v,14,1.0149302592807425,64,MAP_SCADA,0
29,teta,14,0.024463082321848732,64,MAP_SCADA,0
30,v,15,1.0738417019957451,64,MAP_SCADA,0
31,teta,15,-0.2394761080158335,64,MAP_SCADA,0
0,v,0,1.0590229059461893,65,MAP_SCADA,0
1,teta,0,0.0,65,MAP_SCADA,0
2,v,1,1.0440967648125206,65,MAP_SCADA,0
3,teta,1,-0.08980124657997286,65,MAP_SCADA,0
4,v,2,1.0193656660325858,65,MAP_SCADA,0
5,teta,2,-0.16804529708346277,65,MAP_SCADA,0
6,v,3,1.0213841292821226,65,MAP_SCADA,0
7,teta,3,-0.16530617092530428,65,MAP_SCADA,0
8,v,4,1.0229808929231263,65,MAP_SCADA,0
9,teta,4,-0.1436185376044842,65,MAP_SCADA,0
10,v,5,1.0796933975974634,65,MAP_SCADA,0
11,teta,5,-0.23675937078624876,65,MAP_SCADA,0
12,v,6,1.0644281216128084,65,MAP_SCADA,0
13,teta,6,-0.21860103615260396,65,MAP_SCADA,0
14,v,7,1.0889503483961112,65,MAP_SCADA,0
15,teta,7,-0.2186013669940462,65,MAP_SCADA,0
16,v,8,1.0608542446776192,65,MAP_SCADA,0
17,teta,8,-0.2461917316133782,65,MAP_SCADA,0
18,v,9,1.0568325774248974,65,MAP_SCADA,0
19,teta,9,-0.24933943647102716,65,MAP_SCADA,0
20,v,10,1.0647391570800755,65,MAP_SCADA,0
21,teta,10,-0.24517676383586381,65,MAP_SCADA,0
22,v,11,1.0615655591698696,65,MAP_SCADA,0
23,teta,11,-0.25251284710555827,65,MAP_SCADA,0
24,v,12,1.0588104017923137,65,MAP_SCADA,0
25,teta,12,-0.2529863638091392,65,MAP_SCADA,0
26,v,13,1.0420615108838187,65,MAP_SCADA,0
27,teta,13,-0.2664497792232463,65,MAP_SCADA,0
28,v,14,1.0164014759810571,65,MAP_SCADA,0
29,teta,14,0.023907683832859728,65,MAP_SCADA,0
30,v,15,1.0748463155284596,65,MAP_SCADA,0
31,teta,15,-0.23924823406060208,65,MAP_SCADA,0
0,v,0,1.0583321107255854,66,MAP_SCADA,0
1,teta,0,0.0,66,MAP_SCADA,0
2,v,1,1.0433648462781904,66,MAP_SCADA,0
3,teta,1,-0.09014283618716949,66,MAP_SCADA,0
4,v,2,1.0187973746299668,66,MAP_SCADA,0
5,teta,2,-0.16783304552187214,66,MAP_SCADA,0
6,v,3,1.0207034011306126,66,MAP_SCADA,0
7,teta,3,-0.16567722463293866,66,MAP_SCADA,0
8,v,4,1.0222957431816388,66,MAP_SCADA,0
9,teta,4,-0.14398100927183632,66,MAP_SCADA,0
10,v,5,1.0791012844217491,66,MAP_SCADA,0
11,teta,5,-0.23742789174127762,66,MAP_SCADA,0
12,v,6,1.0637908902057565,66,MAP_SCADA,0
13,teta,6,-0.2191413634617473,66,MAP_SCADA,0
14,v,7,1.0884290602322222,66,MAP_SCADA,0
15,teta,7,-0.21914135412250865,66,MAP_SCADA,0
16,v,8,1.060182269119526,66,MAP_SCADA,0
17,teta,8,-0.24681893397697935,66,MAP_SCADA,0
18,v,9,1.0561926577450758,66,MAP_SCADA,0
19,teta,9,-0.25004972750541316,66,MAP_SCADA,0
20,v,10,1.0640536729529848,66,MAP_SCADA,0
21,teta,10,-0.24596733460108328,66,MAP_SCADA,0
22,v,11,1.0610131209565383,66,MAP_SCADA,0
23,teta,11,-0.2529064162138662,66,MAP_SCADA,0
24,v,12,1.058248430264705,66,MAP_SCADA,0
25,teta,12,-0.253390164711368,66,MAP_SCADA,0
26,v,13,1.041382359571259,66,MAP_SCADA,0
27,teta,13,-0.2670251033629201,66,MAP_SCADA,0
28,v,14,1.0149723330764737,66,MAP_SCADA,0
29,teta,14,0.024172590892235057,66,MAP_SCADA,0
30,v,15,1.0742295974221794,66,MAP_SCADA,0
31,teta,15,-0.23970454819180864,66,MAP_SCADA,0
0,v,0,1.0573637897721737,67,MAP_SCADA,0
1,teta,0,0.0,67,MAP_SCADA,0
2,v,1,1.0421817916089882,67,MAP_SCADA,0
3,teta,1,-0.09094582272015837,67,MAP_SCADA,0
4,v,2,1.0183518381254388,67,MAP_SCADA,0
5,teta,2,-0.17005055204251004,67,MAP_SCADA,0
6,v,3,1.0197194212767229,67,MAP_SCADA,0
7,teta,3,-0.16674815740350685,67,MAP_SCADA,0
8,v,4,1.02123020561983,67,MAP_SCADA,0
9,teta,4,-0.14489955700589047,67,MAP_SCADA,0
10,v,5,1.0778396378211421,67,MAP_SCADA,0
11,teta,5,-0.23864314050803256,67,MAP_SCADA,0
12,v,6,1.0627672975130433,67,MAP_SCADA,0
13,teta,6,-0.22029987722669034,67,MAP_SCADA,0
14,v,7,1.0873702763597584,67,MAP_SCADA,0
15,teta,7,-0.2202990057071888,67,MAP_SCADA,0
16,v,8,1.0591742209314903,67,MAP_SCADA,0
17,teta,8,-0.24802294214567017,67,MAP_SCADA,0
18,v,9,1.055072604393565,67,MAP_SCADA,0
19,teta,9,-0.25125232285089494,67,MAP_SCADA,0
20,v,10,1.0629596238504053,67,MAP_SCADA,0
21,teta,10,-0.24715449827358735,67,MAP_SCADA,0
22,v,11,1.0600930536693596,67,MAP_SCADA,0
23,teta,11,-0.254047519279299,67,MAP_SCADA,0
24,v,12,1.0573081715390724,67,MAP_SCADA,0
25,teta,12,-0.25452764856455407,67,MAP_SCADA,0
26,v,13,1.0404709297401311,67,MAP_SCADA,0
27,teta,13,-0.2680954117173251,67,MAP_SCADA,0
28,v,14,1.0139047035283526,67,MAP_SCADA,0
29,teta,14,0.021794845133339194,67,MAP_SCADA,0
30,v,15,1.0733608136756667,67,MAP_SCADA,0
31,teta,15,-0.24069547765988777,67,MAP_SCADA,0
0,v,0,1.0607612247581069,68,MAP_SCADA,0
1,teta,0,0.0,68,MAP_SCADA,0
2,v,1,1.0459039703613657,68,MAP_SCADA,0
3,teta,1,-0.0891928869696659,68,MAP_SCADA,0
4,v,2,1.0206569730446367,68,MAP_SCADA,0
5,teta,2,-0.16706376786061683,68,MAP_SCADA,0
6,v,3,1.0231286623628575,68,MAP_SCADA,0
7,teta,3,-0.16445825386212595,68,MAP_SCADA,0
8,v,4,1.0247542466372654,68,MAP_SCADA,0
9,teta,4,-0.1429313724243569,68,MAP_SCADA,0
10,v,5,1.081679941440754,68,MAP_SCADA,0
11,teta,5,-0.23601409422154315,68,MAP_SCADA,0
12,v,6,1.0662725998810252,68,MAP_SCADA,0
13,teta,6,-0.2176753500083078,68,MAP_SCADA,0
14,v,7,1.0909044112907067,68,MAP_SCADA,0
15,teta,7,-0.21767521821135555,68,MAP_SCADA,0
16,v,8,1.062660793775246,68,MAP_SCADA,0
17,teta,8,-0.24522624879254953,68,MAP_SCADA,0
18,v,9,1.0586909450284259,68,MAP_SCADA,0
19,teta,9,-0.24843169999978876,68,MAP_SCADA,0
20,v,10,1.0665684247766365,68,MAP_SCADA,0
21,teta,10,-0.24434704599959234,68,MAP_SCADA,0
22,v,11,1.06342996227704,68,MAP_SCADA,0
23,teta,11,-0.25145622757537994,68,MAP_SCADA,0
24,v,12,1.0606604070452696,68,MAP_SCADA,0
25,teta,12,-0.2519310015152058,68,MAP_SCADA,0
26,v,13,1.04399991180346,68,MAP_SCADA,0
27,teta,13,-0.2652686057330917,68,MAP_SCADA,0
28,v,14,1.0182156777037754,68,MAP_SCADA,0
29,teta,14,0.025627323888744617,68,MAP_SCADA,0
30,v,15,1.0767186048423023,68,MAP_SCADA,0
31,teta,15,-0.23814094764340676,68,MAP_SCADA,0
0,v,0,1.0586282814408368,69,MAP_SCADA,0
1,teta,0,0.0,69,MAP_SCADA,0
2,v,1,1.0437279988839074,69,MAP_SCADA,0
3,teta,1,-0.0903172175459345,69,MAP_SCADA,0
4,v,2,1.0181991604817455,69,MAP_SCADA,0
5,teta,2,-0.16651579911804956,69,MAP_SCADA,0
6,v,3,1.0209248711437002,69,MAP_SCADA,0
7,teta,3,-0.16491240213999134,69,MAP_SCADA,0
8,v,4,1.0226112465859483,69,MAP_SCADA,0
9,teta,4,-0.14334582889989733,69,MAP_SCADA,0
10,v,5,1.0793956168531562,69,MAP_SCADA,0
11,teta,5,-0.2359783306488161,69,MAP_SCADA,0
12,v,6,1.0640390163332325,69,MAP_SCADA,0
13,teta,6,-0.21797487917210262,69,MAP_SCADA,0
14,v,7,1.088697452764075,69,MAP_SCADA,0
15,teta,7,-0.2179735210232861,69,MAP_SCADA,0
16,v,8,1.0604116064073585,69,MAP_SCADA,0
17,teta,8,-0.24544554235548036,69,MAP_SCADA,0
18,v,9,1.056394357992766,69,MAP_SCADA,0
19,teta,9,-0.24873723361815317,69,MAP_SCADA,0
20,v,10,1.064304117757126,69,MAP_SCADA,0
21,teta,10,-0.2445957794003858,69,MAP_SCADA,0
22,v,11,1.0614507606582957,69,MAP_SCADA,0
23,teta,11,-0.2514727467283064,69,MAP_SCADA,0
24,v,12,1.0586503306479855,69,MAP_SCADA,0
25,teta,12,-0.25195686460956634,69,MAP_SCADA,0
26,v,13,1.0418601889220955,69,MAP_SCADA,0
27,teta,13,-0.26543539475932953,69,MAP_SCADA,0
28,v,14,1.0149137137784892,69,MAP_SCADA,0
29,teta,14,0.026832311650746773,69,MAP_SCADA,0
30,v,15,1.0747409231408733,69,MAP_SCADA,0
31,teta,15,-0.23819791258012882,69,MAP_SCADA,0
0,v,0,1.0592212191298327,70,MAP_SCADA,0
1,teta,0,0.0,70,MAP_SCADA,0
2,v,1,1.0444461609845135,70,MAP_SCADA,0
3,teta,1,-0.0896968093113432,70,MAP_SCADA,0
4,v,2,1.018652679157084,70,MAP_SCADA,0
5,teta,2,-0.1660821847225784,70,MAP_SCADA,0
6,v,3,1.021510776718812,70,MAP_SCADA,0
7,teta,3,-0.16438890665494654,70,MAP_SCADA,0
8,v,4,1.0232083732194472,70,MAP_SCADA,0
9,teta,4,-0.14290148497233462,70,MAP_SCADA,0
10,v,5,1.0799615720930642,70,MAP_SCADA,0
11,teta,5,-0.23552529996257246,70,MAP_SCADA,0
12,v,6,1.0645952463568484,70,MAP_SCADA,0
13,teta,6,-0.21740299954117995,70,MAP_SCADA,0
14,v,7,1.0891810516315155,70,MAP_SCADA,0
15,teta,7,-0.21740434013113075,70,MAP_SCADA,0
16,v,8,1.0609891478076316,70,MAP_SCADA,0
17,teta,8,-0.24484770365691003,70,MAP_SCADA,0
18,v,9,1.0569785465141903,70,MAP_SCADA,0
19,teta,9,-0.24807633081246722,70,MAP_SCADA,0
20,v,10,1.0649516302599418,70,MAP_SCADA,0
21,teta,10,-0.24399092073404952,70,MAP_SCADA,0
22,v,11,1.0617966458671049,70,MAP_SCADA,0
23,teta,11,-0.25122855610629696,70,MAP_SCADA,0
24,v,12,1.0590272479115375,70,MAP_SCADA,0
25,teta,12,-0.25170152001589424,70,MAP_SCADA,0
26,v,13,1.0422555306618746,70,MAP_SCADA,0
27,teta,13,-0.26512561063964984,70,MAP_SCADA,0
28,v,14,1.015677181123417,70,MAP_SCADA,0
29,teta,14,0.028137866654451612,70,MAP_SCADA,0
30,v,15,1.0750861586328107,70,MAP_SCADA,0
31,teta,15,-0.2379461887713921,70,MAP_SCADA,0
0,v,0,1.0607525960827782,71,MAP_SCADA,0
1,teta,0,0.0,71,MAP_SCADA,0
2,v,1,1.0457098829201028,71,MAP_SCADA,0
3,teta,1,-0.08995868330546629,71,MAP_SCADA,0
4,v,2,1.0213245780354627,71,MAP_SCADA,0
5,teta,2,-0.1689750614181051,71,MAP_SCADA,0
6,v,3,1.0231204337045383,71,MAP_SCADA,0
7,teta,3,-0.16559818066906382,71,MAP_SCADA,0
8,v,4,1.024697634021821,71,MAP_SCADA,0
9,teta,4,-0.14381536185583585,71,MAP_SCADA,0
10,v,5,1.0814647384113067,71,MAP_SCADA,0
11,teta,5,-0.2367795970282626,71,MAP_SCADA,0
12,v,6,1.066239106878553,71,MAP_SCADA,0
13,teta,6,-0.21872404770120027,71,MAP_SCADA,0
14,v,7,1.0907890924929309,71,MAP_SCADA,0
15,teta,7,-0.2187228618713662,71,MAP_SCADA,0
16,v,8,1.0626611679470555,71,MAP_SCADA,0
17,teta,8,-0.24622819424993006,71,MAP_SCADA,0
18,v,9,1.0585543000169286,71,MAP_SCADA,0
19,teta,9,-0.24942622325062777,71,MAP_SCADA,0
20,v,10,1.0663712612078233,71,MAP_SCADA,0
21,teta,10,-0.2452918066324054,71,MAP_SCADA,0
22,v,11,1.0634444121726907,71,MAP_SCADA,0
23,teta,11,-0.2526370197216285,71,MAP_SCADA,0
24,v,12,1.0606660807368948,71,MAP_SCADA,0
25,teta,12,-0.2531133994654986,71,MAP_SCADA,0
26,v,13,1.043987580454354,71,MAP_SCADA,0
27,teta,13,-0.2664596018467797,71,MAP_SCADA,0
28,v,14,1.0179985017944422,71,MAP_SCADA,0
29,teta,14,0.022919111367776756,71,MAP_SCADA,0
30,v,15,1.076727190919369,71,MAP_SCADA,0
31,teta,15,-0.23944842833481203,71,MAP_SCADA,0
0,v,0,1.0585152144819956,72,MAP_SCADA,0
1,teta,0,0.0,72,MAP_SCADA,0
2,v,1,1.043571729574204,72,MAP_SCADA,0
3,teta,1,-0.09009908747292716,72,MAP_SCADA,0
4,v,2,1.0186178076913452,72,MAP_SCADA,0
5,teta,2,-0.16814618958158575,72,MAP_SCADA,0
6,v,3,1.0207839662327478,72,MAP_SCADA,0
7,teta,3,-0.16568052149294876,72,MAP_SCADA,0
8,v,4,1.022412473402968,72,MAP_SCADA,0
9,teta,4,-0.14396258255074632,72,MAP_SCADA,0
10,v,5,1.0792180728052547,72,MAP_SCADA,0
11,teta,5,-0.2371534542289266,72,MAP_SCADA,0
12,v,6,1.0638804337333772,72,MAP_SCADA,0
13,teta,6,-0.21910468935820812,72,MAP_SCADA,0
14,v,7,1.0885231901190022,72,MAP_SCADA,0
15,teta,7,-0.21910317863758788,72,MAP_SCADA,0
16,v,8,1.0602710597709344,72,MAP_SCADA,0
17,teta,8,-0.24676241172815178,72,MAP_SCADA,0
18,v,9,1.0562359880372536,72,MAP_SCADA,0
19,teta,9,-0.2498828480647004,72,MAP_SCADA,0
20,v,10,1.0640880697526844,72,MAP_SCADA,0
21,teta,10,-0.24573224029019083,72,MAP_SCADA,0
22,v,11,1.0608838928542998,72,MAP_SCADA,0
23,teta,11,-0.2532774603926229,72,MAP_SCADA,0
24,v,12,1.0580948480490773,72,MAP_SCADA,0
25,teta,12,-0.25377450551192154,72,MAP_SCADA,0
26,v,13,1.0414218813492482,72,MAP_SCADA,0
27,teta,13,-0.2671751197562507,72,MAP_SCADA,0
28,v,14,1.0157777227615814,72,MAP_SCADA,0
29,teta,14,0.024401906616988017,72,MAP_SCADA,0
30,v,15,1.0741828180027755,72,MAP_SCADA,0
31,teta,15,-0.23989394030312633,72,MAP_SCADA,0
0,v,0,1.0607583370983182,73,MAP_SCADA,0
1,teta,0,0.0,73,MAP_SCADA,0
2,v,1,1.045731202197012,73,MAP_SCADA,0
3,teta,1,-0.08998987915876318,73,MAP_SCADA,0
4,v,2,1.02065606803666,73,MAP_SCADA,0
5,teta,2,-0.1664931646832307,73,MAP_SCADA,0
6,v,3,1.0231696732992133,73,MAP_SCADA,0
7,teta,3,-0.16432491287547799,73,MAP_SCADA,0
8,v,4,1.02476296494684,73,MAP_SCADA,0
9,teta,4,-0.14289248782392602,73,MAP_SCADA,0
10,v,5,1.081500497142413,73,MAP_SCADA,0
11,teta,5,-0.23583062673187427,73,MAP_SCADA,0
12,v,6,1.0662954645704594,73,MAP_SCADA,0
13,teta,6,-0.21761747033110326,73,MAP_SCADA,0
14,v,7,1.0908660395943368,73,MAP_SCADA,0
15,teta,7,-0.2176163862853373,73,MAP_SCADA,0
16,v,8,1.062715286065377,73,MAP_SCADA,0
17,teta,8,-0.24520771063248306,73,MAP_SCADA,0
18,v,9,1.0586397901970448,73,MAP_SCADA,0
19,teta,9,-0.2484806003183885,73,MAP_SCADA,0
20,v,10,1.066465810356503,73,MAP_SCADA,0
21,teta,10,-0.24439912637872052,73,MAP_SCADA,0
22,v,11,1.0635561342077458,73,MAP_SCADA,0
23,teta,11,-0.25137208429482877,73,MAP_SCADA,0
24,v,12,1.060784195419286,73,MAP_SCADA,0
25,teta,12,-0.2518388500209006,73,MAP_SCADA,0
26,v,13,1.044042213410052,73,MAP_SCADA,0
27,teta,13,-0.2652382888003701,73,MAP_SCADA,0
28,v,14,1.017159439766817,73,MAP_SCADA,0
29,teta,14,0.025332083966243455,73,MAP_SCADA,0
30,v,15,1.076799844548733,73,MAP_SCADA,0
31,teta,15,-0.23817331662336136,73,MAP_SCADA,0
0,v,0,1.0579520673224683,74,MAP_SCADA,0
1,teta,0,0.0,74,MAP_SCADA,0
2,v,1,1.0431508924736141,74,MAP_SCADA,0
3,teta,1,-0.0900585553062795,74,MAP_SCADA,0
4,v,2,1.018212632311776,74,MAP_SCADA,0
5,teta,2,-0.1677025922779498,74,MAP_SCADA,0
6,v,3,1.0202659318616463,74,MAP_SCADA,0
7,teta,3,-0.16569183663746628,74,MAP_SCADA,0
8,v,4,1.02188616565387,74,MAP_SCADA,0
9,teta,4,-0.1440025222869518,74,MAP_SCADA,0
10,v,5,1.0786272762406153,74,MAP_SCADA,0
11,teta,5,-0.23770346743631293,74,MAP_SCADA,0
12,v,6,1.0633608198318503,74,MAP_SCADA,0
13,teta,6,-0.2193654948144712,74,MAP_SCADA,0
14,v,7,1.0880291696708357,74,MAP_SCADA,0
15,teta,7,-0.2193630486156022,74,MAP_SCADA,0
16,v,8,1.0597512878961906,74,MAP_SCADA,0
17,teta,8,-0.24715240348365114,74,MAP_SCADA,0
18,v,9,1.0557119084456041,74,MAP_SCADA,0
19,teta,9,-0.25035070850945845,74,MAP_SCADA,0
20,v,10,1.0635574296985497,74,MAP_SCADA,0
21,teta,10,-0.24624401798027687,74,MAP_SCADA,0
22,v,11,1.0605289182855102,74,MAP_SCADA,0
23,teta,11,-0.2534316448585569,74,MAP_SCADA,0
24,v,12,1.0577556971439048,74,MAP_SCADA,0
25,teta,12,-0.2539139474033499,74,MAP_SCADA,0
26,v,13,1.0410608164736792,74,MAP_SCADA,0
27,teta,13,-0.2672579339835482,74,MAP_SCADA,0
28,v,14,1.01462655631656,74,MAP_SCADA,0
29,teta,14,0.02554730059822611,74,MAP_SCADA,0
30,v,15,1.0737709988596043,74,MAP_SCADA,0
31,teta,15,-0.24012061251399003,74,MAP_SCADA,0
0,v,0,1.059787420806813,75,MAP_SCADA,0
1,teta,0,0.0,75,MAP_SCADA,0
2,v,1,1.0447551882895427,75,MAP_SCADA,0
3,teta,1,-0.0905671309941269,75,MAP_SCADA,0
4,v,2,1.0196202580170934,75,MAP_SCADA,0
5,teta,2,-0.16865192800947776,75,MAP_SCADA,0
6,v,3,1.0220428802933108,75,MAP_SCADA,0
7,teta,3,-0.16558749956732421,75,MAP_SCADA,0
8,v,4,1.0236708215643135,75,MAP_SCADA,0
9,teta,4,-0.14387225482896282,75,MAP_SCADA,0
10,v,5,1.0803130599383208,75,MAP_SCADA,0
11,teta,5,-0.23665043907122937,75,MAP_SCADA,0
12,v,6,1.0651079637020784,75,MAP_SCADA,0
13,teta,6,-0.21865056548718712,75,MAP_SCADA,0
14,v,7,1.0896807251475615,75,MAP_SCADA,0
15,teta,7,-0.21865124494925622,75,MAP_SCADA,0
16,v,8,1.0614963215261435,75,MAP_SCADA,0
17,teta,8,-0.24612220740732546,75,MAP_SCADA,0
18,v,9,1.0574146323313849,75,MAP_SCADA,0
19,teta,9,-0.24932962711545947,75,MAP_SCADA,0
20,v,10,1.0652193444945914,75,MAP_SCADA,0
21,teta,10,-0.24527309729283012,75,MAP_SCADA,0
22,v,11,1.062116355127057,75,MAP_SCADA,0
23,teta,11,-0.25260410687504253,75,MAP_SCADA,0
24,v,12,1.0593132075416634,75,MAP_SCADA,0
25,teta,12,-0.2530768929426509,75,MAP_SCADA,0
26,v,13,1.0427759069172429,75,MAP_SCADA,0
27,teta,13,-0.2662130737015216,75,MAP_SCADA,0
28,v,14,1.0169366462243092,75,MAP_SCADA,0
29,teta,14,0.024374186275075052,75,MAP_SCADA,0
30,v,15,1.075389100048533,75,MAP_SCADA,0
31,teta,15,-0.239285922295119,75,MAP_SCADA,0
0,v,0,1.0594758514472031,76,MAP_SCADA,0
1,teta,0,0.0,76,MAP_SCADA,0
2,v,1,1.0444395924432102,76,MAP_SCADA,0
3,teta,1,-0.09018765604966825,76,MAP_SCADA,0
4,v,2,1.0195391121712072,76,MAP_SCADA,0
5,teta,2,-0.16771066267942084,76,MAP_SCADA,0
6,v,3,1.0217666112459358,76,MAP_SCADA,0
7,teta,3,-0.16526600918225576,76,MAP_SCADA,0
8,v,4,1.0233995794653465,76,MAP_SCADA,0
9,teta,4,-0.14362729435759575,76,MAP_SCADA,0
10,v,5,1.0802438440427373,76,MAP_SCADA,0
11,teta,5,-0.23647435690652793,76,MAP_SCADA,0
12,v,6,1.06478894713151,76,MAP_SCADA,0
13,teta,6,-0.21837952186390938,76,MAP_SCADA,0
14,v,7,1.0893011674681328,76,MAP_SCADA,0
15,teta,7,-0.21838061444680562,76,MAP_SCADA,0
16,v,8,1.0611978074021808,76,MAP_SCADA,0
17,teta,8,-0.24587729857560817,76,MAP_SCADA,0
18,v,9,1.0571813180587548,76,MAP_SCADA,0
19,teta,9,-0.24907238736180742,76,MAP_SCADA,0
20,v,10,1.06509593815055,76,MAP_SCADA,0
21,teta,10,-0.24494090833724358,76,MAP_SCADA,0
22,v,11,1.0620595041069707,76,MAP_SCADA,0
23,teta,11,-0.2518023076967483,76,MAP_SCADA,0
24,v,12,1.0592901143267088,76,MAP_SCADA,0
25,teta,12,-0.25227397067101226,76,MAP_SCADA,0
26,v,13,1.0425735656232171,76,MAP_SCADA,0
27,teta,13,-0.26584595645616943,76,MAP_SCADA,0
28,v,14,1.0164105777999515,76,MAP_SCADA,0
29,teta,14,0.02426217789388348,76,MAP_SCADA,0
30,v,15,1.0753136885967067,76,MAP_SCADA,0
31,teta,15,-0.2385294065771173,76,MAP_SCADA,0
0,v,0,1.0569860796418329,77,MAP_SCADA,0
1,teta,0,0.0,77,MAP_SCADA,0
2,v,1,1.0419768522317017,77,MAP_SCADA,0
3,teta,1,-0.09071344669926029,77,MAP_SCADA,0
4,v,2,1.0170367484566034,77,MAP_SCADA,0
5,teta,2,-0.16832914307622326,77,MAP_SCADA,0
6,v,3,1.0193568953002907,77,MAP_SCADA,0
7,teta,3,-0.165698034527335,77,MAP_SCADA,0
8,v,4,1.0209665859452401,77,MAP_SCADA,0
9,teta,4,-0.1440188913647656,77,MAP_SCADA,0
10,v,5,1.0775415783098947,77,MAP_SCADA,0
11,teta,5,-0.23691160654512933,77,MAP_SCADA,0
12,v,6,1.0623505562301632,77,MAP_SCADA,0
13,teta,6,-0.21881311507896362,77,MAP_SCADA,0
14,v,7,1.0868805325823916,77,MAP_SCADA,0
15,teta,7,-0.21881258084056057,77,MAP_SCADA,0
16,v,8,1.0587590602567287,77,MAP_SCADA,0
17,teta,8,-0.24631108465784587,77,MAP_SCADA,0
18,v,9,1.0546898841988168,77,MAP_SCADA,0
19,teta,9,-0.24951162722370548,77,MAP_SCADA,0
20,v,10,1.0625758817363227,77,MAP_SCADA,0
21,teta,10,-0.2453870776651598,77,MAP_SCADA,0
22,v,11,1.0594380239167032,77,MAP_SCADA,0
23,teta,11,-0.25244728971311065,77,MAP_SCADA,0
24,v,12,1.056659778830663,77,MAP_SCADA,0
25,teta,12,-0.25292505057060616,77,MAP_SCADA,0
26,v,13,1.04000384076285,77,MAP_SCADA,0
27,teta,13,-0.26644487091644053,77,MAP_SCADA,0
28,v,14,1.0135795291455745,77,MAP_SCADA,0
29,teta,14,0.024804111020196175,77,MAP_SCADA,0
30,v,15,1.0727752437370053,77,MAP_SCADA,0
31,teta,15,-0.2390674978795175,77,MAP_SCADA,0
0,v,0,1.062501540468761,78,MAP_SCADA,0
1,teta,0,0.0,78,MAP_SCADA,0
2,v,1,1.047574650156966,78,MAP_SCADA,0
3,teta,1,-0.08930615638028112,78,MAP_SCADA,0
4,v,2,1.02251416605997,78,MAP_SCADA,0
5,teta,2,-0.16587971168883106,78,MAP_SCADA,0
6,v,3,1.0248078719180944,78,MAP_SCADA,0
7,teta,3,-0.1641309795299405,78,MAP_SCADA,0
8,v,4,1.0264405450783078,78,MAP_SCADA,0
9,teta,4,-0.1426651555873941,78,MAP_SCADA,0
10,v,5,1.083318601104563,78,MAP_SCADA,0
11,teta,5,-0.2356162478063745,78,MAP_SCADA,0
12,v,6,1.0679722152786837,78,MAP_SCADA,0
13,teta,6,-0.21738734743540597,78,MAP_SCADA,0
14,v,7,1.0925875938929475,78,MAP_SCADA,0
15,teta,7,-0.21738880166229163,78,MAP_SCADA,0
16,v,8,1.0643652088656295,78,MAP_SCADA,0
17,teta,8,-0.24495857414371142,78,MAP_SCADA,0
18,v,9,1.0603730701850504,78,MAP_SCADA,0
19,teta,9,-0.2481630662897,78,MAP_SCADA,0
20,v,10,1.0682389868644073,78,MAP_SCADA,0
21,teta,10,-0.24406975551515112,78,MAP_SCADA,0
22,v,11,1.0650928676138531,78,MAP_SCADA,0
23,teta,11,-0.2512949628288617,78,MAP_SCADA,0
24,v,12,1.0623141986498266,78,MAP_SCADA,0
25,teta,12,-0.2517604180005841,78,MAP_SCADA,0
26,v,13,1.0456283783288052,78,MAP_SCADA,0
27,teta,13,-0.2650777805152527,78,MAP_SCADA,0
28,v,14,1.0190249000897762,78,MAP_SCADA,0
29,teta,14,0.02575342393387308,78,MAP_SCADA,0
30,v,15,1.0783210246217176,78,MAP_SCADA,0
31,teta,15,-0.238083061700497,78,MAP_SCADA,0
0,v,0,1.0616449198848488,79,MAP_SCADA,0
1,teta,0,0.0,79,MAP_SCADA,0
2,v,1,1.0467201862678965,79,MAP_SCADA,0
3,teta,1,-0.08943461084026362,79,MAP_SCADA,0
4,v,2,1.0216025166191631,79,MAP_SCADA,0
5,teta,2,-0.16803817607853477,79,MAP_SCADA,0
6,v,3,1.024018807916662,79,MAP_SCADA,0
7,teta,3,-0.16466027187091892,79,MAP_SCADA,0
8,v,4,1.0256361820992541,79,MAP_SCADA,0
9,teta,4,-0.14304784997822476,79,MAP_SCADA,0
10,v,5,1.0824617399976046,79,MAP_SCADA,0
11,teta,5,-0.23572941782020695,79,MAP_SCADA,0
12,v,6,1.0671210049332946,79,MAP_SCADA,0
13,teta,6,-0.21767224606786215,79,MAP_SCADA,0
14,v,7,1.0916610745836037,79,MAP_SCADA,0
15,teta,7,-0.21767044603242897,79,MAP_SCADA,0
16,v,8,1.0635259827958905,79,MAP_SCADA,0
17,teta,8,-0.24511962682525243,79,MAP_SCADA,0
18,v,9,1.05957328616867,79,MAP_SCADA,0
19,teta,9,-0.24836012627582343,79,MAP_SCADA,0
20,v,10,1.0674542845389685,79,MAP_SCADA,0
21,teta,10,-0.24424847229150756,79,MAP_SCADA,0
22,v,11,1.0642996786037955,79,MAP_SCADA,0
23,teta,11,-0.25119389914002394,79,MAP_SCADA,0
24,v,12,1.0615458148067007,79,MAP_SCADA,0
25,teta,12,-0.25166641945141827,79,MAP_SCADA,0
26,v,13,1.0448348127439067,79,MAP_SCADA,0
27,teta,13,-0.265007986545119,79,MAP_SCADA,0
28,v,14,1.0189922657964485,79,MAP_SCADA,0
29,teta,14,0.025274885444369878,79,MAP_SCADA,0
30,v,15,1.0775105379581806,79,MAP_SCADA,0
31,teta,15,-0.23806269266841878,79,MAP_SCADA,0
0,v,0,1.062479266189122,80,MAP_SCADA,0
1,teta,0,0.0,80,MAP_SCADA,0
2,v,1,1.0475180873762029,80,MAP_SCADA,0
3,teta,1,-0.08957272188931026,80,MAP_SCADA,0
4,v,2,1.0226195163306881,80,MAP_SCADA,0
5,teta,2,-0.16653235081899206,80,MAP_SCADA,0
6,v,3,1.0248946001328059,80,MAP_SCADA,0
7,teta,3,-0.1641401788823179,80,MAP_SCADA,0
8,v,4,1.0264974726847127,80,MAP_SCADA,0
9,teta,4,-0.14265723891993673,80,MAP_SCADA,0
10,v,5,1.0832852543620197,80,MAP_SCADA,0
11,teta,5,-0.23521335779438138,80,MAP_SCADA,0
12,v,6,1.0679762417921723,80,MAP_SCADA,0
13,teta,6,-0.21714256645711802,80,MAP_SCADA,0
14,v,7,1.09245300113966,80,MAP_SCADA,0
15,teta,7,-0.2171442641024168,80,MAP_SCADA,0
16,v,8,1.0644001083364345,80,MAP_SCADA,0
17,teta,8,-0.24458365843586452,80,MAP_SCADA,0
18,v,9,1.0603951626292951,80,MAP_SCADA,0
19,teta,9,-0.24774716501039248,80,MAP_SCADA,0
20,v,10,1.0682425344427,80,MAP_SCADA,0
21,teta,10,-0.24360807515148417,80,MAP_SCADA,0
22,v,11,1.0652026628828108,80,MAP_SCADA,0
23,teta,11,-0.250839923223492,80,MAP_SCADA,0
24,v,12,1.0624347274241897,80,MAP_SCADA,0
25,teta,12,-0.25132462677267564,80,MAP_SCADA,0
26,v,13,1.0457636257520335,80,MAP_SCADA,0
27,teta,13,-0.2645709972637334,80,MAP_SCADA,0
28,v,14,1.0198859061764227,80,MAP_SCADA,0
29,teta,14,0.023614505463466603,80,MAP_SCADA,0
30,v,15,1.0783936768615647,80,MAP_SCADA,0
31,teta,15,-0.23766716113086656,80,MAP_SCADA,0
0,v,0,1.0622946245541935,81,MAP_SCADA,0
1,teta,0,0.0,81,MAP_SCADA,0
2,v,1,1.0471200524624364,81,MAP_SCADA,0
3,teta,1,-0.0901648038027632,81,MAP_SCADA,0
4,v,2,1.0228080801038106,81,MAP_SCADA,0
5,teta,2,-0.16890492674755891,81,MAP_SCADA,0
6,v,3,1.0246079147220677,81,MAP_SCADA,0
7,teta,3,-0.16548691088489348,81,MAP_SCADA,0
8,v,4,1.0261735507569707,81,MAP_SCADA,0
9,teta,4,-0.14372613057211509,81,MAP_SCADA,0
10,v,5,1.0829478138627608,81,MAP_SCADA,0
11,teta,5,-0.2364584521755043,81,MAP_SCADA,0
12,v,6,1.0677580014668628,81,MAP_SCADA,0
13,teta,6,-0.2184335605436054,81,MAP_SCADA,0
14,v,7,1.0923050984270488,81,MAP_SCADA,0
15,teta,7,-0.21843383131390515,81,MAP_SCADA,0
16,v,8,1.0641745421099895,81,MAP_SCADA,0
17,teta,8,-0.24584486922469936,81,MAP_SCADA,0
18,v,9,1.0601112754673763,81,MAP_SCADA,0
19,teta,9,-0.24901545094811983,81,MAP_SCADA,0
20,v,10,1.067953699741733,81,MAP_SCADA,0
21,teta,10,-0.24489677792632614,81,MAP_SCADA,0
22,v,11,1.0648662647927642,81,MAP_SCADA,0
23,teta,11,-0.25209654713155405,81,MAP_SCADA,0
24,v,12,1.062086649850727,81,MAP_SCADA,0
25,teta,12,-0.252579577046578,81,MAP_SCADA,0
26,v,13,1.0454963894003355,81,MAP_SCADA,0
27,teta,13,-0.265873167716402,81,MAP_SCADA,0
28,v,14,1.0190661078163827,81,MAP_SCADA,0
29,teta,14,0.022839786791051735,81,MAP_SCADA,0
30,v,15,1.0780734896735296,81,MAP_SCADA,0
31,teta,15,-0.23882575872937925,81,MAP_SCADA,0
0,v,0,1.0591264451815958,82,MAP_SCADA,0
1,teta,0,0.0,82,MAP_SCADA,0
2,v,1,1.0442109921909257,82,MAP_SCADA,0
3,teta,1,-0.08984388139580705,82,MAP_SCADA,0
4,v,2,1.0193481962642323,82,MAP_SCADA,0
5,teta,2,-0.16779612333306745,82,MAP_SCADA,0
6,v,3,1.021461541524488,82,MAP_SCADA,0
7,teta,3,-0.16533794116029946,82,MAP_SCADA,0
8,v,4,1.0230832824155807,82,MAP_SCADA,0
9,teta,4,-0.14362078640073211,82,MAP_SCADA,0
10,v,5,1.0798427915372262,82,MAP_SCADA,0
11,teta,5,-0.23677430688261814,82,MAP_SCADA,0
12,v,6,1.0645603975801334,82,MAP_SCADA,0
13,teta,6,-0.21860534403139784,82,MAP_SCADA,0
14,v,7,1.0891839831335102,82,MAP_SCADA,0
15,teta,7,-0.21860488228071345,82,MAP_SCADA,0
16,v,8,1.0609500448458908,82,MAP_SCADA,0
17,teta,8,-0.24618194009164976,82,MAP_SCADA,0
18,v,9,1.0569789631952027,82,MAP_SCADA,0
19,teta,9,-0.24937907332195883,82,MAP_SCADA,0
20,v,10,1.0648316100272406,82,MAP_SCADA,0
21,teta,10,-0.24523423475536066,82,MAP_SCADA,0
22,v,11,1.0616087171816282,82,MAP_SCADA,0
23,teta,11,-0.2526838707382139,82,MAP_SCADA,0
24,v,12,1.0588143917499275,82,MAP_SCADA,0
25,teta,12,-0.2531611871258853,82,MAP_SCADA,0
26,v,13,1.0422194187460674,82,MAP_SCADA,0
27,teta,13,-0.2664963750141293,82,MAP_SCADA,0
28,v,14,1.015925750033392,82,MAP_SCADA,0
29,teta,14,0.025137286266526736,82,MAP_SCADA,0
30,v,15,1.0748959608441866,82,MAP_SCADA,0
31,teta,15,-0.23937772893692766,82,MAP_SCADA,0
0,v,0,1.0597891370978945,83,MAP_SCADA,0
1,teta,0,0.0,83,MAP_SCADA,0
2,v,1,1.044770148302188,83,MAP_SCADA,0
3,teta,1,-0.09052265547776601,83,MAP_SCADA,0
4,v,2,1.0198918817949996,83,MAP_SCADA,0
5,teta,2,-0.16773958066082295,83,MAP_SCADA,0
6,v,3,1.0220906121794033,83,MAP_SCADA,0
7,teta,3,-0.16534058750655198,83,MAP_SCADA,0
8,v,4,1.0237308366285547,83,MAP_SCADA,0
9,teta,4,-0.1436537431498527,83,MAP_SCADA,0
10,v,5,1.0804060274779772,83,MAP_SCADA,0
11,teta,5,-0.23617628458044984,83,MAP_SCADA,0
12,v,6,1.0650827910986715,83,MAP_SCADA,0
13,teta,6,-0.21825195309653667,83,MAP_SCADA,0
14,v,7,1.0895122595983024,83,MAP_SCADA,0
15,teta,7,-0.21825048096947056,83,MAP_SCADA,0
16,v,8,1.0615151259262248,83,MAP_SCADA,0
17,teta,8,-0.24564728385537618,83,MAP_SCADA,0
18,v,9,1.0574513121061793,83,MAP_SCADA,0
19,teta,9,-0.24888029553917632,83,MAP_SCADA,0
20,v,10,1.0653063443362853,83,MAP_SCADA,0
21,teta,10,-0.24478424294089565,83,MAP_SCADA,0
22,v,11,1.0621292073070034,83,MAP_SCADA,0
23,teta,11,-0.25187257166858223,83,MAP_SCADA,0
24,v,12,1.0593427747721835,83,MAP_SCADA,0
25,teta,12,-0.25233749699679203,83,MAP_SCADA,0
26,v,13,1.0427962749012851,83,MAP_SCADA,0
27,teta,13,-0.26570618986863365,83,MAP_SCADA,0
28,v,14,1.016074723284912,83,MAP_SCADA,0
29,teta,14,0.024843893240720952,83,MAP_SCADA,0
30,v,15,1.0754123850552733,83,MAP_SCADA,0
31,teta,15,-0.2386309057508317,83,MAP_SCADA,0
0,v,0,1.0596175827432224,84,MAP_SCADA,0
1,teta,0,0.0,84,MAP_SCADA,0
2,v,1,1.0449025580512568,84,MAP_SCADA,0
3,teta,1,-0.08932238697836638,84,MAP_SCADA,0
4,v,2,1.0190876422501645,84,MAP_SCADA,0
5,teta,2,-0.16549181286575562,84,MAP_SCADA,0
6,v,3,1.0219463621387292,84,MAP_SCADA,0
7,teta,3,-0.16406080098929182,84,MAP_SCADA,0
8,v,4,1.0236518349831816,84,MAP_SCADA,0
9,teta,4,-0.14256876732504092,84,MAP_SCADA,0
10,v,5,1.080353028855628,84,MAP_SCADA,0
11,teta,5,-0.2350703817201575,84,MAP_SCADA,0
12,v,6,1.0650538891243941,84,MAP_SCADA,0
13,teta,6,-0.21723615273290964,84,MAP_SCADA,0
14,v,7,1.0896713341466309,84,MAP_SCADA,0
15,teta,7,-0.21723509656014747,84,MAP_SCADA,0
16,v,8,1.061442687482359,84,MAP_SCADA,0
17,teta,8,-0.24476579183224678,84,MAP_SCADA,0
18,v,9,1.057432058409014,84,MAP_SCADA,0
19,teta,9,-0.24796621360795873,84,MAP_SCADA,0
20,v,10,1.0653642470288087,84,MAP_SCADA,0
21,teta,10,-0.24376163422716116,84,MAP_SCADA,0
22,v,11,1.0620359798386352,84,MAP_SCADA,0
23,teta,11,-0.25115761924226254,84,MAP_SCADA,0
24,v,12,1.0592472157500705,84,MAP_SCADA,0
25,teta,12,-0.2516385780974593,84,MAP_SCADA,0
26,v,13,1.0426558897123888,84,MAP_SCADA,0
27,teta,13,-0.265011716057369,84,MAP_SCADA,0
28,v,14,1.0163677741387458,84,MAP_SCADA,0
29,teta,14,0.028040543644571987,84,MAP_SCADA,0
30,v,15,1.0752979975401447,84,MAP_SCADA,0
31,teta,15,-0.23786073866665747,84,MAP_SCADA,0
0,v,0,1.0600542214188913,85,MAP_SCADA,0
1,teta,0,0.0,85,MAP_SCADA,0
2,v,1,1.0449147817279598,85,MAP_SCADA,0
3,teta,1,-0.08992758943885369,85,MAP_SCADA,0
4,v,2,1.0200640022080814,85,MAP_SCADA,0
5,teta,2,-0.16699212406339126,85,MAP_SCADA,0
6,v,3,1.0224514891613445,85,MAP_SCADA,0
7,teta,3,-0.16440713256328796,85,MAP_SCADA,0
8,v,4,1.0240220806850016,85,MAP_SCADA,0
9,teta,4,-0.14296315486894542,85,MAP_SCADA,0
10,v,5,1.0806695843236818,85,MAP_SCADA,0
11,teta,5,-0.235921169472835,85,MAP_SCADA,0
12,v,6,1.0655325153910578,85,MAP_SCADA,0
13,teta,6,-0.21762057640204455,85,MAP_SCADA,0
14,v,7,1.0900894554798448,85,MAP_SCADA,0
15,teta,7,-0.21761826375239227,85,MAP_SCADA,0
16,v,8,1.0619414883588025,85,MAP_SCADA,0
17,teta,8,-0.2451713987620443,85,MAP_SCADA,0
18,v,9,1.0578836154178224,85,MAP_SCADA,0
19,teta,9,-0.24837634657214996,85,MAP_SCADA,0
20,v,10,1.0657325508900968,85,MAP_SCADA,0
21,teta,10,-0.24430771091241868,85,MAP_SCADA,0
22,v,11,1.0626434777167182,85,MAP_SCADA,0
23,teta,11,-0.2515845750289872,85,MAP_SCADA,0
24,v,12,1.0598819748869588,85,MAP_SCADA,0
25,teta,12,-0.25206378973539567,85,MAP_SCADA,0
26,v,13,1.0431656470279984,85,MAP_SCADA,0
27,teta,13,-0.2653566420704949,85,MAP_SCADA,0
28,v,14,1.0165031044920698,85,MAP_SCADA,0
29,teta,14,0.024799603646785108,85,MAP_SCADA,0
30,v,15,1.0759450516194886,85,MAP_SCADA,0
31,teta,15,-0.23824783217616144,85,MAP_SCADA,0
0,v,0,1.0602486544818108,86,MAP_SCADA,0
1,teta,0,0.0,86,MAP_SCADA,0
2,v,1,1.0453058430353117,86,MAP_SCADA,0
3,teta,1,-0.08960519353817983,86,MAP_SCADA,0
4,v,2,1.0205339178281707,86,MAP_SCADA,0
5,teta,2,-0.16885345555848888,86,MAP_SCADA,0
6,v,3,1.0226269191066144,86,MAP_SCADA,0
7,teta,3,-0.16529403713159685,86,MAP_SCADA,0
8,v,4,1.0242160890223226,86,MAP_SCADA,0
9,teta,4,-0.14354652995504794,86,MAP_SCADA,0
10,v,5,1.0809692947488856,86,MAP_SCADA,0
11,teta,5,-0.23662770230770383,86,MAP_SCADA,0
12,v,6,1.0657176237633188,86,MAP_SCADA,0
13,teta,6,-0.21842114519993044,86,MAP_SCADA,0
14,v,7,1.0902810446666653,86,MAP_SCADA,0
15,teta,7,-0.21842009438267415,86,MAP_SCADA,0
16,v,8,1.0621219148246732,86,MAP_SCADA,0
17,teta,8,-0.24592653791821803,86,MAP_SCADA,0
18,v,9,1.0581024348712618,86,MAP_SCADA,0
19,teta,9,-0.2491340323300217,86,MAP_SCADA,0
20,v,10,1.0659239986351305,86,MAP_SCADA,0
21,teta,10,-0.2450874196834343,86,MAP_SCADA,0
22,v,11,1.0628492639688174,86,MAP_SCADA,0
23,teta,11,-0.25194032857795207,86,MAP_SCADA,0
24,v,12,1.0600719427656347,86,MAP_SCADA,0
25,teta,12,-0.2524348176472453,86,MAP_SCADA,0
26,v,13,1.0433529653334994,86,MAP_SCADA,0
27,teta,13,-0.26601606112994325,86,MAP_SCADA,0
28,v,14,1.017557179684872,86,MAP_SCADA,0
29,teta,14,0.024569313913160567,86,MAP_SCADA,0
30,v,15,1.0761223004306215,86,MAP_SCADA,0
31,teta,15,-0.23865859244916768,86,MAP_SCADA,0
0,v,0,1.0619957566862808,87,MAP_SCADA,0
1,teta,0,0.0,87,MAP_SCADA,0
2,v,1,1.0470949892883206,87,MAP_SCADA,0
3,teta,1,-0.0890304429837275,87,MAP_SCADA,0
4,v,2,1.0220512671624364,87,MAP_SCADA,0
5,teta,2,-0.1658626412084217,87,MAP_SCADA,0
6,v,3,1.0244326232706982,87,MAP_SCADA,0
7,teta,3,-0.16361918431783268,87,MAP_SCADA,0
8,v,4,1.0260584520976481,87,MAP_SCADA,0
9,teta,4,-0.14217180215801978,87,MAP_SCADA,0
10,v,5,1.0827836377536344,87,MAP_SCADA,0
11,teta,5,-0.23442859134048016,87,MAP_SCADA,0
12,v,6,1.0674933594405625,87,MAP_SCADA,0
13,teta,6,-0.21653538324692778,87,MAP_SCADA,0
14,v,7,1.0919398111879628,87,MAP_SCADA,0
15,teta,7,-0.2165362970192375,87,MAP_SCADA,0
16,v,8,1.0639262912663983,87,MAP_SCADA,0
17,teta,8,-0.24393223026860433,87,MAP_SCADA,0
18,v,9,1.059912943438422,87,MAP_SCADA,0
19,teta,9,-0.2470241386505625,87,MAP_SCADA,0
20,v,10,1.067765022261199,87,MAP_SCADA,0
21,teta,10,-0.242885563589397,87,MAP_SCADA,0
22,v,11,1.0645868964473981,87,MAP_SCADA,0
23,teta,11,-0.2501756187658993,87,MAP_SCADA,0
24,v,12,1.0618117995545853,87,MAP_SCADA,0
25,teta,12,-0.2506482055174923,87,MAP_SCADA,0
26,v,13,1.0451809704384467,87,MAP_SCADA,0
27,teta,13,-0.26397438478096646,87,MAP_SCADA,0
28,v,14,1.0188670804423168,87,MAP_SCADA,0
29,teta,14,0.0255928579226562,87,MAP_SCADA,0
30,v,15,1.0778453356808226,87,MAP_SCADA,0
31,teta,15,-0.2369912802900535,87,MAP_SCADA,0
0,v,0,1.058340295370864,88,MAP_SCADA,0
1,teta,0,0.0,88,MAP_SCADA,0
2,v,1,1.0434675507486728,88,MAP_SCADA,0
3,teta,1,-0.09018803957368568,88,MAP_SCADA,0
4,v,2,1.0181039232164668,88,MAP_SCADA,0
5,teta,2,-0.1673360846982369,88,MAP_SCADA,0
6,v,3,1.0207227791654696,88,MAP_SCADA,0
7,teta,3,-0.16494803079469364,88,MAP_SCADA,0
8,v,4,1.0223321878268978,88,MAP_SCADA,0
9,teta,4,-0.1434324449948603,88,MAP_SCADA,0
10,v,5,1.078955108251876,88,MAP_SCADA,0
11,teta,5,-0.23673443455015125,88,MAP_SCADA,0
12,v,6,1.0637698763290466,88,MAP_SCADA,0
13,teta,6,-0.2184028224741805,88,MAP_SCADA,0
14,v,7,1.0883784815650746,88,MAP_SCADA,0
15,teta,7,-0.21840159525704855,88,MAP_SCADA,0
16,v,8,1.060157887773142,88,MAP_SCADA,0
17,teta,8,-0.24607750079557505,88,MAP_SCADA,0
18,v,9,1.0560963342827743,88,MAP_SCADA,0
19,teta,9,-0.24925600521963942,88,MAP_SCADA,0
20,v,10,1.06398469226463,88,MAP_SCADA,0
21,teta,10,-0.24520055679291353,88,MAP_SCADA,0
22,v,11,1.0607685536740168,88,MAP_SCADA,0
23,teta,11,-0.25239282674326047,88,MAP_SCADA,0
24,v,12,1.057986779286069,88,MAP_SCADA,0
25,teta,12,-0.25287299887112347,88,MAP_SCADA,0
26,v,13,1.0412955526565288,88,MAP_SCADA,0
27,teta,13,-0.2663811103237389,88,MAP_SCADA,0
28,v,14,1.015255125948439,88,MAP_SCADA,0
29,teta,14,0.02587350139984037,88,MAP_SCADA,0
30,v,15,1.0740865892728662,88,MAP_SCADA,0
31,teta,15,-0.23911210096177496,88,MAP_SCADA,0
0,v,0,1.0617592431769882,89,MAP_SCADA,0
1,teta,0,0.0,89,MAP_SCADA,0
2,v,1,1.0466851444881693,89,MAP_SCADA,0
3,teta,1,-0.08998534769186987,89,MAP_SCADA,0
4,v,2,1.0217116925044163,89,MAP_SCADA,0
5,teta,2,-0.16793922998525468,89,MAP_SCADA,0
6,v,3,1.02406553435206,89,MAP_SCADA,0
7,teta,3,-0.16490273168778322,89,MAP_SCADA,0
8,v,4,1.025678373894706,89,MAP_SCADA,0
9,teta,4,-0.14331157429332297,89,MAP_SCADA,0
10,v,5,1.082537855429319,89,MAP_SCADA,0
11,teta,5,-0.2360856696849072,89,MAP_SCADA,0
12,v,6,1.0671848118613338,89,MAP_SCADA,0
13,teta,6,-0.21788567202118592,89,MAP_SCADA,0
14,v,7,1.0917382911222637,89,MAP_SCADA,0
15,teta,7,-0.21788528526632192,89,MAP_SCADA,0
16,v,8,1.0635885835473262,89,MAP_SCADA,0
17,teta,8,-0.2453167617742299,89,MAP_SCADA,0
18,v,9,1.0595523526960093,89,MAP_SCADA,0
19,teta,9,-0.2485535196804959,89,MAP_SCADA,0
20,v,10,1.0674311762000266,89,MAP_SCADA,0
21,teta,10,-0.24454387099733696,89,MAP_SCADA,0
22,v,11,1.064468816050512,89,MAP_SCADA,0
23,teta,11,-0.2512097963809839,89,MAP_SCADA,0
24,v,12,1.0616993201500413,89,MAP_SCADA,0
25,teta,12,-0.2516889217245346,89,MAP_SCADA,0
26,v,13,1.0449515739062947,89,MAP_SCADA,0
27,teta,13,-0.2651439896284185,89,MAP_SCADA,0
28,v,14,1.018782686772586,89,MAP_SCADA,0
29,teta,14,0.024366632759300823,89,MAP_SCADA,0
30,v,15,1.0776688695650871,89,MAP_SCADA,0
31,teta,15,-0.23805025891449363,89,MAP_SCADA,0
0,v,0,1.061034880438415,90,MAP_SCADA,0
1,teta,0,0.0,90,MAP_SCADA,0
2,v,1,1.046111845846058,90,MAP_SCADA,0
3,teta,1,-0.08958602775171313,90,MAP_SCADA,0
4,v,2,1.0209544658303524,90,MAP_SCADA,0
5,teta,2,-0.16733624743507033,90,MAP_SCADA,0
6,v,3,1.0233133628345592,90,MAP_SCADA,0
7,teta,3,-0.16463709853552852,90,MAP_SCADA,0
8,v,4,1.0249438589247313,90,MAP_SCADA,0
9,teta,4,-0.14305850924725322,90,MAP_SCADA,0
10,v,5,1.081642944508716,90,MAP_SCADA,0
11,teta,5,-0.2358654674455973,90,MAP_SCADA,0
12,v,6,1.0663648535092682,90,MAP_SCADA,0
13,teta,6,-0.21776046831919177,90,MAP_SCADA,0
14,v,7,1.090825807750904,90,MAP_SCADA,0
15,teta,7,-0.21776264452367683,90,MAP_SCADA,0
16,v,8,1.0628049614710013,90,MAP_SCADA,0
17,teta,8,-0.24526263157702857,90,MAP_SCADA,0
18,v,9,1.0587427079175766,90,MAP_SCADA,0
19,teta,9,-0.24838085378198302,90,MAP_SCADA,0
20,v,10,1.066585088612484,90,MAP_SCADA,0
21,teta,10,-0.2442396761864858,90,MAP_SCADA,0
22,v,11,1.0634911516194818,90,MAP_SCADA,0
23,teta,11,-0.25131773391443013,90,MAP_SCADA,0
24,v,12,1.060724874506196,90,MAP_SCADA,0
25,teta,12,-0.2517901668071726,90,MAP_SCADA,0
26,v,13,1.0441154443151752,90,MAP_SCADA,0
27,teta,13,-0.26517889711325615,90,MAP_SCADA,0
28,v,14,1.01834077246419,90,MAP_SCADA,0
29,teta,14,0.025050051579745946,90,MAP_SCADA,0
30,v,15,1.0767911441105207,90,MAP_SCADA,0
31,teta,15,-0.23798014054291022,90,MAP_SCADA,0
0,v,0,1.0614462727879352,91,MAP_SCADA,0
1,teta,0,0.0,91,MAP_SCADA,0
2,v,1,1.046592318473756,91,MAP_SCADA,0
3,teta,1,-0.08906160022767615,91,MAP_SCADA,0
4,v,2,1.0213958395886893,91,MAP_SCADA,0
5,teta,2,-0.16685289413590892,91,MAP_SCADA,0
6,v,3,1.0238099367420301,91,MAP_SCADA,0
7,teta,3,-0.1641339870762088,91,MAP_SCADA,0
8,v,4,1.025449369782666,91,MAP_SCADA,0
9,teta,4,-0.14256081324091419,91,MAP_SCADA,0
10,v,5,1.0821454432025939,91,MAP_SCADA,0
11,teta,5,-0.23490987879178338,91,MAP_SCADA,0
12,v,6,1.0669021523452096,91,MAP_SCADA,0
13,teta,6,-0.21695803308905912,91,MAP_SCADA,0
14,v,7,1.0914301399676254,91,MAP_SCADA,0
15,teta,7,-0.21696053091714648,91,MAP_SCADA,0
16,v,8,1.063303273147931,91,MAP_SCADA,0
17,teta,8,-0.24430557525579338,91,MAP_SCADA,0
18,v,9,1.0593008879463814,91,MAP_SCADA,0
19,teta,9,-0.2474277047418445,91,MAP_SCADA,0
20,v,10,1.0671483386580127,91,MAP_SCADA,0
21,teta,10,-0.24328164108357306,91,MAP_SCADA,0
22,v,11,1.0639842979527814,91,MAP_SCADA,0
23,teta,11,-0.2507762079160259,91,MAP_SCADA,0
24,v,12,1.0612243504294812,91,MAP_SCADA,0
25,teta,12,-0.25126860089918107,91,MAP_SCADA,0
26,v,13,1.0445626414085114,91,MAP_SCADA,0
27,teta,13,-0.26457081362008755,91,MAP_SCADA,0
28,v,14,1.018367024257906,91,MAP_SCADA,0
29,teta,14,0.02643307602311525,91,MAP_SCADA,0
30,v,15,1.0771993027984834,91,MAP_SCADA,0
31,teta,15,-0.23750631962922839,91,MAP_SCADA,0
0,v,0,1.0595194452448138,92,MAP_SCADA,0
1,teta,0,0.0,92,MAP_SCADA,0
2,v,1,1.0445742934981985,92,MAP_SCADA,0
3,teta,1,-0.09022629326898243,92,MAP_SCADA,0
4,v,2,1.0196673317360563,92,MAP_SCADA,0
5,teta,2,-0.16769843282868477,92,MAP_SCADA,0
6,v,3,1.0218548415000732,92,MAP_SCADA,0
7,teta,3,-0.16535458002752956,92,MAP_SCADA,0
8,v,4,1.0234486024817935,92,MAP_SCADA,0
9,teta,4,-0.1437393034901103,92,MAP_SCADA,0
10,v,5,1.0801655493484583,92,MAP_SCADA,0
11,teta,5,-0.237023918395106,92,MAP_SCADA,0
12,v,6,1.0649741415528,92,MAP_SCADA,0
13,teta,6,-0.2187586563181945,92,MAP_SCADA,0
14,v,7,1.0896161353314673,92,MAP_SCADA,0
15,teta,7,-0.21875579823750232,92,MAP_SCADA,0
16,v,8,1.0613649680236312,92,MAP_SCADA,0
17,teta,8,-0.24640732831299691,92,MAP_SCADA,0
18,v,9,1.0573068083448367,92,MAP_SCADA,0
19,teta,9,-0.24960837320897053,92,MAP_SCADA,0
20,v,10,1.0651612137176216,92,MAP_SCADA,0
21,teta,10,-0.24546354041660662,92,MAP_SCADA,0
22,v,11,1.0623750779811825,92,MAP_SCADA,0
23,teta,11,-0.25229374218290584,92,MAP_SCADA,0
24,v,12,1.0595912332285364,92,MAP_SCADA,0
25,teta,12,-0.25278084468301765,92,MAP_SCADA,0
26,v,13,1.0428509788018019,92,MAP_SCADA,0
27,teta,13,-0.2662544557161205,92,MAP_SCADA,0
28,v,14,1.0162780952349464,92,MAP_SCADA,0
29,teta,14,0.02466626189814258,92,MAP_SCADA,0
30,v,15,1.0756186737848592,92,MAP_SCADA,0
31,teta,15,-0.23899087145582074,92,MAP_SCADA,0
0,v,0,1.062523723044655,93,MAP_SCADA,0
1,teta,0,0.0,93,MAP_SCADA,0
2,v,1,1.0476939532352654,93,MAP_SCADA,0
3,teta,1,-0.08958162089211415,93,MAP_SCADA,0
4,v,2,1.0216290553486402,93,MAP_SCADA,0
5,teta,2,-0.16440965643491295,93,MAP_SCADA,0
6,v,3,1.0248518673730123,93,MAP_SCADA,0
7,teta,3,-0.16329009823067103,93,MAP_SCADA,0
8,v,4,1.0265473482365763,93,MAP_SCADA,0
9,teta,4,-0.14200081425726857,93,MAP_SCADA,0
10,v,5,1.0832988447758882,93,MAP_SCADA,0
11,teta,5,-0.23415414050799757,93,MAP_SCADA,0
12,v,6,1.0680115388906635,93,MAP_SCADA,0
13,teta,6,-0.21613501044037123,93,MAP_SCADA,0
14,v,7,1.0925746078069105,93,MAP_SCADA,0
15,teta,7,-0.21613523435649737,93,MAP_SCADA,0
16,v,8,1.0644160451499047,93,MAP_SCADA,0
17,teta,8,-0.2434940188831331,93,MAP_SCADA,0
18,v,9,1.060479566890645,93,MAP_SCADA,0
19,teta,9,-0.246645771304835,93,MAP_SCADA,0
20,v,10,1.0683311890306064,93,MAP_SCADA,0
21,teta,10,-0.2425897945367055,93,MAP_SCADA,0
22,v,11,1.0650738913127893,93,MAP_SCADA,0
23,teta,11,-0.2498152728933608,93,MAP_SCADA,0
24,v,12,1.062302536946143,93,MAP_SCADA,0
25,teta,12,-0.2503036673495447,93,MAP_SCADA,0
26,v,13,1.0457382254436214,93,MAP_SCADA,0
27,teta,13,-0.2635816321217162,93,MAP_SCADA,0
28,v,14,1.0189877961234572,93,MAP_SCADA,0
29,teta,14,0.027933761633051172,93,MAP_SCADA,0
30,v,15,1.0783468901002444,93,MAP_SCADA,0
31,teta,15,-0.23660385356520353,93,MAP_SCADA,0
0,v,0,1.0564411386964305,94,MAP_SCADA,0
1,teta,0,0.0,94,MAP_SCADA,0
2,v,1,1.0414916022316214,94,MAP_SCADA,0
3,teta,1,-0.09003582495116975,94,MAP_SCADA,0
4,v,2,1.0168540043004157,94,MAP_SCADA,0
5,teta,2,-0.16860875661389832,94,MAP_SCADA,0
6,v,3,1.018867393834726,94,MAP_SCADA,0
7,teta,3,-0.16575825645101866,94,MAP_SCADA,0
8,v,4,1.0204319444472745,94,MAP_SCADA,0
9,teta,4,-0.14409021033879466,94,MAP_SCADA,0
10,v,5,1.0772098212923267,94,MAP_SCADA,0
11,teta,5,-0.238020526199247,94,MAP_SCADA,0
12,v,6,1.061959720658329,94,MAP_SCADA,0
13,teta,6,-0.21944821414070426,94,MAP_SCADA,0
14,v,7,1.0866690023813228,94,MAP_SCADA,0
15,teta,7,-0.21944823529711577,94,MAP_SCADA,0
16,v,8,1.0583388498729365,94,MAP_SCADA,0
17,teta,8,-0.2472409152138013,94,MAP_SCADA,0
18,v,9,1.0542715260429891,94,MAP_SCADA,0
19,teta,9,-0.2505997320522546,94,MAP_SCADA,0
20,v,10,1.0621572937761445,94,MAP_SCADA,0
21,teta,10,-0.24648743320111982,94,MAP_SCADA,0
22,v,11,1.0590227990989705,94,MAP_SCADA,0
23,teta,11,-0.2537834022513512,94,MAP_SCADA,0
24,v,12,1.0562473951743425,94,MAP_SCADA,0
25,teta,12,-0.2542619267416904,94,MAP_SCADA,0
26,v,13,1.039484751792027,94,MAP_SCADA,0
27,teta,13,-0.2676539503075086,94,MAP_SCADA,0
28,v,14,1.0131928064932192,94,MAP_SCADA,0
29,teta,14,0.024887069084898194,94,MAP_SCADA,0
30,v,15,1.0723351373904173,94,MAP_SCADA,0
31,teta,15,-0.2403737041648915,94,MAP_SCADA,0
0,v,0,1.0590134148822452,95,MAP_SCADA,0
1,teta,0,0.0,95,MAP_SCADA,0
2,v,1,1.0440503653873647,95,MAP_SCADA,0
3,teta,1,-0.09005468095271503,95,MAP_SCADA,0
4,v,2,1.019129253289492,95,MAP_SCADA,0
5,teta,2,-0.16848681419061562,95,MAP_SCADA,0
6,v,3,1.0213963041184477,95,MAP_SCADA,0
7,teta,3,-0.16546703069071822,95,MAP_SCADA,0
8,v,4,1.023012786592407,95,MAP_SCADA,0
9,teta,4,-0.14373253682117051,95,MAP_SCADA,0
10,v,5,1.0798468539668589,95,MAP_SCADA,0
11,teta,5,-0.23663024744879063,95,MAP_SCADA,0
12,v,6,1.0644464875235573,95,MAP_SCADA,0
13,teta,6,-0.218568907267396,95,MAP_SCADA,0
14,v,7,1.0889830495312258,95,MAP_SCADA,0
15,teta,7,-0.21856940771844172,95,MAP_SCADA,0
16,v,8,1.0608582303917713,95,MAP_SCADA,0
17,teta,8,-0.2460598765092221,95,MAP_SCADA,0
18,v,9,1.0568625734157124,95,MAP_SCADA,0
19,teta,9,-0.24921905315960904,95,MAP_SCADA,0
20,v,10,1.0647857982398956,95,MAP_SCADA,0
21,teta,10,-0.2450970542032043,95,MAP_SCADA,0
22,v,11,1.0616042099581653,95,MAP_SCADA,0
23,teta,11,-0.2523220297064429,95,MAP_SCADA,0
24,v,12,1.0588202435515508,95,MAP_SCADA,0
25,teta,12,-0.25280211565597527,95,MAP_SCADA,0
26,v,13,1.0421078659862613,95,MAP_SCADA,0
27,teta,13,-0.2661568311381149,95,MAP_SCADA,0
28,v,14,1.0158172238604894,95,MAP_SCADA,0
29,teta,14,0.025213362703493128,95,MAP_SCADA,0
30,v,15,1.0748947990271935,95,MAP_SCADA,0
31,teta,15,-0.2390449376264004,95,MAP_SCADA,0
0,v,0,1.0620907489164804,96,MAP_SCADA,0
1,teta,0,0.0,96,MAP_SCADA,0
2,v,1,1.0469438586165734,96,MAP_SCADA,0
3,teta,1,-0.09009815799514899,96,MAP_SCADA,0
4,v,2,1.0222065869125507,96,MAP_SCADA,0
5,teta,2,-0.16801496278457292,96,MAP_SCADA,0
6,v,3,1.0243717532758183,96,MAP_SCADA,0
7,teta,3,-0.1650812567427849,96,MAP_SCADA,0
8,v,4,1.0259809908914972,96,MAP_SCADA,0
9,teta,4,-0.14346732775015122,96,MAP_SCADA,0
10,v,5,1.0829445247847445,96,MAP_SCADA,0
11,teta,5,-0.23629661756256048,96,MAP_SCADA,0
12,v,6,1.0675715073297791,96,MAP_SCADA,0
13,teta,6,-0.21823488129441573,96,MAP_SCADA,0
14,v,7,1.092211373253135,96,MAP_SCADA,0
15,teta,7,-0.2182362525256365,96,MAP_SCADA,0
16,v,8,1.063967904779919,96,MAP_SCADA,0
17,teta,8,-0.24575156542984303,96,MAP_SCADA,0
18,v,9,1.0599535022529785,96,MAP_SCADA,0
19,teta,9,-0.24891657922942648,96,MAP_SCADA,0
20,v,10,1.0678608320672693,96,MAP_SCADA,0
21,teta,10,-0.24478684737888598,96,MAP_SCADA,0
22,v,11,1.064605605881973,96,MAP_SCADA,0
23,teta,11,-0.2521700072614881,96,MAP_SCADA,0
24,v,12,1.0618216591301959,96,MAP_SCADA,0
25,teta,12,-0.252645883029298,96,MAP_SCADA,0
26,v,13,1.0452390402188825,96,MAP_SCADA,0
27,teta,13,-0.265876710449104,96,MAP_SCADA,0
28,v,14,1.01888933720206,96,MAP_SCADA,0
29,teta,14,0.023801136658898606,96,MAP_SCADA,0
30,v,15,1.0778655129419907,96,MAP_SCADA,0
31,teta,15,-0.2389397664841497,96,MAP_SCADA,0
0,v,0,1.0586042594761227,97,MAP_SCADA,0
1,teta,0,0.0,97,MAP_SCADA,0
2,v,1,1.0436462805334654,97,MAP_SCADA,0
3,teta,1,-0.09007802208886674,97,MAP_SCADA,0
4,v,2,1.0188488558382298,97,MAP_SCADA,0
5,teta,2,-0.16900576837522593,97,MAP_SCADA,0
6,v,3,1.0209077848005332,97,MAP_SCADA,0
7,teta,3,-0.16581883251824509,97,MAP_SCADA,0
8,v,4,1.0225110759020724,97,MAP_SCADA,0
9,teta,4,-0.14403592528496076,97,MAP_SCADA,0
10,v,5,1.0792232024315633,97,MAP_SCADA,0
11,teta,5,-0.23728628346353978,97,MAP_SCADA,0
12,v,6,1.0639820039435173,97,MAP_SCADA,0
13,teta,6,-0.21910304050894638,97,MAP_SCADA,0
14,v,7,1.0885917122933733,97,MAP_SCADA,0
15,teta,7,-0.2191048944953339,97,MAP_SCADA,0
16,v,8,1.0603739717368992,97,MAP_SCADA,0
17,teta,8,-0.24668686869020273,97,MAP_SCADA,0
18,v,9,1.0563010737058967,97,MAP_SCADA,0
19,teta,9,-0.24990774769624918,97,MAP_SCADA,0
20,v,10,1.0641992795540367,97,MAP_SCADA,0
21,teta,10,-0.24574195266734125,97,MAP_SCADA,0
22,v,11,1.0610612690734997,97,MAP_SCADA,0
23,teta,11,-0.25329681784741065,97,MAP_SCADA,0
24,v,12,1.0582898982166928,97,MAP_SCADA,0
25,teta,12,-0.25377507590682175,97,MAP_SCADA,0
26,v,13,1.0415894714779217,97,MAP_SCADA,0
27,teta,13,-0.26703427007117636,97,MAP_SCADA,0
28,v,14,1.0154576609005481,97,MAP_SCADA,0
29,teta,14,0.02500398135704546,97,MAP_SCADA,0
30,v,15,1.0743816556752415,97,MAP_SCADA,0
31,teta,15,-0.2399273901114248,97,MAP_SCADA,0
0,v,0,1.0565083279214766,98,MAP_SCADA,0
1,teta,0,0.0,98,MAP_SCADA,0
2,v,1,1.0416009931099588,98,MAP_SCADA,0
3,teta,1,-0.09042172306687694,98,MAP_SCADA,0
4,v,2,1.0166076956148486,98,MAP_SCADA,0
5,teta,2,-0.1684547418505184,98,MAP_SCADA,0
6,v,3,1.0188619155526928,98,MAP_SCADA,0
7,teta,3,-0.1657375340959847,98,MAP_SCADA,0
8,v,4,1.0204449309000216,98,MAP_SCADA,0
9,teta,4,-0.14410104640984123,98,MAP_SCADA,0
10,v,5,1.0770662313552932,98,MAP_SCADA,0
11,teta,5,-0.2379919586885748,98,MAP_SCADA,0
12,v,6,1.0619031552540192,98,MAP_SCADA,0
13,teta,6,-0.21944246177574583,98,MAP_SCADA,0
14,v,7,1.0865455250600309,98,MAP_SCADA,0
15,teta,7,-0.219441132175082,98,MAP_SCADA,0
16,v,8,1.0582979627572109,98,MAP_SCADA,0
17,teta,8,-0.24724469797724044,98,MAP_SCADA,0
18,v,9,1.0542271445082911,98,MAP_SCADA,0
19,teta,9,-0.25051773592290255,98,MAP_SCADA,0
20,v,10,1.0620844917231576,98,MAP_SCADA,0
21,teta,10,-0.2463748487486488,98,MAP_SCADA,0
22,v,11,1.059192574063022,98,MAP_SCADA,0
23,teta,11,-0.2535720148554709,98,MAP_SCADA,0
24,v,12,1.056380897339833,98,MAP_SCADA,0
25,teta,12,-0.2540692213068626,98,MAP_SCADA,0
26,v,13,1.039531578534695,98,MAP_SCADA,0
27,teta,13,-0.26749147707928983,98,MAP_SCADA,0
28,v,14,1.0135407753972563,98,MAP_SCADA,0
29,teta,14,0.02487715024991246,98,MAP_SCADA,0
30,v,15,1.0725021838254611,98,MAP_SCADA,0
31,teta,15,-0.2401918823856249,98,MAP_SCADA,0
0,v,0,1.0592112817174253,99,MAP_SCADA,0
1,teta,0,0.0,99,MAP_SCADA,0
2,v,1,1.0441915805148427,99,MAP_SCADA,0
3,teta,1,-0.09001885067264231,99,MAP_SCADA,0
4,v,2,1.0189656646495895,99,MAP_SCADA,0
5,teta,2,-0.1670109268681088,99,MAP_SCADA,0
6,v,3,1.0215773382800835,99,MAP_SCADA,0
7,teta,3,-0.16459481730751233,99,MAP_SCADA,0
8,v,4,1.0232005063427363,99,MAP_SCADA,0
9,teta,4,-0.14311458750137174,99,MAP_SCADA,0
10,v,5,1.0799415700773507,99,MAP_SCADA,0
11,teta,5,-0.23597146188955873,99,MAP_SCADA,0
12,v,6,1.0646451170961277,99,MAP_SCADA,0
13,teta,6,-0.21770702290607455,99,MAP_SCADA,0
14,v,7,1.0892122387448229,99,MAP_SCADA,0
15,teta,7,-0.21770941629766577,99,MAP_SCADA,0
16,v,8,1.0610455192349648,99,MAP_SCADA,0
17,teta,8,-0.24520214089809517,99,MAP_SCADA,0
18,v,9,1.0570363596747168,99,MAP_SCADA,0
19,teta,9,-0.24840827018738537,99,MAP_SCADA,0
20,v,10,1.0649549563936491,99,MAP_SCADA,0
21,teta,10,-0.24423711468583356,99,MAP_SCADA,0
22,v,11,1.0617662674054837,99,MAP_SCADA,0
23,teta,11,-0.25133761199600557,99,MAP_SCADA,0
24,v,12,1.0589786029609056,99,MAP_SCADA,0
25,teta,12,-0.25181961713810386,99,MAP_SCADA,0
26,v,13,1.0422597767256816,99,MAP_SCADA,0
27,teta,13,-0.26531929102689455,99,MAP_SCADA,0
28,v,14,1.015833151932426,99,MAP_SCADA,0
29,teta,14,0.025748309359872518,99,MAP_SCADA,0
30,v,15,1.0750866332404114,99,MAP_SCADA,0
31,teta,15,-0.23794461705666003,99,MAP_SCADA,0
0,v,0,1.0598282495493763,0,MAP_PMU,0
1,teta,0,1.723479291645041e-05,0,MAP_PMU,0
2,v,1,1.0448718927205156,0,MAP_PMU,0
3,teta,1,-0.09001709455492517,0,MAP_PMU,0
4,v,2,1.0199733435019993,0,MAP_PMU,0
5,teta,2,-0.16779049241944366,0,MAP_PMU,0
6,v,3,1.0222139798015233,0,MAP_PMU,0
7,teta,3,-0.1651054802328911,0,MAP_PMU,0
8,v,4,1.023822946128545,0,MAP_PMU,0
9,teta,4,-0.14346554162420194,0,MAP_PMU,0
10,v,5,1.0805674753662824,0,MAP_PMU,0
11,teta,5,-0.23640664786597254,0,MAP_PMU,0
12,v,6,1.06534800522561,0,MAP_PMU,0
13,teta,6,-0.21832833143376365,0,MAP_PMU,0
14,v,7,1.0900156856630734,0,MAP_PMU,0
15,teta,7,-0.2183292064253752,0,MAP_PMU,0
16,v,8,1.0617185577381048,0,MAP_PMU,0
17,teta,8,-0.24588137393680098,0,MAP_PMU,0
18,v,9,1.057713537462674,0,MAP_PMU,0
19,teta,9,-0.24900221634220748,0,MAP_PMU,0
20,v,10,1.0655393346283595,0,MAP_PMU,0
21,teta,10,-0.2449118052078032,0,MAP_PMU,0
22,v,11,1.0625189123351457,0,MAP_PMU,0
23,teta,11,-0.25201559954691466,0,MAP_PMU,0
24,v,12,1.059738443555201,0,MAP_PMU,0
25,teta,12,-0.2525057651765839,0,MAP_PMU,0
26,v,13,1.0430489374306706,0,MAP_PMU,0
27,teta,13,-0.26589445876791507,0,MAP_PMU,0
28,v,14,1.016700023863164,0,MAP_PMU,0
29,teta,14,0.024727550351731888,0,MAP_PMU,0
30,v,15,1.0757807268297819,0,MAP_PMU,0
31,teta,15,-0.23874113157721372,0,MAP_PMU,0
0,v,0,1.0601304032070595,1,MAP_PMU,0
1,teta,0,7.724245705891402e-05,1,MAP_PMU,0
2,v,1,1.0450816219035475,1,MAP_PMU,0
3,teta,1,-0.09000054421869272,1,MAP_PMU,0
4,v,2,1.0201798376305335,1,MAP_PMU,0
5,teta,2,-0.1677649960961944,1,MAP_PMU,0
6,v,3,1.0224206845125743,1,MAP_PMU,0
7,teta,3,-0.16508136362643555,1,MAP_PMU,0
8,v,4,1.0240311734208523,1,MAP_PMU,0
9,teta,4,-0.1434388833950344,1,MAP_PMU,0
10,v,5,1.0807806413687584,1,MAP_PMU,0
11,teta,5,-0.23636372982478632,1,MAP_PMU,0
12,v,6,1.0655319259777192,1,MAP_PMU,0
13,teta,6,-0.21834864080414126,1,MAP_PMU,0
14,v,7,1.0901319346756642,1,MAP_PMU,0
15,teta,7,-0.21835010456010823,1,MAP_PMU,0
16,v,8,1.061932535358316,1,MAP_PMU,0
17,teta,8,-0.24592429305261393,1,MAP_PMU,0
18,v,9,1.057876131350607,1,MAP_PMU,0
19,teta,9,-0.2490777672380704,1,MAP_PMU,0
20,v,10,1.065729997961641,1,MAP_PMU,0
21,teta,10,-0.24492816274584234,1,MAP_PMU,0
22,v,11,1.0627121801528374,1,MAP_PMU,0
23,teta,11,-0.2520351700472036,1,MAP_PMU,0
24,v,12,1.0599579197656863,1,MAP_PMU,0
25,teta,12,-0.2525180116653101,1,MAP_PMU,0
26,v,13,1.0432607988810347,1,MAP_PMU,0
27,teta,13,-0.2659032699482018,1,MAP_PMU,0
28,v,14,1.016920520762456,1,MAP_PMU,0
29,teta,14,0.02470118501079931,1,MAP_PMU,0
30,v,15,1.0759838212869033,1,MAP_PMU,0
31,teta,15,-0.2387065139440653,1,MAP_PMU,0
0,v,0,1.0596941248515135,2,MAP_PMU,0
1,teta,0,0.00028925078243524107,2,MAP_PMU,0
2,v,1,1.0446760627668519,2,MAP_PMU,0
3,teta,1,-0.0899869197974956,2,MAP_PMU,0
4,v,2,1.0197767837313878,2,MAP_PMU,0
5,teta,2,-0.16777807270448833,2,MAP_PMU,0
6,v,3,1.0220179806326068,2,MAP_PMU,0
7,teta,3,-0.16509206288520964,2,MAP_PMU,0
8,v,4,1.0236264257156946,2,MAP_PMU,0
9,teta,4,-0.1434539328188872,2,MAP_PMU,0
10,v,5,1.0803733572319638,2,MAP_PMU,0
11,teta,5,-0.2363988917968764,2,MAP_PMU,0
12,v,6,1.0651220019544667,2,MAP_PMU,0
13,teta,6,-0.2181996348718801,2,MAP_PMU,0
14,v,7,1.089733291877636,2,MAP_PMU,0
15,teta,7,-0.21819622427644111,2,MAP_PMU,0
16,v,8,1.0615090782715093,2,MAP_PMU,0
17,teta,8,-0.24569592574386898,2,MAP_PMU,0
18,v,9,1.057418384225406,2,MAP_PMU,0
19,teta,9,-0.24897792661602383,2,MAP_PMU,0
20,v,10,1.0653144165485542,2,MAP_PMU,0
21,teta,10,-0.24489093301787163,2,MAP_PMU,0
22,v,11,1.0621538107711883,2,MAP_PMU,0
23,teta,11,-0.25197033375721173,2,MAP_PMU,0
24,v,12,1.0593906154834711,2,MAP_PMU,0
25,teta,12,-0.25243655391124675,2,MAP_PMU,0
26,v,13,1.04269922723502,2,MAP_PMU,0
27,teta,13,-0.2658271721728079,2,MAP_PMU,0
28,v,14,1.0165254918961553,2,MAP_PMU,0
29,teta,14,0.02475142147796323,2,MAP_PMU,0
30,v,15,1.0753778705037103,2,MAP_PMU,0
31,teta,15,-0.23876835862605825,2,MAP_PMU,0
0,v,0,1.0598735373303758,3,MAP_PMU,0
1,teta,0,-6.2971711769252e-05,3,MAP_PMU,0
2,v,1,1.0449198625891225,3,MAP_PMU,0
3,teta,1,-0.08997390491190423,3,MAP_PMU,0
4,v,2,1.0200153268324987,3,MAP_PMU,0
5,teta,2,-0.16775710306572242,3,MAP_PMU,0
6,v,3,1.0222538224618158,3,MAP_PMU,0
7,teta,3,-0.16507263669598954,3,MAP_PMU,0
8,v,4,1.02386611379744,3,MAP_PMU,0
9,teta,4,-0.1434563949934062,3,MAP_PMU,0
10,v,5,1.0806397051194567,3,MAP_PMU,0
11,teta,5,-0.2364033891484062,3,MAP_PMU,0
12,v,6,1.0653719328036846,3,MAP_PMU,0
13,teta,6,-0.21826800769884633,3,MAP_PMU,0
14,v,7,1.0900157165456967,3,MAP_PMU,0
15,teta,7,-0.2182649553630235,3,MAP_PMU,0
16,v,8,1.0617475021066711,3,MAP_PMU,0
17,teta,8,-0.2458096729619868,3,MAP_PMU,0
18,v,9,1.0577554674890264,3,MAP_PMU,0
19,teta,9,-0.24905497703185228,3,MAP_PMU,0
20,v,10,1.065652455870284,3,MAP_PMU,0
21,teta,10,-0.24493477713135717,3,MAP_PMU,0
22,v,11,1.0626293153500863,3,MAP_PMU,0
23,teta,11,-0.25199053094181334,3,MAP_PMU,0
24,v,12,1.0598474822157926,3,MAP_PMU,0
25,teta,12,-0.2524732281414901,3,MAP_PMU,0
26,v,13,1.0431517067356284,3,MAP_PMU,0
27,teta,13,-0.2658492409883697,3,MAP_PMU,0
28,v,14,1.0167779481671968,3,MAP_PMU,0
29,teta,14,0.024727100050906996,3,MAP_PMU,0
30,v,15,1.0759141301913244,3,MAP_PMU,0
31,teta,15,-0.2387014709134726,3,MAP_PMU,0
0,v,0,1.0600462732458353,4,MAP_PMU,0
1,teta,0,-1.170499164718514e-05,4,MAP_PMU,0
2,v,1,1.0450451570409127,4,MAP_PMU,0
3,teta,1,-0.08998747585655821,4,MAP_PMU,0
4,v,2,1.0201459486366866,4,MAP_PMU,0
5,teta,2,-0.16772876847381846,4,MAP_PMU,0
6,v,3,1.022387087551094,4,MAP_PMU,0
7,teta,3,-0.16504297917230026,4,MAP_PMU,0
8,v,4,1.023993518492057,4,MAP_PMU,0
9,teta,4,-0.14343553949904175,4,MAP_PMU,0
10,v,5,1.080735978495302,4,MAP_PMU,0
11,teta,5,-0.23633711695582832,4,MAP_PMU,0
12,v,6,1.0654946742918823,4,MAP_PMU,0
13,teta,6,-0.218168801098832,4,MAP_PMU,0
14,v,7,1.0901092462998472,4,MAP_PMU,0
15,teta,7,-0.21817173845266213,4,MAP_PMU,0
16,v,8,1.0618783227478046,4,MAP_PMU,0
17,teta,8,-0.24567083259668357,4,MAP_PMU,0
18,v,9,1.0578333223868213,4,MAP_PMU,0
19,teta,9,-0.24890256985452208,4,MAP_PMU,0
20,v,10,1.0656477793097514,4,MAP_PMU,0
21,teta,10,-0.2448435996589795,4,MAP_PMU,0
22,v,11,1.0625600593879656,4,MAP_PMU,0
23,teta,11,-0.2519797779016778,4,MAP_PMU,0
24,v,12,1.0597965963696685,4,MAP_PMU,0
25,teta,12,-0.2524653101122755,4,MAP_PMU,0
26,v,13,1.043106346283734,4,MAP_PMU,0
27,teta,13,-0.2658354359321586,4,MAP_PMU,0
28,v,14,1.016879846212945,4,MAP_PMU,0
29,teta,14,0.02471365099400938,4,MAP_PMU,0
30,v,15,1.0758364706362704,4,MAP_PMU,0
31,teta,15,-0.23869321217135478,4,MAP_PMU,0
0,v,0,1.0600893833713403,5,MAP_PMU,0
1,teta,0,-0.0001648829822776514,5,MAP_PMU,0
2,v,1,1.0451196497541877,5,MAP_PMU,0
3,teta,1,-0.09006887470063232,5,MAP_PMU,0
4,v,2,1.020226179631792,5,MAP_PMU,0
5,teta,2,-0.16780239691347035,5,MAP_PMU,0
6,v,3,1.0224683178435963,5,MAP_PMU,0
7,teta,3,-0.1651181122911714,5,MAP_PMU,0
8,v,4,1.0240769061801513,5,MAP_PMU,0
9,teta,4,-0.14349165549173756,5,MAP_PMU,0
10,v,5,1.0808331192242078,5,MAP_PMU,0
11,teta,5,-0.23640458860658578,5,MAP_PMU,0
12,v,6,1.0655687864520123,5,MAP_PMU,0
13,teta,6,-0.2182202519442361,5,MAP_PMU,0
14,v,7,1.0901383640138043,5,MAP_PMU,0
15,teta,7,-0.21821966349147018,5,MAP_PMU,0
16,v,8,1.0619749363271342,5,MAP_PMU,0
17,teta,8,-0.2457119710783887,5,MAP_PMU,0
18,v,9,1.0579341034526877,5,MAP_PMU,0
19,teta,9,-0.2489251606955884,5,MAP_PMU,0
20,v,10,1.0657498162048193,5,MAP_PMU,0
21,teta,10,-0.2448139052370151,5,MAP_PMU,0
22,v,11,1.0626779874032515,5,MAP_PMU,0
23,teta,11,-0.2519507180924879,5,MAP_PMU,0
24,v,12,1.059924364649907,5,MAP_PMU,0
25,teta,12,-0.2524211777981757,5,MAP_PMU,0
26,v,13,1.0432277384600652,5,MAP_PMU,0
27,teta,13,-0.26580410716458863,5,MAP_PMU,0
28,v,14,1.016941906958124,5,MAP_PMU,0
29,teta,14,0.024623013015033425,5,MAP_PMU,0
30,v,15,1.075912932336452,5,MAP_PMU,0
31,teta,15,-0.23875301942369034,5,MAP_PMU,0
0,v,0,1.0600387185045919,6,MAP_PMU,0
1,teta,0,8.310656545107598e-05,6,MAP_PMU,0
2,v,1,1.0449984601183426,6,MAP_PMU,0
3,teta,1,-0.09004907699417915,6,MAP_PMU,0
4,v,2,1.020105905439996,6,MAP_PMU,0
5,teta,2,-0.1678111307418767,6,MAP_PMU,0
6,v,3,1.0223452455209958,6,MAP_PMU,0
7,teta,3,-0.1651275257611759,6,MAP_PMU,0
8,v,4,1.0239552061946693,6,MAP_PMU,0
9,teta,4,-0.14348526875213827,6,MAP_PMU,0
10,v,5,1.080691132856251,6,MAP_PMU,0
11,teta,5,-0.23639248826841142,6,MAP_PMU,0
12,v,6,1.0653832308547397,6,MAP_PMU,0
13,teta,6,-0.21824463380687176,6,MAP_PMU,0
14,v,7,1.0898689090070695,6,MAP_PMU,0
15,teta,7,-0.21824718189041267,6,MAP_PMU,0
16,v,8,1.0618108401269486,6,MAP_PMU,0
17,teta,8,-0.24574302459088546,6,MAP_PMU,0
18,v,9,1.0577846707024416,6,MAP_PMU,0
19,teta,9,-0.24903419956549702,6,MAP_PMU,0
20,v,10,1.0657111931550538,6,MAP_PMU,0
21,teta,10,-0.2448424236425274,6,MAP_PMU,0
22,v,11,1.0625391748378665,6,MAP_PMU,0
23,teta,11,-0.2520174954347179,6,MAP_PMU,0
24,v,12,1.0597743318274175,6,MAP_PMU,0
25,teta,12,-0.2524733147048105,6,MAP_PMU,0
26,v,13,1.0430874764855649,6,MAP_PMU,0
27,teta,13,-0.26585580001028947,6,MAP_PMU,0
28,v,14,1.0168365396016579,6,MAP_PMU,0
29,teta,14,0.024628660099388085,6,MAP_PMU,0
30,v,15,1.0757946148549915,6,MAP_PMU,0
31,teta,15,-0.23881505451685822,6,MAP_PMU,0
0,v,0,1.0597678507450685,7,MAP_PMU,0
1,teta,0,5.462071422321851e-06,7,MAP_PMU,0
2,v,1,1.0447832429047488,7,MAP_PMU,0
3,teta,1,-0.09001418778957848,7,MAP_PMU,0
4,v,2,1.0198825672325567,7,MAP_PMU,0
5,teta,2,-0.16780447823274464,7,MAP_PMU,0
6,v,3,1.0221237350247978,7,MAP_PMU,0
7,teta,3,-0.16511783902600774,7,MAP_PMU,0
8,v,4,1.023735118178129,7,MAP_PMU,0
9,teta,4,-0.14347269542242672,7,MAP_PMU,0
10,v,5,1.080459310860309,7,MAP_PMU,0
11,teta,5,-0.23640060305139007,7,MAP_PMU,0
12,v,6,1.0652671372425997,7,MAP_PMU,0
13,teta,6,-0.21838723140070856,7,MAP_PMU,0
14,v,7,1.0898981045805978,7,MAP_PMU,0
15,teta,7,-0.2183860603189018,7,MAP_PMU,0
16,v,8,1.0616686292673527,7,MAP_PMU,0
17,teta,8,-0.2459645187247479,7,MAP_PMU,0
18,v,9,1.0575854438018233,7,MAP_PMU,0
19,teta,9,-0.24918599277511888,7,MAP_PMU,0
20,v,10,1.0654196922556538,7,MAP_PMU,0
21,teta,10,-0.24501370419335522,7,MAP_PMU,0
22,v,11,1.0624545660663396,7,MAP_PMU,0
23,teta,11,-0.2520342041122657,7,MAP_PMU,0
24,v,12,1.0596987783267504,7,MAP_PMU,0
25,teta,12,-0.25251961329382844,7,MAP_PMU,0
26,v,13,1.0430163094657068,7,MAP_PMU,0
27,teta,13,-0.26590907395760743,7,MAP_PMU,0
28,v,14,1.0166371044839881,7,MAP_PMU,0
29,teta,14,0.024698673269777316,7,MAP_PMU,0
30,v,15,1.075774246248131,7,MAP_PMU,0
31,teta,15,-0.2386996740105148,7,MAP_PMU,0
0,v,0,1.0597683612707327,8,MAP_PMU,0
1,teta,0,0.00020660938957362793,8,MAP_PMU,0
2,v,1,1.0447622448003897,8,MAP_PMU,0
3,teta,1,-0.08994712703904982,8,MAP_PMU,0
4,v,2,1.019859298086619,8,MAP_PMU,0
5,teta,2,-0.16773745317555672,8,MAP_PMU,0
6,v,3,1.0220984935454063,8,MAP_PMU,0
7,teta,3,-0.16505115278013693,8,MAP_PMU,0
8,v,4,1.0237046046235887,8,MAP_PMU,0
9,teta,4,-0.14342543874701613,8,MAP_PMU,0
10,v,5,1.0804199391442804,8,MAP_PMU,0
11,teta,5,-0.23636805599448077,8,MAP_PMU,0
12,v,6,1.0651718644685237,8,MAP_PMU,0
13,teta,6,-0.2181713072436113,8,MAP_PMU,0
14,v,7,1.0897348604684387,8,MAP_PMU,0
15,teta,7,-0.2181684141455809,8,MAP_PMU,0
16,v,8,1.0615726758754414,8,MAP_PMU,0
17,teta,8,-0.24567429932988016,8,MAP_PMU,0
18,v,9,1.0575010954982154,8,MAP_PMU,0
19,teta,9,-0.24896986939836263,8,MAP_PMU,0
20,v,10,1.0654158309737727,8,MAP_PMU,0
21,teta,10,-0.2448757089678828,8,MAP_PMU,0
22,v,11,1.0623142996218229,8,MAP_PMU,0
23,teta,11,-0.25190795179535513,8,MAP_PMU,0
24,v,12,1.0595667859425653,8,MAP_PMU,0
25,teta,12,-0.25237565179688404,8,MAP_PMU,0
26,v,13,1.0428659372944007,8,MAP_PMU,0
27,teta,13,-0.26575795528112156,8,MAP_PMU,0
28,v,14,1.0166199527059572,8,MAP_PMU,0
29,teta,14,0.02477433792861138,8,MAP_PMU,0
30,v,15,1.0755314344484572,8,MAP_PMU,0
31,teta,15,-0.23871417928847444,8,MAP_PMU,0
0,v,0,1.0600955589910515,9,MAP_PMU,0
1,teta,0,0.00024954912792097677,9,MAP_PMU,0
2,v,1,1.0450572708069379,9,MAP_PMU,0
3,teta,1,-0.09000300249536053,9,MAP_PMU,0
4,v,2,1.0201588895435834,9,MAP_PMU,0
5,teta,2,-0.16774620490886635,9,MAP_PMU,0
6,v,3,1.022398784799126,9,MAP_PMU,0
7,teta,3,-0.1650608662176044,9,MAP_PMU,0
8,v,4,1.0240062895253232,9,MAP_PMU,0
9,teta,4,-0.14343474776696996,9,MAP_PMU,0
10,v,5,1.0807645933285102,9,MAP_PMU,0
11,teta,5,-0.23635318665693408,9,MAP_PMU,0
12,v,6,1.065492621231162,9,MAP_PMU,0
13,teta,6,-0.21820391953693868,9,MAP_PMU,0
14,v,7,1.0901045144057657,9,MAP_PMU,0
15,teta,7,-0.21820101538658332,9,MAP_PMU,0
16,v,8,1.0618714600490209,9,MAP_PMU,0
17,teta,8,-0.24571910765322574,9,MAP_PMU,0
18,v,9,1.057822476355226,9,MAP_PMU,0
19,teta,9,-0.2489692625893903,9,MAP_PMU,0
20,v,10,1.0656314896553694,9,MAP_PMU,0
21,teta,10,-0.24489496544591852,9,MAP_PMU,0
22,v,11,1.0625472163328553,9,MAP_PMU,0
23,teta,11,-0.25206395410326227,9,MAP_PMU,0
24,v,12,1.05979532300415,9,MAP_PMU,0
25,teta,12,-0.2525157059722278,9,MAP_PMU,0
26,v,13,1.0431140058545616,9,MAP_PMU,0
27,teta,13,-0.2658924494734327,9,MAP_PMU,0
28,v,14,1.0168905826130767,9,MAP_PMU,0
29,teta,14,0.02469435562934786,9,MAP_PMU,0
30,v,15,1.0757990451930912,9,MAP_PMU,0
31,teta,15,-0.23878239774813248,9,MAP_PMU,0
0,v,0,1.059967134705928,10,MAP_PMU,0
1,teta,0,4.517106479234108e-05,10,MAP_PMU,0
2,v,1,1.0449887865186922,10,MAP_PMU,0
3,teta,1,-0.09001376339389339,10,MAP_PMU,0
4,v,2,1.0200910756305617,10,MAP_PMU,0
5,teta,2,-0.16776549653961395,10,MAP_PMU,0
6,v,3,1.0223316613431723,10,MAP_PMU,0
7,teta,3,-0.16508313589443194,10,MAP_PMU,0
8,v,4,1.0239404191627375,10,MAP_PMU,0
9,teta,4,-0.1434648711646782,10,MAP_PMU,0
10,v,5,1.08069695084968,10,MAP_PMU,0
11,teta,5,-0.23637947728607633,10,MAP_PMU,0
12,v,6,1.0653909685344256,10,MAP_PMU,0
13,teta,6,-0.21825220588484853,10,MAP_PMU,0
14,v,7,1.089939706034131,10,MAP_PMU,0
15,teta,7,-0.21825393126777154,10,MAP_PMU,0
16,v,8,1.0617928712279867,10,MAP_PMU,0
17,teta,8,-0.24577811155575854,10,MAP_PMU,0
18,v,9,1.0578032769510934,10,MAP_PMU,0
19,teta,9,-0.24899992858990003,10,MAP_PMU,0
20,v,10,1.0656790660514264,10,MAP_PMU,0
21,teta,10,-0.24493048469258188,10,MAP_PMU,0
22,v,11,1.0625026832902869,10,MAP_PMU,0
23,teta,11,-0.25205852105080984,10,MAP_PMU,0
24,v,12,1.059729399258261,10,MAP_PMU,0
25,teta,12,-0.2525376574296,10,MAP_PMU,0
26,v,13,1.0430412676230087,10,MAP_PMU,0
27,teta,13,-0.2659252211398055,10,MAP_PMU,0
28,v,14,1.0168216733312325,10,MAP_PMU,0
29,teta,14,0.024685228983097635,10,MAP_PMU,0
30,v,15,1.0757788622499729,10,MAP_PMU,0
31,teta,15,-0.23876393005471983,10,MAP_PMU,0
0,v,0,1.0602195181789724,11,MAP_PMU,0
1,teta,0,-0.00011383480962752544,11,MAP_PMU,0
2,v,1,1.0452331314170884,11,MAP_PMU,0
3,teta,1,-0.09003545005656959,11,MAP_PMU,0
4,v,2,1.0203334615928217,11,MAP_PMU,0
5,teta,2,-0.16779290206265718,11,MAP_PMU,0
6,v,3,1.02257240065173,11,MAP_PMU,0
7,teta,3,-0.16510951792318942,11,MAP_PMU,0
8,v,4,1.0241808308612899,11,MAP_PMU,0
9,teta,4,-0.14349627776307813,11,MAP_PMU,0
10,v,5,1.0809478500870418,11,MAP_PMU,0
11,teta,5,-0.23639733991609882,11,MAP_PMU,0
12,v,6,1.065678663968564,11,MAP_PMU,0
13,teta,6,-0.21819918478978562,11,MAP_PMU,0
14,v,7,1.0902508137743037,11,MAP_PMU,0
15,teta,7,-0.21819947375683654,11,MAP_PMU,0
16,v,8,1.0620845771751217,11,MAP_PMU,0
17,teta,8,-0.24568384923112874,11,MAP_PMU,0
18,v,9,1.0580599517885263,11,MAP_PMU,0
19,teta,9,-0.2488769655228804,11,MAP_PMU,0
20,v,10,1.0658899834826232,11,MAP_PMU,0
21,teta,10,-0.24475044509125773,11,MAP_PMU,0
22,v,11,1.06277996033567,11,MAP_PMU,0
23,teta,11,-0.2519883280969999,11,MAP_PMU,0
24,v,12,1.060013206418584,11,MAP_PMU,0
25,teta,12,-0.2524605158302367,11,MAP_PMU,0
26,v,13,1.0433147907171503,11,MAP_PMU,0
27,teta,13,-0.2658485500938071,11,MAP_PMU,0
28,v,14,1.0170675553070039,11,MAP_PMU,0
29,teta,14,0.02465100849656856,11,MAP_PMU,0
30,v,15,1.076061650420882,11,MAP_PMU,0
31,teta,15,-0.23876814486604678,11,MAP_PMU,0
0,v,0,1.0600649815129002,12,MAP_PMU,0
1,teta,0,0.00018568534053859382,12,MAP_PMU,0
2,v,1,1.0449939167769517,12,MAP_PMU,0
3,teta,1,-0.09004335929510994,12,MAP_PMU,0
4,v,2,1.0200938531292008,12,MAP_PMU,0
5,teta,2,-0.16783119132036084,12,MAP_PMU,0
6,v,3,1.0223332680689337,12,MAP_PMU,0
7,teta,3,-0.16514621011040415,12,MAP_PMU,0
8,v,4,1.023954392087876,12,MAP_PMU,0
9,teta,4,-0.14347452954600726,12,MAP_PMU,0
10,v,5,1.0807050434558028,12,MAP_PMU,0
11,teta,5,-0.23638617774255943,12,MAP_PMU,0
12,v,6,1.0654670089179363,12,MAP_PMU,0
13,teta,6,-0.21827310558927196,12,MAP_PMU,0
14,v,7,1.0900789087006517,12,MAP_PMU,0
15,teta,7,-0.21827299810426018,12,MAP_PMU,0
16,v,8,1.0618667103572126,12,MAP_PMU,0
17,teta,8,-0.24577650808686627,12,MAP_PMU,0
18,v,9,1.0578247514138428,12,MAP_PMU,0
19,teta,9,-0.24894717700670996,12,MAP_PMU,0
20,v,10,1.0657379321369231,12,MAP_PMU,0
21,teta,10,-0.24482848365864968,12,MAP_PMU,0
22,v,11,1.0626114058519265,12,MAP_PMU,0
23,teta,11,-0.2519902446511617,12,MAP_PMU,0
24,v,12,1.0598519739531413,12,MAP_PMU,0
25,teta,12,-0.25247886043004936,12,MAP_PMU,0
26,v,13,1.0431604335635773,12,MAP_PMU,0
27,teta,13,-0.2658561316539189,12,MAP_PMU,0
28,v,14,1.0168357709437794,12,MAP_PMU,0
29,teta,14,0.02466218964088151,12,MAP_PMU,0
30,v,15,1.0759086711214632,12,MAP_PMU,0
31,teta,15,-0.2386026189439668,12,MAP_PMU,0
0,v,0,1.060060123116926,13,MAP_PMU,0
1,teta,0,1.2824863955715455e-05,13,MAP_PMU,0
2,v,1,1.0450551152517529,13,MAP_PMU,0
3,teta,1,-0.08997899701516658,13,MAP_PMU,0
4,v,2,1.0201514980562965,13,MAP_PMU,0
5,teta,2,-0.16775605375010133,13,MAP_PMU,0
6,v,3,1.02239230183445,13,MAP_PMU,0
7,teta,3,-0.1650714730892978,13,MAP_PMU,0
8,v,4,1.0240006329061393,13,MAP_PMU,0
9,teta,4,-0.143439008821068,13,MAP_PMU,0
10,v,5,1.0807576066842401,13,MAP_PMU,0
11,teta,5,-0.23635953436828894,13,MAP_PMU,0
12,v,6,1.0655064887143093,13,MAP_PMU,0
13,teta,6,-0.2182173165545579,13,MAP_PMU,0
14,v,7,1.090127513312809,13,MAP_PMU,0
15,teta,7,-0.21821572892792082,13,MAP_PMU,0
16,v,8,1.0618904923769028,13,MAP_PMU,0
17,teta,8,-0.24573243432961783,13,MAP_PMU,0
18,v,9,1.057884088847841,13,MAP_PMU,0
19,teta,9,-0.24887891923547795,13,MAP_PMU,0
20,v,10,1.06578886070034,13,MAP_PMU,0
21,teta,10,-0.2447971520297336,13,MAP_PMU,0
22,v,11,1.0625946295014483,13,MAP_PMU,0
23,teta,11,-0.25204601799765114,13,MAP_PMU,0
24,v,12,1.0598115713012617,13,MAP_PMU,0
25,teta,12,-0.25252902847601505,13,MAP_PMU,0
26,v,13,1.0431227349340322,13,MAP_PMU,0
27,teta,13,-0.2659165042253398,13,MAP_PMU,0
28,v,14,1.0168926427862237,13,MAP_PMU,0
29,teta,14,0.02474104297702094,13,MAP_PMU,0
30,v,15,1.0758030745729998,13,MAP_PMU,0
31,teta,15,-0.23885296068582956,13,MAP_PMU,0
0,v,0,1.059874320444073,14,MAP_PMU,0
1,teta,0,-0.00016629923132792132,14,MAP_PMU,0
2,v,1,1.04493157820787,14,MAP_PMU,0
3,teta,1,-0.09000654821821519,14,MAP_PMU,0
4,v,2,1.0200330349232973,14,MAP_PMU,0
5,teta,2,-0.16776223419370603,14,MAP_PMU,0
6,v,3,1.0222731152728546,14,MAP_PMU,0
7,teta,3,-0.16507968544591425,14,MAP_PMU,0
8,v,4,1.0238803554680376,14,MAP_PMU,0
9,teta,4,-0.1434711538645823,14,MAP_PMU,0
10,v,5,1.0806299295478452,14,MAP_PMU,0
11,teta,5,-0.23643340563734316,14,MAP_PMU,0
12,v,6,1.0653464385646878,14,MAP_PMU,0
13,teta,6,-0.2181467650602734,14,MAP_PMU,0
14,v,7,1.089917717398337,14,MAP_PMU,0
15,teta,7,-0.2181492066470112,14,MAP_PMU,0
16,v,8,1.0617377464105378,14,MAP_PMU,0
17,teta,8,-0.24561929771600552,14,MAP_PMU,0
18,v,9,1.057719314001337,14,MAP_PMU,0
19,teta,9,-0.24894224206770152,14,MAP_PMU,0
20,v,10,1.065662649945919,14,MAP_PMU,0
21,teta,10,-0.24485611463042933,14,MAP_PMU,0
22,v,11,1.0624257526797072,14,MAP_PMU,0
23,teta,11,-0.2519380729357973,14,MAP_PMU,0
24,v,12,1.0596810326154305,14,MAP_PMU,0
25,teta,12,-0.252407167372,14,MAP_PMU,0
26,v,13,1.0429991124973965,14,MAP_PMU,0
27,teta,13,-0.26579906932860203,14,MAP_PMU,0
28,v,14,1.0167659933724615,14,MAP_PMU,0
29,teta,14,0.024711550224317032,14,MAP_PMU,0
30,v,15,1.0756578747508336,14,MAP_PMU,0
31,teta,15,-0.2387300578764376,14,MAP_PMU,0
0,v,0,1.0599898372736507,15,MAP_PMU,0
1,teta,0,-0.00010204976581205878,15,MAP_PMU,0
2,v,1,1.045032535713477,15,MAP_PMU,0
3,teta,1,-0.08997670027161266,15,MAP_PMU,0
4,v,2,1.0201316167973722,15,MAP_PMU,0
5,teta,2,-0.1677329078819537,15,MAP_PMU,0
6,v,3,1.022372299248163,15,MAP_PMU,0
7,teta,3,-0.16504816280794918,15,MAP_PMU,0
8,v,4,1.02397324366963,15,MAP_PMU,0
9,teta,4,-0.14345445001302512,15,MAP_PMU,0
10,v,5,1.0807184217946462,15,MAP_PMU,0
11,teta,5,-0.2363827983568264,15,MAP_PMU,0
12,v,6,1.0654528232573814,15,MAP_PMU,0
13,teta,6,-0.2181766110829406,15,MAP_PMU,0
14,v,7,1.0900390361498218,15,MAP_PMU,0
15,teta,7,-0.21817777106934114,15,MAP_PMU,0
16,v,8,1.0618402696916138,15,MAP_PMU,0
17,teta,8,-0.24568172849873565,15,MAP_PMU,0
18,v,9,1.0578070198665068,15,MAP_PMU,0
19,teta,9,-0.24887504381794714,15,MAP_PMU,0
20,v,10,1.0656712884244066,15,MAP_PMU,0
21,teta,10,-0.24476288532533894,15,MAP_PMU,0
22,v,11,1.0625102184829316,15,MAP_PMU,0
23,teta,11,-0.25218255226245584,15,MAP_PMU,0
24,v,12,1.059730565629099,15,MAP_PMU,0
25,teta,12,-0.2526646252346524,15,MAP_PMU,0
26,v,13,1.0430484963359359,15,MAP_PMU,0
27,teta,13,-0.2660518668413764,15,MAP_PMU,0
28,v,14,1.0168705104701277,15,MAP_PMU,0
29,teta,14,0.0247333894669155,15,MAP_PMU,0
30,v,15,1.0758283275558076,15,MAP_PMU,0
31,teta,15,-0.23879492983693731,15,MAP_PMU,0
0,v,0,1.0599666367149774,16,MAP_PMU,0
1,teta,0,8.356204524561018e-05,16,MAP_PMU,0
2,v,1,1.044907295511924,16,MAP_PMU,0
3,teta,1,-0.08997806264597019,16,MAP_PMU,0
4,v,2,1.0200021936682546,16,MAP_PMU,0
5,teta,2,-0.16777331755318767,16,MAP_PMU,0
6,v,3,1.022242335049627,16,MAP_PMU,0
7,teta,3,-0.16508809613025488,16,MAP_PMU,0
8,v,4,1.0238532701616057,16,MAP_PMU,0
9,teta,4,-0.14346018946845082,16,MAP_PMU,0
10,v,5,1.080578554771466,16,MAP_PMU,0
11,teta,5,-0.2364067663823462,16,MAP_PMU,0
12,v,6,1.0653054618050082,16,MAP_PMU,0
13,teta,6,-0.21813854048052198,16,MAP_PMU,0
14,v,7,1.0897905436069533,16,MAP_PMU,0
15,teta,7,-0.21814146374940904,16,MAP_PMU,0
16,v,8,1.0617447972466099,16,MAP_PMU,0
17,teta,8,-0.24560114550707582,16,MAP_PMU,0
18,v,9,1.0576892563326947,16,MAP_PMU,0
19,teta,9,-0.24887123140332687,16,MAP_PMU,0
20,v,10,1.0656122219308024,16,MAP_PMU,0
21,teta,10,-0.24479374008549107,16,MAP_PMU,0
22,v,11,1.062400671642315,16,MAP_PMU,0
23,teta,11,-0.2520442393071207,16,MAP_PMU,0
24,v,12,1.0596477675402634,16,MAP_PMU,0
25,teta,12,-0.252498686377158,16,MAP_PMU,0
26,v,13,1.0429581544274664,16,MAP_PMU,0
27,teta,13,-0.2658905529669829,16,MAP_PMU,0
28,v,14,1.0167481245237942,16,MAP_PMU,0
29,teta,14,0.02475902814571157,16,MAP_PMU,0
30,v,15,1.0756323613626226,16,MAP_PMU,0
31,teta,15,-0.23881064088396928,16,MAP_PMU,0
0,v,0,1.0599043593776354,17,MAP_PMU,0
1,teta,0,0.00015190284134247774,17,MAP_PMU,0
2,v,1,1.0449154026984058,17,MAP_PMU,0
3,teta,1,-0.08994619426655039,17,MAP_PMU,0
4,v,2,1.0200067439343248,17,MAP_PMU,0
5,teta,2,-0.16774116966713778,17,MAP_PMU,0
6,v,3,1.022248379224503,17,MAP_PMU,0
7,teta,3,-0.16505594027883952,17,MAP_PMU,0
8,v,4,1.0238608163957466,17,MAP_PMU,0
9,teta,4,-0.14340402050148637,17,MAP_PMU,0
10,v,5,1.080604546714014,17,MAP_PMU,0
11,teta,5,-0.2363526551188275,17,MAP_PMU,0
12,v,6,1.0653186350673858,17,MAP_PMU,0
13,teta,6,-0.21820392528824062,17,MAP_PMU,0
14,v,7,1.0898591828476707,17,MAP_PMU,0
15,teta,7,-0.21820208043897085,17,MAP_PMU,0
16,v,8,1.0617314172893413,17,MAP_PMU,0
17,teta,8,-0.2457205698871894,17,MAP_PMU,0
18,v,9,1.0577503106806196,17,MAP_PMU,0
19,teta,9,-0.24888726842680128,17,MAP_PMU,0
20,v,10,1.0656445927516673,17,MAP_PMU,0
21,teta,10,-0.24479845703232822,17,MAP_PMU,0
22,v,11,1.0623454679270985,17,MAP_PMU,0
23,teta,11,-0.25204513697074693,17,MAP_PMU,0
24,v,12,1.059583355927894,17,MAP_PMU,0
25,teta,12,-0.25251944303224727,17,MAP_PMU,0
26,v,13,1.0428923164257602,17,MAP_PMU,0
27,teta,13,-0.26590774075220464,17,MAP_PMU,0
28,v,14,1.0167487351372038,17,MAP_PMU,0
29,teta,14,0.024819034320861612,17,MAP_PMU,0
30,v,15,1.0755563222862456,17,MAP_PMU,0
31,teta,15,-0.2388470316359637,17,MAP_PMU,0
0,v,0,1.0595755958907607,18,MAP_PMU,0
1,teta,0,2.1975182714013904e-05,18,MAP_PMU,0
2,v,1,1.044579132671216,18,MAP_PMU,0
3,teta,1,-0.0900201618892117,18,MAP_PMU,0
4,v,2,1.019685767675567,18,MAP_PMU,0
5,teta,2,-0.16780060823890533,18,MAP_PMU,0
6,v,3,1.0219256927536258,18,MAP_PMU,0
7,teta,3,-0.16511325390459305,18,MAP_PMU,0
8,v,4,1.0235345952377681,18,MAP_PMU,0
9,teta,4,-0.14348434462295734,18,MAP_PMU,0
10,v,5,1.0802582467411261,18,MAP_PMU,0
11,teta,5,-0.2364259561577506,18,MAP_PMU,0
12,v,6,1.0650097166211985,18,MAP_PMU,0
13,teta,6,-0.2182642486362185,18,MAP_PMU,0
14,v,7,1.0896040898856814,18,MAP_PMU,0
15,teta,7,-0.21826147196433102,18,MAP_PMU,0
16,v,8,1.0613996822964742,18,MAP_PMU,0
17,teta,8,-0.24578295914482726,18,MAP_PMU,0
18,v,9,1.0573542437882935,18,MAP_PMU,0
19,teta,9,-0.2489420471695505,18,MAP_PMU,0
20,v,10,1.0652159497404465,18,MAP_PMU,0
21,teta,10,-0.2448253303340117,18,MAP_PMU,0
22,v,11,1.06221238338286,18,MAP_PMU,0
23,teta,11,-0.2520273507651056,18,MAP_PMU,0
24,v,12,1.059419228568017,18,MAP_PMU,0
25,teta,12,-0.2525156351617348,18,MAP_PMU,0
26,v,13,1.0427295648342727,18,MAP_PMU,0
27,teta,13,-0.26589977219369343,18,MAP_PMU,0
28,v,14,1.016427941548187,18,MAP_PMU,0
29,teta,14,0.02469675017393761,18,MAP_PMU,0
30,v,15,1.0754640897432446,18,MAP_PMU,0
31,teta,15,-0.23882744630050518,18,MAP_PMU,0
0,v,0,1.0601568000177786,19,MAP_PMU,0
1,teta,0,-6.268013018283789e-05,19,MAP_PMU,0
2,v,1,1.0451483462790185,19,MAP_PMU,0
3,teta,1,-0.09003320730974682,19,MAP_PMU,0
4,v,2,1.0202555736346592,19,MAP_PMU,0
5,teta,2,-0.16776448904740593,19,MAP_PMU,0
6,v,3,1.0224946251579188,19,MAP_PMU,0
7,teta,3,-0.16507959842071004,19,MAP_PMU,0
8,v,4,1.0241000321384053,19,MAP_PMU,0
9,teta,4,-0.1434776475734543,19,MAP_PMU,0
10,v,5,1.0808487508917584,19,MAP_PMU,0
11,teta,5,-0.23641532052021255,19,MAP_PMU,0
12,v,6,1.065642919209452,19,MAP_PMU,0
13,teta,6,-0.21829431409870426,19,MAP_PMU,0
14,v,7,1.0903002374138622,19,MAP_PMU,0
15,teta,7,-0.21829115561640525,19,MAP_PMU,0
16,v,8,1.0620241423485095,19,MAP_PMU,0
17,teta,8,-0.24584536898147957,19,MAP_PMU,0
18,v,9,1.0579545387424494,19,MAP_PMU,0
19,teta,9,-0.24902511251496562,19,MAP_PMU,0
20,v,10,1.0658062355817224,19,MAP_PMU,0
21,teta,10,-0.24489139213666872,19,MAP_PMU,0
22,v,11,1.0627312564073141,19,MAP_PMU,0
23,teta,11,-0.25209202708859996,19,MAP_PMU,0
24,v,12,1.059964726950392,19,MAP_PMU,0
25,teta,12,-0.2525668560864538,19,MAP_PMU,0
26,v,13,1.0432754728604727,19,MAP_PMU,0
27,teta,13,-0.26595107241278126,19,MAP_PMU,0
28,v,14,1.0169871835475888,19,MAP_PMU,0
29,teta,14,0.02463536368461726,19,MAP_PMU,0
30,v,15,1.0760051356308804,19,MAP_PMU,0
31,teta,15,-0.23881915407367788,19,MAP_PMU,0
0,v,0,1.0601375574819207,20,MAP_PMU,0
1,teta,0,0.00012774176383458747,20,MAP_PMU,0
2,v,1,1.0451242030859902,20,MAP_PMU,0
3,teta,1,-0.09000800194843263,20,MAP_PMU,0
4,v,2,1.0202218721721152,20,MAP_PMU,0
5,teta,2,-0.16777660416836537,20,MAP_PMU,0
6,v,3,1.0224633464584931,20,MAP_PMU,0
7,teta,3,-0.16509212150608862,20,MAP_PMU,0
8,v,4,1.02407522722375,20,MAP_PMU,0
9,teta,4,-0.14344568354960593,20,MAP_PMU,0
10,v,5,1.0808539362893603,20,MAP_PMU,0
11,teta,5,-0.23639556265826314,20,MAP_PMU,0
12,v,6,1.0655059196217018,20,MAP_PMU,0
13,teta,6,-0.21826122648599722,20,MAP_PMU,0
14,v,7,1.0899769158679407,20,MAP_PMU,0
15,teta,7,-0.21826293210002312,20,MAP_PMU,0
16,v,8,1.061946171963825,20,MAP_PMU,0
17,teta,8,-0.24578673029836798,20,MAP_PMU,0
18,v,9,1.0579081888712216,20,MAP_PMU,0
19,teta,9,-0.24903707591916457,20,MAP_PMU,0
20,v,10,1.0658425970121161,20,MAP_PMU,0
21,teta,10,-0.24496286666801087,20,MAP_PMU,0
22,v,11,1.0627705569302772,20,MAP_PMU,0
23,teta,11,-0.2520065746103923,20,MAP_PMU,0
24,v,12,1.0600150859384456,20,MAP_PMU,0
25,teta,12,-0.25248724015245094,20,MAP_PMU,0
26,v,13,1.0433222165872957,20,MAP_PMU,0
27,teta,13,-0.26587277092528944,20,MAP_PMU,0
28,v,14,1.0169634922803081,20,MAP_PMU,0
29,teta,14,0.024679101232438237,20,MAP_PMU,0
30,v,15,1.0760066908194685,20,MAP_PMU,0
31,teta,15,-0.23880468407913077,20,MAP_PMU,0
0,v,0,1.0599640294352983,21,MAP_PMU,0
1,teta,0,-0.00012259117450600767,21,MAP_PMU,0
2,v,1,1.0450071187003862,21,MAP_PMU,0
3,teta,1,-0.08997787389879584,21,MAP_PMU,0
4,v,2,1.020106015573642,21,MAP_PMU,0
5,teta,2,-0.16772854905937687,21,MAP_PMU,0
6,v,3,1.022347614462299,21,MAP_PMU,0
7,teta,3,-0.1650440239627506,21,MAP_PMU,0
8,v,4,1.0239559587062277,21,MAP_PMU,0
9,teta,4,-0.14343515557861614,21,MAP_PMU,0
10,v,5,1.0806834822884037,21,MAP_PMU,0
11,teta,5,-0.23637211867695165,21,MAP_PMU,0
12,v,6,1.06545982852251,21,MAP_PMU,0
13,teta,6,-0.21825433289491564,21,MAP_PMU,0
14,v,7,1.090108618677263,21,MAP_PMU,0
15,teta,7,-0.21825036184830846,21,MAP_PMU,0
16,v,8,1.0618288429956104,21,MAP_PMU,0
17,teta,8,-0.24580472215901775,21,MAP_PMU,0
18,v,9,1.0577808216376283,21,MAP_PMU,0
19,teta,9,-0.24897127415810183,21,MAP_PMU,0
20,v,10,1.0656287319204731,21,MAP_PMU,0
21,teta,10,-0.24485389602116958,21,MAP_PMU,0
22,v,11,1.0625134727255654,21,MAP_PMU,0
23,teta,11,-0.25205926767839826,21,MAP_PMU,0
24,v,12,1.0597331041255296,21,MAP_PMU,0
25,teta,12,-0.2525267238718149,21,MAP_PMU,0
26,v,13,1.0430403310685348,21,MAP_PMU,0
27,teta,13,-0.26590982292638554,21,MAP_PMU,0
28,v,14,1.0168484414940244,21,MAP_PMU,0
29,teta,14,0.024738622652382004,21,MAP_PMU,0
30,v,15,1.0757914737002905,21,MAP_PMU,0
31,teta,15,-0.23877107887728374,21,MAP_PMU,0
0,v,0,1.0599455038131096,22,MAP_PMU,0
1,teta,0,0.00010689854621682019,22,MAP_PMU,0
2,v,1,1.0449611698835182,22,MAP_PMU,0
3,teta,1,-0.08998021840928046,22,MAP_PMU,0
4,v,2,1.0200557193553033,22,MAP_PMU,0
5,teta,2,-0.16776349434943505,22,MAP_PMU,0
6,v,3,1.0222967007109882,22,MAP_PMU,0
7,teta,3,-0.16507782789024092,22,MAP_PMU,0
8,v,4,1.0239129497718842,22,MAP_PMU,0
9,teta,4,-0.14341859392107345,22,MAP_PMU,0
10,v,5,1.0806673957293993,22,MAP_PMU,0
11,teta,5,-0.23638530886357206,22,MAP_PMU,0
12,v,6,1.0653703906883878,22,MAP_PMU,0
13,teta,6,-0.21829205816867178,22,MAP_PMU,0
14,v,7,1.0898992955768212,22,MAP_PMU,0
15,teta,7,-0.21829006188047811,22,MAP_PMU,0
16,v,8,1.061794674823809,22,MAP_PMU,0
17,teta,8,-0.2458427235423358,22,MAP_PMU,0
18,v,9,1.0577921301718154,22,MAP_PMU,0
19,teta,9,-0.24906012730804214,22,MAP_PMU,0
20,v,10,1.0656833282777527,22,MAP_PMU,0
21,teta,10,-0.2449409800277102,22,MAP_PMU,0
22,v,11,1.0626220019710504,22,MAP_PMU,0
23,teta,11,-0.25199893468224316,22,MAP_PMU,0
24,v,12,1.0598322677869576,22,MAP_PMU,0
25,teta,12,-0.25249459431729915,22,MAP_PMU,0
26,v,13,1.0431473613351696,22,MAP_PMU,0
27,teta,13,-0.265879197509497,22,MAP_PMU,0
28,v,14,1.0168198390616086,22,MAP_PMU,0
29,teta,14,0.02470473887893275,22,MAP_PMU,0
30,v,15,1.0759223791908346,22,MAP_PMU,0
31,teta,15,-0.23871349860274493,22,MAP_PMU,0
0,v,0,1.0603257126903052,23,MAP_PMU,0
1,teta,0,-0.00021730254865835738,23,MAP_PMU,0
2,v,1,1.0453576020782416,23,MAP_PMU,0
3,teta,1,-0.09003787038921597,23,MAP_PMU,0
4,v,2,1.0204600457438038,23,MAP_PMU,0
5,teta,2,-0.16775361016551016,23,MAP_PMU,0
6,v,3,1.022698887316665,23,MAP_PMU,0
7,teta,3,-0.1650700599516086,23,MAP_PMU,0
8,v,4,1.0243059695150818,23,MAP_PMU,0
9,teta,4,-0.14348453947003068,23,MAP_PMU,0
10,v,5,1.0810667707233368,23,MAP_PMU,0
11,teta,5,-0.2363707299555898,23,MAP_PMU,0
12,v,6,1.0657648356272111,23,MAP_PMU,0
13,teta,6,-0.2183046059197313,23,MAP_PMU,0
14,v,7,1.0902798146004107,23,MAP_PMU,0
15,teta,7,-0.21830367703825404,23,MAP_PMU,0
16,v,8,1.0621903518753473,23,MAP_PMU,0
17,teta,8,-0.24586567383614205,23,MAP_PMU,0
18,v,9,1.0581738831574918,23,MAP_PMU,0
19,teta,9,-0.24902051212657755,23,MAP_PMU,0
20,v,10,1.0660713478727715,23,MAP_PMU,0
21,teta,10,-0.24483208952833635,23,MAP_PMU,0
22,v,11,1.0629961035693292,23,MAP_PMU,0
23,teta,11,-0.2519834926624764,23,MAP_PMU,0
24,v,12,1.060238788365285,23,MAP_PMU,0
25,teta,12,-0.25244695852590676,23,MAP_PMU,0
26,v,13,1.0435512148984714,23,MAP_PMU,0
27,teta,13,-0.2658240471242243,23,MAP_PMU,0
28,v,14,1.0171852479651924,23,MAP_PMU,0
29,teta,14,0.024619293323817702,23,MAP_PMU,0
30,v,15,1.0762994009379356,23,MAP_PMU,0
31,teta,15,-0.23868490574690077,23,MAP_PMU,0
0,v,0,1.059734295209301,24,MAP_PMU,0
1,teta,0,3.4597295841002474e-05,24,MAP_PMU,0
2,v,1,1.044738893488848,24,MAP_PMU,0
3,teta,1,-0.09000300180708525,24,MAP_PMU,0
4,v,2,1.0198432820348033,24,MAP_PMU,0
5,teta,2,-0.16776791968530808,24,MAP_PMU,0
6,v,3,1.0220838080825791,24,MAP_PMU,0
7,teta,3,-0.165082710053944,24,MAP_PMU,0
8,v,4,1.0236898880470038,24,MAP_PMU,0
9,teta,4,-0.14346678394301624,24,MAP_PMU,0
10,v,5,1.0804094246475493,24,MAP_PMU,0
11,teta,5,-0.23640754436778316,24,MAP_PMU,0
12,v,6,1.0651399225145552,24,MAP_PMU,0
13,teta,6,-0.21813596290296933,24,MAP_PMU,0
14,v,7,1.0897178357952773,24,MAP_PMU,0
15,teta,7,-0.21813788185093494,24,MAP_PMU,0
16,v,8,1.0615194605716571,24,MAP_PMU,0
17,teta,8,-0.24560223576515786,24,MAP_PMU,0
18,v,9,1.0574794951933157,24,MAP_PMU,0
19,teta,9,-0.24888158686884995,24,MAP_PMU,0
20,v,10,1.0653554989826515,24,MAP_PMU,0
21,teta,10,-0.2447795309465168,24,MAP_PMU,0
22,v,11,1.0623371621267639,24,MAP_PMU,0
23,teta,11,-0.2519071471903231,24,MAP_PMU,0
24,v,12,1.0595686802357998,24,MAP_PMU,0
25,teta,12,-0.25238043431556995,24,MAP_PMU,0
26,v,13,1.0428768171776546,24,MAP_PMU,0
27,teta,13,-0.26576940999705645,24,MAP_PMU,0
28,v,14,1.0165682252995807,24,MAP_PMU,0
29,teta,14,0.024739086773290307,24,MAP_PMU,0
30,v,15,1.075586993259805,24,MAP_PMU,0
31,teta,15,-0.2386807689576785,24,MAP_PMU,0
0,v,0,1.0601158298863367,25,MAP_PMU,0
1,teta,0,0.0001487730563828793,25,MAP_PMU,0
2,v,1,1.0450811627803698,25,MAP_PMU,0
3,teta,1,-0.0900074679572813,25,MAP_PMU,0
4,v,2,1.0201754268276915,25,MAP_PMU,0
5,teta,2,-0.16779523585180578,25,MAP_PMU,0
6,v,3,1.0224159412279763,25,MAP_PMU,0
7,teta,3,-0.16511004766676407,25,MAP_PMU,0
8,v,4,1.024032852713812,25,MAP_PMU,0
9,teta,4,-0.14345511107121908,25,MAP_PMU,0
10,v,5,1.0807842527729843,25,MAP_PMU,0
11,teta,5,-0.2363812495216473,25,MAP_PMU,0
12,v,6,1.065534905786311,25,MAP_PMU,0
13,teta,6,-0.21829916049035136,25,MAP_PMU,0
14,v,7,1.0901151416731893,25,MAP_PMU,0
15,teta,7,-0.21830054649400182,25,MAP_PMU,0
16,v,8,1.0619484936400916,25,MAP_PMU,0
17,teta,8,-0.24583388610889706,25,MAP_PMU,0
18,v,9,1.0578926462801612,25,MAP_PMU,0
19,teta,9,-0.24906300731651343,25,MAP_PMU,0
20,v,10,1.0658083036967094,25,MAP_PMU,0
21,teta,10,-0.24496406183031114,25,MAP_PMU,0
22,v,11,1.0625944076983074,25,MAP_PMU,0
23,teta,11,-0.25220331477120694,25,MAP_PMU,0
24,v,12,1.0598163706559929,25,MAP_PMU,0
25,teta,12,-0.252675653777425,25,MAP_PMU,0
26,v,13,1.0431291565723164,25,MAP_PMU,0
27,teta,13,-0.26605835717494175,25,MAP_PMU,0
28,v,14,1.016923735426935,25,MAP_PMU,0
29,teta,14,0.02470858221326219,25,MAP_PMU,0
30,v,15,1.0758713120917154,25,MAP_PMU,0
31,teta,15,-0.23893255878023487,25,MAP_PMU,0
0,v,0,1.0599548544755735,26,MAP_PMU,0
1,teta,0,6.947488676646032e-05,26,MAP_PMU,0
2,v,1,1.0449057434295197,26,MAP_PMU,0
3,teta,1,-0.08999647821050943,26,MAP_PMU,0
4,v,2,1.0200067438312705,26,MAP_PMU,0
5,teta,2,-0.16777407770502667,26,MAP_PMU,0
6,v,3,1.022245144262029,26,MAP_PMU,0
7,teta,3,-0.16508879643528576,26,MAP_PMU,0
8,v,4,1.0238551416900454,26,MAP_PMU,0
9,teta,4,-0.14344897427437373,26,MAP_PMU,0
10,v,5,1.0805951074049582,26,MAP_PMU,0
11,teta,5,-0.23638625003852695,26,MAP_PMU,0
12,v,6,1.0653383960402993,26,MAP_PMU,0
13,teta,6,-0.21831319780506614,26,MAP_PMU,0
14,v,7,1.089911804997666,26,MAP_PMU,0
15,teta,7,-0.21831216829220365,26,MAP_PMU,0
16,v,8,1.0617461541721251,26,MAP_PMU,0
17,teta,8,-0.2458683787037216,26,MAP_PMU,0
18,v,9,1.0576983348955586,26,MAP_PMU,0
19,teta,9,-0.24905640981341226,26,MAP_PMU,0
20,v,10,1.0655669072372036,26,MAP_PMU,0
21,teta,10,-0.24495967392724224,26,MAP_PMU,0
22,v,11,1.0624662605786002,26,MAP_PMU,0
23,teta,11,-0.2520149602472756,26,MAP_PMU,0
24,v,12,1.0596865695486648,26,MAP_PMU,0
25,teta,12,-0.2524798979838177,26,MAP_PMU,0
26,v,13,1.0429997526253492,26,MAP_PMU,0
27,teta,13,-0.2658714350213283,26,MAP_PMU,0
28,v,14,1.0167650535093078,26,MAP_PMU,0
29,teta,14,0.024690426340591223,26,MAP_PMU,0
30,v,15,1.0757433202955884,26,MAP_PMU,0
31,teta,15,-0.23879689396102635,26,MAP_PMU,0
0,v,0,1.059859260077064,27,MAP_PMU,0
1,teta,0,7.224424101791709e-05,27,MAP_PMU,0
2,v,1,1.044861885902906,27,MAP_PMU,0
3,teta,1,-0.09002248811615311,27,MAP_PMU,0
4,v,2,1.0199586363003672,27,MAP_PMU,0
5,teta,2,-0.1678195071895951,27,MAP_PMU,0
6,v,3,1.0222014499232495,27,MAP_PMU,0
7,teta,3,-0.16513349782124404,27,MAP_PMU,0
8,v,4,1.0238149799668965,27,MAP_PMU,0
9,teta,4,-0.14347475425295644,27,MAP_PMU,0
10,v,5,1.0805577006580616,27,MAP_PMU,0
11,teta,5,-0.23640226625201366,27,MAP_PMU,0
12,v,6,1.065343238606688,27,MAP_PMU,0
13,teta,6,-0.2183262880969557,27,MAP_PMU,0
14,v,7,1.0899795599117519,27,MAP_PMU,0
15,teta,7,-0.2183295466895992,27,MAP_PMU,0
16,v,8,1.0617362259883258,27,MAP_PMU,0
17,teta,8,-0.24586143953443068,27,MAP_PMU,0
18,v,9,1.0576620682374456,27,MAP_PMU,0
19,teta,9,-0.249038507991732,27,MAP_PMU,0
20,v,10,1.0655034456736892,27,MAP_PMU,0
21,teta,10,-0.24488487577040757,27,MAP_PMU,0
22,v,11,1.062433371716343,27,MAP_PMU,0
23,teta,11,-0.25213609909333456,27,MAP_PMU,0
24,v,12,1.0596469228546201,27,MAP_PMU,0
25,teta,12,-0.25263057720073506,27,MAP_PMU,0
26,v,13,1.0429596495780937,27,MAP_PMU,0
27,teta,13,-0.2660229042862784,27,MAP_PMU,0
28,v,14,1.0167048446209166,27,MAP_PMU,0
29,teta,14,0.024720176707421198,27,MAP_PMU,0
30,v,15,1.0756913442874336,27,MAP_PMU,0
31,teta,15,-0.23880417107252433,27,MAP_PMU,0
0,v,0,1.0601574589922238,28,MAP_PMU,0
1,teta,0,-8.436577578886079e-05,28,MAP_PMU,0
2,v,1,1.0451451912763068,28,MAP_PMU,0
3,teta,1,-0.08999342445194188,28,MAP_PMU,0
4,v,2,1.0202397941569068,28,MAP_PMU,0
5,teta,2,-0.16777443356948663,28,MAP_PMU,0
6,v,3,1.0224777937362495,28,MAP_PMU,0
7,teta,3,-0.1650899775858003,28,MAP_PMU,0
8,v,4,1.0240915258976586,28,MAP_PMU,0
9,teta,4,-0.14346267867769308,28,MAP_PMU,0
10,v,5,1.0808752583138763,28,MAP_PMU,0
11,teta,5,-0.23635013682889783,28,MAP_PMU,0
12,v,6,1.0655521601800968,28,MAP_PMU,0
13,teta,6,-0.21831846201215105,28,MAP_PMU,0
14,v,7,1.0900804701327984,28,MAP_PMU,0
15,teta,7,-0.2183215362786023,28,MAP_PMU,0
16,v,8,1.061975777478614,28,MAP_PMU,0
17,teta,8,-0.2458734326972726,28,MAP_PMU,0
18,v,9,1.0579006681104786,28,MAP_PMU,0
19,teta,9,-0.2490202655206821,28,MAP_PMU,0
20,v,10,1.0657807437764049,28,MAP_PMU,0
21,teta,10,-0.2448626694032485,28,MAP_PMU,0
22,v,11,1.0627263214691542,28,MAP_PMU,0
23,teta,11,-0.25209464457972053,28,MAP_PMU,0
24,v,12,1.0599501386188916,28,MAP_PMU,0
25,teta,12,-0.2525854561983871,28,MAP_PMU,0
26,v,13,1.0432630104801828,28,MAP_PMU,0
27,teta,13,-0.26596570300732814,28,MAP_PMU,0
28,v,14,1.0169923279612345,28,MAP_PMU,0
29,teta,14,0.024699396861425516,28,MAP_PMU,0
30,v,15,1.0759410864597752,28,MAP_PMU,0
31,teta,15,-0.23889405329614702,28,MAP_PMU,0
0,v,0,1.05982763424616,29,MAP_PMU,0
1,teta,0,5.34557988188384e-05,29,MAP_PMU,0
2,v,1,1.0448263135857243,29,MAP_PMU,0
3,teta,1,-0.09000239673952325,29,MAP_PMU,0
4,v,2,1.0199278744723819,29,MAP_PMU,0
5,teta,2,-0.16777960765977723,29,MAP_PMU,0
6,v,3,1.0221681480802665,29,MAP_PMU,0
7,teta,3,-0.16509282738344477,29,MAP_PMU,0
8,v,4,1.0237835376195694,29,MAP_PMU,0
9,teta,4,-0.14343161987318342,29,MAP_PMU,0
10,v,5,1.0805278804118663,29,MAP_PMU,0
11,teta,5,-0.23632593894065212,29,MAP_PMU,0
12,v,6,1.065268821753009,29,MAP_PMU,0
13,teta,6,-0.21825025593391637,29,MAP_PMU,0
14,v,7,1.0898672160248528,29,MAP_PMU,0
15,teta,7,-0.2182468841730577,29,MAP_PMU,0
16,v,8,1.061662681196175,29,MAP_PMU,0
17,teta,8,-0.24577241517131726,29,MAP_PMU,0
18,v,9,1.0576549015841472,29,MAP_PMU,0
19,teta,9,-0.24893590337567323,29,MAP_PMU,0
20,v,10,1.0655210236463268,29,MAP_PMU,0
21,teta,10,-0.24482790339781552,29,MAP_PMU,0
22,v,11,1.0623620285857773,29,MAP_PMU,0
23,teta,11,-0.2520415498601654,29,MAP_PMU,0
24,v,12,1.0595887159441857,29,MAP_PMU,0
25,teta,12,-0.25254458654802675,29,MAP_PMU,0
26,v,13,1.042892984527236,29,MAP_PMU,0
27,teta,13,-0.26593314317316197,29,MAP_PMU,0
28,v,14,1.016678558864906,29,MAP_PMU,0
29,teta,14,0.024714774817571235,29,MAP_PMU,0
30,v,15,1.075636281357821,29,MAP_PMU,0
31,teta,15,-0.23871825029784086,29,MAP_PMU,0
0,v,0,1.0598013109253372,30,MAP_PMU,0
1,teta,0,0.00018494876873099555,30,MAP_PMU,0
2,v,1,1.0447767208783212,30,MAP_PMU,0
3,teta,1,-0.08999796359290795,30,MAP_PMU,0
4,v,2,1.0198763657893812,30,MAP_PMU,0
5,teta,2,-0.16780353682918142,30,MAP_PMU,0
6,v,3,1.0221158194634323,30,MAP_PMU,0
7,teta,3,-0.16511825932995683,30,MAP_PMU,0
8,v,4,1.0237210347243633,30,MAP_PMU,0
9,teta,4,-0.1434757683647194,30,MAP_PMU,0
10,v,5,1.0804647081082357,30,MAP_PMU,0
11,teta,5,-0.23644483468364547,30,MAP_PMU,0
12,v,6,1.065172155426478,30,MAP_PMU,0
13,teta,6,-0.2181696360508857,30,MAP_PMU,0
14,v,7,1.0896938947339039,30,MAP_PMU,0
15,teta,7,-0.2181712331160702,30,MAP_PMU,0
16,v,8,1.06158644459282,30,MAP_PMU,0
17,teta,8,-0.2456342723882697,30,MAP_PMU,0
18,v,9,1.0575374828334863,30,MAP_PMU,0
19,teta,9,-0.24887340636214253,30,MAP_PMU,0
20,v,10,1.0654465985619015,30,MAP_PMU,0
21,teta,10,-0.24483710899826172,30,MAP_PMU,0
22,v,11,1.0622766766679923,30,MAP_PMU,0
23,teta,11,-0.2520670409087516,30,MAP_PMU,0
24,v,12,1.0595238486964242,30,MAP_PMU,0
25,teta,12,-0.2525211213248578,30,MAP_PMU,0
26,v,13,1.0428378421869082,30,MAP_PMU,0
27,teta,13,-0.26591907933965786,30,MAP_PMU,0
28,v,14,1.0166112839243675,30,MAP_PMU,0
29,teta,14,0.024734360637834355,30,MAP_PMU,0
30,v,15,1.0755087931158616,30,MAP_PMU,0
31,teta,15,-0.2387828305563645,30,MAP_PMU,0
0,v,0,1.0597950089590378,31,MAP_PMU,0
1,teta,0,2.7283155116257356e-05,31,MAP_PMU,0
2,v,1,1.0448181966668353,31,MAP_PMU,0
3,teta,1,-0.09000506738816583,31,MAP_PMU,0
4,v,2,1.0199266072652429,31,MAP_PMU,0
5,teta,2,-0.16775069162924164,31,MAP_PMU,0
6,v,3,1.0221673338440442,31,MAP_PMU,0
7,teta,3,-0.16506584262496093,31,MAP_PMU,0
8,v,4,1.0237696612383642,31,MAP_PMU,0
9,teta,4,-0.143443794313919,31,MAP_PMU,0
10,v,5,1.0805092152972189,31,MAP_PMU,0
11,teta,5,-0.23638658841590152,31,MAP_PMU,0
12,v,6,1.0652561063817771,31,MAP_PMU,0
13,teta,6,-0.21819346982249754,31,MAP_PMU,0
14,v,7,1.0898387069257018,31,MAP_PMU,0
15,teta,7,-0.21819355111514904,31,MAP_PMU,0
16,v,8,1.0616523077004054,31,MAP_PMU,0
17,teta,8,-0.2456982061834145,31,MAP_PMU,0
18,v,9,1.0576227420524396,31,MAP_PMU,0
19,teta,9,-0.24890978872774608,31,MAP_PMU,0
20,v,10,1.0655554922956636,31,MAP_PMU,0
21,teta,10,-0.24481485492371566,31,MAP_PMU,0
22,v,11,1.062350387379935,31,MAP_PMU,0
23,teta,11,-0.2520209119992866,31,MAP_PMU,0
24,v,12,1.0595777221967921,31,MAP_PMU,0
25,teta,12,-0.25250893980442546,31,MAP_PMU,0
26,v,13,1.0428930630762014,31,MAP_PMU,0
27,teta,13,-0.2658876302198455,31,MAP_PMU,0
28,v,14,1.016673008596109,31,MAP_PMU,0
29,teta,14,0.024664683207683013,31,MAP_PMU,0
30,v,15,1.07561242394338,31,MAP_PMU,0
31,teta,15,-0.2387142200505963,31,MAP_PMU,0
0,v,0,1.0598786654494932,32,MAP_PMU,0
1,teta,0,0.00017432870367113074,32,MAP_PMU,0
2,v,1,1.044867439596395,32,MAP_PMU,0
3,teta,1,-0.08998138241222214,32,MAP_PMU,0
4,v,2,1.0199633056948256,32,MAP_PMU,0
5,teta,2,-0.16775798537482106,32,MAP_PMU,0
6,v,3,1.0222047045894629,32,MAP_PMU,0
7,teta,3,-0.16507456000181817,32,MAP_PMU,0
8,v,4,1.0238179679390356,32,MAP_PMU,0
9,teta,4,-0.1434332093751436,32,MAP_PMU,0
10,v,5,1.0805669549088759,32,MAP_PMU,0
11,teta,5,-0.2363952430668391,32,MAP_PMU,0
12,v,6,1.065339517527693,32,MAP_PMU,0
13,teta,6,-0.2183111025628358,32,MAP_PMU,0
14,v,7,1.0899943052447627,32,MAP_PMU,0
15,teta,7,-0.21831596989705018,32,MAP_PMU,0
16,v,8,1.0617191770310928,32,MAP_PMU,0
17,teta,8,-0.24586838689454837,32,MAP_PMU,0
18,v,9,1.0576990253155654,32,MAP_PMU,0
19,teta,9,-0.2490658952731373,32,MAP_PMU,0
20,v,10,1.0655517956017315,32,MAP_PMU,0
21,teta,10,-0.24496881915066174,32,MAP_PMU,0
22,v,11,1.0625813798296497,32,MAP_PMU,0
23,teta,11,-0.25204259360439984,32,MAP_PMU,0
24,v,12,1.0597950535658935,32,MAP_PMU,0
25,teta,12,-0.25254077990294377,32,MAP_PMU,0
26,v,13,1.0431048001520111,32,MAP_PMU,0
27,teta,13,-0.2659386736929538,32,MAP_PMU,0
28,v,14,1.0166999550067672,32,MAP_PMU,0
29,teta,14,0.024763520374611703,32,MAP_PMU,0
30,v,15,1.0758818196510334,32,MAP_PMU,0
31,teta,15,-0.2387437785732794,32,MAP_PMU,0
0,v,0,1.0601082311134202,33,MAP_PMU,0
1,teta,0,1.4356781149290281e-05,33,MAP_PMU,0
2,v,1,1.0450816094568882,33,MAP_PMU,0
3,teta,1,-0.09002977037902696,33,MAP_PMU,0
4,v,2,1.0201864268816432,33,MAP_PMU,0
5,teta,2,-0.16776858474243816,33,MAP_PMU,0
6,v,3,1.0224268890561257,33,MAP_PMU,0
7,teta,3,-0.16508467879579336,33,MAP_PMU,0
8,v,4,1.0240331018047808,33,MAP_PMU,0
9,teta,4,-0.14347138952244964,33,MAP_PMU,0
10,v,5,1.0807829662216228,33,MAP_PMU,0
11,teta,5,-0.23632589727852332,33,MAP_PMU,0
12,v,6,1.065499553621364,33,MAP_PMU,0
13,teta,6,-0.21817018513481903,33,MAP_PMU,0
14,v,7,1.0900348149578176,33,MAP_PMU,0
15,teta,7,-0.21817290780905257,33,MAP_PMU,0
16,v,8,1.0619121068093929,33,MAP_PMU,0
17,teta,8,-0.2456516981835933,33,MAP_PMU,0
18,v,9,1.0579138653428908,33,MAP_PMU,0
19,teta,9,-0.24885927222637974,33,MAP_PMU,0
20,v,10,1.0658080933301752,33,MAP_PMU,0
21,teta,10,-0.24471811049468667,33,MAP_PMU,0
22,v,11,1.0624989132954592,33,MAP_PMU,0
23,teta,11,-0.2520762999143545,33,MAP_PMU,0
24,v,12,1.059716877060685,33,MAP_PMU,0
25,teta,12,-0.25256048865215003,33,MAP_PMU,0
26,v,13,1.0430302906276137,33,MAP_PMU,0
27,teta,13,-0.2659410305582366,33,MAP_PMU,0
28,v,14,1.0168978381820406,33,MAP_PMU,0
29,teta,14,0.02467851041639806,33,MAP_PMU,0
30,v,15,1.0757921831087047,33,MAP_PMU,0
31,teta,15,-0.23878263079114043,33,MAP_PMU,0
0,v,0,1.0599367750129567,34,MAP_PMU,0
1,teta,0,8.35110450440022e-05,34,MAP_PMU,0
2,v,1,1.0449316284620251,34,MAP_PMU,0
3,teta,1,-0.08997885875099258,34,MAP_PMU,0
4,v,2,1.0200303901540404,34,MAP_PMU,0
5,teta,2,-0.16774729906279864,34,MAP_PMU,0
6,v,3,1.0222707501412946,34,MAP_PMU,0
7,teta,3,-0.1650628518215989,34,MAP_PMU,0
8,v,4,1.023879132493428,34,MAP_PMU,0
9,teta,4,-0.14343630435805632,34,MAP_PMU,0
10,v,5,1.0806271957970852,34,MAP_PMU,0
11,teta,5,-0.23634516342250336,34,MAP_PMU,0
12,v,6,1.0653365099387082,34,MAP_PMU,0
13,teta,6,-0.218201152796411,34,MAP_PMU,0
14,v,7,1.0898558088941275,34,MAP_PMU,0
15,teta,7,-0.2182018641806514,34,MAP_PMU,0
16,v,8,1.0617594949386495,34,MAP_PMU,0
17,teta,8,-0.2457110115461745,34,MAP_PMU,0
18,v,9,1.0577133089294513,34,MAP_PMU,0
19,teta,9,-0.24894949425310228,34,MAP_PMU,0
20,v,10,1.0655747164829559,34,MAP_PMU,0
21,teta,10,-0.24487805574196392,34,MAP_PMU,0
22,v,11,1.0625772472245294,34,MAP_PMU,0
23,teta,11,-0.25191519583742544,34,MAP_PMU,0
24,v,12,1.0598105292311055,34,MAP_PMU,0
25,teta,12,-0.25238860951376163,34,MAP_PMU,0
26,v,13,1.043111807053042,34,MAP_PMU,0
27,teta,13,-0.2657619097202106,34,MAP_PMU,0
28,v,14,1.0167709368311006,34,MAP_PMU,0
29,teta,14,0.024735773707492206,34,MAP_PMU,0
30,v,15,1.0758829503078702,34,MAP_PMU,0
31,teta,15,-0.23857994833927562,34,MAP_PMU,0
0,v,0,1.060357211080708,35,MAP_PMU,0
1,teta,0,0.00012226370252795902,35,MAP_PMU,0
2,v,1,1.0453027078140869,35,MAP_PMU,0
3,teta,1,-0.08997138056159391,35,MAP_PMU,0
4,v,2,1.0204037636475567,35,MAP_PMU,0
5,teta,2,-0.16769276700316,35,MAP_PMU,0
6,v,3,1.0226432070704823,35,MAP_PMU,0
7,teta,3,-0.16501050309217877,35,MAP_PMU,0
8,v,4,1.0242529335466068,35,MAP_PMU,0
9,teta,4,-0.1433890040075628,35,MAP_PMU,0
10,v,5,1.081014302262254,35,MAP_PMU,0
11,teta,5,-0.2362778164425735,35,MAP_PMU,0
12,v,6,1.0657093262533786,35,MAP_PMU,0
13,teta,6,-0.2181783307182866,35,MAP_PMU,0
14,v,7,1.0902258652397991,35,MAP_PMU,0
15,teta,7,-0.21817990266085927,35,MAP_PMU,0
16,v,8,1.062131522094493,35,MAP_PMU,0
17,teta,8,-0.2457033022654684,35,MAP_PMU,0
18,v,9,1.058070812181561,35,MAP_PMU,0
19,teta,9,-0.24896018727591807,35,MAP_PMU,0
20,v,10,1.0659136156323146,35,MAP_PMU,0
21,teta,10,-0.24484627578878665,35,MAP_PMU,0
22,v,11,1.0629428483947758,35,MAP_PMU,0
23,teta,11,-0.2519354261463985,35,MAP_PMU,0
24,v,12,1.0601481847482876,35,MAP_PMU,0
25,teta,12,-0.25244035904278916,35,MAP_PMU,0
26,v,13,1.0434615592288279,35,MAP_PMU,0
27,teta,13,-0.26580699212063685,35,MAP_PMU,0
28,v,14,1.0171313624973257,35,MAP_PMU,0
29,teta,14,0.02470648071061231,35,MAP_PMU,0
30,v,15,1.0761711570758965,35,MAP_PMU,0
31,teta,15,-0.2387252619916008,35,MAP_PMU,0
0,v,0,1.0599211817105672,36,MAP_PMU,0
1,teta,0,3.234626198350067e-05,36,MAP_PMU,0
2,v,1,1.0448861978001631,36,MAP_PMU,0
3,teta,1,-0.09002884194813915,36,MAP_PMU,0
4,v,2,1.0199902868572077,36,MAP_PMU,0
5,teta,2,-0.16781390216079103,36,MAP_PMU,0
6,v,3,1.0222289385878198,36,MAP_PMU,0
7,teta,3,-0.16512787569683782,36,MAP_PMU,0
8,v,4,1.0238388340835258,36,MAP_PMU,0
9,teta,4,-0.14348609811289278,36,MAP_PMU,0
10,v,5,1.0805775640175965,36,MAP_PMU,0
11,teta,5,-0.23640130726571368,36,MAP_PMU,0
12,v,6,1.065355743925883,36,MAP_PMU,0
13,teta,6,-0.21819050437747325,36,MAP_PMU,0
14,v,7,1.090006113574917,36,MAP_PMU,0
15,teta,7,-0.21819100759895732,36,MAP_PMU,0
16,v,8,1.0617260906028614,36,MAP_PMU,0
17,teta,8,-0.24566109084564633,36,MAP_PMU,0
18,v,9,1.0576832338281346,36,MAP_PMU,0
19,teta,9,-0.24890599578087233,36,MAP_PMU,0
20,v,10,1.0656220806331218,36,MAP_PMU,0
21,teta,10,-0.24479068761767525,36,MAP_PMU,0
22,v,11,1.0624336272598887,36,MAP_PMU,0
23,teta,11,-0.2519853709236735,36,MAP_PMU,0
24,v,12,1.0596555532142073,36,MAP_PMU,0
25,teta,12,-0.2524678383909842,36,MAP_PMU,0
26,v,13,1.0429564256152406,36,MAP_PMU,0
27,teta,13,-0.26585188649693575,36,MAP_PMU,0
28,v,14,1.0167182028173862,36,MAP_PMU,0
29,teta,14,0.024647567755671913,36,MAP_PMU,0
30,v,15,1.0757149824620489,36,MAP_PMU,0
31,teta,15,-0.23870317056939877,36,MAP_PMU,0
0,v,0,1.0599885480274933,37,MAP_PMU,0
1,teta,0,-1.39676788875225e-06,37,MAP_PMU,0
2,v,1,1.045003334953831,37,MAP_PMU,0
3,teta,1,-0.09003178216750851,37,MAP_PMU,0
4,v,2,1.020109028857163,37,MAP_PMU,0
5,teta,2,-0.16777402718856008,37,MAP_PMU,0
6,v,3,1.0223511274361727,37,MAP_PMU,0
7,teta,3,-0.16508934876576517,37,MAP_PMU,0
8,v,4,1.023956156738708,37,MAP_PMU,0
9,teta,4,-0.14346982191680424,37,MAP_PMU,0
10,v,5,1.080687663387403,37,MAP_PMU,0
11,teta,5,-0.23639608399306536,37,MAP_PMU,0
12,v,6,1.0654879499204182,37,MAP_PMU,0
13,teta,6,-0.2183246038686966,37,MAP_PMU,0
14,v,7,1.0901343199176659,37,MAP_PMU,0
15,teta,7,-0.2183261781904991,37,MAP_PMU,0
16,v,8,1.0618723794525,37,MAP_PMU,0
17,teta,8,-0.24588330674911557,37,MAP_PMU,0
18,v,9,1.0578392231093003,37,MAP_PMU,0
19,teta,9,-0.24900671143045885,37,MAP_PMU,0
20,v,10,1.0656619615681853,37,MAP_PMU,0
21,teta,10,-0.24484932500592754,37,MAP_PMU,0
22,v,11,1.0625298277395678,37,MAP_PMU,0
23,teta,11,-0.2521263705287357,37,MAP_PMU,0
24,v,12,1.0597713808536593,37,MAP_PMU,0
25,teta,12,-0.2525933002074557,37,MAP_PMU,0
26,v,13,1.0430832078947752,37,MAP_PMU,0
27,teta,13,-0.2659846765810058,37,MAP_PMU,0
28,v,14,1.0168396835215916,37,MAP_PMU,0
29,teta,14,0.02466682865661134,37,MAP_PMU,0
30,v,15,1.0757462270209004,37,MAP_PMU,0
31,teta,15,-0.23895909236255689,37,MAP_PMU,0
0,v,0,1.0601651380068875,38,MAP_PMU,0
1,teta,0,8.648266241641305e-05,38,MAP_PMU,0
2,v,1,1.0451410456198575,38,MAP_PMU,0
3,teta,1,-0.08999729083165019,38,MAP_PMU,0
4,v,2,1.0202378875423375,38,MAP_PMU,0
5,teta,2,-0.16775718548488386,38,MAP_PMU,0
6,v,3,1.0224784322427218,38,MAP_PMU,0
7,teta,3,-0.1650745603885744,38,MAP_PMU,0
8,v,4,1.0240920304252303,38,MAP_PMU,0
9,teta,4,-0.143418768457281,38,MAP_PMU,0
10,v,5,1.0808295978921827,38,MAP_PMU,0
11,teta,5,-0.23628942110617276,38,MAP_PMU,0
12,v,6,1.0655620151187921,38,MAP_PMU,0
13,teta,6,-0.21811829724240214,38,MAP_PMU,0
14,v,7,1.0901290783728197,38,MAP_PMU,0
15,teta,7,-0.21812054757905258,38,MAP_PMU,0
16,v,8,1.0619581249979886,38,MAP_PMU,0
17,teta,8,-0.2455786900533924,38,MAP_PMU,0
18,v,9,1.0579503605904348,38,MAP_PMU,0
19,teta,9,-0.2487614553882254,38,MAP_PMU,0
20,v,10,1.0658282385507596,38,MAP_PMU,0
21,teta,10,-0.24469110021615853,38,MAP_PMU,0
22,v,11,1.0627060003069397,38,MAP_PMU,0
23,teta,11,-0.25200947279994235,38,MAP_PMU,0
24,v,12,1.0599112096046566,38,MAP_PMU,0
25,teta,12,-0.2524884400326361,38,MAP_PMU,0
26,v,13,1.0432253369663753,38,MAP_PMU,0
27,teta,13,-0.2658643740437961,38,MAP_PMU,0
28,v,14,1.016995264368319,38,MAP_PMU,0
29,teta,14,0.02467440356886376,38,MAP_PMU,0
30,v,15,1.0758768336977211,38,MAP_PMU,0
31,teta,15,-0.2388846852658102,38,MAP_PMU,0
0,v,0,1.060135409740378,39,MAP_PMU,0
1,teta,0,5.115512209939414e-05,39,MAP_PMU,0
2,v,1,1.045134859258569,39,MAP_PMU,0
3,teta,1,-0.09000565012273096,39,MAP_PMU,0
4,v,2,1.0202417689101273,39,MAP_PMU,0
5,teta,2,-0.16772058613423338,39,MAP_PMU,0
6,v,3,1.022480654431306,39,MAP_PMU,0
7,teta,3,-0.16503711549733585,39,MAP_PMU,0
8,v,4,1.02408870634483,39,MAP_PMU,0
9,teta,4,-0.14341750485803034,39,MAP_PMU,0
10,v,5,1.0808293091544323,39,MAP_PMU,0
11,teta,5,-0.23630670423819553,39,MAP_PMU,0
12,v,6,1.0655353365114162,39,MAP_PMU,0
13,teta,6,-0.21819255545542365,39,MAP_PMU,0
14,v,7,1.0900277419354303,39,MAP_PMU,0
15,teta,7,-0.21819557403678566,39,MAP_PMU,0
16,v,8,1.0619677587537,39,MAP_PMU,0
17,teta,8,-0.24571006595758998,39,MAP_PMU,0
18,v,9,1.0579728486251947,39,MAP_PMU,0
19,teta,9,-0.24890438533120834,39,MAP_PMU,0
20,v,10,1.0658806128458018,39,MAP_PMU,0
21,teta,10,-0.2447866345538147,39,MAP_PMU,0
22,v,11,1.0626987106797954,39,MAP_PMU,0
23,teta,11,-0.25207274872065927,39,MAP_PMU,0
24,v,12,1.0599354061530752,39,MAP_PMU,0
25,teta,12,-0.2525388918517635,39,MAP_PMU,0
26,v,13,1.043242818860649,39,MAP_PMU,0
27,teta,13,-0.265924777636463,39,MAP_PMU,0
28,v,14,1.0169662709525173,39,MAP_PMU,0
29,teta,14,0.024659126241464432,39,MAP_PMU,0
30,v,15,1.0759032681095424,39,MAP_PMU,0
31,teta,15,-0.2389002051656916,39,MAP_PMU,0
0,v,0,1.059933775348264,40,MAP_PMU,0
1,teta,0,-0.0001812166387830597,40,MAP_PMU,0
2,v,1,1.0449829425946267,40,MAP_PMU,0
3,teta,1,-0.09006033647173495,40,MAP_PMU,0
4,v,2,1.0200881259318584,40,MAP_PMU,0
5,teta,2,-0.16779978178599503,40,MAP_PMU,0
6,v,3,1.0223285916290776,40,MAP_PMU,0
7,teta,3,-0.16511633912386792,40,MAP_PMU,0
8,v,4,1.0239324789050277,40,MAP_PMU,0
9,teta,4,-0.143519501204984,40,MAP_PMU,0
10,v,5,1.080683393586672,40,MAP_PMU,0
11,teta,5,-0.23640490028750663,40,MAP_PMU,0
12,v,6,1.0654262549281275,40,MAP_PMU,0
13,teta,6,-0.21833672224267286,40,MAP_PMU,0
14,v,7,1.090014079889107,40,MAP_PMU,0
15,teta,7,-0.2183368536371695,40,MAP_PMU,0
16,v,8,1.061826244574895,40,MAP_PMU,0
17,teta,8,-0.2458892481396814,40,MAP_PMU,0
18,v,9,1.05779793374913,40,MAP_PMU,0
19,teta,9,-0.24914059585139312,40,MAP_PMU,0
20,v,10,1.0657071163519194,40,MAP_PMU,0
21,teta,10,-0.24495950954288956,40,MAP_PMU,0
22,v,11,1.062634688080225,40,MAP_PMU,0
23,teta,11,-0.25197130898464387,40,MAP_PMU,0
24,v,12,1.0598693024029524,40,MAP_PMU,0
25,teta,12,-0.2524505770603666,40,MAP_PMU,0
26,v,13,1.043178704120658,40,MAP_PMU,0
27,teta,13,-0.2658300381785848,40,MAP_PMU,0
28,v,14,1.0168158249321897,40,MAP_PMU,0
29,teta,14,0.02464666093238507,40,MAP_PMU,0
30,v,15,1.0759097542885594,40,MAP_PMU,0
31,teta,15,-0.23870574894784186,40,MAP_PMU,0
0,v,0,1.0600129004397107,41,MAP_PMU,0
1,teta,0,2.8349344720957125e-06,41,MAP_PMU,0
2,v,1,1.0450090448920517,41,MAP_PMU,0
3,teta,1,-0.08996403079084626,41,MAP_PMU,0
4,v,2,1.0201094230246055,41,MAP_PMU,0
5,teta,2,-0.1677132894708437,41,MAP_PMU,0
6,v,3,1.0223485803255759,41,MAP_PMU,0
7,teta,3,-0.16502777371694852,41,MAP_PMU,0
8,v,4,1.0239577093235943,41,MAP_PMU,0
9,teta,4,-0.14341224800769625,41,MAP_PMU,0
10,v,5,1.0807201050262336,41,MAP_PMU,0
11,teta,5,-0.23637848287919266,41,MAP_PMU,0
12,v,6,1.0654412599337193,41,MAP_PMU,0
13,teta,6,-0.21818634724823296,41,MAP_PMU,0
14,v,7,1.0900015235856066,41,MAP_PMU,0
15,teta,7,-0.21818478934747146,41,MAP_PMU,0
16,v,8,1.0618529003789583,41,MAP_PMU,0
17,teta,8,-0.24570782972289254,41,MAP_PMU,0
18,v,9,1.0578591399135653,41,MAP_PMU,0
19,teta,9,-0.2488962076995265,41,MAP_PMU,0
20,v,10,1.0658077733152553,41,MAP_PMU,0
21,teta,10,-0.24479866317812818,41,MAP_PMU,0
22,v,11,1.0625511338111282,41,MAP_PMU,0
23,teta,11,-0.2521044633739545,41,MAP_PMU,0
24,v,12,1.0598065435656285,41,MAP_PMU,0
25,teta,12,-0.2525682237639425,41,MAP_PMU,0
26,v,13,1.0431278282138912,41,MAP_PMU,0
27,teta,13,-0.26594540258045407,41,MAP_PMU,0
28,v,14,1.0168418192449664,41,MAP_PMU,0
29,teta,14,0.024750517542537775,41,MAP_PMU,0
30,v,15,1.07582021393808,41,MAP_PMU,0
31,teta,15,-0.23885428828348712,41,MAP_PMU,0
0,v,0,1.0602127145646338,42,MAP_PMU,0
1,teta,0,-3.230123805088894e-05,42,MAP_PMU,0
2,v,1,1.0452330521549813,42,MAP_PMU,0
3,teta,1,-0.09001182375662616,42,MAP_PMU,0
4,v,2,1.0203302899702245,42,MAP_PMU,0
5,teta,2,-0.1677802156677705,42,MAP_PMU,0
6,v,3,1.0225701547925903,42,MAP_PMU,0
7,teta,3,-0.16509503602517706,42,MAP_PMU,0
8,v,4,1.0241836541068756,42,MAP_PMU,0
9,teta,4,-0.14344893042960624,42,MAP_PMU,0
10,v,5,1.0809364817372147,42,MAP_PMU,0
11,teta,5,-0.23634238123210904,42,MAP_PMU,0
12,v,6,1.0656808232342243,42,MAP_PMU,0
13,teta,6,-0.2181336422449114,42,MAP_PMU,0
14,v,7,1.0903066675359596,42,MAP_PMU,0
15,teta,7,-0.21813329443774798,42,MAP_PMU,0
16,v,8,1.0620533075239675,42,MAP_PMU,0
17,teta,8,-0.2455930467421427,42,MAP_PMU,0
18,v,9,1.0579964417092462,42,MAP_PMU,0
19,teta,9,-0.24879586676882157,42,MAP_PMU,0
20,v,10,1.0659404045440848,42,MAP_PMU,0
21,teta,10,-0.24471941935858177,42,MAP_PMU,0
22,v,11,1.0628194006109306,42,MAP_PMU,0
23,teta,11,-0.2518774501246458,42,MAP_PMU,0
24,v,12,1.0600499276682964,42,MAP_PMU,0
25,teta,12,-0.25236458740446316,42,MAP_PMU,0
26,v,13,1.0433580281519519,42,MAP_PMU,0
27,teta,13,-0.265746364084161,42,MAP_PMU,0
28,v,14,1.0170631239371306,42,MAP_PMU,0
29,teta,14,0.024696006850087947,42,MAP_PMU,0
30,v,15,1.076141511148837,42,MAP_PMU,0
31,teta,15,-0.238575218890239,42,MAP_PMU,0
0,v,0,1.0597622765447514,43,MAP_PMU,0
1,teta,0,2.4523535485553992e-05,43,MAP_PMU,0
2,v,1,1.044780084739097,43,MAP_PMU,0
3,teta,1,-0.0900301857175286,43,MAP_PMU,0
4,v,2,1.0198867217787362,43,MAP_PMU,0
5,teta,2,-0.1677852533102677,43,MAP_PMU,0
6,v,3,1.022127883059371,43,MAP_PMU,0
7,teta,3,-0.16510090057307775,43,MAP_PMU,0
8,v,4,1.023734058118981,43,MAP_PMU,0
9,teta,4,-0.14347540128635797,43,MAP_PMU,0
10,v,5,1.0804708989543137,43,MAP_PMU,0
11,teta,5,-0.23642861793573425,43,MAP_PMU,0
12,v,6,1.0652164653521106,43,MAP_PMU,0
13,teta,6,-0.2182940237423704,43,MAP_PMU,0
14,v,7,1.089808930349887,43,MAP_PMU,0
15,teta,7,-0.21829493007113618,43,MAP_PMU,0
16,v,8,1.0616097186346196,43,MAP_PMU,0
17,teta,8,-0.2458321565185829,43,MAP_PMU,0
18,v,9,1.0575511779121312,43,MAP_PMU,0
19,teta,9,-0.24896799856016363,43,MAP_PMU,0
20,v,10,1.0654100812335117,43,MAP_PMU,0
21,teta,10,-0.24477066752449825,43,MAP_PMU,0
22,v,11,1.062320066482187,43,MAP_PMU,0
23,teta,11,-0.25198777279767015,43,MAP_PMU,0
24,v,12,1.0595447377075133,43,MAP_PMU,0
25,teta,12,-0.25247475037759276,43,MAP_PMU,0
26,v,13,1.042850520651297,43,MAP_PMU,0
27,teta,13,-0.26586087225627675,43,MAP_PMU,0
28,v,14,1.0166176375877167,43,MAP_PMU,0
29,teta,14,0.02468209790768508,43,MAP_PMU,0
30,v,15,1.0756177863256497,43,MAP_PMU,0
31,teta,15,-0.238646648325891,43,MAP_PMU,0
0,v,0,1.0597498833324275,44,MAP_PMU,0
1,teta,0,-0.00020410933055917867,44,MAP_PMU,0
2,v,1,1.0448228842452356,44,MAP_PMU,0
3,teta,1,-0.08997718524515116,44,MAP_PMU,0
4,v,2,1.0199249015891865,44,MAP_PMU,0
5,teta,2,-0.16773161855913404,44,MAP_PMU,0
6,v,3,1.0221651864361345,44,MAP_PMU,0
7,teta,3,-0.1650476065695921,44,MAP_PMU,0
8,v,4,1.0237713908692818,44,MAP_PMU,0
9,teta,4,-0.14344540886495186,44,MAP_PMU,0
10,v,5,1.0805193919323417,44,MAP_PMU,0
11,teta,5,-0.2363916302081939,44,MAP_PMU,0
12,v,6,1.0652441797735592,44,MAP_PMU,0
13,teta,6,-0.2182069748052742,44,MAP_PMU,0
14,v,7,1.089804134379729,44,MAP_PMU,0
15,teta,7,-0.21820684931583142,44,MAP_PMU,0
16,v,8,1.061650814594141,44,MAP_PMU,0
17,teta,8,-0.24572824478110442,44,MAP_PMU,0
18,v,9,1.0576368694869511,44,MAP_PMU,0
19,teta,9,-0.24899925608687443,44,MAP_PMU,0
20,v,10,1.0655906865414957,44,MAP_PMU,0
21,teta,10,-0.24488998693168038,44,MAP_PMU,0
22,v,11,1.0623534053341288,44,MAP_PMU,0
23,teta,11,-0.2520547792469039,44,MAP_PMU,0
24,v,12,1.059593916801754,44,MAP_PMU,0
25,teta,12,-0.2525303879667054,44,MAP_PMU,0
26,v,13,1.0429047970647567,44,MAP_PMU,0
27,teta,13,-0.26590926578359736,44,MAP_PMU,0
28,v,14,1.0166652820051236,44,MAP_PMU,0
29,teta,14,0.024737653296951007,44,MAP_PMU,0
30,v,15,1.0756719930885608,44,MAP_PMU,0
31,teta,15,-0.23871785977154086,44,MAP_PMU,0
0,v,0,1.0600638372569007,45,MAP_PMU,0
1,teta,0,-4.5706104758884516e-05,45,MAP_PMU,0
2,v,1,1.0451108605217627,45,MAP_PMU,0
3,teta,1,-0.09001527583862858,45,MAP_PMU,0
4,v,2,1.0202138726124472,45,MAP_PMU,0
5,teta,2,-0.16776080211308056,45,MAP_PMU,0
6,v,3,1.022452388030854,45,MAP_PMU,0
7,teta,3,-0.16507678553658753,45,MAP_PMU,0
8,v,4,1.0240596302611302,45,MAP_PMU,0
9,teta,4,-0.1434559173234353,45,MAP_PMU,0
10,v,5,1.0808125716879615,45,MAP_PMU,0
11,teta,5,-0.23635142565817177,45,MAP_PMU,0
12,v,6,1.065507804262651,45,MAP_PMU,0
13,teta,6,-0.2181977931630296,45,MAP_PMU,0
14,v,7,1.0900093599550702,45,MAP_PMU,0
15,teta,7,-0.2181961765396411,45,MAP_PMU,0
16,v,8,1.06193376836474,45,MAP_PMU,0
17,teta,8,-0.24570057378957225,45,MAP_PMU,0
18,v,9,1.057917514324799,45,MAP_PMU,0
19,teta,9,-0.24895595029666295,45,MAP_PMU,0
20,v,10,1.0658032218792717,45,MAP_PMU,0
21,teta,10,-0.24481761773124974,45,MAP_PMU,0
22,v,11,1.0626103994592413,45,MAP_PMU,0
23,teta,11,-0.25195441095868026,45,MAP_PMU,0
24,v,12,1.0598244797635938,45,MAP_PMU,0
25,teta,12,-0.25244034887898686,45,MAP_PMU,0
26,v,13,1.043136336314644,45,MAP_PMU,0
27,teta,13,-0.26582486451109066,45,MAP_PMU,0
28,v,14,1.016955797948125,45,MAP_PMU,0
29,teta,14,0.02465175029462091,45,MAP_PMU,0
30,v,15,1.0759524451058555,45,MAP_PMU,0
31,teta,15,-0.23861384204050498,45,MAP_PMU,0
0,v,0,1.0598145629962816,46,MAP_PMU,0
1,teta,0,-0.00012215566103647625,46,MAP_PMU,0
2,v,1,1.0448564907427889,46,MAP_PMU,0
3,teta,1,-0.09003724206039712,46,MAP_PMU,0
4,v,2,1.0199660281805478,46,MAP_PMU,0
5,teta,2,-0.16777574807315382,46,MAP_PMU,0
6,v,3,1.02220679982731,46,MAP_PMU,0
7,teta,3,-0.16509003403777728,46,MAP_PMU,0
8,v,4,1.0238178533677162,46,MAP_PMU,0
9,teta,4,-0.14347137850690675,46,MAP_PMU,0
10,v,5,1.0805756107948115,46,MAP_PMU,0
11,teta,5,-0.23637025350651583,46,MAP_PMU,0
12,v,6,1.0653177791691297,46,MAP_PMU,0
13,teta,6,-0.21830291302888988,46,MAP_PMU,0
14,v,7,1.0899264833917985,46,MAP_PMU,0
15,teta,7,-0.2183030193311847,46,MAP_PMU,0
16,v,8,1.0617127052568756,46,MAP_PMU,0
17,teta,8,-0.24585123825917823,46,MAP_PMU,0
18,v,9,1.0576849687090555,46,MAP_PMU,0
19,teta,9,-0.249026409890736,46,MAP_PMU,0
20,v,10,1.065595073419201,46,MAP_PMU,0
21,teta,10,-0.24487551900576926,46,MAP_PMU,0
22,v,11,1.0625307445734593,46,MAP_PMU,0
23,teta,11,-0.25207860959831,46,MAP_PMU,0
24,v,12,1.0597717426477244,46,MAP_PMU,0
25,teta,12,-0.25254000229106405,46,MAP_PMU,0
26,v,13,1.0430748766713653,46,MAP_PMU,0
27,teta,13,-0.26592463004591954,46,MAP_PMU,0
28,v,14,1.0167075489551596,46,MAP_PMU,0
29,teta,14,0.0246388927296962,46,MAP_PMU,0
30,v,15,1.0758020623917743,46,MAP_PMU,0
31,teta,15,-0.2388033367050559,46,MAP_PMU,0
0,v,0,1.0601139726934015,47,MAP_PMU,0
1,teta,0,-0.00023996267388094142,47,MAP_PMU,0
2,v,1,1.0451703300169122,47,MAP_PMU,0
3,teta,1,-0.09000030536987676,47,MAP_PMU,0
4,v,2,1.0202732797208833,47,MAP_PMU,0
5,teta,2,-0.1677094235013436,47,MAP_PMU,0
6,v,3,1.0225138036609447,47,MAP_PMU,0
7,teta,3,-0.16502554670404013,47,MAP_PMU,0
8,v,4,1.024119763880021,47,MAP_PMU,0
9,teta,4,-0.1434433263509434,47,MAP_PMU,0
10,v,5,1.080869561164224,47,MAP_PMU,0
11,teta,5,-0.2363429325883893,47,MAP_PMU,0
12,v,6,1.0656332308069223,47,MAP_PMU,0
13,teta,6,-0.21811818289627063,47,MAP_PMU,0
14,v,7,1.0902147121241637,47,MAP_PMU,0
15,teta,7,-0.21811882981083974,47,MAP_PMU,0
16,v,8,1.0620409899361978,47,MAP_PMU,0
17,teta,8,-0.2456037097060714,47,MAP_PMU,0
18,v,9,1.05798426868689,47,MAP_PMU,0
19,teta,9,-0.24882624059737476,47,MAP_PMU,0
20,v,10,1.0658994915329214,47,MAP_PMU,0
21,teta,10,-0.24471505707605276,47,MAP_PMU,0
22,v,11,1.0626352431192425,47,MAP_PMU,0
23,teta,11,-0.25217167008153046,47,MAP_PMU,0
24,v,12,1.0598893918843673,47,MAP_PMU,0
25,teta,12,-0.25263357494397676,47,MAP_PMU,0
26,v,13,1.0431992565390538,47,MAP_PMU,0
27,teta,13,-0.26602886643989004,47,MAP_PMU,0
28,v,14,1.016984886664732,47,MAP_PMU,0
29,teta,14,0.024685237742297975,47,MAP_PMU,0
30,v,15,1.0758674756463924,47,MAP_PMU,0
31,teta,15,-0.23894526271753116,47,MAP_PMU,0
0,v,0,1.0600966519575317,48,MAP_PMU,0
1,teta,0,0.00018950532961179098,48,MAP_PMU,0
2,v,1,1.0450206678525626,48,MAP_PMU,0
3,teta,1,-0.08998889013487008,48,MAP_PMU,0
4,v,2,1.0201155664849784,48,MAP_PMU,0
5,teta,2,-0.16779740812896352,48,MAP_PMU,0
6,v,3,1.022354912377276,48,MAP_PMU,0
7,teta,3,-0.16511109472563656,48,MAP_PMU,0
8,v,4,1.0239695001270244,48,MAP_PMU,0
9,teta,4,-0.14345167348820848,48,MAP_PMU,0
10,v,5,1.0807138295324579,48,MAP_PMU,0
11,teta,5,-0.23639867066297704,48,MAP_PMU,0
12,v,6,1.0654376138970034,48,MAP_PMU,0
13,teta,6,-0.2182537414919257,48,MAP_PMU,0
14,v,7,1.0900022137584586,48,MAP_PMU,0
15,teta,7,-0.21825459611009404,48,MAP_PMU,0
16,v,8,1.0618405168571374,48,MAP_PMU,0
17,teta,8,-0.24576592258721563,48,MAP_PMU,0
18,v,9,1.0577541628840197,48,MAP_PMU,0
19,teta,9,-0.24897756447214,48,MAP_PMU,0
20,v,10,1.0656466804260922,48,MAP_PMU,0
21,teta,10,-0.24489694225355577,48,MAP_PMU,0
22,v,11,1.062531821598997,48,MAP_PMU,0
23,teta,11,-0.2521194375651775,48,MAP_PMU,0
24,v,12,1.0597668677801546,48,MAP_PMU,0
25,teta,12,-0.25260199550342,48,MAP_PMU,0
26,v,13,1.0430821433091053,48,MAP_PMU,0
27,teta,13,-0.2659749688330525,48,MAP_PMU,0
28,v,14,1.0168587589399605,48,MAP_PMU,0
29,teta,14,0.024740675700508336,48,MAP_PMU,0
30,v,15,1.0757687504387305,48,MAP_PMU,0
31,teta,15,-0.23889023904011922,48,MAP_PMU,0
0,v,0,1.0598574282364068,49,MAP_PMU,0
1,teta,0,9.62971648766927e-05,49,MAP_PMU,0
2,v,1,1.0448490887618356,49,MAP_PMU,0
3,teta,1,-0.0899854766107539,49,MAP_PMU,0
4,v,2,1.0199461650773938,49,MAP_PMU,0
5,teta,2,-0.16777916970154408,49,MAP_PMU,0
6,v,3,1.0221866762904321,49,MAP_PMU,0
7,teta,3,-0.16509462623593055,49,MAP_PMU,0
8,v,4,1.0237996076395477,49,MAP_PMU,0
9,teta,4,-0.14344058407610238,49,MAP_PMU,0
10,v,5,1.0805384777455211,49,MAP_PMU,0
11,teta,5,-0.2363820533352184,49,MAP_PMU,0
12,v,6,1.0652706442760913,49,MAP_PMU,0
13,teta,6,-0.2182461680342444,49,MAP_PMU,0
14,v,7,1.0898414297775454,49,MAP_PMU,0
15,teta,7,-0.2182441391662329,49,MAP_PMU,0
16,v,8,1.061672592028195,49,MAP_PMU,0
17,teta,8,-0.24576462373060345,49,MAP_PMU,0
18,v,9,1.0576319904568898,49,MAP_PMU,0
19,teta,9,-0.24902851590630407,49,MAP_PMU,0
20,v,10,1.0654870983980207,49,MAP_PMU,0
21,teta,10,-0.24493985504329374,49,MAP_PMU,0
22,v,11,1.0624416646089934,49,MAP_PMU,0
23,teta,11,-0.25197079830912084,49,MAP_PMU,0
24,v,12,1.059669105205525,49,MAP_PMU,0
25,teta,12,-0.25242971593403285,49,MAP_PMU,0
26,v,13,1.0429714320218164,49,MAP_PMU,0
27,teta,13,-0.2658121143272558,49,MAP_PMU,0
28,v,14,1.0166901121960128,49,MAP_PMU,0
29,teta,14,0.02475211041922669,49,MAP_PMU,0
30,v,15,1.075699153873821,49,MAP_PMU,0
31,teta,15,-0.23875998714773897,49,MAP_PMU,0
0,v,0,1.06008348502528,50,MAP_PMU,0
1,teta,0,-9.832731469154738e-05,50,MAP_PMU,0
2,v,1,1.0451013247474434,50,MAP_PMU,0
3,teta,1,-0.0900195574103606,50,MAP_PMU,0
4,v,2,1.0202022990932884,50,MAP_PMU,0
5,teta,2,-0.1677750301139964,50,MAP_PMU,0
6,v,3,1.0224422668428041,50,MAP_PMU,0
7,teta,3,-0.16509123518247618,50,MAP_PMU,0
8,v,4,1.0240435709536364,50,MAP_PMU,0
9,teta,4,-0.1434984159673736,50,MAP_PMU,0
10,v,5,1.0807935316635473,50,MAP_PMU,0
11,teta,5,-0.23640991998354371,50,MAP_PMU,0
12,v,6,1.065518597370302,50,MAP_PMU,0
13,teta,6,-0.21827151632539116,50,MAP_PMU,0
14,v,7,1.0900952145425573,50,MAP_PMU,0
15,teta,7,-0.2182682917403932,50,MAP_PMU,0
16,v,8,1.0619114491723518,50,MAP_PMU,0
17,teta,8,-0.24580630108114507,50,MAP_PMU,0
18,v,9,1.057893594715327,50,MAP_PMU,0
19,teta,9,-0.24894114044719784,50,MAP_PMU,0
20,v,10,1.0657425680653025,50,MAP_PMU,0
21,teta,10,-0.24480986895860984,50,MAP_PMU,0
22,v,11,1.0626510841017767,50,MAP_PMU,0
23,teta,11,-0.25208624274393876,50,MAP_PMU,0
24,v,12,1.059877557566959,50,MAP_PMU,0
25,teta,12,-0.25256832143048513,50,MAP_PMU,0
26,v,13,1.043188232741039,50,MAP_PMU,0
27,teta,13,-0.2659527045879564,50,MAP_PMU,0
28,v,14,1.0169331086041453,50,MAP_PMU,0
29,teta,14,0.02468457228066008,50,MAP_PMU,0
30,v,15,1.075984874788524,50,MAP_PMU,0
31,teta,15,-0.23872835386336086,50,MAP_PMU,0
0,v,0,1.0602220045146489,51,MAP_PMU,0
1,teta,0,-0.00021519990026714646,51,MAP_PMU,0
2,v,1,1.0452434609257213,51,MAP_PMU,0
3,teta,1,-0.0900505857414289,51,MAP_PMU,0
4,v,2,1.020345657674057,51,MAP_PMU,0
5,teta,2,-0.16778791448776728,51,MAP_PMU,0
6,v,3,1.0225856688848924,51,MAP_PMU,0
7,teta,3,-0.16510342935113034,51,MAP_PMU,0
8,v,4,1.0241970567270797,51,MAP_PMU,0
9,teta,4,-0.14349202666049854,51,MAP_PMU,0
10,v,5,1.0809712846111454,51,MAP_PMU,0
11,teta,5,-0.23636896605263932,51,MAP_PMU,0
12,v,6,1.0656694421757662,51,MAP_PMU,0
13,teta,6,-0.21823896641814294,51,MAP_PMU,0
14,v,7,1.0902265253368193,51,MAP_PMU,0
15,teta,7,-0.2182420180483659,51,MAP_PMU,0
16,v,8,1.062074785585757,51,MAP_PMU,0
17,teta,8,-0.2457462029638108,51,MAP_PMU,0
18,v,9,1.0580750108776444,51,MAP_PMU,0
19,teta,9,-0.24896269276309077,51,MAP_PMU,0
20,v,10,1.0659605641103387,51,MAP_PMU,0
21,teta,10,-0.2448649214020861,51,MAP_PMU,0
22,v,11,1.0627636542284213,51,MAP_PMU,0
23,teta,11,-0.25209376469753114,51,MAP_PMU,0
24,v,12,1.0599845743259158,51,MAP_PMU,0
25,teta,12,-0.2525887879695485,51,MAP_PMU,0
26,v,13,1.0433007596344421,51,MAP_PMU,0
27,teta,13,-0.26597717833102025,51,MAP_PMU,0
28,v,14,1.017065967505692,51,MAP_PMU,0
29,teta,14,0.024646056895551924,51,MAP_PMU,0
30,v,15,1.076026312633705,51,MAP_PMU,0
31,teta,15,-0.23884369797957766,51,MAP_PMU,0
0,v,0,1.0599309833197916,52,MAP_PMU,0
1,teta,0,-4.3940079455916384e-05,52,MAP_PMU,0
2,v,1,1.0449741627105236,52,MAP_PMU,0
3,teta,1,-0.09002501069619218,52,MAP_PMU,0
4,v,2,1.0200717816515623,52,MAP_PMU,0
5,teta,2,-0.16781044445583906,52,MAP_PMU,0
6,v,3,1.0223126941572636,52,MAP_PMU,0
7,teta,3,-0.1651252613137754,52,MAP_PMU,0
8,v,4,1.0239232310235047,52,MAP_PMU,0
9,teta,4,-0.14349200959200117,52,MAP_PMU,0
10,v,5,1.080671272983451,52,MAP_PMU,0
11,teta,5,-0.23641427364337994,52,MAP_PMU,0
12,v,6,1.0654018569357928,52,MAP_PMU,0
13,teta,6,-0.2183057811155173,52,MAP_PMU,0
14,v,7,1.0899677917698831,52,MAP_PMU,0
15,teta,7,-0.21830379389290283,52,MAP_PMU,0
16,v,8,1.0618095136159713,52,MAP_PMU,0
17,teta,8,-0.24583905766522646,52,MAP_PMU,0
18,v,9,1.057785483910927,52,MAP_PMU,0
19,teta,9,-0.24905924859184977,52,MAP_PMU,0
20,v,10,1.06563735896919,52,MAP_PMU,0
21,teta,10,-0.24498767319825737,52,MAP_PMU,0
22,v,11,1.0625878532283688,52,MAP_PMU,0
23,teta,11,-0.2520425043491124,52,MAP_PMU,0
24,v,12,1.0598068509636807,52,MAP_PMU,0
25,teta,12,-0.25249622234202723,52,MAP_PMU,0
26,v,13,1.0431201495388633,52,MAP_PMU,0
27,teta,13,-0.26587699690985067,52,MAP_PMU,0
28,v,14,1.0168177905506566,52,MAP_PMU,0
29,teta,14,0.024678402462871195,52,MAP_PMU,0
30,v,15,1.0758318898876047,52,MAP_PMU,0
31,teta,15,-0.23880790856405767,52,MAP_PMU,0
0,v,0,1.0603212115952008,53,MAP_PMU,0
1,teta,0,0.00023758926172597365,53,MAP_PMU,0
2,v,1,1.0452125424020564,53,MAP_PMU,0
3,teta,1,-0.0900131530168248,53,MAP_PMU,0
4,v,2,1.0203142889557397,53,MAP_PMU,0
5,teta,2,-0.1677485196068958,53,MAP_PMU,0
6,v,3,1.0225543235500256,53,MAP_PMU,0
7,teta,3,-0.16506384334161203,53,MAP_PMU,0
8,v,4,1.0241662458533491,53,MAP_PMU,0
9,teta,4,-0.14343129936097415,53,MAP_PMU,0
10,v,5,1.0809113037573517,53,MAP_PMU,0
11,teta,5,-0.23629403642832514,53,MAP_PMU,0
12,v,6,1.0656329763749808,53,MAP_PMU,0
13,teta,6,-0.21824200781546532,53,MAP_PMU,0
14,v,7,1.0901648770344399,53,MAP_PMU,0
15,teta,7,-0.21824308769998552,53,MAP_PMU,0
16,v,8,1.0620536099488995,53,MAP_PMU,0
17,teta,8,-0.2457722645987061,53,MAP_PMU,0
18,v,9,1.0580255053493757,53,MAP_PMU,0
19,teta,9,-0.24893384428449064,53,MAP_PMU,0
20,v,10,1.0659072993401575,53,MAP_PMU,0
21,teta,10,-0.24486249622802334,53,MAP_PMU,0
22,v,11,1.0627708026770557,53,MAP_PMU,0
23,teta,11,-0.25203912897167335,53,MAP_PMU,0
24,v,12,1.060002503167831,53,MAP_PMU,0
25,teta,12,-0.25250569716231414,53,MAP_PMU,0
26,v,13,1.0433100348117144,53,MAP_PMU,0
27,teta,13,-0.26588213877236677,53,MAP_PMU,0
28,v,14,1.0170591242912381,53,MAP_PMU,0
29,teta,14,0.024632897105534266,53,MAP_PMU,0
30,v,15,1.0759724796561339,53,MAP_PMU,0
31,teta,15,-0.23882374845714407,53,MAP_PMU,0
0,v,0,1.0598616737289035,54,MAP_PMU,0
1,teta,0,1.704059750246804e-05,54,MAP_PMU,0
2,v,1,1.0448067582635525,54,MAP_PMU,0
3,teta,1,-0.0899925431423548,54,MAP_PMU,0
4,v,2,1.0199033505937647,54,MAP_PMU,0
5,teta,2,-0.16776854357172968,54,MAP_PMU,0
6,v,3,1.0221445048165332,54,MAP_PMU,0
7,teta,3,-0.16508248344644294,54,MAP_PMU,0
8,v,4,1.0237577711592603,54,MAP_PMU,0
9,teta,4,-0.14345902470291214,54,MAP_PMU,0
10,v,5,1.0804810461541403,54,MAP_PMU,0
11,teta,5,-0.236434207512984,54,MAP_PMU,0
12,v,6,1.0651906689211683,54,MAP_PMU,0
13,teta,6,-0.21827927676749403,54,MAP_PMU,0
14,v,7,1.0897106524608644,54,MAP_PMU,0
15,teta,7,-0.21827927890702464,54,MAP_PMU,0
16,v,8,1.061606884529736,54,MAP_PMU,0
17,teta,8,-0.2458204093085699,54,MAP_PMU,0
18,v,9,1.0575530748216153,54,MAP_PMU,0
19,teta,9,-0.24901079673117527,54,MAP_PMU,0
20,v,10,1.0654105590614218,54,MAP_PMU,0
21,teta,10,-0.24491491212532393,54,MAP_PMU,0
22,v,11,1.0623548885315646,54,MAP_PMU,0
23,teta,11,-0.2520513017734733,54,MAP_PMU,0
24,v,12,1.0595891534115034,54,MAP_PMU,0
25,teta,12,-0.2525429557709914,54,MAP_PMU,0
26,v,13,1.0428955206833523,54,MAP_PMU,0
27,teta,13,-0.26592718118366027,54,MAP_PMU,0
28,v,14,1.0166467177827185,54,MAP_PMU,0
29,teta,14,0.02474916772445014,54,MAP_PMU,0
30,v,15,1.0756248918610074,54,MAP_PMU,0
31,teta,15,-0.23879815314028724,54,MAP_PMU,0
0,v,0,1.0600761619987928,55,MAP_PMU,0
1,teta,0,-2.668968343555187e-05,55,MAP_PMU,0
2,v,1,1.045043575245212,55,MAP_PMU,0
3,teta,1,-0.09000244464554584,55,MAP_PMU,0
4,v,2,1.0201471971824954,55,MAP_PMU,0
5,teta,2,-0.16774543604695272,55,MAP_PMU,0
6,v,3,1.022386416174826,55,MAP_PMU,0
7,teta,3,-0.16506218156555885,55,MAP_PMU,0
8,v,4,1.0239926247121232,55,MAP_PMU,0
9,teta,4,-0.14345626471118986,55,MAP_PMU,0
10,v,5,1.0807274047698145,55,MAP_PMU,0
11,teta,5,-0.23636329297003375,55,MAP_PMU,0
12,v,6,1.0654360221833659,55,MAP_PMU,0
13,teta,6,-0.21826166839758834,55,MAP_PMU,0
14,v,7,1.0899449594131256,55,MAP_PMU,0
15,teta,7,-0.21826276408778178,55,MAP_PMU,0
16,v,8,1.061858471620989,55,MAP_PMU,0
17,teta,8,-0.24580349843423724,55,MAP_PMU,0
18,v,9,1.0578153751362316,55,MAP_PMU,0
19,teta,9,-0.24894118123822298,55,MAP_PMU,0
20,v,10,1.0657336555863848,55,MAP_PMU,0
21,teta,10,-0.2447641382101633,55,MAP_PMU,0
22,v,11,1.0625395229525703,55,MAP_PMU,0
23,teta,11,-0.25217545716364115,55,MAP_PMU,0
24,v,12,1.0597776857231787,55,MAP_PMU,0
25,teta,12,-0.25265655817845256,55,MAP_PMU,0
26,v,13,1.0430973375089554,55,MAP_PMU,0
27,teta,13,-0.26604112599431723,55,MAP_PMU,0
28,v,14,1.0168920958556444,55,MAP_PMU,0
29,teta,14,0.024669523302059605,55,MAP_PMU,0
30,v,15,1.0758270135626042,55,MAP_PMU,0
31,teta,15,-0.23888880600129447,55,MAP_PMU,0
0,v,0,1.0600333104460908,56,MAP_PMU,0
1,teta,0,8.025770974151794e-05,56,MAP_PMU,0
2,v,1,1.0450727543623242,56,MAP_PMU,0
3,teta,1,-0.08998945041905777,56,MAP_PMU,0
4,v,2,1.0201670706408492,56,MAP_PMU,0
5,teta,2,-0.16775906047681433,56,MAP_PMU,0
6,v,3,1.0224071795494711,56,MAP_PMU,0
7,teta,3,-0.16507601133042424,56,MAP_PMU,0
8,v,4,1.0240233317560388,56,MAP_PMU,0
9,teta,4,-0.14342493684636295,56,MAP_PMU,0
10,v,5,1.0807752695489317,56,MAP_PMU,0
11,teta,5,-0.23634882983602737,56,MAP_PMU,0
12,v,6,1.0655132295653498,56,MAP_PMU,0
13,teta,6,-0.21818745998223024,56,MAP_PMU,0
14,v,7,1.0900732809881581,56,MAP_PMU,0
15,teta,7,-0.21818711742352542,56,MAP_PMU,0
16,v,8,1.0619293061799022,56,MAP_PMU,0
17,teta,8,-0.24568337430722387,56,MAP_PMU,0
18,v,9,1.0578957220301106,56,MAP_PMU,0
19,teta,9,-0.24889734108924177,56,MAP_PMU,0
20,v,10,1.065749694716492,56,MAP_PMU,0
21,teta,10,-0.2447607465928393,56,MAP_PMU,0
22,v,11,1.0626045200549503,56,MAP_PMU,0
23,teta,11,-0.25203384655728617,56,MAP_PMU,0
24,v,12,1.059829827233768,56,MAP_PMU,0
25,teta,12,-0.25249804414039956,56,MAP_PMU,0
26,v,13,1.0431411155101238,56,MAP_PMU,0
27,teta,13,-0.26587104178217386,56,MAP_PMU,0
28,v,14,1.0169130444157686,56,MAP_PMU,0
29,teta,14,0.02472697722587728,56,MAP_PMU,0
30,v,15,1.075850299147668,56,MAP_PMU,0
31,teta,15,-0.23874384822474334,56,MAP_PMU,0
0,v,0,1.0601788356063715,57,MAP_PMU,0
1,teta,0,0.00015160376945977665,57,MAP_PMU,0
2,v,1,1.0451173211737321,57,MAP_PMU,0
3,teta,1,-0.08999999334047379,57,MAP_PMU,0
4,v,2,1.0202171033991556,57,MAP_PMU,0
5,teta,2,-0.167764721699806,57,MAP_PMU,0
6,v,3,1.022456460841747,57,MAP_PMU,0
7,teta,3,-0.165080362111415,57,MAP_PMU,0
8,v,4,1.024069334874581,57,MAP_PMU,0
9,teta,4,-0.14344122346987123,57,MAP_PMU,0
10,v,5,1.0808304304620295,57,MAP_PMU,0
11,teta,5,-0.23638421828279715,57,MAP_PMU,0
12,v,6,1.065517647017915,57,MAP_PMU,0
13,teta,6,-0.21817774483400335,57,MAP_PMU,0
14,v,7,1.0900381672557997,57,MAP_PMU,0
15,teta,7,-0.21818106010473545,57,MAP_PMU,0
16,v,8,1.0619336185024384,57,MAP_PMU,0
17,teta,8,-0.2456652532540037,57,MAP_PMU,0
18,v,9,1.0579639718083327,57,MAP_PMU,0
19,teta,9,-0.24883521193675764,57,MAP_PMU,0
20,v,10,1.0658872202512202,57,MAP_PMU,0
21,teta,10,-0.24478230097987402,57,MAP_PMU,0
22,v,11,1.0625147635001424,57,MAP_PMU,0
23,teta,11,-0.2520762562568066,57,MAP_PMU,0
24,v,12,1.0597328916682702,57,MAP_PMU,0
25,teta,12,-0.2525447445234048,57,MAP_PMU,0
26,v,13,1.043049025191005,57,MAP_PMU,0
27,teta,13,-0.2659397934701701,57,MAP_PMU,0
28,v,14,1.016961723700437,57,MAP_PMU,0
29,teta,14,0.02468802046589305,57,MAP_PMU,0
30,v,15,1.0757666021755885,57,MAP_PMU,0
31,teta,15,-0.23891017588651378,57,MAP_PMU,0
0,v,0,1.0604007274944407,58,MAP_PMU,0
1,teta,0,9.339783138589078e-05,58,MAP_PMU,0
2,v,1,1.045320001869192,58,MAP_PMU,0
3,teta,1,-0.09002667180673375,58,MAP_PMU,0
4,v,2,1.0204221047118573,58,MAP_PMU,0
5,teta,2,-0.16777332493127545,58,MAP_PMU,0
6,v,3,1.0226613139702574,58,MAP_PMU,0
7,teta,3,-0.1650883751057285,58,MAP_PMU,0
8,v,4,1.0242736018156737,58,MAP_PMU,0
9,teta,4,-0.14345542537773798,58,MAP_PMU,0
10,v,5,1.0810413290074812,58,MAP_PMU,0
11,teta,5,-0.23631866719378972,58,MAP_PMU,0
12,v,6,1.06579277715511,58,MAP_PMU,0
13,teta,6,-0.21821814558414607,58,MAP_PMU,0
14,v,7,1.090395372218478,58,MAP_PMU,0
15,teta,7,-0.2182143790825388,58,MAP_PMU,0
16,v,8,1.0621938291255744,58,MAP_PMU,0
17,teta,8,-0.24572572061394934,58,MAP_PMU,0
18,v,9,1.0581476489858908,58,MAP_PMU,0
19,teta,9,-0.24899804765872438,58,MAP_PMU,0
20,v,10,1.0659850883783228,58,MAP_PMU,0
21,teta,10,-0.2448546471118059,58,MAP_PMU,0
22,v,11,1.0628863437072298,58,MAP_PMU,0
23,teta,11,-0.25208907581011963,58,MAP_PMU,0
24,v,12,1.0601239860692817,58,MAP_PMU,0
25,teta,12,-0.2525623457493686,58,MAP_PMU,0
26,v,13,1.043432385746685,58,MAP_PMU,0
27,teta,13,-0.26594859611548777,58,MAP_PMU,0
28,v,14,1.017155451800874,58,MAP_PMU,0
29,teta,14,0.024635916078156166,58,MAP_PMU,0
30,v,15,1.0761603120674843,58,MAP_PMU,0
31,teta,15,-0.23884749999190516,58,MAP_PMU,0
0,v,0,1.0598319616394742,59,MAP_PMU,0
1,teta,0,-9.813456352916798e-05,59,MAP_PMU,0
2,v,1,1.0448493589860646,59,MAP_PMU,0
3,teta,1,-0.08997497477327258,59,MAP_PMU,0
4,v,2,1.0199512918792712,59,MAP_PMU,0
5,teta,2,-0.16773013590317717,59,MAP_PMU,0
6,v,3,1.0221917554398687,59,MAP_PMU,0
7,teta,3,-0.16504601421979975,59,MAP_PMU,0
8,v,4,1.0238003807837612,59,MAP_PMU,0
9,teta,4,-0.14343479937767983,59,MAP_PMU,0
10,v,5,1.0805390330523374,59,MAP_PMU,0
11,teta,5,-0.23635261387751574,59,MAP_PMU,0
12,v,6,1.0652660079541918,59,MAP_PMU,0
13,teta,6,-0.21830145582424768,59,MAP_PMU,0
14,v,7,1.0898190818515745,59,MAP_PMU,0
15,teta,7,-0.21829946862888377,59,MAP_PMU,0
16,v,8,1.0616784510707007,59,MAP_PMU,0
17,teta,8,-0.2458736228621809,59,MAP_PMU,0
18,v,9,1.057608573436886,59,MAP_PMU,0
19,teta,9,-0.24903504541942142,59,MAP_PMU,0
20,v,10,1.0655091052231627,59,MAP_PMU,0
21,teta,10,-0.24486709257186776,59,MAP_PMU,0
22,v,11,1.0623785911298145,59,MAP_PMU,0
23,teta,11,-0.2521199962123514,59,MAP_PMU,0
24,v,12,1.0596091938062786,59,MAP_PMU,0
25,teta,12,-0.25259830280933315,59,MAP_PMU,0
26,v,13,1.0429248450120103,59,MAP_PMU,0
27,teta,13,-0.2659849129876386,59,MAP_PMU,0
28,v,14,1.0166954193157476,59,MAP_PMU,0
29,teta,14,0.024728609541160036,59,MAP_PMU,0
30,v,15,1.0756532274145207,59,MAP_PMU,0
31,teta,15,-0.23887166110008531,59,MAP_PMU,0
0,v,0,1.0602404714426623,60,MAP_PMU,0
1,teta,0,-0.00018007474181029617,60,MAP_PMU,0
2,v,1,1.0452791636134304,60,MAP_PMU,0
3,teta,1,-0.09001053736544946,60,MAP_PMU,0
4,v,2,1.020383392429736,60,MAP_PMU,0
5,teta,2,-0.1677211794607798,60,MAP_PMU,0
6,v,3,1.0226226399496448,60,MAP_PMU,0
7,teta,3,-0.16503785932966747,60,MAP_PMU,0
8,v,4,1.0242295709359959,60,MAP_PMU,0
9,teta,4,-0.1434459872530885,60,MAP_PMU,0
10,v,5,1.0810161776682576,60,MAP_PMU,0
11,teta,5,-0.23638711952942973,60,MAP_PMU,0
12,v,6,1.06570205264976,60,MAP_PMU,0
13,teta,6,-0.21817814365332094,60,MAP_PMU,0
14,v,7,1.0901967453837416,60,MAP_PMU,0
15,teta,7,-0.21817833139745255,60,MAP_PMU,0
16,v,8,1.062143883967187,60,MAP_PMU,0
17,teta,8,-0.24568888398598776,60,MAP_PMU,0
18,v,9,1.0580783363528252,60,MAP_PMU,0
19,teta,9,-0.24898213055317198,60,MAP_PMU,0
20,v,10,1.0659237762267526,60,MAP_PMU,0
21,teta,10,-0.24490189895736378,60,MAP_PMU,0
22,v,11,1.0629249234721099,60,MAP_PMU,0
23,teta,11,-0.2520412157798931,60,MAP_PMU,0
24,v,12,1.0601280559668298,60,MAP_PMU,0
25,teta,12,-0.25251322188881853,60,MAP_PMU,0
26,v,13,1.043432097374193,60,MAP_PMU,0
27,teta,13,-0.2658843010907069,60,MAP_PMU,0
28,v,14,1.0171132005980834,60,MAP_PMU,0
29,teta,14,0.02464117350993116,60,MAP_PMU,0
30,v,15,1.0761903440939553,60,MAP_PMU,0
31,teta,15,-0.23882248042545218,60,MAP_PMU,0
0,v,0,1.0601353052424909,61,MAP_PMU,0
1,teta,0,0.00018480360973194745,61,MAP_PMU,0
2,v,1,1.0451015478299397,61,MAP_PMU,0
3,teta,1,-0.090005695206445,61,MAP_PMU,0
4,v,2,1.020199390757801,61,MAP_PMU,0
5,teta,2,-0.16775961678400841,61,MAP_PMU,0
6,v,3,1.02244101398629,61,MAP_PMU,0
7,teta,3,-0.1650741250936047,61,MAP_PMU,0
8,v,4,1.0240558241689754,61,MAP_PMU,0
9,teta,4,-0.1434248856696335,61,MAP_PMU,0
10,v,5,1.0807982451843219,61,MAP_PMU,0
11,teta,5,-0.23632482214792933,61,MAP_PMU,0
12,v,6,1.0655024170869742,61,MAP_PMU,0
13,teta,6,-0.2182931253151083,61,MAP_PMU,0
14,v,7,1.0899922616704953,61,MAP_PMU,0
15,teta,7,-0.21829129136851044,61,MAP_PMU,0
16,v,8,1.061943313447589,61,MAP_PMU,0
17,teta,8,-0.24584618632428934,61,MAP_PMU,0
18,v,9,1.0579165189078443,61,MAP_PMU,0
19,teta,9,-0.24902459680274827,61,MAP_PMU,0
20,v,10,1.0657630961050975,61,MAP_PMU,0
21,teta,10,-0.2448787862372642,61,MAP_PMU,0
22,v,11,1.062775457623128,61,MAP_PMU,0
23,teta,11,-0.2520072347570176,61,MAP_PMU,0
24,v,12,1.059994471898657,61,MAP_PMU,0
25,teta,12,-0.2524798984480178,61,MAP_PMU,0
26,v,13,1.0433045013599251,61,MAP_PMU,0
27,teta,13,-0.26587544118025125,61,MAP_PMU,0
28,v,14,1.0169424589694676,61,MAP_PMU,0
29,teta,14,0.024688617871178906,61,MAP_PMU,0
30,v,15,1.076022683368464,61,MAP_PMU,0
31,teta,15,-0.23881305101065098,61,MAP_PMU,0
0,v,0,1.0599772847140498,62,MAP_PMU,0
1,teta,0,-3.0040297342679108e-05,62,MAP_PMU,0
2,v,1,1.0449850033912425,62,MAP_PMU,0
3,teta,1,-0.09000747721514414,62,MAP_PMU,0
4,v,2,1.0200867927447541,62,MAP_PMU,0
5,teta,2,-0.16774583476821273,62,MAP_PMU,0
6,v,3,1.022327478371196,62,MAP_PMU,0
7,teta,3,-0.16506227701443676,62,MAP_PMU,0
8,v,4,1.0239393430742763,62,MAP_PMU,0
9,teta,4,-0.14344532707515784,62,MAP_PMU,0
10,v,5,1.08068941793577,62,MAP_PMU,0
11,teta,5,-0.23635856800433286,62,MAP_PMU,0
12,v,6,1.0654078327475212,62,MAP_PMU,0
13,teta,6,-0.21818126765531706,62,MAP_PMU,0
14,v,7,1.0899447865931702,62,MAP_PMU,0
15,teta,7,-0.21818082326211063,62,MAP_PMU,0
16,v,8,1.0618260359372667,62,MAP_PMU,0
17,teta,8,-0.2456816869941386,62,MAP_PMU,0
18,v,9,1.0577566375777792,62,MAP_PMU,0
19,teta,9,-0.2489614420867098,62,MAP_PMU,0
20,v,10,1.06559814523539,62,MAP_PMU,0
21,teta,10,-0.24487946666336677,62,MAP_PMU,0
22,v,11,1.0625386060788846,62,MAP_PMU,0
23,teta,11,-0.25206239124335633,62,MAP_PMU,0
24,v,12,1.0597673198179025,62,MAP_PMU,0
25,teta,12,-0.2525413263892323,62,MAP_PMU,0
26,v,13,1.0430763404249745,62,MAP_PMU,0
27,teta,13,-0.265922476595684,62,MAP_PMU,0
28,v,14,1.0168278459190923,62,MAP_PMU,0
29,teta,14,0.02468154976937317,62,MAP_PMU,0
30,v,15,1.0757493645750698,62,MAP_PMU,0
31,teta,15,-0.23883495142453562,62,MAP_PMU,0
0,v,0,1.0601178654998293,63,MAP_PMU,0
1,teta,0,-0.00012890676520913865,63,MAP_PMU,0
2,v,1,1.0451190569845994,63,MAP_PMU,0
3,teta,1,-0.09002303227880355,63,MAP_PMU,0
4,v,2,1.0202183927720714,63,MAP_PMU,0
5,teta,2,-0.16779624897596307,63,MAP_PMU,0
6,v,3,1.0224587052990661,63,MAP_PMU,0
7,teta,3,-0.16511180463864925,63,MAP_PMU,0
8,v,4,1.024061603923441,63,MAP_PMU,0
9,teta,4,-0.14351381854551715,63,MAP_PMU,0
10,v,5,1.080841218794566,63,MAP_PMU,0
11,teta,5,-0.23647414812580117,63,MAP_PMU,0
12,v,6,1.0655284773057043,63,MAP_PMU,0
13,teta,6,-0.2182677100711943,63,MAP_PMU,0
14,v,7,1.0900546545991034,63,MAP_PMU,0
15,teta,7,-0.21826793429918848,63,MAP_PMU,0
16,v,8,1.061948057650628,63,MAP_PMU,0
17,teta,8,-0.2457871691879013,63,MAP_PMU,0
18,v,9,1.0579649460914369,63,MAP_PMU,0
19,teta,9,-0.24902850176700544,63,MAP_PMU,0
20,v,10,1.0658419315198886,63,MAP_PMU,0
21,teta,10,-0.2450101715709059,63,MAP_PMU,0
22,v,11,1.0626889238772175,63,MAP_PMU,0
23,teta,11,-0.2520087058901246,63,MAP_PMU,0
24,v,12,1.0599169399030568,63,MAP_PMU,0
25,teta,12,-0.25245918934936495,63,MAP_PMU,0
26,v,13,1.0432245244485785,63,MAP_PMU,0
27,teta,13,-0.265840167229011,63,MAP_PMU,0
28,v,14,1.0169536518464737,63,MAP_PMU,0
29,teta,14,0.02468447498434581,63,MAP_PMU,0
30,v,15,1.0759603911227213,63,MAP_PMU,0
31,teta,15,-0.23871147810312046,63,MAP_PMU,0
0,v,0,1.0598665576012087,64,MAP_PMU,0
1,teta,0,6.0707548097099086e-05,64,MAP_PMU,0
2,v,1,1.04486476967234,64,MAP_PMU,0
3,teta,1,-0.09006375214377248,64,MAP_PMU,0
4,v,2,1.0199697957338185,64,MAP_PMU,0
5,teta,2,-0.16784341207895398,64,MAP_PMU,0
6,v,3,1.022209531392,64,MAP_PMU,0
7,teta,3,-0.1651592204924852,64,MAP_PMU,0
8,v,4,1.023821670205577,64,MAP_PMU,0
9,teta,4,-0.14353134645467505,64,MAP_PMU,0
10,v,5,1.0805968320609989,64,MAP_PMU,0
11,teta,5,-0.23648609147045874,64,MAP_PMU,0
12,v,6,1.0653025823159756,64,MAP_PMU,0
13,teta,6,-0.21821433420296193,64,MAP_PMU,0
14,v,7,1.089887680275236,64,MAP_PMU,0
15,teta,7,-0.21821146916040213,64,MAP_PMU,0
16,v,8,1.0616958730177186,64,MAP_PMU,0
17,teta,8,-0.24568345730893976,64,MAP_PMU,0
18,v,9,1.0576479683465811,64,MAP_PMU,0
19,teta,9,-0.24897764157259658,64,MAP_PMU,0
20,v,10,1.065476547089614,64,MAP_PMU,0
21,teta,10,-0.24490274393661793,64,MAP_PMU,0
22,v,11,1.0624835454061594,64,MAP_PMU,0
23,teta,11,-0.25193461274514245,64,MAP_PMU,0
24,v,12,1.0597214173125802,64,MAP_PMU,0
25,teta,12,-0.25241771855598033,64,MAP_PMU,0
26,v,13,1.043035672002892,64,MAP_PMU,0
27,teta,13,-0.2657979472188694,64,MAP_PMU,0
28,v,14,1.0167091295434172,64,MAP_PMU,0
29,teta,14,0.024642265084242082,64,MAP_PMU,0
30,v,15,1.0757815992083095,64,MAP_PMU,0
31,teta,15,-0.23858403944028966,64,MAP_PMU,0
0,v,0,1.060089274046646,65,MAP_PMU,0
1,teta,0,0.00011030279102060326,65,MAP_PMU,0
2,v,1,1.0450701049657676,65,MAP_PMU,0
3,teta,1,-0.08996480054310059,65,MAP_PMU,0
4,v,2,1.020167766244819,65,MAP_PMU,0
5,teta,2,-0.16772061471442193,65,MAP_PMU,0
6,v,3,1.0224078273191506,65,MAP_PMU,0
7,teta,3,-0.16503525837189947,65,MAP_PMU,0
8,v,4,1.0240171588967857,65,MAP_PMU,0
9,teta,4,-0.14340159324727203,65,MAP_PMU,0
10,v,5,1.0807669704285607,65,MAP_PMU,0
11,teta,5,-0.23630412507603932,65,MAP_PMU,0
12,v,6,1.065476607830907,65,MAP_PMU,0
13,teta,6,-0.2182183618879813,65,MAP_PMU,0
14,v,7,1.0899915835116032,65,MAP_PMU,0
15,teta,7,-0.21821832174465602,65,MAP_PMU,0
16,v,8,1.061904420802709,65,MAP_PMU,0
17,teta,8,-0.24575181636012944,65,MAP_PMU,0
18,v,9,1.0578964615830504,65,MAP_PMU,0
19,teta,9,-0.24888498032535275,65,MAP_PMU,0
20,v,10,1.0658042989863268,65,MAP_PMU,0
21,teta,10,-0.24472445533292003,65,MAP_PMU,0
22,v,11,1.0625538513195745,65,MAP_PMU,0
23,teta,11,-0.25214668881079716,65,MAP_PMU,0
24,v,12,1.0598012706401676,65,MAP_PMU,0
25,teta,12,-0.25261932265831977,65,MAP_PMU,0
26,v,13,1.043109700673308,65,MAP_PMU,0
27,teta,13,-0.26601020017736987,65,MAP_PMU,0
28,v,14,1.0169207598813117,65,MAP_PMU,0
29,teta,14,0.024725027554868603,65,MAP_PMU,0
30,v,15,1.07582210494477,65,MAP_PMU,0
31,teta,15,-0.23890639002623748,65,MAP_PMU,0
0,v,0,1.0602132066140275,66,MAP_PMU,0
1,teta,0,0.00017920954737864935,66,MAP_PMU,0
2,v,1,1.0452097982264728,66,MAP_PMU,0
3,teta,1,-0.08997864211631974,66,MAP_PMU,0
4,v,2,1.0202999407148217,66,MAP_PMU,0
5,teta,2,-0.16775175423468658,66,MAP_PMU,0
6,v,3,1.0225413778434225,66,MAP_PMU,0
7,teta,3,-0.16506735295731345,66,MAP_PMU,0
8,v,4,1.0241557067191003,66,MAP_PMU,0
9,teta,4,-0.1434178130307502,66,MAP_PMU,0
10,v,5,1.080918920515923,66,MAP_PMU,0
11,teta,5,-0.2363160378839679,66,MAP_PMU,0
12,v,6,1.0656116144805008,66,MAP_PMU,0
13,teta,6,-0.21816363870474847,66,MAP_PMU,0
14,v,7,1.0901564466765647,66,MAP_PMU,0
15,teta,7,-0.21816282925569458,66,MAP_PMU,0
16,v,8,1.0620162710447123,66,MAP_PMU,0
17,teta,8,-0.24565338361410147,66,MAP_PMU,0
18,v,9,1.0580373973238189,66,MAP_PMU,0
19,teta,9,-0.24887832697214382,66,MAP_PMU,0
20,v,10,1.0658886414812356,66,MAP_PMU,0
21,teta,10,-0.24481477530026663,66,MAP_PMU,0
22,v,11,1.0627324908997369,66,MAP_PMU,0
23,teta,11,-0.25187340454642276,66,MAP_PMU,0
24,v,12,1.0599723001305206,66,MAP_PMU,0
25,teta,12,-0.2523555833507573,66,MAP_PMU,0
26,v,13,1.0432718205284655,66,MAP_PMU,0
27,teta,13,-0.2657353808549401,66,MAP_PMU,0
28,v,14,1.0170473722965225,66,MAP_PMU,0
29,teta,14,0.02473891472005463,66,MAP_PMU,0
30,v,15,1.0759273188208993,66,MAP_PMU,0
31,teta,15,-0.2387136485862064,66,MAP_PMU,0
0,v,0,1.059897884746532,67,MAP_PMU,0
1,teta,0,-4.708311703883389e-05,67,MAP_PMU,0
2,v,1,1.0448740436874915,67,MAP_PMU,0
3,teta,1,-0.09002524964655707,67,MAP_PMU,0
4,v,2,1.0199746672005856,67,MAP_PMU,0
5,teta,2,-0.167798916364607,67,MAP_PMU,0
6,v,3,1.0222145309488937,67,MAP_PMU,0
7,teta,3,-0.16511314762505305,67,MAP_PMU,0
8,v,4,1.023819950233459,67,MAP_PMU,0
9,teta,4,-0.14350501423878512,67,MAP_PMU,0
10,v,5,1.0805665641647304,67,MAP_PMU,0
11,teta,5,-0.23646899662478058,67,MAP_PMU,0
12,v,6,1.065304998805313,67,MAP_PMU,0
13,teta,6,-0.21833665159279442,67,MAP_PMU,0
14,v,7,1.0898631978343023,67,MAP_PMU,0
15,teta,7,-0.21833519257069572,67,MAP_PMU,0
16,v,8,1.0617210946861801,67,MAP_PMU,0
17,teta,8,-0.24589147464609906,67,MAP_PMU,0
18,v,9,1.0576831691600215,67,MAP_PMU,0
19,teta,9,-0.2490840780933409,67,MAP_PMU,0
20,v,10,1.065601957952833,67,MAP_PMU,0
21,teta,10,-0.24499335374835896,67,MAP_PMU,0
22,v,11,1.0625351747479612,67,MAP_PMU,0
23,teta,11,-0.25198918990896585,67,MAP_PMU,0
24,v,12,1.059756727440941,67,MAP_PMU,0
25,teta,12,-0.2524671094644753,67,MAP_PMU,0
26,v,13,1.0430688230229357,67,MAP_PMU,0
27,teta,13,-0.26584577887374367,67,MAP_PMU,0
28,v,14,1.016708614611883,67,MAP_PMU,0
29,teta,14,0.024672786949208603,67,MAP_PMU,0
30,v,15,1.0757721731975005,67,MAP_PMU,0
31,teta,15,-0.238697434221041,67,MAP_PMU,0
0,v,0,1.059996492180671,68,MAP_PMU,0
1,teta,0,6.887330927430962e-05,68,MAP_PMU,0
2,v,1,1.0449857117721262,68,MAP_PMU,0
3,teta,1,-0.08993775405450415,68,MAP_PMU,0
4,v,2,1.0200792005725061,68,MAP_PMU,0
5,teta,2,-0.1676966906049937,68,MAP_PMU,0
6,v,3,1.022319762682024,68,MAP_PMU,0
7,teta,3,-0.16501395814931555,68,MAP_PMU,0
8,v,4,1.0239292098585804,68,MAP_PMU,0
9,teta,4,-0.14339764149148895,68,MAP_PMU,0
10,v,5,1.0806615106324322,68,MAP_PMU,0
11,teta,5,-0.23634533003541228,68,MAP_PMU,0
12,v,6,1.065403042739659,68,MAP_PMU,0
13,teta,6,-0.21809839475753845,68,MAP_PMU,0
14,v,7,1.0899886620876666,68,MAP_PMU,0
15,teta,7,-0.21809747078127611,68,MAP_PMU,0
16,v,8,1.0617909463678374,68,MAP_PMU,0
17,teta,8,-0.24558194052438562,68,MAP_PMU,0
18,v,9,1.0577795944737982,68,MAP_PMU,0
19,teta,9,-0.24879062581137606,68,MAP_PMU,0
20,v,10,1.06562575989895,68,MAP_PMU,0
21,teta,10,-0.24469413268223913,68,MAP_PMU,0
22,v,11,1.0625814938261107,68,MAP_PMU,0
23,teta,11,-0.2518091530742695,68,MAP_PMU,0
24,v,12,1.0598097197131418,68,MAP_PMU,0
25,teta,12,-0.2522846852705487,68,MAP_PMU,0
26,v,13,1.0431147378639885,68,MAP_PMU,0
27,teta,13,-0.26566790561369813,68,MAP_PMU,0
28,v,14,1.0168408086416627,68,MAP_PMU,0
29,teta,14,0.024762315619232356,68,MAP_PMU,0
30,v,15,1.075880840761646,68,MAP_PMU,0
31,teta,15,-0.2384729847906736,68,MAP_PMU,0
0,v,0,1.0596299631940014,69,MAP_PMU,0
1,teta,0,-3.2181592854661206e-05,69,MAP_PMU,0
2,v,1,1.0446614786036446,69,MAP_PMU,0
3,teta,1,-0.09002979727895363,69,MAP_PMU,0
4,v,2,1.0197668797730675,69,MAP_PMU,0
5,teta,2,-0.16780547824107844,69,MAP_PMU,0
6,v,3,1.022009207310837,69,MAP_PMU,0
7,teta,3,-0.16511956065918806,69,MAP_PMU,0
8,v,4,1.023614640456267,69,MAP_PMU,0
9,teta,4,-0.1434854331652772,69,MAP_PMU,0
10,v,5,1.0803555654472212,69,MAP_PMU,0
11,teta,5,-0.23639670276214153,69,MAP_PMU,0
12,v,6,1.0651469397608235,69,MAP_PMU,0
13,teta,6,-0.218279699358875,69,MAP_PMU,0
14,v,7,1.0898010793598314,69,MAP_PMU,0
15,teta,7,-0.21827944623009454,69,MAP_PMU,0
16,v,8,1.061527335158529,69,MAP_PMU,0
17,teta,8,-0.2458004504248241,69,MAP_PMU,0
18,v,9,1.0574823369474478,69,MAP_PMU,0
19,teta,9,-0.24909602426479915,69,MAP_PMU,0
20,v,10,1.0653527235946794,69,MAP_PMU,0
21,teta,10,-0.24496914027668662,69,MAP_PMU,0
22,v,11,1.0624398303655196,69,MAP_PMU,0
23,teta,11,-0.251984293101282,69,MAP_PMU,0
24,v,12,1.0596420222686411,69,MAP_PMU,0
25,teta,12,-0.25246750730375145,69,MAP_PMU,0
26,v,13,1.0429492472459945,69,MAP_PMU,0
27,teta,13,-0.265856473331107,69,MAP_PMU,0
28,v,14,1.0164989781396108,69,MAP_PMU,0
29,teta,14,0.024713845933850734,69,MAP_PMU,0
30,v,15,1.0757174682037298,69,MAP_PMU,0
31,teta,15,-0.2387338181588004,69,MAP_PMU,0
0,v,0,1.059968438543643,70,MAP_PMU,0
1,teta,0,0.00011193870854374509,70,MAP_PMU,0
2,v,1,1.0449486560057788,70,MAP_PMU,0
3,teta,1,-0.08997685249570016,70,MAP_PMU,0
4,v,2,1.020044536342437,70,MAP_PMU,0
5,teta,2,-0.16776040731729758,70,MAP_PMU,0
6,v,3,1.0222845536271326,70,MAP_PMU,0
7,teta,3,-0.1650761986794609,70,MAP_PMU,0
8,v,4,1.0238952695560726,70,MAP_PMU,0
9,teta,4,-0.1434478686637332,70,MAP_PMU,0
10,v,5,1.0806473506057774,70,MAP_PMU,0
11,teta,5,-0.23637567873343834,70,MAP_PMU,0
12,v,6,1.0654033783872534,70,MAP_PMU,0
13,teta,6,-0.2181496486411075,70,MAP_PMU,0
14,v,7,1.0900090840309367,70,MAP_PMU,0
15,teta,7,-0.21815158387627298,70,MAP_PMU,0
16,v,8,1.0617972646966511,70,MAP_PMU,0
17,teta,8,-0.24562456482717673,70,MAP_PMU,0
18,v,9,1.0577641850073474,70,MAP_PMU,0
19,teta,9,-0.24886296919352618,70,MAP_PMU,0
20,v,10,1.065706614994018,70,MAP_PMU,0
21,teta,10,-0.2447934793225745,70,MAP_PMU,0
22,v,11,1.0624999923899066,70,MAP_PMU,0
23,teta,11,-0.2520466294908581,70,MAP_PMU,0
24,v,12,1.0597324376652615,70,MAP_PMU,0
25,teta,12,-0.2525189658565379,70,MAP_PMU,0
26,v,13,1.0430452245384838,70,MAP_PMU,0
27,teta,13,-0.265909130206955,70,MAP_PMU,0
28,v,14,1.0167880415346733,70,MAP_PMU,0
29,teta,14,0.02474568344823543,70,MAP_PMU,0
30,v,15,1.075780600160429,70,MAP_PMU,0
31,teta,15,-0.23878158997235105,70,MAP_PMU,0
0,v,0,1.0600252377555597,71,MAP_PMU,0
1,teta,0,5.087308150934897e-05,71,MAP_PMU,0
2,v,1,1.0450524821177596,71,MAP_PMU,0
3,teta,1,-0.08999037809734121,71,MAP_PMU,0
4,v,2,1.0201496782074093,71,MAP_PMU,0
5,teta,2,-0.1677673379841442,71,MAP_PMU,0
6,v,3,1.0223896515911624,71,MAP_PMU,0
7,teta,3,-0.16508150563039392,71,MAP_PMU,0
8,v,4,1.0240019319988465,71,MAP_PMU,0
9,teta,4,-0.1434461714699881,71,MAP_PMU,0
10,v,5,1.080754836514432,71,MAP_PMU,0
11,teta,5,-0.23634209570344228,71,MAP_PMU,0
12,v,6,1.0654918069262014,71,MAP_PMU,0
13,teta,6,-0.2182216527524365,71,MAP_PMU,0
14,v,7,1.0900463844573096,71,MAP_PMU,0
15,teta,7,-0.21821974742508407,71,MAP_PMU,0
16,v,8,1.0619107604769906,71,MAP_PMU,0
17,teta,8,-0.2457334254349798,71,MAP_PMU,0
18,v,9,1.0578079472802497,71,MAP_PMU,0
19,teta,9,-0.24895327140033832,71,MAP_PMU,0
20,v,10,1.065637822069949,71,MAP_PMU,0
21,teta,10,-0.24482764383631048,71,MAP_PMU,0
22,v,11,1.0627215660445037,71,MAP_PMU,0
23,teta,11,-0.2520503477670506,71,MAP_PMU,0
24,v,12,1.0599413371991278,71,MAP_PMU,0
25,teta,12,-0.25252737623218663,71,MAP_PMU,0
26,v,13,1.0432502319355097,71,MAP_PMU,0
27,teta,13,-0.2659098490977073,71,MAP_PMU,0
28,v,14,1.0169026080978836,71,MAP_PMU,0
29,teta,14,0.024705209710163368,71,MAP_PMU,0
30,v,15,1.0760134751237669,71,MAP_PMU,0
31,teta,15,-0.23884410005075365,71,MAP_PMU,0
0,v,0,1.0600713465992155,72,MAP_PMU,0
1,teta,0,1.1912792591722367e-05,72,MAP_PMU,0
2,v,1,1.0450195545109184,72,MAP_PMU,0
3,teta,1,-0.09006130511170342,72,MAP_PMU,0
4,v,2,1.0201250049594408,72,MAP_PMU,0
5,teta,2,-0.16781131491295892,72,MAP_PMU,0
6,v,3,1.0223661274590092,72,MAP_PMU,0
7,teta,3,-0.1651281333692436,72,MAP_PMU,0
8,v,4,1.023971600255965,72,MAP_PMU,0
9,teta,4,-0.14351927885151267,72,MAP_PMU,0
10,v,5,1.0807097068324285,72,MAP_PMU,0
11,teta,5,-0.23640250489166775,72,MAP_PMU,0
12,v,6,1.0654606897706205,72,MAP_PMU,0
13,teta,6,-0.2183000429825355,72,MAP_PMU,0
14,v,7,1.0900422343355496,72,MAP_PMU,0
15,teta,7,-0.21829785526748902,72,MAP_PMU,0
16,v,8,1.0618604726117353,72,MAP_PMU,0
17,teta,8,-0.24582910850477488,72,MAP_PMU,0
18,v,9,1.0578160269546213,72,MAP_PMU,0
19,teta,9,-0.24897742763406566,72,MAP_PMU,0
20,v,10,1.0656425633654611,72,MAP_PMU,0
21,teta,10,-0.24486890063144823,72,MAP_PMU,0
22,v,11,1.0625965361894718,72,MAP_PMU,0
23,teta,11,-0.25210097042806967,72,MAP_PMU,0
24,v,12,1.0598120154197257,72,MAP_PMU,0
25,teta,12,-0.25259640870596084,72,MAP_PMU,0
26,v,13,1.0431270207580927,72,MAP_PMU,0
27,teta,13,-0.26598857251351526,72,MAP_PMU,0
28,v,14,1.016841257313808,72,MAP_PMU,0
29,teta,14,0.024656860184125565,72,MAP_PMU,0
30,v,15,1.0758737466005195,72,MAP_PMU,0
31,teta,15,-0.23875998122057396,72,MAP_PMU,0
0,v,0,1.0601202035997594,73,MAP_PMU,0
1,teta,0,-0.00017484475327793879,73,MAP_PMU,0
2,v,1,1.0451554087539134,73,MAP_PMU,0
3,teta,1,-0.09001506192779153,73,MAP_PMU,0
4,v,2,1.0202512135528716,73,MAP_PMU,0
5,teta,2,-0.1677731795760392,73,MAP_PMU,0
6,v,3,1.0224920445526888,73,MAP_PMU,0
7,teta,3,-0.16508887377241382,73,MAP_PMU,0
8,v,4,1.0241071301405897,73,MAP_PMU,0
9,teta,4,-0.14345048111209963,73,MAP_PMU,0
10,v,5,1.0808742607116646,73,MAP_PMU,0
11,teta,5,-0.2363464835985426,73,MAP_PMU,0
12,v,6,1.0655755471982262,73,MAP_PMU,0
13,teta,6,-0.21833423651106937,73,MAP_PMU,0
14,v,7,1.0901143744306083,73,MAP_PMU,0
15,teta,7,-0.2183336023245946,73,MAP_PMU,0
16,v,8,1.0619980804058682,73,MAP_PMU,0
17,teta,8,-0.24590012013818577,73,MAP_PMU,0
18,v,9,1.057937561523175,73,MAP_PMU,0
19,teta,9,-0.24913692502729085,73,MAP_PMU,0
20,v,10,1.0657840959902563,73,MAP_PMU,0
21,teta,10,-0.2450190053031306,73,MAP_PMU,0
22,v,11,1.062728795182868,73,MAP_PMU,0
23,teta,11,-0.25219876346737985,73,MAP_PMU,0
24,v,12,1.0599546899422905,73,MAP_PMU,0
25,teta,12,-0.2526662561410942,73,MAP_PMU,0
26,v,13,1.0432700219106137,73,MAP_PMU,0
27,teta,13,-0.2660460447277297,73,MAP_PMU,0
28,v,14,1.0169970181292614,73,MAP_PMU,0
29,teta,14,0.02468947681258968,73,MAP_PMU,0
30,v,15,1.0759829221366892,73,MAP_PMU,0
31,teta,15,-0.23897978533985859,73,MAP_PMU,0
0,v,0,1.0599499480101098,74,MAP_PMU,0
1,teta,0,0.000214247318338139,74,MAP_PMU,0
2,v,1,1.0449286400130553,74,MAP_PMU,0
3,teta,1,-0.09000433541851753,74,MAP_PMU,0
4,v,2,1.0200247115846124,74,MAP_PMU,0
5,teta,2,-0.16779090000819508,74,MAP_PMU,0
6,v,3,1.0222656845505529,74,MAP_PMU,0
7,teta,3,-0.165107757993991,74,MAP_PMU,0
8,v,4,1.0238790852224262,74,MAP_PMU,0
9,teta,4,-0.14345323139678942,74,MAP_PMU,0
10,v,5,1.080634151927653,74,MAP_PMU,0
11,teta,5,-0.2363900962991526,74,MAP_PMU,0
12,v,6,1.0653651036268128,74,MAP_PMU,0
13,teta,6,-0.21830030530363245,74,MAP_PMU,0
14,v,7,1.0899610497826189,74,MAP_PMU,0
15,teta,7,-0.21829608330652311,74,MAP_PMU,0
16,v,8,1.0617604267657925,74,MAP_PMU,0
17,teta,8,-0.245841254079638,74,MAP_PMU,0
18,v,9,1.0577362344685073,74,MAP_PMU,0
19,teta,9,-0.2490182804853779,74,MAP_PMU,0
20,v,10,1.0655735727245288,74,MAP_PMU,0
21,teta,10,-0.24492035752703858,74,MAP_PMU,0
22,v,11,1.0626019583686457,74,MAP_PMU,0
23,teta,11,-0.251924708065321,74,MAP_PMU,0
24,v,12,1.0598341837980865,74,MAP_PMU,0
25,teta,12,-0.252405122139046,74,MAP_PMU,0
26,v,13,1.043135256116511,74,MAP_PMU,0
27,teta,13,-0.2657923619374191,74,MAP_PMU,0
28,v,14,1.0167726128582202,74,MAP_PMU,0
29,teta,14,0.02472536456193865,74,MAP_PMU,0
30,v,15,1.0758178543234997,74,MAP_PMU,0
31,teta,15,-0.23866491900901848,74,MAP_PMU,0
0,v,0,1.0600899057246342,75,MAP_PMU,0
1,teta,0,0.00014590152704331178,75,MAP_PMU,0
2,v,1,1.0450653605454363,75,MAP_PMU,0
3,teta,1,-0.08998103280454638,75,MAP_PMU,0
4,v,2,1.0201586841481556,75,MAP_PMU,0
5,teta,2,-0.16775255039420517,75,MAP_PMU,0
6,v,3,1.0223998926738302,75,MAP_PMU,0
7,teta,3,-0.1650665435931127,75,MAP_PMU,0
8,v,4,1.024014410128926,75,MAP_PMU,0
9,teta,4,-0.14341528901329267,75,MAP_PMU,0
10,v,5,1.0807495753319438,75,MAP_PMU,0
11,teta,5,-0.23629505908813397,75,MAP_PMU,0
12,v,6,1.0654900653299777,75,MAP_PMU,0
13,teta,6,-0.21820666935020985,75,MAP_PMU,0
14,v,7,1.0900821046939229,75,MAP_PMU,0
15,teta,7,-0.21820798421871382,75,MAP_PMU,0
16,v,8,1.0618791604201594,75,MAP_PMU,0
17,teta,8,-0.245717460286681,75,MAP_PMU,0
18,v,9,1.0578136139293084,75,MAP_PMU,0
19,teta,9,-0.24893304857966897,75,MAP_PMU,0
20,v,10,1.0656300198395732,75,MAP_PMU,0
21,teta,10,-0.24488917134485588,75,MAP_PMU,0
22,v,11,1.0626983080943386,75,MAP_PMU,0
23,teta,11,-0.25184749924192856,75,MAP_PMU,0
24,v,12,1.0598967036324416,75,MAP_PMU,0
25,teta,12,-0.2523197661430173,75,MAP_PMU,0
26,v,13,1.0432022672966461,75,MAP_PMU,0
27,teta,13,-0.2657036761242932,75,MAP_PMU,0
28,v,14,1.016906306773206,75,MAP_PMU,0
29,teta,14,0.024739980189699706,75,MAP_PMU,0
30,v,15,1.0759636955320628,75,MAP_PMU,0
31,teta,15,-0.2385436923031563,75,MAP_PMU,0
0,v,0,1.0599430071139613,76,MAP_PMU,0
1,teta,0,0.00013544012019959585,76,MAP_PMU,0
2,v,1,1.0449099125269896,76,MAP_PMU,0
3,teta,1,-0.08997986679876631,76,MAP_PMU,0
4,v,2,1.0200079850649595,76,MAP_PMU,0
5,teta,2,-0.16774572994288167,76,MAP_PMU,0
6,v,3,1.0222475308751968,76,MAP_PMU,0
7,teta,3,-0.1650605423890019,76,MAP_PMU,0
8,v,4,1.0238572781213178,76,MAP_PMU,0
9,teta,4,-0.1434312693548461,76,MAP_PMU,0
10,v,5,1.0806047704284307,76,MAP_PMU,0
11,teta,5,-0.23635113940580016,76,MAP_PMU,0
12,v,6,1.065293169234136,76,MAP_PMU,0
13,teta,6,-0.21823227704297954,76,MAP_PMU,0
14,v,7,1.0898224960104568,76,MAP_PMU,0
15,teta,7,-0.21823358164075315,76,MAP_PMU,0
16,v,8,1.061701039443322,76,MAP_PMU,0
17,teta,8,-0.24575994301683424,76,MAP_PMU,0
18,v,9,1.0576549672482358,76,MAP_PMU,0
19,teta,9,-0.24894850042389677,76,MAP_PMU,0
20,v,10,1.0655347510446067,76,MAP_PMU,0
21,teta,10,-0.24481532178125132,76,MAP_PMU,0
22,v,11,1.0624675070269627,76,MAP_PMU,0
23,teta,11,-0.2520494078343609,76,MAP_PMU,0
24,v,12,1.0596991857531726,76,MAP_PMU,0
25,teta,12,-0.2525207075330266,76,MAP_PMU,0
26,v,13,1.0430104437421397,76,MAP_PMU,0
27,teta,13,-0.26590830293625617,76,MAP_PMU,0
28,v,14,1.0167525015876842,76,MAP_PMU,0
29,teta,14,0.02473796467686841,76,MAP_PMU,0
30,v,15,1.0757165500407602,76,MAP_PMU,0
31,teta,15,-0.23878654380611722,76,MAP_PMU,0
0,v,0,1.0602605833585192,77,MAP_PMU,0
1,teta,0,0.00015189386310493074,77,MAP_PMU,0
2,v,1,1.0452499770410806,77,MAP_PMU,0
3,teta,1,-0.09000031963221962,77,MAP_PMU,0
4,v,2,1.0203474928912715,77,MAP_PMU,0
5,teta,2,-0.1677569580204184,77,MAP_PMU,0
6,v,3,1.0225871643189939,77,MAP_PMU,0
7,teta,3,-0.16507373692941935,77,MAP_PMU,0
8,v,4,1.0241975114548434,77,MAP_PMU,0
9,teta,4,-0.14343599135038798,77,MAP_PMU,0
10,v,5,1.0809560730487153,77,MAP_PMU,0
11,teta,5,-0.23637201952113868,77,MAP_PMU,0
12,v,6,1.06567629177358,77,MAP_PMU,0
13,teta,6,-0.21819709134537155,77,MAP_PMU,0
14,v,7,1.0902106442029615,77,MAP_PMU,0
15,teta,7,-0.2181985653917603,77,MAP_PMU,0
16,v,8,1.0620981108120084,77,MAP_PMU,0
17,teta,8,-0.24569847091989871,77,MAP_PMU,0
18,v,9,1.05807397233687,77,MAP_PMU,0
19,teta,9,-0.2488825635853248,77,MAP_PMU,0
20,v,10,1.0659660341744794,77,MAP_PMU,0
21,teta,10,-0.24478984257883854,77,MAP_PMU,0
22,v,11,1.0628510827996962,77,MAP_PMU,0
23,teta,11,-0.2519054395709899,77,MAP_PMU,0
24,v,12,1.0600818301522255,77,MAP_PMU,0
25,teta,12,-0.2523801172827376,77,MAP_PMU,0
26,v,13,1.0433884772173572,77,MAP_PMU,0
27,teta,13,-0.2657644249330408,77,MAP_PMU,0
28,v,14,1.017092890833472,77,MAP_PMU,0
29,teta,14,0.024675554832574748,77,MAP_PMU,0
30,v,15,1.0761448396628952,77,MAP_PMU,0
31,teta,15,-0.23861052704660304,77,MAP_PMU,0
0,v,0,1.0603505115327387,78,MAP_PMU,0
1,teta,0,-0.00016239266920980075,78,MAP_PMU,0
2,v,1,1.0453620939982957,78,MAP_PMU,0
3,teta,1,-0.08996664324220477,78,MAP_PMU,0
4,v,2,1.020453522741399,78,MAP_PMU,0
5,teta,2,-0.16770780343425212,78,MAP_PMU,0
6,v,3,1.0226946560865093,78,MAP_PMU,0
7,teta,3,-0.16502388582876984,78,MAP_PMU,0
8,v,4,1.0243047113418091,78,MAP_PMU,0
9,teta,4,-0.14343093099731513,78,MAP_PMU,0
10,v,5,1.0810707397708408,78,MAP_PMU,0
11,teta,5,-0.23636223319713268,78,MAP_PMU,0
12,v,6,1.065774340787845,78,MAP_PMU,0
13,teta,6,-0.21819545624257453,78,MAP_PMU,0
14,v,7,1.0903579197573319,78,MAP_PMU,0
15,teta,7,-0.2181952640422591,78,MAP_PMU,0
16,v,8,1.0621614787811775,78,MAP_PMU,0
17,teta,8,-0.24572409930103184,78,MAP_PMU,0
18,v,9,1.05814176738565,78,MAP_PMU,0
19,teta,9,-0.2489464416527102,78,MAP_PMU,0
20,v,10,1.06600546295644,78,MAP_PMU,0
21,teta,10,-0.24483818923931408,78,MAP_PMU,0
22,v,11,1.0628767512049768,78,MAP_PMU,0
23,teta,11,-0.25202269291631285,78,MAP_PMU,0
24,v,12,1.0600922738395226,78,MAP_PMU,0
25,teta,12,-0.25249008797709716,78,MAP_PMU,0
26,v,13,1.0434030134472798,78,MAP_PMU,0
27,teta,13,-0.265867251742518,78,MAP_PMU,0
28,v,14,1.0172093579343509,78,MAP_PMU,0
29,teta,14,0.02470972262897917,78,MAP_PMU,0
30,v,15,1.076132746783815,78,MAP_PMU,0
31,teta,15,-0.23875664738376512,78,MAP_PMU,0
0,v,0,1.0601477146325737,79,MAP_PMU,0
1,teta,0,1.439379954321332e-05,79,MAP_PMU,0
2,v,1,1.0451779972726243,79,MAP_PMU,0
3,teta,1,-0.08997406588905327,79,MAP_PMU,0
4,v,2,1.020272981101405,79,MAP_PMU,0
5,teta,2,-0.16773041340516734,79,MAP_PMU,0
6,v,3,1.0225140227038432,79,MAP_PMU,0
7,teta,3,-0.16504719421163241,79,MAP_PMU,0
8,v,4,1.024123073394096,79,MAP_PMU,0
9,teta,4,-0.1434354815250513,79,MAP_PMU,0
10,v,5,1.0808855123638565,79,MAP_PMU,0
11,teta,5,-0.23635341222096998,79,MAP_PMU,0
12,v,6,1.0656007479071903,79,MAP_PMU,0
13,teta,6,-0.21827773663138145,79,MAP_PMU,0
14,v,7,1.0901796214457788,79,MAP_PMU,0
15,teta,7,-0.21827621585122314,79,MAP_PMU,0
16,v,8,1.0619990950792113,79,MAP_PMU,0
17,teta,8,-0.24583709340695356,79,MAP_PMU,0
18,v,9,1.0580225595989485,79,MAP_PMU,0
19,teta,9,-0.24907048725879027,79,MAP_PMU,0
20,v,10,1.0658960860765483,79,MAP_PMU,0
21,teta,10,-0.24493182618200376,79,MAP_PMU,0
22,v,11,1.0626670334622719,79,MAP_PMU,0
23,teta,11,-0.2520695594090327,79,MAP_PMU,0
24,v,12,1.0599089257693377,79,MAP_PMU,0
25,teta,12,-0.2525435317640681,79,MAP_PMU,0
26,v,13,1.0432121397009395,79,MAP_PMU,0
27,teta,13,-0.2659346244914468,79,MAP_PMU,0
28,v,14,1.0170394145378634,79,MAP_PMU,0
29,teta,14,0.024694693709417067,79,MAP_PMU,0
30,v,15,1.0758983863045664,79,MAP_PMU,0
31,teta,15,-0.2388986762157838,79,MAP_PMU,0
0,v,0,1.059852857759516,80,MAP_PMU,0
1,teta,0,-0.00025839057899771484,80,MAP_PMU,0
2,v,1,1.0449329227406883,80,MAP_PMU,0
3,teta,1,-0.08997275167180174,80,MAP_PMU,0
4,v,2,1.0200312575460748,80,MAP_PMU,0
5,teta,2,-0.16773763650381976,80,MAP_PMU,0
6,v,3,1.0222717425755181,80,MAP_PMU,0
7,teta,3,-0.1650514919117333,80,MAP_PMU,0
8,v,4,1.023877508876546,80,MAP_PMU,0
9,teta,4,-0.1434469810319446,80,MAP_PMU,0
10,v,5,1.0806342028548417,80,MAP_PMU,0
11,teta,5,-0.23634655845389252,80,MAP_PMU,0
12,v,6,1.065311888199924,80,MAP_PMU,0
13,teta,6,-0.2182340568600691,80,MAP_PMU,0
14,v,7,1.089831870376288,80,MAP_PMU,0
15,teta,7,-0.2182352321437848,80,MAP_PMU,0
16,v,8,1.0617229398756847,80,MAP_PMU,0
17,teta,8,-0.2457675005981646,80,MAP_PMU,0
18,v,9,1.0577030873437334,80,MAP_PMU,0
19,teta,9,-0.24894590154458926,80,MAP_PMU,0
20,v,10,1.0655657404903907,80,MAP_PMU,0
21,teta,10,-0.244784705586462,80,MAP_PMU,0
22,v,11,1.0625091246620713,80,MAP_PMU,0
23,teta,11,-0.2519467758693326,80,MAP_PMU,0
24,v,12,1.0597341561202702,80,MAP_PMU,0
25,teta,12,-0.2524339347103326,80,MAP_PMU,0
26,v,13,1.0430460212564767,80,MAP_PMU,0
27,teta,13,-0.2658144877307158,80,MAP_PMU,0
28,v,14,1.0167725150361842,80,MAP_PMU,0
29,teta,14,0.02474225005016191,80,MAP_PMU,0
30,v,15,1.075733878574586,80,MAP_PMU,0
31,teta,15,-0.238708401322644,80,MAP_PMU,0
0,v,0,1.0601947434910175,81,MAP_PMU,0
1,teta,0,0.00020204901093099576,81,MAP_PMU,0
2,v,1,1.0451426312540524,81,MAP_PMU,0
3,teta,1,-0.08998376055179091,81,MAP_PMU,0
4,v,2,1.020238456403051,81,MAP_PMU,0
5,teta,2,-0.1677439233264679,81,MAP_PMU,0
6,v,3,1.0224785987651999,81,MAP_PMU,0
7,teta,3,-0.1650601492941939,81,MAP_PMU,0
8,v,4,1.0240978273346748,81,MAP_PMU,0
9,teta,4,-0.14339582075615004,81,MAP_PMU,0
10,v,5,1.080872523102749,81,MAP_PMU,0
11,teta,5,-0.236327488417498,81,MAP_PMU,0
12,v,6,1.065596856196608,81,MAP_PMU,0
13,teta,6,-0.21824961632397216,81,MAP_PMU,0
14,v,7,1.0901802201834943,81,MAP_PMU,0
15,teta,7,-0.21824974953663231,81,MAP_PMU,0
16,v,8,1.0620074970435207,81,MAP_PMU,0
17,teta,8,-0.24578549186143117,81,MAP_PMU,0
18,v,9,1.057948698703367,81,MAP_PMU,0
19,teta,9,-0.24896066481215925,81,MAP_PMU,0
20,v,10,1.0658192930854327,81,MAP_PMU,0
21,teta,10,-0.24481938944921167,81,MAP_PMU,0
22,v,11,1.0627700773537994,81,MAP_PMU,0
23,teta,11,-0.25205798126251716,81,MAP_PMU,0
24,v,12,1.0599849650794553,81,MAP_PMU,0
25,teta,12,-0.2525429158776576,81,MAP_PMU,0
26,v,13,1.0432963542219222,81,MAP_PMU,0
27,teta,13,-0.2659267158397319,81,MAP_PMU,0
28,v,14,1.016976949097362,81,MAP_PMU,0
29,teta,14,0.02471009195835217,81,MAP_PMU,0
30,v,15,1.0760036022786497,81,MAP_PMU,0
31,teta,15,-0.23873573733082,81,MAP_PMU,0
0,v,0,1.060161201406086,82,MAP_PMU,0
1,teta,0,7.305490059359642e-05,82,MAP_PMU,0
2,v,1,1.0451580655218309,82,MAP_PMU,0
3,teta,1,-0.08998341482174105,82,MAP_PMU,0
4,v,2,1.020259924928773,82,MAP_PMU,0
5,teta,2,-0.16771821725154518,82,MAP_PMU,0
6,v,3,1.0224996093942735,82,MAP_PMU,0
7,teta,3,-0.16503276485285212,82,MAP_PMU,0
8,v,4,1.0241129633568513,82,MAP_PMU,0
9,teta,4,-0.14339173854555015,82,MAP_PMU,0
10,v,5,1.0808810879897457,82,MAP_PMU,0
11,teta,5,-0.2363304525715958,82,MAP_PMU,0
12,v,6,1.06559293496134,82,MAP_PMU,0
13,teta,6,-0.21815644241229068,82,MAP_PMU,0
14,v,7,1.0901702500653334,82,MAP_PMU,0
15,teta,7,-0.21815562928674812,82,MAP_PMU,0
16,v,8,1.061991128775498,82,MAP_PMU,0
17,teta,8,-0.24565987434288128,82,MAP_PMU,0
18,v,9,1.058027859204039,82,MAP_PMU,0
19,teta,9,-0.24886549450333975,82,MAP_PMU,0
20,v,10,1.0658771848161175,82,MAP_PMU,0
21,teta,10,-0.24474131087019232,82,MAP_PMU,0
22,v,11,1.062806548033003,82,MAP_PMU,0
23,teta,11,-0.25200628696224775,82,MAP_PMU,0
24,v,12,1.0600153906002288,82,MAP_PMU,0
25,teta,12,-0.2524825250447242,82,MAP_PMU,0
26,v,13,1.0433208979996884,82,MAP_PMU,0
27,teta,13,-0.2658647778329565,82,MAP_PMU,0
28,v,14,1.016996809678776,82,MAP_PMU,0
29,teta,14,0.024689250374408694,82,MAP_PMU,0
30,v,15,1.076078631405663,82,MAP_PMU,0
31,teta,15,-0.23872969540351538,82,MAP_PMU,0
0,v,0,1.060038084888001,83,MAP_PMU,0
1,teta,0,-1.336672178534519e-05,83,MAP_PMU,0
2,v,1,1.0450488805407776,83,MAP_PMU,0
3,teta,1,-0.08999648143700682,83,MAP_PMU,0
4,v,2,1.0201457338602173,83,MAP_PMU,0
5,teta,2,-0.16777653788320865,83,MAP_PMU,0
6,v,3,1.0223864469938584,83,MAP_PMU,0
7,teta,3,-0.16509057146302472,83,MAP_PMU,0
8,v,4,1.0240003132966233,83,MAP_PMU,0
9,teta,4,-0.14344492144195636,83,MAP_PMU,0
10,v,5,1.0807371443751563,83,MAP_PMU,0
11,teta,5,-0.23634703667918788,83,MAP_PMU,0
12,v,6,1.065440336973218,83,MAP_PMU,0
13,teta,6,-0.21822445063809254,83,MAP_PMU,0
14,v,7,1.0899409806570441,83,MAP_PMU,0
15,teta,7,-0.21822359147685638,83,MAP_PMU,0
16,v,8,1.0618673110082921,83,MAP_PMU,0
17,teta,8,-0.24573335402315888,83,MAP_PMU,0
18,v,9,1.0578018315256386,83,MAP_PMU,0
19,teta,9,-0.2489834003148239,83,MAP_PMU,0
20,v,10,1.065652173240246,83,MAP_PMU,0
21,teta,10,-0.24490537648156652,83,MAP_PMU,0
22,v,11,1.062655537685655,83,MAP_PMU,0
23,teta,11,-0.25194644852342285,83,MAP_PMU,0
24,v,12,1.0598704923397158,83,MAP_PMU,0
25,teta,12,-0.2524109125572727,83,MAP_PMU,0
26,v,13,1.043173380794447,83,MAP_PMU,0
27,teta,13,-0.2657918087034386,83,MAP_PMU,0
28,v,14,1.0168924103741022,83,MAP_PMU,0
29,teta,14,0.024723070536376082,83,MAP_PMU,0
30,v,15,1.0759320624189745,83,MAP_PMU,0
31,teta,15,-0.23871769591985817,83,MAP_PMU,0
0,v,0,1.059914362140777,84,MAP_PMU,0
1,teta,0,0.00018888569709653923,84,MAP_PMU,0
2,v,1,1.0449131443072712,84,MAP_PMU,0
3,teta,1,-0.09000318222620138,84,MAP_PMU,0
4,v,2,1.020013197317918,84,MAP_PMU,0
5,teta,2,-0.16775664574027757,84,MAP_PMU,0
6,v,3,1.0222546581914536,84,MAP_PMU,0
7,teta,3,-0.16507221646704007,84,MAP_PMU,0
8,v,4,1.0238705487833704,84,MAP_PMU,0
9,teta,4,-0.14341871487129226,84,MAP_PMU,0
10,v,5,1.0806163094044303,84,MAP_PMU,0
11,teta,5,-0.2363313774168073,84,MAP_PMU,0
12,v,6,1.065363014750987,84,MAP_PMU,0
13,teta,6,-0.2182962895618979,84,MAP_PMU,0
14,v,7,1.089972177907984,84,MAP_PMU,0
15,teta,7,-0.21829565629012715,84,MAP_PMU,0
16,v,8,1.0617562837014567,84,MAP_PMU,0
17,teta,8,-0.24585103469439074,84,MAP_PMU,0
18,v,9,1.0577374407735367,84,MAP_PMU,0
19,teta,9,-0.24909116860717886,84,MAP_PMU,0
20,v,10,1.0656597439755433,84,MAP_PMU,0
21,teta,10,-0.24492281109043418,84,MAP_PMU,0
22,v,11,1.062531787314553,84,MAP_PMU,0
23,teta,11,-0.2520794086195669,84,MAP_PMU,0
24,v,12,1.0597443313217736,84,MAP_PMU,0
25,teta,12,-0.2525599176326568,84,MAP_PMU,0
26,v,13,1.0430427690124802,84,MAP_PMU,0
27,teta,13,-0.2659500177381008,84,MAP_PMU,0
28,v,14,1.0167653241199288,84,MAP_PMU,0
29,teta,14,0.02466848812917869,84,MAP_PMU,0
30,v,15,1.0757875413319642,84,MAP_PMU,0
31,teta,15,-0.2387947560194502,84,MAP_PMU,0
0,v,0,1.0600009547824922,85,MAP_PMU,0
1,teta,0,2.72086824828961e-05,85,MAP_PMU,0
2,v,1,1.044978962149323,85,MAP_PMU,0
3,teta,1,-0.0900202846212859,85,MAP_PMU,0
4,v,2,1.020085231644516,85,MAP_PMU,0
5,teta,2,-0.16776633097228977,85,MAP_PMU,0
6,v,3,1.0223254059376385,85,MAP_PMU,0
7,teta,3,-0.1650808627397327,85,MAP_PMU,0
8,v,4,1.023933212137336,85,MAP_PMU,0
9,teta,4,-0.14345229177848312,85,MAP_PMU,0
10,v,5,1.0806807486459773,85,MAP_PMU,0
11,teta,5,-0.23640804050989764,85,MAP_PMU,0
12,v,6,1.0653959447039552,85,MAP_PMU,0
13,teta,6,-0.21822757152399985,85,MAP_PMU,0
14,v,7,1.0899398998392784,85,MAP_PMU,0
15,teta,7,-0.21822587449100234,85,MAP_PMU,0
16,v,8,1.0618058844698604,85,MAP_PMU,0
17,teta,8,-0.24574359392617195,85,MAP_PMU,0
18,v,9,1.057781580316492,85,MAP_PMU,0
19,teta,9,-0.24892874452144473,85,MAP_PMU,0
20,v,10,1.0656636484686988,85,MAP_PMU,0
21,teta,10,-0.24484530945995406,85,MAP_PMU,0
22,v,11,1.0625170215467699,85,MAP_PMU,0
23,teta,11,-0.2519708761478926,85,MAP_PMU,0
24,v,12,1.0597551885410115,85,MAP_PMU,0
25,teta,12,-0.25245020509260196,85,MAP_PMU,0
26,v,13,1.0430543707234836,85,MAP_PMU,0
27,teta,13,-0.2658410838133284,85,MAP_PMU,0
28,v,14,1.0168226744051236,85,MAP_PMU,0
29,teta,14,0.024660494073953338,85,MAP_PMU,0
30,v,15,1.0758201970116033,85,MAP_PMU,0
31,teta,15,-0.23863100719175748,85,MAP_PMU,0
0,v,0,1.0598400396966499,86,MAP_PMU,0
1,teta,0,4.8266824125457434e-05,86,MAP_PMU,0
2,v,1,1.044841532252114,86,MAP_PMU,0
3,teta,1,-0.09001314411933733,86,MAP_PMU,0
4,v,2,1.0199408979418931,86,MAP_PMU,0
5,teta,2,-0.16779015162596178,86,MAP_PMU,0
6,v,3,1.0221825643871099,86,MAP_PMU,0
7,teta,3,-0.1651052616028202,86,MAP_PMU,0
8,v,4,1.02379774148713,86,MAP_PMU,0
9,teta,4,-0.14345461013454544,86,MAP_PMU,0
10,v,5,1.080552879012203,86,MAP_PMU,0
11,teta,5,-0.23640532340894724,86,MAP_PMU,0
12,v,6,1.0652610176471478,86,MAP_PMU,0
13,teta,6,-0.21825300392743058,86,MAP_PMU,0
14,v,7,1.089823637882076,86,MAP_PMU,0
15,teta,7,-0.21825175026870994,86,MAP_PMU,0
16,v,8,1.0616650269309758,86,MAP_PMU,0
17,teta,8,-0.24576908217915788,86,MAP_PMU,0
18,v,9,1.0576511619762345,86,MAP_PMU,0
19,teta,9,-0.24896537338225802,86,MAP_PMU,0
20,v,10,1.065482633931769,86,MAP_PMU,0
21,teta,10,-0.24490458449472885,86,MAP_PMU,0
22,v,11,1.062344742052053,86,MAP_PMU,0
23,teta,11,-0.2520780667986143,86,MAP_PMU,0
24,v,12,1.0595660963918023,86,MAP_PMU,0
25,teta,12,-0.25257302626836975,86,MAP_PMU,0
26,v,13,1.0428711935272414,86,MAP_PMU,0
27,teta,13,-0.26596510524798694,86,MAP_PMU,0
28,v,14,1.0166728894083108,86,MAP_PMU,0
29,teta,14,0.024743984497171,86,MAP_PMU,0
30,v,15,1.0756241509957627,86,MAP_PMU,0
31,teta,15,-0.23878391048218706,86,MAP_PMU,0
0,v,0,1.060040918542039,87,MAP_PMU,0
1,teta,0,-0.00023472923531866447,87,MAP_PMU,0
2,v,1,1.0450768468000213,87,MAP_PMU,0
3,teta,1,-0.08999940013847652,87,MAP_PMU,0
4,v,2,1.0201766631147642,87,MAP_PMU,0
5,teta,2,-0.16775274897256762,87,MAP_PMU,0
6,v,3,1.0224148490125022,87,MAP_PMU,0
7,teta,3,-0.16506842533498098,87,MAP_PMU,0
8,v,4,1.0240296501652975,87,MAP_PMU,0
9,teta,4,-0.14345600152059165,87,MAP_PMU,0
10,v,5,1.0807958843619552,87,MAP_PMU,0
11,teta,5,-0.23634282494399053,87,MAP_PMU,0
12,v,6,1.0654688760563602,87,MAP_PMU,0
13,teta,6,-0.21827999122596467,87,MAP_PMU,0
14,v,7,1.0899809263956732,87,MAP_PMU,0
15,teta,7,-0.21828124545908087,87,MAP_PMU,0
16,v,8,1.0618919157573408,87,MAP_PMU,0
17,teta,8,-0.2458278659145423,87,MAP_PMU,0
18,v,9,1.0578739584071641,87,MAP_PMU,0
19,teta,9,-0.24894486872139573,87,MAP_PMU,0
20,v,10,1.065744703971586,87,MAP_PMU,0
21,teta,10,-0.24480172495227306,87,MAP_PMU,0
22,v,11,1.0626281564477114,87,MAP_PMU,0
23,teta,11,-0.25200061516425376,87,MAP_PMU,0
24,v,12,1.0598479299973889,87,MAP_PMU,0
25,teta,12,-0.25247494351330185,87,MAP_PMU,0
26,v,13,1.0431610770390587,87,MAP_PMU,0
27,teta,13,-0.2658592804170238,87,MAP_PMU,0
28,v,14,1.0169159063265336,87,MAP_PMU,0
29,teta,14,0.024695435147262853,87,MAP_PMU,0
30,v,15,1.0759112646733606,87,MAP_PMU,0
31,teta,15,-0.23876850429088112,87,MAP_PMU,0
0,v,0,1.0599725158372333,88,MAP_PMU,0
1,teta,0,-1.786210976612347e-05,88,MAP_PMU,0
2,v,1,1.0449765386457799,88,MAP_PMU,0
3,teta,1,-0.0900238081177492,88,MAP_PMU,0
4,v,2,1.0200781527072762,88,MAP_PMU,0
5,teta,2,-0.16778085221591674,88,MAP_PMU,0
6,v,3,1.02231844625742,88,MAP_PMU,0
7,teta,3,-0.1650964703281332,88,MAP_PMU,0
8,v,4,1.0239310268706971,88,MAP_PMU,0
9,teta,4,-0.14345835645118843,88,MAP_PMU,0
10,v,5,1.0806705517119082,88,MAP_PMU,0
11,teta,5,-0.2363894593297564,88,MAP_PMU,0
12,v,6,1.0653759968226464,88,MAP_PMU,0
13,teta,6,-0.21825958573322182,88,MAP_PMU,0
14,v,7,1.0899348700940266,88,MAP_PMU,0
15,teta,7,-0.21825856010638878,88,MAP_PMU,0
16,v,8,1.0617705744998995,88,MAP_PMU,0
17,teta,8,-0.2457844025564846,88,MAP_PMU,0
18,v,9,1.057746105568666,88,MAP_PMU,0
19,teta,9,-0.24893373658628642,88,MAP_PMU,0
20,v,10,1.065651383329768,88,MAP_PMU,0
21,teta,10,-0.24487742749944588,88,MAP_PMU,0
22,v,11,1.0624296013605932,88,MAP_PMU,0
23,teta,11,-0.2521182666450753,88,MAP_PMU,0
24,v,12,1.059652202953657,88,MAP_PMU,0
25,teta,12,-0.2525969328475851,88,MAP_PMU,0
26,v,13,1.042959745691526,88,MAP_PMU,0
27,teta,13,-0.26598417136096975,88,MAP_PMU,0
28,v,14,1.0168163051569126,88,MAP_PMU,0
29,teta,14,0.02466765032959274,88,MAP_PMU,0
30,v,15,1.0757265477955447,88,MAP_PMU,0
31,teta,15,-0.2388784876438571,88,MAP_PMU,0
0,v,0,1.0601315722482216,89,MAP_PMU,0
1,teta,0,0.0001645799753593706,89,MAP_PMU,0
2,v,1,1.0451170966909566,89,MAP_PMU,0
3,teta,1,-0.09001594722948082,89,MAP_PMU,0
4,v,2,1.0202184860537855,89,MAP_PMU,0
5,teta,2,-0.1677744459946573,89,MAP_PMU,0
6,v,3,1.0224577105307298,89,MAP_PMU,0
7,teta,3,-0.16509132352715578,89,MAP_PMU,0
8,v,4,1.024067276013086,89,MAP_PMU,0
9,teta,4,-0.1434562569384354,89,MAP_PMU,0
10,v,5,1.080852591731933,89,MAP_PMU,0
11,teta,5,-0.23639924156049064,89,MAP_PMU,0
12,v,6,1.0655555983579708,89,MAP_PMU,0
13,teta,6,-0.21822122863672724,89,MAP_PMU,0
14,v,7,1.0901432386984125,89,MAP_PMU,0
15,teta,7,-0.21822077799786688,89,MAP_PMU,0
16,v,8,1.0619504625189915,89,MAP_PMU,0
17,teta,8,-0.24572757606451232,89,MAP_PMU,0
18,v,9,1.0578896851762802,89,MAP_PMU,0
19,teta,9,-0.24895730142067304,89,MAP_PMU,0
20,v,10,1.065762007894673,89,MAP_PMU,0
21,teta,10,-0.24491984404093417,89,MAP_PMU,0
22,v,11,1.062690868236109,89,MAP_PMU,0
23,teta,11,-0.2518955486215513,89,MAP_PMU,0
24,v,12,1.059916724937968,89,MAP_PMU,0
25,teta,12,-0.25237627711886107,89,MAP_PMU,0
26,v,13,1.0432189002271726,89,MAP_PMU,0
27,teta,13,-0.26575992987645186,89,MAP_PMU,0
28,v,14,1.0169652279404182,89,MAP_PMU,0
29,teta,14,0.024658174979617982,89,MAP_PMU,0
30,v,15,1.0759132207810564,89,MAP_PMU,0
31,teta,15,-0.23869271466950182,89,MAP_PMU,0
0,v,0,1.0599514163551866,90,MAP_PMU,0
1,teta,0,0.00014842791173521523,90,MAP_PMU,0
2,v,1,1.0448864746615196,90,MAP_PMU,0
3,teta,1,-0.09000154749790464,90,MAP_PMU,0
4,v,2,1.0199846698683719,90,MAP_PMU,0
5,teta,2,-0.16779172537581108,90,MAP_PMU,0
6,v,3,1.022223937745719,90,MAP_PMU,0
7,teta,3,-0.16510633950532344,90,MAP_PMU,0
8,v,4,1.023836836501831,90,MAP_PMU,0
9,teta,4,-0.14346462253260767,90,MAP_PMU,0
10,v,5,1.080595569219947,90,MAP_PMU,0
11,teta,5,-0.236447327629071,90,MAP_PMU,0
12,v,6,1.0652929508938844,90,MAP_PMU,0
13,teta,6,-0.218342493549896,90,MAP_PMU,0
14,v,7,1.0898159441749737,90,MAP_PMU,0
15,teta,7,-0.21834416871973672,90,MAP_PMU,0
16,v,8,1.0617201626395987,90,MAP_PMU,0
17,teta,8,-0.24590212152399138,90,MAP_PMU,0
18,v,9,1.0576579385216682,90,MAP_PMU,0
19,teta,9,-0.2490172043347037,90,MAP_PMU,0
20,v,10,1.0655121431759784,90,MAP_PMU,0
21,teta,10,-0.24486001483584632,90,MAP_PMU,0
22,v,11,1.0624663542446804,90,MAP_PMU,0
23,teta,11,-0.2520333606289595,90,MAP_PMU,0
24,v,12,1.0596973991536351,90,MAP_PMU,0
25,teta,12,-0.25250670547005677,90,MAP_PMU,0
26,v,13,1.0430105360488455,90,MAP_PMU,0
27,teta,13,-0.26589287932828676,90,MAP_PMU,0
28,v,14,1.0167360207822658,90,MAP_PMU,0
29,teta,14,0.024717443268336515,90,MAP_PMU,0
30,v,15,1.0757793103417927,90,MAP_PMU,0
31,teta,15,-0.23867045581813545,90,MAP_PMU,0
0,v,0,1.0599032142747684,91,MAP_PMU,0
1,teta,0,-0.00014653821907799903,91,MAP_PMU,0
2,v,1,1.0449128870570181,91,MAP_PMU,0
3,teta,1,-0.09001944320787322,91,MAP_PMU,0
4,v,2,1.020017922971385,91,MAP_PMU,0
5,teta,2,-0.167770514948606,91,MAP_PMU,0
6,v,3,1.022258415569669,91,MAP_PMU,0
7,teta,3,-0.16508772543515268,91,MAP_PMU,0
8,v,4,1.0238639823604807,91,MAP_PMU,0
9,teta,4,-0.14348709020831193,91,MAP_PMU,0
10,v,5,1.0806181135370283,91,MAP_PMU,0
11,teta,5,-0.23642233953421593,91,MAP_PMU,0
12,v,6,1.0653587946117733,91,MAP_PMU,0
13,teta,6,-0.2182371309994727,91,MAP_PMU,0
14,v,7,1.0899556221217952,91,MAP_PMU,0
15,teta,7,-0.2182400402076672,91,MAP_PMU,0
16,v,8,1.0617521358760276,91,MAP_PMU,0
17,teta,8,-0.2457511965523345,91,MAP_PMU,0
18,v,9,1.0577436755906688,91,MAP_PMU,0
19,teta,9,-0.24890553113883893,91,MAP_PMU,0
20,v,10,1.0656033781972196,91,MAP_PMU,0
21,teta,10,-0.2447664750418367,91,MAP_PMU,0
22,v,11,1.0624693027404353,91,MAP_PMU,0
23,teta,11,-0.25212868891440526,91,MAP_PMU,0
24,v,12,1.0597054070368122,91,MAP_PMU,0
25,teta,12,-0.25262248630526113,91,MAP_PMU,0
26,v,13,1.0430182449776064,91,MAP_PMU,0
27,teta,13,-0.2660030533262617,91,MAP_PMU,0
28,v,14,1.016748255505787,91,MAP_PMU,0
29,teta,14,0.024684152634359417,91,MAP_PMU,0
30,v,15,1.0757033406271512,91,MAP_PMU,0
31,teta,15,-0.2388215873641926,91,MAP_PMU,0
0,v,0,1.060153353037713,92,MAP_PMU,0
1,teta,0,9.734121380219566e-05,92,MAP_PMU,0
2,v,1,1.0451282335989478,92,MAP_PMU,0
3,teta,1,-0.09000629170723995,92,MAP_PMU,0
4,v,2,1.0202257012250975,92,MAP_PMU,0
5,teta,2,-0.16778955537270035,92,MAP_PMU,0
6,v,3,1.0224642527372718,92,MAP_PMU,0
7,teta,3,-0.16510285733265326,92,MAP_PMU,0
8,v,4,1.024075449789392,92,MAP_PMU,0
9,teta,4,-0.14346498573969382,92,MAP_PMU,0
10,v,5,1.0808466446967073,92,MAP_PMU,0
11,teta,5,-0.23641245391646462,92,MAP_PMU,0
12,v,6,1.0655712071010806,92,MAP_PMU,0
13,teta,6,-0.21832825309856504,92,MAP_PMU,0
14,v,7,1.0901720229727343,92,MAP_PMU,0
15,teta,7,-0.21832499760394503,92,MAP_PMU,0
16,v,8,1.061966818002042,92,MAP_PMU,0
17,teta,8,-0.2458855538558422,92,MAP_PMU,0
18,v,9,1.0579317842681695,92,MAP_PMU,0
19,teta,9,-0.24905813537656638,92,MAP_PMU,0
20,v,10,1.065800784598719,92,MAP_PMU,0
21,teta,10,-0.24489942245449528,92,MAP_PMU,0
22,v,11,1.0629036355486954,92,MAP_PMU,0
23,teta,11,-0.2519246153627585,92,MAP_PMU,0
24,v,12,1.0601211819660006,92,MAP_PMU,0
25,teta,12,-0.2524112331380532,92,MAP_PMU,0
26,v,13,1.0434261583941216,92,MAP_PMU,0
27,teta,13,-0.26578923417729716,92,MAP_PMU,0
28,v,14,1.016964309783729,92,MAP_PMU,0
29,teta,14,0.02470748601109503,92,MAP_PMU,0
30,v,15,1.0761405746211818,92,MAP_PMU,0
31,teta,15,-0.2386347553834824,92,MAP_PMU,0
0,v,0,1.0600770302847802,93,MAP_PMU,0
1,teta,0,1.3214106130307136e-05,93,MAP_PMU,0
2,v,1,1.0450882310358076,93,MAP_PMU,0
3,teta,1,-0.09001321791926123,93,MAP_PMU,0
4,v,2,1.020180465634573,93,MAP_PMU,0
5,teta,2,-0.16781884379402418,93,MAP_PMU,0
6,v,3,1.0224198950748462,93,MAP_PMU,0
7,teta,3,-0.1651343823933805,93,MAP_PMU,0
8,v,4,1.0240356255618845,93,MAP_PMU,0
9,teta,4,-0.14346575277670487,93,MAP_PMU,0
10,v,5,1.0807780675221825,93,MAP_PMU,0
11,teta,5,-0.23639845856442201,93,MAP_PMU,0
12,v,6,1.0655233622383815,93,MAP_PMU,0
13,teta,6,-0.21824489816953704,93,MAP_PMU,0
14,v,7,1.0901056811613359,93,MAP_PMU,0
15,teta,7,-0.2182460300752984,93,MAP_PMU,0
16,v,8,1.0619239927681998,93,MAP_PMU,0
17,teta,8,-0.24573987109016687,93,MAP_PMU,0
18,v,9,1.0579615611594655,93,MAP_PMU,0
19,teta,9,-0.2489164665652971,93,MAP_PMU,0
20,v,10,1.065815774370425,93,MAP_PMU,0
21,teta,10,-0.24484829634394992,93,MAP_PMU,0
22,v,11,1.062723122419039,93,MAP_PMU,0
23,teta,11,-0.2519634409165791,93,MAP_PMU,0
24,v,12,1.0599456273533336,93,MAP_PMU,0
25,teta,12,-0.2524539924102068,93,MAP_PMU,0
26,v,13,1.0432583487632832,93,MAP_PMU,0
27,teta,13,-0.265842258125687,93,MAP_PMU,0
28,v,14,1.0169385193907654,93,MAP_PMU,0
29,teta,14,0.024689090391590354,93,MAP_PMU,0
30,v,15,1.0760256925839136,93,MAP_PMU,0
31,teta,15,-0.23869469552840886,93,MAP_PMU,0
0,v,0,1.0596799593814596,94,MAP_PMU,0
1,teta,0,-0.0002243885447581283,94,MAP_PMU,0
2,v,1,1.04473449459988,94,MAP_PMU,0
3,teta,1,-0.08997239701005347,94,MAP_PMU,0
4,v,2,1.0198368318229347,94,MAP_PMU,0
5,teta,2,-0.1677237135857079,94,MAP_PMU,0
6,v,3,1.0220785219092072,94,MAP_PMU,0
7,teta,3,-0.16503944412772226,94,MAP_PMU,0
8,v,4,1.023676067605744,94,MAP_PMU,0
9,teta,4,-0.14346553821934194,94,MAP_PMU,0
10,v,5,1.0803845291223382,94,MAP_PMU,0
11,teta,5,-0.2364006309705284,94,MAP_PMU,0
12,v,6,1.0651705692773468,94,MAP_PMU,0
13,teta,6,-0.2181458550474577,94,MAP_PMU,0
14,v,7,1.0897566177507783,94,MAP_PMU,0
15,teta,7,-0.21814513668841357,94,MAP_PMU,0
16,v,8,1.061566306849152,94,MAP_PMU,0
17,teta,8,-0.24564000775966793,94,MAP_PMU,0
18,v,9,1.0575119908764483,94,MAP_PMU,0
19,teta,9,-0.24895976796858169,94,MAP_PMU,0
20,v,10,1.0653729170328279,94,MAP_PMU,0
21,teta,10,-0.244857728479112,94,MAP_PMU,0
22,v,11,1.0622704857657939,94,MAP_PMU,0
23,teta,11,-0.25197210124065383,94,MAP_PMU,0
24,v,12,1.0595036341754138,94,MAP_PMU,0
25,teta,12,-0.25244768629661646,94,MAP_PMU,0
26,v,13,1.0428106404920043,94,MAP_PMU,0
27,teta,13,-0.26584246833447756,94,MAP_PMU,0
28,v,14,1.0165766884724174,94,MAP_PMU,0
29,teta,14,0.02474474842189958,94,MAP_PMU,0
30,v,15,1.0755415199711036,94,MAP_PMU,0
31,teta,15,-0.23864338346046382,94,MAP_PMU,0
0,v,0,1.0601484471846696,95,MAP_PMU,0
1,teta,0,-0.00012017563073462668,95,MAP_PMU,0
2,v,1,1.0451956208575826,95,MAP_PMU,0
3,teta,1,-0.09003662317934569,95,MAP_PMU,0
4,v,2,1.020295895782282,95,MAP_PMU,0
5,teta,2,-0.16779544311391678,95,MAP_PMU,0
6,v,3,1.0225368849045338,95,MAP_PMU,0
7,teta,3,-0.16510934129595495,95,MAP_PMU,0
8,v,4,1.0241445290264324,95,MAP_PMU,0
9,teta,4,-0.14348542641562048,95,MAP_PMU,0
10,v,5,1.0809306457819876,95,MAP_PMU,0
11,teta,5,-0.23638365108208081,95,MAP_PMU,0
12,v,6,1.065596625396889,95,MAP_PMU,0
13,teta,6,-0.21826423834491987,95,MAP_PMU,0
14,v,7,1.090108167636989,95,MAP_PMU,0
15,teta,7,-0.2182657125655394,95,MAP_PMU,0
16,v,8,1.0620191732057134,95,MAP_PMU,0
17,teta,8,-0.24578262773500864,95,MAP_PMU,0
18,v,9,1.0580144767947153,95,MAP_PMU,0
19,teta,9,-0.2489374009789963,95,MAP_PMU,0
20,v,10,1.0659158404174833,95,MAP_PMU,0
21,teta,10,-0.24482536819582976,95,MAP_PMU,0
22,v,11,1.062684849845535,95,MAP_PMU,0
23,teta,11,-0.2521239788699513,95,MAP_PMU,0
24,v,12,1.0599037308347454,95,MAP_PMU,0
25,teta,12,-0.2526030858420373,95,MAP_PMU,0
26,v,13,1.0432129444072762,95,MAP_PMU,0
27,teta,13,-0.2659809179624334,95,MAP_PMU,0
28,v,14,1.0170225820092782,95,MAP_PMU,0
29,teta,14,0.0246652725403232,95,MAP_PMU,0
30,v,15,1.0759617538786386,95,MAP_PMU,0
31,teta,15,-0.238873505207572,95,MAP_PMU,0
0,v,0,1.0600666168663266,96,MAP_PMU,0
1,teta,0,6.890344186018402e-05,96,MAP_PMU,0
2,v,1,1.0450407588252226,96,MAP_PMU,0
3,teta,1,-0.08999266807053376,96,MAP_PMU,0
4,v,2,1.0201421905589916,96,MAP_PMU,0
5,teta,2,-0.16773120526351884,96,MAP_PMU,0
6,v,3,1.022381967896344,96,MAP_PMU,0
7,teta,3,-0.16504716048545132,96,MAP_PMU,0
8,v,4,1.023994416416601,96,MAP_PMU,0
9,teta,4,-0.1434248069461027,96,MAP_PMU,0
10,v,5,1.080746452680387,96,MAP_PMU,0
11,teta,5,-0.23631820510472892,96,MAP_PMU,0
12,v,6,1.0655268190132638,96,MAP_PMU,0
13,teta,6,-0.2182418979892721,96,MAP_PMU,0
14,v,7,1.0901728041484575,96,MAP_PMU,0
15,teta,7,-0.2182423509009124,96,MAP_PMU,0
16,v,8,1.0619136038531853,96,MAP_PMU,0
17,teta,8,-0.24578011980323172,96,MAP_PMU,0
18,v,9,1.0578490989041687,96,MAP_PMU,0
19,teta,9,-0.2489643992167907,96,MAP_PMU,0
20,v,10,1.0657307395865374,96,MAP_PMU,0
21,teta,10,-0.24482090063655848,96,MAP_PMU,0
22,v,11,1.0626260770250289,96,MAP_PMU,0
23,teta,11,-0.2521159423360013,96,MAP_PMU,0
24,v,12,1.0598369350627446,96,MAP_PMU,0
25,teta,12,-0.2525935877617527,96,MAP_PMU,0
26,v,13,1.043150766974799,96,MAP_PMU,0
27,teta,13,-0.26597692426752984,96,MAP_PMU,0
28,v,14,1.016884706873942,96,MAP_PMU,0
29,teta,14,0.024685466923330256,96,MAP_PMU,0
30,v,15,1.0759108403439697,96,MAP_PMU,0
31,teta,15,-0.23883739575890092,96,MAP_PMU,0
0,v,0,1.0601559373176463,97,MAP_PMU,0
1,teta,0,0.00016522718000272886,97,MAP_PMU,0
2,v,1,1.0451139051865033,97,MAP_PMU,0
3,teta,1,-0.09001612100213617,97,MAP_PMU,0
4,v,2,1.0202136032902218,97,MAP_PMU,0
5,teta,2,-0.16777840809803798,97,MAP_PMU,0
6,v,3,1.0224528501376133,97,MAP_PMU,0
7,teta,3,-0.16509356832815322,97,MAP_PMU,0
8,v,4,1.024066177700572,97,MAP_PMU,0
9,teta,4,-0.14344432113461378,97,MAP_PMU,0
10,v,5,1.0808273013721965,97,MAP_PMU,0
11,teta,5,-0.23630752456835988,97,MAP_PMU,0
12,v,6,1.0655561898472363,97,MAP_PMU,0
13,teta,6,-0.21819473760429645,97,MAP_PMU,0
14,v,7,1.0901443306634875,97,MAP_PMU,0
15,teta,7,-0.21819619155568148,97,MAP_PMU,0
16,v,8,1.0619523474072403,97,MAP_PMU,0
17,teta,8,-0.2456848171877121,97,MAP_PMU,0
18,v,9,1.057898171287062,97,MAP_PMU,0
19,teta,9,-0.2488950342969189,97,MAP_PMU,0
20,v,10,1.0657966987351362,97,MAP_PMU,0
21,teta,10,-0.24474184802041482,97,MAP_PMU,0
22,v,11,1.0626678537997825,97,MAP_PMU,0
23,teta,11,-0.25204422536767385,97,MAP_PMU,0
24,v,12,1.059900697999333,97,MAP_PMU,0
25,teta,12,-0.25252103253839475,97,MAP_PMU,0
26,v,13,1.043210793211539,97,MAP_PMU,0
27,teta,13,-0.2659060656203711,97,MAP_PMU,0
28,v,14,1.016938164187164,97,MAP_PMU,0
29,teta,14,0.024702336575458464,97,MAP_PMU,0
30,v,15,1.0759678448675412,97,MAP_PMU,0
31,teta,15,-0.238714661958097,97,MAP_PMU,0
0,v,0,1.0597941622800937,98,MAP_PMU,0
1,teta,0,-0.00012810778095184038,98,MAP_PMU,0
2,v,1,1.0447891713669457,98,MAP_PMU,0
3,teta,1,-0.09003399578307937,98,MAP_PMU,0
4,v,2,1.0198982418049527,98,MAP_PMU,0
5,teta,2,-0.16777204015743172,98,MAP_PMU,0
6,v,3,1.0221375191046447,98,MAP_PMU,0
7,teta,3,-0.16508679527931688,98,MAP_PMU,0
8,v,4,1.0237428202246193,98,MAP_PMU,0
9,teta,4,-0.14347587779779422,98,MAP_PMU,0
10,v,5,1.0804761159439,98,MAP_PMU,0
11,teta,5,-0.23643185489991722,98,MAP_PMU,0
12,v,6,1.0652201341640055,98,MAP_PMU,0
13,teta,6,-0.21825313803015833,98,MAP_PMU,0
14,v,7,1.08978850464994,98,MAP_PMU,0
15,teta,7,-0.21825122365499358,98,MAP_PMU,0
16,v,8,1.0616240144027276,98,MAP_PMU,0
17,teta,8,-0.24577914264072673,98,MAP_PMU,0
18,v,9,1.0575991524439494,98,MAP_PMU,0
19,teta,9,-0.24899323273615173,98,MAP_PMU,0
20,v,10,1.0654617851447772,98,MAP_PMU,0
21,teta,10,-0.2448483370138404,98,MAP_PMU,0
22,v,11,1.0624049066905632,98,MAP_PMU,0
23,teta,11,-0.25198565062691186,98,MAP_PMU,0
24,v,12,1.0596017862637388,98,MAP_PMU,0
25,teta,12,-0.25247983988863626,98,MAP_PMU,0
26,v,13,1.04290723086188,98,MAP_PMU,0
27,teta,13,-0.2658683499891011,98,MAP_PMU,0
28,v,14,1.0166307773897536,98,MAP_PMU,0
29,teta,14,0.024654857887526332,98,MAP_PMU,0
30,v,15,1.0756738124402734,98,MAP_PMU,0
31,teta,15,-0.23868522909294013,98,MAP_PMU,0
0,v,0,1.0600570009568264,99,MAP_PMU,0
1,teta,0,-9.929987002817307e-05,99,MAP_PMU,0
2,v,1,1.045056792153435,99,MAP_PMU,0
3,teta,1,-0.09003000763376748,99,MAP_PMU,0
4,v,2,1.0201527614687824,99,MAP_PMU,0
5,teta,2,-0.1677973849213544,99,MAP_PMU,0
6,v,3,1.0223950242821984,99,MAP_PMU,0
7,teta,3,-0.16511402066427366,99,MAP_PMU,0
8,v,4,1.0240072627040167,99,MAP_PMU,0
9,teta,4,-0.14349349469801898,99,MAP_PMU,0
10,v,5,1.0807526472558784,99,MAP_PMU,0
11,teta,5,-0.2363987703228121,99,MAP_PMU,0
12,v,6,1.0654825040285216,99,MAP_PMU,0
13,teta,6,-0.21821948541288594,99,MAP_PMU,0
14,v,7,1.0900456849343614,99,MAP_PMU,0
15,teta,7,-0.21822299293489822,99,MAP_PMU,0
16,v,8,1.0618866799624669,99,MAP_PMU,0
17,teta,8,-0.24571061182123627,99,MAP_PMU,0
18,v,9,1.0578767206686903,99,MAP_PMU,0
19,teta,9,-0.24888780515157424,99,MAP_PMU,0
20,v,10,1.0657840249567319,99,MAP_PMU,0
21,teta,10,-0.24470319916408556,99,MAP_PMU,0
22,v,11,1.0625610270223949,99,MAP_PMU,0
23,teta,11,-0.25203503127262644,99,MAP_PMU,0
24,v,12,1.0597754590769817,99,MAP_PMU,0
25,teta,12,-0.2525163134704351,99,MAP_PMU,0
26,v,13,1.043085767777213,99,MAP_PMU,0
27,teta,13,-0.26590356198631654,99,MAP_PMU,0
28,v,14,1.0168960449166016,99,MAP_PMU,0
29,teta,14,0.02468133544329323,99,MAP_PMU,0
30,v,15,1.075871307238006,99,MAP_PMU,0
31,teta,15,-0.2386617811025329,99,MAP_PMU,0
